cycle_idx,source_file,p0_r,p3_r,p7_r,amplitude,duration_s,validated,tilt_deg,q_error_deg
0,DATA_20260316_062951.BIN,2.1670,9.6654,4.2201,9.6654,8.3270,1,7.540,10.159
1,DATA_20260316_062951.BIN,0.5616,8.2129,0.8660,8.2129,7.7330,1,8.797,9.245
2,DATA_20260316_062951.BIN,0.8660,7.3405,4.0992,7.3405,5.2360,1,7.974,8.847
3,DATA_20260316_062951.BIN,4.0992,18.4126,8.1730,18.4126,4.4550,1,11.069,11.148
4,DATA_20260316_062951.BIN,8.1730,18.3788,8.4828,18.3788,6.4790,1,10.443,11.122
5,DATA_20260316_062951.BIN,8.4828,18.2105,4.0038,18.2105,9.8560,1,13.985,14.714
6,DATA_20260316_062951.BIN,4.0038,14.4579,7.2757,14.4579,3.5750,1,3.997,5.620
7,DATA_20260316_062951.BIN,7.2757,11.8349,6.8754,11.8349,3.0250,1,6.033,9.637
8,DATA_20260316_062951.BIN,9.7576,16.9021,10.9572,16.9021,3.4430,1,12.221,12.262
9,DATA_20260316_062951.BIN,7.5506,16.9268,5.0753,16.9268,7.0840,1,9.883,9.929
10,DATA_20260316_062951.BIN,5.0753,20.0098,7.0483,20.0098,6.4460,1,2.814,2.871
11,DATA_20260316_062951.BIN,4.8422,20.5683,14.3898,20.5683,6.3140,1,6.682,7.200
12,DATA_20260316_062951.BIN,3.1568,8.7953,3.7462,8.7953,1.4080,1,2.119,3.398
13,DATA_20260316_062951.BIN,6.1417,10.4815,0.1681,10.4815,3.8280,1,7.867,8.014
14,DATA_20260316_062951.BIN,0.6786,9.9644,4.8227,9.9644,5.2910,1,3.178,5.319
15,DATA_20260316_062951.BIN,4.8227,11.0761,1.8043,11.0761,4.9830,1,4.798,6.643
16,DATA_20260316_062951.BIN,1.3390,7.4059,2.5766,7.4059,7.7660,1,3.112,3.120
17,DATA_20260316_062951.BIN,2.5766,5.5237,2.6014,5.5237,2.1890,1,3.218,5.295
18,DATA_20260316_062951.BIN,2.1614,6.2037,2.4384,6.2037,5.1700,1,1.861,2.369
19,DATA_20260316_062951.BIN,7.4263,11.2681,4.8818,11.2681,3.8390,1,7.449,7.463
20,DATA_20260316_062951.BIN,4.8818,11.3238,0.2357,11.3238,7.7660,1,2.623,5.344
21,DATA_20260316_062951.BIN,0.2357,16.1601,1.8282,16.1601,8.9540,1,2.079,5.958
22,DATA_20260316_062951.BIN,3.9050,10.8111,0.7208,10.8111,4.3780,1,2.694,3.490
23,DATA_20260316_062951.BIN,0.9088,4.9924,0.9293,4.9924,3.8830,1,1.941,1.994
24,DATA_20260316_062951.BIN,0.9293,4.8189,1.2326,4.8189,3.1900,1,2.132,2.228
25,DATA_20260316_062951.BIN,1.2326,4.7299,0.8197,4.7299,9.8780,1,3.886,4.284
26,DATA_20260316_062951.BIN,0.8197,4.7739,0.9153,4.7739,3.6520,1,1.332,1.371
27,DATA_20260316_062951.BIN,0.3783,7.0451,0.6267,7.0451,9.0420,1,1.832,5.009
28,DATA_20260316_062951.BIN,0.6906,6.8389,1.6122,6.8389,4.3450,1,0.868,1.764
29,DATA_20260316_062951.BIN,1.6122,5.0607,1.4412,5.0607,7.7110,1,1.952,4.449
30,DATA_20260316_062951.BIN,1.7732,7.0778,0.3207,7.0778,5.9070,1,0.848,1.989
31,DATA_20260316_062951.BIN,1.3636,5.1007,0.4940,5.1007,6.7650,1,2.990,2.990
32,DATA_20260316_062951.BIN,0.4940,6.9161,1.1267,6.9161,7.9090,1,0.673,1.235
33,DATA_20260316_062951.BIN,3.1073,6.7719,0.3362,6.7719,4.3450,1,3.741,3.946
34,DATA_20260316_062951.BIN,0.9699,6.5859,2.2482,6.5859,9.3720,1,2.136,2.562
35,DATA_20260316_062951.BIN,1.4643,12.7141,4.1152,12.7141,5.9070,1,0.930,4.074
36,DATA_20260316_062951.BIN,4.1152,9.1690,4.9366,9.1690,7.2050,1,4.256,6.365
37,DATA_20260316_062951.BIN,3.9179,9.1340,5.8062,9.1340,4.6860,1,4.404,7.281
38,DATA_20260316_062951.BIN,0.2593,10.3629,4.6283,10.3629,3.9380,1,1.211,2.203
39,DATA_20260316_062951.BIN,4.6283,9.4661,3.4581,9.4661,5.7310,1,5.553,5.746
40,DATA_20260316_062951.BIN,6.2060,12.6728,2.7329,12.6728,6.6990,1,5.724,8.798
41,DATA_20260316_062951.BIN,2.7329,7.2399,1.7043,7.2399,5.4890,1,3.617,3.617
42,DATA_20260316_062951.BIN,1.7043,9.4016,1.7865,9.4016,5.4670,1,1.012,2.297
43,DATA_20260316_062951.BIN,1.7865,7.1804,3.5572,7.1804,3.6850,1,0.774,2.730
44,DATA_20260316_062951.BIN,4.4556,10.7485,5.1215,10.7485,3.9050,1,3.686,4.216
45,DATA_20260316_062951.BIN,5.1215,9.6242,4.2224,9.6242,3.3880,1,3.709,5.341
46,DATA_20260316_062951.BIN,2.6330,8.7382,4.4385,8.7382,7.2270,1,1.271,1.515
47,DATA_20260316_070000.BIN,9.1393,12.0622,8.0645,12.0622,8.6900,1,5.461,6.219
48,DATA_20260316_070000.BIN,8.0645,12.9242,6.8772,12.9242,2.3540,1,8.068,8.312
49,DATA_20260316_070000.BIN,6.8772,15.1419,9.5457,15.1419,2.0570,1,12.541,13.015
50,DATA_20260316_070000.BIN,9.5457,19.6232,12.3497,19.6232,6.5670,1,6.715,9.205
51,DATA_20260316_070000.BIN,12.3497,15.6123,11.3230,15.6123,3.1130,1,5.797,8.533
52,DATA_20260316_070000.BIN,11.3230,18.8154,11.1585,18.8154,5.9840,1,11.277,11.285
53,DATA_20260316_070000.BIN,11.1585,16.8444,6.1214,16.8444,3.8390,1,1.072,4.193
54,DATA_20260316_070000.BIN,8.4971,13.8289,5.8690,13.8289,1.9910,1,3.683,7.716
55,DATA_20260316_070000.BIN,5.8690,12.0446,7.2244,12.0446,3.1350,1,6.918,8.318
56,DATA_20260316_070000.BIN,10.0865,15.9185,8.5202,15.9185,6.8530,1,1.412,1.945
57,DATA_20260316_070000.BIN,8.5202,11.9332,9.0493,11.9332,8.7670,1,5.687,7.573
58,DATA_20260316_070000.BIN,8.4034,16.1294,9.6641,16.1294,4.2130,1,7.486,7.508
59,DATA_20260316_070000.BIN,9.6641,13.0855,8.3764,13.0855,2.2000,1,8.726,10.074
60,DATA_20260316_070000.BIN,7.3811,15.0834,9.8655,15.0834,6.4130,1,7.665,7.941
61,DATA_20260316_070000.BIN,14.1332,17.8900,10.3071,17.8900,3.2560,1,9.460,12.784
62,DATA_20260316_070000.BIN,10.3071,14.2519,8.2851,14.2519,2.5960,1,1.127,5.946
63,DATA_20260316_070000.BIN,8.2851,14.3333,7.9701,14.3333,6.0610,1,2.415,4.310
64,DATA_20260316_070000.BIN,7.9701,12.6539,7.9530,12.6539,2.5080,1,4.144,4.645
65,DATA_20260316_070000.BIN,7.3267,21.8566,12.9263,21.8566,4.0150,1,4.566,9.813
66,DATA_20260316_070000.BIN,12.9263,21.4218,10.1846,21.4218,3.6520,1,4.464,9.904
67,DATA_20260316_070000.BIN,10.1846,20.9326,14.7304,20.9326,3.4320,1,2.456,7.955
68,DATA_20260316_070000.BIN,14.7304,21.4719,11.5869,21.4719,6.9630,1,6.564,10.754
69,DATA_20260316_070000.BIN,11.5709,15.2940,9.2988,15.2940,7.9640,1,3.338,5.953
70,DATA_20260316_070000.BIN,9.2988,14.6529,10.7876,14.6529,9.7680,1,3.246,5.359
71,DATA_20260316_070000.BIN,6.6661,13.8813,9.2006,13.8813,6.7430,1,5.889,6.654
72,DATA_20260316_070000.BIN,10.0583,18.5562,7.6488,18.5562,6.4680,1,1.456,3.771
73,DATA_20260316_070000.BIN,7.6488,12.3371,9.5263,12.3371,2.1120,1,4.618,5.019
74,DATA_20260316_070000.BIN,9.4719,13.6354,7.2324,13.6354,5.3240,1,4.102,4.105
75,DATA_20260316_070000.BIN,7.2324,10.9534,6.5546,10.9534,1.7600,1,4.665,4.695
76,DATA_20260316_070000.BIN,6.5546,12.5357,7.0504,12.5357,8.5140,1,4.834,5.019
77,DATA_20260316_070000.BIN,5.6833,13.6406,7.8353,13.6406,2.7280,1,5.743,6.835
78,DATA_20260316_070000.BIN,7.8353,16.2223,6.7123,16.2223,2.6180,1,8.163,9.062
79,DATA_20260316_070000.BIN,6.7123,12.0525,4.1929,12.0525,5.4560,1,2.958,3.584
80,DATA_20260316_070000.BIN,12.4499,17.6239,14.8849,17.6239,3.5200,1,8.702,10.664
81,DATA_20260316_070000.BIN,7.3726,20.9192,12.7753,20.9192,6.5560,1,2.518,10.001
82,DATA_20260316_070000.BIN,12.7753,19.7683,12.7636,19.7683,1.8040,1,5.718,5.998
83,DATA_20260316_070000.BIN,12.7636,19.4195,10.2398,19.4195,1.0780,1,8.190,8.329
84,DATA_20260316_070000.BIN,10.2398,20.8631,11.2613,20.8631,3.3660,1,9.291,13.192
85,DATA_20260316_070000.BIN,11.2613,22.2464,17.3800,22.2464,5.5550,1,5.607,7.969
86,DATA_20260316_070000.BIN,17.3800,23.4578,18.3628,23.4578,5.0600,1,12.122,12.878
87,DATA_20260316_070000.BIN,12.6042,22.1628,11.7271,22.1628,1.9140,1,5.405,5.761
88,DATA_20260316_070000.BIN,11.7271,20.2775,8.0966,20.2775,6.5340,1,4.799,5.085
89,DATA_20260316_070000.BIN,8.0966,20.1160,14.0863,20.1160,7.7770,1,9.277,11.291
90,DATA_20260316_070000.BIN,14.0863,18.2236,6.2976,18.2236,6.9410,1,9.232,9.245
91,DATA_20260316_070000.BIN,6.2976,13.2658,8.5464,13.2658,2.3210,1,3.786,4.543
92,DATA_20260316_070000.BIN,8.5464,14.1813,11.2852,14.1813,2.9920,1,2.084,5.935
93,DATA_20260316_070000.BIN,11.4258,18.1882,12.5560,18.1882,4.6530,1,8.149,8.194
94,DATA_20260316_070000.BIN,15.5653,23.2260,2.5793,23.2260,6.1380,1,7.200,8.012
95,DATA_20260316_070000.BIN,8.8086,16.4232,10.2671,16.4232,5.1260,1,1.794,6.651
96,DATA_20260316_070000.BIN,10.2671,17.4514,6.9041,17.4514,9.0750,1,2.226,3.847
97,DATA_20260316_070000.BIN,14.0469,17.5711,11.4128,17.5711,4.8180,1,5.372,6.278
98,DATA_20260316_070000.BIN,11.4128,17.1412,7.6170,17.1412,5.6870,1,3.964,4.360
99,DATA_20260316_070000.BIN,7.6170,18.7394,13.4176,18.7394,4.0920,1,2.644,4.933
100,DATA_20260316_070000.BIN,13.2446,20.5138,10.5750,20.5138,5.6870,1,4.101,4.110
101,DATA_20260316_070000.BIN,10.5750,15.2128,11.3305,15.2128,4.2130,1,3.460,3.572
102,DATA_20260316_070000.BIN,8.0061,12.0799,8.5100,12.0799,4.6970,1,4.638,5.126
103,DATA_20260316_070000.BIN,8.5100,12.6727,9.0805,12.6727,3.1240,1,1.676,5.135
104,DATA_20260316_070000.BIN,14.0913,18.4607,13.5433,18.4607,2.5080,1,5.104,5.674
105,DATA_20260316_070000.BIN,13.5433,17.9637,12.1327,17.9637,1.2980,1,4.077,5.384
106,DATA_20260316_070000.BIN,14.9861,22.2537,18.7625,22.2537,2.9150,1,5.772,5.837
107,DATA_20260316_070000.BIN,18.7625,22.6258,18.3408,22.6258,2.3870,1,9.002,9.003
108,DATA_20260316_070000.BIN,16.3081,25.1034,11.8681,25.1034,5.0270,1,5.343,5.533
109,DATA_20260316_070000.BIN,11.8681,18.4266,10.3922,18.4266,8.3600,1,1.147,4.576
110,DATA_20260316_070000.BIN,10.3922,19.0613,7.8216,19.0613,3.7180,1,3.089,5.244
111,DATA_20260316_070000.BIN,4.6799,11.6730,5.8957,11.6730,4.9720,1,8.392,8.445
112,DATA_20260316_070000.BIN,11.4337,14.5358,10.5431,14.5358,3.3880,1,5.372,6.076
113,DATA_20260316_070000.BIN,10.0021,14.6945,7.5323,14.6945,2.7280,1,3.830,5.601
114,DATA_20260316_070000.BIN,7.5323,14.1427,7.9808,14.1427,1.6060,1,4.801,4.998
115,DATA_20260316_070000.BIN,7.9808,12.0231,7.7315,12.0231,2.5410,1,4.233,4.970
116,DATA_20260316_070000.BIN,12.6337,19.9546,14.1015,19.9546,2.6290,1,6.662,7.314
117,DATA_20260316_070000.BIN,14.6132,17.8439,14.0492,17.8439,4.2900,1,6.760,6.829
118,DATA_20260316_070000.BIN,5.4205,10.0973,4.5006,10.0973,4.1800,1,9.177,9.363
119,DATA_20260316_070000.BIN,12.6143,16.2785,8.8807,16.2785,3.0030,1,2.974,3.055
120,DATA_20260316_070000.BIN,8.8807,12.7216,8.6479,12.7216,4.0040,1,2.933,4.231
121,DATA_20260316_070000.BIN,8.6479,12.5126,9.5350,12.5126,9.6690,1,3.161,3.179
122,DATA_20260316_070000.BIN,9.5350,12.3153,9.1871,12.3153,3.2340,1,5.150,5.164
123,DATA_20260316_070000.BIN,9.1871,12.3627,8.2284,12.3627,3.0580,1,4.826,4.904
124,DATA_20260316_070000.BIN,8.2284,11.7955,7.3702,11.7955,3.7400,1,2.790,2.809
125,DATA_20260316_070000.BIN,11.1122,18.2732,11.1868,18.2732,5.6210,1,1.774,2.271
126,DATA_20260316_070000.BIN,11.1888,16.7098,13.0951,16.7098,3.4430,1,2.390,2.507
127,DATA_20260316_070000.BIN,13.0951,16.2135,12.5061,16.2135,1.9690,1,3.945,3.964
128,DATA_20260316_070000.BIN,9.1319,21.1643,8.8490,21.1643,6.1600,1,9.535,11.713
129,DATA_20260316_070000.BIN,8.8490,18.7436,14.7628,18.7436,3.6960,1,2.691,6.636
130,DATA_20260316_070000.BIN,14.9781,17.8403,7.6028,17.8403,5.3240,1,7.866,7.875
131,DATA_20260316_070000.BIN,7.6028,18.8554,9.3371,18.8554,6.4900,1,4.263,6.121
132,DATA_20260316_070000.BIN,9.3371,13.4876,2.9609,13.4876,5.0820,1,2.035,2.413
133,DATA_20260316_070000.BIN,2.9609,12.7044,1.5221,12.7044,3.3000,1,9.242,10.262
134,DATA_20260316_070000.BIN,1.5221,26.0894,16.1520,26.0894,6.7320,1,9.752,15.307
135,DATA_20260316_070000.BIN,2.1450,12.6104,7.8841,12.6104,4.3560,1,7.206,9.963
136,DATA_20260316_070000.BIN,10.8537,18.1064,11.6920,18.1064,7.2380,1,4.468,4.615
137,DATA_20260316_070000.BIN,11.6920,15.5819,6.3386,15.5819,4.3450,1,4.388,5.040
138,DATA_20260316_070000.BIN,6.3386,13.2468,9.0020,13.2468,2.1010,1,2.970,3.622
139,DATA_20260316_070000.BIN,9.0020,12.3239,8.8596,12.3239,2.8930,1,1.268,2.924
140,DATA_20260316_070000.BIN,8.8596,15.6979,5.5873,15.6979,5.7860,1,2.804,4.968
141,DATA_20260316_070000.BIN,5.5873,16.2292,12.3221,16.2292,6.6220,1,11.823,12.642
142,DATA_20260316_070000.BIN,12.3221,43.2374,13.9881,43.2374,9.6580,1,7.151,7.485
143,DATA_20260316_070000.BIN,1.0313,18.3022,12.8685,18.3022,3.7620,1,10.089,14.285
144,DATA_20260316_070000.BIN,1.4886,9.0495,0.4315,9.0495,3.7290,1,10.992,21.942
145,DATA_20260316_070000.BIN,0.4315,8.1988,1.3016,8.1988,7.5350,1,9.990,21.498
146,DATA_20260316_070000.BIN,1.3016,10.8900,8.0083,10.8900,6.6770,1,5.219,12.694
147,DATA_20260316_070000.BIN,2.4942,6.5575,3.4005,6.5575,2.7280,1,7.908,15.153
148,DATA_20260316_070000.BIN,3.3841,9.8759,1.2941,9.8759,7.9090,1,9.729,15.435
149,DATA_20260316_070000.BIN,1.2941,6.6833,2.8623,6.6833,5.4890,1,6.229,11.708
150,DATA_20260316_070000.BIN,2.8307,5.8963,2.4662,5.8963,2.8490,1,7.724,13.767
151,DATA_20260316_070000.BIN,2.4662,8.5678,2.4106,8.5678,5.1040,1,6.481,12.367
152,DATA_20260316_070000.BIN,2.5017,7.5425,3.0731,7.5425,4.4880,1,5.879,11.871
153,DATA_20260316_070000.BIN,3.7958,6.9388,3.5645,6.9388,5.6870,1,7.022,13.193
154,DATA_20260316_070000.BIN,3.5645,9.5277,1.2635,9.5277,8.9980,1,5.415,5.768
155,DATA_20260316_070000.BIN,7.4097,19.8207,2.7473,19.8207,6.5670,1,8.690,9.613
156,DATA_20260316_070000.BIN,1.3626,5.3832,1.0524,5.3832,4.2130,1,2.459,5.774
157,DATA_20260316_070000.BIN,1.0524,7.5679,1.0513,7.5679,7.3700,1,2.032,3.196
158,DATA_20260316_070000.BIN,1.0513,8.5151,0.9253,8.5151,4.2900,1,1.970,5.494
159,DATA_20260316_070000.BIN,0.7030,8.4031,2.3873,8.4031,7.6010,1,1.429,1.691
160,DATA_20260316_070000.BIN,2.2995,7.0723,1.1977,7.0723,6.6440,1,3.111,4.978
161,DATA_20260316_070000.BIN,0.4317,3.6876,1.3076,3.6876,5.6650,1,0.642,3.646
162,DATA_20260316_070000.BIN,1.3076,10.2056,0.7483,10.2056,8.5800,1,4.233,7.483
163,DATA_20260316_070000.BIN,3.0505,10.8388,0.6715,10.8388,3.8830,1,3.240,7.711
164,DATA_20260316_070000.BIN,0.6715,16.0238,1.7900,16.0238,1.9030,1,2.336,9.318
165,DATA_20260316_070000.BIN,0.8380,6.8173,2.7422,6.8173,6.2590,1,0.662,0.972
166,DATA_20260316_070000.BIN,2.7422,16.7280,3.0109,16.7280,4.5430,1,4.244,6.065
167,DATA_20260316_070000.BIN,3.0109,15.6583,2.8427,15.6583,6.0060,1,5.891,11.713
168,DATA_20260316_070000.BIN,3.0931,15.2633,0.9011,15.2633,5.2470,1,4.055,5.593
169,DATA_20260316_070000.BIN,1.0214,4.9544,1.2919,4.9544,3.2230,1,1.209,1.212
170,DATA_20260316_070000.BIN,1.7453,25.1781,1.8711,25.1781,5.2140,1,1.314,2.122
171,DATA_20260316_070000.BIN,1.8711,5.6617,1.5712,5.6617,2.4090,1,2.802,3.306
172,DATA_20260316_070000.BIN,3.9668,10.9290,5.0336,10.9290,3.7730,1,4.704,5.368
173,DATA_20260316_070000.BIN,1.5621,7.1499,2.7603,7.1499,5.0160,1,1.904,2.501
174,DATA_20260316_070000.BIN,0.6475,11.6514,1.5470,11.6514,1.5730,1,2.322,4.370
175,DATA_20260316_070000.BIN,0.4150,8.3452,1.3497,8.3452,7.8650,1,2.833,6.483
176,DATA_20260316_070000.BIN,1.3497,14.7660,8.0163,14.7660,2.3870,1,1.676,4.623
177,DATA_20260316_070000.BIN,8.0163,13.1800,2.1947,13.1800,3.0030,1,8.943,9.492
178,DATA_20260316_070000.BIN,2.1947,24.9091,3.6549,24.9091,8.3710,1,0.818,10.852
179,DATA_20260316_070000.BIN,3.6549,10.0370,4.6502,10.0370,8.2940,1,2.965,4.689
180,DATA_20260316_070000.BIN,4.6502,13.9785,6.2209,13.9785,5.2800,1,4.237,4.492
181,DATA_20260316_070000.BIN,6.2209,10.6452,2.4640,10.6452,4.2460,1,4.608,8.174
182,DATA_20260316_070000.BIN,2.4640,17.4562,0.8242,17.4562,3.4760,1,3.247,5.644
183,DATA_20260316_070000.BIN,0.8242,11.3122,0.9608,11.3122,6.2590,1,3.342,3.421
184,DATA_20260316_070000.BIN,0.9608,7.3982,3.0339,7.3982,2.1450,1,1.117,2.584
185,DATA_20260316_070000.BIN,1.1833,10.2436,0.4344,10.2436,9.6910,1,2.026,2.153
186,DATA_20260316_070000.BIN,0.4344,6.3542,1.1582,6.3542,3.4430,1,1.384,1.443
187,DATA_20260316_070000.BIN,1.1582,7.2399,1.1353,7.2399,4.2790,1,2.869,3.065
188,DATA_20260316_070000.BIN,1.1353,4.2000,0.8150,4.2000,4.2020,1,0.400,4.764
189,DATA_20260316_070000.BIN,0.8150,7.8366,0.8246,7.8366,5.6540,1,0.727,3.364
190,DATA_20260316_070000.BIN,0.2174,7.0114,1.3018,7.0114,9.3500,1,1.542,2.128
191,DATA_20260316_070000.BIN,1.2200,3.9426,0.4277,3.9426,1.7710,1,2.160,2.287
192,DATA_20260316_070000.BIN,0.9632,9.8313,1.7294,9.8313,5.3240,1,1.595,1.910
193,DATA_20260316_070000.BIN,0.2676,5.1020,0.4957,5.1020,1.3860,1,0.939,1.268
194,DATA_20260316_070000.BIN,0.9625,4.2944,1.6988,4.2944,2.2880,1,0.552,1.428
195,DATA_20260316_070000.BIN,1.6988,9.7953,2.1575,9.7953,3.6410,1,2.376,2.398
196,DATA_20260316_070000.BIN,0.9339,5.0835,1.4341,5.0835,2.7500,1,0.417,2.633
197,DATA_20260316_070000.BIN,1.0432,6.3898,2.4299,6.3898,5.4670,1,1.593,1.803
198,DATA_20260316_070000.BIN,2.4299,6.6677,1.7558,6.6677,3.7620,1,2.440,6.451
199,DATA_20260316_070000.BIN,1.7558,11.3015,4.5132,11.3015,8.2500,1,1.784,2.077
200,DATA_20260316_070000.BIN,4.0547,8.3794,0.7711,8.3794,7.0730,1,4.129,4.142
201,DATA_20260316_070000.BIN,2.1827,11.8309,0.4088,11.8309,3.0690,1,4.055,4.789
202,DATA_20260316_070000.BIN,0.4088,14.6843,1.4349,14.6843,8.1400,1,1.789,2.570
203,DATA_20260316_070000.BIN,0.8026,4.6787,0.3197,4.6787,3.0250,1,1.576,1.779
204,DATA_20260316_070000.BIN,0.3197,5.8278,1.7771,5.8278,1.8260,1,0.766,1.590
205,DATA_20260316_070000.BIN,1.7771,7.7484,3.4446,7.7484,3.9050,1,1.356,2.281
206,DATA_20260316_070000.BIN,0.7651,6.2392,2.9722,6.2392,3.9050,1,0.350,0.935
207,DATA_20260316_070000.BIN,2.3943,6.0201,3.0641,6.0201,5.2910,1,2.121,2.455
208,DATA_20260316_070000.BIN,3.0641,8.3524,4.5449,8.3524,3.0910,1,2.987,3.640
209,DATA_20260316_070000.BIN,4.5134,8.3965,4.6964,8.3965,5.5550,1,4.284,4.821
210,DATA_20260316_070000.BIN,4.6964,7.6302,3.8762,7.6302,5.9290,1,3.987,4.756
211,DATA_20260316_070000.BIN,3.8762,7.5449,3.1886,7.5449,3.8720,1,2.510,2.893
212,DATA_20260316_070000.BIN,3.1886,9.3225,2.1907,9.3225,2.3430,1,2.390,2.397
213,DATA_20260316_070000.BIN,2.1907,9.3680,4.0344,9.3680,2.8490,1,0.325,1.782
214,DATA_20260316_070000.BIN,4.0344,8.3226,1.1891,8.3226,3.4760,1,2.640,2.745
215,DATA_20260316_070000.BIN,1.1891,4.7385,0.4704,4.7385,1.5620,1,2.371,3.606
216,DATA_20260316_070000.BIN,2.4197,6.1598,2.7837,6.1598,2.5630,1,1.651,1.681
217,DATA_20260316_070000.BIN,2.7837,6.8871,0.2744,6.8871,3.6520,1,2.077,2.220
218,DATA_20260316_070000.BIN,2.0854,11.4043,2.9906,11.4043,4.9610,1,0.402,1.614
219,DATA_20260316_070000.BIN,2.9906,7.2285,2.8805,7.2285,1.2210,1,2.047,2.061
220,DATA_20260316_070000.BIN,2.8805,7.3776,2.5691,7.3776,1.2650,1,1.200,1.230
221,DATA_20260316_070000.BIN,2.5691,13.3278,1.7732,13.3278,8.1180,1,0.359,1.579
222,DATA_20260316_070000.BIN,1.7732,6.4621,0.7495,6.4621,3.4760,1,1.664,1.671
223,DATA_20260316_070000.BIN,0.7495,4.0877,0.1212,4.0877,6.9190,1,3.277,3.759
224,DATA_20260316_070000.BIN,0.1212,8.9151,2.5864,8.9151,7.4470,1,2.633,6.398
225,DATA_20260316_070000.BIN,1.5546,5.3387,2.2323,5.3387,1.6610,1,1.010,1.675
226,DATA_20260316_070000.BIN,1.8557,5.2054,1.7678,5.2054,1.5400,1,1.249,1.717
227,DATA_20260316_070000.BIN,1.7678,12.4505,1.4526,12.4505,5.0380,1,1.359,1.379
228,DATA_20260316_070000.BIN,1.4526,10.3716,2.3664,10.3716,5.0710,1,2.094,2.094
229,DATA_20260316_070000.BIN,2.3664,5.7280,1.6322,5.7280,1.5290,1,2.955,4.655
230,DATA_20260316_070000.BIN,2.2764,7.4007,1.3386,7.4007,1.3970,1,2.765,3.246
231,DATA_20260316_070000.BIN,1.3386,5.5709,1.3331,5.5709,1.2100,1,0.441,0.481
232,DATA_20260316_070000.BIN,1.3331,4.7433,1.3331,4.7433,1.3640,1,2.809,3.279
233,DATA_20260316_070000.BIN,1.3331,5.5298,1.7309,5.5298,2.7280,1,1.883,1.931
234,DATA_20260316_070000.BIN,1.7309,6.2413,1.6501,6.2413,3.1460,1,2.498,2.897
235,DATA_20260316_070000.BIN,1.6501,5.5707,1.7794,5.5707,3.7290,1,1.305,2.742
236,DATA_20260316_070000.BIN,1.7794,4.8633,1.6582,4.8633,5.4450,1,1.406,3.102
237,DATA_20260316_070000.BIN,1.1331,5.4649,1.5389,5.4649,3.1350,1,0.116,0.153
238,DATA_20260316_070000.BIN,3.4528,8.5068,2.9739,8.5068,2.5520,1,3.242,3.648
239,DATA_20260316_070000.BIN,2.9739,8.0901,2.5694,8.0901,2.9590,1,2.206,2.225
240,DATA_20260316_070000.BIN,2.5694,10.0185,0.9221,10.0185,2.9590,1,2.022,2.341
241,DATA_20260316_070000.BIN,0.9221,7.0150,2.8836,7.0150,3.0580,1,1.228,1.445
242,DATA_20260316_070000.BIN,2.8836,7.0584,1.2088,7.0584,7.4910,1,4.093,4.611
243,DATA_20260316_070000.BIN,2.2729,5.9684,0.9129,5.9684,6.6880,1,1.464,1.654
244,DATA_20260316_070000.BIN,0.9129,4.9239,0.1358,4.9239,3.2670,1,0.817,0.819
245,DATA_20260316_070000.BIN,2.3516,7.4637,3.1546,7.4637,7.4470,1,2.025,2.443
246,DATA_20260316_070000.BIN,3.1546,13.0314,3.5585,13.0314,9.9660,1,3.649,3.784
247,DATA_20260316_070000.BIN,3.5585,8.5533,0.9010,8.5533,5.4670,1,3.580,4.499
248,DATA_20260316_070000.BIN,2.5918,6.3724,3.1032,6.3724,2.8710,1,2.233,2.438
249,DATA_20260316_070000.BIN,2.3714,7.6480,3.4082,7.6480,3.8060,1,1.614,2.266
250,DATA_20260316_070000.BIN,2.7826,12.2882,2.4969,12.2882,7.1500,1,2.336,2.733
251,DATA_20260316_070000.BIN,0.7102,3.9229,0.8975,3.9229,1.7820,1,1.579,2.046
252,DATA_20260316_070000.BIN,1.0496,4.5001,0.6515,4.5001,2.1230,1,3.010,3.286
253,DATA_20260316_070000.BIN,0.6515,4.2822,0.3000,4.2822,3.2230,1,1.521,2.098
254,DATA_20260316_070000.BIN,0.3000,6.5490,2.6412,6.5490,2.8710,1,1.060,1.422
255,DATA_20260316_070000.BIN,2.6412,6.8703,0.5945,6.8703,3.3990,1,2.177,2.200
256,DATA_20260316_070000.BIN,0.7958,5.9982,1.2645,5.9982,5.6980,1,2.412,2.891
257,DATA_20260316_070000.BIN,1.2645,6.2709,2.2358,6.2709,4.0150,1,1.255,1.745
258,DATA_20260316_070000.BIN,0.8199,5.0747,0.2458,5.0747,4.7080,1,0.238,0.780
259,DATA_20260316_070000.BIN,1.1624,5.7075,0.1628,5.7075,4.9610,1,0.255,0.255
260,DATA_20260316_070000.BIN,0.6495,8.7744,0.5841,8.7744,5.7970,1,1.198,2.249
261,DATA_20260316_070000.BIN,0.3839,5.1498,0.6343,5.1498,2.0020,1,2.053,3.013
262,DATA_20260316_070000.BIN,2.4606,9.3361,2.3845,9.3361,9.0310,1,3.814,5.052
263,DATA_20260316_070000.BIN,2.3845,6.2274,0.5257,6.2274,7.9750,1,3.058,3.207
264,DATA_20260316_070000.BIN,0.4252,6.4511,3.4384,6.4511,3.1460,1,1.404,2.089
265,DATA_20260316_070000.BIN,1.8660,5.5756,0.4359,5.5756,4.9830,1,0.490,4.961
266,DATA_20260316_070000.BIN,0.4359,4.7984,0.9523,4.7984,2.7720,1,1.384,4.420
267,DATA_20260316_070000.BIN,0.6364,7.5893,2.3523,7.5893,5.3790,1,0.616,1.567
268,DATA_20260316_070000.BIN,2.3523,8.9090,1.3885,8.9090,3.9270,1,4.443,5.263
269,DATA_20260316_070000.BIN,1.3885,5.5952,1.1442,5.5952,1.2650,1,1.612,2.326
270,DATA_20260316_070000.BIN,1.1442,5.0601,2.0518,5.0601,3.5860,1,1.093,1.696
271,DATA_20260316_070000.BIN,0.7426,10.6355,3.8635,10.6355,7.6450,1,0.682,1.553
272,DATA_20260316_070000.BIN,1.8290,8.8614,2.0238,8.8614,7.6120,1,1.578,1.933
273,DATA_20260316_070000.BIN,0.6848,8.9335,2.3232,8.9335,5.5660,1,0.678,1.429
274,DATA_20260316_070000.BIN,2.3232,6.6813,2.5225,6.6813,7.6560,1,2.522,2.557
275,DATA_20260316_070000.BIN,0.5161,5.5814,0.8875,5.5814,7.8980,1,0.768,2.133
276,DATA_20260316_070000.BIN,3.2280,6.8442,2.1703,6.8442,3.4100,1,4.822,5.524
277,DATA_20260316_070000.BIN,4.4150,7.7395,4.0082,7.7395,1.9800,1,4.632,4.732
278,DATA_20260316_070000.BIN,3.4698,8.7109,2.8530,8.7109,5.8740,1,3.785,4.045
279,DATA_20260316_070000.BIN,2.8530,6.0755,3.0701,6.0755,2.3650,1,2.292,2.322
280,DATA_20260316_070000.BIN,3.0701,7.6070,4.2872,7.6070,8.9430,1,2.362,2.424
281,DATA_20260316_070000.BIN,4.2872,9.2307,0.9981,9.2307,4.8400,1,3.409,3.661
282,DATA_20260316_070000.BIN,0.9981,6.6398,3.0529,6.6398,8.1730,1,1.529,1.529
283,DATA_20260316_070000.BIN,4.4690,7.5698,4.5303,7.5698,3.1240,1,3.170,3.738
284,DATA_20260316_070000.BIN,4.5303,8.3229,2.3067,8.3229,7.2710,1,3.380,3.544
285,DATA_20260316_070000.BIN,2.3067,6.9944,1.0460,6.9944,8.2830,1,0.805,1.929
286,DATA_20260316_070000.BIN,0.8194,5.9282,0.9276,5.9282,5.6320,1,1.777,1.897
287,DATA_20260316_070000.BIN,0.9276,7.8436,2.3796,7.8436,4.3780,1,1.375,2.302
288,DATA_20260316_070000.BIN,0.5103,5.1116,0.4042,5.1116,7.5460,1,3.339,4.962
289,DATA_20260316_070000.BIN,0.4042,4.0438,0.8387,4.0438,8.7890,1,1.707,2.222
290,DATA_20260316_070000.BIN,0.8387,5.6517,0.2789,5.6517,9.0970,1,2.900,3.834
291,DATA_20260316_070000.BIN,0.2789,4.3454,0.9165,4.3454,9.2510,1,2.712,4.511
292,DATA_20260316_070000.BIN,0.9165,6.2387,0.5789,6.2387,1.9140,1,1.886,5.317
293,DATA_20260316_070000.BIN,0.5789,4.6233,1.6004,4.6233,9.2620,1,0.399,0.874
294,DATA_20260316_070000.BIN,0.7945,5.2846,1.3112,5.2846,8.5910,1,0.913,1.324
295,DATA_20260316_070000.BIN,1.3112,4.2989,0.3975,4.2989,6.8970,1,1.035,1.134
296,DATA_20260316_070000.BIN,0.9329,4.9583,0.3616,4.9583,3.1020,1,1.427,1.787
297,DATA_20260316_070000.BIN,0.3616,5.6995,0.9183,5.6995,8.3710,1,1.122,1.566
298,DATA_20260316_070000.BIN,0.9183,3.7338,1.2504,3.7338,5.6540,1,0.251,1.946
299,DATA_20260316_070000.BIN,1.2504,4.7078,0.2153,4.7078,6.0720,1,1.555,1.563
300,DATA_20260316_070000.BIN,0.2153,3.9892,1.6058,3.9892,6.2150,1,0.684,1.539
301,DATA_20260316_070000.BIN,1.5347,8.3185,0.6388,8.3185,4.4880,1,1.631,4.374
302,DATA_20260316_070000.BIN,0.6388,5.7691,0.5927,5.7691,9.8890,1,0.809,2.082
303,DATA_20260316_070000.BIN,2.0943,5.2516,1.0379,5.2516,4.6310,1,2.503,2.560
304,DATA_20260316_070000.BIN,1.0379,4.9253,0.8388,4.9253,3.4210,1,1.003,2.352
305,DATA_20260316_070000.BIN,0.8388,5.4133,1.0986,5.4133,3.8390,1,2.542,4.660
306,DATA_20260316_070000.BIN,1.5475,6.4095,0.5579,6.4095,3.9270,1,2.399,2.861
307,DATA_20260316_070000.BIN,1.8501,5.3588,2.1706,5.3588,4.8290,1,2.749,3.993
308,DATA_20260316_070000.BIN,2.1706,5.6278,1.4426,5.6278,8.6240,1,2.312,2.323
309,DATA_20260316_070000.BIN,1.4426,5.8181,3.1101,5.8181,5.5440,1,1.380,1.381
310,DATA_20260316_070000.BIN,1.5461,8.7061,0.4433,8.7061,6.8530,1,0.888,2.303
311,DATA_20260316_080000.BIN,6.1104,10.2000,6.7668,10.2000,2.4420,1,2.394,5.110
312,DATA_20260316_080000.BIN,5.2936,12.1805,4.9197,12.1805,7.8870,1,3.035,3.801
313,DATA_20260316_080000.BIN,5.5460,12.8499,8.0182,12.8499,6.3470,1,4.512,4.580
314,DATA_20260316_080000.BIN,5.2661,10.8231,5.9102,10.8231,4.7410,1,6.956,8.670
315,DATA_20260316_080000.BIN,5.9102,9.3545,4.6492,9.3545,2.6400,1,6.758,7.431
316,DATA_20260316_080000.BIN,4.6492,11.2190,6.3665,11.2190,2.4750,1,2.548,2.620
317,DATA_20260316_080000.BIN,6.3665,10.1790,6.3834,10.1790,4.4440,1,4.997,6.859
318,DATA_20260316_080000.BIN,2.7834,7.2893,1.9121,7.2893,8.6460,1,3.977,4.033
319,DATA_20260316_080000.BIN,1.8769,8.1796,2.5403,8.1796,8.5030,1,4.830,4.876
320,DATA_20260316_080000.BIN,1.9096,5.3519,1.9228,5.3519,5.9730,1,3.573,5.492
321,DATA_20260316_080000.BIN,2.0273,5.1345,0.8069,5.1345,4.8730,1,2.048,2.292
322,DATA_20260316_080000.BIN,6.8469,14.1186,7.2765,14.1186,6.7210,1,7.799,8.594
323,DATA_20260316_080000.BIN,6.4464,11.4970,6.4518,11.4970,4.9610,1,3.388,3.391
324,DATA_20260316_080000.BIN,6.4518,15.8520,6.8755,15.8520,6.8200,1,3.060,3.147
325,DATA_20260316_080000.BIN,6.8755,12.6081,7.9924,12.6081,6.3030,1,3.536,3.552
326,DATA_20260316_080000.BIN,7.9924,13.5036,7.2158,13.5036,6.8530,1,5.192,5.655
327,DATA_20260316_080000.BIN,7.2158,12.1155,7.7672,12.1155,6.0060,1,2.932,2.933
328,DATA_20260316_080000.BIN,7.7672,14.3503,7.4764,14.3503,5.6100,1,3.250,3.299
329,DATA_20260316_080000.BIN,7.4764,14.0264,7.6374,14.0264,6.8420,1,2.559,2.749
330,DATA_20260316_080000.BIN,7.6374,13.6068,7.2425,13.6068,7.7880,1,2.550,2.555
331,DATA_20260316_080000.BIN,7.2425,13.0977,7.5992,13.0977,4.2570,1,1.834,1.834
332,DATA_20260316_080000.BIN,8.4124,12.6575,8.3214,12.6575,7.7220,1,3.027,3.038
333,DATA_20260316_080000.BIN,8.3214,12.7879,8.8575,12.7879,7.7990,1,2.758,2.825
334,DATA_20260316_080000.BIN,9.3288,14.7377,6.8103,14.7377,7.3590,1,3.701,4.145
335,DATA_20260316_080000.BIN,6.8103,10.8150,1.9329,10.8150,4.7850,1,4.164,4.393
336,DATA_20260316_080000.BIN,4.5251,10.9896,6.6812,10.9896,1.7270,1,5.895,5.903
337,DATA_20260316_080000.BIN,4.7072,8.6099,3.2118,8.6099,3.6300,1,6.213,6.917
338,DATA_20260316_080000.BIN,6.3563,10.1936,6.0899,10.1936,2.8160,1,0.947,0.948
339,DATA_20260316_080000.BIN,6.0899,11.3581,7.0572,11.3581,9.4490,1,2.200,3.367
340,DATA_20260316_080000.BIN,9.2614,13.0178,9.1596,13.0178,8.3600,1,4.568,4.622
341,DATA_20260316_080000.BIN,9.0497,13.8742,9.4476,13.8742,4.2680,1,3.532,3.661
342,DATA_20260316_080000.BIN,9.4476,14.3631,9.1453,14.3631,7.8430,1,3.826,3.841
343,DATA_20260316_080000.BIN,9.1453,14.1734,9.9024,14.1734,6.9410,1,2.926,2.941
344,DATA_20260316_080000.BIN,7.8194,14.6510,11.1374,14.6510,3.0690,1,1.390,3.524
345,DATA_20260316_080000.BIN,11.1374,14.6587,7.6723,14.6587,2.7500,1,5.463,5.484
346,DATA_20260316_080000.BIN,7.6723,14.1610,6.1748,14.1610,4.4110,1,3.795,4.625
347,DATA_20260316_080000.BIN,0.9892,7.9155,4.0425,7.9155,6.5890,1,7.765,8.004
348,DATA_20260316_080000.BIN,3.4417,7.5334,3.8008,7.5334,2.0900,1,3.643,4.437
349,DATA_20260316_080000.BIN,2.7315,6.7955,1.7359,6.7955,9.9440,1,7.260,8.285
350,DATA_20260316_080000.BIN,1.7359,5.6753,1.5682,5.6753,2.5300,1,6.965,9.686
351,DATA_20260316_080000.BIN,1.5682,5.5517,0.9837,5.5517,4.7960,1,5.877,6.925
352,DATA_20260316_080000.BIN,0.9837,8.1712,0.1670,8.1712,8.7340,1,5.159,5.166
353,DATA_20260316_080000.BIN,2.5734,7.1487,2.5926,7.1487,2.9370,1,7.240,8.349
354,DATA_20260316_080000.BIN,3.2149,8.6628,4.0646,8.6628,2.4640,1,4.755,5.702
355,DATA_20260316_080000.BIN,4.0646,7.2639,2.4967,7.2639,3.8390,1,3.901,5.957
356,DATA_20260316_080000.BIN,3.6538,7.2496,1.8091,7.2496,6.5560,1,4.545,4.825
357,DATA_20260316_080000.BIN,1.1157,6.4053,2.8910,6.4053,7.7440,1,4.456,5.219
358,DATA_20260316_080000.BIN,2.6951,6.3570,2.7612,6.3570,2.6180,1,3.958,4.140
359,DATA_20260316_080000.BIN,0.8110,4.8873,1.0759,4.8873,3.0690,1,4.063,5.290
360,DATA_20260316_080000.BIN,1.0759,10.5322,3.1828,10.5322,7.6560,1,1.600,1.776
361,DATA_20260316_080000.BIN,3.1828,7.8231,2.9568,7.8231,2.8380,1,2.770,4.603
362,DATA_20260316_080000.BIN,4.3667,8.5280,4.2697,8.5280,1.9910,1,3.590,3.886
363,DATA_20260316_080000.BIN,3.7573,7.8264,3.9177,7.8264,5.7860,1,2.393,2.869
364,DATA_20260316_080000.BIN,2.1203,6.6567,2.0821,6.6567,7.8540,1,1.409,1.468
365,DATA_20260316_080000.BIN,0.2120,10.7186,1.5931,10.7186,8.6130,1,2.779,3.984
366,DATA_20260316_080000.BIN,1.5931,10.2144,4.4564,10.2144,5.9620,1,0.859,3.095
367,DATA_20260316_080000.BIN,2.7059,6.1314,1.9793,6.1314,2.1450,1,2.055,2.088
368,DATA_20260316_080000.BIN,1.9800,6.6023,2.4256,6.6023,6.0060,1,1.349,2.884
369,DATA_20260316_080000.BIN,2.4256,7.0734,2.2958,7.0734,7.8650,1,1.608,1.726
370,DATA_20260316_080000.BIN,2.2958,6.0683,1.9769,6.0683,2.5520,1,3.236,3.754
371,DATA_20260316_080000.BIN,1.9769,11.4922,7.1808,11.4922,5.3460,1,0.105,3.270
372,DATA_20260316_080000.BIN,1.9816,8.1448,2.3311,8.1448,6.4900,1,3.072,3.221
373,DATA_20260316_080000.BIN,1.8835,11.3826,6.4969,11.3826,6.5010,1,2.655,2.976
374,DATA_20260316_080000.BIN,0.4345,5.4502,1.0214,5.4502,7.1610,1,2.528,5.378
375,DATA_20260316_080000.BIN,1.0214,8.4334,1.6848,8.4334,8.9210,1,0.949,2.489
376,DATA_20260316_080000.BIN,2.5505,10.1154,2.2987,10.1154,6.2260,1,2.270,2.270
377,DATA_20260316_080000.BIN,3.8040,8.0205,0.4868,8.0205,4.0700,1,3.415,5.483
378,DATA_20260316_080000.BIN,0.4868,12.5967,8.0552,12.5967,7.4690,1,2.022,4.108
379,DATA_20260316_080000.BIN,0.6128,7.1272,0.9269,7.1272,4.4770,1,1.185,2.412
380,DATA_20260316_080000.BIN,0.9269,9.9986,4.7416,9.9986,4.1470,1,0.122,6.633
381,DATA_20260316_080000.BIN,4.7416,10.7202,2.8250,10.7202,2.5190,1,4.976,5.577
382,DATA_20260316_080000.BIN,2.8250,8.4081,2.6528,8.4081,5.5660,1,3.880,4.780
383,DATA_20260316_080000.BIN,2.6528,6.6578,2.6593,6.6578,9.4930,1,1.303,4.638
384,DATA_20260316_080000.BIN,2.6593,6.1700,0.5149,6.1700,5.1700,1,1.620,1.642
385,DATA_20260316_080000.BIN,0.1637,6.8083,0.2228,6.8083,5.1920,1,2.206,4.046
386,DATA_20260316_080000.BIN,1.3094,4.7348,0.3155,4.7348,3.1350,1,2.804,3.003
387,DATA_20260316_080000.BIN,0.3155,4.9612,1.2345,4.9612,3.8500,1,2.342,7.693
388,DATA_20260316_080000.BIN,0.5751,6.4650,1.9656,6.4650,4.5100,1,1.930,4.177
389,DATA_20260316_080000.BIN,0.8699,4.3591,0.7434,4.3591,4.2570,1,0.516,1.008
390,DATA_20260316_080000.BIN,6.2754,13.2152,6.6630,13.2152,2.9920,1,7.511,7.828
391,DATA_20260316_080000.BIN,6.6630,11.6910,4.0563,11.6910,8.0740,1,6.335,7.514
392,DATA_20260316_080000.BIN,0.4979,4.9454,1.2784,4.9454,3.9820,1,1.881,2.596
393,DATA_20260316_080000.BIN,1.3601,7.4008,1.5731,7.4008,4.5320,1,1.322,3.235
394,DATA_20260316_080000.BIN,1.5731,11.4731,3.5785,11.4731,4.0260,1,1.201,3.425
395,DATA_20260316_080000.BIN,3.5785,7.7563,3.8309,7.7563,4.0370,1,3.721,5.669
396,DATA_20260316_080000.BIN,3.8309,7.7383,0.2089,7.7383,6.6660,1,3.936,4.759
397,DATA_20260316_080000.BIN,1.7240,5.8822,0.7374,5.8822,5.5990,1,1.288,2.924
398,DATA_20260316_080000.BIN,0.7374,9.6649,4.2008,9.6649,2.0460,1,1.551,3.125
399,DATA_20260316_080000.BIN,0.9542,5.3508,0.1109,5.3508,7.2270,1,2.638,6.427
400,DATA_20260316_080000.BIN,0.9887,5.7251,1.1824,5.7251,6.0610,1,2.948,3.952
401,DATA_20260316_080000.BIN,0.3907,4.7113,0.4294,4.7113,6.5230,1,1.709,4.707
402,DATA_20260316_080000.BIN,1.4221,5.8034,2.0791,5.8034,3.2010,1,2.159,2.399
403,DATA_20260316_080000.BIN,2.8693,10.1715,5.3399,10.1715,3.5530,1,2.251,4.853
404,DATA_20260316_080000.BIN,0.5599,5.5320,2.1834,5.5320,4.3670,1,1.960,7.776
405,DATA_20260316_080000.BIN,2.4425,7.4023,3.3175,7.4023,7.7660,1,3.187,3.797
406,DATA_20260316_080000.BIN,1.8997,5.4003,1.7229,5.4003,4.0810,1,2.717,3.092
407,DATA_20260316_080000.BIN,1.7229,5.7147,1.2728,5.7147,8.9320,1,2.516,3.124
408,DATA_20260316_080000.BIN,0.6764,4.3772,0.6496,4.3772,1.6390,1,1.334,1.387
409,DATA_20260316_080000.BIN,0.8773,5.4134,1.6775,5.4134,8.2280,1,0.609,0.956
410,DATA_20260316_080000.BIN,1.6775,5.0702,1.0401,5.0702,8.6240,1,2.570,3.119
411,DATA_20260316_080000.BIN,0.2130,7.5071,3.8594,7.5071,3.9930,1,1.277,7.294
412,DATA_20260316_080000.BIN,3.8594,6.9202,1.7992,6.9202,4.7960,1,4.172,5.114
413,DATA_20260316_080000.BIN,1.7992,15.2974,1.6438,15.2974,5.0490,1,2.805,3.671
414,DATA_20260316_080000.BIN,1.6438,7.2067,2.9999,7.2067,5.1480,1,2.405,6.664
415,DATA_20260316_080000.BIN,2.9999,7.4875,3.9886,7.4875,6.4350,1,2.984,3.782
416,DATA_20260316_080000.BIN,0.9769,5.4539,1.6768,5.4539,4.8290,1,0.613,0.696
417,DATA_20260316_080000.BIN,0.2293,4.3696,1.2449,4.3696,2.0680,1,0.948,1.373
418,DATA_20260316_080000.BIN,1.2449,6.8736,2.3894,6.8736,4.0260,1,0.721,1.528
419,DATA_20260316_080000.BIN,0.8846,8.2287,3.5701,8.2287,8.3930,1,1.779,1.972
420,DATA_20260316_080000.BIN,3.5701,7.2017,4.1981,7.2017,8.4480,1,4.800,9.001
421,DATA_20260316_080000.BIN,4.1981,9.2543,2.9868,9.2543,5.2470,1,4.251,4.406
422,DATA_20260316_080000.BIN,2.9868,7.9255,3.5837,7.9255,7.4690,1,2.780,7.431
423,DATA_20260316_080000.BIN,2.7949,7.3910,2.8126,7.3910,4.3560,1,2.192,4.022
424,DATA_20260316_080000.BIN,3.4507,8.4485,5.6997,8.4485,3.8940,1,2.517,2.518
425,DATA_20260316_080000.BIN,4.0019,7.1838,2.7014,7.1838,8.2060,1,2.739,3.206
426,DATA_20260316_080000.BIN,4.0836,9.1325,5.4801,9.1325,6.2590,1,2.980,5.558
427,DATA_20260316_080000.BIN,1.8509,13.9591,8.6769,13.9591,8.8660,1,3.653,13.029
428,DATA_20260316_080000.BIN,7.9638,14.1423,9.8290,14.1423,4.4440,1,8.049,11.799
429,DATA_20260316_080000.BIN,6.7276,12.5211,4.0627,12.5211,5.1370,1,5.314,5.505
430,DATA_20260316_080000.BIN,4.0627,14.2653,9.6659,14.2653,5.2140,1,1.893,7.416
431,DATA_20260316_080000.BIN,3.7927,12.8530,0.3742,12.8530,7.7660,1,2.731,9.284
432,DATA_20260316_080000.BIN,0.3742,15.5498,11.6214,15.5498,5.2470,1,3.342,4.493
433,DATA_20260316_080000.BIN,5.2986,9.7353,2.5045,9.7353,3.5090,1,5.198,8.796
434,DATA_20260316_080000.BIN,4.8827,12.4422,7.9982,12.4422,4.0260,1,2.698,2.794
435,DATA_20260316_080000.BIN,8.7962,17.4968,6.8248,17.4968,9.2400,1,7.093,7.372
436,DATA_20260316_080000.BIN,6.8248,13.7479,9.8369,13.7479,8.9980,1,5.040,5.492
437,DATA_20260316_080000.BIN,9.8369,16.8936,4.5575,16.8936,4.0040,1,7.641,8.017
438,DATA_20260316_080000.BIN,4.5575,16.8128,10.6971,16.8128,6.9190,1,4.218,5.192
439,DATA_20260316_080000.BIN,10.6971,17.5066,4.8736,17.5066,4.5760,1,8.034,8.606
440,DATA_20260316_080000.BIN,4.8736,9.4524,4.2510,9.4524,3.3990,1,2.930,11.408
441,DATA_20260316_080000.BIN,4.2510,8.4658,4.3488,8.4658,5.9620,1,5.652,10.275
442,DATA_20260316_080000.BIN,4.3488,9.7246,3.8413,9.7246,9.1630,1,4.907,5.954
443,DATA_20260316_080000.BIN,3.8413,7.6781,2.2373,7.6781,4.1030,1,3.041,4.708
444,DATA_20260316_080000.BIN,2.2373,7.6155,3.4331,7.6155,2.9920,1,3.160,6.748
445,DATA_20260316_080000.BIN,1.9272,5.9270,1.9874,5.9270,4.9940,1,5.596,11.920
446,DATA_20260316_080000.BIN,0.0917,10.3174,6.2216,10.3174,3.9930,1,4.327,4.451
447,DATA_20260316_080000.BIN,6.2216,13.2633,8.9191,13.2633,4.3010,1,5.573,6.980
448,DATA_20260316_080000.BIN,8.9191,13.7121,8.0627,13.7121,5.0490,1,6.414,6.545
449,DATA_20260316_080000.BIN,8.0627,15.0966,5.6020,15.0966,5.0710,1,4.525,4.528
450,DATA_20260316_080000.BIN,5.6020,13.0521,2.0519,13.0521,6.1160,1,0.963,6.763
451,DATA_20260316_080000.BIN,2.0519,15.0032,7.1123,15.0032,4.3120,1,4.188,8.231
452,DATA_20260316_080000.BIN,7.1123,12.3042,5.1795,12.3042,2.6070,1,4.364,4.601
453,DATA_20260316_080000.BIN,6.0497,12.6810,6.4945,12.6810,2.7610,1,3.811,4.562
454,DATA_20260316_080000.BIN,6.4945,13.3819,6.3846,13.3819,3.0140,1,3.802,4.415
455,DATA_20260316_080000.BIN,3.4121,13.9899,8.5157,13.9899,5.0930,1,2.358,6.520
456,DATA_20260316_080000.BIN,8.5107,14.8649,8.8620,14.8649,3.5310,1,4.485,5.588
457,DATA_20260316_080000.BIN,8.8620,12.5528,7.4290,12.5528,2.7170,1,5.434,5.894
458,DATA_20260316_080000.BIN,7.4290,12.7663,8.2454,12.7663,4.5100,1,2.556,2.583
459,DATA_20260316_080000.BIN,7.3833,10.5641,4.1046,10.5641,5.0710,1,2.453,6.737
460,DATA_20260316_080000.BIN,4.1046,10.4464,6.4469,10.4464,7.4030,1,3.582,4.271
461,DATA_20260316_080000.BIN,6.4469,13.9057,9.7784,13.9057,9.3720,1,3.876,5.710
462,DATA_20260316_080000.BIN,11.5737,14.8737,9.7754,14.8737,3.2670,1,7.337,7.643
463,DATA_20260316_080000.BIN,10.3809,15.5203,7.6148,15.5203,5.4450,1,5.546,5.934
464,DATA_20260316_080000.BIN,5.9624,15.9836,10.2962,15.9836,4.8070,1,12.252,14.916
465,DATA_20260316_080000.BIN,10.2962,16.0111,1.6324,16.0111,8.0410,1,5.905,9.096
466,DATA_20260316_080000.BIN,1.6324,15.5037,10.1763,15.5037,8.4480,1,8.527,11.158
467,DATA_20260316_080000.BIN,10.1763,15.4102,9.5093,15.4102,4.7190,1,5.837,8.201
468,DATA_20260316_080000.BIN,9.5093,16.2174,10.7877,16.2174,3.8720,1,5.276,10.094
469,DATA_20260316_080000.BIN,8.9556,13.5942,9.9819,13.5942,1.8920,1,3.333,3.418
470,DATA_20260316_080000.BIN,9.9819,15.9071,10.8377,15.9071,3.6520,1,5.474,8.127
471,DATA_20260316_080000.BIN,11.1303,15.3643,11.7651,15.3643,2.6400,1,5.334,5.360
472,DATA_20260316_080000.BIN,11.7651,15.5251,1.3116,15.5251,4.0040,1,9.861,10.871
473,DATA_20260316_090000.BIN,11.4898,16.1685,5.1945,16.1685,2.3760,1,3.150,4.462
474,DATA_20260316_090000.BIN,3.8879,13.4647,6.8113,13.4647,7.4140,1,12.394,12.919
475,DATA_20260316_090000.BIN,10.0946,14.0800,7.3404,14.0800,6.9410,1,9.967,9.970
476,DATA_20260316_090000.BIN,7.3404,12.0143,2.6009,12.0143,9.7460,1,10.943,10.952
477,DATA_20260316_090000.BIN,6.3133,12.3421,7.9071,12.3421,8.1840,1,5.787,5.787
478,DATA_20260316_090000.BIN,7.0466,13.4397,6.4925,13.4397,7.8100,1,4.011,4.416
479,DATA_20260316_090000.BIN,10.5194,15.8984,3.5939,15.8984,4.2570,1,3.991,4.552
480,DATA_20260316_090000.BIN,3.5939,11.2388,7.9903,11.2388,6.6660,1,7.203,7.916
481,DATA_20260316_090000.BIN,7.9903,13.2203,6.8743,13.2203,9.8120,1,1.569,1.703
482,DATA_20260316_090000.BIN,6.8743,16.5911,5.9442,16.5911,3.5420,1,2.740,3.620
483,DATA_20260316_090000.BIN,5.9442,10.3804,5.8189,10.3804,8.8660,1,3.383,5.512
484,DATA_20260316_090000.BIN,4.2051,10.5970,6.4292,10.5970,4.8180,1,6.147,6.531
485,DATA_20260316_090000.BIN,3.4978,13.0821,6.0125,13.0821,8.1510,1,7.696,8.849
486,DATA_20260316_090000.BIN,5.5179,9.3719,1.8254,9.3719,8.9540,1,3.216,5.051
487,DATA_20260316_090000.BIN,1.8254,14.8988,3.2369,14.8988,6.3250,1,6.534,6.720
488,DATA_20260316_090000.BIN,3.2369,8.6062,2.8650,8.6062,3.0250,1,5.480,5.495
489,DATA_20260316_090000.BIN,0.7506,4.7035,0.2458,4.7035,4.1360,1,7.520,8.711
490,DATA_20260316_090000.BIN,2.7878,14.6594,2.1604,14.6594,7.3260,1,4.692,5.494
491,DATA_20260316_090000.BIN,2.1604,7.4448,1.3340,7.4448,5.9510,1,4.160,4.569
492,DATA_20260316_090000.BIN,2.1385,5.8346,2.6964,5.8346,4.9720,1,3.248,3.423
493,DATA_20260316_090000.BIN,1.0950,4.8652,0.2534,4.8652,4.3010,1,4.192,4.229
494,DATA_20260316_090000.BIN,1.2584,5.0532,0.6090,5.0532,3.3220,1,4.277,4.285
495,DATA_20260316_090000.BIN,0.9542,7.1310,0.9452,7.1310,2.6950,1,3.669,3.670
496,DATA_20260316_090000.BIN,1.0068,6.7071,1.9628,6.7071,7.0180,1,4.146,8.367
497,DATA_20260316_090000.BIN,4.1138,10.2866,3.6224,10.2866,2.3320,1,2.016,2.915
498,DATA_20260316_090000.BIN,3.6224,8.0269,0.7466,8.0269,2.9810,1,1.321,3.121
499,DATA_20260316_090000.BIN,1.3493,4.7953,0.5809,4.7953,4.1910,1,2.503,4.073
500,DATA_20260316_090000.BIN,0.4533,6.9273,0.6174,6.9273,6.7430,1,3.427,5.195
501,DATA_20260316_090000.BIN,1.2729,6.3239,2.6003,6.3239,2.5960,1,3.481,3.751
502,DATA_20260316_090000.BIN,2.6003,6.4508,0.7753,6.4508,9.6690,1,1.139,1.599
503,DATA_20260316_090000.BIN,1.3808,5.2179,1.4208,5.2179,2.3100,1,3.396,3.571
504,DATA_20260316_090000.BIN,1.4208,9.5323,0.2520,9.5323,5.7310,1,2.367,2.957
505,DATA_20260316_090000.BIN,0.2520,4.2534,0.7111,4.2534,4.4990,1,2.828,2.959
506,DATA_20260316_090000.BIN,0.6984,4.2866,0.8896,4.2866,2.0240,1,3.409,4.964
507,DATA_20260316_090000.BIN,0.6542,6.0631,0.9718,6.0631,5.1810,1,1.974,2.244
508,DATA_20260316_090000.BIN,1.5208,7.1691,0.5943,7.1691,9.5810,1,3.153,4.465
509,DATA_20260316_090000.BIN,0.3160,6.2846,0.5304,6.2846,3.0580,1,1.280,2.405
510,DATA_20260316_090000.BIN,0.4627,6.5886,1.1417,6.5886,2.6840,1,1.526,2.286
511,DATA_20260316_090000.BIN,1.1417,4.7436,1.0111,4.7436,2.2990,1,0.186,1.799
512,DATA_20260316_090000.BIN,1.0111,5.5120,0.8011,5.5120,8.2940,1,1.378,1.491
513,DATA_20260316_090000.BIN,0.8011,5.9283,0.4237,5.9283,2.5190,1,2.335,2.745
514,DATA_20260316_090000.BIN,0.4237,5.5075,1.5561,5.5075,6.6990,1,1.253,1.557
515,DATA_20260316_090000.BIN,1.5561,6.5983,0.6576,6.5983,3.9050,1,2.433,2.481
516,DATA_20260316_090000.BIN,0.6576,7.1078,0.4755,7.1078,3.0800,1,0.167,1.180
517,DATA_20260316_090000.BIN,0.4755,6.6137,0.7539,6.6137,7.4250,1,1.038,1.092
518,DATA_20260316_090000.BIN,0.7539,6.8746,0.3996,6.8746,2.6070,1,0.501,2.713
519,DATA_20260316_090000.BIN,2.1871,6.6876,1.2884,6.6876,3.6080,1,2.217,2.842
520,DATA_20260316_090000.BIN,1.2884,5.6460,1.0311,5.6460,2.0350,1,1.041,1.051
521,DATA_20260316_090000.BIN,1.3249,4.9690,0.4518,4.9690,3.2890,1,1.891,2.108
522,DATA_20260316_090000.BIN,0.4518,11.2071,0.4597,11.2071,3.5090,1,1.522,5.598
523,DATA_20260316_090000.BIN,0.1892,6.3284,0.2085,6.3284,7.9200,1,0.741,2.957
524,DATA_20260316_090000.BIN,0.2085,8.6340,3.2446,8.6340,5.2140,1,1.079,2.504
525,DATA_20260316_090000.BIN,3.2446,22.9568,3.8169,22.9568,7.0840,1,3.166,7.218
526,DATA_20260316_090000.BIN,3.8169,9.1382,1.3379,9.1382,3.7070,1,5.313,12.963
527,DATA_20260316_090000.BIN,1.3379,27.1032,2.1555,27.1032,8.6240,1,4.238,8.814
528,DATA_20260316_090000.BIN,2.1555,8.3316,4.6104,8.3316,4.4110,1,4.194,7.017
529,DATA_20260316_090000.BIN,1.8322,6.1328,0.2096,6.1328,3.9050,1,3.290,4.664
530,DATA_20260316_090000.BIN,0.4505,19.0750,0.9603,19.0750,5.3460,1,1.074,2.246
531,DATA_20260316_090000.BIN,0.6464,5.5747,0.5357,5.5747,8.0190,1,0.979,1.239
532,DATA_20260316_090000.BIN,0.5357,5.0881,1.2235,5.0881,3.3220,1,0.358,1.316
533,DATA_20260316_090000.BIN,0.8428,6.8682,1.6441,6.8682,3.4430,1,1.474,1.951
534,DATA_20260316_090000.BIN,1.6441,4.7213,0.0906,4.7213,7.3920,1,1.902,1.913
535,DATA_20260316_090000.BIN,0.0906,7.0046,1.6055,7.0046,2.9370,1,0.442,1.369
536,DATA_20260316_090000.BIN,1.6055,6.0449,0.6341,6.0449,8.6790,1,1.243,1.466
537,DATA_20260316_090000.BIN,0.6341,5.0572,1.0088,5.0572,3.3550,1,0.893,1.945
538,DATA_20260316_090000.BIN,1.0088,5.2732,0.3593,5.2732,7.2270,1,0.970,1.699
539,DATA_20260316_090000.BIN,0.3593,9.7871,1.9073,9.7871,4.5980,1,0.861,2.150
540,DATA_20260316_090000.BIN,1.3555,5.7891,2.1715,5.7891,7.1940,1,2.487,5.953
541,DATA_20260316_090000.BIN,2.1715,6.5138,0.5167,6.5138,3.2010,1,2.500,3.113
542,DATA_20260316_090000.BIN,0.3332,5.9442,0.2263,5.9442,2.6400,1,1.658,4.843
543,DATA_20260316_090000.BIN,0.2263,6.9463,1.0673,6.9463,2.1890,1,0.473,0.475
544,DATA_20260316_090000.BIN,1.0673,8.3799,0.8599,8.3799,8.3380,1,1.670,2.552
545,DATA_20260316_090000.BIN,0.8599,5.4068,0.7303,5.4068,6.3140,1,1.380,1.716
546,DATA_20260316_090000.BIN,0.7303,7.8022,1.4572,7.8022,4.5650,1,1.661,4.009
547,DATA_20260316_090000.BIN,1.4572,7.1290,0.7783,7.1290,2.5960,1,1.578,2.095
548,DATA_20260316_090000.BIN,0.8501,4.2837,1.0967,4.2837,2.1560,1,0.501,2.055
549,DATA_20260316_090000.BIN,0.8737,5.7041,2.1404,5.7041,1.9250,1,0.775,1.653
550,DATA_20260316_090000.BIN,0.7142,7.9788,0.8602,7.9788,8.0520,1,1.773,7.503
551,DATA_20260316_090000.BIN,0.8602,6.7346,1.3980,6.7346,5.0930,1,2.244,4.348
552,DATA_20260316_090000.BIN,1.3980,16.2808,11.0306,16.2808,2.7500,1,2.741,8.277
553,DATA_20260316_090000.BIN,11.0306,20.0710,0.3284,20.0710,7.4690,1,13.207,13.219
554,DATA_20260316_090000.BIN,0.3284,6.1605,0.7398,6.1605,2.0570,1,1.667,9.162
555,DATA_20260316_090000.BIN,0.7398,16.1045,2.4025,16.1045,5.1150,1,2.314,14.143
556,DATA_20260316_090000.BIN,12.8190,18.2753,6.1601,18.2753,6.9960,1,15.551,16.027
557,DATA_20260316_090000.BIN,6.1601,11.9691,2.2311,11.9691,2.4310,1,7.635,12.305
558,DATA_20260316_090000.BIN,2.2311,7.6805,1.5206,7.6805,1.6170,1,2.778,7.373
559,DATA_20260316_090000.BIN,1.5206,13.7014,3.4797,13.7014,3.2670,1,3.070,13.756
560,DATA_20260316_090000.BIN,6.2336,16.0146,10.1798,16.0146,7.0950,1,6.841,9.682
561,DATA_20260316_090000.BIN,10.1798,15.1180,10.6015,15.1180,4.5100,1,11.036,13.220
562,DATA_20260316_090000.BIN,10.2125,14.3205,3.3224,14.3205,2.6070,1,10.072,12.321
563,DATA_20260316_090000.BIN,3.4735,7.5242,1.8137,7.5242,1.7600,1,6.681,9.592
564,DATA_20260316_090000.BIN,1.8137,14.0455,6.2036,14.0455,2.9370,1,0.681,2.818
565,DATA_20260316_090000.BIN,6.2036,12.4212,1.7820,12.4212,3.7620,1,5.090,7.140
566,DATA_20260316_090000.BIN,1.7820,10.6619,3.3047,10.6619,8.4260,1,1.915,2.428
567,DATA_20260316_090000.BIN,4.3931,9.6959,3.2522,9.6959,2.2990,1,1.952,2.790
568,DATA_20260316_090000.BIN,3.2522,7.7779,1.3429,7.7779,3.9160,1,5.162,10.999
569,DATA_20260316_090000.BIN,2.1320,19.3986,1.6041,19.3986,3.9160,1,5.033,5.693
570,DATA_20260316_090000.BIN,1.6041,7.6362,2.6405,7.6362,3.0800,1,4.327,10.578
571,DATA_20260316_090000.BIN,2.6405,14.0215,0.4257,14.0215,4.0260,1,5.416,5.513
572,DATA_20260316_090000.BIN,0.4257,7.3506,2.7828,7.3506,4.0150,1,3.217,6.805
573,DATA_20260316_090000.BIN,2.7828,16.1086,3.2335,16.1086,2.9480,1,5.922,7.309
574,DATA_20260316_090000.BIN,3.2335,6.9334,2.2506,6.9334,6.5560,1,0.814,8.101
575,DATA_20260316_090000.BIN,1.5737,19.0329,8.7673,19.0329,8.0080,1,2.991,3.428
576,DATA_20260316_090000.BIN,8.7673,15.6479,5.3856,15.6479,4.9500,1,10.274,12.194
577,DATA_20260316_090000.BIN,5.3856,20.8949,4.4488,20.8949,4.5650,1,4.702,5.730
578,DATA_20260316_090000.BIN,0.5470,6.2228,0.8114,6.2228,6.1270,1,3.362,4.840
579,DATA_20260316_090000.BIN,0.4405,5.5810,0.0988,5.5810,5.5880,1,1.727,3.916
580,DATA_20260316_090000.BIN,0.0988,11.4456,4.4843,11.4456,5.5110,1,3.401,5.064
581,DATA_20260316_090000.BIN,5.0591,10.2092,0.6460,10.2092,8.7670,1,4.158,4.172
582,DATA_20260316_090000.BIN,1.6325,8.7889,1.3243,8.7889,7.1060,1,3.522,4.022
583,DATA_20260316_090000.BIN,1.3243,6.2748,0.4224,6.2748,9.3720,1,0.974,0.974
584,DATA_20260316_090000.BIN,3.4497,7.8224,2.9260,7.8224,8.4370,1,3.394,5.441
585,DATA_20260316_090000.BIN,1.7429,7.6057,1.8090,7.6057,6.2700,1,3.376,4.893
586,DATA_20260316_090000.BIN,1.8090,8.1141,1.5012,8.1141,1.4080,1,2.901,2.928
587,DATA_20260316_090000.BIN,3.7278,9.4648,0.4769,9.4648,3.6080,1,5.312,8.300
588,DATA_20260316_090000.BIN,0.4769,7.0123,3.3080,7.0123,8.6350,1,2.989,5.832
589,DATA_20260316_090000.BIN,3.3080,7.3715,4.2231,7.3715,5.0930,1,5.327,6.606
590,DATA_20260316_090000.BIN,1.4471,9.8889,0.7754,9.8889,3.0470,1,1.720,2.054
591,DATA_20260316_090000.BIN,1.9805,6.7484,0.3378,6.7484,2.0460,1,1.664,4.564
592,DATA_20260316_090000.BIN,3.0186,7.0454,2.8135,7.0454,6.9630,1,3.418,7.005
593,DATA_20260316_090000.BIN,2.8135,6.7069,2.3221,6.7069,8.6020,1,2.527,7.029
594,DATA_20260316_090000.BIN,2.3221,8.4504,3.0255,8.4504,2.1890,1,3.257,3.553
595,DATA_20260316_090000.BIN,3.0255,7.3912,2.1487,7.3912,9.9220,1,2.933,4.450
596,DATA_20260316_090000.BIN,2.1487,8.5021,3.9256,8.5021,2.4640,1,1.649,2.763
597,DATA_20260316_090000.BIN,0.8873,7.2102,1.8802,7.2102,2.6510,1,0.893,1.016
598,DATA_20260316_090000.BIN,1.8802,9.0071,0.4337,9.0071,9.3280,1,0.373,1.703
599,DATA_20260316_090000.BIN,0.4337,9.0845,3.6491,9.0845,7.9090,1,2.371,3.323
600,DATA_20260316_090000.BIN,1.6663,8.7719,3.3156,8.7719,2.8930,1,1.743,4.566
601,DATA_20260316_090000.BIN,0.5476,6.7822,2.8831,6.7822,3.0140,1,1.932,2.313
602,DATA_20260316_090000.BIN,3.8296,8.5401,3.3053,8.5401,3.1680,1,4.934,5.749
603,DATA_20260316_090000.BIN,3.3053,12.1916,4.0557,12.1916,5.9400,1,3.232,4.743
604,DATA_20260316_090000.BIN,5.6318,8.8899,4.8538,8.8899,5.3900,1,6.369,6.381
605,DATA_20260316_090000.BIN,4.8538,15.6062,4.1084,15.6062,6.2700,1,4.250,4.391
606,DATA_20260316_090000.BIN,4.1084,11.8655,5.5644,11.8655,2.5300,1,4.599,9.235
607,DATA_20260316_090000.BIN,4.9238,9.7715,4.0436,9.7715,3.8060,1,3.683,3.923
608,DATA_20260316_090000.BIN,4.0436,10.3236,5.9519,10.3236,4.5100,1,2.618,5.445
609,DATA_20260316_090000.BIN,8.0823,12.5216,6.8974,12.5216,2.4420,1,6.639,8.330
610,DATA_20260316_090000.BIN,6.8974,11.1093,3.4589,11.1093,3.1900,1,6.070,6.199
611,DATA_20260316_090000.BIN,3.4589,10.4745,4.3134,10.4745,3.7400,1,1.084,2.669
612,DATA_20260316_090000.BIN,3.5246,9.8992,3.7878,9.8992,2.9260,1,2.427,3.089
613,DATA_20260316_090000.BIN,3.7878,9.8636,5.1744,9.8636,8.1730,1,3.040,3.186
614,DATA_20260316_090000.BIN,4.9164,8.8544,5.2065,8.8544,6.1160,1,3.698,4.863
615,DATA_20260316_090000.BIN,5.2065,11.0171,2.0734,11.0171,7.2050,1,7.684,9.180
616,DATA_20260316_090000.BIN,2.0734,10.1544,3.5275,10.1544,4.9060,1,4.951,14.289
617,DATA_20260316_090000.BIN,3.5275,7.5734,0.3240,7.5734,6.6220,1,4.391,5.172
618,DATA_20260316_090000.BIN,0.3240,8.9863,0.9297,8.9863,4.6310,1,3.618,4.154
619,DATA_20260316_090000.BIN,0.9297,15.4529,7.5457,15.4529,2.2770,1,2.504,2.615
620,DATA_20260316_090000.BIN,5.3536,15.0705,9.6504,15.0705,3.5640,1,6.843,7.708
621,DATA_20260316_090000.BIN,9.6504,13.9425,4.9187,13.9425,9.1520,1,11.178,11.496
622,DATA_20260316_090000.BIN,4.9187,11.8360,4.9495,11.8360,3.3660,1,3.024,3.742
623,DATA_20260316_090000.BIN,7.5591,12.1454,6.4891,12.1454,6.8750,1,7.124,7.676
624,DATA_20260316_090000.BIN,6.4891,13.8103,7.5986,13.8103,2.2770,1,4.117,4.314
625,DATA_20260316_090000.BIN,6.4212,13.7591,9.2405,13.7591,6.0170,1,3.760,3.821
626,DATA_20260316_090000.BIN,7.6618,15.5615,7.9658,15.5615,2.9040,1,4.507,5.239
627,DATA_20260316_090000.BIN,5.5298,19.3110,7.3983,19.3110,2.7610,1,2.283,2.296
628,DATA_20260316_090000.BIN,4.8486,21.2191,8.8618,21.2191,5.1040,1,2.028,2.298
629,DATA_20260316_090000.BIN,6.7180,17.0254,6.5834,17.0254,3.2890,1,2.797,2.835
630,DATA_20260316_090000.BIN,4.7725,17.9169,7.7184,17.9169,2.1010,1,1.274,1.952
631,DATA_20260316_090000.BIN,7.7184,13.9817,7.1549,13.9817,1.9360,1,5.264,5.887
632,DATA_20260316_090000.BIN,7.0104,18.9796,8.9499,18.9796,3.3770,1,2.882,3.344
633,DATA_20260316_090000.BIN,8.9499,13.3914,7.8929,13.3914,8.8550,1,4.625,4.723
634,DATA_20260316_090000.BIN,7.8929,18.9092,7.4673,18.9092,4.4000,1,2.918,2.921
635,DATA_20260316_090000.BIN,7.4673,12.7599,5.8921,12.7599,7.4360,1,3.879,9.574
636,DATA_20260316_090000.BIN,5.8921,18.2502,8.3011,18.2502,3.6630,1,0.280,2.023
637,DATA_20260316_090000.BIN,8.3011,13.0918,9.2003,13.0918,4.6640,1,4.160,5.891
638,DATA_20260316_090000.BIN,9.2003,13.2320,6.4143,13.2320,3.3550,1,7.221,8.345
639,DATA_20260316_090000.BIN,6.4143,19.2425,9.1188,19.2425,3.4210,1,1.068,1.377
640,DATA_20260316_090000.BIN,8.6239,13.2928,8.2219,13.2928,1.8920,1,3.259,3.416
641,DATA_20260316_090000.BIN,8.2219,21.0808,6.5159,21.0808,4.0810,1,4.867,4.985
642,DATA_20260316_090000.BIN,6.5159,12.4874,6.6871,12.4874,9.9550,1,2.010,2.541
643,DATA_20260316_090000.BIN,6.6871,15.0625,7.5287,15.0625,2.6400,1,0.501,0.504
644,DATA_20260316_090000.BIN,7.0385,13.5388,8.6452,13.5388,3.5310,1,1.057,2.774
645,DATA_20260316_090000.BIN,8.6452,16.0139,9.8007,16.0139,2.0240,1,3.660,3.687
646,DATA_20260316_090000.BIN,6.0064,19.4330,5.3498,19.4330,3.1350,1,0.696,2.581
647,DATA_20260316_090000.BIN,5.3498,11.6210,8.1860,11.6210,2.4640,1,1.757,1.871
648,DATA_20260316_090000.BIN,8.1860,13.9472,7.7043,13.9472,8.7120,1,4.273,9.301
649,DATA_20260316_090000.BIN,9.7695,15.6361,8.6586,15.6361,4.3230,1,5.147,5.730
650,DATA_20260316_090000.BIN,8.6586,14.3987,8.3996,14.3987,1.4740,1,2.234,2.463
651,DATA_20260316_090000.BIN,3.7865,18.3793,6.3448,18.3793,3.2230,1,5.344,8.237
652,DATA_20260316_090000.BIN,6.3448,14.0231,6.5765,14.0231,8.3490,1,4.279,4.312
653,DATA_20260316_090000.BIN,6.5765,16.5727,7.0184,16.5727,5.8300,1,1.775,1.776
654,DATA_20260316_090000.BIN,7.0184,16.5794,5.4724,16.5794,2.4310,1,1.226,3.887
655,DATA_20260316_090000.BIN,5.4724,13.0829,9.2601,13.0829,5.7860,1,2.012,3.799
656,DATA_20260316_090000.BIN,4.9131,14.4216,9.5745,14.4216,3.7510,1,6.778,10.503
657,DATA_20260316_090000.BIN,12.2898,16.2659,1.8839,16.2659,3.1350,1,9.093,10.074
658,DATA_20260316_090000.BIN,1.8839,14.9014,7.7973,14.9014,5.5550,1,8.845,18.048
659,DATA_20260316_090000.BIN,7.7973,14.1825,10.1378,14.1825,8.9650,1,6.217,6.893
660,DATA_20260316_090000.BIN,10.1378,17.0323,5.8273,17.0323,2.2440,1,5.183,5.325
661,DATA_20260316_090000.BIN,5.8273,14.6291,7.8353,14.6291,8.9650,1,1.547,2.520
662,DATA_20260316_090000.BIN,7.8353,16.2755,8.3124,16.2755,2.1560,1,2.068,2.905
663,DATA_20260316_090000.BIN,10.9942,15.0638,8.9520,15.0638,5.5550,1,8.036,10.007
664,DATA_20260316_090000.BIN,8.9520,20.9373,10.0828,20.9373,2.6950,1,3.179,3.296
665,DATA_20260316_090000.BIN,10.3266,15.9344,7.9644,15.9344,9.6690,1,13.614,14.794
666,DATA_20260316_090000.BIN,7.9644,16.3080,6.3529,16.3080,3.8720,1,4.610,4.650
667,DATA_20260316_090000.BIN,6.3529,16.8111,8.0575,16.8111,2.4310,1,2.458,4.945
668,DATA_20260316_090000.BIN,6.1954,11.9414,3.9676,11.9414,2.8710,1,9.272,9.385
669,DATA_20260316_090000.BIN,3.9676,20.5045,2.8475,20.5045,2.3320,1,7.767,7.771
670,DATA_20260316_090000.BIN,2.8475,14.4297,9.3770,14.4297,7.7880,1,6.660,18.425
671,DATA_20260316_090000.BIN,2.4233,13.3935,9.4261,13.3935,9.4490,1,9.691,16.916
672,DATA_20260316_090000.BIN,9.4261,12.9048,7.5342,12.9048,5.5110,1,5.646,11.925
673,DATA_20260316_090000.BIN,11.3966,16.3296,12.5304,16.3296,4.9500,1,7.603,12.158
674,DATA_20260316_090000.BIN,3.7080,19.0523,13.8372,19.0523,3.0030,1,8.915,11.802
675,DATA_20260316_090000.BIN,13.8372,19.0119,1.6748,19.0119,3.2340,1,11.577,13.008
676,DATA_20260316_090000.BIN,8.9677,15.7390,6.1651,15.7390,7.6890,1,6.581,8.070
677,DATA_20260316_090000.BIN,6.1651,16.8660,7.9638,16.8660,4.4220,1,2.663,9.986
678,DATA_20260316_090000.BIN,7.5546,12.5342,3.3079,12.5342,9.4820,1,1.547,3.808
679,DATA_20260316_090000.BIN,3.3079,12.8090,7.8023,12.8090,5.3790,1,9.807,11.573
680,DATA_20260316_090000.BIN,8.5676,13.7787,9.3654,13.7787,3.5970,1,3.878,5.331
681,DATA_20260316_090000.BIN,9.3654,17.9478,12.8546,17.9478,3.3770,1,5.887,7.377
682,DATA_20260316_090000.BIN,12.8546,18.7308,12.5228,18.7308,6.8310,1,16.514,16.514
683,DATA_20260316_090000.BIN,12.5228,18.2044,10.7838,18.2044,7.2270,1,7.300,10.626
684,DATA_20260316_090000.BIN,10.7838,14.8278,9.5414,14.8278,3.1900,1,3.336,11.180
685,DATA_20260316_090000.BIN,8.5704,15.5350,9.1227,15.5350,2.9150,1,3.098,3.189
686,DATA_20260316_100000.BIN,3.3201,21.5014,3.1845,21.5014,2.5960,1,5.614,5.766
687,DATA_20260316_100000.BIN,3.1845,8.2176,2.0829,8.2176,2.8820,1,8.317,15.277
688,DATA_20260316_100000.BIN,2.0829,7.5042,0.5216,7.5042,3.4760,1,6.186,10.746
689,DATA_20260316_100000.BIN,0.5216,5.1437,0.8087,5.1437,4.7410,1,2.888,5.992
690,DATA_20260316_100000.BIN,3.5873,12.2654,4.0115,12.2654,3.5530,1,6.255,9.819
691,DATA_20260316_100000.BIN,4.0115,24.4708,8.8382,24.4708,3.8940,1,6.432,19.639
692,DATA_20260316_100000.BIN,8.8382,15.9207,3.7760,15.9207,4.4990,1,11.968,15.563
693,DATA_20260316_100000.BIN,3.7760,10.2928,1.7293,10.2928,3.6630,1,5.110,7.293
694,DATA_20260316_100000.BIN,1.7293,23.6356,8.5876,23.6356,5.5440,1,3.541,17.282
695,DATA_20260316_100000.BIN,8.5876,22.5557,3.2577,22.5557,3.4760,1,9.749,13.427
696,DATA_20260316_100000.BIN,3.2577,7.8133,2.3805,7.8133,4.1140,1,2.344,6.263
697,DATA_20260316_100000.BIN,2.3805,15.1975,8.8642,15.1975,7.1390,1,1.070,13.724
698,DATA_20260316_100000.BIN,8.8642,13.1590,6.4930,13.1590,2.9920,1,8.855,8.880
699,DATA_20260316_100000.BIN,6.4930,10.8165,1.8986,10.8165,4.0480,1,4.950,12.989
700,DATA_20260316_100000.BIN,1.8986,21.0237,5.4602,21.0237,3.9490,1,3.628,11.718
701,DATA_20260316_100000.BIN,5.4602,9.2707,0.1101,9.2707,5.6540,1,3.645,3.654
702,DATA_20260316_100000.BIN,1.8725,5.9630,1.3845,5.9630,3.9930,1,1.450,7.486
703,DATA_20260316_100000.BIN,1.3845,9.0453,1.5197,9.0453,4.0370,1,3.065,6.460
704,DATA_20260316_100000.BIN,1.5197,10.1293,0.3329,10.1293,9.5700,1,1.085,9.857
705,DATA_20260316_100000.BIN,1.6793,9.6019,4.1818,9.6019,8.5030,1,3.624,7.271
706,DATA_20260316_100000.BIN,4.1818,13.2684,2.6980,13.2684,2.6620,1,2.839,8.184
707,DATA_20260316_100000.BIN,2.6980,11.9173,2.3833,11.9173,7.2490,1,4.118,4.751
708,DATA_20260316_100000.BIN,0.4604,6.5684,0.7512,6.5684,6.1270,1,2.342,3.991
709,DATA_20260316_100000.BIN,0.7512,5.5335,0.6612,5.5335,5.4120,1,1.314,4.765
710,DATA_20260316_100000.BIN,2.9830,8.7094,3.3497,8.7094,1.8150,1,3.796,4.376
711,DATA_20260316_100000.BIN,4.5706,13.5639,2.5436,13.5639,9.5700,1,4.187,4.596
712,DATA_20260316_100000.BIN,3.2419,37.4146,20.5726,37.4146,6.4350,1,2.514,2.926
713,DATA_20260316_100000.BIN,1.7379,16.0781,0.4482,16.0781,5.8190,1,3.875,3.977
714,DATA_20260316_100000.BIN,0.4482,23.7136,1.7245,23.7136,5.8630,1,1.606,4.319
715,DATA_20260316_100000.BIN,1.7245,8.1209,2.8108,8.1209,3.8170,1,1.482,6.304
716,DATA_20260316_100000.BIN,2.2516,9.0993,2.5340,9.0993,4.1360,1,1.162,2.988
717,DATA_20260316_100000.BIN,0.5332,5.8326,0.9306,5.8326,5.0600,1,1.088,1.571
718,DATA_20260316_100000.BIN,0.9306,5.6786,1.9491,5.6786,3.9380,1,1.362,3.913
719,DATA_20260316_100000.BIN,2.2323,6.3739,3.3332,6.3739,2.9700,1,1.204,1.388
720,DATA_20260316_100000.BIN,3.3332,8.6214,0.6094,8.6214,3.9160,1,2.509,2.571
721,DATA_20260316_100000.BIN,0.6094,7.9925,1.2133,7.9925,6.2920,1,1.258,3.198
722,DATA_20260316_100000.BIN,1.5128,7.4029,1.5578,7.4029,3.6960,1,2.495,4.610
723,DATA_20260316_100000.BIN,1.5578,6.2787,2.6538,6.2787,3.8610,1,2.504,3.461
724,DATA_20260316_100000.BIN,2.6465,8.0599,1.4163,8.0599,2.6730,1,2.040,2.400
725,DATA_20260316_100000.BIN,1.4163,6.5348,0.7137,6.5348,2.6510,1,2.673,4.726
726,DATA_20260316_100000.BIN,0.7137,10.6048,2.7663,10.6048,4.6200,1,0.684,2.672
727,DATA_20260316_100000.BIN,2.7663,9.9374,5.8927,9.9374,1.8590,1,2.482,2.733
728,DATA_20260316_100000.BIN,5.8927,12.3421,1.6321,12.3421,6.2920,1,5.904,5.907
729,DATA_20260316_100000.BIN,1.6321,12.9291,3.8757,12.9291,1.7050,1,2.927,2.938
730,DATA_20260316_100000.BIN,3.8757,9.8767,5.6142,9.8767,2.2880,1,6.057,6.249
731,DATA_20260316_100000.BIN,5.6142,8.9794,2.5270,8.9794,2.6400,1,6.264,6.434
732,DATA_20260316_100000.BIN,2.5270,8.1635,0.8932,8.1635,7.7440,1,2.095,7.532
733,DATA_20260316_100000.BIN,0.8932,5.2285,0.5815,5.2285,9.9000,1,1.640,6.550
734,DATA_20260316_100000.BIN,5.4057,10.5221,2.9256,10.5221,2.5630,1,5.219,5.244
735,DATA_20260316_100000.BIN,3.8176,8.4273,3.4569,8.4273,5.7530,1,3.117,3.744
736,DATA_20260316_100000.BIN,7.3184,11.5002,7.5747,11.5002,1.9910,1,7.419,8.937
737,DATA_20260316_100000.BIN,3.1937,12.7475,0.6373,12.7475,7.3480,1,5.434,5.438
738,DATA_20260316_100000.BIN,2.4444,20.3769,7.6765,20.3769,8.1950,1,2.231,3.975
739,DATA_20260316_100000.BIN,3.0508,16.9172,2.7670,16.9172,6.9410,1,1.318,3.484
740,DATA_20260316_100000.BIN,2.7670,10.1525,2.2490,10.1525,9.8230,1,1.248,1.559
741,DATA_20260316_100000.BIN,4.0461,9.0892,0.8251,9.0892,5.8080,1,2.886,2.942
742,DATA_20260316_100000.BIN,0.8251,10.4381,4.0399,10.4381,6.0610,1,2.604,3.075
743,DATA_20260316_100000.BIN,1.6202,7.2056,2.7805,7.2056,4.1030,1,2.442,3.981
744,DATA_20260316_100000.BIN,2.9731,7.4738,0.9152,7.4738,8.8880,1,2.015,2.805
745,DATA_20260316_100000.BIN,0.9152,14.2433,8.3986,14.2433,7.1940,1,2.253,6.732
746,DATA_20260316_100000.BIN,10.2932,13.9109,4.1873,13.9109,7.2600,1,10.362,11.416
747,DATA_20260316_100000.BIN,4.1873,8.0639,3.7479,8.0639,9.2730,1,1.660,3.378
748,DATA_20260316_100000.BIN,3.7479,7.7279,1.2839,7.7279,9.7020,1,2.701,3.659
749,DATA_20260316_100000.BIN,1.2839,6.3778,1.6346,6.3778,2.4640,1,2.254,2.482
750,DATA_20260316_100000.BIN,1.6346,6.4843,0.9618,6.4843,6.3470,1,1.265,1.579
751,DATA_20260316_100000.BIN,0.9618,7.7172,1.7468,7.7172,6.3250,1,2.715,6.433
752,DATA_20260316_100000.BIN,3.2264,7.3002,1.9444,7.3002,6.6990,1,3.024,5.171
753,DATA_20260316_100000.BIN,1.9444,7.5909,0.9325,7.5909,3.8280,1,1.818,3.686
754,DATA_20260316_100000.BIN,0.9325,6.9264,2.0534,6.9264,3.0800,1,3.323,3.884
755,DATA_20260316_100000.BIN,2.0534,6.8978,0.2978,6.8978,2.7060,1,0.786,1.020
756,DATA_20260316_100000.BIN,0.2978,14.7855,2.7653,14.7855,7.0730,1,2.195,2.804
757,DATA_20260316_100000.BIN,2.7653,13.0547,5.2714,13.0547,6.6330,1,4.312,8.046
758,DATA_20260316_100000.BIN,6.4964,12.2383,1.6260,12.2383,2.2990,1,6.622,10.358
759,DATA_20260316_100000.BIN,1.6260,8.4019,0.3244,8.4019,2.5630,1,1.109,15.669
760,DATA_20260316_100000.BIN,0.3244,25.3787,2.7889,25.3787,8.7670,1,1.319,16.181
761,DATA_20260316_100000.BIN,2.7889,10.0814,2.1338,10.0814,2.7610,1,2.226,13.525
762,DATA_20260316_100000.BIN,2.1338,17.7312,3.1213,17.7312,4.0150,1,3.307,3.354
763,DATA_20260316_100000.BIN,3.1213,8.6094,1.7706,8.6094,6.3140,1,4.746,7.225
764,DATA_20260316_100000.BIN,1.7706,16.1289,9.8056,16.1289,3.4540,1,1.838,2.941
765,DATA_20260316_100000.BIN,9.8056,21.3250,0.3121,21.3250,6.1820,1,10.167,11.014
766,DATA_20260316_100000.BIN,0.3121,18.2677,1.7179,18.2677,6.3360,1,2.728,4.072
767,DATA_20260316_100000.BIN,1.7179,10.4627,0.9604,10.4627,3.5860,1,1.138,12.842
768,DATA_20260316_100000.BIN,0.7457,5.5036,0.8578,5.5036,3.7400,1,1.343,7.134
769,DATA_20260316_100000.BIN,3.3149,7.7912,0.7349,7.7912,7.5130,1,5.790,7.271
770,DATA_20260316_100000.BIN,0.7349,4.4361,0.4451,4.4361,8.4480,1,0.765,0.927
771,DATA_20260316_100000.BIN,0.4451,4.4378,0.2308,4.4378,4.4000,1,1.781,4.708
772,DATA_20260316_100000.BIN,1.3907,4.7726,0.8347,4.7726,6.9850,1,2.797,5.362
773,DATA_20260316_100000.BIN,0.8347,22.0757,10.9509,22.0757,5.8190,1,2.033,5.030
774,DATA_20260316_100000.BIN,10.9509,16.2189,3.7061,16.2189,2.6510,1,11.731,13.629
775,DATA_20260316_100000.BIN,3.7061,14.5426,4.9311,14.5426,5.5220,1,4.648,4.718
776,DATA_20260316_100000.BIN,4.9311,16.7421,5.2228,16.7421,7.7880,1,7.230,8.217
777,DATA_20260316_100000.BIN,5.2228,8.9404,2.5025,8.9404,5.7090,1,6.876,8.291
778,DATA_20260316_100000.BIN,2.5025,10.5328,3.0302,10.5328,1.8920,1,3.287,3.303
779,DATA_20260316_100000.BIN,3.0302,15.4058,0.6360,15.4058,3.1790,1,4.063,4.897
780,DATA_20260316_100000.BIN,5.5510,8.5168,3.7579,8.5168,5.9620,1,6.904,6.996
781,DATA_20260316_100000.BIN,1.4392,7.0794,2.6755,7.0794,2.4420,1,1.498,5.827
782,DATA_20260316_100000.BIN,2.6755,6.6268,2.0629,6.6268,3.3220,1,2.417,2.620
783,DATA_20260316_100000.BIN,2.2409,7.2501,0.6267,7.2501,1.6610,1,2.687,6.031
784,DATA_20260316_100000.BIN,0.6267,12.5001,0.6637,12.5001,4.0480,1,0.530,7.909
785,DATA_20260316_100000.BIN,0.6637,30.0999,2.5828,30.0999,5.3240,1,1.566,4.369
786,DATA_20260316_100000.BIN,2.5828,11.1187,0.4920,11.1187,3.2010,1,2.043,9.718
787,DATA_20260316_100000.BIN,0.4920,22.5873,1.3455,22.5873,8.1840,1,1.647,13.652
788,DATA_20260316_100000.BIN,0.9603,5.9308,1.2778,5.9308,4.4770,1,0.621,4.300
789,DATA_20260316_100000.BIN,1.2778,6.1461,1.8802,6.1461,3.7180,1,2.129,3.502
790,DATA_20260316_100000.BIN,0.5448,12.2004,7.0211,12.2004,2.5630,1,1.000,1.139
791,DATA_20260316_100000.BIN,7.0211,11.7597,1.2555,11.7597,2.6510,1,7.916,8.097
792,DATA_20260316_100000.BIN,1.2555,10.5445,3.3550,10.5445,7.9420,1,1.993,4.137
793,DATA_20260316_100000.BIN,3.3550,6.5078,0.3131,6.5078,6.9630,1,3.778,7.671
794,DATA_20260316_100000.BIN,1.1403,8.4136,0.2204,8.4136,3.9050,1,0.671,0.688
795,DATA_20260316_100000.BIN,0.2204,7.6263,1.3699,7.6263,8.9540,1,1.405,2.079
796,DATA_20260316_100000.BIN,1.3699,7.1186,1.9734,7.1186,9.3500,1,1.057,1.709
797,DATA_20260316_100000.BIN,1.9734,8.0867,2.1952,8.0867,3.1680,1,2.207,4.306
798,DATA_20260316_100000.BIN,2.1952,5.9263,1.4318,5.9263,4.9060,1,2.495,5.138
799,DATA_20260316_100000.BIN,1.4318,8.0890,1.1988,8.0890,4.3670,1,1.191,5.672
800,DATA_20260316_100000.BIN,1.1988,7.3216,0.3336,7.3216,8.8550,1,1.918,4.672
801,DATA_20260316_100000.BIN,0.3336,7.3118,1.5137,7.3118,2.8380,1,0.986,1.216
802,DATA_20260316_100000.BIN,1.5137,6.4112,2.3165,6.4112,5.6540,1,2.397,2.420
803,DATA_20260316_100000.BIN,0.9710,15.7006,1.4885,15.7006,3.5420,1,1.163,1.789
804,DATA_20260316_100000.BIN,1.4885,5.6219,0.6557,5.6219,5.7750,1,1.470,1.623
805,DATA_20260316_100000.BIN,0.6557,7.5758,0.9033,7.5758,7.0840,1,1.152,3.889
806,DATA_20260316_100000.BIN,5.1088,11.3259,0.7445,11.3259,8.3160,1,5.889,6.360
807,DATA_20260316_100000.BIN,0.7445,5.8783,2.4476,5.8783,4.7960,1,0.331,2.815
808,DATA_20260316_100000.BIN,2.4476,9.9264,4.6873,9.9264,1.5070,1,3.003,3.191
809,DATA_20260316_100000.BIN,4.6873,11.8146,3.5967,11.8146,2.7610,1,5.347,5.424
810,DATA_20260316_100000.BIN,3.5967,23.2520,3.8533,23.2520,3.4980,1,3.589,3.806
811,DATA_20260316_100000.BIN,3.8533,8.1221,1.8913,8.1221,3.7400,1,3.352,3.744
812,DATA_20260316_100000.BIN,1.8913,15.9443,0.5217,15.9443,2.9150,1,1.868,2.769
813,DATA_20260316_100000.BIN,0.5217,11.4580,2.4152,11.4580,2.8380,1,1.468,4.917
814,DATA_20260316_100000.BIN,2.4152,7.8364,2.2801,7.8364,4.8950,1,4.199,6.152
815,DATA_20260316_100000.BIN,5.6282,17.7609,8.4785,17.7609,4.1470,1,5.820,10.919
816,DATA_20260316_100000.BIN,8.4785,16.1903,8.2097,16.1903,6.0940,1,8.681,11.005
817,DATA_20260316_100000.BIN,8.2097,19.6596,6.5990,19.6596,4.6970,1,7.483,9.438
818,DATA_20260316_100000.BIN,6.5990,10.2267,6.9682,10.2267,6.4460,1,4.573,12.273
819,DATA_20260316_100000.BIN,6.9682,13.5936,5.6859,13.5936,4.3560,1,4.602,10.689
820,DATA_20260316_100000.BIN,6.4860,17.8722,7.4103,17.8722,4.6200,1,3.712,6.810
821,DATA_20260316_100000.BIN,7.4103,14.3996,1.8281,14.3996,5.6210,1,4.812,5.343
822,DATA_20260316_100000.BIN,1.8281,11.5348,2.9892,11.5348,3.4320,1,6.246,10.014
823,DATA_20260316_100000.BIN,2.9892,26.3256,4.7605,26.3256,2.6730,1,0.816,6.899
824,DATA_20260316_100000.BIN,4.7605,24.7193,0.2260,24.7193,3.5860,1,3.357,3.435
825,DATA_20260316_100000.BIN,0.2260,7.5257,2.4920,7.5257,3.3990,1,3.724,7.659
826,DATA_20260316_100000.BIN,2.4920,7.0186,0.3165,7.0186,3.4760,1,2.431,3.811
827,DATA_20260316_100000.BIN,0.3165,27.9654,18.7116,27.9654,5.6430,1,3.107,5.195
828,DATA_20260316_100000.BIN,18.7116,28.0293,13.0727,28.0293,5.0930,1,20.058,22.339
829,DATA_20260316_100000.BIN,13.0727,29.2252,3.8589,29.2252,7.2160,1,11.730,15.166
830,DATA_20260316_100000.BIN,3.8589,34.4047,14.0203,34.4047,4.2570,1,1.819,6.310
831,DATA_20260316_100000.BIN,14.0203,36.9423,0.7625,36.9423,4.0150,1,10.859,12.537
832,DATA_20260316_100000.BIN,0.7625,43.1235,3.8019,43.1235,8.3050,1,7.567,9.193
833,DATA_20260316_100000.BIN,0.7059,5.4513,1.7423,5.4513,3.3440,1,5.127,5.588
834,DATA_20260316_100000.BIN,1.7423,8.1071,3.5596,8.1071,4.0150,1,3.461,3.540
835,DATA_20260316_100000.BIN,3.5596,12.0470,8.4749,12.0470,2.3540,1,1.491,4.196
836,DATA_20260316_100000.BIN,8.4749,11.5154,5.7849,11.5154,8.7670,1,5.420,8.080
837,DATA_20260316_100000.BIN,4.0990,15.7404,2.0810,15.7404,2.2550,1,1.629,3.570
838,DATA_20260316_100000.BIN,2.0810,8.1862,4.1525,8.1862,2.3210,1,7.015,7.782
839,DATA_20260316_100000.BIN,1.2844,8.6323,0.1877,8.6323,1.3530,1,3.337,6.079
840,DATA_20260316_100000.BIN,0.1877,24.2985,1.1308,24.2985,4.0700,1,4.017,4.883
841,DATA_20260316_100000.BIN,1.1308,26.1619,3.8513,26.1619,3.8500,1,3.333,3.334
842,DATA_20260316_100000.BIN,3.8513,9.4112,4.9202,9.4112,4.3010,1,4.253,7.138
843,DATA_20260316_100000.BIN,4.9202,12.5781,5.5252,12.5781,1.5840,1,1.985,11.952
844,DATA_20260316_100000.BIN,5.5252,9.4460,3.6947,9.4460,3.6960,1,5.296,6.181
845,DATA_20260316_100000.BIN,3.6947,12.3059,0.3945,12.3059,2.9260,1,0.843,1.460
846,DATA_20260316_100000.BIN,0.3945,5.3109,1.8641,5.3109,4.3670,1,4.181,5.604
847,DATA_20260316_100000.BIN,1.0935,8.7892,4.1615,8.7892,2.3210,1,4.430,4.959
848,DATA_20260316_100000.BIN,0.7512,25.6756,5.3050,25.6756,3.5640,1,1.935,6.105
849,DATA_20260316_100000.BIN,1.2032,14.5727,1.9725,14.5727,4.7850,1,2.938,7.795
850,DATA_20260316_100000.BIN,0.7389,6.4585,2.4300,6.4585,2.2660,1,1.565,5.073
851,DATA_20260316_100000.BIN,2.4300,9.7764,4.1169,9.7764,1.6280,1,3.483,3.790
852,DATA_20260316_100000.BIN,4.1169,12.6476,5.3976,12.6476,3.5970,1,4.311,4.318
853,DATA_20260316_100000.BIN,5.3976,11.7219,1.0057,11.7219,1.5730,1,5.715,5.730
854,DATA_20260316_100000.BIN,1.0057,8.3171,1.5464,8.3171,2.1010,1,1.557,1.796
855,DATA_20260316_100000.BIN,1.5464,10.4082,4.0717,10.4082,6.7320,1,4.238,7.715
856,DATA_20260316_100000.BIN,4.0717,21.5190,3.1049,21.5190,3.5530,1,4.032,4.616
857,DATA_20260316_100000.BIN,3.1049,15.1793,1.0548,15.1793,4.9830,1,3.784,7.324
858,DATA_20260316_100000.BIN,1.0548,8.5593,3.1701,8.5593,2.1230,1,2.880,4.572
859,DATA_20260316_100000.BIN,3.1701,10.0570,3.1846,10.0570,2.2000,1,4.365,5.598
860,DATA_20260316_100000.BIN,3.1846,9.9346,1.6905,9.9346,5.0160,1,3.966,5.022
861,DATA_20260316_100000.BIN,1.6905,9.6961,0.8687,9.6961,4.5100,1,0.891,1.402
862,DATA_20260316_100000.BIN,0.8687,7.1662,1.5043,7.1662,4.6310,1,2.117,4.309
863,DATA_20260316_100000.BIN,2.5148,5.7425,2.2808,5.7425,3.0250,1,3.106,3.232
864,DATA_20260316_100000.BIN,3.5509,7.4679,1.6889,7.4679,2.1450,1,4.437,5.789
865,DATA_20260316_100000.BIN,1.2848,5.4129,1.5557,5.4129,3.4980,1,1.424,1.424
866,DATA_20260316_100000.BIN,1.5557,6.7541,0.2424,6.7541,1.8370,1,1.936,6.117
867,DATA_20260316_100000.BIN,0.2424,21.5055,4.4826,21.5055,5.7970,1,1.452,2.878
868,DATA_20260316_100000.BIN,8.9819,16.2111,4.2647,16.2111,5.8850,1,10.447,10.902
869,DATA_20260316_100000.BIN,7.0530,13.4842,9.1641,13.4842,3.8720,1,9.688,26.774
870,DATA_20260316_100000.BIN,9.1641,17.5422,6.4069,17.5422,2.4310,1,9.533,15.373
871,DATA_20260316_100000.BIN,6.4069,14.0349,1.8837,14.0349,6.9520,1,5.871,6.064
872,DATA_20260316_100000.BIN,0.5052,7.5645,3.7610,7.5645,3.6960,1,2.393,12.680
873,DATA_20260316_100000.BIN,3.7610,8.9160,1.7382,8.9160,4.1030,1,4.754,6.312
874,DATA_20260316_100000.BIN,1.7382,9.2960,3.0928,9.2960,2.2440,1,3.788,4.024
875,DATA_20260316_100000.BIN,0.7260,7.3976,1.5066,7.3976,4.1470,1,0.895,4.586
876,DATA_20260316_100000.BIN,3.6148,8.3272,0.9484,8.3272,5.6100,1,3.889,4.722
877,DATA_20260316_100000.BIN,0.4073,7.1494,1.3239,7.1494,5.3790,1,1.212,1.423
878,DATA_20260316_100000.BIN,1.3239,5.2334,0.2699,5.2334,4.2020,1,0.419,5.174
879,DATA_20260316_100000.BIN,11.7577,24.1364,14.9839,24.1364,1.3310,1,14.746,19.114
880,DATA_20260316_100000.BIN,14.9839,23.1249,1.8734,23.1249,2.2660,1,17.303,18.662
881,DATA_20260316_100000.BIN,1.8734,9.0775,1.3348,9.0775,4.6200,1,1.082,1.264
882,DATA_20260316_100000.BIN,1.3348,11.0378,4.2491,11.0378,3.3770,1,1.139,13.726
883,DATA_20260316_100000.BIN,4.2491,19.2514,0.6228,19.2514,7.2270,1,5.423,5.474
884,DATA_20260316_100000.BIN,0.4855,5.5909,0.1027,5.5909,5.0270,1,1.372,2.863
885,DATA_20260316_100000.BIN,0.3083,6.4075,0.7349,6.4075,3.1790,1,1.250,1.970
886,DATA_20260316_100000.BIN,0.7789,35.2310,5.6095,35.2310,4.6310,1,0.656,0.782
887,DATA_20260316_100000.BIN,0.4404,29.1323,4.8215,29.1323,4.7850,1,1.904,1.913
888,DATA_20260316_100000.BIN,4.8215,12.8397,4.0172,12.8397,2.2000,1,5.430,14.162
889,DATA_20260316_100000.BIN,0.2893,4.8608,0.3158,4.8608,4.5760,1,1.519,4.537
890,DATA_20260316_100000.BIN,0.3158,4.0256,0.2208,4.0256,3.1900,1,1.262,1.628
891,DATA_20260316_100000.BIN,5.1440,41.2368,0.5213,41.2368,7.4910,1,4.681,6.331
892,DATA_20260316_100000.BIN,0.5213,6.5065,1.5149,6.5065,3.9270,1,1.885,6.334
893,DATA_20260316_100000.BIN,1.5149,14.2790,8.8175,14.2790,3.7730,1,0.584,3.213
894,DATA_20260316_100000.BIN,8.8175,13.1076,6.2565,13.1076,2.2550,1,8.774,16.919
895,DATA_20260316_100000.BIN,6.2565,19.9381,0.4820,19.9381,5.4890,1,5.995,6.141
896,DATA_20260316_100000.BIN,0.4820,6.5329,0.8847,6.5329,4.3560,1,3.369,4.024
897,DATA_20260316_100000.BIN,1.8183,7.5079,1.7212,7.5079,2.5740,1,3.850,5.693
898,DATA_20260316_100000.BIN,0.3346,16.9719,2.2420,16.9719,6.1930,1,2.113,4.429
899,DATA_20260316_100000.BIN,2.2420,6.6633,1.2197,6.6633,3.4430,1,1.777,2.902
900,DATA_20260316_100000.BIN,1.2197,7.5713,3.4400,7.5713,2.0790,1,1.314,7.931
901,DATA_20260316_100000.BIN,1.2482,4.4126,1.0583,4.4126,3.6960,1,1.401,2.018
902,DATA_20260316_100000.BIN,1.0583,5.7487,0.1098,5.7487,3.0470,1,1.477,3.869
903,DATA_20260316_100000.BIN,0.1098,6.4089,0.6398,6.4089,6.1820,1,1.743,2.737
904,DATA_20260316_100000.BIN,0.6398,10.5818,4.7848,10.5818,2.9370,1,1.586,5.906
905,DATA_20260316_100000.BIN,4.7848,26.8143,3.4261,26.8143,4.2460,1,5.969,7.176
906,DATA_20260316_100000.BIN,2.0464,7.8344,0.6372,7.8344,4.5540,1,2.886,3.442
907,DATA_20260316_100000.BIN,2.9475,7.4781,0.4109,7.4781,9.0420,1,3.982,4.192
908,DATA_20260316_100000.BIN,0.4109,5.6359,1.2427,5.6359,5.9510,1,0.811,2.360
909,DATA_20260316_100000.BIN,1.1188,4.7090,1.4237,4.7090,4.5430,1,1.354,1.896
910,DATA_20260316_100000.BIN,1.1278,8.1240,0.2147,8.1240,8.9540,1,1.228,5.916
911,DATA_20260316_100000.BIN,0.2147,5.1574,0.9457,5.1574,9.2510,1,0.380,0.604
912,DATA_20260316_100000.BIN,0.9457,15.8309,1.0462,15.8309,5.4890,1,1.245,2.325
913,DATA_20260316_100000.BIN,1.0462,8.3912,1.1869,8.3912,3.7840,1,1.325,1.345
914,DATA_20260316_100000.BIN,1.1869,6.7388,1.8485,6.7388,2.3760,1,1.600,4.124
915,DATA_20260316_100000.BIN,1.8485,9.7633,0.8231,9.7633,3.1240,1,2.007,3.162
916,DATA_20260316_100000.BIN,0.8231,7.3351,1.0756,7.3351,2.1780,1,1.278,1.889
917,DATA_20260316_100000.BIN,1.0756,7.3251,3.4738,7.3251,2.0680,1,1.331,3.761
918,DATA_20260316_100000.BIN,3.4738,8.0205,4.2220,8.0205,2.4970,1,4.148,4.820
919,DATA_20260316_100000.BIN,4.2220,8.0563,1.1230,8.0563,1.6940,1,4.871,6.885
920,DATA_20260316_100000.BIN,1.4958,36.0916,2.2956,36.0916,6.4900,1,1.113,3.333
921,DATA_20260316_100000.BIN,0.1901,7.1505,0.8833,7.1505,5.0490,1,0.557,0.561
922,DATA_20260316_100000.BIN,0.8833,6.3551,0.0914,6.3551,3.9270,1,0.172,4.073
923,DATA_20260316_100000.BIN,0.0914,4.5525,1.4298,4.5525,2.3320,1,0.560,2.499
924,DATA_20260316_100000.BIN,1.4298,8.5140,1.3591,8.5140,4.4220,1,1.319,4.297
925,DATA_20260316_100000.BIN,1.3591,11.6005,1.4209,11.6005,3.3660,1,2.617,8.221
926,DATA_20260316_100000.BIN,1.4779,10.4888,5.8933,10.4888,4.9610,1,1.473,1.528
927,DATA_20260316_100000.BIN,4.8933,25.8649,1.4591,25.8649,8.8660,1,5.995,6.021
928,DATA_20260316_100000.BIN,1.4591,6.7844,2.7570,6.7844,3.6190,1,2.164,6.366
929,DATA_20260316_100000.BIN,2.7570,7.9570,1.3559,7.9570,5.6760,1,2.785,4.051
930,DATA_20260316_100000.BIN,1.3559,5.8053,1.6722,5.8053,1.8370,1,1.818,3.856
931,DATA_20260316_100000.BIN,1.6722,6.2041,0.5804,6.2041,2.6840,1,1.683,11.339
932,DATA_20260316_100000.BIN,0.5804,11.8278,1.2090,11.8278,6.6440,1,0.128,3.294
933,DATA_20260316_100000.BIN,1.2090,7.1074,1.1707,7.1074,3.8830,1,2.114,3.427
934,DATA_20260316_100000.BIN,1.1707,17.4553,7.5009,17.4553,3.3440,1,1.479,4.502
935,DATA_20260316_100000.BIN,7.5009,13.9630,9.5386,13.9630,2.8820,1,8.641,8.731
936,DATA_20260316_100000.BIN,9.5386,15.6420,7.7247,15.6420,2.4640,1,10.685,12.145
937,DATA_20260316_100000.BIN,7.7247,17.6338,3.6676,17.6338,1.6170,1,8.963,10.427
938,DATA_20260316_100000.BIN,3.6676,12.3184,2.4410,12.3184,5.4230,1,4.968,9.299
939,DATA_20260316_100000.BIN,2.4410,39.1733,2.6805,39.1733,3.9270,1,3.011,3.433
940,DATA_20260316_100000.BIN,4.0860,25.1159,12.5603,25.1159,3.4870,1,8.849,76.652
941,DATA_20260316_100000.BIN,12.5603,21.6453,15.9947,21.6453,1.8480,1,13.662,13.667
942,DATA_20260316_100000.BIN,15.9947,39.0060,15.2069,39.0060,4.5540,1,18.451,33.674
943,DATA_20260316_100000.BIN,9.8927,15.2768,9.6114,15.2768,6.0610,1,9.080,15.406
944,DATA_20260316_100000.BIN,9.6114,21.3953,11.4065,21.3953,5.4670,1,7.469,11.969
945,DATA_20260316_100000.BIN,11.4065,35.6597,5.2553,35.6597,7.4140,1,9.054,10.239
946,DATA_20260316_100000.BIN,5.9701,13.4929,7.2530,13.4929,9.3280,1,2.525,14.806
947,DATA_20260316_100000.BIN,7.2530,10.7782,2.4220,10.7782,2.5740,1,2.621,6.823
948,DATA_20260316_100000.BIN,2.4220,10.0319,3.4853,10.0319,6.0170,1,3.794,10.114
949,DATA_20260316_100000.BIN,2.9223,9.5886,3.2557,9.5886,3.0140,1,2.653,7.978
950,DATA_20260316_100000.BIN,3.2557,9.6374,4.5455,9.6374,2.5960,1,1.936,5.489
951,DATA_20260316_100000.BIN,4.5455,9.5383,3.7461,9.5383,6.6880,1,5.899,12.107
952,DATA_20260316_100000.BIN,8.8004,11.9882,5.3548,11.9882,3.4870,1,5.305,7.181
953,DATA_20260316_100000.BIN,5.4869,9.9715,3.1818,9.9715,4.4550,1,4.190,4.330
954,DATA_20260316_100000.BIN,3.2607,10.3439,1.0626,10.3439,3.9600,1,1.972,5.326
955,DATA_20260316_100000.BIN,1.0626,9.1112,3.0418,9.1112,2.1230,1,4.647,5.114
956,DATA_20260316_100000.BIN,3.0418,22.4035,15.1813,22.4035,4.0370,1,6.528,9.725
957,DATA_20260316_100000.BIN,8.3036,17.6889,11.9439,17.6889,4.8510,1,5.346,5.429
958,DATA_20260316_100000.BIN,11.9439,15.8060,11.8957,15.8060,3.0580,1,8.698,10.481
959,DATA_20260316_100000.BIN,1.9653,11.6206,5.7014,11.6206,2.8050,1,4.205,9.669
960,DATA_20260316_100000.BIN,5.7014,21.9984,15.8594,21.9984,9.0420,1,1.690,5.196
961,DATA_20260316_100000.BIN,15.8594,39.4712,2.4248,39.4712,4.4770,1,14.528,17.802
962,DATA_20260316_100000.BIN,3.2673,39.5198,15.3889,39.5198,6.3690,1,6.964,85.069
963,DATA_20260316_100000.BIN,15.3889,24.0590,11.1340,24.0590,1.9800,1,11.012,16.683
964,DATA_20260316_100000.BIN,8.6389,13.4900,8.4124,13.4900,9.2950,1,3.077,16.817
965,DATA_20260316_100000.BIN,8.4124,14.8218,9.6064,14.8218,4.5870,1,6.907,14.539
966,DATA_20260316_100000.BIN,9.6064,13.9164,5.0632,13.9164,7.5680,1,5.453,9.297
967,DATA_20260316_100000.BIN,0.9890,10.4522,5.2585,10.4522,5.3240,1,8.227,8.234
968,DATA_20260316_100000.BIN,5.2585,15.5638,8.0434,15.5638,2.6730,1,2.407,3.267
969,DATA_20260316_100000.BIN,8.0434,14.1181,6.3585,14.1181,2.4310,1,3.707,4.009
970,DATA_20260316_100000.BIN,4.1958,17.9969,11.3316,17.9969,4.2790,1,3.759,19.116
971,DATA_20260316_100000.BIN,11.3316,18.6292,8.5831,18.6292,4.3890,1,11.122,15.683
972,DATA_20260316_100000.BIN,11.8618,19.9872,10.2588,19.9872,5.6760,1,9.031,11.369
973,DATA_20260316_100000.BIN,10.2588,23.2653,13.0099,23.2653,8.9540,1,6.173,10.201
974,DATA_20260316_100000.BIN,13.0099,18.9427,10.1286,18.9427,7.2600,1,8.864,12.513
975,DATA_20260316_100000.BIN,10.1286,16.0805,6.9234,16.0805,4.9170,1,5.024,5.024
976,DATA_20260316_100000.BIN,6.9234,17.6238,6.2677,17.6238,8.2610,1,7.675,7.676
977,DATA_20260316_100000.BIN,6.2677,31.6421,5.8599,31.6421,4.8730,1,5.475,5.665
978,DATA_20260316_100000.BIN,8.9407,14.2116,8.1172,14.2116,1.7930,1,4.306,7.898
979,DATA_20260316_100000.BIN,3.5378,12.4503,4.4016,12.4503,2.2110,1,4.585,7.013
980,DATA_20260316_100000.BIN,4.4016,13.3516,8.7386,13.3516,5.4230,1,6.950,7.456
981,DATA_20260316_100000.BIN,8.7386,16.5263,7.0942,16.5263,6.8200,1,4.025,4.029
982,DATA_20260316_100000.BIN,7.9756,14.7828,7.8901,14.7828,2.8600,1,6.674,9.618
983,DATA_20260316_100000.BIN,7.8901,12.9545,6.1858,12.9545,5.7420,1,5.736,7.592
984,DATA_20260316_100000.BIN,6.1858,23.0500,7.9474,23.0500,6.5340,1,1.915,5.292
985,DATA_20260316_100000.BIN,7.9474,15.4396,11.2114,15.4396,2.3760,1,3.520,4.136
986,DATA_20260316_100000.BIN,11.2114,17.7257,5.6895,17.7257,8.6240,1,5.688,6.870
987,DATA_20260316_100000.BIN,6.6645,10.5846,7.0746,10.5846,4.1800,1,8.694,8.828
988,DATA_20260316_100000.BIN,7.0746,10.9087,6.7424,10.9087,2.0790,1,1.306,2.105
989,DATA_20260316_100000.BIN,6.7424,17.5113,7.1609,17.5113,1.9910,1,0.915,3.261
990,DATA_20260316_100000.BIN,7.1609,14.3221,7.7757,14.3221,5.2360,1,6.198,6.466
991,DATA_20260316_110000.BIN,1.8012,13.0727,1.3460,13.0727,2.5630,1,13.379,13.589
992,DATA_20260316_110000.BIN,0.8048,16.3401,6.0977,16.3401,6.8090,1,12.669,15.499
993,DATA_20260316_110000.BIN,6.0977,12.2128,5.0958,12.2128,4.6750,1,11.650,12.850
994,DATA_20260316_110000.BIN,3.7142,10.8804,2.7216,10.8804,1.4410,1,6.354,8.378
995,DATA_20260316_110000.BIN,2.7216,27.3227,0.2728,27.3227,7.8540,1,8.425,8.577
996,DATA_20260316_110000.BIN,3.7396,24.3235,0.8871,24.3235,4.4880,1,5.002,8.241
997,DATA_20260316_110000.BIN,3.6553,10.2148,2.8334,10.2148,3.4980,1,3.823,3.872
998,DATA_20260316_110000.BIN,0.5388,7.0447,0.3669,7.0447,3.0690,1,6.805,7.259
999,DATA_20260316_110000.BIN,6.3143,10.4494,4.9285,10.4494,3.2780,1,4.696,4.975
1000,DATA_20260316_110000.BIN,4.7132,18.3917,2.3441,18.3917,6.2370,1,1.398,2.476
1001,DATA_20260316_110000.BIN,4.6490,13.1974,1.6525,13.1974,2.0020,1,9.390,9.852
1002,DATA_20260316_110000.BIN,1.5839,7.8667,1.5406,7.8667,4.8180,1,5.797,11.587
1003,DATA_20260316_110000.BIN,1.1379,15.9942,1.5251,15.9942,3.8280,1,4.551,5.513
1004,DATA_20260316_110000.BIN,1.5251,10.1636,2.6450,10.1636,3.4100,1,2.954,4.551
1005,DATA_20260316_110000.BIN,2.6450,8.7970,4.8063,8.7970,7.5240,1,3.153,8.175
1006,DATA_20260316_110000.BIN,4.8063,41.0289,0.4058,41.0289,7.7770,1,11.479,23.754
1007,DATA_20260316_110000.BIN,0.4058,10.3619,1.7034,10.3619,5.1370,1,4.044,12.123
1008,DATA_20260316_110000.BIN,1.7034,9.5906,5.2723,9.5906,9.5370,1,2.458,5.431
1009,DATA_20260316_110000.BIN,5.0865,10.4040,6.0363,10.4040,5.1370,1,6.675,10.786
1010,DATA_20260316_110000.BIN,4.6034,10.0582,3.9104,10.0582,7.4250,1,3.474,4.133
1011,DATA_20260316_110000.BIN,3.9104,8.7635,0.7046,8.7635,5.6320,1,1.826,4.481
1012,DATA_20260316_110000.BIN,0.7046,27.9677,3.6398,27.9677,3.8940,1,3.087,9.621
1013,DATA_20260316_110000.BIN,0.9085,26.2617,9.3209,26.2617,2.3540,1,4.378,16.690
1014,DATA_20260316_110000.BIN,13.2035,29.0038,5.0377,29.0038,8.8770,1,12.790,19.321
1015,DATA_20260316_110000.BIN,9.3255,15.3574,2.2612,15.3574,3.0250,1,7.020,8.049
1016,DATA_20260316_110000.BIN,2.2612,11.0815,5.2665,11.0815,4.8400,1,6.134,9.102
1017,DATA_20260316_110000.BIN,5.2665,15.6244,10.6364,15.6244,2.8600,1,6.468,6.527
1018,DATA_20260316_110000.BIN,10.6364,17.0788,0.7404,17.0788,6.6770,1,9.717,11.936
1019,DATA_20260316_110000.BIN,1.2344,11.8392,2.9452,11.8392,8.3600,1,4.466,8.422
1020,DATA_20260316_110000.BIN,2.9452,8.7883,3.5895,8.7883,3.7620,1,2.156,2.156
1021,DATA_20260316_110000.BIN,1.0612,9.5251,2.1666,9.5251,1.6390,1,3.078,3.282
1022,DATA_20260316_110000.BIN,2.1666,11.0373,3.4456,11.0373,8.1400,1,2.272,2.382
1023,DATA_20260316_110000.BIN,3.4456,14.9471,0.9888,14.9471,5.6870,1,1.068,6.195
1024,DATA_20260316_110000.BIN,0.9888,10.5204,0.7856,10.5204,3.5530,1,3.681,7.143
1025,DATA_20260316_110000.BIN,0.7856,29.1325,1.5440,29.1325,3.2560,1,3.148,3.433
1026,DATA_20260316_110000.BIN,1.5440,18.0177,5.3896,18.0177,4.9390,1,4.914,17.173
1027,DATA_20260316_110000.BIN,5.3896,10.3791,1.0525,10.3791,3.3440,1,8.131,18.906
1028,DATA_20260316_110000.BIN,1.0525,17.5337,3.0059,17.5337,2.9920,1,7.086,25.821
1029,DATA_20260316_110000.BIN,3.0059,12.7655,6.3911,12.7655,8.9650,1,3.336,4.361
1030,DATA_20260316_110000.BIN,6.3911,13.2424,9.1033,13.2424,5.9730,1,5.326,6.010
1031,DATA_20260316_110000.BIN,9.1033,12.9197,5.8539,12.9197,3.0360,1,8.076,9.194
1032,DATA_20260316_110000.BIN,5.8539,12.7110,6.8505,12.7110,7.2380,1,3.583,3.698
1033,DATA_20260316_110000.BIN,1.3288,10.2323,0.7001,10.2323,1.6170,1,2.687,2.692
1034,DATA_20260316_110000.BIN,0.7001,13.8727,3.7911,13.8727,1.4630,1,3.650,8.422
1035,DATA_20260316_110000.BIN,3.7911,28.6342,7.7521,28.6342,7.7660,1,5.692,5.720
1036,DATA_20260316_110000.BIN,8.4232,21.6101,16.1444,21.6101,2.6510,1,8.781,95.349
1037,DATA_20260316_110000.BIN,16.1444,24.0219,12.0682,24.0219,4.3340,1,16.645,86.003
1038,DATA_20260316_110000.BIN,12.0682,28.0316,7.3038,28.0316,2.5190,1,15.601,22.730
1039,DATA_20260316_110000.BIN,7.3038,17.5872,4.6697,17.5872,3.0360,1,7.373,11.436
1040,DATA_20260316_110000.BIN,9.0959,21.5011,5.2327,21.5011,3.5420,1,8.135,12.943
1041,DATA_20260316_110000.BIN,2.7182,8.0414,3.3533,8.0414,2.1010,1,0.707,5.350
1042,DATA_20260316_110000.BIN,2.8947,30.6001,0.3086,30.6001,5.3570,1,1.391,13.827
1043,DATA_20260316_110000.BIN,0.3086,16.1129,3.2498,16.1129,3.9820,1,5.311,14.879
1044,DATA_20260316_110000.BIN,3.2498,11.4701,6.6165,11.4701,6.9410,1,3.030,17.530
1045,DATA_20260316_110000.BIN,1.5273,17.4145,1.6431,17.4145,4.1360,1,0.785,1.303
1046,DATA_20260316_110000.BIN,1.6431,7.6133,1.4525,7.6133,2.8930,1,3.799,9.920
1047,DATA_20260316_110000.BIN,0.5173,6.9360,2.9837,6.9360,1.6940,1,6.656,20.772
1048,DATA_20260316_110000.BIN,2.9837,7.9602,2.2265,7.9602,4.3010,1,2.071,5.675
1049,DATA_20260316_110000.BIN,2.2265,32.0871,3.2580,32.0871,8.4040,1,3.095,6.391
1050,DATA_20260316_110000.BIN,6.0879,13.7246,3.0597,13.7246,2.8930,1,7.070,7.398
1051,DATA_20260316_110000.BIN,2.7908,12.0243,0.9125,12.0243,7.0510,1,5.884,15.991
1052,DATA_20260316_110000.BIN,0.9125,8.4953,1.7309,8.4953,2.5190,1,4.698,10.264
1053,DATA_20260316_110000.BIN,1.7309,7.4851,2.2242,7.4851,3.2230,1,5.291,12.191
1054,DATA_20260316_110000.BIN,3.4028,12.5742,1.0671,12.5742,6.6990,1,4.396,4.408
1055,DATA_20260316_110000.BIN,1.0671,8.5300,2.5651,8.5300,3.9050,1,1.850,3.754
1056,DATA_20260316_110000.BIN,2.5651,11.5543,4.5154,11.5543,7.4910,1,3.614,4.242
1057,DATA_20260316_110000.BIN,4.5154,13.7218,3.1912,13.7218,2.7830,1,5.338,5.353
1058,DATA_20260316_110000.BIN,3.1912,15.0741,2.2953,15.0741,5.2470,1,2.729,2.813
1059,DATA_20260316_110000.BIN,2.2953,9.2876,4.7618,9.2876,6.1270,1,3.918,7.976
1060,DATA_20260316_110000.BIN,0.1656,8.2137,1.7381,8.2137,5.2030,1,1.878,3.846
1061,DATA_20260316_110000.BIN,5.1311,13.9412,2.5448,13.9412,1.7380,1,5.198,9.504
1062,DATA_20260316_110000.BIN,2.5448,11.3508,4.4080,11.3508,3.2230,1,4.647,9.426
1063,DATA_20260316_110000.BIN,7.1623,13.4998,1.0245,13.4998,7.0070,1,10.373,16.045
1064,DATA_20260316_110000.BIN,1.0245,16.2131,5.5815,16.2131,5.8300,1,1.286,8.555
1065,DATA_20260316_110000.BIN,5.5815,11.2475,5.1466,11.2475,1.9690,1,5.496,7.368
1066,DATA_20260316_110000.BIN,2.6509,34.9720,0.5961,34.9720,8.0520,1,3.523,12.607
1067,DATA_20260316_110000.BIN,8.7299,15.7260,2.0966,15.7260,6.7870,1,9.101,9.120
1068,DATA_20260316_110000.BIN,7.3744,12.4138,4.9006,12.4138,4.8950,1,10.374,10.385
1069,DATA_20260316_110000.BIN,2.8787,6.0804,2.1614,6.0804,5.1480,1,4.879,4.928
1070,DATA_20260316_110000.BIN,0.9420,5.6255,0.8564,5.6255,6.8640,1,1.944,2.116
1071,DATA_20260316_110000.BIN,6.0048,13.6491,8.3411,13.6491,3.6190,1,9.947,12.955
1072,DATA_20260316_110000.BIN,6.1225,11.0659,4.9230,11.0659,6.4350,1,7.891,9.088
1073,DATA_20260316_110000.BIN,2.2383,15.2116,0.3972,15.2116,8.3270,1,2.101,2.489
1074,DATA_20260316_110000.BIN,0.3972,9.7381,3.5187,9.7381,2.4750,1,1.298,1.977
1075,DATA_20260316_110000.BIN,3.5187,20.4093,4.2113,20.4093,8.5360,1,5.897,9.771
1076,DATA_20260316_110000.BIN,1.5887,13.3075,3.4781,13.3075,3.4870,1,1.052,8.929
1077,DATA_20260316_110000.BIN,3.4781,9.8398,3.4664,9.8398,4.1250,1,6.964,12.893
1078,DATA_20260316_110000.BIN,3.4664,26.1154,16.4528,26.1154,2.5630,1,5.231,7.521
1079,DATA_20260316_110000.BIN,16.4528,33.3724,8.6455,33.3724,2.7830,1,21.937,23.543
1080,DATA_20260316_110000.BIN,8.6455,16.7969,2.0986,16.7969,2.8380,1,8.755,8.854
1081,DATA_20260316_110000.BIN,2.0986,9.4393,1.4942,9.4393,6.7870,1,6.339,8.546
1082,DATA_20260316_110000.BIN,1.4942,16.2501,8.7130,16.2501,2.1120,1,2.018,2.026
1083,DATA_20260316_110000.BIN,8.7130,15.4125,2.5422,15.4125,1.8700,1,11.970,12.025
1084,DATA_20260316_110000.BIN,2.5422,17.4947,0.3867,17.4947,2.2770,1,4.442,4.501
1085,DATA_20260316_110000.BIN,0.3867,15.7113,4.4562,15.7113,1.8810,1,1.342,2.023
1086,DATA_20260316_110000.BIN,4.4562,8.9044,2.2889,8.9044,4.5760,1,5.083,7.145
1087,DATA_20260316_110000.BIN,2.2889,19.2640,4.8554,19.2640,4.6090,1,2.948,3.976
1088,DATA_20260316_110000.BIN,4.8554,20.6860,4.1167,20.6860,3.6960,1,7.610,9.395
1089,DATA_20260316_110000.BIN,4.1167,14.3882,1.5233,14.3882,1.8590,1,4.466,4.471
1090,DATA_20260316_110000.BIN,1.5233,12.1717,4.8019,12.1717,3.5090,1,1.649,8.673
1091,DATA_20260316_110000.BIN,4.8019,15.5562,2.9847,15.5562,2.7280,1,6.704,6.990
1092,DATA_20260316_110000.BIN,0.6390,12.1287,1.6298,12.1287,7.3040,1,1.239,5.160
1093,DATA_20260316_110000.BIN,1.1172,8.0463,2.5290,8.0463,3.4320,1,2.297,3.844
1094,DATA_20260316_110000.BIN,7.2090,15.4091,1.7767,15.4091,4.0370,1,9.188,12.288
1095,DATA_20260316_110000.BIN,1.7767,8.2715,1.0166,8.2715,4.1690,1,2.260,3.051
1096,DATA_20260316_110000.BIN,1.0166,8.7855,0.5750,8.7855,3.2450,1,2.901,5.027
1097,DATA_20260316_110000.BIN,0.5750,12.7242,1.2660,12.7242,1.8370,1,1.595,4.875
1098,DATA_20260316_110000.BIN,1.2660,6.6816,0.7775,6.6816,4.2900,1,0.616,2.202
1099,DATA_20260316_110000.BIN,0.7775,5.9071,0.8953,5.9071,6.3360,1,1.247,4.918
1100,DATA_20260316_110000.BIN,0.8953,9.3888,5.2946,9.3888,3.8060,1,2.816,6.278
1101,DATA_20260316_110000.BIN,5.2946,14.7780,7.3986,14.7780,5.1370,1,5.180,7.150
1102,DATA_20260316_110000.BIN,7.3986,11.8304,0.8076,11.8304,5.3020,1,7.496,8.605
1103,DATA_20260316_110000.BIN,3.3701,12.9842,0.4215,12.9842,8.1400,1,6.584,8.298
1104,DATA_20260316_110000.BIN,0.4215,5.8649,0.9092,5.8649,2.2330,1,1.870,4.776
1105,DATA_20260316_110000.BIN,1.9862,10.0157,3.0305,10.0157,4.4770,1,3.487,7.408
1106,DATA_20260316_110000.BIN,3.0305,11.0967,1.5134,11.0967,2.7940,1,4.329,5.295
1107,DATA_20260316_110000.BIN,1.6353,11.6858,4.4364,11.6858,4.9280,1,2.813,6.729
1108,DATA_20260316_110000.BIN,4.4364,9.8317,1.6055,9.8317,7.1720,1,6.699,11.823
1109,DATA_20260316_110000.BIN,1.6055,33.9271,6.4397,33.9271,5.5660,1,3.083,4.813
1110,DATA_20260316_110000.BIN,6.4397,10.9948,5.1434,10.9948,2.8380,1,7.597,9.003
1111,DATA_20260316_110000.BIN,2.4913,11.2424,4.4394,11.2424,5.3900,1,2.501,2.702
1112,DATA_20260316_110000.BIN,4.4394,11.2059,2.1115,11.2059,4.3890,1,6.730,13.393
1113,DATA_20260316_110000.BIN,2.1115,10.4162,4.9952,10.4162,3.6740,1,1.076,1.122
1114,DATA_20260316_110000.BIN,4.9952,10.2034,2.6614,10.2034,4.9280,1,6.170,11.534
1115,DATA_20260316_110000.BIN,5.0191,13.6269,2.1383,13.6269,1.4300,1,5.907,5.908
1116,DATA_20260316_110000.BIN,2.1383,12.8799,2.5020,12.8799,1.1660,1,2.055,2.761
1117,DATA_20260316_110000.BIN,2.5020,14.4013,5.8679,14.4013,1.3420,1,2.696,3.891
1118,DATA_20260316_110000.BIN,5.8679,15.6623,0.3177,15.6623,5.1370,1,5.632,6.009
1119,DATA_20260316_110000.BIN,0.3177,7.0302,1.1041,7.0302,7.2710,1,1.591,2.440
1120,DATA_20260316_110000.BIN,1.1041,36.1710,26.7543,36.1710,4.1800,1,0.546,2.505
1121,DATA_20260316_110000.BIN,26.7543,37.0607,6.6452,37.0607,3.7400,1,39.609,41.582
1122,DATA_20260316_110000.BIN,13.3587,18.2340,8.1398,18.2340,6.8310,1,16.956,16.956
1123,DATA_20260316_110000.BIN,8.1398,40.3133,5.7647,40.3133,5.2690,1,8.391,8.801
1124,DATA_20260316_110000.BIN,5.7647,13.0930,2.6913,13.0930,6.4130,1,4.118,6.166
1125,DATA_20260316_110000.BIN,2.6913,15.2723,6.2621,15.2723,5.1810,1,4.344,5.922
1126,DATA_20260316_110000.BIN,6.2621,14.4979,5.6451,14.4979,1.4300,1,5.706,5.869
1127,DATA_20260316_110000.BIN,5.6451,13.9431,0.5971,13.9431,1.6280,1,4.119,4.184
1128,DATA_20260316_110000.BIN,0.5971,9.0735,0.2486,9.0735,2.8490,1,4.900,6.875
1129,DATA_20260316_110000.BIN,0.2486,12.4347,1.5797,12.4347,1.3640,1,4.180,6.891
1130,DATA_20260316_110000.BIN,1.5797,7.6862,1.0174,7.6862,5.0050,1,4.526,8.583
1131,DATA_20260316_110000.BIN,1.0174,12.2544,1.5113,12.2544,6.9300,1,3.128,8.773
1132,DATA_20260316_110000.BIN,1.5113,7.7075,0.8134,7.7075,3.6740,1,2.387,8.271
1133,DATA_20260316_110000.BIN,2.0744,7.8911,0.9366,7.8911,4.1360,1,3.080,5.996
1134,DATA_20260316_110000.BIN,0.9366,9.1178,3.2172,9.1178,2.4200,1,3.854,8.971
1135,DATA_20260316_110000.BIN,3.2172,9.2929,2.3491,9.2929,1.6060,1,4.762,5.946
1136,DATA_20260316_110000.BIN,2.3491,20.8623,5.1212,20.8623,8.7010,1,3.498,5.958
1137,DATA_20260316_110000.BIN,5.1212,13.8970,2.9151,13.8970,2.8490,1,7.280,7.285
1138,DATA_20260316_110000.BIN,2.9151,17.3979,5.6114,17.3979,5.3570,1,1.297,11.152
1139,DATA_20260316_110000.BIN,3.7297,17.5298,4.0738,17.5298,1.4520,1,5.079,10.289
1140,DATA_20260316_110000.BIN,4.0738,11.8056,5.2238,11.8056,3.6300,1,3.374,3.462
1141,DATA_20260316_110000.BIN,5.2238,12.2176,3.2803,12.2176,3.3880,1,6.313,9.055
1142,DATA_20260316_110000.BIN,3.2803,11.2601,2.6322,11.2601,1.6830,1,5.304,6.828
1143,DATA_20260316_110000.BIN,2.6322,8.3830,1.1395,8.3830,2.6400,1,5.013,5.511
1144,DATA_20260316_110000.BIN,1.1395,8.1172,2.8206,8.1172,7.1170,1,2.084,3.324
1145,DATA_20260316_110000.BIN,2.8206,10.3360,4.8442,10.3360,3.6520,1,3.183,3.622
1146,DATA_20260316_110000.BIN,4.6253,10.6281,3.7375,10.6281,6.3910,1,5.689,5.725
1147,DATA_20260316_110000.BIN,3.7375,9.1643,2.4676,9.1643,3.3330,1,6.060,7.492
1148,DATA_20260316_110000.BIN,2.4676,13.9266,2.7026,13.9266,6.2590,1,3.306,3.332
1149,DATA_20260316_110000.BIN,4.4091,11.5912,6.7314,11.5912,2.4090,1,6.280,7.992
1150,DATA_20260316_110000.BIN,2.3059,17.7822,9.3154,17.7822,8.5250,1,3.238,3.431
1151,DATA_20260316_110000.BIN,1.5653,9.4842,1.6670,9.4842,6.2150,1,1.915,1.979
1152,DATA_20260316_110000.BIN,1.6670,10.8256,1.2687,10.8256,9.5150,1,1.750,2.297
1153,DATA_20260316_110000.BIN,1.2687,5.4314,0.4746,5.4314,9.1520,1,1.468,2.456
1154,DATA_20260316_110000.BIN,0.4746,7.4329,1.0278,7.4329,4.0810,1,1.469,3.403
1155,DATA_20260316_110000.BIN,1.0278,7.9871,2.8212,7.9871,2.5960,1,1.675,3.223
1156,DATA_20260316_110000.BIN,2.8212,8.1738,1.6052,8.1738,1.9360,1,3.057,3.228
1157,DATA_20260316_110000.BIN,1.0514,5.5326,1.2364,5.5326,5.7970,1,2.886,6.007
1158,DATA_20260316_110000.BIN,1.2364,4.8781,0.3716,4.8781,4.6090,1,1.199,5.197
1159,DATA_20260316_110000.BIN,0.3716,10.9771,4.9511,10.9771,9.0200,1,0.515,0.988
1160,DATA_20260316_110000.BIN,1.0740,7.9375,2.3010,7.9375,7.7110,1,1.050,1.403
1161,DATA_20260316_110000.BIN,2.3010,8.7648,0.6630,8.7648,9.4050,1,2.767,2.860
1162,DATA_20260316_110000.BIN,0.4578,8.5514,0.5253,8.5514,5.8850,1,0.331,1.706
1163,DATA_20260316_110000.BIN,0.5253,7.4256,1.7816,7.4256,2.1010,1,1.258,2.095
1164,DATA_20260316_110000.BIN,1.7816,8.1693,1.2780,8.1693,3.3440,1,2.814,3.572
1165,DATA_20260316_110000.BIN,6.7738,11.2207,1.5366,11.2207,4.4330,1,8.642,9.737
1166,DATA_20260316_110000.BIN,8.0317,15.3004,7.6799,15.3004,3.6300,1,11.033,14.827
1167,DATA_20260316_110000.BIN,0.5067,8.5931,3.4315,8.5931,3.1570,1,2.570,5.561
1168,DATA_20260316_110000.BIN,2.6422,7.5977,2.6848,7.5977,4.9830,1,1.083,10.374
1169,DATA_20260316_110000.BIN,2.6848,16.5357,8.0634,16.5357,2.2330,1,2.883,6.459
1170,DATA_20260316_110000.BIN,8.0634,17.3854,8.5992,17.3854,1.1550,1,10.263,10.264
1171,DATA_20260316_110000.BIN,8.5992,22.4884,13.4019,22.4884,7.8430,1,9.743,10.209
1172,DATA_20260316_110000.BIN,1.6526,15.6358,1.1487,15.6358,4.4990,1,0.781,2.918
1173,DATA_20260316_110000.BIN,1.1487,12.7200,0.3658,12.7200,3.8500,1,3.733,11.395
1174,DATA_20260316_110000.BIN,0.3658,13.3143,6.8138,13.3143,2.3210,1,1.785,8.356
1175,DATA_20260316_110000.BIN,6.8138,11.1281,0.9256,11.1281,3.5420,1,11.371,17.356
1176,DATA_20260316_110000.BIN,0.9256,10.3504,1.8305,10.3504,7.4470,1,2.369,8.370
1177,DATA_20260316_110000.BIN,1.8305,12.5565,0.5431,12.5565,4.0480,1,2.980,9.213
1178,DATA_20260316_110000.BIN,0.5431,18.4967,3.7847,18.4967,3.4320,1,0.339,2.766
1179,DATA_20260316_110000.BIN,3.7847,13.9551,3.2980,13.9551,4.6310,1,5.162,7.240
1180,DATA_20260316_110000.BIN,3.2980,10.5632,3.5765,10.5632,1.7160,1,2.904,2.928
1181,DATA_20260316_110000.BIN,5.9070,14.8448,4.1077,14.8448,4.4550,1,7.486,11.982
1182,DATA_20260316_110000.BIN,4.1077,14.0948,1.7015,14.0948,2.6180,1,2.938,2.940
1183,DATA_20260316_110000.BIN,1.7015,17.9351,0.4263,17.9351,7.9640,1,0.887,1.033
1184,DATA_20260316_110000.BIN,0.4263,18.7569,4.5209,18.7569,4.1250,1,2.912,3.181
1185,DATA_20260316_110000.BIN,4.5209,11.5311,2.1010,11.5311,5.5330,1,4.511,8.927
1186,DATA_20260316_110000.BIN,2.1010,6.7479,2.2758,6.7479,4.7080,1,4.048,4.806
1187,DATA_20260316_110000.BIN,2.2758,7.4978,3.1031,7.4978,2.6620,1,2.752,3.713
1188,DATA_20260316_110000.BIN,3.1031,13.2569,2.9087,13.2569,5.6100,1,3.227,6.284
1189,DATA_20260316_110000.BIN,2.9087,12.5327,4.1836,12.5327,1.8370,1,2.570,2.862
1190,DATA_20260316_110000.BIN,4.1836,15.3037,3.3146,15.3037,3.4430,1,3.976,5.428
1191,DATA_20260316_110000.BIN,2.6527,18.6547,1.0330,18.6547,4.1250,1,2.077,5.270
1192,DATA_20260316_110000.BIN,1.0330,7.8470,1.2661,7.8470,1.9910,1,3.254,3.323
1193,DATA_20260316_110000.BIN,1.2661,11.2515,2.2472,11.2515,3.8830,1,0.854,6.357
1194,DATA_20260316_110000.BIN,0.9241,9.7667,3.4372,9.7667,2.9260,1,2.527,3.099
1195,DATA_20260316_110000.BIN,3.4372,9.3069,1.8361,9.3069,4.6420,1,3.753,5.554
1196,DATA_20260316_110000.BIN,1.8361,7.4279,0.3191,7.4279,3.7400,1,3.203,3.898
1197,DATA_20260316_110000.BIN,0.3191,5.9917,1.0290,5.9917,2.9040,1,0.593,3.666
1198,DATA_20260316_110000.BIN,1.0290,6.8877,1.0971,6.8877,1.9140,1,1.724,5.637
1199,DATA_20260316_110000.BIN,1.0971,8.3719,2.5358,8.3719,3.9270,1,3.513,5.112
1200,DATA_20260316_110000.BIN,2.5358,10.8774,1.1495,10.8774,5.8740,1,5.087,7.244
1201,DATA_20260316_110000.BIN,1.1495,17.5282,4.6750,17.5282,3.0140,1,1.739,2.472
1202,DATA_20260316_110000.BIN,4.6750,25.3449,15.9734,25.3449,2.9590,1,5.087,5.162
1203,DATA_20260316_110000.BIN,3.7282,20.8023,0.6322,20.8023,4.3010,1,3.346,3.597
1204,DATA_20260316_110000.BIN,0.6322,10.1632,3.4898,10.1632,2.3870,1,1.395,3.863
1205,DATA_20260316_110000.BIN,3.4898,24.1688,1.5419,24.1688,3.4430,1,4.201,4.470
1206,DATA_20260316_110000.BIN,0.1964,10.3646,0.7373,10.3646,8.6460,1,2.897,7.705
1207,DATA_20260316_110000.BIN,0.7373,23.4074,4.2517,23.4074,5.9070,1,1.207,3.547
1208,DATA_20260316_110000.BIN,4.2517,33.0321,3.0527,33.0321,7.7440,1,6.171,6.205
1209,DATA_20260316_110000.BIN,3.0527,14.1452,0.4311,14.1452,2.7170,1,4.178,4.197
1210,DATA_20260316_110000.BIN,6.0035,13.5977,3.7898,13.5977,2.2660,1,9.139,12.689
1211,DATA_20260316_110000.BIN,1.7420,15.4479,2.3681,15.4479,3.0030,1,2.224,2.885
1212,DATA_20260316_110000.BIN,14.6662,22.0032,9.5150,22.0032,1.8700,1,21.688,28.646
1213,DATA_20260316_110000.BIN,4.2623,22.7342,5.3282,22.7342,4.8950,1,12.617,91.249
1214,DATA_20260316_110000.BIN,5.3282,26.0880,1.4540,26.0880,2.7060,1,5.629,7.836
1215,DATA_20260316_110000.BIN,4.4474,11.5933,7.2328,11.5933,2.9590,1,7.124,7.218
1216,DATA_20260316_110000.BIN,7.2328,13.8940,4.1000,13.8940,3.3000,1,13.359,21.428
1217,DATA_20260316_110000.BIN,4.1000,9.9262,3.7689,9.9262,4.3340,1,7.111,12.013
1218,DATA_20260316_110000.BIN,0.6742,12.1734,3.9080,12.1734,5.7860,1,0.907,4.198
1219,DATA_20260316_110000.BIN,3.9080,10.4878,2.0741,10.4878,9.0420,1,5.651,9.682
1220,DATA_20260316_110000.BIN,2.0741,10.2774,0.8979,10.2774,7.8320,1,1.709,5.316
1221,DATA_20260316_110000.BIN,3.6442,12.8490,7.7815,12.8490,3.2340,1,4.693,7.093
1222,DATA_20260316_110000.BIN,3.1919,8.8882,2.2287,8.8882,6.4900,1,4.122,5.304
1223,DATA_20260316_120000.BIN,3.2658,18.0460,0.9817,18.0460,7.0730,1,3.740,5.211
1224,DATA_20260316_120000.BIN,0.9817,15.2620,5.0466,15.2620,2.5960,1,5.544,7.288
1225,DATA_20260316_120000.BIN,5.1584,15.0904,1.4712,15.0904,4.4220,1,7.874,8.536
1226,DATA_20260316_120000.BIN,1.4712,9.6341,1.9138,9.6341,4.4990,1,6.244,7.147
1227,DATA_20260316_120000.BIN,1.9138,9.3786,2.7857,9.3786,1.9140,1,3.151,3.360
1228,DATA_20260316_120000.BIN,6.1324,17.8983,5.7618,17.8983,5.0050,1,2.427,2.995
1229,DATA_20260316_120000.BIN,5.7618,15.0367,7.0804,15.0367,6.8310,1,3.332,3.358
1230,DATA_20260316_120000.BIN,7.0804,17.9258,11.6568,17.9258,9.5810,1,3.117,3.118
1231,DATA_20260316_120000.BIN,7.6867,18.8509,10.2224,18.8509,3.3880,1,3.934,3.997
1232,DATA_20260316_120000.BIN,9.5603,18.3626,11.2473,18.3626,6.6000,1,5.347,5.564
1233,DATA_20260316_120000.BIN,10.1084,14.9207,10.3535,14.9207,4.7740,1,6.105,6.291
1234,DATA_20260316_120000.BIN,6.0026,15.1382,6.6237,15.1382,1.4080,1,3.256,9.318
1235,DATA_20260316_120000.BIN,6.6237,18.8093,12.9125,18.8093,1.8370,1,3.794,10.546
1236,DATA_20260316_120000.BIN,10.4411,21.7614,15.5938,21.7614,5.5880,1,8.500,9.841
1237,DATA_20260316_120000.BIN,15.5938,20.5789,9.7022,20.5789,2.6620,1,17.078,17.911
1238,DATA_20260316_120000.BIN,0.3602,6.8993,3.5499,6.8993,3.9160,1,6.650,9.113
1239,DATA_20260316_120000.BIN,3.5499,8.5816,0.8801,8.5816,7.2380,1,7.237,11.890
1240,DATA_20260316_120000.BIN,0.8801,10.5498,4.4544,10.5498,9.4160,1,4.780,10.850
1241,DATA_20260316_120000.BIN,4.4544,11.6927,4.7886,11.6927,7.0510,1,0.813,3.553
1242,DATA_20260316_120000.BIN,4.7886,14.1417,7.2112,14.1417,4.7080,1,8.433,11.771
1243,DATA_20260316_120000.BIN,7.2112,12.0809,1.0392,12.0809,5.7420,1,3.659,6.133
1244,DATA_20260316_120000.BIN,1.0392,6.8784,0.1476,6.8784,5.5110,1,4.306,5.019
1245,DATA_20260316_120000.BIN,0.1476,11.3043,5.9822,11.3043,6.9300,1,4.248,7.065
1246,DATA_20260316_120000.BIN,5.9822,11.1829,3.5735,11.1829,4.9830,1,6.902,8.719
1247,DATA_20260316_120000.BIN,0.3590,9.0579,2.7507,9.0579,5.7750,1,3.509,4.582
1248,DATA_20260316_120000.BIN,2.7507,11.5036,3.8111,11.5036,2.6180,1,1.440,2.860
1249,DATA_20260316_120000.BIN,11.3280,18.1381,6.9043,18.1381,5.9950,1,10.776,15.976
1250,DATA_20260316_120000.BIN,6.9043,17.4955,1.9193,17.4955,5.7640,1,6.303,7.941
1251,DATA_20260316_120000.BIN,1.9193,15.2606,4.3585,15.2606,2.3870,1,1.855,3.955
1252,DATA_20260316_120000.BIN,4.3585,18.3532,10.4022,18.3532,3.9490,1,6.535,7.335
1253,DATA_20260316_120000.BIN,10.4022,15.5778,6.6885,15.5778,3.7070,1,12.551,12.693
1254,DATA_20260316_120000.BIN,6.6885,17.9051,7.9017,17.9051,4.1360,1,4.666,7.324
1255,DATA_20260316_120000.BIN,7.9017,13.7936,8.0132,13.7936,2.1890,1,5.841,8.664
1256,DATA_20260316_120000.BIN,8.0132,19.4646,9.4125,19.4646,7.0730,1,5.671,5.886
1257,DATA_20260316_120000.BIN,9.4125,15.3976,8.4388,15.3976,5.2140,1,8.135,8.830
1258,DATA_20260316_120000.BIN,8.4388,17.6969,6.9932,17.6969,5.1370,1,5.160,6.338
1259,DATA_20260316_120000.BIN,6.9932,17.4660,11.9508,17.4660,2.1340,1,2.898,3.159
1260,DATA_20260316_120000.BIN,11.9508,19.1373,11.2271,19.1373,9.0420,1,8.175,8.288
1261,DATA_20260316_120000.BIN,11.2271,23.0208,6.9149,23.0208,1.5950,1,6.824,7.023
1262,DATA_20260316_120000.BIN,6.9149,20.2266,7.6382,20.2266,6.0170,1,6.416,6.824
1263,DATA_20260316_120000.BIN,7.6382,19.3806,6.8411,19.3806,2.8710,1,6.589,7.881
1264,DATA_20260316_120000.BIN,6.8411,14.3697,3.3877,14.3697,5.2250,1,4.948,5.206
1265,DATA_20260316_120000.BIN,3.3877,18.7723,2.9167,18.7723,3.0910,1,4.350,11.236
1266,DATA_20260316_120000.BIN,29.2677,36.2236,22.9217,36.2236,9.0420,1,28.178,47.814
1267,DATA_20260316_120000.BIN,22.9217,44.8757,35.3029,44.8757,6.3910,1,17.997,22.593
1268,DATA_20260316_120000.BIN,35.3029,41.1844,34.2503,41.1844,7.0840,1,33.089,53.309
1269,DATA_20260316_120000.BIN,3.9261,20.4379,10.8485,20.4379,2.1450,1,11.127,16.023
1270,DATA_20260316_120000.BIN,10.8485,16.7273,6.0040,16.7273,3.5530,1,1.258,4.691
1271,DATA_20260316_120000.BIN,3.7378,17.8456,6.2359,17.8456,3.2450,1,12.136,13.539
1272,DATA_20260316_120000.BIN,6.2359,13.6276,3.9189,13.6276,2.2880,1,6.379,7.180
1273,DATA_20260316_120000.BIN,4.4954,21.3302,13.2881,21.3302,1.5840,1,6.443,12.627
1274,DATA_20260316_120000.BIN,13.2881,20.4356,14.8202,20.4356,4.0700,1,5.638,5.680
1275,DATA_20260316_120000.BIN,14.8202,22.0860,10.0513,22.0860,4.8180,1,7.047,7.409
1276,DATA_20260316_120000.BIN,10.0513,18.5190,7.8323,18.5190,4.8730,1,8.877,9.752
1277,DATA_20260316_120000.BIN,7.8323,16.4665,10.3474,16.4665,2.7720,1,2.686,3.738
1278,DATA_20260316_120000.BIN,10.3474,17.7934,7.7796,17.7934,5.1370,1,7.780,10.123
1279,DATA_20260316_120000.BIN,7.7796,24.1607,14.9831,24.1607,2.4970,1,8.822,9.702
1280,DATA_20260316_120000.BIN,11.5802,21.3308,10.3176,21.3308,7.0620,1,8.934,8.935
1281,DATA_20260316_120000.BIN,6.7628,16.2195,10.8760,16.2195,2.9370,1,3.869,7.250
1282,DATA_20260316_120000.BIN,12.4225,17.2262,9.5722,17.2262,5.6320,1,4.657,7.110
1283,DATA_20260316_120000.BIN,18.3852,28.0861,19.6859,28.0861,4.0040,1,13.892,83.200
1284,DATA_20260316_120000.BIN,10.9257,21.3706,7.6745,21.3706,5.9180,1,7.650,9.562
1285,DATA_20260316_120000.BIN,7.6745,19.1136,10.2944,19.1136,8.4700,1,12.834,19.083
1286,DATA_20260316_120000.BIN,10.2944,15.4983,6.5735,15.4983,2.4970,1,4.457,4.536
1287,DATA_20260316_120000.BIN,16.9953,25.3305,19.9801,25.3305,2.8710,1,9.802,9.946
1288,DATA_20260316_120000.BIN,19.9801,30.9320,20.7614,30.9320,5.8300,1,11.900,17.288
1289,DATA_20260316_120000.BIN,20.7614,25.8304,21.6287,25.8304,2.4970,1,11.619,11.619
1290,DATA_20260316_120000.BIN,21.6287,25.8447,8.9400,25.8447,5.3570,1,11.832,12.006
1291,DATA_20260316_120000.BIN,8.9400,21.8605,15.0100,21.8605,4.9940,1,6.231,16.023
1292,DATA_20260316_120000.BIN,4.9751,16.9630,10.4300,16.9630,2.1780,1,12.996,12.997
1293,DATA_20260316_120000.BIN,10.4300,28.6744,21.2778,28.6744,4.0150,1,7.593,8.333
1294,DATA_20260316_120000.BIN,15.4198,28.6230,19.0841,28.6230,1.3970,1,10.183,10.199
1295,DATA_20260316_120000.BIN,19.0841,36.9632,30.5583,36.9632,4.0150,1,11.327,11.719
1296,DATA_20260316_120000.BIN,30.5583,37.8295,16.1224,37.8295,2.0350,1,30.718,47.350
1297,DATA_20260316_120000.BIN,4.1403,10.0508,3.9512,10.0508,1.3310,1,11.596,18.266
1298,DATA_20260316_120000.BIN,3.9512,12.0266,3.2816,12.0266,1.1220,1,16.946,27.768
1299,DATA_20260316_120000.BIN,3.0795,21.2181,12.1760,21.2181,3.6520,1,10.179,14.112
1300,DATA_20260316_120000.BIN,9.1202,17.5637,11.7441,17.5637,4.9610,1,9.136,9.342
1301,DATA_20260316_120000.BIN,9.3965,18.7214,7.6670,18.7214,6.0500,1,1.312,15.781
1302,DATA_20260316_120000.BIN,7.6670,19.8124,6.0169,19.8124,7.0070,1,3.087,5.597
1303,DATA_20260316_120000.BIN,11.0911,16.4851,10.7964,16.4851,2.6070,1,11.349,12.517
1304,DATA_20260316_120000.BIN,4.5653,15.0618,7.3053,15.0618,6.6770,1,12.472,21.141
1305,DATA_20260316_120000.BIN,7.3053,14.8901,5.3764,14.8901,8.0960,1,4.534,11.976
1306,DATA_20260316_120000.BIN,5.3764,39.3877,7.1075,39.3877,5.7750,1,5.570,7.536
1307,DATA_20260316_120000.BIN,7.1075,13.6479,7.0095,13.6479,3.6630,1,2.516,7.616
1308,DATA_20260316_120000.BIN,1.8210,8.8419,0.7236,8.8419,3.2230,1,6.698,6.730
1309,DATA_20260316_120000.BIN,0.7236,9.4425,2.1897,9.4425,2.4310,1,7.430,7.672
1310,DATA_20260316_120000.BIN,2.1897,9.7567,4.4636,9.7567,3.8390,1,5.327,5.545
1311,DATA_20260316_120000.BIN,0.9388,9.7823,3.1361,9.7823,3.5970,1,5.990,6.443
1312,DATA_20260316_120000.BIN,3.1361,11.2368,6.0872,11.2368,6.5010,1,4.689,4.754
1313,DATA_20260316_120000.BIN,4.7111,12.5956,1.3347,12.5956,4.4000,1,5.079,5.089
1314,DATA_20260316_120000.BIN,1.3347,8.2647,1.5951,8.2647,2.2550,1,5.549,5.939
1315,DATA_20260316_120000.BIN,1.5951,14.1953,4.1850,14.1953,5.3900,1,6.605,8.188
1316,DATA_20260316_120000.BIN,3.4432,14.9742,8.0913,14.9742,3.2340,1,5.432,6.477
1317,DATA_20260316_120000.BIN,8.0913,16.9123,10.8554,16.9123,5.0490,1,9.226,10.317
1318,DATA_20260316_120000.BIN,10.8554,16.2583,4.9885,16.2583,6.0940,1,11.843,11.845
1319,DATA_20260316_120000.BIN,2.3715,14.3660,0.9823,14.3660,3.9820,1,4.702,6.572
1320,DATA_20260316_120000.BIN,0.9823,12.1541,5.6952,12.1541,6.4900,1,4.241,4.295
1321,DATA_20260316_120000.BIN,1.3779,9.4118,2.4792,9.4118,3.5970,1,1.787,1.933
1322,DATA_20260316_120000.BIN,3.5879,10.7159,3.7263,10.7159,2.1890,1,4.127,6.537
1323,DATA_20260316_120000.BIN,10.8441,21.4592,7.5486,21.4592,8.1290,1,9.868,11.196
1324,DATA_20260316_120000.BIN,7.5486,16.4862,1.9440,16.4862,4.9060,1,11.303,13.977
1325,DATA_20260316_120000.BIN,1.7316,14.0563,6.4895,14.0563,9.1190,1,4.237,4.299
1326,DATA_20260316_120000.BIN,6.4895,14.7488,1.2613,14.7488,4.7630,1,7.257,7.265
1327,DATA_20260316_120000.BIN,1.2613,8.4243,0.6271,8.4243,5.7860,1,0.771,7.475
1328,DATA_20260316_120000.BIN,1.6973,8.4574,0.3404,8.4574,9.1960,1,0.486,2.729
1329,DATA_20260316_120000.BIN,0.3404,6.6304,1.9561,6.6304,3.7290,1,1.907,6.772
1330,DATA_20260316_120000.BIN,1.9561,14.0539,1.3875,14.0539,3.7950,1,1.390,2.567
1331,DATA_20260316_120000.BIN,4.8606,12.5625,7.4408,12.5625,2.8160,1,3.922,5.668
1332,DATA_20260316_120000.BIN,7.4408,20.1928,3.1598,20.1928,4.4220,1,6.848,7.606
1333,DATA_20260316_120000.BIN,2.6585,12.2827,5.6717,12.2827,4.1360,1,4.263,5.593
1334,DATA_20260316_120000.BIN,5.6717,11.1667,1.1370,11.1667,5.7200,1,2.762,8.998
1335,DATA_20260316_120000.BIN,1.1370,9.2856,3.1865,9.2856,4.3120,1,2.253,3.424
1336,DATA_20260316_120000.BIN,3.1865,12.6123,1.1682,12.6123,5.1040,1,5.593,5.676
1337,DATA_20260316_120000.BIN,1.1682,7.0936,0.1937,7.0936,2.3760,1,0.905,5.259
1338,DATA_20260316_120000.BIN,0.1937,7.2759,0.8653,7.2759,3.7070,1,2.071,3.394
1339,DATA_20260316_120000.BIN,2.0079,10.8389,3.0419,10.8389,1.7710,1,3.689,8.020
1340,DATA_20260316_120000.BIN,3.0419,10.8974,0.2503,10.8974,4.0480,1,3.099,4.048
1341,DATA_20260316_120000.BIN,0.2503,14.1033,3.6472,14.1033,2.2220,1,1.164,16.546
1342,DATA_20260316_120000.BIN,3.6472,9.7672,3.4875,9.7672,1.7710,1,5.476,6.151
1343,DATA_20260316_120000.BIN,3.4875,21.0023,3.8970,21.0023,5.1040,1,5.752,8.329
1344,DATA_20260316_120000.BIN,3.8970,21.2495,4.7303,21.2495,8.6350,1,5.077,5.989
1345,DATA_20260316_120000.BIN,4.7303,12.4053,0.1439,12.4053,7.5130,1,5.041,7.755
1346,DATA_20260316_120000.BIN,1.3764,7.5895,0.5397,7.5895,9.0750,1,2.836,7.093
1347,DATA_20260316_120000.BIN,0.5397,7.8233,0.7264,7.8233,4.3560,1,1.284,5.859
1348,DATA_20260316_120000.BIN,0.7264,8.3427,0.6003,8.3427,3.0470,1,1.535,4.740
1349,DATA_20260316_120000.BIN,0.6003,24.5262,0.9283,24.5262,6.3030,1,0.189,3.272
1350,DATA_20260316_120000.BIN,0.9283,9.7134,0.8813,9.7134,2.8820,1,1.853,7.112
1351,DATA_20260316_120000.BIN,0.8813,10.4349,2.1689,10.4349,4.8730,1,1.436,3.864
1352,DATA_20260316_120000.BIN,2.1689,10.9121,1.7341,10.9121,2.4750,1,1.564,5.565
1353,DATA_20260316_120000.BIN,1.7586,8.2611,1.3042,8.2611,3.1570,1,1.637,3.945
1354,DATA_20260316_120000.BIN,1.3042,7.9934,0.8244,7.9934,2.2110,1,1.311,1.935
1355,DATA_20260316_120000.BIN,2.8376,9.9240,0.9921,9.9240,1.6280,1,2.744,3.515
1356,DATA_20260316_120000.BIN,0.9921,8.7573,2.2100,8.7573,6.7430,1,1.819,2.682
1357,DATA_20260316_120000.BIN,2.2100,10.2085,0.1979,10.2085,8.9430,1,3.357,5.523
1358,DATA_20260316_120000.BIN,0.1979,13.3751,3.6772,13.3751,3.3000,1,0.547,2.956
1359,DATA_20260316_120000.BIN,3.6772,13.6352,5.0602,13.6352,5.3790,1,3.945,4.000
1360,DATA_20260316_120000.BIN,5.0602,11.4401,2.1169,11.4401,1.5950,1,6.657,7.145
1361,DATA_20260316_120000.BIN,2.1169,8.8776,3.0692,8.8776,5.7640,1,3.319,12.500
1362,DATA_20260316_120000.BIN,3.5003,19.8357,4.2903,19.8357,2.5960,1,2.704,11.353
1363,DATA_20260316_120000.BIN,9.2541,14.9359,6.8752,14.9359,8.1070,1,10.335,10.509
1364,DATA_20260316_120000.BIN,6.8752,11.8107,2.5797,11.8107,2.7170,1,6.492,6.497
1365,DATA_20260316_120000.BIN,1.9965,15.6271,3.4192,15.6271,2.6730,1,4.122,5.450
1366,DATA_20260316_120000.BIN,2.4946,9.9889,3.2042,9.9889,1.9360,1,3.165,6.050
1367,DATA_20260316_120000.BIN,3.2042,12.1848,2.6557,12.1848,2.2770,1,3.019,5.783
1368,DATA_20260316_120000.BIN,5.4418,10.7560,1.3439,10.7560,4.3340,1,4.739,11.771
1369,DATA_20260316_120000.BIN,1.3439,14.3886,5.9145,14.3886,2.5410,1,0.857,1.253
1370,DATA_20260316_120000.BIN,5.9145,17.9909,6.5500,17.9909,4.4550,1,5.241,10.115
1371,DATA_20260316_120000.BIN,6.5500,18.6262,4.4665,18.6262,3.7070,1,5.830,9.249
1372,DATA_20260316_120000.BIN,4.4665,14.7336,4.7454,14.7336,2.7170,1,2.194,8.907
1373,DATA_20260316_120000.BIN,4.7454,36.9117,4.8106,36.9117,9.9660,1,4.756,6.865
1374,DATA_20260316_120000.BIN,4.8106,10.7422,1.3266,10.7422,4.2350,1,4.029,12.273
1375,DATA_20260316_120000.BIN,1.3266,12.8694,3.1394,12.8694,9.5260,1,2.452,4.370
1376,DATA_20260316_120000.BIN,3.1394,8.8556,1.9834,8.8556,3.3550,1,4.139,4.794
1377,DATA_20260316_120000.BIN,2.9834,16.0198,1.1892,16.0198,5.4560,1,2.547,5.253
1378,DATA_20260316_120000.BIN,1.1892,8.8975,1.7284,8.8975,2.9810,1,0.841,1.682
1379,DATA_20260316_120000.BIN,1.7284,10.1679,2.9543,10.1679,3.2890,1,2.086,3.066
1380,DATA_20260316_120000.BIN,0.6013,9.3406,0.8004,9.3406,6.3140,1,1.817,4.552
1381,DATA_20260316_120000.BIN,0.8004,8.6510,0.7809,8.6510,6.1600,1,2.430,6.841
1382,DATA_20260316_120000.BIN,0.3951,7.7707,1.1957,7.7707,2.7830,1,1.289,4.603
1383,DATA_20260316_120000.BIN,1.1957,7.0570,1.5391,7.0570,5.3900,1,0.837,7.673
1384,DATA_20260316_120000.BIN,1.5391,13.1447,4.0411,13.1447,1.9250,1,3.516,4.976
1385,DATA_20260316_120000.BIN,4.0411,11.6278,0.8650,11.6278,1.9910,1,5.824,5.828
1386,DATA_20260316_120000.BIN,0.8650,10.5358,2.4231,10.5358,2.8380,1,0.771,2.850
1387,DATA_20260316_120000.BIN,2.4231,17.1096,3.6969,17.1096,6.0610,1,3.625,4.479
1388,DATA_20260316_120000.BIN,1.9311,11.8833,1.7150,11.8833,3.6630,1,2.542,2.545
1389,DATA_20260316_120000.BIN,1.7150,8.0083,0.9407,8.0083,4.6860,1,1.990,2.774
1390,DATA_20260316_120000.BIN,0.9407,6.1818,2.3055,6.1818,4.3230,1,0.733,3.756
1391,DATA_20260316_120000.BIN,2.3055,10.4327,3.7829,10.4327,2.9920,1,2.383,6.631
1392,DATA_20260316_120000.BIN,3.7829,9.2021,1.0957,9.2021,2.3430,1,4.216,5.308
1393,DATA_20260316_120000.BIN,1.0957,7.3785,0.9334,7.3785,2.3980,1,1.706,2.286
1394,DATA_20260316_120000.BIN,0.9334,6.1715,1.2379,6.1715,3.6740,1,1.583,4.529
1395,DATA_20260316_120000.BIN,0.7692,7.1419,0.9275,7.1419,2.8050,1,1.115,1.116
1396,DATA_20260316_120000.BIN,0.9275,20.2142,8.3481,20.2142,4.9280,1,0.687,0.740
1397,DATA_20260316_120000.BIN,8.3481,21.2309,4.0531,21.2309,6.2370,1,9.297,12.143
1398,DATA_20260316_120000.BIN,4.0531,10.1527,4.4601,10.1527,4.1910,1,4.599,6.526
1399,DATA_20260316_120000.BIN,5.4010,11.5952,5.8745,11.5952,2.4860,1,5.251,6.714
1400,DATA_20260316_120000.BIN,5.8745,12.0325,2.7118,12.0325,7.0510,1,6.894,10.748
1401,DATA_20260316_120000.BIN,2.7118,36.8287,1.7934,36.8287,4.4220,1,2.293,5.902
1402,DATA_20260316_120000.BIN,1.7934,8.9531,3.2414,8.9531,1.5400,1,2.888,3.325
1403,DATA_20260316_120000.BIN,3.2414,12.6770,4.1675,12.6770,3.2340,1,3.397,8.546
1404,DATA_20260316_120000.BIN,4.1675,34.3422,2.5416,34.3422,3.4430,1,2.964,3.852
1405,DATA_20260316_120000.BIN,2.5416,12.3510,0.4223,12.3510,3.5090,1,4.793,5.248
1406,DATA_20260316_120000.BIN,0.4223,34.8955,2.1746,34.8955,3.4870,1,0.542,7.042
1407,DATA_20260316_120000.BIN,2.1746,8.2745,1.0751,8.2745,3.8390,1,3.292,4.869
1408,DATA_20260316_120000.BIN,4.8351,17.5785,6.9890,17.5785,6.1600,1,5.787,6.657
1409,DATA_20260316_120000.BIN,6.9890,13.4684,8.0517,13.4684,3.4980,1,7.305,8.590
1410,DATA_20260316_120000.BIN,8.0517,13.6361,4.3758,13.6361,2.2330,1,8.584,9.005
1411,DATA_20260316_120000.BIN,4.3758,9.9877,2.3042,9.9877,1.7380,1,2.934,15.501
1412,DATA_20260316_120000.BIN,4.5470,12.0873,1.8630,12.0873,8.4590,1,7.315,7.588
1413,DATA_20260316_120000.BIN,1.8630,10.8283,3.0013,10.8283,5.6430,1,3.046,4.609
1414,DATA_20260316_120000.BIN,3.0013,10.6523,1.2747,10.6523,6.5560,1,4.146,4.155
1415,DATA_20260316_120000.BIN,1.8592,21.3021,0.6954,21.3021,7.6120,1,2.625,3.076
1416,DATA_20260316_120000.BIN,0.6954,7.6859,1.1732,7.6859,7.8870,1,0.626,0.907
1417,DATA_20260316_120000.BIN,0.5909,9.5496,1.3541,9.5496,4.7300,1,1.225,2.738
1418,DATA_20260316_120000.BIN,2.0230,7.6258,1.3861,7.6258,3.4540,1,2.299,3.096
1419,DATA_20260316_120000.BIN,1.4538,6.9394,1.3675,6.9394,3.9710,1,1.635,3.731
1420,DATA_20260316_120000.BIN,1.3675,13.7211,2.1344,13.7211,4.2790,1,2.254,4.771
1421,DATA_20260316_120000.BIN,2.1344,6.7635,1.4228,6.7635,8.3930,1,2.410,2.792
1422,DATA_20260316_120000.BIN,1.4228,10.1765,2.7826,10.1765,2.3540,1,1.630,2.209
1423,DATA_20260316_120000.BIN,2.7826,10.5098,2.5168,10.5098,5.2140,1,3.081,4.849
1424,DATA_20260316_120000.BIN,2.5168,11.3730,2.4186,11.3730,3.7730,1,3.100,3.564
1425,DATA_20260316_120000.BIN,2.4186,7.0735,1.9141,7.0735,5.6650,1,2.632,3.372
1426,DATA_20260316_120000.BIN,1.9141,7.2993,0.6711,7.2993,5.7860,1,1.508,4.083
1427,DATA_20260316_120000.BIN,1.2108,7.1887,1.6823,7.1887,7.5130,1,1.914,2.009
1428,DATA_20260316_120000.BIN,5.1600,12.2720,1.2539,12.2720,3.7840,1,6.539,6.677
1429,DATA_20260316_120000.BIN,1.5877,10.7531,0.8785,10.7531,9.5260,1,1.617,4.139
1430,DATA_20260316_120000.BIN,0.6313,5.1841,1.3299,5.1841,6.4900,1,0.799,2.067
1431,DATA_20260316_120000.BIN,1.3283,6.3715,1.4195,6.3715,4.0040,1,1.280,2.878
1432,DATA_20260316_120000.BIN,1.4195,6.0446,0.5031,6.0446,3.6190,1,1.997,2.657
1433,DATA_20260316_120000.BIN,1.4976,12.9027,0.2202,12.9027,5.1920,1,1.808,1.945
1434,DATA_20260316_120000.BIN,0.2202,19.2686,4.5067,19.2686,5.7860,1,0.367,0.659
1435,DATA_20260316_120000.BIN,3.8369,10.2433,2.1152,10.2433,4.0040,1,4.463,5.431
1436,DATA_20260316_120000.BIN,2.8846,9.5286,6.2706,9.5286,5.9840,1,2.833,2.968
1437,DATA_20260316_120000.BIN,6.2706,12.9503,3.7353,12.9503,6.2590,1,6.610,6.649
1438,DATA_20260316_120000.BIN,1.4175,6.5382,3.0009,6.5382,6.9960,1,0.417,2.085
1439,DATA_20260316_120000.BIN,0.9757,7.0757,4.7135,7.0757,4.1800,1,1.537,4.987
1440,DATA_20260316_120000.BIN,4.7135,10.3983,1.5895,10.3983,6.1380,1,4.399,4.498
1441,DATA_20260316_120000.BIN,0.6222,8.2715,2.9594,8.2715,1.8920,1,2.023,2.180
1442,DATA_20260316_120000.BIN,2.9594,10.2142,4.8127,10.2142,7.5240,1,1.529,11.257
1443,DATA_20260316_120000.BIN,4.8127,12.3706,4.6481,12.3706,3.7510,1,3.729,6.842
1444,DATA_20260316_120000.BIN,4.6481,14.2498,0.6571,14.2498,7.2820,1,3.518,5.814
1445,DATA_20260316_120000.BIN,1.6102,14.0917,6.6959,14.0917,5.4120,1,3.183,4.211
1446,DATA_20260316_120000.BIN,6.6959,13.5538,3.2051,13.5538,4.0150,1,5.614,8.911
1447,DATA_20260316_120000.BIN,3.0461,17.9754,1.5924,17.9754,5.4560,1,1.030,2.007
1448,DATA_20260316_120000.BIN,1.5924,13.4982,0.1312,13.4982,5.3350,1,0.900,1.246
1449,DATA_20260316_120000.BIN,0.1312,5.8892,0.9908,5.8892,3.6850,1,2.631,6.188
1450,DATA_20260316_120000.BIN,0.9908,10.4928,2.9665,10.4928,4.9060,1,1.413,3.757
1451,DATA_20260316_120000.BIN,2.9665,9.5074,0.4684,9.5074,2.9040,1,1.703,2.735
1452,DATA_20260316_120000.BIN,0.4684,12.0089,0.8198,12.0089,6.4130,1,2.370,2.370
1453,DATA_20260316_120000.BIN,0.8198,7.8735,2.7882,7.8735,5.2250,1,2.775,2.792
1454,DATA_20260316_120000.BIN,2.7882,9.1394,1.0606,9.1394,7.5350,1,2.539,10.216
1455,DATA_20260316_120000.BIN,1.0606,8.4152,2.4347,8.4152,3.0580,1,1.963,3.823
1456,DATA_20260316_120000.BIN,2.4347,13.6540,1.9211,13.6540,4.6750,1,2.085,2.668
1457,DATA_20260316_120000.BIN,1.9211,12.6773,6.2393,12.6773,4.8290,1,1.733,1.905
1458,DATA_20260316_120000.BIN,6.2393,11.3988,6.4407,11.3988,5.7420,1,5.630,6.751
1459,DATA_20260316_120000.BIN,6.4407,10.8816,5.2543,10.8816,3.3770,1,6.243,9.032
1460,DATA_20260316_120000.BIN,0.8685,5.3624,1.4780,5.3624,3.3990,1,3.679,3.679
1461,DATA_20260316_120000.BIN,1.4780,6.6988,1.1794,6.6988,2.0900,1,2.214,2.535
1462,DATA_20260316_120000.BIN,3.1221,8.0257,3.5842,8.0257,5.1040,1,2.698,2.782
1463,DATA_20260316_120000.BIN,3.5842,10.3484,2.1618,10.3484,4.6750,1,2.523,3.048
1464,DATA_20260316_120000.BIN,2.1618,13.0133,6.3695,13.0133,3.4540,1,0.731,2.101
1465,DATA_20260316_120000.BIN,6.3695,14.9982,1.7287,14.9982,2.4860,1,5.338,5.497
1466,DATA_20260316_120000.BIN,1.0358,8.8676,1.2363,8.8676,5.0380,1,1.629,1.633
1467,DATA_20260316_120000.BIN,3.6581,11.9168,0.9136,11.9168,4.2130,1,2.998,4.994
1468,DATA_20260316_120000.BIN,0.9136,8.7888,1.2995,8.7888,4.1250,1,1.737,3.618
1469,DATA_20260316_120000.BIN,1.8510,6.1452,0.9287,6.1452,2.6950,1,4.259,4.359
1470,DATA_20260316_120000.BIN,1.8215,8.4217,0.8600,8.4217,4.7520,1,1.246,1.772
1471,DATA_20260316_120000.BIN,0.8600,7.7414,1.1168,7.7414,3.6300,1,1.868,1.899
1472,DATA_20260316_120000.BIN,1.1168,8.6365,2.5113,8.6365,7.1830,1,2.190,2.207
1473,DATA_20260316_120000.BIN,2.5113,13.5509,4.9863,13.5509,5.9510,1,2.503,6.766
1474,DATA_20260316_120000.BIN,4.9863,18.2028,4.5352,18.2028,8.6350,1,4.424,10.262
1475,DATA_20260316_120000.BIN,4.5352,15.9625,4.8600,15.9625,2.9040,1,5.648,10.043
1476,DATA_20260316_120000.BIN,4.8600,18.2431,5.7000,18.2431,2.2110,1,3.210,8.632
1477,DATA_20260316_120000.BIN,5.7000,18.0644,5.5040,18.0644,5.3240,1,3.938,9.201
1478,DATA_20260316_120000.BIN,5.5040,11.9448,0.6644,11.9448,4.1470,1,4.297,9.016
1479,DATA_20260316_120000.BIN,6.3303,12.0219,6.8096,12.0219,2.6730,1,4.518,7.122
1480,DATA_20260316_120000.BIN,5.4818,14.9767,5.7119,14.9767,1.9470,1,8.258,8.675
1481,DATA_20260316_120000.BIN,5.7119,12.0404,2.1324,12.0404,7.6670,1,4.271,4.290
1482,DATA_20260316_120000.BIN,5.7989,14.2106,5.0015,14.2106,4.3340,1,4.879,9.799
1483,DATA_20260316_120000.BIN,5.0015,16.4946,6.1184,16.4946,4.5320,1,2.394,5.677
1484,DATA_20260316_120000.BIN,6.1184,10.6052,6.2322,10.6052,6.9300,1,3.995,11.857
1485,DATA_20260316_120000.BIN,8.5233,15.1405,7.6047,15.1405,6.3580,1,5.234,13.211
1486,DATA_20260316_120000.BIN,4.1801,14.9409,2.8133,14.9409,6.8530,1,1.806,2.354
1487,DATA_20260316_120000.BIN,2.0622,25.5221,4.6379,25.5221,4.7300,1,3.859,3.915
1488,DATA_20260316_120000.BIN,4.6379,9.3590,2.6074,9.3590,4.6090,1,3.710,3.785
1489,DATA_20260316_120000.BIN,7.1336,12.2634,7.0770,12.2634,4.5980,1,5.266,10.498
1490,DATA_20260316_120000.BIN,7.0770,16.6986,4.0991,16.6986,3.2560,1,3.900,9.627
1491,DATA_20260316_120000.BIN,4.0991,18.7360,0.9444,18.7360,3.2340,1,0.869,4.671
1492,DATA_20260316_120000.BIN,1.8083,22.2831,4.8633,22.2831,3.2670,1,2.853,3.773
1493,DATA_20260316_120000.BIN,4.8633,24.6275,7.7987,24.6275,8.1070,1,0.437,12.792
1494,DATA_20260316_120000.BIN,6.5131,33.8750,2.4840,33.8750,2.9040,1,11.043,13.776
1495,DATA_20260316_130000.BIN,5.5631,12.1448,2.3792,12.1448,1.9800,1,13.805,47.479
1496,DATA_20260316_130000.BIN,3.8761,12.2254,2.3204,12.2254,2.0790,1,14.867,45.566
1497,DATA_20260316_130000.BIN,2.3204,11.8022,3.5690,11.8022,3.6850,1,12.425,50.543
1498,DATA_20260316_130000.BIN,3.5690,33.6583,4.6989,33.6583,6.7430,1,9.576,40.860
1499,DATA_20260316_130000.BIN,4.6989,12.6469,3.3823,12.6469,4.0260,1,8.964,34.175
1500,DATA_20260316_130000.BIN,3.3823,33.0710,3.2336,33.0710,6.5670,1,7.917,35.645
1501,DATA_20260316_130000.BIN,6.2248,11.5486,5.7174,11.5486,1.5620,1,6.497,38.444
1502,DATA_20260316_130000.BIN,5.7174,32.0604,27.5338,32.0604,4.4110,1,5.566,29.308
1503,DATA_20260316_130000.BIN,27.5338,31.8255,19.1391,31.8255,5.4010,1,36.726,53.966
1504,DATA_20260316_130000.BIN,19.1391,32.4508,1.8213,32.4508,8.1180,1,16.445,33.655
1505,DATA_20260316_130000.BIN,1.8213,9.0054,1.4886,9.0054,1.5070,1,8.326,16.581
1506,DATA_20260316_130000.BIN,0.5038,10.8498,2.9980,10.8498,5.9730,1,8.334,13.574
1507,DATA_20260316_130000.BIN,2.9980,9.7197,4.5006,9.7197,2.1120,1,8.087,25.124
1508,DATA_20260316_130000.BIN,4.5006,14.7625,3.3859,14.7625,6.6440,1,3.516,17.124
1509,DATA_20260316_130000.BIN,3.3859,26.7993,2.1878,26.7993,2.9150,1,3.647,11.055
1510,DATA_20260316_130000.BIN,2.1878,10.5974,2.0766,10.5974,1.0120,1,7.321,14.037
1511,DATA_20260316_130000.BIN,2.0766,13.2192,2.0306,13.2192,7.4910,1,9.093,14.723
1512,DATA_20260316_130000.BIN,4.4550,7.9751,3.0719,7.9751,3.6080,1,6.934,7.673
1513,DATA_20260316_130000.BIN,33.8186,37.9727,1.2130,37.9727,5.1480,1,44.181,48.101
1514,DATA_20260316_130000.BIN,1.2130,15.5950,11.2887,15.5950,4.9720,1,6.204,9.747
1515,DATA_20260316_130000.BIN,11.2887,15.0729,4.3619,15.0729,5.1150,1,21.521,23.328
1516,DATA_20260316_130000.BIN,4.3619,8.2580,1.7125,8.2580,2.5080,1,6.813,7.330
1517,DATA_20260316_130000.BIN,1.7125,18.0474,0.5731,18.0474,4.3340,1,2.432,2.828
1518,DATA_20260316_130000.BIN,0.5731,6.8236,2.3442,6.8236,2.1670,1,1.860,1.911
1519,DATA_20260316_130000.BIN,0.2799,12.0018,3.0789,12.0018,3.1790,1,1.056,4.532
1520,DATA_20260316_130000.BIN,1.0670,6.9772,2.8047,6.9772,4.0150,1,2.032,2.687
1521,DATA_20260316_130000.BIN,2.8047,9.7131,4.8772,9.7131,4.2240,1,4.061,5.788
1522,DATA_20260316_130000.BIN,4.8772,8.8353,5.5841,8.8353,6.2480,1,2.985,4.947
1523,DATA_20260316_130000.BIN,5.5841,10.5271,6.7842,10.5271,6.4020,1,6.871,7.610
1524,DATA_20260316_130000.BIN,7.5755,13.3236,6.5698,13.3236,8.6570,1,6.076,7.777
1525,DATA_20260316_130000.BIN,7.3319,12.7684,4.2043,12.7684,6.5230,1,6.270,6.860
1526,DATA_20260316_130000.BIN,4.0878,11.5067,7.8616,11.5067,7.3810,1,1.629,2.959
1527,DATA_20260316_130000.BIN,5.7784,11.5002,5.4413,11.5002,4.4000,1,3.097,5.851
1528,DATA_20260316_130000.BIN,3.8413,11.5664,5.1774,11.5664,7.2270,1,1.888,2.338
1529,DATA_20260316_130000.BIN,5.1774,11.2483,4.5592,11.2483,7.1500,1,2.549,2.561
1530,DATA_20260316_130000.BIN,4.5592,8.3801,3.1836,8.3801,4.6640,1,2.391,4.000
1531,DATA_20260316_130000.BIN,1.2198,4.5713,0.3546,4.5713,4.2680,1,2.474,2.691
1532,DATA_20260316_130000.BIN,0.3546,6.0151,1.3508,6.0151,3.4540,1,2.649,3.736
1533,DATA_20260316_130000.BIN,1.3508,5.9101,1.9412,5.9101,3.6850,1,1.977,1.982
1534,DATA_20260316_130000.BIN,3.5846,7.2131,1.3912,7.2131,4.1360,1,1.927,1.927
1535,DATA_20260316_130000.BIN,1.2591,7.9101,3.7031,7.9101,2.4420,1,1.931,2.503
1536,DATA_20260316_130000.BIN,3.7031,13.5896,4.0125,13.5896,4.7410,1,2.112,3.140
1537,DATA_20260316_130000.BIN,4.0125,8.3820,3.2458,8.3820,5.1370,1,1.659,1.659
1538,DATA_20260316_130000.BIN,3.2458,7.8160,3.4420,7.8160,8.3600,1,1.262,3.155
1539,DATA_20260316_130000.BIN,3.4420,7.4617,3.4863,7.4617,5.6760,1,3.687,4.417
1540,DATA_20260316_130000.BIN,3.4863,9.2770,5.4462,9.2770,4.7300,1,2.487,2.535
1541,DATA_20260316_130000.BIN,2.0083,11.6934,3.7671,11.6934,4.3780,1,2.838,2.841
1542,DATA_20260316_130000.BIN,3.7671,15.8125,5.7948,15.8125,2.8820,1,0.654,2.659
1543,DATA_20260316_130000.BIN,5.7948,9.1346,1.1472,9.1346,4.6860,1,3.553,3.698
1544,DATA_20260316_130000.BIN,1.1472,8.9102,2.8190,8.9102,1.6500,1,3.122,4.160
1545,DATA_20260316_130000.BIN,2.8190,9.3903,2.4855,9.3903,3.3880,1,1.877,3.785
1546,DATA_20260316_130000.BIN,4.2408,10.4566,3.0245,10.4566,2.6510,1,6.924,7.288
1547,DATA_20260316_130000.BIN,3.0245,12.5542,2.1755,12.5542,2.8710,1,3.011,4.187
1548,DATA_20260316_130000.BIN,4.9924,11.7731,4.6195,11.7731,6.8530,1,1.745,5.851
1549,DATA_20260316_130000.BIN,4.6195,9.4275,2.5736,9.4275,5.6320,1,0.683,7.209
1550,DATA_20260316_130000.BIN,2.5736,8.4660,4.1856,8.4660,3.1790,1,2.205,6.400
1551,DATA_20260316_130000.BIN,6.5940,12.0261,6.8418,12.0261,6.9850,1,5.968,6.625
1552,DATA_20260316_130000.BIN,5.6128,9.1983,4.5554,9.1983,4.9390,1,4.411,5.301
1553,DATA_20260316_130000.BIN,2.5971,10.0068,4.6284,10.0068,6.8860,1,3.713,4.698
1554,DATA_20260316_130000.BIN,4.6284,10.3289,2.4117,10.3289,6.0390,1,1.582,3.635
1555,DATA_20260316_130000.BIN,2.4117,6.7521,2.0909,6.7521,3.5090,1,0.661,1.828
1556,DATA_20260316_130000.BIN,2.0909,8.1281,1.7718,8.1281,5.8300,1,2.801,5.537
1557,DATA_20260316_130000.BIN,1.7718,8.0840,2.4574,8.0840,4.3890,1,2.130,2.711
1558,DATA_20260316_130000.BIN,2.4574,14.5768,4.6648,14.5768,6.7320,1,0.854,3.777
1559,DATA_20260316_130000.BIN,4.6648,9.8921,4.2806,9.8921,4.9940,1,1.299,3.090
1560,DATA_20260316_130000.BIN,4.2806,8.4414,4.3429,8.4414,4.3340,1,4.607,4.632
1561,DATA_20260316_130000.BIN,4.9067,11.1157,5.6765,11.1157,5.2580,1,3.119,3.517
1562,DATA_20260316_130000.BIN,3.5566,7.2698,4.0816,7.2698,6.8860,1,1.483,2.688
1563,DATA_20260316_130000.BIN,4.0816,7.9793,4.6240,7.9793,3.1680,1,4.716,10.092
1564,DATA_20260316_130000.BIN,4.6240,9.8385,4.4220,9.8385,6.7320,1,0.642,5.155
1565,DATA_20260316_130000.BIN,1.6031,6.0794,2.6651,6.0794,5.2140,1,1.997,3.348
1566,DATA_20260316_130000.BIN,2.3645,9.6224,0.2930,9.6224,7.0510,1,5.035,6.996
1567,DATA_20260316_130000.BIN,0.3158,8.1401,1.7502,8.1401,2.4640,1,2.746,2.748
1568,DATA_20260316_130000.BIN,1.7502,14.4219,8.2534,14.4219,4.7080,1,3.915,5.074
1569,DATA_20260316_130000.BIN,8.2534,13.2897,5.6790,13.2897,2.6950,1,7.581,17.484
1570,DATA_20260316_130000.BIN,1.2264,6.4788,0.9786,6.4788,2.1340,1,2.215,2.717
1571,DATA_20260316_130000.BIN,0.9786,8.7450,2.1859,8.7450,4.7410,1,1.890,4.934
1572,DATA_20260316_130000.BIN,2.1859,6.6023,0.6249,6.6023,2.9260,1,2.805,4.620
1573,DATA_20260316_130000.BIN,0.6249,9.2598,0.7766,9.2598,3.1570,1,0.691,3.287
1574,DATA_20260316_130000.BIN,0.7766,7.8170,2.1377,7.8170,4.7520,1,0.631,0.631
1575,DATA_20260316_130000.BIN,2.1377,8.0573,1.5495,8.0573,7.5130,1,2.129,3.854
1576,DATA_20260316_130000.BIN,3.3619,15.4829,10.8550,15.4829,5.2910,1,5.387,7.747
1577,DATA_20260316_130000.BIN,0.7544,10.5662,1.9233,10.5662,6.4350,1,0.572,4.082
1578,DATA_20260316_130000.BIN,1.9233,10.1062,0.9552,10.1062,5.0490,1,3.840,6.416
1579,DATA_20260316_130000.BIN,2.9556,10.5821,2.7437,10.5821,9.5260,1,3.049,3.522
1580,DATA_20260316_130000.BIN,2.7437,7.9601,1.5323,7.9601,1.9470,1,4.873,9.773
1581,DATA_20260316_130000.BIN,2.4365,18.8013,1.6152,18.8013,3.2230,1,0.313,8.257
1582,DATA_20260316_130000.BIN,1.6152,7.5597,4.0416,7.5597,4.9170,1,1.418,1.672
1583,DATA_20260316_130000.BIN,4.2853,9.6044,1.6580,9.6044,5.0600,1,3.297,7.846
1584,DATA_20260316_130000.BIN,3.0295,15.0905,3.7258,15.0905,9.4160,1,4.154,4.473
1585,DATA_20260316_130000.BIN,5.1843,10.4437,5.4887,10.4437,5.8850,1,5.919,6.464
1586,DATA_20260316_130000.BIN,5.4887,9.2138,5.0406,9.2138,9.5700,1,5.120,6.832
1587,DATA_20260316_130000.BIN,4.1118,10.5315,3.1497,10.5315,5.5000,1,4.423,4.434
1588,DATA_20260316_130000.BIN,2.5197,9.2796,3.6465,9.2796,3.1460,1,2.170,5.553
1589,DATA_20260316_130000.BIN,4.6516,8.7797,3.8128,8.7797,2.8710,1,1.701,8.794
1590,DATA_20260316_130000.BIN,3.8128,10.6943,3.9086,10.6943,7.0620,1,2.189,3.265
1591,DATA_20260316_130000.BIN,1.2011,14.5576,4.6329,14.5576,3.8720,1,1.173,2.156
1592,DATA_20260316_130000.BIN,4.6329,10.6419,2.5646,10.6419,4.2900,1,4.440,4.935
1593,DATA_20260316_130000.BIN,4.5405,7.8271,2.7127,7.8271,3.2780,1,3.063,3.080
1594,DATA_20260316_130000.BIN,2.7127,11.8885,0.8339,11.8885,5.1260,1,2.644,2.648
1595,DATA_20260316_130000.BIN,4.0357,10.2488,0.1884,10.2488,1.9250,1,2.473,4.086
1596,DATA_20260316_130000.BIN,0.1884,5.3472,0.4216,5.3472,1.6720,1,2.417,2.421
1597,DATA_20260316_130000.BIN,0.4216,4.4946,0.0589,4.4946,2.4750,1,0.831,5.908
1598,DATA_20260316_130000.BIN,0.0589,7.1304,2.6520,7.1304,8.3600,1,0.992,4.352
1599,DATA_20260316_130000.BIN,2.6520,13.4413,5.9547,13.4413,7.4140,1,0.260,4.510
1600,DATA_20260316_130000.BIN,1.5893,8.6696,0.0409,8.6696,6.5780,1,3.191,8.088
1601,DATA_20260316_130000.BIN,0.0409,6.4672,2.4180,6.4672,2.0460,1,2.475,2.829
1602,DATA_20260316_130000.BIN,2.4180,9.9943,3.8881,9.9943,4.4660,1,1.543,1.743
1603,DATA_20260316_130000.BIN,5.9080,10.1810,3.8045,10.1810,2.9260,1,3.540,9.094
1604,DATA_20260316_130000.BIN,3.8045,7.6541,1.4795,7.6541,5.4450,1,1.204,6.393
1605,DATA_20260316_130000.BIN,1.4795,7.3956,0.5418,7.3956,6.6990,1,1.254,1.258
1606,DATA_20260316_130000.BIN,2.1811,8.1351,3.0171,8.1351,4.4330,1,5.881,6.374
1607,DATA_20260316_130000.BIN,3.0171,6.6846,1.4091,6.6846,3.5200,1,2.174,11.571
1608,DATA_20260316_130000.BIN,3.2345,11.2604,3.7842,11.2604,6.3690,1,2.628,9.002
1609,DATA_20260316_130000.BIN,3.7842,10.5292,4.0655,10.5292,6.1930,1,4.754,4.839
1610,DATA_20260316_130000.BIN,4.0655,9.4944,5.7489,9.4944,7.9640,1,6.186,7.130
1611,DATA_20260316_130000.BIN,5.7489,10.0225,1.9904,10.0225,6.3140,1,7.500,7.551
1612,DATA_20260316_130000.BIN,1.9904,6.8831,1.1599,6.8831,5.5330,1,1.771,1.888
1613,DATA_20260316_130000.BIN,1.1599,9.7949,3.7843,9.7949,5.4120,1,1.869,2.898
1614,DATA_20260316_130000.BIN,3.7843,9.7068,6.7495,9.7068,5.4560,1,4.067,9.588
1615,DATA_20260316_130000.BIN,0.8620,13.2984,5.3346,13.2984,4.8620,1,0.983,1.288
1616,DATA_20260316_130000.BIN,5.3346,15.8395,6.8541,15.8395,2.6950,1,3.121,11.960
1617,DATA_20260316_130000.BIN,6.8541,16.3723,6.8542,16.3723,3.8610,1,4.462,11.801
1618,DATA_20260316_130000.BIN,6.8542,19.4012,7.3130,19.4012,7.4030,1,4.368,9.560
1619,DATA_20260316_130000.BIN,12.5871,17.4837,9.2111,17.4837,4.7740,1,11.305,12.952
1620,DATA_20260316_130000.BIN,9.2111,16.2059,2.2748,16.2059,6.4900,1,5.647,9.422
1621,DATA_20260316_130000.BIN,2.2748,16.4541,5.0922,16.4541,5.9840,1,2.868,9.624
1622,DATA_20260316_130000.BIN,0.6807,29.0748,7.8657,29.0748,3.8170,1,2.297,3.387
1623,DATA_20260316_130000.BIN,7.8657,17.2439,11.1070,17.2439,2.1010,1,5.724,11.112
1624,DATA_20260316_130000.BIN,11.1070,23.0670,6.9676,23.0670,5.7860,1,7.482,9.776
1625,DATA_20260316_130000.BIN,6.9676,19.1684,11.0026,19.1684,6.3800,1,1.363,7.511
1626,DATA_20260316_130000.BIN,3.4024,9.5525,3.8833,9.5525,2.6620,1,1.927,5.152
1627,DATA_20260316_130000.BIN,3.5334,8.4099,3.5842,8.4099,5.4230,1,7.980,8.966
1628,DATA_20260316_130000.BIN,1.4265,7.1972,1.9637,7.1972,3.1680,1,3.874,8.605
1629,DATA_20260316_130000.BIN,4.1824,8.9666,4.9018,8.9666,3.0140,1,6.031,8.349
1630,DATA_20260316_130000.BIN,0.9025,10.9768,3.6974,10.9768,5.8630,1,2.583,7.677
1631,DATA_20260316_130000.BIN,3.6974,11.3748,5.4211,11.3748,2.3870,1,6.706,18.182
1632,DATA_20260316_130000.BIN,5.4211,13.4378,1.6183,13.4378,3.3550,1,4.565,4.805
1633,DATA_20260316_130000.BIN,1.6183,8.0589,4.7394,8.0589,2.6290,1,4.335,5.099
1634,DATA_20260316_130000.BIN,4.7394,14.5543,5.7109,14.5543,2.7060,1,5.591,10.216
1635,DATA_20260316_130000.BIN,5.7109,9.6697,1.9336,9.6697,6.3800,1,7.279,9.247
1636,DATA_20260316_130000.BIN,1.9336,9.4956,3.4499,9.4956,4.9720,1,1.653,6.641
1637,DATA_20260316_130000.BIN,2.9616,7.2398,3.9146,7.2398,6.0060,1,5.143,5.196
1638,DATA_20260316_130000.BIN,3.9146,12.0043,4.4000,12.0043,6.7100,1,6.457,7.092
1639,DATA_20260316_130000.BIN,0.3747,9.1267,4.1194,9.1267,5.4120,1,1.750,3.764
1640,DATA_20260316_130000.BIN,6.9453,12.7321,6.0241,12.7321,3.7290,1,8.076,8.219
1641,DATA_20260316_130000.BIN,6.0241,9.7388,1.5528,9.7388,3.3550,1,4.693,7.887
1642,DATA_20260316_130000.BIN,1.5528,8.6938,2.9208,8.6938,5.2250,1,2.007,2.462
1643,DATA_20260316_130000.BIN,3.3684,10.8685,1.6663,10.8685,7.8320,1,2.266,2.750
1644,DATA_20260316_130000.BIN,1.3898,7.6850,2.0541,7.6850,9.7570,1,1.690,2.065
1645,DATA_20260316_130000.BIN,2.0541,11.8994,4.3022,11.8994,5.7640,1,2.409,4.815
1646,DATA_20260316_130000.BIN,4.3022,8.7923,2.3747,8.7923,3.3330,1,2.204,6.246
1647,DATA_20260316_130000.BIN,2.3747,10.2631,1.1262,10.2631,2.5740,1,2.054,2.088
1648,DATA_20260316_130000.BIN,0.6505,13.9476,4.2605,13.9476,3.5860,1,4.073,9.579
1649,DATA_20260316_130000.BIN,2.1776,33.1923,4.9537,33.1923,5.6430,1,3.313,3.484
1650,DATA_20260316_130000.BIN,5.3576,12.6466,7.2746,12.6466,7.5240,1,5.205,7.613
1651,DATA_20260316_130000.BIN,7.2746,11.4398,0.6770,11.4398,5.9510,1,7.797,7.835
1652,DATA_20260316_130000.BIN,4.5712,9.0811,2.1943,9.0811,5.0930,1,4.555,6.775
1653,DATA_20260316_130000.BIN,4.2287,9.7755,0.2494,9.7755,9.9880,1,4.502,6.621
1654,DATA_20260316_130000.BIN,0.2494,5.2271,0.2376,5.2271,5.3020,1,4.164,6.737
1655,DATA_20260316_130000.BIN,0.0772,7.1257,2.9056,7.1257,5.7530,1,1.628,3.609
1656,DATA_20260316_130000.BIN,1.7096,6.6506,1.4779,6.6506,2.6840,1,1.150,3.291
1657,DATA_20260316_130000.BIN,1.0843,17.6277,4.9674,17.6277,6.2260,1,2.715,2.716
1658,DATA_20260316_130000.BIN,2.1255,6.3507,2.7907,6.3507,1.7380,1,1.583,1.629
1659,DATA_20260316_130000.BIN,2.7907,8.6610,1.2725,8.6610,4.7300,1,4.491,5.008
1660,DATA_20260316_130000.BIN,1.2725,6.8333,0.9042,6.8333,2.7170,1,1.519,2.268
1661,DATA_20260316_130000.BIN,0.9042,11.9298,0.9511,11.9298,6.0280,1,2.974,4.936
1662,DATA_20260316_130000.BIN,1.6886,10.7044,2.1713,10.7044,3.9710,1,2.044,2.281
1663,DATA_20260316_130000.BIN,1.1186,5.4565,0.7607,5.4565,4.3340,1,1.413,3.941
1664,DATA_20260316_130000.BIN,0.7607,9.9319,0.8313,9.9319,2.0350,1,0.611,0.644
1665,DATA_20260316_130000.BIN,0.8313,6.0611,2.6437,6.0611,7.3370,1,1.504,3.744
1666,DATA_20260316_130000.BIN,7.6677,13.9046,4.8144,13.9046,1.8920,1,5.853,10.491
1667,DATA_20260316_130000.BIN,4.8144,9.9083,3.8454,9.9083,3.5750,1,5.195,5.441
1668,DATA_20260316_130000.BIN,3.8454,9.2879,5.4617,9.2879,3.8390,1,3.696,4.557
1669,DATA_20260316_130000.BIN,0.4702,4.4484,0.0783,4.4484,4.6310,1,2.860,2.976
1670,DATA_20260316_130000.BIN,5.6021,9.9827,4.2536,9.9827,3.8720,1,4.636,4.811
1671,DATA_20260316_130000.BIN,3.9699,11.5867,4.7006,11.5867,8.0080,1,3.747,5.111
1672,DATA_20260316_130000.BIN,1.4346,10.8604,5.3462,10.8604,5.3680,1,0.989,7.865
1673,DATA_20260316_130000.BIN,5.3462,14.2291,5.8097,14.2291,5.6430,1,4.823,5.375
1674,DATA_20260316_130000.BIN,6.0952,9.2428,1.9647,9.2428,7.9090,1,4.606,4.662
1675,DATA_20260316_130000.BIN,1.9647,7.8973,3.4637,7.8973,6.6440,1,1.553,2.141
1676,DATA_20260316_130000.BIN,3.4637,7.6558,2.1860,7.6558,4.3230,1,1.700,1.755
1677,DATA_20260316_130000.BIN,2.1860,9.6470,4.7533,9.6470,3.7400,1,2.066,6.636
1678,DATA_20260316_130000.BIN,4.7533,9.4197,3.4593,9.4197,7.7990,1,3.572,4.829
1679,DATA_20260316_130000.BIN,4.7442,8.0220,1.3580,8.0220,2.1230,1,4.879,6.663
1680,DATA_20260316_130000.BIN,1.3580,9.8024,2.5767,9.8024,7.2820,1,0.997,2.519
1681,DATA_20260316_130000.BIN,2.5767,12.0661,7.7963,12.0661,3.8940,1,1.845,6.032
1682,DATA_20260316_130000.BIN,0.7488,9.5789,3.1028,9.5789,5.6760,1,1.780,4.267
1683,DATA_20260316_130000.BIN,3.1028,10.2436,3.8917,10.2436,4.3780,1,3.709,5.414
1684,DATA_20260316_130000.BIN,2.6386,8.2464,3.2874,8.2464,1.4630,1,4.786,5.038
1685,DATA_20260316_130000.BIN,3.2874,9.1440,1.9496,9.1440,2.3650,1,4.271,4.311
1686,DATA_20260316_130000.BIN,2.3782,8.4826,2.2269,8.4826,2.2550,1,5.800,6.664
1687,DATA_20260316_130000.BIN,2.2269,10.6728,3.2443,10.6728,3.0910,1,1.004,2.870
1688,DATA_20260316_130000.BIN,0.9237,6.5375,0.7805,6.5375,3.2010,1,2.417,2.473
1689,DATA_20260316_130000.BIN,0.8244,9.8788,1.1713,9.8788,3.4870,1,2.130,2.629
1690,DATA_20260316_130000.BIN,1.1713,21.0171,2.6201,21.0171,5.7420,1,0.224,0.770
1691,DATA_20260316_130000.BIN,2.6201,9.9409,2.9641,9.9409,2.1560,1,2.416,3.002
1692,DATA_20260316_130000.BIN,2.9641,19.0775,1.1615,19.0775,3.7620,1,3.479,4.493
1693,DATA_20260316_130000.BIN,1.1615,9.7333,0.4429,9.7333,1.8370,1,0.762,0.963
1694,DATA_20260316_130000.BIN,0.4429,6.7149,2.3485,6.7149,1.6500,1,0.824,5.394
1695,DATA_20260316_130000.BIN,2.3485,10.1456,4.6769,10.1456,4.5980,1,4.053,4.525
1696,DATA_20260316_130000.BIN,0.6517,6.8197,2.3776,6.8197,4.9940,1,2.834,7.468
1697,DATA_20260316_130000.BIN,2.3776,8.1971,1.4167,8.1971,5.4670,1,1.576,3.441
1698,DATA_20260316_130000.BIN,1.4614,9.0384,4.7349,9.0384,6.6440,1,2.428,2.955
1699,DATA_20260316_130000.BIN,4.7349,9.5948,3.9067,9.5948,3.5640,1,4.632,5.423
1700,DATA_20260316_130000.BIN,3.9067,10.6298,2.5967,10.6298,3.1350,1,3.161,3.663
1701,DATA_20260316_130000.BIN,8.3186,11.6979,1.6410,11.6979,6.0940,1,8.979,11.117
1702,DATA_20260316_130000.BIN,2.2024,7.0877,1.4715,7.0877,3.8390,1,1.990,9.263
1703,DATA_20260316_130000.BIN,1.4715,16.8450,3.3676,16.8450,2.8930,1,2.345,2.385
1704,DATA_20260316_130000.BIN,1.4171,7.5961,0.3352,7.5961,4.0590,1,1.676,10.822
1705,DATA_20260316_130000.BIN,0.8928,5.5204,0.7979,5.5204,3.9600,1,0.922,1.811
1706,DATA_20260316_130000.BIN,0.7979,11.2966,0.4308,11.2966,9.9880,1,2.787,4.188
1707,DATA_20260316_130000.BIN,0.4308,5.4979,0.2388,5.4979,5.7090,1,1.159,1.887
1708,DATA_20260316_130000.BIN,0.2388,8.6370,2.4724,8.6370,5.1260,1,0.836,0.918
1709,DATA_20260316_130000.BIN,1.2590,8.1998,1.9412,8.1998,8.5140,1,2.671,5.307
1710,DATA_20260316_130000.BIN,1.9412,7.9040,1.8905,7.9040,6.3690,1,3.001,4.646
1711,DATA_20260316_130000.BIN,1.8905,8.6189,3.2082,8.6189,3.3990,1,1.801,2.291
1712,DATA_20260316_130000.BIN,3.2082,8.1441,3.5282,8.1441,4.3230,1,3.346,3.346
1713,DATA_20260316_130000.BIN,0.9611,8.1497,3.4318,8.1497,5.3680,1,0.377,1.162
1714,DATA_20260316_130000.BIN,3.4318,7.6439,1.3507,7.6439,5.7640,1,3.536,5.219
1715,DATA_20260316_130000.BIN,0.8920,16.0854,1.3983,16.0854,9.1080,1,2.260,4.041
1716,DATA_20260316_130000.BIN,1.3983,5.5574,0.5427,5.5574,4.9830,1,1.213,1.384
1717,DATA_20260316_140000.BIN,1.3589,21.5927,8.0273,21.5927,3.9820,1,4.062,4.945
1718,DATA_20260316_140000.BIN,8.0273,22.4496,1.5642,22.4496,3.2670,1,12.080,12.936
1719,DATA_20260316_140000.BIN,2.3321,26.4829,0.6376,26.4829,6.2920,1,3.940,5.654
1720,DATA_20260316_140000.BIN,0.6376,5.9900,1.3689,5.9900,2.9040,1,1.645,1.645
1721,DATA_20260316_140000.BIN,1.3689,8.1539,0.9663,8.1539,5.2140,1,1.314,1.663
1722,DATA_20260316_140000.BIN,0.9663,6.2243,0.1968,6.2243,6.8640,1,0.568,3.714
1723,DATA_20260316_140000.BIN,0.1968,5.3340,1.5499,5.3340,3.9930,1,0.883,5.603
1724,DATA_20260316_140000.BIN,1.5499,4.7897,0.6755,4.7897,4.4220,1,1.828,5.078
1725,DATA_20260316_140000.BIN,0.6755,8.2761,0.9916,8.2761,2.5740,1,1.734,2.157
1726,DATA_20260316_140000.BIN,1.7028,6.3201,1.5610,6.3201,6.0280,1,1.673,2.123
1727,DATA_20260316_140000.BIN,1.5610,5.1549,0.4373,5.1549,2.3870,1,1.533,5.553
1728,DATA_20260316_140000.BIN,0.4373,4.9922,1.1271,4.9922,2.6180,1,0.842,0.848
1729,DATA_20260316_140000.BIN,3.3627,7.8582,2.5748,7.8582,8.3160,1,3.635,3.841
1730,DATA_20260316_140000.BIN,1.8361,7.0928,1.1612,7.0928,2.2330,1,2.867,2.987
1731,DATA_20260316_140000.BIN,1.1612,10.1296,0.2975,10.1296,5.0380,1,0.982,3.504
1732,DATA_20260316_140000.BIN,0.3180,5.2638,0.5072,5.2638,3.3330,1,0.432,1.295
1733,DATA_20260316_140000.BIN,0.5072,4.4246,0.6900,4.4246,4.4440,1,1.400,5.680
1734,DATA_20260316_140000.BIN,0.6900,7.4105,0.2645,7.4105,6.1270,1,0.558,4.209
1735,DATA_20260316_140000.BIN,0.2645,8.9040,2.1300,8.9040,2.7830,1,0.624,1.889
1736,DATA_20260316_140000.BIN,2.1300,8.3461,0.5771,8.3461,1.9250,1,2.485,2.485
1737,DATA_20260316_140000.BIN,0.5771,21.4786,7.7758,21.4786,4.8070,1,0.219,1.598
1738,DATA_20260316_140000.BIN,7.7758,12.1837,1.0643,12.1837,3.9050,1,8.993,9.227
1739,DATA_20260316_140000.BIN,1.0643,9.1083,5.4594,9.1083,7.7660,1,1.220,4.751
1740,DATA_20260316_140000.BIN,5.4594,9.4533,2.3340,9.4533,3.2340,1,6.074,6.410
1741,DATA_20260316_140000.BIN,0.6127,11.3007,2.2531,11.3007,9.0750,1,1.109,3.804
1742,DATA_20260316_140000.BIN,2.2531,5.5557,1.4754,5.5557,5.1370,1,2.881,3.551
1743,DATA_20260316_140000.BIN,1.4754,6.5667,1.4148,6.5667,2.2770,1,1.513,8.120
1744,DATA_20260316_140000.BIN,1.4148,7.2388,1.0009,7.2388,1.3090,1,2.128,2.132
1745,DATA_20260316_140000.BIN,1.0009,7.8896,1.2565,7.8896,4.3450,1,0.442,0.619
1746,DATA_20260316_140000.BIN,1.2565,8.5306,1.8934,8.5306,3.0690,1,1.079,3.958
1747,DATA_20260316_140000.BIN,1.8934,8.9837,2.9822,8.9837,6.0280,1,1.332,2.002
1748,DATA_20260316_140000.BIN,2.9822,13.4930,2.3768,13.4930,5.1590,1,4.079,5.499
1749,DATA_20260316_140000.BIN,3.8489,9.7605,3.8098,9.7605,2.8600,1,4.559,5.939
1750,DATA_20260316_140000.BIN,0.3447,4.4597,0.2912,4.4597,3.5640,1,0.982,8.133
1751,DATA_20260316_140000.BIN,1.1942,13.1415,0.2276,13.1415,4.4660,1,2.031,4.640
1752,DATA_20260316_140000.BIN,3.8251,15.5832,0.8804,15.5832,7.5130,1,4.585,5.696
1753,DATA_20260316_140000.BIN,0.8804,5.7060,0.8708,5.7060,7.9310,1,0.692,4.333
1754,DATA_20260316_140000.BIN,0.8708,4.9175,0.4028,4.9175,7.6890,1,0.658,3.246
1755,DATA_20260316_140000.BIN,1.2841,5.8340,1.7772,5.8340,7.9310,1,2.071,2.505
1756,DATA_20260316_140000.BIN,0.8489,4.0695,0.8362,4.0695,4.2570,1,0.785,3.373
1757,DATA_20260316_140000.BIN,0.5652,11.3796,4.9385,11.3796,3.5090,1,0.286,1.621
1758,DATA_20260316_140000.BIN,0.6486,8.2280,1.1823,8.2280,3.5090,1,1.086,5.223
1759,DATA_20260316_140000.BIN,1.1823,5.4532,0.8285,5.4532,5.5990,1,2.040,2.699
1760,DATA_20260316_140000.BIN,0.8285,7.2606,1.2317,7.2606,8.1180,1,1.079,1.283
1761,DATA_20260316_140000.BIN,1.2317,5.9032,1.2445,5.9032,7.3370,1,1.390,1.396
1762,DATA_20260316_140000.BIN,1.2445,7.3779,3.4002,7.3779,8.1400,1,1.251,2.456
1763,DATA_20260316_140000.BIN,3.4002,7.5620,0.6757,7.5620,8.9320,1,4.018,4.397
1764,DATA_20260316_140000.BIN,0.6757,24.7809,3.8102,24.7809,6.4680,1,0.848,2.574
1765,DATA_20260316_140000.BIN,3.8102,10.4046,2.9015,10.4046,3.5860,1,4.044,4.158
1766,DATA_20260316_140000.BIN,2.9015,7.0337,1.7182,7.0337,2.5740,1,4.038,10.227
1767,DATA_20260316_140000.BIN,2.9123,7.6767,3.0330,7.6767,2.6400,1,2.889,3.072
1768,DATA_20260316_140000.BIN,27.6311,40.2538,28.7263,40.2538,4.8840,1,33.825,42.910
1769,DATA_20260316_140000.BIN,28.7263,40.4358,31.0404,40.4358,5.1810,1,32.047,39.354
1770,DATA_20260316_140000.BIN,25.4242,40.3235,29.5238,40.3235,6.2040,1,23.826,38.176
1771,DATA_20260316_140000.BIN,29.5238,35.9709,29.5383,35.9709,3.3330,1,27.382,39.161
1772,DATA_20260316_140000.BIN,29.5383,39.7444,34.2634,39.7444,4.0260,1,24.709,30.971
1773,DATA_20260316_140000.BIN,33.6572,39.5645,35.8105,39.5645,7.1390,1,28.863,34.879
1774,DATA_20260316_140000.BIN,35.8105,39.4543,34.3782,39.4543,2.1010,1,30.692,38.784
1775,DATA_20260316_150000.BIN,17.1668,29.9621,17.5199,29.9621,4.9060,1,14.209,27.535
1776,DATA_20260316_150000.BIN,9.9050,19.2411,8.8009,19.2411,8.3600,1,20.037,27.373
1777,DATA_20260316_150000.BIN,8.8009,18.4173,11.0603,18.4173,7.8760,1,20.053,26.331
1778,DATA_20260316_150000.BIN,11.0603,18.4535,9.5565,18.4535,2.1670,1,15.962,20.200
1779,DATA_20260316_150000.BIN,13.7544,33.0096,18.6411,33.0096,9.0750,1,9.871,23.007
1780,DATA_20260316_150000.BIN,18.6411,26.5328,11.5654,26.5328,5.0380,1,7.716,17.927
1781,DATA_20260316_150000.BIN,11.5654,23.3207,15.4512,23.3207,4.3560,1,11.491,26.826
1782,DATA_20260316_150000.BIN,16.7858,28.4043,7.2707,28.4043,3.7070,1,5.778,16.417
1783,DATA_20260316_150000.BIN,7.0815,14.9303,5.8226,14.9303,4.6310,1,15.243,21.856
1784,DATA_20260316_150000.BIN,13.7967,20.4026,1.8191,20.4026,4.6090,1,6.432,28.159
1785,DATA_20260316_150000.BIN,5.4062,16.3930,10.3842,16.3930,5.7970,1,15.607,21.188
1786,DATA_20260316_150000.BIN,11.5327,18.7101,12.0782,18.7101,3.9490,1,7.277,11.420
1787,DATA_20260316_150000.BIN,12.0782,20.7567,0.7520,20.7567,6.3250,1,6.371,16.196
1788,DATA_20260316_150000.BIN,0.7520,18.7280,7.1333,18.7280,8.2500,1,19.216,24.075
1789,DATA_20260316_150000.BIN,9.5261,17.2335,4.7794,17.2335,6.5340,1,5.489,10.298
1790,DATA_20260316_150000.BIN,4.2868,13.0623,5.8425,13.0623,2.1670,1,11.559,11.859
1791,DATA_20260316_150000.BIN,6.1655,19.3734,10.8802,19.3734,5.8080,1,8.168,12.263
1792,DATA_20260316_150000.BIN,10.8802,18.3627,7.9692,18.3627,2.0790,1,5.163,8.323
1793,DATA_20260316_150000.BIN,7.9692,32.2761,3.5756,32.2761,8.3050,1,4.811,9.039
1794,DATA_20260316_150000.BIN,3.5756,8.7707,0.2598,8.7707,2.8380,1,10.060,11.495
1795,DATA_20260316_150000.BIN,0.2598,9.3915,1.8496,9.3915,1.5840,1,13.239,13.277
1796,DATA_20260316_150000.BIN,4.2208,13.7673,5.1707,13.7673,2.7390,1,7.113,8.920
1797,DATA_20260316_150000.BIN,4.6116,12.4430,4.8618,12.4430,5.4670,1,5.868,5.997
1798,DATA_20260316_150000.BIN,3.8007,11.2621,4.7630,11.2621,6.8970,1,6.140,7.957
1799,DATA_20260316_150000.BIN,4.5352,10.7523,5.0678,10.7523,2.5960,1,5.150,5.386
1800,DATA_20260316_150000.BIN,5.0678,12.0083,4.5454,12.0083,2.9370,1,4.208,4.401
1801,DATA_20260316_150000.BIN,3.8132,10.9099,4.3766,10.9099,8.5030,1,4.534,4.725
1802,DATA_20260316_150000.BIN,4.3766,12.2711,4.3030,12.2711,5.7530,1,3.232,3.332
1803,DATA_20260316_150000.BIN,2.0685,11.6431,4.7464,11.6431,2.2440,1,6.353,6.988
1804,DATA_20260316_150000.BIN,4.7464,13.2122,4.6875,13.2122,5.2910,1,2.123,6.805
1805,DATA_20260316_150000.BIN,2.6419,12.5103,1.0981,12.5103,3.1900,1,5.880,7.356
1806,DATA_20260316_150000.BIN,1.0981,15.8689,7.0945,15.8689,3.7400,1,6.772,7.637
1807,DATA_20260316_150000.BIN,3.3235,13.5105,4.8687,13.5105,2.5410,1,3.381,3.689
1808,DATA_20260316_150000.BIN,4.8687,18.7783,2.6568,18.7783,8.2060,1,1.492,1.904
1809,DATA_20260316_150000.BIN,5.8125,17.5680,4.5247,17.5680,7.3260,1,1.603,1.856
1810,DATA_20260316_150000.BIN,5.2470,29.1417,7.4557,29.1417,3.8390,1,1.576,3.727
1811,DATA_20260316_150000.BIN,7.4557,38.2981,1.5876,38.2981,5.0930,1,3.365,8.324
1812,DATA_20260316_150000.BIN,3.7116,25.3524,13.6861,25.3524,6.1820,1,2.030,2.271
1813,DATA_20260316_150000.BIN,13.6861,33.0000,6.1071,33.0000,5.3240,1,11.710,13.621
1814,DATA_20260316_150000.BIN,3.0166,28.1860,11.1893,28.1860,3.0360,1,10.450,11.481
1815,DATA_20260316_150000.BIN,11.1893,23.1477,4.2232,23.1477,7.5020,1,10.424,13.493
1816,DATA_20260316_150000.BIN,4.2232,11.1617,2.4477,11.1617,3.8500,1,5.956,7.257
1817,DATA_20260316_150000.BIN,2.4477,11.2717,4.3397,11.2717,5.3790,1,3.668,4.987
1818,DATA_20260316_150000.BIN,4.1161,12.4871,3.3510,12.4871,4.0920,1,1.464,1.528
1819,DATA_20260316_150000.BIN,0.5728,10.0518,2.3212,10.0518,4.2130,1,6.215,6.376
1820,DATA_20260316_150000.BIN,2.3212,10.1307,1.4713,10.1307,4.1910,1,6.572,7.462
1821,DATA_20260316_150000.BIN,4.0315,13.4973,1.3850,13.4973,2.1670,1,5.852,9.156
1822,DATA_20260316_150000.BIN,9.4442,27.0909,1.7988,27.0909,2.9590,1,9.589,12.992
1823,DATA_20260316_150000.BIN,1.7988,13.0387,0.8540,13.0387,7.8980,1,3.427,4.288
1824,DATA_20260316_150000.BIN,0.8540,15.8882,0.8149,15.8882,3.9600,1,5.027,7.185
1825,DATA_20260316_150000.BIN,1.6762,8.4301,1.5234,8.4301,2.8490,1,5.633,5.665
1826,DATA_20260316_150000.BIN,1.5234,9.4764,1.2122,9.4764,4.1030,1,5.609,6.048
1827,DATA_20260316_150000.BIN,3.3728,10.2424,1.7824,10.2424,2.9260,1,2.523,2.664
1828,DATA_20260316_150000.BIN,1.7824,11.4499,0.4421,11.4499,2.9590,1,4.740,5.807
1829,DATA_20260316_150000.BIN,0.4855,9.4595,1.7748,9.4595,3.5200,1,5.448,7.502
1830,DATA_20260316_150000.BIN,1.7748,11.8552,1.9733,11.8552,5.5550,1,0.699,4.104
1831,DATA_20260316_150000.BIN,1.9733,20.1804,5.8312,20.1804,6.3250,1,0.561,1.518
1832,DATA_20260316_150000.BIN,2.9316,18.4377,0.9273,18.4377,3.8170,1,2.623,3.244
1833,DATA_20260316_150000.BIN,0.9273,22.5342,9.5321,22.5342,6.6660,1,3.750,9.656
1834,DATA_20260316_150000.BIN,9.5321,19.9282,1.4393,19.9282,5.9070,1,9.562,16.498
1835,DATA_20260316_150000.BIN,1.4393,17.2730,1.7687,17.2730,8.9320,1,4.036,4.036
1836,DATA_20260316_150000.BIN,1.0612,13.5607,1.3770,13.5607,3.3550,1,4.288,4.426
1837,DATA_20260316_150000.BIN,1.2234,9.1715,0.9760,9.1715,3.3110,1,4.706,11.141
1838,DATA_20260316_150000.BIN,0.9760,10.5124,1.2220,10.5124,2.3760,1,4.644,8.934
1839,DATA_20260316_150000.BIN,1.2220,11.4067,0.5650,11.4067,4.4660,1,3.604,3.637
1840,DATA_20260316_150000.BIN,0.5650,9.8726,1.0915,9.8726,3.6520,1,4.012,6.074
1841,DATA_20260316_150000.BIN,1.0915,12.3346,1.4168,12.3346,5.4890,1,1.934,3.569
1842,DATA_20260316_150000.BIN,0.9106,10.8353,1.4629,10.8353,4.6310,1,1.845,1.911
1843,DATA_20260316_150000.BIN,1.4629,11.3660,0.1109,11.3660,7.0180,1,0.872,3.373
1844,DATA_20260316_150000.BIN,0.1109,11.1095,3.0411,11.1095,3.2670,1,1.458,1.820
1845,DATA_20260316_150000.BIN,2.5889,10.0685,0.3154,10.0685,7.2930,1,3.456,3.753
1846,DATA_20260316_150000.BIN,4.9973,17.5820,3.3204,17.5820,4.1140,1,9.706,10.435
1847,DATA_20260316_150000.BIN,3.3204,14.0240,0.5717,14.0240,9.7130,1,2.174,8.100
1848,DATA_20260316_150000.BIN,0.5717,23.5376,2.4623,23.5376,4.9500,1,1.732,2.126
1849,DATA_20260316_150000.BIN,1.1769,7.9722,1.4540,7.9722,6.2810,1,2.365,2.517
1850,DATA_20260316_150000.BIN,1.4540,18.4780,6.6540,18.4780,2.1340,1,1.065,2.057
1851,DATA_20260316_150000.BIN,6.6540,21.1768,4.5473,21.1768,2.5410,1,10.256,11.909
1852,DATA_20260316_150000.BIN,3.1357,12.8952,0.3061,12.8952,3.3220,1,6.211,8.849
1853,DATA_20260316_150000.BIN,0.3061,7.9508,0.5023,7.9508,6.4900,1,7.458,14.024
1854,DATA_20260316_150000.BIN,2.5666,14.6136,4.6326,14.6136,4.6640,1,8.288,11.471
1855,DATA_20260316_150000.BIN,2.2807,8.8750,2.6459,8.8750,1.9360,1,4.397,5.069
1856,DATA_20260316_150000.BIN,3.4324,18.1269,3.6661,18.1269,3.8280,1,5.060,7.619
1857,DATA_20260316_150000.BIN,2.2600,42.1001,0.7902,42.1001,4.3340,1,9.760,18.244
1858,DATA_20260316_150000.BIN,2.4543,9.0019,3.8475,9.0019,2.2330,1,7.220,9.963
1859,DATA_20260316_150000.BIN,3.6045,15.7408,6.6244,15.7408,3.5200,1,6.230,10.384
1860,DATA_20260316_150000.BIN,4.5314,29.1387,12.5760,29.1387,6.0280,1,3.174,12.127
1861,DATA_20260316_150000.BIN,12.5760,31.5604,7.3925,31.5604,4.9940,1,17.574,18.860
1862,DATA_20260316_150000.BIN,7.3925,23.8182,10.6498,23.8182,8.2720,1,7.803,9.372
1863,DATA_20260316_150000.BIN,10.6498,32.9706,6.6549,32.9706,2.5190,1,19.261,20.311
1864,DATA_20260316_150000.BIN,7.6374,16.1082,3.5697,16.1082,7.0950,1,8.464,8.662
1865,DATA_20260316_150000.BIN,3.5697,18.5038,7.9988,18.5038,3.3770,1,7.551,18.479
1866,DATA_20260316_150000.BIN,3.6852,17.4541,8.4951,17.4541,2.0350,1,11.074,16.886
1867,DATA_20260316_150000.BIN,5.8875,13.3218,2.3069,13.3218,2.7060,1,4.593,5.512
1868,DATA_20260316_150000.BIN,11.2588,16.8817,6.7662,16.8817,3.2340,1,7.872,16.238
1869,DATA_20260316_150000.BIN,5.4565,13.1389,5.3770,13.1389,6.6220,1,4.585,4.660
1870,DATA_20260316_150000.BIN,7.1995,23.5788,9.6067,23.5788,6.0390,1,7.231,8.260
1871,DATA_20260316_150000.BIN,9.6067,16.5496,7.9624,16.5496,3.3330,1,9.266,9.638
1872,DATA_20260316_150000.BIN,7.9624,18.2003,4.6806,18.2003,3.7180,1,8.927,18.433
1873,DATA_20260316_150000.BIN,6.2919,14.3991,6.6914,14.3991,6.1600,1,5.752,6.633
1874,DATA_20260316_150000.BIN,7.5370,14.6181,3.4311,14.6181,4.1690,1,6.898,7.384
1875,DATA_20260316_150000.BIN,3.4311,29.5609,2.7599,29.5609,2.6400,1,5.999,10.597
1876,DATA_20260316_150000.BIN,2.7599,15.0213,7.0710,15.0213,5.2360,1,5.073,7.645
1877,DATA_20260316_150000.BIN,7.0710,25.8894,9.8595,25.8894,5.7420,1,11.369,12.043
1878,DATA_20260316_150000.BIN,9.8595,25.9762,7.2663,25.9762,7.4360,1,4.902,17.295
1879,DATA_20260316_150000.BIN,7.2663,35.4629,23.8144,35.4629,3.4100,1,5.309,8.699
1880,DATA_20260316_150000.BIN,23.8144,40.8973,5.3542,40.8973,1.7270,1,28.476,34.723
1881,DATA_20260316_150000.BIN,5.3542,14.8840,7.7286,14.8840,2.1560,1,7.646,8.181
1882,DATA_20260316_150000.BIN,3.7054,9.9172,1.5255,9.9172,1.4740,1,2.694,11.042
1883,DATA_20260316_150000.BIN,1.5255,17.7224,4.4300,17.7224,3.6410,1,4.737,5.019
1884,DATA_20260316_150000.BIN,7.2700,15.9203,9.7174,15.9203,6.9740,1,8.539,8.716
1885,DATA_20260316_150000.BIN,9.7174,18.3415,8.8512,18.3415,3.1350,1,13.670,13.797
1886,DATA_20260316_150000.BIN,9.2084,16.2141,3.8864,16.2141,9.4930,1,11.213,12.581
1887,DATA_20260316_150000.BIN,3.8864,16.7724,9.6901,16.7724,7.4360,1,3.404,7.467
1888,DATA_20260316_150000.BIN,5.9697,14.4153,8.3526,14.4153,2.9810,1,4.033,9.313
1889,DATA_20260316_160000.BIN,11.0184,31.7378,9.4488,31.7378,5.6540,1,21.049,24.610
1890,DATA_20260316_160000.BIN,8.4388,20.7522,7.9010,20.7522,2.2440,1,20.348,26.034
1891,DATA_20260316_160000.BIN,7.2114,16.3933,8.0879,16.3933,5.1700,1,20.573,23.515
1892,DATA_20260316_160000.BIN,15.4590,25.7929,14.5591,25.7929,1.6390,1,8.318,13.206
1893,DATA_20260316_160000.BIN,14.5591,37.4096,18.6760,37.4096,3.7950,1,8.262,9.587
1894,DATA_20260316_160000.BIN,18.6760,31.6650,10.6719,31.6650,4.6640,1,2.695,4.105
1895,DATA_20260316_160000.BIN,10.6719,19.8950,6.4645,19.8950,3.3110,1,12.833,13.573
1896,DATA_20260316_160000.BIN,6.4645,29.5987,13.6601,29.5987,1.3970,1,15.634,15.855
1897,DATA_20260316_160000.BIN,13.6601,25.1640,8.4955,25.1640,8.2170,1,5.901,5.957
1898,DATA_20260316_160000.BIN,8.4955,18.9881,8.2440,18.9881,8.9210,1,10.940,11.987
1899,DATA_20260316_160000.BIN,8.2440,19.3414,6.1185,19.3414,5.6100,1,10.650,11.722
1900,DATA_20260316_160000.BIN,6.1185,26.9111,10.4656,26.9111,4.6310,1,12.314,13.721
1901,DATA_20260316_160000.BIN,10.4656,31.8113,12.5896,31.8113,2.7610,1,11.365,15.091
1902,DATA_20260316_160000.BIN,12.5896,31.4752,8.7336,31.4752,2.2220,1,4.801,6.421
1903,DATA_20260316_160000.BIN,8.7336,19.6887,9.0229,19.6887,2.8270,1,7.277,8.208
1904,DATA_20260316_160000.BIN,9.0229,51.7855,18.4841,51.7855,5.0380,1,5.188,6.793
1905,DATA_20260316_160000.BIN,18.4841,30.1954,12.3618,30.1954,2.9810,1,10.311,11.106
1906,DATA_20260316_160000.BIN,9.9130,31.7591,17.3055,31.7591,5.8960,1,6.121,6.684
1907,DATA_20260316_160000.BIN,17.3055,68.2636,23.4635,68.2636,6.0940,1,10.028,14.698
1908,DATA_20260316_160000.BIN,23.4635,62.4649,50.5718,62.4649,3.2890,1,14.538,18.326
1909,DATA_20260316_160000.BIN,50.5718,65.2080,21.8148,65.2080,2.2660,1,50.408,57.295
1910,DATA_20260316_160000.BIN,21.8148,55.8983,43.9925,55.8983,3.3660,1,5.533,5.571
1911,DATA_20260316_160000.BIN,43.9925,64.6966,9.4528,64.6966,8.8660,1,37.267,43.374
1912,DATA_20260316_160000.BIN,9.4528,48.7905,28.2799,48.7905,3.2670,1,14.793,16.711
1913,DATA_20260316_160000.BIN,28.2799,56.6135,29.6072,56.6135,2.5960,1,14.027,18.616
1914,DATA_20260316_160000.BIN,7.3074,53.4948,6.1210,53.4948,5.4120,1,17.878,20.128
1915,DATA_20260316_160000.BIN,6.1210,50.1799,6.0827,50.1799,4.8290,1,20.888,30.886
1916,DATA_20260316_160000.BIN,6.0827,52.6821,6.9581,52.6821,5.1260,1,19.741,23.963
1917,DATA_20260316_160000.BIN,6.9581,35.9097,17.3890,35.9097,9.9550,1,16.376,27.749
1918,DATA_20260316_160000.BIN,17.3890,47.8353,15.0943,47.8353,6.6000,1,12.164,16.901
1919,DATA_20260316_160000.BIN,15.0943,45.8682,35.0346,45.8682,4.3340,1,1.355,3.415
1920,DATA_20260316_160000.BIN,35.0346,51.2235,20.3553,51.2235,7.7880,1,26.099,31.225
1921,DATA_20260316_160000.BIN,19.5485,35.2760,8.6051,35.2760,7.5350,1,7.972,13.899
1922,DATA_20260316_160000.BIN,8.6051,19.8412,6.2573,19.8412,2.5520,1,10.586,10.953
1923,DATA_20260316_160000.BIN,8.1882,28.2857,6.8103,28.2857,4.5100,1,8.640,11.822
1924,DATA_20260316_160000.BIN,6.8103,24.8343,11.2746,24.8343,2.3320,1,10.803,10.806
1925,DATA_20260316_160000.BIN,11.2746,24.9568,10.7913,24.9568,4.2130,1,7.478,7.873
1926,DATA_20260316_160000.BIN,6.8234,17.5235,6.6289,17.5235,2.9040,1,8.658,9.111
1927,DATA_20260316_160000.BIN,6.6289,19.2803,8.6992,19.2803,5.0270,1,8.352,8.352
1928,DATA_20260316_160000.BIN,13.1642,23.0290,11.6332,23.0290,7.2930,1,13.071,13.627
1929,DATA_20260316_160000.BIN,11.6332,26.9685,11.7179,26.9685,5.3680,1,4.781,4.790
1930,DATA_20260316_160000.BIN,11.7179,27.7319,6.0617,27.7319,6.3580,1,0.275,10.439
1931,DATA_20260316_160000.BIN,6.8858,19.5541,9.2982,19.5541,8.6350,1,6.021,6.406
1932,DATA_20260316_160000.BIN,14.7994,39.6243,15.7544,39.6243,2.5630,1,5.485,6.949
1933,DATA_20260316_160000.BIN,15.7544,42.3464,7.5036,42.3464,1.9580,1,9.576,12.464
1934,DATA_20260316_160000.BIN,7.5036,43.4063,17.8176,43.4063,5.1260,1,6.840,8.041
1935,DATA_20260316_160000.BIN,17.8176,30.7850,22.1420,30.7850,5.4120,1,7.970,8.928
1936,DATA_20260316_160000.BIN,7.0285,20.0277,6.8591,20.0277,2.7390,1,8.097,8.323
1937,DATA_20260316_160000.BIN,6.9126,14.9907,7.0509,14.9907,1.9470,1,6.768,6.975
1938,DATA_20260316_160000.BIN,3.8010,24.1670,5.4988,24.1670,5.7860,1,9.087,10.905
1939,DATA_20260316_160000.BIN,5.4988,18.8074,3.7603,18.8074,3.8720,1,7.323,9.765
1940,DATA_20260316_160000.BIN,1.9056,16.6373,3.0447,16.6373,5.2250,1,10.917,11.797
1941,DATA_20260316_160000.BIN,3.0447,10.3846,1.5355,10.3846,5.5110,1,9.791,10.313
1942,DATA_20260316_160000.BIN,1.5355,10.9541,0.8090,10.9541,8.1290,1,10.800,12.310
1943,DATA_20260316_160000.BIN,4.3757,14.3028,3.1555,14.3028,9.9990,1,9.184,12.132
1944,DATA_20260316_160000.BIN,1.6931,16.1698,1.7585,16.1698,3.8170,1,7.097,7.172
1945,DATA_20260316_160000.BIN,1.7585,9.2469,0.7025,9.2469,9.2400,1,6.188,6.508
1946,DATA_20260316_160000.BIN,0.5765,12.3532,0.8701,12.3532,5.5110,1,7.333,7.334
1947,DATA_20260316_160000.BIN,0.7650,8.7505,0.3734,8.7505,3.8280,1,7.978,8.016
1948,DATA_20260316_160000.BIN,0.3734,12.5695,1.5241,12.5695,4.3120,1,8.496,15.260
1949,DATA_20260316_160000.BIN,0.6535,12.0010,0.2588,12.0010,3.8830,1,6.957,6.965
1950,DATA_20260316_160000.BIN,4.1799,14.1236,0.0434,14.1236,5.2580,1,4.039,9.925
1951,DATA_20260316_160000.BIN,2.9988,12.5098,1.3975,12.5098,2.5080,1,10.370,14.002
1952,DATA_20260316_160000.BIN,3.1266,11.2174,0.8040,11.2174,8.1180,1,8.457,11.007
1953,DATA_20260316_160000.BIN,0.8040,10.1672,2.4472,10.1672,8.7560,1,9.170,19.138
1954,DATA_20260316_160000.BIN,2.4472,10.2314,0.9436,10.2314,3.8390,1,8.379,14.811
1955,DATA_20260316_160000.BIN,1.9388,13.0315,4.8292,13.0315,6.8860,1,7.854,16.819
1956,DATA_20260316_160000.BIN,0.4566,11.5823,3.8164,11.5823,7.1170,1,8.003,15.364
1957,DATA_20260316_160000.BIN,3.5777,11.7607,1.6717,11.7607,8.7670,1,13.167,18.501
1958,DATA_20260316_160000.BIN,1.6829,10.5051,0.9972,10.5051,7.2490,1,9.048,15.414
1959,DATA_20260316_160000.BIN,3.7131,24.0590,0.9949,24.0590,4.5760,1,6.913,9.370
1960,DATA_20260316_160000.BIN,4.4069,13.2897,1.7367,13.2897,5.0380,1,7.180,7.240
1961,DATA_20260316_160000.BIN,4.4686,18.2155,3.4471,18.2155,1.7600,1,10.165,18.841
1962,DATA_20260316_160000.BIN,3.6843,16.0777,2.8718,16.0777,3.3330,1,7.064,8.887
1963,DATA_20260316_160000.BIN,2.8718,20.0722,2.8823,20.0722,3.3880,1,7.315,10.761
1964,DATA_20260316_160000.BIN,2.8823,26.9241,1.6456,26.9241,6.6000,1,8.718,15.883
1965,DATA_20260316_160000.BIN,1.6456,13.9388,0.4881,13.9388,5.0820,1,1.808,5.364
1966,DATA_20260316_160000.BIN,0.4881,16.4686,1.0118,16.4686,6.4790,1,0.875,1.134
1967,DATA_20260316_160000.BIN,4.7333,16.6603,3.9764,16.6603,2.7170,1,9.068,10.008
1968,DATA_20260316_160000.BIN,3.9764,19.6357,6.7949,19.6357,5.8190,1,6.307,6.864
1969,DATA_20260316_160000.BIN,6.7698,23.9876,12.6763,23.9876,5.9730,1,10.475,10.478
1970,DATA_20260316_160000.BIN,12.6763,23.5973,4.8962,23.5973,4.4990,1,20.767,21.916
1971,DATA_20260316_160000.BIN,4.8962,13.7337,4.3590,13.7337,3.6300,1,7.408,10.202
1972,DATA_20260316_160000.BIN,4.3590,15.1323,2.8281,15.1323,4.8840,1,2.796,3.217
1973,DATA_20260316_160000.BIN,4.1234,14.2192,5.6160,14.2192,4.3780,1,1.685,3.169
1974,DATA_20260316_160000.BIN,2.7257,12.6729,3.2890,12.6729,3.6300,1,5.365,8.549
1975,DATA_20260316_160000.BIN,4.9956,44.3088,3.5833,44.3088,4.3120,1,1.290,5.909
1976,DATA_20260316_160000.BIN,11.0305,42.1273,5.6139,42.1273,8.5360,1,12.004,17.409
1977,DATA_20260316_160000.BIN,4.4047,16.7403,2.9282,16.7403,4.6090,1,4.041,5.790
1978,DATA_20260316_160000.BIN,5.0824,16.2014,5.9496,16.2014,1.9580,1,2.551,2.564
1979,DATA_20260316_160000.BIN,5.9496,16.0001,3.4420,16.0001,3.7290,1,3.715,3.949
1980,DATA_20260316_160000.BIN,3.4420,16.2769,4.3727,16.2769,3.2010,1,3.837,7.511
1981,DATA_20260316_160000.BIN,4.3727,18.4070,5.4648,18.4070,2.7170,1,2.401,4.245
1982,DATA_20260316_160000.BIN,3.4306,13.9705,4.5156,13.9705,7.8320,1,0.738,1.252
1983,DATA_20260316_160000.BIN,5.2143,26.7575,8.7123,26.7575,3.8060,1,1.541,4.040
1984,DATA_20260316_160000.BIN,4.1840,12.4973,2.0957,12.4973,1.9250,1,4.488,8.402
1985,DATA_20260316_160000.BIN,8.2973,31.1131,3.9929,31.1131,3.6520,1,7.212,8.789
1986,DATA_20260316_160000.BIN,3.9929,15.1641,1.8283,15.1641,4.9610,1,6.525,7.647
1987,DATA_20260316_160000.BIN,4.2091,12.9827,3.1612,12.9827,3.3220,1,5.999,7.638
1988,DATA_20260316_160000.BIN,0.6560,19.9704,7.2978,19.9704,3.5200,1,5.265,5.573
