cycle_idx,source_file,p0_r,p3_r,p7_r,amplitude,duration_s,validated,tilt_deg,q_error_deg
0,DATA_20260309_111322.BIN,7.5933,19.9039,5.0750,19.9039,6.9520,1,5.965,7.980
1,DATA_20260309_111322.BIN,5.0750,13.9212,10.1024,13.9212,3.9600,1,3.445,3.458
2,DATA_20260309_111322.BIN,2.5606,9.9638,4.6497,9.9638,5.3460,1,3.355,3.446
3,DATA_20260309_111322.BIN,3.7278,10.3574,6.9422,10.3574,2.3210,1,7.653,9.639
4,DATA_20260309_111322.BIN,2.2997,8.9022,4.8584,8.9022,6.7760,1,4.028,16.969
5,DATA_20260309_111322.BIN,1.9748,10.4982,4.6080,10.4982,5.9290,1,4.549,10.515
6,DATA_20260309_111322.BIN,4.6080,9.8862,0.3922,9.8862,6.1600,1,6.392,7.155
7,DATA_20260309_111322.BIN,1.0137,8.9278,3.4001,8.9278,2.7720,1,0.312,2.281
8,DATA_20260309_111322.BIN,1.6589,13.7918,1.9892,13.7918,3.4320,1,2.730,6.495
9,DATA_20260309_111322.BIN,1.9892,9.7537,2.1424,9.7537,1.8810,1,3.060,14.477
10,DATA_20260309_111322.BIN,0.9016,4.9954,0.9542,4.9954,1.6720,1,1.852,3.905
11,DATA_20260309_111322.BIN,0.9542,6.5623,1.4384,6.5623,2.1560,1,1.758,3.647
12,DATA_20260309_111322.BIN,1.4384,6.8388,3.5054,6.8388,1.4520,1,2.325,3.063
13,DATA_20260309_111322.BIN,3.5054,13.2036,4.3319,13.2036,2.7830,1,4.866,8.763
14,DATA_20260309_111322.BIN,4.3319,26.3356,1.9286,26.3356,5.7420,1,4.713,5.070
15,DATA_20260309_111322.BIN,1.9286,12.8668,3.5420,12.8668,4.6860,1,1.438,3.071
16,DATA_20260309_111322.BIN,3.5420,7.2779,1.5919,7.2779,1.3090,1,3.188,3.925
17,DATA_20260309_111322.BIN,1.5919,8.7881,4.1369,8.7881,1.4300,1,1.148,2.895
18,DATA_20260309_111322.BIN,4.1369,8.2539,1.1101,8.2539,3.4100,1,4.215,4.913
19,DATA_20260309_111322.BIN,1.1101,7.5247,1.7807,7.5247,2.2440,1,2.365,2.673
20,DATA_20260309_111322.BIN,1.7807,8.0988,5.0407,8.0988,1.6060,1,2.828,4.273
21,DATA_20260309_111322.BIN,3.8945,9.3328,3.7740,9.3328,2.9480,1,4.883,5.158
22,DATA_20260309_111322.BIN,3.7740,20.9519,10.7702,20.9519,5.1150,1,5.198,5.396
23,DATA_20260309_111322.BIN,10.7702,21.2429,0.5157,21.2429,5.4670,1,11.918,12.517
24,DATA_20260309_111322.BIN,0.5157,6.3360,1.6414,6.3360,1.2870,1,1.617,3.102
25,DATA_20260309_111322.BIN,2.9193,9.1162,3.7900,9.1162,1.3200,1,2.789,4.631
26,DATA_20260309_111322.BIN,3.7900,8.5235,1.1323,8.5235,1.1990,1,3.139,5.373
27,DATA_20260309_111322.BIN,1.1323,8.8751,2.3447,8.8751,2.4090,1,1.085,4.865
28,DATA_20260309_111322.BIN,2.3447,13.8694,7.9453,13.8694,3.6080,1,2.036,3.540
29,DATA_20260309_111322.BIN,2.5654,10.8210,0.2306,10.8210,6.4680,1,1.523,3.371
30,DATA_20260309_111322.BIN,2.7595,9.2574,2.4022,9.2574,3.6850,1,3.625,10.357
31,DATA_20260309_111322.BIN,2.4022,6.7368,0.9655,6.7368,4.7190,1,4.158,4.329
32,DATA_20260309_111322.BIN,0.9655,7.2200,0.8916,7.2200,3.1020,1,2.367,3.251
33,DATA_20260309_111322.BIN,5.9583,11.3000,3.2727,11.3000,4.4550,1,6.566,6.572
34,DATA_20260309_111322.BIN,3.2727,7.2312,0.4016,7.2312,1.6060,1,3.173,4.597
35,DATA_20260309_111322.BIN,0.7886,10.9848,2.8531,10.9848,3.0910,1,2.002,3.088
36,DATA_20260309_111322.BIN,1.4946,19.4164,11.2958,19.4164,6.2700,1,1.606,2.202
37,DATA_20260309_111322.BIN,11.2958,15.1758,3.0616,15.1758,3.1460,1,12.607,16.259
38,DATA_20260309_111322.BIN,3.0616,8.3132,1.4201,8.3132,1.3530,1,2.021,3.766
39,DATA_20260309_111322.BIN,1.4201,4.7705,0.6387,4.7705,1.4850,1,0.626,1.943
40,DATA_20260309_111322.BIN,0.6387,4.7165,0.5977,4.7165,2.6950,1,1.951,2.552
41,DATA_20260309_111322.BIN,1.1739,6.3818,0.9115,6.3818,4.5650,1,1.567,1.889
42,DATA_20260309_111322.BIN,0.9115,4.9496,1.3588,4.9496,1.4740,1,0.947,0.953
43,DATA_20260309_111322.BIN,1.3588,5.7225,1.9668,5.7225,1.4850,1,1.755,1.822
44,DATA_20260309_111322.BIN,1.9668,12.3426,1.4387,12.3426,5.0930,1,2.211,2.225
45,DATA_20260309_111322.BIN,1.4387,5.7909,0.6304,5.7909,1.7160,1,0.736,1.948
46,DATA_20260309_111322.BIN,1.2367,5.2052,2.2576,5.2052,3.0580,1,2.565,5.690
47,DATA_20260309_111322.BIN,2.2576,9.6673,1.2863,9.6673,1.5950,1,3.761,6.385
48,DATA_20260309_111322.BIN,2.3102,7.3696,3.5409,7.3696,1.5510,1,3.138,4.345
49,DATA_20260309_111322.BIN,1.5300,5.3459,0.9766,5.3459,1.4190,1,1.159,1.257
50,DATA_20260309_111322.BIN,0.9766,8.9602,0.9956,8.9602,1.5840,1,0.681,0.739
51,DATA_20260309_111322.BIN,0.9956,5.5060,0.9865,5.5060,1.4410,1,1.960,2.323
52,DATA_20260309_111322.BIN,3.1994,7.9562,2.2415,7.9562,3.0690,1,3.269,3.341
53,DATA_20260309_111322.BIN,2.2415,6.9234,2.2485,6.9234,1.7490,1,2.107,2.118
54,DATA_20260309_111322.BIN,2.4025,8.1875,0.5899,8.1875,3.2890,1,3.389,6.791
55,DATA_20260309_111322.BIN,6.2659,22.9618,2.5641,22.9618,4.9940,1,7.218,7.229
56,DATA_20260309_111322.BIN,2.5641,18.5650,1.1468,18.5650,3.6190,1,4.242,13.795
57,DATA_20260309_111322.BIN,5.3786,9.6785,3.4106,9.6785,2.2220,1,5.239,12.293
58,DATA_20260309_111322.BIN,3.4106,13.6201,4.8698,13.6201,4.6090,1,3.100,4.438
59,DATA_20260309_111322.BIN,4.8698,10.0094,3.7844,10.0094,2.3760,1,4.458,4.857
60,DATA_20260309_111322.BIN,5.4677,10.6348,7.3711,10.6348,2.4750,1,4.563,4.877
61,DATA_20260309_111322.BIN,7.3711,10.6564,0.2355,10.6564,9.9110,1,6.225,7.213
62,DATA_20260309_111322.BIN,0.2355,18.8064,2.9020,18.8064,8.6680,1,3.218,4.134
63,DATA_20260309_111322.BIN,2.9020,6.1326,0.2474,6.1326,3.3550,1,5.476,7.552
64,DATA_20260309_111322.BIN,0.2474,9.2634,0.0864,9.2634,6.5450,1,2.134,2.875
65,DATA_20260309_111322.BIN,0.0864,14.5936,7.3682,14.5936,5.0930,1,1.791,2.810
66,DATA_20260309_111322.BIN,7.3682,10.1684,5.0343,10.1684,4.4330,1,7.757,9.148
67,DATA_20260309_111322.BIN,5.0343,13.4178,5.2487,13.4178,2.6950,1,4.120,7.952
68,DATA_20260309_111322.BIN,5.2487,16.2445,6.0829,16.2445,2.4640,1,3.888,7.782
69,DATA_20260309_112322.BIN,1.0531,5.7276,0.3808,5.7276,3.5860,1,8.058,14.502
70,DATA_20260309_112322.BIN,2.4264,14.7279,6.1194,14.7279,3.0580,1,7.715,8.881
71,DATA_20260309_112322.BIN,6.1194,13.1678,1.3993,13.1678,4.8730,1,6.468,8.715
72,DATA_20260309_112322.BIN,1.3993,8.8170,2.9410,8.8170,2.8270,1,4.678,8.563
73,DATA_20260309_112322.BIN,2.9410,8.8875,1.3290,8.8875,8.0190,1,7.026,14.701
74,DATA_20260309_112322.BIN,1.6156,11.9241,3.4674,11.9241,6.4240,1,6.013,8.684
75,DATA_20260309_112322.BIN,3.4674,7.7645,2.5810,7.7645,1.9800,1,7.310,9.705
76,DATA_20260309_112322.BIN,2.5810,7.4194,1.9845,7.4194,2.4640,1,5.417,6.425
77,DATA_20260309_112322.BIN,2.2761,17.1884,6.5345,17.1884,2.5300,1,3.841,7.239
78,DATA_20260309_112322.BIN,1.6264,9.7355,3.2741,9.7355,4.2350,1,3.570,5.368
79,DATA_20260309_112322.BIN,2.5972,8.4368,3.1604,8.4368,3.6520,1,4.730,5.720
80,DATA_20260309_112322.BIN,3.1604,10.6004,2.9300,10.6004,3.3110,1,4.943,5.881
81,DATA_20260309_112322.BIN,1.6657,14.5794,0.3848,14.5794,8.9210,1,1.393,2.603
82,DATA_20260309_112322.BIN,1.2494,7.0406,1.4006,7.0406,4.2130,1,1.712,2.790
83,DATA_20260309_112322.BIN,1.4006,6.6085,0.5116,6.6085,3.5970,1,2.146,4.647
84,DATA_20260309_112322.BIN,0.6337,6.0587,0.3288,6.0587,5.2910,1,1.055,1.709
85,DATA_20260309_112322.BIN,1.0105,5.6787,0.8715,5.6787,1.8370,1,1.526,3.272
86,DATA_20260309_112322.BIN,0.8715,9.8285,3.9180,9.8285,3.3220,1,1.254,3.592
87,DATA_20260309_112322.BIN,3.9180,11.4895,3.1256,11.4895,8.3050,1,3.837,8.466
88,DATA_20260309_112322.BIN,3.1256,11.4925,4.9325,11.4925,2.7830,1,3.521,5.224
89,DATA_20260309_112322.BIN,4.9325,14.4820,0.8726,14.4820,7.4690,1,4.711,4.716
90,DATA_20260309_112322.BIN,0.8726,9.9912,3.1269,9.9912,6.9740,1,1.470,4.746
91,DATA_20260309_112322.BIN,6.4710,17.7304,4.1826,17.7304,6.1710,1,6.448,10.240
92,DATA_20260309_112322.BIN,3.4947,10.4764,3.4390,10.4764,2.1670,1,2.984,8.492
93,DATA_20260309_112322.BIN,3.4390,21.9776,6.2622,21.9776,5.4560,1,2.618,6.921
94,DATA_20260309_112322.BIN,6.2622,17.6966,2.9881,17.6966,4.3340,1,5.385,11.964
95,DATA_20260309_114706.BIN,2.1318,13.1812,1.0966,13.1812,4.3230,1,6.524,7.819
96,DATA_20260309_114706.BIN,2.0311,12.7059,2.2765,12.7059,3.9160,1,6.213,8.505
97,DATA_20260309_114706.BIN,2.2765,8.9636,1.6911,8.9636,3.7070,1,8.891,8.972
98,DATA_20260309_114706.BIN,1.6911,9.2276,0.7826,9.2276,3.9490,1,5.040,8.859
99,DATA_20260309_114706.BIN,0.7826,8.4254,2.3373,8.4254,3.0690,1,6.073,10.047
100,DATA_20260309_114706.BIN,2.3373,17.4246,12.8721,17.4246,4.7300,1,5.492,5.694
101,DATA_20260309_114706.BIN,12.4817,19.5600,2.2316,19.5600,4.1250,1,11.189,14.263
102,DATA_20260309_114706.BIN,1.1510,16.6629,2.4861,16.6629,5.7640,1,5.378,7.704
103,DATA_20260309_114706.BIN,3.3304,12.7847,2.8452,12.7847,2.8490,1,5.231,5.232
104,DATA_20260309_114706.BIN,2.8452,7.2450,1.5358,7.2450,2.2770,1,7.397,9.375
105,DATA_20260309_114706.BIN,1.7683,5.4174,1.0942,5.4174,8.5360,1,4.928,5.147
106,DATA_20260309_114706.BIN,5.4826,16.1176,2.4428,16.1176,4.9500,1,6.379,9.719
107,DATA_20260309_114706.BIN,5.2875,15.8787,9.7142,15.8787,2.3210,1,8.524,9.325
108,DATA_20260309_114706.BIN,14.3116,27.4038,4.9533,27.4038,5.1810,1,19.072,20.718
109,DATA_20260309_114706.BIN,4.9533,26.1479,0.5255,26.1479,9.0750,1,4.440,8.527
110,DATA_20260309_114706.BIN,0.5255,14.2813,4.9978,14.2813,7.7550,1,2.948,7.567
111,DATA_20260309_114706.BIN,4.9978,12.1229,3.4171,12.1229,3.5530,1,7.908,8.349
112,DATA_20260309_114706.BIN,3.4171,17.6419,6.2356,17.6419,9.0530,1,5.204,6.086
113,DATA_20260309_114706.BIN,6.2356,11.3441,2.5390,11.3441,1.4410,1,5.572,8.840
114,DATA_20260309_114706.BIN,2.5390,6.7231,1.1502,6.7231,3.0140,1,4.917,12.758
115,DATA_20260309_114706.BIN,1.1502,11.3512,2.0139,11.3512,5.0050,1,2.312,6.091
116,DATA_20260309_114706.BIN,2.0139,14.0701,2.2743,14.0701,6.6770,1,3.971,5.141
117,DATA_20260309_114706.BIN,1.6643,6.2748,0.7423,6.2748,3.0690,1,2.992,6.999
118,DATA_20260309_114706.BIN,0.6672,9.0564,3.2306,9.0564,9.1190,1,1.227,5.965
119,DATA_20260309_114706.BIN,1.4762,13.4702,1.5624,13.4702,5.3680,1,3.073,7.760
120,DATA_20260309_114706.BIN,1.5624,15.6225,0.6587,15.6225,8.2390,1,2.668,4.740
121,DATA_20260309_114706.BIN,0.6587,11.7709,3.1561,11.7709,4.8950,1,0.657,8.974
122,DATA_20260309_114706.BIN,3.8112,14.8242,4.2766,14.8242,1.8370,1,4.522,8.531
123,DATA_20260309_114706.BIN,7.7929,18.3138,6.2991,18.3138,7.3150,1,9.412,9.690
124,DATA_20260309_114706.BIN,6.2991,15.4940,2.1527,15.4940,7.6010,1,5.770,12.927
125,DATA_20260309_114706.BIN,2.1527,10.4490,0.5910,10.4490,5.7750,1,3.313,12.550
126,DATA_20260309_114706.BIN,0.5910,7.8069,0.2952,7.8069,6.4350,1,2.627,13.417
127,DATA_20260309_114706.BIN,4.8896,16.0091,4.6996,16.0091,7.0950,1,6.349,7.770
128,DATA_20260309_114706.BIN,8.3761,15.2912,5.7085,15.2912,5.7200,1,10.326,11.670
129,DATA_20260309_114706.BIN,7.6997,17.8617,10.8452,17.8617,6.4350,1,8.692,10.473
130,DATA_20260309_114706.BIN,8.8952,19.4297,10.7882,19.4297,3.0140,1,8.548,8.548
131,DATA_20260309_114706.BIN,10.7882,20.3491,13.0302,20.3491,9.2070,1,11.258,16.270
132,DATA_20260309_114706.BIN,13.0302,23.1313,6.0718,23.1313,4.5980,1,14.448,18.228
133,DATA_20260309_114706.BIN,6.0718,14.2825,8.4964,14.2825,2.0570,1,2.961,7.743
134,DATA_20260309_114706.BIN,8.4964,22.1178,11.3966,22.1178,5.2910,1,5.926,8.806
135,DATA_20260309_120000.BIN,18.7551,31.6695,16.1014,31.6695,4.7410,1,13.218,13.265
136,DATA_20260309_120000.BIN,22.1405,37.1319,23.6445,37.1319,6.7760,1,9.472,25.604
137,DATA_20260309_120000.BIN,23.6445,35.0033,23.4406,35.0033,4.0480,1,11.565,23.829
138,DATA_20260309_120000.BIN,8.7819,30.8002,15.5465,30.8002,9.2290,1,25.457,36.466
139,DATA_20260309_120000.BIN,19.7321,41.0188,14.8795,41.0188,9.7020,1,10.258,18.572
140,DATA_20260309_120000.BIN,16.2287,29.3264,16.8837,29.3264,5.6650,1,15.967,28.677
141,DATA_20260309_120000.BIN,13.7507,36.5768,20.9281,36.5768,4.3560,1,18.394,29.488
142,DATA_20260309_120000.BIN,20.9281,34.6759,16.6266,34.6759,2.4090,1,9.513,27.094
143,DATA_20260309_120000.BIN,6.7217,37.7240,26.0043,37.7240,4.9830,1,27.841,32.281
144,DATA_20260309_120000.BIN,4.3577,40.0672,7.6330,40.0672,2.8600,1,21.049,32.754
145,DATA_20260309_120000.BIN,7.6330,37.4191,12.6866,37.4191,5.7640,1,13.593,24.783
146,DATA_20260309_120000.BIN,15.2794,30.8893,15.0668,30.8893,3.1680,1,13.901,25.553
147,DATA_20260309_120000.BIN,28.3936,43.3836,21.9165,43.3836,7.8320,1,31.644,32.815
148,DATA_20260309_120000.BIN,21.9165,42.0130,23.8417,42.0130,2.4310,1,19.392,27.993
149,DATA_20260309_120000.BIN,23.8417,43.4457,24.6395,43.4457,3.5090,1,21.540,26.101
150,DATA_20260309_120000.BIN,39.8655,55.2862,39.7025,55.2862,4.4660,1,27.105,27.110
151,DATA_20260309_120000.BIN,42.6648,51.8003,31.2929,51.8003,6.5890,1,32.074,38.367
152,DATA_20260309_120000.BIN,31.2929,49.1208,37.3962,49.1208,7.6670,1,18.460,21.492
153,DATA_20260309_120000.BIN,37.3962,56.7825,39.8892,56.7825,7.7440,1,31.396,33.202
154,DATA_20260309_120000.BIN,39.9252,50.7375,34.7955,50.7375,7.0400,1,30.560,31.821
155,DATA_20260309_120000.BIN,41.5386,77.1042,35.2019,77.1042,3.8500,1,129.580,139.938
156,DATA_20260309_120000.BIN,16.4193,56.9987,70.5400,70.5400,1.6940,1,177.414,177.414
157,DATA_20260309_120000.BIN,70.5400,62.3485,23.7236,62.3485,2.3320,1,71.148,134.605
158,DATA_20260309_120000.BIN,42.9541,47.2894,34.0314,47.2894,0.9570,1,123.873,148.619
159,DATA_20260309_120000.BIN,34.0314,66.4089,25.5672,66.4089,4.0040,1,50.613,59.520
160,DATA_20260309_120000.BIN,25.5672,41.0641,19.5935,41.0641,2.8160,1,43.589,80.116
161,DATA_20260309_120000.BIN,19.5935,35.6660,23.5683,35.6660,2.4750,1,43.725,43.924
162,DATA_20260309_120000.BIN,10.3065,77.4489,5.6804,77.4489,2.5960,1,53.755,91.086
163,DATA_20260309_120000.BIN,5.6804,23.8272,5.0039,23.8272,2.2550,1,36.909,37.412
164,DATA_20260309_120000.BIN,5.0039,37.2030,11.9798,37.2030,4.4110,1,23.231,25.024
165,DATA_20260309_120000.BIN,11.9798,8.8171,9.5314,9.5314,2.0570,1,24.369,37.643
166,DATA_20260309_120000.BIN,18.2776,64.8916,11.1103,64.8916,2.5410,1,22.795,33.078
167,DATA_20260309_120000.BIN,11.1103,31.2305,12.4106,31.2305,1.4740,1,18.360,23.577
168,DATA_20260309_120000.BIN,12.4106,57.0063,6.9478,57.0063,1.0010,1,99.336,103.003
169,DATA_20260309_120000.BIN,6.9478,41.5051,20.0456,41.5051,0.9790,1,25.257,25.688
170,DATA_20260309_120000.BIN,6.2165,29.1776,0.9791,29.1776,2.3760,1,7.166,17.020
171,DATA_20260309_120000.BIN,0.9791,19.3478,5.8826,19.3478,1.9140,1,18.474,26.399
172,DATA_20260309_120000.BIN,5.8826,32.0670,18.4368,32.0670,2.0680,1,26.240,32.521
173,DATA_20260309_120000.BIN,18.4368,30.8494,33.8583,33.8583,1.2760,1,58.599,59.355
174,DATA_20260309_120000.BIN,47.6063,68.1886,20.0451,68.1886,2.5300,1,52.685,64.648
175,DATA_20260309_120000.BIN,20.0451,59.7295,38.2259,59.7295,2.2110,1,60.676,63.289
176,DATA_20260309_120000.BIN,38.2259,73.8999,14.6389,73.8999,2.3430,1,41.473,93.971
177,DATA_20260309_120000.BIN,20.4494,56.0319,31.1606,56.0319,2.3870,1,23.541,25.317
178,DATA_20260309_120000.BIN,19.4343,76.3144,37.9614,76.3144,2.9260,1,20.181,23.184
179,DATA_20260309_120000.BIN,37.9614,71.1537,38.9880,71.1537,1.4190,1,35.043,103.557
180,DATA_20260309_120000.BIN,38.9880,76.6084,20.1563,76.6084,3.8830,1,51.771,63.980
181,DATA_20260309_120000.BIN,20.1563,26.0387,17.6743,26.0387,1.9580,1,31.293,33.650
182,DATA_20260309_120000.BIN,17.6743,42.0861,3.7468,42.0861,2.0350,1,47.178,51.023
183,DATA_20260309_120000.BIN,3.7468,62.1732,15.0779,62.1732,1.7050,1,36.301,40.093
184,DATA_20260309_120000.BIN,7.6895,41.7476,9.9784,41.7476,2.7280,1,87.935,109.936
185,DATA_20260309_120000.BIN,9.9784,51.0989,16.9510,51.0989,1.8700,1,69.340,88.468
186,DATA_20260309_120000.BIN,16.9510,37.8921,34.3080,37.8921,2.8600,1,54.382,54.518
187,DATA_20260309_120000.BIN,34.3080,77.0681,19.8214,77.0681,2.3650,1,25.938,86.004
188,DATA_20260309_120000.BIN,23.0223,71.8031,18.7467,71.8031,3.3550,1,70.939,71.333
189,DATA_20260309_120000.BIN,18.7467,35.1097,18.6355,35.1097,1.9910,1,35.719,49.991
190,DATA_20260309_120000.BIN,18.6355,18.7220,28.5319,28.5319,2.1780,1,50.592,50.602
191,DATA_20260309_120000.BIN,28.5319,14.7795,14.4953,14.7795,2.5300,1,54.593,64.175
192,DATA_20260309_120000.BIN,42.1884,54.4898,9.7658,54.4898,5.1700,1,86.038,87.230
193,DATA_20260309_120000.BIN,9.7658,42.7729,22.1695,42.7729,1.6170,1,10.716,19.376
194,DATA_20260309_120000.BIN,3.8238,51.5887,30.8074,51.5887,1.9030,1,93.361,93.530
195,DATA_20260309_120000.BIN,30.8074,19.4896,16.0307,19.4896,3.5310,1,64.277,64.986
196,DATA_20260309_120000.BIN,16.0307,32.1085,20.0896,32.1085,4.1910,1,107.139,110.400
197,DATA_20260309_120000.BIN,20.0896,25.2843,13.2130,25.2843,1.0890,1,40.288,46.642
198,DATA_20260309_120000.BIN,13.2130,39.3532,10.0817,39.3532,2.0900,1,57.741,59.411
199,DATA_20260309_120000.BIN,10.0817,43.8948,13.6460,43.8948,2.5190,1,57.087,63.918
200,DATA_20260309_120000.BIN,13.6460,39.6388,43.2036,43.2036,2.1670,1,44.588,46.969
201,DATA_20260309_120000.BIN,43.2036,47.7447,14.0947,47.7447,3.0910,1,68.585,117.673
202,DATA_20260309_120000.BIN,14.0947,31.8202,19.1383,31.8202,3.1460,1,55.542,55.791
203,DATA_20260309_120000.BIN,19.1383,36.6746,5.6578,36.6746,1.5400,1,50.548,53.310
204,DATA_20260309_120000.BIN,3.5514,26.3273,18.4305,26.3273,1.3310,1,18.697,18.704
205,DATA_20260309_120000.BIN,14.9315,38.6418,20.0743,38.6418,1.5290,1,3.526,4.143
206,DATA_20260309_120000.BIN,20.0743,61.4191,13.0020,61.4191,4.9610,1,35.754,35.924
207,DATA_20260309_120000.BIN,39.0141,44.7073,15.5109,44.7073,1.1440,1,66.764,94.307
208,DATA_20260309_120000.BIN,20.2015,47.9260,12.3700,47.9260,2.7060,1,44.812,45.646
209,DATA_20260309_120000.BIN,16.3072,34.1737,4.2041,34.1737,2.2990,1,49.745,67.719
210,DATA_20260309_120000.BIN,4.2041,40.9911,18.7543,40.9911,1.7930,1,53.877,63.226
211,DATA_20260309_120000.BIN,18.7543,18.3700,15.2831,18.3700,1.7820,1,66.733,78.019
212,DATA_20260309_120000.BIN,15.2831,33.4168,5.0220,33.4168,1.9800,1,18.839,28.962
213,DATA_20260309_120000.BIN,5.0220,47.8835,19.8310,47.8835,1.6060,1,19.493,19.581
214,DATA_20260309_120000.BIN,20.2785,38.6488,14.1486,38.6488,1.7930,1,73.239,74.043
215,DATA_20260309_120000.BIN,49.7416,30.0603,16.9425,30.0603,1.6830,1,64.387,86.905
216,DATA_20260309_120000.BIN,16.9425,23.7846,13.0164,23.7846,3.1570,1,31.835,55.462
217,DATA_20260309_120000.BIN,13.0164,30.2124,22.3386,30.2124,3.7290,1,43.503,46.395
218,DATA_20260309_120000.BIN,16.9442,65.6619,20.3273,65.6619,3.4870,1,72.684,76.517
219,DATA_20260309_120000.BIN,17.9305,38.6572,19.2063,38.6572,2.6290,1,8.568,27.095
220,DATA_20260309_120000.BIN,19.2063,66.5135,2.6721,66.5135,2.5960,1,68.374,71.738
221,DATA_20260309_120000.BIN,2.6721,59.0304,3.8127,59.0304,5.0160,1,46.176,57.628
222,DATA_20260309_120000.BIN,3.8127,41.8165,10.7224,41.8165,1.5840,1,100.856,101.075
223,DATA_20260309_120000.BIN,43.6373,42.9042,29.2432,42.9042,1.8480,1,84.467,121.428
224,DATA_20260309_120000.BIN,29.2432,45.6443,16.0108,45.6443,1.2760,1,62.504,78.285
225,DATA_20260309_120000.BIN,16.0108,36.4278,28.9329,36.4278,1.7160,1,59.814,62.496
226,DATA_20260309_120000.BIN,28.9329,51.3110,19.3456,51.3110,1.8150,1,93.509,103.293
227,DATA_20260309_120000.BIN,19.3456,35.2633,19.0883,35.2633,3.5750,1,66.589,68.746
228,DATA_20260309_120000.BIN,19.0883,34.5349,20.0085,34.5349,2.3100,1,97.940,98.535
229,DATA_20260309_120000.BIN,20.0085,65.0202,11.5791,65.0202,2.3100,1,51.031,51.539
230,DATA_20260309_120000.BIN,37.6394,42.7402,19.7768,42.7402,1.2980,1,44.836,80.989
231,DATA_20260309_120000.BIN,19.7768,46.2998,20.2052,46.2998,2.7610,1,85.643,86.594
232,DATA_20260309_120000.BIN,13.5259,49.7172,19.3491,49.7172,1.9470,1,70.465,73.018
233,DATA_20260309_120000.BIN,19.3491,55.4698,12.3037,55.4698,4.0260,1,13.269,51.168
234,DATA_20260309_120000.BIN,12.3851,66.8216,33.0812,66.8216,2.3760,1,51.738,57.577
235,DATA_20260309_120000.BIN,33.0812,55.4979,31.0166,55.4979,1.8480,1,81.852,99.123
236,DATA_20260309_120000.BIN,7.1733,45.0194,8.4437,45.0194,2.8930,1,26.543,28.035
237,DATA_20260309_120000.BIN,7.4026,69.3100,5.2634,69.3100,1.4850,1,28.324,30.393
238,DATA_20260309_120000.BIN,5.2634,56.2995,4.2517,56.2995,1.3530,1,49.809,59.093
239,DATA_20260309_120000.BIN,23.3721,20.4296,14.9630,20.4296,2.2110,1,62.445,63.832
240,DATA_20260309_120000.BIN,14.9630,48.2271,10.2473,48.2271,1.0780,1,24.925,24.928
241,DATA_20260309_120000.BIN,9.6108,52.9525,6.2886,52.9525,2.4970,1,42.865,50.118
242,DATA_20260309_120000.BIN,6.2886,76.4189,11.3046,76.4189,5.9950,1,13.097,23.147
243,DATA_20260309_120000.BIN,11.3046,43.8097,17.0163,43.8097,1.0450,1,63.954,69.427
244,DATA_20260309_120000.BIN,17.0163,56.7819,23.6448,56.7819,3.1680,1,15.295,28.587
245,DATA_20260309_120000.BIN,11.6908,53.1328,15.6555,53.1328,1.6720,1,120.529,120.906
246,DATA_20260309_120000.BIN,14.5793,53.5043,11.1565,53.5043,1.5730,1,102.953,113.429
247,DATA_20260309_120000.BIN,11.1565,19.1927,7.1177,19.1927,0.9680,1,105.639,105.828
248,DATA_20260309_120000.BIN,10.6777,52.2394,4.2713,52.2394,1.5290,1,94.010,96.060
249,DATA_20260309_120000.BIN,4.2713,45.6263,7.6940,45.6263,1.8480,1,43.287,43.987
250,DATA_20260309_120000.BIN,7.6940,64.7903,9.1570,64.7903,1.3860,1,79.263,83.940
251,DATA_20260309_120000.BIN,9.1570,63.4322,15.6227,63.4322,1.0230,1,56.885,72.333
252,DATA_20260309_120000.BIN,15.6227,26.9199,3.8846,26.9199,1.3640,1,10.576,22.422
253,DATA_20260309_120000.BIN,3.8846,49.8688,17.9393,49.8688,2.3760,1,65.308,105.762
254,DATA_20260309_120000.BIN,17.9393,49.4646,31.2088,49.4646,1.9470,1,40.142,42.340
255,DATA_20260309_120000.BIN,31.2088,48.8541,20.1700,48.8541,2.3320,1,60.566,61.494
256,DATA_20260309_120000.BIN,20.1700,40.1904,19.9032,40.1904,2.7390,1,86.550,97.560
257,DATA_20260309_120000.BIN,19.9032,63.5354,20.9674,63.5354,4.7410,1,59.092,66.669
258,DATA_20260309_120000.BIN,20.9674,55.8681,3.5896,55.8681,3.1570,1,87.668,94.348
259,DATA_20260309_120000.BIN,3.5896,41.3664,8.5254,41.3664,3.5310,1,93.632,100.502
260,DATA_20260309_120000.BIN,5.6703,46.3836,5.5309,46.3836,1.1550,1,56.275,56.309
261,DATA_20260309_120000.BIN,5.5309,53.7730,11.8803,53.7730,1.3310,1,91.917,119.456
262,DATA_20260309_120000.BIN,11.8803,68.3755,20.3312,68.3755,2.2000,1,91.017,105.399
263,DATA_20260309_120000.BIN,20.3312,57.1913,15.1100,57.1913,1.4520,1,103.466,108.402
264,DATA_20260309_120000.BIN,15.1100,74.9799,34.5232,74.9799,2.6730,1,56.294,56.780
265,DATA_20260309_120000.BIN,20.8719,76.3908,25.2129,76.3908,0.8800,1,49.995,50.439
266,DATA_20260309_120000.BIN,27.4531,74.9554,12.4842,74.9554,1.0670,1,50.222,76.185
267,DATA_20260309_120000.BIN,12.4842,72.8667,1.5983,72.8667,0.8140,1,32.071,42.366
268,DATA_20260309_120000.BIN,1.5983,76.5373,12.6487,76.5373,1.1880,1,89.515,97.883
269,DATA_20260309_120000.BIN,12.6487,50.2791,9.3969,50.2791,2.1780,1,84.712,84.715
270,DATA_20260309_120000.BIN,9.3969,74.4582,34.1932,74.4582,2.7720,1,52.721,52.789
271,DATA_20260309_120000.BIN,34.1932,49.5661,38.3349,49.5661,1.1770,1,43.806,69.389
272,DATA_20260309_120000.BIN,38.3349,44.0617,7.3747,44.0617,1.0670,1,50.560,57.283
273,DATA_20260309_120000.BIN,15.7000,48.5980,6.3965,48.5980,2.5520,1,15.192,21.529
274,DATA_20260309_120000.BIN,3.6569,60.0805,33.7412,60.0805,2.4860,1,33.914,36.786
275,DATA_20260309_120000.BIN,33.7412,67.8995,14.4399,67.8995,2.4090,1,58.861,59.048
276,DATA_20260309_120000.BIN,14.4399,44.4526,23.6931,44.4526,1.5950,1,8.646,10.505
277,DATA_20260309_120000.BIN,23.6931,36.6456,22.3548,36.6456,1.3420,1,25.446,61.142
278,DATA_20260309_120000.BIN,22.3548,53.1714,13.4757,53.1714,2.6290,1,65.436,75.702
279,DATA_20260309_120000.BIN,7.5526,76.2606,12.7726,76.2606,2.9370,1,48.529,48.568
280,DATA_20260309_120000.BIN,22.7652,68.9599,30.5598,68.9599,1.7930,1,46.268,63.015
281,DATA_20260309_120000.BIN,30.5598,51.5491,13.2307,51.5491,2.1670,1,8.344,44.962
282,DATA_20260309_120000.BIN,13.2307,55.2868,10.3241,55.2868,1.5730,1,16.112,17.076
283,DATA_20260309_120000.BIN,58.8584,71.7814,22.0124,71.7814,1.7930,1,90.147,101.007
284,DATA_20260309_120000.BIN,22.0124,57.7820,4.6642,57.7820,1.6390,1,48.380,58.854
285,DATA_20260309_120000.BIN,4.6642,52.7955,13.1707,52.7955,2.9370,1,27.725,33.613
286,DATA_20260309_120000.BIN,13.1707,54.7228,5.3701,54.7228,2.1340,1,134.608,149.524
287,DATA_20260309_120000.BIN,5.3701,38.1366,15.7551,38.1366,2.3980,1,38.604,40.254
288,DATA_20260309_120000.BIN,15.7551,64.6827,18.9046,64.6827,1.3200,1,26.620,26.640
289,DATA_20260309_120000.BIN,18.9046,77.6123,9.1965,77.6123,3.1350,1,54.500,54.840
290,DATA_20260309_120000.BIN,9.1965,47.0217,39.7387,47.0217,1.5070,1,18.250,23.108
291,DATA_20260309_120000.BIN,39.7387,53.2868,15.3656,53.2868,2.0790,1,41.547,69.189
292,DATA_20260309_120000.BIN,15.3656,49.8045,9.2554,49.8045,1.4630,1,20.042,20.071
293,DATA_20260309_120000.BIN,9.2554,58.4359,22.8609,58.4359,1.7050,1,17.314,23.931
294,DATA_20260309_120000.BIN,5.5622,61.1135,14.1159,61.1135,1.2650,1,31.668,32.395
295,DATA_20260309_120000.BIN,14.1159,68.7453,2.3469,68.7453,1.7270,1,38.582,39.242
296,DATA_20260309_120000.BIN,2.3469,64.2731,10.3934,64.2731,1.3530,1,41.854,58.335
297,DATA_20260309_120000.BIN,10.3934,75.7246,30.2813,75.7246,2.4530,1,28.585,28.591
298,DATA_20260309_120000.BIN,30.2813,66.1583,21.5702,66.1583,2.6840,1,64.516,64.916
299,DATA_20260309_120000.BIN,21.5702,55.4645,13.8776,55.4645,1.7270,1,9.749,17.357
300,DATA_20260309_120000.BIN,13.8776,75.2420,17.8005,75.2420,1.5400,1,35.625,36.070
301,DATA_20260309_120000.BIN,17.8005,43.9828,9.9160,43.9828,1.3970,1,16.362,18.608
302,DATA_20260309_120000.BIN,9.9160,42.9159,13.5678,42.9159,2.4970,1,44.017,51.198
303,DATA_20260309_120000.BIN,13.5678,47.3254,17.4630,47.3254,1.1550,1,13.418,22.683
304,DATA_20260309_120000.BIN,17.4630,42.7606,20.2858,42.7606,2.6290,1,17.961,29.430
305,DATA_20260309_120000.BIN,45.1453,73.4335,12.3134,73.4335,2.7610,1,67.764,89.972
306,DATA_20260309_120000.BIN,7.0402,65.4777,12.1801,65.4777,1.8810,1,15.672,16.171
307,DATA_20260309_120000.BIN,16.8447,36.6044,5.2873,36.6044,1.5840,1,47.666,48.183
308,DATA_20260309_120000.BIN,5.2873,61.9428,21.3121,61.9428,1.9360,1,7.795,13.459
309,DATA_20260309_120000.BIN,21.3121,28.5045,13.3940,28.5045,1.8150,1,1.167,26.842
310,DATA_20260309_120000.BIN,13.3940,74.4020,14.7077,74.4020,2.2330,1,37.745,38.039
311,DATA_20260309_120000.BIN,14.7077,67.9228,12.4945,67.9228,3.0910,1,46.832,46.842
312,DATA_20260309_120000.BIN,12.4945,74.0075,11.8217,74.0075,1.2210,1,8.527,11.597
313,DATA_20260309_120000.BIN,11.8217,53.4381,4.1744,53.4381,0.8580,1,21.031,53.343
314,DATA_20260309_120000.BIN,4.1744,62.6041,16.5799,62.6041,1.0890,1,22.487,22.968
315,DATA_20260309_120000.BIN,16.5799,54.5307,17.5657,54.5307,1.2100,1,81.132,100.010
316,DATA_20260309_120000.BIN,17.5657,55.4353,24.6513,55.4353,0.9570,1,29.110,29.262
317,DATA_20260309_120000.BIN,24.6513,71.6377,40.2884,71.6377,1.3420,1,60.125,68.851
318,DATA_20260309_120000.BIN,40.2884,56.7334,15.1310,56.7334,2.6400,1,70.585,74.340
319,DATA_20260309_120000.BIN,15.1310,71.4612,14.3223,71.4612,3.3330,1,32.612,33.327
320,DATA_20260309_120000.BIN,14.3223,35.4049,11.4841,35.4049,3.9930,1,8.912,12.568
321,DATA_20260309_120000.BIN,11.4841,71.4264,6.7543,71.4264,3.1570,1,20.906,21.435
322,DATA_20260309_120000.BIN,10.0123,64.0633,19.1281,64.0633,1.4190,1,36.613,36.669
323,DATA_20260309_120000.BIN,19.1281,26.9365,18.0956,26.9365,2.3650,1,15.297,21.853
324,DATA_20260309_120000.BIN,18.0956,71.7562,24.9274,71.7562,1.5730,1,48.183,53.941
325,DATA_20260309_120000.BIN,24.9274,75.5037,18.9816,75.5037,3.3440,1,8.865,41.196
326,DATA_20260309_120000.BIN,18.9816,77.6030,16.2629,77.6030,1.7600,1,36.489,36.527
327,DATA_20260309_120000.BIN,16.2629,57.1033,19.4762,57.1033,1.9030,1,6.415,10.712
328,DATA_20260309_120000.BIN,30.1978,63.4696,20.3398,63.4696,1.0560,1,19.131,33.833
329,DATA_20260309_120000.BIN,20.3398,72.2790,43.7700,72.2790,1.4080,1,22.132,41.442
330,DATA_20260309_120000.BIN,43.7700,72.1650,1.2499,72.1650,2.4530,1,74.336,135.483
331,DATA_20260309_120000.BIN,20.6796,60.7030,24.1639,60.7030,2.6510,1,54.126,54.136
332,DATA_20260309_120000.BIN,37.5859,61.8407,39.4586,61.8407,1.5840,1,81.762,92.574
333,DATA_20260309_120000.BIN,39.4586,74.3720,51.2051,74.3720,1.1220,1,102.525,131.507
334,DATA_20260309_120000.BIN,51.2051,75.3434,20.8307,75.3434,1.5730,1,67.850,109.034
335,DATA_20260309_120000.BIN,20.8307,71.0180,30.9979,71.0180,1.7710,1,11.027,18.963
336,DATA_20260309_120000.BIN,25.8639,70.9023,33.6946,70.9023,2.2330,1,153.219,153.539
337,DATA_20260309_120000.BIN,9.9755,60.8336,9.2392,60.8336,1.8040,1,36.485,51.963
338,DATA_20260309_120000.BIN,9.2392,61.0212,17.5073,61.0212,1.2870,1,70.688,75.555
339,DATA_20260309_120000.BIN,17.5073,56.0168,11.3893,56.0168,3.5090,1,13.693,19.110
340,DATA_20260309_120000.BIN,11.3893,73.6950,11.4761,73.6950,1.3860,1,48.614,49.279
341,DATA_20260309_120000.BIN,11.4761,40.5899,25.6163,40.5899,1.4520,1,34.136,37.204
342,DATA_20260309_120000.BIN,25.6163,45.4361,7.4597,45.4361,1.9360,1,16.287,18.307
343,DATA_20260309_120000.BIN,7.4597,53.8180,14.7714,53.8180,1.3310,1,57.277,58.476
344,DATA_20260309_120000.BIN,14.7714,41.4349,15.5843,41.4349,1.6060,1,46.952,59.445
345,DATA_20260309_120000.BIN,15.5843,41.8776,0.9601,41.8776,1.8260,1,20.989,25.617
346,DATA_20260309_120000.BIN,0.9601,56.1552,3.4380,56.1552,1.1110,1,51.984,53.761
347,DATA_20260309_120000.BIN,3.4380,48.0636,16.8930,48.0636,1.4190,1,27.466,27.826
348,DATA_20260309_120000.BIN,16.8930,40.3765,13.5485,40.3765,1.5510,1,151.927,152.703
349,DATA_20260309_120000.BIN,13.5485,51.8772,7.4512,51.8772,0.9790,1,61.303,79.652
350,DATA_20260309_120000.BIN,25.0229,55.7701,32.3640,55.7701,1.3640,1,78.136,82.102
351,DATA_20260309_120000.BIN,32.3640,69.3523,32.4557,69.3523,1.7160,1,136.262,148.425
352,DATA_20260309_120000.BIN,32.4557,51.9292,8.3201,51.9292,1.9910,1,65.633,70.639
353,DATA_20260309_120000.BIN,8.3201,78.6203,54.5372,78.6203,2.6620,1,95.169,96.432
354,DATA_20260309_120000.BIN,54.5372,73.4782,36.5428,73.4782,1.0010,1,86.192,129.468
355,DATA_20260309_120000.BIN,36.5428,69.8648,19.5134,69.8648,1.3640,1,113.434,120.362
356,DATA_20260309_120000.BIN,19.5134,42.1386,20.6185,42.1386,1.4410,1,70.640,73.958
357,DATA_20260309_120000.BIN,20.6185,43.9565,16.4570,43.9565,2.1010,1,19.633,26.876
358,DATA_20260309_120000.BIN,16.4570,52.1538,17.4477,52.1538,0.9020,1,33.341,51.493
359,DATA_20260309_120000.BIN,17.4477,51.8995,13.9366,51.8995,2.8820,1,39.279,41.431
360,DATA_20260309_120000.BIN,13.9366,29.9777,25.1689,29.9777,4.0810,1,40.713,42.261
361,DATA_20260309_120000.BIN,25.1689,69.6830,17.1527,69.6830,1.0890,1,119.863,126.710
362,DATA_20260309_120000.BIN,17.1527,59.0999,10.4773,59.0999,3.2120,1,43.057,81.387
363,DATA_20260309_120000.BIN,10.4773,51.5783,18.9316,51.5783,1.2100,1,115.610,129.549
364,DATA_20260309_120000.BIN,18.9316,73.7264,50.0667,73.7264,2.7060,1,81.782,82.434
365,DATA_20260309_120000.BIN,50.0667,70.3994,7.3450,70.3994,1.2650,1,30.171,64.839
366,DATA_20260309_120000.BIN,7.3450,70.6943,33.3156,70.6943,1.6720,1,88.732,89.051
367,DATA_20260309_120000.BIN,33.3156,70.8905,11.1563,70.8905,2.7500,1,27.843,35.242
368,DATA_20260309_120000.BIN,21.5087,60.4480,14.5236,60.4480,1.2540,1,48.803,68.275
369,DATA_20260309_120000.BIN,14.5236,45.6139,28.1068,45.6139,2.5740,1,49.256,58.944
370,DATA_20260309_120000.BIN,28.1068,53.5378,17.9515,53.5378,1.5510,1,63.949,96.466
371,DATA_20260309_120000.BIN,17.9515,46.7682,17.7747,46.7682,1.4740,1,35.903,36.289
372,DATA_20260309_120000.BIN,17.7747,45.6381,14.2567,45.6381,1.7160,1,37.847,39.937
373,DATA_20260309_120000.BIN,9.5068,56.8529,21.6101,56.8529,2.6730,1,30.262,35.255
374,DATA_20260309_120000.BIN,21.6101,55.6558,8.5237,55.6558,3.3220,1,18.097,23.139
375,DATA_20260309_120000.BIN,8.5237,48.4417,5.8473,48.4417,3.5970,1,69.456,82.958
376,DATA_20260309_120000.BIN,5.8473,46.8440,24.9483,46.8440,2.0570,1,47.969,48.347
377,DATA_20260309_120000.BIN,24.9483,77.5416,10.5058,77.5416,1.8920,1,36.636,69.669
378,DATA_20260309_120000.BIN,10.5058,55.3812,22.0276,55.3812,3.7620,1,31.797,36.213
379,DATA_20260309_120000.BIN,18.9415,47.3887,25.6864,47.3887,1.0450,1,28.255,28.839
380,DATA_20260309_120000.BIN,25.6864,60.1616,5.0290,60.1616,2.8380,1,31.290,81.689
381,DATA_20260309_120000.BIN,5.0290,59.3813,20.7916,59.3813,3.9270,1,88.513,121.710
382,DATA_20260309_120000.BIN,20.7916,72.1012,10.2858,72.1012,3.2560,1,89.324,98.149
383,DATA_20260309_120000.BIN,10.2858,65.1729,21.0674,65.1729,1.8370,1,85.192,98.139
384,DATA_20260309_120000.BIN,21.0674,59.4509,16.1694,59.4509,0.9790,1,66.071,70.735
385,DATA_20260309_120000.BIN,16.1694,54.4761,17.6865,54.4761,3.0250,1,88.744,114.935
386,DATA_20260309_120000.BIN,17.6865,55.5489,13.8382,55.5489,1.4190,1,36.333,36.716
387,DATA_20260309_120000.BIN,7.3227,62.9371,28.9418,62.9371,1.1770,1,57.365,64.366
388,DATA_20260309_120000.BIN,28.9418,51.6318,23.2508,51.6318,6.7210,1,54.468,87.687
389,DATA_20260309_120000.BIN,23.2508,37.7966,31.3338,37.7966,2.4090,1,24.852,37.988
390,DATA_20260309_120000.BIN,32.0305,44.9148,20.3654,44.9148,2.0790,1,49.453,60.733
391,DATA_20260309_120000.BIN,20.3654,71.6217,21.4658,71.6217,3.3330,1,116.834,124.013
392,DATA_20260309_120000.BIN,21.4658,75.8479,1.8185,75.8479,3.1570,1,94.588,116.600
393,DATA_20260309_120000.BIN,20.1788,35.4771,19.3880,35.4771,4.4000,1,51.919,67.428
394,DATA_20260309_120000.BIN,19.3880,46.3705,9.0183,46.3705,1.5290,1,64.309,64.700
395,DATA_20260309_120000.BIN,14.3989,67.3195,20.0386,67.3195,2.2770,1,81.944,87.917
396,DATA_20260309_120000.BIN,12.1769,35.7324,24.1931,35.7324,1.1440,1,54.800,82.313
397,DATA_20260309_120000.BIN,24.1931,71.8761,27.0987,71.8761,1.1110,1,55.812,67.074
398,DATA_20260309_120000.BIN,27.0987,51.0275,3.7277,51.0275,1.9140,1,13.529,16.270
399,DATA_20260309_120000.BIN,6.3628,76.9307,22.0115,76.9307,1.2650,1,97.768,140.693
400,DATA_20260309_120000.BIN,22.0115,56.2010,10.2303,56.2010,4.2900,1,95.655,114.478
401,DATA_20260309_120000.BIN,31.9489,36.1255,21.1329,36.1255,2.1890,1,34.172,54.600
402,DATA_20260309_120000.BIN,21.1329,48.7431,34.9608,48.7431,2.4750,1,107.329,110.638
403,DATA_20260309_120000.BIN,34.9608,78.4781,16.5825,78.4781,1.8920,1,65.566,83.971
404,DATA_20260309_120000.BIN,16.5825,29.2540,5.0585,29.2540,2.0350,1,75.082,83.281
405,DATA_20260309_120000.BIN,5.0585,59.3613,22.3986,59.3613,1.2870,1,79.475,110.499
406,DATA_20260309_120000.BIN,22.3986,55.6734,18.1186,55.6734,3.4210,1,7.239,24.925
407,DATA_20260309_120000.BIN,18.1186,79.6159,13.4366,79.6159,4.1470,1,103.810,112.895
408,DATA_20260309_120000.BIN,13.4366,66.0717,31.5650,66.0717,3.1020,1,85.349,96.558
409,DATA_20260309_120000.BIN,31.5650,79.4892,20.6894,79.4892,1.9030,1,64.503,97.160
410,DATA_20260309_120000.BIN,25.9252,61.5448,18.2129,61.5448,2.2550,1,42.821,44.471
411,DATA_20260309_120000.BIN,18.2129,53.5018,23.5890,53.5018,2.6840,1,81.681,135.255
412,DATA_20260309_120000.BIN,23.5890,51.8004,26.4199,51.8004,2.3650,1,9.620,24.836
413,DATA_20260309_120000.BIN,26.4199,35.9410,26.3983,35.9410,1.1990,1,87.045,110.702
414,DATA_20260309_120000.BIN,26.3983,43.4638,48.9301,48.9301,1.4190,1,127.423,141.197
415,DATA_20260309_120000.BIN,34.7344,74.8874,22.3749,74.8874,1.0230,1,26.574,41.912
416,DATA_20260309_120000.BIN,22.3749,54.8904,31.8149,54.8904,0.8250,1,107.329,107.330
417,DATA_20260309_120000.BIN,31.8149,50.5097,10.8271,50.5097,1.1440,1,127.035,143.794
418,DATA_20260309_120000.BIN,10.8271,67.5615,14.4965,67.5615,2.3320,1,101.852,146.838
419,DATA_20260309_120000.BIN,11.5495,54.5471,16.9142,54.5471,2.0020,1,32.451,36.242
420,DATA_20260309_120000.BIN,16.9142,46.3462,14.7575,46.3462,1.2980,1,88.340,92.196
421,DATA_20260309_120000.BIN,14.7575,49.2165,13.2477,49.2165,3.0690,1,150.530,151.001
422,DATA_20260309_120000.BIN,13.2477,58.6725,22.6733,58.6725,2.4310,1,39.036,39.765
423,DATA_20260309_120000.BIN,22.6733,29.2546,30.2772,30.2772,2.1780,1,84.023,84.032
424,DATA_20260309_120000.BIN,30.2772,32.6080,16.3061,32.6080,2.2770,1,111.345,131.588
425,DATA_20260309_120000.BIN,26.0211,54.7207,28.2583,54.7207,1.1000,1,93.062,113.606
426,DATA_20260309_120000.BIN,4.4131,48.1300,18.2432,48.1300,1.4300,1,98.925,100.578
427,DATA_20260309_120000.BIN,18.2432,56.7761,25.1805,56.7761,1.1880,1,26.475,29.254
428,DATA_20260309_120000.BIN,25.1805,51.2965,12.0946,51.2965,5.1040,1,31.409,43.193
429,DATA_20260309_120000.BIN,17.0274,65.8683,5.4505,65.8683,1.8150,1,126.236,143.839
430,DATA_20260309_120000.BIN,5.4505,7.2384,8.4613,8.4613,2.7060,1,87.876,110.049
431,DATA_20260309_120000.BIN,37.5306,48.5436,13.4647,48.5436,1.2100,1,55.317,65.502
432,DATA_20260309_120000.BIN,13.4647,10.0227,16.1172,16.1172,1.1110,1,65.353,71.260
433,DATA_20260309_120000.BIN,16.1172,23.0733,5.9616,23.0733,1.2760,1,55.175,55.775
434,DATA_20260309_120000.BIN,5.9616,53.5128,16.8503,53.5128,1.3640,1,133.529,143.923
435,DATA_20260309_120000.BIN,13.1620,49.6705,16.6626,49.6705,3.5200,1,65.254,72.382
436,DATA_20260309_120000.BIN,16.6626,67.5171,16.9791,67.5171,3.6190,1,30.584,77.141
437,DATA_20260309_120000.BIN,23.9634,49.0957,21.8445,49.0957,1.6610,1,71.223,71.263
438,DATA_20260309_120000.BIN,17.8365,28.6630,14.8888,28.6630,1.2760,1,49.946,52.543
439,DATA_20260309_120000.BIN,14.8888,49.0597,13.7852,49.0597,1.5070,1,100.923,123.960
440,DATA_20260309_120000.BIN,13.7852,73.6935,49.2522,73.6935,2.2220,1,126.051,128.046
441,DATA_20260309_120000.BIN,49.2522,68.8423,13.6488,68.8423,0.7920,1,107.770,108.868
442,DATA_20260309_120000.BIN,13.6488,55.2815,19.5928,55.2815,2.2990,1,103.815,122.645
443,DATA_20260309_120000.BIN,19.5928,77.0208,66.5361,77.0208,2.4090,1,112.696,114.111
444,DATA_20260309_120000.BIN,66.5361,55.5443,6.1172,55.5443,1.7490,1,52.352,122.134
445,DATA_20260309_120000.BIN,12.9698,53.1246,28.0363,53.1246,1.7490,1,66.720,66.721
446,DATA_20260309_120000.BIN,28.0363,31.4284,18.2159,31.4284,2.1670,1,108.619,127.577
447,DATA_20260309_120000.BIN,18.2159,54.3768,10.1345,54.3768,1.5070,1,54.031,64.837
448,DATA_20260309_120000.BIN,10.1345,24.8341,24.0980,24.8341,1.7490,1,46.870,48.488
449,DATA_20260309_120000.BIN,24.0980,27.3803,7.7986,27.3803,1.4630,1,43.482,70.976
450,DATA_20260309_120000.BIN,7.7986,42.2299,3.9932,42.2299,6.2700,1,15.600,40.154
451,DATA_20260309_120000.BIN,3.9932,68.7854,23.0615,68.7854,2.7390,1,82.957,88.936
452,DATA_20260309_120000.BIN,19.2139,68.7633,43.8612,68.7633,1.8810,1,35.114,51.783
453,DATA_20260309_120000.BIN,43.8612,70.9318,22.4039,70.9318,1.7490,1,49.120,55.025
454,DATA_20260309_120000.BIN,22.4039,63.8833,21.1055,63.8833,1.8590,1,128.012,140.427
455,DATA_20260309_120000.BIN,21.1055,69.0893,17.5414,69.0893,2.2110,1,136.924,169.790
456,DATA_20260309_120000.BIN,17.5414,64.0534,14.5489,64.0534,3.9820,1,45.017,45.746
457,DATA_20260309_120000.BIN,14.5489,69.0425,18.1941,69.0425,1.6170,1,33.102,59.753
458,DATA_20260309_120000.BIN,18.1941,32.5181,14.7637,32.5181,1.5510,1,38.879,43.037
459,DATA_20260309_120000.BIN,14.7637,76.3848,33.3530,76.3848,3.1900,1,15.417,18.377
460,DATA_20260309_120000.BIN,33.3530,47.8932,19.5859,47.8932,1.6940,1,63.745,78.646
461,DATA_20260309_120000.BIN,19.5859,75.5635,19.3915,75.5635,4.6640,1,18.474,31.295
462,DATA_20260309_120000.BIN,19.3915,27.4625,19.7764,27.4625,2.7060,1,33.794,35.054
463,DATA_20260309_120000.BIN,19.7764,58.2466,32.7580,58.2466,1.9360,1,31.014,35.876
464,DATA_20260309_120000.BIN,32.7580,73.5712,17.0192,73.5712,1.2210,1,37.978,71.373
465,DATA_20260309_120000.BIN,17.0192,57.7011,26.4468,57.7011,1.3970,1,22.438,23.567
466,DATA_20260309_120000.BIN,26.4468,47.7920,7.9471,47.7920,2.3430,1,63.728,92.013
467,DATA_20260309_120000.BIN,7.9471,54.5166,19.0617,54.5166,5.4780,1,34.073,34.087
468,DATA_20260309_120000.BIN,19.5224,44.8793,9.2914,44.8793,2.7170,1,13.237,35.737
469,DATA_20260309_120000.BIN,9.2914,59.6247,11.7604,59.6247,1.6720,1,43.236,51.304
470,DATA_20260309_120000.BIN,11.0977,18.4747,8.4923,18.4747,2.4530,1,19.574,20.928
471,DATA_20260309_120000.BIN,33.0313,49.6136,25.6007,49.6136,1.7820,1,58.326,69.453
472,DATA_20260309_120000.BIN,25.6007,18.9751,3.3475,18.9751,1.3530,1,18.544,33.144
473,DATA_20260309_120000.BIN,36.8595,51.8307,10.8206,51.8307,2.4090,1,48.190,52.195
474,DATA_20260309_120000.BIN,10.8206,60.4057,19.4901,60.4057,3.1240,1,26.810,26.920
475,DATA_20260309_120000.BIN,19.4901,65.3097,32.8385,65.3097,0.8140,1,63.045,70.918
476,DATA_20260309_120000.BIN,30.5669,77.1911,14.5066,77.1911,1.9250,1,45.923,58.491
477,DATA_20260309_120000.BIN,40.1381,51.5564,33.2538,51.5564,4.0150,1,45.832,63.135
478,DATA_20260309_120000.BIN,33.2538,50.1325,22.7252,50.1325,1.3420,1,17.660,52.262
479,DATA_20260309_120000.BIN,22.7252,58.3229,14.5874,58.3229,1.3310,1,15.673,22.982
480,DATA_20260309_120000.BIN,14.5874,53.3632,3.6118,53.3632,1.2980,1,33.494,40.780
481,DATA_20260309_120000.BIN,3.6118,32.5930,14.2451,32.5930,1.9800,1,54.956,55.420
482,DATA_20260309_120000.BIN,16.7988,34.1409,12.5041,34.1409,1.4630,1,36.246,41.429
483,DATA_20260309_120000.BIN,26.2987,53.8351,19.2851,53.8351,1.8920,1,43.834,48.621
484,DATA_20260309_120000.BIN,19.2851,20.2075,16.2934,20.2075,3.4980,1,28.922,29.581
485,DATA_20260309_120000.BIN,16.2934,38.6534,14.8265,38.6534,2.1340,1,18.524,24.400
486,DATA_20260309_120000.BIN,14.8265,67.9527,4.1864,67.9527,1.6390,1,26.618,50.796
487,DATA_20260309_120000.BIN,4.1864,70.7451,3.9543,70.7451,3.9930,1,88.435,92.477
488,DATA_20260309_120000.BIN,16.5328,66.9119,15.6071,66.9119,3.6300,1,26.973,33.066
489,DATA_20260309_120000.BIN,4.5569,77.2856,13.4643,77.2856,2.9150,1,24.706,24.711
490,DATA_20260309_120000.BIN,13.4643,57.5264,15.8209,57.5264,1.4850,1,96.757,96.957
491,DATA_20260309_120000.BIN,15.8209,52.8375,45.7354,52.8375,2.4970,1,58.658,64.486
492,DATA_20260309_120000.BIN,8.6340,25.1888,13.3797,25.1888,2.8050,1,44.004,44.566
493,DATA_20260309_120000.BIN,13.3797,53.4802,19.4301,53.4802,2.3210,1,87.536,88.284
494,DATA_20260309_120000.BIN,27.3894,38.7646,23.0510,38.7646,3.0360,1,82.074,106.925
495,DATA_20260309_120000.BIN,18.4245,40.1682,18.0421,40.1682,2.9920,1,58.997,65.081
496,DATA_20260309_120000.BIN,18.0421,29.8347,12.7679,29.8347,1.9140,1,31.736,65.031
497,DATA_20260309_120000.BIN,12.7679,39.6343,11.0565,39.6343,1.4520,1,50.034,52.987
498,DATA_20260309_120000.BIN,22.1066,52.9763,24.2166,52.9763,1.5840,1,145.152,179.932
499,DATA_20260309_120000.BIN,3.2129,46.8659,12.3924,46.8659,1.9470,1,16.986,16.996
500,DATA_20260309_120000.BIN,10.4066,39.0768,14.5868,39.0768,3.1350,1,31.502,34.725
501,DATA_20260309_120000.BIN,14.5868,56.1640,31.1922,56.1640,3.1900,1,51.541,54.415
502,DATA_20260309_120000.BIN,31.1922,60.4381,15.7871,60.4381,1.9360,1,21.968,32.376
503,DATA_20260309_120000.BIN,17.4737,55.2919,9.2670,55.2919,5.4010,1,85.002,85.035
504,DATA_20260309_120000.BIN,9.2670,79.6445,22.4532,79.6445,5.1480,1,27.626,30.606
505,DATA_20260309_120000.BIN,22.4532,37.5878,25.5280,37.5878,2.1890,1,16.728,31.242
506,DATA_20260309_120000.BIN,25.5280,75.3571,19.6609,75.3571,1.2210,1,20.062,39.268
507,DATA_20260309_120000.BIN,19.6609,61.9227,19.2848,61.9227,2.9480,1,19.286,61.193
508,DATA_20260309_120000.BIN,19.2848,58.5836,2.6474,58.5836,2.6180,1,7.354,19.046
509,DATA_20260309_120000.BIN,2.6474,44.9312,19.1938,44.9312,2.2330,1,37.854,54.148
510,DATA_20260309_120000.BIN,19.1938,44.2908,16.4119,44.2908,4.0480,1,49.741,53.726
511,DATA_20260309_120000.BIN,16.4119,45.7252,17.7599,45.7252,2.3760,1,9.478,36.050
512,DATA_20260309_120000.BIN,17.7599,44.7944,12.1631,44.7944,3.8280,1,19.566,22.209
513,DATA_20260309_120000.BIN,6.8930,48.1783,14.9336,48.1783,1.2430,1,86.424,86.926
514,DATA_20260309_120000.BIN,14.9336,62.8557,25.7401,62.8557,3.0910,1,29.350,68.688
515,DATA_20260309_120000.BIN,25.7401,45.0866,14.4434,45.0866,2.6510,1,28.280,60.680
516,DATA_20260309_120000.BIN,14.4434,38.3946,10.2452,38.3946,4.2020,1,22.891,32.461
517,DATA_20260309_120000.BIN,33.8504,52.4289,14.4667,52.4289,1.8260,1,47.356,58.619
518,DATA_20260309_120000.BIN,14.4667,62.7005,5.6535,62.7005,2.7610,1,29.359,57.399
519,DATA_20260309_120000.BIN,18.2456,67.6679,20.3702,67.6679,2.1560,1,40.278,41.536
520,DATA_20260309_120000.BIN,19.2165,17.7758,47.3916,47.3916,2.7280,1,54.455,56.904
521,DATA_20260309_120000.BIN,21.0377,34.6197,23.4590,34.6197,1.8700,1,61.845,92.742
522,DATA_20260309_120000.BIN,18.1173,45.3947,17.0304,45.3947,3.1240,1,37.159,45.590
523,DATA_20260309_120000.BIN,17.0304,73.4547,33.1915,73.4547,0.8910,1,39.802,42.139
524,DATA_20260309_120000.BIN,16.2682,31.0434,4.7025,31.0434,3.3770,1,31.221,32.519
525,DATA_20260309_120000.BIN,4.7025,71.8918,10.4812,71.8918,2.4200,1,45.454,51.865
526,DATA_20260309_120000.BIN,12.2333,29.5592,14.6505,29.5592,3.5750,1,12.298,26.118
527,DATA_20260309_120000.BIN,13.0752,56.8309,19.8967,56.8309,4.0480,1,37.166,42.609
528,DATA_20260309_120000.BIN,19.8967,57.2775,19.8942,57.2775,2.1560,1,53.763,53.886
529,DATA_20260309_120000.BIN,19.8942,55.1202,16.1589,55.1202,1.8370,1,82.852,84.698
530,DATA_20260309_120000.BIN,16.1589,61.1747,19.0876,61.1747,2.7830,1,85.367,94.184
531,DATA_20260309_120000.BIN,19.0876,50.0061,14.4354,50.0061,2.1780,1,62.031,62.402
532,DATA_20260309_120000.BIN,28.6486,33.4208,26.8642,33.4208,2.5740,1,83.602,84.054
533,DATA_20260309_120000.BIN,26.8642,56.6790,23.1186,56.6790,3.4210,1,30.930,38.415
534,DATA_20260309_120000.BIN,23.1186,42.1897,27.3733,42.1897,2.7280,1,20.236,30.610
535,DATA_20260309_120000.BIN,27.3733,41.0531,3.4912,41.0531,3.1900,1,42.505,54.018
536,DATA_20260309_120000.BIN,35.0398,25.8548,25.6701,25.8548,0.9900,1,63.936,96.335
537,DATA_20260309_120000.BIN,24.1130,43.1967,17.3953,43.1967,2.4310,1,38.996,57.494
538,DATA_20260309_120000.BIN,17.3953,70.6698,17.0996,70.6698,2.5190,1,121.269,121.958
539,DATA_20260309_120000.BIN,17.0996,38.8379,13.3317,38.8379,0.9020,1,53.059,55.107
540,DATA_20260309_120000.BIN,13.3317,26.8756,18.8801,26.8756,5.9510,1,67.269,86.308
541,DATA_20260309_120000.BIN,26.6027,33.3671,20.0097,33.3671,2.3760,1,55.472,85.476
542,DATA_20260309_120000.BIN,20.0097,58.8986,4.3019,58.8986,3.3770,1,32.933,33.605
543,DATA_20260309_120000.BIN,4.3019,52.5027,17.5034,52.5027,1.1990,1,76.053,76.291
544,DATA_20260309_120000.BIN,10.0664,60.8788,18.3654,60.8788,3.3660,1,62.091,63.072
545,DATA_20260309_120000.BIN,17.6895,42.1613,25.1599,42.1613,1.8480,1,56.612,66.401
546,DATA_20260309_120000.BIN,21.1954,27.5772,15.0868,27.5772,2.8050,1,54.295,60.104
547,DATA_20260309_120000.BIN,15.0868,56.5396,4.3187,56.5396,4.4880,1,35.122,36.350
548,DATA_20260309_120000.BIN,31.8604,63.6659,11.8967,63.6659,1.2320,1,86.402,92.456
549,DATA_20260309_120000.BIN,11.8967,25.6673,7.1888,25.6673,1.9250,1,22.173,24.636
550,DATA_20260309_120000.BIN,7.1888,40.6592,9.3858,40.6592,3.9710,1,29.630,32.512
551,DATA_20260309_120000.BIN,9.3858,50.7881,3.5676,50.7881,4.3890,1,47.467,48.139
552,DATA_20260309_120000.BIN,3.5676,53.0642,10.9272,53.0642,6.2260,1,26.144,27.389
553,DATA_20260309_120000.BIN,10.9272,42.9946,0.9956,42.9946,3.7620,1,61.129,67.379
554,DATA_20260309_120000.BIN,0.9956,60.6327,16.9561,60.6327,1.5620,1,32.194,32.797
555,DATA_20260309_120000.BIN,18.3469,36.1199,21.4004,36.1199,1.3970,1,35.263,37.918
556,DATA_20260309_120000.BIN,47.6743,47.6314,18.8152,47.6314,5.7860,1,74.143,82.667
557,DATA_20260309_120000.BIN,7.6162,37.9756,36.3398,37.9756,1.6170,1,8.107,11.126
558,DATA_20260309_120000.BIN,36.3398,52.7879,28.1202,52.7879,0.9350,1,67.651,71.991
559,DATA_20260309_120000.BIN,17.4883,57.5597,32.2235,57.5597,3.2010,1,78.704,86.206
560,DATA_20260309_120000.BIN,32.2235,58.1090,61.3586,61.3586,1.7050,1,74.371,93.233
561,DATA_20260309_120000.BIN,61.3586,58.0286,57.3316,58.0286,3.3880,1,59.732,98.937
562,DATA_20260309_120000.BIN,57.3316,53.7158,9.6989,53.7158,1.5840,1,23.046,104.959
563,DATA_20260309_120000.BIN,9.6989,35.3322,21.0771,35.3322,1.8370,1,37.010,37.946
564,DATA_20260309_120000.BIN,21.0771,42.8565,13.9188,42.8565,5.5880,1,35.626,37.409
565,DATA_20260309_120000.BIN,13.9188,68.4896,8.5748,68.4896,5.1150,1,44.636,49.844
566,DATA_20260309_120000.BIN,25.4955,36.9685,40.9694,40.9694,1.8590,1,20.972,26.445
567,DATA_20260309_120000.BIN,40.9694,28.2604,21.2265,28.2604,2.1120,1,25.324,65.382
568,DATA_20260309_120000.BIN,21.2265,60.7649,31.8449,60.7649,4.0590,1,13.888,22.385
569,DATA_20260309_120000.BIN,31.8449,66.2493,27.6359,66.2493,2.1670,1,56.184,66.680
570,DATA_20260309_120000.BIN,27.6359,44.5817,11.3306,44.5817,2.0900,1,46.280,46.877
571,DATA_20260309_120000.BIN,11.3306,43.3820,24.5928,43.3820,1.6280,1,43.399,43.598
572,DATA_20260309_120000.BIN,24.5928,44.0693,13.3747,44.0693,4.0040,1,68.934,89.096
573,DATA_20260309_120000.BIN,13.3747,53.7733,27.9814,53.7733,2.0460,1,95.384,96.237
574,DATA_20260309_120000.BIN,27.9814,60.1468,13.9977,60.1468,3.0910,1,47.495,80.693
575,DATA_20260309_120000.BIN,13.9977,58.1092,27.4990,58.1092,3.0800,1,31.253,31.503
576,DATA_20260309_120000.BIN,27.4990,42.4947,26.5831,42.4947,3.2230,1,71.699,77.122
577,DATA_20260309_120000.BIN,26.5831,24.7701,11.6481,24.7701,1.1550,1,89.513,108.018
578,DATA_20260309_120000.BIN,18.0286,64.5948,21.1666,64.5948,2.4310,1,33.739,33.843
579,DATA_20260309_120000.BIN,21.1666,50.0495,17.7911,50.0495,3.9710,1,31.661,53.749
580,DATA_20260309_120000.BIN,17.7911,34.4873,12.6956,34.4873,2.2660,1,52.151,52.234
581,DATA_20260309_120000.BIN,12.6956,67.8605,25.7975,67.8605,1.4300,1,36.383,47.381
582,DATA_20260309_120000.BIN,25.7975,49.8170,31.0630,49.8170,2.6180,1,35.880,45.380
583,DATA_20260309_120000.BIN,10.9025,45.4155,26.5064,45.4155,6.2810,1,10.202,20.471
584,DATA_20260309_120000.BIN,26.5064,41.4108,23.2427,41.4108,3.1570,1,82.301,93.145
585,DATA_20260309_120000.BIN,8.3384,43.0380,12.0354,43.0380,1.5950,1,87.166,87.174
586,DATA_20260309_120000.BIN,28.1744,42.1336,20.5766,42.1336,2.6950,1,33.658,52.491
587,DATA_20260309_120000.BIN,20.5766,54.6219,18.7375,54.6219,1.9470,1,53.477,57.318
588,DATA_20260309_120000.BIN,18.7375,51.0523,6.5030,51.0523,3.4210,1,49.161,50.063
589,DATA_20260309_120000.BIN,6.5030,58.3657,20.4538,58.3657,3.4320,1,50.595,60.010
590,DATA_20260309_120000.BIN,26.7912,47.6681,14.1787,47.6681,4.8840,1,12.562,32.406
591,DATA_20260309_120000.BIN,14.1787,42.0860,9.8006,42.0860,1.1880,1,65.543,90.669
592,DATA_20260309_120000.BIN,9.8006,47.1592,15.5771,47.1592,1.8810,1,75.374,132.952
593,DATA_20260309_120000.BIN,15.5771,30.8179,19.7722,30.8179,2.8710,1,7.701,10.817
594,DATA_20260309_120000.BIN,16.1328,39.4837,26.9288,39.4837,2.5850,1,32.740,32.753
595,DATA_20260309_120000.BIN,26.9288,16.9607,19.2719,19.2719,2.3430,1,83.484,87.246
596,DATA_20260309_120000.BIN,19.2719,57.0362,18.7029,57.0362,2.5630,1,56.841,60.667
597,DATA_20260309_120000.BIN,18.7029,29.3397,15.7388,29.3397,2.2330,1,25.169,79.311
598,DATA_20260309_120000.BIN,15.7388,54.7327,9.7374,54.7327,1.5730,1,96.780,106.423
599,DATA_20260309_120000.BIN,24.5118,43.6872,17.0230,43.6872,2.4090,1,98.866,102.588
600,DATA_20260309_120000.BIN,17.0230,74.5388,3.0359,74.5388,1.1550,1,84.285,90.081
601,DATA_20260309_120000.BIN,3.0359,53.4665,29.6139,53.4665,2.4750,1,78.756,101.918
602,DATA_20260309_120000.BIN,29.6139,46.2477,19.8776,46.2477,2.4090,1,68.454,71.126
603,DATA_20260309_120000.BIN,19.8776,39.7166,18.0621,39.7166,1.0560,1,38.238,51.119
604,DATA_20260309_120000.BIN,18.0621,34.1111,21.2204,34.1111,2.1230,1,31.656,31.817
605,DATA_20260309_120000.BIN,21.2204,25.2983,27.4470,27.4470,2.6400,1,102.595,103.651
606,DATA_20260309_120000.BIN,27.4470,50.8481,19.1107,50.8481,1.7050,1,60.755,75.337
607,DATA_20260309_120000.BIN,3.4446,39.6445,18.0484,39.6445,2.6620,1,48.334,54.322
608,DATA_20260309_120000.BIN,58.4920,50.5360,27.8677,50.5360,3.7400,1,160.739,166.085
609,DATA_20260309_120000.BIN,28.7914,46.5285,6.4431,46.5285,1.5510,1,86.465,94.320
610,DATA_20260309_120000.BIN,6.4431,56.6276,9.9880,56.6276,3.8280,1,172.190,175.622
611,DATA_20260309_120000.BIN,9.9880,38.5579,27.8186,38.5579,1.8480,1,78.968,79.009
612,DATA_20260309_120000.BIN,27.8186,9.6871,8.7457,9.6871,2.8820,1,73.952,73.990
613,DATA_20260309_120000.BIN,8.7457,9.8377,3.4898,9.8377,2.3100,1,54.799,56.042
614,DATA_20260309_120000.BIN,3.4898,40.5656,18.2289,40.5656,2.8930,1,76.840,96.390
615,DATA_20260309_120000.BIN,20.4235,56.5775,19.5572,56.5775,2.0350,1,76.990,109.975
616,DATA_20260309_120000.BIN,10.4218,50.2732,17.2743,50.2732,4.3340,1,63.711,64.146
617,DATA_20260309_120000.BIN,17.2743,53.1681,17.6453,53.1681,3.8830,1,120.572,124.945
618,DATA_20260309_120000.BIN,17.6453,25.8379,10.9618,25.8379,2.4750,1,79.405,103.907
619,DATA_20260309_120000.BIN,18.3491,53.3499,21.3357,53.3499,3.6410,1,76.488,83.052
620,DATA_20260309_120000.BIN,21.3357,57.3767,21.6678,57.3767,2.3650,1,24.454,24.549
621,DATA_20260309_120000.BIN,21.6678,50.3375,6.9397,50.3375,4.2020,1,40.155,41.409
622,DATA_20260309_120000.BIN,6.9397,27.9331,16.5349,27.9331,1.5950,1,73.839,76.374
623,DATA_20260309_120000.BIN,16.5349,42.0836,10.9500,42.0836,2.0350,1,71.794,89.943
624,DATA_20260309_120000.BIN,10.9500,30.2920,11.5135,30.2920,1.4080,1,77.948,108.413
625,DATA_20260309_120000.BIN,11.5135,52.1853,1.3261,52.1853,6.9740,1,41.178,87.688
626,DATA_20260309_120000.BIN,1.3261,45.9445,19.2742,45.9445,4.1800,1,53.982,54.069
627,DATA_20260309_120000.BIN,19.2742,37.3458,14.5817,37.3458,3.1020,1,46.925,48.185
628,DATA_20260309_120000.BIN,14.5817,45.3143,27.6232,45.3143,2.9150,1,68.117,68.403
629,DATA_20260309_120000.BIN,27.6232,41.6237,4.3321,41.6237,1.5620,1,61.988,72.971
630,DATA_20260309_120000.BIN,20.4024,72.2569,17.7718,72.2569,2.4200,1,79.294,80.534
631,DATA_20260309_120000.BIN,17.7718,65.3561,20.1950,65.3561,1.2650,1,98.593,105.770
632,DATA_20260309_120000.BIN,13.1644,53.3462,16.5191,53.3462,4.0040,1,66.825,74.241
633,DATA_20260309_120000.BIN,16.5191,56.6798,19.6898,56.6798,2.3540,1,36.554,36.557
634,DATA_20260309_120000.BIN,19.6898,49.9726,6.2581,49.9726,4.0920,1,27.130,55.593
635,DATA_20260309_120000.BIN,6.2581,57.9733,20.5942,57.9733,1.9360,1,32.738,33.685
636,DATA_20260309_120000.BIN,20.5942,49.5594,51.4697,51.4697,1.9690,1,75.308,94.817
637,DATA_20260309_120000.BIN,51.4697,45.0827,33.3273,45.0827,1.5620,1,14.031,76.180
638,DATA_20260309_120000.BIN,33.3273,46.3068,11.1577,46.3068,1.6940,1,86.027,101.284
639,DATA_20260309_120000.BIN,11.1577,38.1552,33.3348,38.1552,2.4200,1,43.834,78.154
640,DATA_20260309_120000.BIN,33.3348,26.8843,25.3214,26.8843,2.7720,1,86.600,94.966
641,DATA_20260309_120000.BIN,25.9768,67.5070,22.4651,67.5070,3.6190,1,91.786,96.595
642,DATA_20260309_120000.BIN,22.4651,57.2079,18.3914,57.2079,3.1680,1,48.323,54.206
643,DATA_20260309_120000.BIN,18.3914,48.7367,18.6864,48.7367,3.2340,1,21.266,30.353
644,DATA_20260309_120000.BIN,18.6864,20.5965,28.4223,28.4223,1.4960,1,72.961,92.722
645,DATA_20260309_120000.BIN,17.5763,53.2819,21.5737,53.2819,1.1440,1,70.739,70.894
646,DATA_20260309_120000.BIN,21.5737,62.2022,18.2169,62.2022,2.7500,1,66.099,85.429
647,DATA_20260309_120000.BIN,18.2169,59.8371,12.0702,59.8371,2.4420,1,102.057,105.219
648,DATA_20260309_120000.BIN,12.0702,61.6051,20.6768,61.6051,4.3450,1,47.259,47.353
649,DATA_20260309_120000.BIN,20.6768,14.9498,20.8662,20.8662,2.5410,1,58.977,60.689
650,DATA_20260309_120000.BIN,20.8662,41.5839,21.9792,41.5839,1.8150,1,80.466,80.468
651,DATA_20260309_120000.BIN,21.9792,20.0950,13.0708,20.0950,3.0910,1,22.319,30.768
652,DATA_20260309_120000.BIN,13.0708,33.7962,15.0510,33.7962,2.4310,1,41.751,42.299
653,DATA_20260309_120000.BIN,11.2211,44.9075,10.7557,44.9075,1.3750,1,49.989,50.045
654,DATA_20260309_120000.BIN,10.7557,54.9706,27.0624,54.9706,1.9250,1,68.078,82.248
655,DATA_20260309_120000.BIN,27.0624,10.8332,6.5350,10.8332,2.0680,1,115.690,124.191
656,DATA_20260309_120000.BIN,13.6404,44.4990,10.9974,44.4990,3.5090,1,52.807,78.079
657,DATA_20260309_120000.BIN,10.9974,35.3146,23.2596,35.3146,3.7400,1,74.635,78.212
658,DATA_20260309_120000.BIN,23.2596,40.0539,20.0654,40.0539,3.9490,1,25.980,26.390
659,DATA_20260309_120000.BIN,20.0654,34.3508,19.7177,34.3508,4.2020,1,34.884,37.265
660,DATA_20260309_120000.BIN,15.9489,51.8966,3.2700,51.8966,1.8480,1,73.810,82.754
661,DATA_20260309_120000.BIN,15.7700,57.1066,24.2722,57.1066,2.3980,1,51.614,54.515
662,DATA_20260309_120000.BIN,24.2722,66.4490,56.3729,66.4490,1.8590,1,71.461,76.246
663,DATA_20260309_120000.BIN,21.4235,57.1248,10.5151,57.1248,1.0010,1,34.537,55.066
664,DATA_20260309_120000.BIN,10.5151,32.1743,29.6401,32.1743,1.6390,1,70.758,82.128
665,DATA_20260309_120000.BIN,29.6401,53.7969,19.8236,53.7969,1.3750,1,68.059,72.681
666,DATA_20260309_120000.BIN,19.8236,71.8191,21.4395,71.8191,0.9350,1,103.727,111.554
667,DATA_20260309_120000.BIN,21.4395,67.9723,31.2113,67.9723,1.7710,1,55.278,87.051
668,DATA_20260309_120000.BIN,29.7585,46.9210,47.8564,47.8564,1.6500,1,48.702,52.262
669,DATA_20260309_120000.BIN,47.8564,60.7803,23.1063,60.7803,1.1000,1,36.897,70.624
670,DATA_20260309_120000.BIN,23.1063,36.6610,28.9166,36.6610,1.5510,1,4.936,18.232
671,DATA_20260309_120000.BIN,28.9166,63.5387,11.8662,63.5387,3.0360,1,74.319,106.926
672,DATA_20260309_120000.BIN,11.8662,74.5576,37.7326,74.5576,1.5400,1,60.925,72.087
673,DATA_20260309_120000.BIN,37.7326,63.6432,17.2700,63.6432,1.2430,1,77.824,84.165
674,DATA_20260309_120000.BIN,17.2700,16.2751,20.1252,20.1252,1.9910,1,54.254,61.980
675,DATA_20260309_120000.BIN,7.2264,68.5563,48.2896,68.5563,1.1220,1,48.393,66.354
676,DATA_20260309_120000.BIN,50.6070,42.3044,44.0420,44.0420,1.8040,1,52.844,92.927
677,DATA_20260309_120000.BIN,44.0420,58.7668,13.6886,58.7668,1.9690,1,71.440,95.269
678,DATA_20260309_120000.BIN,13.6886,43.8113,19.2066,43.8113,3.1020,1,91.650,98.629
679,DATA_20260309_120000.BIN,19.2066,63.6141,11.8876,63.6141,3.0140,1,49.650,64.404
680,DATA_20260309_120000.BIN,11.8876,57.6962,11.6480,57.6962,1.1550,1,48.748,48.810
681,DATA_20260309_120000.BIN,11.6480,72.4208,32.5116,72.4208,3.0360,1,72.200,94.551
682,DATA_20260309_120000.BIN,32.5116,49.1421,5.2862,49.1421,1.4300,1,23.169,42.387
683,DATA_20260309_120000.BIN,5.2862,45.2902,19.7805,45.2902,1.2100,1,26.811,29.263
684,DATA_20260309_120000.BIN,19.7805,26.9810,19.2061,26.9810,3.9820,1,53.278,65.622
685,DATA_20260309_120000.BIN,19.2061,59.7773,28.6414,59.7773,2.3870,1,44.965,45.210
686,DATA_20260309_120000.BIN,16.5170,57.1000,5.0858,57.1000,2.0790,1,18.585,22.256
687,DATA_20260309_120000.BIN,5.0858,22.8371,19.6816,22.8371,4.4330,1,105.754,107.659
688,DATA_20260309_120000.BIN,35.1790,67.3119,10.1252,67.3119,2.1120,1,105.748,107.236
689,DATA_20260309_120000.BIN,10.1252,16.0682,44.6434,44.6434,1.3860,1,20.893,25.806
690,DATA_20260309_120000.BIN,44.6434,42.6534,18.1436,42.6534,1.0670,1,20.304,27.934
691,DATA_20260309_120000.BIN,18.1436,55.1866,8.0562,55.1866,1.7600,1,48.033,49.302
692,DATA_20260309_120000.BIN,8.0562,46.6911,21.6870,46.6911,1.2100,1,15.011,19.975
693,DATA_20260309_120000.BIN,16.0557,50.6826,41.1615,50.6826,5.3130,1,14.930,15.023
694,DATA_20260309_120000.BIN,20.1417,53.5497,29.9671,53.5497,2.1230,1,61.257,62.066
695,DATA_20260309_120000.BIN,19.0864,49.0996,12.8406,49.0996,2.9700,1,47.078,47.134
696,DATA_20260309_120000.BIN,12.8406,72.8565,20.9964,72.8565,1.7050,1,61.967,62.015
697,DATA_20260309_120000.BIN,25.3778,44.2103,11.5055,44.2103,2.7500,1,22.153,30.033
698,DATA_20260309_120000.BIN,21.9278,68.5329,16.8455,68.5329,1.2320,1,43.651,47.692
699,DATA_20260309_120000.BIN,16.8455,35.5875,31.3235,35.5875,1.9360,1,67.369,71.048
700,DATA_20260309_120000.BIN,31.3235,53.0171,21.7241,53.0171,1.6500,1,57.399,67.195
701,DATA_20260309_120000.BIN,21.7241,61.5511,28.6440,61.5511,2.0680,1,53.391,53.559
702,DATA_20260309_120000.BIN,28.6440,36.9211,3.5848,36.9211,2.4530,1,86.824,106.032
703,DATA_20260309_120000.BIN,3.5848,62.6342,34.6346,62.6342,3.0690,1,52.721,62.926
704,DATA_20260309_120000.BIN,41.5361,25.1269,35.9487,35.9487,3.7400,1,72.032,80.129
705,DATA_20260309_120000.BIN,35.9487,25.0311,38.3739,38.3739,1.3310,1,30.788,64.359
706,DATA_20260309_120000.BIN,14.4978,47.4021,16.5436,47.4021,2.5190,1,50.704,53.516
707,DATA_20260309_120000.BIN,16.5436,30.8562,11.0556,30.8562,1.4300,1,57.473,57.697
708,DATA_20260309_120000.BIN,11.0556,51.6449,34.8347,51.6449,3.6630,1,38.903,51.442
709,DATA_20260309_120000.BIN,34.8347,24.0017,24.4220,24.4220,2.6730,1,27.874,58.066
710,DATA_20260309_120000.BIN,12.2344,12.4921,40.6481,40.6481,2.6180,1,43.944,59.988
711,DATA_20260309_120000.BIN,40.6481,68.1304,5.6276,68.1304,2.1340,1,75.152,77.175
712,DATA_20260309_120000.BIN,5.6276,62.3357,14.0126,62.3357,2.3870,1,87.688,88.244
713,DATA_20260309_120000.BIN,14.0126,66.8732,11.9499,66.8732,1.9470,1,47.267,48.353
714,DATA_20260309_120000.BIN,7.9837,60.8046,11.3622,60.8046,3.4980,1,44.537,44.905
715,DATA_20260309_120000.BIN,48.2557,37.9277,16.1654,37.9277,1.4850,1,44.106,76.521
716,DATA_20260309_120000.BIN,16.1654,35.2806,18.6557,35.2806,2.5190,1,51.143,51.218
717,DATA_20260309_120000.BIN,18.6557,68.2951,29.2559,68.2951,1.9910,1,72.965,73.001
718,DATA_20260309_120000.BIN,29.2559,31.0994,18.3080,31.0994,2.5300,1,22.253,70.168
719,DATA_20260309_120000.BIN,31.5261,32.7207,42.9314,42.9314,3.3770,1,29.207,52.258
720,DATA_20260309_120000.BIN,42.9314,29.2253,15.2735,29.2253,0.9900,1,107.422,113.456
721,DATA_20260309_120000.BIN,15.2735,20.0760,5.4224,20.0760,1.5510,1,44.370,44.911
722,DATA_20260309_120000.BIN,5.4224,53.9519,12.4148,53.9519,5.8410,1,39.390,43.472
723,DATA_20260309_120000.BIN,12.4148,53.9133,20.2079,53.9133,3.3220,1,78.429,79.397
724,DATA_20260309_120000.BIN,20.2079,32.4305,35.3208,35.3208,2.7720,1,45.333,45.347
725,DATA_20260309_120000.BIN,35.3208,44.4376,14.5080,44.4376,1.7160,1,88.046,99.924
726,DATA_20260309_120000.BIN,14.5080,66.0615,19.8993,66.0615,3.6520,1,126.177,128.559
727,DATA_20260309_120000.BIN,19.8993,47.4792,16.5489,47.4792,1.9360,1,56.981,61.469
728,DATA_20260309_120000.BIN,16.5489,46.9271,19.0225,46.9271,2.3430,1,54.618,54.632
729,DATA_20260309_120000.BIN,19.0225,52.6791,18.6814,52.6791,1.4850,1,62.391,63.235
730,DATA_20260309_120000.BIN,18.6814,44.4030,17.9851,44.4030,2.3100,1,27.707,30.822
731,DATA_20260309_120000.BIN,17.9851,43.7204,16.8354,43.7204,1.0230,1,1.056,25.804
732,DATA_20260309_120000.BIN,16.8354,73.1617,23.0030,73.1617,1.0890,1,49.237,50.136
733,DATA_20260309_120000.BIN,23.0030,52.5301,11.6569,52.5301,0.9900,1,53.148,53.410
734,DATA_20260309_120000.BIN,17.8314,56.4476,32.9230,56.4476,1.1110,1,153.398,178.952
735,DATA_20260309_120000.BIN,32.9230,34.8338,25.5063,34.8338,1.6390,1,98.000,106.977
736,DATA_20260309_120000.BIN,25.5063,56.4155,27.0161,56.4155,2.9150,1,76.356,91.298
737,DATA_20260309_120000.BIN,27.0161,56.3570,34.4351,56.3570,2.6290,1,46.112,61.365
738,DATA_20260309_120000.BIN,34.4351,45.2456,6.6201,45.2456,2.4200,1,23.083,59.311
739,DATA_20260309_120000.BIN,25.0987,23.1136,42.3688,42.3688,3.1570,1,51.643,58.192
740,DATA_20260309_120000.BIN,42.3688,48.3631,8.5587,48.3631,3.8170,1,84.962,102.362
741,DATA_20260309_120000.BIN,23.4912,61.4768,47.6079,61.4768,2.1780,1,148.696,148.783
742,DATA_20260309_120000.BIN,21.9509,49.1794,15.1320,49.1794,1.3970,1,86.905,86.975
743,DATA_20260309_120000.BIN,12.9342,28.4255,19.4426,28.4255,4.0040,1,104.191,108.588
744,DATA_20260309_120000.BIN,13.3396,38.3714,11.0402,38.3714,1.2650,1,44.873,46.138
745,DATA_20260309_120000.BIN,11.0402,59.1693,23.3367,59.1693,1.6940,1,87.298,87.977
746,DATA_20260309_120000.BIN,23.3367,40.5346,3.5972,40.5346,2.4310,1,39.932,56.528
747,DATA_20260309_120000.BIN,3.5972,45.8352,36.1304,45.8352,2.2220,1,10.601,12.978
748,DATA_20260309_120000.BIN,36.1304,55.0841,17.7820,55.0841,2.6950,1,90.279,161.103
749,DATA_20260309_120000.BIN,17.7820,63.1090,13.0771,63.1090,1.9470,1,86.683,108.959
750,DATA_20260309_120000.BIN,13.0771,57.8662,47.7602,57.8662,4.5870,1,95.434,134.287
751,DATA_20260309_120000.BIN,47.7602,59.5716,14.5895,59.5716,1.4410,1,17.639,54.821
752,DATA_20260309_120000.BIN,12.8176,34.6261,5.2577,34.6261,3.1020,1,64.579,65.144
753,DATA_20260309_120000.BIN,5.2577,34.5916,12.8243,34.5916,1.8040,1,47.856,71.190
754,DATA_20260309_120000.BIN,12.8243,55.9157,31.9246,55.9157,1.6610,1,95.897,100.379
755,DATA_20260309_120000.BIN,31.9246,44.2598,8.7107,44.2598,5.5990,1,38.466,84.255
756,DATA_20260309_120000.BIN,8.7107,64.7517,20.9243,64.7517,3.1900,1,87.921,95.715
757,DATA_20260309_120000.BIN,20.9243,62.0343,33.2589,62.0343,0.8690,1,117.965,151.952
758,DATA_20260309_120000.BIN,33.2589,58.9913,22.9923,58.9913,1.1440,1,100.186,105.235
759,DATA_20260309_120000.BIN,22.9923,63.2666,22.8606,63.2666,1.9910,1,111.197,179.353
760,DATA_20260309_120000.BIN,22.8606,63.2005,10.4925,63.2005,1.8150,1,73.840,73.858
761,DATA_20260309_120000.BIN,10.4925,40.5814,3.9174,40.5814,2.0130,1,54.080,54.565
762,DATA_20260309_120000.BIN,3.9174,61.2803,12.3502,61.2803,2.7170,1,13.639,39.642
763,DATA_20260309_120000.BIN,12.3502,59.5807,56.4534,59.5807,2.4750,1,17.394,35.353
764,DATA_20260309_120000.BIN,56.4534,77.1117,13.6249,77.1117,1.0780,1,57.913,104.463
765,DATA_20260309_120000.BIN,13.6249,63.8017,21.3445,63.8017,1.2430,1,134.739,142.301
766,DATA_20260309_120000.BIN,21.3445,75.7285,27.3023,75.7285,2.0900,1,27.808,30.663
767,DATA_20260309_120000.BIN,27.3023,66.5312,12.7106,66.5312,1.3970,1,49.076,50.444
768,DATA_20260309_120000.BIN,12.7106,53.9745,30.7412,53.9745,1.5400,1,68.221,69.652
769,DATA_20260309_120000.BIN,30.7412,50.3610,34.5458,50.3610,3.6410,1,132.999,135.376
770,DATA_20260309_120000.BIN,34.5458,70.5019,10.2290,70.5019,2.4090,1,68.911,82.148
771,DATA_20260309_120000.BIN,10.2290,74.6608,14.3944,74.6608,1.8810,1,72.470,77.996
772,DATA_20260309_120000.BIN,14.3944,67.2268,22.2785,67.2268,1.2320,1,89.146,92.722
773,DATA_20260309_120000.BIN,12.7678,79.1355,26.9470,79.1355,1.8920,1,110.871,115.062
774,DATA_20260309_120000.BIN,26.9470,71.3755,31.7296,71.3755,1.5840,1,135.655,138.290
775,DATA_20260309_120000.BIN,42.6579,64.3161,14.4781,64.3161,1.7710,1,50.132,61.323
776,DATA_20260309_120000.BIN,21.1141,53.1167,20.4813,53.1167,1.8150,1,117.223,141.635
777,DATA_20260309_120000.BIN,20.4813,58.4822,16.3089,58.4822,1.9580,1,83.683,137.901
778,DATA_20260309_120000.BIN,16.3089,54.1428,18.1466,54.1428,2.5410,1,128.589,175.669
779,DATA_20260309_120000.BIN,18.1466,44.2573,28.4045,44.2573,1.3860,1,124.639,163.447
780,DATA_20260309_120000.BIN,28.4045,50.8485,38.9980,50.8485,1.5290,1,71.729,112.588
781,DATA_20260309_120000.BIN,38.9980,65.1234,40.6911,65.1234,4.1030,1,47.122,109.122
782,DATA_20260309_120000.BIN,40.6911,60.1342,20.2293,60.1342,2.6510,1,14.621,77.701
783,DATA_20260309_120000.BIN,20.2293,59.9890,52.9766,59.9890,1.7710,1,154.919,154.931
784,DATA_20260309_120000.BIN,52.9766,44.4850,3.6611,44.4850,1.7710,1,128.123,168.459
785,DATA_20260309_120000.BIN,3.6611,41.8226,14.0822,41.8226,3.6080,1,68.946,81.639
786,DATA_20260309_120000.BIN,14.0822,70.5947,4.5940,70.5947,1.4850,1,84.263,91.484
787,DATA_20260309_120000.BIN,4.5940,67.6719,15.2799,67.6719,2.7390,1,66.916,68.129
788,DATA_20260309_120000.BIN,15.2799,67.8459,52.5609,67.8459,1.6830,1,80.835,92.935
789,DATA_20260309_120000.BIN,22.5829,67.0598,13.8381,67.0598,2.2880,1,69.500,73.387
790,DATA_20260309_120000.BIN,13.8381,57.2356,21.8732,57.2356,1.1990,1,122.150,127.552
791,DATA_20260309_120000.BIN,21.8732,56.3743,13.7146,56.3743,2.4860,1,56.122,59.028
792,DATA_20260309_120000.BIN,13.7146,78.7669,26.4268,78.7669,3.6190,1,76.256,78.996
793,DATA_20260309_120000.BIN,26.4268,31.4461,21.3391,31.4461,1.5950,1,110.323,113.652
794,DATA_20260309_120000.BIN,21.3391,62.3467,9.7467,62.3467,1.8480,1,126.655,137.779
795,DATA_20260309_120000.BIN,9.7467,69.0456,12.2303,69.0456,1.3090,1,128.827,130.291
796,DATA_20260309_120000.BIN,12.2303,66.6805,15.7107,66.6805,1.0780,1,122.065,134.271
797,DATA_20260309_120000.BIN,15.7107,62.9592,19.8453,62.9592,1.4740,1,69.640,104.549
798,DATA_20260309_120000.BIN,19.8453,47.0010,5.9559,47.0010,0.9790,1,98.747,98.860
799,DATA_20260309_120000.BIN,5.9559,42.9379,22.8457,42.9379,1.5840,1,143.681,159.961
800,DATA_20260309_120000.BIN,22.8457,69.2146,25.2754,69.2146,1.5070,1,114.679,157.544
801,DATA_20260309_120000.BIN,8.0130,58.4508,19.0274,58.4508,2.3100,1,112.827,131.187
802,DATA_20260309_120000.BIN,18.3205,68.0522,18.0318,68.0522,2.2330,1,86.188,121.506
803,DATA_20260309_120000.BIN,18.0318,77.0751,19.0009,77.0751,1.9580,1,161.438,162.571
804,DATA_20260309_120000.BIN,19.0009,77.9157,12.9308,77.9157,2.2880,1,149.680,150.104
805,DATA_20260309_120000.BIN,12.9308,43.1478,7.3871,43.1478,1.0780,1,101.580,104.511
806,DATA_20260309_120000.BIN,7.3871,52.4264,24.8195,52.4264,2.1450,1,90.735,91.216
807,DATA_20260309_120000.BIN,24.8195,47.2879,19.9994,47.2879,2.2110,1,78.086,85.007
808,DATA_20260309_120000.BIN,24.8618,39.5755,5.5793,39.5755,2.4530,1,116.361,121.675
809,DATA_20260309_120000.BIN,5.5793,79.1953,15.6497,79.1953,2.2770,1,92.200,101.287
810,DATA_20260309_120000.BIN,15.6497,69.0618,15.1899,69.0618,2.5080,1,54.561,54.565
811,DATA_20260309_120000.BIN,15.1899,54.4709,24.2438,54.4709,2.5630,1,43.730,43.861
812,DATA_20260309_120000.BIN,36.5061,50.2852,7.3682,50.2852,1.1990,1,93.172,155.155
813,DATA_20260309_120000.BIN,7.3682,67.9528,8.4575,67.9528,1.3200,1,46.113,46.360
814,DATA_20260309_120000.BIN,8.4575,46.0536,11.4185,46.0536,1.9470,1,119.679,157.088
815,DATA_20260309_120000.BIN,11.4185,41.0769,43.4174,43.4174,1.9030,1,71.669,73.143
816,DATA_20260309_120000.BIN,43.4174,72.7732,41.9490,72.7732,1.6280,1,92.059,102.244
817,DATA_20260309_120000.BIN,41.9490,78.8143,37.4901,78.8143,1.2210,1,47.651,112.920
818,DATA_20260309_120000.BIN,37.4901,72.1731,43.4283,72.1731,1.1440,1,86.426,123.965
819,DATA_20260309_120000.BIN,43.4283,62.0052,15.9701,62.0052,1.7050,1,51.186,91.063
820,DATA_20260309_120000.BIN,15.9701,46.7354,24.5892,46.7354,2.1120,1,55.030,130.079
821,DATA_20260309_120000.BIN,24.5892,49.5124,23.0979,49.5124,2.6180,1,98.379,101.704
822,DATA_20260309_120000.BIN,23.0979,72.7272,16.3299,72.7272,1.1990,1,72.409,72.663
823,DATA_20260309_120000.BIN,16.3299,67.3594,12.0129,67.3594,2.4860,1,18.225,27.118
824,DATA_20260309_120000.BIN,12.0129,67.0133,17.6302,67.0133,1.2430,1,125.599,158.218
825,DATA_20260309_120000.BIN,17.6302,65.4141,21.2636,65.4141,1.3310,1,143.966,151.836
826,DATA_20260309_120000.BIN,21.2636,79.6624,39.9190,79.6624,1.5730,1,69.090,69.094
827,DATA_20260309_120000.BIN,39.9190,71.6437,17.3901,71.6437,2.1340,1,141.251,141.542
828,DATA_20260309_120000.BIN,17.3901,72.8568,46.5102,72.8568,3.0250,1,85.606,86.128
829,DATA_20260309_120000.BIN,46.5102,60.9292,24.6181,60.9292,2.3980,1,123.511,163.458
830,DATA_20260309_120000.BIN,24.6181,37.7863,22.8419,37.7863,2.6180,1,126.470,127.002
831,DATA_20260309_120000.BIN,22.8419,25.4778,23.9054,25.4778,1.5290,1,167.744,168.022
832,DATA_20260309_120000.BIN,46.1578,57.1797,15.3246,57.1797,1.3860,1,63.318,118.907
833,DATA_20260309_120000.BIN,4.4871,55.0739,11.8512,55.0739,3.4650,1,122.182,138.917
834,DATA_20260309_120000.BIN,11.8512,68.0199,14.8789,68.0199,2.5410,1,131.315,145.684
835,DATA_20260309_120000.BIN,14.8789,54.2825,15.3470,54.2825,1.1000,1,58.755,65.369
836,DATA_20260309_120000.BIN,15.3470,56.2800,28.8960,56.2800,3.0910,1,43.518,47.439
837,DATA_20260309_120000.BIN,27.3261,29.1419,17.0652,29.1419,1.6610,1,157.689,166.708
838,DATA_20260309_120000.BIN,17.0652,78.3995,25.2153,78.3995,2.3430,1,120.602,120.608
839,DATA_20260309_120000.BIN,25.2153,35.7949,26.5965,35.7949,2.6620,1,137.074,165.845
840,DATA_20260309_120000.BIN,26.5965,51.3172,8.6376,51.3172,3.5640,1,157.313,161.194
841,DATA_20260309_120000.BIN,8.6376,59.0808,16.6545,59.0808,3.3440,1,137.705,174.311
842,DATA_20260309_120000.BIN,16.6545,39.2644,20.9382,39.2644,1.9470,1,144.921,157.796
843,DATA_20260309_120000.BIN,18.4503,72.8874,22.2591,72.8874,1.8590,1,87.018,102.850
844,DATA_20260309_120000.BIN,22.2591,59.5394,19.1767,59.5394,1.0340,1,9.940,25.603
845,DATA_20260309_120000.BIN,19.1767,76.0294,10.8715,76.0294,2.6400,1,38.906,44.055
846,DATA_20260309_120000.BIN,10.8715,64.6154,22.4600,64.6154,3.4650,1,63.594,81.648
847,DATA_20260309_120000.BIN,38.8524,55.0429,13.5834,55.0429,2.0900,1,160.551,177.532
848,DATA_20260309_120000.BIN,13.5834,42.8386,23.5549,42.8386,1.7710,1,158.688,160.781
849,DATA_20260309_120000.BIN,23.5549,41.4923,26.6855,41.4923,1.3530,1,89.430,96.949
850,DATA_20260309_120000.BIN,26.6855,36.4246,19.6461,36.4246,2.1560,1,77.274,85.909
851,DATA_20260309_120000.BIN,19.6461,74.5578,19.7302,74.5578,4.6970,1,111.412,114.406
852,DATA_20260309_120000.BIN,19.7302,60.6986,39.9472,60.6986,1.2760,1,132.683,132.697
853,DATA_20260309_120000.BIN,39.9472,39.6415,20.4315,39.6415,2.8930,1,109.322,131.913
854,DATA_20260309_120000.BIN,20.4315,62.3983,26.3161,62.3983,2.0680,1,78.356,86.968
855,DATA_20260309_120000.BIN,26.3161,65.4288,32.1737,65.4288,1.0780,1,62.668,67.037
856,DATA_20260309_120000.BIN,32.1737,27.7305,33.0984,33.0984,1.8040,1,107.693,137.434
857,DATA_20260309_120000.BIN,33.0984,48.4800,10.6118,48.4800,1.5840,1,148.464,149.257
858,DATA_20260309_120000.BIN,10.6118,77.0853,14.8611,77.0853,2.8160,1,129.351,129.365
859,DATA_20260309_120000.BIN,14.8611,75.9512,24.6981,75.9512,2.0130,1,95.427,175.820
860,DATA_20260309_120000.BIN,24.6981,28.0604,12.9363,28.0604,3.5750,1,94.009,94.489
861,DATA_20260309_120000.BIN,18.5617,35.5057,13.8070,35.5057,2.5300,1,46.868,55.992
862,DATA_20260309_120000.BIN,26.4232,52.3155,30.3795,52.3155,2.0350,1,30.169,33.320
863,DATA_20260309_120000.BIN,30.3795,69.3101,35.4586,69.3101,1.2870,1,101.680,110.091
864,DATA_20260309_120000.BIN,35.4586,68.5592,31.0314,68.5592,1.4960,1,98.423,106.486
865,DATA_20260309_120000.BIN,31.0314,66.9710,24.4377,66.9710,1.4960,1,147.289,147.600
866,DATA_20260309_120000.BIN,24.4377,75.2320,37.5504,75.2320,1.9140,1,43.618,43.863
867,DATA_20260309_120000.BIN,37.5504,77.2274,22.9089,77.2274,1.5400,1,75.631,172.098
868,DATA_20260309_120000.BIN,22.9089,34.1363,25.6543,34.1363,1.8480,1,95.980,106.237
869,DATA_20260309_120000.BIN,40.9489,77.1143,15.1139,77.1143,1.0890,1,94.853,96.121
870,DATA_20260309_120000.BIN,15.1139,77.2338,56.4807,77.2338,2.3760,1,137.548,152.469
871,DATA_20260309_120000.BIN,56.4807,70.5629,15.2227,70.5629,2.3430,1,89.524,119.562
872,DATA_20260309_120000.BIN,14.0332,47.6354,14.3626,47.6354,2.4750,1,62.062,68.085
873,DATA_20260309_120000.BIN,35.1450,71.4887,31.7486,71.4887,0.8140,1,102.854,150.072
874,DATA_20260309_120000.BIN,31.7486,51.2384,44.4936,51.2384,1.3640,1,89.816,143.271
875,DATA_20260309_120000.BIN,44.4936,72.1578,16.2279,72.1578,3.7400,1,56.161,91.109
876,DATA_20260309_120000.BIN,16.2279,51.2585,8.0453,51.2585,2.0680,1,115.050,166.610
877,DATA_20260309_120000.BIN,8.0453,78.1988,51.5126,78.1988,1.4740,1,94.237,104.175
878,DATA_20260309_120000.BIN,20.9613,78.4779,21.8276,78.4779,2.7170,1,134.210,134.291
879,DATA_20260309_120000.BIN,14.7116,74.1197,18.8902,74.1197,2.0680,1,131.060,131.266
880,DATA_20260309_120000.BIN,10.0119,66.0013,21.9604,66.0013,1.6170,1,64.014,74.925
881,DATA_20260309_120000.BIN,21.9604,66.3883,21.8703,66.3883,1.8370,1,74.043,83.391
882,DATA_20260309_120000.BIN,21.8703,22.2066,18.1452,22.2066,3.1130,1,94.595,114.748
883,DATA_20260309_120000.BIN,18.1452,77.0431,15.0819,77.0431,2.9260,1,103.968,114.635
884,DATA_20260309_120000.BIN,15.0819,66.4803,36.2108,66.4803,3.3990,1,148.060,160.252
885,DATA_20260309_120000.BIN,36.2108,75.7601,28.2951,75.7601,3.0910,1,126.524,175.719
886,DATA_20260309_120000.BIN,28.2951,55.0299,20.4508,55.0299,3.1570,1,115.527,173.704
887,DATA_20260309_120000.BIN,20.4508,62.1781,19.4127,62.1781,2.0130,1,120.795,154.878
888,DATA_20260309_120000.BIN,18.5584,39.8081,17.2433,39.8081,1.5620,1,127.156,171.760
889,DATA_20260309_120000.BIN,17.2433,79.5449,7.1855,79.5449,2.0350,1,105.488,145.722
890,DATA_20260309_120000.BIN,7.1855,55.5510,35.1976,55.5510,1.4850,1,100.765,118.922
891,DATA_20260309_120000.BIN,35.1976,69.2931,28.6333,69.2931,1.3420,1,79.310,113.366
892,DATA_20260309_120000.BIN,28.6333,68.8388,40.5698,68.8388,1.0120,1,106.138,119.939
893,DATA_20260309_120000.BIN,40.5698,39.6473,9.3301,39.6473,0.9900,1,90.111,112.302
894,DATA_20260309_120000.BIN,9.3301,73.0523,15.7353,73.0523,2.1890,1,76.830,98.504
895,DATA_20260309_120000.BIN,33.4609,70.4963,28.6467,70.4963,0.9680,1,119.837,150.017
896,DATA_20260309_120000.BIN,28.6467,40.3579,10.2730,40.3579,5.0930,1,154.809,163.306
897,DATA_20260309_120000.BIN,10.2730,43.2895,27.8609,43.2895,1.8480,1,105.888,106.026
898,DATA_20260309_120000.BIN,27.8609,29.4935,15.6819,29.4935,1.5400,1,97.652,161.637
899,DATA_20260309_120000.BIN,15.6819,75.6508,17.4311,75.6508,2.7390,1,118.864,118.873
900,DATA_20260309_120000.BIN,17.4311,78.0779,37.4346,78.0779,4.6640,1,83.736,84.002
901,DATA_20260309_120000.BIN,37.4346,25.7876,12.4009,25.7876,2.7390,1,78.682,95.986
902,DATA_20260309_120000.BIN,12.4009,69.4835,11.6545,69.4835,3.6300,1,135.678,153.985
903,DATA_20260309_120000.BIN,11.6545,57.4279,38.7292,57.4279,3.1570,1,83.828,90.689
904,DATA_20260309_120000.BIN,38.7292,67.8983,10.2240,67.8983,1.6500,1,38.004,70.730
905,DATA_20260309_120000.BIN,10.2240,72.9607,2.6228,72.9607,2.7280,1,71.099,84.364
906,DATA_20260309_120000.BIN,2.6228,53.2011,37.8172,53.2011,1.5510,1,93.425,109.524
907,DATA_20260309_120000.BIN,37.8172,71.8685,7.8561,71.8685,1.0670,1,49.719,89.928
908,DATA_20260309_120000.BIN,7.8561,24.4686,13.1061,24.4686,0.9900,1,85.570,106.903
909,DATA_20260309_120000.BIN,13.1061,55.7957,23.9158,55.7957,2.9700,1,70.840,85.375
910,DATA_20260309_120000.BIN,23.9158,61.3423,18.6591,61.3423,4.0040,1,77.744,94.525
911,DATA_20260309_120000.BIN,18.6591,63.5918,1.1415,63.5918,1.1660,1,63.274,67.115
912,DATA_20260309_120000.BIN,51.4722,52.1924,28.1202,52.1924,1.9360,1,153.846,159.322
913,DATA_20260309_120000.BIN,16.1670,34.0907,15.7722,34.0907,1.6830,1,106.535,107.170
914,DATA_20260309_120000.BIN,13.7388,61.1313,14.7166,61.1313,1.7160,1,110.200,131.094
915,DATA_20260309_120000.BIN,6.2431,43.1179,16.6468,43.1179,2.2220,1,113.039,143.575
916,DATA_20260309_120000.BIN,12.7932,41.7887,25.6000,41.7887,1.9580,1,99.827,103.028
917,DATA_20260309_120000.BIN,23.0392,68.9781,27.5571,68.9781,2.1450,1,70.142,72.133
918,DATA_20260309_120000.BIN,27.5571,66.6479,16.2474,66.6479,1.8920,1,173.095,174.359
919,DATA_20260309_120000.BIN,16.2474,71.9972,24.0931,71.9972,2.3870,1,121.182,137.535
920,DATA_20260309_120000.BIN,24.0931,54.2370,9.5674,54.2370,3.8830,1,140.285,149.650
921,DATA_20260309_120000.BIN,12.8915,32.8410,10.1403,32.8410,1.8040,1,116.621,134.155
922,DATA_20260309_120000.BIN,10.1403,50.2932,41.0418,50.2932,1.6830,1,53.675,58.804
923,DATA_20260309_120000.BIN,41.0418,20.8530,22.8904,22.8904,1.6390,1,85.289,89.266
924,DATA_20260309_120000.BIN,22.8904,46.6012,31.2526,46.6012,3.7620,1,40.402,104.998
925,DATA_20260309_120000.BIN,31.2526,68.1098,19.2738,68.1098,1.3970,1,40.579,64.495
926,DATA_20260309_120000.BIN,19.2738,69.2819,20.2728,69.2819,3.1900,1,114.335,123.983
927,DATA_20260309_120000.BIN,25.4720,65.8759,18.0209,65.8759,0.9460,1,42.535,101.533
928,DATA_20260309_120000.BIN,18.0209,49.7020,19.0643,49.7020,2.1890,1,5.927,7.257
929,DATA_20260309_120000.BIN,19.0643,38.1975,7.7892,38.1975,1.6500,1,113.740,119.500
930,DATA_20260309_120000.BIN,7.7892,28.7998,17.2156,28.7998,2.6070,1,67.164,107.575
931,DATA_20260309_120000.BIN,17.2156,49.3290,4.1913,49.3290,1.3090,1,79.736,81.103
932,DATA_20260309_120000.BIN,4.1913,69.9484,2.4481,69.9484,3.9600,1,91.625,153.989
933,DATA_20260309_120000.BIN,2.4481,55.0501,24.3573,55.0501,1.4190,1,135.548,151.307
934,DATA_20260309_120000.BIN,14.6327,72.3168,20.6619,72.3168,3.1240,1,171.236,171.703
935,DATA_20260309_120000.BIN,20.6619,54.8725,35.6784,54.8725,1.5400,1,16.337,24.578
936,DATA_20260309_120000.BIN,35.6784,1.5463,19.0923,19.0923,1.1440,1,87.366,117.333
937,DATA_20260309_120000.BIN,19.0923,59.5077,27.4464,59.5077,1.8700,1,124.692,132.226
938,DATA_20260309_120000.BIN,27.4464,66.8481,23.4727,66.8481,2.1560,1,84.010,93.946
939,DATA_20260309_120000.BIN,23.4727,59.7849,12.4727,59.7849,1.3860,1,104.485,108.106
940,DATA_20260309_120000.BIN,12.4727,19.4848,44.8598,44.8598,1.7050,1,108.802,134.466
941,DATA_20260309_120000.BIN,26.0352,76.1691,14.9933,76.1691,2.1230,1,106.987,117.465
942,DATA_20260309_120000.BIN,14.9933,73.4612,55.1346,73.4612,1.0560,1,120.067,167.072
943,DATA_20260309_120000.BIN,55.1346,78.7418,29.2071,78.7418,4.5870,1,122.854,127.284
944,DATA_20260309_120000.BIN,29.2071,77.6300,43.8104,77.6300,1.6940,1,63.365,66.421
945,DATA_20260309_120000.BIN,15.7864,74.9458,11.1901,74.9458,1.4960,1,142.309,147.052
946,DATA_20260309_120000.BIN,26.5166,54.8281,38.9611,54.8281,4.6860,1,84.373,155.148
947,DATA_20260309_120000.BIN,38.9611,67.8180,15.6350,67.8180,3.1020,1,60.431,81.711
948,DATA_20260309_120000.BIN,15.9773,23.1918,19.5762,23.1918,1.5400,1,56.029,59.470
949,DATA_20260309_120000.BIN,19.5762,55.9818,23.4865,55.9818,1.7380,1,57.300,57.713
950,DATA_20260309_120000.BIN,23.4865,50.0660,17.9166,50.0660,3.0910,1,65.034,96.442
951,DATA_20260309_120000.BIN,17.9166,60.5841,14.4761,60.5841,1.6610,1,111.445,138.856
952,DATA_20260309_120000.BIN,14.4761,74.2089,4.2053,74.2089,2.5960,1,127.491,147.620
953,DATA_20260309_120000.BIN,4.2053,48.1845,13.9424,48.1845,1.9690,1,92.796,116.022
954,DATA_20260309_120000.BIN,13.9424,27.7287,4.4600,27.7287,2.9370,1,101.381,123.495
955,DATA_20260309_120000.BIN,4.4600,73.3914,12.0668,73.3914,2.9480,1,146.791,147.193
956,DATA_20260309_120000.BIN,12.0668,49.2554,30.9616,49.2554,1.7270,1,129.767,138.367
957,DATA_20260309_120000.BIN,30.9616,54.4973,7.1125,54.4973,2.6840,1,68.798,100.704
958,DATA_20260309_120000.BIN,18.8027,48.3508,17.3537,48.3508,1.8040,1,129.429,131.087
959,DATA_20260309_120000.BIN,17.4116,47.9285,26.4897,47.9285,3.2340,1,94.781,96.564
960,DATA_20260309_120000.BIN,26.4897,65.4787,5.5871,65.4787,3.0580,1,137.279,137.286
961,DATA_20260309_120000.BIN,7.1351,21.6827,3.2296,21.6827,4.5760,1,84.470,93.861
962,DATA_20260309_120000.BIN,3.2296,69.2225,12.2626,69.2225,2.3100,1,73.711,88.192
963,DATA_20260309_120000.BIN,12.2626,42.7877,16.0769,42.7877,3.4980,1,31.308,31.317
964,DATA_20260309_120000.BIN,16.0769,69.4673,10.3161,69.4673,4.2790,1,69.072,69.105
965,DATA_20260309_120000.BIN,12.3251,53.6779,27.0980,53.6779,3.1790,1,83.873,88.293
966,DATA_20260309_120000.BIN,22.6723,56.7768,19.7751,56.7768,1.7160,1,88.939,91.314
967,DATA_20260309_120000.BIN,20.6714,53.7876,46.6029,53.7876,3.1900,1,96.079,121.843
968,DATA_20260309_120000.BIN,17.7890,23.4223,27.6618,27.6618,1.4630,1,107.737,111.315
969,DATA_20260309_120000.BIN,27.6618,73.9753,22.0082,73.9753,1.7820,1,143.746,163.090
970,DATA_20260309_120000.BIN,22.0082,47.9965,30.2003,47.9965,2.1670,1,76.755,81.121
971,DATA_20260309_120000.BIN,30.2003,30.0029,11.4500,30.0029,1.3530,1,99.647,110.413
972,DATA_20260309_120000.BIN,11.4500,71.3180,10.1147,71.3180,2.1120,1,60.699,60.994
973,DATA_20260309_120000.BIN,10.1147,52.0830,25.2585,52.0830,2.6290,1,113.347,131.893
974,DATA_20260309_120000.BIN,25.2585,61.2187,39.2332,61.2187,1.2100,1,75.352,116.719
975,DATA_20260309_120000.BIN,39.2332,45.3519,24.8675,45.3519,1.8150,1,84.416,91.339
976,DATA_20260309_120000.BIN,24.8675,49.0187,30.9453,49.0187,1.7160,1,102.095,103.053
977,DATA_20260309_120000.BIN,64.6948,73.2013,13.9424,73.2013,1.6830,1,130.044,170.477
978,DATA_20260309_120000.BIN,13.9424,59.0255,37.2579,59.0255,0.8910,1,82.981,88.713
979,DATA_20260309_120000.BIN,37.2579,59.7692,25.8031,59.7692,2.3320,1,68.506,68.510
980,DATA_20260309_120000.BIN,25.8031,79.4698,23.1143,79.4698,1.6940,1,123.448,139.901
981,DATA_20260309_120000.BIN,23.1143,71.1841,19.8315,71.1841,1.4190,1,143.443,160.186
982,DATA_20260309_120000.BIN,78.9515,72.3079,25.0152,72.3079,1.6720,1,123.137,166.752
983,DATA_20260309_120000.BIN,25.0152,57.6243,34.4382,57.6243,1.9360,1,159.571,160.429
984,DATA_20260309_120000.BIN,34.4382,56.7422,34.4600,56.7422,1.4850,1,132.982,158.488
985,DATA_20260309_120000.BIN,34.4600,60.5600,22.9667,60.5600,2.5850,1,134.420,156.932
986,DATA_20260309_120000.BIN,22.9667,75.9081,52.8966,75.9081,2.7610,1,160.354,175.064
987,DATA_20260309_120000.BIN,52.8966,72.2228,27.8377,72.2228,1.4410,1,94.620,129.387
988,DATA_20260309_120000.BIN,27.8377,54.0190,24.7247,54.0190,2.2880,1,131.637,131.937
989,DATA_20260309_120000.BIN,24.7247,58.7895,28.0954,58.7895,2.2550,1,118.951,125.092
990,DATA_20260309_120000.BIN,28.0954,73.4819,33.6633,73.4819,1.1880,1,126.999,140.765
991,DATA_20260309_120000.BIN,33.6633,74.0112,29.7374,74.0112,1.1550,1,125.578,131.805
992,DATA_20260309_120000.BIN,10.9503,54.2968,35.5873,54.2968,1.8480,1,104.488,107.629
993,DATA_20260309_120000.BIN,35.5873,68.0252,18.2339,68.0252,2.4090,1,146.157,147.257
994,DATA_20260309_120000.BIN,18.2339,73.6476,21.8626,73.6476,1.3200,1,162.090,174.998
995,DATA_20260309_120000.BIN,21.8626,77.7141,1.5724,77.7141,1.9470,1,29.515,33.862
996,DATA_20260309_120000.BIN,1.5724,69.4042,27.1605,69.4042,1.6830,1,98.899,113.211
997,DATA_20260309_120000.BIN,27.1605,62.4494,10.3513,62.4494,2.8050,1,96.961,165.514
998,DATA_20260309_120000.BIN,10.3513,45.7808,23.1442,45.7808,1.2540,1,141.146,149.439
999,DATA_20260309_120000.BIN,23.1442,77.9440,18.4597,77.9440,1.5840,1,147.881,164.548
1000,DATA_20260309_120000.BIN,18.4597,80.1068,10.6452,80.1068,1.4740,1,59.954,61.129
1001,DATA_20260309_120000.BIN,21.0389,73.6999,60.4681,73.6999,2.7610,1,134.034,135.753
1002,DATA_20260309_120000.BIN,9.9021,53.8668,30.7666,53.8668,4.2350,1,139.182,176.944
1003,DATA_20260309_120000.BIN,30.7666,79.5207,32.4186,79.5207,3.1570,1,16.960,21.155
1004,DATA_20260309_120000.BIN,32.4186,48.5714,24.1879,48.5714,3.6520,1,135.791,137.479
1005,DATA_20260309_120000.BIN,24.1879,64.3751,14.9269,64.3751,2.9920,1,150.761,155.833
1006,DATA_20260309_120000.BIN,14.9269,17.2224,19.7617,19.7617,1.9360,1,81.903,84.858
1007,DATA_20260309_120000.BIN,19.7617,69.5751,35.8241,69.5751,2.0900,1,65.348,66.974
1008,DATA_20260309_120000.BIN,18.3967,77.9853,26.0422,77.9853,2.1120,1,122.178,126.215
1009,DATA_20260309_120000.BIN,26.0422,60.0437,33.0090,60.0437,3.5310,1,148.280,166.085
1010,DATA_20260309_120000.BIN,19.7327,50.4535,36.3041,50.4535,1.9360,1,104.252,105.196
1011,DATA_20260309_120000.BIN,36.3041,56.9972,16.6546,56.9972,1.5950,1,67.657,82.428
1012,DATA_20260309_120000.BIN,16.6546,63.4522,41.3681,63.4522,1.7380,1,30.525,30.652
1013,DATA_20260309_120000.BIN,41.3681,50.1878,26.1419,50.1878,1.1660,1,71.173,94.316
1014,DATA_20260309_120000.BIN,26.1419,75.1665,44.2461,75.1665,2.2990,1,56.568,65.190
1015,DATA_20260309_120000.BIN,28.9355,73.8798,18.2850,73.8798,2.7280,1,13.067,20.097
1016,DATA_20260309_120000.BIN,22.1246,78.7420,28.1909,78.7420,2.6400,1,13.541,26.479
1017,DATA_20260309_120000.BIN,28.1909,49.5418,16.2481,49.5418,1.7930,1,98.912,109.051
1018,DATA_20260309_120000.BIN,16.2481,64.9125,20.3840,64.9125,1.6720,1,51.753,71.877
1019,DATA_20260309_120000.BIN,20.3840,53.0267,14.6632,53.0267,2.7170,1,50.627,59.530
1020,DATA_20260309_120000.BIN,14.6632,66.3697,21.0206,66.3697,3.9490,1,66.928,67.717
1021,DATA_20260309_120000.BIN,21.0206,56.3884,20.1751,56.3884,2.2330,1,16.509,48.054
1022,DATA_20260309_120000.BIN,20.1751,41.7395,3.6126,41.7395,4.6970,1,96.448,112.298
1023,DATA_20260309_120000.BIN,8.5617,21.9844,20.2800,21.9844,2.0350,1,67.818,72.518
1024,DATA_20260309_120000.BIN,20.2800,64.4600,5.5425,64.4600,2.0350,1,75.641,75.809
1025,DATA_20260309_130000.BIN,8.5473,42.2997,2.7024,42.2997,5.7750,1,16.788,16.899
1026,DATA_20260309_130000.BIN,5.0427,44.2478,11.9270,44.2478,3.4540,1,173.562,176.261
1027,DATA_20260309_130000.BIN,10.9730,40.9230,17.4420,40.9230,7.4250,1,146.504,149.463
1028,DATA_20260309_140000.BIN,6.8550,15.5624,1.2120,15.5624,3.4980,1,3.022,4.597
1029,DATA_20260309_140000.BIN,1.2120,15.5606,4.7737,15.5606,5.6980,1,7.396,10.718
1030,DATA_20260309_140000.BIN,4.7737,14.5942,9.5289,14.5942,5.2800,1,10.788,11.537
1031,DATA_20260309_140000.BIN,0.8251,6.6950,0.9520,6.6950,3.4760,1,3.517,9.046
1032,DATA_20260309_140000.BIN,0.9520,12.7450,1.8494,12.7450,4.5540,1,5.168,10.832
1033,DATA_20260309_140000.BIN,1.8494,9.5276,1.3933,9.5276,3.7400,1,5.520,5.636
1034,DATA_20260309_140000.BIN,1.3933,14.4604,7.1271,14.4604,3.2890,1,1.530,2.038
1035,DATA_20260309_140000.BIN,7.1839,17.8453,1.0125,17.8453,4.8840,1,4.988,4.998
1036,DATA_20260309_140000.BIN,8.4072,17.4797,0.7998,17.4797,5.9400,1,11.755,11.838
1037,DATA_20260309_140000.BIN,0.7998,9.4390,1.2998,9.4390,3.0360,1,3.376,4.182
1038,DATA_20260309_140000.BIN,1.2998,15.1448,2.1191,15.1448,5.4230,1,3.332,4.471
1039,DATA_20260309_140000.BIN,2.1191,22.3672,6.0006,22.3672,9.6470,1,2.071,8.525
1040,DATA_20260309_140000.BIN,3.7742,15.1561,3.3108,15.1561,8.8770,1,2.983,6.388
1041,DATA_20260309_140000.BIN,3.3108,26.0134,10.4071,26.0134,4.5980,1,2.737,4.672
1042,DATA_20260309_140000.BIN,10.4071,15.4945,8.9332,15.4945,4.9170,1,14.035,14.183
1043,DATA_20260309_140000.BIN,11.0687,17.0065,8.7643,17.0065,2.8050,1,14.295,19.771
1044,DATA_20260309_140000.BIN,3.5201,9.8299,0.2789,9.8299,3.5860,1,4.700,6.047
1045,DATA_20260309_140000.BIN,1.8094,15.5427,3.1395,15.5427,4.2350,1,1.964,1.971
1046,DATA_20260309_140000.BIN,2.8356,19.3811,2.8066,19.3811,3.9600,1,3.086,6.337
1047,DATA_20260309_140000.BIN,2.8066,9.8964,2.6039,9.8964,5.6650,1,2.380,3.399
1048,DATA_20260309_140000.BIN,2.6039,8.9523,2.0155,8.9523,3.0800,1,3.855,4.539
1049,DATA_20260309_140000.BIN,2.0155,10.1552,2.5315,10.1552,6.6990,1,1.563,1.839
1050,DATA_20260309_140000.BIN,2.5315,16.4653,5.6569,16.4653,3.2010,1,2.934,4.827
1051,DATA_20260309_140000.BIN,0.4003,13.5080,3.7375,13.5080,4.3780,1,0.801,3.759
1052,DATA_20260309_140000.BIN,3.7375,8.8278,0.8220,8.8278,7.8430,1,4.584,4.584
1053,DATA_20260309_140000.BIN,0.8220,12.2841,7.1219,12.2841,7.3590,1,1.217,6.644
1054,DATA_20260309_140000.BIN,5.1467,17.6130,12.4505,17.6130,5.5660,1,6.128,6.226
1055,DATA_20260309_140000.BIN,12.4505,18.5550,12.5536,18.5550,3.4100,1,14.158,14.213
1056,DATA_20260309_140000.BIN,2.6271,17.2017,2.2845,17.2017,8.5030,1,1.507,5.629
1057,DATA_20260309_140000.BIN,2.2845,9.0489,1.1038,9.0489,5.4890,1,4.590,4.712
1058,DATA_20260309_140000.BIN,1.1038,13.8218,9.3124,13.8218,7.2160,1,2.868,4.678
1059,DATA_20260309_140000.BIN,9.3124,24.9440,1.3252,24.9440,6.3580,1,8.233,15.041
1060,DATA_20260309_140000.BIN,1.7830,16.6164,1.2344,16.6164,3.1460,1,3.719,4.741
1061,DATA_20260309_140000.BIN,1.2344,13.3872,2.4559,13.3872,5.0930,1,2.583,9.405
1062,DATA_20260309_140000.BIN,2.4559,13.3527,2.1036,13.3527,7.0730,1,4.826,6.501
1063,DATA_20260309_140000.BIN,2.5511,25.9698,1.4914,25.9698,9.2840,1,1.907,2.894
1064,DATA_20260309_140000.BIN,2.8894,10.6754,2.4816,10.6754,3.0690,1,0.894,13.946
1065,DATA_20260309_140000.BIN,3.2931,18.6829,6.1174,18.6829,5.3130,1,1.735,7.119
1066,DATA_20260309_140000.BIN,6.0874,18.9839,7.9376,18.9839,4.7630,1,4.020,16.608
1067,DATA_20260309_140000.BIN,7.9376,13.0981,5.2130,13.0981,3.9710,1,12.213,14.592
1068,DATA_20260309_140000.BIN,0.4469,21.4833,9.7621,21.4833,9.1300,1,1.546,5.995
1069,DATA_20260309_140000.BIN,6.9579,17.2130,1.3407,17.2130,7.0950,1,10.135,15.056
1070,DATA_20260309_140000.BIN,1.3407,19.0000,11.2355,19.0000,2.4860,1,1.533,2.622
1071,DATA_20260309_140000.BIN,1.5618,12.3413,2.3138,12.3413,4.8620,1,1.537,22.051
1072,DATA_20260309_140000.BIN,2.3138,16.0783,1.2228,16.0783,7.0400,1,0.901,14.753
1073,DATA_20260309_140000.BIN,1.2228,7.3601,2.6671,7.3601,8.0850,1,1.520,8.876
1074,DATA_20260309_140000.BIN,2.6671,8.1124,2.6909,8.1124,4.2900,1,3.680,8.080
1075,DATA_20260309_140000.BIN,2.6909,21.4592,11.5487,21.4592,4.2020,1,4.444,16.741
1076,DATA_20260309_140000.BIN,11.5487,20.6696,0.9413,20.6696,9.1300,1,13.861,17.488
1077,DATA_20260309_140000.BIN,5.1231,12.1477,4.5092,12.1477,4.2460,1,5.140,5.198
1078,DATA_20260309_140000.BIN,4.5092,18.0618,5.6374,18.0618,4.0150,1,3.938,4.932
1079,DATA_20260309_140000.BIN,5.6374,12.5035,3.4702,12.5035,3.7620,1,4.663,8.089
1080,DATA_20260309_140000.BIN,0.8064,10.1887,1.4406,10.1887,6.4350,1,1.816,2.109
1081,DATA_20260309_140000.BIN,0.8362,7.7818,1.3303,7.7818,2.1010,1,2.147,3.355
1082,DATA_20260309_140000.BIN,1.3303,8.2848,1.1401,8.2848,2.6950,1,2.638,2.991
1083,DATA_20260309_140000.BIN,1.7373,8.9322,3.0885,8.9322,8.2390,1,2.457,3.105
1084,DATA_20260309_140000.BIN,3.0885,9.0006,3.5142,9.0006,3.2670,1,3.413,4.812
1085,DATA_20260309_140000.BIN,2.2610,7.9960,2.3568,7.9960,4.4220,1,2.911,4.101
1086,DATA_20260309_140000.BIN,2.3568,18.3198,2.2846,18.3198,8.7230,1,1.194,4.049
1087,DATA_20260309_140000.BIN,0.9041,11.4033,1.2364,11.4033,8.4920,1,1.571,2.927
1088,DATA_20260309_140000.BIN,0.7269,7.4952,1.8053,7.4952,7.7000,1,2.379,2.538
1089,DATA_20260309_140000.BIN,4.3458,9.4160,1.0670,9.4160,7.3150,1,5.327,10.618
1090,DATA_20260309_140000.BIN,1.0670,14.8699,3.4431,14.8699,7.9530,1,1.713,11.881
1091,DATA_20260309_140000.BIN,3.4431,13.8554,1.7693,13.8554,6.2920,1,4.292,6.764
1092,DATA_20260309_140000.BIN,2.2731,13.9636,1.0402,13.9636,2.3100,1,3.538,4.155
1093,DATA_20260309_140000.BIN,1.3001,10.5562,1.4031,10.5562,3.9490,1,0.571,3.806
1094,DATA_20260309_140000.BIN,0.5929,9.4830,0.5825,9.4830,3.6740,1,0.994,1.005
1095,DATA_20260309_140000.BIN,2.9282,14.3102,5.3707,14.3102,5.8630,1,1.897,6.589
1096,DATA_20260309_140000.BIN,0.4006,7.4886,1.0776,7.4886,4.3890,1,0.985,3.378
1097,DATA_20260309_140000.BIN,1.0776,7.7543,2.2084,7.7543,4.4880,1,1.521,6.067
1098,DATA_20260309_140000.BIN,0.9576,12.9645,2.3445,12.9645,9.3500,1,1.118,1.272
1099,DATA_20260309_140000.BIN,2.3445,10.7992,3.0212,10.7992,3.7180,1,2.197,7.688
1100,DATA_20260309_140000.BIN,3.0212,13.5635,6.9322,13.5635,3.5420,1,2.513,5.238
1101,DATA_20260309_140000.BIN,3.6560,10.3300,0.6691,10.3300,5.9840,1,5.793,5.805
1102,DATA_20260309_140000.BIN,4.1719,9.7473,3.8457,9.7473,6.0060,1,5.898,6.114
1103,DATA_20260309_140000.BIN,3.8457,11.1640,4.6526,11.1640,3.6630,1,4.645,6.635
1104,DATA_20260309_140000.BIN,2.9785,7.9692,1.2149,7.9692,3.7950,1,3.854,5.043
1105,DATA_20260309_140000.BIN,3.8029,18.9204,4.7256,18.9204,3.9380,1,4.301,4.648
1106,DATA_20260309_140000.BIN,4.3105,16.0012,5.4906,16.0012,2.1780,1,4.981,6.802
1107,DATA_20260309_140000.BIN,3.4220,10.0745,3.6270,10.0745,3.9490,1,3.609,8.259
1108,DATA_20260309_140000.BIN,3.6270,9.8845,0.8430,9.8845,7.1060,1,4.304,5.848
1109,DATA_20260309_140000.BIN,0.8430,8.8471,1.8446,8.8471,6.3030,1,0.725,1.023
1110,DATA_20260309_140000.BIN,1.8446,7.6419,0.5818,7.6419,3.8610,1,3.239,3.535
1111,DATA_20260309_140000.BIN,5.3189,13.7960,3.3029,13.7960,4.3010,1,5.392,6.313
1112,DATA_20260309_140000.BIN,9.6469,16.3618,9.4037,16.3618,6.6660,1,9.726,11.904
1113,DATA_20260309_140000.BIN,9.4037,15.5209,6.9257,15.5209,5.4340,1,9.391,9.418
1114,DATA_20260309_140000.BIN,6.9257,12.1217,6.0216,12.1217,8.7450,1,5.652,8.809
1115,DATA_20260309_140000.BIN,7.7414,15.7293,5.1672,15.7293,5.8080,1,5.348,5.409
1116,DATA_20260309_140000.BIN,5.1672,15.1437,9.5966,15.1437,6.4020,1,4.455,4.459
1117,DATA_20260309_140000.BIN,12.2623,17.0007,11.2432,17.0007,8.9760,1,10.956,12.855
1118,DATA_20260309_140000.BIN,11.2432,15.9977,11.2952,15.9977,7.6890,1,7.891,12.007
1119,DATA_20260309_140000.BIN,15.6788,20.4894,11.1153,20.4894,3.0910,1,14.637,14.782
1120,DATA_20260309_140000.BIN,11.1153,20.0937,7.6300,20.0937,9.4600,1,6.181,6.610
1121,DATA_20260309_140000.BIN,7.6300,19.5168,10.1300,19.5168,6.5230,1,3.763,4.110
1122,DATA_20260309_140000.BIN,10.1300,15.2627,0.3327,15.2627,4.4440,1,5.039,6.230
1123,DATA_20260309_140000.BIN,0.3327,13.1410,1.8791,13.1410,2.9590,1,7.866,8.641
1124,DATA_20260309_140000.BIN,15.8184,21.7355,7.2494,21.7355,7.7660,1,12.594,12.596
1125,DATA_20260309_140000.BIN,11.2841,17.8323,5.5073,17.8323,1.4850,1,10.216,10.219
1126,DATA_20260309_140000.BIN,5.0611,16.2230,1.6562,16.2230,7.4800,1,2.377,9.601
1127,DATA_20260309_140000.BIN,4.7654,11.0682,1.7882,11.0682,9.2950,1,5.821,7.365
1128,DATA_20260309_140000.BIN,1.7882,7.5473,2.1783,7.5473,2.4970,1,5.467,8.836
1129,DATA_20260309_140000.BIN,3.7691,10.9607,2.2480,10.9607,2.6730,1,6.739,7.808
1130,DATA_20260309_140000.BIN,2.2480,11.0632,0.7859,11.0632,3.8940,1,8.870,9.474
1131,DATA_20260309_140000.BIN,0.7859,25.6339,3.6821,25.6339,7.5240,1,6.089,7.362
1132,DATA_20260309_140000.BIN,3.6821,22.0520,9.6975,22.0520,3.3770,1,8.082,8.218
1133,DATA_20260309_140000.BIN,9.6975,18.6026,5.9084,18.6026,5.6980,1,14.785,14.805
1134,DATA_20260309_140000.BIN,12.1758,20.4613,2.6831,20.4613,9.5920,1,12.548,14.424
1135,DATA_20260309_140000.BIN,4.2437,11.2952,1.6748,11.2952,4.0700,1,5.355,6.288
1136,DATA_20260309_140000.BIN,1.6748,15.3303,6.9812,15.3303,4.3340,1,3.031,3.040
1137,DATA_20260309_140000.BIN,4.8530,12.8968,1.0614,12.8968,3.3660,1,3.738,4.904
1138,DATA_20260309_140000.BIN,1.0614,12.5343,2.9842,12.5343,5.4560,1,2.581,2.951
1139,DATA_20260309_140000.BIN,1.2374,17.3414,0.2894,17.3414,4.6310,1,1.801,2.131
1140,DATA_20260309_140000.BIN,0.2894,14.2857,2.2726,14.2857,1.9360,1,2.848,3.529
1141,DATA_20260309_140000.BIN,2.2726,19.6713,10.2710,19.6713,3.9930,1,4.332,6.868
1142,DATA_20260309_140000.BIN,10.2710,16.1152,1.5287,16.1152,3.3440,1,12.873,28.960
1143,DATA_20260309_140000.BIN,1.1703,14.3181,7.2235,14.3181,2.8050,1,2.009,6.501
1144,DATA_20260309_140000.BIN,13.9937,35.4152,28.0040,35.4152,5.1260,1,13.746,14.146
1145,DATA_20260309_140000.BIN,24.0876,36.2052,29.5215,36.2052,4.1360,1,32.908,33.105
1146,DATA_20260309_140000.BIN,20.1421,28.7197,23.2103,28.7197,3.4870,1,18.248,39.176
1147,DATA_20260309_140000.BIN,23.2103,33.6201,21.6363,33.6201,5.7640,1,20.584,33.337
1148,DATA_20260309_140000.BIN,11.4674,20.7415,4.7608,20.7415,3.6300,1,12.320,13.235
1149,DATA_20260309_140000.BIN,4.7608,23.2730,1.6167,23.2730,5.4450,1,2.272,3.710
1150,DATA_20260309_140000.BIN,1.6167,17.5344,3.5655,17.5344,9.5480,1,5.313,6.274
1151,DATA_20260309_140000.BIN,3.5655,19.8748,13.4413,19.8748,7.7550,1,1.255,14.770
1152,DATA_20260309_140000.BIN,13.4413,19.9555,10.8613,19.9555,3.5310,1,10.039,10.442
1153,DATA_20260309_140000.BIN,10.8613,17.7467,12.5259,17.7467,5.8520,1,7.262,15.558
1154,DATA_20260309_140000.BIN,11.0100,18.6078,6.8750,18.6078,2.6950,1,5.581,5.584
1155,DATA_20260309_140000.BIN,6.8750,21.7689,9.4339,21.7689,6.8310,1,1.047,12.759
1156,DATA_20260309_140000.BIN,9.4339,15.3154,4.7392,15.3154,6.2040,1,4.432,8.333
1157,DATA_20260309_140000.BIN,4.7392,17.0049,6.3197,17.0049,4.2350,1,4.406,11.407
1158,DATA_20260309_140000.BIN,5.3756,19.5870,6.9942,19.5870,7.1830,1,2.158,5.762
1159,DATA_20260309_140000.BIN,6.9942,20.4125,10.0019,20.4125,7.8210,1,4.083,4.084
1160,DATA_20260309_150000.BIN,33.0406,43.9462,38.5993,43.9462,9.8450,1,10.854,16.566
1161,DATA_20260309_150000.BIN,33.9608,56.8156,34.1485,56.8156,8.0080,1,2.672,3.180
1162,DATA_20260309_150000.BIN,30.4464,44.9793,30.9451,44.9793,5.9510,1,7.555,10.981
1163,DATA_20260309_150000.BIN,26.7802,33.3428,18.8977,33.3428,9.2070,1,9.335,14.393
1164,DATA_20260309_150000.BIN,24.2915,32.9169,16.8221,32.9169,3.6630,1,12.834,13.033
1165,DATA_20260309_150000.BIN,16.8221,29.1953,21.4750,29.1953,5.1700,1,19.644,19.749
1166,DATA_20260309_150000.BIN,28.1020,36.1975,23.0751,36.1975,3.7950,1,3.666,7.022
1167,DATA_20260309_150000.BIN,23.0751,28.9359,22.4382,28.9359,5.0710,1,10.050,13.829
1168,DATA_20260309_150000.BIN,20.9802,28.0742,21.3872,28.0742,1.9690,1,11.390,15.363
1169,DATA_20260309_150000.BIN,25.2238,32.8654,22.6485,32.8654,3.4430,1,7.897,16.052
1170,DATA_20260309_150000.BIN,22.6366,30.9086,24.4611,30.9086,3.9380,1,8.798,9.852
1171,DATA_20260309_150000.BIN,25.7104,37.6237,25.2511,37.6237,3.7840,1,2.814,6.741
1172,DATA_20260309_150000.BIN,26.5362,35.7301,29.0457,35.7301,1.8700,1,3.083,3.557
1173,DATA_20260309_150000.BIN,24.3248,36.3066,23.1152,36.3066,4.3560,1,4.288,5.366
1174,DATA_20260309_150000.BIN,23.1152,33.0465,23.3271,33.0465,4.1690,1,4.982,4.982
1175,DATA_20260309_150000.BIN,23.3271,36.4733,23.3170,36.4733,8.8110,1,4.893,5.496
1176,DATA_20260309_150000.BIN,23.5892,54.6018,27.1989,54.6018,3.1680,1,10.935,11.161
1177,DATA_20260309_150000.BIN,27.1989,53.7803,24.9811,53.7803,1.0450,1,94.447,105.559
1178,DATA_20260309_150000.BIN,18.8581,81.7332,30.2848,81.7332,1.2760,1,141.523,144.409
1179,DATA_20260309_150000.BIN,30.2848,82.5949,25.2752,82.5949,1.1770,1,87.409,131.601
1180,DATA_20260309_150000.BIN,25.2752,83.9672,20.9184,83.9672,0.8580,1,113.996,140.477
1181,DATA_20260309_150000.BIN,20.9184,83.6205,31.3741,83.6205,1.8260,1,66.878,171.966
1182,DATA_20260309_150000.BIN,31.3741,71.4633,14.0426,71.4633,1.4300,1,106.702,167.302
1183,DATA_20260309_150000.BIN,14.0426,31.5405,16.5996,31.5405,2.0130,1,113.371,149.535
1184,DATA_20260309_150000.BIN,16.5996,76.5419,6.1202,76.5419,1.0010,1,53.614,61.246
1185,DATA_20260309_150000.BIN,6.1202,61.0150,20.5491,61.0150,1.1990,1,80.818,95.997
1186,DATA_20260309_150000.BIN,20.5491,34.3515,38.1661,38.1661,1.1220,1,68.014,132.065
1187,DATA_20260309_150000.BIN,38.1661,78.4752,25.3587,78.4752,1.5180,1,72.946,75.583
1188,DATA_20260309_150000.BIN,25.3587,65.1233,23.9272,65.1233,0.9790,1,156.661,158.289
1189,DATA_20260309_150000.BIN,23.9272,60.1209,28.0103,60.1209,1.5510,1,134.762,178.727
1190,DATA_20260309_150000.BIN,28.0103,72.4763,11.7988,72.4763,1.3640,1,136.947,156.176
1191,DATA_20260309_150000.BIN,11.7988,80.1546,8.1516,80.1546,1.5840,1,133.580,174.381
1192,DATA_20260309_150000.BIN,8.1516,58.1061,17.7093,58.1061,0.7920,1,94.423,125.879
1193,DATA_20260309_150000.BIN,17.7093,48.3350,37.7822,48.3350,0.8030,1,94.158,112.519
1194,DATA_20260309_150000.BIN,37.7822,69.7557,14.7007,69.7557,1.5730,1,124.386,147.613
1195,DATA_20260309_150000.BIN,12.5070,22.8308,20.7173,22.8308,0.8800,1,141.583,156.225
1196,DATA_20260309_150000.BIN,20.7173,47.2925,11.1495,47.2925,1.4960,1,59.194,60.510
1197,DATA_20260309_150000.BIN,11.1495,52.5453,8.9835,52.5453,2.2660,1,47.172,48.085
1198,DATA_20260309_150000.BIN,8.9835,60.0694,12.8359,60.0694,1.2650,1,71.677,72.066
1199,DATA_20260309_150000.BIN,12.8359,60.6207,22.1334,60.6207,3.1130,1,147.190,148.696
1200,DATA_20260309_150000.BIN,22.1334,72.2888,17.7672,72.2888,1.8920,1,112.249,135.363
1201,DATA_20260309_150000.BIN,17.7672,85.4362,32.8431,85.4362,1.4520,1,70.246,74.415
1202,DATA_20260309_150000.BIN,32.8431,44.9543,13.3463,44.9543,0.9240,1,100.048,111.829
1203,DATA_20260309_150000.BIN,13.3463,64.9648,63.2371,64.9648,2.2000,1,69.084,69.539
1204,DATA_20260309_150000.BIN,63.2371,84.0714,21.2492,84.0714,2.0460,1,53.131,104.150
1205,DATA_20260309_150000.BIN,21.2492,24.7447,12.7334,24.7447,0.8030,1,72.168,74.541
1206,DATA_20260309_150000.BIN,12.7334,44.1716,16.3554,44.1716,3.1570,1,109.780,159.196
1207,DATA_20260309_150000.BIN,52.8735,37.0085,47.5400,47.5400,1.6060,1,57.390,68.118
1208,DATA_20260309_150000.BIN,47.5400,64.6700,8.4492,64.6700,0.8250,1,23.346,41.792
1209,DATA_20260309_150000.BIN,8.4492,70.3231,13.3993,70.3231,1.6170,1,65.498,65.553
1210,DATA_20260309_150000.BIN,13.3993,60.0002,20.8540,60.0002,2.5520,1,71.666,95.970
1211,DATA_20260309_150000.BIN,20.8540,84.6665,27.6840,84.6665,1.5400,1,130.314,161.375
1212,DATA_20260309_150000.BIN,27.6840,50.4236,7.2498,50.4236,1.1110,1,61.240,63.895
1213,DATA_20260309_150000.BIN,7.2498,80.0931,22.9723,80.0931,0.6380,1,120.333,157.817
1214,DATA_20260309_150000.BIN,22.9723,78.6751,40.4046,78.6751,1.4520,1,113.947,144.296
1215,DATA_20260309_150000.BIN,40.4046,82.9006,14.7525,82.9006,1.4960,1,19.898,87.431
1216,DATA_20260309_150000.BIN,14.7525,56.7804,24.5205,56.7804,1.2870,1,136.446,139.648
1217,DATA_20260309_150000.BIN,24.5205,77.5394,17.7193,77.5394,1.2760,1,130.666,137.042
1218,DATA_20260309_150000.BIN,17.7193,70.8445,26.3003,70.8445,0.9570,1,146.517,176.788
1219,DATA_20260309_150000.BIN,26.3003,62.5040,17.0763,62.5040,0.8470,1,163.924,169.765
1220,DATA_20260309_150000.BIN,17.0763,71.6086,81.0805,81.0805,0.7590,1,57.525,57.680
1221,DATA_20260309_150000.BIN,81.0805,75.6280,13.0376,75.6280,1.3310,1,97.089,140.960
1222,DATA_20260309_150000.BIN,13.0376,63.5403,7.1181,63.5403,2.1340,1,119.786,121.931
1223,DATA_20260309_150000.BIN,7.1181,72.0857,80.5410,80.5410,1.3530,1,57.451,57.639
1224,DATA_20260309_150000.BIN,80.5410,73.3728,29.6061,73.3728,1.8480,1,151.669,157.977
1225,DATA_20260309_150000.BIN,29.6061,78.1574,33.5911,78.1574,1.2650,1,110.253,143.693
1226,DATA_20260309_150000.BIN,33.5911,72.6589,8.6104,72.6589,1.9690,1,77.138,81.803
1227,DATA_20260309_150000.BIN,8.6104,82.1683,64.1459,82.1683,1.4850,1,78.936,87.426
1228,DATA_20260309_150000.BIN,64.1459,82.0335,29.9423,82.0335,1.4740,1,23.798,146.172
1229,DATA_20260309_150000.BIN,29.9423,55.5015,42.9116,55.5015,1.3970,1,73.274,119.374
1230,DATA_20260309_150000.BIN,42.9116,54.7936,25.0846,54.7936,1.2870,1,96.304,103.802
1231,DATA_20260309_150000.BIN,25.0846,39.9387,21.3442,39.9387,1.1990,1,48.411,65.749
1232,DATA_20260309_150000.BIN,21.3442,26.6216,26.8399,26.8399,0.7370,1,6.392,24.425
1233,DATA_20260309_150000.BIN,26.8399,58.8222,22.5066,58.8222,2.0790,1,96.651,107.870
1234,DATA_20260309_150000.BIN,22.5066,72.2644,5.1535,72.2644,0.9570,1,82.088,82.185
1235,DATA_20260309_150000.BIN,5.1535,85.3316,6.4467,85.3316,1.9800,1,114.737,166.682
1236,DATA_20260309_150000.BIN,6.4467,74.1594,7.9334,74.1594,0.8910,1,53.531,69.104
1237,DATA_20260309_150000.BIN,7.9334,51.1761,37.2068,51.1761,2.2990,1,48.613,50.182
1238,DATA_20260309_150000.BIN,37.2068,63.9780,36.9518,63.9780,0.8800,1,52.400,78.177
1239,DATA_20260309_150000.BIN,36.9518,69.4653,7.3739,69.4653,2.8050,1,22.775,68.464
1240,DATA_20260309_150000.BIN,7.3739,52.4773,13.9793,52.4773,1.1880,1,95.250,95.406
1241,DATA_20260309_150000.BIN,13.9793,84.7767,47.6898,84.7767,1.8370,1,26.396,28.139
1242,DATA_20260309_150000.BIN,47.6898,80.4726,57.7129,80.4726,2.2770,1,114.062,114.169
1243,DATA_20260309_150000.BIN,57.7129,66.0285,15.6414,66.0285,1.4520,1,141.049,174.784
1244,DATA_20260309_150000.BIN,15.6414,66.4834,34.4597,66.4834,1.3750,1,87.908,90.732
1245,DATA_20260309_150000.BIN,34.4597,67.0950,51.4674,67.0950,0.9350,1,109.650,114.642
1246,DATA_20260309_150000.BIN,51.4674,84.8633,56.6845,84.8633,1.9140,1,151.965,152.492
1247,DATA_20260309_150000.BIN,56.6845,82.9263,36.1942,82.9263,0.9130,1,39.929,85.017
1248,DATA_20260309_150000.BIN,36.1942,75.0589,42.5028,75.0589,0.6710,1,75.631,127.123
1249,DATA_20260309_150000.BIN,42.5028,65.9661,17.4296,65.9661,1.1440,1,45.960,60.939
1250,DATA_20260309_150000.BIN,17.4296,42.3407,37.7032,42.3407,1.5070,1,41.330,45.298
1251,DATA_20260309_150000.BIN,37.7032,73.5665,59.0427,73.5665,1.6940,1,57.102,57.484
1252,DATA_20260309_150000.BIN,59.0427,78.7582,35.4264,78.7582,0.9460,1,111.592,126.345
1253,DATA_20260309_150000.BIN,35.4264,68.9052,46.1314,68.9052,1.4190,1,37.409,75.675
1254,DATA_20260309_150000.BIN,46.1314,79.1214,53.0065,79.1214,1.1990,1,57.984,106.704
1255,DATA_20260309_150000.BIN,53.0065,76.0390,39.6413,76.0390,1.1550,1,147.236,163.693
1256,DATA_20260309_150000.BIN,39.6413,67.9925,18.5823,67.9925,1.3200,1,86.858,127.950
1257,DATA_20260309_150000.BIN,18.5823,84.9427,14.9285,84.9427,1.8810,1,134.497,174.244
1258,DATA_20260309_150000.BIN,14.9285,75.5466,41.2957,75.5466,1.7160,1,44.810,44.834
1259,DATA_20260309_150000.BIN,41.2957,81.0654,19.9376,81.0654,1.2430,1,75.890,105.792
1260,DATA_20260309_150000.BIN,19.9376,82.5507,11.2323,82.5507,1.0670,1,55.888,77.536
1261,DATA_20260309_150000.BIN,11.2323,79.3074,82.7220,82.7220,2.0020,1,49.505,50.990
1262,DATA_20260309_150000.BIN,82.7220,73.0760,4.0379,73.0760,0.8470,1,52.959,166.250
1263,DATA_20260309_150000.BIN,4.0379,80.9461,17.8420,80.9461,0.9570,1,109.282,151.996
1264,DATA_20260309_150000.BIN,17.8657,46.9744,83.9686,83.9686,1.2320,1,106.618,123.591
1265,DATA_20260309_150000.BIN,83.9686,50.9974,35.9913,50.9974,1.7600,1,67.747,168.082
1266,DATA_20260309_150000.BIN,35.9913,68.2255,2.8121,68.2255,1.0010,1,50.676,50.718
1267,DATA_20260309_150000.BIN,12.3400,82.4287,33.9465,82.4287,1.0120,1,126.302,128.490
1268,DATA_20260309_150000.BIN,33.9465,36.0187,28.1268,36.0187,0.9790,1,89.194,89.194
1269,DATA_20260309_150000.BIN,28.1268,58.4231,14.1891,58.4231,1.8150,1,109.577,153.885
1270,DATA_20260309_150000.BIN,14.1891,79.3989,29.6916,79.3989,0.9020,1,28.409,48.476
1271,DATA_20260309_150000.BIN,29.6916,72.2691,31.4327,72.2691,0.7040,1,18.693,81.542
1272,DATA_20260309_150000.BIN,31.4327,19.1109,34.9652,34.9652,2.0240,1,60.878,61.221
1273,DATA_20260309_150000.BIN,34.9652,53.4032,29.5143,53.4032,1.2540,1,113.513,113.597
1274,DATA_20260309_150000.BIN,29.5143,81.2544,4.4332,81.2544,2.7830,1,114.302,153.501
1275,DATA_20260309_150000.BIN,4.4332,63.6991,17.8206,63.6991,1.0780,1,29.728,48.429
1276,DATA_20260309_150000.BIN,17.8206,72.3465,25.9070,72.3465,0.6600,1,74.307,80.028
1277,DATA_20260309_150000.BIN,25.9070,28.1583,41.3576,41.3576,1.0340,1,122.207,125.050
1278,DATA_20260309_150000.BIN,41.3576,83.0540,43.6241,83.0540,1.3530,1,92.832,128.015
1279,DATA_20260309_150000.BIN,43.6241,80.9761,40.5833,80.9761,1.5620,1,51.990,88.935
1280,DATA_20260309_150000.BIN,40.5833,63.5989,34.4898,63.5989,1.0120,1,44.886,80.015
1281,DATA_20260309_150000.BIN,34.4898,84.7722,16.3634,84.7722,1.4630,1,103.877,152.006
1282,DATA_20260309_150000.BIN,16.3634,80.1770,7.7726,80.1770,1.1110,1,58.514,67.911
1283,DATA_20260309_150000.BIN,13.9814,80.8556,38.3021,80.8556,1.9470,1,90.680,91.948
1284,DATA_20260309_150000.BIN,38.3021,74.2811,62.1529,74.2811,0.8910,1,32.101,63.488
1285,DATA_20260309_150000.BIN,62.1529,72.2823,23.7861,72.2823,1.1770,1,43.930,178.957
1286,DATA_20260309_150000.BIN,23.7861,63.1034,61.4588,63.1034,1.1990,1,44.054,48.585
1287,DATA_20260309_150000.BIN,61.4588,49.0447,14.3156,49.0447,0.8140,1,33.421,145.964
1288,DATA_20260309_150000.BIN,14.3156,70.5263,65.2591,70.5263,1.1330,1,6.196,15.079
1289,DATA_20260309_150000.BIN,65.2591,68.1749,27.2415,68.1749,1.3640,1,123.024,126.037
1290,DATA_20260309_150000.BIN,27.2415,81.2080,37.6604,81.2080,2.0240,1,54.273,64.855
1291,DATA_20260309_150000.BIN,37.6604,82.5797,16.9492,82.5797,1.8700,1,58.927,69.006
1292,DATA_20260309_150000.BIN,16.9492,62.7205,10.9229,62.7205,2.6840,1,72.230,72.956
1293,DATA_20260309_150000.BIN,10.9229,51.6998,42.7186,51.6998,1.9360,1,118.951,135.684
1294,DATA_20260309_150000.BIN,42.7186,57.6868,10.3645,57.6868,1.7490,1,118.090,130.751
1295,DATA_20260309_150000.BIN,10.3645,75.7443,48.3062,75.7443,1.4190,1,3.413,12.421
1296,DATA_20260309_150000.BIN,48.3062,83.3989,14.0242,83.3989,1.4410,1,66.636,110.256
1297,DATA_20260309_150000.BIN,14.0242,79.2790,20.6457,79.2790,1.5950,1,22.660,22.733
1298,DATA_20260309_150000.BIN,20.6457,74.6676,13.1794,74.6676,1.3750,1,43.041,45.092
1299,DATA_20260309_150000.BIN,13.1794,81.3559,18.3348,81.3559,1.4080,1,44.952,46.617
1300,DATA_20260309_150000.BIN,18.3348,82.4984,27.4968,82.4984,1.5620,1,162.588,163.477
1301,DATA_20260309_150000.BIN,27.4968,83.8905,5.4602,83.8905,1.7380,1,54.358,67.625
1302,DATA_20260309_150000.BIN,5.4602,66.6726,8.8467,66.6726,1.4740,1,42.185,42.403
1303,DATA_20260309_150000.BIN,8.8467,83.2721,19.0350,83.2721,2.4420,1,79.091,79.099
1304,DATA_20260309_150000.BIN,19.0350,62.5650,11.5013,62.5650,1.5620,1,65.880,66.170
1305,DATA_20260309_150000.BIN,11.5013,54.0907,19.6988,54.0907,1.0450,1,107.466,113.289
1306,DATA_20260309_150000.BIN,19.6988,84.5748,50.6682,84.5748,2.0240,1,98.390,113.228
1307,DATA_20260309_150000.BIN,50.6682,75.0481,14.6974,75.0481,1.0450,1,112.303,160.719
1308,DATA_20260309_150000.BIN,14.6974,78.8684,14.7291,78.8684,1.3640,1,97.234,97.328
1309,DATA_20260309_150000.BIN,14.7291,41.6318,19.6863,41.6318,2.1450,1,78.008,78.389
1310,DATA_20260309_150000.BIN,19.6863,50.9580,16.7664,50.9580,2.1780,1,25.293,29.701
1311,DATA_20260309_150000.BIN,16.7664,51.9416,35.3011,51.9416,1.1110,1,83.858,84.786
1312,DATA_20260309_150000.BIN,43.8135,70.1728,17.0504,70.1728,1.1000,1,92.172,125.515
1313,DATA_20260309_150000.BIN,17.0504,54.4197,22.0330,54.4197,0.8800,1,96.391,96.539
1314,DATA_20260309_150000.BIN,22.0330,85.5288,26.5772,85.5288,1.1110,1,32.803,36.487
1315,DATA_20260309_150000.BIN,26.5772,55.4741,59.6723,59.6723,1.1660,1,86.912,116.979
1316,DATA_20260309_150000.BIN,59.6723,75.7042,10.7482,75.7042,1.7710,1,93.779,163.131
1317,DATA_20260309_150000.BIN,10.7482,72.3398,19.2844,72.3398,1.4190,1,59.194,65.887
1318,DATA_20260309_150000.BIN,19.2844,42.1014,59.9349,59.9349,2.1560,1,99.232,155.946
1319,DATA_20260309_150000.BIN,59.9349,85.1812,16.4729,85.1812,2.2440,1,68.307,99.649
1320,DATA_20260309_150000.BIN,16.4729,61.0208,10.9681,61.0208,0.6820,1,27.313,42.336
1321,DATA_20260309_150000.BIN,21.3418,67.3295,14.4592,67.3295,1.7050,1,123.456,167.280
1322,DATA_20260309_150000.BIN,14.4592,59.4613,17.4790,59.4613,1.0780,1,109.720,144.137
1323,DATA_20260309_150000.BIN,17.4790,62.7214,12.8061,62.7214,1.3310,1,127.150,128.172
1324,DATA_20260309_150000.BIN,22.7655,77.4171,14.8271,77.4171,1.5070,1,94.975,149.259
1325,DATA_20260309_150000.BIN,14.8271,81.6662,13.8942,81.6662,3.0250,1,25.575,26.024
1326,DATA_20260309_150000.BIN,13.8942,48.0654,20.9049,48.0654,2.5850,1,66.867,69.870
1327,DATA_20260309_150000.BIN,20.9049,49.9645,30.5533,49.9645,0.6600,1,67.809,98.314
1328,DATA_20260309_150000.BIN,30.5533,63.7881,6.0692,63.7881,1.6720,1,59.026,76.600
1329,DATA_20260309_150000.BIN,6.0692,14.1383,31.2798,31.2798,2.7060,1,151.999,165.759
1330,DATA_20260309_150000.BIN,31.2798,79.9774,12.1904,79.9774,0.7700,1,103.591,118.474
1331,DATA_20260309_150000.BIN,12.1904,69.4741,40.5765,69.4741,0.8140,1,28.581,42.453
1332,DATA_20260309_150000.BIN,40.5765,45.4049,11.7877,45.4049,1.9580,1,55.488,65.820
1333,DATA_20260309_150000.BIN,11.7877,56.2826,17.9278,56.2826,1.9140,1,20.767,29.883
1334,DATA_20260309_150000.BIN,17.9278,36.2942,23.0478,36.2942,1.1330,1,47.546,54.269
1335,DATA_20260309_150000.BIN,23.0478,52.7046,16.7834,52.7046,0.7040,1,17.541,37.415
1336,DATA_20260309_150000.BIN,16.7834,80.8738,54.3011,80.8738,0.8690,1,9.705,15.959
1337,DATA_20260309_150000.BIN,54.3011,60.2459,18.0343,60.2459,2.1780,1,72.151,137.804
1338,DATA_20260309_150000.BIN,18.0343,77.3621,13.2881,77.3621,1.4630,1,113.354,118.099
1339,DATA_20260309_150000.BIN,13.2881,66.6067,64.9555,66.6067,1.1770,1,51.475,64.785
1340,DATA_20260309_150000.BIN,64.9555,62.1177,14.7955,62.1177,1.0120,1,110.475,130.620
1341,DATA_20260309_150000.BIN,14.7955,55.7089,45.9821,55.7089,1.5510,1,115.273,129.851
1342,DATA_20260309_150000.BIN,45.9821,71.9732,19.9231,71.9732,0.6710,1,164.163,179.540
1343,DATA_20260309_150000.BIN,19.9231,84.8426,40.6702,84.8426,2.5300,1,88.463,120.266
1344,DATA_20260309_150000.BIN,40.6702,85.4450,7.6332,85.4450,1.6720,1,162.767,162.894
1345,DATA_20260309_150000.BIN,7.6332,83.7859,42.0692,83.7859,1.6280,1,29.769,31.181
1346,DATA_20260309_150000.BIN,42.0692,80.8490,34.6272,80.8490,1.5400,1,84.135,101.726
1347,DATA_20260309_150000.BIN,34.6272,80.8744,18.5417,80.8744,1.4080,1,13.480,33.025
1348,DATA_20260309_150000.BIN,18.5417,85.6882,13.5766,85.6882,1.8150,1,124.173,125.494
1349,DATA_20260309_150000.BIN,13.5766,71.4603,30.9556,71.4603,1.3970,1,119.919,132.726
1350,DATA_20260309_150000.BIN,11.9720,83.2456,20.7380,83.2456,1.7820,1,95.191,101.289
1351,DATA_20260309_150000.BIN,20.7380,71.9791,64.6538,71.9791,1.9800,1,121.234,122.112
1352,DATA_20260309_150000.BIN,64.6538,78.4885,16.9561,78.4885,3.0800,1,20.625,84.731
1353,DATA_20260309_150000.BIN,16.9561,41.7559,13.2017,41.7559,0.7150,1,140.121,161.721
1354,DATA_20260309_150000.BIN,13.2017,78.2264,39.5691,78.2264,0.7260,1,161.829,179.046
1355,DATA_20260309_150000.BIN,39.5691,49.5241,11.9169,49.5241,1.2210,1,43.440,51.000
1356,DATA_20260309_150000.BIN,11.9169,82.1814,26.3878,82.1814,1.1330,1,28.755,51.852
1357,DATA_20260309_150000.BIN,26.3878,51.1334,7.7641,51.1334,1.8040,1,83.378,83.464
1358,DATA_20260309_150000.BIN,7.7641,50.7683,26.5708,50.7683,2.1340,1,102.044,123.970
1359,DATA_20260309_150000.BIN,26.5708,52.1980,45.9743,52.1980,1.5730,1,82.657,128.572
1360,DATA_20260309_150000.BIN,45.9743,49.8255,18.8615,49.8255,2.8380,1,63.310,84.083
1361,DATA_20260309_150000.BIN,18.8615,83.0433,15.7515,83.0433,1.9690,1,143.481,159.649
1362,DATA_20260309_150000.BIN,15.7515,57.4701,49.7173,57.4701,1.4410,1,33.196,37.372
1363,DATA_20260309_150000.BIN,49.7173,69.6098,33.7543,69.6098,1.6720,1,42.318,91.797
1364,DATA_20260309_150000.BIN,33.7543,72.0079,22.1452,72.0079,1.3200,1,132.839,157.747
1365,DATA_20260309_150000.BIN,22.1452,30.0426,17.6728,30.0426,1.7930,1,141.979,176.500
1366,DATA_20260309_150000.BIN,17.6728,48.6978,7.3065,48.6978,3.0800,1,145.598,147.138
1367,DATA_20260309_150000.BIN,7.3065,73.4258,27.6686,73.4258,2.2550,1,68.070,70.825
1368,DATA_20260309_150000.BIN,27.6686,55.7160,34.6103,55.7160,1.5840,1,120.937,123.103
1369,DATA_20260309_150000.BIN,34.6103,63.8590,35.3647,63.8590,2.4310,1,21.574,52.321
1370,DATA_20260309_150000.BIN,35.3647,78.9205,47.1246,78.9205,2.8380,1,60.640,88.491
1371,DATA_20260309_150000.BIN,47.1246,78.8725,67.9912,78.8725,0.9020,1,89.767,139.076
1372,DATA_20260309_150000.BIN,67.9912,79.7274,10.1965,79.7274,1.2870,1,46.591,125.338
1373,DATA_20260309_150000.BIN,10.1965,70.3218,28.6873,70.3218,1.7820,1,142.659,152.797
1374,DATA_20260309_150000.BIN,28.6873,61.6191,5.5081,61.6191,2.8050,1,116.192,144.070
1375,DATA_20260309_150000.BIN,5.5081,9.4355,16.1284,16.1284,1.0450,1,43.487,43.812
1376,DATA_20260309_150000.BIN,16.1284,29.7770,6.3972,29.7770,1.3200,1,67.129,73.722
1377,DATA_20260309_150000.BIN,6.3972,78.5950,39.6699,78.5950,1.5290,1,105.766,115.667
1378,DATA_20260309_150000.BIN,39.6699,82.0442,54.1620,82.0442,1.4520,1,159.281,174.829
1379,DATA_20260309_150000.BIN,54.1620,79.7046,11.6750,79.7046,1.4740,1,34.249,72.292
1380,DATA_20260309_150000.BIN,11.6750,64.6837,10.2965,64.6837,1.5840,1,157.676,160.545
1381,DATA_20260309_150000.BIN,10.2965,24.1107,18.6555,24.1107,1.1990,1,145.014,167.112
1382,DATA_20260309_150000.BIN,18.6555,64.0695,28.4129,64.0695,1.4080,1,91.497,93.267
1383,DATA_20260309_150000.BIN,28.4129,75.4572,26.3452,75.4572,0.8910,1,37.932,40.466
1384,DATA_20260309_150000.BIN,26.3452,67.7122,30.2224,67.7122,2.3540,1,85.333,85.524
1385,DATA_20260309_150000.BIN,30.2224,65.3266,24.7593,65.3266,1.2980,1,125.408,135.155
1386,DATA_20260309_150000.BIN,24.7593,74.8333,22.0398,74.8333,1.7270,1,94.355,101.669
1387,DATA_20260309_150000.BIN,22.0398,79.8876,62.3941,79.8876,1.6830,1,64.072,87.973
1388,DATA_20260309_150000.BIN,62.3941,74.7826,24.4642,74.7826,1.7490,1,78.494,113.550
1389,DATA_20260309_150000.BIN,24.4642,77.4230,16.1261,77.4230,1.7050,1,100.430,108.051
1390,DATA_20260309_150000.BIN,16.1261,64.2253,7.4589,64.2253,1.3530,1,89.288,89.352
1391,DATA_20260309_150000.BIN,7.4589,84.7233,47.9989,84.7233,1.4850,1,37.980,40.115
1392,DATA_20260309_150000.BIN,47.9989,83.6555,22.2318,83.6555,1.5840,1,22.798,71.562
1393,DATA_20260309_150000.BIN,22.2318,85.2587,23.2615,85.2587,1.5730,1,104.623,108.856
1394,DATA_20260309_150000.BIN,23.2615,84.0542,43.5597,84.0542,1.4630,1,68.028,68.066
1395,DATA_20260309_150000.BIN,43.5597,71.2828,22.7055,71.2828,1.6280,1,80.776,82.963
1396,DATA_20260309_150000.BIN,22.7055,80.1880,5.0505,80.1880,1.4740,1,64.676,65.313
1397,DATA_20260309_150000.BIN,5.0505,68.0701,36.1090,68.0701,1.3310,1,30.177,35.071
1398,DATA_20260309_150000.BIN,36.1090,75.6810,12.2825,75.6810,1.5730,1,62.934,63.150
1399,DATA_20260309_150000.BIN,12.2825,82.8120,5.3757,82.8120,1.3530,1,108.273,110.623
1400,DATA_20260309_150000.BIN,5.3757,77.6236,26.3744,77.6236,1.6940,1,145.050,149.935
1401,DATA_20260309_150000.BIN,26.3744,74.6688,13.3668,74.6688,1.4410,1,47.646,61.242
1402,DATA_20260309_150000.BIN,13.3668,71.0068,10.0045,71.0068,1.4300,1,48.163,57.127
1403,DATA_20260309_150000.BIN,10.0045,73.6851,29.8815,73.6851,1.5840,1,58.215,59.071
1404,DATA_20260309_150000.BIN,29.8815,81.7140,8.0189,81.7140,1.2430,1,25.564,47.916
1405,DATA_20260309_150000.BIN,33.7327,82.1946,21.4601,82.1946,1.2870,1,14.125,41.039
1406,DATA_20260309_150000.BIN,21.4601,60.3598,13.6013,60.3598,1.2430,1,64.380,71.628
1407,DATA_20260309_150000.BIN,13.6013,76.2557,2.7506,76.2557,1.7160,1,157.110,157.307
1408,DATA_20260309_150000.BIN,2.7506,84.2087,26.4440,84.2087,1.3530,1,82.907,88.938
1409,DATA_20260309_150000.BIN,26.4440,78.4558,18.4859,78.4558,1.3530,1,106.255,107.700
1410,DATA_20260309_150000.BIN,18.4859,63.8069,11.5449,63.8069,1.4190,1,40.262,64.783
1411,DATA_20260309_150000.BIN,11.5449,83.5215,26.4977,83.5215,2.3100,1,89.349,102.521
1412,DATA_20260309_150000.BIN,26.4977,64.6254,6.5963,64.6254,1.2320,1,82.887,84.605
1413,DATA_20260309_150000.BIN,6.5963,58.0022,39.3484,58.0022,0.9240,1,92.121,117.865
1414,DATA_20260309_150000.BIN,39.3484,17.5988,28.9842,28.9842,1.3200,1,133.705,162.527
1415,DATA_20260309_150000.BIN,28.9842,64.4819,14.6515,64.4819,1.3970,1,13.861,18.807
1416,DATA_20260309_150000.BIN,14.6515,40.7737,9.2787,40.7737,1.2760,1,82.643,82.997
1417,DATA_20260309_150000.BIN,9.2787,68.4573,28.4588,68.4573,0.9460,1,53.314,58.651
1418,DATA_20260309_150000.BIN,28.4588,32.3400,8.9727,32.3400,1.6940,1,77.329,78.805
1419,DATA_20260309_150000.BIN,8.9727,83.0045,36.2289,83.0045,1.7490,1,48.125,50.901
1420,DATA_20260309_150000.BIN,36.2289,84.3043,69.2498,84.3043,1.1880,1,50.102,73.742
1421,DATA_20260309_150000.BIN,69.2498,84.7504,11.8112,84.7504,1.1990,1,99.343,154.413
1422,DATA_20260309_150000.BIN,11.8112,60.1179,39.0335,60.1179,1.3640,1,82.503,119.100
1423,DATA_20260309_150000.BIN,39.0335,83.8146,8.8586,83.8146,1.3090,1,147.648,159.512
1424,DATA_20260309_150000.BIN,8.8586,66.2409,26.1969,66.2409,0.9020,1,113.650,114.031
1425,DATA_20260309_150000.BIN,26.1969,83.5242,24.6916,83.5242,0.9460,1,53.869,58.275
1426,DATA_20260309_150000.BIN,24.6916,66.0334,8.3313,66.0334,1.1990,1,125.130,128.728
1427,DATA_20260309_150000.BIN,8.3313,81.9805,30.2508,81.9805,0.7480,1,109.237,153.303
1428,DATA_20260309_150000.BIN,30.2508,54.8708,12.9198,54.8708,1.6280,1,59.257,63.907
1429,DATA_20260309_150000.BIN,12.9198,61.3045,26.8052,61.3045,2.1340,1,148.127,165.010
1430,DATA_20260309_150000.BIN,26.8052,50.4517,11.0291,50.4517,1.0780,1,137.271,138.473
1431,DATA_20260309_150000.BIN,11.0291,60.4098,22.1527,60.4098,2.5300,1,92.653,92.961
1432,DATA_20260309_150000.BIN,22.1527,63.5323,7.1313,63.5323,1.8480,1,75.621,79.131
1433,DATA_20260309_150000.BIN,7.1313,63.2034,15.9921,63.2034,1.7050,1,77.827,101.404
1434,DATA_20260309_150000.BIN,15.9921,58.2589,25.1947,58.2589,1.4630,1,142.912,159.694
1435,DATA_20260309_150000.BIN,25.1947,73.3101,13.3028,73.3101,2.5190,1,97.140,101.612
1436,DATA_20260309_150000.BIN,13.3028,60.1753,43.7620,60.1753,1.5400,1,132.943,132.982
1437,DATA_20260309_150000.BIN,43.7620,73.1817,40.0058,73.1817,1.2100,1,72.509,95.890
1438,DATA_20260309_150000.BIN,40.0058,62.6847,39.5859,62.6847,1.6720,1,84.887,90.432
1439,DATA_20260309_150000.BIN,39.5859,65.5860,44.6501,65.5860,1.4520,1,91.643,95.765
1440,DATA_20260309_150000.BIN,44.6501,61.6820,16.8633,61.6820,0.9020,1,68.444,79.176
1441,DATA_20260309_150000.BIN,16.8633,81.9833,14.7740,81.9833,1.3640,1,114.123,145.931
1442,DATA_20260309_150000.BIN,14.7740,83.1833,18.1016,83.1833,1.7930,1,121.251,133.303
1443,DATA_20260309_150000.BIN,18.1016,45.5398,31.1431,45.5398,0.8250,1,45.078,45.299
1444,DATA_20260309_150000.BIN,31.1431,29.6887,25.5806,29.6887,2.6070,1,29.631,40.559
1445,DATA_20260309_150000.BIN,25.5806,69.9662,6.6141,69.9662,1.0780,1,84.371,112.632
1446,DATA_20260309_150000.BIN,6.6141,45.2344,15.7558,45.2344,1.2100,1,123.298,172.311
1447,DATA_20260309_150000.BIN,15.7558,83.5516,22.9287,83.5516,1.5510,1,112.208,139.866
1448,DATA_20260309_150000.BIN,22.9287,39.2445,34.9096,39.2445,0.8030,1,170.764,178.675
1449,DATA_20260309_150000.BIN,34.9096,44.1950,16.0729,44.1950,1.5180,1,105.598,133.121
1450,DATA_20260309_150000.BIN,16.0729,66.9304,23.6575,66.9304,1.6720,1,62.497,65.690
1451,DATA_20260309_150000.BIN,23.6575,62.8369,22.2507,62.8369,1.3310,1,129.949,133.246
1452,DATA_20260309_150000.BIN,12.3718,79.4786,31.7050,79.4786,2.8600,1,139.859,163.924
1453,DATA_20260309_150000.BIN,31.7050,71.0365,21.4597,71.0365,0.8910,1,73.895,89.943
1454,DATA_20260309_150000.BIN,21.4597,80.9810,18.7585,80.9810,2.1890,1,37.365,46.794
1455,DATA_20260309_150000.BIN,18.7585,43.2386,54.1762,54.1762,1.1990,1,78.790,79.389
1456,DATA_20260309_150000.BIN,54.1762,73.0809,25.1744,73.0809,0.9350,1,91.136,175.235
1457,DATA_20260309_150000.BIN,25.1744,73.6379,15.1631,73.6379,1.4960,1,116.110,117.409
1458,DATA_20260309_150000.BIN,15.1631,58.5617,13.6818,58.5617,1.1110,1,106.890,114.815
1459,DATA_20260309_150000.BIN,13.6818,22.6776,11.6975,22.6776,2.1780,1,77.459,77.989
1460,DATA_20260309_150000.BIN,11.6975,30.2041,21.9365,30.2041,0.7480,1,112.299,117.559
1461,DATA_20260309_150000.BIN,21.9365,15.9837,15.0758,15.9837,0.9350,1,80.998,116.782
1462,DATA_20260309_150000.BIN,15.0758,20.4817,27.3589,27.3589,1.0780,1,28.315,42.712
1463,DATA_20260309_150000.BIN,27.3589,82.0749,11.7114,82.0749,1.2210,1,61.265,82.464
1464,DATA_20260309_150000.BIN,11.7114,42.6552,45.2420,45.2420,0.7480,1,149.239,173.238
1465,DATA_20260309_150000.BIN,45.2420,80.2420,43.4754,80.2420,1.2320,1,106.916,115.320
1466,DATA_20260309_150000.BIN,43.4754,73.8630,48.7136,73.8630,1.0780,1,60.761,97.900
1467,DATA_20260309_150000.BIN,48.7136,65.0277,27.6684,65.0277,1.5510,1,87.647,128.668
1468,DATA_20260309_150000.BIN,27.6684,84.2930,37.0336,84.2930,0.7700,1,103.152,103.910
1469,DATA_20260309_150000.BIN,37.0336,64.0867,46.2807,64.0867,1.2760,1,86.260,87.026
1470,DATA_20260309_150000.BIN,46.2807,69.9326,40.5696,69.9326,1.0010,1,114.974,166.262
1471,DATA_20260309_150000.BIN,40.5696,73.2083,50.2317,73.2083,1.1440,1,86.117,114.536
1472,DATA_20260309_150000.BIN,50.2317,83.7401,24.9491,83.7401,2.2660,1,111.131,129.054
1473,DATA_20260309_150000.BIN,24.9491,82.9163,12.5889,82.9163,1.1330,1,147.369,158.368
1474,DATA_20260309_150000.BIN,26.0722,75.9271,15.8258,75.9271,1.9250,1,61.443,61.690
1475,DATA_20260309_150000.BIN,15.8258,74.6628,15.8691,74.6628,1.0890,1,42.709,44.215
1476,DATA_20260309_150000.BIN,15.8691,49.2496,62.3380,62.3380,1.4960,1,87.573,118.748
1477,DATA_20260309_150000.BIN,62.3380,85.2563,43.9325,85.2563,0.9240,1,88.561,116.862
1478,DATA_20260309_150000.BIN,30.1913,77.6493,11.9625,77.6493,1.2210,1,11.944,25.386
1479,DATA_20260309_150000.BIN,11.9625,51.9521,2.0814,51.9521,1.7600,1,39.531,47.075
1480,DATA_20260309_150000.BIN,2.0814,82.1390,15.8716,82.1390,2.3210,1,125.153,131.715
1481,DATA_20260309_150000.BIN,15.8716,83.0966,21.4014,83.0966,2.0350,1,50.376,50.384
1482,DATA_20260309_150000.BIN,21.4014,66.9878,25.3335,66.9878,1.8150,1,112.877,113.771
1483,DATA_20260309_150000.BIN,25.3335,57.0788,12.0147,57.0788,2.4640,1,115.954,120.478
1484,DATA_20260309_150000.BIN,58.7621,66.5089,12.9928,66.5089,1.2760,1,99.801,147.939
1485,DATA_20260309_150000.BIN,12.9928,75.3398,20.3633,75.3398,1.5620,1,19.631,38.999
1486,DATA_20260309_150000.BIN,20.3633,79.9611,17.6615,79.9611,1.3970,1,126.329,130.535
1487,DATA_20260309_150000.BIN,17.6615,83.9766,43.8973,83.9766,1.3310,1,46.619,78.650
1488,DATA_20260309_150000.BIN,43.8973,81.6100,31.9573,81.6100,1.1550,1,54.423,98.572
1489,DATA_20260309_150000.BIN,31.9573,73.7595,24.7793,73.7595,1.5290,1,94.703,128.534
1490,DATA_20260309_150000.BIN,9.4181,60.8216,3.5921,60.8216,2.7610,1,51.592,55.633
1491,DATA_20260309_150000.BIN,3.5921,71.1162,7.2776,71.1162,2.2990,1,127.604,177.797
1492,DATA_20260309_150000.BIN,7.2776,74.9803,32.8183,74.9803,0.9020,1,88.993,108.001
1493,DATA_20260309_150000.BIN,32.8183,73.8068,27.4487,73.8068,1.8480,1,102.777,160.061
1494,DATA_20260309_150000.BIN,27.4487,54.6131,44.6580,54.6131,1.5620,1,46.083,47.729
1495,DATA_20260309_150000.BIN,44.6580,76.6413,15.4839,76.6413,1.1330,1,140.089,169.722
1496,DATA_20260309_150000.BIN,15.4839,79.2257,29.4942,79.2257,0.8140,1,49.188,52.151
1497,DATA_20260309_150000.BIN,29.4942,58.8701,24.5246,58.8701,1.3640,1,74.217,75.168
1498,DATA_20260309_150000.BIN,24.5246,68.2994,48.6616,68.2994,1.8590,1,60.055,64.975
1499,DATA_20260309_150000.BIN,7.9683,61.5140,48.8631,61.5140,1.1880,1,36.303,36.304
1500,DATA_20260309_150000.BIN,48.8631,63.3965,41.1833,63.3965,1.6280,1,10.069,55.430
1501,DATA_20260309_150000.BIN,41.1833,66.2097,46.9795,66.2097,1.6280,1,99.118,133.213
1502,DATA_20260309_150000.BIN,46.9795,68.3648,37.4661,68.3648,1.5290,1,27.256,84.895
1503,DATA_20260309_150000.BIN,37.4661,74.1679,11.1190,74.1679,1.2760,1,98.942,107.467
1504,DATA_20260309_150000.BIN,32.7758,80.8776,28.1283,80.8776,1.8150,1,127.073,144.821
1505,DATA_20260309_150000.BIN,28.1283,60.0830,18.0211,60.0830,1.7600,1,95.886,117.009
1506,DATA_20260309_150000.BIN,18.0211,37.9435,14.7108,37.9435,2.4530,1,25.722,45.098
1507,DATA_20260309_150000.BIN,14.7108,49.8347,28.9272,49.8347,1.3640,1,91.928,100.380
1508,DATA_20260309_150000.BIN,28.9272,76.5920,5.2959,76.5920,1.5840,1,156.991,163.957
1509,DATA_20260309_150000.BIN,5.2959,61.3961,32.7631,61.3961,1.2430,1,51.122,51.399
1510,DATA_20260309_150000.BIN,32.7631,70.0058,17.8146,70.0058,2.7500,1,148.055,157.072
1511,DATA_20260309_150000.BIN,17.8146,82.8263,10.4744,82.8263,1.4300,1,79.423,79.892
1512,DATA_20260309_150000.BIN,10.4744,79.9026,41.4521,79.9026,1.9030,1,142.678,166.001
1513,DATA_20260309_150000.BIN,41.4521,67.8484,13.6083,67.8484,1.9800,1,108.530,109.138
1514,DATA_20260309_150000.BIN,13.6083,67.9586,55.7562,67.9586,1.7160,1,121.685,127.367
1515,DATA_20260309_150000.BIN,55.7562,85.1279,50.9684,85.1279,1.5730,1,61.071,115.961
1516,DATA_20260309_150000.BIN,50.9684,68.4911,32.6048,68.4911,2.0460,1,82.918,144.274
1517,DATA_20260309_150000.BIN,32.6048,84.0005,21.7609,84.0005,2.2220,1,72.255,84.319
1518,DATA_20260309_150000.BIN,21.7609,70.9227,70.4761,70.9227,2.1120,1,126.984,130.293
1519,DATA_20260309_150000.BIN,70.4761,81.1058,36.4274,81.1058,0.8250,1,112.122,124.079
1520,DATA_20260309_150000.BIN,36.4274,40.4353,20.4835,40.4353,1.2210,1,129.965,177.166
1521,DATA_20260309_150000.BIN,20.4835,65.3601,4.9851,65.3601,1.3640,1,96.721,111.321
1522,DATA_20260309_150000.BIN,4.9851,68.6368,16.2021,68.6368,2.1670,1,164.719,164.919
1523,DATA_20260309_150000.BIN,16.2021,68.0126,67.5045,68.0126,0.8580,1,63.971,68.764
1524,DATA_20260309_150000.BIN,67.5045,65.5803,53.9975,65.5803,1.2980,1,163.819,165.812
1525,DATA_20260309_150000.BIN,53.9975,49.3285,26.9977,49.3285,0.8140,1,85.723,162.723
1526,DATA_20260309_150000.BIN,26.9977,70.7896,27.1511,70.7896,1.4520,1,90.583,90.623
1527,DATA_20260309_150000.BIN,27.1511,34.8104,27.3603,34.8104,0.9350,1,52.375,70.046
1528,DATA_20260309_150000.BIN,27.3603,81.7477,49.4044,81.7477,2.3650,1,149.719,170.599
1529,DATA_20260309_150000.BIN,49.4044,43.9408,61.7901,61.7901,1.5180,1,53.568,82.614
1530,DATA_20260309_150000.BIN,61.7901,52.3915,24.1828,52.3915,2.1010,1,100.742,136.104
1531,DATA_20260309_150000.BIN,21.1691,78.2140,26.1838,78.2140,1.6060,1,92.219,123.980
1532,DATA_20260309_150000.BIN,26.1838,67.3745,5.9755,67.3745,3.1350,1,141.549,164.504
1533,DATA_20260309_150000.BIN,33.1542,78.0858,41.6183,78.0858,1.7490,1,148.577,165.607
1534,DATA_20260309_150000.BIN,41.6183,78.8939,18.0697,78.8939,1.4300,1,99.060,172.469
1535,DATA_20260309_150000.BIN,18.0697,69.0956,52.6690,69.0956,2.6730,1,56.366,94.399
1536,DATA_20260309_150000.BIN,52.6690,64.3366,38.5872,64.3366,0.7920,1,80.975,100.839
1537,DATA_20260309_150000.BIN,38.5872,81.6415,8.7812,81.6415,1.6390,1,73.926,90.474
1538,DATA_20260309_150000.BIN,8.7812,83.1168,20.7383,83.1168,0.8690,1,49.344,70.045
1539,DATA_20260309_150000.BIN,20.7383,71.5568,38.2428,71.5568,1.3310,1,92.998,157.825
1540,DATA_20260309_150000.BIN,38.2428,65.6009,21.2764,65.6009,1.5840,1,29.756,35.260
1541,DATA_20260309_150000.BIN,21.2764,74.7126,33.2700,74.7126,1.5510,1,115.257,128.232
1542,DATA_20260309_150000.BIN,33.2700,65.0304,14.9141,65.0304,1.8920,1,92.381,166.500
1543,DATA_20260309_150000.BIN,30.4122,57.9003,46.7528,57.9003,1.0670,1,87.239,161.379
1544,DATA_20260309_150000.BIN,46.7528,79.5181,16.8788,79.5181,3.3000,1,72.309,165.296
1545,DATA_20260309_150000.BIN,16.8788,70.9965,46.9951,70.9965,1.4190,1,56.171,67.128
1546,DATA_20260309_150000.BIN,46.9951,40.1297,27.7141,40.1297,2.3540,1,100.200,102.312
1547,DATA_20260309_150000.BIN,27.7141,83.9904,56.9620,83.9904,1.5620,1,57.385,59.312
1548,DATA_20260309_150000.BIN,56.9620,82.0062,44.0741,82.0062,1.1660,1,135.570,145.220
1549,DATA_20260309_150000.BIN,44.0741,82.7016,21.9304,82.7016,2.1010,1,132.796,132.891
1550,DATA_20260309_150000.BIN,21.9304,73.8490,9.6392,73.8490,1.6170,1,57.708,90.355
1551,DATA_20260309_150000.BIN,9.6392,78.8327,6.1296,78.8327,1.0890,1,61.521,63.820
1552,DATA_20260309_150000.BIN,6.1296,83.9323,17.8789,83.9323,2.3210,1,82.958,130.246
1553,DATA_20260309_150000.BIN,17.8789,58.1647,18.3317,58.1647,0.9020,1,55.022,77.740
1554,DATA_20260309_150000.BIN,18.3317,84.1903,21.1765,84.1903,2.7060,1,128.386,140.758
1555,DATA_20260309_150000.BIN,21.1765,70.9865,27.0749,70.9865,1.9250,1,129.772,129.968
1556,DATA_20260309_150000.BIN,13.5374,62.0378,11.9342,62.0378,1.3310,1,125.575,125.661
1557,DATA_20260309_150000.BIN,11.9342,53.3655,13.6244,53.3655,1.8590,1,38.270,50.454
1558,DATA_20260309_150000.BIN,13.6244,83.0069,40.1854,83.0069,1.9470,1,144.080,144.482
1559,DATA_20260309_150000.BIN,40.1854,64.1793,42.9762,64.1793,1.6170,1,12.057,81.808
1560,DATA_20260309_150000.BIN,42.9762,75.8796,9.2103,75.8796,1.1550,1,155.536,155.855
1561,DATA_20260309_150000.BIN,9.2103,57.9032,13.3739,57.9032,1.4850,1,69.837,109.991
1562,DATA_20260309_150000.BIN,13.3739,47.5179,6.1888,47.5179,1.7930,1,66.141,111.859
1563,DATA_20260309_150000.BIN,6.1888,77.2476,32.2080,77.2476,2.2770,1,57.264,61.351
1564,DATA_20260309_150000.BIN,32.2080,79.6923,31.1710,79.6923,1.6500,1,84.559,100.580
1565,DATA_20260309_150000.BIN,31.1710,65.5480,16.1566,65.5480,1.3200,1,118.414,160.965
1566,DATA_20260309_150000.BIN,16.1566,59.4836,39.2274,59.4836,1.4520,1,94.843,97.089
1567,DATA_20260309_150000.BIN,39.2274,32.0434,43.9504,43.9504,0.8910,1,132.228,132.453
1568,DATA_20260309_150000.BIN,43.9504,79.6181,7.3352,79.6181,2.3320,1,109.394,124.942
1569,DATA_20260309_150000.BIN,7.3352,80.0369,33.4805,80.0369,1.8810,1,57.553,70.867
1570,DATA_20260309_150000.BIN,41.1334,75.7410,67.6509,75.7410,1.5070,1,85.265,87.665
1571,DATA_20260309_150000.BIN,67.6509,72.8038,42.2637,72.8038,1.8260,1,97.522,147.294
1572,DATA_20260309_150000.BIN,42.2637,62.8998,25.8976,62.8998,1.6940,1,68.036,117.704
1573,DATA_20260309_150000.BIN,25.8976,77.1340,18.2978,77.1340,2.1340,1,98.477,99.591
1574,DATA_20260309_150000.BIN,18.2978,65.4446,26.5934,65.4446,1.6500,1,21.882,27.842
1575,DATA_20260309_150000.BIN,26.5934,63.1785,42.4509,63.1785,0.8140,1,123.297,134.809
1576,DATA_20260309_150000.BIN,42.4509,85.3738,12.6639,85.3738,1.2320,1,124.907,132.309
1577,DATA_20260309_150000.BIN,12.6639,70.7150,21.4796,70.7150,2.4530,1,111.356,133.526
1578,DATA_20260309_150000.BIN,21.4796,72.4442,19.4560,72.4442,2.1780,1,98.006,98.191
1579,DATA_20260309_150000.BIN,19.4560,66.9256,26.5872,66.9256,1.9910,1,138.114,140.137
1580,DATA_20260309_150000.BIN,42.3695,77.0742,17.6192,77.0742,0.9790,1,140.053,166.210
1581,DATA_20260309_150000.BIN,17.6192,81.3133,7.8824,81.3133,1.5070,1,111.152,151.057
1582,DATA_20260309_150000.BIN,7.8824,53.1069,34.5922,53.1069,1.4850,1,64.255,74.865
1583,DATA_20260309_150000.BIN,34.5922,68.5917,43.8903,68.5917,1.1660,1,71.616,83.203
1584,DATA_20260309_150000.BIN,43.8903,85.3347,20.2725,85.3347,2.1120,1,15.721,22.858
1585,DATA_20260309_150000.BIN,20.2725,71.7974,15.0254,71.7974,1.2760,1,133.929,136.115
1586,DATA_20260309_150000.BIN,15.0254,76.6740,56.7118,76.6740,1.9580,1,84.009,99.288
1587,DATA_20260309_150000.BIN,56.7118,75.6955,55.5206,75.6955,1.1990,1,140.290,155.316
1588,DATA_20260309_150000.BIN,55.5206,38.3967,52.1462,52.1462,1.2980,1,120.965,125.545
1589,DATA_20260309_150000.BIN,52.1462,82.2741,14.1897,82.2741,0.9680,1,124.671,176.077
1590,DATA_20260309_150000.BIN,34.0886,33.8139,19.5775,33.8139,1.1440,1,36.474,36.646
1591,DATA_20260309_150000.BIN,19.5775,72.3937,33.7162,72.3937,2.2000,1,149.501,162.503
1592,DATA_20260309_150000.BIN,36.6991,80.6922,22.0222,80.6922,1.2980,1,54.515,130.926
1593,DATA_20260309_150000.BIN,22.0222,68.3385,15.2745,68.3385,0.8690,1,88.940,91.888
1594,DATA_20260309_150000.BIN,15.2745,33.7867,34.4452,34.4452,4.6420,1,70.373,107.838
1595,DATA_20260309_150000.BIN,34.4452,61.5537,14.5123,61.5537,1.5180,1,37.274,46.620
1596,DATA_20260309_150000.BIN,14.5123,80.2624,48.0335,80.2624,1.5290,1,21.798,26.655
1597,DATA_20260309_150000.BIN,48.0335,78.7978,33.0962,78.7978,1.1660,1,43.224,67.111
1598,DATA_20260309_150000.BIN,33.0962,60.8148,54.5754,60.8148,1.2430,1,59.329,120.667
1599,DATA_20260309_150000.BIN,11.9985,41.0772,18.6556,41.0772,3.5750,1,73.837,85.628
1600,DATA_20260309_150000.BIN,18.6556,53.9365,42.8289,53.9365,1.9250,1,144.678,156.455
1601,DATA_20260309_150000.BIN,42.8289,63.3892,25.9496,63.3892,2.7060,1,68.457,157.560
1602,DATA_20260309_150000.BIN,12.9106,67.8225,37.1087,67.8225,0.9790,1,40.242,40.471
1603,DATA_20260309_150000.BIN,37.1087,53.0224,20.0807,53.0224,2.0130,1,112.864,114.137
1604,DATA_20260309_150000.BIN,20.0807,54.9126,13.4267,54.9126,0.7590,1,124.375,147.163
1605,DATA_20260309_150000.BIN,13.4267,24.2159,31.4683,31.4683,1.6390,1,73.950,99.992
1606,DATA_20260309_150000.BIN,31.4683,45.7330,5.9202,45.7330,2.0900,1,152.428,157.937
1607,DATA_20260309_150000.BIN,5.9202,70.8210,23.8520,70.8210,1.7490,1,32.770,37.401
1608,DATA_20260309_150000.BIN,23.8520,77.1858,43.7137,77.1858,1.9580,1,87.500,89.092
1609,DATA_20260309_150000.BIN,43.7137,17.7359,41.8517,41.8517,1.1220,1,61.873,102.209
1610,DATA_20260309_150000.BIN,41.8517,56.6151,15.9715,56.6151,2.0790,1,70.190,76.234
1611,DATA_20260309_150000.BIN,15.9715,70.5537,10.9252,70.5537,1.8480,1,99.213,99.918
1612,DATA_20260309_150000.BIN,10.9252,38.0505,25.0873,38.0505,3.3660,1,97.485,97.700
1613,DATA_20260309_150000.BIN,25.0873,4.9133,30.2240,30.2240,1.4630,1,38.712,49.465
1614,DATA_20260309_150000.BIN,30.2240,52.0891,8.3425,52.0891,0.9460,1,48.577,49.091
1615,DATA_20260309_150000.BIN,8.3425,12.9588,4.7178,12.9588,1.0450,1,38.419,39.349
1616,DATA_20260309_150000.BIN,4.7178,76.3713,39.4210,76.3713,2.1560,1,82.990,83.359
1617,DATA_20260309_150000.BIN,39.4210,77.7603,20.1945,77.7603,0.8140,1,105.788,109.959
1618,DATA_20260309_150000.BIN,20.1945,60.1658,14.5271,60.1658,1.9250,1,142.418,143.174
1619,DATA_20260309_150000.BIN,14.5271,56.4894,18.0071,56.4894,0.7370,1,45.593,53.647
1620,DATA_20260309_150000.BIN,18.0071,56.4698,25.7964,56.4698,1.6830,1,44.698,45.770
1621,DATA_20260309_150000.BIN,25.7964,59.3338,62.2827,62.2827,1.7380,1,22.057,52.926
1622,DATA_20260309_150000.BIN,62.2827,84.8267,38.3861,84.8267,0.8250,1,59.247,142.830
1623,DATA_20260309_150000.BIN,38.3861,66.4607,27.8805,66.4607,1.1770,1,56.531,172.527
1624,DATA_20260309_150000.BIN,58.6713,82.6908,55.0897,82.6908,1.4960,1,55.543,90.413
1625,DATA_20260309_150000.BIN,55.0897,59.0629,31.0075,59.0629,1.4190,1,66.236,115.121
1626,DATA_20260309_150000.BIN,31.0075,63.8746,45.1880,63.8746,1.3860,1,17.836,19.539
1627,DATA_20260309_150000.BIN,45.1880,75.9514,16.7458,75.9514,0.8690,1,79.923,171.521
1628,DATA_20260309_150000.BIN,16.7458,65.7780,44.1224,65.7780,1.0780,1,42.063,42.209
1629,DATA_20260309_150000.BIN,44.1224,62.2742,24.8278,62.2742,1.2870,1,80.554,121.476
1630,DATA_20260309_150000.BIN,24.8278,83.5916,38.1743,83.5916,1.2870,1,39.806,132.657
1631,DATA_20260309_150000.BIN,38.1743,48.0036,35.4360,48.0036,1.7270,1,38.121,67.156
1632,DATA_20260309_150000.BIN,35.4360,31.2329,3.1153,31.2329,1.6060,1,40.106,41.566
1633,DATA_20260309_150000.BIN,3.1153,77.0210,20.2461,77.0210,3.0800,1,35.442,43.063
1634,DATA_20260309_150000.BIN,20.2461,52.4511,31.0620,52.4511,2.1670,1,38.445,56.122
1635,DATA_20260309_150000.BIN,31.0620,73.1355,20.3459,73.1355,0.6930,1,70.915,71.243
1636,DATA_20260309_150000.BIN,20.3459,59.1237,1.4126,59.1237,0.7810,1,57.041,60.692
1637,DATA_20260309_150000.BIN,1.4126,40.2881,1.4097,40.2881,1.2430,1,25.773,26.821
1638,DATA_20260309_150000.BIN,1.4097,41.8876,5.4610,41.8876,2.7830,1,23.240,24.158
1639,DATA_20260309_150000.BIN,5.4610,28.7461,6.6256,28.7461,1.2980,1,106.468,109.072
1640,DATA_20260309_150000.BIN,6.6256,16.9040,34.0709,34.0709,1.1110,1,29.685,31.071
1641,DATA_20260309_150000.BIN,34.0709,23.4459,19.8329,23.4459,1.5730,1,100.363,108.840
1642,DATA_20260309_150000.BIN,23.9261,68.1321,24.9988,68.1321,1.3200,1,41.234,45.648
1643,DATA_20260309_150000.BIN,37.1255,48.8036,33.9834,48.8036,1.4630,1,112.276,140.448
1644,DATA_20260309_150000.BIN,33.9834,65.6313,7.4063,65.6313,1.7710,1,98.662,108.122
1645,DATA_20260309_150000.BIN,7.4063,54.0108,25.2151,54.0108,1.7600,1,53.266,56.644
1646,DATA_20260309_150000.BIN,25.2151,44.0885,17.9506,44.0885,2.5190,1,121.834,125.871
1647,DATA_20260309_150000.BIN,17.9506,28.9205,5.0515,28.9205,3.4430,1,75.242,97.037
1648,DATA_20260309_150000.BIN,5.0515,45.5822,14.7171,45.5822,2.1890,1,68.563,111.188
1649,DATA_20260309_150000.BIN,14.7171,45.1239,5.3620,45.1239,1.0120,1,61.918,62.382
1650,DATA_20260309_150000.BIN,5.3620,18.6687,27.6865,27.6865,1.1990,1,83.782,88.019
1651,DATA_20260309_150000.BIN,27.6865,71.7596,59.6738,71.7596,2.2550,1,88.371,89.079
1652,DATA_20260309_150000.BIN,59.6738,58.2807,22.2593,58.2807,1.5840,1,96.598,125.833
1653,DATA_20260309_150000.BIN,22.2593,80.4233,17.6776,80.4233,1.3750,1,14.423,30.747
1654,DATA_20260309_150000.BIN,17.6776,59.7485,44.3772,59.7485,1.3750,1,81.037,90.704
1655,DATA_20260309_150000.BIN,44.3772,50.5548,3.6519,50.5548,1.2980,1,99.666,99.693
1656,DATA_20260309_150000.BIN,3.6519,73.7588,40.4092,73.7588,1.3640,1,66.883,71.457
1657,DATA_20260309_150000.BIN,40.4092,54.6222,8.7913,54.6222,1.6830,1,46.919,59.355
1658,DATA_20260309_150000.BIN,8.7913,82.1712,31.8248,82.1712,1.3090,1,95.869,96.529
1659,DATA_20260309_150000.BIN,31.8248,79.7882,26.0014,79.7882,2.3210,1,126.870,139.098
1660,DATA_20260309_150000.BIN,26.0014,68.6516,14.2317,68.6516,1.9580,1,121.404,145.877
1661,DATA_20260309_150000.BIN,14.2317,62.1123,66.6251,66.6251,1.4410,1,14.854,18.844
1662,DATA_20260309_150000.BIN,66.6251,42.2281,23.8990,42.2281,1.6280,1,54.325,122.831
1663,DATA_20260309_150000.BIN,23.8990,15.5889,11.9096,15.5889,1.0780,1,51.438,53.617
1664,DATA_20260309_150000.BIN,11.9096,55.4943,19.3641,55.4943,1.9360,1,56.158,56.159
1665,DATA_20260309_150000.BIN,19.3641,62.1214,32.6992,62.1214,1.8700,1,7.905,36.025
1666,DATA_20260309_150000.BIN,32.6992,31.2781,17.6104,31.2781,0.8580,1,68.109,69.111
1667,DATA_20260309_150000.BIN,17.6104,70.8679,21.6504,70.8679,3.0580,1,33.293,37.784
1668,DATA_20260309_150000.BIN,21.6504,23.3987,6.6240,23.3987,0.9790,1,108.455,112.238
1669,DATA_20260309_150000.BIN,6.6240,38.5762,10.8213,38.5762,1.4850,1,9.733,20.445
1670,DATA_20260309_150000.BIN,10.8213,46.9895,18.9697,46.9895,1.7050,1,28.395,32.589
1671,DATA_20260309_150000.BIN,2.9084,71.4949,13.2538,71.4949,3.1350,1,4.920,15.788
1672,DATA_20260309_150000.BIN,45.5849,53.1046,2.2829,53.1046,2.8820,1,140.656,172.558
1673,DATA_20260309_150000.BIN,2.2829,64.6515,15.4718,64.6515,2.6180,1,24.881,27.047
1674,DATA_20260309_150000.BIN,15.4718,47.8713,10.2669,47.8713,1.5510,1,36.234,37.949
1675,DATA_20260309_150000.BIN,10.2669,32.9765,11.0677,32.9765,1.0780,1,38.084,46.952
1676,DATA_20260309_150000.BIN,43.2495,32.8194,23.8606,32.8194,1.1330,1,119.999,131.296
1677,DATA_20260309_150000.BIN,23.8606,63.2284,7.9839,63.2284,2.1890,1,37.986,59.428
1678,DATA_20260309_150000.BIN,7.9839,30.9906,17.4553,30.9906,1.2760,1,53.491,64.060
1679,DATA_20260309_150000.BIN,17.4553,41.7907,16.2536,41.7907,0.9020,1,40.652,43.086
1680,DATA_20260309_150000.BIN,16.2536,23.8432,32.1343,32.1343,1.5290,1,48.064,50.010
1681,DATA_20260309_150000.BIN,32.1343,15.1128,22.2891,22.2891,1.0560,1,41.982,57.629
1682,DATA_20260309_150000.BIN,22.2891,18.1122,42.3170,42.3170,2.2220,1,75.787,102.378
1683,DATA_20260309_150000.BIN,42.3170,61.6020,15.0327,61.6020,2.0680,1,54.534,66.644
1684,DATA_20260309_150000.BIN,15.0327,77.5369,10.0145,77.5369,1.4190,1,66.452,66.452
1685,DATA_20260309_150000.BIN,10.0145,14.6553,11.3958,14.6553,2.2440,1,49.920,53.624
1686,DATA_20260309_150000.BIN,11.3958,20.4651,12.1089,20.4651,1.5290,1,41.064,47.123
1687,DATA_20260309_150000.BIN,12.1089,70.1070,25.3351,70.1070,2.5410,1,6.884,11.498
1688,DATA_20260309_150000.BIN,25.3351,53.3431,9.9799,53.3431,1.3200,1,5.339,33.115
1689,DATA_20260309_150000.BIN,9.9799,2.6071,28.7906,28.7906,1.0450,1,44.537,45.257
1690,DATA_20260309_150000.BIN,28.7906,67.2693,28.0190,67.2693,2.2330,1,20.884,55.092
1691,DATA_20260309_150000.BIN,22.9514,31.6825,13.6532,31.6825,1.0010,1,16.995,27.304
1692,DATA_20260309_150000.BIN,13.6532,79.6623,52.7229,79.6623,1.3750,1,113.787,123.462
1693,DATA_20260309_150000.BIN,52.7229,56.7246,20.8627,56.7246,1.0120,1,152.710,173.586
1694,DATA_20260309_150000.BIN,20.8627,53.5315,14.2655,53.5315,1.1440,1,127.595,161.860
1695,DATA_20260309_150000.BIN,14.2655,75.9173,4.3808,75.9173,3.2780,1,43.347,43.557
1696,DATA_20260309_150000.BIN,4.3808,73.4416,16.4432,73.4416,1.4520,1,65.847,68.014
1697,DATA_20260309_150000.BIN,16.4432,57.0928,2.1066,57.0928,2.5520,1,66.539,66.612
1698,DATA_20260309_150000.BIN,2.1066,79.5753,37.8577,79.5753,3.0580,1,57.014,65.622
1699,DATA_20260309_150000.BIN,16.1295,76.4996,30.7288,76.4996,1.5070,1,22.674,27.300
1700,DATA_20260309_150000.BIN,30.7288,23.2037,12.4073,23.2037,1.7820,1,18.952,49.656
1701,DATA_20260309_150000.BIN,12.4073,35.7474,18.9922,35.7474,1.6500,1,2.242,2.290
1702,DATA_20260309_150000.BIN,18.9922,68.9623,8.0181,68.9623,2.0130,1,44.621,53.175
1703,DATA_20260309_150000.BIN,8.0181,25.8492,16.5619,25.8492,1.9690,1,36.374,36.733
1704,DATA_20260309_150000.BIN,1.6953,72.0642,7.2661,72.0642,5.7860,1,23.976,24.235
1705,DATA_20260309_150000.BIN,7.2661,24.9929,8.1118,24.9929,1.4740,1,30.129,35.912
1706,DATA_20260309_150000.BIN,8.1118,33.9241,5.5619,33.9241,4.4990,1,17.562,22.688
1707,DATA_20260309_150000.BIN,5.5619,22.1045,9.5323,22.1045,1.9800,1,21.676,21.717
1708,DATA_20260309_150000.BIN,24.1342,85.5944,8.3725,85.5944,4.2900,1,35.462,37.724
1709,DATA_20260309_150000.BIN,8.3725,34.9171,6.4246,34.9171,3.3880,1,23.960,31.225
1710,DATA_20260309_150000.BIN,6.4246,43.2515,9.5451,43.2515,5.2030,1,27.476,28.951
1711,DATA_20260309_150000.BIN,9.5451,5.3504,5.4291,5.4291,2.3210,1,10.105,14.958
1712,DATA_20260309_150000.BIN,5.4291,41.6497,2.2978,41.6497,3.2450,1,19.167,19.286
1713,DATA_20260309_150000.BIN,2.2978,11.2078,4.2834,11.2078,2.4750,1,34.584,50.538
1714,DATA_20260309_150000.BIN,9.4557,25.2801,1.2268,25.2801,1.6720,1,19.001,33.258
1715,DATA_20260309_150000.BIN,1.2268,21.4622,15.1596,21.4622,1.6830,1,24.687,30.891
1716,DATA_20260309_150000.BIN,15.1596,27.0651,14.4676,27.0651,3.4980,1,12.555,20.906
1717,DATA_20260309_150000.BIN,14.4676,32.2025,7.8332,32.2025,2.4200,1,16.293,18.892
1718,DATA_20260309_150000.BIN,6.4190,21.2839,3.3551,21.2839,1.4300,1,4.642,5.007
1719,DATA_20260309_150000.BIN,23.1229,69.2176,14.7670,69.2176,1.6830,1,88.911,96.459
1720,DATA_20260309_150000.BIN,14.7670,71.2195,9.0859,71.2195,3.8940,1,40.674,40.798
1721,DATA_20260309_150000.BIN,14.8780,58.8893,11.0784,58.8893,0.8140,1,82.847,84.426
1722,DATA_20260309_150000.BIN,11.0784,24.0947,7.8667,24.0947,3.7400,1,53.747,59.731
1723,DATA_20260309_150000.BIN,7.8667,37.2306,3.1203,37.2306,3.2230,1,5.611,14.366
1724,DATA_20260309_150000.BIN,4.7746,28.4753,14.1509,28.4753,3.7180,1,3.295,6.882
1725,DATA_20260309_150000.BIN,14.1509,34.1270,4.9922,34.1270,2.9700,1,14.444,31.281
1726,DATA_20260309_150000.BIN,36.6426,68.4342,12.6337,68.4342,0.9130,1,102.609,114.642
1727,DATA_20260309_150000.BIN,12.6337,67.8463,11.0232,67.8463,2.4640,1,62.959,75.653
1728,DATA_20260309_150000.BIN,11.0232,78.8522,2.5883,78.8522,1.6940,1,26.165,26.182
1729,DATA_20260309_150000.BIN,2.5883,73.0497,14.6774,73.0497,2.0240,1,75.837,112.586
1730,DATA_20260309_150000.BIN,14.6774,45.3275,25.0799,45.3275,1.1000,1,75.643,76.046
1731,DATA_20260309_150000.BIN,25.0799,55.2584,3.8482,55.2584,1.1550,1,15.097,42.167
1732,DATA_20260309_150000.BIN,3.8482,50.6893,12.9526,50.6893,2.1340,1,35.698,42.500
1733,DATA_20260309_150000.BIN,12.9526,35.7474,12.2349,35.7474,2.2110,1,21.119,22.067
1734,DATA_20260309_150000.BIN,12.2349,78.2522,31.8193,78.2522,2.2000,1,14.136,22.593
1735,DATA_20260309_150000.BIN,31.8193,60.9443,18.7124,60.9443,1.0230,1,119.813,166.588
1736,DATA_20260309_150000.BIN,18.7124,83.9994,41.2451,83.9994,1.0230,1,87.508,170.173
1737,DATA_20260309_150000.BIN,41.2451,58.3165,36.9458,58.3165,1.3420,1,144.591,144.665
1738,DATA_20260309_150000.BIN,36.9458,36.5157,35.3889,36.5157,1.6170,1,34.585,55.212
1739,DATA_20260309_150000.BIN,35.3889,58.1085,10.6141,58.1085,0.8800,1,40.655,74.388
1740,DATA_20260309_150000.BIN,10.6141,66.6227,25.7714,66.6227,3.0800,1,99.336,104.475
1741,DATA_20260309_150000.BIN,25.7714,20.9003,9.9802,20.9003,1.3970,1,15.503,48.212
1742,DATA_20260309_150000.BIN,9.9802,74.8993,5.9740,74.8993,2.1780,1,42.673,45.366
1743,DATA_20260309_150000.BIN,5.9740,64.5357,13.9701,64.5357,1.1880,1,14.748,30.559
1744,DATA_20260309_150000.BIN,13.9701,57.6715,23.5074,57.6715,1.3970,1,46.781,109.946
1745,DATA_20260309_150000.BIN,23.5074,45.1533,16.6254,45.1533,1.2430,1,66.471,84.762
1746,DATA_20260309_150000.BIN,16.6254,62.2749,16.3518,62.2749,1.0890,1,28.913,102.432
1747,DATA_20260309_150000.BIN,16.3518,70.8112,50.3350,70.8112,1.1660,1,51.385,56.990
1748,DATA_20260309_150000.BIN,50.3350,53.8855,12.8814,53.8855,1.6610,1,30.000,71.219
1749,DATA_20260309_150000.BIN,12.8814,54.0242,40.7534,54.0242,3.1350,1,57.018,143.916
1750,DATA_20260309_150000.BIN,0.5749,38.8838,15.0466,38.8838,2.8380,1,17.306,39.191
1751,DATA_20260309_150000.BIN,15.0466,3.9888,13.5761,13.5761,2.8490,1,35.096,42.110
1752,DATA_20260309_150000.BIN,13.5761,15.3326,10.1942,15.3326,2.7720,1,19.689,49.894
1753,DATA_20260309_150000.BIN,10.1942,60.2609,9.0959,60.2609,3.7510,1,26.547,39.031
1754,DATA_20260309_150000.BIN,19.4792,22.3572,6.0919,22.3572,2.3100,1,27.791,41.574
1755,DATA_20260309_150000.BIN,6.0919,20.0838,17.5896,20.0838,1.4190,1,21.598,27.596
1756,DATA_20260309_150000.BIN,17.5896,9.0528,11.7090,11.7090,2.8820,1,40.165,40.199
1757,DATA_20260309_150000.BIN,8.2514,13.7717,20.6574,20.6574,2.1890,1,9.012,22.153
1758,DATA_20260309_150000.BIN,13.3928,19.7082,41.6423,41.6423,2.6180,1,8.119,27.763
1759,DATA_20260309_150000.BIN,41.6423,54.6363,4.7734,54.6363,1.4410,1,66.712,86.709
1760,DATA_20260309_150000.BIN,4.7734,55.3976,3.7635,55.3976,1.7050,1,18.583,25.487
1761,DATA_20260309_150000.BIN,3.7635,28.4947,3.3798,28.4947,1.1550,1,13.904,16.178
1762,DATA_20260309_150000.BIN,3.3798,27.3485,27.5715,27.5715,1.3860,1,14.619,21.930
1763,DATA_20260309_150000.BIN,31.1043,82.6531,25.2918,82.6531,2.1010,1,110.361,110.408
1764,DATA_20260309_150000.BIN,25.2918,79.6320,14.1538,79.6320,2.1780,1,34.143,45.852
1765,DATA_20260309_150000.BIN,14.1538,68.2063,6.2341,68.2063,3.0030,1,64.473,72.634
1766,DATA_20260309_150000.BIN,6.2341,32.0585,11.1015,32.0585,2.4970,1,61.713,65.661
1767,DATA_20260309_150000.BIN,11.1015,52.7769,9.0536,52.7769,1.8590,1,12.026,15.108
1768,DATA_20260309_150000.BIN,23.2739,70.3774,4.8761,70.3774,4.6420,1,45.718,45.764
1769,DATA_20260309_150000.BIN,4.8761,26.8948,6.5678,26.8948,2.2990,1,56.217,59.578
1770,DATA_20260309_150000.BIN,0.6300,37.1335,4.6565,37.1335,1.5400,1,11.348,15.757
1771,DATA_20260309_150000.BIN,4.6565,11.5171,4.3889,11.5171,2.4750,1,24.652,29.218
1772,DATA_20260309_150000.BIN,4.3889,17.9345,13.3675,17.9345,2.7720,1,18.775,23.686
1773,DATA_20260309_150000.BIN,6.3390,21.1376,4.0021,21.1376,0.9020,1,68.188,76.834
1774,DATA_20260309_150000.BIN,4.0021,73.5412,24.0476,73.5412,3.0030,1,17.263,24.262
1775,DATA_20260309_150000.BIN,24.0476,70.6882,18.6421,70.6882,1.5180,1,33.897,34.809
1776,DATA_20260309_150000.BIN,18.6421,51.8555,25.8037,51.8555,1.3530,1,31.489,32.257
1777,DATA_20260309_150000.BIN,25.8037,80.3147,38.7217,80.3147,3.1240,1,105.979,109.974
1778,DATA_20260309_150000.BIN,38.7217,74.9737,38.4717,74.9737,1.7050,1,43.255,51.510
1779,DATA_20260309_150000.BIN,38.4717,74.8396,30.0847,74.8396,1.4740,1,15.331,69.959
1780,DATA_20260309_150000.BIN,30.0847,38.3246,12.0196,38.3246,1.6500,1,55.543,73.930
1781,DATA_20260309_150000.BIN,12.0196,43.8283,11.8397,43.8283,0.7700,1,60.354,64.753
1782,DATA_20260309_150000.BIN,11.8397,23.6150,17.9546,23.6150,2.0790,1,22.499,43.406
1783,DATA_20260309_150000.BIN,17.9546,16.1234,18.7008,18.7008,2.4530,1,40.093,43.775
1784,DATA_20260309_150000.BIN,18.7008,49.8080,10.8237,49.8080,2.5300,1,36.291,37.637
1785,DATA_20260309_150000.BIN,10.8237,56.0347,14.1426,56.0347,2.0240,1,45.882,45.892
1786,DATA_20260309_150000.BIN,32.9895,5.0917,19.4458,19.4458,1.4520,1,87.933,90.929
1787,DATA_20260309_150000.BIN,1.8925,29.0743,10.3844,29.0743,1.3640,1,41.182,42.522
1788,DATA_20260309_150000.BIN,10.3844,24.4813,5.8880,24.4813,1.6720,1,44.532,44.571
1789,DATA_20260309_150000.BIN,5.8880,49.5083,14.0017,49.5083,1.7160,1,48.206,50.716
1790,DATA_20260309_150000.BIN,14.0017,74.8308,44.7718,74.8308,2.3540,1,29.210,33.816
1791,DATA_20260309_150000.BIN,44.7718,83.4399,19.3501,83.4399,1.3640,1,72.416,79.222
1792,DATA_20260309_150000.BIN,19.3501,55.2760,6.7187,55.2760,2.8710,1,105.964,111.037
1793,DATA_20260309_150000.BIN,9.7149,74.3960,12.2201,74.3960,2.5410,1,18.932,20.223
1794,DATA_20260309_150000.BIN,8.9280,44.0110,24.6575,44.0110,4.0810,1,74.074,78.828
1795,DATA_20260309_150000.BIN,3.3941,23.0890,1.7197,23.0890,2.8600,1,27.045,27.566
1796,DATA_20260309_150000.BIN,1.7197,30.5051,26.1346,30.5051,1.1110,1,31.658,33.891
1797,DATA_20260309_150000.BIN,7.8321,45.6480,16.5050,45.6480,2.7830,1,9.856,19.554
1798,DATA_20260309_150000.BIN,16.5050,42.8910,17.5614,42.8910,1.2870,1,23.003,50.019
1799,DATA_20260309_150000.BIN,17.5614,42.8019,21.9451,42.8019,1.9910,1,62.660,74.820
1800,DATA_20260309_150000.BIN,21.9451,22.7508,8.9100,22.7508,2.9700,1,96.015,99.223
1801,DATA_20260309_150000.BIN,8.9100,63.1786,12.4544,63.1786,1.9800,1,31.192,35.516
1802,DATA_20260309_150000.BIN,12.4544,48.9600,16.8602,48.9600,2.2440,1,82.155,109.225
1803,DATA_20260309_150000.BIN,16.2781,8.5742,15.3656,15.3656,1.7600,1,25.490,25.651
1804,DATA_20260309_150000.BIN,15.3656,29.8142,8.9285,29.8142,1.5180,1,24.477,30.046
1805,DATA_20260309_150000.BIN,8.9285,48.4734,4.9774,48.4734,2.9810,1,91.281,109.537
1806,DATA_20260309_150000.BIN,4.9774,44.4146,14.6832,44.4146,2.0130,1,13.561,18.507
1807,DATA_20260309_150000.BIN,14.6832,49.0486,6.2668,49.0486,3.6520,1,27.549,32.361
1808,DATA_20260309_150000.BIN,6.2668,38.5029,16.5540,38.5029,3.2560,1,22.651,40.223
1809,DATA_20260309_150000.BIN,16.5540,20.3734,23.6554,23.6554,1.7710,1,155.731,159.181
1810,DATA_20260309_150000.BIN,11.4272,49.5065,4.1210,49.5065,2.3430,1,36.291,60.532
1811,DATA_20260309_150000.BIN,4.1210,38.9661,5.3818,38.9661,1.5180,1,16.378,17.016
1812,DATA_20260309_150000.BIN,5.3818,40.4462,7.1659,40.4462,2.5630,1,126.025,128.804
1813,DATA_20260309_150000.BIN,7.1659,47.2047,7.5241,47.2047,1.4520,1,13.307,32.845
1814,DATA_20260309_150000.BIN,0.2176,19.8862,3.2305,19.8862,6.5450,1,27.960,29.727
1815,DATA_20260309_150000.BIN,3.2305,69.5602,19.1323,69.5602,3.7840,1,17.353,17.471
1816,DATA_20260309_150000.BIN,19.1323,62.8273,20.1238,62.8273,1.1000,1,29.538,35.188
1817,DATA_20260309_150000.BIN,20.1238,61.2367,9.5797,61.2367,0.6820,1,33.798,34.231
1818,DATA_20260309_150000.BIN,9.5797,46.0210,16.6150,46.0210,2.7280,1,111.284,144.086
1819,DATA_20260309_150000.BIN,16.6150,20.3564,8.1852,20.3564,2.0900,1,14.367,16.656
1820,DATA_20260309_150000.BIN,8.1852,27.8980,4.5555,27.8980,1.1110,1,13.133,13.250
1821,DATA_20260309_150000.BIN,4.5555,12.1142,9.6000,12.1142,3.2010,1,11.792,11.898
1822,DATA_20260309_150000.BIN,9.6000,29.1004,8.4521,29.1004,2.2440,1,17.571,19.013
1823,DATA_20260309_150000.BIN,8.4521,11.3858,7.5775,11.3858,1.6830,1,25.104,25.682
1824,DATA_20260309_150000.BIN,7.5775,9.0077,14.4298,14.4298,3.0910,1,16.949,20.414
1825,DATA_20260309_150000.BIN,7.3452,29.5082,4.4667,29.5082,2.8160,1,15.299,15.799
1826,DATA_20260309_150000.BIN,4.4667,18.5683,10.2743,18.5683,2.1670,1,27.327,42.949
1827,DATA_20260309_150000.BIN,10.2743,20.2328,1.0855,20.2328,2.8160,1,15.814,16.938
1828,DATA_20260309_150000.BIN,1.0855,2.1112,4.4587,4.4587,1.1990,1,10.148,31.359
1829,DATA_20260309_150000.BIN,5.1719,26.6510,6.4702,26.6510,2.0790,1,16.433,26.225
1830,DATA_20260309_150000.BIN,38.1653,70.3116,13.8671,70.3116,2.4200,1,74.600,77.568
1831,DATA_20260309_150000.BIN,13.8671,12.5030,10.9989,12.5030,1.7820,1,33.178,33.181
1832,DATA_20260309_150000.BIN,10.9989,27.0323,10.8974,27.0323,5.4120,1,5.637,5.853
1833,DATA_20260309_150000.BIN,10.8974,34.1846,5.7268,34.1846,3.9380,1,27.166,32.665
1834,DATA_20260309_150000.BIN,5.7268,47.4637,11.7466,47.4637,4.0370,1,27.658,27.933
1835,DATA_20260309_150000.BIN,11.7466,8.5669,8.9383,8.9383,2.8490,1,26.754,26.794
1836,DATA_20260309_150000.BIN,8.9383,14.9646,4.2665,14.9646,1.9360,1,18.765,22.201
1837,DATA_20260309_150000.BIN,4.2665,24.9985,5.2967,24.9985,2.4090,1,9.523,9.853
1838,DATA_20260309_150000.BIN,5.2967,69.2722,9.2677,69.2722,1.6610,1,32.959,37.975
1839,DATA_20260309_150000.BIN,9.2677,32.2706,9.0346,32.2706,4.0590,1,28.655,31.953
1840,DATA_20260309_150000.BIN,9.0346,27.8168,9.0413,27.8168,1.9800,1,27.894,28.190
1841,DATA_20260309_150000.BIN,8.1745,9.9924,6.7016,9.9924,0.9680,1,12.003,12.115
1842,DATA_20260309_150000.BIN,6.7016,30.7588,3.7257,30.7588,0.9020,1,3.276,5.721
1843,DATA_20260309_150000.BIN,11.9303,17.4567,14.0425,17.4567,1.3530,1,26.306,26.537
1844,DATA_20260309_150000.BIN,14.0425,14.1484,14.1410,14.1484,1.5180,1,8.331,30.830
1845,DATA_20260309_150000.BIN,14.1410,24.7971,8.7460,24.7971,4.6640,1,23.878,23.891
1846,DATA_20260309_150000.BIN,8.7460,69.8462,9.0999,69.8462,1.5180,1,14.109,14.117
1847,DATA_20260309_150000.BIN,20.6120,70.3135,9.6949,70.3135,3.4210,1,12.657,36.843
1848,DATA_20260309_150000.BIN,9.6949,31.8149,4.3211,31.8149,3.4760,1,4.108,10.220
1849,DATA_20260309_150000.BIN,4.3211,33.1654,8.3670,33.1654,2.2220,1,4.453,5.027
1850,DATA_20260309_150000.BIN,8.3670,34.4209,13.8741,34.4209,1.9690,1,52.595,52.998
1851,DATA_20260309_150000.BIN,13.8741,15.4645,5.1184,15.4645,4.1910,1,5.752,24.235
1852,DATA_20260309_150000.BIN,5.1184,22.4855,5.5665,22.4855,0.9350,1,29.292,35.179
1853,DATA_20260309_150000.BIN,5.5665,28.1342,8.9306,28.1342,2.5410,1,5.212,6.584
1854,DATA_20260309_150000.BIN,8.9306,27.9854,17.0106,27.9854,4.3010,1,15.578,16.328
1855,DATA_20260309_150000.BIN,6.2360,30.5854,10.9840,30.5854,2.1780,1,23.905,35.589
1856,DATA_20260309_150000.BIN,10.9840,7.2937,8.0295,8.0295,2.6400,1,9.505,23.386
1857,DATA_20260309_150000.BIN,8.0295,13.8430,11.4474,13.8430,1.1880,1,3.968,15.448
1858,DATA_20260309_150000.BIN,11.4474,24.1428,12.1300,24.1428,2.7170,1,35.877,40.915
1859,DATA_20260309_150000.BIN,12.1300,21.9710,10.0154,21.9710,1.3860,1,12.749,25.407
1860,DATA_20260309_150000.BIN,10.0154,7.8663,11.4647,11.4647,1.9140,1,11.068,12.814
1861,DATA_20260309_150000.BIN,11.4647,48.0779,11.0689,48.0779,2.9590,1,34.591,40.123
1862,DATA_20260309_150000.BIN,11.0689,39.0827,5.2605,39.0827,2.7060,1,6.309,45.588
1863,DATA_20260309_150000.BIN,5.2605,39.5220,18.8029,39.5220,1.1330,1,10.211,10.255
1864,DATA_20260309_150000.BIN,21.8604,49.7341,25.5843,49.7341,1.4740,1,27.290,28.830
1865,DATA_20260309_150000.BIN,25.5843,63.0797,15.0887,63.0797,2.0460,1,48.892,49.862
1866,DATA_20260309_150000.BIN,15.0887,26.8455,8.3730,26.8455,1.0450,1,30.787,40.519
1867,DATA_20260309_150000.BIN,8.3730,20.5274,19.7666,20.5274,2.3100,1,16.966,24.276
1868,DATA_20260309_150000.BIN,19.7666,24.0126,6.4080,24.0126,3.1900,1,42.506,43.698
1869,DATA_20260309_150000.BIN,6.4080,32.4863,10.6316,32.4863,5.0930,1,28.213,40.636
1870,DATA_20260309_150000.BIN,10.6316,33.5731,22.7442,33.5731,5.4670,1,34.953,42.654
1871,DATA_20260309_150000.BIN,22.7442,43.4714,14.3268,43.4714,2.4860,1,29.701,33.839
1872,DATA_20260309_150000.BIN,13.5919,53.2962,27.5213,53.2962,1.4190,1,152.980,153.008
1873,DATA_20260309_150000.BIN,27.5213,52.9491,20.4166,52.9491,1.4080,1,84.830,84.844
1874,DATA_20260309_150000.BIN,20.4166,53.2749,16.0218,53.2749,1.1440,1,23.662,25.867
1875,DATA_20260309_150000.BIN,16.0218,63.5948,21.1045,63.5948,1.2210,1,78.097,78.757
1876,DATA_20260309_150000.BIN,21.1045,30.3551,5.0118,30.3551,2.9370,1,57.029,57.349
1877,DATA_20260309_150000.BIN,5.0118,46.4512,16.7940,46.4512,1.8370,1,6.149,21.097
1878,DATA_20260309_150000.BIN,17.4330,15.6281,22.8540,22.8540,1.0560,1,12.272,27.837
1879,DATA_20260309_150000.BIN,8.9261,30.0384,6.4933,30.0384,1.4740,1,42.143,45.274
1880,DATA_20260309_150000.BIN,6.4933,10.7609,6.4791,10.7609,3.3880,1,20.280,29.600
1881,DATA_20260309_150000.BIN,6.4791,40.3040,6.4862,40.3040,3.7290,1,12.744,12.982
1882,DATA_20260309_150000.BIN,6.4862,36.4353,6.5598,36.4353,0.9680,1,11.471,11.686
1883,DATA_20260309_150000.BIN,6.5598,32.5478,9.6260,32.5478,2.1340,1,9.948,11.539
1884,DATA_20260309_150000.BIN,12.0822,26.0745,6.6480,26.0745,2.6290,1,23.146,23.170
1885,DATA_20260309_150000.BIN,6.6480,32.1994,15.7201,32.1994,1.0560,1,13.733,15.040
1886,DATA_20260309_150000.BIN,6.6510,39.8936,8.4430,39.8936,1.3530,1,12.366,13.540
1887,DATA_20260309_150000.BIN,12.0727,32.4381,11.6441,32.4381,2.0240,1,18.573,18.718
1888,DATA_20260309_150000.BIN,11.0161,42.5009,16.6866,42.5009,1.9470,1,9.322,9.708
1889,DATA_20260309_150000.BIN,16.6866,37.4949,12.1204,37.4949,1.5730,1,19.226,19.765
1890,DATA_20260309_150000.BIN,21.4039,33.2209,12.4039,33.2209,1.0340,1,37.683,37.924
1891,DATA_20260309_150000.BIN,12.4039,36.7757,12.4039,36.7757,1.9250,1,16.076,16.703
1892,DATA_20260309_150000.BIN,12.4039,36.8105,8.4247,36.8105,1.2540,1,14.469,15.033
1893,DATA_20260309_150000.BIN,8.4247,36.8642,12.1606,36.8642,1.6940,1,15.269,16.221
1894,DATA_20260309_150000.BIN,12.1606,23.9202,2.1571,23.9202,2.5080,1,23.593,24.235
1895,DATA_20260309_150000.BIN,2.1571,30.4822,12.3628,30.4822,1.3090,1,10.179,19.125
1896,DATA_20260309_150000.BIN,12.3628,32.9157,13.5596,32.9157,2.9370,1,17.100,17.530
1897,DATA_20260309_150000.BIN,3.7523,22.9018,19.2506,22.9018,1.7820,1,8.463,14.542
1898,DATA_20260309_150000.BIN,19.2506,31.5489,3.7501,31.5489,2.1120,1,37.011,37.098
1899,DATA_20260309_150000.BIN,5.9123,41.5322,2.6521,41.5322,2.0570,1,24.626,31.843
1900,DATA_20260309_150000.BIN,2.6521,20.0828,4.4328,20.0828,1.9250,1,16.647,26.367
1901,DATA_20260309_150000.BIN,4.4328,21.4034,14.6631,21.4034,1.6830,1,13.771,23.263
1902,DATA_20260309_150000.BIN,14.6631,25.6625,8.5368,25.6625,1.6060,1,49.117,50.899
1903,DATA_20260309_150000.BIN,8.5368,6.3705,4.0585,6.3705,2.1890,1,23.662,25.359
1904,DATA_20260309_150000.BIN,4.0585,31.3589,3.8519,31.3589,3.5970,1,13.760,20.729
1905,DATA_20260309_150000.BIN,29.7015,25.5742,18.9149,25.5742,2.0680,1,31.309,33.539
1906,DATA_20260309_150000.BIN,3.6223,47.0015,7.8870,47.0015,3.3660,1,116.177,116.187
1907,DATA_20260309_150000.BIN,7.8870,22.5297,9.6039,22.5297,1.0450,1,17.319,17.325
1908,DATA_20260309_150000.BIN,9.6039,19.4906,8.2764,19.4906,1.4520,1,23.969,24.791
1909,DATA_20260309_150000.BIN,8.2764,22.7302,4.0830,22.7302,2.4860,1,17.050,17.084
1910,DATA_20260309_150000.BIN,4.0830,25.1067,9.0574,25.1067,3.7180,1,9.164,9.205
1911,DATA_20260309_150000.BIN,9.0574,72.6492,33.0181,72.6492,3.6080,1,14.243,16.227
1912,DATA_20260309_150000.BIN,33.0181,67.1877,10.1909,67.1877,2.7280,1,157.736,167.482
1913,DATA_20260309_150000.BIN,10.1909,83.4055,26.3691,83.4055,1.6610,1,22.167,41.225
1914,DATA_20260309_150000.BIN,26.3691,78.6372,17.0602,78.6372,1.5400,1,81.797,85.710
1915,DATA_20260309_150000.BIN,17.0602,28.1539,22.8474,28.1539,2.0020,1,21.879,21.891
1916,DATA_20260309_150000.BIN,22.8474,17.1185,3.0614,17.1185,1.8590,1,17.271,44.343
1917,DATA_20260309_150000.BIN,3.0614,19.8942,11.1970,19.8942,4.3890,1,30.569,43.861
1918,DATA_20260309_150000.BIN,11.1970,26.9446,11.6490,26.9446,3.2120,1,16.038,19.243
1919,DATA_20260309_150000.BIN,11.6490,52.7578,0.8050,52.7578,3.3110,1,19.604,24.708
1920,DATA_20260309_150000.BIN,0.8050,54.1984,12.2198,54.1984,3.9270,1,25.867,37.508
1921,DATA_20260309_150000.BIN,12.2198,18.4702,17.0354,18.4702,0.9240,1,25.806,28.206
1922,DATA_20260309_150000.BIN,17.0354,39.5762,7.2200,39.5762,3.8610,1,31.578,31.579
1923,DATA_20260309_150000.BIN,7.2200,26.4137,19.8033,26.4137,1.4190,1,21.490,24.487
1924,DATA_20260309_150000.BIN,15.7921,19.7383,6.9979,19.7383,1.5290,1,46.027,46.402
1925,DATA_20260309_150000.BIN,6.9979,19.7500,11.1791,19.7500,1.9910,1,9.837,9.902
1926,DATA_20260309_150000.BIN,11.1791,36.2988,12.2453,36.2988,3.8280,1,25.926,26.904
1927,DATA_20260309_150000.BIN,12.2453,12.2398,3.8564,12.2398,2.0020,1,16.597,39.513
1928,DATA_20260309_150000.BIN,3.8564,14.9794,11.4381,14.9794,2.0900,1,15.666,23.815
1929,DATA_20260309_150000.BIN,3.4754,49.5855,7.1470,49.5855,3.0580,1,18.221,29.284
1930,DATA_20260309_150000.BIN,7.1470,30.6202,7.0016,30.6202,1.4740,1,17.978,19.221
1931,DATA_20260309_150000.BIN,18.4357,30.8024,12.9565,30.8024,3.4320,1,23.488,33.725
1932,DATA_20260309_150000.BIN,12.9565,14.5737,15.5962,15.5962,1.7270,1,26.600,30.589
1933,DATA_20260309_150000.BIN,15.5962,27.6824,9.4189,27.6824,4.1690,1,12.825,21.262
1934,DATA_20260309_150000.BIN,9.4189,5.5824,6.3046,6.3046,1.1000,1,10.833,13.777
1935,DATA_20260309_150000.BIN,36.1328,67.3756,7.3785,67.3756,3.5200,1,24.873,67.056
1936,DATA_20260309_150000.BIN,7.3785,18.6688,6.9801,18.6688,3.0140,1,12.561,13.726
1937,DATA_20260309_150000.BIN,6.9801,25.6537,3.6960,25.6537,3.1130,1,6.891,12.913
1938,DATA_20260309_150000.BIN,3.6960,20.1578,3.3584,20.1578,1.1770,1,9.063,18.347
1939,DATA_20260309_150000.BIN,3.3584,32.0321,0.2447,32.0321,2.0790,1,7.868,11.488
1940,DATA_20260309_150000.BIN,0.2447,16.3684,3.8499,16.3684,5.8740,1,6.670,10.542
1941,DATA_20260309_150000.BIN,3.8499,80.5795,14.8351,80.5795,2.8490,1,5.743,14.527
1942,DATA_20260309_150000.BIN,9.4487,15.7945,10.2480,15.7945,1.9250,1,29.080,30.096
1943,DATA_20260309_150000.BIN,10.2480,36.8102,14.5656,36.8102,2.4860,1,28.368,31.823
1944,DATA_20260309_150000.BIN,14.5656,15.0275,14.5656,15.0275,1.8810,1,24.350,25.004
1945,DATA_20260309_150000.BIN,5.4360,30.7772,12.7952,30.7772,2.6730,1,13.827,28.093
1946,DATA_20260309_150000.BIN,12.7952,24.0565,10.7079,24.0565,1.1220,1,14.411,53.465
1947,DATA_20260309_150000.BIN,10.7079,16.7882,10.1847,16.7882,2.3870,1,13.461,13.662
1948,DATA_20260309_150000.BIN,10.1847,20.8202,16.7562,20.8202,1.3200,1,13.776,13.962
1949,DATA_20260309_150000.BIN,7.1523,20.0903,10.6975,20.0903,1.8700,1,5.313,5.667
1950,DATA_20260309_150000.BIN,10.6975,10.6975,8.6372,10.6975,3.7950,1,10.826,10.935
1951,DATA_20260309_150000.BIN,8.6372,18.3629,10.8475,18.3629,1.2320,1,14.385,17.018
1952,DATA_20260309_150000.BIN,10.8475,15.2743,6.8921,15.2743,2.0240,1,42.637,55.245
1953,DATA_20260309_150000.BIN,6.8921,41.6027,8.9132,41.6027,3.2670,1,6.199,32.776
1954,DATA_20260309_150000.BIN,8.9132,32.8616,10.1802,32.8616,3.0690,1,13.168,31.525
1955,DATA_20260309_150000.BIN,10.1802,23.7782,8.9170,23.7782,2.2110,1,12.203,15.865
1956,DATA_20260309_150000.BIN,8.9170,27.4011,13.4901,27.4011,2.2440,1,11.206,14.649
1957,DATA_20260309_150000.BIN,6.4998,24.7743,12.8734,24.7743,4.1140,1,10.165,12.012
1958,DATA_20260309_150000.BIN,12.4467,17.8824,9.8507,17.8824,1.1880,1,14.916,34.744
1959,DATA_20260309_150000.BIN,9.8507,36.5607,9.8606,36.5607,3.2230,1,20.530,22.416
1960,DATA_20260309_150000.BIN,6.5883,13.4022,9.3573,13.4022,1.1330,1,11.279,14.009
1961,DATA_20260309_150000.BIN,9.3573,32.3332,6.2692,32.3332,4.0150,1,10.286,10.286
1962,DATA_20260309_150000.BIN,7.7447,20.1118,14.4902,20.1118,5.3790,1,11.009,41.505
1963,DATA_20260309_150000.BIN,9.4729,37.0151,4.8679,37.0151,4.8510,1,2.695,4.815
1964,DATA_20260309_150000.BIN,3.8049,36.5281,4.8798,36.5281,3.1570,1,10.683,11.373
1965,DATA_20260309_150000.BIN,9.4776,28.0404,4.8703,28.0404,1.3530,1,2.574,4.727
1966,DATA_20260309_150000.BIN,4.8703,9.6017,4.8679,9.6017,1.1000,1,33.000,52.289
1967,DATA_20260309_150000.BIN,4.8703,17.4234,13.3209,17.4234,5.1700,1,5.705,5.705
1968,DATA_20260309_150000.BIN,13.4825,18.2412,3.0397,18.2412,1.4960,1,14.485,33.151
1969,DATA_20260309_150000.BIN,17.9202,9.3078,9.3030,9.3078,1.6060,1,22.759,28.964
1970,DATA_20260309_150000.BIN,9.3030,33.4157,13.3561,33.4157,2.6400,1,4.881,21.810
1971,DATA_20260309_150000.BIN,13.3561,33.4459,13.3275,33.4459,1.8590,1,10.027,21.624
1972,DATA_20260309_150000.BIN,13.3275,9.3030,8.4712,9.3030,1.7050,1,8.828,22.126
1973,DATA_20260309_150000.BIN,8.4712,22.2610,6.2824,22.2610,3.8170,1,8.548,20.129
1974,DATA_20260309_150000.BIN,16.2948,33.1539,18.0465,33.1539,1.7270,1,23.415,25.035
1975,DATA_20260309_150000.BIN,18.0465,42.5054,10.6654,42.5054,2.8050,1,28.172,29.252
1976,DATA_20260309_150000.BIN,10.6654,20.4125,4.6786,20.4125,1.5620,1,25.301,26.265
1977,DATA_20260309_150000.BIN,4.6786,12.3962,13.8616,13.8616,2.2880,1,15.289,16.594
1978,DATA_20260309_150000.BIN,13.8616,9.1019,3.0167,9.1019,2.9810,1,64.780,65.181
1979,DATA_20260309_150000.BIN,3.0167,49.6066,8.5029,49.6066,4.7410,1,21.464,34.975
1980,DATA_20260309_150000.BIN,8.5029,9.3668,8.2775,9.3668,4.4880,1,24.546,25.744
1981,DATA_20260309_150000.BIN,8.2775,33.1081,9.3668,33.1081,2.5740,1,18.832,20.180
1982,DATA_20260309_150000.BIN,9.3668,24.0991,9.3573,24.0991,5.7530,1,29.475,30.858
1983,DATA_20260309_150000.BIN,10.5933,20.0114,13.0161,20.0114,2.2440,1,21.361,21.407
1984,DATA_20260309_150000.BIN,9.3716,36.3496,9.0917,36.3496,4.9390,1,13.022,14.592
1985,DATA_20260309_150000.BIN,9.0917,33.6694,2.6231,33.6694,1.5510,1,16.258,16.375
1986,DATA_20260309_150000.BIN,2.6231,33.1081,5.3891,33.1081,3.8170,1,30.046,30.047
1987,DATA_20260309_150000.BIN,1.0344,3.8049,16.1155,16.1155,2.2550,1,2.582,2.863
1988,DATA_20260309_150000.BIN,16.1155,4.3996,4.8703,4.8703,1.3310,1,34.974,34.976
1989,DATA_20260309_150000.BIN,4.8703,3.8049,1.0374,3.8049,2.5740,1,8.992,9.023
1990,DATA_20260309_150000.BIN,1.0374,7.1578,1.0354,7.1578,1.6610,1,8.252,11.660
1991,DATA_20260309_150000.BIN,1.0354,80.3952,11.2748,80.3952,1.4520,1,5.089,5.091
1992,DATA_20260309_150000.BIN,11.2748,47.1100,9.5959,47.1100,1.1770,1,23.881,50.292
1993,DATA_20260309_150000.BIN,9.5959,46.4816,6.0335,46.4816,2.1010,1,31.547,32.050
1994,DATA_20260309_150000.BIN,6.0335,30.7494,10.2126,30.7494,2.8490,1,15.239,15.731
1995,DATA_20260309_150000.BIN,10.2126,41.4728,24.7112,41.4728,2.2880,1,17.422,25.144
1996,DATA_20260309_150000.BIN,24.7112,64.4622,6.7882,64.4622,1.2210,1,111.920,137.370
1997,DATA_20260309_150000.BIN,0.7769,26.6731,8.3449,26.6731,3.1240,1,3.681,4.384
1998,DATA_20260309_150000.BIN,8.1072,23.3433,8.2637,23.3433,4.2460,1,2.647,9.031
1999,DATA_20260309_150000.BIN,3.1780,14.7693,3.1794,14.7693,2.0680,1,3.948,6.004
2000,DATA_20260309_150000.BIN,3.1794,14.7455,6.7961,14.7455,1.1330,1,3.551,5.406
2001,DATA_20260309_150000.BIN,6.7961,26.8340,6.7902,26.8340,5.1370,1,9.307,10.057
2002,DATA_20260309_150000.BIN,6.7902,22.1612,4.8552,22.1612,3.1570,1,8.376,9.048
2003,DATA_20260309_150000.BIN,4.8552,12.4504,5.5634,12.4504,2.1120,1,10.192,10.526
2004,DATA_20260309_150000.BIN,5.5634,25.2789,1.9039,25.2789,1.2540,1,7.992,8.435
2005,DATA_20260309_150000.BIN,1.9039,16.1925,7.0764,16.1925,3.4980,1,7.659,11.481
2006,DATA_20260309_150000.BIN,7.0764,9.8193,3.4119,9.8193,3.3770,1,25.245,28.500
2007,DATA_20260309_150000.BIN,3.4119,4.9324,3.4132,4.9324,2.0350,1,10.656,16.274
2008,DATA_20260309_150000.BIN,3.4132,15.6948,3.8249,15.6948,4.8510,1,9.596,14.650
2009,DATA_20260309_150000.BIN,3.8249,29.6945,1.5234,29.6945,4.4440,1,6.780,10.555
2010,DATA_20260309_150000.BIN,1.5234,6.4584,9.5308,9.5308,1.5950,1,9.913,12.093
2011,DATA_20260309_150000.BIN,9.5308,22.6225,3.6735,22.6225,2.8380,1,23.012,32.443
2012,DATA_20260309_150000.BIN,3.6735,36.4766,3.4201,36.4766,3.3880,1,11.402,18.442
2013,DATA_20260309_150000.BIN,1.9002,19.1614,12.4770,19.1614,1.4410,1,2.922,5.526
2014,DATA_20260309_150000.BIN,12.4770,22.6049,14.3606,22.6049,3.6410,1,24.776,26.485
2015,DATA_20260309_150000.BIN,14.3606,25.5418,12.1470,25.5418,1.5400,1,3.576,21.548
2016,DATA_20260309_150000.BIN,12.1470,6.8847,10.0009,10.0009,2.2880,1,30.455,31.814
2017,DATA_20260309_150000.BIN,10.0009,7.7121,10.0134,10.0134,2.5520,1,2.798,16.392
2018,DATA_20260309_150000.BIN,10.0134,32.9210,5.8965,32.9210,6.5890,1,2.523,14.775
2019,DATA_20260309_150000.BIN,5.8965,49.2098,4.3671,49.2098,2.8270,1,16.973,17.833
2020,DATA_20260309_150000.BIN,4.3671,62.5895,7.9663,62.5895,1.4080,1,74.564,76.434
2021,DATA_20260309_150000.BIN,7.9663,77.7965,5.7458,77.7965,1.7820,1,14.805,16.453
2022,DATA_20260309_150000.BIN,5.7458,19.2677,0.2459,19.2677,2.1340,1,78.292,79.095
2023,DATA_20260309_150000.BIN,0.2459,7.9404,1.8690,7.9404,5.8520,1,5.762,8.909
2024,DATA_20260309_150000.BIN,5.8888,27.8043,7.0505,27.8043,2.0790,1,9.423,9.423
2025,DATA_20260309_150000.BIN,1.9945,29.9657,1.9954,29.9657,3.0140,1,25.846,26.010
2026,DATA_20260309_150000.BIN,1.9889,62.2712,3.6961,62.2712,3.6190,1,7.057,7.629
2027,DATA_20260309_150000.BIN,3.6961,21.5209,3.8434,21.5209,2.1010,1,9.680,12.878
2028,DATA_20260309_150000.BIN,3.8434,19.9767,14.6928,19.9767,4.0150,1,13.141,15.252
2029,DATA_20260309_150000.BIN,14.6928,59.1592,1.2819,59.1592,3.3110,1,7.283,30.679
2030,DATA_20260309_150000.BIN,1.2819,33.0406,3.5363,33.0406,1.1660,1,24.306,24.344
2031,DATA_20260309_150000.BIN,3.5363,36.7808,13.2470,36.7808,2.6290,1,10.223,13.052
2032,DATA_20260309_150000.BIN,13.0753,39.0630,7.0762,39.0630,1.6060,1,39.296,41.308
2033,DATA_20260309_150000.BIN,7.0762,19.6414,5.9819,19.6414,1.7380,1,19.943,20.863
2034,DATA_20260309_150000.BIN,5.9819,19.6337,10.8591,19.6337,1.4300,1,12.395,17.377
2035,DATA_20260309_150000.BIN,10.8591,19.6414,5.6938,19.6414,3.0910,1,5.664,12.533
2036,DATA_20260309_150000.BIN,5.6938,23.5506,5.6914,23.5506,3.9160,1,16.370,22.911
2037,DATA_20260309_150000.BIN,5.6914,16.6630,5.6961,16.6630,3.2120,1,14.737,20.613
2038,DATA_20260309_150000.BIN,5.6961,33.8212,10.5151,33.8212,2.0900,1,13.280,18.566
2039,DATA_20260309_150000.BIN,10.5151,31.6735,6.9204,31.6735,2.9040,1,9.951,15.310
2040,DATA_20260309_150000.BIN,3.5167,13.7733,3.8641,13.7733,1.6390,1,11.571,22.527
2041,DATA_20260309_150000.BIN,12.9724,32.9435,4.8411,32.9435,2.8380,1,12.501,16.728
2042,DATA_20260309_150000.BIN,4.8411,16.6697,10.4313,16.6697,3.9270,1,12.930,16.366
2043,DATA_20260309_150000.BIN,10.4313,22.6702,3.3214,22.6702,1.7050,1,3.437,20.702
2044,DATA_20260309_150000.BIN,3.3214,30.6187,8.6850,30.6187,2.1230,1,12.273,16.940
2045,DATA_20260309_150000.BIN,8.6850,32.9790,16.8382,32.9790,5.3130,1,18.489,27.143
2046,DATA_20260309_150000.BIN,16.8382,16.1123,10.8613,16.1123,2.5850,1,27.580,36.187
2047,DATA_20260309_150000.BIN,15.7582,34.5027,16.3180,34.5027,4.6200,1,18.796,23.802
2048,DATA_20260309_150000.BIN,10.8764,23.7770,7.0624,23.7770,5.4670,1,24.136,25.025
2049,DATA_20260309_150000.BIN,7.0624,29.7697,6.7060,29.7697,3.1460,1,23.112,33.428
2050,DATA_20260309_150000.BIN,6.7060,31.3966,5.5286,31.3966,1.2320,1,0.362,14.066
2051,DATA_20260309_150000.BIN,5.5286,4.0338,5.5201,5.5201,1.6610,1,13.430,18.529
2052,DATA_20260309_150000.BIN,15.2648,27.3916,16.5259,27.3916,3.1240,1,23.575,30.478
2053,DATA_20260309_150000.BIN,16.5259,30.0431,14.1836,30.0431,2.4200,1,9.691,19.080
2054,DATA_20260309_150000.BIN,6.8123,18.3455,10.4605,18.3455,2.7390,1,20.540,29.292
2055,DATA_20260309_150000.BIN,10.4605,32.5844,11.8175,32.5844,2.0130,1,28.669,30.254
2056,DATA_20260309_150000.BIN,4.3784,18.6835,7.2534,18.6835,4.7960,1,15.737,24.864
2057,DATA_20260309_150000.BIN,7.2534,39.0005,6.5576,39.0005,1.6390,1,12.387,25.950
2058,DATA_20260309_150000.BIN,11.2354,16.0285,5.0378,16.0285,1.0340,1,8.576,17.227
2059,DATA_20260309_150000.BIN,11.5227,20.2608,3.9481,20.2608,1.6500,1,17.537,23.728
2060,DATA_20260309_150000.BIN,3.9481,34.4411,13.7004,34.4411,4.2570,1,28.191,34.710
2061,DATA_20260309_150000.BIN,13.7004,31.1987,15.2226,31.1987,2.1010,1,16.851,28.153
2062,DATA_20260309_150000.BIN,12.0763,15.2274,8.8564,15.2274,2.2990,1,10.802,18.818
2063,DATA_20260309_150000.BIN,8.8564,26.4025,5.0421,26.4025,3.8060,1,10.468,10.578
2064,DATA_20260309_150000.BIN,5.0421,13.3392,6.1775,13.3392,1.1770,1,22.840,26.691
2065,DATA_20260309_150000.BIN,6.1775,26.4126,16.0129,26.4126,0.9790,1,15.423,16.670
2066,DATA_20260309_150000.BIN,16.0129,16.8688,5.0378,16.8688,5.3350,1,14.344,18.285
2067,DATA_20260309_150000.BIN,5.0378,3.6304,7.7892,7.7892,1.7710,1,19.820,22.608
2068,DATA_20260309_150000.BIN,7.7892,19.1129,6.1748,19.1129,5.3130,1,23.478,25.487
2069,DATA_20260309_150000.BIN,6.1748,24.0805,6.1775,24.0805,3.6080,1,10.361,10.669
2070,DATA_20260309_150000.BIN,6.1775,23.4132,9.2996,23.4132,2.5410,1,9.330,9.607
2071,DATA_20260309_150000.BIN,9.2996,32.1035,5.7647,32.1035,6.6440,1,14.477,30.991
2072,DATA_20260309_150000.BIN,5.7647,15.5535,11.4652,15.5535,2.8710,1,34.180,42.678
2073,DATA_20260309_150000.BIN,11.4652,24.1644,11.1984,24.1644,2.8160,1,27.256,28.287
2074,DATA_20260309_150000.BIN,9.9147,28.1699,6.9274,28.1699,1.9360,1,16.477,17.573
2075,DATA_20260309_150000.BIN,6.9274,10.9893,5.7602,10.9893,4.2350,1,12.164,13.515
2076,DATA_20260309_150000.BIN,9.8242,30.8545,6.8924,30.8545,2.4750,1,19.813,20.688
2077,DATA_20260309_150000.BIN,12.3743,29.2134,8.6865,29.2134,4.7960,1,13.257,13.375
2078,DATA_20260309_150000.BIN,8.6865,28.2138,11.2082,28.2138,2.4090,1,12.095,12.882
2079,DATA_20260309_150000.BIN,11.2082,11.2131,13.6838,13.6838,4.1030,1,23.272,23.410
2080,DATA_20260309_150000.BIN,13.6838,33.2723,5.7669,33.2723,3.5640,1,30.238,32.505
2081,DATA_20260309_150000.BIN,9.9191,28.1806,12.8206,28.1806,1.2870,1,15.924,16.146
2082,DATA_20260309_150000.BIN,12.8206,8.9819,8.6802,8.9819,3.0800,1,28.964,29.345
2083,DATA_20260309_150000.BIN,6.1721,31.8327,10.1625,31.8327,2.7940,1,11.008,11.212
2084,DATA_20260309_150000.BIN,8.6756,19.9699,9.1869,19.9699,4.0700,1,12.443,12.584
2085,DATA_20260309_150000.BIN,9.1869,19.9097,11.0268,19.9097,2.2220,1,15.755,15.976
2086,DATA_20260309_150000.BIN,12.6694,31.1181,9.7478,31.1181,2.3980,1,25.357,25.745
2087,DATA_20260309_150000.BIN,9.7478,21.8812,10.3625,21.8812,1.5070,1,14.337,28.957
2088,DATA_20260309_150000.BIN,10.8040,18.5300,3.6272,18.5300,3.3550,1,18.908,19.521
2089,DATA_20260309_150000.BIN,3.6272,22.0001,16.1301,22.0001,2.4640,1,7.342,7.344
2090,DATA_20260309_150000.BIN,9.1763,16.3467,9.7300,16.3467,2.3650,1,29.323,39.073
2091,DATA_20260309_150000.BIN,11.3662,7.1235,10.8100,10.8100,2.7060,1,19.527,21.477
2092,DATA_20260309_150000.BIN,10.8659,26.1865,13.5582,26.1865,3.1680,1,13.392,18.489
2093,DATA_20260309_150000.BIN,13.5582,29.8606,8.5693,29.8606,1.6610,1,25.518,30.608
2094,DATA_20260309_150000.BIN,8.5693,10.8774,7.1164,10.8774,3.8610,1,14.469,19.501
2095,DATA_20260309_150000.BIN,7.1164,33.8443,11.1420,33.8443,3.1020,1,7.221,14.048
2096,DATA_20260309_150000.BIN,11.1420,30.6740,7.4167,30.6740,3.4870,1,19.121,26.368
2097,DATA_20260309_150000.BIN,7.4167,20.9256,21.0647,21.0647,0.9900,1,10.565,12.919
2098,DATA_20260309_150000.BIN,21.0647,29.5193,10.4277,29.5193,1.2980,1,33.011,33.752
2099,DATA_20260309_150000.BIN,7.9068,29.0830,8.5506,29.0830,7.4030,1,16.555,43.592
2100,DATA_20260309_150000.BIN,8.5506,32.4099,8.5444,32.4099,2.1780,1,15.170,16.874
2101,DATA_20260309_150000.BIN,8.5444,29.7869,10.5783,29.7869,3.0470,1,13.642,15.172
2102,DATA_20260309_150000.BIN,10.5783,35.2051,7.6374,35.2051,4.7300,1,18.151,19.062
2103,DATA_20260309_150000.BIN,7.6374,29.8125,14.1051,29.8125,3.6850,1,21.256,31.864
2104,DATA_20260309_150000.BIN,14.1051,28.0018,16.1029,28.0018,2.4420,1,17.528,19.490
2105,DATA_20260309_150000.BIN,16.1029,16.8719,7.7652,16.8719,1.9030,1,16.804,18.483
2106,DATA_20260309_150000.BIN,7.7652,30.6015,10.1988,30.6015,1.4630,1,15.709,15.709
2107,DATA_20260309_150000.BIN,10.1988,30.6136,10.1847,30.6136,2.8050,1,20.180,20.997
2108,DATA_20260309_150000.BIN,10.7006,11.9585,8.5599,11.9585,2.6180,1,24.944,34.100
2109,DATA_20260309_150000.BIN,8.5537,10.2085,5.3493,10.2085,2.8600,1,14.802,16.682
2110,DATA_20260309_150000.BIN,10.6558,19.4891,7.1279,19.4891,6.3690,1,13.478,18.662
2111,DATA_20260309_150000.BIN,7.1279,32.3866,4.2029,32.3866,1.4630,1,6.051,8.426
2112,DATA_20260309_150000.BIN,7.3378,8.3475,4.2010,8.3475,3.2230,1,8.683,8.685
2113,DATA_20260309_150000.BIN,4.2010,22.3311,9.5814,22.3311,1.3530,1,6.366,6.374
2114,DATA_20260309_150000.BIN,9.5814,29.6033,11.7260,29.6033,5.0490,1,12.580,12.580
2115,DATA_20260309_150000.BIN,11.7260,13.1205,11.2983,13.1205,1.3640,1,25.282,25.325
2116,DATA_20260309_150000.BIN,9.7087,22.0885,17.1442,22.0885,2.2550,1,14.792,32.904
2117,DATA_20260309_150000.BIN,10.5603,9.9438,7.3940,9.9438,3.5640,1,11.499,14.668
2118,DATA_20260309_150000.BIN,11.0859,12.1894,7.3408,12.1894,4.3450,1,7.143,28.526
2119,DATA_20260309_150000.BIN,8.6254,34.9592,6.4021,34.9592,3.3990,1,14.069,14.100
2120,DATA_20260309_150000.BIN,6.4021,25.8555,10.1892,25.8555,2.1780,1,10.354,21.378
2121,DATA_20260309_150000.BIN,10.1912,26.1859,6.3997,26.1859,1.6500,1,22.639,25.335
2122,DATA_20260309_150000.BIN,6.3997,18.7533,10.1807,18.7533,2.6180,1,11.587,21.362
2123,DATA_20260309_150000.BIN,11.7356,11.6617,3.9094,11.6617,2.1010,1,28.287,34.468
2124,DATA_20260309_150000.BIN,3.9094,11.8711,9.1598,11.8711,6.8090,1,5.931,13.974
2125,DATA_20260309_150000.BIN,9.1598,22.3726,10.7930,22.3726,1.7270,1,16.827,17.842
2126,DATA_20260309_150000.BIN,10.7930,17.5274,10.1892,17.5274,4.5320,1,20.843,21.451
2127,DATA_20260309_150000.BIN,10.1652,28.9384,4.2010,28.9384,2.0020,1,12.544,22.042
2128,DATA_20260309_150000.BIN,7.2101,14.0626,6.7527,14.0626,2.6730,1,5.328,11.912
2129,DATA_20260309_150000.BIN,10.1613,6.3951,13.4242,13.4242,3.0250,1,10.762,18.657
2130,DATA_20260309_150000.BIN,13.4242,10.1613,9.5116,10.1613,2.0350,1,21.547,43.810
2131,DATA_20260309_150000.BIN,9.5116,27.3642,6.4545,27.3642,2.2990,1,10.815,16.446
2132,DATA_20260309_150000.BIN,6.7095,26.6204,7.3940,26.6204,3.6190,1,6.109,7.864
2133,DATA_20260309_150000.BIN,7.3316,13.9552,7.5443,13.9552,6.5890,1,5.491,7.071
2134,DATA_20260309_150000.BIN,7.5443,28.6358,11.0291,28.6358,1.1880,1,5.641,20.644
2135,DATA_20260309_150000.BIN,11.0291,28.6142,7.3285,28.6142,1.2320,1,4.209,12.700
2136,DATA_20260309_150000.BIN,7.3255,14.3624,10.7798,14.3624,3.6960,1,3.959,6.213
2137,DATA_20260309_150000.BIN,6.3997,22.3318,7.3908,22.3318,2.0790,1,9.704,21.522
2138,DATA_20260309_150000.BIN,7.3940,17.6846,9.6562,17.6846,7.4580,1,7.993,10.394
2139,DATA_20260309_150000.BIN,9.6562,35.5394,15.8170,35.5394,2.5410,1,26.686,29.390
2140,DATA_20260309_150000.BIN,15.8170,26.6616,7.3876,26.6616,2.3870,1,23.457,26.769
2141,DATA_20260309_150000.BIN,7.3876,10.5513,7.1097,10.5513,3.4980,1,9.457,12.720
2142,DATA_20260309_150000.BIN,3.3059,22.2708,3.5598,22.2708,3.2340,1,88.843,90.993
2143,DATA_20260309_150000.BIN,3.5598,30.1244,10.1827,30.1244,2.1890,1,11.615,16.321
2144,DATA_20260309_150000.BIN,10.1827,14.0687,7.8829,14.0687,1.5180,1,27.984,29.557
2145,DATA_20260309_150000.BIN,7.8829,10.5468,9.9375,10.5468,1.8810,1,11.499,16.364
2146,DATA_20260309_150000.BIN,10.5648,20.0064,9.7052,20.0064,1.9910,1,12.520,16.784
2147,DATA_20260309_150000.BIN,10.8152,15.8116,10.5513,15.8116,3.8170,1,10.178,22.803
2148,DATA_20260309_150000.BIN,10.5513,27.1038,11.8420,27.1038,2.1230,1,10.313,15.859
2149,DATA_20260309_150000.BIN,4.8423,22.8075,3.5546,22.8075,3.6300,1,4.627,20.165
2150,DATA_20260309_150000.BIN,3.5546,14.4885,11.2246,14.4885,1.7380,1,7.970,13.721
2151,DATA_20260309_150000.BIN,11.2246,25.8044,6.3904,25.8044,1.4520,1,11.025,19.290
2152,DATA_20260309_150000.BIN,6.3904,15.8116,11.8675,15.8116,5.0050,1,6.705,15.847
2153,DATA_20260309_150000.BIN,24.1145,15.9117,9.9706,15.9117,2.4310,1,39.031,39.991
2154,DATA_20260309_150000.BIN,12.7402,60.4463,10.1501,60.4463,2.6070,1,28.068,33.383
2155,DATA_20260309_150000.BIN,10.1501,51.9528,9.7876,51.9528,2.3980,1,27.131,29.015
2156,DATA_20260309_150000.BIN,9.7876,63.1566,17.9824,63.1566,1.0340,1,57.708,61.358
2157,DATA_20260309_150000.BIN,17.9824,59.6374,5.4880,59.6374,3.5640,1,145.983,149.134
2158,DATA_20260309_150000.BIN,1.8118,16.9253,1.8101,16.9253,3.6410,1,12.289,14.632
2159,DATA_20260309_150000.BIN,1.8101,20.4223,2.2531,20.4223,2.1120,1,11.061,13.167
2160,DATA_20260309_150000.BIN,2.2531,20.5644,4.8510,20.5644,3.0690,1,10.793,10.830
2161,DATA_20260309_150000.BIN,6.2654,15.0517,14.9415,15.0517,2.0790,1,29.088,31.048
2162,DATA_20260309_150000.BIN,14.9415,46.0432,16.9091,46.0432,2.4200,1,19.045,25.028
2163,DATA_20260309_150000.BIN,16.9091,47.3587,8.4080,47.3587,1.1990,1,83.464,129.597
2164,DATA_20260309_150000.BIN,8.4080,30.9492,7.0364,30.9492,3.4320,1,21.713,29.803
2165,DATA_20260309_150000.BIN,7.0364,28.9453,3.1923,28.9453,1.1660,1,11.388,11.883
2166,DATA_20260309_150000.BIN,3.1923,12.9689,8.8434,12.9689,1.6830,1,11.935,13.760
2167,DATA_20260309_150000.BIN,8.8434,27.8741,14.7236,27.8741,3.3770,1,15.439,19.093
2168,DATA_20260309_150000.BIN,14.7236,25.7406,3.9177,25.7406,4.4660,1,159.653,167.788
2169,DATA_20260309_150000.BIN,3.9177,25.4448,3.4584,25.4448,3.0910,1,12.401,22.827
2170,DATA_20260309_150000.BIN,3.4584,26.9330,4.1400,26.9330,1.9690,1,8.658,19.333
2171,DATA_20260309_150000.BIN,4.1400,24.1324,3.3251,24.1324,0.9570,1,12.185,15.153
2172,DATA_20260309_150000.BIN,3.3251,30.2533,3.3235,30.2533,2.0350,1,10.540,10.647
2173,DATA_20260309_150000.BIN,3.3203,22.2430,4.3260,22.2430,1.9470,1,9.486,9.582
2174,DATA_20260309_150000.BIN,4.3260,13.7430,0.9216,13.7430,4.5210,1,14.731,14.827
2175,DATA_20260309_150000.BIN,4.7110,31.4534,0.9216,31.4534,1.2980,1,6.822,10.738
2176,DATA_20260309_150000.BIN,0.9216,22.4619,18.2345,22.4619,2.1230,1,6.200,6.257
2177,DATA_20260309_150000.BIN,18.2345,14.3520,6.3458,14.3520,2.4090,1,19.281,25.193
2178,DATA_20260309_150000.BIN,6.3458,26.5579,2.5470,26.5579,1.1110,1,3.767,9.070
2179,DATA_20260309_150000.BIN,2.5470,49.3175,55.9516,55.9516,2.6400,1,3.432,3.645
2180,DATA_20260309_150000.BIN,29.8170,78.2725,37.5784,78.2725,2.6180,1,39.360,44.147
2181,DATA_20260309_150000.BIN,37.5784,74.5822,13.3955,74.5822,2.3430,1,53.049,55.460
2182,DATA_20260309_150000.BIN,13.3955,67.9175,45.2966,67.9175,1.7600,1,52.909,53.854
2183,DATA_20260309_150000.BIN,45.2966,43.8202,11.5521,43.8202,2.0680,1,107.235,175.066
2184,DATA_20260309_150000.BIN,11.5521,83.8573,6.5807,83.8573,5.1150,1,37.270,43.709
2185,DATA_20260309_150000.BIN,6.5807,20.1166,10.3431,20.1166,2.2000,1,3.654,6.715
2186,DATA_20260309_150000.BIN,10.3431,34.4530,5.3982,34.4530,2.0790,1,24.563,24.864
2187,DATA_20260309_150000.BIN,5.3982,48.7168,33.9249,48.7168,1.3420,1,22.304,26.429
2188,DATA_20260309_150000.BIN,33.9249,64.6537,9.0918,64.6537,1.0450,1,73.523,74.232
2189,DATA_20260309_150000.BIN,9.0918,83.3472,5.8534,83.3472,2.1010,1,17.554,24.155
2190,DATA_20260309_150000.BIN,5.8534,34.2598,5.1853,34.2598,2.4970,1,13.527,13.878
2191,DATA_20260309_150000.BIN,5.1853,57.2440,21.0772,57.2440,1.1660,1,8.107,20.065
2192,DATA_20260309_150000.BIN,23.3385,11.9860,14.3205,14.3205,1.4850,1,4.435,65.197
2193,DATA_20260309_150000.BIN,14.3205,68.2403,61.3588,68.2403,3.2010,1,40.222,47.418
2194,DATA_20260309_150000.BIN,61.3588,50.6533,18.1037,50.6533,0.7920,1,46.831,108.496
2195,DATA_20260309_150000.BIN,18.1037,70.0901,12.1694,70.0901,0.9240,1,63.125,66.506
2196,DATA_20260309_150000.BIN,12.1694,40.9894,7.3065,40.9894,2.7170,1,121.699,123.443
2197,DATA_20260309_150000.BIN,7.3065,19.2986,12.0272,19.2986,2.9480,1,31.199,33.261
2198,DATA_20260309_150000.BIN,12.0272,26.1924,3.0776,26.1924,2.2550,1,16.538,16.540
2199,DATA_20260309_150000.BIN,3.0776,6.1475,2.3905,6.1475,1.5730,1,18.754,28.193
2200,DATA_20260309_150000.BIN,2.3905,32.5611,10.8595,32.5611,2.7610,1,17.509,18.070
2201,DATA_20260309_150000.BIN,10.8595,30.0722,12.3551,30.0722,1.4080,1,14.697,15.170
2202,DATA_20260309_150000.BIN,12.3551,13.4851,2.3710,13.4851,1.3640,1,131.854,135.525
2203,DATA_20260309_150000.BIN,2.3710,50.4239,6.9182,50.4239,3.0470,1,12.236,61.563
2204,DATA_20260309_150000.BIN,14.2232,44.2544,13.2077,44.2544,1.4300,1,53.762,63.438
2205,DATA_20260309_150000.BIN,13.2077,58.1404,35.7001,58.1404,1.0560,1,20.638,25.546
2206,DATA_20260309_150000.BIN,6.4658,22.8088,25.6092,25.6092,2.5630,1,5.936,6.032
2207,DATA_20260309_150000.BIN,25.6092,76.0150,15.0110,76.0150,1.6940,1,9.015,38.353
2208,DATA_20260309_150000.BIN,10.5186,62.8071,35.5862,62.8071,2.4860,1,36.506,37.214
2209,DATA_20260309_150000.BIN,35.5862,60.7084,7.0007,60.7084,1.5730,1,81.644,106.564
2210,DATA_20260309_150000.BIN,7.0007,7.8779,7.8321,7.8779,1.9910,1,19.731,30.715
2211,DATA_20260309_150000.BIN,7.8321,42.3237,13.4538,42.3237,2.6510,1,11.899,16.167
2212,DATA_20260309_150000.BIN,13.4538,56.1174,11.2353,56.1174,5.5880,1,17.853,28.798
2213,DATA_20260309_150000.BIN,0.8938,18.5259,7.4118,18.5259,2.3540,1,11.663,19.901
2214,DATA_20260309_150000.BIN,7.4118,15.9847,20.2823,20.2823,3.2780,1,7.432,7.775
2215,DATA_20260309_150000.BIN,20.2823,12.0102,4.1871,12.0102,1.2540,1,51.517,59.040
2216,DATA_20260309_150000.BIN,4.1871,59.7596,39.8484,59.7596,0.8580,1,165.303,172.364
2217,DATA_20260309_150000.BIN,39.8484,73.9366,15.1844,73.9366,0.9350,1,121.997,126.698
2218,DATA_20260309_150000.BIN,15.1844,83.8566,22.8544,83.8566,1.2540,1,89.991,94.673
2219,DATA_20260309_150000.BIN,22.8544,55.8263,10.1441,55.8263,1.0890,1,38.106,89.437
2220,DATA_20260309_150000.BIN,10.1441,78.5749,9.8790,78.5749,1.2760,1,110.498,111.125
2221,DATA_20260309_150000.BIN,31.7646,85.3530,26.9242,85.3530,2.5080,1,54.493,55.551
2222,DATA_20260309_150000.BIN,26.9242,55.4507,12.6673,55.4507,2.4310,1,142.643,173.135
2223,DATA_20260309_150000.BIN,12.6673,42.2304,2.8551,42.2304,1.2540,1,87.685,87.763
2224,DATA_20260309_150000.BIN,2.8551,85.1134,19.8178,85.1134,1.4520,1,95.564,126.881
2225,DATA_20260309_150000.BIN,19.8178,48.8850,33.5596,48.8850,0.9790,1,60.410,64.782
2226,DATA_20260309_150000.BIN,33.5596,80.2622,27.9214,80.2622,0.9020,1,44.141,60.506
2227,DATA_20260309_150000.BIN,27.9214,78.8078,18.7382,78.8078,1.3420,1,65.853,169.387
2228,DATA_20260309_150000.BIN,18.7382,63.0173,13.5545,63.0173,1.6830,1,80.669,82.316
2229,DATA_20260309_150000.BIN,13.5545,44.4024,18.8406,44.4024,1.6610,1,64.213,65.516
2230,DATA_20260309_150000.BIN,18.8406,82.0067,31.0052,82.0067,1.9800,1,136.757,158.338
2231,DATA_20260309_150000.BIN,31.0052,74.8527,25.7994,74.8527,0.8910,1,74.467,110.882
2232,DATA_20260309_150000.BIN,25.7994,69.2890,25.2977,69.2890,1.0120,1,26.650,57.666
2233,DATA_20260309_150000.BIN,25.2977,76.0103,55.5933,76.0103,2.3650,1,80.633,111.752
2234,DATA_20260309_150000.BIN,55.5933,75.5985,13.6827,75.5985,1.6060,1,112.504,123.870
2235,DATA_20260309_150000.BIN,13.6827,77.3604,22.0677,77.3604,2.1120,1,155.497,155.523
2236,DATA_20260309_150000.BIN,22.0677,48.0385,13.1669,48.0385,1.4410,1,65.283,67.507
2237,DATA_20260309_150000.BIN,13.1669,66.7247,12.9005,66.7247,1.1110,1,169.954,169.971
2238,DATA_20260309_150000.BIN,12.9005,61.4316,2.4345,61.4316,1.7710,1,107.611,107.617
2239,DATA_20260309_150000.BIN,2.4345,84.9808,82.0411,84.9808,1.3860,1,100.873,107.282
2240,DATA_20260309_150000.BIN,82.0411,78.3057,48.6382,78.3057,1.7050,1,8.470,158.114
2241,DATA_20260309_150000.BIN,48.6382,83.6866,16.8914,83.6866,1.1660,1,91.568,127.077
2242,DATA_20260309_150000.BIN,16.8914,75.8181,68.5536,75.8181,1.9690,1,31.903,43.114
2243,DATA_20260309_150000.BIN,68.5536,70.5280,39.5023,70.5280,1.8590,1,138.937,138.972
2244,DATA_20260309_150000.BIN,39.5023,56.8594,24.2750,56.8594,1.1220,1,101.579,131.136
2245,DATA_20260309_150000.BIN,24.2750,62.1551,13.0240,62.1551,1.5730,1,74.235,89.848
2246,DATA_20260309_150000.BIN,13.0240,82.0910,49.6935,82.0910,2.4420,1,56.945,74.679
2247,DATA_20260309_150000.BIN,49.6935,63.5962,37.4524,63.5962,1.1000,1,136.610,137.090
2248,DATA_20260309_150000.BIN,37.4524,76.3018,66.0791,76.3018,0.8140,1,136.855,173.884
2249,DATA_20260309_150000.BIN,66.0791,64.4291,67.3866,67.3866,1.0010,1,4.362,57.999
2250,DATA_20260309_150000.BIN,67.3866,85.3441,20.4763,85.3441,1.2210,1,86.963,166.055
2251,DATA_20260309_150000.BIN,20.4763,77.9795,6.2177,77.9795,2.3980,1,154.750,155.034
2252,DATA_20260309_150000.BIN,6.2177,52.4579,9.1480,52.4579,2.0570,1,24.059,66.973
2253,DATA_20260309_150000.BIN,9.1480,76.9915,12.2440,76.9915,0.9680,1,35.985,55.804
2254,DATA_20260309_150000.BIN,12.2440,75.7501,5.7115,75.7501,1.4190,1,121.609,164.281
2255,DATA_20260309_150000.BIN,5.7115,71.4018,13.2718,71.4018,1.0780,1,36.704,59.908
2256,DATA_20260309_150000.BIN,13.2718,40.7010,40.6405,40.7010,1.5510,1,77.188,87.599
2257,DATA_20260309_150000.BIN,40.6405,56.6460,27.8103,56.6460,1.9470,1,98.460,105.317
2258,DATA_20260309_150000.BIN,27.8103,48.4533,12.3313,48.4533,1.4960,1,54.791,54.897
2259,DATA_20260309_150000.BIN,12.3313,76.8550,30.1779,76.8550,3.9160,1,155.621,173.330
2260,DATA_20260309_150000.BIN,30.1779,75.1798,15.9694,75.1798,1.4080,1,33.451,79.623
2261,DATA_20260309_150000.BIN,15.9694,71.3852,7.3843,71.3852,1.8920,1,114.331,123.601
2262,DATA_20260309_150000.BIN,7.3843,37.3517,5.2034,37.3517,0.9680,1,98.595,100.016
2263,DATA_20260309_150000.BIN,5.2034,6.6659,13.6240,13.6240,1.1220,1,24.536,41.608
2264,DATA_20260309_150000.BIN,13.6240,70.2205,7.8117,70.2205,1.6060,1,107.399,107.617
2265,DATA_20260309_150000.BIN,7.8117,67.9504,1.9868,67.9504,2.2110,1,86.690,87.222
2266,DATA_20260309_150000.BIN,1.9868,65.3691,3.2144,65.3691,1.9360,1,44.270,45.517
2267,DATA_20260309_150000.BIN,0.5837,78.7461,10.3003,78.7461,3.1790,1,52.974,53.294
2268,DATA_20260309_150000.BIN,10.3003,8.5394,11.9308,11.9308,2.7610,1,60.234,60.980
2269,DATA_20260309_150000.BIN,22.5220,43.4558,7.7184,43.4558,1.4630,1,23.731,34.511
2270,DATA_20260309_150000.BIN,7.7184,50.4009,23.9654,50.4009,2.0240,1,86.808,106.985
2271,DATA_20260309_150000.BIN,23.9654,72.1627,15.6254,72.1627,1.3970,1,80.139,89.953
2272,DATA_20260309_150000.BIN,15.6254,53.7175,24.3128,53.7175,1.6830,1,22.149,26.777
2273,DATA_20260309_150000.BIN,24.3128,56.4676,19.7478,56.4676,2.2770,1,59.269,67.570
2274,DATA_20260309_150000.BIN,19.7478,83.8894,13.1734,83.8894,1.5510,1,30.121,51.892
2275,DATA_20260309_150000.BIN,13.1734,20.1085,56.9872,56.9872,1.1440,1,72.678,84.492
2276,DATA_20260309_150000.BIN,15.0749,50.9631,17.9963,50.9631,1.9910,1,21.660,53.968
2277,DATA_20260309_150000.BIN,34.9088,50.0878,10.5486,50.0878,1.1330,1,25.647,43.103
2278,DATA_20260309_150000.BIN,10.5486,37.2625,16.2986,37.2625,0.9350,1,37.910,69.662
2279,DATA_20260309_150000.BIN,16.2986,57.3051,31.6404,57.3051,1.1550,1,36.036,43.730
2280,DATA_20260309_150000.BIN,31.6404,25.3007,15.8659,25.3007,1.3090,1,58.911,74.483
2281,DATA_20260309_150000.BIN,15.8659,73.1826,43.1027,73.1826,1.2870,1,55.202,70.975
2282,DATA_20260309_150000.BIN,43.1027,70.0821,22.8061,70.0821,0.9350,1,86.585,93.757
2283,DATA_20260309_150000.BIN,22.8061,78.2637,20.8946,78.2637,0.7370,1,71.139,97.143
2284,DATA_20260309_150000.BIN,20.8946,48.3267,26.2850,48.3267,0.7370,1,82.053,85.963
2285,DATA_20260309_150000.BIN,26.2850,57.2562,35.7363,57.2562,1.3310,1,31.666,66.849
2286,DATA_20260309_150000.BIN,35.7363,7.9829,12.4702,12.4702,1.1990,1,45.425,59.865
2287,DATA_20260309_150000.BIN,7.3578,84.3162,28.0329,84.3162,1.5180,1,125.671,178.306
2288,DATA_20260309_150000.BIN,28.0329,80.7317,71.6810,80.7317,1.7820,1,79.212,94.096
2289,DATA_20260309_150000.BIN,71.6810,67.0423,27.0089,67.0423,1.5950,1,124.035,126.551
2290,DATA_20260309_150000.BIN,43.3842,81.0004,32.4721,81.0004,1.5070,1,94.560,102.227
2291,DATA_20260309_150000.BIN,32.4721,63.2122,6.1378,63.2122,2.1340,1,80.407,143.053
2292,DATA_20260309_150000.BIN,6.1378,70.9883,24.1825,70.9883,1.4850,1,59.223,75.447
2293,DATA_20260309_150000.BIN,24.1825,52.2058,37.2180,52.2058,2.1780,1,78.744,81.212
2294,DATA_20260309_150000.BIN,37.2180,66.1031,22.6674,66.1031,1.7160,1,129.631,129.876
2295,DATA_20260309_150000.BIN,22.6674,49.5624,10.9051,49.5624,1.0670,1,57.868,71.416
2296,DATA_20260309_150000.BIN,10.9051,68.3368,35.8441,68.3368,0.8030,1,58.683,70.183
2297,DATA_20260309_150000.BIN,35.8441,74.3533,24.8454,74.3533,1.1660,1,34.862,80.314
2298,DATA_20260309_150000.BIN,24.8454,55.7698,11.0169,55.7698,1.5730,1,110.047,133.858
2299,DATA_20260309_150000.BIN,11.0169,83.8958,58.1942,83.8958,2.2440,1,65.995,67.982
2300,DATA_20260309_150000.BIN,58.1942,61.0988,40.5023,61.0988,1.0120,1,151.500,170.381
2301,DATA_20260309_150000.BIN,40.5023,68.9564,20.1577,68.9564,1.5510,1,86.951,97.666
2302,DATA_20260309_150000.BIN,20.1577,61.6815,16.0685,61.6815,1.5510,1,56.269,56.285
2303,DATA_20260309_150000.BIN,16.0685,43.9524,30.2562,43.9524,0.6820,1,113.007,113.017
2304,DATA_20260309_150000.BIN,30.2562,79.2023,12.8968,79.2023,2.1230,1,44.388,57.598
2305,DATA_20260309_150000.BIN,12.8968,63.4397,34.8669,63.4397,2.0460,1,87.363,87.364
2306,DATA_20260309_150000.BIN,34.8669,70.0904,46.6934,70.0904,0.9020,1,62.087,103.311
2307,DATA_20260309_150000.BIN,46.6934,81.1933,10.4754,81.1933,0.8690,1,65.032,71.272
2308,DATA_20260309_150000.BIN,10.4754,80.5278,12.3911,80.5278,0.7370,1,136.017,158.800
2309,DATA_20260309_150000.BIN,12.3911,42.6885,41.2218,42.6885,1.0450,1,9.371,19.698
2310,DATA_20260309_150000.BIN,41.2218,74.9533,29.5785,74.9533,1.7270,1,7.468,36.836
2311,DATA_20260309_150000.BIN,29.5785,78.9563,44.0026,78.9563,1.1770,1,107.195,108.672
2312,DATA_20260309_150000.BIN,44.0026,85.7421,12.1785,85.7421,1.7270,1,120.234,168.922
2313,DATA_20260309_150000.BIN,12.1785,83.4957,25.4682,83.4957,1.3310,1,95.191,107.186
2314,DATA_20260309_150000.BIN,25.4682,81.9330,21.0177,81.9330,2.3430,1,57.445,92.549
2315,DATA_20260309_150000.BIN,21.0177,71.2322,28.1391,71.2322,2.1560,1,79.556,140.648
2316,DATA_20260309_150000.BIN,28.1391,66.5437,30.3617,66.5437,0.9900,1,124.335,124.371
2317,DATA_20260309_150000.BIN,30.3617,77.9113,56.3629,77.9113,0.6820,1,97.682,172.779
2318,DATA_20260309_150000.BIN,56.3629,73.7281,28.0235,73.7281,1.6170,1,166.406,173.191
2319,DATA_20260309_150000.BIN,28.0235,81.6287,30.9616,81.6287,1.8260,1,52.574,55.545
2320,DATA_20260309_150000.BIN,30.9616,56.6999,9.4210,56.6999,0.7040,1,115.615,116.067
2321,DATA_20260309_150000.BIN,16.8253,71.6782,52.4008,71.6782,0.9240,1,93.065,135.113
2322,DATA_20260309_150000.BIN,52.4008,84.8560,24.2307,84.8560,0.9790,1,93.345,93.431
2323,DATA_20260309_150000.BIN,24.2307,69.2721,32.4098,69.2721,2.4860,1,113.780,117.532
2324,DATA_20260309_150000.BIN,32.4098,85.4210,46.1932,85.4210,2.0570,1,36.674,43.884
2325,DATA_20260309_150000.BIN,46.1932,75.3586,30.1990,75.3586,0.7920,1,49.652,145.548
2326,DATA_20260309_150000.BIN,30.1990,65.4756,37.5224,65.4756,1.3090,1,95.598,108.237
2327,DATA_20260309_150000.BIN,37.5224,79.2832,33.0566,79.2832,1.3530,1,138.661,156.808
2328,DATA_20260309_150000.BIN,33.0566,82.8642,18.6033,82.8642,1.6830,1,82.099,97.300
2329,DATA_20260309_150000.BIN,18.6033,53.1108,12.9529,53.1108,1.4630,1,148.325,148.997
2330,DATA_20260309_150000.BIN,12.9529,78.9730,47.1350,78.9730,2.3100,1,151.466,173.443
2331,DATA_20260309_150000.BIN,47.1350,62.6642,25.5171,62.6642,0.9020,1,49.628,98.630
2332,DATA_20260309_150000.BIN,54.3906,64.3116,7.4452,64.3116,1.2540,1,24.340,79.956
2333,DATA_20260309_150000.BIN,7.4452,80.3830,47.7514,80.3830,3.3990,1,125.568,164.213
2334,DATA_20260309_150000.BIN,47.7514,84.8648,13.2883,84.8648,0.9680,1,67.581,110.173
2335,DATA_20260309_150000.BIN,13.2883,64.3670,44.1515,64.3670,1.1000,1,68.454,85.040
2336,DATA_20260309_150000.BIN,44.1515,80.2632,37.3019,80.2632,1.0560,1,73.401,99.057
2337,DATA_20260309_150000.BIN,37.3019,24.6145,17.8657,24.6145,1.2210,1,81.722,159.684
2338,DATA_20260309_150000.BIN,13.7585,77.0446,25.5704,77.0446,1.3420,1,102.410,175.828
2339,DATA_20260309_150000.BIN,25.5704,80.1530,14.4315,80.1530,1.3200,1,58.017,83.150
2340,DATA_20260309_150000.BIN,14.4315,80.1641,46.5121,80.1641,0.6930,1,89.664,136.496
2341,DATA_20260309_150000.BIN,46.5121,67.4538,19.4146,67.4538,1.1000,1,92.891,93.028
2342,DATA_20260309_150000.BIN,19.4146,62.7698,19.2443,62.7698,1.5070,1,113.459,122.937
2343,DATA_20260309_150000.BIN,19.2443,79.9717,19.4055,79.9717,1.1770,1,135.708,136.713
2344,DATA_20260309_150000.BIN,69.8757,66.2670,31.0360,66.2670,1.3970,1,92.311,147.048
2345,DATA_20260309_150000.BIN,31.0360,68.1336,24.6152,68.1336,1.1220,1,101.667,121.563
2346,DATA_20260309_150000.BIN,24.6152,64.5886,53.3332,64.5886,1.4080,1,11.255,54.693
2347,DATA_20260309_150000.BIN,53.3332,70.0841,41.9213,70.0841,0.8140,1,43.122,93.882
2348,DATA_20260309_150000.BIN,11.1875,79.3879,12.7717,79.3879,2.1560,1,169.326,169.561
2349,DATA_20260309_150000.BIN,12.7717,42.1320,30.0585,42.1320,0.9570,1,126.162,128.931
2350,DATA_20260309_150000.BIN,30.0585,73.6238,30.7405,73.6238,1.9250,1,102.049,165.709
2351,DATA_20260309_150000.BIN,30.7405,81.1876,58.4913,81.1876,1.5730,1,95.170,96.222
2352,DATA_20260309_150000.BIN,58.4913,41.1251,19.0909,41.1251,1.3090,1,173.896,179.638
2353,DATA_20260309_150000.BIN,19.0909,50.7351,35.0521,50.7351,1.5510,1,98.083,100.403
2354,DATA_20260309_150000.BIN,35.0521,61.5574,68.0142,68.0142,1.4300,1,121.932,129.301
2355,DATA_20260309_150000.BIN,47.4570,70.6512,36.4104,70.6512,1.3090,1,88.603,99.131
2356,DATA_20260309_150000.BIN,36.4104,81.6690,48.1535,81.6690,1.5400,1,53.585,85.276
2357,DATA_20260309_150000.BIN,48.1535,82.6229,3.5617,82.6229,0.9790,1,87.446,133.386
2358,DATA_20260309_150000.BIN,3.5617,80.7846,11.7363,80.7846,1.9360,1,104.781,119.591
2359,DATA_20260309_150000.BIN,23.3386,69.8183,32.4520,69.8183,1.1660,1,7.724,38.900
2360,DATA_20260309_150000.BIN,32.4520,63.8495,3.9597,63.8495,1.2430,1,37.233,43.923
2361,DATA_20260309_150000.BIN,3.9597,59.9141,8.2912,59.9141,0.9020,1,112.458,174.777
2362,DATA_20260309_150000.BIN,10.0978,55.1939,11.1291,55.1939,1.7270,1,110.731,110.811
2363,DATA_20260309_150000.BIN,11.1291,20.4201,11.4658,20.4201,1.2650,1,138.904,141.133
2364,DATA_20260309_150000.BIN,11.4658,83.4142,20.8051,83.4142,1.2430,1,98.574,105.903
2365,DATA_20260309_150000.BIN,20.8051,75.0173,4.2505,75.0173,2.0350,1,142.222,152.808
2366,DATA_20260309_150000.BIN,4.2505,66.1049,24.2782,66.1049,1.0780,1,119.263,147.307
2367,DATA_20260309_150000.BIN,24.2782,76.9591,10.1456,76.9591,1.4630,1,120.327,120.327
2368,DATA_20260309_150000.BIN,10.1456,82.0059,33.5315,82.0059,1.2650,1,27.784,30.093
2369,DATA_20260309_150000.BIN,33.5315,76.9453,14.6017,76.9453,0.8030,1,34.591,52.577
2370,DATA_20260309_150000.BIN,14.6017,66.0057,36.4630,66.0057,0.9130,1,34.737,47.989
2371,DATA_20260309_150000.BIN,36.4630,84.7135,26.3695,84.7135,1.2870,1,60.246,120.106
2372,DATA_20260309_150000.BIN,26.3695,68.9072,10.5013,68.9072,1.3310,1,88.706,108.146
2373,DATA_20260309_150000.BIN,10.5013,70.7235,32.1190,70.7235,1.0340,1,87.452,90.164
2374,DATA_20260309_150000.BIN,32.1190,84.3145,43.5243,84.3145,1.3310,1,27.114,65.828
2375,DATA_20260309_150000.BIN,43.5243,68.6462,47.1231,68.6462,1.2100,1,86.699,109.784
2376,DATA_20260309_150000.BIN,47.1231,65.7272,14.0801,65.7272,1.5730,1,119.066,143.297
2377,DATA_20260309_150000.BIN,27.5745,83.4429,12.4368,83.4429,2.0020,1,88.371,177.178
2378,DATA_20260309_150000.BIN,12.4368,52.5803,34.3009,52.5803,1.6940,1,67.332,83.419
2379,DATA_20260309_150000.BIN,34.3009,63.8790,30.4733,63.8790,1.7930,1,47.273,91.391
2380,DATA_20260309_150000.BIN,30.4733,72.8955,14.3075,72.8955,2.4970,1,78.830,85.942
2381,DATA_20260309_150000.BIN,14.3075,82.5853,10.4880,82.5853,2.1010,1,126.723,137.115
2382,DATA_20260309_150000.BIN,10.4880,19.9372,55.3798,55.3798,1.4630,1,129.965,158.492
2383,DATA_20260309_150000.BIN,55.3798,35.1273,17.5093,35.1273,1.2430,1,67.293,138.091
2384,DATA_20260309_150000.BIN,17.5093,65.4045,12.1016,65.4045,1.0670,1,150.223,177.633
2385,DATA_20260309_150000.BIN,12.1016,85.3049,47.2658,85.3049,3.2450,1,94.487,95.649
2386,DATA_20260309_150000.BIN,47.2658,68.9730,21.8540,68.9730,1.7270,1,31.167,92.868
2387,DATA_20260309_150000.BIN,21.8540,85.6687,11.1059,85.6687,1.1440,1,160.744,160.770
2388,DATA_20260309_150000.BIN,11.1059,79.3814,68.5072,79.3814,1.0560,1,44.537,52.365
2389,DATA_20260309_150000.BIN,68.5072,80.6592,37.0829,80.6592,1.4300,1,106.539,129.374
2390,DATA_20260309_150000.BIN,37.0829,82.3152,13.7504,82.3152,1.0120,1,140.481,151.333
2391,DATA_20260309_150000.BIN,20.4244,55.1380,41.3904,55.1380,0.8140,1,106.960,110.176
2392,DATA_20260309_150000.BIN,41.3904,42.6630,42.1282,42.6630,1.5290,1,161.235,170.741
2393,DATA_20260309_150000.BIN,42.1282,73.2071,28.1750,73.2071,1.7710,1,102.347,176.583
2394,DATA_20260309_150000.BIN,28.1750,78.3835,73.2485,78.3835,1.6610,1,37.103,72.177
2395,DATA_20260309_150000.BIN,73.2485,83.5060,70.1516,83.5060,1.9360,1,110.103,140.896
2396,DATA_20260309_150000.BIN,70.1516,72.8755,51.3612,72.8755,2.8380,1,151.420,152.334
2397,DATA_20260309_150000.BIN,51.3612,71.6323,4.3266,71.6323,1.1330,1,63.081,64.689
2398,DATA_20260309_150000.BIN,4.3266,82.4097,21.6809,82.4097,1.3640,1,24.408,65.081
2399,DATA_20260309_150000.BIN,21.6809,57.9232,16.0889,57.9232,1.7490,1,48.788,90.194
2400,DATA_20260309_150000.BIN,16.0889,33.9229,6.7655,33.9229,1.7270,1,111.163,111.301
2401,DATA_20260309_150000.BIN,6.7655,73.2036,50.4659,73.2036,1.0340,1,150.682,155.797
2402,DATA_20260309_150000.BIN,50.4659,68.4918,23.3770,68.4918,1.3200,1,39.273,119.190
2403,DATA_20260309_150000.BIN,23.3770,29.5952,9.3682,29.5952,1.0890,1,92.403,92.614
2404,DATA_20260309_150000.BIN,9.3682,83.2700,16.8126,83.2700,2.2440,1,46.094,50.180
2405,DATA_20260309_150000.BIN,16.8126,34.4733,39.2040,39.2040,0.8030,1,55.505,83.774
2406,DATA_20260309_150000.BIN,39.2040,70.0230,29.7461,70.0230,1.7050,1,120.518,132.328
2407,DATA_20260309_150000.BIN,29.7461,80.1726,28.5543,80.1726,1.2540,1,58.207,62.852
2408,DATA_20260309_150000.BIN,28.5543,57.0303,33.1008,57.0303,1.6390,1,117.198,140.510
2409,DATA_20260309_150000.BIN,33.1008,73.3635,14.5690,73.3635,2.0790,1,144.614,154.027
2410,DATA_20260309_150000.BIN,14.5690,70.7323,26.5473,70.7323,0.8470,1,132.139,132.734
2411,DATA_20260309_150000.BIN,19.8260,61.5485,24.3473,61.5485,0.8360,1,93.763,93.831
2412,DATA_20260309_150000.BIN,24.3473,59.6819,29.8998,59.6819,2.2550,1,91.567,115.707
2413,DATA_20260309_150000.BIN,70.1641,78.1632,17.9414,78.1632,1.5400,1,91.018,172.859
2414,DATA_20260309_150000.BIN,17.9414,55.3900,39.6267,55.3900,0.8360,1,91.820,91.820
2415,DATA_20260309_150000.BIN,39.6267,72.0792,60.0212,72.0792,1.1770,1,21.886,61.459
2416,DATA_20260309_150000.BIN,60.0212,60.7789,8.2488,60.7789,1.5180,1,58.685,118.258
2417,DATA_20260309_150000.BIN,8.2488,66.0840,43.0427,66.0840,1.1660,1,64.840,75.297
2418,DATA_20260309_150000.BIN,43.0427,81.1380,22.6164,81.1380,1.7160,1,23.479,42.304
2419,DATA_20260309_150000.BIN,22.6164,72.3361,82.5247,82.5247,0.8910,1,156.167,171.616
2420,DATA_20260309_150000.BIN,24.9067,64.2462,12.3395,64.2462,1.8700,1,28.928,39.369
2421,DATA_20260309_150000.BIN,12.3395,73.1999,17.7259,73.1999,1.8040,1,31.231,31.798
2422,DATA_20260309_150000.BIN,17.7259,59.9628,52.1039,59.9628,1.7820,1,21.978,23.868
2423,DATA_20260309_150000.BIN,52.1039,82.0189,40.5826,82.0189,2.0130,1,124.937,177.838
2424,DATA_20260309_150000.BIN,40.5826,51.9510,29.1155,51.9510,1.1440,1,62.758,88.295
2425,DATA_20260309_150000.BIN,29.1155,52.3520,54.9930,54.9930,0.9130,1,132.269,151.662
2426,DATA_20260309_150000.BIN,54.9930,69.4739,12.5506,69.4739,0.9350,1,39.861,75.173
2427,DATA_20260309_150000.BIN,6.1802,50.2919,3.0288,50.2919,0.9680,1,37.652,53.877
2428,DATA_20260309_150000.BIN,3.0288,79.9541,20.9148,79.9541,2.5080,1,105.646,177.731
2429,DATA_20260309_150000.BIN,20.9148,75.8652,56.1898,75.8652,1.3420,1,73.241,77.035
2430,DATA_20260309_150000.BIN,56.1898,53.6225,37.6584,53.6225,0.6710,1,44.076,106.850
2431,DATA_20260309_150000.BIN,37.6584,77.1740,14.6866,77.1740,1.5290,1,8.905,55.717
2432,DATA_20260309_150000.BIN,14.6866,67.8295,17.6539,67.8295,1.5290,1,48.891,58.414
2433,DATA_20260309_150000.BIN,17.6539,37.7215,22.2622,37.7215,0.8250,1,98.134,153.009
2434,DATA_20260309_150000.BIN,22.2622,80.9559,4.0333,80.9559,1.1220,1,65.064,99.052
2435,DATA_20260309_150000.BIN,4.0333,83.6528,42.1991,83.6528,1.3530,1,73.055,73.259
2436,DATA_20260309_150000.BIN,5.5192,78.9798,44.8859,78.9798,3.2780,1,9.187,9.239
2437,DATA_20260309_150000.BIN,44.8859,81.8778,23.0358,81.8778,1.1660,1,66.572,92.557
2438,DATA_20260309_150000.BIN,23.0358,50.5897,7.9199,50.5897,1.4960,1,123.384,149.560
2439,DATA_20260309_150000.BIN,7.9199,40.8068,19.9678,40.8068,2.4860,1,78.316,84.530
2440,DATA_20260309_150000.BIN,19.9678,62.1023,14.0482,62.1023,1.9690,1,140.125,146.968
2441,DATA_20260309_150000.BIN,14.0482,60.8520,9.4950,60.8520,1.3750,1,106.737,108.095
2442,DATA_20260309_150000.BIN,9.4950,82.9343,23.8632,82.9343,2.6400,1,114.744,124.057
2443,DATA_20260309_150000.BIN,60.5015,74.2124,20.7392,74.2124,2.1670,1,166.112,175.757
2444,DATA_20260309_150000.BIN,20.7392,82.1288,10.0817,82.1288,1.2430,1,48.699,63.617
2445,DATA_20260309_150000.BIN,10.0817,45.9467,44.8658,45.9467,0.6380,1,163.558,166.108
2446,DATA_20260309_150000.BIN,44.8658,73.0444,29.3267,73.0444,1.7930,1,94.722,115.807
2447,DATA_20260309_150000.BIN,29.3267,75.1021,31.7117,75.1021,1.2980,1,66.747,82.025
2448,DATA_20260309_150000.BIN,51.7868,81.8274,33.4897,81.8274,1.1660,1,47.722,87.707
2449,DATA_20260309_150000.BIN,33.4897,70.0941,17.4769,70.0941,1.7490,1,58.236,90.443
2450,DATA_20260309_150000.BIN,33.9072,64.2805,40.4524,64.2805,1.5730,1,36.435,64.495
2451,DATA_20260309_150000.BIN,27.4784,75.7305,17.4018,75.7305,1.5510,1,68.726,100.131
2452,DATA_20260309_150000.BIN,17.4018,77.2315,13.5696,77.2315,1.2430,1,134.251,149.479
2453,DATA_20260309_150000.BIN,13.5696,49.5121,15.5146,49.5121,1.7050,1,41.495,46.032
2454,DATA_20260309_150000.BIN,15.5146,75.8569,20.4523,75.8569,1.3860,1,125.240,128.959
2455,DATA_20260309_150000.BIN,20.4523,58.4111,14.3941,58.4111,2.9150,1,146.651,165.618
2456,DATA_20260309_150000.BIN,14.3941,58.4160,41.4858,58.4160,1.3200,1,33.026,36.457
2457,DATA_20260309_150000.BIN,41.4858,71.0198,35.3714,71.0198,1.6610,1,136.897,151.608
2458,DATA_20260309_150000.BIN,35.3714,66.2254,38.8092,66.2254,1.0120,1,64.644,173.173
2459,DATA_20260309_150000.BIN,38.8092,50.5591,42.0131,50.5591,1.6720,1,73.008,84.683
2460,DATA_20260309_150000.BIN,54.9944,63.3604,38.7218,63.3604,2.0240,1,160.306,175.799
2461,DATA_20260309_150000.BIN,38.7218,78.1466,24.5895,78.1466,0.7480,1,148.951,166.769
2462,DATA_20260309_150000.BIN,24.5895,62.4754,24.6841,62.4754,1.5290,1,6.548,31.878
2463,DATA_20260309_150000.BIN,24.6841,71.6384,26.8434,71.6384,1.7050,1,95.412,100.062
2464,DATA_20260309_150000.BIN,26.8434,82.1428,10.5269,82.1428,2.1890,1,136.346,137.618
2465,DATA_20260309_150000.BIN,10.5269,64.9169,11.7213,64.9169,1.0670,1,86.454,144.883
2466,DATA_20260309_150000.BIN,11.7213,80.7928,47.8443,80.7928,1.7270,1,19.677,26.048
2467,DATA_20260309_150000.BIN,47.8443,62.7158,11.9858,62.7158,2.1230,1,5.220,86.029
2468,DATA_20260309_150000.BIN,11.9858,69.5567,43.0081,69.5567,1.4740,1,108.124,111.147
2469,DATA_20260309_150000.BIN,43.0081,82.9328,8.8218,82.9328,1.3310,1,72.166,75.965
2470,DATA_20260309_150000.BIN,8.8218,60.0195,12.9749,60.0195,1.5180,1,169.434,169.804
2471,DATA_20260309_150000.BIN,12.9749,80.5146,8.9937,80.5146,0.8800,1,66.233,77.105
2472,DATA_20260309_150000.BIN,8.9937,50.9014,20.9766,50.9014,1.6940,1,143.135,156.142
2473,DATA_20260309_150000.BIN,20.9766,77.0744,14.5168,77.0744,0.6050,1,140.968,143.696
2474,DATA_20260309_150000.BIN,14.5168,12.2814,12.7461,12.7461,0.8360,1,91.779,138.504
2475,DATA_20260309_150000.BIN,12.7461,47.0574,26.1309,47.0574,0.7480,1,156.603,164.305
2476,DATA_20260309_150000.BIN,26.1309,31.8165,14.2144,31.8165,1.1990,1,49.023,98.959
2477,DATA_20260309_150000.BIN,14.2144,62.1400,15.0727,62.1400,2.1120,1,71.796,82.883
2478,DATA_20260309_150000.BIN,15.0727,76.2173,10.4157,76.2173,1.3640,1,160.372,163.542
2479,DATA_20260309_150000.BIN,10.4157,72.9622,16.4256,72.9622,0.9790,1,87.018,87.874
2480,DATA_20260309_150000.BIN,16.4256,40.6907,12.5339,40.6907,1.0010,1,55.549,55.551
2481,DATA_20260309_150000.BIN,12.5339,75.1700,33.4418,75.1700,1.8040,1,101.101,115.888
2482,DATA_20260309_150000.BIN,33.4418,59.9436,30.7095,59.9436,2.8160,1,69.354,88.176
2483,DATA_20260309_150000.BIN,30.7095,85.4366,23.9838,85.4366,1.2760,1,22.888,83.151
2484,DATA_20260309_150000.BIN,13.7590,21.9140,17.8758,21.9140,0.9460,1,65.901,73.619
2485,DATA_20260309_150000.BIN,17.8758,55.6072,30.7872,55.6072,1.6390,1,23.712,67.184
2486,DATA_20260309_150000.BIN,8.7058,78.2757,52.2048,78.2757,1.5070,1,19.424,19.819
2487,DATA_20260309_150000.BIN,25.0128,75.6229,6.5776,75.6229,0.6050,1,45.543,49.806
2488,DATA_20260309_150000.BIN,6.5776,64.2955,50.4740,64.2955,1.4190,1,102.620,104.101
2489,DATA_20260309_150000.BIN,50.4740,83.3069,13.5282,83.3069,2.2990,1,86.837,157.677
2490,DATA_20260309_150000.BIN,13.5282,63.3684,21.4707,63.3684,0.9130,1,91.527,110.057
2491,DATA_20260309_150000.BIN,21.4707,73.4706,16.6990,73.4706,0.8690,1,94.421,158.423
2492,DATA_20260309_150000.BIN,29.2046,82.3144,18.6331,82.3144,0.9900,1,122.964,131.999
2493,DATA_20260309_150000.BIN,37.4025,24.1922,18.9910,24.1922,2.2000,1,111.186,139.473
2494,DATA_20260309_150000.BIN,18.9910,65.1926,28.5314,65.1926,1.7270,1,32.081,34.118
2495,DATA_20260309_150000.BIN,28.5314,80.0726,26.9700,80.0726,0.9240,1,109.460,132.407
2496,DATA_20260309_150000.BIN,26.9700,64.0123,17.8117,64.0123,0.8690,1,119.839,152.796
2497,DATA_20260309_150000.BIN,17.8117,37.7263,63.3590,63.3590,2.3210,1,77.156,77.354
2498,DATA_20260309_150000.BIN,63.3590,78.7624,36.6562,78.7624,2.1230,1,137.976,158.221
2499,DATA_20260309_150000.BIN,26.9897,44.0369,14.6393,44.0369,1.7050,1,108.439,150.761
2500,DATA_20260309_150000.BIN,14.6393,64.9952,11.2409,64.9952,0.7810,1,154.716,172.778
2501,DATA_20260309_150000.BIN,15.5911,20.7618,32.8461,32.8461,1.1880,1,149.815,149.894
2502,DATA_20260309_150000.BIN,32.8461,68.8158,15.3406,68.8158,1.3860,1,64.043,102.018
2503,DATA_20260309_150000.BIN,15.3406,66.2346,18.8421,66.2346,2.7940,1,76.263,77.262
2504,DATA_20260309_150000.BIN,49.8901,47.7577,17.5442,47.7577,0.9790,1,95.881,97.735
2505,DATA_20260309_150000.BIN,17.5442,68.2267,10.7842,68.2267,3.1460,1,116.550,127.320
2506,DATA_20260309_150000.BIN,10.7842,45.4718,19.1679,45.4718,2.0570,1,41.375,42.600
2507,DATA_20260309_150000.BIN,19.1679,9.8543,19.3670,19.3670,1.0450,1,41.394,61.444
2508,DATA_20260309_150000.BIN,19.3670,36.7294,7.9187,36.7294,0.8140,1,40.897,48.083
2509,DATA_20260309_150000.BIN,7.9187,56.7921,46.5042,56.7921,1.1550,1,17.872,19.427
2510,DATA_20260309_150000.BIN,17.5110,82.6512,63.8312,82.6512,0.8360,1,71.091,71.383
2511,DATA_20260309_150000.BIN,63.8312,82.1653,54.7777,82.1653,1.8920,1,58.561,127.599
2512,DATA_20260309_150000.BIN,54.7777,81.0364,17.4053,81.0364,3.3440,1,99.329,159.561
2513,DATA_20260309_150000.BIN,17.4053,78.5988,16.1397,78.5988,3.2230,1,74.036,83.876
2514,DATA_20260309_150000.BIN,16.1397,67.5731,29.2746,67.5731,1.3750,1,68.278,68.439
2515,DATA_20260309_150000.BIN,29.2746,77.8224,5.5290,77.8224,3.1570,1,27.587,60.603
2516,DATA_20260309_150000.BIN,9.0113,47.4763,18.4363,47.4763,1.7600,1,90.720,90.727
2517,DATA_20260309_150000.BIN,26.4274,44.3988,12.5475,44.3988,1.1990,1,85.730,102.224
2518,DATA_20260309_150000.BIN,12.5475,58.7662,59.0154,59.0154,1.4850,1,62.261,63.124
2519,DATA_20260309_150000.BIN,59.0154,34.0793,25.8844,34.0793,0.9570,1,62.846,106.006
2520,DATA_20260309_150000.BIN,25.8844,84.1347,52.0693,84.1347,1.1880,1,113.669,163.976
2521,DATA_20260309_150000.BIN,52.0693,62.8185,7.4701,62.8185,1.7270,1,98.611,124.077
2522,DATA_20260309_150000.BIN,7.4701,20.0024,22.1434,22.1434,2.3540,1,89.933,90.065
2523,DATA_20260309_150000.BIN,22.1434,84.1848,11.0005,84.1848,3.5970,1,29.256,59.823
2524,DATA_20260309_150000.BIN,11.0005,73.4794,6.9011,73.4794,1.5840,1,45.269,45.832
2525,DATA_20260309_150000.BIN,6.9011,38.5695,14.0755,38.5695,1.7820,1,42.609,43.991
2526,DATA_20260309_150000.BIN,14.0755,22.9913,8.8097,22.9913,4.6090,1,85.342,86.444
2527,DATA_20260309_150000.BIN,8.8097,81.3366,55.7681,81.3366,3.0140,1,63.298,63.969
2528,DATA_20260309_150000.BIN,55.7681,73.7490,22.5119,73.7490,2.0460,1,97.632,109.963
2529,DATA_20260309_150000.BIN,22.5119,13.8328,4.4195,13.8328,1.1000,1,105.481,105.483
2530,DATA_20260309_150000.BIN,4.4195,36.2355,14.3426,36.2355,1.8480,1,88.715,93.776
2531,DATA_20260309_150000.BIN,14.3426,14.9283,32.3385,32.3385,4.0700,1,28.026,29.535
2532,DATA_20260309_150000.BIN,32.3385,8.4026,12.3135,12.3135,0.8470,1,68.236,70.807
2533,DATA_20260309_150000.BIN,10.7682,76.7196,20.1645,76.7196,1.1440,1,106.550,121.077
2534,DATA_20260309_150000.BIN,20.1645,54.1955,21.6027,54.1955,1.3310,1,25.902,33.554
2535,DATA_20260309_150000.BIN,16.9108,46.5169,17.1854,46.5169,1.6280,1,30.937,40.316
2536,DATA_20260309_150000.BIN,17.1854,56.9186,17.1786,56.9186,1.1880,1,55.113,65.880
2537,DATA_20260309_160000.BIN,14.0732,24.9615,15.8268,24.9615,7.5900,1,6.047,6.397
2538,DATA_20260309_160000.BIN,10.3268,16.7580,10.4100,16.7580,4.0040,1,24.786,27.418
2539,DATA_20260309_160000.BIN,8.9154,27.3131,16.3868,27.3131,1.5620,1,10.780,11.056
2540,DATA_20260309_160000.BIN,16.3868,28.3097,4.7732,28.3097,2.2660,1,3.815,7.792
2541,DATA_20260309_160000.BIN,4.7732,27.6387,20.1816,27.6387,2.7830,1,20.259,20.699
2542,DATA_20260309_160000.BIN,20.1816,24.5154,16.2550,24.5154,3.3440,1,13.084,15.462
2543,DATA_20260309_160000.BIN,16.2550,23.8797,18.9983,23.8797,4.1800,1,4.645,6.545
2544,DATA_20260309_160000.BIN,18.9983,22.8444,16.4438,22.8444,2.0020,1,8.385,9.875
2545,DATA_20260309_160000.BIN,16.4438,26.8936,19.6330,26.8936,5.5550,1,4.594,4.731
2546,DATA_20260309_160000.BIN,17.7643,30.3567,26.8575,30.3567,3.8500,1,4.956,6.975
2547,DATA_20260309_160000.BIN,26.8575,31.3992,19.1064,31.3992,2.6510,1,15.707,18.384
2548,DATA_20260309_160000.BIN,12.7114,23.3925,12.0969,23.3925,4.1910,1,7.074,7.384
2549,DATA_20260309_160000.BIN,12.0969,24.9034,1.3771,24.9034,9.7900,1,8.244,9.334
2550,DATA_20260309_160000.BIN,1.3771,7.1388,0.2683,7.1388,3.1350,1,16.436,16.838
2551,DATA_20260309_160000.BIN,0.2683,6.0452,2.7449,6.0452,2.4310,1,14.686,17.999
2552,DATA_20260309_160000.BIN,2.7449,9.1192,1.6135,9.1192,5.1040,1,10.386,11.454
2553,DATA_20260309_160000.BIN,0.9117,5.1168,0.3784,5.1168,4.1910,1,13.590,14.057
2554,DATA_20260309_160000.BIN,0.3784,7.1976,0.3727,7.1976,5.6320,1,11.203,12.223
2555,DATA_20260309_160000.BIN,0.3727,5.9835,1.8252,5.9835,1.9360,1,10.078,10.529
2556,DATA_20260309_160000.BIN,1.8252,6.6903,0.2106,6.6903,1.7710,1,10.123,10.206
2557,DATA_20260309_160000.BIN,1.4906,6.5896,1.7968,6.5896,6.7760,1,8.617,8.745
2558,DATA_20260309_160000.BIN,0.0410,4.5889,0.4374,4.5889,3.7290,1,7.427,7.428
2559,DATA_20260309_160000.BIN,0.5222,8.0422,1.1203,8.0422,2.0130,1,6.730,6.745
2560,DATA_20260309_160000.BIN,1.3216,5.5880,1.3941,5.5880,1.5070,1,7.653,7.655
2561,DATA_20260309_160000.BIN,0.6184,6.8817,0.9808,6.8817,7.4470,1,5.910,5.962
2562,DATA_20260309_160000.BIN,0.9808,7.1049,0.8260,7.1049,3.4540,1,3.609,3.664
2563,DATA_20260309_160000.BIN,0.8260,4.6975,1.1281,4.6975,2.4310,1,4.902,5.062
2564,DATA_20260309_160000.BIN,1.0150,5.1918,0.6559,5.1918,1.9030,1,4.741,5.435
2565,DATA_20260309_160000.BIN,2.6716,7.6186,1.4481,7.6186,3.7290,1,6.462,6.486
2566,DATA_20260309_160000.BIN,0.2860,8.8549,1.4690,8.8549,3.4760,1,2.545,2.708
2567,DATA_20260309_160000.BIN,1.4690,7.2296,1.9777,7.2296,1.7490,1,1.115,1.798
2568,DATA_20260309_160000.BIN,1.9777,5.2928,0.3318,5.2928,5.3790,1,1.720,4.174
2569,DATA_20260309_160000.BIN,0.3318,7.0635,0.9735,7.0635,5.3680,1,2.551,2.755
2570,DATA_20260309_160000.BIN,0.3741,6.8847,1.3964,6.8847,2.8050,1,2.692,3.129
2571,DATA_20260309_160000.BIN,3.0554,21.3410,1.6653,21.3410,7.7770,1,2.453,5.233
2572,DATA_20260309_160000.BIN,1.6653,9.5907,2.5423,9.5907,3.1790,1,2.470,3.129
2573,DATA_20260309_160000.BIN,2.5423,6.1663,2.5920,6.1663,2.9810,1,3.347,4.609
2574,DATA_20260309_160000.BIN,2.5920,11.4575,2.5917,11.4575,9.5040,1,5.091,6.293
2575,DATA_20260309_160000.BIN,2.5917,7.3291,0.7612,7.3291,2.4750,1,3.810,3.830
2576,DATA_20260309_160000.BIN,1.7547,8.6820,0.8682,8.6820,1.8920,1,1.153,1.178
2577,DATA_20260309_160000.BIN,0.8682,8.6446,0.9292,8.6446,3.7400,1,4.374,9.399
2578,DATA_20260309_160000.BIN,0.9292,6.3501,0.9733,6.3501,6.9410,1,4.569,12.677
2579,DATA_20260309_160000.BIN,0.9733,7.6103,0.3366,7.6103,4.2570,1,1.405,1.856
2580,DATA_20260309_160000.BIN,2.0011,5.3493,2.1482,5.3493,1.8590,1,1.539,1.982
2581,DATA_20260309_160000.BIN,2.1482,10.8302,1.3859,10.8302,2.3760,1,1.711,2.986
2582,DATA_20260309_160000.BIN,1.3859,18.2735,6.5030,18.2735,3.7070,1,0.066,3.344
2583,DATA_20260309_160000.BIN,6.5030,14.8408,1.6575,14.8408,4.4990,1,4.656,9.600
2584,DATA_20260309_160000.BIN,1.6575,7.9310,1.2352,7.9310,3.3440,1,0.952,1.035
2585,DATA_20260309_160000.BIN,3.8134,9.6872,2.0541,9.6872,2.7720,1,6.526,9.760
2586,DATA_20260309_160000.BIN,2.3596,7.6873,3.0913,7.6873,4.1800,1,1.100,1.959
2587,DATA_20260309_160000.BIN,3.0913,8.1845,2.6115,8.1845,8.8110,1,4.757,8.584
2588,DATA_20260309_160000.BIN,2.9302,6.8789,2.3464,6.8789,7.0070,1,4.127,8.163
2589,DATA_20260309_160000.BIN,2.3464,5.3324,1.1274,5.3324,3.3330,1,2.509,6.050
2590,DATA_20260309_160000.BIN,1.7683,8.7638,4.0973,8.7638,4.0590,1,3.023,3.030
2591,DATA_20260309_160000.BIN,4.0973,9.7922,1.9611,9.7922,4.2350,1,5.279,5.312
2592,DATA_20260309_160000.BIN,1.9611,7.3064,1.5454,7.3064,4.4330,1,2.294,2.383
2593,DATA_20260309_160000.BIN,1.0162,7.0221,2.7553,7.0221,7.3480,1,2.564,7.027
2594,DATA_20260309_160000.BIN,3.2872,12.8814,2.4200,12.8814,4.0370,1,3.164,3.279
2595,DATA_20260309_160000.BIN,2.4200,5.3400,0.9807,5.3400,5.9840,1,3.917,4.568
2596,DATA_20260309_160000.BIN,0.9807,5.6855,0.7301,5.6855,6.9300,1,1.027,2.218
2597,DATA_20260309_160000.BIN,0.6880,8.2826,1.8934,8.2826,6.6770,1,1.644,3.611
2598,DATA_20260309_160000.BIN,1.6295,6.5878,2.0329,6.5878,2.9150,1,1.440,1.558
2599,DATA_20260309_160000.BIN,0.8630,4.5929,0.7060,4.5929,1.5180,1,1.621,3.000
2600,DATA_20260309_160000.BIN,1.9909,9.0901,0.3324,9.0901,4.8180,1,2.979,3.091
2601,DATA_20260309_160000.BIN,0.3324,11.2170,1.0596,11.2170,5.2250,1,2.650,6.134
2602,DATA_20260309_160000.BIN,0.2545,4.8164,0.5806,4.8164,7.3700,1,0.171,0.637
2603,DATA_20260309_160000.BIN,1.8151,7.0193,1.9173,7.0193,5.6760,1,3.191,4.523
2604,DATA_20260309_160000.BIN,1.4881,7.7999,0.5682,7.7999,8.2610,1,1.539,1.562
2605,DATA_20260309_160000.BIN,0.5682,6.2960,1.3556,6.2960,3.9600,1,1.373,1.814
2606,DATA_20260309_160000.BIN,1.3556,6.9143,0.9602,6.9143,4.8950,1,0.549,3.672
2607,DATA_20260309_160000.BIN,2.7726,9.9298,5.2435,9.9298,6.6330,1,3.901,9.708
2608,DATA_20260309_160000.BIN,5.2435,10.1764,4.3637,10.1764,4.6420,1,5.673,6.660
2609,DATA_20260309_160000.BIN,4.3637,11.2690,2.2475,11.2690,4.1690,1,6.561,9.299
2610,DATA_20260309_160000.BIN,2.2475,23.0260,10.0104,23.0260,4.9940,1,4.852,9.542
2611,DATA_20260309_160000.BIN,10.0104,18.2341,7.1011,18.2341,8.1620,1,11.289,11.313
2612,DATA_20260309_160000.BIN,7.1011,13.8559,5.0864,13.8559,2.5410,1,8.145,8.930
2613,DATA_20260309_160000.BIN,5.0864,12.6953,7.8716,12.6953,3.7510,1,4.819,5.379
2614,DATA_20260309_160000.BIN,7.8716,12.9705,4.6633,12.9705,3.4320,1,7.775,8.036
2615,DATA_20260309_160000.BIN,3.7438,7.6328,0.9134,7.6328,2.9920,1,0.946,2.125
2616,DATA_20260309_160000.BIN,0.9134,11.9360,1.8044,11.9360,2.9920,1,1.437,3.393
2617,DATA_20260309_160000.BIN,1.8044,11.8478,2.8044,11.8478,2.4090,1,3.182,5.247
2618,DATA_20260309_160000.BIN,2.8044,6.2055,1.7359,6.2055,1.6280,1,6.362,6.397
2619,DATA_20260309_160000.BIN,1.8563,8.1347,3.8573,8.1347,4.2350,1,4.711,8.593
2620,DATA_20260309_160000.BIN,1.6840,6.0809,2.2287,6.0809,2.5630,1,3.167,3.728
2621,DATA_20260309_160000.BIN,2.2287,8.2194,4.4058,8.2194,3.5310,1,4.621,5.707
2622,DATA_20260309_160000.BIN,3.1531,6.8035,0.7945,6.8035,4.9280,1,5.090,9.707
2623,DATA_20260309_160000.BIN,6.4352,11.5682,6.4066,11.5682,3.3220,1,7.671,8.107
2624,DATA_20260309_160000.BIN,3.2786,29.9254,18.5023,29.9254,3.3110,1,12.882,52.855
2625,DATA_20260309_160000.BIN,18.5023,27.3113,18.6548,27.3113,1.9250,1,30.834,47.296
2626,DATA_20260309_160000.BIN,18.6548,31.7444,18.9079,31.7444,3.6740,1,32.935,52.131
2627,DATA_20260309_160000.BIN,18.9079,28.2966,21.4585,28.2966,3.1240,1,24.126,33.451
2628,DATA_20260309_160000.BIN,21.4585,26.7749,22.4860,26.7749,3.6520,1,27.663,37.115
2629,DATA_20260309_160000.BIN,22.4860,27.6948,11.7205,27.6948,8.8440,1,26.238,39.654
2630,DATA_20260309_160000.BIN,11.7205,22.5035,16.2195,22.5035,3.9160,1,13.656,26.188
2631,DATA_20260309_160000.BIN,16.2195,19.9482,13.0367,19.9482,5.9950,1,14.899,24.648
2632,DATA_20260309_160000.BIN,8.1342,26.1161,19.5944,26.1161,3.8720,1,4.442,21.007
2633,DATA_20260309_160000.BIN,19.5944,27.6415,22.1102,27.6415,2.1780,1,14.841,16.901
2634,DATA_20260309_160000.BIN,22.1102,27.5598,17.4123,27.5598,2.9480,1,17.703,20.650
2635,DATA_20260309_160000.BIN,17.4123,32.8241,20.6979,32.8241,9.1300,1,10.916,17.172
2636,DATA_20260309_160000.BIN,20.6979,29.6201,13.3663,29.6201,2.1340,1,13.887,18.470
2637,DATA_20260309_160000.BIN,13.3663,21.4709,15.7628,21.4709,2.2880,1,6.397,20.512
2638,DATA_20260309_160000.BIN,15.7628,22.8108,16.0258,22.8108,2.8600,1,5.364,7.938
2639,DATA_20260309_160000.BIN,16.0258,23.0832,10.9885,23.0832,1.2980,1,7.347,14.431
2640,DATA_20260309_160000.BIN,41.1610,48.3212,27.6982,48.3212,6.6770,1,33.904,36.998
2641,DATA_20260309_160000.BIN,3.5709,29.4054,16.0230,29.4054,4.2460,1,11.428,19.737
2642,DATA_20260309_160000.BIN,16.0230,30.1381,20.2864,30.1381,2.5740,1,8.827,15.971
2643,DATA_20260309_160000.BIN,20.2864,39.9928,29.2063,39.9928,3.4650,1,9.028,10.847
2644,DATA_20260309_160000.BIN,29.2063,37.3690,23.7155,37.3690,4.4990,1,15.244,17.936
2645,DATA_20260309_160000.BIN,23.7155,32.5262,25.8635,32.5262,1.2980,1,10.065,10.403
2646,DATA_20260309_160000.BIN,25.8635,32.4257,20.5019,32.4257,1.4410,1,9.988,10.100
2647,DATA_20260309_160000.BIN,27.0796,36.2572,26.5489,36.2572,2.9040,1,9.939,11.708
2648,DATA_20260309_160000.BIN,26.5489,34.8486,22.5404,34.8486,3.2560,1,15.666,15.674
2649,DATA_20260309_160000.BIN,28.7644,32.6233,22.2604,32.6233,5.7090,1,9.975,14.128
2650,DATA_20260309_160000.BIN,22.2604,37.3253,32.7399,37.3253,3.8500,1,13.576,14.955
2651,DATA_20260309_160000.BIN,32.7399,39.0259,29.1708,39.0259,1.5070,1,15.485,15.555
2652,DATA_20260309_160000.BIN,29.1708,33.8453,27.3358,33.8453,1.3640,1,9.944,9.962
2653,DATA_20260309_160000.BIN,27.3358,40.8497,32.1067,40.8497,2.0790,1,7.070,7.501
2654,DATA_20260309_160000.BIN,32.1067,37.9739,33.1059,37.9739,2.2330,1,12.794,12.881
2655,DATA_20260309_160000.BIN,31.8628,36.8109,32.1433,36.8109,1.2760,1,10.712,10.734
2656,DATA_20260309_160000.BIN,32.1433,37.3413,28.9746,37.3413,1.8150,1,9.009,9.348
2657,DATA_20260309_160000.BIN,31.3566,37.6894,32.2495,37.6894,1.7490,1,10.010,10.103
2658,DATA_20260309_160000.BIN,32.2495,40.3859,25.8605,40.3859,3.0250,1,10.193,10.264
2659,DATA_20260309_160000.BIN,25.8605,30.5073,25.7067,30.5073,1.7050,1,2.466,2.620
2660,DATA_20260309_160000.BIN,25.7067,38.8035,8.8630,38.8035,3.8390,1,5.353,5.769
2661,DATA_20260309_160000.BIN,8.8630,26.6475,13.6771,26.6475,2.1450,1,19.813,25.260
2662,DATA_20260309_160000.BIN,13.6771,49.8812,43.9965,49.8812,9.2180,1,9.153,17.746
2663,DATA_20260309_160000.BIN,42.5938,45.8394,15.1059,45.8394,3.5310,1,21.223,27.112
2664,DATA_20260309_160000.BIN,15.1059,39.4069,32.7774,39.4069,2.5080,1,19.843,23.169
2665,DATA_20260309_160000.BIN,32.7774,40.6988,21.3744,40.6988,3.2230,1,19.556,19.877
2666,DATA_20260309_160000.BIN,21.3744,51.3307,42.6674,51.3307,8.1840,1,7.587,14.352
2667,DATA_20260309_160000.BIN,42.6674,61.6935,50.9461,61.6935,6.2040,1,29.246,29.338
2668,DATA_20260309_160000.BIN,50.2123,57.3252,16.0721,57.3252,9.1190,1,34.261,96.920
2669,DATA_20260309_160000.BIN,16.0721,31.7745,24.3309,31.7745,3.1350,1,24.011,29.396
2670,DATA_20260309_160000.BIN,30.7904,37.3703,20.4229,37.3703,4.0040,1,7.115,7.291
2671,DATA_20260309_160000.BIN,20.4229,33.0351,14.7074,33.0351,5.7970,1,23.211,24.383
2672,DATA_20260309_160000.BIN,14.7074,32.3143,24.9732,32.3143,2.2220,1,30.841,35.274
2673,DATA_20260309_160000.BIN,4.7856,18.0733,7.1366,18.0733,2.1120,1,21.569,29.675
2674,DATA_20260309_160000.BIN,12.6497,18.7815,3.6449,18.7815,2.7390,1,12.686,20.667
2675,DATA_20260309_160000.BIN,3.6449,13.0863,5.1707,13.0863,1.7710,1,21.157,27.120
2676,DATA_20260309_160000.BIN,5.1707,30.0651,19.6520,30.0651,4.1800,1,26.218,29.045
2677,DATA_20260309_160000.BIN,19.6520,39.8885,34.6645,39.8885,5.1700,1,8.069,8.265
2678,DATA_20260309_160000.BIN,34.6645,39.7631,34.3598,39.7631,2.0570,1,22.042,22.172
2679,DATA_20260309_160000.BIN,34.3598,39.4026,25.4825,39.4026,4.2790,1,19.178,19.329
2680,DATA_20260309_160000.BIN,19.5411,24.5321,13.4501,24.5321,2.2770,1,9.551,13.664
2681,DATA_20260309_170000.BIN,8.0494,19.3675,7.6123,19.3675,4.6860,1,4.135,9.525
2682,DATA_20260309_170000.BIN,2.4554,13.3352,5.2186,13.3352,1.8810,1,7.986,8.542
2683,DATA_20260309_170000.BIN,5.2186,13.4236,1.1491,13.4236,4.3450,1,4.473,4.920
2684,DATA_20260309_170000.BIN,1.1491,14.5198,0.1430,14.5198,6.6880,1,8.482,16.363
2685,DATA_20260309_170000.BIN,0.1430,18.7226,1.7644,18.7226,6.6880,1,8.585,13.787
2686,DATA_20260309_170000.BIN,1.7644,23.0607,16.8918,23.0607,8.3050,1,6.627,12.856
2687,DATA_20260309_170000.BIN,16.8918,23.4263,2.1166,23.4263,6.8860,1,22.451,23.498
2688,DATA_20260309_170000.BIN,2.1166,19.6156,6.1645,19.6156,3.1240,1,3.136,11.359
2689,DATA_20260309_170000.BIN,6.1645,20.8386,2.2320,20.8386,2.2220,1,7.162,8.565
2690,DATA_20260309_170000.BIN,2.2320,10.1003,3.3482,10.1003,2.1120,1,7.769,7.773
2691,DATA_20260309_170000.BIN,7.0998,15.6981,8.2547,15.6981,1.9470,1,6.150,11.874
2692,DATA_20260309_170000.BIN,8.2547,14.3462,7.5439,14.3462,5.8410,1,4.618,13.952
2693,DATA_20260309_170000.BIN,7.5439,17.5278,12.2132,17.5278,1.9360,1,7.641,9.525
2694,DATA_20260309_170000.BIN,1.7426,14.6284,3.8403,14.6284,6.8200,1,3.191,3.223
2695,DATA_20260309_170000.BIN,5.1860,21.6285,3.7087,21.6285,3.1130,1,6.060,16.004
2696,DATA_20260309_170000.BIN,7.8612,30.9799,0.6039,30.9799,4.9060,1,9.292,15.125
2697,DATA_20260309_170000.BIN,0.6039,9.7796,2.5225,9.7796,6.4020,1,4.312,5.237
2698,DATA_20260309_170000.BIN,0.7966,10.4297,1.6207,10.4297,4.9060,1,4.531,5.658
2699,DATA_20260309_170000.BIN,1.6207,18.2462,9.7362,18.2462,2.8380,1,1.494,1.496
2700,DATA_20260309_170000.BIN,9.7362,17.9662,5.2333,17.9662,1.5620,1,8.122,12.776
2701,DATA_20260309_170000.BIN,5.6034,18.5920,4.9921,18.5920,3.1900,1,5.395,14.340
2702,DATA_20260309_170000.BIN,4.9921,29.5174,1.3539,29.5174,4.6970,1,3.889,7.217
2703,DATA_20260309_170000.BIN,1.1822,11.5310,3.2632,11.5310,5.1700,1,3.438,4.428
2704,DATA_20260309_170000.BIN,3.2632,32.4785,2.0923,32.4785,5.0490,1,4.274,10.526
2705,DATA_20260309_170000.BIN,2.0923,7.6920,1.2843,7.6920,2.2220,1,5.722,6.156
2706,DATA_20260309_170000.BIN,6.4325,20.1973,11.9599,20.1973,1.6500,1,4.581,5.168
2707,DATA_20260309_170000.BIN,11.9599,23.9094,7.5992,23.9094,1.4190,1,9.802,11.966
2708,DATA_20260309_170000.BIN,7.5992,33.3045,24.7326,33.3045,2.9700,1,9.320,10.324
2709,DATA_20260309_180000.BIN,3.4650,10.2211,5.3378,10.2211,6.9410,1,1.932,1.939
2710,DATA_20260309_180000.BIN,2.8029,12.2986,3.2481,12.2986,5.8410,1,4.346,5.284
2711,DATA_20260309_180000.BIN,4.5115,6.5444,4.7101,6.5444,2.7610,1,4.425,5.440
2712,DATA_20260309_180000.BIN,4.7101,6.2322,4.5265,6.2322,2.5630,1,4.305,5.241
2713,DATA_20260309_180000.BIN,2.8368,10.6747,1.4313,10.6747,2.3100,1,2.327,2.564
2714,DATA_20260309_180000.BIN,3.0090,15.5425,1.5989,15.5425,5.2470,1,1.862,3.342
2715,DATA_20260309_180000.BIN,0.7436,8.7875,2.2539,8.7875,1.7490,1,2.651,3.073
2716,DATA_20260309_180000.BIN,2.2539,8.1317,0.9783,8.1317,6.6440,1,4.683,4.773
2717,DATA_20260309_180000.BIN,0.8616,6.9550,0.6546,6.9550,7.5460,1,2.122,2.598
2718,DATA_20260309_180000.BIN,0.6546,3.0190,0.4564,3.0190,4.7080,1,2.273,2.436
2719,DATA_20260309_180000.BIN,4.8173,10.9861,2.0191,10.9861,7.9420,1,5.222,5.416
2720,DATA_20260309_180000.BIN,2.0191,5.4697,3.5530,5.4697,2.0790,1,3.416,3.425
2721,DATA_20260309_180000.BIN,3.5530,8.2365,2.2675,8.2365,1.8700,1,5.113,5.138
2722,DATA_20260309_180000.BIN,2.2675,6.0801,0.4917,6.0801,8.4260,1,2.138,2.207
2723,DATA_20260309_180000.BIN,0.3140,9.6583,7.4297,9.6583,6.0720,1,0.974,0.989
2724,DATA_20260309_180000.BIN,0.6171,14.4209,11.8340,14.4209,2.5960,1,0.591,0.767
2725,DATA_20260309_180000.BIN,3.8633,7.4487,2.3059,7.4487,9.0860,1,4.120,5.659
2726,DATA_20260309_180000.BIN,1.7736,5.8485,0.8637,5.8485,7.6560,1,1.944,4.624
2727,DATA_20260309_180000.BIN,3.2252,7.5206,2.9335,7.5206,7.9640,1,2.813,5.132
2728,DATA_20260309_180000.BIN,2.9335,6.9301,3.6153,6.9301,7.4910,1,2.203,4.298
2729,DATA_20260309_180000.BIN,2.2808,9.6428,1.5219,9.6428,2.5520,1,2.030,5.142
2730,DATA_20260309_180000.BIN,15.4005,44.9572,14.5430,44.9572,5.3460,1,16.742,17.399
2731,DATA_20260309_180000.BIN,14.5430,41.4796,33.7602,41.4796,6.6880,1,13.934,67.253
2732,DATA_20260309_180000.BIN,33.7602,38.1871,22.2381,38.1871,3.2890,1,39.626,75.639
