cycle_idx,source_file,p0_r,p3_r,p7_r,amplitude,duration_s,validated,tilt_deg,q_error_deg
0,DATA_20260324_055541.BIN,1.9038,6.6432,1.2747,6.6432,7.5130,1,13.257,13.678
1,DATA_20260324_055541.BIN,1.3492,5.3749,2.6554,5.3749,1.2980,1,9.890,12.715
2,DATA_20260324_055541.BIN,2.6554,5.9228,2.5617,5.9228,4.3780,1,11.121,13.158
3,DATA_20260324_055541.BIN,1.7855,14.2846,2.1810,14.2846,5.2910,1,10.500,10.792
4,DATA_20260324_055541.BIN,2.1810,12.6988,2.0165,12.6988,4.4880,1,9.875,10.848
5,DATA_20260324_055541.BIN,2.0165,11.8626,7.3331,11.8626,1.7270,1,5.642,10.291
6,DATA_20260324_055541.BIN,7.3331,12.8602,8.0223,12.8602,1.5730,1,14.636,16.516
7,DATA_20260324_055541.BIN,1.4365,5.1064,3.2703,5.1064,5.0600,1,4.759,12.986
8,DATA_20260324_055541.BIN,3.2703,8.2057,3.4285,8.2057,2.4420,1,7.903,9.870
9,DATA_20260324_055541.BIN,3.4285,10.4512,7.1301,10.4512,1.7270,1,2.273,5.881
10,DATA_20260324_055541.BIN,7.1301,11.0277,1.9791,11.0277,3.6740,1,4.800,5.046
11,DATA_20260324_055541.BIN,1.9791,9.6901,0.4371,9.6901,5.2360,1,3.858,4.228
12,DATA_20260324_055541.BIN,1.1385,4.2203,0.4374,4.2203,2.4640,1,4.688,8.218
13,DATA_20260324_055541.BIN,0.3763,4.6432,0.9648,4.6432,2.3540,1,3.078,6.385
14,DATA_20260324_055541.BIN,0.7998,5.2546,2.3749,5.2546,1.5950,1,4.160,9.822
15,DATA_20260324_055541.BIN,2.3749,10.2243,0.6608,10.2243,6.2590,1,4.299,4.607
16,DATA_20260324_055541.BIN,10.4065,14.4952,5.7186,14.4952,2.0130,1,10.869,10.980
17,DATA_20260324_055541.BIN,0.3503,2.4272,0.3705,2.4272,3.0140,1,3.207,4.096
18,DATA_20260324_055541.BIN,0.3705,7.1437,1.4845,7.1437,4.3120,1,2.073,3.331
19,DATA_20260324_055541.BIN,1.4845,4.5394,1.3336,4.5394,2.5300,1,1.068,2.774
20,DATA_20260324_055541.BIN,1.3336,4.4853,0.6822,4.4853,6.9520,1,3.866,7.023
21,DATA_20260324_055541.BIN,0.1480,2.9264,0.9326,2.9264,1.4080,1,1.735,3.367
22,DATA_20260324_055541.BIN,0.9326,5.3204,0.9923,5.3204,4.6420,1,1.672,4.009
23,DATA_20260324_055541.BIN,0.6627,5.2580,1.8852,5.2580,3.0690,1,2.465,3.857
24,DATA_20260324_055541.BIN,1.8852,5.9862,3.2183,5.9862,2.4860,1,1.595,2.820
25,DATA_20260324_055541.BIN,3.2183,16.5262,0.3908,16.5262,6.0720,1,4.930,5.782
26,DATA_20260324_055541.BIN,0.3908,15.4106,1.2322,15.4106,4.0150,1,1.485,1.983
27,DATA_20260324_055541.BIN,1.2322,5.9098,0.4568,5.9098,1.2760,1,1.753,2.357
28,DATA_20260324_055541.BIN,0.4568,3.9988,1.7178,3.9988,1.1220,1,2.088,5.880
29,DATA_20260324_055541.BIN,1.7178,4.6566,2.3699,4.6566,2.9260,1,3.022,4.890
30,DATA_20260324_060000.BIN,8.3739,16.4203,5.5100,16.4203,3.9270,1,7.563,14.278
31,DATA_20260324_060000.BIN,8.1372,17.4792,11.5984,17.4792,8.4150,1,7.148,14.888
32,DATA_20260324_060000.BIN,11.5984,21.0145,6.5702,21.0145,9.9880,1,3.272,4.154
33,DATA_20260324_060000.BIN,8.0817,18.1293,2.1194,18.1293,3.5530,1,6.364,19.324
34,DATA_20260324_060000.BIN,7.1589,13.6908,4.0190,13.6908,3.5860,1,6.744,12.152
35,DATA_20260324_060000.BIN,10.6936,18.5723,4.7021,18.5723,9.8230,1,2.371,9.934
36,DATA_20260324_060000.BIN,8.4998,15.1980,3.3023,15.1980,4.9280,1,7.914,21.548
37,DATA_20260324_060000.BIN,3.3023,17.7564,10.3830,17.7564,6.2920,1,10.733,11.504
38,DATA_20260324_060000.BIN,10.3830,23.5221,7.0136,23.5221,8.0300,1,4.934,7.414
39,DATA_20260324_060000.BIN,5.4796,11.4510,4.1803,11.4510,8.4370,1,5.766,6.302
40,DATA_20260324_060000.BIN,4.8431,20.1429,9.5590,20.1429,6.8420,1,6.037,6.114
41,DATA_20260324_060000.BIN,9.5590,17.4180,8.3012,17.4180,3.7840,1,4.306,7.932
42,DATA_20260324_060000.BIN,8.3012,17.2064,9.1048,17.2064,3.5530,1,1.909,2.421
43,DATA_20260324_060000.BIN,4.7690,17.2731,7.9549,17.2731,9.0860,1,7.906,9.463
44,DATA_20260324_060000.BIN,7.9549,17.4104,2.4552,17.4104,4.0370,1,2.995,5.183
45,DATA_20260324_060000.BIN,2.4552,10.7800,5.0113,10.7800,5.2470,1,10.520,11.176
46,DATA_20260324_060000.BIN,5.0113,18.7375,8.9636,18.7375,4.7410,1,6.356,6.378
47,DATA_20260324_060000.BIN,0.2173,7.7396,0.8049,7.7396,6.8090,1,8.751,12.262
48,DATA_20260324_060000.BIN,3.7423,21.8703,1.8954,21.8703,5.4010,1,3.499,7.336
49,DATA_20260324_060000.BIN,0.6116,19.3105,3.4960,19.3105,6.6990,1,6.674,6.807
50,DATA_20260324_060000.BIN,7.6584,13.1059,0.7531,13.1059,6.7320,1,2.175,6.162
51,DATA_20260324_060000.BIN,0.7531,17.2415,4.4262,17.2415,5.4230,1,6.531,7.908
52,DATA_20260324_060000.BIN,4.4262,14.3646,5.1145,14.3646,6.6440,1,2.499,3.102
53,DATA_20260324_060000.BIN,1.1914,12.4794,6.1556,12.4794,4.3780,1,7.559,7.560
54,DATA_20260324_060000.BIN,6.1556,18.2433,8.4215,18.2433,2.7720,1,3.942,5.001
55,DATA_20260324_060000.BIN,8.4215,16.9341,4.6877,16.9341,4.4990,1,4.892,4.894
56,DATA_20260324_060000.BIN,2.7159,21.2954,3.1853,21.2954,7.3150,1,2.789,2.871
57,DATA_20260324_060000.BIN,5.2194,12.2114,4.0854,12.2114,9.1410,1,3.833,6.197
58,DATA_20260324_060000.BIN,3.7660,11.2802,4.2769,11.2802,2.7060,1,3.878,4.007
59,DATA_20260324_060000.BIN,4.2769,13.4010,1.6586,13.4010,5.2470,1,7.327,7.945
60,DATA_20260324_060000.BIN,1.6586,10.6647,2.8287,10.6647,3.5860,1,3.213,3.436
61,DATA_20260324_060000.BIN,2.8287,11.3659,0.5863,11.3659,6.0610,1,1.903,4.667
62,DATA_20260324_060000.BIN,3.5456,11.0306,5.3410,11.0306,4.1360,1,3.089,3.327
63,DATA_20260324_060000.BIN,2.8904,10.5891,3.5676,10.5891,5.7090,1,2.410,9.472
64,DATA_20260324_060000.BIN,4.2198,18.3068,8.4332,18.3068,9.0640,1,2.039,3.656
65,DATA_20260324_060000.BIN,3.2888,13.0274,5.5456,13.0274,3.5530,1,2.661,5.678
66,DATA_20260324_060000.BIN,5.5456,12.7448,3.2576,12.7448,4.1030,1,2.908,3.196
67,DATA_20260324_060000.BIN,6.2309,13.4109,4.5571,13.4109,6.9300,1,5.123,7.329
68,DATA_20260324_060000.BIN,0.4670,10.9458,0.1290,10.9458,3.7070,1,5.388,5.878
69,DATA_20260324_060000.BIN,6.1004,12.2340,2.9569,12.2340,3.5200,1,7.344,7.590
70,DATA_20260324_060000.BIN,2.9569,13.8603,1.9355,13.8603,5.0160,1,5.066,5.137
71,DATA_20260324_060000.BIN,2.3568,12.4425,2.4176,12.4425,7.7550,1,0.793,0.854
72,DATA_20260324_060000.BIN,2.4176,10.0401,1.1732,10.0401,9.4490,1,1.421,3.503
73,DATA_20260324_060000.BIN,1.2876,9.8907,1.2364,9.8907,3.3660,1,2.564,2.676
74,DATA_20260324_060000.BIN,1.2364,19.7386,7.1207,19.7386,4.1030,1,1.218,1.446
75,DATA_20260324_060000.BIN,7.1207,12.5739,0.9555,12.5739,4.2570,1,5.080,5.553
76,DATA_20260324_060000.BIN,4.2620,11.2856,0.8176,11.2856,8.6790,1,6.448,8.814
77,DATA_20260324_060000.BIN,1.8596,9.1004,1.0427,9.1004,6.3140,1,4.721,13.446
78,DATA_20260324_060000.BIN,1.0427,9.0812,0.3127,9.0812,3.9490,1,3.043,7.025
79,DATA_20260324_060000.BIN,1.7575,14.0130,7.4821,14.0130,7.2270,1,3.805,5.515
80,DATA_20260324_060000.BIN,7.4821,16.0383,0.9040,16.0383,6.0170,1,6.481,6.639
81,DATA_20260324_060000.BIN,0.7709,14.0930,0.4291,14.0930,7.5020,1,3.791,4.844
82,DATA_20260324_060000.BIN,5.9431,14.9850,6.7241,14.9850,2.2660,1,5.383,6.733
83,DATA_20260324_060000.BIN,6.3027,17.4788,4.8631,17.4788,3.1790,1,4.848,5.103
84,DATA_20260324_060000.BIN,4.8631,18.5822,12.0856,18.5822,3.6960,1,3.028,3.215
85,DATA_20260324_060000.BIN,3.3140,9.2137,2.1467,9.2137,3.5860,1,1.792,3.029
86,DATA_20260324_060000.BIN,2.3621,25.9597,3.9017,25.9597,2.7280,1,1.932,2.735
87,DATA_20260324_060000.BIN,2.5934,24.9383,0.7955,24.9383,5.7750,1,1.196,1.599
88,DATA_20260324_060000.BIN,0.7955,14.7613,0.6402,14.7613,8.9870,1,2.604,6.418
89,DATA_20260324_060000.BIN,2.2046,9.6905,0.6739,9.6905,4.2460,1,4.019,5.869
90,DATA_20260324_060000.BIN,4.2772,26.6932,0.9431,26.6932,7.0620,1,3.824,3.979
91,DATA_20260324_060000.BIN,0.9431,8.2347,1.6288,8.2347,9.8780,1,3.410,5.217
92,DATA_20260324_060000.BIN,6.7100,16.3552,2.1152,16.3552,2.1670,1,5.905,6.525
93,DATA_20260324_060000.BIN,2.1152,11.2761,1.1742,11.2761,3.2120,1,3.156,5.231
94,DATA_20260324_060000.BIN,1.1742,16.5467,5.3681,16.5467,8.7450,1,2.043,9.109
95,DATA_20260324_060000.BIN,1.7214,9.5435,1.5079,9.5435,6.5230,1,3.615,4.127
96,DATA_20260324_060000.BIN,1.2736,7.9594,1.2955,7.9594,5.5550,1,3.261,5.753
97,DATA_20260324_060000.BIN,0.9311,9.4092,2.9583,9.4092,7.2710,1,2.352,2.352
98,DATA_20260324_060000.BIN,0.3198,15.0181,2.1048,15.0181,8.7670,1,1.721,4.892
99,DATA_20260324_060000.BIN,2.4981,13.0603,3.8111,13.0603,2.7830,1,4.440,7.988
100,DATA_20260324_060000.BIN,3.8111,12.1001,1.4196,12.1001,4.8180,1,4.521,12.844
101,DATA_20260324_060000.BIN,1.4196,14.4402,4.3443,14.4402,4.8620,1,2.131,2.465
102,DATA_20260324_060000.BIN,4.3443,13.7436,2.9040,13.7436,7.3260,1,4.763,6.454
103,DATA_20260324_060000.BIN,0.5215,13.9587,6.4524,13.9587,4.1030,1,2.524,11.219
104,DATA_20260324_060000.BIN,4.3967,16.2291,4.7373,16.2291,4.2460,1,6.369,7.938
105,DATA_20260324_060000.BIN,6.8967,14.1597,3.4295,14.1597,5.2690,1,7.743,8.083
106,DATA_20260324_060000.BIN,3.0668,11.8836,1.5385,11.8836,9.4160,1,4.228,6.516
107,DATA_20260324_060000.BIN,2.6727,17.5931,5.1653,17.5931,7.1940,1,2.251,2.258
108,DATA_20260324_060000.BIN,3.0457,15.5684,7.7045,15.5684,6.6990,1,2.867,17.026
109,DATA_20260324_060000.BIN,5.4774,13.9229,6.1491,13.9229,3.3110,1,4.867,5.522
110,DATA_20260324_060000.BIN,6.7575,13.7907,6.2222,13.7907,6.5120,1,6.365,7.447
111,DATA_20260324_060000.BIN,6.2222,12.4673,6.1522,12.4673,8.6130,1,3.825,11.258
112,DATA_20260324_060000.BIN,6.1522,15.7031,9.3643,15.7031,4.7190,1,4.665,4.955
113,DATA_20260324_060000.BIN,4.7281,12.5638,7.2474,12.5638,1.9030,1,2.245,3.043
114,DATA_20260324_060000.BIN,0.6111,12.7007,5.7045,12.7007,4.0370,1,5.291,9.102
115,DATA_20260324_060000.BIN,6.7239,12.4953,1.8783,12.4953,6.8530,1,5.941,6.884
116,DATA_20260324_060000.BIN,1.8783,17.8925,7.7495,17.8925,4.4770,1,2.161,2.196
117,DATA_20260324_060000.BIN,7.7495,17.0652,9.0639,17.0652,2.7060,1,5.367,10.317
118,DATA_20260324_060000.BIN,9.0639,16.9898,9.6771,16.9898,5.9180,1,5.141,22.184
119,DATA_20260324_060000.BIN,9.6771,18.1506,8.7756,18.1506,6.0830,1,3.408,18.447
120,DATA_20260324_060000.BIN,8.7756,16.2330,7.4645,16.2330,7.8540,1,5.863,6.218
121,DATA_20260324_060000.BIN,4.4919,14.9123,3.3409,14.9123,5.1150,1,1.885,1.988
122,DATA_20260324_060000.BIN,2.5362,19.3030,7.7333,19.3030,6.0720,1,6.633,7.149
123,DATA_20260324_060000.BIN,7.7333,18.0728,5.7490,18.0728,2.2660,1,14.726,15.578
124,DATA_20260324_060000.BIN,4.8621,16.2536,8.1828,16.2536,3.9710,1,5.514,7.108
125,DATA_20260324_060000.BIN,4.9009,12.6907,2.0236,12.6907,3.0690,1,2.989,6.253
126,DATA_20260324_060000.BIN,2.0236,14.8580,6.2291,14.8580,2.5190,1,4.227,5.054
127,DATA_20260324_060000.BIN,6.2291,17.9743,7.6881,17.9743,1.6720,1,12.371,15.930
128,DATA_20260324_060000.BIN,8.8991,18.0860,3.0204,18.0860,4.7190,1,7.978,7.982
129,DATA_20260324_060000.BIN,2.5669,19.1383,2.8453,19.1383,1.9690,1,5.406,5.489
130,DATA_20260324_060000.BIN,1.3821,13.9059,6.3980,13.9059,9.6470,1,5.799,9.025
131,DATA_20260324_060000.BIN,6.3980,16.0638,9.0513,16.0638,8.6680,1,4.961,5.011
132,DATA_20260324_060000.BIN,8.6768,16.2549,7.4913,16.2549,4.9280,1,7.911,10.671
133,DATA_20260324_060000.BIN,7.4913,14.2356,5.0619,14.2356,8.3710,1,3.440,14.686
134,DATA_20260324_060000.BIN,5.0619,20.0888,9.4622,20.0888,8.9100,1,6.283,10.481
135,DATA_20260324_060000.BIN,9.4786,23.3530,8.0404,23.3530,5.6650,1,7.181,7.298
136,DATA_20260324_060000.BIN,11.2401,21.6816,11.2591,21.6816,7.6010,1,9.727,9.759
137,DATA_20260324_060000.BIN,1.4860,14.8607,4.8096,14.8607,8.6790,1,10.370,17.387
138,DATA_20260324_060000.BIN,9.9383,20.7730,12.7333,20.7730,5.2910,1,9.471,11.769
139,DATA_20260324_060000.BIN,6.2634,18.1003,6.2953,18.1003,5.8960,1,1.494,1.551
140,DATA_20260324_060000.BIN,6.2953,19.4821,7.4751,19.4821,1.4520,1,1.400,12.241
141,DATA_20260324_060000.BIN,7.4751,20.3210,11.9947,20.3210,8.7010,1,1.399,11.515
142,DATA_20260324_060000.BIN,11.9947,18.8826,2.7929,18.8826,8.8330,1,8.648,8.648
143,DATA_20260324_060000.BIN,2.7929,18.6958,7.4453,18.6958,1.3860,1,6.539,10.967
144,DATA_20260324_060000.BIN,7.4453,21.1035,11.5876,21.1035,7.8980,1,7.516,11.588
145,DATA_20260324_060000.BIN,11.5876,17.7362,7.8974,17.7362,3.7510,1,7.451,7.581
146,DATA_20260324_060000.BIN,5.3385,15.4050,4.1157,15.4050,2.3320,1,3.425,3.429
147,DATA_20260324_060000.BIN,15.8983,23.2246,14.8378,23.2246,6.7210,1,14.546,15.599
148,DATA_20260324_060000.BIN,9.1980,19.2653,10.2050,19.2653,7.3040,1,2.475,16.785
149,DATA_20260324_060000.BIN,11.4209,18.7841,9.3497,18.7841,1.5620,1,5.955,7.102
150,DATA_20260324_060000.BIN,9.3497,23.1488,16.8624,23.1488,5.8080,1,7.019,9.802
151,DATA_20260324_060000.BIN,16.8624,28.7254,9.0852,28.7254,7.5900,1,16.290,18.826
152,DATA_20260324_060000.BIN,14.4641,26.7691,18.7950,26.7691,8.8880,1,8.690,10.000
153,DATA_20260324_060000.BIN,18.7950,25.5410,10.4297,25.5410,5.3130,1,12.224,15.275
154,DATA_20260324_060000.BIN,10.4297,18.6508,12.2307,18.6508,2.1120,1,8.252,10.129
155,DATA_20260324_060000.BIN,13.0785,28.7649,14.3112,28.7649,5.5660,1,4.910,4.992
156,DATA_20260324_060000.BIN,12.4585,26.0899,10.4245,26.0899,3.9710,1,3.051,3.670
157,DATA_20260324_060000.BIN,14.9860,26.1521,15.2360,26.1521,4.0480,1,9.663,11.565
158,DATA_20260324_060000.BIN,15.2360,25.1014,10.5665,25.1014,6.7540,1,3.891,11.954
159,DATA_20260324_060000.BIN,10.5665,22.4254,14.1116,22.4254,8.1950,1,2.785,8.879
160,DATA_20260324_060000.BIN,15.4047,24.4173,6.8515,24.4173,7.1500,1,6.548,6.579
161,DATA_20260324_060000.BIN,6.8515,22.3859,13.7581,22.3859,7.0070,1,7.884,9.888
162,DATA_20260324_060000.BIN,2.4636,25.4217,12.8062,25.4217,7.4580,1,14.544,21.174
163,DATA_20260324_060000.BIN,13.5366,28.4680,19.3655,28.4680,1.7600,1,30.488,33.907
164,DATA_20260324_060000.BIN,15.9983,28.1432,19.4778,28.1432,4.4990,1,28.193,30.478
165,DATA_20260324_060000.BIN,19.4778,30.2013,15.4220,30.2013,8.6460,1,29.409,30.353
166,DATA_20260324_060000.BIN,15.4220,24.5199,15.6941,24.5199,5.1370,1,13.826,13.856
167,DATA_20260324_060000.BIN,13.6072,24.6877,6.4721,24.6877,2.5080,1,14.889,16.185
168,DATA_20260324_060000.BIN,6.4721,24.4881,8.7918,24.4881,7.9420,1,9.970,11.782
169,DATA_20260324_060000.BIN,8.7918,21.2786,11.2319,21.2786,7.2820,1,8.306,11.674
170,DATA_20260324_060000.BIN,0.7881,20.6647,10.4595,20.6647,6.1270,1,10.067,11.295
171,DATA_20260324_060000.BIN,10.4595,21.3807,13.1034,21.3807,3.8500,1,10.015,12.157
172,DATA_20260324_060000.BIN,13.1034,26.2685,10.3290,26.2685,5.1480,1,12.813,14.412
173,DATA_20260324_060000.BIN,10.3290,26.6254,11.5033,26.6254,6.2810,1,9.336,10.872
174,DATA_20260324_060000.BIN,11.5033,27.2746,13.5999,27.2746,5.3460,1,8.689,9.715
175,DATA_20260324_060000.BIN,13.5999,29.9005,11.2086,29.9005,5.5990,1,10.303,11.185
176,DATA_20260324_060000.BIN,11.2086,28.4103,11.4748,28.4103,5.5440,1,5.625,7.194
177,DATA_20260324_060000.BIN,11.4748,29.2345,8.3117,29.2345,6.3800,1,4.334,6.436
178,DATA_20260324_060000.BIN,8.3117,27.9881,2.5257,27.9881,6.6990,1,2.425,6.205
179,DATA_20260324_060000.BIN,2.5257,29.6867,18.1462,29.6867,9.6250,1,7.711,8.798
180,DATA_20260324_060000.BIN,19.1412,26.8896,14.5956,26.8896,7.4580,1,24.846,25.450
181,DATA_20260324_070000.BIN,7.1362,43.2006,7.3642,43.2006,6.0500,1,9.127,23.724
182,DATA_20260324_070000.BIN,7.3642,54.2264,28.2662,54.2264,7.5460,1,2.308,7.383
183,DATA_20260324_070000.BIN,5.6645,25.6785,13.3007,25.6785,5.2140,1,7.572,14.900
184,DATA_20260324_070000.BIN,13.3007,25.9836,6.7247,25.9836,6.5340,1,7.448,14.717
185,DATA_20260324_070000.BIN,35.4534,44.4615,28.7396,44.4615,1.4960,1,32.111,45.716
186,DATA_20260324_070000.BIN,28.7396,42.5226,20.8624,42.5226,1.7050,1,20.217,24.049
187,DATA_20260324_070000.BIN,20.8624,37.0562,26.3544,37.0562,1.7600,1,8.874,23.179
188,DATA_20260324_070000.BIN,26.3544,43.0342,3.7990,43.0342,2.9040,1,15.127,16.607
189,DATA_20260324_070000.BIN,3.7990,27.2889,8.1459,27.2889,6.4790,1,13.664,14.769
190,DATA_20260324_070000.BIN,8.1459,48.3542,1.6205,48.3542,7.0840,1,9.245,11.791
191,DATA_20260324_070000.BIN,1.6205,22.5447,3.9343,22.5447,3.7180,1,13.586,14.727
192,DATA_20260324_070000.BIN,3.9343,15.0090,7.1300,15.0090,3.9930,1,16.310,16.460
193,DATA_20260324_070000.BIN,7.1300,19.7934,10.0942,19.7934,5.0050,1,4.637,8.818
194,DATA_20260324_070000.BIN,10.0942,47.3422,10.7664,47.3422,3.7620,1,9.356,9.362
195,DATA_20260324_070000.BIN,10.7664,48.5720,3.6830,48.5720,6.3690,1,0.806,0.861
196,DATA_20260324_070000.BIN,3.6830,12.4556,4.1584,12.4556,2.3100,1,7.839,8.051
197,DATA_20260324_070000.BIN,7.8846,26.6008,6.2111,26.6008,4.4770,1,4.338,4.591
198,DATA_20260324_070000.BIN,6.2111,47.3679,3.7063,47.3679,6.8090,1,3.621,8.915
199,DATA_20260324_070000.BIN,7.7066,26.1406,13.5641,26.1406,6.2920,1,5.342,5.345
200,DATA_20260324_070000.BIN,13.5641,28.0019,12.1446,28.0019,3.3770,1,11.734,12.773
201,DATA_20260324_070000.BIN,8.0469,49.7361,41.1517,49.7361,3.8060,1,3.024,3.270
202,DATA_20260324_070000.BIN,41.1517,46.5613,5.5793,46.5613,3.2230,1,40.038,41.882
203,DATA_20260324_070000.BIN,5.5793,36.5339,16.0283,36.5339,7.5460,1,11.815,11.924
204,DATA_20260324_070000.BIN,16.0283,53.5840,7.6300,53.5840,7.5900,1,6.297,9.694
205,DATA_20260324_070000.BIN,7.6300,23.8207,6.5085,23.8207,6.0830,1,14.621,14.792
206,DATA_20260324_070000.BIN,6.8857,23.0645,9.8192,23.0645,5.1150,1,6.362,8.489
207,DATA_20260324_070000.BIN,11.3664,19.4923,10.2286,19.4923,1.6170,1,18.938,19.829
208,DATA_20260324_070000.BIN,10.2286,16.5378,6.0722,16.5378,3.9380,1,5.103,7.917
209,DATA_20260324_070000.BIN,4.6376,14.2311,7.9101,14.2311,2.5080,1,4.052,9.665
210,DATA_20260324_070000.BIN,7.9101,29.2069,3.0576,29.2069,6.2810,1,2.672,3.619
211,DATA_20260324_070000.BIN,3.0576,17.2482,6.7317,17.2482,4.8070,1,5.688,8.301
212,DATA_20260324_070000.BIN,6.7317,18.7405,10.1166,18.7405,5.3570,1,3.021,4.919
213,DATA_20260324_070000.BIN,7.5570,18.1226,5.3441,18.1226,4.9830,1,1.623,4.712
214,DATA_20260324_070000.BIN,5.3441,10.8898,3.6167,10.8898,2.2770,1,4.145,4.997
215,DATA_20260324_070000.BIN,3.6167,13.6438,2.0843,13.6438,3.2230,1,4.230,6.358
216,DATA_20260324_070000.BIN,2.0843,16.7954,4.8479,16.7954,4.6860,1,6.364,7.408
217,DATA_20260324_070000.BIN,6.2352,20.2592,8.3644,20.2592,7.5460,1,0.982,2.817
218,DATA_20260324_070000.BIN,7.4510,15.7816,7.6352,15.7816,3.3880,1,2.127,3.155
219,DATA_20260324_070000.BIN,7.6352,15.8841,9.6311,15.8841,2.6510,1,2.497,4.950
220,DATA_20260324_070000.BIN,11.0366,16.2825,8.8498,16.2825,3.5420,1,6.428,12.103
221,DATA_20260324_070000.BIN,6.8329,16.0892,5.5904,16.0892,3.1680,1,1.653,2.099
222,DATA_20260324_070000.BIN,5.5904,15.1887,7.4907,15.1887,4.3010,1,4.063,10.477
223,DATA_20260324_070000.BIN,7.4907,17.6141,6.8758,17.6141,4.2130,1,8.117,8.239
224,DATA_20260324_070000.BIN,6.8758,14.7343,7.0304,14.7343,3.8940,1,3.938,11.410
225,DATA_20260324_070000.BIN,7.0304,17.0658,6.2048,17.0658,4.7190,1,0.239,3.047
226,DATA_20260324_070000.BIN,2.6594,18.5184,12.9100,18.5184,4.8290,1,5.050,5.178
227,DATA_20260324_070000.BIN,12.9100,25.9425,9.6721,25.9425,5.0270,1,7.525,7.714
228,DATA_20260324_070000.BIN,9.6721,19.7129,9.0851,19.7129,3.8830,1,3.905,5.124
229,DATA_20260324_070000.BIN,7.5490,15.0853,6.9718,15.0853,3.7290,1,1.170,2.549
230,DATA_20260324_070000.BIN,7.2131,16.4702,7.5918,16.4702,9.1520,1,0.365,0.865
231,DATA_20260324_070000.BIN,5.9878,14.0340,5.6784,14.0340,2.4640,1,2.217,3.028
232,DATA_20260324_070000.BIN,9.5047,28.1856,18.8759,28.1856,6.4570,1,6.844,11.601
233,DATA_20260324_070000.BIN,18.8759,29.9623,23.3881,29.9623,1.6830,1,19.096,19.097
234,DATA_20260324_070000.BIN,23.3881,35.2975,21.0397,35.2975,3.3660,1,24.555,25.289
235,DATA_20260324_070000.BIN,21.0397,32.8135,8.8663,32.8135,6.3800,1,21.231,21.601
236,DATA_20260324_070000.BIN,8.8663,28.4875,17.7354,28.4875,7.8100,1,0.745,1.019
237,DATA_20260324_070000.BIN,17.7354,24.7524,12.8458,24.7524,7.5900,1,10.302,11.225
238,DATA_20260324_070000.BIN,12.8458,21.5004,8.5058,21.5004,2.3100,1,1.792,7.618
239,DATA_20260324_070000.BIN,11.4566,27.0712,11.4534,27.0712,6.1930,1,1.157,1.619
240,DATA_20260324_070000.BIN,11.4534,25.0312,15.3838,25.0312,5.2140,1,1.631,2.622
241,DATA_20260324_070000.BIN,15.3838,24.1606,7.4598,24.1606,6.4020,1,6.517,11.936
242,DATA_20260324_070000.BIN,7.4598,27.7818,5.5396,27.7818,6.4680,1,6.095,7.095
243,DATA_20260324_070000.BIN,5.5396,29.1803,16.0700,29.1803,8.9980,1,6.349,6.664
244,DATA_20260324_070000.BIN,16.0700,29.6774,5.6342,29.6774,3.9600,1,14.415,15.251
245,DATA_20260324_070000.BIN,5.6342,14.0215,3.6970,14.0215,2.2110,1,5.362,5.362
246,DATA_20260324_070000.BIN,3.6970,46.1488,10.2932,46.1488,7.6670,1,11.468,13.513
247,DATA_20260324_070000.BIN,18.7354,26.7439,5.3179,26.7439,9.3830,1,15.848,15.910
248,DATA_20260324_070000.BIN,8.1024,31.8481,11.3182,31.8481,5.9840,1,1.316,2.044
249,DATA_20260324_070000.BIN,11.3182,21.8656,10.6524,21.8656,2.2000,1,3.630,4.041
250,DATA_20260324_070000.BIN,9.6918,19.4973,5.4747,19.4973,2.5520,1,11.667,12.913
251,DATA_20260324_070000.BIN,5.4747,22.3780,14.1217,22.3780,3.2340,1,8.741,10.906
252,DATA_20260324_070000.BIN,14.7985,31.2116,8.9154,31.2116,1.9360,1,9.860,10.769
253,DATA_20260324_070000.BIN,8.9154,39.0374,9.4871,39.0374,3.6850,1,4.882,7.017
254,DATA_20260324_070000.BIN,9.4871,22.7505,11.0443,22.7505,6.5560,1,8.166,11.427
255,DATA_20260324_070000.BIN,3.6064,16.8060,4.8375,16.8060,5.4010,1,7.748,7.864
256,DATA_20260324_070000.BIN,4.8375,22.0191,11.8117,22.0191,4.2680,1,4.414,4.418
257,DATA_20260324_070000.BIN,11.8117,20.9481,9.6217,20.9481,3.9930,1,4.021,13.327
258,DATA_20260324_070000.BIN,9.6217,28.6687,8.8191,28.6687,3.8500,1,2.861,8.044
259,DATA_20260324_070000.BIN,8.8191,18.3023,3.6226,18.3023,3.6190,1,3.645,10.346
260,DATA_20260324_070000.BIN,8.8383,30.6401,21.9501,30.6401,2.3980,1,2.541,7.385
261,DATA_20260324_070000.BIN,4.1359,12.3761,4.3488,12.3761,1.4300,1,4.787,9.146
262,DATA_20260324_070000.BIN,4.3488,25.4110,4.4352,25.4110,5.5770,1,3.622,5.661
263,DATA_20260324_070000.BIN,4.4352,12.3779,5.5338,12.3779,2.1120,1,8.862,10.492
264,DATA_20260324_070000.BIN,0.2066,5.8302,0.9003,5.8302,4.8070,1,8.221,8.314
265,DATA_20260324_070000.BIN,0.9003,10.7007,0.2777,10.7007,5.1920,1,6.529,10.224
266,DATA_20260324_070000.BIN,5.9548,17.0987,5.2888,17.0987,4.2790,1,4.828,6.986
267,DATA_20260324_070000.BIN,5.2888,16.7979,5.5879,16.7979,3.1460,1,7.738,10.760
268,DATA_20260324_070000.BIN,2.9887,25.7605,3.2022,25.7605,2.8380,1,5.265,11.338
269,DATA_20260324_070000.BIN,1.8189,21.8612,8.1679,21.8612,3.4650,1,3.917,4.082
270,DATA_20260324_070000.BIN,8.1679,14.8875,6.7525,14.8875,2.1230,1,3.437,7.474
271,DATA_20260324_070000.BIN,6.7525,22.2798,8.1015,22.2798,4.4110,1,4.494,14.699
272,DATA_20260324_070000.BIN,8.1015,41.2408,7.2420,41.2408,5.0050,1,6.888,7.368
273,DATA_20260324_070000.BIN,7.2420,36.1777,16.7746,36.1777,6.7650,1,10.118,11.927
274,DATA_20260324_070000.BIN,16.7746,36.8730,13.3773,36.8730,2.6840,1,14.411,15.054
275,DATA_20260324_070000.BIN,13.3773,18.7745,3.3269,18.7745,4.0810,1,11.702,11.810
276,DATA_20260324_070000.BIN,3.3269,22.5775,10.1449,22.5775,2.7390,1,8.827,10.240
277,DATA_20260324_070000.BIN,10.8197,35.3549,9.6217,35.3549,5.3460,1,10.711,12.926
278,DATA_20260324_070000.BIN,9.6217,20.6333,6.8625,20.6333,4.2790,1,2.821,19.604
279,DATA_20260324_070000.BIN,6.8625,13.8832,1.8107,13.8832,3.0140,1,1.818,4.848
280,DATA_20260324_070000.BIN,5.5258,32.2547,22.6172,32.2547,4.2240,1,6.742,9.457
281,DATA_20260324_070000.BIN,22.6172,47.2935,22.8433,47.2935,3.0690,1,18.464,20.950
282,DATA_20260324_070000.BIN,22.8433,47.1630,8.0254,47.1630,5.3460,1,19.844,20.369
283,DATA_20260324_070000.BIN,8.0254,48.2484,12.1159,48.2484,5.7200,1,0.969,1.215
284,DATA_20260324_070000.BIN,12.1159,19.5185,5.8500,19.5185,3.3110,1,5.978,8.841
285,DATA_20260324_070000.BIN,5.8500,30.8485,7.4051,30.8485,7.1940,1,3.967,3.967
286,DATA_20260324_070000.BIN,7.4051,13.2965,7.9662,13.2965,2.7720,1,3.895,3.897
287,DATA_20260324_070000.BIN,7.9662,36.4761,5.4265,36.4761,9.5370,1,8.452,9.245
288,DATA_20260324_070000.BIN,5.0871,11.4749,5.8148,11.4749,2.0240,1,3.315,7.631
289,DATA_20260324_070000.BIN,5.8148,40.7982,4.9374,40.7982,4.4000,1,1.292,8.327
290,DATA_20260324_070000.BIN,8.7596,39.8639,7.0144,39.8639,3.1130,1,6.772,6.830
291,DATA_20260324_070000.BIN,7.7664,32.9627,9.8351,32.9627,4.8510,1,3.922,7.607
292,DATA_20260324_070000.BIN,9.8351,16.9940,9.5219,16.9940,4.0920,1,3.854,4.059
293,DATA_20260324_070000.BIN,8.5179,36.5545,4.9503,36.5545,9.0090,1,9.018,9.188
294,DATA_20260324_070000.BIN,4.1989,25.1060,4.8790,25.1060,4.5650,1,3.509,5.746
295,DATA_20260324_070000.BIN,4.8790,32.7763,4.2071,32.7763,4.7300,1,4.352,5.091
296,DATA_20260324_070000.BIN,1.7623,32.7093,9.2544,32.7093,2.4970,1,6.835,8.775
297,DATA_20260324_070000.BIN,9.2544,17.8244,3.2998,17.8244,3.3440,1,5.817,7.374
298,DATA_20260324_070000.BIN,3.2998,41.8797,19.4748,41.8797,2.3540,1,5.728,5.728
299,DATA_20260324_070000.BIN,19.4748,50.3902,3.5755,50.3902,4.8840,1,18.460,18.601
300,DATA_20260324_070000.BIN,3.5755,13.4516,7.4444,13.4516,3.5420,1,5.963,6.399
301,DATA_20260324_070000.BIN,7.4444,33.3825,10.6956,33.3825,5.1480,1,4.234,4.998
302,DATA_20260324_070000.BIN,10.6956,16.8777,0.3637,16.8777,2.8380,1,5.127,7.068
303,DATA_20260324_070000.BIN,0.3637,21.4164,8.6301,21.4164,3.3330,1,8.343,9.334
304,DATA_20260324_070000.BIN,8.6301,19.6992,7.3043,19.6992,4.4990,1,6.796,8.147
305,DATA_20260324_070000.BIN,11.2024,22.7429,9.8675,22.7429,3.9710,1,14.528,14.533
306,DATA_20260324_070000.BIN,9.8675,19.9185,13.2398,19.9185,2.0570,1,3.925,12.268
307,DATA_20260324_070000.BIN,13.2398,55.8214,12.9427,55.8214,9.4600,1,7.506,12.067
308,DATA_20260324_070000.BIN,0.5833,12.9443,3.0099,12.9443,3.1900,1,8.097,9.074
309,DATA_20260324_070000.BIN,3.0099,16.2579,9.7044,16.2579,3.4320,1,7.143,7.191
310,DATA_20260324_070000.BIN,9.5678,29.7184,19.7051,29.7184,3.8170,1,4.506,4.813
311,DATA_20260324_070000.BIN,19.7051,42.3182,1.5631,42.3182,6.0720,1,14.504,19.690
312,DATA_20260324_070000.BIN,1.5631,23.0761,2.3697,23.0761,8.2830,1,6.897,12.904
313,DATA_20260324_070000.BIN,2.3697,43.5015,8.5377,43.5015,8.8220,1,8.887,12.889
314,DATA_20260324_070000.BIN,8.5377,42.4031,8.3731,42.4031,3.4870,1,7.070,11.480
315,DATA_20260324_070000.BIN,8.3731,32.0476,3.9020,32.0476,1.8370,1,13.240,16.565
316,DATA_20260324_070000.BIN,1.0294,18.3209,1.2622,18.3209,9.5150,1,4.882,13.076
317,DATA_20260324_070000.BIN,1.2622,20.2962,3.0908,20.2962,3.3220,1,3.966,11.043
318,DATA_20260324_070000.BIN,3.0865,13.7371,0.9250,13.7371,4.3450,1,4.330,8.247
319,DATA_20260324_070000.BIN,0.9250,39.3615,1.7984,39.3615,4.8290,1,4.353,6.239
320,DATA_20260324_070000.BIN,1.7984,10.9582,2.4359,10.9582,5.8080,1,1.635,2.976
321,DATA_20260324_070000.BIN,2.4359,15.1433,1.3765,15.1433,4.5650,1,2.228,6.327
322,DATA_20260324_070000.BIN,1.3765,9.1965,0.6773,9.1965,7.6010,1,1.797,1.819
323,DATA_20260324_070000.BIN,3.3901,9.6495,1.8484,9.6495,7.6120,1,2.834,5.173
324,DATA_20260324_070000.BIN,1.8484,9.7296,2.7164,9.7296,4.7190,1,2.022,5.682
325,DATA_20260324_070000.BIN,2.7164,9.8887,2.8297,9.8887,6.8200,1,1.604,1.608
326,DATA_20260324_070000.BIN,1.7205,7.9175,0.4645,7.9175,3.2780,1,2.826,2.857
327,DATA_20260324_070000.BIN,0.4645,7.5723,0.5915,7.5723,6.7540,1,3.430,5.377
328,DATA_20260324_070000.BIN,0.5134,9.4406,1.1403,9.4406,2.8160,1,2.966,3.010
329,DATA_20260324_070000.BIN,0.9035,32.6213,3.4626,32.6213,3.3880,1,1.561,4.720
330,DATA_20260324_070000.BIN,3.4626,13.3037,3.3417,13.3037,2.5410,1,3.175,16.336
331,DATA_20260324_070000.BIN,1.7358,12.8579,1.4320,12.8579,3.7950,1,2.266,2.563
332,DATA_20260324_070000.BIN,1.4320,8.3110,1.3868,8.3110,2.2550,1,0.513,2.019
333,DATA_20260324_070000.BIN,1.3868,31.9335,9.6054,31.9335,8.9650,1,3.736,10.558
334,DATA_20260324_070000.BIN,9.6054,21.3134,1.5082,21.3134,7.0290,1,11.463,15.442
335,DATA_20260324_070000.BIN,3.6430,35.1430,6.1674,35.1430,3.8390,1,3.598,10.867
336,DATA_20260324_070000.BIN,6.1674,12.5475,2.1090,12.5475,2.8160,1,6.589,9.158
337,DATA_20260324_070000.BIN,2.1090,35.5413,5.7645,35.5413,4.5320,1,1.782,2.599
338,DATA_20260324_070000.BIN,2.6579,17.2569,8.2908,17.2569,1.5180,1,2.028,7.442
339,DATA_20260324_070000.BIN,8.2908,17.3758,5.8182,17.3758,3.1020,1,7.779,7.786
340,DATA_20260324_070000.BIN,5.8182,15.6045,3.3234,15.6045,2.0020,1,2.810,10.305
341,DATA_20260324_070000.BIN,3.3234,15.2887,0.8721,15.2887,4.0810,1,1.910,6.446
342,DATA_20260324_070000.BIN,0.8721,8.1220,1.0677,8.1220,3.1900,1,4.153,4.155
343,DATA_20260324_070000.BIN,1.0677,8.2668,2.7678,8.2668,1.9250,1,4.053,4.118
344,DATA_20260324_070000.BIN,2.7678,34.6658,6.2413,34.6658,7.3700,1,5.419,5.445
345,DATA_20260324_070000.BIN,27.9413,41.6872,1.7220,41.6872,5.2470,1,30.444,34.292
346,DATA_20260324_070000.BIN,1.7220,15.0318,3.7696,15.0318,3.5420,1,5.406,5.510
347,DATA_20260324_070000.BIN,3.7696,17.9292,3.7769,17.9292,1.5070,1,4.132,7.421
348,DATA_20260324_070000.BIN,3.7769,16.4008,7.4649,16.4008,1.8370,1,0.832,11.798
349,DATA_20260324_070000.BIN,7.4649,19.6726,0.7280,19.6726,2.6620,1,6.026,12.052
350,DATA_20260324_070000.BIN,0.7280,50.5201,20.9920,50.5201,8.6350,1,3.745,4.821
351,DATA_20260324_070000.BIN,20.9920,29.6487,1.6748,29.6487,5.1370,1,21.307,23.415
352,DATA_20260324_070000.BIN,1.6748,10.9685,1.8988,10.9685,3.1020,1,5.643,7.303
353,DATA_20260324_070000.BIN,1.7096,24.3391,1.2813,24.3391,3.4980,1,3.625,12.186
354,DATA_20260324_070000.BIN,1.2813,7.2627,1.1937,7.2627,3.8500,1,4.341,13.930
355,DATA_20260324_070000.BIN,2.2618,19.2471,4.8004,19.2471,1.6280,1,1.784,2.521
356,DATA_20260324_070000.BIN,4.8004,30.1584,2.8129,30.1584,6.3470,1,1.278,1.338
357,DATA_20260324_070000.BIN,2.8129,10.9173,0.6572,10.9173,3.0690,1,2.419,2.778
358,DATA_20260324_070000.BIN,1.8921,8.5920,1.6569,8.5920,6.7650,1,6.269,7.184
359,DATA_20260324_070000.BIN,2.5153,10.5342,2.6051,10.5342,1.5620,1,5.927,8.406
360,DATA_20260324_070000.BIN,2.0441,8.6739,2.0428,8.6739,3.7840,1,5.035,6.908
361,DATA_20260324_070000.BIN,0.9080,8.9695,1.3567,8.9695,3.0470,1,3.049,8.133
362,DATA_20260324_070000.BIN,1.3567,9.9196,0.4201,9.9196,8.3490,1,1.152,10.593
363,DATA_20260324_070000.BIN,0.4201,9.6120,0.8461,9.6120,3.1350,1,1.726,6.063
364,DATA_20260324_070000.BIN,0.8461,11.4616,1.1140,11.4616,3.2780,1,2.517,4.895
365,DATA_20260324_070000.BIN,1.1140,28.0766,0.9409,28.0766,7.8540,1,2.743,4.816
366,DATA_20260324_070000.BIN,0.9409,14.9181,1.6444,14.9181,3.3220,1,2.479,2.513
367,DATA_20260324_070000.BIN,1.6444,11.8053,1.9912,11.8053,2.6950,1,1.976,2.561
368,DATA_20260324_070000.BIN,1.9912,10.6154,2.1303,10.6154,1.5290,1,3.255,10.245
369,DATA_20260324_070000.BIN,2.3914,15.2296,0.8715,15.2296,7.8320,1,1.673,2.824
370,DATA_20260324_070000.BIN,0.8715,14.1312,3.4243,14.1312,1.1880,1,1.264,6.022
371,DATA_20260324_070000.BIN,3.4243,16.2940,0.8658,16.2940,6.2480,1,3.276,13.199
372,DATA_20260324_070000.BIN,2.1808,12.7928,4.9329,12.7928,2.6730,1,1.876,12.043
373,DATA_20260324_070000.BIN,4.9329,11.8256,1.9080,11.8256,5.0710,1,5.125,5.302
374,DATA_20260324_070000.BIN,1.9080,14.8953,4.5954,14.8953,2.0130,1,0.650,1.958
375,DATA_20260324_070000.BIN,4.5954,15.3711,0.4872,15.3711,4.1030,1,2.491,14.102
376,DATA_20260324_070000.BIN,0.4872,19.9759,0.4528,19.9759,6.0720,1,2.746,7.653
377,DATA_20260324_070000.BIN,0.4528,7.9652,0.9233,7.9652,2.7940,1,2.150,2.174
378,DATA_20260324_070000.BIN,0.9233,10.5139,0.8358,10.5139,7.1830,1,1.104,8.690
379,DATA_20260324_070000.BIN,0.2921,15.3836,5.7777,15.3836,9.0090,1,0.982,11.289
380,DATA_20260324_070000.BIN,5.7777,14.7882,3.7185,14.7882,3.8830,1,7.125,14.472
381,DATA_20260324_070000.BIN,3.7185,51.0843,3.1656,51.0843,5.6430,1,4.082,4.917
382,DATA_20260324_070000.BIN,3.1656,14.6834,2.6173,14.6834,5.1370,1,3.296,4.693
383,DATA_20260324_070000.BIN,2.6173,47.4552,2.4389,47.4552,3.4210,1,2.222,4.680
384,DATA_20260324_070000.BIN,2.4389,12.1135,5.9157,12.1135,4.8290,1,4.011,6.171
385,DATA_20260324_070000.BIN,5.9157,15.9429,0.8517,15.9429,6.6110,1,5.861,5.873
386,DATA_20260324_070000.BIN,6.3369,14.7305,1.5767,14.7305,3.5200,1,5.140,6.132
387,DATA_20260324_070000.BIN,1.5767,17.6001,9.6475,17.6001,2.3210,1,3.160,8.897
388,DATA_20260324_070000.BIN,9.6475,24.6723,5.9443,24.6723,3.7510,1,9.596,9.844
389,DATA_20260324_070000.BIN,14.7397,34.5184,4.2630,34.5184,3.5420,1,15.822,19.235
390,DATA_20260324_070000.BIN,4.2630,18.9084,5.6988,18.9084,1.5290,1,6.110,9.453
391,DATA_20260324_070000.BIN,5.6988,24.0842,1.5650,24.0842,6.5340,1,2.867,11.704
392,DATA_20260324_070000.BIN,1.5650,9.9124,1.9353,9.9124,6.0170,1,4.286,4.751
393,DATA_20260324_070000.BIN,2.3330,30.0561,4.3788,30.0561,5.3350,1,5.938,6.240
394,DATA_20260324_070000.BIN,4.3788,13.1813,0.4446,13.1813,6.3580,1,4.716,16.162
395,DATA_20260324_070000.BIN,3.6355,33.6793,2.1697,33.6793,3.4320,1,1.800,1.986
396,DATA_20260324_070000.BIN,2.1697,10.8527,1.7643,10.8527,2.5520,1,4.736,6.832
397,DATA_20260324_070000.BIN,1.7643,10.1839,3.4706,10.1839,8.8660,1,3.074,9.156
398,DATA_20260324_070000.BIN,3.4706,10.8697,1.0092,10.8697,7.7440,1,4.907,12.841
399,DATA_20260324_070000.BIN,0.4281,10.9288,1.9773,10.9288,5.2800,1,1.577,9.011
400,DATA_20260324_070000.BIN,0.4495,13.6384,4.0901,13.6384,8.7230,1,1.008,6.632
401,DATA_20260324_070000.BIN,4.0901,10.5827,1.5527,10.5827,2.2880,1,1.350,16.048
402,DATA_20260324_070000.BIN,1.5527,9.7275,2.6048,9.7275,3.3440,1,2.783,7.587
403,DATA_20260324_070000.BIN,2.6048,12.9849,0.8192,12.9849,7.1170,1,3.107,6.414
404,DATA_20260324_070000.BIN,0.8192,6.2403,1.6037,6.2403,5.0160,1,0.597,10.755
405,DATA_20260324_070000.BIN,1.6037,12.5033,0.3422,12.5033,6.2920,1,2.977,8.894
406,DATA_20260324_070000.BIN,0.3422,7.3948,1.0216,7.3948,5.2250,1,1.089,9.159
407,DATA_20260324_070000.BIN,1.0216,15.9392,1.0978,15.9392,8.6460,1,1.670,5.761
408,DATA_20260324_070000.BIN,0.2431,6.5727,0.8622,6.5727,4.6090,1,0.417,3.879
409,DATA_20260324_070000.BIN,0.8622,14.1357,0.1521,14.1357,9.6690,1,1.128,2.226
410,DATA_20260324_070000.BIN,2.0297,10.8490,3.8541,10.8490,1.8920,1,4.601,11.792
411,DATA_20260324_070000.BIN,3.8541,40.7666,1.2908,40.7666,3.0250,1,3.615,6.050
412,DATA_20260324_070000.BIN,1.2908,36.7699,11.1315,36.7699,3.5310,1,0.734,0.830
413,DATA_20260324_070000.BIN,11.1315,21.6489,1.0276,21.6489,5.4450,1,9.756,17.615
414,DATA_20260324_070000.BIN,1.0276,11.3041,1.7401,11.3041,2.3980,1,2.966,8.804
415,DATA_20260324_070000.BIN,8.1002,18.8408,10.0427,18.8408,3.1570,1,8.825,9.125
416,DATA_20260324_070000.BIN,10.0427,18.7672,7.3045,18.7672,3.3770,1,7.649,12.412
417,DATA_20260324_070000.BIN,7.3045,15.2198,3.5296,15.2198,2.1560,1,5.249,12.175
418,DATA_20260324_070000.BIN,3.5296,16.7496,1.6133,16.7496,5.5880,1,5.054,17.121
419,DATA_20260324_070000.BIN,4.2579,17.7688,1.7947,17.7688,3.6410,1,0.383,6.132
420,DATA_20260324_070000.BIN,1.7947,12.8151,4.7319,12.8151,2.3430,1,4.358,15.043
421,DATA_20260324_070000.BIN,4.7319,18.1057,3.5237,18.1057,1.6280,1,5.704,9.454
422,DATA_20260324_070000.BIN,3.5237,15.8087,2.0882,15.8087,3.7620,1,1.833,7.100
423,DATA_20260324_070000.BIN,2.0882,30.6943,17.4590,30.6943,3.7950,1,3.091,5.139
424,DATA_20260324_070000.BIN,17.4590,31.7722,8.7193,31.7722,3.4320,1,19.293,26.143
425,DATA_20260324_070000.BIN,8.7193,17.5544,2.8286,17.5544,3.1900,1,9.883,16.906
426,DATA_20260324_070000.BIN,2.8286,13.4860,2.5935,13.4860,2.7830,1,1.990,2.301
427,DATA_20260324_070000.BIN,2.3203,9.5339,2.1394,9.5339,1.6280,1,1.501,1.850
428,DATA_20260324_070000.BIN,2.1394,25.0831,0.9659,25.0831,9.0420,1,4.573,7.224
429,DATA_20260324_070000.BIN,0.9659,7.2747,0.9102,7.2747,2.4860,1,4.120,9.027
430,DATA_20260324_070000.BIN,0.9102,56.0585,0.4374,56.0585,8.5580,1,3.699,8.438
431,DATA_20260324_070000.BIN,1.0978,9.4066,2.0961,9.4066,4.3120,1,3.250,3.697
432,DATA_20260324_070000.BIN,2.0961,41.1997,7.8881,41.1997,2.7060,1,1.666,1.696
433,DATA_20260324_070000.BIN,7.8881,31.2555,1.2223,31.2555,3.1790,1,6.035,8.735
434,DATA_20260324_070000.BIN,2.0247,7.7886,2.4231,7.7886,2.9040,1,4.517,4.517
435,DATA_20260324_070000.BIN,2.4231,34.5245,2.2992,34.5245,3.8610,1,2.218,4.338
436,DATA_20260324_070000.BIN,2.2992,11.2871,1.9847,11.2871,7.1390,1,0.970,4.416
437,DATA_20260324_070000.BIN,1.9847,9.5657,0.3041,9.5657,3.1570,1,4.226,4.231
438,DATA_20260324_070000.BIN,0.3041,8.1667,2.1537,8.1667,1.4520,1,1.590,9.244
439,DATA_20260324_070000.BIN,2.1537,32.9770,2.5417,32.9770,3.7510,1,3.713,6.187
440,DATA_20260324_070000.BIN,2.5417,7.8391,1.0299,7.8391,7.9750,1,2.043,2.675
441,DATA_20260324_070000.BIN,1.0299,11.0163,4.2383,11.0163,2.1890,1,1.755,2.258
442,DATA_20260324_070000.BIN,4.2383,23.2401,2.2532,23.2401,5.6760,1,5.643,7.458
443,DATA_20260324_070000.BIN,2.2532,11.4896,3.7175,11.4896,1.5070,1,2.910,3.398
444,DATA_20260324_070000.BIN,3.7175,21.3271,3.9362,21.3271,1.6390,1,2.895,6.698
445,DATA_20260324_070000.BIN,3.9362,17.9820,4.5503,17.9820,5.4340,1,3.956,8.528
446,DATA_20260324_070000.BIN,3.5522,25.1129,0.2431,25.1129,2.4860,1,3.901,4.966
447,DATA_20260324_070000.BIN,0.2431,18.1670,10.6440,18.1670,2.2220,1,2.758,7.010
448,DATA_20260324_070000.BIN,2.4125,22.7259,2.5856,22.7259,6.3360,1,3.152,4.089
449,DATA_20260324_070000.BIN,2.5856,10.0213,0.4189,10.0213,2.3650,1,2.783,5.854
450,DATA_20260324_070000.BIN,0.4189,14.3877,6.8571,14.3877,2.1010,1,1.589,1.746
451,DATA_20260324_070000.BIN,6.8571,18.3950,2.0727,18.3950,1.6720,1,6.771,8.611
452,DATA_20260324_070000.BIN,1.4928,16.2706,1.4407,16.2706,3.3110,1,2.959,3.614
453,DATA_20260324_070000.BIN,1.4407,28.6083,1.9360,28.6083,3.6960,1,1.669,3.605
454,DATA_20260324_070000.BIN,1.9360,8.7162,3.0778,8.7162,1.9580,1,4.452,8.708
455,DATA_20260324_070000.BIN,3.0778,24.9659,1.0599,24.9659,4.1470,1,3.159,11.476
456,DATA_20260324_070000.BIN,1.0599,30.2369,2.1346,30.2369,4.7190,1,1.656,12.663
457,DATA_20260324_070000.BIN,2.1346,47.6836,14.6241,47.6836,2.9810,1,3.985,5.627
458,DATA_20260324_070000.BIN,14.6241,42.6541,23.8247,42.6541,3.2450,1,16.733,19.197
459,DATA_20260324_070000.BIN,23.8247,46.3423,2.0181,46.3423,3.7400,1,25.872,27.617
460,DATA_20260324_070000.BIN,2.0181,8.4526,1.2425,8.4526,2.4420,1,6.903,8.093
461,DATA_20260324_070000.BIN,1.2425,15.0472,2.8804,15.0472,4.1800,1,4.232,4.469
462,DATA_20260324_070000.BIN,2.8804,17.0792,1.8504,17.0792,4.1800,1,0.845,13.622
463,DATA_20260324_070000.BIN,4.0931,26.5540,11.6797,26.5540,6.5890,1,6.369,9.817
464,DATA_20260324_070000.BIN,11.6797,25.8300,6.6903,25.8300,2.6840,1,10.786,16.255
465,DATA_20260324_070000.BIN,6.6903,14.0565,3.2033,14.0565,4.0920,1,7.724,8.058
466,DATA_20260324_070000.BIN,3.2033,20.5441,0.8768,20.5441,2.8160,1,3.039,4.362
467,DATA_20260324_070000.BIN,0.8768,11.7235,4.0896,11.7235,5.2360,1,5.100,5.169
468,DATA_20260324_070000.BIN,4.0896,23.6326,2.0751,23.6326,6.3360,1,8.464,8.842
469,DATA_20260324_070000.BIN,2.3618,25.8575,1.5414,25.8575,5.3240,1,5.491,5.503
470,DATA_20260324_070000.BIN,1.5414,55.5156,2.6509,55.5156,5.8080,1,0.993,5.758
471,DATA_20260324_070000.BIN,2.6509,16.2551,1.4539,16.2551,5.9840,1,4.373,5.251
472,DATA_20260324_070000.BIN,1.4044,7.0489,0.8284,7.0489,2.8160,1,2.675,4.997
473,DATA_20260324_070000.BIN,0.8284,10.5580,1.2004,10.5580,3.3330,1,2.894,5.257
474,DATA_20260324_070000.BIN,3.2856,18.1917,3.9266,18.1917,4.5870,1,2.256,3.842
475,DATA_20260324_070000.BIN,3.9266,15.7161,1.3790,15.7161,3.4540,1,4.748,5.093
476,DATA_20260324_070000.BIN,1.6744,25.1179,1.9566,25.1179,5.6650,1,3.762,5.336
477,DATA_20260324_070000.BIN,1.9566,11.0926,4.6408,11.0926,3.5970,1,2.576,2.598
478,DATA_20260324_070000.BIN,0.6779,8.0875,0.7786,8.0875,2.9150,1,1.283,4.915
479,DATA_20260324_070000.BIN,0.7786,11.8778,3.2576,11.8778,3.3000,1,1.222,6.558
480,DATA_20260324_070000.BIN,3.2576,13.2477,2.0467,13.2477,1.5290,1,2.264,11.052
481,DATA_20260324_070000.BIN,2.0467,12.2843,2.6734,12.2843,3.6190,1,3.866,7.531
482,DATA_20260324_070000.BIN,2.6734,7.6186,1.0603,7.6186,2.7610,1,3.206,7.041
483,DATA_20260324_070000.BIN,1.0603,53.8969,1.8813,53.8969,3.2010,1,0.967,5.780
484,DATA_20260324_070000.BIN,1.8813,25.3044,17.7104,25.3044,3.4210,1,2.376,2.441
485,DATA_20260324_070000.BIN,17.7104,28.1613,2.8185,28.1613,3.7290,1,22.228,22.232
486,DATA_20260324_070000.BIN,11.0227,21.9707,4.0319,21.9707,2.0240,1,14.708,15.216
487,DATA_20260324_070000.BIN,4.0319,17.2864,6.8693,17.2864,6.2260,1,5.373,6.353
488,DATA_20260324_070000.BIN,6.8693,46.0052,6.1168,46.0052,4.4550,1,8.367,16.996
489,DATA_20260324_070000.BIN,7.7188,16.1915,7.5240,16.1915,6.4790,1,8.219,12.308
490,DATA_20260324_070000.BIN,7.5240,16.5897,9.5702,16.5897,1.5620,1,8.644,8.669
491,DATA_20260324_070000.BIN,9.5702,18.3535,0.9896,18.3535,2.4750,1,10.356,10.384
492,DATA_20260324_070000.BIN,0.9896,25.1439,8.8869,25.1439,4.8510,1,1.416,4.359
493,DATA_20260324_070000.BIN,8.8869,15.2251,1.9387,15.2251,3.1790,1,10.086,11.748
494,DATA_20260324_070000.BIN,1.9387,20.2251,8.2783,20.2251,5.9290,1,1.414,8.927
495,DATA_20260324_070000.BIN,8.2783,15.1917,2.2789,15.1917,2.8710,1,10.995,11.027
496,DATA_20260324_070000.BIN,2.2789,14.1893,1.6045,14.1893,1.7600,1,4.578,7.493
497,DATA_20260324_070000.BIN,2.0358,9.9566,2.4800,9.9566,2.7060,1,2.810,4.931
498,DATA_20260324_070000.BIN,1.6319,10.2658,1.1934,10.2658,3.3770,1,1.469,1.931
499,DATA_20260324_070000.BIN,1.1934,9.2370,1.5108,9.2370,3.3550,1,2.546,4.654
500,DATA_20260324_070000.BIN,4.3960,17.4214,4.7904,17.4214,2.2990,1,6.498,7.201
501,DATA_20260324_070000.BIN,6.4776,23.1572,14.4178,23.1572,4.3780,1,8.541,9.030
502,DATA_20260324_070000.BIN,14.4178,24.1968,1.4646,24.1968,2.8820,1,17.424,18.827
503,DATA_20260324_070000.BIN,1.4646,10.8212,0.7149,10.8212,1.7600,1,4.294,7.345
504,DATA_20260324_070000.BIN,0.7149,10.7897,0.9040,10.7897,1.8590,1,1.088,3.021
505,DATA_20260324_070000.BIN,0.9031,19.3386,3.6066,19.3386,5.0380,1,2.035,3.010
506,DATA_20260324_070000.BIN,3.6066,9.4508,1.7870,9.4508,2.8160,1,3.190,6.332
507,DATA_20260324_070000.BIN,1.7870,41.9991,3.5422,41.9991,6.0940,1,3.595,4.598
508,DATA_20260324_070000.BIN,3.5422,12.9385,1.1423,12.9385,2.7170,1,2.818,3.082
509,DATA_20260324_070000.BIN,1.1423,13.1306,0.5124,13.1306,2.7610,1,2.062,3.087
510,DATA_20260324_070000.BIN,3.6315,23.4123,9.9873,23.4123,4.4550,1,2.856,10.059
511,DATA_20260324_070000.BIN,3.0714,11.1725,6.5233,11.1725,2.0680,1,2.259,4.034
512,DATA_20260324_070000.BIN,6.5233,23.1964,1.9041,23.1964,7.0730,1,7.092,8.104
513,DATA_20260324_070000.BIN,1.9041,8.8719,0.9025,8.8719,5.6320,1,3.741,3.786
514,DATA_20260324_070000.BIN,0.9682,10.2625,0.8705,10.2625,6.5230,1,2.755,3.844
515,DATA_20260324_070000.BIN,0.8736,9.7630,1.8181,9.7630,6.3910,1,1.910,1.940
516,DATA_20260324_070000.BIN,2.3644,11.6294,3.1316,11.6294,1.9580,1,3.413,7.913
517,DATA_20260324_070000.BIN,2.5400,12.1986,1.1852,12.1986,3.6300,1,2.264,7.515
518,DATA_20260324_070000.BIN,1.1852,10.6236,1.6955,10.6236,1.4520,1,2.044,4.181
519,DATA_20260324_070000.BIN,2.1916,9.3625,1.3672,9.3625,2.3100,1,3.094,3.160
520,DATA_20260324_070000.BIN,4.4001,10.2101,1.8947,10.2101,2.4310,1,4.553,4.972
521,DATA_20260324_070000.BIN,1.8947,10.1453,0.6353,10.1453,2.3210,1,1.350,1.760
522,DATA_20260324_070000.BIN,0.6353,7.1648,0.4328,7.1648,2.2110,1,1.106,1.391
523,DATA_20260324_070000.BIN,0.4328,10.8477,2.1947,10.8477,3.5860,1,0.510,2.371
524,DATA_20260324_070000.BIN,3.7516,46.5309,18.4782,46.5309,2.3100,1,4.294,4.961
525,DATA_20260324_070000.BIN,18.4782,27.1443,2.3934,27.1443,2.2550,1,20.363,20.474
526,DATA_20260324_070000.BIN,2.3934,50.0036,4.5901,50.0036,4.5320,1,1.472,2.271
527,DATA_20260324_070000.BIN,6.8627,31.1974,6.9625,31.1974,2.7610,1,7.402,8.409
528,DATA_20260324_070000.BIN,6.9625,19.2574,6.2573,19.2574,3.5200,1,11.127,11.381
529,DATA_20260324_070000.BIN,6.2573,18.8447,5.1712,18.8447,7.1060,1,6.745,11.014
530,DATA_20260324_070000.BIN,1.6500,17.3560,3.0132,17.3560,3.3660,1,3.660,3.883
531,DATA_20260324_070000.BIN,3.0132,17.8266,0.8185,17.8266,4.7410,1,3.225,11.402
532,DATA_20260324_070000.BIN,0.8185,11.7261,3.2986,11.7261,2.7060,1,1.551,2.782
533,DATA_20260324_070000.BIN,3.2986,18.8387,8.3769,18.8387,3.3000,1,3.165,3.831
534,DATA_20260324_070000.BIN,2.8312,20.0228,6.0625,20.0228,3.1900,1,2.073,4.756
535,DATA_20260324_070000.BIN,3.2130,10.1057,0.6747,10.1057,3.5750,1,3.219,3.470
536,DATA_20260324_070000.BIN,1.3616,22.7890,2.0654,22.7890,2.7500,1,2.311,2.368
537,DATA_20260324_070000.BIN,1.9136,44.7529,1.9263,44.7529,6.7210,1,0.798,1.033
538,DATA_20260324_070000.BIN,1.9263,13.7091,4.8675,13.7091,5.3130,1,1.923,2.002
539,DATA_20260324_070000.BIN,4.8675,15.4151,1.8431,15.4151,3.0580,1,4.020,4.093
540,DATA_20260324_070000.BIN,1.8431,24.1338,12.8440,24.1338,3.5090,1,2.329,3.194
541,DATA_20260324_070000.BIN,12.8440,22.7385,2.0452,22.7385,1.5510,1,13.916,13.957
542,DATA_20260324_070000.BIN,2.0452,14.3170,1.9740,14.3170,1.3970,1,2.287,18.302
543,DATA_20260324_070000.BIN,1.9740,15.9681,0.4829,15.9681,1.7710,1,1.094,12.306
544,DATA_20260324_070000.BIN,0.4829,19.3452,3.0279,19.3452,3.0140,1,2.948,6.041
545,DATA_20260324_070000.BIN,3.0279,44.6977,2.8671,44.6977,5.6320,1,4.588,6.711
546,DATA_20260324_070000.BIN,2.8671,15.4862,2.7334,15.4862,3.1570,1,2.187,15.555
547,DATA_20260324_070000.BIN,2.7334,13.6967,2.4344,13.6967,3.3440,1,4.424,7.843
548,DATA_20260324_070000.BIN,2.4344,10.7139,1.6824,10.7139,1.2980,1,1.614,7.025
549,DATA_20260324_070000.BIN,1.6152,9.3677,1.9974,9.3677,2.2990,1,1.755,1.864
550,DATA_20260324_070000.BIN,1.9974,6.8864,3.5295,6.8864,2.2330,1,2.225,2.252
551,DATA_20260324_070000.BIN,1.5296,19.8341,4.9722,19.8341,1.5730,1,1.884,2.658
552,DATA_20260324_070000.BIN,0.8794,15.6197,3.6522,15.6197,2.7610,1,1.194,4.431
553,DATA_20260324_070000.BIN,3.6522,10.3951,1.0407,10.3951,3.4650,1,4.352,4.734
554,DATA_20260324_070000.BIN,1.0407,16.9288,10.4376,16.9288,2.2220,1,1.017,8.245
555,DATA_20260324_070000.BIN,10.4376,33.3628,1.5729,33.3628,3.7620,1,13.002,14.295
556,DATA_20260324_070000.BIN,1.5729,14.3424,3.1249,14.3424,3.1130,1,2.014,3.107
557,DATA_20260324_070000.BIN,3.1249,15.0522,0.7053,15.0522,2.8710,1,3.762,11.778
558,DATA_20260324_070000.BIN,0.7053,19.8548,9.5531,19.8548,4.1140,1,2.931,12.100
559,DATA_20260324_070000.BIN,9.5531,16.2446,1.6888,16.2446,3.4540,1,10.087,10.846
560,DATA_20260324_070000.BIN,1.6888,25.5215,7.5855,25.5215,2.3980,1,3.937,5.199
561,DATA_20260324_070000.BIN,7.5855,19.5406,1.6061,19.5406,2.6620,1,9.504,13.370
562,DATA_20260324_070000.BIN,1.6061,20.1154,9.6417,20.1154,6.6770,1,2.729,5.557
563,DATA_20260324_070000.BIN,9.6417,22.4193,11.6900,22.4193,5.9840,1,7.340,27.477
564,DATA_20260324_070000.BIN,11.6900,24.5521,8.1860,24.5521,6.3030,1,8.746,26.646
565,DATA_20260324_070000.BIN,8.1860,24.2090,1.2954,24.2090,3.1460,1,9.816,9.906
566,DATA_20260324_070000.BIN,1.2954,16.4400,3.7094,16.4400,4.1800,1,1.016,5.746
567,DATA_20260324_070000.BIN,3.7094,19.2371,4.1822,19.2371,2.5740,1,3.144,8.185
568,DATA_20260324_070000.BIN,4.1822,34.4065,1.3459,34.4065,8.9870,1,6.851,11.911
569,DATA_20260324_070000.BIN,1.3459,18.0994,3.2984,18.0994,3.7730,1,4.213,14.761
570,DATA_20260324_070000.BIN,3.2984,15.8841,5.2340,15.8841,2.8930,1,5.368,7.064
571,DATA_20260324_070000.BIN,5.2340,44.3947,32.2806,44.3947,4.7740,1,6.916,8.610
572,DATA_20260324_070000.BIN,32.2806,46.9264,2.8065,46.9264,5.6870,1,37.339,38.297
573,DATA_20260324_070000.BIN,2.8065,9.4890,3.7187,9.4890,2.0130,1,8.773,16.268
574,DATA_20260324_070000.BIN,3.7187,21.6062,13.1032,21.6062,2.2770,1,3.302,3.314
575,DATA_20260324_070000.BIN,13.1032,22.4246,3.6021,22.4246,3.4650,1,11.227,14.306
576,DATA_20260324_070000.BIN,3.6021,16.6322,7.4482,16.6322,2.5410,1,0.946,6.508
577,DATA_20260324_070000.BIN,7.4482,17.8399,7.7994,17.8399,1.3860,1,10.587,17.112
578,DATA_20260324_070000.BIN,7.7994,51.9624,44.0807,51.9624,2.2330,1,5.515,5.627
579,DATA_20260324_070000.BIN,44.0807,55.4048,7.3773,55.4048,3.5860,1,50.293,50.546
580,DATA_20260324_070000.BIN,7.3773,46.6901,5.7816,46.6901,7.7000,1,5.396,6.824
581,DATA_20260324_070000.BIN,5.7816,32.5526,12.4987,32.5526,1.7490,1,4.805,9.327
582,DATA_20260324_070000.BIN,12.4987,32.9640,3.4863,32.9640,1.4410,1,7.603,8.431
583,DATA_20260324_070000.BIN,3.4863,14.2317,1.7203,14.2317,1.7050,1,13.575,14.391
584,DATA_20260324_070000.BIN,1.7203,28.5510,2.4659,28.5510,2.6950,1,10.071,10.080
585,DATA_20260324_070000.BIN,2.4659,18.2203,3.0312,18.2203,3.3000,1,6.853,7.141
586,DATA_20260324_070000.BIN,3.0312,14.0735,8.9213,14.0735,7.3810,1,3.603,6.137
587,DATA_20260324_070000.BIN,1.2293,11.2398,1.4159,11.2398,3.7070,1,4.834,4.909
588,DATA_20260324_070000.BIN,8.5618,17.1984,2.2723,17.1984,1.9360,1,6.765,7.262
589,DATA_20260324_070000.BIN,1.3913,16.1382,2.5644,16.1382,3.0580,1,7.209,9.056
590,DATA_20260324_070000.BIN,1.3320,10.6937,1.2750,10.6937,6.8970,1,4.463,4.515
591,DATA_20260324_070000.BIN,1.2750,36.1221,1.6022,36.1221,5.1260,1,4.539,6.309
592,DATA_20260324_070000.BIN,1.6022,8.7644,2.7445,8.7644,2.3540,1,2.189,10.745
593,DATA_20260324_070000.BIN,5.1060,21.8779,11.8212,21.8779,4.8950,1,3.901,8.606
594,DATA_20260324_070000.BIN,11.8212,20.3506,5.0306,20.3506,2.4640,1,19.729,22.060
595,DATA_20260324_070000.BIN,5.0306,24.2106,16.0631,24.2106,5.4010,1,8.153,9.789
596,DATA_20260324_070000.BIN,16.0631,25.1471,6.5334,25.1471,3.3660,1,21.703,21.832
597,DATA_20260324_070000.BIN,6.5334,14.4085,2.3769,14.4085,1.8150,1,7.474,7.675
598,DATA_20260324_070000.BIN,2.3769,12.6316,2.2994,12.6316,1.6390,1,1.848,1.960
599,DATA_20260324_070000.BIN,2.2994,10.4225,1.5358,10.4225,1.2540,1,3.296,14.558
600,DATA_20260324_070000.BIN,1.5358,12.9311,0.8975,12.9311,4.5320,1,0.511,6.857
601,DATA_20260324_070000.BIN,0.8975,21.1917,14.8103,21.1917,3.9710,1,1.635,3.873
602,DATA_20260324_070000.BIN,12.3619,19.4691,13.3292,19.4691,2.1340,1,15.512,18.014
603,DATA_20260324_070000.BIN,13.3292,18.8056,6.9805,18.8056,5.8410,1,13.992,15.621
604,DATA_20260324_070000.BIN,6.9805,12.5509,1.7950,12.5509,2.1670,1,10.087,10.166
605,DATA_20260324_070000.BIN,1.7950,57.6210,4.7668,57.6210,6.8750,1,0.566,1.102
606,DATA_20260324_070000.BIN,4.7668,31.5731,16.5525,31.5731,2.0680,1,6.127,7.916
607,DATA_20260324_070000.BIN,16.5525,47.0901,11.0818,47.0901,3.8500,1,17.962,18.023
608,DATA_20260324_070000.BIN,11.0818,30.9272,4.7379,30.9272,2.6180,1,9.110,10.022
609,DATA_20260324_070000.BIN,4.7379,13.9667,3.0263,13.9667,2.6730,1,2.051,2.394
610,DATA_20260324_070000.BIN,3.0263,17.7190,2.9415,17.7190,2.0350,1,3.634,8.644
611,DATA_20260324_070000.BIN,2.9415,21.8986,2.4598,21.8986,8.8220,1,3.691,14.974
612,DATA_20260324_070000.BIN,2.4598,42.5458,3.6273,42.5458,4.4550,1,2.873,4.544
613,DATA_20260324_070000.BIN,3.6273,22.2676,2.6482,22.2676,3.3880,1,5.893,10.200
614,DATA_20260324_070000.BIN,2.6482,30.6090,1.7417,30.6090,3.5200,1,1.542,8.167
615,DATA_20260324_070000.BIN,1.7417,15.3084,3.2266,15.3084,3.8940,1,1.083,8.392
616,DATA_20260324_070000.BIN,3.0478,10.9379,0.6031,10.9379,3.0470,1,2.694,13.072
617,DATA_20260324_070000.BIN,6.0296,16.0649,4.9665,16.0649,2.8820,1,7.172,7.365
618,DATA_20260324_070000.BIN,4.9665,13.4847,3.8588,13.4847,2.1670,1,2.803,7.451
619,DATA_20260324_070000.BIN,1.2470,27.9750,5.8502,27.9750,7.1940,1,4.115,4.134
620,DATA_20260324_070000.BIN,5.8502,14.1047,5.7490,14.1047,4.3230,1,6.104,9.436
621,DATA_20260324_070000.BIN,11.8475,19.0777,11.5492,19.0777,2.4420,1,9.548,16.968
622,DATA_20260324_070000.BIN,11.5492,22.2449,14.0235,22.2449,5.7200,1,8.074,13.965
623,DATA_20260324_070000.BIN,14.0235,20.2345,7.2862,20.2345,1.9470,1,11.591,19.091
624,DATA_20260324_070000.BIN,7.2862,33.8388,8.3323,33.8388,3.3550,1,4.697,6.389
625,DATA_20260324_070000.BIN,8.3323,41.8838,11.2182,41.8838,2.5850,1,10.077,12.032
626,DATA_20260324_070000.BIN,11.2182,43.8383,1.0694,43.8383,2.7940,1,12.662,13.758
627,DATA_20260324_070000.BIN,1.0694,15.1610,3.3011,15.1610,2.3320,1,4.706,5.509
628,DATA_20260324_070000.BIN,3.3011,24.9942,2.3235,24.9942,4.1360,1,7.383,9.421
629,DATA_20260324_070000.BIN,2.3235,16.6375,3.1050,16.6375,3.2010,1,0.907,12.574
630,DATA_20260324_070000.BIN,3.1050,11.1603,1.1000,11.1603,2.9260,1,2.274,5.540
631,DATA_20260324_070000.BIN,1.1000,16.8624,2.5223,16.8624,8.1070,1,3.349,4.357
632,DATA_20260324_070000.BIN,2.5223,43.2459,3.3175,43.2459,6.8090,1,1.501,4.259
633,DATA_20260324_070000.BIN,3.3175,33.3273,9.7990,33.3273,3.3770,1,3.871,6.504
634,DATA_20260324_070000.BIN,9.7990,31.2931,14.2717,31.2931,3.0360,1,7.725,8.333
635,DATA_20260324_070000.BIN,12.6771,23.1417,11.7639,23.1417,9.5150,1,14.043,17.595
636,DATA_20260324_070000.BIN,16.6763,22.8567,11.2579,22.8567,9.5040,1,19.703,21.856
637,DATA_20260324_070000.BIN,16.7438,23.4322,12.0025,23.4322,9.3500,1,16.783,17.636
638,DATA_20260324_070000.BIN,11.5151,19.4175,12.6688,19.4175,3.8500,1,8.291,9.959
639,DATA_20260324_070000.BIN,5.0215,16.0872,4.1361,16.0872,2.4420,1,0.676,4.485
640,DATA_20260324_070000.BIN,4.1361,47.2881,5.3611,47.2881,3.9820,1,2.707,4.494
641,DATA_20260324_070000.BIN,5.3611,13.6799,5.3698,13.6799,1.4080,1,7.011,11.419
642,DATA_20260324_070000.BIN,5.3670,21.6171,8.5823,21.6171,1.5840,1,1.332,1.404
643,DATA_20260324_070000.BIN,8.5823,54.6726,7.6397,54.6726,2.5960,1,5.018,5.618
644,DATA_20260324_070000.BIN,7.6397,23.5852,5.2937,23.5852,4.4660,1,13.722,15.722
645,DATA_20260324_070000.BIN,5.2937,51.3371,5.2086,51.3371,7.1170,1,1.795,5.140
646,DATA_20260324_070000.BIN,5.2086,18.8819,8.2813,18.8819,3.8170,1,4.225,4.303
647,DATA_20260324_070000.BIN,8.2813,18.2056,4.2653,18.2056,3.8170,1,7.339,10.884
648,DATA_20260324_070000.BIN,4.2653,20.0868,4.0946,20.0868,9.6470,1,0.821,2.111
649,DATA_20260324_070000.BIN,4.0946,14.1095,0.9680,14.1095,4.6970,1,1.423,5.747
650,DATA_20260324_070000.BIN,0.9680,17.5165,9.0678,17.5165,4.6420,1,5.850,9.531
651,DATA_20260324_070000.BIN,8.9583,19.7196,8.6322,19.7196,5.7310,1,9.568,10.009
652,DATA_20260324_070000.BIN,8.6322,49.0668,11.8580,49.0668,3.8500,1,5.816,7.012
653,DATA_20260324_070000.BIN,11.8580,21.3800,4.2838,21.3800,3.9160,1,15.090,16.180
654,DATA_20260324_070000.BIN,4.2838,14.6842,1.7272,14.6842,3.0580,1,2.474,8.953
655,DATA_20260324_070000.BIN,1.7272,10.6732,2.6509,10.6732,2.0570,1,6.283,13.647
656,DATA_20260324_070000.BIN,2.6509,20.4998,12.7276,20.4998,2.4860,1,6.657,6.835
657,DATA_20260324_070000.BIN,12.7276,37.2059,9.2934,37.2059,4.4660,1,12.326,13.687
658,DATA_20260324_070000.BIN,9.2934,17.8127,8.1990,17.8127,3.5530,1,5.758,7.482
659,DATA_20260324_070000.BIN,8.1990,23.9165,9.3819,23.9165,2.4090,1,7.090,14.998
660,DATA_20260324_070000.BIN,9.3819,25.9277,9.1289,25.9277,6.0610,1,14.068,17.281
661,DATA_20260324_070000.BIN,9.5230,18.7562,2.4262,18.7562,1.3310,1,6.821,8.096
662,DATA_20260324_070000.BIN,2.4262,54.4203,5.4814,54.4203,6.0610,1,2.531,6.657
663,DATA_20260324_070000.BIN,5.4814,23.4929,6.6050,23.4929,2.3870,1,1.968,4.686
664,DATA_20260324_070000.BIN,6.6050,16.1002,9.0955,16.1002,1.9140,1,2.850,2.972
665,DATA_20260324_070000.BIN,9.0955,21.8267,0.8697,21.8267,7.9420,1,7.954,7.966
666,DATA_20260324_070000.BIN,0.8697,14.1152,7.0393,14.1152,4.7630,1,4.953,7.898
667,DATA_20260324_070000.BIN,7.0393,17.9887,10.2437,17.9887,3.9160,1,3.619,6.146
668,DATA_20260324_070000.BIN,10.2437,19.0538,3.4052,19.0538,3.7180,1,7.403,8.225
669,DATA_20260324_070000.BIN,3.4052,14.9105,2.6625,14.9105,2.5300,1,6.750,14.210
670,DATA_20260324_070000.BIN,2.6625,14.9003,6.1066,14.9003,3.7840,1,2.448,3.659
671,DATA_20260324_070000.BIN,5.5275,18.0875,11.4235,18.0875,2.2660,1,3.571,4.021
672,DATA_20260324_070000.BIN,11.4235,22.0593,6.0052,22.0593,1.8810,1,6.533,15.660
673,DATA_20260324_070000.BIN,6.0052,18.6720,6.9106,18.6720,2.0790,1,8.866,12.405
674,DATA_20260324_070000.BIN,6.9106,13.4251,6.8152,13.4251,3.6080,1,5.692,7.375
675,DATA_20260324_070000.BIN,6.8152,15.1139,7.7028,15.1139,2.2440,1,1.998,4.911
676,DATA_20260324_070000.BIN,11.6539,17.9628,4.4217,17.9628,1.4300,1,7.359,14.608
677,DATA_20260324_070000.BIN,4.4217,18.2678,6.8285,18.2678,2.3320,1,8.221,12.218
678,DATA_20260324_070000.BIN,6.8285,15.0512,8.1311,15.0512,4.0810,1,6.332,9.306
679,DATA_20260324_070000.BIN,8.1311,14.0203,7.4613,14.0203,2.9810,1,3.145,6.053
680,DATA_20260324_070000.BIN,7.4613,17.1786,11.1323,17.1786,4.2350,1,3.425,3.748
681,DATA_20260324_070000.BIN,11.1323,17.3971,11.3031,17.3971,3.9490,1,5.518,11.037
682,DATA_20260324_070000.BIN,11.3031,20.6040,9.9008,20.6040,6.1600,1,8.091,13.909
683,DATA_20260324_070000.BIN,9.9008,18.5297,4.5186,18.5297,1.5620,1,4.826,7.264
684,DATA_20260324_070000.BIN,4.5186,13.7633,2.1056,13.7633,2.2110,1,12.301,20.192
685,DATA_20260324_070000.BIN,2.1056,22.3018,9.3903,22.3018,2.5190,1,4.176,9.735
686,DATA_20260324_070000.BIN,9.3903,15.7241,8.9482,15.7241,3.1350,1,7.180,7.225
687,DATA_20260324_070000.BIN,8.9482,16.0132,9.0077,16.0132,4.0590,1,3.980,5.659
688,DATA_20260324_070000.BIN,9.0077,17.4527,11.0374,17.4527,2.2220,1,6.340,6.351
689,DATA_20260324_070000.BIN,8.6308,22.7665,8.3734,22.7665,1.4300,1,4.979,8.971
690,DATA_20260324_070000.BIN,8.3734,14.6690,8.3421,14.6690,3.8610,1,3.884,3.886
691,DATA_20260324_070000.BIN,8.3421,19.7041,14.8437,19.7041,6.4460,1,2.125,6.346
692,DATA_20260324_070000.BIN,9.5094,17.3998,7.7840,17.3998,4.8730,1,5.230,12.430
693,DATA_20260324_070000.BIN,2.9269,37.1952,14.8449,37.1952,4.9280,1,11.511,17.731
694,DATA_20260324_070000.BIN,5.1597,33.4415,11.2942,33.4415,5.5440,1,10.409,11.810
695,DATA_20260324_070000.BIN,0.6409,32.1938,11.8939,32.1938,9.5810,1,6.152,7.092
696,DATA_20260324_070000.BIN,12.5920,21.0488,9.1885,21.0488,7.8430,1,8.660,11.733
697,DATA_20260324_070000.BIN,9.9648,20.1255,7.1595,20.1255,4.0810,1,4.892,6.012
698,DATA_20260324_070000.BIN,10.2679,35.7519,10.2893,35.7519,2.2440,1,5.952,6.734
699,DATA_20260324_070000.BIN,10.2893,17.0317,8.0094,17.0317,2.7500,1,4.869,5.039
700,DATA_20260324_070000.BIN,8.0094,20.7188,8.7059,20.7188,2.7060,1,5.000,5.989
701,DATA_20260324_070000.BIN,8.7059,18.0985,3.8188,18.0985,4.1690,1,2.840,4.485
702,DATA_20260324_070000.BIN,3.8188,15.1038,8.9533,15.1038,1.5510,1,3.010,9.371
703,DATA_20260324_070000.BIN,3.8994,21.1966,4.2290,21.1966,2.1340,1,5.403,5.755
704,DATA_20260324_070000.BIN,4.2290,14.6056,6.3195,14.6056,3.3330,1,4.446,8.003
705,DATA_20260324_070000.BIN,6.3195,15.0801,8.0235,15.0801,3.5750,1,2.081,3.590
706,DATA_20260324_070000.BIN,8.0235,18.0486,7.2308,18.0486,5.2580,1,3.919,3.949
707,DATA_20260324_070000.BIN,7.2308,18.9230,3.3801,18.9230,3.5310,1,3.115,8.438
708,DATA_20260324_070000.BIN,3.3801,16.9565,7.8595,16.9565,3.6410,1,2.855,8.603
709,DATA_20260324_070000.BIN,9.5994,30.5077,5.8148,30.5077,2.9590,1,6.243,12.604
710,DATA_20260324_070000.BIN,5.9518,15.5279,6.5633,15.5279,1.3530,1,2.573,3.100
711,DATA_20260324_070000.BIN,20.0245,37.9463,12.7246,37.9463,3.2010,1,28.314,29.460
712,DATA_20260324_070000.BIN,12.7246,27.8322,7.2715,27.8322,3.1130,1,10.246,10.257
713,DATA_20260324_070000.BIN,7.2715,29.2286,5.4159,29.2286,5.9180,1,5.587,11.583
714,DATA_20260324_070000.BIN,11.2141,27.8314,0.1677,27.8314,5.6760,1,7.322,8.502
715,DATA_20260324_070000.BIN,8.3356,21.9154,12.8867,21.9154,4.2460,1,6.324,12.404
716,DATA_20260324_070000.BIN,2.7784,39.6672,10.5206,39.6672,4.1800,1,4.481,12.462
717,DATA_20260324_070000.BIN,10.5206,21.1327,4.3622,21.1327,8.7670,1,5.832,6.871
718,DATA_20260324_070000.BIN,4.3622,17.4287,10.2532,17.4287,3.2890,1,8.351,10.066
719,DATA_20260324_070000.BIN,10.2532,31.0380,3.7560,31.0380,6.8640,1,6.972,12.871
720,DATA_20260324_070000.BIN,1.4126,57.7143,12.5424,57.7143,4.9390,1,7.762,8.407
721,DATA_20260324_070000.BIN,5.2647,29.0771,2.3308,29.0771,7.7330,1,5.122,14.160
722,DATA_20260324_070000.BIN,2.3308,18.1568,8.6908,18.1568,3.3220,1,7.049,7.552
723,DATA_20260324_070000.BIN,8.6908,22.7957,1.8445,22.7957,5.0930,1,5.911,12.235
724,DATA_20260324_070000.BIN,9.7480,18.8137,2.9238,18.8137,2.4530,1,6.200,6.886
725,DATA_20260324_070000.BIN,2.9238,56.6405,9.1283,56.6405,3.4870,1,4.438,11.066
726,DATA_20260324_070000.BIN,9.1283,34.8325,2.0794,34.8325,5.3460,1,5.462,5.948
727,DATA_20260324_070000.BIN,2.0794,17.3008,1.7952,17.3008,1.6940,1,8.059,13.985
728,DATA_20260324_070000.BIN,1.7952,15.6147,9.8248,15.6147,2.3980,1,3.063,6.304
729,DATA_20260324_070000.BIN,9.8248,22.9917,8.0491,22.9917,2.3980,1,6.995,7.330
730,DATA_20260324_070000.BIN,8.0491,21.0020,6.9251,21.0020,2.0790,1,1.777,15.946
731,DATA_20260324_070000.BIN,6.9251,14.7493,3.0208,14.7493,2.1780,1,2.381,6.263
732,DATA_20260324_070000.BIN,3.0208,17.4428,2.6838,17.4428,1.5180,1,2.575,2.741
733,DATA_20260324_070000.BIN,5.8341,36.8325,9.2132,36.8325,3.7290,1,4.018,4.447
734,DATA_20260324_070000.BIN,9.2132,26.8349,1.4051,26.8349,2.4530,1,14.362,15.928
735,DATA_20260324_070000.BIN,1.4051,16.6308,3.1774,16.6308,4.5210,1,4.786,4.820
736,DATA_20260324_070000.BIN,3.1774,23.2571,4.4190,23.2571,1.5400,1,7.327,17.726
737,DATA_20260324_070000.BIN,4.4190,15.3435,2.9098,15.3435,2.7500,1,7.242,11.838
738,DATA_20260324_070000.BIN,2.9098,11.6023,3.8382,11.6023,5.6650,1,5.192,12.489
739,DATA_20260324_070000.BIN,3.8382,23.1129,9.3820,23.1129,3.8060,1,1.238,1.268
740,DATA_20260324_070000.BIN,9.3820,20.7156,6.4042,20.7156,4.4000,1,9.847,12.493
741,DATA_20260324_070000.BIN,6.4042,18.8190,10.1834,18.8190,2.8050,1,2.359,9.289
742,DATA_20260324_070000.BIN,12.1593,20.5750,9.1354,20.5750,2.3760,1,7.818,15.838
743,DATA_20260324_070000.BIN,9.1354,17.8722,4.5936,17.8722,1.1550,1,7.657,8.370
744,DATA_20260324_070000.BIN,4.5936,16.1262,1.7137,16.1262,6.0060,1,1.802,15.918
745,DATA_20260324_070000.BIN,1.7137,10.8031,1.0802,10.8031,1.6830,1,4.080,7.316
746,DATA_20260324_070000.BIN,1.0802,21.0675,15.2598,21.0675,4.4000,1,3.590,10.670
747,DATA_20260324_070000.BIN,15.2598,24.7293,15.0710,24.7293,4.4330,1,15.011,15.015
748,DATA_20260324_070000.BIN,15.0710,24.7231,14.9592,24.7231,3.5970,1,13.907,24.892
749,DATA_20260324_070000.BIN,14.9592,23.0855,14.1052,23.0855,3.2340,1,8.786,21.729
750,DATA_20260324_070000.BIN,14.1052,22.6051,9.8678,22.6051,2.7830,1,12.774,18.930
751,DATA_20260324_070000.BIN,9.8678,19.1973,9.9339,19.1973,1.8150,1,3.615,7.267
752,DATA_20260324_070000.BIN,9.9339,43.9371,37.0677,43.9371,2.1670,1,4.868,4.916
753,DATA_20260324_070000.BIN,37.0677,52.6235,13.2561,52.6235,4.3670,1,52.023,53.048
754,DATA_20260324_070000.BIN,13.2561,26.8957,14.0394,26.8957,1.1880,1,13.086,13.362
755,DATA_20260324_070000.BIN,14.0394,19.3720,9.1704,19.3720,4.6750,1,16.249,17.450
756,DATA_20260324_070000.BIN,9.1704,22.9403,10.0079,22.9403,1.2650,1,12.384,13.316
757,DATA_20260324_070000.BIN,10.0079,19.3333,10.8816,19.3333,3.9050,1,6.235,7.343
758,DATA_20260324_070000.BIN,10.8816,55.3196,2.5053,55.3196,4.5210,1,8.731,8.864
759,DATA_20260324_070000.BIN,2.5053,24.1235,14.3535,24.1235,5.8190,1,6.639,18.449
760,DATA_20260324_070000.BIN,14.3535,22.8591,5.0220,22.8591,3.9160,1,10.660,11.758
761,DATA_20260324_070000.BIN,5.0220,28.5814,17.6452,28.5814,1.5070,1,10.345,16.743
762,DATA_20260324_070000.BIN,17.6452,27.7287,20.3071,27.7287,3.5860,1,16.879,19.211
763,DATA_20260324_070000.BIN,14.3590,24.3723,17.9674,24.3723,3.0140,1,10.872,12.284
764,DATA_20260324_070000.BIN,13.6662,23.3956,16.7064,23.3956,3.9380,1,11.088,11.247
765,DATA_20260324_070000.BIN,16.7064,25.5497,14.0109,25.5497,6.6880,1,14.043,23.288
766,DATA_20260324_070000.BIN,15.4118,26.2267,19.3212,26.2267,4.1030,1,9.787,12.410
767,DATA_20260324_070000.BIN,15.0298,24.6014,14.0397,24.6014,9.0090,1,8.038,9.624
768,DATA_20260324_070000.BIN,15.5823,24.9832,13.2305,24.9832,9.9110,1,9.103,14.439
769,DATA_20260324_070000.BIN,13.2305,25.7678,19.0219,25.7678,4.4220,1,4.891,10.717
770,DATA_20260324_070000.BIN,19.0219,24.0144,15.9677,24.0144,6.5890,1,9.359,19.965
771,DATA_20260324_070000.BIN,16.2759,25.0709,19.4631,25.0709,4.2460,1,8.105,11.962
772,DATA_20260324_080000.BIN,28.9524,50.9732,30.7733,50.9732,2.1450,1,6.408,10.116
773,DATA_20260324_080000.BIN,30.7733,37.2069,29.0056,37.2069,6.6770,1,8.722,18.073
774,DATA_20260324_080000.BIN,27.6719,46.1917,35.3798,46.1917,7.5350,1,12.676,12.916
775,DATA_20260324_080000.BIN,29.6664,38.0826,31.0542,38.0826,3.6190,1,5.843,6.011
776,DATA_20260324_080000.BIN,31.0542,43.5831,34.9437,43.5831,3.4870,1,19.139,27.286
777,DATA_20260324_080000.BIN,37.8785,47.7969,33.9294,47.7969,3.3440,1,9.086,16.983
778,DATA_20260324_080000.BIN,33.9294,61.9830,22.8827,61.9830,5.7530,1,8.094,11.116
779,DATA_20260324_080000.BIN,22.8827,31.5253,23.8921,31.5253,3.9820,1,10.852,10.891
780,DATA_20260324_080000.BIN,23.8921,57.7724,25.0943,57.7724,7.8650,1,9.510,13.362
781,DATA_20260324_080000.BIN,30.8632,53.4701,28.8144,53.4701,7.6560,1,3.567,9.835
782,DATA_20260324_080000.BIN,28.8144,43.5414,33.0588,43.5414,2.0460,1,13.386,13.824
783,DATA_20260324_080000.BIN,33.0588,48.9443,28.6848,48.9443,6.8750,1,10.707,14.993
784,DATA_20260324_080000.BIN,32.3064,51.8778,31.0681,51.8778,9.7900,1,10.036,12.956
785,DATA_20260324_080000.BIN,25.1514,45.5620,27.5970,45.5620,8.8550,1,7.239,11.868
786,DATA_20260324_080000.BIN,26.7980,35.8861,28.2826,35.8861,4.1910,1,13.743,17.137
787,DATA_20260324_080000.BIN,28.2826,38.1772,24.1773,38.1772,4.8400,1,7.449,8.213
788,DATA_20260324_080000.BIN,24.1773,36.3503,22.4677,36.3503,5.4890,1,6.895,7.617
789,DATA_20260324_080000.BIN,22.4677,66.5734,25.5258,66.5734,7.9640,1,10.426,21.154
790,DATA_20260324_080000.BIN,21.9022,42.6633,22.6446,42.6633,9.0640,1,9.377,13.610
791,DATA_20260324_080000.BIN,22.7291,53.0222,26.7429,53.0222,4.3230,1,6.990,7.708
792,DATA_20260324_080000.BIN,28.6271,50.0385,24.2638,50.0385,8.1180,1,1.900,2.915
793,DATA_20260324_080000.BIN,24.2638,40.5045,30.8417,40.5045,2.5410,1,5.676,9.216
794,DATA_20260324_080000.BIN,30.8417,43.1951,29.0354,43.1951,7.5460,1,10.115,10.323
795,DATA_20260324_080000.BIN,25.4460,35.0539,24.3079,35.0539,7.8540,1,7.347,7.353
796,DATA_20260324_080000.BIN,23.5467,32.8396,24.3100,32.8396,8.3930,1,5.867,6.585
797,DATA_20260324_080000.BIN,26.4361,55.5169,17.1410,55.5169,3.6520,1,7.198,10.965
798,DATA_20260324_080000.BIN,17.1410,56.5017,37.0814,56.5017,7.2490,1,11.044,11.352
799,DATA_20260324_080000.BIN,37.0814,53.0110,21.1909,53.0110,2.7830,1,31.947,36.773
800,DATA_20260324_080000.BIN,21.1909,43.2697,30.3628,43.2697,7.2380,1,4.327,7.747
801,DATA_20260324_080000.BIN,30.3628,42.4494,23.3228,42.4494,8.0850,1,13.145,14.984
802,DATA_20260324_080000.BIN,23.3228,57.3929,15.5932,57.3929,8.8880,1,7.876,8.217
803,DATA_20260324_080000.BIN,31.2066,40.5896,23.0240,40.5896,6.3470,1,12.818,12.940
804,DATA_20260324_080000.BIN,23.0240,39.4039,20.3644,39.4039,3.1020,1,4.398,24.539
805,DATA_20260324_080000.BIN,20.3644,37.7866,18.1335,37.7866,1.5730,1,10.013,10.870
806,DATA_20260324_080000.BIN,30.4744,55.3973,21.9243,55.3973,4.1030,1,4.469,6.917
807,DATA_20260324_080000.BIN,21.9243,53.4608,32.2857,53.4608,4.5980,1,3.595,6.438
808,DATA_20260324_080000.BIN,32.2857,46.0202,34.1452,46.0202,6.1050,1,11.834,15.876
809,DATA_20260324_080000.BIN,24.0770,47.7074,25.0418,47.7074,6.0940,1,7.300,10.959
810,DATA_20260324_080000.BIN,25.0418,34.2388,24.2454,34.2388,4.4330,1,6.382,17.291
811,DATA_20260324_080000.BIN,27.4549,38.5125,26.2838,38.5125,2.7060,1,0.970,9.483
812,DATA_20260324_080000.BIN,26.2838,57.7143,21.0941,57.7143,8.3600,1,2.527,6.144
813,DATA_20260324_080000.BIN,21.0941,38.6839,20.4454,38.6839,6.8750,1,10.356,11.519
814,DATA_20260324_080000.BIN,20.4454,30.9418,21.0077,30.9418,3.5640,1,7.560,7.561
815,DATA_20260324_080000.BIN,21.0077,33.9092,23.4616,33.9092,2.8160,1,7.929,12.807
816,DATA_20260324_080000.BIN,23.4616,52.7703,21.2496,52.7703,4.1140,1,7.215,8.923
817,DATA_20260324_080000.BIN,21.2496,50.7204,20.7323,50.7204,6.7430,1,0.798,10.951
818,DATA_20260324_080000.BIN,20.7323,31.4239,13.1521,31.4239,9.3280,1,6.384,10.317
819,DATA_20260324_080000.BIN,11.1562,21.1774,13.8773,21.1774,7.8870,1,19.494,22.420
820,DATA_20260324_080000.BIN,11.1814,20.8226,13.1663,20.8226,9.4380,1,15.425,16.208
821,DATA_20260324_080000.BIN,13.1663,21.3487,10.2385,21.3487,9.4710,1,10.766,11.135
822,DATA_20260324_080000.BIN,10.2385,43.1215,22.4284,43.1215,6.3250,1,9.453,16.349
823,DATA_20260324_080000.BIN,22.4284,42.5433,23.3073,42.5433,5.5440,1,5.630,6.335
824,DATA_20260324_080000.BIN,25.1443,44.3011,21.1319,44.3011,8.0850,1,8.747,9.337
825,DATA_20260324_080000.BIN,21.1319,46.8389,16.1332,46.8389,6.5120,1,5.053,5.692
826,DATA_20260324_080000.BIN,11.2822,19.9320,11.9887,19.9320,8.5140,1,12.983,14.270
827,DATA_20260324_080000.BIN,18.6597,29.3367,14.8446,29.3367,4.8730,1,0.224,2.754
828,DATA_20260324_080000.BIN,14.8446,38.3913,22.7367,38.3913,3.9710,1,7.347,10.088
829,DATA_20260324_080000.BIN,22.7367,33.8446,13.9824,33.8446,6.1050,1,10.848,15.062
830,DATA_20260324_080000.BIN,13.9824,38.7094,14.4421,38.7094,3.0140,1,9.526,11.139
831,DATA_20260324_080000.BIN,14.4421,41.3702,20.5477,41.3702,5.5440,1,4.021,8.947
832,DATA_20260324_080000.BIN,20.5477,39.2285,19.1420,39.2285,6.2700,1,15.652,15.733
833,DATA_20260324_080000.BIN,21.4285,33.3967,21.2394,33.3967,9.1630,1,13.429,14.048
834,DATA_20260324_080000.BIN,27.8700,43.5876,20.3756,43.5876,4.6530,1,17.762,19.166
835,DATA_20260324_080000.BIN,46.5664,54.2819,25.4122,54.2819,4.2020,1,67.516,68.045
836,DATA_20260324_080000.BIN,25.4122,35.1211,25.0207,35.1211,2.1010,1,16.291,28.015
837,DATA_20260324_080000.BIN,25.0207,45.6342,23.8937,45.6342,2.9370,1,6.670,8.988
838,DATA_20260324_080000.BIN,23.8937,43.4392,22.3838,43.4392,2.5630,1,6.212,8.588
839,DATA_20260324_080000.BIN,22.3838,34.6915,24.0009,34.6915,2.4860,1,4.180,7.228
840,DATA_20260324_080000.BIN,24.0009,36.0306,23.0797,36.0306,2.1230,1,11.081,14.316
841,DATA_20260324_080000.BIN,23.0797,34.8037,21.2384,34.8037,2.1890,1,2.342,7.061
842,DATA_20260324_080000.BIN,21.2384,37.9237,19.9629,37.9237,2.4640,1,10.265,11.620
843,DATA_20260324_080000.BIN,19.9629,41.8273,23.7641,41.8273,9.1300,1,6.647,6.649
844,DATA_20260324_080000.BIN,23.7641,37.5330,24.7110,37.5330,2.7720,1,7.409,10.940
845,DATA_20260324_080000.BIN,24.7110,42.6244,26.0464,42.6244,2.6180,1,3.135,3.295
846,DATA_20260324_080000.BIN,26.0464,53.7307,31.3430,53.7307,4.0590,1,14.031,14.037
847,DATA_20260324_080000.BIN,22.1563,38.2802,25.0840,38.2802,2.6840,1,4.672,12.870
848,DATA_20260324_080000.BIN,25.0840,38.6086,25.7041,38.6086,2.9810,1,3.257,4.950
849,DATA_20260324_080000.BIN,25.7041,39.8049,21.3754,39.8049,2.4420,1,9.222,10.372
850,DATA_20260324_080000.BIN,21.3754,41.9459,21.1329,41.9459,6.8310,1,4.132,7.030
851,DATA_20260324_080000.BIN,21.1329,38.4271,20.0030,38.4271,3.3440,1,2.928,3.315
852,DATA_20260324_080000.BIN,20.0030,43.7335,21.5256,43.7335,3.4760,1,7.879,8.760
853,DATA_20260324_080000.BIN,21.5256,36.0300,22.2194,36.0300,3.3000,1,7.475,9.553
854,DATA_20260324_080000.BIN,22.2194,42.0321,22.7058,42.0321,4.7630,1,6.653,7.731
855,DATA_20260324_080000.BIN,22.7058,44.0569,22.6020,44.0569,3.4760,1,11.095,13.793
856,DATA_20260324_080000.BIN,22.6020,33.8343,18.7441,33.8343,4.4330,1,6.466,6.770
857,DATA_20260324_080000.BIN,18.7441,37.2990,22.0286,37.2990,2.8600,1,2.671,3.863
858,DATA_20260324_080000.BIN,22.0286,52.9865,27.8605,52.9865,7.0070,1,4.187,5.047
859,DATA_20260324_080000.BIN,27.8605,51.4658,31.5539,51.4658,3.9270,1,19.898,26.386
860,DATA_20260324_080000.BIN,31.5539,43.8471,13.2980,43.8471,2.5080,1,21.693,29.380
861,DATA_20260324_080000.BIN,13.2980,42.8408,27.4471,42.8408,6.6000,1,15.251,15.280
862,DATA_20260324_080000.BIN,25.1961,46.8724,25.5127,46.8724,4.3890,1,12.852,13.235
863,DATA_20260324_080000.BIN,25.5127,40.8433,26.9468,40.8433,3.0690,1,12.779,12.802
864,DATA_20260324_080000.BIN,26.9468,45.1495,24.2623,45.1495,3.4980,1,5.991,6.210
865,DATA_20260324_080000.BIN,24.2623,37.7683,25.8472,37.7683,2.2660,1,9.127,10.113
866,DATA_20260324_080000.BIN,25.8472,43.6434,26.3382,43.6434,4.4770,1,5.751,5.752
867,DATA_20260324_080000.BIN,26.3382,39.4409,27.2968,39.4409,2.6620,1,14.696,14.853
868,DATA_20260324_080000.BIN,27.2968,46.5962,24.9711,46.5962,3.7070,1,9.034,9.038
869,DATA_20260324_080000.BIN,24.9711,38.3534,25.4462,38.3534,3.3330,1,6.575,8.019
870,DATA_20260324_080000.BIN,25.4462,46.3065,23.4165,46.3065,6.3690,1,2.104,5.146
871,DATA_20260324_080000.BIN,23.4165,42.3823,26.0445,42.3823,3.9050,1,7.232,7.733
872,DATA_20260324_080000.BIN,26.0445,47.7069,25.6291,47.7069,5.6320,1,4.850,7.340
873,DATA_20260324_080000.BIN,25.6291,42.0652,27.3930,42.0652,3.0910,1,8.936,9.090
874,DATA_20260324_080000.BIN,27.3930,47.9896,22.3507,47.9896,5.4230,1,3.119,7.570
875,DATA_20260324_080000.BIN,22.3507,36.7448,24.3828,36.7448,2.9040,1,1.977,2.305
876,DATA_20260324_080000.BIN,24.3828,45.5625,22.8674,45.5625,3.5640,1,4.272,4.648
877,DATA_20260324_080000.BIN,22.8674,38.4122,27.3809,38.4122,3.8500,1,0.854,1.907
878,DATA_20260324_080000.BIN,27.3809,39.0309,23.1079,39.0309,2.8600,1,17.286,29.220
879,DATA_20260324_080000.BIN,23.1079,49.0229,23.1557,49.0229,5.5990,1,4.451,5.527
880,DATA_20260324_080000.BIN,23.1557,39.9224,20.1136,39.9224,5.5110,1,3.104,6.180
881,DATA_20260324_080000.BIN,20.1136,44.4187,23.6830,44.4187,4.1140,1,10.264,14.770
882,DATA_20260324_080000.BIN,12.2750,25.2143,14.6791,25.2143,6.7870,1,15.152,15.806
883,DATA_20260324_080000.BIN,17.5855,30.4238,17.8126,30.4238,2.6730,1,9.417,13.742
884,DATA_20260324_080000.BIN,17.9017,30.3356,22.0268,30.3356,5.4230,1,7.110,9.365
885,DATA_20260324_080000.BIN,22.0268,49.8949,40.7371,49.8949,9.6580,1,0.741,2.240
886,DATA_20260324_080000.BIN,40.7371,48.6285,18.2406,48.6285,7.5130,1,50.094,53.884
887,DATA_20260324_080000.BIN,12.4987,30.8102,17.4039,30.8102,6.1710,1,13.526,14.262
888,DATA_20260324_080000.BIN,10.3126,38.8385,17.5692,38.8385,8.1950,1,20.861,22.071
889,DATA_20260324_080000.BIN,17.5692,26.6555,12.5604,26.6555,6.4460,1,7.818,7.988
890,DATA_20260324_080000.BIN,12.5604,25.8334,11.6689,25.8334,3.7840,1,7.314,10.518
891,DATA_20260324_080000.BIN,18.0141,23.5631,15.0737,23.5631,6.0390,1,6.142,8.311
892,DATA_20260324_080000.BIN,15.0737,25.3497,14.3944,25.3497,2.6510,1,9.771,13.996
893,DATA_20260324_080000.BIN,14.3944,25.3777,13.3328,25.3777,1.7600,1,11.715,11.779
894,DATA_20260324_080000.BIN,13.7831,33.9319,15.7850,33.9319,1.8590,1,6.548,6.848
895,DATA_20260324_080000.BIN,13.4006,24.4268,13.8639,24.4268,2.5630,1,7.236,8.012
896,DATA_20260324_080000.BIN,13.8639,50.1233,18.4201,50.1233,9.1630,1,11.662,14.916
897,DATA_20260324_080000.BIN,18.4201,45.3602,10.4033,45.3602,8.8660,1,3.801,5.249
898,DATA_20260324_080000.BIN,16.8847,27.5922,14.3305,27.5922,7.7880,1,4.036,4.243
899,DATA_20260324_080000.BIN,14.3305,35.2035,10.1351,35.2035,4.2020,1,7.084,8.284
900,DATA_20260324_080000.BIN,10.1351,41.7163,8.0803,41.7163,8.0740,1,12.049,12.935
901,DATA_20260324_080000.BIN,8.0803,37.1763,14.0585,37.1763,6.0170,1,12.545,13.516
902,DATA_20260324_080000.BIN,14.0585,33.1500,9.9164,33.1500,3.3660,1,9.323,26.206
903,DATA_20260324_080000.BIN,6.2251,17.9374,10.3926,17.9374,5.5220,1,14.458,14.477
904,DATA_20260324_080000.BIN,8.4163,16.9581,7.8366,16.9581,9.7680,1,12.487,16.585
905,DATA_20260324_080000.BIN,7.8366,15.7318,2.7682,15.7318,3.7620,1,12.336,14.494
906,DATA_20260324_080000.BIN,20.6865,53.0210,13.4612,53.0210,2.2880,1,24.278,26.862
907,DATA_20260324_080000.BIN,13.4612,37.1470,8.8456,37.1470,4.2130,1,6.783,12.803
908,DATA_20260324_080000.BIN,7.5803,38.6116,7.6209,38.6116,3.3770,1,15.955,17.182
909,DATA_20260324_080000.BIN,7.6209,17.7045,9.1673,17.7045,5.9730,1,5.625,7.717
910,DATA_20260324_080000.BIN,9.1673,18.1535,7.0143,18.1535,2.0900,1,8.784,11.771
911,DATA_20260324_080000.BIN,5.3199,34.2092,8.1077,34.2092,3.6080,1,7.953,8.023
912,DATA_20260324_080000.BIN,9.8304,27.3794,7.8600,27.3794,4.5870,1,10.269,14.920
913,DATA_20260324_080000.BIN,7.8600,15.1531,6.4907,15.1531,6.1160,1,2.231,6.008
914,DATA_20260324_080000.BIN,5.8262,16.6626,7.7427,16.6626,2.9920,1,9.144,9.506
915,DATA_20260324_080000.BIN,13.5869,45.1982,22.7611,45.1982,3.3000,1,10.942,11.015
916,DATA_20260324_080000.BIN,7.0111,35.3365,3.8190,35.3365,8.1180,1,4.346,4.448
917,DATA_20260324_080000.BIN,3.8190,36.2714,8.6908,36.2714,3.3990,1,9.403,17.529
918,DATA_20260324_080000.BIN,19.9023,32.1834,6.5886,32.1834,2.6180,1,19.226,20.673
919,DATA_20260324_080000.BIN,6.5886,18.6515,3.8468,18.6515,1.8260,1,5.132,6.624
920,DATA_20260324_080000.BIN,3.8468,28.5775,16.0349,28.5775,2.2880,1,6.934,10.836
921,DATA_20260324_080000.BIN,16.0349,53.3349,9.7316,53.3349,3.7950,1,25.621,27.697
922,DATA_20260324_080000.BIN,9.7316,31.7994,6.2855,31.7994,3.4760,1,10.555,24.190
923,DATA_20260324_080000.BIN,6.2855,40.7329,14.7842,40.7329,5.4340,1,2.052,4.841
924,DATA_20260324_080000.BIN,6.0980,16.0529,8.7718,16.0529,3.5860,1,8.875,15.977
925,DATA_20260324_080000.BIN,8.7718,16.7675,6.4671,16.7675,2.1450,1,12.518,15.283
926,DATA_20260324_080000.BIN,6.5439,17.3224,2.4388,17.3224,1.7710,1,8.879,9.899
927,DATA_20260324_080000.BIN,2.4388,10.7548,2.3501,10.7548,5.8850,1,13.939,17.343
928,DATA_20260324_080000.BIN,2.3501,19.1985,4.5240,19.1985,5.9070,1,20.821,30.611
929,DATA_20260324_080000.BIN,4.4388,40.6677,1.4270,40.6677,8.9100,1,5.981,6.553
930,DATA_20260324_080000.BIN,1.4270,20.2948,5.3307,20.2948,5.7530,1,9.195,9.198
931,DATA_20260324_080000.BIN,5.3307,19.0626,3.4500,19.0626,6.3690,1,4.438,8.671
932,DATA_20260324_080000.BIN,3.4500,24.8379,5.7913,24.8379,2.7170,1,1.751,3.644
933,DATA_20260324_080000.BIN,5.7913,15.3514,6.3227,15.3514,7.0840,1,5.695,5.778
934,DATA_20260324_080000.BIN,6.0829,13.3458,2.0784,13.3458,4.4220,1,10.923,12.990
935,DATA_20260324_080000.BIN,6.6793,15.2278,2.7377,15.2278,5.4120,1,6.094,8.598
936,DATA_20260324_080000.BIN,2.7377,41.2447,5.8739,41.2447,5.5770,1,5.462,6.467
937,DATA_20260324_080000.BIN,5.8739,17.6029,4.2795,17.6029,4.7410,1,7.453,16.128
938,DATA_20260324_080000.BIN,6.2902,15.9645,8.0845,15.9645,2.4860,1,5.523,5.523
939,DATA_20260324_080000.BIN,8.0845,16.9016,2.2894,16.9016,2.3870,1,2.813,6.387
940,DATA_20260324_080000.BIN,2.2894,29.8978,22.2009,29.8978,4.0150,1,6.825,8.318
941,DATA_20260324_080000.BIN,21.6379,38.8761,4.2992,38.8761,5.5550,1,23.160,24.381
942,DATA_20260324_080000.BIN,7.5756,23.6583,7.6500,23.6583,1.8260,1,10.131,10.163
943,DATA_20260324_080000.BIN,7.6500,46.7933,4.2460,46.7933,5.4010,1,4.162,5.509
944,DATA_20260324_080000.BIN,4.2460,26.5457,1.0399,26.5457,7.3040,1,7.146,7.897
945,DATA_20260324_080000.BIN,4.4396,23.7160,5.5939,23.7160,4.8620,1,3.195,11.112
946,DATA_20260324_080000.BIN,5.5939,18.8112,2.7362,18.8112,2.4530,1,6.653,6.685
947,DATA_20260324_080000.BIN,5.7522,23.2725,1.9736,23.2725,8.1510,1,3.929,9.726
948,DATA_20260324_080000.BIN,4.2027,36.8876,0.9981,36.8876,6.3910,1,5.236,5.888
949,DATA_20260324_080000.BIN,0.3138,13.1669,1.4647,13.1669,6.0720,1,8.324,8.640
950,DATA_20260324_080000.BIN,1.4647,10.7523,1.7668,10.7523,2.4640,1,14.007,16.618
951,DATA_20260324_080000.BIN,1.7668,12.3268,5.2270,12.3268,9.6910,1,6.284,7.988
952,DATA_20260324_080000.BIN,3.6440,12.7804,4.0421,12.7804,3.6960,1,6.075,6.818
953,DATA_20260324_080000.BIN,4.0421,11.8851,0.6824,11.8851,5.1150,1,6.178,6.635
954,DATA_20260324_080000.BIN,1.5720,12.0120,0.0640,12.0120,5.7420,1,20.837,32.883
955,DATA_20260324_080000.BIN,0.0640,14.8535,0.8691,14.8535,9.7900,1,7.214,9.330
956,DATA_20260324_080000.BIN,1.6622,16.9878,1.8396,16.9878,5.2580,1,8.377,9.545
957,DATA_20260324_080000.BIN,1.3604,30.9292,2.2057,30.9292,7.5570,1,7.090,9.438
958,DATA_20260324_080000.BIN,3.7072,18.3805,0.2741,18.3805,1.2980,1,13.467,17.333
959,DATA_20260324_080000.BIN,0.2741,20.3284,2.7180,20.3284,4.3890,1,4.107,7.881
960,DATA_20260324_080000.BIN,2.7180,13.5694,2.0930,13.5694,4.5650,1,5.003,5.078
961,DATA_20260324_080000.BIN,2.0930,20.2570,11.6258,20.2570,4.2460,1,6.913,8.300
962,DATA_20260324_080000.BIN,11.6258,21.7848,12.9697,21.7848,4.0920,1,19.757,20.172
963,DATA_20260324_080000.BIN,1.9792,17.0981,6.9396,17.0981,6.8530,1,2.178,3.593
964,DATA_20260324_080000.BIN,6.9396,33.9655,0.7377,33.9655,4.5870,1,9.289,10.090
965,DATA_20260324_080000.BIN,0.7377,13.4675,6.0965,13.4675,3.0580,1,12.470,15.985
966,DATA_20260324_080000.BIN,0.9218,15.0636,3.4958,15.0636,2.6290,1,3.561,3.807
967,DATA_20260324_080000.BIN,3.4958,15.6496,5.9316,15.6496,1.4080,1,8.244,9.221
968,DATA_20260324_080000.BIN,5.9316,38.6406,4.6249,38.6406,6.3470,1,7.692,7.951
969,DATA_20260324_080000.BIN,4.6249,32.3670,3.1463,32.3670,2.7720,1,11.207,14.698
970,DATA_20260324_080000.BIN,3.5165,30.3396,4.5923,30.3396,3.2010,1,4.619,4.717
971,DATA_20260324_080000.BIN,4.5923,14.8563,3.3088,14.8563,3.4980,1,11.413,14.217
972,DATA_20260324_080000.BIN,3.3088,17.5465,3.5739,17.5465,3.0470,1,11.650,12.713
973,DATA_20260324_080000.BIN,3.5739,28.4962,8.3408,28.4962,2.7390,1,12.280,18.890
974,DATA_20260324_080000.BIN,8.3408,18.5492,2.9687,18.5492,1.6280,1,9.259,9.290
975,DATA_20260324_080000.BIN,2.7089,17.5517,4.7734,17.5517,3.0030,1,6.093,6.809
976,DATA_20260324_080000.BIN,4.7734,26.3837,9.9183,26.3837,3.6300,1,5.682,6.390
977,DATA_20260324_080000.BIN,9.9183,28.7919,13.0095,28.7919,1.8370,1,8.085,8.998
978,DATA_20260324_080000.BIN,13.0095,24.0723,2.9463,24.0723,2.8380,1,24.923,27.687
979,DATA_20260324_080000.BIN,2.9463,18.2420,1.4799,18.2420,3.9380,1,5.197,5.198
980,DATA_20260324_080000.BIN,9.2250,43.2236,0.3879,43.2236,7.0290,1,5.924,9.527
981,DATA_20260324_080000.BIN,0.3879,23.4663,14.7376,23.4663,3.5530,1,6.019,6.100
982,DATA_20260324_080000.BIN,14.7376,22.5882,3.7133,22.5882,2.6730,1,16.839,17.927
983,DATA_20260324_080000.BIN,3.7133,19.8826,1.9865,19.8826,8.8440,1,4.121,4.195
984,DATA_20260324_080000.BIN,1.9865,9.1636,1.5053,9.1636,5.9070,1,6.819,6.820
985,DATA_20260324_080000.BIN,1.5053,34.8081,2.7088,34.8081,4.9390,1,4.211,6.492
986,DATA_20260324_080000.BIN,2.7088,13.8195,2.3320,13.8195,1.3860,1,5.931,11.005
987,DATA_20260324_080000.BIN,2.3320,16.2222,5.8467,16.2222,1.6720,1,5.790,5.810
988,DATA_20260324_080000.BIN,2.0400,19.5700,1.0281,19.5700,5.2360,1,15.550,19.254
989,DATA_20260324_080000.BIN,1.0281,11.8264,3.4188,11.8264,5.3240,1,3.418,4.011
990,DATA_20260324_080000.BIN,3.4188,12.1832,0.6394,12.1832,4.8620,1,4.855,6.864
991,DATA_20260324_080000.BIN,3.6154,35.1937,4.8487,35.1937,1.8040,1,5.736,8.228
992,DATA_20260324_080000.BIN,2.3579,14.3754,1.6480,14.3754,9.0090,1,3.820,5.166
993,DATA_20260324_080000.BIN,1.6480,18.0513,0.8036,18.0513,5.8190,1,14.450,18.322
994,DATA_20260324_080000.BIN,5.1983,20.3205,1.4694,20.3205,2.5740,1,6.276,9.387
995,DATA_20260324_080000.BIN,0.6889,44.1407,1.7286,44.1407,4.0040,1,3.925,4.324
996,DATA_20260324_080000.BIN,1.7286,24.6860,0.8067,24.6860,3.0910,1,3.318,9.019
997,DATA_20260324_080000.BIN,0.8067,11.9699,0.7971,11.9699,4.1250,1,2.721,4.703
998,DATA_20260324_080000.BIN,0.7971,14.5923,0.7469,14.5923,3.7180,1,2.912,5.669
999,DATA_20260324_080000.BIN,0.7469,46.5738,1.6668,46.5738,4.7850,1,5.900,8.727
1000,DATA_20260324_080000.BIN,1.6668,13.9556,1.3635,13.9556,2.5850,1,2.845,3.485
1001,DATA_20260324_080000.BIN,0.5289,15.1194,2.8464,15.1194,4.2130,1,7.811,13.647
1002,DATA_20260324_080000.BIN,2.8464,20.1843,2.6568,20.1843,4.4110,1,10.446,12.570
1003,DATA_20260324_080000.BIN,2.6568,14.7561,2.3167,14.7561,1.6610,1,4.006,4.220
1004,DATA_20260324_080000.BIN,1.6253,28.2533,4.0714,28.2533,4.4330,1,3.498,6.106
1005,DATA_20260324_080000.BIN,2.5710,30.4814,0.5420,30.4814,4.7960,1,8.388,11.105
1006,DATA_20260324_080000.BIN,0.5420,11.3932,3.1150,11.3932,2.9370,1,10.502,17.831
1007,DATA_20260324_080000.BIN,3.1150,25.2002,3.5534,25.2002,5.5110,1,9.507,13.883
1008,DATA_20260324_080000.BIN,3.5534,21.3254,2.7106,21.3254,1.4850,1,11.946,24.283
1009,DATA_20260324_080000.BIN,2.7106,14.4165,2.1857,14.4165,1.6940,1,9.112,16.952
1010,DATA_20260324_080000.BIN,2.1857,43.3908,15.6925,43.3908,3.8940,1,11.862,17.375
1011,DATA_20260324_080000.BIN,15.6925,29.8226,1.7750,29.8226,5.9840,1,24.667,24.688
1012,DATA_20260324_080000.BIN,1.7750,32.7552,2.5059,32.7552,6.8200,1,9.307,14.318
1013,DATA_20260324_080000.BIN,2.5059,20.1389,4.4533,20.1389,3.2670,1,14.615,17.688
1014,DATA_20260324_080000.BIN,4.4533,26.0396,16.2995,26.0396,1.9800,1,5.569,5.640
1015,DATA_20260324_080000.BIN,16.2995,34.7277,0.3513,34.7277,5.5110,1,18.151,22.575
1016,DATA_20260324_080000.BIN,5.2095,18.8000,2.1841,18.8000,2.0570,1,2.892,10.769
1017,DATA_20260324_080000.BIN,2.1841,15.6515,0.2841,15.6515,2.4530,1,1.357,4.676
1018,DATA_20260324_080000.BIN,4.3424,14.6259,5.7567,14.6259,1.6940,1,7.860,12.023
1019,DATA_20260324_080000.BIN,5.7567,30.5383,12.3342,30.5383,3.0250,1,7.769,9.479
1020,DATA_20260324_080000.BIN,12.3342,22.2215,0.9944,22.2215,9.5480,1,15.065,15.592
1021,DATA_20260324_080000.BIN,0.9944,10.7022,0.6260,10.7022,3.2450,1,8.912,13.347
1022,DATA_20260324_080000.BIN,0.6260,12.6351,0.8403,12.6351,2.7170,1,3.351,3.519
1023,DATA_20260324_080000.BIN,0.8403,12.8896,3.8359,12.8896,2.7060,1,6.236,6.704
1024,DATA_20260324_080000.BIN,2.0009,14.7602,3.8914,14.7602,1.6060,1,5.655,7.543
1025,DATA_20260324_080000.BIN,3.8914,15.4054,0.8401,15.4054,5.0600,1,4.527,10.041
1026,DATA_20260324_080000.BIN,0.8401,16.6562,5.3579,16.6562,2.5410,1,8.664,11.786
1027,DATA_20260324_080000.BIN,0.9735,14.6362,3.5494,14.6362,7.1830,1,2.639,2.738
1028,DATA_20260324_080000.BIN,3.5494,16.8340,1.6142,16.8340,2.4970,1,4.140,8.823
1029,DATA_20260324_080000.BIN,1.6142,15.5853,4.4389,15.5853,2.1890,1,7.246,14.013
1030,DATA_20260324_080000.BIN,4.4389,19.4172,7.4301,19.4172,5.0490,1,2.543,6.003
1031,DATA_20260324_080000.BIN,7.4301,17.5561,4.3420,17.5561,7.1170,1,11.785,14.779
1032,DATA_20260324_080000.BIN,4.5570,14.7655,5.1414,14.7655,1.7600,1,5.689,5.731
1033,DATA_20260324_080000.BIN,0.7012,28.3772,5.1011,28.3772,5.9070,1,8.009,9.960
1034,DATA_20260324_080000.BIN,7.0980,15.5508,5.1172,15.5508,6.2480,1,18.178,19.891
1035,DATA_20260324_080000.BIN,7.4856,31.4833,4.8606,31.4833,6.0060,1,18.871,21.276
1036,DATA_20260324_080000.BIN,4.8606,15.4048,5.2172,15.4048,8.0740,1,3.569,3.884
1037,DATA_20260324_080000.BIN,5.2172,15.7740,1.2995,15.7740,3.7290,1,1.718,8.049
1038,DATA_20260324_080000.BIN,1.2995,24.7065,3.7462,24.7065,8.9100,1,3.101,3.339
1039,DATA_20260324_080000.BIN,3.7462,25.3575,4.1411,25.3575,5.6760,1,5.766,9.772
1040,DATA_20260324_080000.BIN,3.2322,13.7092,2.7283,13.7092,1.9360,1,0.703,0.786
1041,DATA_20260324_080000.BIN,1.3060,20.7599,6.9287,20.7599,2.9260,1,5.688,5.913
1042,DATA_20260324_080000.BIN,6.9287,17.6633,1.5535,17.6633,4.1690,1,6.383,10.981
1043,DATA_20260324_080000.BIN,1.5535,15.2160,4.5516,15.2160,3.5420,1,2.827,2.827
1044,DATA_20260324_080000.BIN,5.3912,22.2956,5.5120,22.2956,7.3040,1,4.672,5.376
1045,DATA_20260324_080000.BIN,5.5120,15.0001,6.3288,15.0001,1.6500,1,6.045,6.128
1046,DATA_20260324_080000.BIN,3.7694,16.0613,3.2035,16.0613,3.5860,1,2.216,2.862
1047,DATA_20260324_080000.BIN,4.1760,18.4768,9.0256,18.4768,2.3760,1,4.176,4.259
1048,DATA_20260324_080000.BIN,9.0256,20.1943,2.7541,20.1943,2.3870,1,17.613,18.108
1049,DATA_20260324_080000.BIN,2.7541,25.6402,1.9019,25.6402,4.5430,1,2.711,5.233
1050,DATA_20260324_080000.BIN,1.9019,13.4990,1.8977,13.4990,3.1240,1,10.768,12.454
1051,DATA_20260324_080000.BIN,1.8977,12.1304,1.5172,12.1304,1.2980,1,5.216,6.926
1052,DATA_20260324_080000.BIN,1.5172,13.6709,5.4632,13.6709,3.1240,1,6.183,7.600
1053,DATA_20260324_080000.BIN,1.6187,17.0625,4.2751,17.0625,1.7490,1,3.041,5.414
1054,DATA_20260324_080000.BIN,4.2751,14.3366,6.5067,14.3366,1.6610,1,4.110,4.645
1055,DATA_20260324_080000.BIN,5.6874,23.1505,3.4846,23.1505,5.1260,1,8.779,9.552
1056,DATA_20260324_080000.BIN,19.4779,29.0333,16.7165,29.0333,6.1490,1,29.318,29.705
1057,DATA_20260324_080000.BIN,16.7165,26.2585,4.7606,26.2585,5.6320,1,34.522,35.669
1058,DATA_20260324_080000.BIN,4.7606,26.2209,5.9621,26.2209,9.2180,1,11.357,14.813
1059,DATA_20260324_080000.BIN,4.1490,18.1495,5.2135,18.1495,9.1740,1,5.062,7.688
1060,DATA_20260324_080000.BIN,5.2135,19.5236,4.4179,19.5236,7.7770,1,6.043,8.259
1061,DATA_20260324_080000.BIN,3.8912,12.4710,3.8859,12.4710,9.0750,1,2.231,6.463
1062,DATA_20260324_080000.BIN,1.9485,19.8896,4.2845,19.8896,5.9840,1,7.196,7.851
1063,DATA_20260324_080000.BIN,4.2845,13.6528,3.0750,13.6528,1.4080,1,8.124,8.605
1064,DATA_20260324_080000.BIN,6.3089,18.1916,4.5683,18.1916,5.6760,1,8.944,21.278
1065,DATA_20260324_080000.BIN,5.3304,19.4711,3.8459,19.4711,8.4040,1,4.026,4.028
1066,DATA_20260324_080000.BIN,3.8459,17.9751,5.3198,17.9751,1.6720,1,8.924,11.283
1067,DATA_20260324_080000.BIN,5.3198,14.9248,3.9557,14.9248,6.5560,1,3.481,7.207
1068,DATA_20260324_080000.BIN,3.9557,18.6887,1.3852,18.6887,1.4080,1,7.272,7.396
1069,DATA_20260324_080000.BIN,1.3852,14.3720,4.1975,14.3720,1.3090,1,7.865,10.158
1070,DATA_20260324_080000.BIN,4.1975,15.3142,2.3647,15.3142,3.8390,1,2.300,2.534
1071,DATA_20260324_080000.BIN,8.5513,16.7035,7.7464,16.7035,3.2560,1,11.797,12.152
1072,DATA_20260324_080000.BIN,7.7464,20.1776,7.3724,20.1776,4.2900,1,7.098,7.164
1073,DATA_20260324_080000.BIN,9.0868,20.3300,5.7865,20.3300,2.1450,1,14.722,15.425
1074,DATA_20260324_080000.BIN,5.7865,20.2815,6.4995,20.2815,1.9800,1,3.056,4.000
1075,DATA_20260324_080000.BIN,10.4197,21.0885,10.2410,21.0885,3.8830,1,11.104,11.118
1076,DATA_20260324_080000.BIN,10.3276,18.7941,8.7506,18.7941,3.3990,1,9.431,9.453
1077,DATA_20260324_080000.BIN,10.2853,21.2036,11.5412,21.2036,3.8390,1,8.778,8.794
1078,DATA_20260324_080000.BIN,7.0798,19.4787,10.9660,19.4787,3.6300,1,21.689,25.268
1079,DATA_20260324_080000.BIN,4.7315,18.3939,6.1291,18.3939,4.4990,1,10.030,17.348
1080,DATA_20260324_090000.BIN,36.2159,56.8884,14.6953,56.8884,3.5200,1,13.022,16.945
1081,DATA_20260324_090000.BIN,21.6877,47.6595,21.7467,47.6595,5.1370,1,28.754,31.675
1082,DATA_20260324_090000.BIN,33.2050,55.7070,45.7151,55.7070,3.2780,1,24.765,27.758
1083,DATA_20260324_090000.BIN,50.0427,53.4973,18.9577,53.4973,3.1680,1,17.064,17.093
1084,DATA_20260324_090000.BIN,18.9577,36.2234,11.4758,36.2234,4.0370,1,31.400,31.476
1085,DATA_20260324_090000.BIN,29.8903,40.7725,29.0838,40.7725,9.8120,1,19.600,22.418
1086,DATA_20260324_090000.BIN,29.0838,80.7867,52.1961,80.7867,5.6320,1,7.997,10.388
1087,DATA_20260324_090000.BIN,52.1961,65.7836,57.1706,65.7836,1.8150,1,21.283,28.559
1088,DATA_20260324_090000.BIN,57.1706,67.1183,40.3359,67.1183,2.7720,1,24.653,34.766
1089,DATA_20260324_090000.BIN,40.3359,55.3605,41.6235,55.3605,1.6940,1,2.617,5.276
1090,DATA_20260324_090000.BIN,41.6235,53.9314,44.4858,53.9314,1.2100,1,5.325,10.469
1091,DATA_20260324_090000.BIN,44.4858,54.2659,46.0782,54.2659,1.3750,1,6.609,10.002
1092,DATA_20260324_090000.BIN,46.0782,60.8458,53.1472,60.8458,1.2430,1,7.766,9.312
1093,DATA_20260324_090000.BIN,53.1472,71.4511,48.6957,71.4511,2.1340,1,16.172,17.982
1094,DATA_20260324_090000.BIN,48.6957,69.7870,41.4320,69.7870,2.2110,1,8.731,11.454
1095,DATA_20260324_090000.BIN,41.4320,47.6619,22.6172,47.6619,3.4650,1,2.489,5.206
1096,DATA_20260324_090000.BIN,22.6172,46.1213,38.4923,46.1213,5.5990,1,33.350,35.798
1097,DATA_20260324_090000.BIN,38.4923,47.0696,35.1833,47.0696,1.1000,1,1.231,4.767
1098,DATA_20260324_090000.BIN,35.1833,52.6992,42.4398,52.6992,1.7490,1,4.989,4.994
1099,DATA_20260324_090000.BIN,42.4398,50.1506,21.7540,50.1506,1.8150,1,13.031,15.644
1100,DATA_20260324_090000.BIN,21.7540,61.7046,39.4797,61.7046,3.3990,1,21.158,22.906
1101,DATA_20260324_090000.BIN,39.4797,45.3596,37.6992,45.3596,1.0450,1,24.752,29.542
1102,DATA_20260324_090000.BIN,37.6992,68.3306,47.0132,68.3306,3.8720,1,13.505,15.942
1103,DATA_20260324_090000.BIN,47.0132,68.4329,46.9667,68.4329,1.6390,1,13.756,14.672
1104,DATA_20260324_090000.BIN,46.9667,55.0867,42.1772,55.0867,1.5290,1,12.344,14.614
1105,DATA_20260324_090000.BIN,47.6128,69.5289,47.6855,69.5289,2.0240,1,12.094,14.754
1106,DATA_20260324_090000.BIN,47.6855,63.0843,47.9940,63.0843,1.5510,1,9.496,9.816
1107,DATA_20260324_090000.BIN,47.9940,56.2714,39.2161,56.2714,2.6070,1,12.046,20.416
1108,DATA_20260324_090000.BIN,39.2161,49.2967,33.5981,49.2967,2.4310,1,3.690,3.736
1109,DATA_20260324_090000.BIN,33.5981,62.2082,48.5115,62.2082,2.9810,1,6.998,10.517
1110,DATA_20260324_090000.BIN,48.5115,62.3185,42.2297,62.3185,2.1120,1,12.397,14.915
1111,DATA_20260324_090000.BIN,42.2297,63.6410,59.0294,63.6410,1.8920,1,3.291,7.695
1112,DATA_20260324_090000.BIN,59.0294,63.1538,49.7266,63.1538,1.9030,1,23.467,24.389
1113,DATA_20260324_090000.BIN,49.7266,69.4252,36.2243,69.4252,3.5200,1,9.070,13.657
1114,DATA_20260324_090000.BIN,36.2243,45.2476,36.7975,45.2476,0.8580,1,10.673,18.028
1115,DATA_20260324_090000.BIN,36.7975,50.9263,37.9174,50.9263,1.4960,1,7.821,11.241
1116,DATA_20260324_090000.BIN,37.9174,51.8773,38.1954,51.8773,1.5290,1,4.962,9.855
1117,DATA_20260324_090000.BIN,38.1954,50.2239,42.9285,50.2239,1.4080,1,8.037,9.953
1118,DATA_20260324_090000.BIN,42.9285,53.9383,46.2112,53.9383,1.4850,1,3.503,8.916
1119,DATA_20260324_090000.BIN,46.2112,54.5896,38.1229,54.5896,2.7170,1,7.095,10.936
1120,DATA_20260324_090000.BIN,38.1229,51.9153,29.2944,51.9153,3.5640,1,3.273,8.398
1121,DATA_20260324_090000.BIN,29.2944,48.6766,41.7514,48.6766,2.2770,1,17.585,17.628
1122,DATA_20260324_090000.BIN,41.7514,47.4267,37.2963,47.4267,1.3090,1,4.470,6.844
1123,DATA_20260324_090000.BIN,37.2963,48.7537,35.6323,48.7537,1.1880,1,7.597,10.448
1124,DATA_20260324_090000.BIN,35.6323,48.5884,40.1934,48.5884,1.5180,1,5.345,5.888
1125,DATA_20260324_090000.BIN,40.1934,46.6591,33.1689,46.6591,1.9250,1,2.698,14.165
1126,DATA_20260324_090000.BIN,33.1689,40.0589,30.6235,40.0589,2.8710,1,10.063,13.684
1127,DATA_20260324_090000.BIN,30.6235,60.1843,41.0652,60.1843,2.5410,1,10.867,10.872
1128,DATA_20260324_090000.BIN,41.0652,55.2038,40.9524,55.2038,1.8370,1,2.344,7.968
1129,DATA_20260324_090000.BIN,40.9524,57.3948,37.4349,57.3948,2.8930,1,3.017,5.634
1130,DATA_20260324_090000.BIN,37.4349,48.6673,38.7909,48.6673,3.3220,1,4.177,9.517
1131,DATA_20260324_090000.BIN,38.7909,50.1517,43.5600,50.1517,2.0130,1,2.097,2.097
1132,DATA_20260324_090000.BIN,43.5600,50.6546,42.6440,50.6546,1.3200,1,4.642,9.484
1133,DATA_20260324_090000.BIN,42.6440,51.4619,41.7857,51.4619,1.2320,1,4.610,5.359
1134,DATA_20260324_090000.BIN,41.7857,52.5518,36.2336,52.5518,3.7620,1,4.631,11.870
1135,DATA_20260324_090000.BIN,36.2336,55.7925,33.6333,55.7925,4.5870,1,5.409,7.374
1136,DATA_20260324_090000.BIN,33.6333,56.1117,19.5788,56.1117,3.6190,1,11.355,14.929
1137,DATA_20260324_090000.BIN,19.5788,53.8346,42.0142,53.8346,4.0480,1,23.180,23.309
1138,DATA_20260324_090000.BIN,42.0142,78.3707,42.7910,78.3707,3.3550,1,6.245,9.297
1139,DATA_20260324_090000.BIN,42.7910,56.3056,33.3079,56.3056,1.4300,1,7.046,7.529
1140,DATA_20260324_090000.BIN,33.3079,45.4003,38.1845,45.4003,0.7590,1,11.669,12.661
1141,DATA_20260324_090000.BIN,38.1845,46.5812,33.0837,46.5812,1.3420,1,11.284,12.384
1142,DATA_20260324_090000.BIN,33.0837,45.2816,33.9252,45.2816,1.4300,1,6.478,10.811
1143,DATA_20260324_090000.BIN,33.9252,46.7810,28.7363,46.7810,2.5190,1,3.880,7.165
1144,DATA_20260324_090000.BIN,28.7363,43.6421,33.5468,43.6421,2.6070,1,9.441,10.114
1145,DATA_20260324_090000.BIN,29.1086,43.8103,33.0894,43.8103,2.4090,1,8.405,10.361
1146,DATA_20260324_090000.BIN,33.0894,40.3965,35.5726,40.3965,1.2980,1,4.055,7.857
1147,DATA_20260324_090000.BIN,35.5726,43.5024,34.5638,43.5024,2.6290,1,2.114,8.475
1148,DATA_20260324_090000.BIN,34.9036,43.6582,32.9107,43.6582,1.4080,1,2.627,7.859
1149,DATA_20260324_090000.BIN,32.9107,52.5071,45.7986,52.5071,2.3430,1,2.966,6.247
1150,DATA_20260324_090000.BIN,45.7986,50.0777,38.2895,50.0777,1.5510,1,11.580,15.406
1151,DATA_20260324_090000.BIN,38.2895,49.3182,43.0331,49.3182,2.1340,1,5.052,7.072
1152,DATA_20260324_090000.BIN,43.0331,63.1807,42.3961,63.1807,3.3880,1,9.077,10.453
1153,DATA_20260324_090000.BIN,42.3961,58.7426,41.4715,58.7426,2.3100,1,7.529,9.217
1154,DATA_20260324_090000.BIN,41.4715,58.4870,20.1069,58.4870,2.4860,1,11.912,12.357
1155,DATA_20260324_090000.BIN,20.1069,35.3471,29.7188,35.3471,1.6940,1,20.141,21.948
1156,DATA_20260324_090000.BIN,29.7188,34.7202,20.1581,34.7202,1.6060,1,15.792,26.878
1157,DATA_20260324_090000.BIN,20.1581,41.5869,28.2305,41.5869,2.9480,1,21.087,26.112
1158,DATA_20260324_090000.BIN,28.2305,48.4823,39.1291,48.4823,2.9480,1,7.049,7.052
1159,DATA_20260324_090000.BIN,39.1291,60.4710,42.7519,60.4710,2.7940,1,9.089,9.874
1160,DATA_20260324_090000.BIN,42.7519,64.8877,31.9692,64.8877,2.8930,1,12.113,13.580
1161,DATA_20260324_090000.BIN,31.9692,39.3290,34.8812,39.3290,2.3320,1,3.593,5.034
1162,DATA_20260324_090000.BIN,34.8812,43.0277,37.4384,43.0277,3.6190,1,10.266,12.371
1163,DATA_20260324_090000.BIN,37.4384,43.3800,34.0121,43.3800,1.8590,1,7.479,8.219
1164,DATA_20260324_090000.BIN,34.0121,49.6042,35.1940,49.6042,3.0360,1,7.698,8.221
1165,DATA_20260324_090000.BIN,35.1940,50.8106,38.3507,50.8106,4.1910,1,1.309,1.886
1166,DATA_20260324_090000.BIN,38.3507,49.4349,34.4162,49.4349,5.0160,1,8.758,10.496
1167,DATA_20260324_090000.BIN,34.4162,41.0208,30.5836,41.0208,1.4740,1,1.108,8.045
1168,DATA_20260324_090000.BIN,30.5836,54.6567,41.1830,54.6567,2.5630,1,5.600,9.620
1169,DATA_20260324_090000.BIN,41.1830,49.7775,39.3816,49.7775,2.5520,1,9.202,11.793
1170,DATA_20260324_090000.BIN,33.1263,49.5871,37.2425,49.5871,2.9810,1,3.964,5.416
1171,DATA_20260324_090000.BIN,32.5435,58.3841,35.2731,58.3841,3.8720,1,4.028,4.181
1172,DATA_20260324_090000.BIN,35.2731,45.7207,31.8245,45.7207,1.3310,1,4.134,4.220
1173,DATA_20260324_090000.BIN,31.8245,48.5523,37.6699,48.5523,6.1710,1,10.712,12.523
1174,DATA_20260324_090000.BIN,37.6699,46.8965,39.0869,46.8965,2.1450,1,4.926,5.207
1175,DATA_20260324_090000.BIN,37.6523,48.3739,35.3304,48.3739,1.9800,1,2.723,6.876
1176,DATA_20260324_090000.BIN,35.3304,44.3190,34.0604,44.3190,2.3980,1,2.428,4.388
1177,DATA_20260324_090000.BIN,38.0815,86.2073,21.3691,86.2073,3.1680,1,12.340,20.298
1178,DATA_20260324_090000.BIN,21.3691,34.7426,21.1254,34.7426,2.9150,1,12.602,28.178
1179,DATA_20260324_090000.BIN,33.9278,39.9075,32.3344,39.9075,2.0350,1,12.891,13.202
1180,DATA_20260324_090000.BIN,38.7432,56.2320,29.2887,56.2320,2.4530,1,9.674,12.720
1181,DATA_20260324_090000.BIN,42.4406,47.4472,38.7989,47.4472,2.6290,1,10.128,10.744
1182,DATA_20260324_090000.BIN,38.7989,43.2625,38.5852,43.2625,2.1890,1,4.509,5.060
1183,DATA_20260324_090000.BIN,6.7519,10.5504,7.1439,10.5504,1.8480,1,120.918,174.371
1184,DATA_20260324_090000.BIN,8.4318,12.2077,9.6911,12.2077,4.2790,1,114.235,148.768
1185,DATA_20260324_090000.BIN,9.6911,13.1053,8.8250,13.1053,3.1790,1,105.336,131.545
1186,DATA_20260324_090000.BIN,8.8250,15.6265,10.0502,15.6265,5.8850,1,98.647,122.268
1187,DATA_20260324_090000.BIN,10.0502,13.6929,8.0776,13.6929,3.0800,1,89.689,108.522
1188,DATA_20260324_090000.BIN,8.0776,14.0197,8.5974,14.0197,1.6170,1,82.526,99.026
1189,DATA_20260324_090000.BIN,8.5974,15.0979,9.8964,15.0979,4.9610,1,75.130,90.290
1190,DATA_20260324_090000.BIN,10.0339,14.8638,9.5848,14.8638,4.5650,1,68.212,80.831
1191,DATA_20260324_090000.BIN,9.5848,14.2102,8.3724,14.2102,2.8160,1,52.653,66.695
1192,DATA_20260324_090000.BIN,11.0754,14.8687,8.8131,14.8687,1.4080,1,55.131,62.860
1193,DATA_20260324_090000.BIN,7.3395,14.4524,8.8101,14.4524,2.9480,1,60.078,68.667
1194,DATA_20260324_090000.BIN,8.8101,11.9581,4.9041,11.9581,7.5460,1,52.817,60.292
1195,DATA_20260324_090000.BIN,5.8803,8.7305,4.9547,8.7305,5.9180,1,46.878,54.116
1196,DATA_20260324_090000.BIN,4.9547,7.9353,4.8737,7.9353,1.7710,1,46.664,54.977
1197,DATA_20260324_090000.BIN,4.9753,9.8998,4.7357,9.8998,4.6530,1,44.268,48.876
1198,DATA_20260324_090000.BIN,4.7357,8.7410,4.1878,8.7410,1.4410,1,38.968,44.666
1199,DATA_20260324_090000.BIN,5.2090,9.1887,4.8797,9.1887,2.4860,1,33.044,37.644
1200,DATA_20260324_090000.BIN,4.8797,9.8146,4.0354,9.8146,1.3420,1,31.838,35.394
1201,DATA_20260324_090000.BIN,4.0354,9.2891,4.0157,9.2891,2.7390,1,29.472,33.342
1202,DATA_20260324_090000.BIN,4.0157,13.5324,5.5493,13.5324,4.3120,1,27.706,29.708
1203,DATA_20260324_090000.BIN,5.5493,9.8814,5.5804,9.8814,3.0250,1,22.158,24.829
1204,DATA_20260324_090000.BIN,5.5804,10.1248,6.8506,10.1248,1.6500,1,14.971,18.289
1205,DATA_20260324_090000.BIN,5.5545,8.5147,4.9533,8.5147,2.4860,1,18.024,19.955
1206,DATA_20260324_090000.BIN,6.0704,9.3129,6.0675,9.3129,1.7930,1,14.113,15.996
1207,DATA_20260324_090000.BIN,6.0675,10.0270,5.7907,10.0270,2.0460,1,12.419,13.910
1208,DATA_20260324_090000.BIN,5.7907,8.3340,5.1783,8.3340,2.1890,1,10.300,11.585
1209,DATA_20260324_090000.BIN,5.1783,8.3264,3.4257,8.3264,2.3980,1,9.749,11.633
1210,DATA_20260324_090000.BIN,3.4257,9.4134,3.5294,9.4134,5.1480,1,10.739,13.996
1211,DATA_20260324_090000.BIN,3.5294,9.4154,4.8662,9.4154,3.0360,1,8.357,11.204
1212,DATA_20260324_090000.BIN,4.5967,10.2101,4.2015,10.2101,4.9390,1,12.171,13.191
1213,DATA_20260324_090000.BIN,4.2015,8.1389,4.1303,8.1389,2.7280,1,11.710,12.495
1214,DATA_20260324_090000.BIN,4.9826,8.1172,4.1158,8.1172,3.1570,1,7.781,7.964
1215,DATA_20260324_090000.BIN,4.0536,8.0254,4.2849,8.0254,7.2160,1,3.301,9.494
1216,DATA_20260324_090000.BIN,3.5133,12.5417,4.0318,12.5417,9.2070,1,13.909,14.182
1217,DATA_20260324_090000.BIN,4.6904,8.5894,4.9735,8.5894,2.7060,1,7.410,7.416
1218,DATA_20260324_090000.BIN,5.8779,9.8022,4.7265,9.8022,3.9600,1,4.155,5.481
1219,DATA_20260324_090000.BIN,4.7265,7.8678,3.5589,7.8678,6.6770,1,2.204,3.563
1220,DATA_20260324_090000.BIN,3.2313,8.7615,2.9422,8.7615,5.0270,1,12.216,12.272
1221,DATA_20260324_090000.BIN,2.9422,5.9261,2.8642,5.9261,5.0160,1,4.827,6.459
1222,DATA_20260324_090000.BIN,2.8642,7.9084,3.0772,7.9084,4.6200,1,5.453,6.898
1223,DATA_20260324_090000.BIN,6.2368,11.9889,7.1310,11.9889,8.9980,1,9.383,11.181
1224,DATA_20260324_090000.BIN,7.1310,12.3389,7.2802,12.3389,6.0500,1,13.394,14.358
1225,DATA_20260324_090000.BIN,7.2802,11.8437,7.3564,11.8437,8.8000,1,12.366,13.664
1226,DATA_20260324_090000.BIN,7.4981,14.3375,6.1198,14.3375,7.8650,1,17.789,18.196
1227,DATA_20260324_090000.BIN,6.1198,10.1985,7.0545,10.1985,6.0830,1,6.923,9.165
1228,DATA_20260324_090000.BIN,7.0545,10.0686,4.1877,10.0686,2.7060,1,12.426,12.487
1229,DATA_20260324_090000.BIN,4.7961,9.1914,4.9060,9.1914,5.4120,1,5.895,6.157
1230,DATA_20260324_090000.BIN,4.7805,8.5405,4.0716,8.5405,5.8960,1,4.409,4.416
1231,DATA_20260324_090000.BIN,3.4612,9.6259,4.4460,9.6259,8.8330,1,7.113,7.117
1232,DATA_20260324_090000.BIN,3.4521,7.7699,1.7355,7.7699,9.7350,1,7.466,7.623
1233,DATA_20260324_090000.BIN,1.7355,6.6924,2.4531,6.6924,6.6770,1,9.735,9.742
1234,DATA_20260324_090000.BIN,2.4531,9.6382,2.5460,9.6382,4.3450,1,10.774,11.065
1235,DATA_20260324_090000.BIN,2.5460,11.9298,3.1728,11.9298,9.8560,1,8.734,9.110
1236,DATA_20260324_090000.BIN,3.7837,8.8266,5.6222,8.8266,8.1180,1,4.022,4.231
1237,DATA_20260324_090000.BIN,5.6222,10.2614,3.0473,10.2614,5.7420,1,7.923,7.933
1238,DATA_20260324_090000.BIN,1.8975,7.3763,4.1067,7.3763,3.1900,1,10.863,10.867
1239,DATA_20260324_090000.BIN,4.0204,10.0801,3.2623,10.0801,5.0380,1,3.962,3.965
1240,DATA_20260324_090000.BIN,3.2623,7.8290,3.9876,7.8290,5.6540,1,2.627,2.638
1241,DATA_20260324_090000.BIN,3.4725,9.1581,5.2815,9.1581,4.5100,1,8.304,8.548
1242,DATA_20260324_090000.BIN,5.2815,11.5030,5.9318,11.5030,3.6080,1,6.894,7.082
1243,DATA_20260324_090000.BIN,6.2281,9.0426,5.3404,9.0426,4.4660,1,9.125,9.352
1244,DATA_20260324_090000.BIN,5.3783,9.0083,4.0258,9.0083,5.7750,1,8.083,8.115
1245,DATA_20260324_090000.BIN,4.0258,12.3670,7.8544,12.3670,4.0810,1,3.424,3.897
1246,DATA_20260324_090000.BIN,7.8544,10.5970,7.7250,10.5970,6.2150,1,1.480,6.923
1247,DATA_20260324_090000.BIN,7.7250,11.1838,5.6402,11.1838,2.8820,1,8.718,9.045
1248,DATA_20260324_090000.BIN,6.2235,10.6404,0.4313,10.6404,5.6870,1,6.518,6.558
1249,DATA_20260324_090000.BIN,0.4313,16.2464,4.5255,16.2464,6.9190,1,10.400,11.059
1250,DATA_20260324_090000.BIN,4.5255,11.1296,6.8443,11.1296,4.3670,1,11.799,12.586
1251,DATA_20260324_090000.BIN,6.8443,11.7485,6.3665,11.7485,7.9970,1,13.254,13.320
1252,DATA_20260324_100000.BIN,39.7567,45.3908,36.1916,45.3908,5.3020,1,2.637,4.682
1253,DATA_20260324_100000.BIN,35.7162,47.6024,42.8809,47.6024,5.2910,1,3.830,4.195
1254,DATA_20260324_100000.BIN,42.8809,46.9314,32.0157,46.9314,5.6980,1,7.594,8.313
1255,DATA_20260324_100000.BIN,32.0157,52.1665,43.1578,52.1665,8.5690,1,8.720,9.787
1256,DATA_20260324_100000.BIN,38.1749,50.5135,43.6583,50.5135,2.6070,1,6.025,7.802
1257,DATA_20260324_100000.BIN,36.0873,55.0839,36.5453,55.0839,7.9860,1,3.523,3.604
1258,DATA_20260324_100000.BIN,36.5453,69.1823,40.1790,69.1823,5.7970,1,10.138,11.838
1259,DATA_20260324_100000.BIN,40.1790,54.2037,34.4318,54.2037,4.1360,1,3.830,3.858
1260,DATA_20260324_100000.BIN,34.4318,44.9894,32.9245,44.9894,3.6300,1,4.818,4.824
1261,DATA_20260324_100000.BIN,32.9245,51.5572,34.4043,51.5572,6.9190,1,7.356,10.585
1262,DATA_20260324_100000.BIN,34.4043,47.7855,40.1004,47.7855,2.8710,1,5.875,5.993
1263,DATA_20260324_100000.BIN,40.1004,46.0784,38.9579,46.0784,1.7820,1,9.567,13.784
1264,DATA_20260324_100000.BIN,38.9579,53.3933,32.4995,53.3933,3.4870,1,3.185,4.269
1265,DATA_20260324_100000.BIN,32.4995,43.1443,36.3908,43.1443,2.7170,1,4.910,5.252
1266,DATA_20260324_100000.BIN,36.3908,54.3664,32.8797,54.3664,5.6210,1,5.668,5.877
1267,DATA_20260324_100000.BIN,32.8797,51.4356,32.7688,51.4356,6.6550,1,2.676,4.384
1268,DATA_20260324_100000.BIN,32.7688,45.1073,32.6372,45.1073,2.4200,1,3.704,4.380
1269,DATA_20260324_100000.BIN,32.6372,52.7263,36.0051,52.7263,4.1360,1,8.012,8.687
1270,DATA_20260324_100000.BIN,36.0051,48.1845,36.7064,48.1845,2.9370,1,1.856,4.116
1271,DATA_20260324_100000.BIN,36.7064,51.3320,34.5994,51.3320,6.3140,1,6.074,7.125
1272,DATA_20260324_100000.BIN,34.5994,46.6649,32.7209,46.6649,4.6200,1,1.992,2.719
1273,DATA_20260324_100000.BIN,32.7209,55.1803,33.7014,55.1803,5.9400,1,5.765,7.801
1274,DATA_20260324_100000.BIN,33.7014,45.5119,36.0664,45.5119,1.9360,1,1.959,4.262
1275,DATA_20260324_100000.BIN,36.0664,53.6001,31.9718,53.6001,4.0590,1,1.841,2.331
1276,DATA_20260324_100000.BIN,31.9718,54.8244,34.7544,54.8244,5.2910,1,10.010,10.237
1277,DATA_20260324_100000.BIN,34.7544,49.0152,36.0141,49.0152,3.5970,1,0.416,5.158
1278,DATA_20260324_100000.BIN,36.0141,52.6344,33.5260,52.6344,3.1020,1,6.278,6.751
1279,DATA_20260324_100000.BIN,33.5260,40.1630,32.1253,40.1630,1.7050,1,0.781,5.259
1280,DATA_20260324_100000.BIN,32.1253,39.0602,32.5705,39.0602,1.6280,1,10.141,10.483
1281,DATA_20260324_100000.BIN,32.5705,38.6258,29.6798,38.6258,1.3640,1,4.377,4.992
1282,DATA_20260324_100000.BIN,29.6798,47.5631,30.3149,47.5631,2.8930,1,6.831,8.126
1283,DATA_20260324_100000.BIN,33.4121,40.5221,32.9831,40.5221,4.9390,1,1.352,2.002
1284,DATA_20260324_100000.BIN,32.9831,40.0146,33.1342,40.0146,4.7410,1,3.448,3.933
1285,DATA_20260324_100000.BIN,31.4220,40.2700,33.5846,40.2700,8.7230,1,2.394,3.436
1286,DATA_20260324_100000.BIN,33.5846,39.8001,31.5663,39.8001,3.6630,1,3.799,4.797
1287,DATA_20260324_100000.BIN,31.0684,40.0309,31.4233,40.0309,3.8390,1,4.193,4.210
1288,DATA_20260324_100000.BIN,31.4233,37.9260,31.1040,37.9260,4.0370,1,1.498,3.264
1289,DATA_20260324_100000.BIN,34.4235,43.1610,31.3410,43.1610,4.5650,1,2.662,2.884
1290,DATA_20260324_100000.BIN,31.3410,43.6088,35.2855,43.6088,8.7120,1,2.296,2.869
1291,DATA_20260324_100000.BIN,35.2855,47.1264,34.6648,47.1264,3.4320,1,2.778,2.923
1292,DATA_20260324_100000.BIN,34.6648,59.3846,30.6906,59.3846,9.1960,1,4.068,4.102
1293,DATA_20260324_100000.BIN,30.6906,38.9371,30.0570,38.9371,3.3770,1,2.658,3.341
1294,DATA_20260324_100000.BIN,30.0570,39.1674,30.9346,39.1674,3.2450,1,3.528,3.613
1295,DATA_20260324_100000.BIN,30.0881,42.9478,37.5586,42.9478,7.7330,1,2.835,3.450
1296,DATA_20260324_100000.BIN,29.5283,58.7572,36.1979,58.7572,4.8070,1,3.468,3.769
1297,DATA_20260324_100000.BIN,36.1979,46.0843,37.5324,46.0843,1.8260,1,5.932,10.526
1298,DATA_20260324_100000.BIN,37.5324,49.1395,41.0171,49.1395,4.6970,1,6.760,6.762
1299,DATA_20260324_100000.BIN,41.0171,53.7236,30.4002,53.7236,9.0310,1,12.599,13.781
1300,DATA_20260324_100000.BIN,30.4002,35.6981,26.7398,35.6981,4.7850,1,3.661,3.886
1301,DATA_20260324_100000.BIN,28.1423,34.3788,28.3990,34.3788,8.2610,1,6.682,6.683
1302,DATA_20260324_100000.BIN,26.2589,33.3262,27.4353,33.3262,2.4860,1,7.935,8.739
1303,DATA_20260324_100000.BIN,27.4096,34.0011,25.5750,34.0011,2.9590,1,4.975,6.964
1304,DATA_20260324_100000.BIN,25.5750,31.7129,24.5085,31.7129,4.2460,1,6.718,7.862
1305,DATA_20260324_100000.BIN,26.2653,33.2797,27.3265,33.2797,2.7830,1,6.388,6.444
1306,DATA_20260324_100000.BIN,24.6477,34.7559,26.0714,34.7559,3.7070,1,8.666,8.915
1307,DATA_20260324_100000.BIN,26.0714,32.5771,26.3480,32.5771,5.9730,1,5.358,8.035
1308,DATA_20260324_100000.BIN,25.7350,48.6772,27.0534,48.6772,4.9720,1,5.899,9.343
1309,DATA_20260324_100000.BIN,27.0534,34.2446,25.7982,34.2446,2.6180,1,4.154,4.691
1310,DATA_20260324_100000.BIN,24.8319,29.8974,24.2695,29.8974,3.0140,1,3.914,7.600
1311,DATA_20260324_100000.BIN,23.2040,35.9631,24.5704,35.9631,7.2820,1,6.372,6.412
1312,DATA_20260324_100000.BIN,27.4736,34.7776,28.9841,34.7776,4.8070,1,3.198,7.619
1313,DATA_20260324_100000.BIN,25.3276,39.7495,29.5223,39.7495,2.3210,1,4.139,4.393
1314,DATA_20260324_100000.BIN,29.5223,36.1154,24.0973,36.1154,6.4020,1,2.702,5.780
1315,DATA_20260324_100000.BIN,24.0973,56.1163,29.0633,56.1163,7.4910,1,4.429,5.134
1316,DATA_20260324_100000.BIN,25.2196,36.4175,30.0588,36.4175,5.9510,1,4.747,5.977
1317,DATA_20260324_100000.BIN,28.8232,33.1999,27.1829,33.1999,3.1020,1,3.497,3.647
1318,DATA_20260324_100000.BIN,20.8095,52.8083,20.8492,52.8083,6.0390,1,11.325,11.361
1319,DATA_20260324_100000.BIN,20.8492,28.7034,23.5309,28.7034,2.0020,1,11.710,11.752
1320,DATA_20260324_100000.BIN,27.9643,35.1545,23.6488,35.1545,5.9290,1,4.660,7.484
1321,DATA_20260324_100000.BIN,28.4691,59.6274,24.7580,59.6274,8.4920,1,3.391,4.307
1322,DATA_20260324_100000.BIN,24.7580,32.3086,25.1562,32.3086,4.1800,1,4.009,4.223
1323,DATA_20260324_100000.BIN,25.1562,34.2527,24.7663,34.2527,3.9380,1,2.779,2.933
1324,DATA_20260324_100000.BIN,22.2347,32.0384,23.6258,32.0384,8.5250,1,10.277,10.355
1325,DATA_20260324_100000.BIN,20.3646,28.8404,21.3959,28.8404,4.4550,1,6.666,8.627
1326,DATA_20260324_100000.BIN,21.3959,32.3142,24.6436,32.3142,8.7230,1,6.008,6.724
1327,DATA_20260324_100000.BIN,23.5445,30.6498,23.3895,30.6498,4.7190,1,4.519,4.575
1328,DATA_20260324_100000.BIN,23.3895,30.9689,24.4340,30.9689,4.6310,1,1.244,2.608
1329,DATA_20260324_100000.BIN,23.3834,32.0403,22.2201,32.0403,2.9700,1,2.392,10.312
1330,DATA_20260324_100000.BIN,22.2201,35.6006,22.6594,35.6006,7.6120,1,2.342,5.583
1331,DATA_20260324_100000.BIN,22.1644,30.8972,23.2067,30.8972,3.2780,1,2.482,4.475
1332,DATA_20260324_100000.BIN,21.7036,30.9958,23.0145,30.9958,3.1790,1,1.629,5.186
1333,DATA_20260324_100000.BIN,23.0145,33.5039,27.6078,33.5039,5.6320,1,2.558,5.198
1334,DATA_20260324_100000.BIN,27.6078,33.4753,20.8640,33.4753,6.5230,1,5.872,7.526
1335,DATA_20260324_100000.BIN,20.0838,60.4536,27.7404,60.4536,4.9720,1,7.321,7.978
1336,DATA_20260324_100000.BIN,27.7404,48.5260,35.1023,48.5260,1.7270,1,7.456,8.833
1337,DATA_20260324_100000.BIN,35.1023,55.8395,20.8695,55.8395,6.8860,1,14.795,16.200
1338,DATA_20260324_100000.BIN,20.8695,28.6453,22.5339,28.6453,4.5210,1,12.650,14.985
1339,DATA_20260324_100000.BIN,22.5339,30.7732,22.3457,30.7732,2.5740,1,5.343,7.302
1340,DATA_20260324_100000.BIN,17.8444,48.8551,22.6111,48.8551,6.6220,1,7.462,8.830
1341,DATA_20260324_100000.BIN,22.6111,29.0679,22.4992,29.0679,3.1350,1,0.754,3.761
1342,DATA_20260324_100000.BIN,22.1062,28.8874,22.1263,28.8874,4.4440,1,4.378,4.773
1343,DATA_20260324_100000.BIN,18.9660,26.3371,20.7676,26.3371,4.4440,1,5.705,5.791
1344,DATA_20260324_100000.BIN,34.3545,55.7366,43.1269,55.7366,3.6850,1,17.720,19.629
1345,DATA_20260324_100000.BIN,43.1269,50.8028,27.8355,50.8028,2.1670,1,25.590,26.190
1346,DATA_20260324_100000.BIN,27.8355,50.9082,31.0877,50.9082,3.7620,1,5.286,5.436
1347,DATA_20260324_100000.BIN,31.0877,48.9559,23.0799,48.9559,5.1590,1,11.901,17.730
1348,DATA_20260324_100000.BIN,23.0799,32.9483,23.9581,32.9483,6.6220,1,5.334,6.307
1349,DATA_20260324_100000.BIN,23.9581,33.8132,21.1814,33.8132,3.0140,1,6.183,6.183
1350,DATA_20260324_100000.BIN,32.1385,41.5535,14.1997,41.5535,4.6970,1,13.012,13.431
1351,DATA_20260324_100000.BIN,21.0162,29.0367,21.5957,29.0367,2.0020,1,7.699,7.708
1352,DATA_20260324_100000.BIN,21.5957,48.0675,27.0880,48.0675,4.6970,1,6.160,6.598
1353,DATA_20260324_100000.BIN,27.0880,38.2615,22.0144,38.2615,1.3310,1,8.212,11.795
1354,DATA_20260324_100000.BIN,22.3437,34.3464,27.0683,34.3464,1.5180,1,7.918,8.567
1355,DATA_20260324_100000.BIN,27.0683,42.4486,28.6380,42.4486,8.2060,1,4.981,8.237
1356,DATA_20260324_100000.BIN,28.1763,42.3796,25.5035,42.3796,2.4200,1,6.457,7.084
1357,DATA_20260324_100000.BIN,18.3794,24.2698,17.0552,24.2698,4.0810,1,8.347,10.367
1358,DATA_20260324_100000.BIN,17.0552,51.4041,24.9737,51.4041,7.3040,1,9.745,9.746
1359,DATA_20260324_100000.BIN,24.9737,40.5462,25.0663,40.5462,3.0250,1,3.755,7.813
1360,DATA_20260324_100000.BIN,25.0663,46.1585,19.1510,46.1585,7.0840,1,6.607,11.008
1361,DATA_20260324_100000.BIN,19.1510,41.6333,20.4528,41.6333,5.4890,1,5.342,7.825
1362,DATA_20260324_100000.BIN,19.7996,45.1483,22.6708,45.1483,3.6960,1,4.442,4.612
1363,DATA_20260324_100000.BIN,21.5146,53.1909,31.9866,53.1909,5.5110,1,3.360,8.097
1364,DATA_20260324_100000.BIN,31.9866,54.9578,36.3246,54.9578,4.6530,1,16.753,21.245
1365,DATA_20260324_100000.BIN,36.3246,56.1235,32.8309,56.1235,3.1020,1,18.338,19.147
1366,DATA_20260324_100000.BIN,32.8309,43.5647,33.6940,43.5647,2.5300,1,13.103,14.399
1367,DATA_20260324_100000.BIN,33.6940,42.9640,32.1079,42.9640,9.9770,1,17.431,26.710
1368,DATA_20260324_100000.BIN,32.1079,46.0527,33.7835,46.0527,4.5870,1,12.474,19.460
1369,DATA_20260324_100000.BIN,33.7835,40.7591,31.5809,40.7591,3.5200,1,14.164,19.362
1370,DATA_20260324_100000.BIN,31.5809,59.4149,12.3116,59.4149,3.0250,1,8.229,12.393
1371,DATA_20260324_100000.BIN,12.3116,67.2878,19.9338,67.2878,4.2350,1,19.359,19.359
1372,DATA_20260324_100000.BIN,18.4710,56.2518,16.7737,56.2518,8.7670,1,12.164,12.314
1373,DATA_20260324_100000.BIN,16.7737,52.1452,15.3615,52.1452,5.3240,1,12.146,13.314
1374,DATA_20260324_100000.BIN,15.3615,41.3346,24.0554,41.3346,1.6610,1,11.358,11.501
1375,DATA_20260324_100000.BIN,24.0554,30.8155,17.3153,30.8155,2.8930,1,8.513,9.841
1376,DATA_20260324_100000.BIN,17.3153,27.0921,21.3632,27.0921,2.3870,1,4.758,13.877
1377,DATA_20260324_100000.BIN,21.3632,64.8198,24.0133,64.8198,2.8270,1,15.215,18.960
1378,DATA_20260324_100000.BIN,24.0133,36.3079,17.6664,36.3079,2.8600,1,6.512,7.583
1379,DATA_20260324_100000.BIN,17.6664,25.1192,18.9482,25.1192,3.9270,1,9.329,11.255
1380,DATA_20260324_100000.BIN,18.9482,27.0547,15.1595,27.0547,2.4860,1,9.463,10.938
1381,DATA_20260324_100000.BIN,15.1595,51.5469,16.6012,51.5469,5.5000,1,10.025,10.834
1382,DATA_20260324_100000.BIN,12.9167,19.6956,13.2548,19.6956,1.4630,1,21.292,21.821
1383,DATA_20260324_100000.BIN,14.4439,22.9692,16.1092,22.9692,3.6740,1,15.895,17.730
1384,DATA_20260324_100000.BIN,15.3942,21.2974,14.2585,21.2974,4.8840,1,10.264,14.612
1385,DATA_20260324_100000.BIN,14.5032,50.0668,19.4160,50.0668,3.3220,1,14.134,15.062
1386,DATA_20260324_100000.BIN,14.2083,20.9587,10.7551,20.9587,2.1230,1,3.429,4.341
1387,DATA_20260324_100000.BIN,10.7551,18.3481,10.5489,18.3481,2.9370,1,5.620,9.381
1388,DATA_20260324_100000.BIN,15.9207,29.1092,16.0457,29.1092,6.9300,1,6.280,6.528
1389,DATA_20260324_100000.BIN,16.0457,25.9105,19.5812,25.9105,3.8390,1,4.568,5.536
1390,DATA_20260324_100000.BIN,24.5232,39.2793,14.5704,39.2793,6.7870,1,11.424,12.818
1391,DATA_20260324_100000.BIN,14.5704,27.0859,18.7510,27.0859,3.6190,1,7.537,8.022
1392,DATA_20260324_100000.BIN,18.7510,29.2746,17.7825,29.2746,4.0260,1,9.075,9.086
1393,DATA_20260324_100000.BIN,17.7825,37.8920,25.2083,37.8920,1.7710,1,5.878,9.782
1394,DATA_20260324_100000.BIN,25.2083,36.6576,30.1909,36.6576,3.9820,1,8.934,14.654
1395,DATA_20260324_100000.BIN,30.1909,41.2635,13.9946,41.2635,1.5400,1,18.930,19.162
1396,DATA_20260324_100000.BIN,13.9946,20.8661,13.2192,20.8661,1.4410,1,6.363,6.527
1397,DATA_20260324_100000.BIN,8.0356,20.2983,11.3239,20.2983,4.9060,1,16.242,16.958
1398,DATA_20260324_100000.BIN,11.3239,34.8498,13.8744,34.8498,5.6870,1,11.863,12.284
1399,DATA_20260324_100000.BIN,13.8744,21.5900,13.1426,21.5900,2.2660,1,5.389,16.485
1400,DATA_20260324_100000.BIN,13.1426,23.6820,15.6004,23.6820,1.5400,1,7.786,7.832
1401,DATA_20260324_100000.BIN,4.8846,18.3808,5.8773,18.3808,3.6190,1,18.468,18.731
1402,DATA_20260324_100000.BIN,5.8773,17.1911,8.7147,17.1911,2.5850,1,10.945,11.595
1403,DATA_20260324_100000.BIN,8.7147,20.0722,6.1553,20.0722,3.1350,1,6.580,6.597
1404,DATA_20260324_100000.BIN,6.1553,18.0108,10.1920,18.0108,1.8260,1,6.259,15.137
1405,DATA_20260324_100000.BIN,10.1920,20.4926,12.8995,20.4926,4.9390,1,5.402,6.476
1406,DATA_20260324_100000.BIN,8.0396,28.8702,12.2257,28.8702,4.4440,1,3.218,6.017
1407,DATA_20260324_100000.BIN,12.2257,31.4006,19.3861,31.4006,3.1680,1,1.408,1.555
1408,DATA_20260324_100000.BIN,19.3861,43.6634,24.3336,43.6634,3.3330,1,15.345,15.673
1409,DATA_20260324_100000.BIN,24.3336,34.2486,23.8458,34.2486,1.1880,1,15.839,16.562
1410,DATA_20260324_100000.BIN,23.8458,42.7425,12.2018,42.7425,2.7610,1,22.588,28.290
1411,DATA_20260324_100000.BIN,12.2018,40.0151,8.3208,40.0151,3.3000,1,1.722,5.310
1412,DATA_20260324_100000.BIN,8.3208,23.7026,8.4346,23.7026,1.8700,1,4.559,7.732
1413,DATA_20260324_100000.BIN,8.4346,17.6598,9.7498,17.6598,1.4520,1,7.827,7.852
1414,DATA_20260324_100000.BIN,9.7498,18.5387,0.2389,18.5387,1.7490,1,9.134,10.260
1415,DATA_20260324_100000.BIN,0.2389,16.5492,8.5386,16.5492,2.6730,1,16.608,16.848
1416,DATA_20260324_100000.BIN,8.5386,24.6535,2.3545,24.6535,6.6990,1,9.520,9.776
1417,DATA_20260324_100000.BIN,2.3545,32.6608,12.6082,32.6608,3.5310,1,7.966,10.812
1418,DATA_20260324_100000.BIN,12.6082,20.1173,12.1266,20.1173,1.4190,1,3.792,4.905
1419,DATA_20260324_100000.BIN,12.1266,22.8824,13.7486,22.8824,3.4430,1,4.654,5.789
1420,DATA_20260324_100000.BIN,13.7486,23.4672,12.6420,23.4672,2.0900,1,1.391,5.796
1421,DATA_20260324_100000.BIN,12.6420,19.8676,10.9969,19.8676,2.6070,1,4.172,6.638
1422,DATA_20260324_100000.BIN,9.8303,18.6746,10.5034,18.6746,1.2210,1,4.875,5.366
1423,DATA_20260324_100000.BIN,10.5034,17.9247,8.0351,17.9247,1.1660,1,2.549,3.202
1424,DATA_20260324_100000.BIN,8.0351,20.1256,11.3717,20.1256,2.7500,1,4.996,5.687
1425,DATA_20260324_100000.BIN,12.8534,50.9573,8.6911,50.9573,3.7620,1,8.293,8.587
1426,DATA_20260324_100000.BIN,8.6911,43.2115,11.2871,43.2115,3.2120,1,4.039,4.072
1427,DATA_20260324_100000.BIN,11.2871,37.2411,19.2192,37.2411,3.3660,1,3.478,3.830
1428,DATA_20260324_100000.BIN,19.2192,50.1021,9.3476,50.1021,3.1020,1,7.706,10.422
1429,DATA_20260324_100000.BIN,9.3476,19.6064,9.8259,19.6064,2.3540,1,6.976,7.337
1430,DATA_20260324_100000.BIN,9.8259,18.0897,11.0246,18.0897,3.3990,1,0.103,1.790
1431,DATA_20260324_100000.BIN,8.4549,19.7258,11.3264,19.7258,1.4300,1,7.712,7.770
1432,DATA_20260324_100000.BIN,11.3264,21.9746,5.2574,21.9746,4.0040,1,2.642,4.458
1433,DATA_20260324_100000.BIN,5.2574,12.5507,5.2820,12.5507,2.2110,1,6.514,10.543
1434,DATA_20260324_100000.BIN,7.1822,17.4468,10.4291,17.4468,1.6060,1,4.886,7.340
1435,DATA_20260324_100000.BIN,10.4291,24.3813,11.0004,24.3813,1.5510,1,6.288,7.980
1436,DATA_20260324_100000.BIN,11.0004,42.7063,12.6683,42.7063,6.1930,1,7.015,9.245
1437,DATA_20260324_100000.BIN,12.6683,30.0006,17.3417,30.0006,4.4550,1,10.830,14.159
1438,DATA_20260324_100000.BIN,17.3417,27.2422,13.1839,27.2422,1.6830,1,13.700,13.750
1439,DATA_20260324_100000.BIN,13.1839,21.7188,15.3669,21.7188,3.7400,1,6.242,6.254
1440,DATA_20260324_100000.BIN,15.3669,54.8720,16.0670,54.8720,3.5090,1,8.203,8.213
1441,DATA_20260324_100000.BIN,16.0670,29.2189,13.5386,29.2189,1.6170,1,10.698,11.471
1442,DATA_20260324_100000.BIN,13.5386,20.2775,13.6850,20.2775,1.3200,1,8.389,8.434
1443,DATA_20260324_100000.BIN,8.9028,15.3706,1.7911,15.3706,1.3090,1,6.581,7.169
1444,DATA_20260324_100000.BIN,1.7911,30.4900,9.5572,30.4900,2.7610,1,12.136,16.174
1445,DATA_20260324_100000.BIN,9.5572,17.7676,11.2535,17.7676,1.2320,1,8.886,19.739
1446,DATA_20260324_100000.BIN,11.2535,22.4295,9.3221,22.4295,1.4190,1,3.871,4.381
1447,DATA_20260324_100000.BIN,15.5214,21.6661,12.1238,21.6661,6.0940,1,12.175,15.229
1448,DATA_20260324_100000.BIN,9.2942,52.2376,9.2674,52.2376,4.2240,1,6.705,10.728
1449,DATA_20260324_100000.BIN,9.2674,18.5072,11.6694,18.5072,3.3880,1,2.673,3.144
1450,DATA_20260324_100000.BIN,11.6694,19.2826,12.7245,19.2826,7.4360,1,2.228,3.869
1451,DATA_20260324_100000.BIN,12.7245,49.0247,16.7612,49.0247,5.4230,1,8.035,9.208
1452,DATA_20260324_100000.BIN,16.7612,24.4215,10.0974,24.4215,3.0800,1,9.598,9.673
1453,DATA_20260324_100000.BIN,10.0974,17.2170,11.8017,17.2170,2.8380,1,3.555,4.380
1454,DATA_20260324_100000.BIN,11.8017,52.6761,11.2534,52.6761,5.2800,1,1.088,3.216
1455,DATA_20260324_100000.BIN,11.5787,23.9452,12.4594,23.9452,2.2550,1,7.042,8.131
1456,DATA_20260324_100000.BIN,12.4594,54.0166,13.2209,54.0166,2.9700,1,9.235,10.126
1457,DATA_20260324_100000.BIN,13.2209,20.4046,4.1829,20.4046,8.1290,1,3.519,3.536
1458,DATA_20260324_100000.BIN,10.8805,59.5055,2.4273,59.5055,2.9700,1,2.796,3.800
1459,DATA_20260324_100000.BIN,2.4273,33.4298,5.8673,33.4298,5.1810,1,12.642,13.765
1460,DATA_20260324_100000.BIN,3.1027,54.0465,23.1597,54.0465,1.8700,1,8.315,9.106
1461,DATA_20260324_100000.BIN,23.1597,55.2499,18.1752,55.2499,4.8400,1,27.379,28.288
1462,DATA_20260324_100000.BIN,18.1752,23.1302,7.0745,23.1302,6.1600,1,6.091,9.805
1463,DATA_20260324_100000.BIN,7.0745,23.8326,6.1389,23.8326,3.3330,1,7.065,7.110
1464,DATA_20260324_100000.BIN,6.1389,17.5678,8.7987,17.5678,1.7160,1,2.397,10.187
1465,DATA_20260324_100000.BIN,8.7987,61.7670,11.3059,61.7670,2.7170,1,3.012,4.151
1466,DATA_20260324_100000.BIN,11.3059,47.5621,16.7277,47.5621,4.3560,1,7.825,8.487
1467,DATA_20260324_100000.BIN,17.6948,52.2147,16.2605,52.2147,4.8620,1,16.963,18.004
1468,DATA_20260324_100000.BIN,16.2605,50.7496,14.7353,50.7496,6.2150,1,7.075,7.400
1469,DATA_20260324_100000.BIN,14.7353,50.0577,16.1379,50.0577,8.1840,1,6.155,6.708
1470,DATA_20260324_100000.BIN,16.1379,55.2348,13.5534,55.2348,5.7750,1,8.847,8.997
1471,DATA_20260324_100000.BIN,13.5534,54.4669,14.3694,54.4669,4.6200,1,3.473,3.998
1472,DATA_20260324_100000.BIN,14.3694,55.3392,14.7294,55.3392,4.1690,1,5.027,5.087
1473,DATA_20260324_100000.BIN,10.1842,49.9807,12.7007,49.9807,6.3800,1,5.842,5.851
1474,DATA_20260324_100000.BIN,12.7007,53.1235,28.0633,53.1235,3.5200,1,7.723,9.975
1475,DATA_20260324_100000.BIN,28.0633,49.7954,13.4536,49.7954,2.6730,1,32.210,33.802
1476,DATA_20260324_100000.BIN,13.4536,51.0211,13.2100,51.0211,5.5000,1,4.263,5.563
1477,DATA_20260324_100000.BIN,13.2100,52.4074,14.7170,52.4074,9.1080,1,1.918,2.929
1478,DATA_20260324_100000.BIN,14.3003,20.3706,6.3369,20.3706,5.6210,1,3.808,4.163
1479,DATA_20260324_100000.BIN,6.3369,32.3529,14.2342,32.3529,2.3430,1,7.848,8.911
1480,DATA_20260324_100000.BIN,14.2342,19.5796,4.1223,19.5796,4.4330,1,17.024,18.083
1481,DATA_20260324_100000.BIN,4.1223,39.1783,7.4803,39.1783,2.8820,1,7.211,10.614
1482,DATA_20260324_100000.BIN,7.4803,23.1250,12.6225,23.1250,2.9590,1,8.620,13.347
1483,DATA_20260324_100000.BIN,12.6225,36.5476,2.1841,36.5476,4.6090,1,7.920,9.552
1484,DATA_20260324_100000.BIN,2.1841,28.6618,23.3646,28.6618,8.1290,1,5.357,12.908
1485,DATA_20260324_100000.BIN,23.3646,28.2751,6.1482,28.2751,3.2560,1,25.340,26.302
1486,DATA_20260324_100000.BIN,6.1482,24.0156,7.5018,24.0156,5.5990,1,2.799,12.086
1487,DATA_20260324_100000.BIN,7.5018,24.8809,6.1416,24.8809,3.2120,1,4.127,4.177
1488,DATA_20260324_100000.BIN,6.1416,23.7374,14.0974,23.7374,1.5510,1,7.703,7.882
1489,DATA_20260324_100000.BIN,14.0974,21.1316,6.3958,21.1316,3.6190,1,13.930,17.441
1490,DATA_20260324_100000.BIN,6.3958,42.7337,16.9618,42.7337,2.6070,1,2.643,4.100
1491,DATA_20260324_100000.BIN,15.9083,50.5427,10.9977,50.5427,3.2890,1,14.255,15.911
1492,DATA_20260324_100000.BIN,10.9977,19.3026,12.0379,19.3026,1.3860,1,8.899,9.796
1493,DATA_20260324_100000.BIN,12.0379,30.2672,17.0219,30.2672,3.7290,1,21.120,22.368
1494,DATA_20260324_100000.BIN,11.0371,58.5733,6.6716,58.5733,3.1570,1,8.902,11.290
1495,DATA_20260324_100000.BIN,6.6716,18.0052,5.7366,18.0052,1.8920,1,17.145,18.303
1496,DATA_20260324_100000.BIN,5.7366,15.9084,5.8198,15.9084,4.6750,1,1.184,4.225
1497,DATA_20260324_100000.BIN,5.8198,17.7126,7.0942,17.7126,1.7490,1,13.940,15.065
1498,DATA_20260324_100000.BIN,7.0942,45.4610,9.6345,45.4610,3.8940,1,3.912,6.885
1499,DATA_20260324_100000.BIN,7.4981,55.2568,4.4893,55.2568,6.6770,1,6.645,6.645
1500,DATA_20260324_100000.BIN,21.4649,28.0422,6.0095,28.0422,2.7500,1,31.622,35.804
1501,DATA_20260324_100000.BIN,6.0095,21.3774,11.7485,21.3774,4.5760,1,1.019,3.970
1502,DATA_20260324_100000.BIN,11.7485,18.4814,5.5257,18.4814,1.9580,1,8.054,8.348
1503,DATA_20260324_100000.BIN,5.5257,22.9433,4.4061,22.9433,0.8690,1,11.685,13.793
1504,DATA_20260324_100000.BIN,4.4061,28.6150,3.1782,28.6150,3.6850,1,9.240,15.938
1505,DATA_20260324_100000.BIN,3.1782,17.4016,4.9709,17.4016,1.6940,1,6.017,12.680
1506,DATA_20260324_100000.BIN,4.9709,16.6199,10.1751,16.6199,2.2660,1,9.512,10.030
1507,DATA_20260324_100000.BIN,9.9485,41.5695,13.0259,41.5695,5.4230,1,12.757,12.859
1508,DATA_20260324_100000.BIN,11.7329,18.6714,8.1016,18.6714,1.4080,1,13.976,14.691
1509,DATA_20260324_100000.BIN,8.1016,16.9180,8.6674,16.9180,1.2430,1,11.012,11.012
1510,DATA_20260324_100000.BIN,8.6674,21.3755,8.2965,21.3755,2.1120,1,8.056,9.648
1511,DATA_20260324_100000.BIN,8.2965,17.7256,8.7002,17.7256,1.2760,1,17.061,17.153
1512,DATA_20260324_100000.BIN,8.7002,20.3175,13.7753,20.3175,1.9030,1,3.967,3.967
1513,DATA_20260324_100000.BIN,13.7753,21.7874,15.0740,21.7874,1.3640,1,11.442,13.536
1514,DATA_20260324_100000.BIN,15.0740,27.6840,1.5090,27.6840,3.0580,1,6.829,10.429
1515,DATA_20260324_100000.BIN,1.5090,26.1308,6.9976,26.1308,3.9930,1,10.362,12.584
1516,DATA_20260324_100000.BIN,6.9976,16.9486,10.0015,16.9486,3.7730,1,7.370,11.435
1517,DATA_20260324_100000.BIN,10.0015,19.2930,8.0380,19.2930,3.7290,1,6.547,7.991
1518,DATA_20260324_100000.BIN,8.0380,14.7646,0.6477,14.7646,3.3660,1,7.097,7.483
1519,DATA_20260324_100000.BIN,0.6477,18.9176,9.6463,18.9176,6.8420,1,9.714,10.757
1520,DATA_20260324_100000.BIN,9.6463,18.0451,5.8823,18.0451,3.7290,1,8.933,10.743
1521,DATA_20260324_100000.BIN,5.8823,16.5572,9.9041,16.5572,1.7710,1,6.353,8.569
1522,DATA_20260324_100000.BIN,11.0878,42.5983,6.0671,42.5983,5.6980,1,9.034,10.100
1523,DATA_20260324_100000.BIN,6.0671,19.2545,11.8344,19.2545,2.3540,1,6.054,8.313
1524,DATA_20260324_100000.BIN,11.4169,17.5435,7.0480,17.5435,3.4760,1,5.202,7.921
1525,DATA_20260324_100000.BIN,7.0480,25.2205,7.4365,25.2205,4.7300,1,2.857,2.875
1526,DATA_20260324_100000.BIN,7.4365,57.8795,3.1719,57.8795,4.5100,1,4.017,4.555
1527,DATA_20260324_100000.BIN,3.1719,16.1760,7.0300,16.1760,1.7930,1,7.718,7.849
1528,DATA_20260324_100000.BIN,6.4616,15.2632,0.5630,15.2632,1.8370,1,1.860,2.028
1529,DATA_20260324_100000.BIN,3.0152,11.3559,3.2031,11.3559,2.9480,1,7.796,13.958
1530,DATA_20260324_100000.BIN,5.7996,15.2980,2.5010,15.2980,2.4200,1,1.387,8.914
1531,DATA_20260324_100000.BIN,15.3028,35.4660,26.1089,35.4660,2.0130,1,32.566,33.083
1532,DATA_20260324_100000.BIN,26.1089,30.8835,23.6815,30.8835,6.0830,1,21.087,30.972
1533,DATA_20260324_100000.BIN,23.6815,42.2770,30.8021,42.2770,2.4970,1,18.976,23.833
1534,DATA_20260324_100000.BIN,30.8021,42.5644,13.9129,42.5644,4.3340,1,47.650,47.687
1535,DATA_20260324_100000.BIN,13.9129,26.6403,4.6058,26.6403,2.2440,1,4.153,5.643
1536,DATA_20260324_100000.BIN,4.6058,17.8136,0.2458,17.8136,1.7710,1,9.045,11.508
1537,DATA_20260324_100000.BIN,0.2458,13.5104,5.9655,13.5104,1.2100,1,5.669,12.403
1538,DATA_20260324_100000.BIN,8.4698,18.8246,9.8727,18.8246,2.5850,1,7.898,7.899
1539,DATA_20260324_100000.BIN,9.8727,17.2608,7.6482,17.2608,2.4530,1,9.230,9.339
1540,DATA_20260324_100000.BIN,7.8465,16.3716,7.1284,16.3716,2.3100,1,3.704,4.352
1541,DATA_20260324_100000.BIN,11.1686,19.7851,8.9419,19.7851,1.4190,1,13.356,13.469
1542,DATA_20260324_100000.BIN,7.9327,20.6887,12.5469,20.6887,3.3330,1,3.174,3.982
1543,DATA_20260324_100000.BIN,12.5469,19.0777,8.0482,19.0777,1.8590,1,11.117,11.118
1544,DATA_20260324_100000.BIN,8.0482,14.4196,8.9691,14.4196,2.2770,1,1.585,1.823
1545,DATA_20260324_100000.BIN,8.9691,13.9810,7.9317,13.9810,2.5630,1,11.342,11.986
1546,DATA_20260324_100000.BIN,7.9317,20.0339,6.7522,20.0339,1.8920,1,10.333,11.157
1547,DATA_20260324_100000.BIN,6.7522,23.1258,11.7574,23.1258,2.0680,1,14.306,14.306
1548,DATA_20260324_100000.BIN,11.7574,18.0745,9.9960,18.0745,2.9150,1,8.546,8.602
1549,DATA_20260324_100000.BIN,9.9960,24.1686,5.8337,24.1686,3.9380,1,8.125,9.536
1550,DATA_20260324_100000.BIN,5.8337,16.8863,8.7702,16.8863,3.7950,1,2.146,8.328
1551,DATA_20260324_100000.BIN,8.7702,17.6002,8.6495,17.6002,2.2990,1,9.583,10.646
1552,DATA_20260324_100000.BIN,8.6495,14.8125,7.9080,14.8125,1.7600,1,7.413,10.161
1553,DATA_20260324_100000.BIN,10.5802,19.4103,8.8367,19.4103,3.8170,1,9.533,9.545
1554,DATA_20260324_100000.BIN,12.8772,18.7441,11.6938,18.7441,1.2870,1,15.622,16.209
1555,DATA_20260324_100000.BIN,9.5277,17.5232,10.1332,17.5232,4.3230,1,5.640,5.641
1556,DATA_20260324_100000.BIN,10.5548,18.6377,8.2854,18.6377,4.7520,1,9.851,10.870
1557,DATA_20260324_100000.BIN,8.2854,19.1772,8.8879,19.1772,2.7280,1,6.243,6.457
1558,DATA_20260324_100000.BIN,8.8879,29.8522,11.2967,29.8522,3.8500,1,8.041,11.688
1559,DATA_20260324_100000.BIN,11.2967,19.7196,10.1289,19.7196,6.5560,1,14.784,14.976
1560,DATA_20260324_100000.BIN,10.1289,18.2214,2.0200,18.2214,6.1160,1,3.487,3.487
1561,DATA_20260324_100000.BIN,2.0200,15.6197,8.9786,15.6197,5.3680,1,25.289,28.453
1562,DATA_20260324_100000.BIN,8.9786,21.9523,12.0969,21.9523,1.9470,1,2.497,2.664
1563,DATA_20260324_100000.BIN,12.0969,19.5592,7.5740,19.5592,3.3220,1,16.563,16.734
1564,DATA_20260324_100000.BIN,7.5740,18.0488,6.0471,18.0488,2.5960,1,10.270,12.667
1565,DATA_20260324_100000.BIN,6.0471,16.2081,9.7112,16.2081,3.1570,1,3.619,5.803
1566,DATA_20260324_100000.BIN,9.7112,31.7904,11.4435,31.7904,3.4210,1,5.836,5.885
1567,DATA_20260324_100000.BIN,11.4435,23.7900,15.1310,23.7900,1.4630,1,6.669,8.877
1568,DATA_20260324_100000.BIN,15.1310,27.3101,8.8165,27.3101,2.0240,1,9.398,12.811
1569,DATA_20260324_100000.BIN,8.8165,16.3861,6.9195,16.3861,3.2450,1,2.805,8.770
1570,DATA_20260324_100000.BIN,6.8567,22.9263,6.6824,22.9263,6.5010,1,9.434,17.395
1571,DATA_20260324_100000.BIN,6.6824,29.3184,6.1196,29.3184,9.2620,1,28.886,31.796
1572,DATA_20260324_100000.BIN,6.1196,18.8973,9.5743,18.8973,4.9940,1,17.255,20.866
1573,DATA_20260324_100000.BIN,10.9661,16.7337,9.6455,16.7337,2.0460,1,12.484,12.494
1574,DATA_20260324_100000.BIN,9.6455,16.4954,7.8149,16.4954,5.2690,1,7.556,7.721
1575,DATA_20260324_100000.BIN,7.8149,17.8045,11.2915,17.8045,1.8040,1,3.542,3.923
1576,DATA_20260324_100000.BIN,10.0997,17.3972,9.8751,17.3972,1.5620,1,8.128,9.087
1577,DATA_20260324_100000.BIN,10.1705,18.3909,9.8969,18.3909,6.3800,1,8.572,8.986
1578,DATA_20260324_100000.BIN,9.8969,16.3830,9.4694,16.3830,2.5080,1,10.366,10.370
1579,DATA_20260324_100000.BIN,9.4694,17.9348,9.0867,17.9348,3.6190,1,2.909,3.184
1580,DATA_20260324_100000.BIN,9.0867,21.6431,11.9286,21.6431,6.2810,1,5.917,7.318
1581,DATA_20260324_100000.BIN,9.2401,23.4930,11.4014,23.4930,2.6950,1,2.143,2.323
1582,DATA_20260324_100000.BIN,11.4014,17.7597,10.8330,17.7597,1.5510,1,8.633,9.082
1583,DATA_20260324_100000.BIN,10.8330,17.1382,4.6868,17.1382,6.9740,1,6.480,6.867
1584,DATA_20260324_100000.BIN,4.6868,15.2046,6.9172,15.2046,1.6170,1,14.432,16.962
1585,DATA_20260324_100000.BIN,6.9172,14.9124,7.6587,14.9124,3.4980,1,5.896,6.979
1586,DATA_20260324_100000.BIN,9.8107,24.1409,11.8714,24.1409,5.9730,1,6.978,8.907
1587,DATA_20260324_100000.BIN,11.8714,17.8657,11.8794,17.8657,1.8810,1,14.491,14.671
1588,DATA_20260324_100000.BIN,11.8794,16.1782,8.6251,16.1782,3.2560,1,13.395,13.408
1589,DATA_20260324_100000.BIN,8.6251,59.1748,14.9050,59.1748,3.6630,1,6.616,10.332
1590,DATA_20260324_100000.BIN,14.9050,58.1671,11.8745,58.1671,2.6840,1,21.450,31.053
1591,DATA_20260324_100000.BIN,11.8745,71.7032,26.0923,71.7032,5.9290,1,13.535,18.561
1592,DATA_20260324_100000.BIN,26.0923,41.7515,28.7971,41.7515,2.2770,1,38.926,51.292
1593,DATA_20260324_100000.BIN,28.7971,50.9186,7.9943,50.9186,1.7160,1,36.237,49.249
1594,DATA_20260324_100000.BIN,7.9943,75.6963,2.9242,75.6963,6.2920,1,10.295,12.127
1595,DATA_20260324_100000.BIN,2.9242,23.1344,11.2073,23.1344,4.1470,1,19.017,20.356
1596,DATA_20260324_100000.BIN,11.2073,16.7331,11.6678,16.7331,1.9030,1,22.826,26.539
1597,DATA_20260324_100000.BIN,11.6678,17.2773,10.1740,17.2773,4.5100,1,28.675,32.914
1598,DATA_20260324_100000.BIN,10.1740,21.4704,5.9376,21.4704,1.9910,1,11.538,14.613
1599,DATA_20260324_100000.BIN,5.9376,25.9782,8.2213,25.9782,2.8820,1,5.930,5.931
1600,DATA_20260324_100000.BIN,8.2213,17.4646,9.2825,17.4646,2.3870,1,2.822,2.855
1601,DATA_20260324_100000.BIN,6.4212,59.1409,8.3981,59.1409,1.8700,1,13.455,14.023
1602,DATA_20260324_100000.BIN,8.3981,24.5083,12.2306,24.5083,2.5190,1,9.050,10.174
1603,DATA_20260324_100000.BIN,9.1227,57.0229,6.9412,57.0229,1.9580,1,30.039,30.069
1604,DATA_20260324_100000.BIN,1.6677,17.1531,4.7422,17.1531,5.4560,1,21.599,22.805
1605,DATA_20260324_100000.BIN,4.7422,54.4086,7.5961,54.4086,1.9250,1,15.457,18.861
1606,DATA_20260324_100000.BIN,7.5961,30.4136,10.0998,30.4136,3.3440,1,10.238,10.501
1607,DATA_20260324_100000.BIN,10.0998,53.6089,5.3533,53.6089,2.9920,1,14.154,14.239
1608,DATA_20260324_100000.BIN,5.3533,13.7414,4.1448,13.7414,1.7160,1,2.649,3.474
1609,DATA_20260324_100000.BIN,4.1448,38.5055,2.5258,38.5055,5.6210,1,12.080,14.720
1610,DATA_20260324_100000.BIN,5.7257,32.0983,1.5665,32.0983,3.0580,1,5.156,5.525
1611,DATA_20260324_100000.BIN,7.5595,21.0409,10.3497,21.0409,3.1130,1,4.332,4.799
1612,DATA_20260324_100000.BIN,10.3497,32.7143,11.2589,32.7143,4.7630,1,14.464,15.828
1613,DATA_20260324_100000.BIN,11.2589,21.7495,10.1841,21.7495,2.5520,1,13.452,15.211
1614,DATA_20260324_100000.BIN,10.1841,15.8678,11.0163,15.8678,5.5770,1,10.180,10.581
1615,DATA_20260324_100000.BIN,11.0163,19.2298,13.3634,19.2298,5.4010,1,13.854,14.088
1616,DATA_20260324_100000.BIN,13.3634,19.6025,11.8589,19.6025,4.6420,1,14.717,17.122
1617,DATA_20260324_100000.BIN,11.8589,16.8919,9.5650,16.8919,1.6170,1,11.739,12.895
1618,DATA_20260324_100000.BIN,7.3046,16.3288,7.3781,16.3288,5.3350,1,5.165,7.336
1619,DATA_20260324_100000.BIN,7.3781,50.9702,7.3153,50.9702,6.1270,1,7.724,12.268
1620,DATA_20260324_100000.BIN,7.3153,23.6988,10.1740,23.6988,2.7940,1,14.648,14.992
1621,DATA_20260324_100000.BIN,10.1740,20.3252,9.7124,20.3252,5.2580,1,7.919,7.939
1622,DATA_20260324_100000.BIN,9.7124,56.0233,39.0569,56.0233,5.5770,1,0.995,8.055
1623,DATA_20260324_100000.BIN,39.0569,44.7708,9.2705,44.7708,2.8050,1,48.508,61.078
1624,DATA_20260324_100000.BIN,9.2705,18.7900,10.3271,18.7900,3.7730,1,8.490,9.075
1625,DATA_20260324_100000.BIN,10.3271,21.6179,7.7499,21.6179,4.8620,1,12.942,13.286
1626,DATA_20260324_100000.BIN,7.7499,40.7264,11.7869,40.7264,5.4230,1,6.990,8.166
1627,DATA_20260324_100000.BIN,11.7869,43.1553,4.6203,43.1553,3.1130,1,19.280,20.162
1628,DATA_20260324_100000.BIN,4.6203,43.0496,8.0073,43.0496,2.5080,1,17.499,17.506
1629,DATA_20260324_100000.BIN,5.8424,18.0186,7.9896,18.0186,6.3800,1,21.210,23.022
1630,DATA_20260324_100000.BIN,7.9896,54.4975,4.4437,54.4975,5.7090,1,30.427,30.699
1631,DATA_20260324_100000.BIN,4.4437,31.7694,7.3168,31.7694,2.6950,1,13.913,14.679
1632,DATA_20260324_100000.BIN,7.3168,14.7361,2.8500,14.7361,4.9280,1,4.685,4.844
1633,DATA_20260324_100000.BIN,2.8500,36.9722,3.5371,36.9722,3.8830,1,17.000,17.956
1634,DATA_20260324_100000.BIN,11.2665,32.6642,9.7508,32.6642,1.9910,1,17.991,18.638
1635,DATA_20260324_100000.BIN,9.7508,23.2443,4.2421,23.2443,2.0240,1,25.851,25.880
1636,DATA_20260324_100000.BIN,4.2421,36.8347,7.2732,36.8347,2.2000,1,5.748,7.905
1637,DATA_20260324_100000.BIN,7.2732,15.8950,5.4792,15.8950,2.0130,1,21.555,21.818
1638,DATA_20260324_100000.BIN,5.4792,22.6385,12.0800,22.6385,3.5970,1,6.563,7.086
1639,DATA_20260324_100000.BIN,12.0800,25.7656,5.5950,25.7656,2.5630,1,29.172,31.165
1640,DATA_20260324_100000.BIN,5.5950,18.8885,7.9085,18.8885,2.2440,1,6.956,7.061
1641,DATA_20260324_100000.BIN,7.9085,14.3209,9.5323,14.3209,3.4540,1,12.704,13.068
1642,DATA_20260324_100000.BIN,9.5323,23.2508,9.2728,23.2508,3.9820,1,19.198,19.924
1643,DATA_20260324_100000.BIN,3.6723,44.2486,15.2177,44.2486,3.1680,1,14.128,14.567
1644,DATA_20260324_100000.BIN,15.2177,25.7205,7.8067,25.7205,4.6310,1,31.533,34.397
1645,DATA_20260324_100000.BIN,7.8067,15.7517,3.9481,15.7517,1.0230,1,12.149,12.588
1646,DATA_20260324_100000.BIN,3.9481,30.8965,10.5015,30.8965,3.0140,1,1.416,2.909
1647,DATA_20260324_100000.BIN,12.4113,19.7604,10.2292,19.7604,6.5120,1,41.321,41.846
1648,DATA_20260324_100000.BIN,10.7317,18.4778,11.7036,18.4778,4.7520,1,20.411,20.565
1649,DATA_20260324_100000.BIN,11.7036,45.3731,17.0760,45.3731,8.3930,1,51.274,52.434
1650,DATA_20260324_100000.BIN,9.2459,20.4055,12.1015,20.4055,9.3500,1,49.943,50.096
1651,DATA_20260324_100000.BIN,12.1015,20.0550,12.3302,20.0550,3.5530,1,32.011,32.528
1652,DATA_20260324_100000.BIN,12.3302,64.2294,39.3795,64.2294,6.2700,1,27.004,27.469
1653,DATA_20260324_100000.BIN,39.3795,51.6285,9.7945,51.6285,2.3430,1,64.478,76.081
1654,DATA_20260324_100000.BIN,3.0466,17.2937,12.8847,17.2937,8.7230,1,18.812,19.304
1655,DATA_20260324_100000.BIN,12.8847,17.4321,12.8215,17.4321,7.3150,1,21.945,23.920
1656,DATA_20260324_100000.BIN,12.8215,22.6697,8.2108,22.6697,4.5650,1,21.235,22.573
1657,DATA_20260324_100000.BIN,8.2108,25.1308,16.0844,25.1308,4.0590,1,37.977,38.244
1658,DATA_20260324_100000.BIN,14.5843,25.7423,14.7565,25.7423,5.7200,1,33.516,36.517
1659,DATA_20260324_100000.BIN,14.7565,27.3692,17.0343,27.3692,4.3120,1,41.209,41.248
1660,DATA_20260324_100000.BIN,17.0343,21.5283,3.6554,21.5283,3.9270,1,25.675,28.934
1661,DATA_20260324_100000.BIN,3.6554,15.3430,7.7276,15.3430,5.1480,1,23.025,24.701
1662,DATA_20260324_100000.BIN,7.7276,32.3451,23.3705,32.3451,1.5180,1,9.013,13.411
1663,DATA_20260324_100000.BIN,23.3705,38.9289,6.1808,38.9289,1.4630,1,55.152,55.505
1664,DATA_20260324_100000.BIN,6.1808,37.5214,12.0304,37.5214,3.5200,1,14.846,15.863
1665,DATA_20260324_100000.BIN,10.6175,23.5406,4.6348,23.5406,2.8490,1,14.685,15.135
1666,DATA_20260324_100000.BIN,4.6348,38.1296,4.7247,38.1296,2.4200,1,5.606,6.853
1667,DATA_20260324_100000.BIN,4.7247,19.3283,8.2985,19.3283,3.5530,1,11.973,13.310
1668,DATA_20260324_100000.BIN,8.2985,14.2502,1.9583,14.2502,3.4760,1,6.725,7.010
1669,DATA_20260324_100000.BIN,1.9583,11.0056,4.0297,11.0056,3.8280,1,12.555,14.346
1670,DATA_20260324_100000.BIN,4.0297,16.2059,10.0093,16.2059,6.7980,1,17.843,17.964
1671,DATA_20260324_100000.BIN,11.9206,29.2463,10.3864,29.2463,4.1690,1,44.976,45.353
1672,DATA_20260324_100000.BIN,10.3864,40.7143,11.3387,40.7143,9.6580,1,11.624,12.869
1673,DATA_20260324_100000.BIN,11.3387,26.7120,11.9880,26.7120,3.5750,1,40.581,40.609
1674,DATA_20260324_100000.BIN,11.9880,24.4242,11.0175,24.4242,3.0690,1,36.715,36.820
1675,DATA_20260324_100000.BIN,12.3572,32.0422,8.0145,32.0422,7.0070,1,32.119,32.213
1676,DATA_20260324_100000.BIN,8.0145,21.9078,12.0416,21.9078,9.8560,1,18.890,22.578
1677,DATA_20260324_100000.BIN,12.0416,23.3895,11.2773,23.3895,3.9710,1,33.972,34.138
1678,DATA_20260324_100000.BIN,10.9785,16.6404,11.2148,16.6404,5.8960,1,1.300,1.823
1679,DATA_20260324_100000.BIN,11.2148,16.3328,8.1477,16.3328,1.8040,1,5.543,5.795
1680,DATA_20260324_100000.BIN,8.1477,21.0089,3.2545,21.0089,1.3200,1,13.855,13.862
1681,DATA_20260324_100000.BIN,11.2861,19.8777,11.9483,19.8777,5.2690,1,35.478,35.483
1682,DATA_20260324_100000.BIN,11.9483,19.8522,8.0753,19.8522,3.4870,1,5.121,7.805
1683,DATA_20260324_100000.BIN,9.9259,15.2296,9.7599,15.2296,6.1710,1,37.323,37.498
1684,DATA_20260324_100000.BIN,11.0117,18.8479,10.7843,18.8479,4.8840,1,28.561,29.391
1685,DATA_20260324_100000.BIN,11.0154,19.3711,12.4007,19.3711,6.8860,1,22.517,22.596
1686,DATA_20260324_100000.BIN,12.4007,18.0708,12.7255,18.0708,1.7820,1,11.401,12.913
1687,DATA_20260324_100000.BIN,10.9993,16.7585,10.7991,16.7585,4.0700,1,22.627,22.709
1688,DATA_20260324_100000.BIN,10.7991,18.9674,12.6468,18.9674,8.6130,1,21.201,22.390
1689,DATA_20260324_100000.BIN,12.6468,18.6795,9.4087,18.6795,5.3460,1,12.958,13.003
1690,DATA_20260324_100000.BIN,9.4087,18.8004,6.9087,18.8004,7.3260,1,23.577,23.608
1691,DATA_20260324_100000.BIN,6.9087,22.3667,9.4607,22.3667,5.5000,1,29.988,30.061
1692,DATA_20260324_100000.BIN,11.5511,19.4286,5.9515,19.4286,5.9840,1,13.333,14.642
1693,DATA_20260324_100000.BIN,9.5484,16.3117,10.3539,16.3117,4.0480,1,19.435,20.593
1694,DATA_20260324_100000.BIN,10.6422,24.4584,16.6532,24.4584,4.1360,1,10.957,12.364
1695,DATA_20260324_100000.BIN,16.6532,24.1024,12.1642,24.1024,1.4960,1,5.945,14.587
1696,DATA_20260324_100000.BIN,12.1642,18.0587,11.4536,18.0587,2.5520,1,5.042,6.152
1697,DATA_20260324_100000.BIN,13.4001,21.4781,10.6929,21.4781,4.7190,1,12.666,12.984
1698,DATA_20260324_100000.BIN,10.6929,19.1490,11.7870,19.1490,2.0790,1,14.975,15.920
1699,DATA_20260324_100000.BIN,11.7870,16.6291,10.3275,16.6291,3.7510,1,12.739,13.438
1700,DATA_20260324_100000.BIN,10.3275,17.0550,11.5196,17.0550,5.7750,1,9.775,9.798
1701,DATA_20260324_100000.BIN,11.7505,22.6246,14.4722,22.6246,3.0030,1,11.309,11.432
1702,DATA_20260324_100000.BIN,14.4722,21.4298,12.4823,21.4298,2.4860,1,9.972,11.442
1703,DATA_20260324_100000.BIN,12.4823,19.3429,10.6332,19.3429,3.9710,1,35.935,37.419
1704,DATA_20260324_100000.BIN,11.3912,25.7712,13.0032,25.7712,6.4240,1,13.947,14.115
1705,DATA_20260324_100000.BIN,12.1786,24.3348,15.8842,24.3348,1.5950,1,6.683,6.683
1706,DATA_20260324_100000.BIN,15.8842,69.0717,12.3141,69.0717,5.7750,1,23.664,25.784
1707,DATA_20260324_100000.BIN,13.5290,62.0833,10.5172,62.0833,8.6790,1,9.138,10.005
1708,DATA_20260324_100000.BIN,15.9037,56.5925,16.0410,56.5925,9.3610,1,2.681,7.226
1709,DATA_20260324_100000.BIN,13.2695,22.9314,15.2639,22.9314,1.4300,1,13.421,13.572
1710,DATA_20260324_100000.BIN,14.3445,19.9114,14.8657,19.9114,2.6510,1,5.472,6.537
1711,DATA_20260324_100000.BIN,14.8657,22.3067,15.5449,22.3067,1.3640,1,2.655,4.510
1712,DATA_20260324_100000.BIN,15.5449,29.5568,21.9975,29.5568,5.3020,1,7.811,8.553
1713,DATA_20260324_100000.BIN,21.9975,32.6870,16.6330,32.6870,6.5670,1,52.793,59.600
1714,DATA_20260324_100000.BIN,16.6330,27.9165,11.9491,27.9165,7.8650,1,9.935,10.761
1715,DATA_20260324_100000.BIN,11.9491,21.0736,9.5902,21.0736,9.3170,1,58.543,61.052
1716,DATA_20260324_100000.BIN,9.5902,20.3270,9.9457,20.3270,1.9140,1,29.946,30.625
1717,DATA_20260324_100000.BIN,9.9457,21.2719,10.2795,21.2719,2.4860,1,20.832,23.652
1718,DATA_20260324_100000.BIN,10.6413,20.3188,12.9424,20.3188,1.3310,1,15.888,18.184
1719,DATA_20260324_100000.BIN,11.4621,17.6414,12.5441,17.6414,5.1260,1,11.489,18.649
1720,DATA_20260324_100000.BIN,12.5441,21.7880,15.0002,21.7880,1.5180,1,13.859,13.863
1721,DATA_20260324_100000.BIN,15.0002,23.1752,12.7285,23.1752,1.5070,1,6.982,7.080
1722,DATA_20260324_100000.BIN,12.7285,30.9948,16.3853,30.9948,8.3600,1,37.031,38.096
1723,DATA_20260324_100000.BIN,16.3853,29.2265,13.0930,29.2265,4.3230,1,51.734,55.567
1724,DATA_20260324_100000.BIN,13.0930,26.6418,13.4360,26.6418,9.0310,1,41.599,43.853
1725,DATA_20260324_100000.BIN,13.4360,24.0624,18.7570,24.0624,2.3540,1,53.319,55.242
1726,DATA_20260324_100000.BIN,18.7570,24.2534,14.3993,24.2534,3.1680,1,19.573,19.832
1727,DATA_20260324_100000.BIN,20.3586,34.5580,12.8814,34.5580,5.1370,1,44.574,48.418
1728,DATA_20260324_100000.BIN,12.8814,31.0379,18.7868,31.0379,5.1260,1,48.666,49.992
1729,DATA_20260324_100000.BIN,18.7868,28.3720,11.6507,28.3720,6.5340,1,29.744,32.787
1730,DATA_20260324_100000.BIN,11.6507,26.0156,16.2000,26.0156,2.7610,1,38.810,39.743
1731,DATA_20260324_100000.BIN,16.2000,23.8321,15.5399,23.8321,5.5990,1,44.055,44.341
1732,DATA_20260324_100000.BIN,15.5399,22.9279,17.3539,22.9279,5.0270,1,39.969,40.278
1733,DATA_20260324_100000.BIN,17.3539,27.0837,4.3635,27.0837,3.2560,1,29.997,30.090
1734,DATA_20260324_100000.BIN,4.3635,18.4796,5.1154,18.4796,1.5070,1,44.182,44.442
1735,DATA_20260324_100000.BIN,5.1154,27.9514,4.6764,27.9514,5.7090,1,36.006,36.255
1736,DATA_20260324_100000.BIN,10.1208,22.8031,12.4873,22.8031,1.6060,1,44.057,44.724
1737,DATA_20260324_100000.BIN,12.4873,20.8178,14.8413,20.8178,4.1140,1,17.121,19.632
1738,DATA_20260324_100000.BIN,14.8413,21.4058,10.3595,21.4058,1.7820,1,33.107,33.275
1739,DATA_20260324_100000.BIN,10.3595,25.5186,10.7002,25.5186,5.4340,1,24.443,27.579
1740,DATA_20260324_100000.BIN,10.7002,24.1827,10.7073,24.1827,2.2330,1,36.682,37.592
1741,DATA_20260324_100000.BIN,10.7073,42.7670,11.9224,42.7670,4.7520,1,37.169,37.558
1742,DATA_20260324_100000.BIN,11.9224,20.1683,12.7587,20.1683,1.3420,1,24.046,25.151
1743,DATA_20260324_100000.BIN,12.7587,22.3801,11.5429,22.3801,4.0590,1,17.772,18.452
1744,DATA_20260324_100000.BIN,5.0183,23.4302,5.9057,23.4302,5.7090,1,40.185,41.311
1745,DATA_20260324_100000.BIN,5.9057,22.3848,5.9230,22.3848,3.8170,1,34.522,35.152
1746,DATA_20260324_100000.BIN,13.8157,19.6755,12.3547,19.6755,2.3210,1,9.021,9.074
1747,DATA_20260324_100000.BIN,12.3547,19.4259,10.5841,19.4259,3.2010,1,23.019,25.563
1748,DATA_20260324_100000.BIN,10.5841,19.0073,11.0618,19.0073,3.7070,1,22.610,23.218
1749,DATA_20260324_100000.BIN,17.1488,25.5624,14.9395,25.5624,1.3640,1,38.012,42.709
1750,DATA_20260324_100000.BIN,14.9395,20.8013,15.4931,20.8013,1.3090,1,26.369,28.008
1751,DATA_20260324_100000.BIN,12.0476,27.5636,18.0694,27.5636,1.6170,1,25.127,25.533
1752,DATA_20260324_100000.BIN,16.9431,29.7126,15.9809,29.7126,3.0140,1,25.670,29.124
1753,DATA_20260324_100000.BIN,15.9809,26.4205,3.7256,26.4205,3.1350,1,27.486,30.552
1754,DATA_20260324_100000.BIN,3.7256,23.4070,8.9963,23.4070,0.9460,1,58.210,58.367
1755,DATA_20260324_100000.BIN,8.9963,20.3665,13.4670,20.3665,1.3860,1,37.957,38.601
1756,DATA_20260324_100000.BIN,8.5591,24.0845,15.6711,24.0845,2.1450,1,23.642,27.356
1757,DATA_20260324_100000.BIN,15.6711,37.0072,20.6523,37.0072,3.8280,1,2.132,2.500
1758,DATA_20260324_100000.BIN,20.6523,67.9894,20.6321,67.9894,9.6580,1,27.882,32.318
1759,DATA_20260324_100000.BIN,20.6321,37.2727,25.0070,37.2727,1.9140,1,22.853,26.614
1760,DATA_20260324_100000.BIN,25.0070,44.6094,16.6502,44.6094,7.3920,1,63.884,68.455
1761,DATA_20260324_100000.BIN,16.6502,68.4601,19.8287,68.4601,8.8330,1,14.033,14.038
1762,DATA_20260324_100000.BIN,19.8287,66.7068,17.6665,66.7068,8.4370,1,19.220,20.301
1763,DATA_20260324_100000.BIN,15.7623,24.5211,16.6741,24.5211,1.5620,1,19.349,19.350
1764,DATA_20260324_100000.BIN,16.6741,25.4249,5.7225,25.4249,1.7600,1,9.301,9.530
1765,DATA_20260324_100000.BIN,5.7225,12.5309,5.4531,12.5309,3.5310,1,49.143,49.908
1766,DATA_20260324_100000.BIN,5.4531,29.6090,13.4920,29.6090,1.7160,1,44.629,45.317
1767,DATA_20260324_100000.BIN,13.4920,23.0924,15.3563,23.0924,1.0340,1,27.186,27.803
1768,DATA_20260324_100000.BIN,12.0730,37.6144,32.2491,37.6144,3.7950,1,43.273,44.251
1769,DATA_20260324_100000.BIN,24.2274,30.7085,20.7838,30.7085,2.7390,1,67.544,69.043
1770,DATA_20260324_100000.BIN,20.7838,29.5646,5.6658,29.5646,2.8160,1,44.795,46.994
1771,DATA_20260324_100000.BIN,5.6658,16.8076,0.6034,16.8076,3.3770,1,37.253,37.558
1772,DATA_20260324_100000.BIN,0.6034,45.8816,5.7578,45.8816,8.3380,1,23.010,23.321
1773,DATA_20260324_100000.BIN,5.7578,14.7962,5.3740,14.7962,5.3900,1,21.421,23.291
1774,DATA_20260324_100000.BIN,5.3740,25.4558,16.8793,25.4558,2.6950,1,11.369,11.914
1775,DATA_20260324_100000.BIN,16.8793,38.6392,4.6935,38.6392,5.8190,1,13.109,15.583
1776,DATA_20260324_100000.BIN,4.6935,20.3723,4.8342,20.3723,4.1910,1,21.668,21.844
1777,DATA_20260324_100000.BIN,4.8342,13.4091,5.4042,13.4091,1.7820,1,12.001,12.063
1778,DATA_20260324_100000.BIN,5.4042,16.1853,9.4560,16.1853,2.1230,1,13.255,13.422
1779,DATA_20260324_100000.BIN,9.4560,49.6342,21.7563,49.6342,6.6990,1,16.232,17.007
1780,DATA_20260324_100000.BIN,21.7563,57.1347,13.8264,57.1347,4.6640,1,67.854,68.839
1781,DATA_20260324_100000.BIN,13.8264,28.4497,17.1860,28.4497,2.2880,1,56.657,56.673
1782,DATA_20260324_100000.BIN,17.1860,25.6462,17.0789,25.6462,2.7500,1,57.497,57.862
1783,DATA_20260324_100000.BIN,17.6842,27.1396,7.5054,27.1396,7.4470,1,43.051,43.135
1784,DATA_20260324_100000.BIN,7.5054,25.7369,16.1331,25.7369,4.2460,1,37.002,38.702
1785,DATA_20260324_100000.BIN,16.1331,32.9777,16.5282,32.9777,3.9490,1,44.080,44.119
1786,DATA_20260324_100000.BIN,16.5282,23.9953,16.4174,23.9953,1.3310,1,36.611,36.611
1787,DATA_20260324_100000.BIN,17.5019,28.4369,16.1946,28.4369,2.1010,1,17.579,17.703
1788,DATA_20260324_100000.BIN,16.1946,24.8887,19.5132,24.8887,2.3980,1,28.917,28.918
1789,DATA_20260324_100000.BIN,19.2835,26.9558,17.2988,26.9558,7.3040,1,10.544,10.613
1790,DATA_20260324_100000.BIN,21.3452,28.0416,18.8803,28.0416,3.4100,1,3.563,6.030
1791,DATA_20260324_100000.BIN,18.8803,30.1672,18.9952,30.1672,4.1250,1,11.081,11.434
1792,DATA_20260324_100000.BIN,12.1387,28.5386,12.7170,28.5386,2.2880,1,37.175,37.265
1793,DATA_20260324_100000.BIN,12.7170,28.9798,21.4140,28.9798,3.0910,1,36.863,36.874
1794,DATA_20260324_100000.BIN,21.4140,27.7256,19.9426,27.7256,2.2440,1,4.731,6.178
1795,DATA_20260324_100000.BIN,19.9426,28.5239,13.7089,28.5239,4.9280,1,13.800,14.100
1796,DATA_20260324_100000.BIN,13.7089,24.4691,16.3912,24.4691,3.1130,1,18.396,21.467
1797,DATA_20260324_100000.BIN,16.3912,23.1559,16.6115,23.1559,1.3420,1,30.695,31.019
1798,DATA_20260324_100000.BIN,16.6115,23.1414,15.7709,23.1414,5.6650,1,26.873,27.179
1799,DATA_20260324_100000.BIN,15.7709,24.9162,17.2612,24.9162,5.7530,1,24.007,24.118
1800,DATA_20260324_100000.BIN,18.4721,28.9968,14.8371,28.9968,3.6190,1,17.265,17.752
1801,DATA_20260324_100000.BIN,19.5623,29.2047,20.1456,29.2047,1.9580,1,9.694,10.130
1802,DATA_20260324_100000.BIN,20.5883,31.9269,23.0598,31.9269,2.9810,1,26.371,26.660
1803,DATA_20260324_100000.BIN,23.0598,32.1757,19.1893,32.1757,2.6400,1,9.091,10.532
1804,DATA_20260324_100000.BIN,19.1893,44.0620,18.5940,44.0620,6.3690,1,11.851,11.851
1805,DATA_20260324_100000.BIN,15.2371,21.6322,13.6089,21.6322,4.1030,1,25.013,25.153
1806,DATA_20260324_100000.BIN,13.6089,21.9856,12.5036,21.9856,2.8270,1,28.360,28.562
1807,DATA_20260324_100000.BIN,12.5036,25.0536,18.0423,25.0536,1.9140,1,30.113,30.147
1808,DATA_20260324_100000.BIN,18.0423,27.8696,14.9541,27.8696,4.6530,1,16.864,17.828
1809,DATA_20260324_100000.BIN,14.9541,24.4061,12.3504,24.4061,2.4200,1,14.153,14.158
1810,DATA_20260324_100000.BIN,12.3504,25.9157,14.8790,25.9157,2.1670,1,27.244,27.246
1811,DATA_20260324_100000.BIN,17.9199,24.9283,16.3216,24.9283,1.1220,1,5.685,5.783
1812,DATA_20260324_100000.BIN,16.3216,24.2410,15.9812,24.2410,1.6170,1,4.677,4.778
1813,DATA_20260324_100000.BIN,15.9812,28.8099,21.4373,28.8099,2.3540,1,9.303,9.501
1814,DATA_20260324_100000.BIN,13.9276,28.3750,15.3830,28.3750,2.9700,1,4.458,9.450
1815,DATA_20260324_100000.BIN,15.3830,31.8006,19.2318,31.8006,3.0690,1,2.757,3.737
1816,DATA_20260324_100000.BIN,19.2318,30.1828,20.6734,30.1828,1.5400,1,3.198,3.543
1817,DATA_20260324_100000.BIN,20.6734,29.0954,18.9759,29.0954,5.5000,1,2.772,6.040
1818,DATA_20260324_100000.BIN,18.9759,29.6741,18.0950,29.6741,1.5840,1,6.288,8.114
1819,DATA_20260324_100000.BIN,20.1440,26.0498,15.5603,26.0498,4.7960,1,8.170,8.171
1820,DATA_20260324_100000.BIN,15.5603,52.5908,27.1694,52.5908,3.8940,1,20.913,24.591
1821,DATA_20260324_100000.BIN,27.1694,39.6012,21.8179,39.6012,2.7060,1,8.438,16.720
1822,DATA_20260324_100000.BIN,16.5209,27.3736,19.8630,27.3736,1.6610,1,12.318,12.831
1823,DATA_20260324_100000.BIN,19.8630,37.7736,22.2411,37.7736,1.7270,1,15.344,15.542
1824,DATA_20260324_100000.BIN,18.9271,30.4576,15.9971,30.4576,2.9370,1,1.871,1.961
1825,DATA_20260324_100000.BIN,15.9971,28.7317,21.1751,28.7317,3.1020,1,12.919,12.952
1826,DATA_20260324_100000.BIN,21.1751,36.4400,13.8986,36.4400,4.5980,1,4.377,7.695
1827,DATA_20260324_100000.BIN,13.8986,27.7146,18.4947,27.7146,1.2650,1,11.592,11.648
1828,DATA_20260324_100000.BIN,18.4947,24.1452,1.9143,24.1452,2.2220,1,9.797,10.455
1829,DATA_20260324_100000.BIN,1.9143,30.0090,15.6773,30.0090,3.5200,1,19.597,24.549
1830,DATA_20260324_100000.BIN,15.6773,33.1997,19.4002,33.1997,4.2680,1,12.382,15.056
1831,DATA_20260324_100000.BIN,19.4002,29.2623,16.9014,29.2623,3.1020,1,11.614,15.417
1832,DATA_20260324_100000.BIN,16.9014,33.9386,19.9594,33.9386,4.2460,1,7.199,8.391
1833,DATA_20260324_100000.BIN,19.9594,25.8591,14.6540,25.8591,2.0240,1,3.138,6.919
1834,DATA_20260324_100000.BIN,14.6540,22.7400,15.2233,22.7400,3.0910,1,16.025,20.794
1835,DATA_20260324_100000.BIN,15.2233,23.7785,15.9272,23.7785,2.6070,1,12.219,12.850
1836,DATA_20260324_100000.BIN,15.9272,29.2783,15.3632,29.2783,2.8380,1,10.724,11.892
1837,DATA_20260324_100000.BIN,15.3632,26.8320,14.9962,26.8320,2.6070,1,13.879,14.157
1838,DATA_20260324_100000.BIN,14.9962,28.3570,13.9927,28.3570,3.1570,1,13.799,14.188
1839,DATA_20260324_100000.BIN,13.9927,32.0042,17.0693,32.0042,2.5960,1,10.989,15.269
1840,DATA_20260324_100000.BIN,17.0693,25.3731,13.5309,25.3731,2.8600,1,23.888,25.495
1841,DATA_20260324_100000.BIN,13.5309,28.7281,13.9200,28.7281,4.0590,1,15.421,20.993
1842,DATA_20260324_100000.BIN,13.9200,35.6441,19.1272,35.6441,7.4910,1,7.045,7.251
1843,DATA_20260324_100000.BIN,19.1272,30.5402,17.4438,30.5402,1.4410,1,9.231,13.770
1844,DATA_20260324_100000.BIN,17.4438,24.7402,16.7551,24.7402,4.2350,1,5.082,6.895
1845,DATA_20260324_100000.BIN,17.3707,26.7373,16.4954,26.7373,5.1590,1,2.769,3.092
1846,DATA_20260324_100000.BIN,16.4954,28.9793,6.8193,28.9793,3.9050,1,3.185,4.022
1847,DATA_20260324_100000.BIN,6.8193,29.5402,14.7218,29.5402,1.5400,1,82.802,83.480
1848,DATA_20260324_110000.BIN,33.5596,54.0682,30.0022,54.0682,5.3900,1,12.532,13.430
1849,DATA_20260324_110000.BIN,30.0022,36.4453,30.5588,36.4453,1.5070,1,20.195,20.781
1850,DATA_20260324_110000.BIN,30.5588,37.0545,26.4041,37.0545,3.0580,1,13.918,16.012
1851,DATA_20260324_110000.BIN,29.1943,33.2219,23.9382,33.2219,2.0790,1,15.920,16.355
1852,DATA_20260324_110000.BIN,23.9382,39.2925,32.8452,39.2925,4.4770,1,17.905,23.706
1853,DATA_20260324_110000.BIN,32.8452,41.4547,31.7204,41.4547,1.6720,1,16.938,18.802
1854,DATA_20260324_110000.BIN,31.7204,51.5047,35.2860,51.5047,2.1120,1,17.847,20.074
1855,DATA_20260324_110000.BIN,35.2860,45.3875,32.9802,45.3875,1.5510,1,0.962,6.472
1856,DATA_20260324_110000.BIN,32.9802,40.7773,32.7370,40.7773,1.7710,1,9.546,10.970
1857,DATA_20260324_110000.BIN,32.7370,41.9081,35.6126,41.9081,1.8370,1,3.909,7.179
1858,DATA_20260324_110000.BIN,35.6126,44.3415,32.9085,44.3415,4.7850,1,11.750,11.795
1859,DATA_20260324_110000.BIN,32.9085,40.0750,32.6210,40.0750,2.0020,1,6.288,7.777
1860,DATA_20260324_110000.BIN,37.7204,47.8926,33.9625,47.8926,8.1840,1,11.286,11.323
1861,DATA_20260324_110000.BIN,38.9397,48.0010,36.8790,48.0010,3.2560,1,8.551,8.631
1862,DATA_20260324_110000.BIN,36.8790,45.7795,35.9953,45.7795,2.8710,1,2.080,3.056
1863,DATA_20260324_110000.BIN,35.9953,45.6449,37.7745,45.6449,2.0350,1,5.376,11.860
1864,DATA_20260324_110000.BIN,37.7745,43.0831,37.8214,43.0831,2.3870,1,2.718,3.277
1865,DATA_20260324_110000.BIN,37.8214,44.2045,32.1413,44.2045,4.3450,1,4.950,12.902
1866,DATA_20260324_110000.BIN,32.1413,40.2053,33.6153,40.2053,2.0790,1,3.328,15.003
1867,DATA_20260324_110000.BIN,33.6153,40.1497,33.0840,40.1497,2.4310,1,6.006,8.506
1868,DATA_20260324_110000.BIN,33.0840,39.9206,35.6210,39.9206,3.6520,1,4.106,9.151
1869,DATA_20260324_110000.BIN,35.6210,43.6691,26.0132,43.6691,9.6030,1,9.075,11.542
1870,DATA_20260324_110000.BIN,37.6391,48.3633,37.6868,48.3633,3.9050,1,10.095,10.186
1871,DATA_20260324_110000.BIN,34.7384,48.8125,38.8032,48.8125,1.4080,1,5.754,7.337
1872,DATA_20260324_110000.BIN,36.6881,46.4632,34.1162,46.4632,3.0360,1,5.175,5.733
1873,DATA_20260324_110000.BIN,34.1162,69.1078,26.1147,69.1078,3.6960,1,7.028,7.518
1874,DATA_20260324_110000.BIN,39.4565,74.0602,56.9448,74.0602,2.0900,1,5.016,6.080
1875,DATA_20260324_110000.BIN,56.9448,63.1499,43.4944,63.1499,2.9590,1,34.652,37.196
1876,DATA_20260324_110000.BIN,43.4944,65.0000,51.6367,65.0000,2.7610,1,6.970,8.352
1877,DATA_20260324_110000.BIN,51.6367,62.4890,35.3808,62.4890,1.8150,1,18.052,20.482
1878,DATA_20260324_110000.BIN,33.4257,62.6871,39.5174,62.6871,1.7600,1,6.433,14.924
1879,DATA_20260324_110000.BIN,39.5174,50.5993,37.1873,50.5993,1.6940,1,6.159,7.196
1880,DATA_20260324_110000.BIN,37.1873,46.1355,33.2778,46.1355,3.7400,1,5.236,7.809
1881,DATA_20260324_110000.BIN,33.2778,47.3139,40.3786,47.3139,3.7510,1,5.165,9.608
1882,DATA_20260324_110000.BIN,40.3786,53.0443,36.1788,53.0443,1.8260,1,7.994,11.640
1883,DATA_20260324_110000.BIN,36.1788,49.5395,30.8719,49.5395,1.5070,1,6.322,8.370
1884,DATA_20260324_110000.BIN,30.8719,43.5298,38.1605,43.5298,1.4630,1,6.844,19.221
1885,DATA_20260324_110000.BIN,39.9831,53.0015,41.6620,53.0015,6.6550,1,7.325,8.464
1886,DATA_20260324_110000.BIN,41.6620,51.1492,43.0242,51.1492,6.5780,1,15.048,17.349
1887,DATA_20260324_110000.BIN,43.0242,53.5429,40.0522,53.5429,4.0150,1,8.599,8.619
1888,DATA_20260324_110000.BIN,39.9167,49.1370,41.1902,49.1370,1.8590,1,5.567,7.785
1889,DATA_20260324_110000.BIN,41.1902,51.1722,40.6160,51.1722,1.6720,1,15.760,16.610
1890,DATA_20260324_110000.BIN,40.6160,55.0819,43.9198,55.0819,2.0020,1,9.152,9.369
1891,DATA_20260324_110000.BIN,43.9198,62.0362,43.8491,62.0362,4.4220,1,6.300,8.246
1892,DATA_20260324_110000.BIN,43.8491,57.7629,44.9933,57.7629,2.4310,1,12.779,13.281
1893,DATA_20260324_110000.BIN,44.9933,55.3421,38.1397,55.3421,3.5640,1,22.631,23.023
1894,DATA_20260324_110000.BIN,41.1450,45.6547,40.1431,45.6547,1.8590,1,4.463,7.489
1895,DATA_20260324_110000.BIN,39.4190,60.2344,46.1332,60.2344,6.4240,1,1.667,1.987
1896,DATA_20260324_110000.BIN,46.1332,54.1657,45.4810,54.1657,1.3310,1,9.445,10.142
1897,DATA_20260324_110000.BIN,45.4810,61.9350,45.0063,61.9350,1.5290,1,7.529,8.139
1898,DATA_20260324_110000.BIN,45.0063,53.7747,45.9615,53.7747,5.6430,1,9.012,9.151
1899,DATA_20260324_110000.BIN,45.9615,51.4042,44.4672,51.4042,2.5630,1,5.315,5.975
1900,DATA_20260324_110000.BIN,38.9667,60.5968,51.3840,60.5968,3.3880,1,1.866,7.210
1901,DATA_20260324_110000.BIN,41.3033,52.7915,43.9196,52.7915,1.2540,1,12.910,13.232
1902,DATA_20260324_110000.BIN,43.9196,51.6372,44.0376,51.6372,1.3860,1,11.060,12.265
1903,DATA_20260324_110000.BIN,44.0376,51.3635,40.8631,51.3635,1.4410,1,5.228,5.231
1904,DATA_20260324_110000.BIN,40.8631,48.3536,41.7234,48.3536,1.2980,1,1.049,1.627
1905,DATA_20260324_110000.BIN,41.7234,47.4914,41.3361,47.4914,3.1900,1,4.090,6.353
1906,DATA_20260324_110000.BIN,41.3361,49.0902,43.4625,49.0902,2.2550,1,10.891,10.966
1907,DATA_20260324_110000.BIN,43.4625,52.7103,45.1970,52.7103,4.8730,1,2.733,2.964
1908,DATA_20260324_110000.BIN,45.1970,56.1574,48.4978,56.1574,2.1450,1,13.545,16.394
1909,DATA_20260324_110000.BIN,48.4978,56.9388,36.1633,56.9388,2.3210,1,15.903,17.328
1910,DATA_20260324_110000.BIN,36.1633,50.3217,39.8152,50.3217,1.2650,1,7.686,9.100
1911,DATA_20260324_110000.BIN,39.8152,57.7621,40.8964,57.7621,2.9370,1,4.924,5.524
1912,DATA_20260324_110000.BIN,48.1507,53.9155,42.0659,53.9155,2.3100,1,14.903,15.464
1913,DATA_20260324_110000.BIN,42.0659,59.8510,40.4386,59.8510,5.6430,1,3.806,8.873
1914,DATA_20260324_110000.BIN,40.4386,55.0492,43.8346,55.0492,1.3640,1,14.298,15.206
1915,DATA_20260324_110000.BIN,43.8346,60.1305,41.8661,60.1305,4.3670,1,6.121,6.490
1916,DATA_20260324_110000.BIN,41.8661,50.2264,44.8766,50.2264,1.4630,1,5.575,6.841
1917,DATA_20260324_110000.BIN,44.8766,49.2452,44.8779,49.2452,3.1680,1,4.861,5.951
1918,DATA_20260324_110000.BIN,44.8779,50.8460,38.9826,50.8460,2.9810,1,12.044,12.351
1919,DATA_20260324_110000.BIN,39.2206,45.5889,38.7063,45.5889,8.0740,1,1.820,7.497
1920,DATA_20260324_110000.BIN,38.7063,57.2879,46.2231,57.2879,4.7410,1,6.319,10.068
1921,DATA_20260324_110000.BIN,46.2231,60.4605,34.3355,60.4605,3.8280,1,7.264,7.665
1922,DATA_20260324_110000.BIN,34.3355,52.7816,38.7575,52.7816,7.6450,1,11.998,14.496
1923,DATA_20260324_110000.BIN,38.7575,49.3962,36.2845,49.3962,3.0470,1,15.950,18.805
1924,DATA_20260324_110000.BIN,36.2845,52.1795,42.6201,52.1795,5.2360,1,18.586,26.214
1925,DATA_20260324_110000.BIN,42.6201,50.0054,39.7502,50.0054,1.8150,1,2.265,9.831
1926,DATA_20260324_110000.BIN,39.7502,56.5766,44.0356,56.5766,3.7290,1,1.587,3.323
1927,DATA_20260324_110000.BIN,44.0356,60.8405,48.6379,60.8405,1.4520,1,7.428,7.659
1928,DATA_20260324_110000.BIN,48.6379,71.6567,53.9533,71.6567,1.7270,1,14.256,14.291
1929,DATA_20260324_110000.BIN,53.9533,66.0206,38.7657,66.0206,3.2120,1,11.771,21.676
1930,DATA_20260324_110000.BIN,42.2081,54.2194,35.3330,54.2194,6.3690,1,14.018,16.536
1931,DATA_20260324_110000.BIN,40.7849,62.1345,53.3429,62.1345,3.2120,1,34.496,36.498
1932,DATA_20260324_110000.BIN,53.3429,63.7627,55.6145,63.7627,2.4090,1,16.790,16.985
1933,DATA_20260324_110000.BIN,50.5228,58.0533,37.7179,58.0533,3.0030,1,10.656,11.234
1934,DATA_20260324_110000.BIN,36.2167,66.0022,55.0028,66.0022,4.4770,1,22.285,36.879
1935,DATA_20260324_110000.BIN,36.1477,76.0782,63.0681,76.0782,2.3980,1,2.643,32.059
1936,DATA_20260324_110000.BIN,63.0681,76.3211,60.6245,76.3211,3.1900,1,25.250,25.533
1937,DATA_20260324_110000.BIN,60.6245,70.7358,60.8086,70.7358,1.7930,1,19.239,19.516
1938,DATA_20260324_110000.BIN,60.8086,75.2792,53.9727,75.2792,4.0590,1,21.230,21.432
1939,DATA_20260324_110000.BIN,53.9727,62.6188,55.1837,62.6188,1.0780,1,11.001,13.302
1940,DATA_20260324_110000.BIN,51.0890,64.4530,54.4054,64.4530,1.2100,1,8.942,18.550
1941,DATA_20260324_110000.BIN,54.4054,66.2210,46.5957,66.2210,1.2760,1,8.952,10.121
1942,DATA_20260324_110000.BIN,60.8874,71.8013,55.4661,71.8013,5.3240,1,18.327,18.334
1943,DATA_20260324_110000.BIN,55.4661,62.9818,47.8377,62.9818,4.1250,1,12.764,12.983
1944,DATA_20260324_110000.BIN,47.8377,61.9624,55.1193,61.9624,1.8260,1,16.287,18.340
1945,DATA_20260324_110000.BIN,55.1193,62.5692,50.9709,62.5692,1.8370,1,7.046,7.563
1946,DATA_20260324_110000.BIN,50.9709,64.1709,57.9273,64.1709,2.0570,1,8.640,10.803
1947,DATA_20260324_110000.BIN,53.1687,63.0181,49.4490,63.0181,2.2660,1,6.441,10.505
1948,DATA_20260324_110000.BIN,49.4490,64.5077,54.7317,64.5077,2.4750,1,0.827,6.165
1949,DATA_20260324_110000.BIN,54.7317,64.1943,55.5928,64.1943,2.6400,1,6.018,6.393
1950,DATA_20260324_110000.BIN,51.1659,67.7517,52.2461,67.7517,1.9030,1,6.144,9.492
1951,DATA_20260324_110000.BIN,52.2461,74.3791,46.8488,74.3791,2.2770,1,6.463,6.888
1952,DATA_20260324_110000.BIN,51.5722,61.7932,37.8006,61.7932,2.3540,1,3.955,4.254
1953,DATA_20260324_110000.BIN,6.2067,27.1030,2.9850,27.1030,2.3540,1,114.576,131.786
1954,DATA_20260324_110000.BIN,2.9850,14.4745,2.6802,14.4745,3.1130,1,81.343,128.529
1955,DATA_20260324_110000.BIN,2.6802,14.6819,4.8105,14.6819,5.8630,1,78.655,106.115
1956,DATA_20260324_110000.BIN,4.8010,13.9992,4.0592,13.9992,1.9030,1,77.874,93.708
1957,DATA_20260324_110000.BIN,4.0592,10.9876,3.9721,10.9876,2.8820,1,69.886,83.276
1958,DATA_20260324_110000.BIN,4.5933,13.3982,4.4007,13.3982,1.4960,1,67.910,79.602
1959,DATA_20260324_110000.BIN,4.4007,12.8067,4.9446,12.8067,1.9800,1,57.403,70.187
1960,DATA_20260324_110000.BIN,3.0476,11.2522,3.9859,11.2522,2.2880,1,52.385,66.375
1961,DATA_20260324_110000.BIN,3.9859,9.8787,3.4292,9.8787,3.1790,1,43.182,49.714
1962,DATA_20260324_110000.BIN,3.0235,10.0125,3.1284,10.0125,2.8270,1,38.654,45.615
1963,DATA_20260324_110000.BIN,5.3029,12.1382,3.8173,12.1382,2.3980,1,31.325,38.426
1964,DATA_20260324_110000.BIN,3.8173,15.3348,0.7722,15.3348,2.9700,1,35.185,41.235
1965,DATA_20260324_110000.BIN,0.7722,7.4445,3.0149,7.4445,1.9140,1,31.773,41.147
1966,DATA_20260324_110000.BIN,2.3456,21.2966,2.0293,21.2966,3.2450,1,31.854,38.847
1967,DATA_20260324_110000.BIN,2.0293,15.1868,2.2576,15.1868,2.1120,1,27.583,37.145
1968,DATA_20260324_110000.BIN,1.2961,27.8038,21.0365,27.8038,4.0040,1,27.393,34.430
1969,DATA_20260324_110000.BIN,2.5976,19.9412,4.4689,19.9412,3.5640,1,16.160,16.468
1970,DATA_20260324_110000.BIN,4.4689,11.6597,4.5893,11.6597,3.3220,1,19.838,21.400
1971,DATA_20260324_110000.BIN,8.8035,14.4153,8.9510,14.4153,1.6170,1,21.579,24.381
1972,DATA_20260324_110000.BIN,2.7949,24.5950,1.0376,24.5950,3.1350,1,9.789,10.526
1973,DATA_20260324_110000.BIN,3.2711,16.0330,3.9933,16.0330,1.7710,1,25.100,27.728
1974,DATA_20260324_110000.BIN,3.9933,17.2183,0.9304,17.2183,2.1010,1,20.268,21.722
1975,DATA_20260324_110000.BIN,0.9304,12.7394,2.8620,12.7394,1.3970,1,11.123,14.870
1976,DATA_20260324_110000.BIN,2.8620,13.0952,1.4341,13.0952,2.0240,1,12.197,13.352
1977,DATA_20260324_110000.BIN,1.4341,9.7635,2.0009,9.7635,1.4630,1,8.229,11.609
1978,DATA_20260324_110000.BIN,2.0009,8.9443,1.2540,8.9443,3.0910,1,1.754,5.556
1979,DATA_20260324_110000.BIN,0.2920,8.1793,2.1829,8.1793,4.9500,1,6.984,9.184
1980,DATA_20260324_110000.BIN,2.1829,12.4012,2.3461,12.4012,2.1450,1,8.736,11.409
1981,DATA_20260324_110000.BIN,2.3461,9.3535,1.7611,9.3535,1.6720,1,5.931,6.211
1982,DATA_20260324_110000.BIN,3.3585,11.4141,1.7416,11.4141,1.5950,1,7.732,7.732
1983,DATA_20260324_110000.BIN,1.7416,16.2901,11.1563,16.2901,2.2770,1,3.845,3.995
1984,DATA_20260324_110000.BIN,2.2851,9.8038,0.5892,9.8038,4.0370,1,6.836,7.029
1985,DATA_20260324_110000.BIN,0.9858,14.4172,0.7341,14.4172,3.3440,1,6.006,6.505
1986,DATA_20260324_110000.BIN,0.7341,10.2985,2.8159,10.2985,2.0680,1,6.515,7.168
1987,DATA_20260324_110000.BIN,1.3363,10.6274,3.1298,10.6274,3.6850,1,1.981,2.081
1988,DATA_20260324_110000.BIN,2.6615,9.7150,2.2674,9.7150,1.8040,1,4.771,4.774
1989,DATA_20260324_110000.BIN,2.2674,10.8180,3.6016,10.8180,1.9800,1,15.072,17.979
1990,DATA_20260324_110000.BIN,3.6016,14.1396,1.8881,14.1396,3.1350,1,10.198,11.023
1991,DATA_20260324_110000.BIN,1.8881,19.5636,0.3997,19.5636,4.0370,1,2.458,4.086
1992,DATA_20260324_110000.BIN,0.3997,7.8521,2.3248,7.8521,1.1660,1,1.663,1.815
1993,DATA_20260324_110000.BIN,2.3248,10.4063,3.9205,10.4063,6.6330,1,2.617,2.991
1994,DATA_20260324_110000.BIN,2.1798,10.7445,2.7251,10.7445,2.5190,1,5.033,5.333
1995,DATA_20260324_110000.BIN,3.2560,10.0777,3.6802,10.0777,1.7490,1,5.093,5.993
1996,DATA_20260324_110000.BIN,3.0365,14.2201,1.9570,14.2201,7.4690,1,6.873,7.117
1997,DATA_20260324_110000.BIN,3.9378,12.6296,5.5306,12.6296,2.6620,1,8.866,8.898
1998,DATA_20260324_110000.BIN,5.5306,11.8992,5.0431,11.8992,1.5620,1,13.075,13.372
1999,DATA_20260324_110000.BIN,5.0431,21.6491,1.2640,21.6491,3.4210,1,17.115,17.612
2000,DATA_20260324_110000.BIN,1.2640,9.9015,0.7896,9.9015,1.2870,1,7.851,8.940
2001,DATA_20260324_110000.BIN,0.7896,15.6416,5.0871,15.6416,4.2680,1,12.631,13.959
2002,DATA_20260324_110000.BIN,5.0871,19.5667,12.6374,19.5667,2.6620,1,5.296,6.477
2003,DATA_20260324_110000.BIN,6.6548,12.4614,5.6612,12.4614,3.3330,1,18.738,18.738
2004,DATA_20260324_110000.BIN,5.6612,13.4437,7.1207,13.4437,2.6620,1,11.104,11.126
2005,DATA_20260324_110000.BIN,7.1207,12.6680,8.0142,12.6680,2.5630,1,10.267,10.588
2006,DATA_20260324_110000.BIN,8.0142,11.6364,0.7243,11.6364,5.1590,1,3.658,9.385
2007,DATA_20260324_110000.BIN,0.7243,22.0425,2.7431,22.0425,5.2360,1,8.940,8.951
2008,DATA_20260324_110000.BIN,2.7431,9.7645,1.8321,9.7645,1.3750,1,21.136,23.011
2009,DATA_20260324_110000.BIN,1.8321,7.9529,1.3378,7.9529,1.8810,1,9.409,9.674
2010,DATA_20260324_110000.BIN,1.3378,8.9188,4.2647,8.9188,2.2770,1,3.492,5.453
2011,DATA_20260324_110000.BIN,3.8564,9.3315,0.1764,9.3315,3.2780,1,6.220,6.313
2012,DATA_20260324_110000.BIN,0.1764,9.3717,1.6916,9.3717,2.1560,1,11.935,12.273
2013,DATA_20260324_110000.BIN,1.6916,9.4643,3.9921,9.4643,3.5420,1,0.478,3.118
2014,DATA_20260324_110000.BIN,3.9921,14.0163,5.2540,14.0163,5.3020,1,4.137,7.766
2015,DATA_20260324_110000.BIN,5.2540,14.0918,2.4101,14.0918,2.4860,1,5.621,8.811
2016,DATA_20260324_110000.BIN,2.4101,26.1011,2.4916,26.1011,2.2660,1,7.527,7.788
2017,DATA_20260324_110000.BIN,2.4916,13.1606,3.5207,13.1606,2.2220,1,9.866,10.402
2018,DATA_20260324_110000.BIN,3.1337,31.3964,20.3773,31.3964,4.9830,1,10.558,10.992
2019,DATA_20260324_110000.BIN,20.3773,30.6672,2.7756,30.6672,2.4200,1,25.580,32.386
2020,DATA_20260324_110000.BIN,2.7756,15.4969,3.6762,15.4969,6.0500,1,3.851,4.173
2021,DATA_20260324_110000.BIN,3.6762,18.7330,2.4624,18.7330,4.9390,1,10.406,10.461
2022,DATA_20260324_110000.BIN,2.4624,9.0201,2.8179,9.0201,3.3220,1,3.565,3.831
2023,DATA_20260324_110000.BIN,2.8179,7.9140,0.7952,7.9140,6.9740,1,3.541,3.833
2024,DATA_20260324_110000.BIN,0.7952,8.9251,1.2606,8.9251,3.1240,1,6.282,7.026
2025,DATA_20260324_110000.BIN,2.1418,20.9487,1.6552,20.9487,2.8050,1,8.576,8.774
2026,DATA_20260324_110000.BIN,1.6552,11.0765,1.1882,11.0765,2.7610,1,6.237,6.687
2027,DATA_20260324_110000.BIN,1.1882,10.3942,4.0266,10.3942,3.1900,1,10.741,11.388
2028,DATA_20260324_110000.BIN,3.3474,10.1995,3.6502,10.1995,1.8810,1,7.316,7.383
2029,DATA_20260324_110000.BIN,3.6502,7.8407,1.0278,7.8407,4.1690,1,8.565,8.565
2030,DATA_20260324_110000.BIN,1.0278,7.8287,2.6246,7.8287,4.7300,1,6.977,7.493
2031,DATA_20260324_110000.BIN,1.5441,10.1077,0.5493,10.1077,1.2980,1,3.247,3.529
2032,DATA_20260324_110000.BIN,0.7047,10.5474,1.4206,10.5474,3.2450,1,9.383,10.442
2033,DATA_20260324_110000.BIN,2.8028,40.3202,6.5498,40.3202,3.6850,1,7.628,7.649
2034,DATA_20260324_110000.BIN,2.1061,9.5679,1.7070,9.5679,1.0780,1,7.922,8.258
2035,DATA_20260324_110000.BIN,1.7070,8.9784,1.4903,8.9784,1.0890,1,5.921,7.042
2036,DATA_20260324_110000.BIN,1.4903,8.6998,1.2123,8.6998,3.4100,1,4.737,5.685
2037,DATA_20260324_110000.BIN,1.2123,23.2092,3.7810,23.2092,4.2020,1,2.938,3.588
2038,DATA_20260324_110000.BIN,3.7810,17.0301,2.7732,17.0301,1.1990,1,6.114,8.150
2039,DATA_20260324_110000.BIN,2.7732,20.9513,5.1350,20.9513,4.3780,1,7.202,7.640
2040,DATA_20260324_110000.BIN,5.1350,18.8995,3.4304,18.8995,2.9590,1,9.747,11.280
2041,DATA_20260324_110000.BIN,3.4304,24.2317,14.9958,24.2317,2.6840,1,4.730,5.478
2042,DATA_20260324_110000.BIN,14.9958,23.4964,2.6400,23.4964,2.2000,1,19.521,21.877
2043,DATA_20260324_110000.BIN,2.4347,13.4880,2.2430,13.4880,2.3760,1,9.348,10.681
2044,DATA_20260324_110000.BIN,1.7254,9.3023,3.2009,9.3023,2.6400,1,5.119,5.120
2045,DATA_20260324_110000.BIN,3.2009,17.6544,4.3025,17.6544,2.2550,1,4.529,5.027
2046,DATA_20260324_110000.BIN,4.3025,18.3185,1.9882,18.3185,1.5510,1,7.469,7.503
2047,DATA_20260324_110000.BIN,1.9882,19.0995,8.1871,19.0995,2.6950,1,5.829,6.421
2048,DATA_20260324_110000.BIN,8.1871,26.9269,0.4314,26.9269,2.9590,1,20.751,24.803
2049,DATA_20260324_110000.BIN,0.4314,10.7142,1.1568,10.7142,3.7730,1,6.596,6.859
2050,DATA_20260324_110000.BIN,1.1568,10.4844,1.1306,10.4844,1.9360,1,10.842,11.074
2051,DATA_20260324_110000.BIN,1.1306,8.9504,1.2159,8.9504,3.3000,1,3.353,4.058
2052,DATA_20260324_110000.BIN,1.2159,11.0320,0.9081,11.0320,2.3870,1,6.708,7.875
2053,DATA_20260324_110000.BIN,1.4761,16.0189,5.2374,16.0189,4.9170,1,2.937,3.765
2054,DATA_20260324_110000.BIN,1.9604,9.9633,2.7096,9.9633,1.7930,1,10.944,11.742
2055,DATA_20260324_110000.BIN,2.7096,11.1013,1.0667,11.1013,1.4520,1,0.727,4.160
2056,DATA_20260324_110000.BIN,1.0667,6.7999,1.6273,6.7999,2.2110,1,14.810,16.536
2057,DATA_20260324_110000.BIN,2.1016,32.3233,7.1737,32.3233,3.2340,1,6.543,6.551
2058,DATA_20260324_110000.BIN,7.1737,28.3851,0.6376,28.3851,3.3330,1,4.103,9.966
2059,DATA_20260324_110000.BIN,0.2739,10.1504,2.4646,10.1504,2.2990,1,3.943,4.009
2060,DATA_20260324_110000.BIN,2.4646,10.6772,3.8929,10.6772,1.9140,1,1.757,3.123
2061,DATA_20260324_110000.BIN,3.8929,9.8267,0.8418,9.8267,7.4690,1,7.124,7.816
2062,DATA_20260324_110000.BIN,0.8418,9.7562,1.0488,9.7562,4.3230,1,7.802,8.194
2063,DATA_20260324_110000.BIN,1.0488,12.3323,1.9451,12.3323,1.3090,1,8.789,10.091
2064,DATA_20260324_110000.BIN,1.9451,20.7379,3.1376,20.7379,2.7390,1,4.005,4.026
2065,DATA_20260324_110000.BIN,3.1376,13.5539,1.3527,13.5539,1.8700,1,10.087,11.461
2066,DATA_20260324_110000.BIN,1.3527,9.5396,2.3944,9.5396,4.3340,1,3.609,3.930
2067,DATA_20260324_110000.BIN,2.3944,11.5652,0.2651,11.5652,2.2660,1,5.082,5.123
2068,DATA_20260324_110000.BIN,2.0130,9.3984,0.8668,9.3984,2.3540,1,9.829,10.433
2069,DATA_20260324_110000.BIN,1.6049,25.2699,3.0311,25.2699,5.6540,1,5.605,5.673
2070,DATA_20260324_110000.BIN,3.0311,21.5417,6.8382,21.5417,2.0130,1,10.908,11.952
2071,DATA_20260324_110000.BIN,6.8382,21.3408,11.9773,21.3408,1.9140,1,15.902,15.986
2072,DATA_20260324_110000.BIN,11.9773,27.0753,7.9599,27.0753,1.6940,1,31.342,31.553
2073,DATA_20260324_110000.BIN,7.9599,11.7391,7.3498,11.7391,4.2900,1,11.917,14.893
2074,DATA_20260324_110000.BIN,7.3498,26.7671,4.4894,26.7671,1.9360,1,5.856,9.528
2075,DATA_20260324_110000.BIN,4.4894,15.4424,3.9150,15.4424,1.7490,1,9.460,9.617
2076,DATA_20260324_110000.BIN,3.9150,24.7437,3.8813,24.7437,2.3540,1,8.052,8.053
2077,DATA_20260324_110000.BIN,3.8813,17.6511,8.2896,17.6511,1.4630,1,9.996,14.182
2078,DATA_20260324_110000.BIN,8.2896,19.3111,6.7564,19.3111,1.4850,1,11.903,12.120
2079,DATA_20260324_110000.BIN,6.7564,42.0235,0.0950,42.0235,4.8180,1,16.255,17.117
2080,DATA_20260324_110000.BIN,1.9584,10.2356,1.1640,10.2356,2.6180,1,8.136,8.304
2081,DATA_20260324_110000.BIN,1.1640,5.7270,1.1261,5.7270,1.6170,1,4.497,5.889
2082,DATA_20260324_110000.BIN,1.1261,7.5363,2.2776,7.5363,2.9700,1,6.578,6.587
2083,DATA_20260324_110000.BIN,2.2776,19.4258,3.1121,19.4258,2.7720,1,7.377,7.393
2084,DATA_20260324_110000.BIN,2.9438,25.9678,1.1664,25.9678,1.9250,1,9.311,9.754
2085,DATA_20260324_110000.BIN,1.1664,9.4610,2.5403,9.4610,1.3970,1,2.650,3.098
2086,DATA_20260324_110000.BIN,2.5403,11.6559,1.6202,11.6559,2.1120,1,3.716,4.289
2087,DATA_20260324_110000.BIN,1.6202,10.0282,0.6572,10.0282,1.6610,1,2.912,4.168
2088,DATA_20260324_110000.BIN,0.6572,9.2044,0.8416,9.2044,3.2890,1,6.641,7.227
2089,DATA_20260324_110000.BIN,0.8416,10.6702,3.0869,10.6702,2.5300,1,3.368,3.829
2090,DATA_20260324_110000.BIN,3.0869,10.9186,3.7486,10.9186,1.3090,1,13.114,13.454
2091,DATA_20260324_110000.BIN,3.7486,11.3018,1.2469,11.3018,3.1900,1,6.483,6.688
2092,DATA_20260324_110000.BIN,1.4139,13.8514,3.3536,13.8514,1.7160,1,3.718,3.856
2093,DATA_20260324_110000.BIN,3.3536,9.8491,2.8489,9.8491,3.4210,1,12.641,14.665
2094,DATA_20260324_110000.BIN,2.8489,19.0369,1.4331,19.0369,3.2780,1,6.459,7.724
2095,DATA_20260324_110000.BIN,1.4331,40.2993,4.8087,40.2993,5.8850,1,4.996,5.299
2096,DATA_20260324_110000.BIN,7.7722,16.3382,0.9040,16.3382,1.2540,1,19.255,19.262
2097,DATA_20260324_110000.BIN,0.9040,10.9977,0.8855,10.9977,4.1470,1,1.146,1.308
2098,DATA_20260324_110000.BIN,0.8855,10.9609,5.1075,10.9609,4.6420,1,9.091,10.097
2099,DATA_20260324_110000.BIN,5.1075,18.9887,4.8328,18.9887,7.1170,1,12.491,12.500
2100,DATA_20260324_110000.BIN,4.8328,20.5600,4.9906,20.5600,9.1960,1,19.006,20.040
2101,DATA_20260324_110000.BIN,4.9906,28.9948,22.6513,28.9948,2.8600,1,9.232,9.232
2102,DATA_20260324_110000.BIN,22.6513,28.5533,23.4071,28.5533,3.9270,1,54.277,55.491
2103,DATA_20260324_110000.BIN,23.4071,27.1940,7.9080,27.1940,8.6240,1,48.624,48.954
2104,DATA_20260324_110000.BIN,7.9080,26.2061,2.2496,26.2061,3.6300,1,3.324,7.160
2105,DATA_20260324_110000.BIN,2.2496,12.0853,2.9550,12.0853,3.7290,1,13.184,13.416
2106,DATA_20260324_110000.BIN,2.9550,7.9329,1.3742,7.9329,2.5630,1,22.928,23.288
2107,DATA_20260324_110000.BIN,1.3742,9.0488,0.3955,9.0488,5.0820,1,17.393,18.010
2108,DATA_20260324_110000.BIN,0.3955,9.3081,2.5271,9.3081,2.4530,1,16.455,17.046
2109,DATA_20260324_110000.BIN,2.5271,30.2962,2.2454,30.2962,2.0790,1,13.885,13.914
2110,DATA_20260324_110000.BIN,2.2454,8.3386,1.5099,8.3386,3.0910,1,13.663,13.726
2111,DATA_20260324_110000.BIN,1.5099,7.8414,2.0001,7.8414,1.4190,1,5.826,6.494
2112,DATA_20260324_110000.BIN,2.6821,18.8688,2.1843,18.8688,3.9160,1,6.474,6.476
2113,DATA_20260324_110000.BIN,2.1843,7.0421,0.9465,7.0421,3.7180,1,7.458,7.665
2114,DATA_20260324_110000.BIN,0.9465,5.2018,2.1066,5.2018,1.5400,1,5.225,5.227
2115,DATA_20260324_110000.BIN,2.1066,18.0590,3.5545,18.0590,3.9380,1,7.041,8.176
2116,DATA_20260324_110000.BIN,3.5545,13.1027,0.4744,13.1027,3.9820,1,16.972,17.166
2117,DATA_20260324_110000.BIN,0.4744,8.7749,1.2848,8.7749,1.8700,1,8.196,9.023
2118,DATA_20260324_110000.BIN,1.2848,9.0091,2.8909,9.0091,2.3320,1,7.480,7.641
2119,DATA_20260324_110000.BIN,1.2568,12.9490,3.0663,12.9490,3.9710,1,11.547,12.317
2120,DATA_20260324_110000.BIN,3.0663,8.8955,2.5510,8.8955,2.6180,1,9.546,10.417
2121,DATA_20260324_110000.BIN,2.5510,9.4021,1.6589,9.4021,4.2240,1,4.639,4.783
2122,DATA_20260324_110000.BIN,1.6589,11.7824,0.7288,11.7824,2.2440,1,1.295,2.110
2123,DATA_20260324_110000.BIN,1.7669,35.7587,3.1319,35.7587,4.2020,1,6.896,8.012
2124,DATA_20260324_110000.BIN,3.1319,33.7408,8.1185,33.7408,2.3320,1,6.448,6.451
2125,DATA_20260324_110000.BIN,1.6029,29.1112,11.5058,29.1112,4.7300,1,15.589,16.513
2126,DATA_20260324_110000.BIN,11.5058,17.2760,4.0624,17.2760,1.3970,1,19.646,20.639
2127,DATA_20260324_110000.BIN,4.0624,26.1346,2.1358,26.1346,1.6830,1,6.142,6.207
2128,DATA_20260324_110000.BIN,2.1358,13.7281,1.7821,13.7281,1.1990,1,4.661,5.084
2129,DATA_20260324_110000.BIN,2.1443,20.7033,1.9941,20.7033,2.8820,1,6.813,6.854
2130,DATA_20260324_110000.BIN,1.9941,32.2708,21.3622,32.2708,2.5630,1,6.812,6.821
2131,DATA_20260324_110000.BIN,21.3622,43.9166,4.6834,43.9166,5.1370,1,10.581,24.323
2132,DATA_20260324_110000.BIN,4.6834,16.4956,6.5044,16.4956,5.5990,1,18.913,20.036
2133,DATA_20260324_110000.BIN,6.5044,23.6701,2.5224,23.6701,1.2650,1,3.648,7.517
2134,DATA_20260324_110000.BIN,4.6058,16.0586,1.4267,16.0586,1.7050,1,6.208,6.222
2135,DATA_20260324_110000.BIN,1.4267,14.3676,1.5448,14.3676,1.4410,1,7.536,7.623
2136,DATA_20260324_110000.BIN,3.7852,9.0769,1.1649,9.0769,6.2480,1,11.219,12.019
2137,DATA_20260324_110000.BIN,1.1649,8.9689,3.5709,8.9689,2.1340,1,2.992,5.970
2138,DATA_20260324_110000.BIN,3.5709,11.9582,1.3549,11.9582,2.2330,1,10.455,10.506
2139,DATA_20260324_110000.BIN,1.3549,29.4919,3.5712,29.4919,4.2900,1,4.431,4.512
2140,DATA_20260324_110000.BIN,3.5712,19.0563,8.5588,19.0563,3.3770,1,2.474,3.440
2141,DATA_20260324_110000.BIN,8.5588,22.2001,4.8511,22.2001,1.8480,1,27.308,28.017
2142,DATA_20260324_110000.BIN,4.8511,34.1153,0.6416,34.1153,3.7180,1,9.653,9.685
2143,DATA_20260324_110000.BIN,0.6416,24.4788,10.4315,24.4788,2.9480,1,3.375,4.129
2144,DATA_20260324_110000.BIN,10.4315,23.1573,14.3584,23.1573,1.1440,1,25.809,25.816
2145,DATA_20260324_110000.BIN,14.3584,32.6083,0.2849,32.6083,1.9910,1,25.590,25.986
2146,DATA_20260324_110000.BIN,0.2849,9.7906,1.8951,9.7906,2.7170,1,11.325,12.177
2147,DATA_20260324_110000.BIN,0.8685,10.5348,3.4874,10.5348,2.5520,1,6.408,8.620
2148,DATA_20260324_110000.BIN,3.4874,9.8635,0.2952,9.8635,2.6290,1,16.177,16.327
2149,DATA_20260324_110000.BIN,1.9704,8.4158,1.1314,8.4158,1.9470,1,15.897,16.842
2150,DATA_20260324_110000.BIN,1.1314,13.5034,4.2488,13.5034,1.9030,1,4.180,4.214
2151,DATA_20260324_110000.BIN,4.2488,11.4032,3.0541,11.4032,1.9690,1,13.048,15.299
2152,DATA_20260324_110000.BIN,3.0541,17.4581,2.8820,17.4581,3.6300,1,5.239,7.448
2153,DATA_20260324_110000.BIN,2.8820,14.6737,1.0407,14.6737,2.9700,1,4.524,6.372
2154,DATA_20260324_110000.BIN,1.0407,10.2266,4.5624,10.2266,1.8480,1,11.933,13.648
2155,DATA_20260324_110000.BIN,2.6632,11.6291,2.2731,11.6291,5.3130,1,2.026,4.038
2156,DATA_20260324_110000.BIN,2.2731,11.5825,1.9012,11.5825,3.0690,1,4.473,4.504
2157,DATA_20260324_110000.BIN,1.9012,12.7009,5.0200,12.7009,2.7280,1,8.872,9.807
2158,DATA_20260324_110000.BIN,5.0200,17.9420,10.3356,17.9420,3.4100,1,17.626,17.667
2159,DATA_20260324_110000.BIN,10.3356,22.2760,1.5046,22.2760,4.0040,1,0.434,13.227
2160,DATA_20260324_110000.BIN,1.5046,8.6931,0.5595,8.6931,1.6060,1,3.869,4.015
2161,DATA_20260324_110000.BIN,0.5595,9.4889,0.7229,9.4889,4.5980,1,2.343,2.349
2162,DATA_20260324_110000.BIN,2.7042,8.6858,1.5766,8.6858,3.1790,1,5.939,6.017
2163,DATA_20260324_110000.BIN,1.3192,9.7857,0.6021,9.7857,1.8150,1,5.489,5.970
2164,DATA_20260324_110000.BIN,0.6021,27.9945,1.7951,27.9945,5.8850,1,5.419,5.932
2165,DATA_20260324_110000.BIN,1.7951,18.9599,6.8280,18.9599,4.4990,1,5.500,6.184
2166,DATA_20260324_110000.BIN,6.8280,12.1094,2.0567,12.1094,3.8060,1,8.379,9.782
2167,DATA_20260324_110000.BIN,2.0567,38.8109,3.9040,38.8109,3.0470,1,3.639,3.647
2168,DATA_20260324_110000.BIN,3.9040,11.7588,1.4917,11.7588,1.2100,1,4.074,4.661
2169,DATA_20260324_110000.BIN,1.4917,17.2730,4.8106,17.2730,4.1030,1,10.601,12.004
2170,DATA_20260324_110000.BIN,4.8106,19.5735,0.7556,19.5735,3.8610,1,7.117,7.252
2171,DATA_20260324_110000.BIN,0.7556,20.7761,2.5542,20.7761,2.0570,1,10.157,10.456
2172,DATA_20260324_110000.BIN,2.5542,15.9529,4.3372,15.9529,2.8160,1,10.302,12.018
2173,DATA_20260324_110000.BIN,4.3372,15.2591,6.0876,15.2591,2.1120,1,6.654,8.088
2174,DATA_20260324_110000.BIN,6.0876,12.1250,4.9352,12.1250,1.3530,1,21.920,24.607
2175,DATA_20260324_110000.BIN,0.5152,6.4574,1.4771,6.4574,5.7090,1,3.312,3.335
2176,DATA_20260324_110000.BIN,1.4771,10.5432,1.4125,10.5432,3.3550,1,4.303,4.890
2177,DATA_20260324_110000.BIN,3.0097,11.9844,3.4284,11.9844,1.9140,1,11.167,11.971
2178,DATA_20260324_110000.BIN,3.4284,15.0933,5.9311,15.0933,2.1010,1,3.835,5.697
2179,DATA_20260324_110000.BIN,5.9311,13.1532,3.7976,13.1532,2.4310,1,4.517,6.530
2180,DATA_20260324_110000.BIN,3.7976,15.0221,1.0289,15.0221,1.3970,1,1.079,3.406
2181,DATA_20260324_110000.BIN,1.0289,24.4327,2.8599,24.4327,2.8930,1,15.385,16.817
2182,DATA_20260324_110000.BIN,2.8599,17.3354,1.6468,17.3354,1.5180,1,9.232,9.249
2183,DATA_20260324_110000.BIN,1.6468,39.2902,30.9519,39.2902,2.4640,1,6.452,6.459
2184,DATA_20260324_110000.BIN,30.9519,38.2096,20.3065,38.2096,1.3530,1,115.745,136.864
2185,DATA_20260324_110000.BIN,20.3065,33.3490,3.8202,33.3490,2.5630,1,26.853,27.087
2186,DATA_20260324_110000.BIN,23.3841,49.4783,40.3464,49.4783,1.9800,1,28.133,39.261
2187,DATA_20260324_110000.BIN,9.5675,13.8499,6.4578,13.8499,1.3530,1,22.557,23.819
2188,DATA_20260324_110000.BIN,6.4578,33.3555,1.9475,33.3555,1.8150,1,16.215,17.104
2189,DATA_20260324_110000.BIN,1.9475,13.5617,4.6278,13.5617,1.1880,1,6.839,7.555
2190,DATA_20260324_110000.BIN,4.6278,29.3110,22.0504,29.3110,6.4900,1,22.035,22.503
2191,DATA_20260324_110000.BIN,22.0504,31.2619,6.5509,31.2619,3.1900,1,33.145,40.833
2192,DATA_20260324_110000.BIN,6.5509,33.5125,1.4009,33.5125,3.5860,1,17.265,18.844
2193,DATA_20260324_110000.BIN,1.4009,15.4572,1.7301,15.4572,4.3340,1,10.755,11.607
2194,DATA_20260324_110000.BIN,0.3601,13.7035,3.6834,13.7035,1.9690,1,9.586,11.092
2195,DATA_20260324_110000.BIN,3.6834,13.7688,4.4433,13.7688,1.4520,1,5.329,7.563
2196,DATA_20260324_110000.BIN,4.4433,11.5038,1.1275,11.5038,3.5530,1,9.429,9.483
2197,DATA_20260324_110000.BIN,2.0469,10.6980,0.4628,10.6980,2.3430,1,0.589,1.571
2198,DATA_20260324_110000.BIN,0.4628,9.1056,4.3420,9.1056,2.7830,1,2.774,2.817
2199,DATA_20260324_110000.BIN,1.7085,7.8311,0.7689,7.8311,1.9250,1,1.869,3.091
2200,DATA_20260324_110000.BIN,0.7689,11.1441,2.2608,11.1441,1.1000,1,1.229,1.262
2201,DATA_20260324_110000.BIN,2.2608,11.0346,1.5625,11.0346,2.9370,1,4.767,5.843
2202,DATA_20260324_110000.BIN,1.5625,11.5530,3.9271,11.5530,4.5760,1,9.598,10.349
2203,DATA_20260324_110000.BIN,3.9271,10.7910,1.9586,10.7910,1.6940,1,3.046,4.837
2204,DATA_20260324_110000.BIN,2.1645,19.6518,0.5131,19.6518,2.0460,1,9.339,9.677
2205,DATA_20260324_110000.BIN,0.5131,16.4063,1.7209,16.4063,2.8710,1,2.873,2.873
2206,DATA_20260324_110000.BIN,1.7209,15.3007,1.0482,15.3007,5.0600,1,5.378,5.387
2207,DATA_20260324_110000.BIN,1.0482,9.2921,0.6734,9.2921,5.8190,1,0.785,1.859
2208,DATA_20260324_110000.BIN,1.3396,6.5336,0.3729,6.5336,2.4310,1,4.471,5.532
2209,DATA_20260324_110000.BIN,0.3729,12.1788,1.0366,12.1788,2.7830,1,2.351,2.744
2210,DATA_20260324_110000.BIN,1.0366,10.3339,2.3307,10.3339,1.4960,1,9.617,10.379
2211,DATA_20260324_110000.BIN,0.5660,13.2962,3.9856,13.2962,2.1890,1,2.909,2.983
2212,DATA_20260324_110000.BIN,3.9856,16.1004,1.2337,16.1004,1.5290,1,9.830,10.166
2213,DATA_20260324_110000.BIN,1.2337,23.6922,2.4492,23.6922,1.6720,1,4.128,4.155
2214,DATA_20260324_110000.BIN,2.4492,11.5580,3.0043,11.5580,3.7840,1,6.525,6.683
2215,DATA_20260324_110000.BIN,3.0043,20.3112,2.6713,20.3112,3.8610,1,5.703,5.756
2216,DATA_20260324_110000.BIN,2.6713,10.9471,1.3737,10.9471,3.7070,1,5.651,5.676
2217,DATA_20260324_110000.BIN,1.2211,6.7379,2.3849,6.7379,1.6940,1,7.565,8.327
2218,DATA_20260324_110000.BIN,2.3849,18.7123,1.4110,18.7123,4.4770,1,10.606,11.678
2219,DATA_20260324_110000.BIN,2.1979,9.7131,0.9210,9.7131,3.7620,1,6.997,7.169
2220,DATA_20260324_110000.BIN,0.9210,7.4012,0.4014,7.4012,3.0470,1,1.703,2.139
2221,DATA_20260324_110000.BIN,1.5827,14.5298,4.4376,14.5298,4.5210,1,6.097,6.328
2222,DATA_20260324_110000.BIN,4.4376,17.4073,0.6916,17.4073,4.1250,1,17.902,18.049
2223,DATA_20260324_110000.BIN,0.6916,6.9355,1.9585,6.9355,1.3860,1,1.900,2.226
2224,DATA_20260324_110000.BIN,1.9585,7.4991,2.5247,7.4991,3.0910,1,5.673,6.080
2225,DATA_20260324_110000.BIN,2.3925,25.9331,0.9059,25.9331,5.0160,1,5.861,6.143
2226,DATA_20260324_110000.BIN,1.7504,12.7500,4.1416,12.7500,3.0030,1,5.793,6.094
2227,DATA_20260324_110000.BIN,4.1416,19.2963,2.3436,19.2963,2.6950,1,7.127,7.220
2228,DATA_20260324_110000.BIN,2.3436,10.4981,1.2450,10.4981,4.8620,1,5.388,5.450
2229,DATA_20260324_110000.BIN,2.4270,8.7670,1.4643,8.7670,2.9040,1,3.727,4.083
2230,DATA_20260324_110000.BIN,1.4643,10.2927,2.2644,10.2927,7.3590,1,3.499,4.770
2231,DATA_20260324_110000.BIN,2.2644,9.9788,1.9637,9.9788,3.8940,1,11.017,11.257
2232,DATA_20260324_110000.BIN,1.9637,10.4493,2.6489,10.4493,2.9150,1,2.867,3.920
2233,DATA_20260324_110000.BIN,0.7650,8.2527,1.1445,8.2527,3.1790,1,7.417,7.946
2234,DATA_20260324_110000.BIN,0.9849,6.2947,1.8257,6.2947,1.8150,1,7.418,8.878
2235,DATA_20260324_110000.BIN,2.4446,9.1204,1.5596,9.1204,2.1120,1,5.594,6.215
2236,DATA_20260324_110000.BIN,1.5596,14.9805,3.0911,14.9805,2.3430,1,10.568,11.743
2237,DATA_20260324_110000.BIN,1.1665,6.5205,0.6775,6.5205,3.2010,1,2.832,2.887
2238,DATA_20260324_110000.BIN,0.6775,6.2235,0.5299,6.2235,4.7190,1,15.052,16.471
2239,DATA_20260324_110000.BIN,3.2187,12.9039,1.3145,12.9039,2.3320,1,5.819,5.863
2240,DATA_20260324_110000.BIN,1.3145,8.2922,0.1860,8.2922,5.0270,1,5.769,7.279
2241,DATA_20260324_110000.BIN,0.7354,10.2468,3.3000,10.2468,2.6840,1,11.152,12.171
2242,DATA_20260324_110000.BIN,3.3000,16.8700,1.5008,16.8700,2.4090,1,11.075,11.884
2243,DATA_20260324_110000.BIN,1.5008,10.2408,1.0754,10.2408,1.6940,1,5.535,6.764
2244,DATA_20260324_110000.BIN,1.0754,33.9663,18.4185,33.9663,6.0500,1,1.082,1.192
2245,DATA_20260324_110000.BIN,18.4185,25.8574,15.0751,25.8574,1.2650,1,35.155,35.227
2246,DATA_20260324_110000.BIN,15.0751,25.2654,16.5536,25.2654,0.9350,1,16.616,18.103
2247,DATA_20260324_110000.BIN,16.5536,38.3941,11.5739,38.3941,5.0820,1,18.318,19.394
2248,DATA_20260324_110000.BIN,11.5739,23.4038,16.5267,23.4038,1.4630,1,10.492,10.953
2249,DATA_20260324_110000.BIN,16.5267,23.8415,12.1331,23.8415,1.6060,1,22.786,22.820
2250,DATA_20260324_110000.BIN,12.1331,40.0305,8.2333,40.0305,4.8400,1,18.088,24.703
2251,DATA_20260324_110000.BIN,8.2333,35.8039,1.5267,35.8039,3.0690,1,8.853,9.040
2252,DATA_20260324_110000.BIN,1.1669,9.6470,0.7980,9.6470,6.7650,1,14.094,14.336
2253,DATA_20260324_110000.BIN,2.2253,10.1126,0.8170,10.1126,6.3140,1,10.269,10.354
2254,DATA_20260324_110000.BIN,3.0139,10.3973,1.9603,10.3973,1.3860,1,14.726,14.737
2255,DATA_20260324_110000.BIN,0.8113,8.5322,3.0654,8.5322,1.5730,1,11.179,11.638
2256,DATA_20260324_110000.BIN,3.0654,9.4425,2.6111,9.4425,1.2760,1,4.805,5.447
2257,DATA_20260324_110000.BIN,3.0935,18.7022,3.7179,18.7022,2.2660,1,10.711,10.991
2258,DATA_20260324_110000.BIN,3.7179,47.0490,32.3661,47.0490,9.2510,1,7.539,10.066
2259,DATA_20260324_110000.BIN,32.3661,48.6371,37.0872,48.6371,7.6780,1,75.000,75.319
2260,DATA_20260324_110000.BIN,37.0872,42.4413,7.6734,42.4413,3.2340,1,64.898,65.519
2261,DATA_20260324_110000.BIN,7.6734,29.2969,5.8580,29.2969,1.7380,1,2.850,2.855
2262,DATA_20260324_110000.BIN,5.8580,14.4283,5.3719,14.4283,2.2770,1,20.558,20.564
2263,DATA_20260324_110000.BIN,5.3719,12.9668,2.7936,12.9668,2.0790,1,15.224,16.400
2264,DATA_20260324_110000.BIN,7.4348,42.0543,26.9391,42.0543,4.4990,1,6.125,7.468
2265,DATA_20260324_110000.BIN,26.9391,43.9737,39.7563,43.9737,7.7660,1,25.949,27.440
2266,DATA_20260324_110000.BIN,11.4641,41.1714,37.7394,41.1714,4.6640,1,6.556,7.843
2267,DATA_20260324_110000.BIN,37.7394,42.0768,2.0150,42.0768,6.4350,1,98.878,99.345
2268,DATA_20260324_110000.BIN,2.0150,5.7456,2.3385,5.7456,3.7180,1,27.618,27.622
2269,DATA_20260324_110000.BIN,2.3385,9.6597,1.4543,9.6597,2.0680,1,32.384,32.435
2270,DATA_20260324_110000.BIN,1.0394,8.0626,2.2266,8.0626,1.4300,1,26.253,26.259
2271,DATA_20260324_110000.BIN,2.2266,8.0377,0.5295,8.0377,3.0360,1,19.372,19.391
2272,DATA_20260324_110000.BIN,0.5295,8.7846,1.7567,8.7846,2.1450,1,19.076,19.161
2273,DATA_20260324_110000.BIN,0.5408,11.3635,0.3198,11.3635,3.1240,1,11.261,12.762
2274,DATA_20260324_110000.BIN,1.9597,24.7974,4.0380,24.7974,4.2240,1,14.509,14.509
2275,DATA_20260324_110000.BIN,4.0380,43.4209,3.8201,43.4209,9.0640,1,8.652,10.330
2276,DATA_20260324_110000.BIN,3.8201,22.6039,2.0326,22.6039,3.8940,1,16.538,16.666
2277,DATA_20260324_110000.BIN,2.0326,11.8962,5.5012,11.8962,3.6520,1,11.049,12.020
2278,DATA_20260324_110000.BIN,1.0719,23.3773,12.4151,23.3773,3.2670,1,5.436,5.936
2279,DATA_20260324_110000.BIN,13.9082,29.4216,6.7499,29.4216,4.2570,1,24.527,29.696
2280,DATA_20260324_110000.BIN,6.7499,19.5603,1.1880,19.5603,2.5410,1,8.146,12.103
2281,DATA_20260324_110000.BIN,1.1880,6.5152,0.4188,6.5152,3.3770,1,7.573,7.601
2282,DATA_20260324_110000.BIN,0.4188,10.4051,1.3729,10.4051,1.9910,1,10.694,10.765
2283,DATA_20260324_110000.BIN,1.3729,11.0539,3.9683,11.0539,2.2000,1,4.134,5.717
2284,DATA_20260324_110000.BIN,3.9683,9.7399,3.5433,9.7399,2.4750,1,9.481,10.041
2285,DATA_20260324_110000.BIN,3.5433,12.3867,0.8558,12.3867,3.8940,1,3.740,5.684
2286,DATA_20260324_110000.BIN,0.8558,12.6175,1.2094,12.6175,3.2230,1,9.373,9.507
2287,DATA_20260324_110000.BIN,1.2094,16.0417,4.5545,16.0417,3.8500,1,5.986,6.489
2288,DATA_20260324_110000.BIN,5.3243,32.0120,0.9850,32.0120,6.2370,1,9.920,11.672
2289,DATA_20260324_110000.BIN,0.9850,40.5729,5.9407,40.5729,6.2040,1,5.495,5.726
2290,DATA_20260324_110000.BIN,5.9407,24.9176,5.7657,24.9176,2.4640,1,7.752,9.024
2291,DATA_20260324_110000.BIN,5.7657,28.7694,2.9707,28.7694,2.8820,1,6.982,7.528
2292,DATA_20260324_110000.BIN,2.9707,9.4705,2.6479,9.4705,3.1350,1,5.510,6.171
2293,DATA_20260324_110000.BIN,2.6479,18.0375,9.8577,18.0375,2.2000,1,1.168,1.655
2294,DATA_20260324_120000.BIN,2.8241,22.5986,6.0079,22.5986,2.8050,1,10.596,11.605
2295,DATA_20260324_120000.BIN,6.0079,17.6218,1.1611,17.6218,3.7730,1,4.655,8.334
2296,DATA_20260324_120000.BIN,1.1611,49.7749,2.1342,49.7749,3.8720,1,10.069,12.127
2297,DATA_20260324_120000.BIN,9.3489,18.2120,5.0646,18.2120,7.7660,1,3.916,9.653
2298,DATA_20260324_120000.BIN,2.1969,21.2718,6.8449,21.2718,4.0480,1,7.081,11.994
2299,DATA_20260324_120000.BIN,7.6984,20.9548,4.9077,20.9548,3.3660,1,0.595,2.351
2300,DATA_20260324_120000.BIN,4.9077,17.0212,1.4003,17.0212,1.8920,1,13.796,13.808
2301,DATA_20260324_120000.BIN,1.4003,19.5619,0.9374,19.5619,5.4560,1,8.090,8.502
2302,DATA_20260324_120000.BIN,0.9374,17.5958,1.7715,17.5958,5.5770,1,5.598,6.046
2303,DATA_20260324_120000.BIN,2.2619,14.7599,1.5094,14.7599,1.3970,1,5.140,5.143
2304,DATA_20260324_120000.BIN,1.5094,18.8263,4.0448,18.8263,3.5750,1,6.595,6.599
2305,DATA_20260324_120000.BIN,4.0541,19.6737,1.7649,19.6737,3.8280,1,1.608,3.930
2306,DATA_20260324_120000.BIN,0.8544,19.3832,3.3887,19.3832,6.6000,1,5.212,6.182
2307,DATA_20260324_120000.BIN,3.3887,15.1046,4.2623,15.1046,6.4570,1,1.959,1.994
2308,DATA_20260324_120000.BIN,2.4815,16.4552,1.0736,16.4552,4.5320,1,2.705,2.768
2309,DATA_20260324_120000.BIN,2.2385,18.8390,2.1483,18.8390,5.6100,1,6.929,10.989
2310,DATA_20260324_120000.BIN,2.2888,20.8196,2.5250,20.8196,3.0800,1,5.548,11.764
2311,DATA_20260324_120000.BIN,5.7425,19.9644,7.5887,19.9644,3.4430,1,3.974,5.534
2312,DATA_20260324_120000.BIN,1.2102,17.2587,5.1432,17.2587,7.4910,1,3.630,11.013
2313,DATA_20260324_120000.BIN,4.9730,58.6611,1.9476,58.6611,9.9220,1,3.324,3.943
2314,DATA_20260324_120000.BIN,1.9476,22.9764,9.1616,22.9764,3.4650,1,1.181,6.591
2315,DATA_20260324_120000.BIN,9.6815,25.5530,6.9335,25.5530,5.2140,1,9.222,12.843
2316,DATA_20260324_120000.BIN,1.9955,34.7198,8.8128,34.7198,9.1300,1,5.972,7.110
2317,DATA_20260324_120000.BIN,8.8128,30.0230,7.1693,30.0230,3.7840,1,11.063,11.316
2318,DATA_20260324_120000.BIN,7.1693,43.3963,10.3326,43.3963,3.1350,1,5.737,5.848
2319,DATA_20260324_120000.BIN,10.3326,20.1991,3.5673,20.1991,3.3550,1,8.432,10.230
2320,DATA_20260324_120000.BIN,4.4418,23.8756,2.6344,23.8756,3.9050,1,4.518,9.801
2321,DATA_20260324_120000.BIN,2.6344,20.7740,6.5179,20.7740,2.6510,1,2.975,10.478
2322,DATA_20260324_120000.BIN,6.5179,31.9814,2.6183,31.9814,2.9150,1,11.950,15.950
2323,DATA_20260324_120000.BIN,2.6183,18.1702,3.6819,18.1702,2.7830,1,4.351,7.165
2324,DATA_20260324_120000.BIN,4.6547,23.0842,2.6187,23.0842,4.0260,1,3.621,4.965
2325,DATA_20260324_120000.BIN,2.6187,25.0390,4.9939,25.0390,2.4640,1,3.816,12.115
2326,DATA_20260324_120000.BIN,6.5479,17.5151,6.7048,17.5151,1.9690,1,5.496,5.497
2327,DATA_20260324_120000.BIN,4.8944,16.2527,1.6920,16.2527,2.2550,1,3.831,6.664
2328,DATA_20260324_120000.BIN,1.6920,27.4953,7.2776,27.4953,7.2380,1,1.609,10.380
2329,DATA_20260324_120000.BIN,7.2776,19.4157,7.3186,19.4157,2.9040,1,9.367,9.368
2330,DATA_20260324_120000.BIN,7.9399,49.0918,4.3080,49.0918,3.8280,1,6.001,11.170
2331,DATA_20260324_120000.BIN,4.3080,23.0851,6.5594,23.0851,3.0580,1,1.735,3.155
2332,DATA_20260324_120000.BIN,6.5103,31.0350,8.0681,31.0350,7.6120,1,4.767,4.768
2333,DATA_20260324_120000.BIN,8.0681,26.2616,6.2968,26.2616,5.9840,1,5.853,5.879
2334,DATA_20260324_120000.BIN,6.2968,35.4214,0.5721,35.4214,6.2040,1,3.928,4.719
2335,DATA_20260324_120000.BIN,2.5203,33.8106,13.9200,33.8106,3.2120,1,3.996,14.200
2336,DATA_20260324_120000.BIN,3.1544,24.1783,6.9984,24.1783,2.4310,1,2.610,2.658
2337,DATA_20260324_120000.BIN,5.0746,21.3458,3.9092,21.3458,4.1800,1,4.120,4.286
2338,DATA_20260324_120000.BIN,1.0201,17.1869,3.8209,17.1869,3.3770,1,4.502,13.150
2339,DATA_20260324_120000.BIN,4.6909,16.2881,7.0336,16.2881,4.1470,1,1.917,1.925
2340,DATA_20260324_120000.BIN,6.5510,22.4605,8.9771,22.4605,4.5650,1,3.075,6.789
2341,DATA_20260324_120000.BIN,13.4778,41.4105,19.6674,41.4105,6.7430,1,11.130,12.597
2342,DATA_20260324_120000.BIN,33.6863,49.9147,11.6710,49.9147,1.9910,1,34.069,39.189
2343,DATA_20260324_120000.BIN,5.9175,16.7995,0.4066,16.7995,6.9740,1,2.902,5.731
2344,DATA_20260324_120000.BIN,0.4066,18.1899,3.0490,18.1899,1.7270,1,8.085,8.903
2345,DATA_20260324_120000.BIN,5.7386,32.3294,12.3454,32.3294,4.4440,1,1.570,1.570
2346,DATA_20260324_120000.BIN,12.3454,28.3203,1.3498,28.3203,7.2600,1,7.201,8.219
2347,DATA_20260324_120000.BIN,6.0307,23.4298,11.7426,23.4298,3.5310,1,6.697,7.503
2348,DATA_20260324_120000.BIN,11.7426,58.4440,6.3515,58.4440,4.3780,1,8.317,8.506
2349,DATA_20260324_120000.BIN,6.3515,23.4453,0.6931,23.4453,6.1270,1,12.739,14.534
2350,DATA_20260324_120000.BIN,0.6931,25.6700,2.2530,25.6700,5.3130,1,6.632,8.430
2351,DATA_20260324_120000.BIN,2.6905,26.6939,6.5152,26.6939,5.9070,1,9.577,20.992
2352,DATA_20260324_120000.BIN,6.5152,24.4078,10.5385,24.4078,1.4520,1,2.989,3.167
2353,DATA_20260324_120000.BIN,10.5385,33.4458,22.4974,33.4458,3.5640,1,8.332,8.449
2354,DATA_20260324_120000.BIN,22.4974,35.0208,13.7822,35.0208,5.6320,1,32.856,41.845
2355,DATA_20260324_120000.BIN,13.7822,38.8152,20.5309,38.8152,8.0740,1,20.542,25.138
2356,DATA_20260324_120000.BIN,18.3679,31.2227,15.0850,31.2227,2.0130,1,24.847,28.182
2357,DATA_20260324_120000.BIN,1.8395,11.5095,1.0812,11.5095,5.3460,1,3.560,6.390
2358,DATA_20260324_120000.BIN,1.3926,11.0086,0.4279,11.0086,6.2040,1,1.485,9.198
2359,DATA_20260324_120000.BIN,0.4279,17.3890,5.2899,17.3890,3.0360,1,3.247,14.847
2360,DATA_20260324_120000.BIN,5.2899,17.9391,5.9526,17.9391,2.5520,1,7.268,9.798
2361,DATA_20260324_120000.BIN,5.9526,18.7676,6.2706,18.7676,5.5000,1,6.464,7.246
2362,DATA_20260324_120000.BIN,1.1040,22.3880,1.4507,22.3880,9.3720,1,1.568,14.964
2363,DATA_20260324_120000.BIN,0.9117,51.3389,6.0513,51.3389,8.9870,1,3.173,16.516
2364,DATA_20260324_120000.BIN,14.9317,44.1681,13.6120,44.1681,2.0790,1,19.692,29.135
2365,DATA_20260324_120000.BIN,13.6120,33.9048,9.7240,33.9048,2.2880,1,21.554,39.526
2366,DATA_20260324_120000.BIN,9.7240,26.4973,12.4959,26.4973,4.6640,1,12.616,25.082
2367,DATA_20260324_120000.BIN,12.4959,30.6986,15.3790,30.6986,1.8920,1,15.596,28.273
2368,DATA_20260324_120000.BIN,7.4787,24.3457,9.7918,24.3457,1.2540,1,8.679,23.974
2369,DATA_20260324_120000.BIN,14.4762,25.8680,7.0577,25.8680,4.0150,1,14.662,22.269
2370,DATA_20260324_120000.BIN,7.0577,23.2090,9.1174,23.2090,2.0020,1,3.816,14.675
2371,DATA_20260324_120000.BIN,9.1174,25.5242,4.4872,25.5242,2.5300,1,6.353,13.471
2372,DATA_20260324_120000.BIN,4.4872,25.6652,12.3396,25.6652,8.4810,1,10.571,21.022
2373,DATA_20260324_120000.BIN,12.3396,26.0448,12.9979,26.0448,3.1460,1,13.226,23.939
2374,DATA_20260324_120000.BIN,12.9979,26.4763,10.1267,26.4763,1.7930,1,13.261,20.026
2375,DATA_20260324_120000.BIN,11.2147,26.7052,16.4731,26.7052,2.0350,1,8.027,12.789
2376,DATA_20260324_120000.BIN,19.3331,34.2081,15.7950,34.2081,5.3790,1,16.773,17.261
2377,DATA_20260324_120000.BIN,33.5875,45.4707,18.9928,45.4707,6.1820,1,49.257,50.390
2378,DATA_20260324_120000.BIN,18.9928,28.7646,13.8878,28.7646,9.6580,1,13.508,13.556
2379,DATA_20260324_120000.BIN,16.4475,29.5579,5.6627,29.5579,7.8870,1,9.759,11.705
2380,DATA_20260324_120000.BIN,15.4630,29.8767,18.6010,29.8767,5.8520,1,10.594,25.586
2381,DATA_20260324_120000.BIN,21.3581,34.7839,17.7643,34.7839,9.5370,1,15.731,18.367
2382,DATA_20260324_120000.BIN,11.4797,24.9532,12.1327,24.9532,2.5190,1,7.578,10.674
2383,DATA_20260324_120000.BIN,19.4399,32.9256,22.4145,32.9256,7.4140,1,10.169,10.706
2384,DATA_20260324_120000.BIN,20.2624,33.5172,14.1133,33.5172,4.2680,1,14.668,15.782
2385,DATA_20260324_120000.BIN,14.1133,29.1541,14.6104,29.1541,6.6220,1,1.588,8.819
2386,DATA_20260324_120000.BIN,21.2509,32.6075,15.9597,32.6075,9.4930,1,11.503,13.837
2387,DATA_20260324_120000.BIN,15.9597,31.1768,20.3712,31.1768,4.2680,1,2.847,8.694
2388,DATA_20260324_120000.BIN,25.9128,52.0896,31.1583,52.0896,4.9390,1,23.866,25.000
2389,DATA_20260324_130000.BIN,11.2530,19.0779,8.4439,19.0779,7.7990,1,8.068,9.460
2390,DATA_20260324_130000.BIN,12.5034,20.8171,11.4986,20.8171,3.2780,1,5.445,8.289
2391,DATA_20260324_130000.BIN,11.4986,22.7753,9.9348,22.7753,4.5430,1,6.065,6.233
2392,DATA_20260324_130000.BIN,9.9348,22.2023,6.9277,22.2023,6.2260,1,7.364,7.681
2393,DATA_20260324_130000.BIN,8.7655,22.4613,15.4080,22.4613,5.9730,1,7.934,10.770
2394,DATA_20260324_130000.BIN,15.3153,24.1342,12.3386,24.1342,2.6620,1,0.614,2.302
2395,DATA_20260324_130000.BIN,12.9981,25.2155,12.5695,25.2155,8.1400,1,4.037,7.023
2396,DATA_20260324_130000.BIN,17.1450,43.2843,10.2732,43.2843,7.9200,1,13.408,13.844
2397,DATA_20260324_130000.BIN,6.9402,21.8044,10.3416,21.8044,6.6770,1,9.287,10.056
2398,DATA_20260324_130000.BIN,14.4146,25.2916,13.4477,25.2916,4.7410,1,4.579,4.696
2399,DATA_20260324_130000.BIN,11.3740,20.8614,3.1515,20.8614,4.1360,1,3.471,5.303
2400,DATA_20260324_130000.BIN,3.1515,17.4489,9.0290,17.4489,3.4210,1,16.516,17.378
2401,DATA_20260324_130000.BIN,9.0290,11.7048,7.2807,11.7048,1.5730,1,6.693,9.777
2402,DATA_20260324_130000.BIN,12.5025,19.5542,9.7640,19.5542,3.7070,1,5.722,6.437
2403,DATA_20260324_130000.BIN,9.7640,21.9637,10.2587,21.9637,6.3470,1,5.357,5.688
2404,DATA_20260324_130000.BIN,10.2587,17.7739,10.3845,17.7739,4.0150,1,4.453,6.455
2405,DATA_20260324_130000.BIN,11.8646,22.4067,8.9651,22.4067,5.5660,1,4.411,5.025
2406,DATA_20260324_130000.BIN,8.9651,18.0968,4.3504,18.0968,5.7750,1,5.602,5.669
2407,DATA_20260324_130000.BIN,4.3504,14.7594,6.7159,14.7594,5.0930,1,9.672,10.571
2408,DATA_20260324_130000.BIN,7.4830,17.9301,3.5549,17.9301,3.9050,1,3.807,4.238
2409,DATA_20260324_130000.BIN,3.5549,27.1332,10.9400,27.1332,6.8420,1,12.095,13.615
2410,DATA_20260324_130000.BIN,16.5964,25.3847,12.0991,25.3847,4.5100,1,10.250,10.383
2411,DATA_20260324_130000.BIN,11.6084,28.0632,12.6629,28.0632,5.9070,1,2.479,3.262
2412,DATA_20260324_130000.BIN,10.9396,18.8358,8.3570,18.8358,9.7900,1,4.538,4.842
2413,DATA_20260324_130000.BIN,10.7109,26.5545,10.9207,26.5545,3.3110,1,5.137,5.674
2414,DATA_20260324_130000.BIN,10.9207,22.8405,10.6392,22.8405,4.0590,1,3.313,3.382
2415,DATA_20260324_130000.BIN,10.6392,23.5505,15.2740,23.5505,8.8990,1,1.223,1.763
2416,DATA_20260324_130000.BIN,15.2740,30.0675,20.9383,30.0675,7.7330,1,13.859,14.144
2417,DATA_20260324_130000.BIN,20.9383,31.6029,9.9709,31.6029,9.9330,1,14.393,14.979
2418,DATA_20260324_130000.BIN,9.9709,23.2047,10.6905,23.2047,7.2050,1,1.452,5.118
2419,DATA_20260324_130000.BIN,11.2832,26.8653,10.1977,26.8653,4.6310,1,0.645,2.641
2420,DATA_20260324_130000.BIN,10.1977,26.4068,10.6622,26.4068,6.8420,1,1.948,2.205
2421,DATA_20260324_130000.BIN,13.8788,20.6744,9.6021,20.6744,8.0080,1,3.715,4.172
2422,DATA_20260324_130000.BIN,7.4808,17.9710,9.2429,17.9710,6.0060,1,4.225,4.251
2423,DATA_20260324_130000.BIN,21.4580,32.8231,7.9419,32.8231,4.0260,1,12.560,13.229
2424,DATA_20260324_130000.BIN,13.5877,23.6288,17.1608,23.6288,3.7290,1,2.797,5.950
2425,DATA_20260324_130000.BIN,17.1608,32.8484,8.6289,32.8484,2.6070,1,15.211,16.935
2426,DATA_20260324_130000.BIN,17.7177,29.7125,15.8440,29.7125,7.7770,1,6.794,7.493
2427,DATA_20260324_130000.BIN,15.8440,22.9873,12.4132,22.9873,3.7180,1,5.370,5.513
2428,DATA_20260324_130000.BIN,12.4132,26.8152,10.0211,26.8152,7.4140,1,3.052,3.904
2429,DATA_20260324_130000.BIN,12.3634,19.2702,7.5232,19.2702,6.1710,1,1.348,1.771
2430,DATA_20260324_130000.BIN,7.5232,19.5203,10.6224,19.5203,8.2610,1,6.564,6.901
2431,DATA_20260324_130000.BIN,0.3545,15.0377,0.6426,15.0377,6.1710,1,14.466,14.716
2432,DATA_20260324_130000.BIN,1.5047,14.7150,5.4149,14.7150,6.9850,1,12.230,14.429
2433,DATA_20260324_130000.BIN,9.6969,16.3804,6.4594,16.3804,3.4980,1,3.766,4.371
2434,DATA_20260324_130000.BIN,15.5714,28.6534,10.3551,28.6534,6.1050,1,6.826,7.702
2435,DATA_20260324_130000.BIN,7.9107,26.4291,11.5856,26.4291,7.8430,1,7.026,7.615
2436,DATA_20260324_130000.BIN,13.2151,27.7044,10.3764,27.7044,6.9410,1,12.568,13.028
2437,DATA_20260324_130000.BIN,10.3764,23.3233,11.0913,23.3233,2.4860,1,1.109,5.632
2438,DATA_20260324_130000.BIN,11.0913,25.5798,7.5132,25.5798,9.3830,1,2.500,4.498
2439,DATA_20260324_130000.BIN,7.5132,25.8724,6.2466,25.8724,8.3930,1,3.257,3.497
2440,DATA_20260324_130000.BIN,6.2466,14.8098,0.2874,14.8098,6.0170,1,4.988,5.070
2441,DATA_20260324_130000.BIN,12.5134,24.3366,11.2251,24.3366,5.0160,1,4.358,9.397
2442,DATA_20260324_130000.BIN,11.4375,24.5227,12.6697,24.5227,5.9290,1,2.821,5.308
2443,DATA_20260324_130000.BIN,1.1079,8.9474,1.2595,8.9474,6.0280,1,12.775,13.537
2444,DATA_20260324_130000.BIN,1.2595,13.8761,3.2152,13.8761,4.8620,1,9.662,9.716
2445,DATA_20260324_130000.BIN,3.2152,18.6700,2.5063,18.6700,5.7970,1,5.639,5.639
2446,DATA_20260324_130000.BIN,2.5063,15.5392,7.9071,15.5392,1.8810,1,5.802,6.089
2447,DATA_20260324_130000.BIN,7.9071,16.1460,7.7147,16.1460,4.2460,1,2.513,2.537
2448,DATA_20260324_130000.BIN,7.7147,24.9862,4.7805,24.9862,3.3330,1,1.218,3.302
2449,DATA_20260324_130000.BIN,4.7805,14.3283,5.1712,14.3283,6.6220,1,3.021,3.580
2450,DATA_20260324_130000.BIN,5.1477,14.7038,5.9212,14.7038,9.4820,1,2.136,2.202
2451,DATA_20260324_130000.BIN,5.9212,14.8978,4.8364,14.8978,6.4130,1,6.948,7.356
2452,DATA_20260324_130000.BIN,3.8840,11.4087,1.7094,11.4087,5.0050,1,7.665,7.686
2453,DATA_20260324_130000.BIN,1.7094,9.5644,1.1684,9.5644,6.5560,1,7.603,7.727
2454,DATA_20260324_130000.BIN,2.3661,14.3622,1.6359,14.3622,6.3690,1,3.388,4.326
2455,DATA_20260324_130000.BIN,3.0885,11.9305,0.2831,11.9305,2.7170,1,1.853,3.279
2456,DATA_20260324_130000.BIN,0.2831,18.3464,2.8934,18.3464,4.8400,1,5.444,7.931
2457,DATA_20260324_130000.BIN,2.6060,9.0624,1.6755,9.0624,4.3560,1,3.799,4.049
2458,DATA_20260324_130000.BIN,1.6755,21.4016,11.3862,21.4016,8.8880,1,3.334,3.569
2459,DATA_20260324_130000.BIN,6.5887,13.4368,7.6553,13.4368,8.1180,1,4.232,5.618
2460,DATA_20260324_130000.BIN,21.5468,33.0316,20.1032,33.0316,1.1990,1,20.817,21.678
2461,DATA_20260324_130000.BIN,7.8864,15.7168,3.8482,15.7168,2.1780,1,3.870,6.130
2462,DATA_20260324_130000.BIN,11.6283,19.4606,3.5937,19.4606,6.6770,1,7.527,7.703
2463,DATA_20260324_130000.BIN,4.2827,13.0110,3.1111,13.0110,6.6110,1,2.964,3.247
2464,DATA_20260324_130000.BIN,3.1111,24.8822,14.4393,24.8822,4.5540,1,3.612,5.818
2465,DATA_20260324_130000.BIN,14.4393,20.3046,5.7983,20.3046,4.9940,1,11.634,11.742
2466,DATA_20260324_130000.BIN,1.3594,13.7692,7.6108,13.7692,6.3360,1,6.090,8.629
2467,DATA_20260324_130000.BIN,5.4234,27.5565,1.0408,27.5565,8.4260,1,2.039,3.797
2468,DATA_20260324_130000.BIN,19.5666,32.3012,16.6278,32.3012,1.6060,1,16.047,16.470
2469,DATA_20260324_130000.BIN,1.2087,33.0751,0.3786,33.0751,4.8730,1,8.608,9.546
2470,DATA_20260324_130000.BIN,0.3786,13.2480,3.7702,13.2480,5.5770,1,7.394,7.409
2471,DATA_20260324_130000.BIN,1.2913,10.9833,1.8625,10.9833,2.8930,1,8.175,8.705
2472,DATA_20260324_130000.BIN,3.6071,14.7853,4.8966,14.7853,6.9410,1,2.841,6.803
2473,DATA_20260324_130000.BIN,4.8966,14.1689,6.6811,14.1689,3.3110,1,6.108,8.116
2474,DATA_20260324_130000.BIN,6.6811,14.4184,2.5053,14.4184,6.7430,1,2.611,2.639
2475,DATA_20260324_130000.BIN,2.5053,12.7171,5.6093,12.7171,7.4800,1,2.618,2.891
2476,DATA_20260324_130000.BIN,3.5270,16.0127,6.9041,16.0127,5.8850,1,1.537,6.401
2477,DATA_20260324_130000.BIN,9.3002,18.1044,8.0192,18.1044,3.5530,1,7.008,7.012
2478,DATA_20260324_130000.BIN,8.7322,18.7589,8.7082,18.7589,4.4660,1,4.837,4.837
2479,DATA_20260324_130000.BIN,8.8192,18.1911,5.3976,18.1911,3.8280,1,4.679,6.292
2480,DATA_20260324_130000.BIN,5.3976,20.4353,6.7301,20.4353,6.1380,1,4.251,4.375
2481,DATA_20260324_130000.BIN,0.6138,15.1875,0.4829,15.1875,4.5650,1,7.018,8.741
2482,DATA_20260324_130000.BIN,1.1918,9.7030,2.9149,9.7030,9.2400,1,4.568,4.624
2483,DATA_20260324_130000.BIN,0.3861,13.7474,0.8097,13.7474,8.7890,1,5.865,7.919
2484,DATA_20260324_130000.BIN,5.3274,12.9786,2.0634,12.9786,9.2840,1,11.089,14.242
2485,DATA_20260324_130000.BIN,1.5458,7.7406,0.2096,7.7406,9.1850,1,5.471,6.231
2486,DATA_20260324_130000.BIN,0.2096,13.7717,0.9801,13.7717,2.4860,1,3.049,5.379
2487,DATA_20260324_130000.BIN,3.3913,12.7651,2.1431,12.7651,6.0170,1,6.815,10.950
2488,DATA_20260324_130000.BIN,1.1630,33.7003,0.5543,33.7003,3.2230,1,6.389,14.728
2489,DATA_20260324_130000.BIN,0.5543,12.3492,2.7375,12.3492,7.5020,1,2.363,7.154
2490,DATA_20260324_130000.BIN,5.4219,13.3177,1.0222,13.3177,5.5660,1,9.775,14.345
2491,DATA_20260324_130000.BIN,5.0896,12.9286,2.8802,12.9286,7.0840,1,6.688,6.853
2492,DATA_20260324_130000.BIN,2.8802,15.2665,8.0003,15.2665,3.9160,1,4.080,4.835
2493,DATA_20260324_130000.BIN,8.0003,19.5303,5.7773,19.5303,4.3670,1,10.753,15.274
2494,DATA_20260324_130000.BIN,5.7773,28.3613,1.9703,28.3613,7.1060,1,10.193,13.096
2495,DATA_20260324_130000.BIN,1.9703,23.9122,3.6350,23.9122,5.9180,1,5.664,13.691
2496,DATA_20260324_130000.BIN,8.8590,18.1213,8.7206,18.1213,2.3650,1,11.495,13.895
2497,DATA_20260324_130000.BIN,8.7206,16.3851,4.8939,16.3851,6.9520,1,9.826,9.935
2498,DATA_20260324_130000.BIN,6.1301,16.0253,4.9780,16.0253,7.9310,1,5.828,6.606
2499,DATA_20260324_130000.BIN,4.9780,15.7468,5.2097,15.7468,5.3680,1,4.844,11.854
2500,DATA_20260324_130000.BIN,5.2097,22.5355,8.4692,22.5355,3.7070,1,3.889,4.059
2501,DATA_20260324_130000.BIN,4.8644,17.5484,6.0495,17.5484,2.9920,1,9.126,9.369
2502,DATA_20260324_130000.BIN,6.0495,19.6792,6.7283,19.6792,5.5990,1,8.819,9.806
2503,DATA_20260324_130000.BIN,6.7283,22.1129,4.9652,22.1129,2.8380,1,5.805,11.693
2504,DATA_20260324_130000.BIN,4.9652,24.1815,1.5565,24.1815,4.2460,1,4.634,16.676
2505,DATA_20260324_130000.BIN,1.5565,10.7265,3.6229,10.7265,4.3010,1,1.661,3.280
2506,DATA_20260324_130000.BIN,3.2290,19.1554,0.7729,19.1554,4.5430,1,6.282,9.333
2507,DATA_20260324_130000.BIN,0.7729,21.4851,2.4002,21.4851,2.3540,1,3.416,8.268
2508,DATA_20260324_130000.BIN,2.9014,19.0126,2.5999,19.0126,1.7380,1,6.928,9.121
2509,DATA_20260324_130000.BIN,1.1244,12.1333,2.8250,12.1333,3.5310,1,3.000,4.489
2510,DATA_20260324_130000.BIN,2.7570,24.2655,1.2858,24.2655,3.7950,1,3.292,3.664
2511,DATA_20260324_130000.BIN,1.2858,15.2708,2.0629,15.2708,8.6680,1,1.229,4.746
2512,DATA_20260324_130000.BIN,4.1262,12.9481,2.4990,12.9481,4.4990,1,4.777,4.915
2513,DATA_20260324_130000.BIN,5.7125,17.9322,2.2912,17.9322,8.3490,1,3.946,8.695
2514,DATA_20260324_130000.BIN,2.2912,11.5330,2.7251,11.5330,4.7080,1,2.370,7.005
2515,DATA_20260324_130000.BIN,1.4855,43.2911,33.6515,43.2911,4.3780,1,4.751,7.383
2516,DATA_20260324_130000.BIN,3.8294,12.8435,3.2908,12.8435,3.6850,1,3.508,3.937
2517,DATA_20260324_130000.BIN,4.7868,16.8677,8.3443,16.8677,5.9400,1,4.925,8.187
2518,DATA_20260324_130000.BIN,2.3467,15.2457,4.7315,15.2457,5.2140,1,4.509,7.034
2519,DATA_20260324_130000.BIN,7.0285,15.2830,1.5204,15.2830,4.4220,1,6.959,7.051
2520,DATA_20260324_130000.BIN,1.5204,21.7695,6.7178,21.7695,2.6510,1,6.535,11.657
2521,DATA_20260324_130000.BIN,5.7810,31.8682,2.3429,31.8682,2.4200,1,11.774,15.238
2522,DATA_20260324_130000.BIN,4.0920,14.6201,3.6280,14.6201,9.6030,1,3.995,4.239
2523,DATA_20260324_130000.BIN,3.6280,38.9034,21.3336,38.9034,4.3340,1,2.622,3.164
2524,DATA_20260324_130000.BIN,21.3336,41.4218,1.1738,41.4218,5.7420,1,26.554,28.916
2525,DATA_20260324_130000.BIN,1.1738,41.6088,29.7565,41.6088,4.0150,1,1.583,2.415
2526,DATA_20260324_130000.BIN,29.7565,44.4731,5.5158,44.4731,7.0180,1,34.440,35.857
2527,DATA_20260324_130000.BIN,7.9493,17.1010,8.0419,17.1010,5.3790,1,12.966,13.543
2528,DATA_20260324_130000.BIN,8.0419,18.3477,8.7739,18.3477,8.4370,1,12.982,14.216
2529,DATA_20260324_130000.BIN,8.7739,16.6006,8.3120,16.6006,2.5740,1,12.585,13.104
2530,DATA_20260324_130000.BIN,6.9914,18.7049,5.9876,18.7049,4.4770,1,8.971,9.728
2531,DATA_20260324_130000.BIN,7.8689,20.4103,10.7633,20.4103,9.2180,1,8.673,8.730
2532,DATA_20260324_130000.BIN,6.6766,14.0853,6.6913,14.0853,8.8440,1,7.048,7.057
2533,DATA_20260324_130000.BIN,6.6913,16.9119,8.3610,16.9119,7.0730,1,7.784,9.757
2534,DATA_20260324_130000.BIN,9.2383,19.1128,11.4120,19.1128,3.1130,1,10.498,10.998
2535,DATA_20260324_130000.BIN,6.6719,13.3831,4.7595,13.3831,2.2110,1,7.019,7.691
2536,DATA_20260324_140000.BIN,5.6139,11.8969,5.0309,11.8969,3.5090,1,1.809,2.589
2537,DATA_20260324_140000.BIN,1.1710,10.9853,1.9965,10.9853,2.3980,1,6.544,6.595
2538,DATA_20260324_140000.BIN,1.9965,14.6457,6.9614,14.6457,3.6410,1,4.452,8.372
2539,DATA_20260324_140000.BIN,9.0717,28.0321,12.3250,28.0321,7.2710,1,10.777,11.756
2540,DATA_20260324_140000.BIN,12.3250,45.1301,37.4123,45.1301,4.0920,1,8.748,13.053
2541,DATA_20260324_140000.BIN,44.8830,50.3258,44.4617,50.3258,5.8960,1,52.735,57.132
2542,DATA_20260324_140000.BIN,44.4617,48.4613,40.0987,48.4613,7.9420,1,45.791,47.261
2543,DATA_20260324_140000.BIN,40.0987,44.3127,28.4965,44.3127,8.3600,1,34.177,36.979
2544,DATA_20260324_140000.BIN,28.4965,37.7851,21.0010,37.7851,2.4090,1,17.773,23.598
2545,DATA_20260324_140000.BIN,21.0010,50.3677,8.5880,50.3677,4.5760,1,6.920,14.803
2546,DATA_20260324_140000.BIN,5.8020,12.1345,4.5392,12.1345,1.8370,1,16.505,16.972
2547,DATA_20260324_140000.BIN,4.5392,14.6760,10.2504,14.6760,2.6180,1,15.493,16.749
2548,DATA_20260324_140000.BIN,3.7124,11.1445,4.2934,11.1445,1.3200,1,14.982,17.130
2549,DATA_20260324_140000.BIN,4.2934,14.2654,8.1399,14.2654,7.2270,1,13.154,15.034
2550,DATA_20260324_140000.BIN,1.7267,9.8946,1.2353,9.8946,3.0360,1,14.561,14.641
2551,DATA_20260324_140000.BIN,1.2353,9.0114,1.0226,9.0114,1.3420,1,13.097,13.596
2552,DATA_20260324_140000.BIN,1.0226,7.2512,1.2411,7.2512,1.3200,1,14.264,14.779
2553,DATA_20260324_140000.BIN,1.6223,7.1653,3.2600,7.1653,1.3970,1,11.673,13.210
2554,DATA_20260324_140000.BIN,3.2600,8.9407,0.5264,8.9407,2.5520,1,7.105,8.340
2555,DATA_20260324_140000.BIN,2.6958,9.9347,2.1630,9.9347,1.1000,1,10.694,10.935
2556,DATA_20260324_140000.BIN,2.1630,11.4971,2.6345,11.4971,1.1660,1,7.686,8.065
2557,DATA_20260324_140000.BIN,2.6345,9.6642,1.9054,9.6642,1.1220,1,11.106,11.109
2558,DATA_20260324_140000.BIN,1.9054,12.1101,0.7155,12.1101,1.2210,1,5.117,5.132
2559,DATA_20260324_140000.BIN,0.7155,9.8515,2.5672,9.8515,1.1000,1,6.082,6.202
2560,DATA_20260324_140000.BIN,2.5672,10.9586,3.1528,10.9586,1.1770,1,3.000,4.037
2561,DATA_20260324_140000.BIN,4.3704,25.6721,9.3354,25.6721,3.7950,1,3.388,3.406
2562,DATA_20260324_140000.BIN,6.3977,30.9034,1.1725,30.9034,5.0710,1,5.335,9.884
2563,DATA_20260324_140000.BIN,1.2162,8.5683,2.2664,8.5683,2.0790,1,4.796,5.441
2564,DATA_20260324_140000.BIN,2.2664,15.4842,1.1074,15.4842,3.1570,1,6.680,6.690
2565,DATA_20260324_140000.BIN,1.1074,8.7201,1.1823,8.7201,1.5510,1,5.399,5.603
2566,DATA_20260324_140000.BIN,1.1823,8.8666,0.6092,8.8666,1.3310,1,3.896,3.975
2567,DATA_20260324_140000.BIN,0.6092,7.6798,2.6111,7.6798,1.8260,1,2.926,3.174
2568,DATA_20260324_140000.BIN,2.6111,9.7196,5.6965,9.7196,9.3720,1,1.655,1.959
2569,DATA_20260324_140000.BIN,5.6965,11.6440,4.1883,11.6440,5.1810,1,2.677,8.951
2570,DATA_20260324_140000.BIN,4.1883,31.7495,19.5972,31.7495,2.6840,1,1.341,2.327
2571,DATA_20260324_140000.BIN,19.5972,35.7502,4.1006,35.7502,3.2340,1,20.576,27.978
2572,DATA_20260324_140000.BIN,4.1006,10.1975,2.7038,10.1975,1.7160,1,1.568,6.697
2573,DATA_20260324_140000.BIN,2.7038,9.4767,4.9986,9.4767,3.2340,1,3.665,6.349
2574,DATA_20260324_140000.BIN,0.3197,9.0797,0.9640,9.0797,2.0570,1,5.047,5.056
2575,DATA_20260324_140000.BIN,1.6347,9.7448,0.9827,9.7448,3.0250,1,4.279,4.548
2576,DATA_20260324_140000.BIN,3.0077,8.5272,1.2423,8.5272,2.8380,1,5.305,7.347
2577,DATA_20260324_140000.BIN,1.2423,44.6130,1.7462,44.6130,9.2620,1,4.848,4.939
2578,DATA_20260324_140000.BIN,1.7462,14.4404,9.9559,14.4404,2.3320,1,5.920,11.515
2579,DATA_20260324_140000.BIN,1.9313,7.2825,1.9772,7.2825,2.6840,1,4.690,5.732
2580,DATA_20260324_140000.BIN,0.7613,18.3386,2.2494,18.3386,8.1950,1,2.699,2.918
2581,DATA_20260324_140000.BIN,6.5117,14.4200,7.1890,14.4200,2.6180,1,5.562,6.072
2582,DATA_20260324_140000.BIN,7.1890,24.6792,4.2821,24.6792,4.2460,1,5.632,5.652
2583,DATA_20260324_140000.BIN,4.2821,11.4084,3.2750,11.4084,3.3110,1,1.904,3.504
2584,DATA_20260324_140000.BIN,3.2750,13.2692,2.1708,13.2692,5.5990,1,1.127,1.732
2585,DATA_20260324_140000.BIN,2.1708,19.4679,5.4661,19.4679,5.5770,1,6.020,6.545
2586,DATA_20260324_140000.BIN,5.4661,17.1051,12.3886,17.1051,8.2610,1,5.646,5.647
2587,DATA_20260324_140000.BIN,12.3886,21.6207,1.2078,21.6207,2.9260,1,12.149,12.189
2588,DATA_20260324_140000.BIN,1.2078,9.4656,1.9810,9.4656,2.1780,1,3.065,5.571
2589,DATA_20260324_140000.BIN,2.7218,9.5496,1.2337,9.5496,1.1110,1,5.722,6.787
2590,DATA_20260324_140000.BIN,1.2337,8.1934,0.4802,8.1934,1.1000,1,4.075,4.845
2591,DATA_20260324_140000.BIN,0.4802,8.5668,1.5919,8.5668,1.1770,1,2.636,2.822
2592,DATA_20260324_140000.BIN,1.5919,10.7896,0.7897,10.7896,1.1990,1,2.665,5.814
2593,DATA_20260324_140000.BIN,0.7897,10.7709,0.4533,10.7709,1.0450,1,2.330,5.680
2594,DATA_20260324_140000.BIN,0.4533,8.9595,0.9276,8.9595,1.1660,1,1.933,3.597
2595,DATA_20260324_140000.BIN,0.9276,8.2838,0.9000,8.2838,3.1460,1,2.216,3.540
2596,DATA_20260324_140000.BIN,0.8077,10.7997,2.9757,10.7997,1.0560,1,1.449,3.580
2597,DATA_20260324_140000.BIN,1.4038,12.3561,3.9920,12.3561,3.9050,1,1.817,1.850
2598,DATA_20260324_140000.BIN,3.9920,45.4470,16.0872,45.4470,4.7960,1,4.201,5.613
2599,DATA_20260324_140000.BIN,16.0872,44.3865,37.4412,44.3865,3.5860,1,18.063,19.098
2600,DATA_20260324_140000.BIN,31.6932,42.3693,1.7549,42.3693,3.6960,1,37.393,43.222
2601,DATA_20260324_140000.BIN,1.7549,9.1147,3.0624,9.1147,4.7960,1,8.659,10.554
2602,DATA_20260324_140000.BIN,3.0624,13.6103,3.7912,13.6103,3.0250,1,8.209,8.432
2603,DATA_20260324_140000.BIN,1.7506,16.6568,3.7519,16.6568,3.5860,1,7.001,7.680
2604,DATA_20260324_140000.BIN,1.5622,7.5798,2.6168,7.5798,2.4640,1,5.850,6.152
2605,DATA_20260324_140000.BIN,2.6168,17.0156,6.0124,17.0156,3.6740,1,3.209,4.005
2606,DATA_20260324_140000.BIN,6.0124,11.3693,4.0236,11.3693,1.6720,1,3.767,3.810
2607,DATA_20260324_140000.BIN,4.0236,10.2016,2.2105,10.2016,2.0570,1,1.475,4.500
2608,DATA_20260324_140000.BIN,1.8680,20.4171,2.2997,20.4171,3.7510,1,5.727,6.087
2609,DATA_20260324_140000.BIN,2.2997,43.4051,3.8132,43.4051,4.9940,1,3.184,8.025
2610,DATA_20260324_140000.BIN,2.6557,16.3677,1.6176,16.3677,2.2220,1,4.331,5.200
2611,DATA_20260324_140000.BIN,3.7696,8.6001,1.0307,8.6001,4.4770,1,2.014,2.123
2612,DATA_20260324_140000.BIN,1.0307,8.5510,0.9409,8.5510,1.6720,1,1.855,5.835
2613,DATA_20260324_140000.BIN,0.9409,5.5631,1.2971,5.5631,4.0920,1,3.980,7.435
2614,DATA_20260324_140000.BIN,1.2971,10.4486,1.8466,10.4486,3.5970,1,3.565,3.569
2615,DATA_20260324_140000.BIN,1.9883,6.3184,1.2054,6.3184,2.3430,1,4.927,9.522
2616,DATA_20260324_140000.BIN,1.2054,8.1732,3.0228,8.1732,2.1780,1,1.271,10.772
2617,DATA_20260324_140000.BIN,2.0203,23.2629,2.5068,23.2629,3.4540,1,0.903,0.907
2618,DATA_20260324_140000.BIN,2.5068,8.0084,1.2652,8.0084,5.3350,1,4.867,7.214
2619,DATA_20260324_140000.BIN,1.2652,6.1731,1.1785,6.1731,2.1340,1,2.737,16.073
2620,DATA_20260324_140000.BIN,1.1785,9.9184,4.4599,9.9184,4.9830,1,1.755,4.436
2621,DATA_20260324_140000.BIN,4.4599,9.7393,0.0765,9.7393,6.7210,1,4.318,7.342
2622,DATA_20260324_140000.BIN,1.1153,5.9003,1.0369,5.9003,4.3230,1,2.676,10.723
2623,DATA_20260324_140000.BIN,1.0369,11.4267,3.3439,11.4267,2.2550,1,1.657,1.809
2624,DATA_20260324_140000.BIN,1.6835,30.0594,1.2676,30.0594,6.6660,1,2.401,2.403
2625,DATA_20260324_140000.BIN,1.3850,30.5630,1.4380,30.5630,6.4130,1,1.313,1.434
2626,DATA_20260324_140000.BIN,1.4380,35.5280,2.9768,35.5280,9.3280,1,2.531,3.584
2627,DATA_20260324_140000.BIN,2.9768,11.0569,1.6728,11.0569,4.8730,1,4.077,5.583
2628,DATA_20260324_140000.BIN,1.6728,8.2556,1.0492,8.2556,1.7930,1,1.629,4.312
2629,DATA_20260324_140000.BIN,1.0492,14.8718,5.8331,14.8718,1.7710,1,2.534,14.601
2630,DATA_20260324_140000.BIN,2.8575,44.7789,5.2429,44.7789,4.5320,1,3.126,3.151
2631,DATA_20260324_140000.BIN,5.2429,22.0107,7.5816,22.0107,2.6290,1,6.435,7.242
2632,DATA_20260324_140000.BIN,7.5816,45.0891,4.9503,45.0891,3.6080,1,8.750,8.953
2633,DATA_20260324_140000.BIN,4.9503,10.5404,0.1615,10.5404,5.1040,1,4.345,4.557
2634,DATA_20260324_140000.BIN,1.6341,23.3241,0.9598,23.3241,4.1360,1,2.089,3.025
2635,DATA_20260324_140000.BIN,0.9598,19.2988,12.8062,19.2988,3.9820,1,0.723,11.336
2636,DATA_20260324_140000.BIN,12.8062,39.0816,18.2655,39.0816,2.6840,1,13.439,13.904
2637,DATA_20260324_140000.BIN,18.2655,43.2102,13.9065,43.2102,3.5860,1,21.123,21.794
2638,DATA_20260324_140000.BIN,13.9065,30.9455,4.9422,30.9455,4.1690,1,12.953,15.588
2639,DATA_20260324_140000.BIN,5.6767,16.3181,10.4188,16.3181,4.3120,1,5.567,7.310
2640,DATA_20260324_140000.BIN,1.5121,37.9828,1.1245,37.9828,7.3040,1,5.102,6.799
2641,DATA_20260324_140000.BIN,3.4855,15.0901,1.7681,15.0901,3.2890,1,2.003,2.947
2642,DATA_20260324_140000.BIN,1.8251,9.3325,1.9999,9.3325,3.6850,1,3.486,4.409
2643,DATA_20260324_140000.BIN,1.9999,8.4719,2.1882,8.4719,7.6890,1,6.917,9.437
2644,DATA_20260324_140000.BIN,1.1978,6.0795,0.7531,6.0795,4.5430,1,2.608,5.775
2645,DATA_20260324_140000.BIN,1.2001,11.6224,0.5672,11.6224,5.5000,1,4.568,7.084
2646,DATA_20260324_140000.BIN,4.3630,8.5535,4.2653,8.5535,7.1830,1,4.922,12.368
2647,DATA_20260324_140000.BIN,7.6959,12.2572,5.3373,12.2572,5.5660,1,5.662,9.003
2648,DATA_20260324_140000.BIN,5.3373,20.0455,2.9005,20.0455,6.6110,1,3.975,7.137
2649,DATA_20260324_140000.BIN,2.9005,20.2333,9.8118,20.2333,7.1500,1,2.950,4.141
2650,DATA_20260324_140000.BIN,4.1237,12.8760,1.1356,12.8760,6.0280,1,4.134,5.038
2651,DATA_20260324_140000.BIN,1.1356,6.3200,1.9130,6.3200,1.9690,1,2.352,2.537
2652,DATA_20260324_140000.BIN,1.9130,10.5643,3.4934,10.5643,3.9160,1,1.953,4.682
2653,DATA_20260324_140000.BIN,3.4934,8.5184,2.6762,8.5184,2.4310,1,2.525,9.762
2654,DATA_20260324_140000.BIN,2.6762,7.5736,0.5513,7.5736,1.3970,1,0.689,1.377
2655,DATA_20260324_140000.BIN,0.5513,10.1485,4.3860,10.1485,3.5420,1,2.845,3.597
2656,DATA_20260324_140000.BIN,1.9091,8.5513,1.7844,8.5513,1.5290,1,1.962,5.155
2657,DATA_20260324_140000.BIN,0.3729,6.4904,1.3818,6.4904,2.2770,1,3.240,3.709
2658,DATA_20260324_140000.BIN,1.3818,9.5018,1.0774,9.5018,3.8610,1,3.959,4.065
2659,DATA_20260324_140000.BIN,0.5016,12.2743,3.1099,12.2743,5.8190,1,2.530,2.610
2660,DATA_20260324_140000.BIN,3.1099,12.8347,0.8981,12.8347,7.7550,1,4.163,4.164
2661,DATA_20260324_140000.BIN,0.8981,5.5182,1.8521,5.5182,4.6750,1,2.909,3.086
2662,DATA_20260324_140000.BIN,1.8521,8.4301,0.4525,8.4301,6.1600,1,2.477,2.532
2663,DATA_20260324_140000.BIN,1.1532,8.8653,0.5188,8.8653,2.8710,1,2.010,3.691
2664,DATA_20260324_140000.BIN,0.5188,7.0724,1.3592,7.0724,4.8620,1,1.258,6.279
2665,DATA_20260324_140000.BIN,0.6100,11.7153,2.3707,11.7153,4.0810,1,1.830,2.938
2666,DATA_20260324_140000.BIN,2.3707,30.6413,0.9559,30.6413,6.2590,1,3.078,6.780
2667,DATA_20260324_140000.BIN,0.9559,18.9302,7.8133,18.9302,3.9270,1,1.941,4.992
2668,DATA_20260324_140000.BIN,7.8133,14.7143,8.9180,14.7143,3.6520,1,9.705,17.878
2669,DATA_20260324_140000.BIN,12.9057,43.2969,29.0882,43.2969,5.1260,1,14.588,14.618
2670,DATA_20260324_140000.BIN,24.4987,32.0672,22.9129,32.0672,3.7510,1,26.444,26.784
2671,DATA_20260324_140000.BIN,22.9129,33.4716,29.4029,33.4716,4.0150,1,24.773,31.411
2672,DATA_20260324_140000.BIN,29.4029,33.4496,25.7801,33.4496,5.9290,1,29.638,30.898
2673,DATA_20260324_140000.BIN,23.0146,35.8590,31.1796,35.8590,3.0580,1,18.078,18.154
2674,DATA_20260324_140000.BIN,31.1796,35.1487,29.8775,35.1487,3.9380,1,29.421,32.750
2675,DATA_20260324_140000.BIN,26.5461,33.5272,28.0603,33.5272,2.7610,1,19.226,20.219
2676,DATA_20260324_140000.BIN,21.0261,32.5851,16.4242,32.5851,6.0500,1,10.963,11.762
2677,DATA_20260324_140000.BIN,16.4242,25.6822,9.7280,25.6822,3.1020,1,10.364,13.347
2678,DATA_20260324_140000.BIN,9.7280,31.4849,20.3743,31.4849,5.9400,1,13.327,13.329
2679,DATA_20260324_140000.BIN,20.3743,29.2830,18.3517,29.2830,5.0930,1,9.646,12.243
2680,DATA_20260324_140000.BIN,18.3517,32.7135,24.2191,32.7135,8.8330,1,9.911,11.670
2681,DATA_20260324_140000.BIN,24.2191,30.6346,21.5775,30.6346,4.1580,1,11.942,12.758
2682,DATA_20260324_140000.BIN,21.5775,32.4070,13.5233,32.4070,7.1170,1,8.623,11.200
2683,DATA_20260324_140000.BIN,13.5233,39.8343,19.1536,39.8343,9.2180,1,1.497,11.308
2684,DATA_20260324_140000.BIN,19.1536,32.2152,0.7156,32.2152,9.2840,1,10.888,16.706
2685,DATA_20260324_140000.BIN,1.6521,33.4772,16.5718,33.4772,7.9310,1,18.225,18.713
2686,DATA_20260324_140000.BIN,16.5718,32.5386,27.3479,32.5386,3.7730,1,3.395,7.565
2687,DATA_20260324_140000.BIN,12.0139,19.5418,9.2585,19.5418,6.7430,1,5.007,10.294
2688,DATA_20260324_140000.BIN,9.2585,35.6496,25.0329,35.6496,6.9960,1,9.944,11.135
2689,DATA_20260324_140000.BIN,25.0329,30.5147,9.9304,30.5147,2.7610,1,18.008,18.036
2690,DATA_20260324_140000.BIN,9.9304,42.5637,8.7029,42.5637,7.1060,1,6.860,8.624
2691,DATA_20260324_140000.BIN,8.7029,22.1466,17.6866,22.1466,3.9270,1,6.859,6.878
2692,DATA_20260324_140000.BIN,4.9644,10.1619,3.3426,10.1619,2.7500,1,13.011,13.018
2693,DATA_20260324_140000.BIN,16.6450,25.3913,12.3788,25.3913,2.6730,1,6.271,8.199
2694,DATA_20260324_140000.BIN,12.3788,25.4687,3.0372,25.4687,5.9840,1,6.295,6.296
2695,DATA_20260324_140000.BIN,3.0372,26.6657,20.2930,26.6657,4.1470,1,15.039,19.378
2696,DATA_20260324_140000.BIN,20.2930,28.0899,8.2778,28.0899,7.9530,1,10.357,10.682
2697,DATA_20260324_140000.BIN,8.2778,12.4495,6.5013,12.4495,2.2990,1,6.334,9.658
2698,DATA_20260324_140000.BIN,6.5013,33.9605,20.8140,33.9605,4.0810,1,8.313,9.731
2699,DATA_20260324_140000.BIN,20.8140,37.2598,12.3493,37.2598,6.0610,1,14.779,18.515
2700,DATA_20260324_140000.BIN,12.3493,45.0063,3.0998,45.0063,3.4100,1,9.903,15.838
2701,DATA_20260324_140000.BIN,3.0998,12.3502,0.4730,12.3502,8.6130,1,10.713,10.815
2702,DATA_20260324_140000.BIN,0.4730,23.8613,1.3510,23.8613,9.4050,1,12.696,13.298
2703,DATA_20260324_140000.BIN,0.7994,6.3647,1.5263,6.3647,2.0900,1,10.765,10.765
2704,DATA_20260324_140000.BIN,1.5263,48.6953,2.3302,48.6953,8.5470,1,11.764,11.947
2705,DATA_20260324_140000.BIN,3.2460,13.1606,5.0493,13.1606,3.2340,1,8.067,8.270
2706,DATA_20260324_140000.BIN,5.0493,10.2594,1.4409,10.2594,2.1230,1,14.116,14.277
2707,DATA_20260324_140000.BIN,1.4409,8.8898,2.2976,8.8898,3.3440,1,9.647,11.673
2708,DATA_20260324_140000.BIN,2.2976,25.7351,18.7726,25.7351,3.3220,1,7.183,7.426
2709,DATA_20260324_140000.BIN,1.6840,9.8148,1.9014,9.8148,1.2980,1,5.246,11.030
2710,DATA_20260324_140000.BIN,1.9014,13.9426,2.7222,13.9426,4.0590,1,5.174,7.011
2711,DATA_20260324_140000.BIN,1.1137,49.0755,3.2472,49.0755,5.2360,1,5.013,5.020
2712,DATA_20260324_140000.BIN,3.2472,14.4382,5.7340,14.4382,5.1700,1,6.037,9.326
2713,DATA_20260324_140000.BIN,5.7340,11.0149,2.8780,11.0149,1.9250,1,8.851,8.996
2714,DATA_20260324_140000.BIN,1.1639,18.8460,12.7558,18.8460,4.3670,1,4.829,4.865
2715,DATA_20260324_140000.BIN,12.7558,30.9449,18.6833,30.9449,6.2590,1,12.426,12.991
2716,DATA_20260324_140000.BIN,3.7089,38.9279,0.8503,38.9279,8.3490,1,3.605,4.018
2717,DATA_20260324_140000.BIN,0.8503,8.5049,0.7454,8.5049,1.8920,1,4.367,5.966
2718,DATA_20260324_140000.BIN,0.7454,46.1339,6.3046,46.1339,4.6090,1,3.195,3.754
2719,DATA_20260324_140000.BIN,1.4136,7.1862,0.1626,7.1862,6.0170,1,1.806,2.211
2720,DATA_20260324_140000.BIN,4.1519,12.0557,5.2970,12.0557,3.5530,1,1.775,5.403
2721,DATA_20260324_140000.BIN,5.2970,35.9930,18.5787,35.9930,3.1020,1,3.551,4.334
2722,DATA_20260324_140000.BIN,18.5787,23.6410,11.1366,23.6410,3.7620,1,19.496,21.587
2723,DATA_20260324_140000.BIN,11.1366,34.1791,2.3181,34.1791,9.9990,1,9.437,14.246
2724,DATA_20260324_140000.BIN,2.3181,45.3162,0.4619,45.3162,4.0480,1,4.934,4.938
2725,DATA_20260324_140000.BIN,0.4619,6.6696,0.5156,6.6696,5.7420,1,6.636,11.309
2726,DATA_20260324_140000.BIN,2.0035,8.7939,1.9056,8.7939,2.6070,1,5.259,5.277
2727,DATA_20260324_140000.BIN,0.7923,8.9963,1.0279,8.9963,5.8520,1,5.041,12.172
2728,DATA_20260324_140000.BIN,1.0279,7.6074,1.1937,7.6074,2.0240,1,4.903,5.114
2729,DATA_20260324_140000.BIN,1.1937,12.1071,1.6377,12.1071,5.5660,1,2.580,2.987
2730,DATA_20260324_140000.BIN,1.3435,8.0503,2.1072,8.0503,5.1150,1,3.846,3.884
2731,DATA_20260324_140000.BIN,2.1072,35.5991,16.5587,35.5991,3.4210,1,2.315,2.409
2732,DATA_20260324_140000.BIN,16.5587,36.5176,1.2765,36.5176,1.9910,1,17.873,23.728
2733,DATA_20260324_140000.BIN,0.4577,6.6574,2.2143,6.6574,2.3540,1,5.455,9.633
2734,DATA_20260324_140000.BIN,1.5308,34.7488,12.7850,34.7488,6.6110,1,3.140,4.221
2735,DATA_20260324_140000.BIN,12.7850,18.7327,2.9904,18.7327,4.7300,1,11.884,14.555
2736,DATA_20260324_140000.BIN,5.0650,14.1493,5.7262,14.1493,3.5640,1,1.716,3.192
2737,DATA_20260324_140000.BIN,0.6155,5.9874,0.4692,5.9874,4.5540,1,6.240,11.152
2738,DATA_20260324_140000.BIN,0.4692,9.7175,2.4704,9.7175,5.5440,1,5.174,6.739
2739,DATA_20260324_140000.BIN,2.4704,13.9223,0.5835,13.9223,2.4310,1,1.649,6.206
2740,DATA_20260324_140000.BIN,0.5835,12.4405,2.6903,12.4405,5.8850,1,3.974,5.795
2741,DATA_20260324_140000.BIN,2.6903,12.2965,2.5999,12.2965,7.2820,1,4.991,6.691
2742,DATA_20260324_140000.BIN,0.8274,7.8985,1.8052,7.8985,2.8710,1,1.697,2.565
2743,DATA_20260324_140000.BIN,1.1099,46.4729,35.5791,46.4729,6.1160,1,2.993,4.526
2744,DATA_20260324_140000.BIN,35.5791,49.4021,0.4817,49.4021,6.7320,1,42.746,48.743
2745,DATA_20260324_140000.BIN,0.7079,21.8184,1.5387,21.8184,6.5340,1,5.975,7.295
2746,DATA_20260324_140000.BIN,1.5387,22.4079,7.2283,22.4079,2.8490,1,4.401,4.549
2747,DATA_20260324_140000.BIN,7.2283,26.2823,1.1751,26.2823,2.6620,1,4.756,5.137
2748,DATA_20260324_140000.BIN,1.1751,9.0147,1.1520,9.0147,2.1670,1,6.893,10.893
2749,DATA_20260324_140000.BIN,2.0755,6.1737,1.0383,6.1737,8.2720,1,3.005,3.843
2750,DATA_20260324_140000.BIN,1.0383,8.4373,1.6291,8.4373,1.8810,1,5.697,5.800
2751,DATA_20260324_140000.BIN,1.6291,14.9684,9.6269,14.9684,4.4330,1,2.203,3.721
2752,DATA_20260324_140000.BIN,9.6269,17.1458,12.2447,17.1458,1.7930,1,8.219,9.319
2753,DATA_20260324_140000.BIN,4.7143,16.3248,3.1081,16.3248,7.1170,1,9.906,10.057
2754,DATA_20260324_140000.BIN,3.1081,9.1037,4.8485,9.1037,2.2880,1,6.276,6.511
2755,DATA_20260324_140000.BIN,4.8485,9.8992,3.4144,9.8992,6.4130,1,9.076,10.913
2756,DATA_20260324_140000.BIN,3.4144,40.4398,4.0971,40.4398,5.2140,1,5.910,5.917
2757,DATA_20260324_140000.BIN,4.0971,9.4500,4.3144,9.4500,5.7310,1,6.036,7.429
2758,DATA_20260324_140000.BIN,4.3144,42.3827,1.9816,42.3827,5.1370,1,6.770,13.072
2759,DATA_20260324_140000.BIN,4.2772,16.0098,1.1854,16.0098,2.6400,1,5.607,5.607
2760,DATA_20260324_140000.BIN,1.1854,32.5352,1.1453,32.5352,3.0800,1,1.270,3.473
2761,DATA_20260324_140000.BIN,1.1453,8.0991,3.2246,8.0991,2.3540,1,1.530,7.821
2762,DATA_20260324_140000.BIN,3.2246,7.5757,0.4287,7.5757,5.1920,1,3.887,4.519
2763,DATA_20260324_140000.BIN,3.1722,12.1353,3.4734,12.1353,5.1810,1,2.957,7.711
2764,DATA_20260324_140000.BIN,4.1568,8.6179,4.7475,8.6179,5.3460,1,3.675,11.484
2765,DATA_20260324_140000.BIN,4.7475,18.7976,3.6184,18.7976,2.0900,1,5.477,5.850
2766,DATA_20260324_140000.BIN,3.6184,9.5729,3.4024,9.5729,2.4420,1,3.929,4.934
2767,DATA_20260324_140000.BIN,5.5060,44.0349,0.9268,44.0349,3.9820,1,6.123,8.860
2768,DATA_20260324_140000.BIN,0.9268,20.6295,4.4320,20.6295,8.5690,1,2.022,2.463
2769,DATA_20260324_140000.BIN,4.4320,19.5001,5.5896,19.5001,2.7170,1,6.295,8.376
2770,DATA_20260324_140000.BIN,5.5896,22.9753,19.1770,22.9753,2.3100,1,7.828,13.574
2771,DATA_20260324_140000.BIN,12.6359,32.4281,8.2997,32.4281,8.4370,1,13.564,15.373
2772,DATA_20260324_140000.BIN,8.2997,21.7382,2.9650,21.7382,7.6340,1,9.553,13.808
2773,DATA_20260324_140000.BIN,0.5356,8.9022,1.5258,8.9022,4.7410,1,2.968,7.267
2774,DATA_20260324_140000.BIN,1.5258,9.4285,2.1336,9.4285,1.2210,1,4.288,5.166
2775,DATA_20260324_140000.BIN,2.1336,9.8264,1.5311,9.8264,1.2650,1,2.958,3.091
2776,DATA_20260324_140000.BIN,1.5616,11.0468,0.2475,11.0468,1.2430,1,0.474,2.518
2777,DATA_20260324_140000.BIN,4.7353,11.8693,6.0275,11.8693,1.5840,1,4.673,7.235
2778,DATA_20260324_140000.BIN,10.4315,14.7760,3.1298,14.7760,2.0900,1,13.698,15.745
2779,DATA_20260324_140000.BIN,3.1298,8.0915,3.5174,8.0915,1.7820,1,2.316,4.404
2780,DATA_20260324_140000.BIN,3.5174,10.5361,4.1611,10.5361,4.0480,1,2.905,3.142
2781,DATA_20260324_140000.BIN,2.0169,52.2218,0.8289,52.2218,9.4490,1,3.637,6.711
2782,DATA_20260324_140000.BIN,0.8289,15.6741,0.8642,15.6741,1.7050,1,2.124,4.811
2783,DATA_20260324_140000.BIN,0.8642,13.8304,6.5113,13.8304,1.6610,1,2.419,4.725
2784,DATA_20260324_140000.BIN,6.5113,14.7120,2.8633,14.7120,1.8150,1,7.643,9.342
2785,DATA_20260324_140000.BIN,0.8349,13.5571,0.4286,13.5571,3.8060,1,0.816,7.958
2786,DATA_20260324_140000.BIN,0.4286,7.3514,1.5011,7.3514,1.7380,1,2.593,8.543
2787,DATA_20260324_140000.BIN,1.5011,8.0568,0.7719,8.0568,3.3440,1,3.452,7.929
2788,DATA_20260324_140000.BIN,0.5708,9.2847,1.2986,9.2847,1.1990,1,1.585,3.381
2789,DATA_20260324_140000.BIN,1.2986,11.1675,2.7607,11.1675,1.9690,1,1.659,1.915
2790,DATA_20260324_140000.BIN,2.7607,10.5668,1.7436,10.5668,2.4530,1,3.876,5.265
2791,DATA_20260324_140000.BIN,1.7436,7.1338,0.4375,7.1338,3.4100,1,2.490,3.178
2792,DATA_20260324_140000.BIN,1.2905,12.2142,6.2410,12.2142,5.5880,1,2.029,4.361
2793,DATA_20260324_140000.BIN,6.2410,10.7773,1.3559,10.7773,3.7070,1,7.035,7.043
2794,DATA_20260324_140000.BIN,1.3559,9.4882,0.5440,9.4882,3.3660,1,2.848,4.940
2795,DATA_20260324_140000.BIN,0.5440,9.1134,0.8308,9.1134,2.8710,1,0.033,7.961
2796,DATA_20260324_140000.BIN,0.8308,13.6711,0.3401,13.6711,3.8830,1,1.222,1.341
2797,DATA_20260324_140000.BIN,0.3401,11.9985,5.0419,11.9985,3.8390,1,0.776,2.990
2798,DATA_20260324_140000.BIN,5.0419,15.2001,8.1669,15.2001,1.4300,1,5.340,7.164
2799,DATA_20260324_140000.BIN,8.1669,22.8597,2.9393,22.8597,4.3450,1,7.985,8.989
2800,DATA_20260324_140000.BIN,2.9393,8.4772,1.0440,8.4772,1.0780,1,3.635,4.468
2801,DATA_20260324_140000.BIN,1.0440,8.0982,3.3029,8.0982,3.2780,1,2.656,3.434
2802,DATA_20260324_140000.BIN,3.3029,13.3504,1.2710,13.3504,7.1610,1,5.097,15.488
2803,DATA_20260324_140000.BIN,9.2476,19.8765,0.5501,19.8765,5.5000,1,11.933,11.977
2804,DATA_20260324_140000.BIN,1.7364,11.5605,1.4462,11.5605,2.5300,1,1.791,6.438
2805,DATA_20260324_140000.BIN,1.4462,9.8690,3.5559,9.8690,2.3320,1,2.466,5.115
2806,DATA_20260324_140000.BIN,3.5559,14.9130,4.1770,14.9130,4.4770,1,3.642,4.004
2807,DATA_20260324_140000.BIN,4.1770,10.7911,6.4081,10.7911,4.2570,1,3.843,8.587
2808,DATA_20260324_140000.BIN,6.4081,12.5100,1.7102,12.5100,2.1890,1,6.669,8.342
2809,DATA_20260324_140000.BIN,1.7102,20.1987,2.3244,20.1987,6.0500,1,3.659,14.982
2810,DATA_20260324_140000.BIN,2.7097,16.1876,2.3978,16.1876,5.6650,1,4.457,7.614
2811,DATA_20260324_140000.BIN,2.3978,24.7439,7.2356,24.7439,2.5300,1,3.617,4.306
2812,DATA_20260324_140000.BIN,7.2356,15.4541,1.4237,15.4541,2.2770,1,7.477,10.763
2813,DATA_20260324_140000.BIN,3.2464,26.0815,1.1488,26.0815,3.6960,1,2.320,9.170
2814,DATA_20260324_140000.BIN,1.1488,9.9994,3.8338,9.9994,7.7330,1,2.674,2.934
2815,DATA_20260324_140000.BIN,3.8338,8.4754,2.8806,8.4754,2.3430,1,3.804,4.437
2816,DATA_20260324_140000.BIN,2.8806,24.8799,3.6032,24.8799,8.0740,1,2.199,2.771
2817,DATA_20260324_140000.BIN,6.2743,22.0703,10.4059,22.0703,7.4800,1,5.733,7.963
2818,DATA_20260324_140000.BIN,1.8034,9.5684,4.0604,9.5684,1.6390,1,1.080,11.180
2819,DATA_20260324_140000.BIN,4.0604,38.3029,0.7854,38.3029,5.5880,1,2.785,6.149
2820,DATA_20260324_140000.BIN,0.7854,6.8146,1.8225,6.8146,4.0260,1,1.587,4.834
2821,DATA_20260324_140000.BIN,1.8225,6.8763,0.5359,6.8763,2.9590,1,3.046,3.425
2822,DATA_20260324_140000.BIN,0.5359,13.3578,2.5579,13.3578,7.6340,1,1.442,1.446
2823,DATA_20260324_140000.BIN,2.5579,17.6753,1.8869,17.6753,3.7950,1,1.425,3.073
2824,DATA_20260324_140000.BIN,1.8869,8.3603,1.6291,8.3603,9.7240,1,1.201,2.778
2825,DATA_20260324_140000.BIN,1.6291,7.5759,0.2241,7.5759,2.3540,1,0.061,2.071
2826,DATA_20260324_140000.BIN,2.3678,7.3587,3.8148,7.3587,9.7790,1,3.529,7.357
2827,DATA_20260324_140000.BIN,3.8148,13.8502,0.4152,13.8502,1.8700,1,4.486,9.070
2828,DATA_20260324_140000.BIN,0.4152,21.0867,3.4839,21.0867,2.6620,1,1.200,3.006
2829,DATA_20260324_140000.BIN,1.4655,8.7767,4.0142,8.7767,1.3200,1,4.012,11.513
2830,DATA_20260324_140000.BIN,4.0142,12.4995,1.2233,12.4995,5.6320,1,3.342,4.587
2831,DATA_20260324_140000.BIN,6.9334,13.9946,2.1877,13.9946,3.8390,1,6.400,11.074
2832,DATA_20260324_140000.BIN,2.3684,7.6199,1.0385,7.6199,1.5950,1,0.781,5.063
2833,DATA_20260324_140000.BIN,1.0385,10.1650,3.9839,10.1650,5.7420,1,1.293,6.097
2834,DATA_20260324_140000.BIN,3.9839,11.7209,1.7431,11.7209,1.1220,1,2.883,5.080
2835,DATA_20260324_140000.BIN,1.7431,10.9497,4.9829,10.9497,2.1010,1,2.918,9.493
2836,DATA_20260324_140000.BIN,5.6042,11.8004,0.2069,11.8004,4.1360,1,4.586,4.758
2837,DATA_20260324_140000.BIN,0.2069,9.7342,1.6741,9.7342,5.1480,1,3.293,10.123
2838,DATA_20260324_140000.BIN,1.6741,14.6063,6.0532,14.6063,3.3220,1,0.933,3.898
2839,DATA_20260324_140000.BIN,6.0532,12.4053,3.8343,12.4053,4.6310,1,6.445,7.289
2840,DATA_20260324_140000.BIN,3.8343,8.5175,1.0974,8.5175,4.1690,1,2.219,7.559
2841,DATA_20260324_140000.BIN,1.0974,13.2041,6.9427,13.2041,6.0390,1,2.478,2.493
2842,DATA_20260324_140000.BIN,5.1966,11.7390,4.8664,11.7390,3.5970,1,4.309,10.553
2843,DATA_20260324_140000.BIN,4.8664,10.8958,2.8189,10.8958,1.7270,1,6.372,12.530
2844,DATA_20260324_140000.BIN,2.8189,10.4450,4.1681,10.4450,2.8270,1,0.880,2.253
2845,DATA_20260324_140000.BIN,4.1681,11.6062,3.3753,11.6062,1.9910,1,1.583,9.821
2846,DATA_20260324_140000.BIN,3.3753,11.9405,1.4954,11.9405,3.7070,1,1.577,8.689
2847,DATA_20260324_140000.BIN,1.4954,10.9061,4.3004,10.9061,2.1010,1,1.616,1.757
2848,DATA_20260324_140000.BIN,2.5847,24.2011,1.2562,24.2011,2.5630,1,2.699,2.813
2849,DATA_20260324_140000.BIN,0.5315,10.3378,2.4298,10.3378,4.1250,1,1.837,1.855
2850,DATA_20260324_140000.BIN,2.4298,9.0932,2.8192,9.0932,2.1780,1,2.682,2.793
2851,DATA_20260324_140000.BIN,2.8192,16.8903,3.6576,16.8903,3.3440,1,4.914,6.449
2852,DATA_20260324_140000.BIN,3.6576,12.7082,7.3009,12.7082,1.9800,1,2.583,2.905
2853,DATA_20260324_140000.BIN,5.7280,16.2539,1.6575,16.2539,6.6880,1,5.819,5.859
2854,DATA_20260324_140000.BIN,2.9514,14.6376,2.2307,14.6376,3.4760,1,1.709,1.717
2855,DATA_20260324_140000.BIN,1.2238,5.9737,0.3940,5.9737,2.4200,1,2.202,2.979
2856,DATA_20260324_140000.BIN,3.4918,8.7396,4.0768,8.7396,4.5540,1,3.708,8.150
2857,DATA_20260324_140000.BIN,4.0768,12.0762,5.0877,12.0762,1.5070,1,4.521,5.533
2858,DATA_20260324_140000.BIN,3.8338,12.3754,5.0627,12.3754,3.9270,1,2.906,5.481
2859,DATA_20260324_140000.BIN,5.0627,12.7921,4.7071,12.7921,4.7740,1,4.129,4.294
2860,DATA_20260324_140000.BIN,4.7071,13.6921,4.9021,13.6921,5.1150,1,1.804,7.437
2861,DATA_20260324_140000.BIN,4.9021,16.2408,3.6932,16.2408,3.9490,1,3.587,3.820
2862,DATA_20260324_140000.BIN,3.6932,14.6184,6.0004,14.6184,8.8110,1,1.077,1.262
2863,DATA_20260324_140000.BIN,6.0004,11.1879,3.8999,11.1879,2.2220,1,3.887,4.506
2864,DATA_20260324_140000.BIN,6.8457,16.1244,7.5312,16.1244,9.6360,1,3.976,4.642
2865,DATA_20260324_140000.BIN,7.5312,12.3074,7.5849,12.3074,6.9740,1,5.148,11.163
2866,DATA_20260324_140000.BIN,2.1775,18.0751,5.2622,18.0751,3.1240,1,5.269,5.806
2867,DATA_20260324_140000.BIN,5.2622,15.1178,7.1781,15.1178,3.1680,1,6.912,6.947
2868,DATA_20260324_140000.BIN,2.8079,9.8232,2.4535,9.8232,2.5410,1,0.849,1.616
2869,DATA_20260324_140000.BIN,2.4535,11.4545,1.5997,11.4545,2.7830,1,4.230,4.230
2870,DATA_20260324_140000.BIN,1.5997,10.1080,1.1395,10.1080,3.8170,1,5.074,6.382
2871,DATA_20260324_140000.BIN,1.1395,10.9510,5.3625,10.9510,2.2770,1,4.997,10.374
2872,DATA_20260324_140000.BIN,5.3625,14.8944,3.8505,14.8944,3.4430,1,8.566,11.608
2873,DATA_20260324_140000.BIN,3.8505,11.0752,0.9026,11.0752,3.5200,1,4.710,9.188
2874,DATA_20260324_140000.BIN,4.5116,11.7206,3.8553,11.7206,2.1120,1,4.669,5.546
2875,DATA_20260324_140000.BIN,3.8553,13.1716,1.4808,13.1716,5.6100,1,4.795,8.044
2876,DATA_20260324_140000.BIN,1.4808,10.2916,1.2875,10.2916,1.6390,1,0.916,0.922
2877,DATA_20260324_140000.BIN,1.2875,10.5760,1.5824,10.5760,2.1010,1,0.792,0.982
2878,DATA_20260324_140000.BIN,1.5824,14.8532,0.2671,14.8532,5.3350,1,2.075,2.434
2879,DATA_20260324_140000.BIN,0.2671,13.0384,1.4179,13.0384,2.5300,1,2.103,2.193
2880,DATA_20260324_140000.BIN,1.4179,8.4582,1.8521,8.4582,3.3330,1,3.583,4.408
2881,DATA_20260324_140000.BIN,1.8521,11.5102,3.1298,11.5102,1.3750,1,4.267,5.945
2882,DATA_20260324_140000.BIN,3.1298,29.0976,4.9981,29.0976,2.8160,1,5.061,6.656
2883,DATA_20260324_140000.BIN,4.9981,19.0725,10.3140,19.0725,2.4200,1,4.532,12.236
2884,DATA_20260324_140000.BIN,10.3140,22.6868,5.7651,22.6868,5.4230,1,11.400,15.408
2885,DATA_20260324_140000.BIN,5.7651,19.1781,12.3248,19.1781,1.4740,1,5.990,9.025
2886,DATA_20260324_140000.BIN,12.3248,22.6818,3.9017,22.6818,1.1770,1,16.127,18.352
2887,DATA_20260324_140000.BIN,6.4294,27.0866,1.8496,27.0866,3.5860,1,6.933,11.413
2888,DATA_20260324_140000.BIN,1.8496,14.0694,2.7157,14.0694,3.7400,1,3.652,3.811
2889,DATA_20260324_140000.BIN,2.7157,13.0406,2.6328,13.0406,3.8830,1,5.198,7.115
2890,DATA_20260324_140000.BIN,2.6328,9.5433,0.9062,9.5433,1.0780,1,4.103,5.426
2891,DATA_20260324_140000.BIN,0.9062,10.3759,1.2000,10.3759,1.0890,1,1.220,1.482
2892,DATA_20260324_140000.BIN,1.2000,11.7711,3.1478,11.7711,1.1000,1,1.827,3.270
2893,DATA_20260324_140000.BIN,3.1478,14.1346,4.3253,14.1346,1.1000,1,3.291,3.341
2894,DATA_20260324_140000.BIN,3.4316,12.8995,0.6307,12.8995,1.9250,1,3.310,3.478
2895,DATA_20260324_140000.BIN,0.1405,34.1530,3.7906,34.1530,5.0050,1,1.133,2.116
2896,DATA_20260324_140000.BIN,3.7906,17.3590,2.7050,17.3590,1.8590,1,3.515,4.912
2897,DATA_20260324_140000.BIN,2.7050,12.0073,0.7064,12.0073,2.1780,1,4.097,4.255
2898,DATA_20260324_140000.BIN,0.7064,10.9288,4.7369,10.9288,1.5180,1,1.046,8.706
2899,DATA_20260324_140000.BIN,4.7369,14.2611,1.9351,14.2611,5.4230,1,7.538,12.638
2900,DATA_20260324_140000.BIN,1.9351,17.0934,9.8826,17.0934,7.1500,1,2.021,2.175
2901,DATA_20260324_140000.BIN,9.8826,15.2746,3.5700,15.2746,2.2000,1,11.312,11.405
2902,DATA_20260324_140000.BIN,3.5700,10.3748,6.2059,10.3748,5.5660,1,3.980,4.901
2903,DATA_20260324_140000.BIN,6.2059,13.3728,6.1758,13.3728,2.3980,1,6.844,8.798
2904,DATA_20260324_140000.BIN,7.4775,14.1284,9.1434,14.1284,4.8620,1,6.720,9.277
2905,DATA_20260324_140000.BIN,4.6953,13.1383,6.8297,13.1383,4.1470,1,2.993,4.653
2906,DATA_20260324_140000.BIN,6.5252,14.8888,2.2423,14.8888,2.2770,1,6.457,6.988
2907,DATA_20260324_140000.BIN,2.2423,17.5351,3.6205,17.5351,2.9260,1,5.986,6.860
2908,DATA_20260324_140000.BIN,3.6205,12.2941,3.6561,12.2941,1.5400,1,5.829,5.914
2909,DATA_20260324_140000.BIN,3.6561,16.1291,4.1790,16.1291,4.9940,1,2.557,5.408
2910,DATA_20260324_140000.BIN,4.1790,16.7771,4.4587,16.7771,3.5200,1,2.929,7.734
2911,DATA_20260324_140000.BIN,4.4587,46.6926,5.2969,46.6926,5.6980,1,2.914,2.938
2912,DATA_20260324_140000.BIN,5.2969,15.3206,7.8535,15.3206,3.8060,1,4.258,7.583
2913,DATA_20260324_140000.BIN,7.8535,14.9998,5.4033,14.9998,6.3140,1,6.255,11.030
2914,DATA_20260324_140000.BIN,4.3871,39.2235,3.5378,39.2235,4.9500,1,2.468,6.565
2915,DATA_20260324_140000.BIN,3.5378,12.0458,2.8380,12.0458,1.2540,1,2.145,2.635
2916,DATA_20260324_140000.BIN,2.8380,8.8963,3.0686,8.8963,3.7070,1,1.565,1.573
2917,DATA_20260324_140000.BIN,3.0686,12.3862,3.1174,12.3862,8.0630,1,1.609,4.715
2918,DATA_20260324_140000.BIN,3.1174,23.2984,2.9670,23.2984,4.6310,1,2.309,4.164
2919,DATA_20260324_140000.BIN,16.9011,35.3010,3.6586,35.3010,9.5260,1,23.736,27.665
2920,DATA_20260324_140000.BIN,4.5943,13.2520,2.7756,13.2520,2.6290,1,6.222,7.285
2921,DATA_20260324_140000.BIN,3.3893,49.1546,0.4648,49.1546,4.3010,1,1.999,4.249
2922,DATA_20260324_140000.BIN,0.4648,10.2547,4.0749,10.2547,2.4640,1,3.420,5.126
2923,DATA_20260324_140000.BIN,4.0749,17.8671,6.3824,17.8671,5.5880,1,3.470,6.963
2924,DATA_20260324_140000.BIN,6.3824,15.1006,4.3511,15.1006,5.5110,1,6.109,6.110
2925,DATA_20260324_140000.BIN,4.3511,17.4732,3.5774,17.4732,4.5320,1,5.490,6.313
2926,DATA_20260324_140000.BIN,3.5774,23.1388,3.5230,23.1388,4.3010,1,2.009,4.503
2927,DATA_20260324_140000.BIN,3.5230,13.4203,3.4132,13.4203,6.1600,1,6.331,13.681
2928,DATA_20260324_140000.BIN,3.4132,21.4926,3.1657,21.4926,1.9580,1,5.234,5.580
2929,DATA_20260324_140000.BIN,2.2707,34.0925,2.1748,34.0925,2.3430,1,3.900,3.908
2930,DATA_20260324_140000.BIN,2.1748,8.6048,1.2685,8.6048,5.0710,1,4.676,5.618
2931,DATA_20260324_140000.BIN,4.8677,9.5675,2.3310,9.5675,1.9250,1,4.880,5.770
2932,DATA_20260324_140000.BIN,2.3310,17.1557,8.5897,17.1557,4.0150,1,3.347,4.684
2933,DATA_20260324_140000.BIN,8.5897,23.3916,17.6262,23.3916,3.2670,1,10.333,10.407
2934,DATA_20260324_140000.BIN,17.6262,23.8377,14.2309,23.8377,3.0580,1,21.252,33.817
2935,DATA_20260324_140000.BIN,14.2080,23.9202,11.7669,23.9202,4.4440,1,14.217,20.479
2936,DATA_20260324_140000.BIN,12.7108,20.8367,7.1591,20.8367,3.5640,1,11.140,13.972
2937,DATA_20260324_140000.BIN,7.1591,20.0585,8.8435,20.0585,2.8930,1,12.921,20.373
2938,DATA_20260324_140000.BIN,8.8435,19.3221,11.1087,19.3221,2.5960,1,8.347,10.512
2939,DATA_20260324_140000.BIN,9.2085,15.2446,2.6045,15.2446,2.8380,1,6.151,7.405
2940,DATA_20260324_140000.BIN,2.6045,40.1359,0.8678,40.1359,3.2560,1,7.616,18.001
2941,DATA_20260324_140000.BIN,0.8678,8.5537,3.7529,8.5537,3.1020,1,5.103,5.276
2942,DATA_20260324_140000.BIN,3.7529,15.8186,0.6486,15.8186,4.1800,1,6.955,9.860
2943,DATA_20260324_150000.BIN,1.5777,8.5966,0.6812,8.5966,1.6500,1,17.883,18.339
2944,DATA_20260324_150000.BIN,1.4593,6.5014,2.4202,6.5014,1.5950,1,14.637,14.939
2945,DATA_20260324_150000.BIN,4.0385,8.2417,4.2457,8.2417,1.7270,1,10.892,11.346
2946,DATA_20260324_150000.BIN,4.2457,12.0185,4.1117,12.0185,2.0790,1,12.024,14.116
2947,DATA_20260324_150000.BIN,4.1117,16.7034,2.7242,16.7034,5.1480,1,6.298,6.400
2948,DATA_20260324_150000.BIN,2.7242,12.6550,9.2980,12.6550,4.7960,1,11.683,11.975
2949,DATA_20260324_150000.BIN,9.2980,29.8888,1.8476,29.8888,3.8500,1,6.979,7.062
2950,DATA_20260324_150000.BIN,1.8476,11.6254,2.6634,11.6254,4.4000,1,10.882,11.728
2951,DATA_20260324_150000.BIN,2.6634,12.1758,4.1099,12.1758,1.7930,1,7.352,7.784
2952,DATA_20260324_150000.BIN,50.3595,55.2129,1.9509,55.2129,2.1230,1,59.367,61.583
2953,DATA_20260324_150000.BIN,1.7706,43.5814,4.6151,43.5814,4.1360,1,11.506,11.986
2954,DATA_20260324_150000.BIN,4.6151,54.7602,37.3801,54.7602,8.4040,1,6.923,8.826
2955,DATA_20260324_150000.BIN,37.3801,55.7477,1.3705,55.7477,7.8540,1,34.339,34.395
2956,DATA_20260324_150000.BIN,3.9842,11.7813,0.7442,11.7813,1.9800,1,16.864,16.865
2957,DATA_20260324_150000.BIN,0.7442,8.4788,2.4684,8.4788,1.5180,1,11.277,11.628
2958,DATA_20260324_150000.BIN,2.4684,15.3683,9.7316,15.3683,3.5310,1,12.796,12.807
2959,DATA_20260324_150000.BIN,15.1291,19.7008,15.5732,19.7008,4.8840,1,12.872,17.202
2960,DATA_20260324_150000.BIN,15.5732,18.2321,11.3151,18.2321,2.6620,1,9.284,14.056
2961,DATA_20260324_150000.BIN,11.2618,15.1529,5.8549,15.1529,4.4440,1,8.397,11.636
2962,DATA_20260324_150000.BIN,1.1580,46.3927,8.0685,46.3927,2.6950,1,9.705,9.966
2963,DATA_20260324_150000.BIN,8.0685,12.8401,6.9410,12.8401,1.6500,1,14.238,14.407
2964,DATA_20260324_150000.BIN,6.9410,26.6394,1.8758,26.6394,6.5890,1,9.457,11.914
2965,DATA_20260324_150000.BIN,1.8758,13.8923,4.8009,13.8923,3.2670,1,9.870,10.894
2966,DATA_20260324_150000.BIN,4.8009,14.7681,4.3255,14.7681,1.7380,1,11.278,11.310
2967,DATA_20260324_150000.BIN,7.9601,15.1946,9.8467,15.1946,4.0700,1,10.394,10.427
2968,DATA_20260324_150000.BIN,9.8467,15.9152,6.8444,15.9152,9.1520,1,12.289,12.404
2969,DATA_20260324_150000.BIN,2.5645,48.9372,1.6758,48.9372,3.3220,1,5.190,6.364
2970,DATA_20260324_150000.BIN,1.6758,10.6852,1.8962,10.6852,1.9580,1,6.287,6.410
2971,DATA_20260324_150000.BIN,1.8962,7.4284,2.2462,7.4284,2.2990,1,6.700,7.541
2972,DATA_20260324_150000.BIN,2.2462,16.7686,4.7448,16.7686,8.2390,1,2.701,3.800
2973,DATA_20260324_150000.BIN,4.7448,21.5169,2.2617,21.5169,6.1600,1,7.193,8.372
2974,DATA_20260324_150000.BIN,3.7893,48.8382,2.7246,48.8382,4.0370,1,2.269,2.438
2975,DATA_20260324_150000.BIN,2.7246,9.7792,0.4030,9.7792,3.2230,1,4.720,4.872
2976,DATA_20260324_150000.BIN,4.0034,8.0057,2.7688,8.0057,1.2430,1,6.238,8.725
2977,DATA_20260324_150000.BIN,4.8882,9.4608,2.4776,9.4608,2.6730,1,6.405,7.456
2978,DATA_20260324_150000.BIN,2.6422,8.1429,1.8884,8.1429,1.0780,1,4.355,4.380
2979,DATA_20260324_150000.BIN,1.8884,8.2604,1.8673,8.2604,1.4630,1,2.640,2.734
2980,DATA_20260324_150000.BIN,1.8673,48.5934,3.4772,48.5934,4.4550,1,2.341,4.496
2981,DATA_20260324_150000.BIN,2.5207,8.2448,2.9304,8.2448,1.3420,1,1.287,3.244
2982,DATA_20260324_150000.BIN,2.9304,8.2519,2.6583,8.2519,1.1220,1,2.424,4.556
2983,DATA_20260324_150000.BIN,2.2764,8.0087,1.7832,8.0087,2.2110,1,3.085,6.106
2984,DATA_20260324_150000.BIN,1.7832,9.2363,3.1887,9.2363,2.1120,1,2.727,3.235
2985,DATA_20260324_150000.BIN,1.4365,8.0436,1.7674,8.0436,2.0460,1,1.554,2.530
2986,DATA_20260324_150000.BIN,2.8436,8.9665,3.2251,8.9665,2.1010,1,3.857,4.506
2987,DATA_20260324_150000.BIN,3.0174,8.9378,1.0587,8.9378,2.5740,1,1.820,4.684
2988,DATA_20260324_150000.BIN,0.8170,6.2293,2.6597,6.2293,7.1830,1,2.218,5.654
2989,DATA_20260324_150000.BIN,2.6597,8.5406,0.8711,8.5406,1.7820,1,2.739,3.408
2990,DATA_20260324_150000.BIN,0.8711,52.6793,25.8974,52.6793,3.9490,1,1.170,3.171
2991,DATA_20260324_150000.BIN,25.8974,38.0233,16.8704,38.0233,2.9810,1,29.055,32.153
2992,DATA_20260324_150000.BIN,16.8704,20.8219,1.1416,20.8219,2.3320,1,15.895,19.602
2993,DATA_20260324_150000.BIN,1.1416,7.5889,1.2994,7.5889,2.8710,1,2.728,2.728
2994,DATA_20260324_150000.BIN,1.2994,11.2270,2.5230,11.2270,2.9370,1,3.568,5.078
2995,DATA_20260324_150000.BIN,1.5522,5.6317,0.9675,5.6317,1.7050,1,3.445,5.939
2996,DATA_20260324_150000.BIN,0.9675,6.6627,1.4432,6.6627,5.7310,1,3.156,7.382
2997,DATA_20260324_150000.BIN,1.3510,6.6044,1.7535,6.6044,3.1680,1,2.529,6.007
2998,DATA_20260324_150000.BIN,2.5189,6.6653,0.9007,6.6653,3.2340,1,2.147,2.494
2999,DATA_20260324_150000.BIN,0.9007,4.7368,0.9215,4.7368,2.9040,1,0.433,6.469
3000,DATA_20260324_150000.BIN,0.9215,6.0228,2.5622,6.0228,1.7710,1,2.043,7.002
3001,DATA_20260324_150000.BIN,2.5622,9.7677,1.6532,9.7677,1.2430,1,2.399,2.843
3002,DATA_20260324_150000.BIN,1.6532,7.6961,2.6458,7.6961,1.2760,1,2.873,2.877
3003,DATA_20260324_150000.BIN,2.6458,7.1081,2.6865,7.1081,1.3970,1,2.548,8.353
3004,DATA_20260324_150000.BIN,2.6865,7.5283,1.5397,7.5283,2.1670,1,2.725,8.074
3005,DATA_20260324_150000.BIN,1.5397,8.6484,1.0066,8.6484,1.1000,1,0.572,1.890
3006,DATA_20260324_150000.BIN,1.0066,7.7680,1.9091,7.7680,1.1550,1,1.472,1.472
3007,DATA_20260324_150000.BIN,1.9091,11.9461,0.7817,11.9461,4.0810,1,2.577,3.502
3008,DATA_20260324_150000.BIN,0.7817,8.9128,3.4623,8.9128,2.0900,1,0.392,1.263
3009,DATA_20260324_150000.BIN,1.2764,8.0776,1.8128,8.0776,1.5400,1,1.032,4.715
3010,DATA_20260324_150000.BIN,1.8128,15.4815,7.9630,15.4815,4.0040,1,2.701,2.817
3011,DATA_20260324_150000.BIN,7.9630,14.8449,7.3075,14.8449,5.5110,1,9.168,9.548
3012,DATA_20260324_150000.BIN,7.3075,11.8979,4.9396,11.8979,2.7940,1,8.460,8.797
3013,DATA_20260324_150000.BIN,5.1294,16.2866,9.1341,16.2866,7.6450,1,6.390,6.390
3014,DATA_20260324_150000.BIN,9.1341,12.8411,7.7462,12.8411,1.4190,1,9.718,12.047
3015,DATA_20260324_150000.BIN,5.7809,11.9641,5.6124,11.9641,8.0410,1,4.898,4.951
3016,DATA_20260324_150000.BIN,5.6124,15.4050,2.8107,15.4050,3.3440,1,5.063,6.224
3017,DATA_20260324_150000.BIN,1.8850,7.5015,2.0765,7.5015,2.5080,1,4.555,4.784
3018,DATA_20260324_150000.BIN,2.0765,6.5401,1.1745,6.5401,1.4630,1,4.439,4.456
3019,DATA_20260324_150000.BIN,0.9149,7.5073,0.9334,7.5073,1.6390,1,1.870,3.643
3020,DATA_20260324_150000.BIN,0.9334,11.0504,5.3150,11.0504,1.7380,1,0.601,1.512
3021,DATA_20260324_150000.BIN,5.3150,45.0080,1.4907,45.0080,4.8290,1,5.198,6.286
3022,DATA_20260324_150000.BIN,1.4907,5.9934,1.7505,5.9934,6.8420,1,1.350,2.023
3023,DATA_20260324_150000.BIN,1.7505,9.2469,0.4856,9.2469,5.0160,1,2.594,2.641
3024,DATA_20260324_150000.BIN,0.4856,5.6599,1.0261,5.6599,1.6390,1,1.868,2.098
3025,DATA_20260324_150000.BIN,1.0261,15.5236,5.7171,15.5236,2.9590,1,2.246,3.318
3026,DATA_20260324_150000.BIN,5.7171,23.1959,2.1208,23.1959,2.6950,1,6.062,6.119
3027,DATA_20260324_150000.BIN,2.1208,16.1574,5.1413,16.1574,3.8280,1,1.356,1.396
3028,DATA_20260324_150000.BIN,5.1413,14.0102,4.7316,14.0102,2.5080,1,6.038,6.343
3029,DATA_20260324_150000.BIN,4.7316,11.9924,6.1545,11.9924,1.1550,1,5.294,5.671
3030,DATA_20260324_150000.BIN,8.9514,15.8253,2.2437,15.8253,4.7410,1,10.083,13.481
3031,DATA_20260324_150000.BIN,2.2437,47.7414,1.3358,47.7414,3.4650,1,3.267,3.788
3032,DATA_20260324_150000.BIN,1.3358,11.3632,2.9932,11.3632,2.7940,1,3.502,3.793
3033,DATA_20260324_150000.BIN,2.9932,9.8752,1.7723,9.8752,1.2210,1,5.610,7.424
3034,DATA_20260324_150000.BIN,1.7723,14.5598,2.2094,14.5598,3.9160,1,3.264,5.080
3035,DATA_20260324_150000.BIN,3.8899,9.7614,4.0293,9.7614,1.9910,1,3.252,3.664
3036,DATA_20260324_150000.BIN,4.0293,9.7986,1.7639,9.7986,1.2980,1,3.153,3.480
3037,DATA_20260324_150000.BIN,1.9529,7.2636,0.4081,7.2636,1.5070,1,0.930,6.287
3038,DATA_20260324_150000.BIN,0.4899,7.4204,1.4295,7.4204,1.0230,1,2.164,2.239
3039,DATA_20260324_150000.BIN,1.4295,9.4408,0.9329,9.4408,4.5320,1,1.077,3.586
3040,DATA_20260324_150000.BIN,2.1538,8.6168,1.6228,8.6168,1.0780,1,0.661,0.681
3041,DATA_20260324_150000.BIN,1.6228,8.7553,1.1975,8.7553,1.0890,1,2.273,2.746
3042,DATA_20260324_150000.BIN,1.1975,10.9277,1.7634,10.9277,1.1770,1,1.681,2.587
3043,DATA_20260324_150000.BIN,1.7634,8.6625,2.5961,8.6625,1.0670,1,2.716,2.732
3044,DATA_20260324_150000.BIN,2.5961,8.5049,1.8216,8.5049,1.0890,1,3.792,4.039
3045,DATA_20260324_150000.BIN,1.8216,7.1121,2.3693,7.1121,1.0560,1,2.984,2.986
3046,DATA_20260324_150000.BIN,1.3350,53.7544,28.6601,53.7544,8.3270,1,2.009,2.181
3047,DATA_20260324_150000.BIN,28.6601,54.8874,1.8917,54.8874,5.2140,1,31.482,35.697
3048,DATA_20260324_150000.BIN,1.8917,7.9613,1.6979,7.9613,6.2150,1,0.711,1.191
3049,DATA_20260324_150000.BIN,1.6979,40.0999,30.3326,40.0999,7.2270,1,3.685,4.071
3050,DATA_20260324_150000.BIN,30.3326,38.8832,30.1462,38.8832,3.7620,1,33.679,33.983
3051,DATA_20260324_150000.BIN,20.5615,23.6182,20.4892,23.6182,3.0800,1,20.890,22.353
3052,DATA_20260324_150000.BIN,20.4892,43.2221,29.1292,43.2221,3.3550,1,18.286,18.609
3053,DATA_20260324_150000.BIN,29.1292,44.2468,27.4535,44.2468,7.2600,1,25.744,27.553
3054,DATA_20260324_150000.BIN,27.4535,35.5130,27.2841,35.5130,5.2470,1,21.155,21.177
3055,DATA_20260324_150000.BIN,27.2841,31.8354,27.7598,31.8354,3.0360,1,18.758,19.461
3056,DATA_20260324_150000.BIN,39.8622,43.4391,30.6246,43.4391,3.3330,1,35.241,36.740
3057,DATA_20260324_150000.BIN,30.6246,48.5398,0.5716,48.5398,7.2820,1,18.554,19.382
3058,DATA_20260324_150000.BIN,0.5716,6.7296,0.1414,6.7296,3.1350,1,18.674,19.236
3059,DATA_20260324_150000.BIN,0.1414,8.3040,0.5105,8.3040,2.5300,1,17.650,19.354
3060,DATA_20260324_150000.BIN,0.5105,11.9476,6.5686,11.9476,2.9370,1,14.986,15.661
3061,DATA_20260324_150000.BIN,6.5686,12.0927,6.7009,12.0927,2.2220,1,9.537,12.042
3062,DATA_20260324_150000.BIN,6.7009,54.0665,4.9034,54.0665,6.4460,1,10.819,11.115
3063,DATA_20260324_150000.BIN,2.7299,11.9818,5.9411,11.9818,3.2450,1,10.395,13.072
3064,DATA_20260324_150000.BIN,5.9411,15.1683,10.4388,15.1683,2.5300,1,4.983,5.434
3065,DATA_20260324_150000.BIN,10.4388,17.1012,2.7613,17.1012,3.9270,1,4.381,8.067
3066,DATA_20260324_150000.BIN,2.7613,11.6352,1.1990,11.6352,6.5560,1,9.153,12.679
3067,DATA_20260324_150000.BIN,1.3488,6.4776,1.7446,6.4776,2.3760,1,8.549,9.273
3068,DATA_20260324_150000.BIN,1.0423,8.1237,2.7555,8.1237,2.3100,1,8.045,8.303
3069,DATA_20260324_150000.BIN,0.4799,6.0366,1.8625,6.0366,1.2210,1,7.740,8.439
3070,DATA_20260324_150000.BIN,1.8625,10.2364,4.3649,10.2364,2.3210,1,5.284,5.740
3071,DATA_20260324_150000.BIN,1.7506,10.1150,4.6703,10.1150,1.3640,1,5.772,5.868
3072,DATA_20260324_150000.BIN,6.3054,12.6936,2.8548,12.6936,4.8180,1,5.008,5.124
3073,DATA_20260324_150000.BIN,3.0735,12.4027,2.7057,12.4027,4.3890,1,4.117,4.793
3074,DATA_20260324_150000.BIN,3.5204,7.9630,1.0353,7.9630,7.3150,1,8.868,9.013
3075,DATA_20260324_150000.BIN,0.6822,44.8938,3.6179,44.8938,4.5320,1,5.739,6.514
3076,DATA_20260324_150000.BIN,3.6179,9.7849,1.9405,9.7849,6.1050,1,0.757,2.669
3077,DATA_20260324_150000.BIN,1.1512,11.8435,2.5292,11.8435,2.0790,1,4.225,11.082
3078,DATA_20260324_150000.BIN,2.5292,8.9654,1.4454,8.9654,1.4080,1,5.453,12.689
3079,DATA_20260324_150000.BIN,1.4454,6.5459,2.1233,6.5459,1.3640,1,4.595,7.328
3080,DATA_20260324_150000.BIN,2.1233,8.1578,1.6237,8.1578,3.4870,1,4.256,4.274
3081,DATA_20260324_150000.BIN,1.6237,6.9355,0.6493,6.9355,1.2540,1,2.005,2.065
3082,DATA_20260324_150000.BIN,0.6493,49.8846,18.8856,49.8846,3.7400,1,3.025,4.381
3083,DATA_20260324_150000.BIN,18.8856,35.9080,2.7029,35.9080,3.0800,1,17.112,20.991
3084,DATA_20260324_150000.BIN,2.7029,18.7575,2.1908,18.7575,3.0690,1,1.124,2.344
3085,DATA_20260324_150000.BIN,2.1908,5.9559,1.1257,5.9559,1.3530,1,6.539,7.041
3086,DATA_20260324_150000.BIN,1.1257,10.1378,2.1854,10.1378,2.3650,1,2.672,4.169
3087,DATA_20260324_150000.BIN,2.1854,10.8521,1.1160,10.8521,2.4090,1,4.919,5.632
3088,DATA_20260324_150000.BIN,1.1160,7.3989,0.8778,7.3989,1.2320,1,3.026,3.030
3089,DATA_20260324_150000.BIN,0.8778,5.6394,0.7041,5.6394,2.2110,1,1.842,2.587
3090,DATA_20260324_150000.BIN,1.0091,5.2455,0.1379,5.2455,4.8070,1,2.082,3.439
3091,DATA_20260324_150000.BIN,0.6316,8.5099,0.5225,8.5099,1.2430,1,2.662,3.000
3092,DATA_20260324_150000.BIN,0.5225,6.7115,0.6907,6.7115,1.2760,1,1.673,1.726
3093,DATA_20260324_150000.BIN,0.6907,9.5141,1.0855,9.5141,1.2320,1,1.211,1.596
3094,DATA_20260324_150000.BIN,3.4874,8.2099,2.5765,8.2099,1.4630,1,2.953,3.104
3095,DATA_20260324_150000.BIN,1.1592,6.2496,0.3896,6.2496,1.4300,1,0.209,2.885
3096,DATA_20260324_150000.BIN,0.3896,7.8192,1.8878,7.8192,1.3200,1,1.792,1.834
3097,DATA_20260324_150000.BIN,0.5873,6.8384,0.4845,6.8384,1.1770,1,2.155,2.192
3098,DATA_20260324_150000.BIN,0.6451,6.3866,1.2657,6.3866,3.2340,1,1.624,3.619
3099,DATA_20260324_150000.BIN,1.9952,8.0079,0.8120,8.0079,3.9050,1,2.824,2.843
3100,DATA_20260324_150000.BIN,0.8120,18.8863,4.9453,18.8863,3.3990,1,1.500,1.537
3101,DATA_20260324_150000.BIN,4.9453,31.1042,7.6264,31.1042,3.5090,1,4.967,5.213
3102,DATA_20260324_150000.BIN,36.2852,39.7978,15.6867,39.7978,2.4420,1,40.375,41.492
3103,DATA_20260324_150000.BIN,15.6867,31.6663,4.6963,31.6663,4.9390,1,15.437,15.679
3104,DATA_20260324_150000.BIN,4.6963,8.9065,4.1260,8.9065,1.7380,1,1.319,1.744
3105,DATA_20260324_150000.BIN,3.6975,8.7162,2.1945,8.7162,2.2660,1,10.788,10.796
3106,DATA_20260324_150000.BIN,1.8006,9.8776,3.8968,9.8776,2.5080,1,3.774,4.220
3107,DATA_20260324_150000.BIN,3.8968,8.9886,2.2798,8.9886,1.2760,1,6.833,6.882
3108,DATA_20260324_150000.BIN,2.2798,9.1357,3.7787,9.1357,1.0890,1,4.748,4.897
3109,DATA_20260324_150000.BIN,3.7787,8.7675,2.1612,8.7675,1.1110,1,6.468,6.510
3110,DATA_20260324_150000.BIN,2.1612,9.1103,1.6008,9.1103,1.0560,1,2.989,2.990
3111,DATA_20260324_150000.BIN,1.6008,8.8949,2.9596,8.8949,1.0450,1,5.505,5.756
3112,DATA_20260324_150000.BIN,2.9596,9.3235,1.7678,9.3235,1.0560,1,4.254,4.255
3113,DATA_20260324_150000.BIN,1.7678,9.4790,1.3226,9.4790,1.1440,1,3.759,4.303
3114,DATA_20260324_150000.BIN,1.3226,11.8786,5.2811,11.8786,1.3200,1,1.352,1.458
3115,DATA_20260324_150000.BIN,5.2811,12.4144,5.3042,12.4144,1.2100,1,6.603,6.738
3116,DATA_20260324_150000.BIN,7.0573,12.6626,3.2433,12.6626,4.8950,1,9.387,9.409
3117,DATA_20260324_150000.BIN,3.2433,7.9475,1.2002,7.9475,2.3980,1,5.537,5.801
3118,DATA_20260324_150000.BIN,1.2002,7.8523,0.8444,7.8523,3.8280,1,0.790,3.475
3119,DATA_20260324_150000.BIN,0.8444,10.4020,5.1787,10.4020,1.3420,1,1.827,2.448
3120,DATA_20260324_150000.BIN,2.9754,10.5398,3.3332,10.5398,1.2100,1,5.060,5.458
3121,DATA_20260324_150000.BIN,4.3332,10.5015,2.9462,10.5015,2.0570,1,6.831,8.017
3122,DATA_20260324_150000.BIN,2.9462,10.2679,0.6921,10.2679,2.2770,1,4.880,7.102
3123,DATA_20260324_150000.BIN,0.6921,6.2656,1.1146,6.2656,1.2100,1,1.827,4.774
3124,DATA_20260324_150000.BIN,0.2838,8.3239,2.1752,8.3239,1.7160,1,0.758,2.972
3125,DATA_20260324_150000.BIN,2.1752,8.1962,2.3586,8.1962,5.2800,1,3.180,6.008
3126,DATA_20260324_150000.BIN,2.3586,24.0947,1.4847,24.0947,5.5440,1,2.001,5.506
3127,DATA_20260324_150000.BIN,1.4847,5.8982,0.9128,5.8982,2.2220,1,2.018,2.018
3128,DATA_20260324_150000.BIN,0.9128,9.5921,1.6758,9.5921,3.3440,1,0.387,1.793
3129,DATA_20260324_150000.BIN,1.6758,7.8956,2.2017,7.8956,1.1330,1,3.298,6.471
3130,DATA_20260324_150000.BIN,2.2017,8.1623,0.7400,8.1623,2.1450,1,2.868,4.241
3131,DATA_20260324_150000.BIN,0.7400,6.5687,1.8705,6.5687,2.2330,1,1.749,5.335
3132,DATA_20260324_150000.BIN,1.8705,51.0307,7.0556,51.0307,4.1250,1,2.496,2.555
3133,DATA_20260324_150000.BIN,7.0556,15.4004,2.4824,15.4004,4.3780,1,6.521,8.402
3134,DATA_20260324_150000.BIN,2.4824,18.4444,6.2888,18.4444,2.0900,1,3.113,4.978
3135,DATA_20260324_150000.BIN,6.2888,13.0365,5.7280,13.0365,1.2320,1,6.261,6.616
3136,DATA_20260324_150000.BIN,5.7280,12.7440,0.9692,12.7440,1.7380,1,5.952,6.215
3137,DATA_20260324_150000.BIN,0.9692,17.3646,6.8168,17.3646,2.2330,1,2.939,3.078
3138,DATA_20260324_150000.BIN,6.8168,12.1505,6.3680,12.1505,1.3640,1,7.732,8.253
3139,DATA_20260324_150000.BIN,2.9149,13.2489,4.1001,13.2489,2.4420,1,2.027,2.218
3140,DATA_20260324_150000.BIN,4.1001,17.1071,1.0495,17.1071,3.4760,1,4.324,6.523
3141,DATA_20260324_150000.BIN,1.0495,23.5882,3.7527,23.5882,2.4200,1,3.354,5.790
3142,DATA_20260324_150000.BIN,3.7527,11.6816,1.0887,11.6816,4.9280,1,3.367,4.263
3143,DATA_20260324_150000.BIN,4.8058,45.5958,16.2874,45.5958,3.4100,1,3.182,3.291
3144,DATA_20260324_150000.BIN,16.2874,39.3198,10.2427,39.3198,3.9050,1,15.807,20.305
3145,DATA_20260324_150000.BIN,10.2427,37.1764,1.4981,37.1764,7.4580,1,7.438,7.989
3146,DATA_20260324_150000.BIN,1.4981,45.7603,22.7434,45.7603,6.0170,1,6.220,6.364
3147,DATA_20260324_150000.BIN,22.7434,34.8224,1.7970,34.8224,2.4640,1,23.763,24.642
3148,DATA_20260324_150000.BIN,1.7970,10.0853,1.1082,10.0853,2.8050,1,4.547,7.250
3149,DATA_20260324_150000.BIN,1.1082,18.7197,4.5766,18.7197,4.2790,1,6.776,7.036
3150,DATA_20260324_150000.BIN,4.5766,26.0879,15.9564,26.0879,1.9690,1,4.372,11.885
3151,DATA_20260324_150000.BIN,15.9564,25.9197,4.8308,25.9197,2.4860,1,11.694,16.840
3152,DATA_20260324_150000.BIN,4.8308,10.7293,0.5878,10.7293,5.0380,1,12.081,12.186
3153,DATA_20260324_150000.BIN,0.5878,9.8760,1.9141,9.8760,2.6180,1,4.652,5.235
3154,DATA_20260324_150000.BIN,1.9141,14.7410,1.4264,14.7410,2.5080,1,0.315,8.904
3155,DATA_20260324_150000.BIN,1.4264,26.1351,13.1016,26.1351,3.5530,1,1.165,8.082
3156,DATA_20260324_150000.BIN,13.1016,19.7647,2.1441,19.7647,5.3350,1,12.304,12.367
3157,DATA_20260324_150000.BIN,2.1441,21.1294,10.3490,21.1294,2.4310,1,5.509,7.146
3158,DATA_20260324_150000.BIN,10.3490,28.9807,4.4683,28.9807,2.8600,1,7.999,8.008
3159,DATA_20260324_150000.BIN,4.4683,26.3803,1.5327,26.3803,7.8870,1,7.023,10.644
3160,DATA_20260324_150000.BIN,1.5327,11.8996,6.0199,11.8996,1.1990,1,1.918,3.615
3161,DATA_20260324_150000.BIN,6.0199,11.1817,6.2476,11.1817,1.5070,1,1.832,4.450
3162,DATA_20260324_150000.BIN,2.3563,8.3179,1.8758,8.3179,2.0130,1,3.619,7.851
3163,DATA_20260324_150000.BIN,1.4468,7.9165,2.1459,7.9165,2.3980,1,3.520,5.046
3164,DATA_20260324_150000.BIN,2.1459,16.0482,1.9444,16.0482,3.4650,1,1.642,4.205
3165,DATA_20260324_150000.BIN,1.9444,11.9360,1.9773,11.9360,1.2430,1,2.970,3.705
3166,DATA_20260324_150000.BIN,1.9773,9.2439,1.4469,9.2439,1.0670,1,1.869,2.327
3167,DATA_20260324_150000.BIN,1.4469,9.4030,0.6614,9.4030,1.0890,1,1.905,1.940
3168,DATA_20260324_150000.BIN,0.6614,9.8319,1.0415,9.8319,1.1550,1,3.662,3.722
3169,DATA_20260324_150000.BIN,1.0415,6.8476,0.6593,6.8476,1.0670,1,3.184,3.452
3170,DATA_20260324_150000.BIN,0.6593,9.1240,1.2386,9.1240,2.6510,1,1.311,3.393
3171,DATA_20260324_150000.BIN,1.2386,11.6445,5.0293,11.6445,2.3760,1,4.252,4.608
3172,DATA_20260324_150000.BIN,5.0293,17.7155,1.6612,17.7155,5.0820,1,7.065,9.148
3173,DATA_20260324_150000.BIN,1.6612,12.7942,6.4262,12.7942,1.6060,1,0.669,1.817
3174,DATA_20260324_150000.BIN,6.4262,11.6184,0.9716,11.6184,1.4630,1,4.115,7.415
3175,DATA_20260324_150000.BIN,0.3400,6.9774,1.2299,6.9774,2.0460,1,1.464,3.108
3176,DATA_20260324_150000.BIN,1.2299,7.5403,1.4923,7.5403,1.1770,1,3.283,3.297
3177,DATA_20260324_150000.BIN,1.4923,10.5790,5.1934,10.5790,3.4650,1,2.925,3.550
3178,DATA_20260324_150000.BIN,1.3474,9.7709,2.1332,9.7709,3.1240,1,0.550,1.406
3179,DATA_20260324_150000.BIN,5.2496,53.5278,4.0619,53.5278,4.8400,1,5.724,5.730
3180,DATA_20260324_150000.BIN,0.7373,10.3529,3.0962,10.3529,2.4860,1,1.199,1.326
3181,DATA_20260324_150000.BIN,3.3845,7.9786,2.8344,7.9786,4.0920,1,3.938,4.591
3182,DATA_20260324_150000.BIN,2.8344,12.0997,3.3702,12.0997,1.0450,1,2.641,2.937
3183,DATA_20260324_150000.BIN,3.3702,12.2697,3.3719,12.2697,1.0450,1,2.931,2.936
3184,DATA_20260324_150000.BIN,3.3719,10.8260,3.1278,10.8260,1.0120,1,2.757,2.910
3185,DATA_20260324_150000.BIN,2.9725,9.0955,2.5603,9.0955,1.0120,1,2.553,3.523
3186,DATA_20260324_150000.BIN,2.5603,9.5782,2.3861,9.5782,0.9790,1,1.196,1.746
3187,DATA_20260324_150000.BIN,2.3861,10.0821,3.3073,10.0821,1.1330,1,1.475,1.651
3188,DATA_20260324_150000.BIN,2.9084,7.9072,3.0355,7.9072,4.6200,1,1.576,1.592
3189,DATA_20260324_150000.BIN,6.6746,10.2802,3.7198,10.2802,2.5080,1,8.828,9.410
3190,DATA_20260324_150000.BIN,3.7198,21.5741,1.2362,21.5741,4.8510,1,3.954,6.739
3191,DATA_20260324_150000.BIN,1.2362,5.0249,1.4910,5.0249,2.2990,1,1.904,1.905
3192,DATA_20260324_150000.BIN,1.4910,5.8267,1.0271,5.8267,3.5200,1,2.840,3.131
3193,DATA_20260324_150000.BIN,1.1670,5.1105,1.8003,5.1105,6.0060,1,0.709,1.896
3194,DATA_20260324_150000.BIN,1.8003,6.1489,3.0152,6.1489,2.2660,1,0.712,0.722
3195,DATA_20260324_150000.BIN,2.5136,7.3734,1.7887,7.3734,2.1560,1,1.744,2.961
3196,DATA_20260324_150000.BIN,1.7887,8.4816,3.1994,8.4816,4.1360,1,1.417,1.855
3197,DATA_20260324_150000.BIN,3.1994,10.3135,3.6680,10.3135,2.2220,1,4.814,6.331
3198,DATA_20260324_150000.BIN,1.3365,7.0925,0.9700,7.0925,1.9910,1,0.884,3.958
3199,DATA_20260324_150000.BIN,0.9700,25.2019,11.3018,25.2019,3.7290,1,1.132,2.957
3200,DATA_20260324_150000.BIN,23.1648,48.6554,2.5829,48.6554,6.5780,1,25.680,26.717
3201,DATA_20260324_150000.BIN,5.2687,19.5023,2.7648,19.5023,3.4540,1,2.985,3.748
3202,DATA_20260324_150000.BIN,2.7648,7.4106,0.9670,7.4106,4.7410,1,2.286,7.086
3203,DATA_20260324_150000.BIN,0.9670,6.0948,1.6065,6.0948,2.6070,1,4.710,4.920
3204,DATA_20260324_150000.BIN,1.6065,6.4702,1.4055,6.4702,2.0790,1,3.345,3.348
3205,DATA_20260324_150000.BIN,1.4055,14.7205,3.8601,14.7205,6.1600,1,3.668,3.689
3206,DATA_20260324_150000.BIN,1.6291,8.1825,1.7201,8.1825,4.0370,1,4.037,4.393
3207,DATA_20260324_150000.BIN,1.7201,6.5376,0.5729,6.5376,1.5620,1,4.060,5.623
3208,DATA_20260324_150000.BIN,1.2136,8.0122,0.8279,8.0122,2.1120,1,0.404,1.088
3209,DATA_20260324_150000.BIN,0.8279,40.4034,15.3410,40.4034,4.5760,1,0.681,1.950
3210,DATA_20260324_150000.BIN,15.3410,43.6520,7.0363,43.6520,3.1900,1,13.838,18.308
3211,DATA_20260324_150000.BIN,7.0363,10.8252,5.4858,10.8252,2.3540,1,7.090,11.627
3212,DATA_20260324_150000.BIN,5.4858,46.1763,6.8129,46.1763,8.2280,1,6.173,6.475
3213,DATA_20260324_150000.BIN,6.8129,16.1218,9.3875,16.1218,1.9580,1,5.736,5.863
3214,DATA_20260324_150000.BIN,9.3875,15.3692,1.7727,15.3692,2.6950,1,7.884,10.952
3215,DATA_20260324_150000.BIN,1.7727,14.8799,3.9820,14.8799,4.9390,1,5.471,8.837
3216,DATA_20260324_150000.BIN,3.9820,13.9199,7.3494,13.9199,1.7050,1,3.026,3.389
3217,DATA_20260324_150000.BIN,7.3494,15.8461,3.2846,15.8461,1.5070,1,9.031,9.035
3218,DATA_20260324_150000.BIN,3.2846,8.5251,1.3129,8.5251,2.1560,1,6.480,6.521
3219,DATA_20260324_150000.BIN,1.3129,9.6915,4.1729,9.6915,2.4970,1,3.827,5.513
3220,DATA_20260324_150000.BIN,4.1729,51.0363,4.5954,51.0363,5.0930,1,7.834,8.234
3221,DATA_20260324_150000.BIN,2.2983,7.3947,0.5499,7.3947,3.4540,1,3.118,3.919
3222,DATA_20260324_150000.BIN,0.5499,7.3950,1.4062,7.3950,4.4990,1,2.767,8.671
3223,DATA_20260324_150000.BIN,1.4062,6.8294,0.9086,6.8294,5.8410,1,2.306,3.838
3224,DATA_20260324_150000.BIN,0.9086,10.3709,2.3451,10.3709,3.4870,1,4.247,9.680
3225,DATA_20260324_150000.BIN,2.3451,12.4793,3.2605,12.4793,3.5310,1,1.088,8.460
3226,DATA_20260324_150000.BIN,3.2605,10.4559,2.5851,10.4559,1.8810,1,3.617,5.149
3227,DATA_20260324_150000.BIN,2.5851,10.3248,1.3608,10.3248,4.7960,1,2.052,7.337
3228,DATA_20260324_150000.BIN,1.3608,6.6678,3.2677,6.6678,1.5620,1,1.302,5.316
3229,DATA_20260324_150000.BIN,5.5690,11.0550,2.7245,11.0550,1.7270,1,7.561,12.319
3230,DATA_20260324_150000.BIN,2.7245,8.8622,1.9177,8.8622,4.3670,1,4.196,4.577
3231,DATA_20260324_150000.BIN,32.0026,38.5395,2.6025,38.5395,4.3340,1,33.160,38.119
3232,DATA_20260324_150000.BIN,1.9601,6.3002,0.5694,6.3002,1.9140,1,1.683,7.926
3233,DATA_20260324_150000.BIN,0.5694,5.9335,0.8212,5.9335,1.1770,1,5.491,5.595
3234,DATA_20260324_150000.BIN,0.8212,8.0773,1.4368,8.0773,4.0480,1,2.998,5.981
3235,DATA_20260324_150000.BIN,1.1267,12.3458,1.4304,12.3458,2.7610,1,4.774,6.035
3236,DATA_20260324_150000.BIN,5.0206,19.7546,2.4513,19.7546,2.1890,1,3.098,4.093
3237,DATA_20260324_150000.BIN,2.4513,8.5229,1.8527,8.5229,3.2560,1,2.128,5.146
3238,DATA_20260324_150000.BIN,1.7654,5.3083,1.6138,5.3083,4.2020,1,2.991,3.010
3239,DATA_20260324_150000.BIN,1.6138,6.4497,1.7827,6.4497,1.0450,1,2.513,4.549
3240,DATA_20260324_150000.BIN,1.7827,7.7557,0.8180,7.7557,1.0890,1,1.612,2.468
3241,DATA_20260324_150000.BIN,2.8325,6.7277,1.6852,6.7277,4.4880,1,2.091,2.644
3242,DATA_20260324_150000.BIN,1.7009,27.0887,17.1660,27.0887,7.5460,1,3.120,3.506
3243,DATA_20260324_150000.BIN,17.1660,37.1593,4.5176,37.1593,2.6730,1,15.383,18.362
3244,DATA_20260324_150000.BIN,4.5176,25.2268,1.2629,25.2268,3.9050,1,2.891,4.306
3245,DATA_20260324_150000.BIN,1.2629,40.9556,12.5977,40.9556,6.8420,1,6.912,8.292
3246,DATA_20260324_150000.BIN,12.5977,42.5877,10.3588,42.5877,3.6300,1,14.150,15.266
3247,DATA_20260324_150000.BIN,10.3588,40.3751,3.9990,40.3751,5.3900,1,10.454,11.502
3248,DATA_20260324_150000.BIN,3.9990,48.0688,8.9988,48.0688,7.4030,1,8.508,8.508
3249,DATA_20260324_150000.BIN,8.9988,44.7788,9.4953,44.7788,4.7410,1,8.549,8.627
3250,DATA_20260324_150000.BIN,9.4953,44.6977,12.3529,44.6977,6.1710,1,8.781,8.927
3251,DATA_20260324_150000.BIN,12.3529,47.4579,6.0900,47.4579,6.1380,1,8.916,13.615
3252,DATA_20260324_150000.BIN,6.0900,43.4978,6.1538,43.4978,6.2040,1,2.608,2.706
3253,DATA_20260324_150000.BIN,6.1538,43.9034,10.6911,43.9034,6.8530,1,4.616,4.635
3254,DATA_20260324_150000.BIN,10.6911,43.2144,9.5620,43.2144,4.4220,1,8.041,8.959
3255,DATA_20260324_150000.BIN,9.5620,29.5456,8.8938,29.5456,5.9180,1,6.108,6.991
3256,DATA_20260324_150000.BIN,8.8938,34.6677,16.4985,34.6677,4.1470,1,4.063,4.905
3257,DATA_20260324_150000.BIN,16.4985,28.1102,22.4217,28.1102,2.5960,1,12.051,13.785
3258,DATA_20260324_150000.BIN,22.1176,42.8517,6.3537,42.8517,7.0620,1,19.294,20.601
3259,DATA_20260324_150000.BIN,6.3537,43.1343,9.3132,43.1343,5.4670,1,3.058,6.929
3260,DATA_20260324_150000.BIN,9.3132,14.2183,6.7133,14.2183,1.5950,1,6.813,10.017
3261,DATA_20260324_150000.BIN,6.7133,49.7176,30.2348,49.7176,2.4750,1,7.332,9.488
3262,DATA_20260324_150000.BIN,30.2348,37.6884,14.5838,37.6884,2.1670,1,30.747,32.896
3263,DATA_20260324_150000.BIN,14.5838,18.9744,2.7276,18.9744,2.0350,1,7.570,11.499
3264,DATA_20260324_150000.BIN,2.5760,19.3119,14.2144,19.3119,2.0790,1,8.044,13.783
3265,DATA_20260324_150000.BIN,2.8556,9.4686,2.9913,9.4686,1.4410,1,8.765,9.263
3266,DATA_20260324_150000.BIN,2.9913,7.7887,2.0001,7.7887,1.0780,1,6.117,7.571
3267,DATA_20260324_150000.BIN,2.0001,21.3599,16.5379,21.3599,2.1560,1,6.272,7.796
3268,DATA_20260324_150000.BIN,16.5379,22.1288,17.7304,22.1288,1.6610,1,18.814,19.073
3269,DATA_20260324_150000.BIN,17.7304,23.8808,4.8537,23.8808,4.0260,1,19.998,20.233
3270,DATA_20260324_150000.BIN,5.3348,49.3724,2.3198,49.3724,4.9500,1,4.757,5.276
3271,DATA_20260324_150000.BIN,2.3198,7.6292,2.1435,7.6292,1.5510,1,9.257,10.855
3272,DATA_20260324_150000.BIN,2.1435,11.9636,5.7409,11.9636,3.2450,1,8.018,8.029
3273,DATA_20260324_150000.BIN,5.7409,14.8568,3.9835,14.8568,3.2120,1,10.277,12.266
3274,DATA_20260324_150000.BIN,3.9835,38.8888,34.3828,38.8888,5.4340,1,9.417,9.474
3275,DATA_20260324_150000.BIN,34.3828,41.5024,0.4490,41.5024,3.8280,1,34.285,37.410
3276,DATA_20260324_150000.BIN,1.0206,10.4044,1.1037,10.4044,2.1560,1,8.919,8.919
3277,DATA_20260324_150000.BIN,1.1037,43.8647,8.9323,43.8647,7.1940,1,6.545,9.329
3278,DATA_20260324_150000.BIN,8.9323,42.2106,9.4889,42.2106,3.5970,1,11.300,12.948
3279,DATA_20260324_150000.BIN,9.4889,41.6463,6.2923,41.6463,4.3010,1,7.735,8.117
3280,DATA_20260324_150000.BIN,6.2923,13.0659,6.1389,13.0659,2.7390,1,5.196,5.520
3281,DATA_20260324_150000.BIN,6.1389,22.0339,15.5053,22.0339,1.6170,1,7.622,7.727
3282,DATA_20260324_150000.BIN,15.5053,43.1111,5.8054,43.1111,3.9490,1,12.907,12.909
3283,DATA_20260324_150000.BIN,5.8054,14.4604,1.7478,14.4604,2.6840,1,3.570,3.589
3284,DATA_20260324_150000.BIN,1.7478,8.9734,4.7484,8.9734,1.1550,1,8.991,9.656
3285,DATA_20260324_150000.BIN,4.7484,44.8132,8.0455,44.8132,4.3890,1,1.575,5.397
3286,DATA_20260324_150000.BIN,8.0455,18.4595,13.8336,18.4595,2.8270,1,14.189,14.895
3287,DATA_20260324_150000.BIN,13.8336,20.3890,8.2593,20.3890,5.0160,1,14.289,17.889
3288,DATA_20260324_150000.BIN,8.2593,14.6295,1.4743,14.6295,2.2110,1,12.904,17.845
3289,DATA_20260324_150000.BIN,6.5295,14.7828,0.9956,14.7828,2.7060,1,9.450,10.671
3290,DATA_20260324_150000.BIN,0.9956,7.5866,0.7526,7.5866,5.1260,1,4.118,4.689
3291,DATA_20260324_150000.BIN,0.7526,9.4547,1.0861,9.4547,1.7160,1,3.829,5.608
3292,DATA_20260324_150000.BIN,1.0861,11.7696,3.9171,11.7696,2.2880,1,3.539,3.579
3293,DATA_20260324_150000.BIN,3.9171,11.4239,3.9231,11.4239,1.0010,1,4.707,6.605
3294,DATA_20260324_150000.BIN,3.9231,15.7912,1.2483,15.7912,3.5750,1,2.423,5.134
3295,DATA_20260324_150000.BIN,1.4594,13.5478,1.2014,13.5478,3.0800,1,3.628,4.057
3296,DATA_20260324_150000.BIN,1.2014,30.7845,1.9223,30.7845,4.7080,1,3.068,3.133
3297,DATA_20260324_150000.BIN,1.9223,18.6661,10.0460,18.6661,4.7740,1,3.194,3.289
3298,DATA_20260324_150000.BIN,10.0460,14.0427,0.7318,14.0427,2.2550,1,10.099,12.130
3299,DATA_20260324_150000.BIN,1.9092,9.0244,1.1883,9.0244,3.9710,1,0.744,0.752
3300,DATA_20260324_150000.BIN,1.1883,35.5198,2.1600,35.5198,4.9170,1,1.433,1.744
3301,DATA_20260324_150000.BIN,2.1600,6.4144,0.4357,6.4144,1.7930,1,4.250,4.257
3302,DATA_20260324_150000.BIN,0.4357,35.7529,0.4149,35.7529,4.8950,1,1.602,1.938
3303,DATA_20260324_150000.BIN,0.4149,6.8645,0.5927,6.8645,2.9150,1,1.379,2.094
3304,DATA_20260324_150000.BIN,0.5927,40.3899,0.7346,40.3899,5.4450,1,1.375,1.753
3305,DATA_20260324_150000.BIN,0.7346,8.1050,1.1439,8.1050,3.5200,1,0.834,1.506
3306,DATA_20260324_150000.BIN,1.1439,5.2250,1.2837,5.2250,1.7270,1,0.756,1.571
3307,DATA_20260324_150000.BIN,6.2606,10.7997,0.8476,10.7997,3.9930,1,8.669,9.602
3308,DATA_20260324_150000.BIN,1.8069,7.5271,0.9948,7.5271,1.3640,1,1.812,1.825
3309,DATA_20260324_150000.BIN,2.4716,7.3694,1.9128,7.3694,2.6180,1,2.901,4.658
3310,DATA_20260324_150000.BIN,1.9128,33.0573,1.2151,33.0573,3.3880,1,1.918,1.921
3311,DATA_20260324_150000.BIN,1.7141,6.6039,1.2631,6.6039,1.3090,1,2.230,2.655
3312,DATA_20260324_150000.BIN,1.2631,9.3087,1.0432,9.3087,2.3100,1,1.002,2.266
3313,DATA_20260324_150000.BIN,1.0432,10.0693,0.5716,10.0693,4.2680,1,1.760,1.817
3314,DATA_20260324_150000.BIN,0.5716,7.4554,1.6986,7.4554,3.0910,1,1.200,1.244
3315,DATA_20260324_150000.BIN,1.6986,7.7111,3.0702,7.7111,1.8480,1,1.720,1.798
3316,DATA_20260324_150000.BIN,3.0702,9.8516,3.1183,9.8516,2.5740,1,2.547,4.285
3317,DATA_20260324_150000.BIN,3.1183,12.2797,2.8069,12.2797,2.6180,1,2.352,3.731
3318,DATA_20260324_150000.BIN,2.8069,11.5218,0.5595,11.5218,3.6300,1,4.981,6.550
3319,DATA_20260324_150000.BIN,0.5595,5.6719,0.4218,5.6719,2.7390,1,1.011,1.016
3320,DATA_20260324_150000.BIN,2.5648,7.8934,1.1030,7.8934,1.3530,1,2.821,8.084
3321,DATA_20260324_150000.BIN,1.1030,6.0192,0.9735,6.0192,1.4630,1,2.648,8.312
3322,DATA_20260324_150000.BIN,0.9735,6.7408,2.6591,6.7408,2.4090,1,3.055,6.169
3323,DATA_20260324_150000.BIN,0.6802,8.0085,4.4531,8.0085,1.4190,1,2.318,2.583
3324,DATA_20260324_150000.BIN,4.4531,14.6213,1.5164,14.6213,2.4640,1,6.625,7.189
3325,DATA_20260324_150000.BIN,0.9218,8.4788,1.8968,8.4788,1.1770,1,1.197,1.515
3326,DATA_20260324_150000.BIN,1.7699,6.6531,2.3812,6.6531,1.1990,1,2.112,2.145
3327,DATA_20260324_150000.BIN,2.3812,7.3100,1.8645,7.3100,1.1660,1,2.752,2.756
3328,DATA_20260324_150000.BIN,2.3874,7.9215,0.9727,7.9215,2.5740,1,3.636,4.214
3329,DATA_20260324_150000.BIN,6.5889,12.0808,0.9775,12.0808,4.7630,1,7.017,7.793
3330,DATA_20260324_150000.BIN,0.8221,7.8746,0.6644,7.8746,1.4740,1,2.090,2.574
3331,DATA_20260324_150000.BIN,1.4581,7.2687,1.6762,7.2687,2.3210,1,0.684,1.906
3332,DATA_20260324_150000.BIN,3.5879,9.1719,2.1075,9.1719,3.6740,1,4.323,4.789
3333,DATA_20260324_150000.BIN,1.0692,6.3763,1.4379,6.3763,3.0910,1,0.934,2.354
3334,DATA_20260324_150000.BIN,1.4379,6.8428,1.8120,6.8428,2.4860,1,0.910,2.627
3335,DATA_20260324_150000.BIN,2.8303,8.8762,1.9334,8.8762,3.7400,1,3.429,3.572
3336,DATA_20260324_150000.BIN,1.9334,6.3466,1.6494,6.3466,1.3420,1,2.207,2.208
3337,DATA_20260324_150000.BIN,1.6494,6.5244,1.2728,6.5244,1.3420,1,1.680,1.719
3338,DATA_20260324_150000.BIN,1.2728,8.0544,1.4086,8.0544,3.1790,1,1.088,1.088
3339,DATA_20260324_150000.BIN,1.4086,7.2119,0.9660,7.2119,4.7740,1,2.246,2.348
3340,DATA_20260324_150000.BIN,0.3936,10.9861,6.0401,10.9861,1.9580,1,1.269,5.279
3341,DATA_20260324_150000.BIN,0.6835,6.5963,1.7850,6.5963,2.8160,1,0.175,3.080
3342,DATA_20260324_150000.BIN,1.7850,8.0753,2.1643,8.0753,1.0890,1,1.993,1.995
3343,DATA_20260324_150000.BIN,2.1643,9.8393,3.2778,9.8393,1.6830,1,2.593,2.746
3344,DATA_20260324_150000.BIN,3.2778,27.2043,3.1122,27.2043,2.8930,1,3.419,6.980
3345,DATA_20260324_150000.BIN,3.1122,9.4571,2.1245,9.4571,2.0460,1,2.466,4.493
3346,DATA_20260324_150000.BIN,2.1245,7.2709,1.0278,7.2709,1.3970,1,2.455,5.901
3347,DATA_20260324_150000.BIN,1.0278,8.1556,1.8268,8.1556,1.3200,1,0.285,0.855
3348,DATA_20260324_150000.BIN,1.1207,6.8974,1.4825,6.8974,1.2980,1,0.797,2.193
3349,DATA_20260324_150000.BIN,1.4825,6.0493,1.6433,6.0493,2.6180,1,0.845,1.257
3350,DATA_20260324_150000.BIN,0.7339,7.4563,1.1926,7.4563,1.2210,1,1.273,1.948
3351,DATA_20260324_150000.BIN,1.1926,6.4084,0.1926,6.4084,1.9030,1,2.295,2.399
3352,DATA_20260324_150000.BIN,0.1926,27.5104,1.3778,27.5104,3.5970,1,1.395,3.493
3353,DATA_20260324_150000.BIN,1.3778,5.1909,0.3907,5.1909,3.0360,1,3.113,4.432
3354,DATA_20260324_150000.BIN,0.3907,6.6125,1.9615,6.6125,2.7280,1,2.424,6.138
3355,DATA_20260324_150000.BIN,1.9615,11.2620,4.2864,11.2620,1.5950,1,2.016,5.532
3356,DATA_20260324_150000.BIN,4.2864,10.0821,1.5090,10.0821,1.7490,1,4.606,4.659
3357,DATA_20260324_150000.BIN,1.5090,9.2195,0.1104,9.2195,1.5730,1,1.558,1.790
3358,DATA_20260324_150000.BIN,1.2378,7.4598,2.0877,7.4598,1.6170,1,1.616,5.123
3359,DATA_20260324_150000.BIN,1.1766,15.8130,11.1755,15.8130,1.9360,1,2.335,2.351
3360,DATA_20260324_150000.BIN,1.7770,16.7986,0.7984,16.7986,2.1780,1,3.041,3.041
3361,DATA_20260324_150000.BIN,0.7984,8.5096,0.9861,8.5096,2.6070,1,1.456,1.484
3362,DATA_20260324_150000.BIN,0.9861,9.4490,3.0502,9.4490,1.5840,1,3.060,6.417
3363,DATA_20260324_150000.BIN,1.8115,10.5186,3.8018,10.5186,3.4320,1,1.812,1.978
3364,DATA_20260324_150000.BIN,3.8018,9.3340,0.9020,9.3340,3.5860,1,5.278,14.569
3365,DATA_20260324_150000.BIN,0.9020,6.1985,2.2838,6.1985,1.3640,1,1.792,1.843
3366,DATA_20260324_150000.BIN,2.2838,19.6655,3.9921,19.6655,2.8820,1,1.183,6.277
3367,DATA_20260324_150000.BIN,3.9921,14.9040,3.9154,14.9040,2.9590,1,4.621,6.450
3368,DATA_20260324_150000.BIN,3.9154,8.8133,1.9020,8.8133,2.9370,1,4.685,7.445
3369,DATA_20260324_150000.BIN,1.9020,13.7885,4.2420,13.7885,1.5070,1,2.126,7.085
3370,DATA_20260324_150000.BIN,4.2420,11.5980,8.1299,11.5980,3.7510,1,3.082,7.667
3371,DATA_20260324_150000.BIN,1.6542,10.8762,4.3086,10.8762,2.6840,1,1.064,1.856
3372,DATA_20260324_150000.BIN,4.0258,6.8861,1.2502,6.8861,1.7160,1,3.039,4.329
3373,DATA_20260324_150000.BIN,1.5958,6.7222,3.5235,6.7222,2.2660,1,1.653,3.590
3374,DATA_20260324_150000.BIN,3.5235,11.6285,4.4708,11.6285,8.3490,1,4.049,4.250
3375,DATA_20260324_150000.BIN,4.4708,12.5227,8.8635,12.5227,5.2580,1,4.785,4.787
3376,DATA_20260324_150000.BIN,3.7296,9.0632,3.0448,9.0632,4.8840,1,3.826,5.284
3377,DATA_20260324_150000.BIN,3.0448,12.8010,2.4794,12.8010,4.9830,1,3.451,4.862
3378,DATA_20260324_150000.BIN,2.4794,6.8991,0.9780,6.8991,1.3640,1,7.187,11.586
3379,DATA_20260324_150000.BIN,0.9780,9.9803,1.7473,9.9803,3.5200,1,4.427,8.796
3380,DATA_20260324_150000.BIN,1.7473,19.2816,5.6622,19.2816,3.0140,1,0.118,3.662
3381,DATA_20260324_150000.BIN,5.6622,27.2784,1.9446,27.2784,2.5630,1,5.431,5.517
3382,DATA_20260324_150000.BIN,1.9446,13.1330,4.9701,13.1330,8.5470,1,1.564,6.857
3383,DATA_20260324_150000.BIN,1.2672,33.5231,24.9168,33.5231,2.8050,1,1.098,5.476
3384,DATA_20260324_150000.BIN,24.9168,34.5401,0.9728,34.5401,4.7300,1,27.654,32.254
3385,DATA_20260324_150000.BIN,0.9728,11.0137,3.3997,11.0137,3.0690,1,2.403,3.225
3386,DATA_20260324_150000.BIN,3.3997,14.2810,1.5105,14.2810,1.7820,1,5.407,5.424
3387,DATA_20260324_150000.BIN,1.5105,9.4114,3.8807,9.4114,1.6390,1,1.386,6.085
3388,DATA_20260324_150000.BIN,3.8807,19.5017,0.7531,19.5017,3.5310,1,5.073,5.087
3389,DATA_20260324_150000.BIN,0.7531,7.8674,0.4642,7.8674,8.6350,1,1.007,1.007
3390,DATA_20260324_150000.BIN,0.4642,6.9204,0.2559,6.9204,3.7730,1,0.467,1.579
3391,DATA_20260324_150000.BIN,1.3911,10.1753,5.0267,10.1753,2.4420,1,1.789,1.830
3392,DATA_20260324_150000.BIN,1.9879,9.1761,1.6557,9.1761,2.1120,1,1.721,10.738
3393,DATA_20260324_150000.BIN,1.6557,10.4098,1.6976,10.4098,3.0030,1,2.823,8.860
3394,DATA_20260324_150000.BIN,1.6976,10.4073,1.2231,10.4073,1.4630,1,3.272,6.197
3395,DATA_20260324_150000.BIN,1.2231,7.0781,3.7735,7.0781,1.9470,1,1.368,1.909
