cycle_idx,source_file,p0_r,p3_r,p7_r,amplitude,duration_s,validated,tilt_deg,q_error_deg
0,DATA_20260323_060343.BIN,9.6132,16.3257,11.7379,16.3257,3.4210,1,2.679,2.892
1,DATA_20260323_060343.BIN,0.4489,12.7107,0.2212,12.7107,4.3010,1,9.138,9.404
2,DATA_20260323_060343.BIN,0.2212,14.4719,5.0671,14.4719,4.5760,1,8.431,11.528
3,DATA_20260323_060343.BIN,5.0671,11.2166,2.3077,11.2166,1.6500,1,6.430,6.513
4,DATA_20260323_060343.BIN,2.3077,15.9718,6.6632,15.9718,1.8590,1,8.664,8.926
5,DATA_20260323_060343.BIN,6.6632,16.8589,8.6601,16.8589,6.1490,1,5.578,5.732
6,DATA_20260323_060343.BIN,8.6601,15.1312,8.8558,15.1312,3.5090,1,6.251,6.544
7,DATA_20260323_060343.BIN,8.8558,15.5478,5.9130,15.5478,1.6830,1,3.612,6.831
8,DATA_20260323_060343.BIN,5.9130,11.0296,4.9439,11.0296,4.8180,1,2.646,9.713
9,DATA_20260323_060343.BIN,4.9439,11.5195,5.0554,11.5195,4.7300,1,6.184,10.331
10,DATA_20260323_060343.BIN,5.0554,19.9879,8.5331,19.9879,1.9470,1,4.265,6.331
11,DATA_20260323_060343.BIN,1.6450,11.7081,6.4950,11.7081,6.6660,1,5.648,5.816
12,DATA_20260323_060343.BIN,6.4950,10.3060,6.3358,10.3060,4.2240,1,8.707,8.711
13,DATA_20260323_060343.BIN,6.3358,17.7907,8.8032,17.7907,8.4150,1,7.752,9.616
14,DATA_20260323_060343.BIN,8.8032,18.2046,6.5852,18.2046,6.6330,1,9.273,9.379
15,DATA_20260323_060343.BIN,6.5852,12.1627,6.6617,12.1627,3.4430,1,2.687,3.309
16,DATA_20260323_060343.BIN,6.6617,12.9752,3.3905,12.9752,4.1140,1,6.099,8.875
17,DATA_20260323_060343.BIN,3.3905,9.8215,1.8162,9.8215,4.8510,1,1.527,3.793
18,DATA_20260323_060343.BIN,1.8162,10.4908,2.5133,10.4908,4.7410,1,2.791,4.798
19,DATA_20260323_060343.BIN,6.0059,13.1635,0.8170,13.1635,4.1030,1,2.089,2.957
20,DATA_20260323_060343.BIN,0.8170,16.6044,4.9404,16.6044,4.6200,1,5.342,5.350
21,DATA_20260323_060343.BIN,4.3779,12.6284,4.0082,12.6284,1.0230,1,1.677,1.780
22,DATA_20260323_060343.BIN,4.0082,11.5614,4.2702,11.5614,1.0890,1,2.526,2.793
23,DATA_20260323_060343.BIN,0.2393,9.5305,3.9612,9.5305,3.3000,1,4.102,4.901
24,DATA_20260323_060343.BIN,3.9612,12.2070,2.0965,12.2070,3.5750,1,6.064,6.065
25,DATA_20260323_060343.BIN,2.0965,11.0073,4.3759,11.0073,2.6840,1,6.002,6.093
26,DATA_20260323_060343.BIN,4.3759,13.1223,4.7734,13.1223,1.1880,1,2.203,2.356
27,DATA_20260323_060343.BIN,5.8996,13.2478,5.9129,13.2478,1.1660,1,4.058,4.410
28,DATA_20260323_060343.BIN,3.5040,12.0607,4.4126,12.0607,1.1220,1,0.750,0.813
29,DATA_20260323_060343.BIN,2.9430,10.0141,3.1052,10.0141,1.2980,1,0.341,0.372
30,DATA_20260323_060343.BIN,3.1052,11.8450,3.7470,11.8450,2.3540,1,0.972,3.197
31,DATA_20260323_060343.BIN,3.7470,12.4877,5.8871,12.4877,1.2210,1,1.308,1.866
32,DATA_20260323_060343.BIN,5.4045,13.7938,5.2250,13.7938,2.5740,1,2.558,3.497
33,DATA_20260323_060343.BIN,5.2250,13.4647,1.3791,13.4647,5.7420,1,2.947,3.681
34,DATA_20260323_060343.BIN,1.3791,7.5666,2.5753,7.5666,2.4640,1,2.693,2.993
35,DATA_20260323_060343.BIN,2.5753,11.6508,4.2987,11.6508,2.7610,1,3.324,3.780
36,DATA_20260323_060343.BIN,5.1511,12.6650,8.4193,12.6650,1.9470,1,2.349,2.647
37,DATA_20260323_060343.BIN,0.5189,7.2122,0.6941,7.2122,2.3980,1,3.716,6.022
38,DATA_20260323_060343.BIN,3.9049,10.1057,5.5353,10.1057,6.0830,1,1.660,1.906
39,DATA_20260323_060343.BIN,2.0266,8.3201,2.6866,8.3201,5.6650,1,2.406,8.433
40,DATA_20260323_060343.BIN,2.6866,8.0349,2.0806,8.0349,1.6280,1,1.039,1.197
41,DATA_20260323_060343.BIN,5.5917,13.0237,6.0857,13.0237,1.2870,1,3.326,5.621
42,DATA_20260323_060343.BIN,5.1457,13.9373,6.8562,13.9373,3.6630,1,2.305,3.411
43,DATA_20260323_060343.BIN,6.8562,12.6263,1.2634,12.6263,2.5850,1,4.016,5.042
44,DATA_20260323_060343.BIN,1.2634,13.4368,6.9184,13.4368,5.2580,1,3.046,4.037
45,DATA_20260323_060343.BIN,4.5480,13.1647,4.9060,13.1647,5.3350,1,2.161,2.161
46,DATA_20260323_060343.BIN,4.9060,10.4562,3.5847,10.4562,3.0580,1,4.824,11.256
47,DATA_20260323_060343.BIN,3.5847,10.5014,1.4424,10.5014,3.2450,1,1.366,1.378
48,DATA_20260323_060343.BIN,1.4424,9.4230,3.4575,9.4230,6.4130,1,4.486,5.697
49,DATA_20260323_060343.BIN,3.4575,7.9293,2.9265,7.9293,2.4310,1,3.421,3.735
50,DATA_20260323_060343.BIN,2.9265,20.5070,6.1438,20.5070,7.3920,1,5.224,5.281
51,DATA_20260323_060343.BIN,6.1438,18.7304,3.2957,18.7304,5.8630,1,7.427,7.650
52,DATA_20260323_060343.BIN,4.5164,9.2487,2.4991,9.2487,1.7270,1,2.441,2.441
53,DATA_20260323_060343.BIN,2.4991,7.1760,2.5185,7.1760,5.7750,1,0.408,1.868
54,DATA_20260323_060343.BIN,2.5185,11.2854,4.8263,11.2854,5.0270,1,4.539,8.564
55,DATA_20260323_060343.BIN,4.8263,12.5847,7.0332,12.5847,7.1390,1,3.305,8.239
56,DATA_20260323_060343.BIN,7.0332,15.6108,4.2664,15.6108,2.5300,1,5.293,5.326
57,DATA_20260323_060343.BIN,4.2664,13.3561,3.8276,13.3561,7.4030,1,8.864,12.889
58,DATA_20260323_060343.BIN,2.1447,6.8179,0.5297,6.8179,4.3450,1,1.932,4.957
59,DATA_20260323_060343.BIN,0.5297,6.5315,2.3048,6.5315,2.7720,1,2.579,2.908
60,DATA_20260323_060343.BIN,2.3205,13.1828,6.4637,13.1828,4.0480,1,3.273,3.558
61,DATA_20260323_060343.BIN,3.3316,9.6896,4.1884,9.6896,1.2320,1,1.944,2.376
62,DATA_20260323_060343.BIN,1.8857,7.4040,0.6376,7.4040,1.3750,1,0.464,3.574
63,DATA_20260323_060343.BIN,0.6376,11.4452,3.9047,11.4452,4.2790,1,2.449,3.281
64,DATA_20260323_060343.BIN,3.9047,9.1356,3.1763,9.1356,2.8600,1,3.073,3.138
65,DATA_20260323_060343.BIN,4.3230,10.7630,4.4855,10.7630,3.5640,1,2.717,2.717
66,DATA_20260323_060343.BIN,4.4639,9.4953,2.7572,9.4953,7.1390,1,3.268,7.495
67,DATA_20260323_060343.BIN,5.7359,11.9385,6.4203,11.9385,6.6440,1,3.741,3.741
68,DATA_20260323_060343.BIN,6.4203,10.4478,5.3659,10.4478,4.3120,1,4.765,5.915
69,DATA_20260323_060343.BIN,2.5928,8.5965,3.6138,8.5965,4.4220,1,2.388,2.406
70,DATA_20260323_060343.BIN,3.6138,8.3086,2.4769,8.3086,4.9610,1,2.130,2.189
71,DATA_20260323_060343.BIN,3.3372,12.1086,1.8119,12.1086,8.8000,1,3.558,3.562
72,DATA_20260323_060343.BIN,3.5253,7.6827,3.0897,7.6827,2.0130,1,2.691,4.277
73,DATA_20260323_060343.BIN,3.0897,10.1229,5.2059,10.1229,9.7460,1,0.834,5.152
74,DATA_20260323_060343.BIN,3.7832,9.6774,3.8800,9.6774,2.5080,1,2.859,3.043
75,DATA_20260323_060343.BIN,3.8800,9.9721,1.7696,9.9721,4.6640,1,2.031,2.416
76,DATA_20260323_060343.BIN,1.7696,9.5098,0.1646,9.5098,3.9820,1,4.262,5.651
77,DATA_20260323_060343.BIN,0.1646,14.3319,1.4277,14.3319,7.4360,1,3.216,5.856
78,DATA_20260323_060343.BIN,1.4277,8.0889,1.0895,8.0889,7.7440,1,1.627,4.031
79,DATA_20260323_060343.BIN,1.0895,15.7940,1.6857,15.7940,5.1590,1,2.225,3.092
80,DATA_20260323_060343.BIN,1.6857,8.1437,2.7540,8.1437,4.0480,1,1.120,1.737
81,DATA_20260323_060343.BIN,1.3386,7.7984,2.3529,7.7984,3.7950,1,1.346,4.402
82,DATA_20260323_060343.BIN,2.3529,7.2649,1.9438,7.2649,1.4300,1,2.465,4.103
83,DATA_20260323_060343.BIN,2.3735,14.8145,6.2657,14.8145,9.3500,1,3.176,4.082
84,DATA_20260323_060343.BIN,6.2657,11.7247,5.3004,11.7247,3.2560,1,6.947,9.148
85,DATA_20260323_060343.BIN,5.3004,18.0715,5.8883,18.0715,9.3610,1,4.306,4.662
86,DATA_20260323_060343.BIN,2.0289,11.0625,3.1338,11.0625,3.6960,1,1.523,3.689
87,DATA_20260323_060343.BIN,3.1338,11.9731,4.8512,11.9731,8.5800,1,1.110,1.556
88,DATA_20260323_060343.BIN,4.8512,12.2513,3.6383,12.2513,6.1710,1,2.807,4.006
89,DATA_20260323_060343.BIN,5.6813,15.2214,9.2301,15.2214,6.6330,1,4.087,4.096
90,DATA_20260323_060343.BIN,9.2301,13.7305,5.1385,13.7305,2.6180,1,7.212,9.626
91,DATA_20260323_060343.BIN,5.1385,12.6844,4.0699,12.6844,6.8860,1,2.434,2.434
92,DATA_20260323_060343.BIN,5.2171,14.5411,3.6701,14.5411,5.9070,1,4.065,4.102
93,DATA_20260323_060343.BIN,3.6701,12.8735,3.9064,12.8735,3.8830,1,1.857,2.042
94,DATA_20260323_060343.BIN,1.8871,8.7969,2.5602,8.7969,1.3090,1,2.156,2.855
95,DATA_20260323_060343.BIN,1.3329,6.2923,0.6824,6.2923,1.2760,1,2.607,2.936
96,DATA_20260323_060343.BIN,0.6824,7.2378,0.4979,7.2378,1.1220,1,3.071,3.223
97,DATA_20260323_060343.BIN,1.8303,7.4481,0.8273,7.4481,2.1890,1,2.369,3.200
98,DATA_20260323_060343.BIN,2.0932,8.1890,2.1588,8.1890,1.2320,1,1.724,2.386
99,DATA_20260323_060343.BIN,2.1583,7.0451,1.3460,7.0451,4.1030,1,3.473,4.149
100,DATA_20260323_060343.BIN,0.8965,15.2085,6.1755,15.2085,4.7080,1,2.659,3.338
101,DATA_20260323_060343.BIN,6.1755,11.7208,2.6711,11.7208,3.8500,1,6.262,6.649
102,DATA_20260323_060343.BIN,3.5875,8.5767,3.2228,8.5767,2.8050,1,2.180,2.243
103,DATA_20260323_060343.BIN,3.2228,11.5463,4.6658,11.5463,2.3760,1,1.343,1.966
104,DATA_20260323_060343.BIN,4.6658,13.3084,4.1832,13.3084,4.5430,1,2.631,3.073
105,DATA_20260323_060343.BIN,0.7093,6.3194,0.7293,6.3194,3.0360,1,2.525,2.779
106,DATA_20260323_060343.BIN,1.9888,11.1470,3.8334,11.1470,5.8960,1,1.861,1.878
107,DATA_20260323_060343.BIN,2.7556,7.1402,2.3706,7.1402,4.0040,1,1.729,1.841
108,DATA_20260323_060343.BIN,2.5182,9.4067,4.0777,9.4067,1.8260,1,0.942,1.107
109,DATA_20260323_060343.BIN,5.4506,16.4062,7.4251,16.4062,6.6110,1,3.513,3.570
110,DATA_20260323_060343.BIN,7.4251,14.8316,7.0315,14.8316,6.4680,1,5.467,5.861
111,DATA_20260323_060343.BIN,7.0315,13.2149,2.8975,13.2149,7.2600,1,4.633,5.203
112,DATA_20260323_060343.BIN,2.7427,8.5110,0.4633,8.5110,6.4020,1,1.791,2.215
113,DATA_20260323_060343.BIN,0.4633,10.1879,3.6356,10.1879,5.3350,1,4.483,4.519
114,DATA_20260323_060343.BIN,0.6012,11.8446,6.8280,11.8446,4.4110,1,3.302,4.375
115,DATA_20260323_060343.BIN,6.8280,11.2739,2.4914,11.2739,3.4650,1,6.532,8.222
116,DATA_20260323_060343.BIN,1.5038,7.0756,1.0773,7.0756,3.6190,1,2.542,3.116
117,DATA_20260323_060343.BIN,0.8990,6.9618,2.3521,6.9618,5.6320,1,3.391,3.854
118,DATA_20260323_060343.BIN,1.8470,8.8764,1.5967,8.8764,5.8410,1,3.755,3.938
119,DATA_20260323_060343.BIN,1.5967,10.9830,0.9127,10.9830,4.8510,1,4.126,4.677
120,DATA_20260323_060343.BIN,0.9127,8.4779,0.5019,8.4779,6.6550,1,2.616,2.976
121,DATA_20260323_060343.BIN,0.5019,11.4967,4.4250,11.4967,2.4530,1,1.450,3.001
122,DATA_20260323_060343.BIN,4.4250,14.5411,3.5317,14.5411,3.3000,1,6.174,7.184
123,DATA_20260323_060343.BIN,3.5317,13.1433,5.5139,13.1433,3.1350,1,2.878,4.204
124,DATA_20260323_060343.BIN,5.5139,10.9692,1.9039,10.9692,5.1370,1,4.815,5.992
125,DATA_20260323_060343.BIN,2.1943,7.7293,1.6008,7.7293,5.5880,1,1.429,6.838
126,DATA_20260323_060343.BIN,4.2700,8.4095,0.5708,8.4095,7.0620,1,2.504,3.849
127,DATA_20260323_060343.BIN,0.5708,9.8107,3.0731,9.8107,3.9050,1,2.534,3.684
128,DATA_20260323_060343.BIN,1.7052,9.5230,1.9509,9.5230,4.2350,1,0.621,2.915
129,DATA_20260323_060343.BIN,4.1673,10.3173,0.3811,10.3173,7.0180,1,2.924,2.954
130,DATA_20260323_060343.BIN,1.3544,6.7266,1.4675,6.7266,9.0970,1,3.483,7.619
131,DATA_20260323_060343.BIN,0.5227,10.8984,0.6000,10.8984,9.8670,1,2.829,3.039
132,DATA_20260323_060343.BIN,0.6000,5.1090,0.8916,5.1090,8.0630,1,1.246,1.961
133,DATA_20260323_060343.BIN,1.5977,7.0921,1.6868,7.0921,2.8930,1,0.229,1.162
134,DATA_20260323_060343.BIN,3.5380,8.1978,1.0826,8.1978,1.5840,1,1.792,6.825
135,DATA_20260323_060343.BIN,3.9603,8.5951,1.4506,8.5951,6.6880,1,2.763,2.769
136,DATA_20260323_060343.BIN,1.4506,7.6897,0.7060,7.6897,1.4190,1,2.015,4.387
137,DATA_20260323_060343.BIN,0.7060,13.4002,8.8097,13.4002,8.6570,1,1.844,2.465
138,DATA_20260323_060343.BIN,8.8097,16.3110,6.2473,16.3110,6.2590,1,8.658,8.774
139,DATA_20260323_060343.BIN,5.7229,9.8322,5.0358,9.8322,3.6960,1,4.338,5.249
140,DATA_20260323_060343.BIN,1.9249,7.2359,0.8585,7.2359,5.8410,1,3.215,3.351
141,DATA_20260323_060343.BIN,0.8585,8.6535,1.6381,8.6535,6.5450,1,1.663,4.409
142,DATA_20260323_060343.BIN,1.7962,13.4782,1.5788,13.4782,2.8490,1,3.582,4.662
143,DATA_20260323_060343.BIN,1.5915,10.5350,0.5836,10.5350,3.0140,1,0.671,0.676
144,DATA_20260323_060343.BIN,2.8580,14.4953,1.3892,14.4953,2.5190,1,2.434,2.836
145,DATA_20260323_060343.BIN,3.9393,11.5849,6.2599,11.5849,4.4880,1,2.666,2.882
146,DATA_20260323_060343.BIN,6.2599,11.3012,4.9487,11.3012,3.1020,1,5.278,6.146
147,DATA_20260323_060343.BIN,4.9487,11.3091,5.6965,11.3091,6.2480,1,4.883,5.922
148,DATA_20260323_060343.BIN,6.9731,12.0286,0.3828,12.0286,7.5570,1,7.195,7.379
149,DATA_20260323_060343.BIN,0.5458,10.1652,4.6142,10.1652,8.0960,1,2.535,2.660
150,DATA_20260323_060343.BIN,2.0419,8.1689,1.0431,8.1689,6.8310,1,1.573,1.998
151,DATA_20260323_060343.BIN,0.2086,6.8365,1.8919,6.8365,5.5770,1,2.527,3.409
152,DATA_20260323_060343.BIN,2.2957,17.0303,7.8571,17.0303,6.5340,1,2.768,2.777
153,DATA_20260323_060343.BIN,7.8571,13.1011,5.4616,13.1011,3.4650,1,6.962,7.104
154,DATA_20260323_060343.BIN,1.4167,11.5996,0.4139,11.5996,5.7750,1,2.285,2.342
155,DATA_20260323_060343.BIN,3.7314,10.4245,0.4611,10.4245,5.5880,1,4.033,4.303
156,DATA_20260323_060343.BIN,0.4920,5.6187,1.2354,5.6187,6.5010,1,2.206,2.268
157,DATA_20260323_060343.BIN,1.2354,8.4314,0.8330,8.4314,8.6130,1,1.111,1.551
158,DATA_20260323_060343.BIN,0.8330,8.6799,2.4300,8.6799,4.8950,1,2.535,2.625
159,DATA_20260323_060343.BIN,2.4300,6.8141,0.8243,6.8141,6.1930,1,2.791,2.892
160,DATA_20260323_060343.BIN,1.7782,7.5475,0.4240,7.5475,6.7430,1,2.689,6.756
161,DATA_20260323_060343.BIN,0.4240,8.3054,2.2261,8.3054,2.6730,1,2.408,3.912
162,DATA_20260323_060343.BIN,3.4126,14.6667,1.2797,14.6667,6.2040,1,3.073,6.430
163,DATA_20260323_060343.BIN,0.6460,10.5406,4.3955,10.5406,4.8180,1,2.394,2.854
164,DATA_20260323_060343.BIN,4.3955,13.1173,6.2939,13.1173,4.5100,1,5.659,7.399
165,DATA_20260323_060343.BIN,6.2939,11.1395,3.0366,11.1395,3.7620,1,6.596,6.623
166,DATA_20260323_060343.BIN,3.0366,10.3871,0.4879,10.3871,5.6540,1,1.706,10.450
167,DATA_20260323_060343.BIN,4.9142,13.5734,3.3056,13.5734,1.6940,1,4.349,5.079
168,DATA_20260323_060343.BIN,3.3056,8.4234,1.2217,8.4234,6.3580,1,4.653,4.752
169,DATA_20260323_060343.BIN,1.2217,6.9408,0.9851,6.9408,3.6960,1,2.158,3.065
170,DATA_20260323_060343.BIN,0.1546,7.8731,0.3676,7.8731,2.1670,1,1.930,4.236
171,DATA_20260323_060343.BIN,0.1241,6.8230,1.0574,6.8230,2.3980,1,1.858,6.889
172,DATA_20260323_060343.BIN,1.0574,6.3619,1.3320,6.3619,2.6730,1,2.177,2.661
173,DATA_20260323_060343.BIN,1.7915,6.9562,0.6211,6.9562,8.6460,1,3.295,3.636
174,DATA_20260323_060343.BIN,0.6211,11.4800,1.1774,11.4800,5.7530,1,0.343,1.226
175,DATA_20260323_060343.BIN,0.7440,8.1228,2.3058,8.1228,7.0510,1,0.601,0.760
176,DATA_20260323_060343.BIN,2.3058,12.1527,1.3674,12.1527,9.5590,1,1.994,3.832
177,DATA_20260323_060343.BIN,1.3674,10.9069,0.4232,10.9069,8.7670,1,1.938,2.037
178,DATA_20260323_060343.BIN,1.7456,8.7954,2.6008,8.7954,8.5030,1,3.119,3.150
179,DATA_20260323_060343.BIN,2.6008,6.2102,0.1374,6.2102,2.6730,1,3.401,5.531
180,DATA_20260323_060343.BIN,0.1374,16.3408,2.4964,16.3408,6.0940,1,0.961,3.786
181,DATA_20260323_060343.BIN,1.8925,18.3539,9.4520,18.3539,3.1020,1,3.558,13.078
182,DATA_20260323_060343.BIN,9.4520,20.2884,1.2712,20.2884,4.3230,1,9.126,12.576
183,DATA_20260323_060343.BIN,1.2712,8.8516,1.1753,8.8516,5.6870,1,2.525,5.812
184,DATA_20260323_060343.BIN,1.1753,8.7517,1.7279,8.7517,4.0920,1,2.723,4.011
185,DATA_20260323_060343.BIN,1.7279,10.0857,1.7877,10.0857,3.3880,1,4.321,8.923
186,DATA_20260323_060343.BIN,1.7877,10.8397,6.5655,10.8397,4.7960,1,2.178,3.293
187,DATA_20260323_060343.BIN,6.5655,10.4313,5.7286,10.4313,2.2770,1,8.669,8.973
188,DATA_20260323_060343.BIN,3.0356,7.6496,0.5388,7.6496,5.6210,1,2.871,5.704
189,DATA_20260323_060343.BIN,0.7886,8.2783,2.4114,8.2783,4.7300,1,2.196,4.453
190,DATA_20260323_060343.BIN,3.6467,11.3555,5.1488,11.3555,2.9590,1,4.663,8.239
191,DATA_20260323_060343.BIN,5.1488,11.9190,1.6183,11.9190,3.2010,1,6.204,7.581
192,DATA_20260323_060343.BIN,1.6183,9.0001,1.7136,9.0001,3.4870,1,2.452,2.505
193,DATA_20260323_060343.BIN,1.7136,7.5515,2.2801,7.5515,3.7290,1,2.206,2.288
194,DATA_20260323_060343.BIN,2.2801,10.9691,4.8681,10.9691,3.6850,1,3.199,6.862
195,DATA_20260323_060343.BIN,4.8681,11.6406,1.6964,11.6406,7.1390,1,5.860,8.489
196,DATA_20260323_060343.BIN,1.6964,10.3978,0.3537,10.3978,5.4560,1,3.315,6.336
197,DATA_20260323_060343.BIN,3.0155,10.5308,0.8016,10.5308,3.0250,1,2.621,3.229
198,DATA_20260323_060343.BIN,0.8016,9.8313,1.9660,9.8313,6.2810,1,1.633,2.242
199,DATA_20260323_060343.BIN,1.9660,8.8947,4.1215,8.8947,2.5740,1,0.690,9.246
200,DATA_20260323_060343.BIN,4.1215,9.4166,3.5636,9.4166,6.0720,1,3.535,3.741
201,DATA_20260323_060343.BIN,3.5636,8.3459,1.8413,8.3459,9.5040,1,2.544,2.756
202,DATA_20260323_060343.BIN,1.6287,8.3336,2.3348,8.3336,4.8840,1,3.770,6.624
203,DATA_20260323_060343.BIN,3.6266,12.1784,3.5670,12.1784,9.0640,1,2.612,2.702
204,DATA_20260323_060343.BIN,3.5670,16.6646,7.6388,16.6646,3.3880,1,3.221,4.083
205,DATA_20260323_060343.BIN,7.6388,13.9133,4.0483,13.9133,4.9830,1,7.469,8.085
206,DATA_20260323_060343.BIN,4.0483,10.3342,1.7612,10.3342,7.8100,1,2.646,5.814
207,DATA_20260323_060343.BIN,0.9281,10.7866,3.8524,10.7866,6.1820,1,2.281,2.719
208,DATA_20260323_060343.BIN,3.8524,10.4665,4.5635,10.4665,5.0600,1,2.690,5.962
209,DATA_20260323_060343.BIN,4.5635,10.6073,2.0400,10.6073,6.6770,1,3.966,4.053
210,DATA_20260323_060343.BIN,2.0400,9.0971,1.9748,9.0971,5.3790,1,1.385,9.854
211,DATA_20260323_060343.BIN,1.9094,9.3939,3.3633,9.3939,4.1470,1,2.689,2.969
212,DATA_20260323_060343.BIN,3.3633,13.2533,7.7921,13.2533,7.4580,1,6.939,9.385
213,DATA_20260323_060343.BIN,7.7921,15.8428,6.9156,15.8428,9.2510,1,10.299,10.410
214,DATA_20260323_060343.BIN,6.5454,17.1801,4.6730,17.1801,8.5800,1,9.443,11.437
215,DATA_20260323_060343.BIN,4.6730,17.3178,5.3255,17.3178,7.6890,1,4.535,4.929
216,DATA_20260323_060343.BIN,5.3255,16.0459,5.2521,16.0459,9.7020,1,4.654,4.859
217,DATA_20260323_060343.BIN,5.2521,13.0108,4.7386,13.0108,6.7320,1,3.886,4.524
218,DATA_20260323_060343.BIN,4.7386,14.0255,2.9994,14.0255,7.3150,1,2.965,3.346
219,DATA_20260323_060343.BIN,2.9994,14.8938,4.5904,14.8938,8.9980,1,1.776,2.682
220,DATA_20260323_060343.BIN,4.5904,15.5644,1.9489,15.5644,5.3460,1,2.555,2.569
221,DATA_20260323_060343.BIN,4.7366,11.6006,3.0547,11.6006,2.8380,1,0.845,11.864
222,DATA_20260323_060343.BIN,6.3261,13.0565,3.8236,13.0565,5.7750,1,5.292,7.277
223,DATA_20260323_060343.BIN,3.8236,11.3954,4.6041,11.3954,4.3120,1,3.816,4.485
224,DATA_20260323_060343.BIN,4.6041,13.1699,2.3176,13.1699,2.9590,1,4.406,9.829
225,DATA_20260323_060343.BIN,2.3176,7.5189,2.7966,7.5189,4.0920,1,6.055,7.882
226,DATA_20260323_060343.BIN,2.7966,9.3152,4.2856,9.3152,4.0040,1,6.504,10.020
227,DATA_20260323_060343.BIN,4.2856,12.9188,2.9119,12.9188,3.9050,1,5.224,6.203
228,DATA_20260323_060343.BIN,2.9119,12.5388,3.4074,12.5388,3.6630,1,1.926,6.874
229,DATA_20260323_060343.BIN,3.4074,12.0723,4.1355,12.0723,3.6850,1,2.756,7.679
230,DATA_20260323_060343.BIN,4.1355,10.1966,0.2547,10.1966,8.2390,1,5.738,9.340
231,DATA_20260323_060343.BIN,1.7879,11.6361,3.5806,11.6361,6.6440,1,0.718,2.850
232,DATA_20260323_060343.BIN,0.9745,16.7329,0.8013,16.7329,2.7170,1,1.155,5.432
233,DATA_20260323_060343.BIN,0.8013,9.3652,2.9969,9.3652,6.6220,1,2.952,4.978
234,DATA_20260323_060343.BIN,4.4678,12.3962,5.8515,12.3962,2.2440,1,3.253,8.575
235,DATA_20260323_060343.BIN,5.8515,9.8464,4.4787,9.8464,8.8330,1,4.723,5.315
236,DATA_20260323_060343.BIN,4.4787,8.8418,1.8671,8.8418,4.0590,1,5.602,6.355
237,DATA_20260323_060343.BIN,1.8671,7.6298,2.8352,7.6298,3.6190,1,0.935,1.414
238,DATA_20260323_060343.BIN,3.9424,8.7420,2.4919,8.7420,4.3560,1,6.026,9.322
239,DATA_20260323_060343.BIN,2.7432,12.7512,6.1294,12.7512,7.2600,1,0.904,9.291
240,DATA_20260323_060343.BIN,6.1294,11.7458,3.9178,11.7458,3.4650,1,5.124,7.747
241,DATA_20260323_060343.BIN,3.9178,15.6003,1.0671,15.6003,4.1800,1,2.289,6.501
242,DATA_20260323_060343.BIN,1.0671,10.3736,4.0077,10.3736,5.2360,1,3.760,7.565
243,DATA_20260323_060343.BIN,3.3053,10.4856,1.0799,10.4856,4.6420,1,1.972,3.332
244,DATA_20260323_060343.BIN,1.0799,8.7912,1.0383,8.7912,1.7710,1,1.746,6.598
245,DATA_20260323_060343.BIN,2.6196,9.9623,2.9905,9.9623,3.8390,1,3.387,7.648
246,DATA_20260323_060343.BIN,1.8017,11.3012,6.2372,11.3012,5.7420,1,2.357,7.176
247,DATA_20260323_060343.BIN,6.6402,11.5008,7.4597,11.5008,3.0690,1,7.346,8.029
248,DATA_20260323_060343.BIN,7.4597,12.9996,5.5304,12.9996,3.5640,1,8.408,10.017
249,DATA_20260323_060343.BIN,5.5304,16.9346,2.0894,16.9346,8.7230,1,9.385,11.853
250,DATA_20260323_060343.BIN,1.2965,15.8092,2.2755,15.8092,9.0860,1,3.682,5.940
251,DATA_20260323_060343.BIN,2.2755,17.5674,0.4536,17.5674,7.7330,1,1.816,2.937
252,DATA_20260323_060343.BIN,5.1275,14.4894,5.4012,14.4894,3.7070,1,5.231,5.440
253,DATA_20260323_060343.BIN,5.4012,11.8700,3.6562,11.8700,4.7080,1,6.280,8.070
254,DATA_20260323_060343.BIN,3.6562,11.9597,2.4473,11.9597,7.0510,1,3.435,6.656
255,DATA_20260323_060343.BIN,2.4473,11.8931,7.6080,11.8931,8.1620,1,3.238,3.404
256,DATA_20260323_060343.BIN,1.9837,9.4002,0.3486,9.4002,5.0600,1,3.351,11.669
257,DATA_20260323_060343.BIN,0.3486,10.6825,1.8125,10.6825,4.5980,1,1.369,8.552
258,DATA_20260323_060343.BIN,1.8125,11.5712,4.9401,11.5712,5.7750,1,4.263,9.277
259,DATA_20260323_060343.BIN,4.9401,12.1150,5.0682,12.1150,2.9590,1,6.430,11.420
260,DATA_20260323_060343.BIN,5.0682,13.0195,1.2439,13.0195,6.4350,1,5.036,7.695
261,DATA_20260323_060343.BIN,1.2439,12.8802,2.5245,12.8802,6.4680,1,3.086,5.956
262,DATA_20260323_060343.BIN,2.5245,12.2694,1.2892,12.2694,7.0510,1,3.049,3.055
263,DATA_20260323_060343.BIN,1.2892,11.0240,5.2008,11.0240,6.5780,1,1.427,1.472
264,DATA_20260323_060343.BIN,5.2008,14.6105,8.8512,14.6105,4.9610,1,4.120,4.469
265,DATA_20260323_060343.BIN,5.3368,12.7298,3.9495,12.7298,3.6300,1,4.179,10.325
266,DATA_20260323_060343.BIN,4.6450,10.1886,4.9525,10.1886,2.6950,1,6.125,7.063
267,DATA_20260323_060343.BIN,6.2223,10.6934,3.5156,10.6934,3.6410,1,6.859,8.648
268,DATA_20260323_060343.BIN,2.5288,20.9884,2.7985,20.9884,2.4200,1,0.997,3.729
269,DATA_20260323_060343.BIN,2.7985,11.5052,6.4128,11.5052,4.4550,1,1.557,3.190
270,DATA_20260323_060343.BIN,6.4128,11.4904,2.2873,11.4904,5.3790,1,4.244,8.417
271,DATA_20260323_060343.BIN,2.2873,10.6247,2.9380,10.6247,7.6890,1,2.721,4.828
272,DATA_20260323_060343.BIN,5.9471,11.5775,4.6020,11.5775,3.7290,1,3.864,4.213
273,DATA_20260323_060343.BIN,4.6020,10.7289,3.0014,10.7289,8.6020,1,2.294,5.456
274,DATA_20260323_060343.BIN,3.0014,12.5509,6.5927,12.5509,3.3550,1,0.743,2.264
275,DATA_20260323_060343.BIN,6.5927,12.4103,4.3244,12.4103,4.6750,1,4.251,4.282
276,DATA_20260323_060343.BIN,4.3244,10.9631,1.7583,10.9631,2.7060,1,1.482,2.791
277,DATA_20260323_060343.BIN,1.7583,15.2404,3.3706,15.2404,5.4670,1,3.045,3.712
278,DATA_20260323_060343.BIN,3.3706,10.8344,3.4007,10.8344,6.5450,1,6.154,6.524
279,DATA_20260323_060343.BIN,2.0888,8.4531,1.2685,8.4531,2.8160,1,1.704,1.925
280,DATA_20260323_060343.BIN,6.8460,15.7304,6.3621,15.7304,4.4770,1,10.865,12.207
281,DATA_20260323_060343.BIN,6.3621,13.3947,1.9263,13.3947,4.6970,1,4.190,11.296
282,DATA_20260323_060343.BIN,1.9263,10.3754,0.4496,10.3754,6.1930,1,5.870,11.346
283,DATA_20260323_060343.BIN,7.4932,20.1359,8.3590,20.1359,9.8340,1,7.249,12.037
284,DATA_20260323_060343.BIN,8.3590,12.1780,6.6830,12.1780,4.8510,1,7.336,7.336
285,DATA_20260323_060343.BIN,9.2238,15.0213,6.4955,15.0213,8.1510,1,7.678,9.593
286,DATA_20260323_060343.BIN,6.4955,14.6462,5.2402,14.6462,7.7330,1,5.490,5.559
287,DATA_20260323_060343.BIN,5.5500,12.0886,1.7101,12.0886,7.6450,1,3.637,6.702
288,DATA_20260323_060343.BIN,1.7101,10.0746,4.9147,10.0746,4.1580,1,3.747,4.830
289,DATA_20260323_060343.BIN,4.9147,15.1010,7.1890,15.1010,7.5790,1,5.866,6.573
290,DATA_20260323_060343.BIN,7.9391,14.2350,3.0495,14.2350,6.8200,1,6.478,7.479
291,DATA_20260323_060343.BIN,3.0495,16.6429,5.7602,16.6429,4.7190,1,1.559,5.991
292,DATA_20260323_060343.BIN,4.9603,11.3984,5.0783,11.3984,3.9600,1,4.928,11.384
293,DATA_20260323_060343.BIN,5.0783,11.1054,1.2094,11.1054,4.4660,1,4.833,8.613
294,DATA_20260323_060343.BIN,1.2094,10.0685,4.8455,10.0685,2.5080,1,4.337,9.092
295,DATA_20260323_060343.BIN,4.8455,11.2809,5.1794,11.2809,4.9610,1,3.703,4.340
296,DATA_20260323_060343.BIN,4.8555,9.8808,2.1480,9.8808,1.4190,1,2.273,2.678
297,DATA_20260323_060343.BIN,4.9930,12.0977,5.0141,12.0977,6.2700,1,2.526,3.976
298,DATA_20260323_060343.BIN,5.9972,12.6153,2.0129,12.6153,3.3330,1,2.787,3.141
299,DATA_20260323_060343.BIN,2.0129,11.5528,6.5915,11.5528,4.8180,1,3.142,4.542
300,DATA_20260323_060343.BIN,1.3367,10.0000,3.9688,10.0000,2.7610,1,5.558,8.355
301,DATA_20260323_060343.BIN,3.9688,9.0949,1.5564,9.0949,4.5100,1,5.310,5.482
302,DATA_20260323_060343.BIN,1.5564,10.8457,6.6843,10.8457,2.3870,1,4.555,6.177
303,DATA_20260323_060343.BIN,6.6843,12.2214,3.1123,12.2214,3.3880,1,4.997,7.619
304,DATA_20260323_060343.BIN,3.1123,9.7481,5.1954,9.7481,2.5850,1,1.750,2.724
305,DATA_20260323_060343.BIN,5.1954,9.7202,5.4340,9.7202,1.6390,1,3.355,10.847
306,DATA_20260323_060343.BIN,3.5088,12.0745,1.1591,12.0745,3.5310,1,1.419,9.331
307,DATA_20260323_060343.BIN,7.2047,14.7183,6.8503,14.7183,6.6550,1,4.877,5.871
308,DATA_20260323_060343.BIN,3.6060,10.7969,4.7477,10.7969,3.6190,1,1.135,2.159
309,DATA_20260323_060343.BIN,4.7477,10.1683,6.4765,10.1683,3.2670,1,1.482,6.766
310,DATA_20260323_060343.BIN,6.4765,12.3824,1.0387,12.3824,3.7400,1,3.647,4.512
311,DATA_20260323_060343.BIN,1.0387,12.5461,1.0253,12.5461,1.8370,1,4.432,8.843
312,DATA_20260323_060343.BIN,1.0253,11.0999,6.7841,11.0999,3.4980,1,3.395,6.747
313,DATA_20260323_060343.BIN,6.7841,14.0469,4.3889,14.0469,9.9990,1,4.243,4.498
314,DATA_20260323_060343.BIN,4.3889,13.6260,6.0840,13.6260,2.8600,1,3.947,9.698
315,DATA_20260323_060343.BIN,2.5485,9.6813,1.4536,9.6813,4.1800,1,3.500,8.350
316,DATA_20260323_060343.BIN,1.4536,13.5156,6.9408,13.5156,4.9610,1,6.217,9.668
317,DATA_20260323_060343.BIN,6.9408,15.1389,4.3777,15.1389,6.3360,1,5.079,9.921
318,DATA_20260323_060343.BIN,4.3777,11.7896,3.9512,11.7896,5.6430,1,1.216,4.718
319,DATA_20260323_060343.BIN,3.9512,12.1346,4.5581,12.1346,9.2400,1,0.345,7.688
320,DATA_20260323_060343.BIN,4.5581,13.3321,6.4756,13.3321,1.5180,1,1.136,2.876
321,DATA_20260323_060343.BIN,3.9701,9.3763,1.5261,9.3763,5.2360,1,0.354,3.498
322,DATA_20260323_060343.BIN,3.1571,12.8292,3.2417,12.8292,4.3780,1,0.886,5.306
323,DATA_20260323_060343.BIN,3.2417,17.2443,1.8755,17.2443,7.6780,1,2.621,4.177
324,DATA_20260323_060343.BIN,1.8755,14.2147,4.6589,14.2147,3.2230,1,2.312,4.382
325,DATA_20260323_060343.BIN,4.6589,12.5461,4.3072,12.5461,4.3890,1,7.812,10.533
326,DATA_20260323_060343.BIN,4.3072,13.3605,6.0309,13.3605,3.2450,1,3.742,5.307
327,DATA_20260323_060343.BIN,6.0309,17.4560,3.6167,17.4560,2.7830,1,7.527,8.188
328,DATA_20260323_060343.BIN,5.4184,12.5699,5.8888,12.5699,1.1000,1,5.462,7.496
329,DATA_20260323_060343.BIN,6.1017,11.0252,3.5234,11.0252,3.7840,1,5.206,7.140
330,DATA_20260323_060343.BIN,8.8377,14.2190,8.2567,14.2190,3.2230,1,6.518,6.846
331,DATA_20260323_060343.BIN,8.2567,17.8743,2.3538,17.8743,5.7420,1,7.460,10.990
332,DATA_20260323_060343.BIN,7.3634,14.6511,9.4542,14.6511,4.7630,1,3.578,7.013
333,DATA_20260323_060343.BIN,6.9691,14.0295,7.3488,14.0295,2.5960,1,3.493,7.644
334,DATA_20260323_060343.BIN,7.3488,17.6022,5.8671,17.6022,5.0710,1,3.776,7.091
335,DATA_20260323_060343.BIN,6.3242,15.6546,4.1566,15.6546,7.3700,1,2.571,3.449
336,DATA_20260323_060343.BIN,9.3638,17.6903,10.0679,17.6903,4.8510,1,5.158,6.531
337,DATA_20260323_060343.BIN,10.0679,14.4862,4.5528,14.4862,4.9940,1,5.398,5.543
338,DATA_20260323_060343.BIN,0.9849,7.8543,2.5163,7.8543,7.2270,1,8.972,13.948
339,DATA_20260323_060343.BIN,8.6454,14.8241,9.2600,14.8241,7.8650,1,4.312,6.604
340,DATA_20260323_060343.BIN,9.2600,17.3629,4.4260,17.3629,7.0620,1,4.479,7.506
341,DATA_20260323_060343.BIN,4.4260,13.4696,6.4343,13.4696,6.3360,1,4.472,11.716
342,DATA_20260323_060343.BIN,6.6256,13.8528,3.1627,13.8528,8.2280,1,2.602,6.642
343,DATA_20260323_060343.BIN,3.1627,13.9660,8.1317,13.9660,3.8500,1,3.764,4.073
344,DATA_20260323_060343.BIN,8.1317,14.9907,8.4926,14.9907,7.4690,1,3.317,3.936
345,DATA_20260323_060343.BIN,8.4926,14.9892,5.7316,14.9892,7.5350,1,4.475,5.355
346,DATA_20260323_060343.BIN,5.7316,19.7443,8.5837,19.7443,7.4910,1,9.816,14.076
347,DATA_20260323_060343.BIN,6.0509,13.8250,8.6157,13.8250,3.7070,1,1.037,1.689
348,DATA_20260323_060343.BIN,8.6157,15.3672,8.1482,15.3672,6.1930,1,3.875,4.484
349,DATA_20260323_060343.BIN,8.1482,12.5480,7.1454,12.5480,5.2690,1,3.583,9.178
350,DATA_20260323_060343.BIN,7.1454,15.3023,10.5508,15.3023,5.4670,1,2.581,5.778
351,DATA_20260323_060343.BIN,7.2013,14.5353,9.8530,14.5353,3.4870,1,2.735,6.971
352,DATA_20260323_060343.BIN,9.6629,16.2038,11.1205,16.2038,4.2570,1,11.879,11.887
353,DATA_20260323_060343.BIN,1.3368,18.0462,10.1135,18.0462,2.0130,1,8.558,13.386
354,DATA_20260323_060343.BIN,10.1135,20.6421,9.3420,20.6421,3.2450,1,8.877,8.879
355,DATA_20260323_060343.BIN,9.3420,14.0759,4.0579,14.0759,4.3670,1,8.002,8.002
356,DATA_20260323_060343.BIN,4.0579,16.9367,7.5554,16.9367,6.7650,1,5.015,6.625
357,DATA_20260323_060343.BIN,7.5554,13.8542,8.6002,13.8542,3.0800,1,10.247,11.993
358,DATA_20260323_060343.BIN,8.6002,17.8012,5.9116,17.8012,7.0840,1,10.287,12.255
359,DATA_20260323_060343.BIN,5.9116,18.6679,10.4592,18.6679,3.9050,1,3.117,3.431
360,DATA_20260323_060343.BIN,10.4592,20.9740,14.8778,20.9740,4.6200,1,8.999,9.097
361,DATA_20260323_060343.BIN,7.2247,17.2073,9.9995,17.2073,1.6940,1,7.967,8.775
362,DATA_20260323_060343.BIN,9.9995,19.1921,12.3674,19.1921,1.3860,1,8.186,10.368
363,DATA_20260323_060343.BIN,2.2892,13.5630,7.6366,13.5630,6.6220,1,8.122,9.684
364,DATA_20260323_060343.BIN,9.0031,13.0296,9.1485,13.0296,4.2460,1,8.142,8.204
365,DATA_20260323_060343.BIN,5.6852,16.1995,8.8997,16.1995,6.4790,1,0.727,3.664
366,DATA_20260323_060343.BIN,9.3796,15.4778,5.7395,15.4778,4.4110,1,8.364,8.492
367,DATA_20260323_060343.BIN,10.3993,14.7922,10.2213,14.7922,5.2690,1,9.429,10.094
368,DATA_20260323_060343.BIN,12.5218,18.4934,9.0563,18.4934,8.3050,1,9.838,10.231
369,DATA_20260323_060343.BIN,9.0563,14.7800,4.0849,14.7800,8.3820,1,4.937,4.970
370,DATA_20260323_070000.BIN,6.9819,23.1730,3.3348,23.1730,5.6980,1,4.325,6.817
371,DATA_20260323_070000.BIN,7.0628,21.2897,10.6280,21.2897,2.9590,1,6.103,8.466
372,DATA_20260323_070000.BIN,5.8803,13.2719,3.6785,13.2719,8.5360,1,4.893,9.196
373,DATA_20260323_070000.BIN,5.2086,13.0380,6.3302,13.0380,5.2470,1,5.070,11.710
374,DATA_20260323_070000.BIN,6.3302,21.7835,7.7996,21.7835,6.6550,1,3.617,9.176
375,DATA_20260323_070000.BIN,6.8332,14.9888,7.3735,14.9888,3.4980,1,4.961,5.785
376,DATA_20260323_070000.BIN,0.3260,15.4366,5.5144,15.4366,8.5910,1,8.930,10.399
377,DATA_20260323_070000.BIN,2.9826,14.9746,7.4630,14.9746,5.1370,1,5.244,8.727
378,DATA_20260323_070000.BIN,7.4630,13.4620,6.7014,13.4620,3.0030,1,0.897,1.511
379,DATA_20260323_070000.BIN,7.2511,31.7522,14.4201,31.7522,2.7280,1,4.324,6.395
380,DATA_20260323_070000.BIN,14.4201,25.1753,6.0295,25.1753,4.6860,1,8.832,11.371
381,DATA_20260323_070000.BIN,6.0295,16.8365,5.8028,16.8365,5.1920,1,4.432,5.770
382,DATA_20260323_070000.BIN,7.2109,14.4756,8.1358,14.4756,3.4980,1,2.382,2.656
383,DATA_20260323_070000.BIN,8.1358,20.3523,13.1917,20.3523,2.5300,1,1.337,2.489
384,DATA_20260323_070000.BIN,3.2199,12.3255,6.2801,12.3255,6.0940,1,5.313,6.607
385,DATA_20260323_070000.BIN,2.0044,30.5649,7.9409,30.5649,9.2510,1,6.313,8.111
386,DATA_20260323_070000.BIN,7.9409,25.2009,7.3561,25.2009,6.0610,1,5.152,5.279
387,DATA_20260323_070000.BIN,7.7420,23.5071,2.1800,23.5071,8.3160,1,3.341,8.679
388,DATA_20260323_070000.BIN,2.1800,14.4536,3.1651,14.4536,8.5250,1,5.385,5.387
389,DATA_20260323_070000.BIN,3.1651,8.7980,3.0775,8.7980,2.3210,1,2.511,2.654
390,DATA_20260323_070000.BIN,0.2313,11.9140,3.0054,11.9140,2.5190,1,6.712,7.300
391,DATA_20260323_070000.BIN,2.6993,12.3764,2.9740,12.3764,5.5330,1,4.760,4.886
392,DATA_20260323_070000.BIN,2.6971,18.2558,6.8629,18.2558,4.9170,1,3.272,6.430
393,DATA_20260323_070000.BIN,17.6889,24.8081,7.9698,24.8081,3.7290,1,17.353,17.421
394,DATA_20260323_070000.BIN,7.9698,16.8820,3.5824,16.8820,7.6230,1,5.015,5.167
395,DATA_20260323_070000.BIN,3.5824,13.8503,2.1248,13.8503,6.7320,1,3.428,5.935
396,DATA_20260323_070000.BIN,2.1248,10.4920,3.2469,10.4920,2.4200,1,3.768,8.456
397,DATA_20260323_070000.BIN,0.7033,11.6033,5.5180,11.6033,7.8540,1,4.487,6.620
398,DATA_20260323_070000.BIN,5.5180,20.3947,5.1625,20.3947,3.9270,1,1.073,1.408
399,DATA_20260323_070000.BIN,2.5179,11.0279,5.2123,11.0279,6.8420,1,3.820,7.559
400,DATA_20260323_070000.BIN,5.2123,22.2482,2.9597,22.2482,5.0490,1,6.368,6.422
401,DATA_20260323_070000.BIN,2.9597,15.0302,4.5450,15.0302,9.1960,1,3.755,4.378
402,DATA_20260323_070000.BIN,4.5450,12.6170,1.8062,12.6170,8.0740,1,0.981,3.327
403,DATA_20260323_070000.BIN,3.9692,11.5104,3.5789,11.5104,3.3770,1,1.978,4.473
404,DATA_20260323_070000.BIN,3.5789,10.4828,1.9057,10.4828,8.8440,1,0.683,0.741
405,DATA_20260323_070000.BIN,1.9057,14.2861,4.9257,14.2861,5.0270,1,4.370,4.716
406,DATA_20260323_070000.BIN,4.9257,16.3877,7.1142,16.3877,4.4550,1,1.528,4.653
407,DATA_20260323_070000.BIN,7.1142,17.5328,3.0442,17.5328,7.9420,1,3.878,4.065
408,DATA_20260323_070000.BIN,6.1697,24.6921,14.4123,24.6921,4.5320,1,2.754,3.039
409,DATA_20260323_070000.BIN,14.4123,24.7629,5.8770,24.7629,9.4600,1,12.269,12.299
410,DATA_20260323_070000.BIN,5.8770,12.2696,1.8951,12.2696,4.2570,1,1.172,1.843
411,DATA_20260323_070000.BIN,0.8127,14.3290,3.6637,14.3290,9.1850,1,6.878,6.955
412,DATA_20260323_070000.BIN,3.6082,19.3173,7.2973,19.3173,6.2920,1,4.865,5.351
413,DATA_20260323_070000.BIN,7.2973,14.4601,8.3647,14.4601,4.4110,1,5.126,5.163
414,DATA_20260323_070000.BIN,4.0289,14.7111,6.6517,14.7111,5.7310,1,0.750,2.788
415,DATA_20260323_070000.BIN,4.8649,12.6173,4.4839,12.6173,4.8400,1,0.622,3.586
416,DATA_20260323_070000.BIN,7.1743,16.7850,8.2227,16.7850,4.9830,1,3.045,5.358
417,DATA_20260323_070000.BIN,8.2227,17.0701,9.5851,17.0701,6.5890,1,4.300,5.768
418,DATA_20260323_070000.BIN,7.6353,20.6492,1.5293,20.6492,5.5990,1,5.816,5.828
419,DATA_20260323_070000.BIN,4.8082,19.5290,4.2315,19.5290,6.6440,1,1.403,2.403
420,DATA_20260323_070000.BIN,4.2315,12.7349,3.2196,12.7349,6.0830,1,5.929,5.975
421,DATA_20260323_070000.BIN,3.2196,10.5299,4.1196,10.5299,7.6340,1,4.032,4.111
422,DATA_20260323_070000.BIN,4.1196,12.7352,6.0253,12.7352,7.5020,1,1.237,2.364
423,DATA_20260323_070000.BIN,6.0253,22.0826,4.0065,22.0826,7.4910,1,2.117,3.245
424,DATA_20260323_070000.BIN,4.0065,15.7601,4.6828,15.7601,6.0940,1,1.220,5.007
425,DATA_20260323_070000.BIN,4.6828,18.3619,8.4301,18.3619,4.8510,1,2.624,5.684
426,DATA_20260323_070000.BIN,4.6109,16.8818,7.8252,16.8818,5.7200,1,2.536,3.472
427,DATA_20260323_070000.BIN,5.9583,14.3505,3.9307,14.3505,1.4300,1,2.224,3.610
428,DATA_20260323_070000.BIN,3.9307,16.6054,5.9245,16.6054,2.7060,1,2.737,4.276
429,DATA_20260323_070000.BIN,3.5947,11.1285,1.1948,11.1285,4.5760,1,2.323,4.058
430,DATA_20260323_070000.BIN,1.1948,12.2516,3.7167,12.2516,6.3690,1,5.028,8.480
431,DATA_20260323_070000.BIN,3.2888,10.9274,0.4927,10.9274,3.7180,1,1.745,1.926
432,DATA_20260323_070000.BIN,0.4927,16.8691,7.3989,16.8691,8.5140,1,3.949,4.446
433,DATA_20260323_070000.BIN,7.3989,15.9702,3.5339,15.9702,3.4320,1,5.609,6.301
434,DATA_20260323_070000.BIN,3.5339,19.3869,12.7350,19.3869,3.9050,1,0.255,3.893
435,DATA_20260323_070000.BIN,3.1747,10.5638,3.0643,10.5638,2.9920,1,1.438,4.871
436,DATA_20260323_070000.BIN,1.1758,24.7824,1.3418,24.7824,6.2700,1,3.261,7.830
437,DATA_20260323_070000.BIN,1.3418,14.2158,6.2593,14.2158,7.1390,1,2.482,2.947
438,DATA_20260323_070000.BIN,6.2593,21.6467,1.2600,21.6467,8.8880,1,3.952,4.576
439,DATA_20260323_070000.BIN,1.2600,10.9150,0.7110,10.9150,4.2570,1,3.479,12.531
440,DATA_20260323_070000.BIN,3.5178,24.6692,13.2653,24.6692,7.4360,1,0.260,1.994
441,DATA_20260323_070000.BIN,13.2653,20.0198,11.8015,20.0198,7.3700,1,11.428,14.649
442,DATA_20260323_070000.BIN,11.8015,18.3071,1.2562,18.3071,7.0620,1,11.125,11.382
443,DATA_20260323_070000.BIN,1.2562,11.2332,0.5356,11.2332,9.3610,1,4.502,4.688
444,DATA_20260323_070000.BIN,22.1478,28.9977,4.2898,28.9977,6.8640,1,21.319,25.954
445,DATA_20260323_070000.BIN,4.2898,39.1097,3.6565,39.1097,9.3830,1,3.444,3.939
446,DATA_20260323_070000.BIN,2.8800,9.1696,2.1566,9.1696,5.8300,1,5.128,5.612
447,DATA_20260323_070000.BIN,2.2747,9.7599,2.2683,9.7599,4.9830,1,3.825,12.567
448,DATA_20260323_070000.BIN,2.2683,11.7625,4.7079,11.7625,6.1490,1,6.841,6.850
449,DATA_20260323_070000.BIN,0.1616,18.1469,3.5660,18.1469,5.9950,1,5.668,9.396
450,DATA_20260323_070000.BIN,3.5660,13.9628,0.6257,13.9628,9.5260,1,3.114,3.447
451,DATA_20260323_070000.BIN,15.7160,25.6347,12.4759,25.6347,6.0720,1,15.629,17.221
452,DATA_20260323_070000.BIN,12.4759,24.1689,15.3742,24.1689,1.5180,1,9.414,13.948
453,DATA_20260323_070000.BIN,15.3742,29.5336,3.9855,29.5336,8.8550,1,12.294,14.397
454,DATA_20260323_070000.BIN,3.9855,10.8844,0.0393,10.8844,6.7430,1,2.977,3.403
455,DATA_20260323_070000.BIN,3.0858,11.3961,2.2054,11.3961,3.9050,1,4.236,5.711
456,DATA_20260323_070000.BIN,2.2054,12.2496,1.1250,12.2496,5.8740,1,6.269,6.728
457,DATA_20260323_070000.BIN,1.1250,9.2778,3.5345,9.2778,7.3150,1,6.583,7.101
458,DATA_20260323_070000.BIN,2.6681,9.2406,3.0909,9.2406,5.0820,1,2.792,3.493
459,DATA_20260323_070000.BIN,1.2058,27.0917,9.9184,27.0917,5.9510,1,5.484,6.418
460,DATA_20260323_070000.BIN,9.9184,28.7098,2.5066,28.7098,6.2920,1,9.358,11.054
461,DATA_20260323_070000.BIN,2.5066,26.3281,1.2526,26.3281,9.0310,1,3.234,7.808
462,DATA_20260323_070000.BIN,1.5333,14.5379,1.9459,14.5379,8.5800,1,5.718,9.313
463,DATA_20260323_070000.BIN,1.9459,10.6859,1.1580,10.6859,6.5560,1,2.341,3.320
464,DATA_20260323_070000.BIN,3.2793,20.5979,13.1076,20.5979,8.2500,1,7.099,7.190
465,DATA_20260323_070000.BIN,13.1076,21.8995,2.1647,21.8995,4.7850,1,12.694,15.011
466,DATA_20260323_070000.BIN,3.7665,13.3923,0.9387,13.3923,3.1350,1,1.227,1.673
467,DATA_20260323_070000.BIN,0.9387,9.1210,1.3906,9.1210,7.9860,1,5.407,6.436
468,DATA_20260323_070000.BIN,6.7919,13.1073,2.7201,13.1073,8.9430,1,3.416,10.446
469,DATA_20260323_070000.BIN,6.9273,19.8979,6.2330,19.8979,5.0490,1,5.017,7.935
470,DATA_20260323_070000.BIN,6.2330,26.7076,1.7177,26.7076,9.9440,1,7.638,8.217
471,DATA_20260323_070000.BIN,1.7177,8.9924,0.5661,8.9924,7.7550,1,5.524,9.326
472,DATA_20260323_070000.BIN,0.5661,10.3039,0.2600,10.3039,6.0720,1,3.464,6.125
473,DATA_20260323_070000.BIN,1.5458,9.0121,1.4143,9.0121,9.8230,1,4.869,7.557
474,DATA_20260323_070000.BIN,1.4143,10.1235,2.8405,10.1235,9.0090,1,2.192,4.185
475,DATA_20260323_070000.BIN,2.8405,23.0769,4.7579,23.0769,9.8670,1,2.686,3.537
476,DATA_20260323_070000.BIN,4.7579,11.6093,3.8365,11.6093,5.5110,1,6.281,6.362
477,DATA_20260323_070000.BIN,1.1594,8.0423,1.8900,8.0423,3.2120,1,3.942,4.362
478,DATA_20260323_070000.BIN,2.8222,20.5068,7.1161,20.5068,6.2590,1,3.018,3.287
479,DATA_20260323_070000.BIN,7.1161,13.0823,0.9800,13.0823,8.3490,1,8.285,8.513
480,DATA_20260323_070000.BIN,0.9800,7.5023,0.5949,7.5023,7.8320,1,1.022,1.319
481,DATA_20260323_070000.BIN,0.5949,6.9678,0.2339,6.9678,4.4440,1,1.914,2.747
482,DATA_20260323_070000.BIN,1.2979,8.4203,1.8544,8.4203,7.1170,1,0.986,1.035
483,DATA_20260323_070000.BIN,0.9095,20.8574,0.4032,20.8574,9.0090,1,2.007,2.763
484,DATA_20260323_070000.BIN,0.4032,11.7755,2.1935,11.7755,3.9600,1,2.497,12.918
485,DATA_20260323_070000.BIN,2.1935,11.8158,2.6712,11.8158,7.2600,1,2.229,3.109
486,DATA_20260323_070000.BIN,2.6712,13.4240,6.1594,13.4240,3.6850,1,4.205,4.627
487,DATA_20260323_070000.BIN,8.1297,19.6259,3.7237,19.6259,5.9730,1,8.650,8.975
488,DATA_20260323_070000.BIN,3.7237,15.1759,2.0792,15.1759,8.0300,1,2.706,3.828
489,DATA_20260323_070000.BIN,3.2024,21.1602,3.3632,21.1602,5.2800,1,1.476,3.474
490,DATA_20260323_070000.BIN,3.3632,8.9256,2.9316,8.9256,4.1910,1,1.232,4.679
491,DATA_20260323_070000.BIN,2.9316,30.0298,2.1884,30.0298,4.9720,1,1.863,2.595
492,DATA_20260323_070000.BIN,0.7523,10.3623,2.4174,10.3623,6.4570,1,1.840,2.422
493,DATA_20260323_070000.BIN,2.4174,8.7501,1.5894,8.7501,6.3580,1,1.635,4.350
494,DATA_20260323_070000.BIN,1.5894,12.7420,1.3206,12.7420,3.0140,1,1.324,1.938
495,DATA_20260323_070000.BIN,0.8864,10.2101,4.0769,10.2101,3.0580,1,2.674,3.758
496,DATA_20260323_070000.BIN,4.0769,16.3873,6.5532,16.3873,2.2880,1,3.489,8.453
497,DATA_20260323_070000.BIN,6.5532,17.9199,0.3569,17.9199,9.7900,1,7.695,8.959
498,DATA_20260323_070000.BIN,0.3569,10.0738,3.2339,10.0738,3.2560,1,1.391,8.298
499,DATA_20260323_070000.BIN,6.0653,12.7096,1.0176,12.7096,8.6130,1,5.091,5.129
500,DATA_20260323_070000.BIN,0.0742,10.1705,0.6143,10.1705,3.3770,1,2.322,3.058
501,DATA_20260323_070000.BIN,0.6143,8.4835,2.2652,8.4835,1.5070,1,2.035,2.880
502,DATA_20260323_070000.BIN,2.5330,8.9328,1.7146,8.9328,4.4770,1,4.391,5.692
503,DATA_20260323_070000.BIN,1.7146,21.7602,5.6861,21.7602,4.2460,1,2.040,4.998
504,DATA_20260323_070000.BIN,5.6861,24.4286,16.4513,24.4286,6.4570,1,5.221,5.458
505,DATA_20260323_070000.BIN,16.4513,25.6120,3.3857,25.6120,9.8450,1,19.268,21.596
506,DATA_20260323_070000.BIN,3.3857,10.4262,1.5622,10.4262,4.8510,1,3.523,4.769
507,DATA_20260323_070000.BIN,0.9519,28.8744,1.4176,28.8744,6.8200,1,5.118,8.107
508,DATA_20260323_070000.BIN,5.0037,28.3299,4.9706,28.3299,8.9430,1,4.387,4.971
509,DATA_20260323_070000.BIN,15.6037,30.9182,17.6342,30.9182,2.5410,1,15.906,16.417
510,DATA_20260323_070000.BIN,13.5292,28.6661,3.1483,28.6661,7.9860,1,14.663,26.633
511,DATA_20260323_070000.BIN,0.8242,15.5279,0.6086,15.5279,6.8420,1,3.246,11.554
512,DATA_20260323_070000.BIN,0.6086,18.7504,0.7709,18.7504,7.1830,1,3.800,5.766
513,DATA_20260323_070000.BIN,0.7709,10.4514,4.0995,10.4514,5.5440,1,2.579,10.169
514,DATA_20260323_070000.BIN,4.0995,14.8021,0.6939,14.8021,5.1810,1,8.755,10.853
515,DATA_20260323_070000.BIN,0.6939,24.5500,0.7353,24.5500,8.5140,1,4.388,5.952
516,DATA_20260323_070000.BIN,0.7353,10.0351,1.7413,10.0351,9.6030,1,2.656,2.678
517,DATA_20260323_070000.BIN,1.7413,15.5573,6.7868,15.5573,3.2010,1,4.156,4.899
518,DATA_20260323_070000.BIN,6.7868,13.0777,1.8045,13.0777,3.8280,1,6.958,7.155
519,DATA_20260323_070000.BIN,1.8045,28.1195,21.3575,28.1195,3.7290,1,4.183,5.252
520,DATA_20260323_070000.BIN,4.3068,13.7072,1.3098,13.7072,8.6020,1,4.957,9.198
521,DATA_20260323_070000.BIN,1.3098,11.6233,1.4925,11.6233,3.0690,1,3.004,4.087
522,DATA_20260323_070000.BIN,1.4925,30.4828,13.1611,30.4828,3.2450,1,2.156,9.983
523,DATA_20260323_070000.BIN,13.1611,27.9896,6.9573,27.9896,7.4580,1,15.454,18.962
524,DATA_20260323_070000.BIN,15.4449,23.0595,2.0514,23.0595,6.2040,1,15.608,15.615
525,DATA_20260323_070000.BIN,2.0514,9.2833,2.3177,9.2833,3.7620,1,6.258,6.542
526,DATA_20260323_070000.BIN,2.3177,26.8515,5.4919,26.8515,2.7280,1,5.398,6.545
527,DATA_20260323_070000.BIN,3.8300,10.1623,2.0612,10.1623,5.6430,1,7.356,9.901
528,DATA_20260323_070000.BIN,2.0612,10.2868,3.3351,10.2868,9.5590,1,1.819,1.897
529,DATA_20260323_070000.BIN,11.2802,21.4697,5.6677,21.4697,2.1890,1,12.584,13.428
530,DATA_20260323_070000.BIN,5.6677,14.3069,2.5400,14.3069,4.2240,1,2.777,5.303
531,DATA_20260323_070000.BIN,2.5400,16.2013,8.9085,16.2013,4.2900,1,5.120,6.857
532,DATA_20260323_070000.BIN,7.5965,15.5946,8.9520,15.5946,6.9080,1,8.277,10.218
533,DATA_20260323_070000.BIN,2.7416,10.2889,1.1778,10.2889,7.1500,1,2.941,5.438
534,DATA_20260323_070000.BIN,1.1778,14.5578,4.7110,14.5578,9.3280,1,5.692,8.865
535,DATA_20260323_070000.BIN,4.3988,14.6592,0.3480,14.6592,9.3060,1,4.584,4.683
536,DATA_20260323_070000.BIN,0.3480,10.0328,3.1591,10.0328,4.9720,1,4.970,11.389
537,DATA_20260323_070000.BIN,4.0894,13.9472,0.7535,13.9472,3.3550,1,6.712,6.769
538,DATA_20260323_070000.BIN,3.1608,25.7654,1.5103,25.7654,3.4650,1,3.362,5.593
539,DATA_20260323_070000.BIN,4.5744,25.6890,7.9125,25.6890,1.8590,1,4.782,5.498
540,DATA_20260323_070000.BIN,0.7668,14.1213,1.8443,14.1213,5.3790,1,1.070,5.789
541,DATA_20260323_070000.BIN,1.8443,14.7078,3.8645,14.7078,1.3860,1,1.615,3.828
542,DATA_20260323_070000.BIN,3.8645,25.8170,9.6737,25.8170,5.1260,1,3.907,4.708
543,DATA_20260323_070000.BIN,1.0873,23.4710,12.3064,23.4710,4.1690,1,1.250,7.065
544,DATA_20260323_070000.BIN,1.7045,15.1727,5.3075,15.1727,1.8370,1,0.807,14.232
545,DATA_20260323_070000.BIN,4.4004,12.9719,2.7724,12.9719,6.8750,1,5.995,11.089
546,DATA_20260323_070000.BIN,2.7724,16.9901,1.8029,16.9901,8.0520,1,1.809,9.435
547,DATA_20260323_070000.BIN,4.3624,13.3049,1.6023,13.3049,2.5960,1,3.009,13.077
548,DATA_20260323_070000.BIN,1.6023,14.2726,2.9624,14.2726,9.9000,1,3.439,7.879
549,DATA_20260323_070000.BIN,2.9624,21.7298,3.6397,21.7298,5.7310,1,6.366,16.064
550,DATA_20260323_070000.BIN,3.6397,12.9518,5.2226,12.9518,4.2680,1,4.831,10.808
551,DATA_20260323_070000.BIN,5.2226,17.2955,3.4146,17.2955,8.7450,1,6.348,10.293
552,DATA_20260323_070000.BIN,3.4146,15.8338,1.3393,15.8338,4.8290,1,1.969,12.651
553,DATA_20260323_070000.BIN,1.3393,14.6417,3.0789,14.6417,2.6950,1,1.303,8.539
554,DATA_20260323_070000.BIN,3.0789,29.0097,0.6247,29.0097,8.1510,1,2.623,3.124
555,DATA_20260323_070000.BIN,0.6247,11.9354,2.1821,11.9354,7.0070,1,2.046,5.271
556,DATA_20260323_070000.BIN,2.9109,34.3459,10.6358,34.3459,3.3550,1,2.217,2.302
557,DATA_20260323_070000.BIN,10.6358,28.0439,2.6806,28.0439,2.9700,1,13.708,17.100
558,DATA_20260323_070000.BIN,0.7087,14.4356,3.0515,14.4356,2.3100,1,2.231,5.339
559,DATA_20260323_070000.BIN,3.0515,12.0198,3.9967,12.0198,2.5850,1,3.158,5.152
560,DATA_20260323_070000.BIN,3.9967,11.8376,3.0266,11.8376,4.1470,1,1.649,5.418
561,DATA_20260323_070000.BIN,3.0266,22.8437,11.0077,22.8437,4.9830,1,5.721,10.848
562,DATA_20260323_070000.BIN,11.0077,17.6557,6.6297,17.6557,3.8280,1,11.400,11.411
563,DATA_20260323_070000.BIN,5.5555,22.4421,1.5444,22.4421,6.0610,1,5.523,6.463
564,DATA_20260323_070000.BIN,1.5444,31.7005,16.3632,31.7005,5.6980,1,1.245,2.260
565,DATA_20260323_070000.BIN,16.3632,26.4759,5.4744,26.4759,7.1060,1,19.323,20.600
566,DATA_20260323_070000.BIN,5.4744,30.2084,4.2897,30.2084,3.0580,1,2.868,3.215
567,DATA_20260323_070000.BIN,4.2897,41.2624,11.8268,41.2624,5.5330,1,5.313,9.685
568,DATA_20260323_070000.BIN,11.8268,22.0067,5.1517,22.0067,6.9190,1,9.036,9.952
569,DATA_20260323_070000.BIN,2.6036,22.2870,6.9698,22.2870,7.8320,1,9.066,12.427
570,DATA_20260323_070000.BIN,10.3809,18.1628,6.3188,18.1628,9.0420,1,13.968,14.979
571,DATA_20260323_070000.BIN,6.3643,18.5573,9.1311,18.5573,9.9990,1,4.368,11.131
572,DATA_20260323_070000.BIN,9.7608,29.7329,17.5242,29.7329,1.8040,1,10.187,10.546
573,DATA_20260323_070000.BIN,17.5242,28.1054,4.2245,28.1054,2.0900,1,16.028,17.418
574,DATA_20260323_070000.BIN,4.2245,16.4156,9.9229,16.4156,5.3020,1,2.105,4.444
575,DATA_20260323_070000.BIN,9.9229,21.0733,7.2713,21.0733,6.4350,1,10.701,13.953
576,DATA_20260323_070000.BIN,7.2713,17.8893,11.5160,17.8893,6.9630,1,2.893,3.101
577,DATA_20260323_070000.BIN,9.9466,16.1288,7.8315,16.1288,3.3660,1,14.166,15.368
578,DATA_20260323_070000.BIN,7.8315,19.8102,6.0449,19.8102,7.6780,1,3.792,3.828
579,DATA_20260323_070000.BIN,6.0449,20.4584,5.1942,20.4584,2.7830,1,9.143,10.572
580,DATA_20260323_070000.BIN,5.1942,21.0019,10.3052,21.0019,3.1130,1,4.127,10.991
581,DATA_20260323_070000.BIN,10.3052,25.1346,3.5687,25.1346,7.9970,1,13.358,16.273
582,DATA_20260323_070000.BIN,3.5687,31.1007,10.4402,31.1007,8.4700,1,4.865,8.353
583,DATA_20260323_070000.BIN,10.4402,23.6006,8.6895,23.6006,6.8420,1,8.539,10.112
584,DATA_20260323_070000.BIN,8.6895,20.8147,9.7931,20.8147,7.1610,1,9.374,9.374
585,DATA_20260323_070000.BIN,9.7931,24.0471,9.2119,24.0471,3.7620,1,8.737,9.008
586,DATA_20260323_070000.BIN,9.2119,17.6983,10.2307,17.6983,8.1290,1,4.923,5.617
587,DATA_20260323_070000.BIN,10.3628,18.0888,11.9699,18.0888,6.8310,1,11.498,12.113
588,DATA_20260323_070000.BIN,11.9699,17.9053,8.6834,17.9053,3.9490,1,8.953,9.237
589,DATA_20260323_070000.BIN,8.6834,18.2511,9.2209,18.2511,8.5910,1,11.861,16.530
590,DATA_20260323_070000.BIN,9.2209,21.3769,12.9921,21.3769,5.3680,1,5.271,7.897
591,DATA_20260323_070000.BIN,8.2570,30.8988,10.3657,30.8988,4.0370,1,2.355,2.563
592,DATA_20260323_070000.BIN,10.3657,22.5357,14.8352,22.5357,8.1730,1,11.281,13.097
593,DATA_20260323_070000.BIN,6.7801,17.6428,9.0751,17.6428,7.3260,1,3.654,6.821
594,DATA_20260323_070000.BIN,9.0751,30.2320,5.2361,30.2320,5.4010,1,5.673,7.442
595,DATA_20260323_070000.BIN,5.2361,15.8807,5.8225,15.8807,2.6400,1,7.362,10.068
596,DATA_20260323_070000.BIN,11.1983,19.5571,11.6496,19.5571,2.1670,1,9.355,9.385
597,DATA_20260323_070000.BIN,10.3011,30.5198,22.4908,30.5198,4.9500,1,4.566,4.577
598,DATA_20260323_070000.BIN,22.4908,36.8576,18.6080,36.8576,2.3540,1,27.280,27.357
599,DATA_20260323_070000.BIN,18.6080,32.9463,10.7350,32.9463,1.9470,1,18.116,18.455
600,DATA_20260323_070000.BIN,10.7350,22.0114,11.8579,22.0114,6.5560,1,8.400,9.182
601,DATA_20260323_070000.BIN,11.8579,28.8511,11.8019,28.8511,5.7420,1,11.564,11.637
602,DATA_20260323_070000.BIN,11.8019,17.7752,11.1380,17.7752,8.3710,1,14.125,15.793
603,DATA_20260323_070000.BIN,11.1380,17.7016,9.4804,17.7016,6.2700,1,10.666,10.700
604,DATA_20260323_070000.BIN,9.4804,30.7704,9.3620,30.7704,3.2450,1,11.920,12.046
605,DATA_20260323_070000.BIN,10.4890,20.7616,8.7982,20.7616,2.9150,1,10.314,10.874
606,DATA_20260323_070000.BIN,14.9305,25.3990,14.6916,25.3990,1.6830,1,10.955,11.528
607,DATA_20260323_070000.BIN,21.9392,35.4192,9.1810,35.4192,3.2340,1,23.438,23.730
608,DATA_20260323_070000.BIN,9.1810,20.4364,12.1641,20.4364,1.9360,1,2.937,11.769
609,DATA_20260323_070000.BIN,12.1641,23.1637,12.6316,23.1637,4.6640,1,9.549,12.481
610,DATA_20260323_070000.BIN,13.7393,22.2166,6.7469,22.2166,7.7000,1,13.824,14.292
611,DATA_20260323_070000.BIN,10.6660,27.3833,12.8755,27.3833,8.1950,1,6.692,7.222
612,DATA_20260323_070000.BIN,12.8755,20.3134,13.4000,20.3134,6.4900,1,18.918,24.539
613,DATA_20260323_070000.BIN,13.4000,33.6411,5.7925,33.6411,5.3460,1,13.459,13.887
614,DATA_20260323_070000.BIN,5.7925,25.9551,14.9799,25.9551,9.2510,1,11.342,17.992
615,DATA_20260323_070000.BIN,14.9799,22.4084,15.1194,22.4084,7.0840,1,12.315,14.621
616,DATA_20260323_070000.BIN,7.9028,19.9589,7.9700,19.9589,7.2820,1,10.491,13.363
617,DATA_20260323_070000.BIN,7.9700,41.6361,13.5149,41.6361,7.6890,1,2.767,8.887
618,DATA_20260323_070000.BIN,15.4679,38.0013,15.3970,38.0013,2.3540,1,10.822,13.959
619,DATA_20260323_070000.BIN,15.3970,22.3539,14.9438,22.3539,2.4090,1,8.727,8.734
620,DATA_20260323_070000.BIN,13.8884,20.4938,13.1865,20.4938,7.6890,1,10.170,15.729
621,DATA_20260323_070000.BIN,12.9077,23.3635,13.1501,23.3635,2.5850,1,6.934,7.742
622,DATA_20260323_070000.BIN,11.4542,23.3084,7.1021,23.3084,6.3030,1,5.468,5.881
623,DATA_20260323_070000.BIN,7.1021,16.0534,3.0659,16.0534,1.4960,1,9.089,9.924
624,DATA_20260323_070000.BIN,10.4680,21.1488,13.3615,21.1488,4.7300,1,11.540,13.578
625,DATA_20260323_070000.BIN,13.3615,23.5380,14.5993,23.5380,3.4540,1,5.514,12.650
626,DATA_20260323_070000.BIN,14.5993,37.1104,8.5216,37.1104,3.2890,1,20.234,21.299
627,DATA_20260323_070000.BIN,8.5216,38.3827,15.9672,38.3827,5.4340,1,0.847,1.014
628,DATA_20260323_070000.BIN,15.9672,21.7682,11.7357,21.7682,4.7190,1,14.914,15.285
629,DATA_20260323_070000.BIN,11.7357,24.2750,17.1880,24.2750,5.7200,1,2.640,8.583
630,DATA_20260323_070000.BIN,5.8892,30.5747,15.7978,30.5747,6.3800,1,12.277,14.672
631,DATA_20260323_070000.BIN,15.7978,31.7777,2.8373,31.7777,3.2890,1,15.590,16.825
632,DATA_20260323_070000.BIN,14.6831,20.9178,15.1006,20.9178,3.2780,1,7.985,8.262
633,DATA_20260323_070000.BIN,15.1006,25.3885,11.1744,25.3885,2.3320,1,10.640,12.562
634,DATA_20260323_070000.BIN,7.1969,17.5908,6.8501,17.5908,2.3210,1,5.060,6.905
635,DATA_20260323_070000.BIN,5.9604,25.5952,14.9387,25.5952,8.5580,1,6.013,8.183
636,DATA_20260323_070000.BIN,14.9387,27.2567,12.2711,27.2567,6.5230,1,9.485,9.555
637,DATA_20260323_070000.BIN,17.2536,24.7949,10.8541,24.7949,9.5590,1,13.069,14.044
638,DATA_20260323_070000.BIN,10.8541,22.6770,12.5590,22.6770,1.5400,1,15.994,18.742
639,DATA_20260323_070000.BIN,4.7807,28.5508,7.2180,28.5508,4.7410,1,17.088,21.699
640,DATA_20260323_070000.BIN,5.1250,18.8244,7.8497,18.8244,2.2990,1,7.775,8.216
641,DATA_20260323_070000.BIN,13.5624,34.3817,13.3345,34.3817,7.8430,1,8.497,8.510
642,DATA_20260323_070000.BIN,14.5075,21.5961,13.2209,21.5961,8.2390,1,10.867,11.030
643,DATA_20260323_070000.BIN,13.2209,20.9445,12.0586,20.9445,3.3880,1,10.734,11.278
644,DATA_20260323_070000.BIN,12.0586,28.4731,16.5158,28.4731,1.6060,1,11.090,12.387
645,DATA_20260323_070000.BIN,16.5158,24.2675,11.9656,24.2675,3.5200,1,9.488,9.740
646,DATA_20260323_070000.BIN,11.9656,24.0475,11.3919,24.0475,2.8930,1,4.840,10.353
647,DATA_20260323_070000.BIN,11.3919,21.5009,14.7222,21.5009,4.1470,1,4.333,11.780
648,DATA_20260323_070000.BIN,14.7222,26.0505,17.5070,26.0505,6.9850,1,9.218,9.988
649,DATA_20260323_070000.BIN,15.2337,21.5377,0.9837,21.5377,5.8740,1,6.647,7.267
650,DATA_20260323_070000.BIN,21.1478,27.1361,20.5627,27.1361,5.1920,1,14.411,14.944
651,DATA_20260323_070000.BIN,21.7183,36.1954,18.0675,36.1954,2.1670,1,15.421,18.065
652,DATA_20260323_070000.BIN,18.0675,26.6208,19.2091,26.6208,2.6620,1,22.504,23.266
653,DATA_20260323_070000.BIN,19.2091,26.5509,18.0364,26.5509,7.4800,1,12.323,12.324
654,DATA_20260323_070000.BIN,17.9835,26.3674,17.4867,26.3674,2.9480,1,13.693,14.346
655,DATA_20260323_070000.BIN,17.4867,23.9673,16.8764,23.9673,3.2890,1,11.163,11.165
656,DATA_20260323_070000.BIN,18.4226,26.9551,17.5541,26.9551,6.3910,1,11.389,13.279
657,DATA_20260323_070000.BIN,17.5541,26.7919,17.1429,26.7919,6.6220,1,7.146,7.639
658,DATA_20260323_070000.BIN,17.1429,30.0065,13.6246,30.0065,8.1620,1,4.709,13.690
659,DATA_20260323_070000.BIN,13.6246,22.6281,9.8520,22.6281,5.6980,1,3.662,6.094
660,DATA_20260323_070000.BIN,17.6697,28.4335,20.6104,28.4335,5.3460,1,9.891,10.089
661,DATA_20260323_070000.BIN,20.6104,29.5695,22.8074,29.5695,8.4590,1,10.944,11.158
662,DATA_20260323_070000.BIN,15.4397,24.9129,8.6217,24.9129,5.5660,1,2.152,4.163
663,DATA_20260323_070000.BIN,8.6217,26.4167,19.5373,26.4167,5.2140,1,17.644,17.652
664,DATA_20260323_070000.BIN,19.5373,28.4276,21.1556,28.4276,4.5100,1,8.499,13.502
665,DATA_20260323_070000.BIN,13.8228,26.4837,17.5027,26.4837,6.9960,1,16.378,16.568
666,DATA_20260323_070000.BIN,17.5027,25.0164,15.7216,25.0164,3.8060,1,4.645,27.212
667,DATA_20260323_070000.BIN,15.7216,23.1043,13.5184,23.1043,5.5660,1,6.836,8.555
668,DATA_20260323_070000.BIN,13.5184,24.7682,14.4330,24.7682,8.9100,1,9.747,10.147
669,DATA_20260323_070000.BIN,14.4330,27.8375,18.2631,27.8375,8.1180,1,10.823,11.254
670,DATA_20260323_070000.BIN,18.2631,29.3677,20.3862,29.3677,6.4790,1,8.020,9.710
671,DATA_20260323_070000.BIN,24.1375,29.9765,23.6343,29.9765,6.7320,1,14.420,17.266
672,DATA_20260323_080000.BIN,11.0525,20.8656,10.5587,20.8656,3.5420,1,14.379,15.094
673,DATA_20260323_080000.BIN,24.6512,32.3042,13.1814,32.3042,5.6430,1,4.056,4.184
674,DATA_20260323_080000.BIN,13.1814,27.2971,13.8427,27.2971,7.4580,1,12.397,12.410
675,DATA_20260323_080000.BIN,13.8427,48.1502,17.8673,48.1502,6.4240,1,8.939,8.939
676,DATA_20260323_080000.BIN,12.3298,28.4293,15.6997,28.4293,4.9170,1,12.122,17.820
677,DATA_20260323_080000.BIN,15.6997,28.2152,12.5610,28.2152,4.6420,1,5.580,8.765
678,DATA_20260323_080000.BIN,15.8001,48.7513,14.1956,48.7513,7.4250,1,4.188,4.719
679,DATA_20260323_080000.BIN,13.2167,21.1734,12.4064,21.1734,5.0160,1,6.918,9.865
680,DATA_20260323_080000.BIN,13.8173,23.1722,11.6804,23.1722,3.6740,1,5.226,8.218
681,DATA_20260323_080000.BIN,13.4268,32.3259,13.7344,32.3259,7.0840,1,5.379,5.476
682,DATA_20260323_080000.BIN,13.7344,21.2255,12.9550,21.2255,5.3020,1,8.741,16.816
683,DATA_20260323_080000.BIN,12.9550,33.5411,25.5888,33.5411,4.0590,1,13.737,20.753
684,DATA_20260323_080000.BIN,25.5888,57.9236,10.4772,57.9236,7.3700,1,14.009,24.450
685,DATA_20260323_080000.BIN,8.2148,20.9329,10.4681,20.9329,8.0740,1,10.985,10.990
686,DATA_20260323_080000.BIN,11.3095,24.6769,9.5933,24.6769,2.8490,1,6.265,7.321
687,DATA_20260323_080000.BIN,13.8284,50.7300,13.1569,50.7300,8.7120,1,6.059,13.806
688,DATA_20260323_080000.BIN,13.1569,48.5237,13.1959,48.5237,8.3710,1,3.169,6.356
689,DATA_20260323_080000.BIN,6.6804,43.3221,12.8948,43.3221,4.2020,1,10.689,13.366
690,DATA_20260323_080000.BIN,12.8948,57.3972,26.4444,57.3972,7.8320,1,3.865,4.693
691,DATA_20260323_080000.BIN,17.1387,60.5765,12.1667,60.5765,7.5240,1,11.509,25.697
692,DATA_20260323_080000.BIN,12.1667,25.5294,12.0293,25.5294,2.9590,1,9.833,16.022
693,DATA_20260323_080000.BIN,12.0293,55.2940,11.0732,55.2940,7.3810,1,6.311,15.186
694,DATA_20260323_080000.BIN,11.0732,25.8406,5.9068,25.8406,2.8050,1,5.048,5.347
695,DATA_20260323_080000.BIN,5.9068,25.0594,16.6880,25.0594,8.8110,1,9.906,9.915
696,DATA_20260323_080000.BIN,16.6880,47.8266,37.6707,47.8266,5.6870,1,10.702,14.908
697,DATA_20260323_080000.BIN,37.6707,50.2846,43.3917,50.2846,4.3010,1,37.843,39.367
698,DATA_20260323_080000.BIN,10.8363,46.1584,35.5120,46.1584,7.2820,1,5.463,5.953
699,DATA_20260323_080000.BIN,35.5120,46.0193,0.3090,46.0193,5.3900,1,32.408,32.636
700,DATA_20260323_080000.BIN,5.9339,21.5238,3.4546,21.5238,7.7550,1,14.269,16.140
701,DATA_20260323_080000.BIN,12.5673,46.8605,4.1219,46.8605,5.2690,1,7.126,8.991
702,DATA_20260323_080000.BIN,4.1219,18.8447,7.1760,18.8447,7.7000,1,16.987,20.630
703,DATA_20260323_080000.BIN,7.1760,14.4826,5.7136,14.4826,8.8770,1,13.287,14.263
704,DATA_20260323_080000.BIN,5.7136,16.5292,7.7701,16.5292,5.8850,1,8.963,9.222
705,DATA_20260323_080000.BIN,6.6149,15.6400,7.8066,15.6400,3.9710,1,9.803,10.048
706,DATA_20260323_080000.BIN,7.8066,24.1576,4.8944,24.1576,7.9860,1,7.924,8.164
707,DATA_20260323_080000.BIN,4.8944,18.0280,5.8000,18.0280,5.7970,1,11.836,14.888
708,DATA_20260323_080000.BIN,5.8000,19.8958,3.5009,19.8958,8.5800,1,5.775,5.899
709,DATA_20260323_080000.BIN,3.5009,19.4669,9.6945,19.4669,3.2560,1,9.426,13.613
710,DATA_20260323_080000.BIN,6.9694,15.1980,8.3367,15.1980,8.8770,1,7.443,8.807
711,DATA_20260323_080000.BIN,8.3367,25.6381,6.9583,25.6381,4.6640,1,2.881,3.653
712,DATA_20260323_080000.BIN,19.1228,28.5084,20.3863,28.5084,3.1570,1,12.888,18.100
713,DATA_20260323_080000.BIN,20.3863,33.8678,11.3535,33.8678,5.5110,1,15.735,15.736
714,DATA_20260323_080000.BIN,11.3535,43.2742,9.6252,43.2742,5.2140,1,2.069,7.671
715,DATA_20260323_080000.BIN,9.6252,24.4846,8.8616,24.4846,9.0420,1,1.664,3.757
716,DATA_20260323_080000.BIN,3.4255,19.5014,11.4908,19.5014,3.7180,1,8.563,8.664
717,DATA_20260323_080000.BIN,7.7956,18.8681,11.0968,18.8681,7.3370,1,4.284,7.984
718,DATA_20260323_080000.BIN,11.0968,23.9302,7.9768,23.9302,9.1300,1,5.894,7.128
719,DATA_20260323_080000.BIN,7.9768,52.5295,20.8620,52.5295,6.6330,1,5.334,6.254
720,DATA_20260323_080000.BIN,20.8620,57.3521,31.6866,57.3521,4.6310,1,16.835,16.844
721,DATA_20260323_080000.BIN,31.6866,42.2851,9.4358,42.2851,5.0160,1,29.870,30.158
722,DATA_20260323_080000.BIN,11.0106,24.3545,6.8793,24.3545,5.9180,1,0.280,6.376
723,DATA_20260323_080000.BIN,7.8983,24.9321,11.6791,24.9321,2.4420,1,8.954,8.977
724,DATA_20260323_080000.BIN,11.6791,45.3266,7.5201,45.3266,7.8430,1,7.061,7.065
725,DATA_20260323_080000.BIN,14.0923,31.8028,7.2390,31.8028,5.7200,1,9.714,10.165
726,DATA_20260323_080000.BIN,7.2390,25.1679,6.1264,25.1679,4.1030,1,4.995,5.166
727,DATA_20260323_080000.BIN,6.1264,14.3497,3.7075,14.3497,4.3230,1,7.166,8.371
728,DATA_20260323_080000.BIN,4.0758,23.3072,12.3592,23.3072,3.0030,1,7.127,8.689
729,DATA_20260323_080000.BIN,12.3592,18.9702,5.8810,18.9702,2.8710,1,4.325,7.942
730,DATA_20260323_080000.BIN,5.8810,18.1601,9.3009,18.1601,7.0070,1,6.546,6.691
731,DATA_20260323_080000.BIN,7.0760,25.5227,12.6063,25.5227,4.6310,1,2.298,6.429
732,DATA_20260323_080000.BIN,12.6063,26.0369,12.5610,26.0369,4.1580,1,6.714,7.596
733,DATA_20260323_080000.BIN,12.5610,21.5207,11.2996,21.5207,5.2690,1,5.014,11.112
734,DATA_20260323_080000.BIN,11.2996,23.2189,14.3788,23.2189,4.4990,1,2.903,7.512
735,DATA_20260323_080000.BIN,14.3788,42.4733,15.9850,42.4733,4.8070,1,6.256,14.816
736,DATA_20260323_080000.BIN,16.5231,24.4190,13.9456,24.4190,3.7950,1,9.240,12.518
737,DATA_20260323_080000.BIN,10.6355,56.0815,11.9234,56.0815,4.6640,1,2.054,3.564
738,DATA_20260323_080000.BIN,11.9234,48.5372,5.7694,48.5372,7.7440,1,5.605,5.945
739,DATA_20260323_080000.BIN,5.7694,17.8778,8.4330,17.8778,2.3870,1,5.599,8.075
740,DATA_20260323_080000.BIN,8.4330,15.8685,6.4396,15.8685,5.1370,1,2.615,2.628
741,DATA_20260323_080000.BIN,6.4396,15.9140,6.2024,15.9140,7.0620,1,6.766,13.245
742,DATA_20260323_080000.BIN,6.2024,37.5212,28.0528,37.5212,5.5550,1,7.297,9.381
743,DATA_20260323_080000.BIN,28.0528,39.0771,13.2037,39.0771,2.3650,1,26.442,33.203
744,DATA_20260323_080000.BIN,13.2037,29.1763,2.6654,29.1763,4.7410,1,4.100,5.538
745,DATA_20260323_080000.BIN,3.3668,11.1590,0.6271,11.1590,7.0290,1,12.449,18.746
746,DATA_20260323_080000.BIN,1.2188,16.2579,4.4158,16.2579,3.9490,1,14.740,19.618
747,DATA_20260323_080000.BIN,4.4158,11.1949,0.8851,11.1949,2.9150,1,10.368,15.103
748,DATA_20260323_080000.BIN,8.8774,31.1245,11.1652,31.1245,3.0690,1,7.081,8.521
749,DATA_20260323_080000.BIN,11.1652,25.0121,7.4560,25.0121,1.8590,1,3.290,4.594
750,DATA_20260323_080000.BIN,11.6203,34.6746,9.8121,34.6746,4.3450,1,4.793,4.830
751,DATA_20260323_080000.BIN,1.3042,13.8880,1.3465,13.8880,3.7620,1,12.091,15.639
752,DATA_20260323_080000.BIN,1.3465,19.6167,0.5595,19.6167,4.4440,1,9.275,9.745
753,DATA_20260323_080000.BIN,0.6337,33.8077,7.4128,33.8077,4.6750,1,11.566,15.141
754,DATA_20260323_080000.BIN,7.4128,20.1813,2.4149,20.1813,7.9640,1,4.867,12.467
755,DATA_20260323_080000.BIN,2.4149,16.2234,7.3954,16.2234,2.3870,1,7.295,7.470
756,DATA_20260323_080000.BIN,7.2024,15.1457,2.6141,15.1457,6.6220,1,1.370,5.892
757,DATA_20260323_080000.BIN,2.2212,12.1771,1.8566,12.1771,6.5670,1,6.256,8.080
758,DATA_20260323_080000.BIN,1.8566,11.4642,2.7181,11.4642,4.6420,1,5.890,6.035
759,DATA_20260323_080000.BIN,2.7181,22.0802,2.4722,22.0802,8.5360,1,4.141,4.472
760,DATA_20260323_080000.BIN,4.1296,13.8571,2.5535,13.8571,9.3500,1,1.312,3.468
761,DATA_20260323_080000.BIN,2.5535,18.2011,7.0960,18.2011,6.2260,1,4.409,4.428
762,DATA_20260323_080000.BIN,1.4425,13.0316,2.7209,13.0316,4.3120,1,6.370,6.492
763,DATA_20260323_080000.BIN,2.7209,12.4873,4.9016,12.4873,4.6860,1,2.778,4.591
764,DATA_20260323_080000.BIN,4.9016,37.5863,13.7150,37.5863,5.7860,1,3.814,10.148
765,DATA_20260323_080000.BIN,13.7150,40.5311,2.6836,40.5311,4.9060,1,12.757,13.402
766,DATA_20260323_080000.BIN,2.6836,13.9382,1.4767,13.9382,4.9940,1,2.896,8.673
767,DATA_20260323_080000.BIN,1.4767,19.0580,5.7608,19.0580,4.6530,1,6.716,13.003
768,DATA_20260323_080000.BIN,5.7608,14.2110,4.0436,14.2110,1.7820,1,8.121,8.611
769,DATA_20260323_080000.BIN,4.0436,42.3143,2.3021,42.3143,5.5550,1,5.153,13.028
770,DATA_20260323_080000.BIN,2.3021,20.7799,9.0122,20.7799,3.4540,1,5.754,10.265
771,DATA_20260323_080000.BIN,3.2367,13.5525,5.9177,13.5525,4.4550,1,8.930,13.941
772,DATA_20260323_080000.BIN,5.9177,21.9516,8.4503,21.9516,5.4560,1,2.259,9.168
773,DATA_20260323_080000.BIN,8.4503,18.9495,4.8451,18.9495,2.1230,1,7.825,8.476
774,DATA_20260323_080000.BIN,4.8451,16.1550,4.8388,16.1550,3.9820,1,1.570,1.765
775,DATA_20260323_080000.BIN,4.8388,25.2827,8.4810,25.2827,7.9860,1,3.968,4.304
776,DATA_20260323_080000.BIN,1.7768,37.8328,9.1410,37.8328,6.5340,1,4.004,7.647
777,DATA_20260323_080000.BIN,9.1410,28.4968,0.2609,28.4968,6.6660,1,7.539,8.583
778,DATA_20260323_080000.BIN,0.2609,15.9416,0.6053,15.9416,5.0490,1,7.206,13.079
779,DATA_20260323_080000.BIN,0.2619,39.8594,2.9592,39.8594,5.2140,1,6.212,11.338
780,DATA_20260323_080000.BIN,2.9592,14.4034,1.9674,14.4034,3.8610,1,4.444,5.681
781,DATA_20260323_080000.BIN,5.0446,17.6376,1.0066,17.6376,6.3470,1,1.868,4.162
782,DATA_20260323_080000.BIN,1.0066,28.7712,0.6789,28.7712,5.7860,1,3.089,4.559
783,DATA_20260323_080000.BIN,0.6789,14.0404,4.1599,14.0404,6.9410,1,4.162,4.255
784,DATA_20260323_080000.BIN,0.8906,13.0421,0.5908,13.0421,5.3240,1,3.532,6.977
785,DATA_20260323_080000.BIN,0.4868,46.0024,1.6087,46.0024,4.8510,1,4.867,7.198
786,DATA_20260323_080000.BIN,1.6087,14.2468,6.8800,14.2468,9.5150,1,5.331,6.201
787,DATA_20260323_080000.BIN,2.7519,24.4657,10.7724,24.4657,3.4320,1,5.570,6.263
788,DATA_20260323_080000.BIN,10.7724,24.6311,10.0639,24.6311,2.8160,1,15.426,15.499
789,DATA_20260323_080000.BIN,0.4060,11.9800,0.4692,11.9800,6.7650,1,3.111,3.462
790,DATA_20260323_080000.BIN,0.4692,8.1225,0.7907,8.1225,7.0070,1,2.622,3.635
791,DATA_20260323_080000.BIN,0.7907,14.2812,2.8135,14.2812,6.3250,1,2.893,4.426
792,DATA_20260323_080000.BIN,1.0298,9.6886,0.7837,9.6886,3.1570,1,2.410,2.897
793,DATA_20260323_080000.BIN,5.7603,32.6886,4.5966,32.6886,2.8050,1,9.589,9.975
794,DATA_20260323_080000.BIN,6.1958,16.2756,5.5488,16.2756,2.3650,1,9.369,10.356
795,DATA_20260323_080000.BIN,5.5488,45.0134,1.3425,45.0134,6.4350,1,5.913,16.047
796,DATA_20260323_080000.BIN,3.5150,11.1128,2.1730,11.1128,2.5740,1,3.905,6.151
797,DATA_20260323_080000.BIN,2.1730,19.0328,7.5934,19.0328,6.6550,1,4.488,4.488
798,DATA_20260323_080000.BIN,7.5934,16.0413,0.7118,16.0413,4.6420,1,10.707,13.051
799,DATA_20260323_080000.BIN,0.7118,20.6097,1.7060,20.6097,8.8220,1,2.061,2.338
800,DATA_20260323_080000.BIN,1.7060,12.8625,0.3388,12.8625,5.9730,1,3.568,3.971
801,DATA_20260323_080000.BIN,0.3388,11.7676,3.2859,11.7676,4.8180,1,3.650,6.070
802,DATA_20260323_080000.BIN,3.2859,30.0696,2.8911,30.0696,3.3000,1,1.024,7.128
803,DATA_20260323_080000.BIN,2.8911,21.0515,0.5364,21.0515,5.0380,1,4.590,5.522
804,DATA_20260323_080000.BIN,0.5364,9.9179,1.6212,9.9179,2.3100,1,2.244,2.393
805,DATA_20260323_080000.BIN,2.3952,17.5942,4.3522,17.5942,8.6240,1,4.752,5.236
806,DATA_20260323_080000.BIN,4.3522,37.2657,0.3674,37.2657,5.7420,1,8.905,10.910
807,DATA_20260323_080000.BIN,0.3674,8.8299,0.9587,8.8299,4.8620,1,0.878,0.922
808,DATA_20260323_080000.BIN,2.3413,13.5024,0.6307,13.5024,4.2460,1,2.120,2.143
809,DATA_20260323_080000.BIN,0.6307,13.1804,2.0881,13.1804,6.9410,1,1.447,2.524
810,DATA_20260323_080000.BIN,2.0881,37.0462,3.2255,37.0462,7.4360,1,1.218,6.929
811,DATA_20260323_080000.BIN,3.2255,28.0560,2.3447,28.0560,4.1360,1,4.525,8.523
812,DATA_20260323_080000.BIN,2.3447,24.3513,1.4720,24.3513,9.3500,1,4.404,5.999
813,DATA_20260323_080000.BIN,1.4720,12.3824,2.1022,12.3824,2.0900,1,1.238,4.447
814,DATA_20260323_080000.BIN,2.6599,14.6838,4.3887,14.6838,2.0020,1,3.770,3.770
815,DATA_20260323_080000.BIN,7.6682,30.3171,0.2927,30.3171,6.1380,1,12.321,15.018
816,DATA_20260323_080000.BIN,0.2927,18.2115,1.2955,18.2115,4.4330,1,10.773,23.425
817,DATA_20260323_080000.BIN,3.0360,52.2030,1.4822,52.2030,7.2050,1,2.094,5.869
818,DATA_20260323_080000.BIN,1.4822,11.6878,1.2417,11.6878,4.6970,1,2.362,2.394
819,DATA_20260323_080000.BIN,1.2417,12.9588,1.8909,12.9588,5.1370,1,4.403,6.634
820,DATA_20260323_080000.BIN,1.8909,11.3416,0.8154,11.3416,5.1700,1,4.117,7.091
821,DATA_20260323_080000.BIN,0.8154,13.1427,1.4281,13.1427,5.3680,1,2.169,5.730
822,DATA_20260323_080000.BIN,1.4281,26.0831,4.0320,26.0831,2.6400,1,3.768,10.329
823,DATA_20260323_080000.BIN,3.9128,13.5510,2.9718,13.5510,4.4330,1,5.063,5.076
824,DATA_20260323_080000.BIN,2.9718,15.8152,2.8550,15.8152,1.7050,1,4.491,7.443
825,DATA_20260323_080000.BIN,2.8550,26.4381,0.8936,26.4381,2.5410,1,6.742,9.093
826,DATA_20260323_080000.BIN,1.4621,21.0813,3.0978,21.0813,8.4040,1,2.526,7.441
827,DATA_20260323_080000.BIN,3.0978,12.2525,1.9720,12.2525,1.3310,1,8.035,11.137
828,DATA_20260323_080000.BIN,1.9720,8.7018,0.4046,8.7018,1.9910,1,3.738,3.764
829,DATA_20260323_080000.BIN,0.4046,14.9970,4.1844,14.9970,2.9040,1,1.599,1.914
830,DATA_20260323_080000.BIN,0.5406,22.4454,4.0660,22.4454,1.4740,1,3.270,7.130
831,DATA_20260323_080000.BIN,4.0660,21.9637,5.3528,21.9637,2.6070,1,1.572,6.383
832,DATA_20260323_080000.BIN,5.3528,49.1058,41.7972,49.1058,6.0940,1,10.599,12.119
833,DATA_20260323_080000.BIN,8.8433,17.6261,1.8378,17.6261,3.6410,1,7.933,11.471
834,DATA_20260323_080000.BIN,1.8378,46.9672,33.7800,46.9672,7.6120,1,1.426,2.995
835,DATA_20260323_080000.BIN,33.7800,48.8395,4.9867,48.8395,3.4760,1,47.292,47.535
836,DATA_20260323_080000.BIN,9.8929,43.9948,3.6435,43.9948,2.5740,1,9.608,10.032
837,DATA_20260323_080000.BIN,3.9192,13.5023,2.3965,13.5023,4.7410,1,4.094,11.526
838,DATA_20260323_080000.BIN,2.3965,16.5006,1.4186,16.5006,4.0370,1,7.623,7.661
839,DATA_20260323_080000.BIN,1.4186,15.8716,1.6015,15.8716,4.2570,1,9.084,9.934
840,DATA_20260323_080000.BIN,3.2324,10.0065,2.1530,10.0065,2.2770,1,11.439,12.990
841,DATA_20260323_080000.BIN,3.4084,11.1185,2.0637,11.1185,9.1410,1,7.038,7.233
842,DATA_20260323_080000.BIN,1.7885,14.0773,1.0736,14.0773,9.9220,1,3.380,3.486
843,DATA_20260323_080000.BIN,0.4940,19.3842,3.8628,19.3842,7.6010,1,1.355,3.752
844,DATA_20260323_080000.BIN,3.8628,24.6566,8.5898,24.6566,2.6290,1,4.074,11.453
845,DATA_20260323_080000.BIN,8.5898,24.4175,0.6029,24.4175,8.2060,1,12.498,23.687
846,DATA_20260323_080000.BIN,3.0506,11.9086,2.2695,11.9086,4.3890,1,5.662,5.684
847,DATA_20260323_080000.BIN,0.7964,9.7761,0.2263,9.7761,2.4310,1,3.106,4.916
848,DATA_20260323_080000.BIN,4.4340,22.4577,4.3962,22.4577,3.4430,1,10.671,16.432
849,DATA_20260323_080000.BIN,1.9735,12.0235,5.7070,12.0235,2.2440,1,3.451,4.650
850,DATA_20260323_080000.BIN,5.7070,21.0817,3.4361,21.0817,7.7330,1,8.745,9.861
851,DATA_20260323_080000.BIN,3.4361,15.1563,2.2267,15.1563,8.5030,1,4.798,6.804
852,DATA_20260323_080000.BIN,2.2267,13.8952,1.1065,13.8952,2.7610,1,3.571,8.761
853,DATA_20260323_080000.BIN,1.1065,30.7870,3.1301,30.7870,5.8850,1,1.822,2.649
854,DATA_20260323_080000.BIN,3.1301,32.3729,2.5830,32.3729,3.7950,1,10.807,16.819
855,DATA_20260323_080000.BIN,2.5830,10.1185,2.4580,10.1185,3.7510,1,4.043,4.591
856,DATA_20260323_080000.BIN,3.3140,13.6970,0.1581,13.6970,3.8830,1,6.060,8.200
857,DATA_20260323_080000.BIN,0.1581,14.2818,1.5589,14.2818,3.5970,1,0.213,2.566
858,DATA_20260323_080000.BIN,1.5589,7.9872,1.4939,7.9872,7.1940,1,2.935,2.936
859,DATA_20260323_080000.BIN,1.4939,24.7910,3.4529,24.7910,8.4040,1,1.918,2.580
860,DATA_20260323_080000.BIN,3.4529,29.1832,3.3383,29.1832,5.0050,1,4.974,4.991
861,DATA_20260323_080000.BIN,3.3383,25.5928,6.3974,25.5928,5.9620,1,3.618,4.175
862,DATA_20260323_080000.BIN,7.9481,19.5708,3.6513,19.5708,5.7860,1,15.224,18.030
863,DATA_20260323_080000.BIN,3.6513,17.2001,0.5236,17.2001,5.2580,1,6.578,8.626
864,DATA_20260323_080000.BIN,2.3163,16.7494,2.1892,16.7494,1.7490,1,2.127,9.624
865,DATA_20260323_080000.BIN,2.1892,10.6220,4.1975,10.6220,9.1630,1,2.495,2.868
866,DATA_20260323_080000.BIN,4.1975,34.0119,4.3552,34.0119,4.5210,1,9.423,14.849
867,DATA_20260323_080000.BIN,4.3552,19.7370,4.2019,19.7370,2.9700,1,3.996,4.405
868,DATA_20260323_080000.BIN,4.2019,19.6782,6.0772,19.6782,6.1710,1,7.464,9.673
869,DATA_20260323_080000.BIN,6.0772,15.5705,2.7284,15.5705,4.4550,1,9.114,10.504
870,DATA_20260323_080000.BIN,2.7284,22.6198,2.3955,22.6198,3.8060,1,3.642,4.789
871,DATA_20260323_080000.BIN,2.3955,18.9723,3.2630,18.9723,3.2780,1,3.417,4.139
872,DATA_20260323_080000.BIN,3.2630,11.4196,3.2102,11.4196,4.2790,1,2.828,7.009
873,DATA_20260323_080000.BIN,3.2102,14.5977,3.9276,14.5977,8.7120,1,4.375,4.619
874,DATA_20260323_080000.BIN,3.9276,36.7485,5.2239,36.7485,5.4120,1,8.038,9.568
875,DATA_20260323_080000.BIN,5.2239,30.4955,3.7236,30.4955,4.4550,1,7.126,7.310
876,DATA_20260323_080000.BIN,3.7236,13.9096,2.6349,13.9096,4.1030,1,8.287,11.014
877,DATA_20260323_080000.BIN,2.6349,12.6400,3.5089,12.6400,3.9600,1,3.655,5.253
878,DATA_20260323_080000.BIN,3.5089,17.8919,4.4028,17.8919,5.6210,1,3.078,3.166
879,DATA_20260323_080000.BIN,2.4300,17.8176,4.6610,17.8176,2.3320,1,1.771,1.819
880,DATA_20260323_080000.BIN,2.3839,13.0474,0.2141,13.0474,9.7350,1,2.243,3.892
881,DATA_20260323_080000.BIN,0.2141,10.7982,2.6900,10.7982,4.0920,1,3.610,5.081
882,DATA_20260323_080000.BIN,2.6900,25.5682,2.4220,25.5682,3.9600,1,1.626,1.776
883,DATA_20260323_080000.BIN,0.9179,11.2266,5.0930,11.2266,7.2380,1,5.047,11.668
884,DATA_20260323_080000.BIN,5.0930,14.2758,2.5844,14.2758,5.8080,1,6.929,8.927
885,DATA_20260323_080000.BIN,2.5844,20.7749,4.6385,20.7749,4.9390,1,5.331,5.917
886,DATA_20260323_080000.BIN,4.6385,12.4703,3.4066,12.4703,4.2130,1,10.273,13.667
887,DATA_20260323_080000.BIN,1.3658,41.2434,1.9143,41.2434,6.8750,1,4.233,4.292
888,DATA_20260323_080000.BIN,1.9143,11.8306,1.8062,11.8306,7.7440,1,3.383,4.367
889,DATA_20260323_080000.BIN,3.4568,11.3345,3.9149,11.3345,1.6720,1,3.242,3.707
890,DATA_20260323_080000.BIN,3.9149,35.4496,4.7804,35.4496,6.0610,1,6.608,9.089
891,DATA_20260323_080000.BIN,3.4433,11.5616,1.9500,11.5616,5.5000,1,2.444,2.588
892,DATA_20260323_080000.BIN,1.9500,10.4219,1.2046,10.4219,3.8610,1,2.842,8.784
893,DATA_20260323_080000.BIN,2.4306,15.5735,2.5297,15.5735,1.9580,1,4.704,4.704
894,DATA_20260323_080000.BIN,2.5297,14.1317,5.9861,14.1317,3.5970,1,1.622,1.682
895,DATA_20260323_080000.BIN,5.9861,15.0936,6.7103,15.0936,3.2890,1,7.251,8.314
896,DATA_20260323_080000.BIN,6.7103,18.8121,10.8420,18.8121,5.0600,1,6.832,6.872
897,DATA_20260323_080000.BIN,10.8420,48.9477,11.6500,48.9477,3.3660,1,12.294,12.296
898,DATA_20260323_080000.BIN,11.6500,27.9034,14.1769,27.9034,2.6730,1,10.085,13.944
899,DATA_20260323_080000.BIN,14.1769,38.9081,2.9657,38.9081,3.0470,1,19.653,19.654
900,DATA_20260323_080000.BIN,2.9657,21.3936,2.3638,21.3936,3.2340,1,3.613,8.105
901,DATA_20260323_080000.BIN,2.3638,15.6170,2.5748,15.6170,7.1830,1,9.166,16.074
902,DATA_20260323_080000.BIN,0.2047,32.7988,21.6144,32.7988,5.5770,1,4.270,6.252
903,DATA_20260323_080000.BIN,9.1669,27.5039,1.5889,27.5039,5.2690,1,8.472,9.790
904,DATA_20260323_080000.BIN,1.5889,17.2161,5.7772,17.2161,2.2880,1,8.450,13.321
905,DATA_20260323_080000.BIN,7.2408,27.4981,6.7665,27.4981,5.7310,1,12.336,16.818
906,DATA_20260323_080000.BIN,6.7665,21.2723,1.8693,21.2723,8.9650,1,5.962,8.255
907,DATA_20260323_080000.BIN,1.8693,41.5908,6.0553,41.5908,4.5870,1,7.289,8.821
908,DATA_20260323_080000.BIN,6.0553,12.9193,5.4975,12.9193,3.2340,1,4.409,4.740
909,DATA_20260323_080000.BIN,5.4975,17.6917,5.7489,17.6917,6.2040,1,4.123,5.651
910,DATA_20260323_080000.BIN,5.7489,12.9277,3.4624,12.9277,8.8000,1,4.302,4.594
911,DATA_20260323_080000.BIN,3.4624,11.5254,2.4248,11.5254,3.0690,1,3.190,5.508
912,DATA_20260323_080000.BIN,2.4248,12.2880,4.5493,12.2880,3.6410,1,8.199,11.931
913,DATA_20260323_080000.BIN,4.5493,43.0313,3.2050,43.0313,9.9330,1,5.951,6.471
914,DATA_20260323_080000.BIN,1.2813,13.1519,5.2748,13.1519,4.6420,1,4.974,8.215
915,DATA_20260323_080000.BIN,2.5427,12.6007,1.2687,12.6007,3.1240,1,2.853,3.989
916,DATA_20260323_080000.BIN,1.2687,15.5163,5.6995,15.5163,2.2110,1,5.835,11.604
917,DATA_20260323_080000.BIN,5.6995,16.6872,10.3711,16.6872,8.0740,1,3.821,3.821
918,DATA_20260323_080000.BIN,10.3711,40.4936,4.2597,40.4936,6.3580,1,16.709,19.682
919,DATA_20260323_080000.BIN,4.2673,13.3674,4.1074,13.3674,3.7620,1,5.107,5.912
920,DATA_20260323_080000.BIN,4.1074,20.5301,3.9556,20.5301,7.7000,1,3.367,4.084
921,DATA_20260323_080000.BIN,3.9556,11.3926,2.1624,11.3926,1.5510,1,2.925,3.317
922,DATA_20260323_080000.BIN,4.5655,45.5203,3.7934,45.5203,5.5990,1,10.607,12.566
923,DATA_20260323_080000.BIN,3.7934,14.3783,4.6063,14.3783,2.0570,1,7.916,9.348
924,DATA_20260323_080000.BIN,4.6063,17.8013,4.0476,17.8013,4.7630,1,8.354,8.976
925,DATA_20260323_080000.BIN,4.0476,17.7901,5.8204,17.7901,2.6180,1,5.003,5.783
926,DATA_20260323_080000.BIN,5.8204,18.1552,4.8325,18.1552,4.1360,1,4.042,4.302
927,DATA_20260323_080000.BIN,4.8325,21.9442,1.5272,21.9442,3.6190,1,3.610,3.645
928,DATA_20260323_080000.BIN,1.5272,18.8993,5.8941,18.8993,3.1020,1,5.100,7.577
929,DATA_20260323_080000.BIN,5.8941,21.5495,9.6537,21.5495,8.5690,1,5.287,5.296
930,DATA_20260323_080000.BIN,10.7638,20.9208,5.8992,20.9208,6.7430,1,16.778,17.825
931,DATA_20260323_080000.BIN,4.9669,42.9868,6.4237,42.9868,2.4970,1,2.595,4.653
932,DATA_20260323_080000.BIN,6.4237,18.7277,6.4032,18.7277,5.3680,1,2.956,8.774
933,DATA_20260323_080000.BIN,4.8191,18.0912,4.2929,18.0912,2.9700,1,7.386,10.115
934,DATA_20260323_080000.BIN,4.2929,20.2700,6.8207,20.2700,4.8290,1,3.087,5.328
935,DATA_20260323_080000.BIN,6.8207,25.1341,5.0072,25.1341,5.8190,1,4.765,4.822
936,DATA_20260323_080000.BIN,5.0072,24.6666,6.2183,24.6666,2.7390,1,1.981,3.087
937,DATA_20260323_080000.BIN,6.2183,30.6669,4.7046,30.6669,3.7620,1,3.465,3.547
938,DATA_20260323_080000.BIN,6.2192,19.9593,8.1314,19.9593,9.9660,1,2.750,3.011
939,DATA_20260323_080000.BIN,9.9021,18.1358,8.8163,18.1358,9.7130,1,10.779,13.110
940,DATA_20260323_080000.BIN,8.8163,45.1308,4.6559,45.1308,8.1510,1,6.549,7.074
941,DATA_20260323_080000.BIN,4.6559,22.4319,9.2133,22.4319,4.1580,1,6.378,8.712
942,DATA_20260323_080000.BIN,9.2133,33.6513,9.5077,33.6513,3.6520,1,4.758,10.138
943,DATA_20260323_080000.BIN,6.3281,13.9749,5.5975,13.9749,4.1690,1,1.101,7.854
944,DATA_20260323_080000.BIN,7.6675,27.7695,7.8468,27.7695,7.6010,1,3.712,7.010
945,DATA_20260323_080000.BIN,7.8468,18.2109,5.8496,18.2109,6.5120,1,2.032,5.941
946,DATA_20260323_080000.BIN,5.8496,40.9076,4.9281,40.9076,2.3210,1,5.951,7.770
947,DATA_20260323_080000.BIN,4.9281,17.0175,9.4917,17.0175,5.7970,1,7.020,7.161
948,DATA_20260323_080000.BIN,11.0078,20.2534,8.2310,20.2534,6.8860,1,8.493,8.589
949,DATA_20260323_080000.BIN,8.2310,23.4288,13.0649,23.4288,5.9620,1,3.331,4.328
950,DATA_20260323_080000.BIN,8.0657,16.2178,6.4481,16.2178,5.0490,1,10.008,14.574
951,DATA_20260323_080000.BIN,8.9692,46.1569,0.6557,46.1569,7.1720,1,11.519,11.982
952,DATA_20260323_080000.BIN,6.0469,16.7515,8.6603,16.7515,5.3130,1,4.254,4.849
953,DATA_20260323_080000.BIN,10.2636,31.6577,11.1022,31.6577,5.7310,1,6.838,7.132
954,DATA_20260323_080000.BIN,10.0639,22.4642,10.0146,22.4642,3.0250,1,4.965,4.967
955,DATA_20260323_080000.BIN,7.3366,17.0429,8.7088,17.0429,5.5990,1,6.947,6.984
956,DATA_20260323_080000.BIN,7.5208,16.4446,6.3657,16.4446,3.7180,1,3.024,9.821
957,DATA_20260323_080000.BIN,4.2024,22.0077,5.8471,22.0077,4.4660,1,16.818,20.178
958,DATA_20260323_080000.BIN,5.8471,15.2696,7.9980,15.2696,3.5860,1,10.819,13.602
959,DATA_20260323_080000.BIN,7.9980,19.4947,6.3266,19.4947,3.7840,1,9.602,9.745
960,DATA_20260323_080000.BIN,6.3266,19.6417,10.3474,19.6417,1.4300,1,5.114,5.676
961,DATA_20260323_080000.BIN,10.3474,16.7997,9.2279,16.7997,4.2570,1,7.225,7.241
962,DATA_20260323_080000.BIN,8.8353,49.9561,42.0742,49.9561,8.7560,1,12.151,12.648
963,DATA_20260323_080000.BIN,19.9242,34.2648,5.8054,34.2648,1.6830,1,27.419,27.422
964,DATA_20260323_080000.BIN,21.8553,34.8210,12.6501,34.8210,2.5410,1,21.156,22.954
965,DATA_20260323_080000.BIN,9.5077,45.3644,13.0539,45.3644,4.1580,1,5.788,8.763
966,DATA_20260323_080000.BIN,13.0539,46.3478,14.5991,46.3478,8.7890,1,10.172,10.647
967,DATA_20260323_090000.BIN,18.8305,37.7124,16.4650,37.7124,3.4320,1,9.762,16.059
968,DATA_20260323_090000.BIN,16.4650,30.7394,11.8706,30.7394,2.4200,1,11.381,20.869
969,DATA_20260323_090000.BIN,11.8706,30.5750,21.2394,30.5750,4.1580,1,17.264,19.524
970,DATA_20260323_090000.BIN,21.2394,71.4095,28.5707,71.4095,4.6090,1,4.494,7.115
971,DATA_20260323_090000.BIN,28.5707,50.3286,16.8593,50.3286,5.1590,1,9.491,10.297
972,DATA_20260323_090000.BIN,11.5091,32.2320,19.8617,32.2320,8.6130,1,19.482,21.197
973,DATA_20260323_090000.BIN,11.9851,35.6710,16.8206,35.6710,7.5680,1,12.401,19.613
974,DATA_20260323_090000.BIN,16.8206,40.2766,25.4319,40.2766,4.4000,1,12.255,17.480
975,DATA_20260323_090000.BIN,25.4319,48.7616,14.1086,48.7616,6.8310,1,9.526,13.765
976,DATA_20260323_090000.BIN,14.1086,29.7123,18.9915,29.7123,3.3880,1,10.778,11.733
977,DATA_20260323_090000.BIN,18.9915,31.6380,16.5358,31.6380,4.8400,1,3.696,3.696
978,DATA_20260323_090000.BIN,13.4904,26.5888,14.5476,26.5888,2.6840,1,9.608,11.891
979,DATA_20260323_090000.BIN,10.3674,32.9904,15.7146,32.9904,4.5980,1,17.113,18.756
980,DATA_20260323_090000.BIN,15.7146,32.1131,11.4060,32.1131,7.6780,1,6.014,9.987
981,DATA_20260323_090000.BIN,11.4060,31.0829,18.7426,31.0829,6.4790,1,7.621,8.071
982,DATA_20260323_090000.BIN,18.7426,42.5239,13.1182,42.5239,6.1710,1,5.667,6.431
983,DATA_20260323_090000.BIN,13.1182,34.7931,13.2228,34.7931,5.5330,1,5.999,6.000
984,DATA_20260323_090000.BIN,17.2735,43.2910,25.2946,43.2910,4.2020,1,2.570,5.941
985,DATA_20260323_090000.BIN,25.2946,46.6454,14.2340,46.6454,5.3680,1,12.640,13.799
986,DATA_20260323_090000.BIN,16.7556,26.7665,16.1405,26.7665,7.2380,1,2.684,7.066
987,DATA_20260323_090000.BIN,18.5358,53.8741,23.8293,53.8741,5.2470,1,1.952,2.522
988,DATA_20260323_090000.BIN,23.8293,34.5883,22.2369,34.5883,3.3770,1,8.486,9.097
989,DATA_20260323_090000.BIN,19.6114,49.5025,20.2149,49.5025,9.1850,1,2.048,7.759
990,DATA_20260323_090000.BIN,20.2149,47.5598,36.7295,47.5598,3.7510,1,3.029,3.426
991,DATA_20260323_090000.BIN,36.7295,53.7439,10.6723,53.7439,5.0380,1,27.388,30.400
992,DATA_20260323_090000.BIN,11.5713,31.2525,10.9881,31.2525,4.2790,1,10.047,10.658
993,DATA_20260323_090000.BIN,10.9881,30.9723,13.5579,30.9723,3.4430,1,9.554,11.884
994,DATA_20260323_090000.BIN,13.5579,38.9852,12.4147,38.9852,3.4430,1,6.287,6.416
995,DATA_20260323_090000.BIN,12.4147,26.1346,9.8765,26.1346,3.0580,1,14.397,14.412
996,DATA_20260323_090000.BIN,9.8765,28.5558,13.4123,28.5558,5.3900,1,8.975,9.491
997,DATA_20260323_090000.BIN,12.3260,22.5199,12.8995,22.5199,9.5810,1,5.515,6.717
998,DATA_20260323_090000.BIN,14.6434,29.6534,12.4814,29.6534,2.5630,1,2.054,5.863
999,DATA_20260323_090000.BIN,12.4814,43.9697,16.3383,43.9697,6.4240,1,7.011,10.697
1000,DATA_20260323_090000.BIN,16.3383,42.6233,27.6990,42.6233,4.3120,1,4.601,5.870
1001,DATA_20260323_090000.BIN,27.6990,40.4670,14.1234,40.4670,5.8080,1,13.640,27.947
1002,DATA_20260323_090000.BIN,7.6425,24.8546,14.8096,24.8546,7.2930,1,9.616,13.316
1003,DATA_20260323_090000.BIN,13.7749,27.8894,15.3286,27.8894,9.6580,1,10.971,11.765
1004,DATA_20260323_090000.BIN,15.3286,32.4548,7.3113,32.4548,9.4160,1,3.147,3.809
1005,DATA_20260323_090000.BIN,9.2126,25.9613,9.4786,25.9613,8.7450,1,8.418,11.888
1006,DATA_20260323_090000.BIN,9.4786,30.7603,14.8737,30.7603,5.4780,1,9.327,9.350
1007,DATA_20260323_090000.BIN,14.8737,29.4000,11.6260,29.4000,1.2430,1,2.966,6.102
1008,DATA_20260323_090000.BIN,13.8110,25.3576,10.9641,25.3576,5.9290,1,6.780,7.070
1009,DATA_20260323_090000.BIN,16.4479,30.7723,13.3334,30.7723,4.6750,1,9.844,9.875
1010,DATA_20260323_090000.BIN,13.3334,31.5595,10.8691,31.5595,6.1600,1,3.256,10.206
1011,DATA_20260323_090000.BIN,7.2615,17.9927,3.6451,17.9927,9.5040,1,10.313,10.334
1012,DATA_20260323_090000.BIN,6.0183,18.2068,4.6268,18.2068,3.6960,1,9.773,15.131
1013,DATA_20260323_090000.BIN,7.4627,62.3003,13.0447,62.3003,3.9050,1,5.089,5.717
1014,DATA_20260323_090000.BIN,13.0447,67.0521,11.5642,67.0521,7.5570,1,23.841,23.958
1015,DATA_20260323_090000.BIN,11.5642,26.8279,12.2221,26.8279,3.4210,1,9.310,11.388
1016,DATA_20260323_090000.BIN,11.1373,30.0948,15.2564,30.0948,6.6660,1,4.321,4.357
1017,DATA_20260323_090000.BIN,15.2564,39.4912,13.0859,39.4912,4.4220,1,14.838,16.397
1018,DATA_20260323_090000.BIN,13.0859,25.8684,10.8190,25.8684,6.2590,1,5.554,5.816
1019,DATA_20260323_090000.BIN,10.8190,25.7846,7.8507,25.7846,6.7760,1,3.204,5.185
1020,DATA_20260323_090000.BIN,11.1918,27.2410,14.6496,27.2410,3.6080,1,4.743,5.403
1021,DATA_20260323_090000.BIN,14.6496,29.8167,15.0833,29.8167,9.1190,1,7.194,8.404
1022,DATA_20260323_090000.BIN,15.0833,60.2402,32.5419,60.2402,6.2260,1,8.434,12.216
1023,DATA_20260323_090000.BIN,32.5419,62.0888,47.4748,62.0888,2.7830,1,32.232,32.742
1024,DATA_20260323_090000.BIN,47.4748,60.6877,47.2249,60.6877,5.7200,1,47.562,47.582
1025,DATA_20260323_090000.BIN,47.2249,61.8589,38.5986,61.8589,3.9600,1,42.324,42.346
1026,DATA_20260323_090000.BIN,38.5986,55.5152,15.9184,55.5152,8.0300,1,26.253,26.337
1027,DATA_20260323_090000.BIN,15.9184,51.2096,11.2270,51.2096,4.1250,1,7.964,9.298
1028,DATA_20260323_090000.BIN,11.2270,28.4295,10.4048,28.4295,8.2390,1,15.344,15.684
1029,DATA_20260323_090000.BIN,10.4048,42.4877,13.2670,42.4877,3.7840,1,15.284,15.284
1030,DATA_20260323_090000.BIN,7.9086,39.9412,5.6216,39.9412,8.6020,1,12.165,13.386
1031,DATA_20260323_090000.BIN,5.6216,27.5573,7.6669,27.5573,7.3700,1,15.219,15.663
1032,DATA_20260323_090000.BIN,7.6669,25.1764,8.2484,25.1764,3.1790,1,9.832,10.308
1033,DATA_20260323_090000.BIN,9.3573,39.4326,9.9932,39.4326,4.5320,1,11.420,12.217
1034,DATA_20260323_090000.BIN,9.9932,21.2323,3.9245,21.2323,5.7420,1,10.948,11.312
1035,DATA_20260323_090000.BIN,3.9245,21.1610,4.4647,21.1610,5.1150,1,14.912,15.120
1036,DATA_20260323_090000.BIN,4.6759,18.6149,6.7850,18.6149,3.8060,1,9.351,9.459
1037,DATA_20260323_090000.BIN,1.6588,39.6651,11.8833,39.6651,5.2910,1,13.071,14.499
1038,DATA_20260323_090000.BIN,11.8833,33.8613,19.8119,33.8613,4.1910,1,1.391,4.798
1039,DATA_20260323_090000.BIN,19.8119,37.8007,6.1389,37.8007,6.2370,1,11.716,11.831
1040,DATA_20260323_090000.BIN,6.1389,24.2073,6.9386,24.2073,2.6180,1,7.135,8.390
1041,DATA_20260323_090000.BIN,6.9386,20.8224,9.2498,20.8224,6.8970,1,5.373,5.442
1042,DATA_20260323_090000.BIN,9.2498,26.8384,13.4302,26.8384,3.7950,1,2.738,2.740
1043,DATA_20260323_090000.BIN,6.7484,38.7318,13.7230,38.7318,9.2730,1,7.515,11.917
1044,DATA_20260323_090000.BIN,6.5346,27.4321,10.8185,27.4321,3.8940,1,3.848,3.848
1045,DATA_20260323_090000.BIN,10.8185,31.7175,14.5934,31.7175,6.0830,1,4.380,6.764
1046,DATA_20260323_090000.BIN,4.2103,39.8452,16.7354,39.8452,3.8940,1,7.266,7.285
1047,DATA_20260323_090000.BIN,16.7354,27.4972,5.3078,27.4972,6.6770,1,10.155,14.009
1048,DATA_20260323_090000.BIN,5.3078,51.7422,10.0413,51.7422,5.9730,1,10.868,15.184
1049,DATA_20260323_090000.BIN,10.0413,64.9018,14.0800,64.9018,3.2230,1,1.479,11.661
1050,DATA_20260323_090000.BIN,14.0800,24.0401,4.7257,24.0401,3.1130,1,8.817,10.984
1051,DATA_20260323_090000.BIN,4.7257,27.1416,9.3999,27.1416,4.7520,1,6.035,7.126
1052,DATA_20260323_090000.BIN,9.3999,27.8996,7.2593,27.8996,9.0530,1,1.155,4.816
1053,DATA_20260323_090000.BIN,7.2593,27.1619,14.9305,27.1619,5.6540,1,6.975,10.122
1054,DATA_20260323_090000.BIN,7.5882,21.2434,6.4389,21.2434,5.0160,1,1.020,3.361
1055,DATA_20260323_090000.BIN,6.4389,64.2390,6.5765,64.2390,4.3890,1,7.780,8.255
1056,DATA_20260323_090000.BIN,6.5765,20.8125,8.1540,20.8125,3.4870,1,2.133,2.314
1057,DATA_20260323_090000.BIN,5.6615,21.8828,2.1877,21.8828,8.1510,1,9.525,9.534
1058,DATA_20260323_090000.BIN,2.1877,28.2217,2.2938,28.2217,7.2930,1,8.797,8.867
1059,DATA_20260323_090000.BIN,11.5897,42.9084,13.2721,42.9084,9.5260,1,4.528,11.682
1060,DATA_20260323_090000.BIN,13.2721,56.6062,28.4857,56.6062,7.9310,1,6.381,14.891
1061,DATA_20260323_090000.BIN,28.4857,58.2392,14.9654,58.2392,4.1360,1,30.378,30.714
1062,DATA_20260323_090000.BIN,14.9654,34.7127,16.3662,34.7127,4.2240,1,9.112,15.754
1063,DATA_20260323_090000.BIN,16.3662,56.8360,12.2930,56.8360,9.2400,1,10.632,11.543
1064,DATA_20260323_090000.BIN,6.9274,54.8620,34.3875,54.8620,2.2330,1,8.822,9.413
1065,DATA_20260323_090000.BIN,34.3875,57.4642,11.5951,57.4642,6.6770,1,37.457,43.929
1066,DATA_20260323_090000.BIN,1.6094,20.1931,3.6776,20.1931,2.7610,1,15.550,16.152
1067,DATA_20260323_090000.BIN,3.6776,21.0325,1.4931,21.0325,4.6860,1,8.932,9.223
1068,DATA_20260323_090000.BIN,1.4931,18.2692,3.7760,18.2692,9.1410,1,12.241,12.614
1069,DATA_20260323_090000.BIN,4.0604,19.0316,8.2826,19.0316,3.7730,1,7.325,8.854
1070,DATA_20260323_090000.BIN,8.2826,26.5849,1.5291,26.5849,7.5790,1,1.973,4.411
1071,DATA_20260323_090000.BIN,9.1766,32.3676,20.7959,32.3676,4.8620,1,8.419,8.490
1072,DATA_20260323_090000.BIN,7.0355,45.8678,2.9808,45.8678,3.1570,1,4.212,11.068
1073,DATA_20260323_090000.BIN,2.9808,28.6711,7.4532,28.6711,3.0690,1,9.082,9.082
1074,DATA_20260323_090000.BIN,6.3652,35.4424,7.3165,35.4424,2.3760,1,19.400,20.156
1075,DATA_20260323_090000.BIN,2.9620,23.7108,4.2628,23.7108,2.2440,1,3.995,8.853
1076,DATA_20260323_090000.BIN,4.2628,20.8530,6.6469,20.8530,4.5870,1,13.037,13.037
1077,DATA_20260323_090000.BIN,6.6469,25.0161,6.4586,25.0161,3.3220,1,8.533,10.851
1078,DATA_20260323_090000.BIN,6.4586,18.9373,2.1722,18.9373,3.0690,1,3.271,5.081
1079,DATA_20260323_090000.BIN,2.1722,14.2003,3.5246,14.2003,1.6720,1,8.594,8.601
1080,DATA_20260323_090000.BIN,3.5246,19.7264,6.1025,19.7264,2.0790,1,2.382,7.782
1081,DATA_20260323_090000.BIN,6.1025,39.8236,5.0910,39.8236,2.4530,1,2.846,4.837
1082,DATA_20260323_090000.BIN,1.3761,14.3224,1.9370,14.3224,4.0810,1,3.841,4.216
1083,DATA_20260323_090000.BIN,1.9370,24.2278,10.6742,24.2278,3.0800,1,3.033,4.951
1084,DATA_20260323_090000.BIN,10.6742,30.3775,13.4142,30.3775,1.2430,1,11.132,13.584
1085,DATA_20260323_090000.BIN,26.7662,39.7030,24.4625,39.7030,1.5620,1,30.092,35.866
1086,DATA_20260323_090000.BIN,0.4942,12.2632,1.5499,12.2632,3.0690,1,9.610,10.978
1087,DATA_20260323_090000.BIN,1.5499,39.1701,20.4440,39.1701,5.8300,1,6.367,7.077
1088,DATA_20260323_090000.BIN,20.4440,35.5717,23.2811,35.5717,2.8490,1,22.059,22.333
1089,DATA_20260323_090000.BIN,8.0959,22.1337,9.3564,22.1337,4.1470,1,2.333,9.535
1090,DATA_20260323_090000.BIN,9.3564,51.7405,13.6720,51.7405,3.5310,1,3.077,4.798
1091,DATA_20260323_090000.BIN,13.6720,38.8868,13.4632,38.8868,2.4420,1,8.928,13.524
1092,DATA_20260323_090000.BIN,13.4632,32.6879,17.5857,32.6879,2.5410,1,11.375,11.426
1093,DATA_20260323_090000.BIN,17.5857,29.9425,10.7425,29.9425,4.5760,1,11.941,13.900
1094,DATA_20260323_090000.BIN,10.7425,22.5171,4.0519,22.5171,1.5840,1,4.225,6.391
1095,DATA_20260323_090000.BIN,4.0519,25.7957,2.6971,25.7957,3.7180,1,6.922,7.226
1096,DATA_20260323_090000.BIN,1.7842,22.0142,4.9575,22.0142,5.9070,1,7.702,7.754
1097,DATA_20260323_090000.BIN,4.9575,38.5826,5.6799,38.5826,6.7210,1,4.466,6.504
1098,DATA_20260323_090000.BIN,5.6799,58.1241,6.0714,58.1241,3.7070,1,2.267,3.841
1099,DATA_20260323_090000.BIN,5.9383,18.6427,7.0869,18.6427,4.7190,1,7.907,7.918
1100,DATA_20260323_090000.BIN,0.7823,11.8508,1.2034,11.8508,4.4770,1,8.318,9.235
1101,DATA_20260323_090000.BIN,0.8607,14.1546,0.8278,14.1546,6.1600,1,8.459,8.567
1102,DATA_20260323_090000.BIN,1.1364,12.8745,0.4848,12.8745,4.1250,1,6.587,7.719
1103,DATA_20260323_090000.BIN,1.6977,43.3979,1.0515,43.3979,6.1600,1,5.941,5.970
1104,DATA_20260323_090000.BIN,1.1235,16.7399,1.9140,16.7399,6.4350,1,7.925,8.406
1105,DATA_20260323_090000.BIN,1.0367,12.6573,1.3342,12.6573,6.1050,1,5.918,8.802
1106,DATA_20260323_090000.BIN,1.3342,13.3345,1.2101,13.3345,5.9070,1,6.758,6.928
1107,DATA_20260323_090000.BIN,1.2101,31.0292,4.9374,31.0292,7.4580,1,4.105,5.457
1108,DATA_20260323_090000.BIN,4.9374,21.0936,4.7984,21.0936,2.1450,1,3.283,7.583
1109,DATA_20260323_090000.BIN,2.2578,45.1900,3.5007,45.1900,4.4880,1,2.705,7.560
1110,DATA_20260323_090000.BIN,3.5007,20.5305,1.7047,20.5305,5.4120,1,6.661,9.746
1111,DATA_20260323_090000.BIN,1.9166,14.2375,1.1730,14.2375,6.4350,1,1.186,3.514
1112,DATA_20260323_090000.BIN,1.8307,47.6685,19.1268,47.6685,8.3490,1,1.558,4.581
1113,DATA_20260323_090000.BIN,19.1268,36.7698,5.1314,36.7698,4.6530,1,20.885,21.701
1114,DATA_20260323_090000.BIN,2.2579,19.8096,9.0944,19.8096,4.3560,1,0.758,6.435
1115,DATA_20260323_090000.BIN,9.0944,18.8916,1.2681,18.8916,4.4330,1,6.884,7.448
1116,DATA_20260323_090000.BIN,1.2681,21.0623,1.6040,21.0623,7.6560,1,4.081,6.888
1117,DATA_20260323_090000.BIN,1.6040,14.6227,0.7903,14.6227,9.6250,1,4.544,8.901
1118,DATA_20260323_090000.BIN,0.7903,40.9545,3.0888,40.9545,3.9600,1,3.684,5.878
1119,DATA_20260323_090000.BIN,3.0888,24.3047,2.4262,24.3047,4.2240,1,2.184,2.746
1120,DATA_20260323_090000.BIN,2.0739,21.8091,0.8160,21.8091,7.5130,1,5.381,5.808
1121,DATA_20260323_090000.BIN,3.8780,52.5913,1.1073,52.5913,7.7660,1,2.131,2.287
1122,DATA_20260323_090000.BIN,1.4519,31.0399,1.7629,31.0399,3.6300,1,2.388,3.529
1123,DATA_20260323_090000.BIN,1.7629,15.8005,1.8465,15.8005,1.6500,1,2.043,3.755
1124,DATA_20260323_090000.BIN,1.8465,15.0420,0.7515,15.0420,3.8940,1,4.475,5.042
1125,DATA_20260323_090000.BIN,0.7515,16.5402,3.0013,16.5402,3.9490,1,2.676,2.677
1126,DATA_20260323_090000.BIN,3.0013,21.8381,0.8022,21.8381,9.3720,1,1.402,3.925
1127,DATA_20260323_090000.BIN,1.0343,21.4023,5.5085,21.4023,2.8930,1,0.996,1.008
1128,DATA_20260323_090000.BIN,5.5085,21.2044,4.6100,21.2044,3.0800,1,6.292,6.805
1129,DATA_20260323_090000.BIN,4.6100,18.6378,2.0282,18.6378,4.1360,1,3.233,3.345
1130,DATA_20260323_090000.BIN,2.0282,44.6990,1.5959,44.6990,6.2260,1,5.623,5.624
1131,DATA_20260323_090000.BIN,1.5959,17.4151,0.6558,17.4151,3.7950,1,0.199,4.731
1132,DATA_20260323_090000.BIN,2.1221,18.1030,3.9844,18.1030,1.8590,1,8.280,10.201
1133,DATA_20260323_090000.BIN,2.6537,16.0370,1.5346,16.0370,4.3780,1,5.706,7.315
1134,DATA_20260323_090000.BIN,1.5346,21.4897,5.5306,21.4897,6.3140,1,0.812,4.274
1135,DATA_20260323_090000.BIN,2.1087,15.9287,3.1623,15.9287,1.5180,1,4.620,9.512
1136,DATA_20260323_090000.BIN,8.4004,18.6722,3.9038,18.6722,2.2000,1,11.258,12.474
1137,DATA_20260323_090000.BIN,1.1424,14.1263,3.1304,14.1263,6.8090,1,1.918,6.756
1138,DATA_20260323_090000.BIN,3.1304,14.6380,2.6250,14.6380,1.3750,1,2.540,8.440
1139,DATA_20260323_090000.BIN,0.2967,32.6423,5.4102,32.6423,9.6140,1,2.945,4.487
1140,DATA_20260323_090000.BIN,5.4102,17.5932,2.1929,17.5932,4.7520,1,1.736,10.708
1141,DATA_20260323_090000.BIN,0.3054,25.2565,1.6382,25.2565,8.9100,1,1.879,2.377
1142,DATA_20260323_090000.BIN,1.6382,26.7383,3.8122,26.7383,5.5880,1,0.865,1.921
1143,DATA_20260323_090000.BIN,3.8122,37.5668,26.9683,37.5668,5.9070,1,7.560,7.843
1144,DATA_20260323_090000.BIN,2.3341,14.9735,1.3636,14.9735,5.7090,1,3.251,4.641
1145,DATA_20260323_090000.BIN,0.8740,21.1868,0.8646,21.1868,6.0500,1,2.454,2.895
1146,DATA_20260323_090000.BIN,0.8646,13.7830,2.2488,13.7830,3.9160,1,2.050,2.355
1147,DATA_20260323_090000.BIN,2.2488,17.1157,4.3597,17.1157,3.3110,1,3.367,5.103
1148,DATA_20260323_090000.BIN,4.3597,17.4697,2.4125,17.4697,7.1060,1,6.773,6.815
1149,DATA_20260323_090000.BIN,0.5886,36.9331,14.7625,36.9331,8.9320,1,0.951,1.361
1150,DATA_20260323_090000.BIN,14.7625,27.6692,5.4521,27.6692,3.1900,1,22.943,23.757
1151,DATA_20260323_090000.BIN,5.4521,51.3950,7.7225,51.3950,3.2560,1,7.230,7.458
1152,DATA_20260323_090000.BIN,7.7225,44.1925,27.7657,44.1925,4.3890,1,6.079,10.893
1153,DATA_20260323_090000.BIN,27.7657,51.9783,1.6488,51.9783,6.6220,1,31.197,32.477
1154,DATA_20260323_090000.BIN,1.3327,16.9918,3.9035,16.9918,7.4140,1,7.232,7.298
1155,DATA_20260323_090000.BIN,3.9035,16.1690,1.1632,16.1690,4.8290,1,4.030,5.384
1156,DATA_20260323_090000.BIN,1.9919,16.6036,2.0833,16.6036,8.1950,1,7.167,7.213
1157,DATA_20260323_090000.BIN,16.7111,28.4254,15.7289,28.4254,6.2920,1,13.649,18.604
1158,DATA_20260323_090000.BIN,2.7621,34.4970,3.3522,34.4970,3.7180,1,2.891,13.640
1159,DATA_20260323_090000.BIN,3.3522,19.6290,5.5996,19.6290,7.7440,1,4.935,7.176
1160,DATA_20260323_090000.BIN,5.5996,38.6558,5.8179,38.6558,4.6310,1,5.297,6.295
1161,DATA_20260323_090000.BIN,1.6285,59.4530,29.1414,59.4530,7.0510,1,3.947,5.630
1162,DATA_20260323_090000.BIN,29.1414,47.2923,1.5806,47.2923,6.3140,1,33.481,33.997
1163,DATA_20260323_090000.BIN,2.6797,13.7168,3.1085,13.7168,8.9540,1,7.468,8.127
1164,DATA_20260323_090000.BIN,1.6297,23.4888,2.2005,23.4888,7.2710,1,1.384,10.946
1165,DATA_20260323_090000.BIN,6.6635,36.8543,4.6975,36.8543,3.0470,1,11.119,11.330
1166,DATA_20260323_090000.BIN,2.0822,22.7447,4.6592,22.7447,3.9710,1,4.981,13.401
1167,DATA_20260323_090000.BIN,0.7321,21.6653,2.0909,21.6653,2.7610,1,6.484,6.507
1168,DATA_20260323_090000.BIN,2.0909,20.2680,4.0924,20.2680,2.1010,1,2.436,13.076
1169,DATA_20260323_090000.BIN,13.3408,29.6181,6.7113,29.6181,9.1080,1,19.458,21.836
1170,DATA_20260323_090000.BIN,6.7113,25.3202,10.6089,25.3202,3.8060,1,8.447,10.511
1171,DATA_20260323_090000.BIN,10.6089,56.6335,5.4430,56.6335,6.2260,1,11.505,11.535
1172,DATA_20260323_090000.BIN,5.4430,20.1620,2.7430,20.1620,1.4960,1,7.677,9.274
1173,DATA_20260323_090000.BIN,2.7430,18.9077,8.0835,18.9077,3.3550,1,3.166,8.830
1174,DATA_20260323_090000.BIN,8.0835,23.6476,1.6006,23.6476,4.6310,1,11.232,11.798
1175,DATA_20260323_090000.BIN,1.6006,57.2667,9.5041,57.2667,7.7880,1,5.349,11.472
1176,DATA_20260323_090000.BIN,9.5041,21.7826,4.8028,21.7826,3.7510,1,8.997,10.389
1177,DATA_20260323_090000.BIN,1.3321,19.2755,3.7514,19.2755,3.2230,1,3.783,6.522
1178,DATA_20260323_090000.BIN,6.1202,22.7085,2.4734,22.7085,2.5850,1,1.841,4.618
1179,DATA_20260323_090000.BIN,7.3631,28.9986,5.7134,28.9986,5.2910,1,8.187,8.210
1180,DATA_20260323_090000.BIN,5.7134,29.8120,5.5575,29.8120,6.5450,1,4.422,4.673
1181,DATA_20260323_090000.BIN,2.6972,33.8112,3.4368,33.8112,4.4880,1,7.044,12.721
1182,DATA_20260323_090000.BIN,3.4368,34.6862,5.9408,34.6862,4.2460,1,2.659,13.205
1183,DATA_20260323_090000.BIN,4.7183,31.1720,9.3727,31.1720,2.1120,1,9.360,9.502
1184,DATA_20260323_090000.BIN,9.3727,19.7188,6.9852,19.7188,4.6530,1,3.868,13.635
1185,DATA_20260323_090000.BIN,0.9117,51.1811,0.9584,51.1811,6.9960,1,7.670,16.212
1186,DATA_20260323_090000.BIN,4.7987,24.3322,7.7032,24.3322,4.1910,1,5.905,6.515
1187,DATA_20260323_090000.BIN,6.7152,23.8589,5.0364,23.8589,5.6100,1,5.827,6.744
1188,DATA_20260323_090000.BIN,5.0364,27.5505,7.2266,27.5505,8.9100,1,3.701,3.947
1189,DATA_20260323_090000.BIN,4.2201,46.1781,13.5136,46.1781,7.4140,1,3.304,3.585
1190,DATA_20260323_090000.BIN,13.5136,46.3398,9.5665,46.3398,8.7230,1,8.409,14.382
1191,DATA_20260323_090000.BIN,9.5665,33.9698,7.6760,33.9698,9.6910,1,9.092,9.170
1192,DATA_20260323_090000.BIN,7.6760,24.9245,6.1044,24.9245,6.2810,1,5.868,5.986
1193,DATA_20260323_090000.BIN,32.0917,46.9599,5.9933,46.9599,3.1020,1,37.079,39.312
1194,DATA_20260323_090000.BIN,2.1808,34.1244,7.9042,34.1244,5.5660,1,6.817,7.823
1195,DATA_20260323_090000.BIN,4.5384,15.7507,2.2697,15.7507,1.6830,1,1.359,16.190
1196,DATA_20260323_090000.BIN,3.4015,24.6964,6.3576,24.6964,3.0140,1,7.712,8.223
1197,DATA_20260323_090000.BIN,5.7619,19.7357,3.5023,19.7357,5.2360,1,6.048,6.534
1198,DATA_20260323_090000.BIN,3.5023,24.9783,13.6109,24.9783,4.8180,1,4.618,4.621
1199,DATA_20260323_090000.BIN,36.1858,48.0626,32.3885,48.0626,3.0690,1,40.889,43.955
1200,DATA_20260323_090000.BIN,13.0064,23.2799,6.7822,23.2799,2.3540,1,20.774,20.851
1201,DATA_20260323_090000.BIN,27.7425,48.7323,10.1482,48.7323,5.3350,1,24.246,29.835
1202,DATA_20260323_090000.BIN,12.5117,26.0827,3.4319,26.0827,1.5180,1,14.146,14.187
1203,DATA_20260323_090000.BIN,3.4319,32.3707,12.0296,32.3707,3.8390,1,5.102,18.419
1204,DATA_20260323_090000.BIN,12.0296,22.6998,10.6614,22.6998,4.5760,1,19.672,23.255
1205,DATA_20260323_090000.BIN,1.8090,19.1578,3.0710,19.1578,5.9950,1,10.510,19.870
1206,DATA_20260323_090000.BIN,9.2865,50.4795,7.4619,50.4795,4.7190,1,7.673,12.841
1207,DATA_20260323_090000.BIN,6.4268,31.9589,19.1551,31.9589,7.6890,1,4.103,4.758
1208,DATA_20260323_100000.BIN,45.3035,49.7307,40.7393,49.7307,6.3030,1,7.782,8.162
1209,DATA_20260323_100000.BIN,40.7393,47.1822,39.6791,47.1822,4.0260,1,2.116,8.678
1210,DATA_20260323_100000.BIN,39.6791,43.9353,38.1367,43.9353,2.6290,1,1.107,3.990
1211,DATA_20260323_100000.BIN,38.1367,48.8947,42.9883,48.8947,2.7720,1,3.223,8.066
1212,DATA_20260323_100000.BIN,42.9883,48.1163,38.8591,48.1163,4.7080,1,7.623,7.673
1213,DATA_20260323_100000.BIN,38.8591,43.4936,32.6414,43.4936,5.4560,1,2.735,2.735
1214,DATA_20260323_100000.BIN,35.9149,39.5386,31.7607,39.5386,4.4110,1,6.426,7.324
1215,DATA_20260323_100000.BIN,36.5345,40.9869,37.2565,40.9869,2.1120,1,3.618,3.974
1216,DATA_20260323_100000.BIN,44.9090,49.9415,41.1795,49.9415,7.5240,1,12.294,12.310
1217,DATA_20260323_100000.BIN,41.1795,49.8949,41.0827,49.8949,6.5560,1,3.610,8.319
1218,DATA_20260323_100000.BIN,41.0827,46.4304,37.8325,46.4304,6.7320,1,3.014,3.043
1219,DATA_20260323_100000.BIN,37.8325,44.0012,31.9218,44.0012,4.2020,1,4.574,4.673
1220,DATA_20260323_100000.BIN,31.9218,41.5845,36.6120,41.5845,3.7070,1,12.885,13.833
1221,DATA_20260323_100000.BIN,36.6120,42.4088,36.3013,42.4088,3.0910,1,3.295,4.101
1222,DATA_20260323_100000.BIN,36.3013,42.4857,24.2586,42.4857,4.8510,1,4.270,5.272
1223,DATA_20260323_100000.BIN,24.2586,44.0951,32.2970,44.0951,7.1940,1,19.589,21.003
1224,DATA_20260323_100000.BIN,32.2970,42.4012,32.8145,42.4012,8.2170,1,5.916,10.898
1225,DATA_20260323_100000.BIN,32.8145,40.1421,36.0913,40.1421,6.2920,1,4.933,6.351
1226,DATA_20260323_100000.BIN,54.6944,82.5092,51.2431,82.5092,9.5590,1,23.141,23.389
1227,DATA_20260323_100000.BIN,51.2431,60.6389,49.1541,60.6389,4.0590,1,15.006,18.366
1228,DATA_20260323_100000.BIN,49.1541,66.3771,53.1259,66.3771,3.6190,1,15.770,16.284
1229,DATA_20260323_100000.BIN,53.1259,68.9964,48.1123,68.9964,4.7300,1,22.448,22.453
1230,DATA_20260323_100000.BIN,48.1123,56.1088,51.0532,56.1088,3.1350,1,9.657,17.992
1231,DATA_20260323_100000.BIN,51.0532,60.1704,52.1898,60.1704,1.1770,1,11.348,12.996
1232,DATA_20260323_100000.BIN,52.1898,57.8556,52.5407,57.8556,9.8450,1,10.749,11.018
1233,DATA_20260323_100000.BIN,52.5407,58.4048,50.8392,58.4048,3.5200,1,11.183,13.469
1234,DATA_20260323_100000.BIN,50.8392,61.2459,50.0224,61.2459,1.6170,1,7.855,7.924
1235,DATA_20260323_100000.BIN,50.0224,59.0472,50.8620,59.0472,1.2870,1,5.241,6.823
1236,DATA_20260323_100000.BIN,50.8620,57.8039,47.4104,57.8039,6.6880,1,6.164,6.185
1237,DATA_20260323_100000.BIN,47.4104,58.8487,48.5946,58.8487,2.0900,1,3.733,4.869
1238,DATA_20260323_100000.BIN,48.5946,57.9259,48.6138,57.9259,1.3420,1,4.479,4.488
1239,DATA_20260323_100000.BIN,48.6138,58.3586,51.7908,58.3586,3.0250,1,3.397,3.770
1240,DATA_20260323_100000.BIN,51.7908,57.1237,51.8582,57.1237,1.7050,1,6.313,19.247
1241,DATA_20260323_100000.BIN,51.8582,64.4481,55.8360,64.4481,2.1010,1,5.819,7.271
1242,DATA_20260323_100000.BIN,49.9847,59.7455,52.8520,59.7455,1.5070,1,2.681,3.123
1243,DATA_20260323_100000.BIN,52.8520,64.5634,52.4911,64.5634,3.0580,1,9.908,9.925
1244,DATA_20260323_100000.BIN,52.4911,59.6554,52.4467,59.6554,1.1330,1,5.394,5.401
1245,DATA_20260323_100000.BIN,52.4467,59.3543,51.6500,59.3543,1.0890,1,4.804,5.218
1246,DATA_20260323_100000.BIN,51.6500,57.1989,52.4598,57.1989,2.0680,1,2.770,3.319
1247,DATA_20260323_100000.BIN,52.4598,84.4834,57.5916,84.4834,3.0470,1,3.641,3.662
1248,DATA_20260323_100000.BIN,57.5916,60.5222,50.9087,60.5222,1.4190,1,9.612,9.788
1249,DATA_20260323_100000.BIN,50.9087,57.7180,50.9269,57.7180,1.9580,1,2.155,2.358
1250,DATA_20260323_100000.BIN,50.9269,58.6954,51.1956,58.6954,1.1770,1,10.888,12.661
1251,DATA_20260323_100000.BIN,51.1956,56.2616,49.2908,56.2616,1.3750,1,0.946,1.032
1252,DATA_20260323_100000.BIN,49.2908,54.3787,48.4298,54.3787,1.1990,1,8.432,8.670
1253,DATA_20260323_100000.BIN,48.4298,58.9941,49.7777,58.9941,2.0680,1,3.029,3.351
1254,DATA_20260323_100000.BIN,49.7777,55.9167,49.9839,55.9167,1.1000,1,2.535,2.694
1255,DATA_20260323_100000.BIN,49.9839,57.2168,28.2354,57.2168,1.7490,1,1.697,3.497
1256,DATA_20260323_100000.BIN,28.2354,62.4801,52.2335,62.4801,2.7610,1,36.398,45.405
1257,DATA_20260323_100000.BIN,52.2335,60.9786,50.5280,60.9786,2.2110,1,6.938,7.393
1258,DATA_20260323_100000.BIN,50.5280,56.4645,49.1315,56.4645,2.1010,1,3.844,3.922
1259,DATA_20260323_100000.BIN,49.1315,58.1643,50.2404,58.1643,1.2540,1,5.331,5.748
1260,DATA_20260323_100000.BIN,48.8915,55.3130,49.4853,55.3130,1.1880,1,2.171,2.502
1261,DATA_20260323_100000.BIN,49.4853,56.0723,45.3961,56.0723,3.0910,1,1.634,2.722
1262,DATA_20260323_100000.BIN,48.8714,54.8834,46.6629,54.8834,2.1340,1,2.238,2.272
1263,DATA_20260323_100000.BIN,46.6629,55.6008,50.3891,55.6008,2.2880,1,6.805,8.080
1264,DATA_20260323_100000.BIN,50.3891,55.7350,46.3744,55.7350,2.1340,1,3.098,3.520
1265,DATA_20260323_100000.BIN,46.3744,75.2119,62.8081,75.2119,3.7510,1,7.647,7.915
1266,DATA_20260323_100000.BIN,62.8081,67.0852,56.5791,67.0852,1.6610,1,21.216,26.165
1267,DATA_20260323_100000.BIN,56.5791,62.0321,55.4546,62.0321,1.6940,1,10.762,14.472
1268,DATA_20260323_100000.BIN,55.4546,64.2414,53.4763,64.2414,1.2430,1,8.988,10.130
1269,DATA_20260323_100000.BIN,53.4763,59.1475,51.8327,59.1475,1.1440,1,3.474,3.801
1270,DATA_20260323_100000.BIN,51.8327,59.2651,52.2983,59.2651,1.1770,1,1.984,2.099
1271,DATA_20260323_100000.BIN,45.9161,59.3275,54.4983,59.3275,1.5400,1,7.068,7.166
1272,DATA_20260323_100000.BIN,54.4983,76.0557,47.2075,76.0557,5.5110,1,5.287,5.375
1273,DATA_20260323_100000.BIN,47.2075,59.8261,54.0424,59.8261,2.1230,1,6.647,7.136
1274,DATA_20260323_100000.BIN,66.7524,71.0004,54.5301,71.0004,2.9260,1,25.453,25.824
1275,DATA_20260323_100000.BIN,54.5301,64.7395,53.5594,64.7395,1.6060,1,3.569,5.663
1276,DATA_20260323_100000.BIN,53.5594,71.8226,49.5730,71.8226,3.2010,1,2.982,4.510
1277,DATA_20260323_100000.BIN,49.5730,81.9974,54.3068,81.9974,4.1910,1,5.352,9.555
1278,DATA_20260323_100000.BIN,54.3068,70.4561,52.7297,70.4561,1.8590,1,7.324,8.158
1279,DATA_20260323_100000.BIN,52.7297,67.5805,49.9000,67.5805,2.4200,1,11.605,12.056
1280,DATA_20260323_100000.BIN,49.9000,61.4530,52.4207,61.4530,1.4080,1,4.245,11.396
1281,DATA_20260323_100000.BIN,52.4207,58.9758,52.6446,58.9758,2.2880,1,5.740,6.652
1282,DATA_20260323_100000.BIN,52.6446,58.7311,46.7723,58.7311,2.8600,1,2.850,4.873
1283,DATA_20260323_100000.BIN,46.7723,54.2305,47.3314,54.2305,1.2100,1,12.251,12.447
1284,DATA_20260323_100000.BIN,47.3314,65.1635,54.3447,65.1635,1.5620,1,12.299,12.440
1285,DATA_20260323_100000.BIN,52.9158,61.5764,57.0638,61.5764,1.7600,1,14.596,15.262
1286,DATA_20260323_100000.BIN,57.0638,61.4009,50.0694,61.4009,2.5410,1,12.196,12.851
1287,DATA_20260323_100000.BIN,50.0694,77.7787,49.8616,77.7787,5.7860,1,6.563,6.579
1288,DATA_20260323_100000.BIN,49.8616,56.0144,47.9028,56.0144,1.7380,1,11.010,16.376
1289,DATA_20260323_100000.BIN,48.9585,62.5322,48.2239,62.5322,3.4870,1,2.777,7.353
1290,DATA_20260323_100000.BIN,52.5062,62.4157,53.0114,62.4157,2.8380,1,6.670,7.145
1291,DATA_20260323_100000.BIN,53.0114,68.7644,63.6908,68.7644,2.4090,1,4.278,7.628
1292,DATA_20260323_100000.BIN,63.6908,81.5193,72.1545,81.5193,4.0480,1,24.153,24.710
1293,DATA_20260323_100000.BIN,72.1545,79.9995,73.9363,79.9995,1.2870,1,36.169,36.169
1294,DATA_20260323_100000.BIN,73.9363,86.5920,75.5293,86.5920,4.0590,1,32.763,32.994
1295,DATA_20260323_100000.BIN,75.5293,84.6623,79.7566,84.6623,2.5080,1,34.410,34.424
1296,DATA_20260323_100000.BIN,79.7566,86.6053,80.1351,86.6053,8.1510,1,44.387,46.683
1297,DATA_20260323_100000.BIN,80.1351,85.3096,81.7408,85.3096,4.3230,1,39.712,40.498
1298,DATA_20260323_100000.BIN,81.7408,86.1189,58.6423,86.1189,4.0480,1,39.250,39.644
1299,DATA_20260323_100000.BIN,58.6423,68.4287,60.4584,68.4287,1.4960,1,12.899,13.955
1300,DATA_20260323_100000.BIN,60.4584,82.6275,73.6768,82.6275,2.9700,1,14.567,14.585
1301,DATA_20260323_100000.BIN,73.6768,84.8220,76.1626,84.8220,1.8590,1,23.355,35.020
1302,DATA_20260323_100000.BIN,75.7808,86.5366,68.5867,86.5366,2.3320,1,17.268,17.325
1303,DATA_20260323_100000.BIN,68.5867,85.3405,72.7390,85.3405,3.1350,1,7.592,8.486
1304,DATA_20260323_100000.BIN,72.7390,85.0407,45.0033,85.0407,9.5150,1,14.993,16.939
1305,DATA_20260323_100000.BIN,45.0033,70.4727,52.6730,70.4727,4.0700,1,29.289,29.295
1306,DATA_20260323_100000.BIN,52.6730,72.4725,53.2369,72.4725,3.9380,1,20.727,22.196
1307,DATA_20260323_100000.BIN,53.2369,67.3109,51.1074,67.3109,2.2440,1,25.767,27.754
1308,DATA_20260323_100000.BIN,51.0858,68.2117,53.6306,68.2117,3.5420,1,17.306,19.321
1309,DATA_20260323_100000.BIN,53.6306,58.7799,50.7126,58.7799,2.3430,1,15.620,17.028
1310,DATA_20260323_100000.BIN,50.7126,58.6474,52.6020,58.6474,1.1770,1,16.167,16.625
1311,DATA_20260323_100000.BIN,52.6020,59.4553,51.9991,59.4553,1.1660,1,12.753,13.395
1312,DATA_20260323_100000.BIN,51.9991,60.6988,55.4654,60.6988,2.8820,1,12.811,14.339
1313,DATA_20260323_100000.BIN,55.4654,64.4303,59.1372,64.4303,2.2330,1,4.479,10.205
1314,DATA_20260323_100000.BIN,59.1372,66.3321,52.9725,66.3321,1.4630,1,2.142,3.891
1315,DATA_20260323_100000.BIN,52.9725,77.9849,66.5577,77.9849,4.5320,1,6.256,6.319
1316,DATA_20260323_100000.BIN,66.5577,77.0376,52.9953,77.0376,3.9820,1,14.177,16.831
1317,DATA_20260323_100000.BIN,52.9953,68.1039,50.3716,68.1039,3.1680,1,8.357,9.447
1318,DATA_20260323_100000.BIN,50.3716,59.5966,52.4993,59.5966,2.0900,1,9.221,9.910
1319,DATA_20260323_100000.BIN,50.6850,55.9945,49.8583,55.9945,1.0560,1,12.730,13.373
1320,DATA_20260323_100000.BIN,49.8583,56.6267,48.3038,56.6267,3.5750,1,10.687,11.359
1321,DATA_20260323_100000.BIN,48.4778,54.1936,46.5543,54.1936,2.2110,1,10.592,11.013
1322,DATA_20260323_100000.BIN,46.5543,52.0877,45.5114,52.0877,1.2320,1,13.311,14.049
1323,DATA_20260323_100000.BIN,45.5114,71.6936,60.3631,71.6936,1.9800,1,13.078,14.080
1324,DATA_20260323_100000.BIN,60.3631,72.4875,56.3179,72.4875,3.0250,1,12.735,13.309
1325,DATA_20260323_100000.BIN,56.3179,70.2043,59.1909,70.2043,3.1020,1,4.324,4.690
1326,DATA_20260323_100000.BIN,59.1909,65.9749,56.7298,65.9749,2.0020,1,12.915,19.363
1327,DATA_20260323_100000.BIN,56.7298,67.9420,42.7822,67.9420,4.2350,1,6.225,6.447
1328,DATA_20260323_100000.BIN,42.7822,61.1826,54.4787,61.1826,1.6830,1,23.014,27.599
1329,DATA_20260323_100000.BIN,54.4787,60.9004,53.2964,60.9004,1.1110,1,1.247,1.458
1330,DATA_20260323_100000.BIN,53.2964,71.5795,60.7687,71.5795,1.9250,1,12.587,20.778
1331,DATA_20260323_100000.BIN,60.7687,69.7483,60.1590,69.7483,1.1660,1,9.619,9.825
1332,DATA_20260323_100000.BIN,60.1590,75.5852,50.6920,75.5852,2.6510,1,10.942,15.336
1333,DATA_20260323_100000.BIN,50.6920,59.6355,45.2519,59.6355,3.2780,1,5.920,7.305
1334,DATA_20260323_100000.BIN,45.2519,53.9458,47.3477,53.9458,1.5510,1,13.128,13.390
1335,DATA_20260323_100000.BIN,47.3477,67.6500,55.2607,67.6500,5.2690,1,13.796,14.952
1336,DATA_20260323_100000.BIN,55.2607,62.3681,52.5042,62.3681,2.0570,1,4.450,6.308
1337,DATA_20260323_100000.BIN,52.5042,57.9712,49.0216,57.9712,1.4630,1,0.338,3.818
1338,DATA_20260323_100000.BIN,54.2635,58.1805,50.7076,58.1805,3.7290,1,3.312,10.224
1339,DATA_20260323_100000.BIN,50.7076,63.2311,52.5633,63.2311,3.1460,1,2.796,2.814
1340,DATA_20260323_100000.BIN,52.5633,66.5751,51.6673,66.5751,3.1240,1,1.504,1.649
1341,DATA_20260323_100000.BIN,49.0151,58.1356,48.4419,58.1356,2.5850,1,6.662,6.676
1342,DATA_20260323_100000.BIN,48.4419,60.4048,44.5683,60.4048,5.8410,1,8.261,9.746
1343,DATA_20260323_100000.BIN,44.5683,78.7539,64.2288,78.7539,5.4340,1,8.048,9.443
1344,DATA_20260323_100000.BIN,64.2288,84.9041,51.0967,84.9041,5.7090,1,18.455,20.113
1345,DATA_20260323_100000.BIN,51.0967,71.3546,55.1711,71.3546,4.4220,1,3.413,4.213
1346,DATA_20260323_100000.BIN,52.9755,59.2475,46.7871,59.2475,2.6070,1,1.655,2.400
1347,DATA_20260323_100000.BIN,46.7871,85.4535,51.6045,85.4535,4.6750,1,6.306,10.684
1348,DATA_20260323_100000.BIN,51.6045,62.2078,51.7447,62.2078,1.4960,1,2.160,11.175
1349,DATA_20260323_100000.BIN,51.7447,58.2783,51.5824,58.2783,1.9690,1,0.189,0.577
1350,DATA_20260323_100000.BIN,51.5824,58.2411,49.9089,58.2411,1.0560,1,1.718,1.969
1351,DATA_20260323_100000.BIN,49.9089,66.9717,49.3856,66.9717,2.6180,1,3.529,7.186
1352,DATA_20260323_100000.BIN,49.3856,58.9278,52.3346,58.9278,2.3870,1,4.151,5.267
1353,DATA_20260323_100000.BIN,52.3346,83.8856,8.1860,83.8856,9.2070,1,1.464,1.756
1354,DATA_20260323_100000.BIN,16.4933,43.6642,37.4774,43.6642,2.1780,1,149.120,151.474
1355,DATA_20260323_100000.BIN,5.2561,10.2210,4.0139,10.2210,9.4490,1,112.829,140.345
1356,DATA_20260323_100000.BIN,3.7389,9.1150,2.8942,9.1150,4.4770,1,106.397,126.237
1357,DATA_20260323_100000.BIN,4.2408,10.4281,2.7852,10.4281,6.7760,1,98.852,115.419
1358,DATA_20260323_100000.BIN,2.7696,9.4976,2.2861,9.4976,5.1700,1,90.187,104.259
1359,DATA_20260323_100000.BIN,2.2861,7.0888,2.9260,7.0888,2.1010,1,83.034,94.328
1360,DATA_20260323_100000.BIN,4.2457,7.6581,4.5807,7.6581,6.1270,1,69.786,80.962
1361,DATA_20260323_100000.BIN,4.5807,8.8576,2.4889,8.8576,2.5080,1,65.173,72.471
1362,DATA_20260323_100000.BIN,2.4889,8.8945,4.9426,8.8945,5.1480,1,60.907,68.727
1363,DATA_20260323_100000.BIN,4.9426,8.3522,4.2592,8.3522,2.9480,1,52.549,59.294
1364,DATA_20260323_100000.BIN,4.1847,10.0378,6.3175,10.0378,2.5190,1,46.193,52.941
1365,DATA_20260323_100000.BIN,6.3175,11.3396,1.4295,11.3396,8.8990,1,37.882,43.342
1366,DATA_20260323_100000.BIN,1.4295,5.5335,1.5821,5.5335,8.4370,1,45.673,49.047
1367,DATA_20260323_100000.BIN,3.9035,8.1736,2.6336,8.1736,5.7530,1,35.809,39.664
1368,DATA_20260323_100000.BIN,3.2608,6.6675,2.9993,6.6675,4.2020,1,34.179,36.934
1369,DATA_20260323_100000.BIN,4.0954,7.4658,4.2121,7.4658,3.9380,1,31.132,34.349
1370,DATA_20260323_100000.BIN,3.1827,8.3272,4.8432,8.3272,3.5970,1,24.665,28.896
1371,DATA_20260323_100000.BIN,3.0774,6.6826,3.1450,6.6826,5.0820,1,22.663,26.547
1372,DATA_20260323_100000.BIN,3.1450,6.4638,1.7582,6.4638,3.7510,1,23.463,28.112
1373,DATA_20260323_100000.BIN,1.7582,9.7277,2.9197,9.7277,2.7720,1,22.166,23.520
1374,DATA_20260323_100000.BIN,2.9197,11.0395,3.1950,11.0395,4.9060,1,19.078,21.912
1375,DATA_20260323_100000.BIN,3.1950,11.4536,2.0458,11.4536,4.9830,1,14.338,16.647
1376,DATA_20260323_100000.BIN,2.2142,9.4202,2.3296,9.4202,8.0630,1,14.788,17.562
1377,DATA_20260323_100000.BIN,2.3296,11.6915,2.6729,11.6915,3.4760,1,14.270,14.936
1378,DATA_20260323_100000.BIN,1.1084,6.2370,1.5652,6.2370,3.2230,1,18.041,18.137
1379,DATA_20260323_100000.BIN,1.5652,6.6448,1.5542,6.6448,2.8710,1,16.841,17.584
1380,DATA_20260323_100000.BIN,0.4134,4.6610,0.6470,4.6610,4.1250,1,15.535,15.687
1381,DATA_20260323_100000.BIN,0.6470,5.2798,1.1064,5.2798,1.8590,1,17.942,18.103
1382,DATA_20260323_100000.BIN,1.1064,5.6734,2.1176,5.6734,2.2440,1,9.410,11.550
1383,DATA_20260323_100000.BIN,2.1176,10.8327,3.9055,10.8327,5.6210,1,6.195,10.503
1384,DATA_20260323_100000.BIN,3.9055,9.4123,2.2407,9.4123,3.5420,1,1.436,4.355
1385,DATA_20260323_100000.BIN,2.1065,7.1151,1.0320,7.1151,5.7420,1,3.799,5.455
1386,DATA_20260323_100000.BIN,1.7450,8.5508,3.8678,8.5508,2.5300,1,5.897,8.056
1387,DATA_20260323_100000.BIN,2.9611,9.2256,0.8237,9.2256,4.0480,1,1.886,4.055
1388,DATA_20260323_100000.BIN,0.8237,5.0842,1.7553,5.0842,5.6100,1,6.544,6.555
1389,DATA_20260323_100000.BIN,0.9856,4.7134,0.3063,4.7134,2.0460,1,9.095,9.126
1390,DATA_20260323_100000.BIN,0.3063,6.7477,0.9918,6.7477,1.6720,1,4.904,5.142
1391,DATA_20260323_100000.BIN,1.5098,6.3753,1.3721,6.3753,5.2470,1,1.978,3.901
1392,DATA_20260323_100000.BIN,1.3721,6.2473,1.3533,6.2473,3.9710,1,1.686,2.903
1393,DATA_20260323_100000.BIN,1.3533,6.5097,2.1134,6.5097,2.8050,1,1.884,2.471
1394,DATA_20260323_100000.BIN,5.8207,11.4298,3.8757,11.4298,6.3800,1,9.334,9.658
1395,DATA_20260323_100000.BIN,2.2698,12.1292,3.6983,12.1292,6.7980,1,1.046,1.052
1396,DATA_20260323_100000.BIN,3.6983,8.7238,3.0144,8.7238,5.6650,1,5.125,5.143
1397,DATA_20260323_100000.BIN,10.4098,15.4156,2.6637,15.4156,9.6360,1,13.267,15.149
1398,DATA_20260323_100000.BIN,2.6637,12.7001,5.8617,12.7001,4.2130,1,6.500,7.243
1399,DATA_20260323_100000.BIN,5.8617,11.8821,4.1104,11.8821,1.6060,1,8.776,8.777
1400,DATA_20260323_100000.BIN,4.1104,11.3310,4.1604,11.3310,2.6840,1,4.608,4.637
1401,DATA_20260323_100000.BIN,4.1604,9.4772,4.0462,9.4772,4.7740,1,7.502,7.552
1402,DATA_20260323_100000.BIN,4.0462,8.2019,2.7232,8.2019,4.7740,1,4.636,5.388
1403,DATA_20260323_100000.BIN,2.7232,8.2481,1.3519,8.2481,3.6410,1,2.807,2.813
1404,DATA_20260323_100000.BIN,1.8154,11.5309,7.8414,11.5309,4.2350,1,2.715,3.543
1405,DATA_20260323_100000.BIN,2.3700,6.3192,0.7081,6.3192,2.8160,1,1.091,1.127
1406,DATA_20260323_100000.BIN,0.7081,6.4100,0.6081,6.4100,1.3640,1,4.689,4.852
1407,DATA_20260323_100000.BIN,4.4580,10.1757,2.2926,10.1757,5.6430,1,4.206,4.846
1408,DATA_20260323_100000.BIN,2.2926,7.5383,2.3017,7.5383,2.2990,1,2.171,3.355
1409,DATA_20260323_100000.BIN,2.3017,6.6014,1.6449,6.6014,3.0910,1,0.768,1.601
1410,DATA_20260323_100000.BIN,1.6449,6.0300,1.1263,6.0300,8.2720,1,3.421,3.478
1411,DATA_20260323_100000.BIN,1.2902,8.0746,4.5795,8.0746,9.8120,1,3.160,3.593
1412,DATA_20260323_100000.BIN,1.0064,6.9813,1.8299,6.9813,1.8040,1,5.451,6.297
1413,DATA_20260323_100000.BIN,2.0715,6.1160,3.0377,6.1160,4.3340,1,1.146,2.631
1414,DATA_20260323_100000.BIN,3.9262,11.3525,2.9548,11.3525,8.8440,1,1.648,3.253
1415,DATA_20260323_100000.BIN,2.9548,6.7631,1.2937,6.7631,1.6280,1,3.028,3.029
1416,DATA_20260323_100000.BIN,1.2937,5.0133,0.9421,5.0133,6.7870,1,2.017,2.144
1417,DATA_20260323_100000.BIN,0.9421,5.4531,0.9799,5.4531,3.1900,1,2.231,2.445
1418,DATA_20260323_100000.BIN,0.5195,7.9981,3.7050,7.9981,4.0370,1,3.358,3.952
1419,DATA_20260323_100000.BIN,2.5180,7.2714,2.6099,7.2714,6.7430,1,2.651,2.680
1420,DATA_20260323_100000.BIN,1.7686,5.5781,1.4300,5.5781,6.3910,1,1.275,1.584
1421,DATA_20260323_100000.BIN,1.4300,9.2556,2.5181,9.2556,5.0600,1,4.942,5.123
1422,DATA_20260323_100000.BIN,2.5181,8.7047,0.4507,8.7047,3.6850,1,2.767,2.949
1423,DATA_20260323_100000.BIN,1.3143,13.8963,6.5952,13.8963,4.4660,1,3.191,3.202
1424,DATA_20260323_100000.BIN,5.3185,10.7206,4.9622,10.7206,4.3230,1,11.416,12.139
1425,DATA_20260323_100000.BIN,4.9622,9.8217,4.6393,9.8217,5.3680,1,8.690,8.789
1426,DATA_20260323_100000.BIN,4.6393,10.4773,5.5465,10.4773,5.0710,1,4.826,4.863
1427,DATA_20260323_100000.BIN,4.6088,10.1708,4.6553,10.1708,2.5740,1,5.646,6.293
1428,DATA_20260323_100000.BIN,4.6553,8.6842,4.4490,8.6842,1.5620,1,4.487,4.493
1429,DATA_20260323_100000.BIN,0.8474,6.8667,2.6372,6.8667,6.7650,1,4.411,4.590
1430,DATA_20260323_100000.BIN,2.6372,7.5446,2.4901,7.5446,4.0590,1,0.314,1.348
1431,DATA_20260323_100000.BIN,2.4901,9.2308,3.3161,9.2308,2.8820,1,0.397,1.623
1432,DATA_20260323_100000.BIN,3.3161,11.0048,3.0053,11.0048,4.4880,1,1.723,2.110
1433,DATA_20260323_100000.BIN,3.0053,8.1357,3.8727,8.1357,4.2900,1,0.860,1.434
1434,DATA_20260323_100000.BIN,2.1054,7.8453,3.7157,7.8453,2.5630,1,4.639,4.651
1435,DATA_20260323_100000.BIN,5.5971,9.3247,6.0470,9.3247,4.4440,1,3.001,5.380
1436,DATA_20260323_100000.BIN,2.1578,6.1311,1.7917,6.1311,3.5970,1,7.752,8.199
1437,DATA_20260323_100000.BIN,1.7917,8.3148,1.0174,8.3148,2.6840,1,6.231,7.770
1438,DATA_20260323_100000.BIN,1.9966,6.9477,1.0379,6.9477,2.0130,1,11.918,12.819
1439,DATA_20260323_100000.BIN,1.0379,5.7590,1.7273,5.7590,3.7620,1,11.532,12.894
1440,DATA_20260323_100000.BIN,1.1511,5.8892,1.5275,5.8892,5.4560,1,12.633,14.085
1441,DATA_20260323_100000.BIN,3.0820,7.9919,1.7279,7.9919,1.6500,1,5.211,5.216
1442,DATA_20260323_100000.BIN,0.0686,7.7687,2.9249,7.7687,5.7970,1,7.092,7.950
1443,DATA_20260323_100000.BIN,2.7607,9.9401,0.8509,9.9401,4.1140,1,2.675,2.980
1444,DATA_20260323_100000.BIN,0.8509,8.0700,3.5881,8.0700,3.7180,1,4.735,5.134
1445,DATA_20260323_100000.BIN,3.5881,8.1940,0.9595,8.1940,8.0300,1,6.573,7.539
1446,DATA_20260323_100000.BIN,0.9595,10.4709,4.3108,10.4709,3.1240,1,7.135,8.791
1447,DATA_20260323_100000.BIN,2.9156,6.2404,1.1548,6.2404,3.3990,1,8.757,9.348
1448,DATA_20260323_100000.BIN,2.2563,7.3579,2.4162,7.3579,7.3810,1,0.983,4.055
1449,DATA_20260323_100000.BIN,1.5143,5.4064,0.9810,5.4064,4.3230,1,4.234,4.966
1450,DATA_20260323_100000.BIN,2.5236,7.5098,1.1075,7.5098,5.1260,1,3.653,3.657
1451,DATA_20260323_100000.BIN,1.1075,9.5827,2.5959,9.5827,4.1140,1,4.339,4.541
1452,DATA_20260323_100000.BIN,4.4026,8.6611,1.9855,8.6611,2.9700,1,7.149,7.165
1453,DATA_20260323_100000.BIN,1.9855,6.1230,1.7347,6.1230,5.9290,1,3.431,4.042
1454,DATA_20260323_100000.BIN,1.6687,9.4371,4.7969,9.4371,7.0070,1,2.445,2.496
1455,DATA_20260323_100000.BIN,4.7969,7.6612,2.6476,7.6612,4.9610,1,7.916,8.005
1456,DATA_20260323_100000.BIN,1.6471,9.4613,2.4323,9.4613,9.5480,1,3.302,3.426
1457,DATA_20260323_100000.BIN,0.2576,7.2978,2.0193,7.2978,2.4530,1,4.817,5.699
1458,DATA_20260323_100000.BIN,2.4233,7.6781,1.7707,7.6781,3.1900,1,1.183,3.573
1459,DATA_20260323_100000.BIN,1.4561,10.1309,3.3375,10.1309,5.8520,1,9.761,12.346
1460,DATA_20260323_100000.BIN,0.9393,6.6330,2.1172,6.6330,2.7830,1,11.430,13.589
1461,DATA_20260323_100000.BIN,2.1172,8.1220,2.2142,8.1220,5.8740,1,6.375,6.450
1462,DATA_20260323_100000.BIN,2.5695,8.8512,0.3089,8.8512,9.8340,1,9.238,9.577
1463,DATA_20260323_100000.BIN,0.3089,6.7575,2.9196,6.7575,6.5230,1,5.125,6.126
1464,DATA_20260323_100000.BIN,1.2031,7.1310,2.3504,7.1310,6.7320,1,2.731,2.835
1465,DATA_20260323_100000.BIN,2.3504,7.0828,1.7831,7.0828,2.7280,1,4.255,5.464
1466,DATA_20260323_100000.BIN,1.7831,9.4761,4.8116,9.4761,5.1590,1,5.531,5.718
1467,DATA_20260323_100000.BIN,4.8579,9.8686,0.8634,9.8686,8.6240,1,8.052,8.116
1468,DATA_20260323_100000.BIN,0.2073,4.8212,0.3244,4.8212,4.7410,1,2.656,2.838
1469,DATA_20260323_100000.BIN,1.4356,6.9328,3.1179,6.9328,7.9090,1,2.997,3.133
1470,DATA_20260323_100000.BIN,0.3946,7.4842,1.4544,7.4842,3.7180,1,3.937,4.743
1471,DATA_20260323_100000.BIN,0.7803,6.2544,0.0566,6.2544,2.2770,1,1.213,1.593
1472,DATA_20260323_100000.BIN,0.0566,10.5025,1.0883,10.5025,7.1280,1,2.360,2.476
1473,DATA_20260323_100000.BIN,1.1654,8.5212,1.7472,8.5212,4.8620,1,3.225,4.935
1474,DATA_20260323_100000.BIN,1.7472,6.0991,2.0335,6.0991,5.0490,1,4.420,4.563
1475,DATA_20260323_100000.BIN,2.0335,8.5784,0.7739,8.5784,4.3230,1,2.230,2.969
1476,DATA_20260323_100000.BIN,0.3351,4.6175,1.3507,4.6175,1.8700,1,10.786,13.490
1477,DATA_20260323_100000.BIN,1.3507,8.1001,2.0567,8.1001,7.1940,1,2.383,2.713
1478,DATA_20260323_100000.BIN,2.0567,5.7583,1.1957,5.7583,2.8710,1,6.862,9.063
1479,DATA_20260323_100000.BIN,1.1957,7.9997,2.5572,7.9997,6.7210,1,1.068,1.734
1480,DATA_20260323_100000.BIN,2.5572,8.0912,1.4356,8.0912,8.6900,1,11.733,12.628
1481,DATA_20260323_100000.BIN,1.4356,9.8679,6.7330,9.8679,5.4890,1,5.397,7.680
1482,DATA_20260323_100000.BIN,6.7330,11.3083,5.4322,11.3083,4.7080,1,13.426,13.520
1483,DATA_20260323_100000.BIN,4.1541,9.5792,5.2857,9.5792,3.5310,1,6.366,6.508
1484,DATA_20260323_100000.BIN,5.2430,8.9896,2.8046,8.9896,8.3490,1,6.503,7.077
1485,DATA_20260323_100000.BIN,3.9129,8.8930,4.0474,8.8930,7.7000,1,3.574,3.673
1486,DATA_20260323_100000.BIN,4.6409,9.8178,3.6087,9.8178,1.7380,1,8.156,8.182
1487,DATA_20260323_100000.BIN,2.5311,7.8704,1.8363,7.8704,6.7760,1,1.667,2.112
1488,DATA_20260323_110000.BIN,8.3237,17.8113,10.1634,17.8113,3.8170,1,8.562,8.562
1489,DATA_20260323_110000.BIN,11.9695,15.5245,8.8890,15.5245,7.3370,1,8.035,8.328
1490,DATA_20260323_110000.BIN,7.3640,16.9458,7.1998,16.9458,8.0960,1,13.428,13.656
1491,DATA_20260323_110000.BIN,4.8047,13.8395,6.0197,13.8395,3.9600,1,9.194,9.200
1492,DATA_20260323_110000.BIN,6.0197,16.0649,8.0594,16.0649,7.9860,1,6.783,7.419
1493,DATA_20260323_110000.BIN,8.0594,16.2805,11.7611,16.2805,4.4770,1,4.844,7.064
1494,DATA_20260323_110000.BIN,5.4841,11.3369,3.6765,11.3369,4.8070,1,5.745,5.813
1495,DATA_20260323_110000.BIN,11.1287,24.0145,12.4746,24.0145,7.9310,1,10.361,10.967
1496,DATA_20260323_110000.BIN,10.9149,18.0469,3.6303,18.0469,6.3030,1,8.291,8.625
1497,DATA_20260323_110000.BIN,3.6303,16.6223,9.8300,16.6223,4.4550,1,8.029,9.222
1498,DATA_20260323_110000.BIN,11.4149,17.8824,10.4673,17.8824,9.2070,1,4.252,6.207
1499,DATA_20260323_110000.BIN,7.8341,13.4998,7.0831,13.4998,2.8710,1,4.547,6.686
1500,DATA_20260323_110000.BIN,7.2793,14.6783,1.7432,14.6783,4.4880,1,3.480,5.883
1501,DATA_20260323_110000.BIN,1.7432,10.9969,4.8329,10.9969,2.8600,1,11.843,12.083
1502,DATA_20260323_110000.BIN,5.4510,12.0036,4.4572,12.0036,2.6180,1,7.219,7.438
1503,DATA_20260323_110000.BIN,4.4572,12.5797,6.5799,12.5797,1.7930,1,3.816,5.526
1504,DATA_20260323_110000.BIN,6.5799,14.1034,5.4392,14.1034,3.8390,1,6.231,6.858
1505,DATA_20260323_110000.BIN,5.4392,11.8877,4.9347,11.8877,1.1880,1,5.483,6.078
1506,DATA_20260323_110000.BIN,3.6245,9.0593,3.2397,9.0593,3.7070,1,3.847,4.252
1507,DATA_20260323_110000.BIN,3.2397,9.5012,1.4594,9.5012,4.2790,1,4.941,4.951
1508,DATA_20260323_110000.BIN,1.4594,14.2968,3.9517,14.2968,8.2390,1,7.116,7.190
1509,DATA_20260323_110000.BIN,3.9517,10.2745,3.2311,10.2745,1.7490,1,8.048,8.480
1510,DATA_20260323_110000.BIN,3.2311,12.6194,2.4615,12.6194,6.9850,1,1.593,2.786
1511,DATA_20260323_110000.BIN,2.4615,14.8505,6.3003,14.8505,5.4230,1,2.463,2.551
1512,DATA_20260323_110000.BIN,6.3003,13.3267,5.4639,13.3267,3.0690,1,2.396,3.155
1513,DATA_20260323_110000.BIN,5.4639,13.2208,5.4744,13.2208,5.2690,1,4.634,4.645
1514,DATA_20260323_110000.BIN,5.4744,14.7956,9.8319,14.7956,5.6100,1,2.105,3.677
1515,DATA_20260323_110000.BIN,5.5938,10.9539,4.4447,10.9539,2.5520,1,3.398,4.848
1516,DATA_20260323_110000.BIN,4.4447,12.9864,4.8063,12.9864,2.8710,1,3.392,5.439
1517,DATA_20260323_110000.BIN,4.8063,10.3311,6.6440,10.3311,6.3030,1,0.201,8.069
1518,DATA_20260323_110000.BIN,2.7289,8.3838,3.4029,8.3838,2.8050,1,4.454,5.569
1519,DATA_20260323_110000.BIN,4.9317,12.1627,7.4928,12.1627,2.7280,1,3.358,3.425
1520,DATA_20260323_110000.BIN,7.4928,13.2259,2.1624,13.2259,4.6420,1,3.926,4.623
1521,DATA_20260323_110000.BIN,2.1624,12.6637,1.9521,12.6637,1.9800,1,4.194,4.282
1522,DATA_20260323_110000.BIN,1.9521,15.7555,6.5860,15.7555,4.1140,1,4.066,4.077
1523,DATA_20260323_110000.BIN,6.5860,13.4874,6.3596,13.4874,2.3210,1,3.209,3.333
1524,DATA_20260323_110000.BIN,5.1767,10.3435,4.4530,10.3435,1.2540,1,1.021,2.972
1525,DATA_20260323_110000.BIN,3.7112,10.3083,4.3290,10.3083,1.6280,1,2.671,4.487
1526,DATA_20260323_110000.BIN,4.3290,9.8127,3.9493,9.8127,1.2540,1,1.262,1.423
1527,DATA_20260323_110000.BIN,6.7109,15.6014,3.5541,15.6014,4.9940,1,2.885,4.499
1528,DATA_20260323_110000.BIN,3.6668,10.4777,0.9075,10.4777,8.2940,1,1.514,3.361
1529,DATA_20260323_110000.BIN,1.8872,8.7053,4.4481,8.7053,8.3600,1,3.611,4.515
1530,DATA_20260323_110000.BIN,4.9372,8.3996,3.6224,8.3996,3.3880,1,5.571,8.159
1531,DATA_20260323_110000.BIN,1.7466,11.7947,2.1694,11.7947,4.5210,1,3.296,3.458
1532,DATA_20260323_110000.BIN,8.0931,14.4269,5.2963,14.4269,1.3640,1,5.985,7.740
1533,DATA_20260323_110000.BIN,1.2329,13.1844,5.7695,13.1844,5.5220,1,4.062,4.355
1534,DATA_20260323_110000.BIN,5.7695,12.5043,5.6455,12.5043,3.0250,1,5.704,5.709
1535,DATA_20260323_110000.BIN,5.6455,11.7529,1.2927,11.7529,7.5900,1,4.620,6.288
1536,DATA_20260323_110000.BIN,1.2927,10.4781,4.6383,10.4781,5.6870,1,3.158,6.480
1537,DATA_20260323_110000.BIN,4.6383,10.0238,3.8478,10.0238,1.2210,1,1.681,2.031
1538,DATA_20260323_110000.BIN,3.8478,13.3690,5.4421,13.3690,3.1240,1,1.159,1.201
1539,DATA_20260323_110000.BIN,5.4421,13.2035,0.9564,13.2035,4.6640,1,2.422,2.623
1540,DATA_20260323_110000.BIN,0.9564,9.7941,2.6960,9.7941,4.6640,1,3.378,3.387
1541,DATA_20260323_110000.BIN,2.6960,9.9288,4.6013,9.9288,3.5640,1,2.843,4.037
1542,DATA_20260323_110000.BIN,0.9864,7.4147,2.1495,7.4147,2.4200,1,2.886,2.921
1543,DATA_20260323_110000.BIN,2.1495,9.4806,1.3442,9.4806,2.5850,1,2.305,2.822
1544,DATA_20260323_110000.BIN,5.8363,16.1764,3.8403,16.1764,5.1040,1,5.005,5.295
1545,DATA_20260323_110000.BIN,3.8403,12.2371,5.2723,12.2371,1.0890,1,1.027,1.400
1546,DATA_20260323_110000.BIN,3.0924,10.4675,4.8773,10.4675,1.2210,1,0.519,1.848
1547,DATA_20260323_110000.BIN,4.8773,14.7536,3.7468,14.7536,4.4330,1,2.283,4.684
1548,DATA_20260323_110000.BIN,3.4485,9.1553,2.0884,9.1553,3.8610,1,0.559,4.576
1549,DATA_20260323_110000.BIN,2.4140,8.3620,1.7063,8.3620,8.6240,1,7.020,8.834
1550,DATA_20260323_110000.BIN,1.7063,6.1932,0.4432,6.1932,4.1360,1,5.746,8.984
1551,DATA_20260323_110000.BIN,0.4432,6.1759,0.9387,6.1759,4.7850,1,2.295,2.565
1552,DATA_20260323_110000.BIN,0.9387,18.3035,0.5509,18.3035,7.7880,1,1.762,3.671
1553,DATA_20260323_110000.BIN,1.4025,8.1216,1.5372,8.1216,3.4100,1,2.438,8.317
1554,DATA_20260323_110000.BIN,2.2034,11.5490,1.8570,11.5490,8.2830,1,0.348,1.207
1555,DATA_20260323_110000.BIN,0.4323,7.5176,1.8957,7.5176,8.0410,1,2.144,4.027
1556,DATA_20260323_110000.BIN,5.3098,11.6660,1.6443,11.6660,2.0350,1,4.657,5.569
1557,DATA_20260323_110000.BIN,2.3517,13.1561,1.6071,13.1561,3.2340,1,2.756,2.797
1558,DATA_20260323_110000.BIN,2.9243,13.2219,4.0576,13.2219,4.4000,1,2.876,2.989
1559,DATA_20260323_110000.BIN,6.7072,12.4610,6.7447,12.4610,1.4190,1,5.807,10.670
1560,DATA_20260323_110000.BIN,6.7447,13.0353,2.1168,13.0353,4.2790,1,5.045,5.170
1561,DATA_20260323_110000.BIN,2.1168,6.9226,0.1822,6.9226,2.4860,1,2.192,5.618
1562,DATA_20260323_110000.BIN,2.5002,8.9761,1.3243,8.9761,3.8170,1,3.913,4.364
1563,DATA_20260323_110000.BIN,2.3029,14.2382,2.3846,14.2382,4.3890,1,0.189,1.563
1564,DATA_20260323_110000.BIN,2.3846,9.4135,1.5594,9.4135,4.4550,1,3.859,5.292
1565,DATA_20260323_110000.BIN,0.6970,6.8678,1.0593,6.8678,3.5420,1,3.132,4.633
1566,DATA_20260323_110000.BIN,1.0593,15.1476,3.3427,15.1476,4.5870,1,4.766,9.171
1567,DATA_20260323_110000.BIN,3.3427,9.5500,2.6598,9.5500,1.2320,1,1.946,2.084
1568,DATA_20260323_110000.BIN,2.9188,9.5644,2.4161,9.5644,4.8840,1,1.573,2.442
1569,DATA_20260323_110000.BIN,2.4161,8.7464,1.9963,8.7464,1.1880,1,1.116,1.658
1570,DATA_20260323_110000.BIN,4.1603,12.6971,6.0746,12.6971,1.7160,1,2.966,2.970
1571,DATA_20260323_110000.BIN,0.4228,6.3399,1.2500,6.3399,3.4650,1,3.154,3.294
1572,DATA_20260323_110000.BIN,1.2500,6.1283,0.9322,6.1283,1.4300,1,1.981,2.654
1573,DATA_20260323_110000.BIN,0.2236,6.3802,1.7248,6.3802,2.1120,1,2.721,7.473
1574,DATA_20260323_110000.BIN,0.9028,7.3708,0.6228,7.3708,1.1440,1,0.910,2.674
1575,DATA_20260323_110000.BIN,0.6228,7.1663,0.7359,7.1663,1.1000,1,1.615,1.966
1576,DATA_20260323_110000.BIN,0.8576,8.7237,0.6411,8.7237,3.8610,1,1.889,1.909
1577,DATA_20260323_110000.BIN,0.4954,6.9936,0.5632,6.9936,1.1110,1,1.083,1.546
1578,DATA_20260323_110000.BIN,0.8367,7.0679,0.7561,7.0679,1.1660,1,1.932,2.717
1579,DATA_20260323_110000.BIN,0.2033,6.6105,0.2476,6.6105,1.1770,1,1.160,2.196
1580,DATA_20260323_110000.BIN,0.6103,9.3115,0.1158,9.3115,7.3480,1,1.960,1.963
1581,DATA_20260323_110000.BIN,0.4671,7.3675,1.4423,7.3675,1.4190,1,1.912,3.607
1582,DATA_20260323_110000.BIN,1.2746,11.1264,2.4894,11.1264,7.4360,1,0.488,4.212
1583,DATA_20260323_110000.BIN,2.4894,12.6079,0.8050,12.6079,5.2690,1,5.069,8.493
1584,DATA_20260323_110000.BIN,0.8050,14.8559,2.6591,14.8559,8.8880,1,0.436,3.566
1585,DATA_20260323_110000.BIN,2.6591,6.8054,2.1964,6.8054,2.5630,1,4.780,7.809
1586,DATA_20260323_110000.BIN,2.1964,9.0986,1.4980,9.0986,3.8940,1,2.507,2.515
1587,DATA_20260323_110000.BIN,3.2370,10.6493,1.4250,10.6493,3.3550,1,3.981,5.194
1588,DATA_20260323_110000.BIN,0.9072,6.5586,1.4056,6.5586,5.1480,1,0.594,1.003
1589,DATA_20260323_110000.BIN,1.4185,8.7848,1.2863,8.7848,6.9520,1,1.740,2.054
1590,DATA_20260323_110000.BIN,1.2863,8.4110,2.7034,8.4110,3.0690,1,1.060,1.598
1591,DATA_20260323_110000.BIN,2.7034,11.6386,3.7641,11.6386,9.8120,1,2.929,3.466
1592,DATA_20260323_110000.BIN,3.7641,11.4647,5.7124,11.4647,8.6680,1,3.623,4.912
1593,DATA_20260323_110000.BIN,2.3363,10.3971,3.2190,10.3971,4.9940,1,5.328,12.263
1594,DATA_20260323_110000.BIN,3.2190,19.6551,10.1642,19.6551,4.5320,1,2.797,2.943
1595,DATA_20260323_110000.BIN,10.1642,14.0572,6.0710,14.0572,5.1700,1,10.188,10.718
1596,DATA_20260323_110000.BIN,6.0710,14.0092,5.0354,14.0092,2.7060,1,5.166,5.436
1597,DATA_20260323_110000.BIN,5.0354,17.7759,11.6912,17.7759,2.4420,1,4.638,7.263
1598,DATA_20260323_110000.BIN,11.6912,16.8813,4.8045,16.8813,1.8590,1,11.435,15.107
1599,DATA_20260323_110000.BIN,4.8045,14.8050,4.4226,14.8050,4.5210,1,5.535,5.573
1600,DATA_20260323_110000.BIN,4.4226,11.7671,3.3395,11.7671,1.8920,1,4.753,4.754
1601,DATA_20260323_110000.BIN,3.3395,11.2059,4.8304,11.2059,1.5290,1,1.046,4.739
1602,DATA_20260323_110000.BIN,1.5047,8.0123,1.6269,8.0123,3.0690,1,4.286,4.299
1603,DATA_20260323_110000.BIN,6.3376,12.3217,1.5338,12.3217,3.5420,1,3.622,8.752
1604,DATA_20260323_110000.BIN,1.5338,7.7304,1.0386,7.7304,2.1560,1,3.997,7.293
1605,DATA_20260323_110000.BIN,2.5930,7.4340,0.3081,7.4340,1.5400,1,5.346,5.944
1606,DATA_20260323_110000.BIN,0.3081,6.7270,0.8277,6.7270,1.2430,1,3.048,3.070
1607,DATA_20260323_110000.BIN,0.6539,8.8939,0.8756,8.8939,4.9390,1,3.346,5.819
1608,DATA_20260323_110000.BIN,3.9772,8.7981,4.6207,8.7981,7.0180,1,3.391,7.536
1609,DATA_20260323_110000.BIN,4.6207,10.7854,5.8855,10.7854,3.5310,1,5.516,6.254
1610,DATA_20260323_110000.BIN,5.8952,10.1923,5.1925,10.1923,3.0140,1,5.760,5.763
1611,DATA_20260323_110000.BIN,5.1925,11.8394,6.0379,11.8394,7.5020,1,4.566,4.831
1612,DATA_20260323_110000.BIN,6.0379,11.5502,3.6977,11.5502,7.8210,1,4.496,4.870
1613,DATA_20260323_110000.BIN,1.2718,7.2977,1.1854,7.2977,5.5110,1,2.252,3.608
1614,DATA_20260323_110000.BIN,1.1854,11.8307,1.7370,11.8307,2.4750,1,1.932,2.351
1615,DATA_20260323_110000.BIN,0.6977,15.6010,11.0413,15.6010,8.3930,1,1.841,3.618
1616,DATA_20260323_110000.BIN,11.0413,15.5337,10.0663,15.5337,6.2260,1,10.796,12.239
1617,DATA_20260323_110000.BIN,10.0663,16.3278,10.3894,16.3278,6.0060,1,9.244,9.600
1618,DATA_20260323_110000.BIN,10.3894,15.9914,11.8413,15.9914,6.5560,1,7.658,8.538
1619,DATA_20260323_110000.BIN,11.2430,15.8664,10.1012,15.8664,1.6500,1,9.185,9.200
1620,DATA_20260323_110000.BIN,3.7957,10.5592,1.5490,10.5592,3.1900,1,1.074,9.927
1621,DATA_20260323_110000.BIN,1.5490,11.0278,2.2331,11.0278,3.4430,1,3.648,3.705
1622,DATA_20260323_110000.BIN,1.9529,10.6093,3.3335,10.6093,6.9080,1,3.370,3.958
1623,DATA_20260323_110000.BIN,2.0333,8.4089,1.7598,8.4089,2.7390,1,6.167,6.174
1624,DATA_20260323_110000.BIN,1.7598,11.0805,0.4708,11.0805,3.0910,1,4.093,4.893
1625,DATA_20260323_110000.BIN,0.4708,7.9341,1.6735,7.9341,8.2830,1,4.290,4.481
1626,DATA_20260323_110000.BIN,1.6735,7.6723,0.6950,7.6723,5.9290,1,2.707,3.194
1627,DATA_20260323_110000.BIN,1.4277,8.6000,1.7489,8.6000,3.1790,1,1.705,1.705
1628,DATA_20260323_110000.BIN,1.7489,8.5395,3.1748,8.5395,5.3900,1,1.111,1.771
1629,DATA_20260323_110000.BIN,7.0401,11.5950,6.7050,11.5950,4.0700,1,6.566,8.080
1630,DATA_20260323_110000.BIN,6.7050,14.6211,6.2291,14.6211,6.5450,1,5.197,5.251
1631,DATA_20260323_110000.BIN,6.2291,13.1425,4.4926,13.1425,4.5760,1,5.164,5.497
1632,DATA_20260323_110000.BIN,4.4926,10.3933,2.2910,10.3933,2.3430,1,2.318,4.579
1633,DATA_20260323_110000.BIN,2.2910,11.8858,2.9365,11.8858,2.3210,1,2.619,5.262
1634,DATA_20260323_110000.BIN,2.9365,13.0786,8.0838,13.0786,3.0910,1,4.118,4.346
1635,DATA_20260323_110000.BIN,11.1960,15.6669,4.9046,15.6669,5.7310,1,11.603,11.644
1636,DATA_20260323_110000.BIN,4.9046,8.8009,4.3027,8.8009,3.3990,1,1.217,4.902
1637,DATA_20260323_110000.BIN,1.4564,8.4143,3.5338,8.4143,3.5200,1,1.982,4.692
1638,DATA_20260323_110000.BIN,3.5338,7.4489,3.6796,7.4489,2.0680,1,2.396,4.028
1639,DATA_20260323_110000.BIN,3.6796,7.5098,2.0368,7.5098,3.3330,1,2.230,3.706
1640,DATA_20260323_110000.BIN,2.0368,8.7839,2.7349,8.7839,5.9290,1,1.592,1.916
1641,DATA_20260323_110000.BIN,2.7349,11.1718,5.4529,11.1718,1.2760,1,0.626,0.809
1642,DATA_20260323_110000.BIN,4.9151,9.9453,2.3773,9.9453,4.8180,1,2.293,3.553
1643,DATA_20260323_110000.BIN,2.3773,7.4051,2.0381,7.4051,8.3050,1,3.356,4.027
1644,DATA_20260323_110000.BIN,2.0381,12.3928,5.8861,12.3928,5.9070,1,3.569,3.591
1645,DATA_20260323_110000.BIN,7.9111,16.2842,10.4559,16.2842,7.6890,1,9.746,12.158
1646,DATA_20260323_110000.BIN,10.4559,19.6678,3.0229,19.6678,5.5220,1,8.177,8.361
1647,DATA_20260323_110000.BIN,3.2197,11.0182,0.8511,11.0182,2.1450,1,2.264,6.002
1648,DATA_20260323_110000.BIN,0.8511,13.1678,5.2548,13.1678,8.1290,1,5.459,6.259
1649,DATA_20260323_110000.BIN,1.7170,8.8981,1.7418,8.8981,3.9600,1,3.052,4.809
1650,DATA_20260323_110000.BIN,1.7418,7.1294,1.8432,7.1294,3.6850,1,1.782,3.031
1651,DATA_20260323_110000.BIN,1.8432,8.8913,4.0787,8.8913,2.9700,1,4.248,5.290
1652,DATA_20260323_110000.BIN,4.0787,9.1434,5.1398,9.1434,3.1020,1,3.749,7.350
1653,DATA_20260323_110000.BIN,2.8181,14.6486,3.9292,14.6486,7.9750,1,2.566,2.567
1654,DATA_20260323_110000.BIN,4.0797,11.2221,1.5245,11.2221,4.2900,1,1.879,1.937
1655,DATA_20260323_110000.BIN,0.3868,6.8984,2.2527,6.8984,3.6300,1,2.235,5.393
1656,DATA_20260323_110000.BIN,3.2093,14.0784,8.4498,14.0784,5.1040,1,1.136,1.205
1657,DATA_20260323_110000.BIN,2.2777,8.2464,1.2678,8.2464,3.6740,1,0.742,1.689
1658,DATA_20260323_110000.BIN,1.2678,8.1071,2.5963,8.1071,1.6170,1,3.333,7.352
1659,DATA_20260323_110000.BIN,2.5963,8.2443,0.9455,8.2443,2.2440,1,1.318,3.845
1660,DATA_20260323_110000.BIN,1.3536,6.8609,0.9800,6.8609,1.1880,1,2.011,3.928
1661,DATA_20260323_110000.BIN,0.9800,6.8623,1.2154,6.8623,1.1990,1,2.340,3.290
1662,DATA_20260323_110000.BIN,0.3161,9.8724,5.2435,9.8724,3.2450,1,2.309,2.325
1663,DATA_20260323_110000.BIN,0.5886,6.4423,0.9233,6.4423,5.3900,1,1.878,2.389
1664,DATA_20260323_110000.BIN,1.2424,6.2836,0.3618,6.2836,5.6650,1,3.931,4.506
1665,DATA_20260323_110000.BIN,11.9717,18.0769,12.4950,18.0769,3.7400,1,12.436,12.457
1666,DATA_20260323_110000.BIN,12.4950,17.5840,9.6014,17.5840,3.0140,1,11.726,11.728
1667,DATA_20260323_110000.BIN,0.8018,10.7288,3.3453,10.7288,7.7220,1,3.006,4.211
1668,DATA_20260323_110000.BIN,3.3453,8.4965,0.6658,8.4965,3.9820,1,5.454,5.916
1669,DATA_20260323_110000.BIN,0.6658,6.9272,1.6685,6.9272,6.8640,1,3.851,4.447
1670,DATA_20260323_110000.BIN,1.6685,8.4852,1.0609,8.4852,4.7080,1,2.686,3.714
1671,DATA_20260323_110000.BIN,1.0609,6.1417,0.8122,6.1417,7.3150,1,4.067,4.356
1672,DATA_20260323_110000.BIN,1.6310,8.9844,0.4339,8.9844,7.6010,1,3.963,4.194
1673,DATA_20260323_110000.BIN,0.4339,5.1566,0.9561,5.1566,3.4540,1,1.366,7.781
1674,DATA_20260323_110000.BIN,0.9561,8.6139,0.9880,8.6139,6.5450,1,2.276,4.525
1675,DATA_20260323_110000.BIN,0.9880,6.2073,1.8934,6.2073,5.2360,1,2.383,2.496
1676,DATA_20260323_110000.BIN,1.8934,5.8005,0.2725,5.8005,3.1680,1,3.955,4.566
1677,DATA_20260323_110000.BIN,0.7704,10.1649,0.5429,10.1649,9.1740,1,1.718,3.759
1678,DATA_20260323_110000.BIN,0.5429,4.6939,0.2871,4.6939,5.9730,1,0.714,1.146
1679,DATA_20260323_110000.BIN,1.0770,5.4790,1.0762,5.4790,1.8480,1,1.941,2.225
1680,DATA_20260323_110000.BIN,1.0762,9.8728,1.7683,9.8728,3.0690,1,2.532,3.093
1681,DATA_20260323_110000.BIN,8.3172,14.5971,1.0827,14.5971,4.0370,1,10.465,11.922
1682,DATA_20260323_110000.BIN,1.9958,6.4528,0.7300,6.4528,6.4020,1,3.485,3.814
1683,DATA_20260323_110000.BIN,0.7300,7.0320,2.3854,7.0320,5.3460,1,2.953,5.447
1684,DATA_20260323_110000.BIN,8.7462,12.7957,5.4860,12.7957,2.2660,1,10.911,11.281
1685,DATA_20260323_110000.BIN,5.4860,10.2112,3.7554,10.2112,2.4200,1,6.957,7.358
1686,DATA_20260323_110000.BIN,3.7554,10.4504,0.7326,10.4504,4.3890,1,3.426,3.563
1687,DATA_20260323_110000.BIN,3.4061,8.2522,3.6674,8.2522,2.1450,1,3.621,5.683
1688,DATA_20260323_110000.BIN,3.6674,12.3350,1.1490,12.3350,3.8610,1,3.217,4.536
1689,DATA_20260323_110000.BIN,1.1490,8.6622,2.9635,8.6622,4.9390,1,2.330,3.089
1690,DATA_20260323_110000.BIN,2.9635,10.4349,1.3090,10.4349,4.0480,1,2.783,3.011
1691,DATA_20260323_110000.BIN,1.8172,6.4049,0.2051,6.4049,4.6310,1,3.509,6.116
1692,DATA_20260323_110000.BIN,0.7278,8.1374,1.6220,8.1374,3.8720,1,1.402,3.032
1693,DATA_20260323_110000.BIN,1.6220,7.7113,4.0272,7.7113,9.8450,1,3.441,3.697
1694,DATA_20260323_110000.BIN,4.0272,7.7344,1.6624,7.7344,3.4650,1,5.236,5.945
1695,DATA_20260323_110000.BIN,1.1966,5.8122,0.4169,5.8122,2.7280,1,1.176,1.587
1696,DATA_20260323_110000.BIN,0.4169,11.4171,0.6786,11.4171,3.5860,1,2.125,5.057
1697,DATA_20260323_110000.BIN,0.6786,6.5205,1.2345,6.5205,1.6940,1,0.991,1.773
1698,DATA_20260323_110000.BIN,1.2345,5.7079,0.9941,5.7079,4.4770,1,1.057,5.691
1699,DATA_20260323_110000.BIN,4.4107,8.2862,3.0963,8.2862,4.3560,1,4.154,9.502
1700,DATA_20260323_110000.BIN,3.0963,8.0893,2.0235,8.0893,2.9700,1,2.385,4.177
1701,DATA_20260323_110000.BIN,2.8360,7.6956,2.6965,7.6956,5.8850,1,2.655,2.758
1702,DATA_20260323_110000.BIN,4.7324,9.3222,4.5212,9.3222,3.3000,1,5.151,6.329
1703,DATA_20260323_110000.BIN,4.5212,10.7870,1.8552,10.7870,6.7650,1,4.903,6.697
1704,DATA_20260323_110000.BIN,6.1170,11.1394,3.3429,11.1394,4.0370,1,6.341,6.915
1705,DATA_20260323_110000.BIN,3.6676,10.1373,4.4601,10.1373,7.8210,1,2.728,2.988
1706,DATA_20260323_110000.BIN,2.7949,9.7289,2.7002,9.7289,4.4330,1,0.563,2.479
1707,DATA_20260323_110000.BIN,4.2506,11.7755,3.8604,11.7755,6.0830,1,4.587,4.856
1708,DATA_20260323_110000.BIN,2.5728,7.6231,2.7183,7.6231,3.5970,1,0.364,3.621
1709,DATA_20260323_110000.BIN,2.9350,6.8726,2.5084,6.8726,3.6850,1,0.407,2.975
1710,DATA_20260323_110000.BIN,3.2899,8.0566,2.5757,8.0566,5.2250,1,2.142,3.872
1711,DATA_20260323_110000.BIN,2.6077,12.1411,0.7858,12.1411,8.0410,1,1.717,4.146
1712,DATA_20260323_110000.BIN,0.7858,8.6958,2.2198,8.6958,2.6180,1,1.419,4.089
1713,DATA_20260323_110000.BIN,2.2198,8.1080,2.1357,8.1080,3.9600,1,0.683,4.143
1714,DATA_20260323_110000.BIN,3.2506,9.6310,0.6314,9.6310,3.8720,1,8.210,11.412
1715,DATA_20260323_110000.BIN,4.6306,11.2744,4.1114,11.2744,4.5430,1,7.587,7.811
1716,DATA_20260323_110000.BIN,4.1114,9.8162,1.8541,9.8162,5.0820,1,6.414,6.986
1717,DATA_20260323_110000.BIN,1.8541,10.0882,4.4066,10.0882,5.4890,1,1.940,6.598
1718,DATA_20260323_110000.BIN,4.4066,8.9236,3.3682,8.9236,8.1620,1,6.557,8.421
1719,DATA_20260323_110000.BIN,3.3682,9.8883,3.9868,9.8883,8.6680,1,2.699,2.699
1720,DATA_20260323_110000.BIN,1.0097,9.1889,1.4076,9.1889,2.0680,1,3.030,9.990
1721,DATA_20260323_110000.BIN,1.4076,12.9470,0.6495,12.9470,8.8000,1,0.891,1.347
1722,DATA_20260323_110000.BIN,4.5765,11.8089,1.3934,11.8089,6.4570,1,4.328,4.777
1723,DATA_20260323_110000.BIN,1.3934,9.3936,4.0936,9.3936,4.8180,1,3.194,4.248
1724,DATA_20260323_110000.BIN,4.0936,12.9851,2.3049,12.9851,7.7110,1,3.463,3.790
1725,DATA_20260323_110000.BIN,1.8552,7.9295,2.3105,7.9295,9.6470,1,1.245,7.257
1726,DATA_20260323_110000.BIN,2.3105,6.7416,1.8428,6.7416,5.3130,1,2.734,2.947
1727,DATA_20260323_110000.BIN,5.0863,11.2352,5.7836,11.2352,5.2140,1,5.083,6.412
1728,DATA_20260323_110000.BIN,1.2970,7.4520,2.1183,7.4520,6.0280,1,3.870,4.932
1729,DATA_20260323_110000.BIN,2.1183,6.6611,2.4687,6.6611,4.3780,1,0.766,3.574
1730,DATA_20260323_110000.BIN,1.1258,6.6541,0.4449,6.6541,4.8400,1,2.925,12.421
1731,DATA_20260323_110000.BIN,0.4449,7.1613,0.4303,7.1613,4.5320,1,2.576,8.982
1732,DATA_20260323_110000.BIN,0.4303,10.6202,3.1906,10.6202,8.6020,1,3.114,11.316
1733,DATA_20260323_110000.BIN,4.9524,8.7576,2.6990,8.7576,8.1950,1,3.510,7.152
1734,DATA_20260323_110000.BIN,2.6990,10.5567,3.3911,10.5567,8.3490,1,3.094,6.647
1735,DATA_20260323_110000.BIN,3.3911,9.5373,4.2929,9.5373,2.3100,1,2.974,4.366
1736,DATA_20260323_110000.BIN,4.2929,12.1686,6.3026,12.1686,6.8420,1,3.062,4.254
1737,DATA_20260323_110000.BIN,6.3026,13.1574,4.0757,13.1574,3.3990,1,5.876,6.029
1738,DATA_20260323_110000.BIN,4.0757,9.5133,4.1698,9.5133,4.1360,1,2.303,4.186
1739,DATA_20260323_110000.BIN,4.1698,8.6088,1.9689,8.6088,3.7180,1,2.306,2.312
1740,DATA_20260323_110000.BIN,1.9689,9.8974,1.0350,9.8974,5.6540,1,1.182,3.157
1741,DATA_20260323_110000.BIN,4.2653,13.4186,5.6691,13.4186,5.9950,1,1.804,4.525
1742,DATA_20260323_110000.BIN,5.2948,11.3616,6.3272,11.3616,4.9830,1,4.634,5.252
1743,DATA_20260323_110000.BIN,6.3272,11.9177,5.7334,11.9177,8.9870,1,6.546,7.311
1744,DATA_20260323_110000.BIN,2.7984,9.6951,2.8485,9.6951,7.8870,1,5.304,6.737
1745,DATA_20260323_110000.BIN,2.8485,8.5325,0.9946,8.5325,6.5230,1,2.331,2.395
1746,DATA_20260323_110000.BIN,4.5471,10.0789,4.5091,10.0789,2.5630,1,2.940,2.949
1747,DATA_20260323_110000.BIN,4.4653,12.1163,7.1988,12.1163,7.1940,1,2.822,2.900
1748,DATA_20260323_110000.BIN,7.1988,12.4919,7.2824,12.4919,6.1930,1,6.009,6.052
1749,DATA_20260323_110000.BIN,3.0286,9.3378,4.5518,9.3378,3.2120,1,3.386,4.051
1750,DATA_20260323_110000.BIN,4.7996,14.3773,7.5844,14.3773,8.9320,1,2.573,5.729
1751,DATA_20260323_110000.BIN,7.5844,11.9721,5.6684,11.9721,3.6740,1,5.664,6.217
1752,DATA_20260323_110000.BIN,5.3842,11.1085,5.9886,11.1085,1.5070,1,1.935,3.104
1753,DATA_20260323_110000.BIN,5.9886,11.4382,5.6241,11.4382,1.5950,1,2.647,2.724
1754,DATA_20260323_110000.BIN,5.6241,11.8774,7.7304,11.8774,1.7380,1,1.858,2.016
1755,DATA_20260323_110000.BIN,7.7304,14.1103,3.0604,14.1103,8.8880,1,4.408,4.702
1756,DATA_20260323_110000.BIN,1.8966,9.4113,5.3604,9.4113,6.1820,1,5.364,5.394
1757,DATA_20260323_110000.BIN,7.2250,12.2607,3.9250,12.2607,7.0620,1,11.270,14.301
1758,DATA_20260323_110000.BIN,2.0474,11.3777,7.3656,11.3777,9.4930,1,4.650,5.099
1759,DATA_20260323_110000.BIN,9.0693,13.6064,8.6412,13.6064,4.6530,1,6.462,6.784
1760,DATA_20260323_110000.BIN,6.3141,11.8619,7.3211,11.8619,2.5630,1,2.397,3.008
1761,DATA_20260323_110000.BIN,6.4351,11.1799,6.8255,11.1799,5.0600,1,2.354,2.734
1762,DATA_20260323_110000.BIN,7.7811,12.5686,5.7365,12.5686,6.3470,1,4.751,5.132
1763,DATA_20260323_110000.BIN,5.7365,15.3073,8.8879,15.3073,4.1360,1,1.141,1.142
1764,DATA_20260323_110000.BIN,9.0871,14.0320,8.9108,14.0320,8.9210,1,5.738,6.042
1765,DATA_20260323_110000.BIN,8.9108,14.7049,9.2322,14.7049,6.2040,1,4.674,4.726
1766,DATA_20260323_110000.BIN,3.5221,9.6846,4.1486,9.6846,7.2600,1,2.991,5.508
1767,DATA_20260323_110000.BIN,4.1486,13.2084,7.3023,13.2084,9.2620,1,2.818,8.072
1768,DATA_20260323_120000.BIN,10.5066,29.0844,4.4871,29.0844,5.0050,1,10.785,10.806
1769,DATA_20260323_120000.BIN,4.4871,7.3832,4.5605,7.3832,8.9870,1,5.206,36.912
1770,DATA_20260323_120000.BIN,4.5605,15.2304,1.2810,15.2304,4.6090,1,2.865,37.579
1771,DATA_20260323_120000.BIN,1.2810,7.5035,4.5443,7.5035,3.8940,1,3.572,34.982
1772,DATA_20260323_120000.BIN,4.5443,10.6798,5.3409,10.6798,3.5420,1,6.950,29.975
1773,DATA_20260323_120000.BIN,5.3409,8.9439,1.9017,8.9439,1.7820,1,7.907,26.174
1774,DATA_20260323_120000.BIN,1.9017,5.6179,1.3485,5.6179,1.1880,1,3.499,20.282
1775,DATA_20260323_120000.BIN,1.3485,5.9573,1.8998,5.9573,2.4640,1,2.652,18.403
1776,DATA_20260323_120000.BIN,1.8998,8.5773,1.8942,8.5773,9.5810,1,1.294,19.273
1777,DATA_20260323_120000.BIN,1.8942,10.7317,4.8067,10.7317,2.7610,1,2.248,12.953
1778,DATA_20260323_120000.BIN,4.8067,19.6985,11.9764,19.6985,2.1780,1,4.669,11.828
1779,DATA_20260323_120000.BIN,11.9764,20.3061,5.4735,20.3061,2.7940,1,12.561,14.476
1780,DATA_20260323_120000.BIN,5.4735,14.6776,4.5565,14.6776,6.5780,1,4.794,13.977
1781,DATA_20260323_120000.BIN,6.2999,13.9542,2.4089,13.9542,2.7390,1,6.715,11.566
1782,DATA_20260323_120000.BIN,2.4089,6.4651,3.2464,6.4651,4.6860,1,5.586,14.126
1783,DATA_20260323_120000.BIN,1.4844,4.0306,1.2712,4.0306,1.7710,1,3.037,13.929
1784,DATA_20260323_120000.BIN,1.2712,6.3265,2.5517,6.3265,1.7930,1,2.655,5.479
1785,DATA_20260323_120904.BIN,0.9431,5.6999,0.5981,5.6999,5.9290,1,7.783,10.525
1786,DATA_20260323_120904.BIN,0.5981,3.5629,0.4267,3.5629,2.1560,1,6.878,7.638
1787,DATA_20260323_120904.BIN,0.4267,14.9012,9.1196,14.9012,8.7450,1,6.028,7.514
1788,DATA_20260323_120904.BIN,3.8828,17.3467,8.0151,17.3467,3.4980,1,5.423,5.724
1789,DATA_20260323_120904.BIN,8.0151,11.4357,0.4775,11.4357,4.6860,1,12.620,16.801
1790,DATA_20260323_120904.BIN,0.4775,4.8714,1.2417,4.8714,2.6620,1,4.463,5.224
1791,DATA_20260323_120904.BIN,2.6096,10.7769,5.2855,10.7769,3.9380,1,7.178,8.215
1792,DATA_20260323_120904.BIN,5.2855,7.5074,2.6523,7.5074,1.5840,1,9.304,11.544
1793,DATA_20260323_120904.BIN,2.6523,12.0178,4.7581,12.0178,4.1910,1,5.430,6.432
1794,DATA_20260323_120904.BIN,4.7581,7.9334,4.3929,7.9334,4.8730,1,6.985,7.201
1795,DATA_20260323_120904.BIN,4.3929,7.8425,0.1073,7.8425,2.8490,1,6.617,6.864
1796,DATA_20260323_120904.BIN,0.1073,8.6079,4.6636,8.6079,9.3170,1,0.829,2.242
1797,DATA_20260323_120904.BIN,4.6636,12.2913,4.1187,12.2913,3.5860,1,4.700,4.915
1798,DATA_20260323_120904.BIN,4.1187,22.1218,12.4035,22.1218,1.4740,1,4.778,5.099
1799,DATA_20260323_120904.BIN,12.4035,24.7290,5.4547,24.7290,2.1450,1,13.014,16.836
1800,DATA_20260323_120904.BIN,10.3822,17.6201,6.1882,17.6201,2.0900,1,10.240,10.307
1801,DATA_20260323_120904.BIN,1.4589,5.7286,2.5483,5.7286,3.2450,1,1.203,12.263
1802,DATA_20260323_120904.BIN,2.5483,5.4486,0.9752,5.4486,2.2220,1,3.456,5.333
1803,DATA_20260323_124922.BIN,3.0906,6.9002,2.8132,6.9002,4.0260,1,1.952,2.071
1804,DATA_20260323_124922.BIN,2.8132,7.4436,2.1556,7.4436,6.9740,1,4.393,4.431
1805,DATA_20260323_124922.BIN,0.6458,8.7130,5.7626,8.7130,2.6840,1,5.240,6.655
1806,DATA_20260323_124922.BIN,5.7626,7.3488,2.4940,7.3488,6.0170,1,6.233,6.234
1807,DATA_20260323_124922.BIN,2.4940,9.3716,7.4241,9.3716,3.9710,1,4.022,5.393
1808,DATA_20260323_124922.BIN,7.4241,8.9768,6.5599,8.9768,2.3760,1,7.747,7.767
1809,DATA_20260323_124922.BIN,6.5599,8.5118,6.6452,8.5118,1.5620,1,4.529,4.541
1810,DATA_20260323_124922.BIN,6.5856,19.3230,6.1275,19.3230,3.5750,1,4.192,4.316
1811,DATA_20260323_124922.BIN,6.1275,15.0115,2.9782,15.0115,1.1330,1,5.278,10.809
1812,DATA_20260323_124922.BIN,2.9782,7.0417,3.7337,7.0417,5.1920,1,4.187,4.948
1813,DATA_20260323_124922.BIN,3.7337,5.6908,1.3885,5.6908,3.6520,1,3.739,3.872
1814,DATA_20260323_124922.BIN,1.3885,5.6659,4.0334,5.6659,1.1550,1,2.334,3.468
1815,DATA_20260323_124922.BIN,4.0334,11.6701,1.1841,11.6701,1.6060,1,7.665,15.538
1816,DATA_20260323_124922.BIN,0.3256,1.9757,0.6877,1.9757,2.7170,1,3.053,7.243
1817,DATA_20260323_130000.BIN,13.2822,18.4401,8.4505,18.4401,1.1660,1,23.392,26.831
1818,DATA_20260323_130000.BIN,8.4505,12.6597,7.3414,12.6597,3.3550,1,16.005,18.871
1819,DATA_20260323_130000.BIN,7.3414,10.8591,1.8569,10.8591,1.3860,1,10.641,17.313
1820,DATA_20260323_130000.BIN,1.8569,12.9716,1.4294,12.9716,3.4980,1,7.270,13.936
1821,DATA_20260323_130000.BIN,1.4294,5.1386,2.7057,5.1386,1.3750,1,5.733,17.411
1822,DATA_20260323_130000.BIN,2.7057,11.6270,3.2507,11.6270,4.8950,1,4.768,11.414
1823,DATA_20260323_130000.BIN,3.2507,5.8700,0.2239,5.8700,2.7720,1,5.711,11.726
1824,DATA_20260323_130000.BIN,0.2239,4.1018,1.4834,4.1018,3.7950,1,6.364,6.999
1825,DATA_20260323_130000.BIN,1.4834,7.8881,0.7706,7.8881,4.7960,1,7.162,9.411
1826,DATA_20260323_130000.BIN,0.7706,8.8016,2.2407,8.8016,5.6760,1,3.921,9.860
1827,DATA_20260323_130000.BIN,2.2407,15.6940,0.4765,15.6940,5.7860,1,6.109,8.150
1828,DATA_20260323_130000.BIN,0.4765,10.6654,4.8168,10.6654,3.0030,1,3.857,4.164
1829,DATA_20260323_130000.BIN,4.8168,12.5629,1.6007,12.5629,2.7060,1,4.811,9.345
1830,DATA_20260323_130000.BIN,4.2899,8.7752,5.7082,8.7752,1.4520,1,4.300,4.424
1831,DATA_20260323_130000.BIN,5.7082,10.1406,0.1630,10.1406,3.5750,1,3.295,4.050
1832,DATA_20260323_130000.BIN,0.1630,8.5764,2.4576,8.5764,3.1020,1,4.536,5.252
1833,DATA_20260323_130000.BIN,2.4576,9.8070,3.3887,9.8070,3.3550,1,3.957,6.317
1834,DATA_20260323_130000.BIN,2.6027,13.4714,5.2799,13.4714,5.2690,1,5.555,18.229
1835,DATA_20260323_130000.BIN,5.2799,22.9777,3.4776,22.9777,5.1920,1,3.480,5.801
1836,DATA_20260323_130000.BIN,3.4776,17.4050,1.7079,17.4050,2.2770,1,2.156,3.650
1837,DATA_20260323_130000.BIN,1.4752,6.0731,1.7594,6.0731,1.3750,1,3.131,3.323
1838,DATA_20260323_130000.BIN,1.7594,9.4437,1.2689,9.4437,2.8710,1,5.307,5.315
1839,DATA_20260323_130000.BIN,2.5092,4.9054,1.5172,4.9054,2.6510,1,3.925,4.587
1840,DATA_20260323_130000.BIN,1.5172,6.3637,1.0618,6.3637,1.5180,1,4.032,4.119
1841,DATA_20260323_130000.BIN,0.2466,10.4814,0.4755,10.4814,4.3120,1,2.094,2.096
1842,DATA_20260323_130000.BIN,0.4755,3.6326,0.1670,3.6326,2.6070,1,1.705,1.884
1843,DATA_20260323_130000.BIN,0.1670,4.7949,0.8945,4.7949,1.2870,1,2.315,4.704
1844,DATA_20260323_130000.BIN,0.8945,3.9167,1.2900,3.9167,1.6280,1,3.056,3.759
1845,DATA_20260323_130000.BIN,2.2287,4.1308,2.0023,4.1308,2.7720,1,4.045,4.055
1846,DATA_20260323_130000.BIN,1.6820,5.9164,0.6909,5.9164,1.5400,1,2.535,3.372
1847,DATA_20260323_130000.BIN,2.1724,4.9908,1.9155,4.9908,1.6170,1,3.247,3.247
1848,DATA_20260323_130000.BIN,1.6267,4.4647,0.2934,4.4647,1.2870,1,2.331,2.351
1849,DATA_20260323_130000.BIN,0.2934,4.9713,0.6291,4.9713,1.4190,1,0.574,0.828
1850,DATA_20260323_130000.BIN,0.6291,5.8144,1.5461,5.8144,1.3970,1,0.781,0.834
1851,DATA_20260323_130000.BIN,2.1084,6.2164,0.5165,6.2164,1.4740,1,1.859,3.366
1852,DATA_20260323_130000.BIN,0.2916,5.9721,2.1729,5.9721,1.4850,1,0.635,0.951
1853,DATA_20260323_130000.BIN,2.1729,10.3115,0.3699,10.3115,4.3670,1,1.650,3.606
1854,DATA_20260323_130000.BIN,0.3699,5.4078,1.1335,5.4078,1.3420,1,1.060,1.437
1855,DATA_20260323_130000.BIN,1.1335,5.0124,0.7682,5.0124,1.1000,1,0.971,1.739
1856,DATA_20260323_130000.BIN,0.7682,6.0693,1.1578,6.0693,2.0020,1,0.694,0.753
1857,DATA_20260323_130000.BIN,1.1578,4.3353,1.0034,4.3353,1.4960,1,1.345,1.812
1858,DATA_20260323_130000.BIN,1.0034,6.0760,1.8763,6.0760,2.6950,1,1.054,2.528
1859,DATA_20260323_130000.BIN,1.0760,8.7640,4.8490,8.7640,3.0250,1,1.321,2.085
1860,DATA_20260323_130000.BIN,4.8490,7.8798,1.4411,7.8798,5.2800,1,5.778,6.186
1861,DATA_20260323_130000.BIN,1.4411,11.0790,0.6115,11.0790,5.6320,1,1.276,4.022
1862,DATA_20260323_130000.BIN,0.6115,6.0580,3.2510,6.0580,1.5290,1,0.732,0.876
1863,DATA_20260323_130000.BIN,3.2510,7.1531,0.7978,7.1531,1.9800,1,4.071,4.453
1864,DATA_20260323_130000.BIN,0.7978,5.6167,1.6302,5.6167,2.7390,1,0.513,2.853
1865,DATA_20260323_130000.BIN,1.6302,8.1936,2.8492,8.1936,2.8050,1,1.724,1.781
1866,DATA_20260323_130000.BIN,2.8492,8.3155,4.0604,8.3155,1.9800,1,3.637,3.637
1867,DATA_20260323_130000.BIN,4.0604,8.2633,0.6821,8.2633,2.6730,1,4.641,5.267
1868,DATA_20260323_130000.BIN,0.6821,6.3868,3.1359,6.3868,4.3010,1,0.541,3.737
1869,DATA_20260323_130000.BIN,3.1359,7.8401,0.9356,7.8401,2.9150,1,3.498,3.897
1870,DATA_20260323_130000.BIN,0.9356,9.3815,1.3341,9.3815,5.1370,1,1.351,1.381
1871,DATA_20260323_130000.BIN,1.0053,6.1388,2.6208,6.1388,1.3420,1,1.041,3.484
1872,DATA_20260323_130000.BIN,2.6208,7.0683,0.5382,7.0683,3.2890,1,1.725,6.347
1873,DATA_20260323_130000.BIN,0.5382,12.6404,1.3715,12.6404,3.3770,1,1.797,4.460
1874,DATA_20260323_130000.BIN,1.3715,5.7882,4.5048,5.7882,3.8280,1,3.254,6.000
1875,DATA_20260323_130000.BIN,4.5048,12.6421,2.4599,12.6421,3.7070,1,5.325,5.567
1876,DATA_20260323_130000.BIN,2.4599,9.2275,2.6644,9.2275,3.8610,1,2.582,7.807
1877,DATA_20260323_130000.BIN,2.6644,9.5327,0.1667,9.5327,5.4670,1,3.414,6.495
1878,DATA_20260323_130000.BIN,1.5716,7.6733,3.1323,7.6733,3.0910,1,2.537,3.426
1879,DATA_20260323_130000.BIN,1.3723,7.0928,4.1338,7.0928,1.6390,1,2.408,4.606
1880,DATA_20260323_130000.BIN,4.1338,7.4947,3.8564,7.4947,2.7170,1,5.397,6.538
1881,DATA_20260323_130000.BIN,3.8564,7.7170,2.3849,7.7170,1.6830,1,3.062,6.681
1882,DATA_20260323_130000.BIN,1.5324,10.3389,3.5384,10.3389,3.0690,1,0.820,6.340
1883,DATA_20260323_130000.BIN,3.5384,7.0435,0.8895,7.0435,2.0350,1,4.460,4.579
1884,DATA_20260323_130000.BIN,0.8895,5.6235,0.4263,5.6235,1.0340,1,0.716,1.709
1885,DATA_20260323_130000.BIN,0.4263,4.7040,1.6556,4.7040,1.7270,1,1.032,5.605
1886,DATA_20260323_130000.BIN,0.5779,8.1093,2.7867,8.1093,5.5220,1,1.191,4.877
1887,DATA_20260323_130000.BIN,2.7867,6.8773,1.4689,6.8773,1.5620,1,4.009,7.885
1888,DATA_20260323_130000.BIN,1.4689,7.6191,1.3899,7.6191,2.3540,1,1.589,3.101
1889,DATA_20260323_130000.BIN,1.3899,5.4140,2.9443,5.4140,2.1230,1,1.478,1.690
1890,DATA_20260323_130000.BIN,2.9443,5.4892,2.8493,5.4892,3.6630,1,3.210,4.540
1891,DATA_20260323_130000.BIN,2.8493,8.3020,3.1777,8.3020,2.7610,1,2.418,2.582
1892,DATA_20260323_130000.BIN,3.1777,26.8719,2.4778,26.8719,6.1270,1,4.128,4.487
1893,DATA_20260323_130000.BIN,2.4778,8.9921,4.7794,8.9921,1.6060,1,3.208,3.998
1894,DATA_20260323_130000.BIN,4.7794,29.2556,13.2968,29.2556,2.0900,1,5.293,5.743
1895,DATA_20260323_130000.BIN,13.2968,30.7085,2.1307,30.7085,2.8490,1,16.083,16.439
1896,DATA_20260323_130000.BIN,2.1307,17.0748,6.8945,17.0748,1.4190,1,2.753,2.831
1897,DATA_20260323_130000.BIN,6.8945,14.5129,4.5626,14.5129,5.9840,1,8.491,9.514
1898,DATA_20260323_130000.BIN,4.5626,7.6061,2.6965,7.6061,1.5180,1,3.964,4.789
1899,DATA_20260323_130000.BIN,2.6965,7.7095,1.4365,7.7095,4.8730,1,1.307,2.949
1900,DATA_20260323_130000.BIN,1.4365,4.6205,0.4100,4.6205,3.9710,1,0.874,3.363
1901,DATA_20260323_130000.BIN,0.4100,6.2700,0.5120,6.2700,5.3240,1,2.603,4.373
1902,DATA_20260323_130000.BIN,0.5120,9.5316,4.7389,9.5316,4.2460,1,1.463,1.954
1903,DATA_20260323_130000.BIN,4.7389,11.1975,6.9053,11.1975,2.6510,1,3.601,6.865
1904,DATA_20260323_130000.BIN,1.1751,4.3892,0.8000,4.3892,1.9360,1,0.854,3.148
1905,DATA_20260323_130000.BIN,0.8000,3.4371,0.9866,3.4371,1.5510,1,1.996,2.532
1906,DATA_20260323_130000.BIN,0.9866,3.8079,1.8570,3.8079,1.7490,1,2.222,2.508
1907,DATA_20260323_130000.BIN,1.8570,5.2875,1.0215,5.2875,3.0140,1,2.825,3.993
1908,DATA_20260323_130000.BIN,1.0215,5.4433,0.7863,5.4433,2.6400,1,1.646,3.120
1909,DATA_20260323_130000.BIN,0.7863,6.6395,1.8046,6.6395,3.8940,1,1.259,3.324
1910,DATA_20260323_130000.BIN,0.7355,3.9432,1.6695,3.9432,1.8590,1,1.539,1.614
1911,DATA_20260323_130000.BIN,0.5806,3.7986,0.6393,3.7986,1.3640,1,0.974,1.559
1912,DATA_20260323_130000.BIN,0.6393,8.9830,0.4603,8.9830,2.2550,1,0.438,2.137
1913,DATA_20260323_130000.BIN,0.4603,3.6103,0.6419,3.6103,2.5850,1,0.244,1.671
1914,DATA_20260323_130000.BIN,0.6419,4.0278,1.1627,4.0278,7.0400,1,1.009,2.251
1915,DATA_20260323_130000.BIN,1.1627,4.7441,0.8898,4.7441,1.6170,1,1.308,2.089
1916,DATA_20260323_130000.BIN,0.8898,6.9357,0.9234,6.9357,4.3780,1,0.654,1.051
1917,DATA_20260323_130000.BIN,0.9234,4.9489,1.8949,4.9489,1.2980,1,0.567,1.007
1918,DATA_20260323_130000.BIN,0.6428,5.0900,1.9143,5.0900,1.2760,1,1.613,3.888
1919,DATA_20260323_130000.BIN,1.9143,5.4103,2.2051,5.4103,1.2100,1,2.630,2.644
1920,DATA_20260323_130000.BIN,2.2051,5.1815,2.1368,5.1815,1.3310,1,2.789,2.841
1921,DATA_20260323_130000.BIN,2.1368,5.1408,1.9641,5.1408,1.2540,1,2.695,3.438
1922,DATA_20260323_130000.BIN,0.7870,5.3650,2.2019,5.3650,2.2440,1,0.696,1.206
1923,DATA_20260323_130000.BIN,1.8331,8.0201,1.5501,8.0201,3.9490,1,1.891,2.124
1924,DATA_20260323_130000.BIN,1.5501,18.9216,1.8679,18.9216,3.3770,1,2.076,2.133
1925,DATA_20260323_130000.BIN,1.8679,10.6668,0.5204,10.6668,2.2440,1,1.639,8.071
1926,DATA_20260323_130000.BIN,0.5204,5.5886,1.2134,5.5886,1.3640,1,0.752,1.616
1927,DATA_20260323_130000.BIN,1.2134,5.9889,2.6257,5.9889,1.3640,1,1.437,1.511
1928,DATA_20260323_130000.BIN,2.6257,5.3864,3.0724,5.3864,1.1770,1,3.244,3.625
1929,DATA_20260323_130000.BIN,3.0724,5.3356,2.1573,5.3356,1.7820,1,3.447,3.461
1930,DATA_20260323_130000.BIN,2.1573,5.5546,2.2760,5.5546,1.2430,1,2.108,6.623
1931,DATA_20260323_130000.BIN,2.2760,6.0541,1.4115,6.0541,1.4520,1,1.861,5.903
1932,DATA_20260323_130000.BIN,1.4115,6.6512,1.7543,6.6512,1.5180,1,0.768,5.049
1933,DATA_20260323_130000.BIN,1.7543,6.0335,3.6360,6.0335,1.5400,1,1.813,1.879
1934,DATA_20260323_130000.BIN,3.6360,7.4771,0.2359,7.4771,1.2210,1,4.641,4.645
1935,DATA_20260323_130000.BIN,0.2359,8.2263,1.7284,8.2263,2.7830,1,0.278,1.229
1936,DATA_20260323_130000.BIN,1.7284,6.0811,0.7571,6.0811,1.7490,1,1.668,3.682
1937,DATA_20260323_130000.BIN,0.7571,6.2036,2.4329,6.2036,2.3210,1,0.400,0.474
1938,DATA_20260323_130000.BIN,2.4329,5.2292,1.7663,5.2292,1.3420,1,1.473,4.037
1939,DATA_20260323_130000.BIN,2.5318,5.3548,1.8228,5.3548,1.3310,1,1.600,3.047
1940,DATA_20260323_130000.BIN,1.8228,6.9940,1.7643,6.9940,3.7730,1,0.534,2.710
1941,DATA_20260323_130000.BIN,2.6410,5.9839,1.5004,5.9839,1.2430,1,1.471,2.687
1942,DATA_20260323_130000.BIN,1.5004,6.9645,1.5689,6.9645,1.3090,1,1.586,3.470
1943,DATA_20260323_130000.BIN,1.5689,7.6448,2.8425,7.6448,1.3860,1,1.296,2.699
1944,DATA_20260323_130000.BIN,2.8425,6.8268,3.2645,6.8268,1.2760,1,2.536,3.796
1945,DATA_20260323_130000.BIN,3.2645,7.9387,0.1225,7.9387,1.7160,1,2.969,4.981
1946,DATA_20260323_130000.BIN,0.1587,4.6532,0.1146,4.6532,6.6550,1,1.224,3.533
1947,DATA_20260323_130000.BIN,0.1146,4.1148,1.0974,4.1148,1.3310,1,0.933,3.712
1948,DATA_20260323_130000.BIN,1.0353,7.5036,0.4324,7.5036,2.3430,1,0.982,5.090
1949,DATA_20260323_130000.BIN,0.4324,5.1252,2.1631,5.1252,1.4520,1,1.578,4.541
1950,DATA_20260323_130000.BIN,0.5095,6.5643,1.2619,6.5643,1.7820,1,1.412,2.512
1951,DATA_20260323_130000.BIN,1.2619,7.1211,4.7105,7.1211,4.4660,1,2.151,2.579
1952,DATA_20260323_130000.BIN,4.7105,15.0753,9.2760,15.0753,2.0680,1,6.531,11.779
1953,DATA_20260323_130000.BIN,9.2760,15.3463,11.5959,15.3463,1.8260,1,10.180,12.003
1954,DATA_20260323_130000.BIN,11.5959,17.5376,15.5517,17.5376,2.2000,1,11.789,13.158
1955,DATA_20260323_130000.BIN,15.5517,18.7148,6.3556,18.7148,3.9930,1,15.336,17.453
1956,DATA_20260323_130000.BIN,6.3556,9.1197,1.6443,9.1197,2.1010,1,4.015,4.282
1957,DATA_20260323_130000.BIN,1.6443,17.1165,5.4180,17.1165,5.0380,1,3.193,4.548
1958,DATA_20260323_130000.BIN,5.4180,16.7723,10.5273,16.7723,9.2510,1,2.828,2.885
1959,DATA_20260323_130000.BIN,10.5273,17.8012,5.2937,17.8012,2.8160,1,8.261,10.528
1960,DATA_20260323_130000.BIN,5.3064,8.3940,3.5470,8.3940,2.6290,1,2.722,5.312
1961,DATA_20260323_130000.BIN,3.5470,14.5188,5.7722,14.5188,6.8970,1,4.056,10.792
1962,DATA_20260323_130000.BIN,5.7722,9.5503,0.9877,9.5503,9.5590,1,2.925,9.669
1963,DATA_20260323_130000.BIN,0.9877,12.2258,3.0032,12.2258,4.4110,1,4.261,4.296
1964,DATA_20260323_130000.BIN,3.0032,6.7569,3.8808,6.7569,2.7060,1,1.479,1.831
1965,DATA_20260323_130000.BIN,3.8808,11.3453,1.6782,11.3453,5.5990,1,2.130,4.932
1966,DATA_20260323_130000.BIN,1.6782,13.3866,8.1558,13.3866,7.4250,1,2.835,2.863
1967,DATA_20260323_130000.BIN,8.1558,12.6548,2.8296,12.6548,9.3500,1,6.183,6.205
1968,DATA_20260323_130000.BIN,6.0599,12.7262,4.0403,12.7262,2.7500,1,2.369,3.006
1969,DATA_20260323_130000.BIN,11.5734,14.4945,2.9732,14.4945,5.7420,1,8.410,8.641
1970,DATA_20260323_130000.BIN,2.9732,6.8679,2.0017,6.8679,6.9740,1,4.291,4.388
1971,DATA_20260323_130000.BIN,2.0017,14.5023,1.4994,14.5023,3.1680,1,4.176,6.642
1972,DATA_20260323_130000.BIN,7.5001,13.5840,1.5184,13.5840,8.8880,1,3.748,4.115
1973,DATA_20260323_130000.BIN,1.5184,14.1678,2.2499,14.1678,5.7090,1,4.031,4.213
1974,DATA_20260323_130000.BIN,2.2499,19.9012,6.2813,19.9012,7.6450,1,2.608,3.582
1975,DATA_20260323_130000.BIN,6.2813,12.8569,2.9934,12.8569,3.3000,1,3.277,3.682
1976,DATA_20260323_130000.BIN,2.9934,5.8284,2.8104,5.8284,1.4850,1,0.972,4.488
1977,DATA_20260323_130000.BIN,2.8104,7.4033,1.9521,7.4033,3.6630,1,2.894,5.455
1978,DATA_20260323_130000.BIN,1.9521,11.1437,0.9888,11.1437,4.2460,1,2.488,3.366
1979,DATA_20260323_130000.BIN,0.9888,17.0689,1.4406,17.0689,3.8720,1,4.189,6.785
1980,DATA_20260323_130000.BIN,2.8408,9.2770,1.1699,9.2770,2.7280,1,4.099,5.167
1981,DATA_20260323_130000.BIN,1.1699,7.5472,3.0294,7.5472,4.7740,1,2.165,3.271
1982,DATA_20260323_130000.BIN,3.0294,11.5509,9.2522,11.5509,7.2490,1,0.554,1.980
1983,DATA_20260323_130000.BIN,2.5811,5.4584,1.3718,5.4584,2.3980,1,3.943,5.748
1984,DATA_20260323_130000.BIN,1.3718,12.2398,2.4184,12.2398,4.4110,1,2.542,5.105
1985,DATA_20260323_130000.BIN,2.4184,15.5905,8.4824,15.5905,5.0820,1,2.819,6.496
1986,DATA_20260323_130000.BIN,8.4824,17.9382,13.3656,17.9382,5.2580,1,6.415,7.523
1987,DATA_20260323_130000.BIN,13.3656,18.8246,12.9904,18.8246,2.6840,1,11.738,11.754
1988,DATA_20260323_130000.BIN,12.9904,17.1722,13.1498,17.1722,2.5300,1,10.516,10.519
1989,DATA_20260323_130000.BIN,13.1498,20.5433,13.3327,20.5433,2.3760,1,10.064,10.064
1990,DATA_20260323_130000.BIN,13.3327,17.5233,11.4256,17.5233,3.6960,1,8.888,8.891
1991,DATA_20260323_130000.BIN,11.4256,15.7303,10.1255,15.7303,1.5400,1,6.092,6.287
1992,DATA_20260323_130000.BIN,10.1255,14.7908,7.8933,14.7908,2.4530,1,3.904,4.763
1993,DATA_20260323_130000.BIN,7.8933,14.7128,3.9138,14.7128,6.9520,1,1.040,4.928
1994,DATA_20260323_130000.BIN,3.9138,11.9271,9.0250,11.9271,1.3200,1,5.821,7.030
1995,DATA_20260323_130000.BIN,9.0250,12.5283,7.6698,12.5283,2.3210,1,2.660,3.382
1996,DATA_20260323_130000.BIN,7.6698,19.6938,2.8652,19.6938,2.7610,1,1.035,3.401
1997,DATA_20260323_130000.BIN,0.3657,11.6991,3.3959,11.6991,3.6630,1,8.650,10.602
1998,DATA_20260323_130000.BIN,3.3959,7.1173,1.5599,7.1173,1.1990,1,4.132,4.647
1999,DATA_20260323_130000.BIN,1.5599,5.2457,1.6587,5.2457,2.4200,1,7.879,8.097
2000,DATA_20260323_130000.BIN,1.6587,6.5444,2.1291,6.5444,1.1660,1,7.465,8.601
2001,DATA_20260323_130000.BIN,2.1291,6.3048,2.2990,6.3048,1.3640,1,4.318,6.359
2002,DATA_20260323_130000.BIN,2.2990,7.1880,1.9336,7.1880,2.1670,1,3.309,5.285
2003,DATA_20260323_130000.BIN,1.9336,7.8193,3.8128,7.8193,4.4660,1,3.196,3.586
2004,DATA_20260323_130000.BIN,1.8112,12.7369,2.5364,12.7369,5.7640,1,3.106,4.527
2005,DATA_20260323_130000.BIN,1.5418,5.0000,2.1632,5.0000,1.8150,1,3.986,5.784
2006,DATA_20260323_130000.BIN,3.5413,12.2621,7.2789,12.2621,5.6980,1,0.873,1.058
2007,DATA_20260323_130000.BIN,7.2789,15.0021,3.7363,15.0021,3.9600,1,5.166,9.319
2008,DATA_20260323_130000.BIN,3.7363,6.2794,1.9914,6.2794,2.5520,1,1.290,4.218
2009,DATA_20260323_130000.BIN,1.9914,13.2124,6.4335,13.2124,4.5760,1,3.304,4.353
2010,DATA_20260323_130000.BIN,6.4335,14.5155,2.6597,14.5155,8.0080,1,4.341,5.311
2011,DATA_20260323_130000.BIN,2.6597,9.7151,3.2629,9.7151,3.4100,1,1.800,2.537
2012,DATA_20260323_130000.BIN,3.2629,8.9861,6.1140,8.9861,1.7600,1,2.017,2.517
2013,DATA_20260323_130000.BIN,6.1140,10.8306,6.9815,10.8306,2.1670,1,4.796,5.901
2014,DATA_20260323_130000.BIN,6.9815,9.2979,6.0418,9.2979,3.3880,1,4.184,4.274
2015,DATA_20260323_130000.BIN,6.0418,8.8700,4.5018,8.8700,3.3330,1,3.425,7.196
2016,DATA_20260323_130000.BIN,4.5018,7.6559,2.6450,7.6559,2.4970,1,4.525,5.474
2017,DATA_20260323_130000.BIN,2.6450,13.3922,1.6481,13.3922,4.8950,1,3.229,4.753
2018,DATA_20260323_130000.BIN,1.6481,6.7068,3.6316,6.7068,1.4410,1,5.456,7.458
2019,DATA_20260323_130000.BIN,3.6316,6.8700,0.5314,6.8700,1.9030,1,3.401,3.405
2020,DATA_20260323_130000.BIN,0.5314,5.5814,1.7305,5.5814,5.3570,1,3.555,3.827
2021,DATA_20260323_130000.BIN,2.3845,6.3256,0.4064,6.3256,1.8040,1,2.075,3.276
2022,DATA_20260323_130000.BIN,0.4064,5.4285,1.9101,5.4285,3.2010,1,3.598,3.935
2023,DATA_20260323_130000.BIN,3.6445,7.4900,1.0759,7.4900,3.6960,1,6.214,7.394
2024,DATA_20260323_130000.BIN,1.0759,13.9866,7.3504,13.9866,4.5100,1,2.961,2.965
2025,DATA_20260323_130000.BIN,8.2574,15.1641,4.2466,15.1641,3.3660,1,7.316,8.483
2026,DATA_20260323_130000.BIN,0.3434,9.2937,6.0769,9.2937,2.4860,1,3.275,4.403
2027,DATA_20260323_130000.BIN,1.6226,9.6825,1.2086,9.6825,3.7950,1,4.177,4.327
2028,DATA_20260323_130000.BIN,1.2086,6.3272,0.6709,6.3272,2.5190,1,3.270,4.322
2029,DATA_20260323_130000.BIN,0.6709,12.3003,2.7127,12.3003,2.9150,1,2.885,3.457
2030,DATA_20260323_130000.BIN,2.7127,5.2849,2.7144,5.2849,2.0020,1,4.717,6.066
2031,DATA_20260323_130000.BIN,1.4379,5.0254,1.7187,5.0254,2.1450,1,0.839,3.117
2032,DATA_20260323_130000.BIN,1.0706,6.0341,1.2767,6.0341,1.9910,1,2.091,3.057
2033,DATA_20260323_130000.BIN,1.2767,4.4250,1.4206,4.4250,1.9140,1,2.433,4.710
2034,DATA_20260323_130000.BIN,1.4206,4.9436,0.5768,4.9436,1.9580,1,2.919,4.119
2035,DATA_20260323_130000.BIN,0.6538,10.6614,7.3912,10.6614,5.7090,1,1.204,3.508
2036,DATA_20260323_130000.BIN,3.9768,7.9935,3.8615,7.9935,1.5950,1,4.931,5.085
2037,DATA_20260323_130000.BIN,3.8615,10.5879,7.5126,10.5879,2.7060,1,3.811,3.818
2038,DATA_20260323_130000.BIN,7.5126,9.9246,3.4129,9.9246,6.4900,1,7.324,8.618
2039,DATA_20260323_130000.BIN,3.4129,7.3701,2.1103,7.3701,1.7820,1,1.331,5.222
2040,DATA_20260323_130000.BIN,2.1103,4.1686,1.2102,4.1686,2.2440,1,4.645,4.736
2041,DATA_20260323_130000.BIN,1.2102,4.3162,1.0834,4.3162,1.6830,1,1.017,4.094
2042,DATA_20260323_130000.BIN,1.0834,7.5937,1.6248,7.5937,4.1470,1,2.308,3.028
2043,DATA_20260323_130000.BIN,0.3372,4.4685,1.3874,4.4685,2.1780,1,1.032,1.039
2044,DATA_20260323_130000.BIN,2.9329,10.0820,4.0887,10.0820,1.8590,1,2.602,3.395
2045,DATA_20260323_130000.BIN,4.0887,8.8723,3.9402,8.8723,2.0460,1,3.745,4.199
2046,DATA_20260323_130000.BIN,3.9402,10.6859,4.2664,10.6859,2.0350,1,3.149,3.459
2047,DATA_20260323_130000.BIN,4.2664,8.8996,2.6239,8.8996,1.6830,1,3.319,3.566
2048,DATA_20260323_130000.BIN,2.6239,7.2785,1.6078,7.2785,1.7490,1,1.260,1.335
2049,DATA_20260323_130000.BIN,1.6078,5.2248,0.4166,5.2248,2.8160,1,0.446,0.515
2050,DATA_20260323_130000.BIN,0.4166,5.2925,0.7028,5.2925,2.2770,1,1.888,1.958
2051,DATA_20260323_130000.BIN,0.7028,4.0479,0.1802,4.0479,3.8500,1,2.429,2.498
2052,DATA_20260323_130000.BIN,0.1802,5.4379,0.1917,5.4379,5.9950,1,2.927,4.759
2053,DATA_20260323_130000.BIN,0.1917,5.8349,0.4755,5.8349,3.0360,1,2.228,3.325
2054,DATA_20260323_130000.BIN,1.7489,6.7081,0.5456,6.7081,5.0160,1,2.132,2.943
2055,DATA_20260323_130000.BIN,0.3453,4.1975,0.6289,4.1975,2.4640,1,1.613,2.582
2056,DATA_20260323_130000.BIN,0.6289,3.9631,0.7002,3.9631,2.5520,1,1.364,4.029
2057,DATA_20260323_130000.BIN,2.4885,5.7044,0.7480,5.7044,7.8650,1,2.282,3.243
2058,DATA_20260323_130000.BIN,3.7090,15.1397,1.3922,15.1397,7.4360,1,4.000,4.045
2059,DATA_20260323_130000.BIN,1.3922,4.2959,0.7325,4.2959,2.7390,1,2.557,3.188
2060,DATA_20260323_130000.BIN,1.5431,6.0247,1.4369,6.0247,1.6720,1,2.810,2.811
2061,DATA_20260323_130000.BIN,0.7881,5.4380,1.4599,5.4380,3.1680,1,2.526,4.590
2062,DATA_20260323_130000.BIN,0.7352,3.4976,0.6088,3.4976,1.1220,1,0.924,1.003
2063,DATA_20260323_130000.BIN,0.6088,4.5929,2.3673,4.5929,1.2980,1,1.438,1.454
2064,DATA_20260323_130000.BIN,2.3673,5.7830,1.5791,5.7830,2.4420,1,3.285,3.308
2065,DATA_20260323_130000.BIN,0.9560,3.9829,1.3349,3.9829,2.2000,1,1.025,1.568
2066,DATA_20260323_130000.BIN,1.3349,8.2871,3.1100,8.2871,2.6950,1,1.661,2.255
2067,DATA_20260323_130000.BIN,0.2892,7.3895,1.7662,7.3895,2.7830,1,0.630,2.717
2068,DATA_20260323_130000.BIN,0.5572,4.5119,0.2825,4.5119,1.8370,1,0.893,1.784
2069,DATA_20260323_130000.BIN,0.2825,5.3626,0.6643,5.3626,2.4310,1,0.199,0.798
2070,DATA_20260323_130000.BIN,0.5540,3.1671,0.9051,3.1671,1.5510,1,0.708,1.559
2071,DATA_20260323_130000.BIN,3.1584,7.9782,0.2018,7.9782,4.3780,1,3.821,3.855
2072,DATA_20260323_130000.BIN,0.2018,8.0202,0.5458,8.0202,1.6060,1,0.406,0.461
2073,DATA_20260323_130000.BIN,0.5458,5.6637,0.8680,5.6637,1.3090,1,1.175,2.556
2074,DATA_20260323_130000.BIN,0.8680,12.0343,3.3782,12.0343,2.0900,1,0.937,2.873
2075,DATA_20260323_130000.BIN,3.3782,8.3603,2.1561,8.3603,1.5840,1,4.467,4.875
2076,DATA_20260323_130000.BIN,2.1561,8.9024,0.7966,8.9024,2.8820,1,2.206,2.669
2077,DATA_20260323_130000.BIN,0.3013,5.6532,2.0940,5.6532,4.7520,1,0.521,3.103
2078,DATA_20260323_130000.BIN,2.0940,17.8114,7.1723,17.8114,4.6420,1,4.209,7.668
2079,DATA_20260323_130000.BIN,7.1723,17.2492,1.4539,17.2492,8.9760,1,9.131,10.116
2080,DATA_20260323_130000.BIN,2.6663,11.9641,4.1147,11.9641,5.1370,1,3.824,5.704
2081,DATA_20260323_130000.BIN,4.1147,9.2920,5.8626,9.2920,2.5410,1,4.186,4.267
2082,DATA_20260323_130000.BIN,5.8626,10.3588,1.1921,10.3588,3.2120,1,6.055,6.190
2083,DATA_20260323_130000.BIN,1.1921,4.0005,1.0860,4.0005,3.8060,1,1.233,4.933
2084,DATA_20260323_130000.BIN,1.1822,14.4482,3.0091,14.4482,2.8600,1,2.555,4.779
2085,DATA_20260323_130000.BIN,3.4756,6.1156,1.9221,6.1156,1.6830,1,4.943,4.954
2086,DATA_20260323_130000.BIN,1.9221,9.2345,0.3147,9.2345,5.1810,1,3.275,3.396
2087,DATA_20260323_130000.BIN,0.3147,5.7234,1.7752,5.7234,2.4090,1,1.084,1.116
2088,DATA_20260323_130000.BIN,0.6524,4.7448,0.9386,4.7448,2.8490,1,1.121,1.757
2089,DATA_20260323_130000.BIN,0.5345,4.4109,0.9911,4.4109,1.1110,1,0.497,0.515
2090,DATA_20260323_130000.BIN,0.9911,12.0834,5.2185,12.0834,8.2720,1,0.945,2.476
2091,DATA_20260323_130000.BIN,5.2185,8.2276,5.7480,8.2276,1.7380,1,6.947,7.821
2092,DATA_20260323_130000.BIN,5.7480,9.0446,1.5403,9.0446,2.6730,1,6.735,7.124
2093,DATA_20260323_130000.BIN,7.5440,14.1814,7.2710,14.1814,3.1900,1,7.860,7.864
2094,DATA_20260323_130000.BIN,7.2710,16.5764,8.8370,16.5764,6.2260,1,7.878,8.669
2095,DATA_20260323_130000.BIN,8.8370,15.8525,11.2569,15.8525,4.5870,1,6.564,9.866
2096,DATA_20260323_130000.BIN,11.2569,17.0516,1.8281,17.0516,5.2250,1,9.894,10.189
2097,DATA_20260323_130000.BIN,1.8281,5.3618,0.7440,5.3618,1.1440,1,2.694,2.989
2098,DATA_20260323_130000.BIN,0.7440,4.1908,2.1925,4.1908,3.2670,1,2.913,2.987
2099,DATA_20260323_130000.BIN,2.1925,5.0494,0.0933,5.0494,1.2430,1,2.125,2.164
2100,DATA_20260323_130000.BIN,0.0933,5.4618,0.7742,5.4618,1.1880,1,2.939,3.401
2101,DATA_20260323_130000.BIN,0.7742,4.1681,1.2777,4.1681,2.3320,1,2.478,2.672
2102,DATA_20260323_130000.BIN,1.2777,4.9342,1.6967,4.9342,1.1990,1,1.762,1.766
2103,DATA_20260323_130000.BIN,1.6967,4.4338,0.8452,4.4338,2.5080,1,2.130,2.132
2104,DATA_20260323_130000.BIN,0.8452,3.9043,0.8976,3.9043,1.3090,1,1.743,2.016
2105,DATA_20260323_130000.BIN,0.8976,3.9149,1.3018,3.9149,1.1550,1,1.712,1.745
2106,DATA_20260323_130000.BIN,1.8427,5.0806,1.5269,5.0806,1.3420,1,2.148,2.282
2107,DATA_20260323_130000.BIN,1.5269,4.9674,1.0194,4.9674,1.3640,1,2.590,3.459
2108,DATA_20260323_130000.BIN,1.0194,6.5172,2.7568,6.5172,1.3310,1,2.442,4.193
2109,DATA_20260323_130000.BIN,2.7568,6.7491,0.5919,6.7491,1.5840,1,4.061,4.700
2110,DATA_20260323_130000.BIN,0.3326,7.8535,1.1423,7.8535,1.7270,1,1.800,1.924
2111,DATA_20260323_130000.BIN,1.5471,4.1491,0.8674,4.1491,3.6740,1,2.704,2.736
2112,DATA_20260323_130000.BIN,0.8674,7.3964,1.6699,7.3964,4.6090,1,1.167,2.096
2113,DATA_20260323_130000.BIN,1.6699,4.1549,1.0948,4.1549,3.9160,1,2.531,2.595
2114,DATA_20260323_130000.BIN,1.0948,7.6882,2.6075,7.6882,3.7510,1,1.936,2.556
2115,DATA_20260323_130000.BIN,2.6075,6.2911,3.4973,6.2911,1.9250,1,3.813,3.857
2116,DATA_20260323_130000.BIN,3.4973,8.5396,1.5778,8.5396,2.3100,1,4.978,5.793
2117,DATA_20260323_130000.BIN,1.5778,7.9321,1.7963,7.9321,2.4420,1,2.475,6.610
2118,DATA_20260323_130000.BIN,1.7963,4.6896,2.0117,4.6896,1.3530,1,3.621,8.523
2119,DATA_20260323_130000.BIN,2.0117,4.6360,1.5899,4.6360,4.8400,1,2.429,3.943
2120,DATA_20260323_130000.BIN,4.3307,10.7563,0.9568,10.7563,4.9060,1,4.509,7.608
2121,DATA_20260323_130000.BIN,0.9568,4.7647,0.3379,4.7647,1.5400,1,1.028,3.243
2122,DATA_20260323_130000.BIN,1.8478,5.5503,1.2265,5.5503,1.2540,1,1.459,1.599
2123,DATA_20260323_130000.BIN,1.2265,4.5629,2.2848,4.5629,1.6060,1,0.923,1.560
2124,DATA_20260323_130000.BIN,2.1071,11.0763,6.8781,11.0763,2.3210,1,2.410,2.485
2125,DATA_20260323_130000.BIN,6.8781,10.3727,3.0437,10.3727,3.6080,1,6.804,9.019
2126,DATA_20260323_130000.BIN,3.0437,5.6719,1.8450,5.6719,1.4080,1,1.240,5.408
2127,DATA_20260323_130000.BIN,1.8450,6.8028,2.8701,6.8028,1.3090,1,1.756,2.829
2128,DATA_20260323_130000.BIN,2.8701,6.2550,2.5468,6.2550,1.2980,1,1.190,2.523
2129,DATA_20260323_130000.BIN,2.5468,5.5706,2.4142,5.5706,1.4960,1,0.650,2.198
2130,DATA_20260323_130000.BIN,2.4142,5.5003,1.8855,5.5003,4.0810,1,1.562,1.609
2131,DATA_20260323_130000.BIN,1.8855,6.1081,2.4419,6.1081,1.4630,1,0.463,2.955
2132,DATA_20260323_130000.BIN,2.4419,6.3057,2.2160,6.3057,1.3090,1,1.572,4.228
2133,DATA_20260323_130000.BIN,2.2160,5.4169,3.0468,5.4169,1.2100,1,0.730,1.290
2134,DATA_20260323_130000.BIN,3.0468,6.3986,2.1858,6.3986,1.1550,1,2.646,2.648
2135,DATA_20260323_130000.BIN,2.1858,7.0170,2.0049,7.0170,1.1990,1,0.698,1.255
2136,DATA_20260323_130000.BIN,2.0049,5.2653,2.9559,5.2653,1.2760,1,1.298,1.604
2137,DATA_20260323_130000.BIN,2.9559,5.4462,1.2490,5.4462,2.6400,1,3.418,4.419
2138,DATA_20260323_130000.BIN,1.2490,4.8127,0.8377,4.8127,1.3530,1,0.525,1.421
2139,DATA_20260323_130000.BIN,0.8377,5.1493,1.2732,5.1493,1.3860,1,0.758,2.298
2140,DATA_20260323_130000.BIN,1.2732,5.1928,1.1669,5.1928,1.4190,1,1.557,2.160
2141,DATA_20260323_130000.BIN,1.5259,4.4330,1.7445,4.4330,1.4300,1,2.833,5.046
2142,DATA_20260323_130000.BIN,7.5719,13.2571,4.6888,13.2571,4.6750,1,8.581,8.683
2143,DATA_20260323_130000.BIN,4.6888,8.5208,3.4400,8.5208,1.3310,1,3.742,3.742
2144,DATA_20260323_130000.BIN,3.4400,7.8390,2.5807,7.8390,1.4410,1,2.260,2.798
2145,DATA_20260323_130000.BIN,2.5807,5.5281,1.6117,5.5281,1.3970,1,0.761,1.159
2146,DATA_20260323_130000.BIN,1.6117,4.4008,0.8648,4.4008,1.9360,1,0.548,0.934
2147,DATA_20260323_130000.BIN,0.1276,4.2188,1.3358,4.2188,1.4300,1,1.769,4.812
2148,DATA_20260323_130000.BIN,0.3099,3.0646,0.4106,3.0646,1.4960,1,2.572,2.802
2149,DATA_20260323_130000.BIN,0.4106,3.3991,0.8798,3.3991,1.9800,1,1.784,1.873
2150,DATA_20260323_130000.BIN,0.8798,3.7260,1.1675,3.7260,1.4850,1,1.809,3.064
2151,DATA_20260323_130000.BIN,1.1675,3.2524,0.5790,3.2524,2.6840,1,1.213,3.808
2152,DATA_20260323_130000.BIN,0.5790,3.1495,0.1782,3.1495,2.1120,1,1.588,1.591
2153,DATA_20260323_130000.BIN,0.1782,5.8465,1.4274,5.8465,1.7600,1,1.885,3.120
2154,DATA_20260323_130000.BIN,1.4274,8.9707,1.4255,8.9707,2.1230,1,0.698,0.835
2155,DATA_20260323_130000.BIN,1.4255,4.2575,1.5650,4.2575,1.4080,1,0.772,1.211
2156,DATA_20260323_130000.BIN,0.2607,4.4026,0.6624,4.4026,5.7310,1,1.311,2.785
2157,DATA_20260323_130000.BIN,2.0534,4.2817,0.6499,4.2817,4.7520,1,1.571,2.364
2158,DATA_20260323_130000.BIN,0.6499,4.3951,1.2567,4.3951,4.2020,1,1.680,2.151
2159,DATA_20260323_130000.BIN,1.2567,3.9609,1.4608,3.9609,1.9470,1,1.209,1.288
2160,DATA_20260323_130000.BIN,1.4608,4.4879,0.4335,4.4879,4.4330,1,1.997,2.092
2161,DATA_20260323_130000.BIN,0.4335,6.2474,1.3339,6.2474,6.7320,1,1.329,5.570
2162,DATA_20260323_130000.BIN,1.3339,6.2200,3.4304,6.2200,6.4680,1,2.082,3.935
2163,DATA_20260323_130000.BIN,3.4304,6.3955,2.6672,6.3955,2.0900,1,3.583,3.639
2164,DATA_20260323_130000.BIN,2.6672,7.7329,2.9605,7.7329,8.1180,1,2.570,2.905
2165,DATA_20260323_130000.BIN,2.9605,6.2264,1.4877,6.2264,3.4320,1,2.567,2.935
2166,DATA_20260323_130000.BIN,1.4877,3.7295,0.7284,3.7295,1.7270,1,1.212,2.369
2167,DATA_20260323_130000.BIN,0.7284,5.8745,1.4139,5.8745,1.8150,1,1.697,3.469
2168,DATA_20260323_130000.BIN,1.4139,4.7213,2.1410,4.7213,1.7380,1,2.557,2.765
2169,DATA_20260323_140000.BIN,0.5265,3.2060,1.2653,3.2060,2.7610,1,1.305,1.361
2170,DATA_20260323_140000.BIN,1.8792,4.0733,0.1616,4.0733,3.6410,1,1.484,1.497
2171,DATA_20260323_140000.BIN,1.3630,7.0161,3.2937,7.0161,3.5970,1,0.284,2.953
2172,DATA_20260323_140000.BIN,3.2937,7.8709,4.0321,7.8709,6.9520,1,2.895,3.358
2173,DATA_20260323_140000.BIN,4.0321,6.9543,3.7786,6.9543,6.1820,1,3.793,4.127
2174,DATA_20260323_140000.BIN,3.7786,6.5997,3.9310,6.5997,2.0350,1,2.618,3.687
2175,DATA_20260323_140000.BIN,0.9456,4.2123,0.5131,4.2123,2.5960,1,2.295,4.159
2176,DATA_20260323_140000.BIN,0.5131,4.0273,0.1673,4.0273,1.3860,1,1.784,2.067
2177,DATA_20260323_140000.BIN,0.1673,3.3185,0.8233,3.3185,1.3860,1,1.708,2.351
2178,DATA_20260323_140000.BIN,1.4526,5.7876,1.7592,5.7876,1.9360,1,1.418,1.716
2179,DATA_20260323_140000.BIN,1.7592,4.7090,0.8101,4.7090,1.4190,1,1.541,1.607
2180,DATA_20260323_140000.BIN,0.8101,5.8418,0.7305,5.8418,1.3860,1,1.917,2.226
2181,DATA_20260323_140000.BIN,0.7305,4.3170,0.7426,4.3170,1.2540,1,2.273,2.317
2182,DATA_20260323_140000.BIN,0.7426,4.4108,0.3578,4.4108,1.3310,1,2.032,2.206
2183,DATA_20260323_140000.BIN,0.3578,4.5834,1.2321,4.5834,1.2430,1,1.360,1.388
2184,DATA_20260323_140000.BIN,1.2321,4.0075,0.2372,4.0075,1.2650,1,2.192,2.209
2185,DATA_20260323_140000.BIN,0.2372,6.0778,0.9174,6.0778,1.2760,1,0.758,1.525
2186,DATA_20260323_140000.BIN,0.9174,4.1179,1.6798,4.1179,2.2330,1,1.700,2.088
2187,DATA_20260323_140000.BIN,1.6798,4.0501,0.9597,4.0501,1.3200,1,2.351,2.728
2188,DATA_20260323_140000.BIN,0.9597,4.5527,1.5049,4.5527,1.3420,1,1.210,1.213
2189,DATA_20260323_140000.BIN,1.5049,4.3844,0.4144,4.3844,1.2870,1,1.776,2.166
2190,DATA_20260323_140000.BIN,0.4144,4.1248,0.6300,4.1248,1.2870,1,0.531,0.531
2191,DATA_20260323_140000.BIN,0.6300,3.6947,1.3363,3.6947,1.3750,1,0.615,0.724
2192,DATA_20260323_140000.BIN,1.3363,3.9864,1.1712,3.9864,1.1770,1,1.305,1.651
2193,DATA_20260323_140000.BIN,1.1712,4.3187,2.1034,4.3187,1.3090,1,1.100,1.102
2194,DATA_20260323_140000.BIN,2.1034,4.6204,2.1484,4.6204,1.2210,1,1.999,1.999
2195,DATA_20260323_140000.BIN,2.1484,6.0287,1.8350,6.0287,1.3310,1,1.924,2.047
2196,DATA_20260323_140000.BIN,1.8350,5.7326,0.8879,5.7326,1.9910,1,1.709,1.709
2197,DATA_20260323_140000.BIN,0.8879,7.8061,1.3011,7.8061,1.6720,1,0.776,1.423
2198,DATA_20260323_140000.BIN,1.3011,12.3928,10.3363,12.3928,1.8920,1,2.092,5.361
2199,DATA_20260323_140000.BIN,10.3363,14.9103,1.3861,14.9103,3.0030,1,12.649,13.453
2200,DATA_20260323_140000.BIN,1.3861,6.7846,2.4078,6.7846,1.2650,1,1.331,2.459
2201,DATA_20260323_140000.BIN,2.4078,7.5944,1.7929,7.5944,4.0590,1,2.794,3.798
2202,DATA_20260323_140000.BIN,1.7929,7.2721,2.3107,7.2721,1.9580,1,2.824,3.262
2203,DATA_20260323_140000.BIN,2.3107,8.3800,0.8955,8.3800,2.6730,1,2.148,3.787
2204,DATA_20260323_140000.BIN,0.8955,3.6185,0.8757,3.6185,1.6060,1,1.603,1.616
2205,DATA_20260323_140000.BIN,0.8757,12.5237,1.8220,12.5237,5.7640,1,0.298,4.948
2206,DATA_20260323_140000.BIN,1.8220,5.4008,2.5658,5.4008,1.8370,1,1.986,3.134
2207,DATA_20260323_140000.BIN,2.4748,7.0174,2.2189,7.0174,1.8590,1,2.618,2.954
2208,DATA_20260323_140000.BIN,2.2189,11.3569,3.0401,11.3569,3.6520,1,2.709,6.006
2209,DATA_20260323_140000.BIN,3.0401,10.1340,1.4602,10.1340,4.7080,1,2.889,4.020
2210,DATA_20260323_140000.BIN,0.3583,13.7908,0.8887,13.7908,4.5210,1,0.652,0.683
2211,DATA_20260323_140000.BIN,2.2730,11.2858,0.4593,11.2858,1.6610,1,2.695,5.594
2212,DATA_20260323_140000.BIN,0.4593,7.4296,0.5885,7.4296,1.4630,1,0.623,0.649
2213,DATA_20260323_140000.BIN,0.5885,4.4343,1.0774,4.4343,1.5180,1,1.328,2.582
2214,DATA_20260323_140000.BIN,1.0774,8.8898,2.1301,8.8898,2.7830,1,1.387,3.181
2215,DATA_20260323_140000.BIN,3.2897,7.7394,3.3310,7.7394,4.0040,1,3.525,8.958
2216,DATA_20260323_140000.BIN,3.3310,5.3829,0.9797,5.3829,2.7610,1,4.176,7.067
2217,DATA_20260323_140000.BIN,0.9797,5.1731,0.4572,5.1731,3.8390,1,0.284,2.818
2218,DATA_20260323_140000.BIN,0.4572,8.1884,0.8359,8.1884,7.4910,1,0.472,7.262
2219,DATA_20260323_140000.BIN,0.8359,10.5666,0.9246,10.5666,4.9940,1,0.939,4.076
2220,DATA_20260323_140000.BIN,9.4113,19.4735,7.8378,19.4735,1.3420,1,11.005,12.224
2221,DATA_20260323_140000.BIN,7.8378,17.0175,3.5050,17.0175,2.2220,1,7.852,8.611
2222,DATA_20260323_140000.BIN,3.5050,6.8617,1.0095,6.8617,2.0790,1,3.501,7.032
2223,DATA_20260323_140000.BIN,1.0095,4.8421,2.4822,4.8421,5.9070,1,2.178,4.144
2224,DATA_20260323_140000.BIN,2.4822,10.6723,2.6170,10.6723,2.2550,1,2.819,2.989
2225,DATA_20260323_140000.BIN,2.6170,9.7776,6.5602,9.7776,4.2790,1,1.978,1.979
2226,DATA_20260323_140000.BIN,6.5602,9.7266,3.1038,9.7266,5.4010,1,6.016,8.238
2227,DATA_20260323_140000.BIN,3.1038,5.1082,1.4062,5.1082,9.1190,1,3.367,3.715
2228,DATA_20260323_140000.BIN,1.4062,13.2180,6.4770,13.2180,7.4580,1,0.631,4.061
2229,DATA_20260323_140000.BIN,6.4770,11.5743,3.1630,11.5743,5.3570,1,6.781,7.472
2230,DATA_20260323_140000.BIN,3.1932,8.8140,2.6464,8.8140,3.6410,1,1.576,4.452
2231,DATA_20260323_140000.BIN,2.6464,8.4208,1.7650,8.4208,3.8170,1,2.176,5.959
2232,DATA_20260323_140000.BIN,1.7650,6.9865,3.9141,6.9865,1.6060,1,3.111,3.630
2233,DATA_20260323_140000.BIN,3.9141,8.0716,3.8259,8.0716,1.6500,1,2.360,5.122
2234,DATA_20260323_140000.BIN,2.6197,5.5474,1.3488,5.5474,2.4640,1,3.645,4.336
2235,DATA_20260323_140000.BIN,1.0764,5.3370,1.1265,5.3370,1.5840,1,1.154,4.429
2236,DATA_20260323_140000.BIN,1.3581,6.4066,1.9804,6.4066,1.4630,1,2.237,5.262
2237,DATA_20260323_140000.BIN,1.9804,5.2558,0.5049,5.2558,1.3530,1,3.197,4.441
2238,DATA_20260323_140000.BIN,0.5049,10.3198,3.6187,10.3198,4.5760,1,1.321,1.328
2239,DATA_20260323_140000.BIN,2.4925,9.2801,0.7957,9.2801,5.2030,1,1.260,1.267
2240,DATA_20260323_140000.BIN,0.7957,8.3146,2.0782,8.3146,1.5840,1,1.913,4.006
2241,DATA_20260323_140000.BIN,2.0782,7.8351,1.1350,7.8351,1.3200,1,2.494,5.459
2242,DATA_20260323_140000.BIN,1.1350,4.5111,2.0915,4.5111,1.1440,1,2.295,2.563
2243,DATA_20260323_140000.BIN,5.9407,10.9176,2.4488,10.9176,5.0160,1,7.040,7.107
2244,DATA_20260323_140000.BIN,2.4488,7.7216,0.6715,7.7216,2.7940,1,1.579,1.614
2245,DATA_20260323_140000.BIN,0.6715,9.8564,3.4113,9.8564,2.2770,1,1.098,3.857
2246,DATA_20260323_140000.BIN,3.4113,7.1909,1.4553,7.1909,1.7490,1,3.871,4.210
2247,DATA_20260323_140000.BIN,1.4553,3.6817,1.0584,3.6817,5.3240,1,2.820,6.200
2248,DATA_20260323_140000.BIN,1.0584,7.9982,0.2735,7.9982,3.8280,1,0.286,1.864
2249,DATA_20260323_140000.BIN,0.2735,6.4742,2.9232,6.4742,1.4080,1,0.969,2.159
2250,DATA_20260323_140000.BIN,3.6465,6.7357,0.4412,6.7357,5.1150,1,3.625,3.731
2251,DATA_20260323_140000.BIN,0.4412,5.4407,2.6436,5.4407,2.4530,1,1.492,1.822
2252,DATA_20260323_140000.BIN,2.6436,5.4309,1.1125,5.4309,1.8590,1,2.084,2.486
2253,DATA_20260323_140000.BIN,1.1125,4.0323,1.3396,4.0323,1.7820,1,0.596,2.045
2254,DATA_20260323_140000.BIN,1.3396,4.8235,1.6057,4.8235,1.8810,1,1.991,2.666
2255,DATA_20260323_140000.BIN,1.6057,5.7578,0.8687,5.7578,2.6290,1,1.784,3.107
2256,DATA_20260323_140000.BIN,0.8687,3.7309,1.9389,3.7309,3.4100,1,0.999,8.317
2257,DATA_20260323_140000.BIN,1.9389,10.7774,1.5113,10.7774,5.8520,1,3.232,4.601
2258,DATA_20260323_140000.BIN,2.0187,10.1271,0.5347,10.1271,5.2690,1,1.926,2.851
2259,DATA_20260323_140000.BIN,0.5347,6.4720,1.8625,6.4720,6.4900,1,0.538,2.202
2260,DATA_20260323_140000.BIN,2.0613,5.7775,0.6456,5.7775,5.6650,1,1.682,5.396
2261,DATA_20260323_140000.BIN,0.6456,8.0264,3.8016,8.0264,3.1130,1,1.581,4.299
2262,DATA_20260323_140000.BIN,0.8328,6.7226,2.4531,6.7226,3.0580,1,1.548,6.321
2263,DATA_20260323_140000.BIN,3.7281,8.4981,1.1788,8.4981,3.5310,1,4.169,4.263
2264,DATA_20260323_140000.BIN,1.1788,6.0676,1.5602,6.0676,1.2540,1,1.013,5.252
2265,DATA_20260323_140000.BIN,0.6783,4.3806,0.5852,4.3806,1.3200,1,1.581,1.658
2266,DATA_20260323_140000.BIN,0.5852,6.2400,0.2207,6.2400,1.6500,1,1.328,2.842
2267,DATA_20260323_140000.BIN,6.6735,11.3429,1.3611,11.3429,7.4360,1,7.429,10.113
2268,DATA_20260323_140000.BIN,3.6756,6.8788,1.8686,6.8788,2.2440,1,3.926,4.799
2269,DATA_20260323_140000.BIN,1.2721,9.7616,1.0529,9.7616,5.0930,1,1.744,3.077
2270,DATA_20260323_140000.BIN,1.0529,5.4702,0.5860,5.4702,3.7070,1,1.040,3.455
2271,DATA_20260323_140000.BIN,0.5860,5.0587,1.8503,5.0587,5.3680,1,0.615,4.739
2272,DATA_20260323_140000.BIN,1.8503,4.1440,1.8801,4.1440,2.0570,1,1.720,5.362
2273,DATA_20260323_140000.BIN,1.8801,4.9743,0.7761,4.9743,3.0910,1,2.061,2.165
2274,DATA_20260323_140000.BIN,0.7761,9.4349,5.8611,9.4349,3.9490,1,1.804,2.255
2275,DATA_20260323_140000.BIN,5.8611,9.4281,5.0567,9.4281,1.5180,1,7.667,7.671
2276,DATA_20260323_140000.BIN,5.0567,19.7363,6.0747,19.7363,2.9590,1,5.897,6.008
2277,DATA_20260323_140000.BIN,6.0747,16.6109,11.9024,16.6109,3.0580,1,6.589,8.480
2278,DATA_20260323_140000.BIN,11.9024,16.8711,2.5273,16.8711,2.4090,1,12.866,13.447
2279,DATA_20260323_140000.BIN,2.5273,12.0212,6.5402,12.0212,3.4980,1,4.535,10.329
2280,DATA_20260323_140000.BIN,6.5402,9.9845,3.8077,9.9845,1.4740,1,5.521,7.069
2281,DATA_20260323_140000.BIN,2.7876,9.1846,1.8129,9.1846,2.9810,1,3.282,3.667
2282,DATA_20260323_140000.BIN,1.8129,8.0838,1.4719,8.0838,1.4410,1,3.147,4.576
2283,DATA_20260323_140000.BIN,1.4719,14.6590,3.3058,14.6590,3.6520,1,1.478,3.069
2284,DATA_20260323_140000.BIN,3.3058,9.0480,3.4321,9.0480,2.7500,1,1.598,2.534
2285,DATA_20260323_140000.BIN,2.0935,8.0600,4.7922,8.0600,1.3310,1,1.920,1.931
2286,DATA_20260323_140000.BIN,4.7922,25.7906,15.3674,25.7906,9.6800,1,6.419,6.437
2287,DATA_20260323_140000.BIN,10.6248,16.0727,7.5539,16.0727,2.5190,1,13.803,18.859
2288,DATA_20260323_140000.BIN,3.3081,8.6472,1.8507,8.6472,1.4300,1,5.431,5.520
2289,DATA_20260323_140000.BIN,1.8507,8.6888,1.6266,8.6888,1.4190,1,2.556,3.487
2290,DATA_20260323_140000.BIN,1.6266,9.1946,2.0478,9.1946,1.7380,1,2.246,6.914
2291,DATA_20260323_140000.BIN,2.0478,9.9718,1.0290,9.9718,5.6870,1,2.593,4.967
2292,DATA_20260323_140000.BIN,1.0290,8.2443,3.1657,8.2443,3.3770,1,1.301,1.307
2293,DATA_20260323_140000.BIN,3.1657,5.3113,1.7735,5.3113,3.6410,1,3.253,3.278
2294,DATA_20260323_140000.BIN,4.7168,7.8597,0.7499,7.8597,4.3780,1,5.766,7.440
2295,DATA_20260323_140000.BIN,0.7499,9.4538,0.4068,9.4538,3.5640,1,0.429,4.103
2296,DATA_20260323_140000.BIN,0.4068,6.9950,1.9373,6.9950,2.5080,1,1.108,1.761
2297,DATA_20260323_140000.BIN,1.9373,5.5245,1.1056,5.5245,1.1770,1,2.595,3.083
2298,DATA_20260323_140000.BIN,1.1056,11.0816,1.6901,11.0816,3.0140,1,0.714,0.760
2299,DATA_20260323_140000.BIN,1.6832,8.0671,3.0188,8.0671,3.5640,1,1.318,1.529
2300,DATA_20260323_140000.BIN,2.7676,6.6299,2.9375,6.6299,1.8480,1,3.163,4.059
2301,DATA_20260323_140000.BIN,2.9375,7.2930,2.3416,7.2930,1.3090,1,2.578,3.744
2302,DATA_20260323_140000.BIN,2.3416,6.2883,1.8910,6.2883,1.2980,1,1.688,4.532
2303,DATA_20260323_140000.BIN,2.8643,7.9918,5.3441,7.9918,2.3870,1,2.005,2.731
2304,DATA_20260323_140000.BIN,5.3441,12.2672,3.3699,12.2672,7.4360,1,5.292,6.294
2305,DATA_20260323_140000.BIN,3.3699,6.1732,2.5718,6.1732,3.1240,1,2.641,4.238
2306,DATA_20260323_140000.BIN,2.5718,5.5328,2.3671,5.5328,1.6280,1,1.406,3.528
2307,DATA_20260323_140000.BIN,2.3671,6.2453,2.2894,6.2453,1.8920,1,1.033,1.080
2308,DATA_20260323_140000.BIN,2.2894,4.6042,1.5062,4.6042,1.1770,1,0.548,1.230
2309,DATA_20260323_140000.BIN,1.5062,7.2976,3.8867,7.2976,2.6070,1,0.929,2.741
2310,DATA_20260323_140000.BIN,3.8867,6.1359,3.2299,6.1359,3.8940,1,4.470,4.813
2311,DATA_20260323_140000.BIN,3.2299,7.0563,2.3424,7.0563,1.5290,1,1.639,1.639
2312,DATA_20260323_140000.BIN,3.4744,6.8339,1.2923,6.8339,4.8070,1,2.490,2.964
2313,DATA_20260323_140000.BIN,1.2923,6.1042,2.0853,6.1042,1.7270,1,2.493,2.848
2314,DATA_20260323_140000.BIN,2.0853,5.7939,1.1809,5.7939,1.3970,1,2.094,3.839
2315,DATA_20260323_140000.BIN,1.1809,6.5695,2.4882,6.5695,3.7950,1,3.247,4.586
2316,DATA_20260323_140000.BIN,2.4882,7.0038,2.8460,7.0038,2.2770,1,1.854,6.963
2317,DATA_20260323_140000.BIN,2.8460,6.7480,1.2719,6.7480,1.5400,1,1.537,2.228
2318,DATA_20260323_140000.BIN,0.7050,8.0716,4.6532,8.0716,3.0250,1,1.841,3.868
2319,DATA_20260323_140000.BIN,3.1540,5.9053,3.2550,5.9053,7.9090,1,2.232,3.186
2320,DATA_20260323_140000.BIN,3.2550,5.4962,0.1279,5.4962,6.7870,1,3.809,4.036
2321,DATA_20260323_140000.BIN,0.6371,7.9963,3.4233,7.9963,3.3880,1,1.443,4.229
2322,DATA_20260323_140000.BIN,3.3993,6.3443,1.8767,6.3443,1.7600,1,2.473,2.590
2323,DATA_20260323_140000.BIN,1.8767,4.4650,0.6191,4.4650,1.6500,1,1.047,1.363
2324,DATA_20260323_140000.BIN,0.6191,6.7544,1.3932,6.7544,1.9140,1,1.388,1.392
2325,DATA_20260323_140000.BIN,1.3932,7.4225,1.0870,7.4225,3.4980,1,1.966,2.875
2326,DATA_20260323_140000.BIN,1.0870,4.5263,0.6640,4.5263,1.5070,1,1.735,2.162
2327,DATA_20260323_140000.BIN,0.6640,4.5693,0.5002,4.5693,1.2980,1,1.351,1.814
2328,DATA_20260323_140000.BIN,0.5002,3.8828,1.3088,3.8828,1.5400,1,1.061,1.393
2329,DATA_20260323_140000.BIN,1.3088,4.3988,0.9124,4.3988,1.2870,1,2.212,2.781
2330,DATA_20260323_140000.BIN,0.1951,4.3332,1.5075,4.3332,1.8700,1,1.233,1.837
2331,DATA_20260323_140000.BIN,1.5075,5.4901,0.3875,5.4901,1.4850,1,0.913,1.330
2332,DATA_20260323_140000.BIN,0.3875,5.2526,1.0950,5.2526,1.1110,1,1.522,1.529
2333,DATA_20260323_140000.BIN,0.7352,4.2432,0.7349,4.2432,3.0360,1,1.121,2.419
2334,DATA_20260323_140000.BIN,0.7349,5.3813,2.6895,5.3813,1.3420,1,0.499,2.245
2335,DATA_20260323_140000.BIN,2.6895,6.5423,1.0737,6.5423,2.0240,1,3.361,3.566
2336,DATA_20260323_140000.BIN,1.0737,6.3921,2.3478,6.3921,2.0900,1,1.956,2.277
2337,DATA_20260323_140000.BIN,2.3478,7.2916,1.2173,7.2916,1.4080,1,3.169,3.560
2338,DATA_20260323_140000.BIN,1.2173,5.5234,1.1209,5.5234,1.5840,1,1.513,1.935
2339,DATA_20260323_140000.BIN,1.1209,5.4994,1.6579,5.4994,1.4190,1,1.106,2.136
2340,DATA_20260323_140000.BIN,1.6579,11.5392,1.6763,11.5392,5.3240,1,2.014,2.907
2341,DATA_20260323_140000.BIN,1.6763,4.4092,1.8209,4.4092,3.3440,1,1.898,4.432
2342,DATA_20260323_140000.BIN,1.8209,5.1628,1.8462,5.1628,2.3100,1,1.606,3.533
2343,DATA_20260323_140000.BIN,0.9423,4.7562,0.7682,4.7562,1.8810,1,0.487,2.402
2344,DATA_20260323_140000.BIN,0.7682,4.5546,1.7087,4.5546,6.2040,1,0.270,1.305
2345,DATA_20260323_140000.BIN,1.7087,5.5147,3.0858,5.5147,1.5400,1,1.833,3.013
2346,DATA_20260323_140000.BIN,3.0858,10.8782,8.2105,10.8782,1.7710,1,3.516,4.742
2347,DATA_20260323_140000.BIN,3.8203,10.9796,3.8300,10.9796,2.8160,1,4.956,4.975
2348,DATA_20260323_140000.BIN,3.8300,9.2777,4.8643,9.2777,1.2760,1,4.433,6.137
2349,DATA_20260323_140000.BIN,4.8643,7.8809,1.8213,7.8809,2.2660,1,5.258,5.280
2350,DATA_20260323_140000.BIN,1.6836,16.1464,2.1937,16.1464,1.6280,1,1.220,9.757
2351,DATA_20260323_140000.BIN,2.1937,13.6900,2.6085,13.6900,1.7380,1,1.524,4.058
2352,DATA_20260323_140000.BIN,2.6085,16.0748,11.3908,16.0748,2.7500,1,1.907,1.983
2353,DATA_20260323_140000.BIN,5.9100,9.8047,2.1022,9.8047,4.4550,1,5.504,5.574
2354,DATA_20260323_140000.BIN,2.1022,8.3576,5.3378,8.3576,2.5630,1,3.332,3.343
2355,DATA_20260323_140000.BIN,5.3378,11.1171,3.3828,11.1171,1.9800,1,4.682,5.028
2356,DATA_20260323_140000.BIN,3.3828,12.2528,2.8441,12.2528,4.8510,1,5.255,5.417
2357,DATA_20260323_140000.BIN,2.8441,5.5116,0.9620,5.5116,2.3760,1,4.725,5.022
2358,DATA_20260323_140000.BIN,0.9620,10.9854,5.8103,10.9854,1.8040,1,1.524,5.176
2359,DATA_20260323_140000.BIN,5.8103,13.1747,0.8040,13.1747,4.4000,1,6.784,9.904
2360,DATA_20260323_140000.BIN,0.8040,6.7694,1.1853,6.7694,1.3750,1,1.109,8.126
2361,DATA_20260323_140000.BIN,1.4240,7.3479,2.0335,7.3479,1.2540,1,0.989,3.067
2362,DATA_20260323_140000.BIN,2.0335,7.6082,1.5392,7.6082,1.1770,1,1.970,2.251
2363,DATA_20260323_140000.BIN,1.5392,5.3714,2.5458,5.3714,2.3100,1,0.691,1.168
2364,DATA_20260323_140000.BIN,2.5458,7.2243,1.3917,7.2243,1.2540,1,3.257,4.025
2365,DATA_20260323_140000.BIN,1.3917,6.7396,2.8908,6.7396,1.1990,1,0.361,4.224
2366,DATA_20260323_140000.BIN,2.8908,10.6449,2.7877,10.6449,2.9040,1,2.067,4.331
2367,DATA_20260323_140000.BIN,2.7877,11.2349,1.3297,11.2349,1.4190,1,4.532,5.701
2368,DATA_20260323_140000.BIN,1.3297,5.6294,1.4580,5.6294,1.4520,1,1.585,6.712
2369,DATA_20260323_140000.BIN,1.4580,7.4175,1.4343,7.4175,2.8600,1,0.834,1.204
2370,DATA_20260323_140000.BIN,1.4343,7.5840,2.9314,7.5840,3.0030,1,1.834,5.525
2371,DATA_20260323_140000.BIN,2.4262,6.5193,3.0452,6.5193,1.1550,1,3.843,4.346
2372,DATA_20260323_140000.BIN,3.0452,6.3583,2.6707,6.3583,1.1110,1,4.010,4.491
2373,DATA_20260323_140000.BIN,2.6707,5.5018,2.3551,5.5018,1.2210,1,3.162,3.378
2374,DATA_20260323_140000.BIN,2.3551,4.8278,1.2573,4.8278,1.2430,1,2.571,2.769
2375,DATA_20260323_140000.BIN,1.2573,6.5300,2.4127,6.5300,1.3200,1,1.040,2.114
2376,DATA_20260323_140000.BIN,2.4127,6.3377,1.7800,6.3377,1.2430,1,2.285,3.233
2377,DATA_20260323_140000.BIN,1.7800,5.9386,2.3572,5.9386,1.1330,1,1.750,2.757
2378,DATA_20260323_140000.BIN,2.3572,6.5945,1.0425,6.5945,1.4080,1,2.231,2.321
2379,DATA_20260323_140000.BIN,0.7438,3.9957,1.2676,3.9957,1.1110,1,0.447,2.599
2380,DATA_20260323_140000.BIN,1.2676,4.7773,0.7152,4.7773,4.6420,1,0.631,1.644
2381,DATA_20260323_140000.BIN,0.7152,4.3904,1.5785,4.3904,2.6620,1,1.205,1.993
2382,DATA_20260323_140000.BIN,1.5785,6.3289,2.9940,6.3289,1.4410,1,0.897,0.942
2383,DATA_20260323_140000.BIN,2.9940,7.6993,0.9545,7.6993,1.8810,1,2.596,3.884
2384,DATA_20260323_140000.BIN,1.6143,4.0964,2.1170,4.0964,1.8810,1,1.177,2.627
2385,DATA_20260323_140000.BIN,1.6218,5.3980,1.8182,5.3980,1.6390,1,0.653,2.686
2386,DATA_20260323_140000.BIN,1.8182,4.2525,2.2650,4.2525,1.5290,1,1.630,2.312
2387,DATA_20260323_140000.BIN,2.2650,3.6338,1.3580,3.6338,3.0470,1,1.452,1.531
2388,DATA_20260323_140000.BIN,1.3580,4.2267,2.7549,4.2267,8.3930,1,0.611,1.796
2389,DATA_20260323_140000.BIN,1.4419,4.1548,1.1761,4.1548,2.5300,1,1.001,1.351
2390,DATA_20260323_140000.BIN,1.1761,4.7164,1.4020,4.7164,1.3750,1,0.330,0.680
2391,DATA_20260323_140000.BIN,1.4020,4.7997,2.4002,4.7997,1.3970,1,2.845,2.912
2392,DATA_20260323_140000.BIN,2.3799,4.5190,1.4957,4.5190,1.3310,1,1.607,1.679
2393,DATA_20260323_140000.BIN,1.4957,3.6925,0.8940,3.6925,1.1770,1,1.051,1.655
2394,DATA_20260323_140000.BIN,0.9835,3.1615,0.7858,3.1615,1.3090,1,0.201,0.457
2395,DATA_20260323_140000.BIN,0.7858,3.3843,0.5156,3.3843,4.6420,1,0.627,0.987
2396,DATA_20260323_140000.BIN,0.5156,3.9207,0.1156,3.9207,1.6940,1,1.411,2.634
2397,DATA_20260323_140000.BIN,0.5888,4.8100,1.4056,4.8100,1.2980,1,1.588,5.191
2398,DATA_20260323_140000.BIN,0.6518,4.3132,0.7450,4.3132,1.7050,1,0.394,0.911
2399,DATA_20260323_140000.BIN,0.7450,5.4942,3.7941,5.4942,4.7630,1,0.743,1.612
2400,DATA_20260323_140000.BIN,3.7941,10.9249,5.4308,10.9249,3.0140,1,5.177,5.352
2401,DATA_20260323_140000.BIN,5.4308,9.6919,1.8295,9.6919,2.1560,1,6.013,6.713
2402,DATA_20260323_140000.BIN,1.8295,7.3418,1.2284,7.3418,4.9500,1,2.031,4.298
2403,DATA_20260323_140000.BIN,1.2284,4.6496,1.5240,4.6496,3.5200,1,2.006,3.258
2404,DATA_20260323_140000.BIN,1.5240,7.2615,2.3617,7.2615,8.8550,1,1.344,6.242
2405,DATA_20260323_140000.BIN,2.3617,4.2799,2.3984,4.2799,2.3650,1,2.434,4.082
2406,DATA_20260323_140000.BIN,2.3984,4.3522,2.7212,4.3522,1.8700,1,2.085,2.715
2407,DATA_20260323_140000.BIN,2.7212,7.1270,1.4843,7.1270,6.0830,1,2.301,2.713
2408,DATA_20260323_140000.BIN,0.5477,3.4944,1.3163,3.4944,8.7450,1,1.737,3.112
2409,DATA_20260323_140000.BIN,2.5896,6.1407,0.6726,6.1407,1.2870,1,2.726,2.731
2410,DATA_20260323_140000.BIN,0.6726,4.0585,1.5847,4.0585,1.5730,1,1.783,2.537
2411,DATA_20260323_140000.BIN,1.5847,6.3729,2.8461,6.3729,3.6740,1,2.513,2.514
2412,DATA_20260323_140000.BIN,0.5439,5.0143,1.6025,5.0143,8.2170,1,1.195,4.317
2413,DATA_20260323_140000.BIN,1.4324,4.4116,0.9728,4.4116,4.4880,1,1.370,1.404
2414,DATA_20260323_140000.BIN,0.9728,6.7861,0.8609,6.7861,4.6090,1,1.448,3.669
2415,DATA_20260323_140000.BIN,0.8609,3.3089,1.1593,3.3089,8.3600,1,0.892,1.666
2416,DATA_20260323_140000.BIN,1.1593,3.7069,0.7820,3.7069,1.2870,1,0.886,0.904
2417,DATA_20260323_140000.BIN,1.1971,6.4157,1.8299,6.4157,4.2020,1,0.887,1.006
2418,DATA_20260323_140000.BIN,1.2714,6.3897,0.8145,6.3897,3.4760,1,1.278,2.616
2419,DATA_20260323_140000.BIN,0.8145,16.9112,1.7271,16.9112,4.1360,1,1.489,8.968
2420,DATA_20260323_140000.BIN,1.7271,4.6262,1.7055,4.6262,3.6630,1,1.525,1.822
2421,DATA_20260323_140000.BIN,1.7055,4.9550,0.8264,4.9550,2.2000,1,1.339,2.279
2422,DATA_20260323_140000.BIN,0.8264,5.9436,0.7543,5.9436,3.2560,1,0.893,0.909
2423,DATA_20260323_140000.BIN,0.7543,3.3704,0.6354,3.3704,3.0910,1,1.131,2.305
2424,DATA_20260323_140000.BIN,0.6354,3.2895,0.3904,3.2895,3.6080,1,1.258,1.316
2425,DATA_20260323_140000.BIN,0.3904,3.8365,0.6790,3.8365,3.6960,1,0.946,4.736
2426,DATA_20260323_140000.BIN,1.5598,3.9677,0.7516,3.9677,2.7060,1,1.651,2.203
2427,DATA_20260323_140000.BIN,0.7516,7.2708,1.9567,7.2708,2.7720,1,1.189,4.013
2428,DATA_20260323_140000.BIN,1.9567,11.2009,6.0672,11.2009,1.5290,1,2.839,4.314
2429,DATA_20260323_140000.BIN,0.3564,6.9146,1.3529,6.9146,4.3780,1,0.412,4.733
