cycle_idx,source_file,p0_r,p3_r,p7_r,amplitude,duration_s,validated,tilt_deg,q_error_deg
0,DATA_20260321_071217.BIN,3.2098,13.8126,5.4234,13.8126,1.8590,1,14.174,14.338
1,DATA_20260321_071217.BIN,5.4234,12.0749,7.6267,12.0749,2.8270,1,14.740,14.883
2,DATA_20260321_071217.BIN,4.1992,11.2785,4.2794,11.2785,2.7830,1,12.751,12.807
3,DATA_20260321_071217.BIN,2.5828,10.3598,4.8217,10.3598,1.2430,1,11.827,13.183
4,DATA_20260321_071217.BIN,4.8217,12.0399,2.8312,12.0399,2.3540,1,6.894,9.330
5,DATA_20260321_071217.BIN,6.7671,11.2964,7.2009,11.2964,1.3970,1,6.566,6.908
6,DATA_20260321_071217.BIN,7.2009,10.3120,3.0795,10.3120,2.9590,1,5.746,5.778
7,DATA_20260321_071217.BIN,3.0795,6.9911,1.7283,6.9911,4.6090,1,9.083,9.413
8,DATA_20260321_071217.BIN,0.2504,6.3350,2.5955,6.3350,7.4690,1,10.755,11.095
9,DATA_20260321_071217.BIN,2.5955,9.5180,1.9600,9.5180,4.1690,1,6.924,7.122
10,DATA_20260321_071217.BIN,1.9600,5.5681,1.5802,5.5681,1.2650,1,6.389,6.414
11,DATA_20260321_071217.BIN,1.5802,7.9867,4.1055,7.9867,3.6850,1,6.121,6.127
12,DATA_20260321_071217.BIN,4.1055,8.5089,4.5283,8.5089,2.3760,1,2.686,2.691
13,DATA_20260321_071217.BIN,0.3677,5.1042,0.6088,5.1042,4.7520,1,6.948,7.234
14,DATA_20260321_071217.BIN,1.4558,5.8951,1.3828,5.8951,1.2980,1,6.372,6.493
15,DATA_20260321_071217.BIN,1.3828,9.9215,0.1541,9.9215,3.2340,1,6.269,7.267
16,DATA_20260321_071217.BIN,0.1541,5.5628,0.5271,5.5628,1.9800,1,5.154,5.165
17,DATA_20260321_071217.BIN,3.1558,9.0091,4.6329,9.0091,9.2400,1,6.513,7.923
18,DATA_20260321_071217.BIN,0.7856,7.7381,2.4181,7.7381,6.1820,1,5.138,7.299
19,DATA_20260321_071217.BIN,2.4181,9.5483,3.1857,9.5483,6.8530,1,2.071,3.072
20,DATA_20260321_071217.BIN,3.1857,7.7231,4.7396,7.7231,4.5980,1,1.857,2.775
21,DATA_20260321_071217.BIN,4.3735,7.3318,3.4686,7.3318,3.2230,1,2.051,2.354
22,DATA_20260321_071217.BIN,3.4686,10.2525,6.1795,10.2525,4.3780,1,0.614,2.823
23,DATA_20260321_071217.BIN,6.1795,9.0983,3.6337,9.0983,2.7610,1,4.186,4.920
24,DATA_20260321_071217.BIN,3.6337,7.9188,2.6783,7.9188,1.4190,1,1.481,1.486
25,DATA_20260321_071217.BIN,2.6783,9.1574,2.5625,9.1574,4.0810,1,2.286,2.404
26,DATA_20260321_071217.BIN,2.5625,16.2674,1.4384,16.2674,6.3360,1,0.855,2.342
27,DATA_20260321_071217.BIN,0.1361,8.6065,1.6077,8.6065,3.9490,1,3.739,3.985
28,DATA_20260321_071217.BIN,2.5287,7.4040,2.5081,7.4040,2.0020,1,0.685,1.878
29,DATA_20260321_071217.BIN,1.3854,7.1077,1.9099,7.1077,1.8150,1,4.139,4.813
30,DATA_20260321_071217.BIN,1.9099,5.8556,0.9071,5.8556,3.9270,1,1.830,1.830
31,DATA_20260321_071217.BIN,0.9071,6.2633,0.4912,6.2633,3.4210,1,2.906,2.981
32,DATA_20260321_071217.BIN,0.4912,12.2453,8.4603,12.2453,6.8860,1,3.223,3.750
33,DATA_20260321_071217.BIN,8.4603,11.4784,1.2246,11.4784,4.6420,1,11.920,12.104
34,DATA_20260321_071217.BIN,1.2246,5.3498,0.6548,5.3498,3.0140,1,3.663,5.982
35,DATA_20260321_071217.BIN,1.0120,6.6298,1.1418,6.6298,2.0460,1,1.904,2.086
36,DATA_20260321_071217.BIN,1.1418,13.6686,3.0850,13.6686,5.7640,1,1.399,4.334
37,DATA_20260321_071217.BIN,3.0850,9.6845,3.7970,9.6845,7.7880,1,2.458,2.483
38,DATA_20260321_071217.BIN,4.4930,12.8298,4.0554,12.8298,4.6420,1,4.576,5.088
39,DATA_20260321_071217.BIN,4.0554,7.7706,0.7645,7.7706,6.0390,1,2.830,2.871
40,DATA_20260321_071217.BIN,5.0688,9.5493,5.0653,9.5493,2.4750,1,4.189,4.571
41,DATA_20260321_071217.BIN,1.4893,6.6428,1.4733,6.6428,1.3420,1,3.149,3.200
42,DATA_20260321_071217.BIN,1.4733,8.1569,3.7758,8.1569,7.7000,1,0.749,0.759
43,DATA_20260321_071217.BIN,3.6409,6.8703,3.3431,6.8703,5.7200,1,2.606,2.735
44,DATA_20260321_071217.BIN,2.3008,5.9363,0.4060,5.9363,2.6400,1,4.593,7.480
45,DATA_20260321_071217.BIN,0.4060,10.9834,0.8476,10.9834,2.2660,1,3.673,8.788
46,DATA_20260321_071217.BIN,2.6965,6.1682,1.0391,6.1682,2.4860,1,5.525,8.438
47,DATA_20260321_071217.BIN,3.8864,6.9050,1.9255,6.9050,3.5090,1,6.957,10.231
48,DATA_20260321_071217.BIN,1.9255,7.0858,0.0600,7.0858,1.5070,1,3.411,4.683
49,DATA_20260321_071217.BIN,0.0600,6.2388,1.0649,6.2388,1.5400,1,1.085,1.915
50,DATA_20260321_071217.BIN,1.0649,4.7724,1.0096,4.7724,5.8300,1,2.022,2.118
51,DATA_20260321_071217.BIN,0.8677,4.9655,0.3211,4.9655,6.0720,1,1.039,3.387
52,DATA_20260321_071217.BIN,0.3211,4.5445,0.6358,4.5445,3.1790,1,0.402,1.622
53,DATA_20260321_071217.BIN,0.6358,4.6574,1.1748,4.6574,2.9810,1,0.437,2.110
54,DATA_20260321_071217.BIN,1.2403,6.6346,2.0464,6.6346,3.3220,1,0.585,4.635
55,DATA_20260321_071217.BIN,2.0464,6.1427,2.9127,6.1427,1.5180,1,1.238,3.723
56,DATA_20260321_071217.BIN,2.9127,6.6005,2.1514,6.6005,1.7710,1,4.439,5.154
57,DATA_20260321_071217.BIN,2.1514,8.7432,1.5075,8.7432,4.4440,1,2.741,3.070
58,DATA_20260321_071217.BIN,1.5253,6.2709,0.6055,6.2709,3.6080,1,1.715,1.860
59,DATA_20260321_071217.BIN,1.3479,8.6362,3.6306,8.6362,2.5960,1,0.943,2.630
60,DATA_20260321_071217.BIN,3.6306,7.1928,1.5337,7.1928,1.8370,1,3.872,4.680
61,DATA_20260321_071217.BIN,0.7820,5.4595,2.6267,5.4595,5.0820,1,0.105,1.275
62,DATA_20260321_071217.BIN,2.6267,10.1027,1.5546,10.1027,4.2020,1,2.337,2.446
63,DATA_20260321_071217.BIN,1.5546,7.9347,1.6209,7.9347,1.6610,1,2.540,4.464
64,DATA_20260321_071217.BIN,1.6209,5.6527,2.7451,5.6527,4.0700,1,2.466,3.575
65,DATA_20260321_071217.BIN,0.9123,6.8921,2.9345,6.8921,2.9810,1,2.031,2.359
66,DATA_20260321_071217.BIN,2.9345,8.1207,2.9698,8.1207,4.4000,1,2.492,3.520
67,DATA_20260321_071217.BIN,0.7052,7.1271,2.8685,7.1271,3.1900,1,0.733,1.087
68,DATA_20260321_071217.BIN,2.8685,11.5447,8.3674,11.5447,3.5750,1,3.412,4.369
69,DATA_20260321_071217.BIN,0.7138,3.7906,0.4698,3.7906,2.3320,1,1.374,1.879
70,DATA_20260321_071217.BIN,0.3781,14.2801,1.3885,14.2801,6.5780,1,3.757,11.769
71,DATA_20260321_071217.BIN,4.1411,7.7901,4.2109,7.7901,3.2230,1,4.327,6.866
72,DATA_20260321_071217.BIN,4.1388,7.8150,3.6186,7.8150,4.8840,1,3.841,3.959
73,DATA_20260321_071217.BIN,0.5657,11.5869,1.6748,11.5869,2.7280,1,3.089,10.733
74,DATA_20260321_071217.BIN,1.8795,5.1547,1.1788,5.1547,3.7400,1,1.896,1.927
75,DATA_20260321_071217.BIN,4.7098,10.8482,4.5845,10.8482,3.9380,1,6.552,7.333
76,DATA_20260321_071217.BIN,1.0356,6.6661,0.5324,6.6661,2.0790,1,2.924,3.027
77,DATA_20260321_071217.BIN,2.1213,5.7749,1.4726,5.7749,4.3780,1,2.280,2.304
78,DATA_20260321_071217.BIN,0.9237,4.5852,0.5932,4.5852,2.7280,1,2.534,5.917
79,DATA_20260321_071217.BIN,0.5932,5.3781,2.8172,5.3781,3.9380,1,1.525,2.834
80,DATA_20260321_071217.BIN,2.8172,10.8018,1.1065,10.8018,6.7540,1,3.546,3.636
81,DATA_20260321_071217.BIN,1.1065,5.9023,0.7205,5.9023,1.1330,1,0.560,1.065
82,DATA_20260321_071217.BIN,0.7205,10.4879,0.0962,10.4879,3.9160,1,3.650,7.690
83,DATA_20260321_071217.BIN,0.0962,5.9194,1.0600,5.9194,2.9590,1,0.869,2.848
84,DATA_20260321_071217.BIN,1.0600,4.0702,0.4007,4.0702,4.4110,1,0.622,1.724
85,DATA_20260321_071217.BIN,1.0937,4.8460,1.5635,4.8460,3.0250,1,0.568,0.602
86,DATA_20260321_071217.BIN,1.5635,7.8287,1.6802,7.8287,4.7300,1,1.728,3.269
87,DATA_20260321_071217.BIN,1.6802,10.5557,1.3628,10.5557,7.7660,1,3.802,9.488
88,DATA_20260321_071217.BIN,1.3628,6.1621,2.9645,6.1621,1.7600,1,2.166,2.647
89,DATA_20260321_071217.BIN,9.2242,12.1421,4.9003,12.1421,6.0830,1,11.336,12.300
90,DATA_20260321_071217.BIN,4.9003,10.4163,2.7766,10.4163,4.1360,1,1.561,12.057
91,DATA_20260321_071217.BIN,2.7766,6.1319,1.9465,6.1319,1.3420,1,2.238,2.752
92,DATA_20260321_071217.BIN,14.3407,19.5088,7.3342,19.5088,5.9290,1,18.401,18.487
93,DATA_20260321_071217.BIN,9.9740,15.3900,6.8256,15.3900,5.2360,1,11.140,11.140
94,DATA_20260321_071217.BIN,6.8256,16.2395,7.5858,16.2395,9.6690,1,7.551,7.663
95,DATA_20260321_071217.BIN,7.5858,16.4018,3.0604,16.4018,4.7630,1,7.148,7.587
96,DATA_20260321_071217.BIN,3.0604,9.0890,3.3599,9.0890,5.9400,1,4.917,11.465
97,DATA_20260321_071217.BIN,3.3599,6.7063,2.9492,6.7063,2.4640,1,3.826,5.547
98,DATA_20260321_071217.BIN,4.9550,8.8557,4.6385,8.8557,1.8810,1,3.023,3.179
99,DATA_20260321_071217.BIN,1.5366,6.9793,1.2185,6.9793,3.0800,1,3.553,4.056
100,DATA_20260321_071217.BIN,1.2185,6.0401,2.3013,6.0401,1.7710,1,1.669,3.827
101,DATA_20260321_071217.BIN,6.7488,9.5132,5.5052,9.5132,1.7600,1,6.195,6.660
102,DATA_20260321_071217.BIN,1.4878,13.0993,0.7793,13.0993,7.8430,1,3.028,4.282
103,DATA_20260321_071217.BIN,0.7793,8.1732,3.2457,8.1732,1.3860,1,4.538,8.744
104,DATA_20260321_071217.BIN,0.1066,5.0003,1.4961,5.0003,2.3540,1,4.058,5.457
105,DATA_20260321_071217.BIN,4.4871,8.1028,2.3891,8.1028,1.8810,1,6.116,6.132
106,DATA_20260321_071217.BIN,4.3774,16.4503,4.4141,16.4503,4.3670,1,6.473,11.199
107,DATA_20260321_071217.BIN,4.4141,10.0699,5.2196,10.0699,5.5660,1,6.842,9.954
108,DATA_20260321_071217.BIN,5.2916,8.3384,4.8186,8.3384,1.5510,1,4.346,5.330
109,DATA_20260321_071217.BIN,4.8186,8.8336,1.9054,8.8336,3.6850,1,2.851,2.923
110,DATA_20260321_071217.BIN,1.9054,6.4260,2.8698,6.4260,1.4300,1,1.332,8.441
111,DATA_20260321_071217.BIN,2.8698,7.7021,2.1306,7.7021,7.2270,1,1.531,7.431
112,DATA_20260321_071217.BIN,2.1306,8.3036,3.8325,8.3036,5.9840,1,1.514,1.740
113,DATA_20260321_071217.BIN,3.8325,15.2425,6.7662,15.2425,5.5330,1,2.658,2.658
114,DATA_20260321_071217.BIN,3.5181,10.3459,0.7554,10.3459,4.1140,1,3.490,4.442
115,DATA_20260321_071217.BIN,0.7554,17.6964,10.7308,17.6964,2.9150,1,3.183,6.132
116,DATA_20260321_071217.BIN,10.7308,19.0761,10.2340,19.0761,1.8810,1,11.884,12.169
117,DATA_20260321_071217.BIN,10.2340,18.4425,4.9835,18.4425,4.5100,1,11.627,12.755
118,DATA_20260321_071217.BIN,4.9835,13.5840,1.8000,13.5840,7.8650,1,3.339,6.190
119,DATA_20260321_071217.BIN,1.8000,6.1027,1.2203,6.1027,6.6770,1,2.342,2.386
120,DATA_20260321_071217.BIN,3.3644,8.2807,0.3218,8.2807,5.1040,1,0.879,1.514
121,DATA_20260321_071217.BIN,0.3218,9.0326,0.9947,9.0326,9.6360,1,4.228,4.941
122,DATA_20260321_071217.BIN,0.9947,5.6254,1.2280,5.6254,1.5730,1,4.794,4.908
123,DATA_20260321_071217.BIN,1.2280,9.9125,1.0467,9.9125,7.5680,1,4.120,5.811
124,DATA_20260321_071217.BIN,1.3132,4.3814,0.2558,4.3814,3.1460,1,2.460,4.693
125,DATA_20260321_071217.BIN,0.2558,8.3517,2.4471,8.3517,5.8080,1,3.305,9.089
126,DATA_20260321_071217.BIN,2.4471,9.9856,1.0586,9.9856,3.3440,1,4.442,14.949
127,DATA_20260321_071217.BIN,1.0586,11.6383,2.7344,11.6383,0.9350,1,6.520,16.794
128,DATA_20260321_071217.BIN,2.7344,9.2192,6.2261,9.2192,1.8370,1,2.058,5.015
129,DATA_20260321_071217.BIN,6.2261,11.1589,0.3897,11.1589,4.0370,1,5.380,5.907
130,DATA_20260321_071217.BIN,0.3897,10.4023,1.7505,10.4023,9.7900,1,2.879,3.988
131,DATA_20260321_071217.BIN,1.7505,7.0148,0.6965,7.0148,3.1790,1,2.353,2.373
132,DATA_20260321_071217.BIN,0.6965,11.4791,3.8202,11.4791,6.8310,1,2.490,4.350
133,DATA_20260321_071217.BIN,3.8202,9.9244,5.4741,9.9244,3.0580,1,7.197,8.332
134,DATA_20260321_071217.BIN,5.4741,16.1828,5.2222,16.1828,6.2810,1,7.465,8.519
135,DATA_20260321_071217.BIN,5.2222,20.4184,7.5355,20.4184,5.3790,1,8.221,10.201
136,DATA_20260321_071217.BIN,7.5355,18.3257,6.7999,18.3257,5.5660,1,9.413,9.751
137,DATA_20260321_071217.BIN,6.7999,17.9481,8.4857,17.9481,5.7090,1,7.349,7.431
138,DATA_20260321_071217.BIN,6.0994,21.6731,10.6690,21.6731,7.2930,1,5.944,12.649
139,DATA_20260321_071217.BIN,10.6690,19.1472,2.7658,19.1472,6.7760,1,10.720,10.724
140,DATA_20260321_071217.BIN,2.7658,11.6136,3.2034,11.6136,5.4340,1,1.604,5.088
141,DATA_20260321_071217.BIN,1.0348,17.1138,1.7666,17.1138,8.3820,1,3.006,3.288
142,DATA_20260321_071217.BIN,1.2547,8.4424,3.5837,8.4424,2.5850,1,4.674,5.359
143,DATA_20260321_071217.BIN,0.5652,6.1976,0.7383,6.1976,5.0600,1,3.060,3.756
144,DATA_20260321_071217.BIN,0.7383,6.0388,2.8714,6.0388,5.5880,1,3.747,4.220
145,DATA_20260321_071217.BIN,2.8714,6.8655,0.4150,6.8655,1.6720,1,6.239,7.485
146,DATA_20260321_071217.BIN,2.3968,6.0586,1.9897,6.0586,1.5070,1,3.135,4.398
147,DATA_20260321_071217.BIN,1.9897,9.7452,3.7592,9.7452,3.7840,1,3.080,3.553
148,DATA_20260321_071217.BIN,3.7592,8.6445,2.4711,8.6445,1.2210,1,4.757,4.960
149,DATA_20260321_071217.BIN,2.4711,10.3696,1.5117,10.3696,3.5970,1,3.760,3.838
150,DATA_20260321_071217.BIN,1.6242,7.7926,2.2016,7.7926,2.4860,1,0.533,1.339
151,DATA_20260321_071217.BIN,2.5994,8.2875,2.2784,8.2875,1.3090,1,2.607,2.607
152,DATA_20260321_071217.BIN,2.2784,7.1102,2.3311,7.1102,1.1990,1,2.730,3.159
153,DATA_20260321_071217.BIN,2.1406,6.7631,2.4795,6.7631,1.4410,1,3.109,3.145
154,DATA_20260321_071217.BIN,1.6396,10.3351,2.7022,10.3351,2.7170,1,1.842,2.206
155,DATA_20260321_071217.BIN,2.7022,6.7104,2.5557,6.7104,1.2870,1,3.471,4.763
156,DATA_20260321_071217.BIN,1.2638,5.7380,0.1912,5.7380,1.3420,1,0.469,1.984
157,DATA_20260321_071217.BIN,0.1912,5.1085,0.5783,5.1085,6.2700,1,1.627,1.676
158,DATA_20260321_071217.BIN,2.2829,6.7876,2.6607,6.7876,7.6560,1,2.917,4.724
159,DATA_20260321_071217.BIN,3.2805,7.3533,2.7121,7.3533,1.6500,1,2.847,3.888
160,DATA_20260321_071217.BIN,2.7121,7.9474,2.4150,7.9474,1.7050,1,1.718,4.037
161,DATA_20260321_071217.BIN,2.4150,6.4967,1.3983,6.4967,1.3640,1,1.342,3.363
162,DATA_20260321_071217.BIN,1.3983,5.9752,1.4689,5.9752,1.4300,1,0.308,2.386
163,DATA_20260321_071217.BIN,1.4689,6.0996,1.6347,6.0996,1.5620,1,0.901,2.085
164,DATA_20260321_071217.BIN,1.6347,6.6752,2.1960,6.6752,1.7160,1,0.337,0.469
165,DATA_20260321_071217.BIN,2.1960,11.9771,5.0282,11.9771,2.2440,1,0.670,0.930
166,DATA_20260321_071217.BIN,5.0282,10.7783,4.6303,10.7783,1.7820,1,4.726,4.726
167,DATA_20260321_071217.BIN,4.6303,13.2177,7.9341,13.2177,5.5220,1,3.651,3.682
168,DATA_20260321_071217.BIN,7.9341,12.9952,0.4386,12.9952,4.9060,1,8.472,8.638
169,DATA_20260321_071217.BIN,0.4386,6.7919,0.2627,6.7919,2.9810,1,2.667,5.140
170,DATA_20260321_071217.BIN,0.7627,4.7940,0.3961,4.7940,1.3090,1,1.883,3.201
171,DATA_20260321_071217.BIN,0.3961,5.4168,1.4575,5.4168,1.2540,1,3.154,4.325
172,DATA_20260321_071217.BIN,2.2297,6.1721,1.4768,6.1721,1.4410,1,2.938,2.988
173,DATA_20260321_071217.BIN,1.4617,7.4465,3.3820,7.4465,1.2870,1,0.742,0.743
174,DATA_20260321_071217.BIN,3.3820,22.9141,7.2973,22.9141,5.6980,1,2.107,2.464
175,DATA_20260321_071217.BIN,7.2973,16.3914,6.2204,16.3914,1.5510,1,6.668,6.704
176,DATA_20260321_071217.BIN,5.0917,11.5205,4.2363,11.5205,1.3200,1,4.186,5.081
177,DATA_20260321_071217.BIN,2.5783,17.3053,0.9969,17.3053,8.3820,1,4.111,9.126
178,DATA_20260321_071217.BIN,0.9969,5.7631,1.8593,5.7631,1.4190,1,4.075,4.754
179,DATA_20260321_071217.BIN,6.5023,17.4682,3.1107,17.4682,4.3230,1,5.642,5.645
180,DATA_20260321_071217.BIN,3.1107,6.5206,2.1137,6.5206,1.8040,1,1.803,3.709
181,DATA_20260321_071217.BIN,2.1137,5.7513,1.8234,5.7513,2.0680,1,0.389,1.393
182,DATA_20260321_080000.BIN,6.4031,8.2686,4.3908,8.2686,4.7850,1,3.883,7.225
183,DATA_20260321_080000.BIN,4.3908,10.4389,0.2532,10.4389,6.6880,1,9.104,9.433
184,DATA_20260321_080000.BIN,0.2532,13.5109,3.8965,13.5109,4.8950,1,10.239,10.285
185,DATA_20260321_080000.BIN,3.8965,14.9309,5.1226,14.9309,5.3350,1,5.323,5.335
186,DATA_20260321_080000.BIN,5.1226,6.7788,3.4268,6.7788,4.7410,1,2.785,7.710
187,DATA_20260321_080000.BIN,3.4268,9.0123,5.8109,9.0123,1.1990,1,5.251,5.762
188,DATA_20260321_080000.BIN,5.8109,10.2499,0.4379,10.2499,5.2140,1,1.950,2.398
189,DATA_20260321_080000.BIN,11.3861,23.7345,1.5116,23.7345,8.1400,1,7.669,11.484
190,DATA_20260321_080000.BIN,1.5116,8.5255,4.9302,8.5255,9.4600,1,7.199,8.022
191,DATA_20260321_080000.BIN,4.9302,9.0552,5.5335,9.0552,1.6390,1,1.930,3.820
192,DATA_20260321_080000.BIN,18.2452,26.3375,11.1671,26.3375,2.0350,1,15.622,17.847
193,DATA_20260321_080000.BIN,11.1671,13.7953,10.5031,13.7953,1.3200,1,5.955,5.989
194,DATA_20260321_080000.BIN,7.0736,12.6085,9.0346,12.6085,7.1500,1,4.797,4.812
195,DATA_20260321_080000.BIN,9.0346,10.6508,8.4976,10.6508,5.2690,1,10.228,10.775
196,DATA_20260321_080000.BIN,8.4976,10.8164,9.0722,10.8164,4.3670,1,1.811,2.513
197,DATA_20260321_080000.BIN,8.6673,10.3833,7.8928,10.3833,4.3560,1,7.464,9.326
198,DATA_20260321_080000.BIN,7.8928,11.0437,2.4028,11.0437,6.5120,1,5.601,5.708
199,DATA_20260321_080000.BIN,5.5149,7.6360,4.2363,7.6360,2.8380,1,5.650,8.267
200,DATA_20260321_080000.BIN,4.2363,6.6067,4.8490,6.6067,2.7280,1,2.835,2.840
201,DATA_20260321_080000.BIN,4.3989,10.3773,1.1610,10.3773,5.0930,1,3.191,3.730
202,DATA_20260321_080000.BIN,1.1610,13.8242,3.9003,13.8242,3.3220,1,6.094,7.963
203,DATA_20260321_080000.BIN,3.9003,7.2981,3.3768,7.2981,1.5400,1,2.322,2.943
204,DATA_20260321_080000.BIN,3.3768,7.5668,4.5355,7.5668,2.0350,1,2.422,2.426
205,DATA_20260321_080000.BIN,4.5355,14.8201,0.6180,14.8201,3.5750,1,5.769,5.790
206,DATA_20260321_080000.BIN,0.6180,4.4470,2.1005,4.4470,1.9580,1,5.240,5.327
207,DATA_20260321_080000.BIN,2.1005,8.3283,4.2838,8.3283,4.5430,1,3.235,3.322
208,DATA_20260321_080000.BIN,4.2838,6.1299,0.9071,6.1299,6.7320,1,4.503,5.426
209,DATA_20260321_080000.BIN,0.9071,8.3211,2.2636,8.3211,4.7410,1,3.852,4.130
210,DATA_20260321_080000.BIN,2.2636,5.1144,2.1421,5.1144,2.2550,1,3.747,4.961
211,DATA_20260321_080000.BIN,2.1421,10.3085,3.2166,10.3085,3.2450,1,2.588,3.057
212,DATA_20260321_080000.BIN,3.2166,6.1874,2.3901,6.1874,1.1440,1,0.229,1.525
213,DATA_20260321_080000.BIN,2.3901,6.1676,0.6476,6.1676,1.5180,1,1.751,2.620
214,DATA_20260321_080000.BIN,0.6476,4.1685,1.0289,4.1685,1.0560,1,3.209,3.371
215,DATA_20260321_080000.BIN,1.0289,5.0931,0.6902,5.0931,1.0670,1,2.864,2.864
216,DATA_20260321_080000.BIN,0.6902,5.6289,0.3241,5.6289,1.2650,1,2.956,3.008
217,DATA_20260321_080000.BIN,2.0856,8.7267,4.9140,8.7267,4.5100,1,3.754,3.843
218,DATA_20260321_080000.BIN,4.9140,6.7344,2.5917,6.7344,3.3660,1,3.724,3.728
219,DATA_20260321_080000.BIN,2.2220,11.7362,5.4534,11.7362,3.6410,1,4.996,7.033
220,DATA_20260321_080000.BIN,5.4534,11.5104,4.7529,11.5104,2.8710,1,4.205,4.250
221,DATA_20260321_080000.BIN,4.7529,9.5476,4.1738,9.5476,1.7710,1,2.824,4.078
222,DATA_20260321_080000.BIN,4.1738,8.6325,0.9245,8.6325,1.1440,1,1.849,1.951
223,DATA_20260321_080000.BIN,0.9245,7.4791,2.1297,7.4791,1.1550,1,3.832,6.108
224,DATA_20260321_080000.BIN,2.1297,7.2503,2.6310,7.2503,1.2980,1,1.638,2.171
225,DATA_20260321_080000.BIN,2.6310,6.5467,0.8840,6.5467,2.1010,1,0.309,0.799
226,DATA_20260321_080000.BIN,0.8840,3.7623,1.6661,3.7623,2.7280,1,2.366,5.274
227,DATA_20260321_080000.BIN,1.6661,6.0534,2.4740,6.0534,7.5900,1,1.169,1.845
228,DATA_20260321_080000.BIN,2.4740,5.0482,2.1265,5.0482,2.2660,1,0.783,0.832
229,DATA_20260321_080000.BIN,5.6402,8.7715,4.8845,8.7715,1.2760,1,3.988,4.287
230,DATA_20260321_080000.BIN,7.3386,12.1712,3.4422,12.1712,2.5960,1,5.584,5.620
231,DATA_20260321_080000.BIN,3.4422,6.5433,2.6037,6.5433,1.1000,1,0.666,2.036
232,DATA_20260321_080000.BIN,1.6323,5.8819,1.6156,5.8819,3.8060,1,4.914,5.374
233,DATA_20260321_080000.BIN,1.5359,4.1328,1.0825,4.1328,4.1140,1,2.518,3.239
234,DATA_20260321_080000.BIN,1.0825,3.2161,0.3884,3.2161,1.5950,1,2.949,3.242
235,DATA_20260321_080000.BIN,0.3884,12.1060,3.5386,12.1060,5.7200,1,2.544,3.389
236,DATA_20260321_080000.BIN,1.9057,5.4774,2.9474,5.4774,1.3420,1,4.617,6.769
237,DATA_20260321_080000.BIN,2.9474,13.7915,6.8631,13.7915,1.9580,1,5.293,5.941
238,DATA_20260321_080000.BIN,6.8631,10.4323,7.9076,10.4323,1.1220,1,6.385,7.407
239,DATA_20260321_080000.BIN,7.9076,10.7827,6.4904,10.7827,1.2100,1,7.412,7.434
240,DATA_20260321_080000.BIN,6.4904,10.8588,6.0809,10.8588,1.6280,1,4.830,5.095
241,DATA_20260321_080000.BIN,6.0809,8.4501,4.7032,8.4501,1.3750,1,3.893,3.942
242,DATA_20260321_080000.BIN,3.6256,7.5415,2.0253,7.5415,3.0910,1,1.734,1.943
243,DATA_20260321_080000.BIN,2.0253,5.7208,3.1344,5.7208,3.3770,1,5.559,6.555
244,DATA_20260321_080000.BIN,3.1344,6.0659,3.2587,6.0659,1.9690,1,6.097,6.360
245,DATA_20260321_080000.BIN,3.2587,5.1887,3.5032,5.1887,1.5290,1,5.189,5.387
246,DATA_20260321_080000.BIN,3.5032,9.4864,5.2052,9.4864,2.2000,1,4.790,6.565
247,DATA_20260321_080000.BIN,5.2052,8.6749,3.7751,8.6749,2.5080,1,7.480,9.135
248,DATA_20260321_080000.BIN,3.7751,7.4706,2.5807,7.4706,4.9940,1,5.381,6.319
249,DATA_20260321_080000.BIN,2.5807,6.4154,2.3101,6.4154,6.9520,1,2.567,3.172
250,DATA_20260321_080000.BIN,3.1900,6.0425,2.3811,6.0425,4.5980,1,3.929,7.580
251,DATA_20260321_080000.BIN,2.3811,5.0423,0.5455,5.0423,5.5220,1,2.100,2.395
252,DATA_20260321_080000.BIN,0.5455,8.0229,2.2612,8.0229,6.3030,1,1.264,1.305
253,DATA_20260321_080000.BIN,2.2612,6.7573,1.1298,6.7573,3.3000,1,2.469,2.509
254,DATA_20260321_080000.BIN,0.6925,2.5968,0.4759,2.5968,2.0680,1,1.373,1.489
255,DATA_20260321_080000.BIN,0.4759,3.8820,0.7884,3.8820,1.5290,1,1.507,1.517
256,DATA_20260321_080000.BIN,0.7884,6.3780,0.3885,6.3780,3.2890,1,1.009,1.605
257,DATA_20260321_080000.BIN,0.3885,5.1283,0.4309,5.1283,1.1440,1,1.068,2.660
258,DATA_20260321_080000.BIN,0.4309,5.7024,1.0810,5.7024,1.1770,1,1.378,2.468
259,DATA_20260321_080000.BIN,1.0810,4.2124,1.2252,4.2124,1.1440,1,1.299,2.372
260,DATA_20260321_080000.BIN,1.2252,5.4601,0.7385,5.4601,3.3330,1,1.959,1.979
261,DATA_20260321_080000.BIN,0.7385,3.0492,0.0531,3.0492,4.6090,1,1.776,2.388
262,DATA_20260321_080000.BIN,0.0531,2.8442,0.8966,2.8442,4.1580,1,0.444,0.473
263,DATA_20260321_080000.BIN,0.8966,6.2304,0.7497,6.2304,3.2560,1,1.569,2.423
264,DATA_20260321_080000.BIN,0.7497,6.2739,2.7621,6.2739,2.1340,1,1.355,1.723
265,DATA_20260321_080000.BIN,2.0926,7.4511,2.5227,7.4511,2.3540,1,2.357,2.392
266,DATA_20260321_080000.BIN,1.5821,4.8632,0.7017,4.8632,1.2100,1,1.171,4.018
267,DATA_20260321_080000.BIN,0.7017,9.2854,1.0507,9.2854,3.1570,1,1.546,4.491
268,DATA_20260321_080000.BIN,1.0507,3.5291,0.9372,3.5291,1.3200,1,1.987,3.766
269,DATA_20260321_080000.BIN,0.9372,3.6636,1.5220,3.6636,1.3420,1,0.614,1.198
270,DATA_20260321_080000.BIN,1.0212,3.5667,0.8692,3.5667,3.0140,1,0.790,3.039
271,DATA_20260321_080000.BIN,0.8692,4.2818,0.7811,4.2818,1.5620,1,1.073,3.600
272,DATA_20260321_080000.BIN,0.7811,4.1642,0.8787,4.1642,5.7640,1,0.493,1.668
273,DATA_20260321_080000.BIN,1.3282,5.2258,0.6909,5.2258,4.6530,1,2.036,2.077
274,DATA_20260321_080000.BIN,0.6277,3.3366,1.4444,3.3366,1.4410,1,0.800,2.095
275,DATA_20260321_080000.BIN,1.9704,4.1382,1.7131,4.1382,1.2870,1,1.884,2.153
276,DATA_20260321_080000.BIN,1.7131,3.3727,1.8829,3.3727,1.1330,1,1.645,1.679
277,DATA_20260321_080000.BIN,2.1742,4.0800,0.9685,4.0800,1.3200,1,1.579,2.525
278,DATA_20260321_080000.BIN,0.9685,5.3407,2.3568,5.3407,1.6830,1,0.183,1.969
279,DATA_20260321_080000.BIN,1.0185,8.2286,3.7576,8.2286,5.3790,1,1.210,3.630
280,DATA_20260321_080000.BIN,3.1404,7.0830,3.5676,7.0830,1.4740,1,3.682,5.362
281,DATA_20260321_080000.BIN,3.5676,7.4797,4.0689,7.4797,1.6060,1,3.599,5.763
282,DATA_20260321_080000.BIN,4.0689,8.7113,2.4663,8.7113,1.7930,1,3.740,5.864
283,DATA_20260321_080000.BIN,3.6070,8.3757,3.7351,8.3757,1.5070,1,2.942,4.537
284,DATA_20260321_080000.BIN,1.4210,11.6007,2.1659,11.6007,5.0930,1,0.690,0.690
285,DATA_20260321_080000.BIN,2.1659,6.2790,1.4002,6.2790,2.3430,1,3.055,6.181
286,DATA_20260321_080000.BIN,1.3689,8.7086,5.6162,8.7086,3.4870,1,0.904,1.007
287,DATA_20260321_080000.BIN,5.6162,9.9060,7.8360,9.9060,1.9140,1,5.301,5.473
288,DATA_20260321_080000.BIN,7.8360,11.2729,1.9224,11.2729,1.5620,1,7.209,7.691
289,DATA_20260321_080000.BIN,1.9224,10.5282,3.7744,10.5282,1.9470,1,3.611,4.495
290,DATA_20260321_080000.BIN,6.4539,10.0338,5.6266,10.0338,1.8920,1,5.997,6.007
291,DATA_20260321_080000.BIN,4.0659,9.6152,1.3796,9.6152,1.7380,1,4.690,4.765
292,DATA_20260321_080000.BIN,1.3796,7.9909,1.4377,7.9909,1.9580,1,0.818,3.954
293,DATA_20260321_080000.BIN,1.4377,4.9262,0.8076,4.9262,1.4190,1,2.340,7.932
294,DATA_20260321_080000.BIN,0.8076,4.8339,1.2365,4.8339,2.6950,1,1.717,7.451
295,DATA_20260321_080000.BIN,1.2365,8.2728,3.7479,8.2728,1.7160,1,2.120,5.619
296,DATA_20260321_080000.BIN,3.7479,7.3918,0.4901,7.3918,2.4420,1,4.564,5.287
297,DATA_20260321_080000.BIN,0.4901,6.6416,2.3156,6.6416,2.1230,1,1.914,3.459
298,DATA_20260321_080000.BIN,2.0055,6.5527,3.2595,6.5527,1.0450,1,1.904,7.676
299,DATA_20260321_080000.BIN,3.2595,8.6569,1.6596,8.6569,2.4640,1,3.531,5.025
300,DATA_20260321_080000.BIN,1.6596,7.6602,4.0060,7.6602,1.2870,1,1.348,5.158
301,DATA_20260321_080000.BIN,4.0060,6.4866,2.4977,6.4866,1.5840,1,4.718,4.936
302,DATA_20260321_080000.BIN,4.4500,7.8868,5.0344,7.8868,2.0900,1,2.912,5.640
303,DATA_20260321_080000.BIN,1.9188,4.4612,1.5976,4.4612,1.2540,1,4.027,4.072
304,DATA_20260321_080000.BIN,1.5976,4.8773,0.4464,4.8773,1.3200,1,3.061,3.210
305,DATA_20260321_080000.BIN,0.4464,4.3494,1.2044,4.3494,1.2980,1,1.750,1.938
306,DATA_20260321_080000.BIN,1.2044,4.2726,1.4899,4.2726,1.3530,1,2.010,2.011
307,DATA_20260321_080000.BIN,1.4899,5.2902,1.0237,5.2902,1.3200,1,2.844,2.851
308,DATA_20260321_080000.BIN,1.0237,4.5128,1.4730,4.5128,1.3310,1,1.837,1.854
309,DATA_20260321_080000.BIN,1.4730,3.9005,0.6666,3.9005,3.7290,1,2.418,2.735
310,DATA_20260321_080000.BIN,0.6666,5.5463,1.2688,5.5463,1.6720,1,1.769,3.563
311,DATA_20260321_080000.BIN,1.2688,5.5219,1.4086,5.5219,2.3650,1,1.570,1.610
312,DATA_20260321_080000.BIN,1.4086,4.4584,1.0596,4.4584,2.3870,1,2.177,2.637
313,DATA_20260321_080000.BIN,2.4655,5.8660,2.3872,5.8660,1.4190,1,2.652,2.912
314,DATA_20260321_080000.BIN,2.3872,8.2347,0.3333,8.2347,2.9260,1,2.587,2.599
315,DATA_20260321_080000.BIN,0.3333,3.8199,1.0600,3.8199,3.5420,1,1.029,1.479
316,DATA_20260321_080000.BIN,1.0600,3.8344,1.1320,3.8344,2.9920,1,1.470,4.354
317,DATA_20260321_080000.BIN,1.1320,5.4057,1.9990,5.4057,3.1460,1,0.858,0.903
318,DATA_20260321_080000.BIN,1.9990,7.6187,4.0469,7.6187,2.2660,1,1.977,3.088
319,DATA_20260321_080000.BIN,3.7406,8.6056,4.9018,8.6056,2.1010,1,3.624,3.667
320,DATA_20260321_080000.BIN,4.9018,7.7413,4.5574,7.7413,2.2990,1,4.689,5.020
321,DATA_20260321_080000.BIN,4.5574,9.4703,6.0914,9.4703,8.3050,1,4.394,4.824
322,DATA_20260321_080000.BIN,4.4798,6.8464,4.7765,6.8464,2.0240,1,3.161,10.591
323,DATA_20260321_080000.BIN,4.7765,6.9721,2.7999,6.9721,8.3490,1,5.018,10.222
324,DATA_20260321_080000.BIN,3.3186,8.9067,1.6069,8.9067,3.7730,1,4.448,4.628
325,DATA_20260321_080000.BIN,1.6069,4.0321,1.3126,4.0321,1.6830,1,0.508,1.274
326,DATA_20260321_080000.BIN,1.3126,3.7519,1.3448,3.7519,3.9160,1,1.819,5.207
327,DATA_20260321_080000.BIN,1.3448,3.0099,0.7098,3.0099,1.8040,1,1.053,2.254
328,DATA_20260321_080000.BIN,2.2239,4.5497,1.9651,4.5497,1.1770,1,2.528,3.285
329,DATA_20260321_080000.BIN,0.3443,4.1779,1.4776,4.1779,4.3560,1,2.081,2.089
330,DATA_20260321_080000.BIN,1.4776,5.1278,0.3809,5.1278,1.4740,1,3.018,4.012
331,DATA_20260321_080000.BIN,0.3809,3.5882,1.7269,3.5882,2.2330,1,1.856,2.268
332,DATA_20260321_080000.BIN,1.0683,3.2664,0.2226,3.2664,1.0890,1,2.019,6.610
333,DATA_20260321_080000.BIN,0.2226,5.8665,0.7970,5.8665,2.1670,1,2.117,6.277
334,DATA_20260321_080000.BIN,0.7970,4.8253,2.1908,4.8253,2.1340,1,2.063,2.787
335,DATA_20260321_080000.BIN,2.1908,10.0476,6.8018,10.0476,2.1670,1,3.633,4.053
336,DATA_20260321_080000.BIN,2.6745,8.5180,1.6199,8.5180,2.1120,1,3.420,3.421
337,DATA_20260321_080000.BIN,1.6199,6.7976,1.5192,6.7976,0.9790,1,2.359,2.365
338,DATA_20260321_080000.BIN,1.5192,4.0455,0.9076,4.0455,1.7930,1,2.012,2.344
339,DATA_20260321_080000.BIN,4.0008,10.2763,0.3511,10.2763,4.4440,1,4.715,4.797
340,DATA_20260321_080000.BIN,0.3511,8.2153,1.8416,8.2153,3.3660,1,0.306,2.168
341,DATA_20260321_080000.BIN,1.8416,6.3150,2.1221,6.3150,1.4080,1,2.260,2.432
342,DATA_20260321_080000.BIN,2.1221,6.8551,0.7559,6.8551,1.2210,1,1.345,3.072
343,DATA_20260321_080000.BIN,0.7559,5.6315,1.8225,5.6315,1.1550,1,1.319,2.068
344,DATA_20260321_080000.BIN,1.8225,4.8209,0.2039,4.8209,1.2320,1,2.372,2.901
345,DATA_20260321_080000.BIN,0.2039,5.0915,0.7772,5.0915,3.1680,1,0.615,1.233
346,DATA_20260321_080000.BIN,0.7772,5.3678,1.9323,5.3678,1.3200,1,0.650,0.995
347,DATA_20260321_080000.BIN,1.9323,11.1509,1.5928,11.1509,5.6320,1,1.811,1.905
348,DATA_20260321_080000.BIN,1.5928,4.5957,1.8766,4.5957,1.0780,1,2.035,2.445
349,DATA_20260321_080000.BIN,1.8766,4.5120,1.1297,4.5120,1.1440,1,2.425,2.503
350,DATA_20260321_080000.BIN,4.3157,8.2363,0.9603,8.2363,3.7950,1,4.472,5.244
351,DATA_20260321_080000.BIN,0.9603,3.9088,1.4326,3.9088,1.3090,1,1.001,1.633
352,DATA_20260321_080000.BIN,1.4326,4.0869,1.3443,4.0869,1.2870,1,2.787,6.291
353,DATA_20260321_080000.BIN,1.3443,3.7367,2.0792,3.7367,1.1990,1,1.620,1.634
354,DATA_20260321_080000.BIN,2.1292,4.3548,0.8829,4.3548,1.2540,1,2.424,2.821
355,DATA_20260321_080000.BIN,0.8829,4.6737,1.2570,4.6737,1.8810,1,1.950,3.060
356,DATA_20260321_080000.BIN,1.2570,7.6374,0.9342,7.6374,3.8500,1,0.729,3.190
357,DATA_20260321_080000.BIN,1.0046,4.1595,1.5785,4.1595,1.9800,1,1.442,2.148
358,DATA_20260321_080000.BIN,1.5785,4.7308,0.7323,4.7308,7.0070,1,2.431,2.621
359,DATA_20260321_080000.BIN,0.7323,5.4263,0.9305,5.4263,1.7930,1,0.455,4.717
360,DATA_20260321_080000.BIN,0.9305,3.6824,1.2707,3.6824,1.0560,1,1.005,1.786
361,DATA_20260321_080000.BIN,1.2707,4.3421,1.1795,4.3421,1.1000,1,1.586,1.587
362,DATA_20260321_080000.BIN,1.1795,11.2417,0.7128,11.2417,6.0830,1,1.309,1.660
363,DATA_20260321_080000.BIN,0.7128,3.7386,0.7879,3.7386,3.4430,1,1.134,1.328
364,DATA_20260321_080000.BIN,0.7879,5.8514,0.7332,5.8514,1.8480,1,1.168,2.769
365,DATA_20260321_080000.BIN,0.7332,4.7952,1.1017,4.7952,1.3640,1,0.675,1.601
366,DATA_20260321_080000.BIN,1.3086,3.9454,1.2149,3.9454,1.1660,1,1.695,2.017
367,DATA_20260321_080000.BIN,1.2149,3.9829,1.7211,3.9829,1.1440,1,1.260,1.286
368,DATA_20260321_080000.BIN,1.7211,10.1329,1.4093,10.1329,3.2670,1,1.419,1.725
369,DATA_20260321_080000.BIN,1.4093,7.4620,2.1578,7.4620,3.3000,1,1.915,2.033
370,DATA_20260321_080000.BIN,2.1578,5.6359,3.0573,5.6359,6.1050,1,2.916,3.006
371,DATA_20260321_080000.BIN,3.0573,12.6713,0.6590,12.6713,6.0720,1,3.476,3.657
372,DATA_20260321_080000.BIN,0.6590,4.0535,1.3343,4.0535,4.0480,1,0.551,1.368
373,DATA_20260321_080000.BIN,1.3343,3.4933,1.2084,3.4933,1.1440,1,1.134,1.344
374,DATA_20260321_080000.BIN,1.2084,4.6287,0.7322,4.6287,1.4410,1,0.941,1.129
375,DATA_20260321_080000.BIN,0.7322,8.9529,4.0550,8.9529,5.1260,1,1.423,3.712
376,DATA_20260321_080000.BIN,9.6580,13.3789,5.5570,13.3789,1.2980,1,10.659,11.358
377,DATA_20260321_080000.BIN,5.5570,12.0026,7.7707,12.0026,0.9900,1,5.363,8.931
378,DATA_20260321_080000.BIN,7.7707,11.1401,6.4727,11.1401,0.8800,1,7.585,8.342
379,DATA_20260321_080000.BIN,6.4727,11.7802,2.8957,11.7802,3.1680,1,5.583,6.380
380,DATA_20260321_080000.BIN,2.8957,6.6309,0.3431,6.6309,2.6510,1,4.466,4.657
381,DATA_20260321_080000.BIN,0.3431,8.3045,2.4454,8.3045,2.5410,1,2.963,3.185
382,DATA_20260321_080000.BIN,1.6737,17.6291,2.0950,17.6291,4.2130,1,4.392,4.762
383,DATA_20260321_080000.BIN,1.7409,4.4482,3.3920,4.4482,1.1440,1,1.195,6.087
384,DATA_20260321_080000.BIN,3.3920,6.1677,0.9271,6.1677,3.6300,1,1.803,2.654
385,DATA_20260321_080000.BIN,0.9271,5.6379,1.5161,5.6379,2.3980,1,1.257,1.644
386,DATA_20260321_080000.BIN,1.5161,6.5962,1.5174,6.5962,3.5090,1,3.754,4.090
387,DATA_20260321_080000.BIN,0.2324,3.5744,0.9053,3.5744,5.2470,1,1.634,7.072
388,DATA_20260321_080000.BIN,0.9053,4.7328,0.8981,4.7328,3.1240,1,1.153,3.623
389,DATA_20260321_080000.BIN,0.8981,3.5005,0.4683,3.5005,1.2980,1,2.003,2.094
390,DATA_20260321_080000.BIN,0.4683,3.7591,0.4660,3.7591,1.5400,1,1.336,2.058
391,DATA_20260321_080000.BIN,0.4660,4.6816,0.7989,4.6816,1.3750,1,1.592,1.612
392,DATA_20260321_080000.BIN,0.7989,4.3377,0.3427,4.3377,1.1660,1,1.716,1.869
393,DATA_20260321_080000.BIN,1.2912,10.7104,6.4321,10.7104,4.2680,1,1.284,3.596
394,DATA_20260321_080000.BIN,1.7313,5.5361,0.6030,5.5361,1.9140,1,1.685,2.538
395,DATA_20260321_080000.BIN,0.5692,4.6015,0.1627,4.6015,1.8040,1,1.688,2.218
396,DATA_20260321_080000.BIN,0.1627,3.5796,1.2732,3.5796,1.3200,1,1.482,2.366
397,DATA_20260321_080000.BIN,1.2732,10.3426,0.8892,10.3426,3.2780,1,1.224,1.639
398,DATA_20260321_080000.BIN,0.8892,2.7369,0.5253,2.7369,2.7170,1,0.596,0.704
399,DATA_20260321_080000.BIN,0.5253,5.3949,2.5272,5.3949,4.7080,1,0.045,0.485
400,DATA_20260321_080000.BIN,2.5272,6.2966,2.7111,6.2966,4.8070,1,3.148,3.157
401,DATA_20260321_080000.BIN,2.7111,5.7335,3.9194,5.7335,3.5200,1,2.824,2.840
402,DATA_20260321_080000.BIN,3.0985,7.9812,1.6008,7.9812,3.3220,1,2.614,2.875
403,DATA_20260321_080000.BIN,1.6008,6.0347,0.7706,6.0347,2.7940,1,1.653,5.931
404,DATA_20260321_080000.BIN,0.7706,3.6785,0.5990,3.6785,3.4540,1,0.090,0.609
405,DATA_20260321_080000.BIN,0.5990,4.1544,1.5899,4.1544,1.9910,1,1.268,1.280
406,DATA_20260321_080000.BIN,0.6414,2.6219,0.6443,2.6219,1.8480,1,0.982,3.959
407,DATA_20260321_080000.BIN,0.6443,12.0550,3.7437,12.0550,8.8660,1,1.860,2.038
408,DATA_20260321_080000.BIN,3.7437,7.2186,0.5004,7.2186,5.8190,1,4.660,4.740
409,DATA_20260321_080000.BIN,0.5004,5.9397,0.7433,5.9397,1.9580,1,1.619,3.059
410,DATA_20260321_080000.BIN,0.7433,3.2980,1.3681,3.2980,2.6950,1,1.682,3.553
411,DATA_20260321_080000.BIN,0.2569,5.1885,1.0157,5.1885,1.7930,1,0.816,2.872
412,DATA_20260321_080000.BIN,1.0157,3.8296,0.9383,3.8296,1.1770,1,1.706,2.369
413,DATA_20260321_080000.BIN,0.6740,5.3172,0.8072,5.3172,5.7090,1,1.045,1.268
414,DATA_20260321_080000.BIN,0.8072,4.3988,2.1581,4.3988,4.7850,1,0.403,4.603
415,DATA_20260321_080000.BIN,0.3003,14.4896,10.4758,14.4896,3.3880,1,0.421,1.350
416,DATA_20260321_080000.BIN,10.4758,13.6824,3.7959,13.6824,5.4230,1,12.345,12.874
417,DATA_20260321_080000.BIN,3.7959,10.6463,2.5305,10.6463,5.6320,1,3.479,3.480
418,DATA_20260321_080000.BIN,1.5707,3.8658,1.5158,3.8658,3.3330,1,2.127,2.661
419,DATA_20260321_080000.BIN,1.4920,5.0921,2.2152,5.0921,4.5760,1,1.441,1.441
420,DATA_20260321_080000.BIN,1.7101,4.3149,1.5097,4.3149,1.4190,1,0.513,0.787
421,DATA_20260321_080000.BIN,10.6457,14.6597,0.5120,14.6597,7.7990,1,11.419,12.196
422,DATA_20260321_080000.BIN,0.5120,5.8563,1.5216,5.8563,2.6510,1,2.798,4.185
423,DATA_20260321_080000.BIN,1.5216,6.8651,3.9964,6.8651,1.9470,1,1.312,1.333
424,DATA_20260321_080000.BIN,3.9964,5.3726,2.6498,5.3726,2.5520,1,2.823,3.822
425,DATA_20260321_080000.BIN,2.6498,5.6637,0.4682,5.6637,1.9910,1,0.672,4.657
426,DATA_20260321_080000.BIN,0.4682,4.7164,0.1721,4.7164,4.3450,1,1.651,3.832
427,DATA_20260321_080000.BIN,0.1721,15.0477,4.5681,15.0477,8.4480,1,2.151,4.383
428,DATA_20260321_080000.BIN,4.5681,8.4359,1.6906,8.4359,3.0800,1,3.075,6.706
429,DATA_20260321_080000.BIN,1.6906,6.6645,0.8967,6.6645,2.1780,1,4.202,4.238
430,DATA_20260321_080000.BIN,0.8967,4.2785,1.2340,4.2785,1.3200,1,3.278,5.717
431,DATA_20260321_080000.BIN,1.2340,3.9430,1.1369,3.9430,5.5550,1,1.793,1.957
432,DATA_20260321_080000.BIN,1.1369,4.8323,3.8983,4.8323,2.2990,1,2.630,3.095
433,DATA_20260321_080000.BIN,3.8983,4.3558,0.9132,4.3558,3.6410,1,5.165,5.571
434,DATA_20260321_080000.BIN,0.9132,4.9228,0.9829,4.9228,1.7270,1,1.241,1.341
435,DATA_20260321_080000.BIN,1.4836,7.6248,1.6863,7.6248,7.8210,1,2.950,3.211
436,DATA_20260321_080000.BIN,1.6863,3.8588,0.2190,3.8588,1.9250,1,1.858,3.227
437,DATA_20260321_080000.BIN,0.2190,3.1920,1.0043,3.1920,1.6940,1,1.221,3.424
438,DATA_20260321_080000.BIN,0.6685,3.8264,0.6516,3.8264,4.0700,1,1.494,1.499
439,DATA_20260321_080000.BIN,0.9839,11.5546,0.2391,11.5546,5.4120,1,1.565,2.085
440,DATA_20260321_080000.BIN,0.6424,8.4576,4.7271,8.4576,1.7490,1,0.415,1.570
441,DATA_20260321_080000.BIN,2.7023,5.8263,2.6239,5.8263,1.5730,1,3.308,4.819
442,DATA_20260321_080000.BIN,1.4407,11.8637,6.3433,11.8637,3.8830,1,1.964,2.091
443,DATA_20260321_080000.BIN,6.3433,12.1291,7.7020,12.1291,3.8830,1,7.322,7.360
444,DATA_20260321_080000.BIN,7.7020,12.6715,2.7975,12.6715,4.1360,1,8.260,8.269
445,DATA_20260321_080000.BIN,2.7975,5.2675,0.9143,5.2675,1.3530,1,1.607,1.761
446,DATA_20260321_080000.BIN,0.9143,4.8758,1.1932,4.8758,1.2540,1,2.411,2.631
447,DATA_20260321_080000.BIN,1.1932,6.1416,1.9625,6.1416,1.2210,1,2.671,2.919
448,DATA_20260321_080000.BIN,1.9625,6.3873,1.7290,6.3873,2.7170,1,2.576,3.224
449,DATA_20260321_080000.BIN,1.7290,11.5432,1.1366,11.5432,5.9180,1,1.907,4.472
450,DATA_20260321_080000.BIN,1.1366,4.3674,1.0811,4.3674,3.2560,1,0.831,1.622
451,DATA_20260321_080000.BIN,1.0811,10.1611,1.6305,10.1611,3.1020,1,1.274,2.494
452,DATA_20260321_080000.BIN,1.6305,5.0628,1.0576,5.0628,1.0780,1,3.069,3.487
453,DATA_20260321_080000.BIN,1.0576,7.4614,4.9260,7.4614,3.8390,1,1.280,1.573
454,DATA_20260321_080000.BIN,4.9260,10.6619,0.5392,10.6619,5.3460,1,5.826,6.873
455,DATA_20260321_080000.BIN,0.5392,4.8294,1.8102,4.8294,2.1450,1,2.072,4.467
456,DATA_20260321_080000.BIN,1.8102,4.6101,0.9407,4.6101,1.1550,1,2.976,4.196
457,DATA_20260321_080000.BIN,0.9407,15.9286,2.8833,15.9286,7.0070,1,0.856,2.914
458,DATA_20260321_080000.BIN,1.3468,16.5680,3.3863,16.5680,6.0280,1,2.016,2.746
459,DATA_20260321_080000.BIN,2.5793,10.1599,0.9880,10.1599,7.6230,1,2.252,3.875
460,DATA_20260321_080000.BIN,0.9880,5.9408,1.4651,5.9408,1.2210,1,1.632,1.683
461,DATA_20260321_080000.BIN,0.8620,4.0631,1.1097,4.0631,1.5180,1,1.056,1.057
462,DATA_20260321_080000.BIN,1.1097,3.5160,1.1472,3.5160,1.3860,1,2.252,2.327
463,DATA_20260321_080000.BIN,1.1472,4.2371,0.1060,4.2371,8.2940,1,1.239,1.240
464,DATA_20260321_080000.BIN,0.1060,2.7365,0.6610,2.7365,6.4130,1,0.817,1.113
465,DATA_20260321_080000.BIN,0.8054,4.2163,1.8765,4.2163,3.2450,1,1.853,3.498
466,DATA_20260321_080000.BIN,1.1451,4.4160,0.5492,4.4160,1.3090,1,1.611,1.723
467,DATA_20260321_080000.BIN,2.0202,14.1501,10.1045,14.1501,2.8160,1,2.572,3.045
468,DATA_20260321_080000.BIN,10.1045,14.5617,4.4134,14.5617,4.7520,1,11.151,11.652
469,DATA_20260321_080000.BIN,4.4134,6.2229,1.1065,6.2229,1.7380,1,3.478,3.956
470,DATA_20260321_080000.BIN,1.1065,4.8170,1.7095,4.8170,6.3360,1,2.201,2.667
471,DATA_20260321_080000.BIN,1.7095,5.7803,1.8967,5.7803,1.4410,1,3.515,3.538
472,DATA_20260321_080000.BIN,1.8967,6.2706,2.1739,6.2706,4.3230,1,1.638,3.911
473,DATA_20260321_080000.BIN,2.1739,4.2959,1.1190,4.2959,3.2780,1,2.689,3.202
474,DATA_20260321_080000.BIN,1.1190,4.8111,0.6201,4.8111,6.4460,1,0.821,3.818
475,DATA_20260321_080000.BIN,0.6201,3.6681,0.5737,3.6681,1.8480,1,1.375,1.788
476,DATA_20260321_080000.BIN,0.5737,5.3038,1.6717,5.3038,1.6830,1,1.494,1.945
477,DATA_20260321_080000.BIN,1.6717,5.5257,1.7921,5.5257,1.3860,1,1.707,2.782
478,DATA_20260321_080000.BIN,1.7921,5.7546,2.2659,5.7546,1.2320,1,2.144,2.306
479,DATA_20260321_080000.BIN,2.2659,16.7363,1.7090,16.7363,3.9270,1,1.863,2.092
480,DATA_20260321_080000.BIN,1.7090,17.3190,1.1692,17.3190,6.9520,1,1.141,1.146
481,DATA_20260321_080000.BIN,1.0343,13.4995,6.2133,13.4995,4.7410,1,0.153,0.797
482,DATA_20260321_080000.BIN,6.2133,12.1791,4.4098,12.1791,5.2690,1,6.758,6.760
483,DATA_20260321_080000.BIN,4.4098,6.7128,0.8856,6.7128,2.2990,1,5.131,7.452
484,DATA_20260321_080000.BIN,0.8856,4.1797,1.1780,4.1797,1.3860,1,1.192,3.282
485,DATA_20260321_080000.BIN,1.1780,6.0168,0.7954,6.0168,1.3090,1,2.008,2.573
486,DATA_20260321_080000.BIN,0.7954,6.2606,2.0450,6.2606,1.2870,1,1.672,3.445
487,DATA_20260321_080000.BIN,2.0450,6.8654,1.7887,6.8654,1.2980,1,2.858,3.140
488,DATA_20260321_080000.BIN,1.7887,6.5593,3.3812,6.5593,1.2650,1,2.883,2.925
489,DATA_20260321_080000.BIN,3.3812,5.6080,1.3871,5.6080,3.8280,1,4.217,5.042
490,DATA_20260321_080000.BIN,1.3871,5.4617,3.4583,5.4617,3.5200,1,1.899,2.209
491,DATA_20260321_080000.BIN,1.4433,3.4785,0.7737,3.4785,2.9150,1,2.392,2.821
492,DATA_20260321_080000.BIN,0.7737,2.9523,0.5631,2.9523,4.8400,1,0.503,1.867
493,DATA_20260321_080000.BIN,0.5631,4.3362,1.3582,4.3362,4.0260,1,1.493,1.717
494,DATA_20260321_080000.BIN,0.7980,6.9663,2.0030,6.9663,2.5520,1,0.694,1.158
495,DATA_20260321_080000.BIN,2.0030,5.6760,0.1635,5.6760,3.6630,1,2.126,2.411
496,DATA_20260321_080000.BIN,0.1635,3.4298,1.2109,3.4298,1.5950,1,0.319,0.384
497,DATA_20260321_080000.BIN,1.2109,3.9645,0.2220,3.9645,2.2770,1,1.217,1.488
498,DATA_20260321_080000.BIN,0.2220,9.2683,3.3934,9.2683,3.9710,1,0.674,3.221
499,DATA_20260321_080000.BIN,3.3934,6.8709,3.1469,6.8709,5.1480,1,3.347,4.421
500,DATA_20260321_080000.BIN,3.1469,10.0733,2.8526,10.0733,6.0830,1,4.482,6.199
501,DATA_20260321_080000.BIN,2.8818,18.0739,7.9478,18.0739,3.8280,1,3.125,3.235
502,DATA_20260321_080000.BIN,1.6966,6.4460,1.5105,6.4460,1.4300,1,1.747,2.032
503,DATA_20260321_080000.BIN,1.5105,4.7789,1.9448,4.7789,1.9360,1,1.705,1.866
504,DATA_20260321_080000.BIN,1.3643,4.2842,0.9549,4.2842,4.4660,1,1.356,1.482
505,DATA_20260321_080000.BIN,0.9549,3.6020,1.3772,3.6020,5.8300,1,1.484,2.172
506,DATA_20260321_080000.BIN,1.3772,9.0354,1.2757,9.0354,3.3110,1,1.765,1.866
507,DATA_20260321_080000.BIN,1.2757,3.7345,0.5884,3.7345,3.3770,1,1.219,1.792
508,DATA_20260321_080000.BIN,0.5884,7.3765,2.8438,7.3765,1.3970,1,1.218,1.278
509,DATA_20260321_080000.BIN,2.8438,6.9336,4.1816,6.9336,1.2870,1,3.578,4.274
510,DATA_20260321_080000.BIN,4.1816,6.6229,1.0363,6.6229,1.8150,1,4.676,5.577
511,DATA_20260321_080000.BIN,1.0363,3.6587,0.5266,3.6587,2.7830,1,1.472,1.772
512,DATA_20260321_080000.BIN,1.0725,3.5308,1.2712,3.5308,1.7930,1,1.417,1.509
513,DATA_20260321_080000.BIN,1.2712,3.6307,1.2907,3.6307,1.4960,1,1.435,1.435
514,DATA_20260321_080000.BIN,0.8353,2.9339,1.1402,2.9339,1.4630,1,0.859,0.859
515,DATA_20260321_080000.BIN,1.1402,3.0629,0.4291,3.0629,1.5950,1,0.828,1.092
516,DATA_20260321_080000.BIN,0.4291,2.6716,0.8115,2.6716,1.9360,1,0.266,0.350
517,DATA_20260321_080000.BIN,0.8115,3.0958,0.5499,3.0958,1.6940,1,0.545,0.711
518,DATA_20260321_080000.BIN,0.8042,5.6472,1.0685,5.6472,3.7840,1,1.356,1.359
519,DATA_20260321_080000.BIN,1.0685,3.7179,0.3821,3.7179,1.8920,1,1.408,2.194
520,DATA_20260321_080000.BIN,0.3821,18.0288,1.5070,18.0288,8.6130,1,0.449,0.645
521,DATA_20260321_080000.BIN,1.5070,3.8104,0.1003,3.8104,1.4080,1,2.183,2.199
522,DATA_20260321_080000.BIN,0.1003,4.6204,0.3296,4.6204,1.2870,1,0.171,0.260
523,DATA_20260321_080000.BIN,0.3296,4.6504,0.7729,4.6504,1.4080,1,0.298,0.323
524,DATA_20260321_080000.BIN,0.7729,17.1564,3.5042,17.1564,5.4890,1,0.883,1.015
525,DATA_20260321_080000.BIN,5.0374,14.5649,1.8012,14.5649,9.6470,1,4.617,8.203
526,DATA_20260321_080000.BIN,1.8012,5.3171,1.2265,5.3171,2.5960,1,0.964,4.248
527,DATA_20260321_080000.BIN,1.2265,3.3696,0.2842,3.3696,2.7830,1,1.002,1.002
528,DATA_20260321_080000.BIN,0.2842,5.3206,0.1759,5.3206,5.3020,1,1.193,1.407
529,DATA_20260321_080000.BIN,0.1759,3.0235,0.3815,3.0235,2.6950,1,0.337,1.764
530,DATA_20260321_080000.BIN,0.3815,3.7185,0.2318,3.7185,1.5180,1,0.804,1.336
531,DATA_20260321_080000.BIN,0.2318,4.3167,1.3281,4.3167,1.4960,1,0.589,1.214
532,DATA_20260321_080000.BIN,0.9818,2.4654,0.4316,2.4654,5.3680,1,1.776,2.367
533,DATA_20260321_080000.BIN,0.4316,10.1193,0.7797,10.1193,6.2700,1,1.801,5.531
534,DATA_20260321_080000.BIN,2.1971,5.4992,1.1239,5.4992,3.8720,1,2.063,3.525
535,DATA_20260321_080000.BIN,1.1239,4.8914,0.6002,4.8914,5.8740,1,1.414,3.186
536,DATA_20260321_080000.BIN,0.6002,2.2366,0.3346,2.2366,4.4880,1,0.909,1.596
537,DATA_20260321_080000.BIN,0.3346,2.6925,0.6459,2.6925,3.7510,1,0.720,0.775
538,DATA_20260321_080000.BIN,0.3608,3.4850,0.8605,3.4850,1.6060,1,0.254,0.432
539,DATA_20260321_080000.BIN,0.8605,3.4185,0.5820,3.4185,3.9270,1,0.814,0.816
540,DATA_20260321_080000.BIN,0.5021,5.3428,2.0475,5.3428,3.1570,1,0.595,0.929
541,DATA_20260321_080000.BIN,0.3416,7.1088,3.2667,7.1088,2.7500,1,0.759,0.796
542,DATA_20260321_080000.BIN,3.2667,9.1896,0.7484,9.1896,2.5410,1,4.036,4.798
543,DATA_20260321_080000.BIN,0.3917,3.3988,0.6800,3.3988,1.5510,1,0.586,1.685
544,DATA_20260321_080000.BIN,1.3104,4.3802,2.1508,4.3802,2.3320,1,1.145,1.443
545,DATA_20260321_080000.BIN,2.1508,18.6873,11.3151,18.6873,3.6300,1,2.410,2.423
546,DATA_20260321_080000.BIN,11.3151,18.8731,1.9742,18.8731,3.0140,1,11.801,12.008
547,DATA_20260321_080000.BIN,1.9742,5.3154,1.2806,5.3154,1.2870,1,0.110,3.148
548,DATA_20260321_080000.BIN,1.2806,5.1374,1.5412,5.1374,4.2460,1,1.262,1.299
549,DATA_20260321_080000.BIN,0.7364,6.8112,0.6471,6.8112,8.8770,1,2.081,6.638
550,DATA_20260321_080000.BIN,0.6471,3.2658,0.7249,3.2658,3.6410,1,1.007,6.245
551,DATA_20260321_080000.BIN,0.9122,2.8837,0.3380,2.8837,2.0130,1,0.907,2.017
552,DATA_20260321_080000.BIN,0.3380,2.3923,1.0716,2.3923,4.9280,1,1.992,2.154
553,DATA_20260321_080000.BIN,1.9241,4.3272,1.3117,4.3272,1.7820,1,2.382,2.654
554,DATA_20260321_080000.BIN,1.3117,3.9702,0.7368,3.9702,1.3420,1,2.367,2.927
555,DATA_20260321_080000.BIN,1.0298,3.7130,0.8155,3.7130,1.4190,1,2.347,2.930
556,DATA_20260321_080000.BIN,1.4924,6.0499,0.2572,6.0499,8.3820,1,0.910,0.992
557,DATA_20260321_080000.BIN,0.9039,4.6455,1.2324,4.6455,2.3210,1,0.822,4.062
558,DATA_20260321_080000.BIN,1.2324,5.9698,1.1284,5.9698,2.0020,1,2.017,2.386
559,DATA_20260321_080000.BIN,1.1284,3.7457,0.5377,3.7457,1.3860,1,1.175,1.405
560,DATA_20260321_080000.BIN,0.5377,3.9296,1.4915,3.9296,1.4960,1,0.534,1.153
561,DATA_20260321_080000.BIN,1.4915,6.2668,1.8011,6.2668,3.6080,1,1.290,2.183
562,DATA_20260321_080000.BIN,1.8011,6.2129,2.0268,6.2129,4.8620,1,3.114,4.583
563,DATA_20260321_080000.BIN,2.0268,6.8389,3.9010,6.8389,1.2980,1,3.095,3.318
564,DATA_20260321_080000.BIN,3.9010,7.7237,4.8370,7.7237,1.3750,1,4.727,5.100
565,DATA_20260321_080000.BIN,4.8370,11.4687,3.6712,11.4687,5.0380,1,5.272,5.833
566,DATA_20260321_080000.BIN,3.6712,5.0713,2.1069,5.0713,2.4530,1,4.972,5.737
567,DATA_20260321_080000.BIN,2.1069,5.4938,2.7362,5.4938,1.1990,1,1.350,2.555
568,DATA_20260321_080000.BIN,2.7362,6.9512,3.8309,6.9512,1.2540,1,2.622,4.077
569,DATA_20260321_080000.BIN,3.8309,6.6687,3.4816,6.6687,1.3530,1,3.311,3.901
570,DATA_20260321_080000.BIN,3.4816,5.8930,0.7063,5.8930,3.5970,1,2.342,3.141
571,DATA_20260321_080000.BIN,0.7063,5.9775,2.8568,5.9775,3.1130,1,1.570,1.902
572,DATA_20260321_080000.BIN,2.8568,6.7874,0.1465,6.7874,2.8710,1,3.507,3.908
573,DATA_20260321_080000.BIN,0.1465,3.5308,1.8450,3.5308,3.6410,1,1.598,2.095
574,DATA_20260321_080000.BIN,1.8450,4.1165,2.0635,4.1165,2.7060,1,0.494,0.813
575,DATA_20260321_080000.BIN,2.0952,4.8958,1.8122,4.8958,1.5950,1,2.179,3.838
576,DATA_20260321_080000.BIN,1.8122,4.7698,1.9419,4.7698,1.3090,1,1.963,3.399
577,DATA_20260321_080000.BIN,1.9419,5.3287,0.1515,5.3287,3.1900,1,1.032,2.911
578,DATA_20260321_080000.BIN,0.1515,5.9526,0.7648,5.9526,4.4770,1,1.774,3.756
579,DATA_20260321_080000.BIN,0.1131,3.5201,0.8744,3.5201,5.2250,1,1.576,2.120
580,DATA_20260321_080000.BIN,0.8744,4.2899,0.4668,4.2899,6.9300,1,1.173,2.436
581,DATA_20260321_080000.BIN,0.4668,4.9907,1.1385,4.9907,2.7060,1,1.665,4.208
582,DATA_20260321_080000.BIN,0.3599,3.0591,0.2447,3.0591,2.1890,1,1.343,4.560
583,DATA_20260321_080000.BIN,0.8453,6.1696,3.0542,6.1696,1.3640,1,2.191,6.723
584,DATA_20260321_080000.BIN,1.1402,3.3745,1.0172,3.3745,1.5180,1,0.703,1.968
585,DATA_20260321_080000.BIN,1.2582,4.9185,1.6225,4.9185,8.9430,1,1.232,1.557
586,DATA_20260321_080000.BIN,1.6225,7.5274,2.4861,7.5274,6.7210,1,2.228,2.235
587,DATA_20260321_080000.BIN,2.4861,4.3822,0.9757,4.3822,8.3820,1,2.256,2.259
588,DATA_20260321_080000.BIN,0.9757,3.0789,0.3587,3.0789,2.9260,1,1.435,5.270
589,DATA_20260321_080000.BIN,1.8931,9.4269,5.1772,9.4269,6.1160,1,3.447,4.955
590,DATA_20260321_080000.BIN,5.1772,9.2859,3.4108,9.2859,4.2680,1,5.645,6.354
591,DATA_20260321_080000.BIN,3.4108,13.1721,5.5180,13.1721,2.8380,1,4.190,5.524
592,DATA_20260321_080000.BIN,5.5180,7.7539,4.7935,7.7539,1.9470,1,5.435,5.445
593,DATA_20260321_080000.BIN,4.7935,6.7141,3.3853,6.7141,3.3440,1,4.253,5.395
594,DATA_20260321_080000.BIN,3.3853,8.2382,4.9154,8.2382,2.6950,1,4.215,4.310
595,DATA_20260321_080000.BIN,4.9154,8.1848,5.9617,8.1848,4.9060,1,3.953,4.610
596,DATA_20260321_080000.BIN,5.9617,10.9898,8.6817,10.9898,3.5750,1,6.550,7.787
597,DATA_20260321_080000.BIN,9.7789,12.3813,0.9392,12.3813,2.4310,1,12.611,13.093
598,DATA_20260321_080000.BIN,0.9392,4.7130,1.6226,4.7130,1.7600,1,2.896,3.496
599,DATA_20260321_080000.BIN,1.6226,8.6496,4.4249,8.6496,3.6740,1,4.159,4.163
600,DATA_20260321_080000.BIN,2.2018,11.5314,1.1609,11.5314,6.8420,1,1.287,1.288
601,DATA_20260321_080000.BIN,1.1609,3.6146,1.6185,3.6146,2.4640,1,2.882,3.191
602,DATA_20260321_080000.BIN,2.3502,8.4186,1.2088,8.4186,4.0480,1,2.489,3.005
603,DATA_20260321_080000.BIN,2.6427,5.5878,0.0862,5.5878,2.9590,1,4.488,4.963
604,DATA_20260321_080000.BIN,0.6092,5.6877,1.8207,5.6877,3.5860,1,1.307,2.532
605,DATA_20260321_080000.BIN,1.8207,10.4411,1.1206,10.4411,4.3450,1,3.526,4.886
606,DATA_20260321_080000.BIN,1.1206,3.9823,1.0689,3.9823,2.7720,1,1.906,4.614
607,DATA_20260321_080000.BIN,4.4501,9.2666,2.3170,9.2666,6.0390,1,4.392,4.714
608,DATA_20260321_080000.BIN,2.3170,3.9007,0.7500,3.9007,1.9690,1,1.731,2.259
609,DATA_20260321_080000.BIN,0.7500,6.9606,2.4434,6.9606,4.3780,1,1.164,3.058
610,DATA_20260321_080000.BIN,2.4434,15.2749,3.4133,15.2749,2.9810,1,3.115,4.304
611,DATA_20260321_080000.BIN,3.4133,7.8418,3.9473,7.8418,1.4080,1,4.591,4.671
612,DATA_20260321_080000.BIN,3.9473,13.6940,0.2537,13.6940,4.6970,1,5.296,5.296
613,DATA_20260321_080000.BIN,0.2537,14.6157,1.1611,14.6157,5.0270,1,0.750,0.954
614,DATA_20260321_080000.BIN,2.2896,7.3345,1.3058,7.3345,2.8160,1,2.394,2.441
615,DATA_20260321_080000.BIN,1.3058,5.5071,0.8473,5.5071,7.4690,1,2.058,3.996
616,DATA_20260321_080000.BIN,0.4313,3.9886,0.6850,3.9886,1.3970,1,0.856,1.191
617,DATA_20260321_080000.BIN,0.6850,2.8976,0.4888,2.8976,2.3980,1,0.344,2.657
618,DATA_20260321_080000.BIN,0.4888,9.4915,2.2811,9.4915,5.8850,1,0.509,3.490
619,DATA_20260321_080000.BIN,2.2811,6.8700,3.2538,6.8700,3.3000,1,2.509,2.859
620,DATA_20260321_080000.BIN,3.2538,6.7147,4.0494,6.7147,1.4850,1,3.324,4.885
621,DATA_20260321_080000.BIN,4.0494,6.4697,3.5209,6.4697,1.4410,1,3.937,3.984
622,DATA_20260321_080000.BIN,3.5209,5.8190,2.5045,5.8190,1.5510,1,2.790,4.048
623,DATA_20260321_080000.BIN,2.5539,5.5073,1.9753,5.5073,2.2990,1,1.721,2.070
624,DATA_20260321_080000.BIN,1.9753,4.1195,1.3588,4.1195,2.8050,1,1.115,1.121
625,DATA_20260321_080000.BIN,2.4465,4.6584,3.5762,4.6584,1.4300,1,1.699,2.795
626,DATA_20260321_080000.BIN,2.4140,5.1576,1.4778,5.1576,2.2440,1,2.036,2.324
627,DATA_20260321_080000.BIN,1.4778,4.6515,1.0811,4.6515,2.0900,1,0.242,1.490
628,DATA_20260321_080000.BIN,1.0811,6.5533,1.6943,6.5533,4.1030,1,0.751,2.709
629,DATA_20260321_080000.BIN,1.6943,4.1886,1.0265,4.1886,2.1670,1,1.556,2.495
630,DATA_20260321_080000.BIN,2.4742,4.1677,1.6301,4.1677,1.3310,1,2.717,2.924
631,DATA_20260321_080000.BIN,0.3379,5.0903,1.1481,5.0903,2.8710,1,1.816,3.847
632,DATA_20260321_080000.BIN,1.1481,4.0379,0.6693,4.0379,1.4520,1,2.931,3.055
633,DATA_20260321_080000.BIN,0.6693,2.7715,0.2719,2.7715,1.9470,1,0.988,1.017
634,DATA_20260321_080000.BIN,0.2719,4.2503,1.0884,4.2503,2.1120,1,1.795,3.140
635,DATA_20260321_080000.BIN,1.0884,4.1195,0.5407,4.1195,2.3540,1,1.951,4.110
636,DATA_20260321_080000.BIN,0.5407,3.1710,0.6063,3.1710,1.4740,1,1.448,1.644
637,DATA_20260321_080000.BIN,0.6063,2.6049,0.4073,2.6049,1.7490,1,1.336,1.379
638,DATA_20260321_080000.BIN,0.4073,3.2554,0.9420,3.2554,7.6120,1,0.582,2.030
639,DATA_20260321_080000.BIN,0.4916,3.1095,0.4651,3.1095,1.3090,1,0.466,2.388
640,DATA_20260321_080000.BIN,0.4651,2.9262,0.9244,2.9262,1.6610,1,0.493,2.816
641,DATA_20260321_080000.BIN,0.9244,5.5194,0.6795,5.5194,5.7860,1,0.551,1.088
642,DATA_20260321_080000.BIN,1.1685,5.5070,1.2068,5.5070,6.7650,1,1.365,1.375
643,DATA_20260321_080000.BIN,3.3356,7.7106,1.4525,7.7106,5.2580,1,3.374,3.411
644,DATA_20260321_080000.BIN,1.4525,5.3970,1.7596,5.3970,6.5010,1,1.638,4.675
645,DATA_20260321_080000.BIN,1.3938,4.3774,2.0853,4.3774,2.4200,1,1.145,2.119
646,DATA_20260321_080000.BIN,2.0853,6.8471,1.6596,6.8471,3.7400,1,3.266,5.965
647,DATA_20260321_080000.BIN,1.2288,3.8706,0.2088,3.8706,2.0240,1,1.845,3.355
648,DATA_20260321_080000.BIN,1.2048,6.9299,0.5422,6.9299,9.2400,1,2.028,2.291
649,DATA_20260321_080000.BIN,1.7557,7.3893,1.4271,7.3893,5.0820,1,1.095,2.557
650,DATA_20260321_080000.BIN,1.4271,4.6282,2.2807,4.6282,1.5180,1,1.354,1.605
651,DATA_20260321_080000.BIN,1.8074,3.6672,1.5496,3.6672,1.6940,1,1.812,1.935
652,DATA_20260321_080000.BIN,1.5496,3.6533,0.5588,3.6533,5.1590,1,1.349,1.421
653,DATA_20260321_080000.BIN,0.5588,6.2638,1.8512,6.2638,8.1620,1,1.057,3.362
654,DATA_20260321_080000.BIN,1.4287,3.8798,0.2245,3.8798,2.1890,1,1.434,3.666
655,DATA_20260321_080000.BIN,0.2245,4.0181,0.7304,4.0181,3.6850,1,0.729,1.025
656,DATA_20260321_080000.BIN,0.7304,6.3218,1.6553,6.3218,2.9480,1,1.255,3.461
657,DATA_20260321_080000.BIN,1.6553,5.5049,1.1454,5.5049,1.6720,1,1.358,1.374
658,DATA_20260321_080000.BIN,1.1454,4.6747,1.7154,4.6747,2.0680,1,0.958,3.348
659,DATA_20260321_080000.BIN,1.6393,4.4039,2.3823,4.4039,3.6850,1,1.113,1.127
660,DATA_20260321_080000.BIN,1.7028,6.6220,3.9025,6.6220,3.7950,1,1.737,2.368
661,DATA_20260321_080000.BIN,3.9025,7.0626,4.0190,7.0626,1.3200,1,3.648,3.678
662,DATA_20260321_080000.BIN,4.0190,7.0729,4.4838,7.0729,1.2650,1,3.331,4.388
663,DATA_20260321_080000.BIN,4.4838,7.5568,2.4344,7.5568,2.8270,1,3.769,3.773
664,DATA_20260321_080000.BIN,2.4344,6.9903,4.0677,6.9903,2.0240,1,0.408,5.875
665,DATA_20260321_080000.BIN,4.0677,6.8472,4.1598,6.8472,2.5960,1,2.789,3.521
666,DATA_20260321_080000.BIN,4.1598,7.1764,3.5696,7.1764,1.2540,1,2.759,3.058
667,DATA_20260321_080000.BIN,3.5696,7.7737,4.2060,7.7737,1.2870,1,1.772,2.034
668,DATA_20260321_080000.BIN,4.2060,7.9493,4.6547,7.9493,1.3200,1,2.788,2.837
669,DATA_20260321_080000.BIN,4.6547,8.0308,4.0333,8.0308,1.2540,1,2.685,2.696
670,DATA_20260321_080000.BIN,4.0333,6.7754,0.5243,6.7754,3.4210,1,1.669,1.850
671,DATA_20260321_080000.BIN,0.5243,5.9161,3.8159,5.9161,5.5000,1,2.925,3.688
672,DATA_20260321_080000.BIN,3.8159,17.8031,2.5546,17.8031,8.7780,1,2.133,2.191
673,DATA_20260321_080000.BIN,2.5546,5.2764,2.1751,5.2764,2.6620,1,1.107,1.146
674,DATA_20260321_080000.BIN,2.9825,6.9001,2.8249,6.9001,4.7740,1,2.602,3.877
675,DATA_20260321_080000.BIN,0.7267,4.7660,2.1757,4.7660,1.1990,1,2.125,3.468
676,DATA_20260321_080000.BIN,2.1757,7.8233,3.1376,7.8233,3.0250,1,1.761,1.795
677,DATA_20260321_080000.BIN,4.4414,5.9018,2.3491,5.9018,1.7050,1,1.959,4.249
678,DATA_20260321_080000.BIN,2.3491,4.8183,1.1129,4.8183,4.7850,1,0.388,1.545
679,DATA_20260321_080000.BIN,1.1129,3.8269,1.2641,3.8269,1.9360,1,1.898,1.969
680,DATA_20260321_080000.BIN,1.4042,6.7615,1.6677,6.7615,2.4970,1,1.359,1.519
681,DATA_20260321_080000.BIN,1.6677,5.1456,2.3032,5.1456,1.0560,1,0.838,0.919
682,DATA_20260321_080000.BIN,2.3032,4.3619,1.2734,4.3619,1.0890,1,1.210,1.342
683,DATA_20260321_080000.BIN,1.2734,4.6833,1.5926,4.6833,1.1550,1,1.207,1.540
684,DATA_20260321_080000.BIN,1.5926,4.6244,1.9147,4.6244,1.1660,1,2.044,2.093
685,DATA_20260321_080000.BIN,1.9147,4.3944,1.6360,4.3944,1.1770,1,1.631,1.644
686,DATA_20260321_080000.BIN,1.6360,4.2533,2.3491,4.2533,1.1330,1,0.535,0.764
687,DATA_20260321_080000.BIN,2.2194,4.0329,2.6494,4.0329,1.1990,1,0.544,0.837
688,DATA_20260321_080000.BIN,2.0529,5.0092,2.0878,5.0092,1.1110,1,0.222,0.463
689,DATA_20260321_080000.BIN,2.0878,9.3305,0.4631,9.3305,2.4530,1,0.152,0.430
690,DATA_20260321_080000.BIN,0.8371,3.1834,0.3664,3.1834,9.4160,1,1.710,3.519
691,DATA_20260321_080000.BIN,0.3664,3.5886,0.2995,3.5886,3.6300,1,1.661,1.909
692,DATA_20260321_080000.BIN,0.2995,5.5560,3.1831,5.5560,2.7500,1,1.523,1.926
693,DATA_20260321_080000.BIN,1.5457,9.8499,2.9528,9.8499,2.6620,1,2.356,7.473
694,DATA_20260321_080000.BIN,2.9528,7.8362,3.5783,7.8362,5.4560,1,2.355,6.356
695,DATA_20260321_080000.BIN,3.5783,8.0283,0.7004,8.0283,3.1790,1,4.677,4.862
696,DATA_20260321_080000.BIN,0.7004,4.1582,1.2402,4.1582,3.4430,1,1.843,2.908
697,DATA_20260321_080000.BIN,1.2402,4.9060,2.1889,4.9060,1.4630,1,0.819,0.883
698,DATA_20260321_080000.BIN,2.1889,4.6846,0.9794,4.6846,1.2540,1,2.900,2.947
699,DATA_20260321_080000.BIN,1.2038,5.1955,1.7868,5.1955,2.7170,1,1.697,2.172
700,DATA_20260321_080000.BIN,1.7868,5.9865,0.1793,5.9865,4.0590,1,1.118,2.521
701,DATA_20260321_080000.BIN,0.1793,3.6383,0.6501,3.6383,2.5080,1,1.487,1.724
702,DATA_20260321_080000.BIN,0.6501,3.6739,1.0628,3.6739,4.2020,1,0.521,0.660
703,DATA_20260321_080000.BIN,1.0628,5.9316,1.2127,5.9316,4.5430,1,2.480,2.516
704,DATA_20260321_080000.BIN,1.2127,4.1058,0.7228,4.1058,7.5240,1,1.959,2.005
705,DATA_20260321_080000.BIN,0.1321,4.6684,1.3642,4.6684,1.6500,1,1.369,3.142
706,DATA_20260321_080000.BIN,1.3642,6.6300,0.4326,6.6300,2.1340,1,1.044,1.074
707,DATA_20260321_080000.BIN,0.4326,4.5651,0.6339,4.5651,3.7620,1,1.530,2.652
708,DATA_20260321_080000.BIN,3.6416,5.4777,3.0642,5.4777,1.4520,1,3.497,3.658
709,DATA_20260321_080000.BIN,0.9838,3.2040,0.4959,3.2040,5.3460,1,1.025,2.279
710,DATA_20260321_080000.BIN,0.4959,4.4497,1.0572,4.4497,3.5860,1,1.442,2.686
711,DATA_20260321_080000.BIN,1.0572,3.8931,0.0804,3.8931,3.1680,1,0.149,3.911
712,DATA_20260321_080000.BIN,0.0804,3.6189,1.5042,3.6189,7.1940,1,0.848,1.200
713,DATA_20260321_080000.BIN,2.1056,11.9088,7.9024,11.9088,6.0170,1,3.428,4.003
714,DATA_20260321_080000.BIN,7.9024,10.1622,6.5903,10.1622,3.0250,1,9.696,9.817
715,DATA_20260321_080000.BIN,6.5903,10.1031,4.4372,10.1031,6.6220,1,6.837,6.963
716,DATA_20260321_080000.BIN,4.4372,8.1708,6.0229,8.1708,2.9040,1,3.376,5.792
717,DATA_20260321_080000.BIN,6.0229,12.7687,6.2610,12.7687,3.5200,1,5.400,5.403
718,DATA_20260321_080000.BIN,2.7199,5.9158,3.3501,5.9158,3.2670,1,3.930,5.856
719,DATA_20260321_080000.BIN,3.3501,5.7444,2.2374,5.7444,4.0700,1,1.548,3.079
720,DATA_20260321_080000.BIN,2.2374,3.9156,1.3450,3.9156,4.6310,1,2.336,8.637
721,DATA_20260321_080000.BIN,1.3450,4.0734,0.5686,4.0734,1.8150,1,2.490,7.671
722,DATA_20260321_080000.BIN,0.5686,5.4335,2.0148,5.4335,1.3640,1,3.137,3.874
723,DATA_20260321_080000.BIN,2.0148,6.5130,1.1606,6.5130,4.1910,1,3.235,4.164
724,DATA_20260321_080000.BIN,3.0090,4.5450,1.9420,4.5450,1.4300,1,2.230,2.323
725,DATA_20260321_080000.BIN,1.9420,5.1435,1.4367,5.1435,1.5290,1,1.092,2.817
726,DATA_20260321_080000.BIN,1.4367,3.8779,1.0510,3.8779,1.3200,1,1.307,2.426
727,DATA_20260321_080000.BIN,1.0510,4.8074,0.5727,4.8074,1.4190,1,2.080,3.828
728,DATA_20260321_080000.BIN,0.5727,3.6631,1.0566,3.6631,1.1660,1,0.755,2.760
729,DATA_20260321_080000.BIN,1.0566,3.8338,0.8764,3.8338,1.4190,1,1.245,2.308
730,DATA_20260321_080000.BIN,0.8764,3.8896,0.4748,3.8896,1.5730,1,0.986,1.605
731,DATA_20260321_080000.BIN,0.4748,4.8871,0.0676,4.8871,3.9600,1,1.052,1.199
732,DATA_20260321_080000.BIN,0.0676,7.6268,2.2375,7.6268,3.0800,1,0.760,4.154
733,DATA_20260321_080000.BIN,2.2375,9.7203,5.6974,9.7203,3.3880,1,3.171,5.789
734,DATA_20260321_080000.BIN,5.6974,11.2368,2.7181,11.2368,3.1130,1,7.565,7.581
735,DATA_20260321_080000.BIN,2.7181,8.6005,2.2871,8.6005,2.9590,1,3.429,3.593
736,DATA_20260321_080000.BIN,2.2871,20.1236,3.8109,20.1236,5.3680,1,3.595,4.920
737,DATA_20260321_080000.BIN,3.8109,9.0820,1.4986,9.0820,3.5090,1,4.328,4.328
738,DATA_20260321_080000.BIN,1.4986,7.1049,4.7796,7.1049,2.5410,1,1.435,2.354
739,DATA_20260321_080000.BIN,4.7796,6.5472,4.0096,6.5472,3.0690,1,5.185,6.615
740,DATA_20260321_080000.BIN,4.0096,7.5309,0.8270,7.5309,3.9160,1,3.928,7.361
741,DATA_20260321_080000.BIN,0.8270,4.9049,0.8472,4.9049,4.8070,1,1.112,3.155
742,DATA_20260321_080000.BIN,0.8472,5.9152,2.2661,5.9152,1.5180,1,2.309,6.786
743,DATA_20260321_080000.BIN,2.2661,6.5097,2.2201,6.5097,1.2870,1,3.501,3.984
744,DATA_20260321_080000.BIN,2.2201,6.3433,0.5891,6.3433,5.5880,1,2.449,4.753
745,DATA_20260321_080000.BIN,0.5891,6.6536,4.3837,6.6536,4.0920,1,0.529,1.976
746,DATA_20260321_080000.BIN,4.3837,8.4893,0.7477,8.4893,2.8050,1,7.326,11.286
747,DATA_20260321_080000.BIN,0.7477,5.0642,0.8172,5.0642,1.4850,1,1.072,1.883
748,DATA_20260321_080000.BIN,0.8172,3.7044,0.5048,3.7044,1.3310,1,1.668,3.059
749,DATA_20260321_080000.BIN,0.7605,4.3469,1.6668,4.3469,1.5070,1,1.474,3.424
750,DATA_20260321_080000.BIN,0.9056,4.0781,0.9072,4.0781,1.5950,1,1.142,1.703
751,DATA_20260321_080000.BIN,2.4603,20.7571,2.2909,20.7571,6.2810,1,2.362,3.373
752,DATA_20260321_080000.BIN,2.2909,5.8033,3.6594,5.8033,3.7950,1,2.796,2.925
753,DATA_20260321_080000.BIN,3.6594,8.7932,1.0864,8.7932,3.7290,1,3.675,3.916
754,DATA_20260321_080000.BIN,1.6990,6.0798,4.1327,6.0798,1.5840,1,1.110,1.264
755,DATA_20260321_080000.BIN,0.1944,3.0147,1.6683,3.0147,1.6060,1,0.920,1.056
756,DATA_20260321_080000.BIN,1.6683,5.4949,1.0638,5.4949,1.6280,1,1.486,1.486
757,DATA_20260321_080000.BIN,1.0638,4.6304,0.7951,4.6304,1.8700,1,0.935,1.397
758,DATA_20260321_080000.BIN,0.7951,6.6962,4.0037,6.6962,2.4640,1,1.015,4.701
759,DATA_20260321_080000.BIN,1.0431,4.3169,1.3506,4.3169,2.7720,1,1.105,3.993
760,DATA_20260321_080000.BIN,0.7413,7.4032,3.8860,7.4032,7.7220,1,0.990,2.219
761,DATA_20260321_080000.BIN,3.8860,6.6305,3.8403,6.6305,6.8970,1,4.693,4.870
762,DATA_20260321_080000.BIN,1.5616,5.4459,1.0763,5.4459,2.0900,1,1.334,4.215
763,DATA_20260321_080000.BIN,0.9178,8.2730,1.9097,8.2730,3.9380,1,1.003,4.434
764,DATA_20260321_080000.BIN,1.9097,4.3678,0.6501,4.3678,3.6850,1,1.964,1.964
765,DATA_20260321_080000.BIN,0.6501,7.2511,0.6599,7.2511,3.5420,1,1.206,1.652
766,DATA_20260321_080000.BIN,0.6599,3.9359,1.5412,3.9359,1.4740,1,0.544,3.234
767,DATA_20260321_080000.BIN,1.5412,3.5850,0.5382,3.5850,1.4740,1,1.021,2.021
768,DATA_20260321_080000.BIN,0.9242,4.1143,1.2847,4.1143,1.7490,1,0.163,2.266
769,DATA_20260321_080000.BIN,1.2847,4.1623,0.7145,4.1623,1.3530,1,1.460,1.808
770,DATA_20260321_080000.BIN,0.7145,7.9083,3.3634,7.9083,1.3310,1,0.447,0.686
771,DATA_20260321_080000.BIN,4.3990,7.1492,0.6828,7.1492,1.9140,1,5.092,5.595
772,DATA_20260321_080000.BIN,0.6828,5.0475,1.6177,5.0475,3.8280,1,0.588,1.069
773,DATA_20260321_080000.BIN,1.6177,9.5885,1.2310,9.5885,3.9820,1,1.073,1.233
774,DATA_20260321_080000.BIN,1.2310,5.5290,1.3906,5.5290,1.4850,1,0.568,1.467
775,DATA_20260321_080000.BIN,1.3906,5.5423,1.8810,5.5423,1.3750,1,0.573,1.080
776,DATA_20260321_080000.BIN,1.8810,5.0365,0.8849,5.0365,1.4190,1,1.003,2.726
777,DATA_20260321_080000.BIN,0.8849,4.6238,1.2294,4.6238,1.4850,1,0.165,0.439
778,DATA_20260321_080000.BIN,1.2294,3.8145,0.4833,3.8145,1.4630,1,0.328,1.173
779,DATA_20260321_080000.BIN,0.4833,4.4771,1.2599,4.4771,1.4960,1,1.417,1.689
780,DATA_20260321_080000.BIN,1.2599,5.0987,1.2471,5.0987,1.3970,1,0.598,0.809
781,DATA_20260321_080000.BIN,1.2471,4.9442,1.8091,4.9442,1.3750,1,0.489,0.608
782,DATA_20260321_080000.BIN,1.8091,5.5148,2.4655,5.5148,1.5840,1,0.992,1.826
783,DATA_20260321_080000.BIN,1.1162,5.1824,1.1371,5.1824,1.3970,1,0.446,0.713
784,DATA_20260321_080000.BIN,1.1371,3.9892,0.6386,3.9892,1.4410,1,0.361,0.361
785,DATA_20260321_080000.BIN,0.6386,5.1094,0.6888,5.1094,1.6280,1,1.115,1.470
786,DATA_20260321_080000.BIN,0.6888,3.2762,0.4791,3.2762,2.7720,1,0.859,1.067
787,DATA_20260321_080000.BIN,0.4791,2.9222,0.9415,2.9222,2.1340,1,1.447,1.770
788,DATA_20260321_080000.BIN,0.9415,7.0387,2.0731,7.0387,3.8720,1,1.650,2.775
789,DATA_20260321_080000.BIN,2.0731,6.5612,1.4181,6.5612,2.1780,1,2.188,2.212
790,DATA_20260321_080000.BIN,1.4181,6.7330,1.2732,6.7330,1.4630,1,1.002,1.049
791,DATA_20260321_080000.BIN,0.4860,7.4976,1.0578,7.4976,3.2010,1,1.459,1.469
792,DATA_20260321_080000.BIN,0.9833,4.0159,0.6719,4.0159,4.0040,1,1.845,2.008
793,DATA_20260321_080000.BIN,0.6719,3.4597,0.3430,3.4597,1.6720,1,1.435,2.019
794,DATA_20260321_080000.BIN,0.3430,4.2585,0.4986,4.2585,3.7620,1,0.753,0.787
795,DATA_20260321_080000.BIN,0.4986,4.3486,0.7985,4.3486,1.5950,1,0.640,0.697
796,DATA_20260321_080000.BIN,0.7985,3.2582,1.4126,3.2582,1.2980,1,0.882,1.052
797,DATA_20260321_080000.BIN,1.4126,4.2465,1.3731,4.2465,1.5400,1,1.173,3.815
798,DATA_20260321_080000.BIN,1.3731,4.5797,0.5787,4.5797,1.5950,1,0.935,3.632
799,DATA_20260321_080000.BIN,0.5787,4.7546,2.2215,4.7546,5.8960,1,0.354,1.436
800,DATA_20260321_080000.BIN,2.2215,10.1208,4.8567,10.1208,2.9810,1,2.131,4.558
801,DATA_20260321_080000.BIN,6.7105,11.5348,6.5122,11.5348,3.6630,1,7.870,7.984
802,DATA_20260321_080000.BIN,6.5122,11.1331,2.6951,11.1331,1.4300,1,6.633,6.646
803,DATA_20260321_080000.BIN,6.7969,10.7790,7.1148,10.7790,9.5810,1,7.519,7.724
804,DATA_20260321_080000.BIN,7.1148,11.2415,0.0774,11.2415,2.1560,1,6.462,6.462
805,DATA_20260321_080000.BIN,0.0774,5.8716,1.1170,5.8716,2.5740,1,3.015,6.138
806,DATA_20260321_080000.BIN,10.7083,14.5954,7.4802,14.5954,5.3130,1,12.579,14.566
807,DATA_20260321_080000.BIN,7.4802,10.4533,5.2186,10.4533,1.4520,1,7.305,8.142
808,DATA_20260321_080000.BIN,2.7695,6.6316,1.9360,6.6316,4.2680,1,2.802,4.853
809,DATA_20260321_080000.BIN,1.9360,9.3119,3.1386,9.3119,6.4790,1,1.776,3.015
810,DATA_20260321_080000.BIN,1.3832,4.1787,0.4342,4.1787,1.4080,1,2.474,3.821
811,DATA_20260321_080000.BIN,0.4342,5.3325,1.4980,5.3325,1.3310,1,2.395,3.765
812,DATA_20260321_080000.BIN,1.4980,6.2242,3.6604,6.2242,2.7940,1,1.700,2.497
813,DATA_20260321_080000.BIN,3.6604,7.2891,3.7494,7.2891,1.5180,1,1.677,4.353
814,DATA_20260321_080000.BIN,3.7494,6.9865,3.1180,6.9865,1.4520,1,1.603,4.233
815,DATA_20260321_080000.BIN,3.1180,6.1805,2.0872,6.1805,1.1220,1,1.582,1.625
816,DATA_20260321_080000.BIN,2.0872,5.5368,1.1973,5.5368,1.4960,1,0.610,0.619
817,DATA_20260321_080000.BIN,1.1973,5.8955,1.7725,5.8955,1.4410,1,1.371,1.379
818,DATA_20260321_080000.BIN,2.4039,5.7554,2.1394,5.7554,1.3530,1,0.651,1.978
819,DATA_20260321_080000.BIN,2.1394,6.0373,0.5338,6.0373,1.5290,1,0.417,1.999
820,DATA_20260321_080000.BIN,0.5338,3.8064,0.6915,3.8064,1.3310,1,2.278,2.297
821,DATA_20260321_080000.BIN,0.6915,4.8153,1.3769,4.8153,1.4960,1,1.987,2.022
822,DATA_20260321_080000.BIN,1.3769,4.8648,0.9711,4.8648,1.3530,1,0.796,1.022
823,DATA_20260321_080000.BIN,0.9711,5.3264,0.9613,5.3264,1.4520,1,1.013,1.037
824,DATA_20260321_080000.BIN,0.9613,5.5683,0.8992,5.5683,3.1570,1,2.517,2.923
825,DATA_20260321_080000.BIN,0.7851,10.7330,5.2876,10.7330,4.1030,1,2.370,2.610
826,DATA_20260321_080000.BIN,5.2876,14.5048,10.1906,14.5048,1.6500,1,5.144,6.085
827,DATA_20260321_080000.BIN,10.1906,15.5763,11.0660,15.5763,1.2650,1,9.513,9.827
828,DATA_20260321_080000.BIN,11.0660,15.3500,2.8953,15.3500,5.7750,1,9.643,9.869
829,DATA_20260321_080000.BIN,2.8953,7.2454,3.0508,7.2454,4.3340,1,2.261,2.277
830,DATA_20260321_080000.BIN,3.0508,7.3936,5.0233,7.3936,1.6830,1,0.215,2.164
831,DATA_20260321_080000.BIN,5.0233,8.0327,5.5466,8.0327,3.1680,1,3.013,6.016
832,DATA_20260321_080000.BIN,5.5466,8.5892,3.4379,8.5892,2.5410,1,3.555,6.823
833,DATA_20260321_080000.BIN,3.4379,7.0601,3.9987,7.0601,1.4850,1,0.650,0.847
834,DATA_20260321_080000.BIN,3.9987,8.6005,3.3917,8.6005,1.7380,1,0.722,2.913
835,DATA_20260321_080000.BIN,3.3917,8.0665,5.5106,8.0665,1.9690,1,4.899,6.490
836,DATA_20260321_080000.BIN,1.0548,12.1099,6.5160,12.1099,7.6670,1,2.815,2.853
837,DATA_20260321_080000.BIN,7.8100,10.4463,1.8524,10.4463,8.8110,1,8.378,8.441
838,DATA_20260321_080000.BIN,1.8524,7.8497,1.6789,7.8497,3.0360,1,1.474,1.917
839,DATA_20260321_080000.BIN,0.7049,9.7860,1.3884,9.7860,2.8710,1,3.317,3.500
840,DATA_20260321_080000.BIN,1.3884,4.4953,1.9294,4.4953,1.0560,1,4.623,4.632
841,DATA_20260321_080000.BIN,1.9294,4.5476,1.0743,4.5476,2.0130,1,1.414,1.432
842,DATA_20260321_080000.BIN,1.0743,3.9055,1.0451,3.9055,5.2910,1,3.670,3.772
843,DATA_20260321_080000.BIN,1.6297,9.3718,1.6575,9.3718,2.6180,1,1.652,2.054
844,DATA_20260321_080000.BIN,1.9427,6.3183,0.3005,6.3183,7.9310,1,1.153,1.381
845,DATA_20260321_080000.BIN,0.3005,4.9004,1.2376,4.9004,3.9270,1,2.381,3.077
846,DATA_20260321_080000.BIN,1.2376,3.9636,0.6299,3.9636,8.2060,1,2.983,4.276
847,DATA_20260321_080000.BIN,0.3311,5.1453,2.0665,5.1453,5.6870,1,1.528,1.645
848,DATA_20260321_080000.BIN,2.0665,8.9108,1.8633,8.9108,3.8720,1,2.158,3.384
849,DATA_20260321_080000.BIN,1.8633,5.4958,1.7187,5.4958,5.9400,1,1.623,7.223
850,DATA_20260321_080000.BIN,1.7187,3.9162,0.7037,3.9162,1.4740,1,0.801,0.978
851,DATA_20260321_080000.BIN,0.7037,3.1652,1.3005,3.1652,2.2330,1,1.341,1.548
852,DATA_20260321_080000.BIN,1.3005,6.0845,1.0739,6.0845,7.8100,1,1.938,1.952
853,DATA_20260321_080000.BIN,0.8392,3.4493,0.2720,3.4493,2.8270,1,1.397,2.339
854,DATA_20260321_080000.BIN,1.1684,6.0137,2.8095,6.0137,4.4770,1,1.933,5.158
855,DATA_20260321_080000.BIN,2.8095,4.7260,1.2628,4.7260,1.7050,1,3.371,5.968
856,DATA_20260321_080000.BIN,1.2628,4.2357,0.5117,4.2357,2.3100,1,2.424,2.654
857,DATA_20260321_080000.BIN,0.5117,3.1466,0.4944,3.1466,4.8070,1,0.455,1.348
858,DATA_20260321_080000.BIN,0.3633,4.6601,0.3883,4.6601,4.8840,1,0.644,2.784
859,DATA_20260321_080000.BIN,0.3883,4.7740,0.7868,4.7740,4.6750,1,0.509,3.577
860,DATA_20260321_080000.BIN,0.7868,4.2858,0.8881,4.2858,1.4080,1,1.184,2.862
861,DATA_20260321_080000.BIN,0.8881,3.3245,0.6617,3.3245,1.2320,1,0.414,2.069
862,DATA_20260321_080000.BIN,0.6617,4.4907,1.3116,4.4907,1.2100,1,1.180,2.272
863,DATA_20260321_080000.BIN,1.3116,5.0092,1.4320,5.0092,1.5070,1,1.218,1.234
864,DATA_20260321_080000.BIN,1.4320,4.1911,1.3460,4.1911,1.2870,1,1.047,2.984
865,DATA_20260321_080000.BIN,1.3460,5.7310,0.8367,5.7310,3.8390,1,1.919,1.919
866,DATA_20260321_080000.BIN,0.8367,2.9428,0.5760,2.9428,1.2870,1,1.379,2.101
867,DATA_20260321_080000.BIN,0.5760,3.9215,1.1366,3.9215,1.4630,1,0.832,2.973
868,DATA_20260321_080000.BIN,1.1366,4.1986,0.8066,4.1986,2.2440,1,1.211,1.225
869,DATA_20260321_080000.BIN,0.5973,3.8497,0.4292,3.8497,2.0900,1,1.635,3.780
870,DATA_20260321_080000.BIN,0.9896,4.0700,1.5986,4.0700,1.5400,1,1.063,1.296
871,DATA_20260321_080000.BIN,1.5986,4.2497,1.0287,4.2497,2.7390,1,1.565,1.565
872,DATA_20260321_080000.BIN,1.0287,5.3786,0.8493,5.3786,1.3420,1,0.841,2.106
873,DATA_20260321_080000.BIN,2.5387,5.6417,1.8802,5.6417,2.1890,1,1.963,5.874
874,DATA_20260321_080000.BIN,1.8802,4.8705,0.9025,4.8705,2.0790,1,1.543,2.499
875,DATA_20260321_080000.BIN,0.9025,7.0899,1.0743,7.0899,2.0350,1,0.581,2.116
876,DATA_20260321_080000.BIN,1.0743,5.8748,0.2788,5.8748,1.7710,1,0.710,5.625
877,DATA_20260321_080000.BIN,0.2788,4.5669,1.6059,4.5669,2.7610,1,0.886,0.886
878,DATA_20260321_080000.BIN,1.7949,4.1055,2.1210,4.1055,1.2760,1,1.390,2.055
879,DATA_20260321_080000.BIN,2.1210,4.1468,1.3105,4.1468,2.0460,1,1.594,1.773
880,DATA_20260321_080000.BIN,1.3105,4.0231,0.7942,4.0231,2.2770,1,0.594,1.325
881,DATA_20260321_080000.BIN,0.5990,3.7169,0.8419,3.7169,3.3770,1,0.774,1.781
882,DATA_20260321_080000.BIN,0.8419,12.3308,2.4020,12.3308,4.8950,1,1.984,4.172
883,DATA_20260321_080000.BIN,2.4020,7.8468,2.2112,7.8468,1.5840,1,3.517,4.125
884,DATA_20260321_080000.BIN,2.2112,8.7830,3.4481,8.7830,1.5840,1,2.950,2.976
885,DATA_20260321_080000.BIN,1.8973,6.5766,2.0040,6.5766,1.8370,1,2.261,3.034
886,DATA_20260321_080000.BIN,2.0040,4.9087,1.6046,4.9087,2.8380,1,2.172,2.183
887,DATA_20260321_080000.BIN,1.6046,7.0825,2.8961,7.0825,4.5540,1,1.228,3.501
888,DATA_20260321_080000.BIN,2.8961,5.2651,2.2126,5.2651,1.1110,1,3.454,4.252
889,DATA_20260321_080000.BIN,0.9754,4.3758,0.5699,4.3758,5.3790,1,0.634,0.969
890,DATA_20260321_080000.BIN,0.4700,5.3107,1.6302,5.3107,2.7610,1,0.310,1.877
891,DATA_20260321_080000.BIN,2.2392,6.5026,1.4488,6.5026,1.5950,1,2.637,3.396
892,DATA_20260321_080000.BIN,2.3947,4.8181,2.3521,4.8181,1.3200,1,1.900,4.041
893,DATA_20260321_080000.BIN,2.3521,6.1419,2.7008,6.1419,1.3090,1,1.828,2.017
894,DATA_20260321_080000.BIN,2.7008,7.3473,4.3579,7.3473,1.4190,1,2.337,2.412
895,DATA_20260321_080000.BIN,4.3579,7.1976,3.0405,7.1976,1.2870,1,4.185,4.368
896,DATA_20260321_080000.BIN,3.0405,6.7578,1.9407,6.7578,8.5360,1,2.170,2.434
897,DATA_20260321_080000.BIN,1.9407,4.5915,1.8564,4.5915,1.1880,1,1.389,3.450
898,DATA_20260321_080000.BIN,1.8564,7.4835,3.0720,7.4835,1.9910,1,1.388,4.513
899,DATA_20260321_080000.BIN,3.0720,10.2534,5.9799,10.2534,1.3420,1,3.087,4.524
900,DATA_20260321_080000.BIN,5.9799,10.7798,5.6508,10.7798,1.3640,1,5.681,5.917
901,DATA_20260321_080000.BIN,5.6508,9.0439,5.7570,9.0439,1.5730,1,4.512,4.807
902,DATA_20260321_080000.BIN,5.7570,8.9876,6.0707,8.9876,1.7380,1,4.165,4.217
903,DATA_20260321_080000.BIN,6.0707,9.3311,4.6223,9.3311,1.3420,1,3.948,4.429
904,DATA_20260321_080000.BIN,4.6223,7.9241,4.6619,7.9241,1.4740,1,2.210,2.850
905,DATA_20260321_080000.BIN,4.6619,7.6742,4.8864,7.6742,1.8150,1,1.338,4.262
906,DATA_20260321_080000.BIN,4.8864,8.1647,3.5602,8.1647,1.8150,1,2.292,2.566
907,DATA_20260321_080000.BIN,3.5602,5.7789,0.5504,5.7789,4.1580,1,2.675,2.706
908,DATA_20260321_080000.BIN,0.5504,7.4546,2.1556,7.4546,5.1700,1,3.469,3.817
909,DATA_20260321_080000.BIN,2.1556,5.5261,1.9171,5.5261,1.9910,1,3.971,4.888
910,DATA_20260321_080000.BIN,1.7794,7.0883,1.4224,7.0883,1.1330,1,2.576,3.028
911,DATA_20260321_080000.BIN,1.4224,5.0748,0.9185,5.0748,1.6940,1,4.377,4.504
912,DATA_20260321_080000.BIN,0.9185,4.5888,0.8515,4.5888,2.3870,1,1.541,1.748
913,DATA_20260321_080000.BIN,0.8515,3.4480,0.6428,3.4480,1.3640,1,3.032,3.260
914,DATA_20260321_080000.BIN,0.6428,5.8448,0.6037,5.8448,3.1790,1,2.880,2.985
915,DATA_20260321_080000.BIN,0.6037,4.3486,1.6233,4.3486,1.9030,1,1.312,1.541
916,DATA_20260321_080000.BIN,1.6233,13.0664,3.4733,13.0664,4.4110,1,3.095,3.210
917,DATA_20260321_080000.BIN,3.4733,7.4107,2.1270,7.4107,2.9700,1,5.374,5.530
918,DATA_20260321_080000.BIN,2.1270,7.1922,1.0084,7.1922,2.4420,1,3.928,4.428
919,DATA_20260321_080000.BIN,1.0084,10.1183,3.1742,10.1183,4.7630,1,0.287,0.945
920,DATA_20260321_080000.BIN,3.1742,7.2637,2.9290,7.2637,1.3860,1,4.142,6.644
921,DATA_20260321_080000.BIN,2.9290,9.1451,3.3556,9.1451,4.8620,1,3.511,6.048
922,DATA_20260321_080000.BIN,3.3556,5.8034,3.0378,5.8034,1.4300,1,2.932,3.066
923,DATA_20260321_080000.BIN,3.0378,7.0229,4.2439,7.0229,1.5510,1,2.282,2.300
924,DATA_20260321_080000.BIN,8.3559,14.9635,6.3421,14.9635,1.8260,1,8.737,9.200
925,DATA_20260321_080000.BIN,6.3421,19.7440,5.8499,19.7440,3.3660,1,5.647,5.677
926,DATA_20260321_080000.BIN,5.8499,10.0260,4.2168,10.0260,1.4080,1,6.735,6.743
927,DATA_20260321_080000.BIN,4.2168,17.1362,14.8655,17.1362,4.3230,1,4.991,4.999
928,DATA_20260321_080000.BIN,14.8655,21.6567,9.2866,21.6567,3.7730,1,18.023,18.252
929,DATA_20260321_080000.BIN,9.2866,20.6164,8.1387,20.6164,5.4010,1,10.610,11.194
930,DATA_20260321_080000.BIN,8.5045,10.7843,5.1611,10.7843,1.8920,1,7.341,8.046
931,DATA_20260321_080000.BIN,5.1611,9.8728,4.4431,9.8728,2.2110,1,3.351,3.415
932,DATA_20260321_080000.BIN,4.4431,8.7377,2.0340,8.7377,1.3530,1,1.716,2.513
933,DATA_20260321_080000.BIN,2.0340,6.7840,3.5181,6.7840,2.8380,1,2.019,4.029
934,DATA_20260321_080000.BIN,3.5181,7.1914,4.8531,7.1914,1.3860,1,0.989,1.340
935,DATA_20260321_080000.BIN,4.8531,11.4641,6.7609,11.4641,1.7930,1,2.515,2.557
936,DATA_20260321_080000.BIN,3.7316,7.4809,4.9600,7.4809,3.5420,1,2.371,2.377
937,DATA_20260321_080000.BIN,4.9600,13.8448,2.1572,13.8448,5.4230,1,2.350,2.383
938,DATA_20260321_080000.BIN,2.1756,8.1974,4.1351,8.1974,3.7400,1,3.121,3.436
939,DATA_20260321_080000.BIN,4.1351,9.4976,5.8103,9.4976,1.5840,1,1.404,2.840
940,DATA_20260321_080000.BIN,5.8103,9.9156,2.8647,9.9156,2.7610,1,3.026,3.026
941,DATA_20260321_080000.BIN,2.8647,5.4434,1.3021,5.4434,1.3750,1,0.879,1.213
942,DATA_20260321_080000.BIN,1.3021,3.8904,1.9415,3.8904,2.7390,1,2.720,2.729
943,DATA_20260321_080000.BIN,1.6764,13.5726,9.2191,13.5726,3.9380,1,3.302,3.413
944,DATA_20260321_080000.BIN,9.2191,12.1406,5.2244,12.1406,3.1240,1,7.537,7.825
945,DATA_20260321_080000.BIN,5.2244,7.0928,5.0442,7.0928,1.5620,1,1.854,2.381
946,DATA_20260321_080000.BIN,3.0316,8.6179,2.7624,8.6179,3.3220,1,1.395,2.740
947,DATA_20260321_080000.BIN,2.7624,8.2030,3.8117,8.2030,4.3890,1,0.899,1.594
948,DATA_20260321_080000.BIN,3.8117,8.1381,4.0590,8.1381,1.5840,1,0.452,2.586
949,DATA_20260321_080000.BIN,4.0590,8.8777,0.8389,8.8777,2.1010,1,1.142,2.674
950,DATA_20260321_080000.BIN,0.8389,7.1270,1.5071,7.1270,2.9150,1,4.034,8.672
951,DATA_20260321_080000.BIN,1.5071,4.2397,2.7115,4.2397,2.5080,1,2.399,5.310
952,DATA_20260321_080000.BIN,2.7115,6.5222,1.7523,6.5222,6.3360,1,0.792,4.136
953,DATA_20260321_080000.BIN,2.3050,3.7593,0.6979,3.7593,1.6830,1,2.898,3.286
954,DATA_20260321_080000.BIN,0.6979,3.6697,0.7788,3.6697,1.4520,1,2.864,3.169
955,DATA_20260321_080000.BIN,0.7788,3.4548,0.7005,3.4548,1.2650,1,3.104,3.388
956,DATA_20260321_080000.BIN,1.2829,3.6655,1.7605,3.6655,1.9360,1,1.685,3.646
957,DATA_20260321_080000.BIN,4.5311,15.8435,2.5624,15.8435,4.4440,1,5.795,6.881
958,DATA_20260321_080000.BIN,2.5624,6.6112,2.5794,6.6112,4.6090,1,1.086,1.146
959,DATA_20260321_080000.BIN,2.9734,5.2346,1.6302,5.2346,1.5620,1,2.629,2.820
960,DATA_20260321_080000.BIN,0.4335,7.0662,3.2273,7.0662,4.6200,1,2.073,2.078
961,DATA_20260321_080000.BIN,3.2273,11.3984,7.0478,11.3984,5.2910,1,1.684,1.817
962,DATA_20260321_080000.BIN,7.0478,12.0795,6.1083,12.0795,4.3890,1,5.594,5.715
963,DATA_20260321_080000.BIN,6.1083,9.7997,7.5340,9.7997,4.1470,1,4.108,4.249
964,DATA_20260321_080000.BIN,8.0266,10.3074,1.1141,10.3074,5.5770,1,6.240,6.492
965,DATA_20260321_080000.BIN,1.5855,5.9008,2.9902,5.9008,3.4430,1,2.396,3.087
966,DATA_20260321_080000.BIN,2.9902,6.1977,0.9377,6.1977,1.4190,1,0.716,0.724
967,DATA_20260321_080000.BIN,1.4248,4.1938,1.4168,4.1938,1.6060,1,2.299,2.755
968,DATA_20260321_080000.BIN,1.4168,3.8821,1.5714,3.8821,2.9920,1,2.742,3.683
969,DATA_20260321_080000.BIN,3.1346,5.7637,3.5276,5.7637,1.7820,1,2.129,2.342
970,DATA_20260321_080000.BIN,3.5276,9.5880,5.6216,9.5880,3.5530,1,2.655,5.446
971,DATA_20260321_080000.BIN,5.6216,16.4682,11.7826,16.4682,4.6530,1,4.429,4.444
972,DATA_20260321_080000.BIN,11.7826,17.7274,13.7345,17.7274,1.1770,1,9.761,11.100
973,DATA_20260321_080000.BIN,13.7345,17.4461,14.3866,17.4461,3.0140,1,10.842,11.727
974,DATA_20260321_080000.BIN,14.3866,17.5087,14.5303,17.5087,2.2990,1,11.154,11.161
975,DATA_20260321_080000.BIN,14.5303,17.2819,13.9016,17.2819,5.6320,1,10.561,10.693
976,DATA_20260321_080000.BIN,13.9016,17.9942,10.5898,17.9942,6.1160,1,9.095,9.103
977,DATA_20260321_080000.BIN,10.5898,17.3198,12.0186,17.3198,7.9860,1,6.516,6.634
978,DATA_20260321_080000.BIN,12.0186,16.3791,11.6619,16.3791,5.6210,1,6.704,6.733
979,DATA_20260321_080000.BIN,11.6619,15.3682,10.5669,15.3682,6.3910,1,6.867,9.071
980,DATA_20260321_080000.BIN,10.5669,13.3513,10.8621,13.3513,1.3090,1,2.005,4.889
981,DATA_20260321_080000.BIN,12.1838,15.9965,6.9894,15.9965,5.3240,1,7.891,9.336
982,DATA_20260321_080000.BIN,6.9894,9.5841,2.4636,9.5841,5.5770,1,1.995,1.995
983,DATA_20260321_080000.BIN,0.7546,4.8095,0.6647,4.8095,5.5880,1,9.111,9.119
984,DATA_20260321_080000.BIN,0.6647,4.4763,2.0942,4.4763,2.8600,1,8.984,9.374
985,DATA_20260321_080000.BIN,0.8546,3.4782,1.0495,3.4782,1.4300,1,8.090,8.091
986,DATA_20260321_080000.BIN,1.0495,4.4924,1.7600,4.4924,1.9690,1,6.486,6.568
987,DATA_20260321_080000.BIN,1.7600,4.6022,1.3005,4.6022,1.5070,1,6.477,6.725
988,DATA_20260321_080000.BIN,1.3005,3.1065,0.7550,3.1065,1.6610,1,5.727,5.727
989,DATA_20260321_080000.BIN,0.7550,8.4785,4.9667,8.4785,3.7400,1,5.423,6.023
990,DATA_20260321_080000.BIN,4.9667,10.9100,1.0991,10.9100,5.7640,1,9.763,9.995
991,DATA_20260321_080000.BIN,1.0991,6.1249,0.1324,6.1249,7.4360,1,4.354,6.083
992,DATA_20260321_080000.BIN,0.1324,3.4871,0.3749,3.4871,1.8260,1,3.948,4.502
993,DATA_20260321_080000.BIN,0.3749,3.4819,1.3867,3.4819,1.6610,1,3.578,3.643
994,DATA_20260321_080000.BIN,1.3867,4.3261,1.1031,4.3261,2.8490,1,4.518,5.629
995,DATA_20260321_080000.BIN,1.1031,4.1746,0.6379,4.1746,3.1130,1,0.465,3.724
996,DATA_20260321_080000.BIN,0.6379,2.8487,0.6468,2.8487,1.5620,1,2.311,2.870
997,DATA_20260321_080000.BIN,0.3133,3.2655,1.2455,3.2655,2.8710,1,1.639,3.186
998,DATA_20260321_080000.BIN,1.2455,3.0344,1.2761,3.0344,7.4690,1,1.144,3.780
999,DATA_20260321_080000.BIN,1.2761,16.3272,5.2446,16.3272,7.7440,1,1.911,2.210
1000,DATA_20260321_080000.BIN,1.0334,6.3513,1.4062,6.3513,1.4190,1,2.540,3.095
1001,DATA_20260321_080000.BIN,1.4062,4.8509,2.9583,4.8509,1.2980,1,2.431,3.174
1002,DATA_20260321_080000.BIN,2.1273,4.7341,2.6433,4.7341,1.4080,1,3.259,3.319
1003,DATA_20260321_080000.BIN,1.5382,4.6491,2.8770,4.6491,1.7050,1,2.528,2.736
1004,DATA_20260321_080000.BIN,2.8770,4.5281,2.9153,4.5281,1.3750,1,3.702,3.717
1005,DATA_20260321_080000.BIN,2.9153,4.2673,0.6570,4.2673,1.6170,1,3.463,3.627
1006,DATA_20260321_080000.BIN,2.8178,8.0400,4.7545,8.0400,1.7050,1,3.817,3.889
1007,DATA_20260321_080000.BIN,4.7545,10.4778,4.8940,10.4778,1.8590,1,6.205,6.391
1008,DATA_20260321_080000.BIN,4.8940,7.9943,2.6752,7.9943,2.2770,1,5.511,6.023
1009,DATA_20260321_080000.BIN,1.3728,7.9041,2.2512,7.9041,2.6180,1,0.971,1.193
1010,DATA_20260321_080000.BIN,0.7209,7.3067,1.0615,7.3067,2.5740,1,1.835,4.812
1011,DATA_20260321_080000.BIN,1.0615,6.7343,1.1513,6.7343,3.3110,1,1.251,4.376
1012,DATA_20260321_080000.BIN,0.7088,4.1811,1.1383,4.1811,6.0830,1,1.525,1.759
1013,DATA_20260321_080000.BIN,0.6729,3.6255,0.7340,3.6255,6.3800,1,0.810,1.164
1014,DATA_20260321_080000.BIN,0.7340,3.1136,1.0798,3.1136,1.5620,1,0.364,1.177
1015,DATA_20260321_080000.BIN,0.9253,3.0464,0.8656,3.0464,1.5840,1,0.964,0.979
1016,DATA_20260321_080000.BIN,0.8656,2.6867,0.2897,2.6867,4.9830,1,0.518,0.566
1017,DATA_20260321_080000.BIN,0.1246,3.4719,0.1583,3.4719,4.5100,1,0.914,1.659
1018,DATA_20260321_080000.BIN,0.8445,6.6948,2.1661,6.6948,5.5330,1,0.598,1.503
1019,DATA_20260321_080000.BIN,2.1661,5.5836,1.3065,5.5836,1.7050,1,2.490,3.117
1020,DATA_20260321_080000.BIN,1.3065,2.9174,0.2160,2.9174,1.9580,1,1.943,2.118
1021,DATA_20260321_080000.BIN,0.2160,3.6131,0.2993,3.6131,4.2570,1,0.865,3.588
1022,DATA_20260321_080000.BIN,0.2993,3.9875,1.4653,3.9875,1.8480,1,0.411,2.293
1023,DATA_20260321_080000.BIN,1.2064,4.4616,0.6833,4.4616,7.1060,1,1.021,3.458
1024,DATA_20260321_080000.BIN,0.6833,4.1219,1.3478,4.1219,2.2550,1,0.946,2.102
1025,DATA_20260321_080000.BIN,1.3478,4.0766,0.8079,4.0766,1.3420,1,1.246,1.816
1026,DATA_20260321_080000.BIN,0.8079,4.5456,1.4457,4.5456,1.4190,1,0.797,4.040
1027,DATA_20260321_080000.BIN,1.4457,4.2922,1.3205,4.2922,1.3750,1,0.981,2.421
1028,DATA_20260321_080000.BIN,1.3205,5.6114,2.0135,5.6114,1.4850,1,0.540,3.306
1029,DATA_20260321_080000.BIN,2.0135,4.0769,1.1923,4.0769,1.7270,1,2.075,4.632
1030,DATA_20260321_080000.BIN,0.4758,3.0148,1.6977,3.0148,1.6280,1,0.953,0.953
1031,DATA_20260321_080000.BIN,1.6977,3.5599,1.4916,3.5599,1.4410,1,2.298,2.298
1032,DATA_20260321_080000.BIN,1.4916,4.4372,1.0566,4.4372,1.3640,1,1.998,2.515
1033,DATA_20260321_080000.BIN,1.0566,3.1119,0.8909,3.1119,4.2680,1,0.810,0.824
1034,DATA_20260321_080000.BIN,1.0892,3.0825,0.6625,3.0825,3.5090,1,0.828,0.880
1035,DATA_20260321_080000.BIN,0.6625,2.9156,0.3587,2.9156,1.7490,1,0.683,1.227
1036,DATA_20260321_080000.BIN,0.3843,10.5922,6.8588,10.5922,9.4710,1,0.393,0.994
1037,DATA_20260321_080000.BIN,6.8588,12.1271,4.5216,12.1271,4.6750,1,7.433,9.654
1038,DATA_20260321_080000.BIN,4.5216,6.8053,1.9657,6.8053,1.7270,1,4.013,6.515
1039,DATA_20260321_080000.BIN,1.9657,9.2227,1.7857,9.2227,4.1030,1,3.286,3.552
1040,DATA_20260321_080000.BIN,1.7857,5.2448,3.1387,5.2448,2.1450,1,2.076,2.077
1041,DATA_20260321_080000.BIN,3.1387,10.0020,1.1458,10.0020,5.6870,1,3.031,3.454
1042,DATA_20260321_080000.BIN,1.1458,3.2717,0.5221,3.2717,1.5730,1,1.144,2.411
1043,DATA_20260321_080000.BIN,0.5221,6.2657,0.9565,6.2657,2.2550,1,0.799,3.099
1044,DATA_20260321_080000.BIN,0.9565,4.5360,0.2210,4.5360,1.5730,1,1.910,3.699
1045,DATA_20260321_080000.BIN,0.2210,5.0847,0.8583,5.0847,1.8370,1,0.720,0.943
1046,DATA_20260321_080000.BIN,0.8583,7.3242,3.7017,7.3242,2.0240,1,1.465,3.876
1047,DATA_20260321_080000.BIN,3.7017,10.7105,3.6243,10.7105,1.5400,1,4.522,4.581
1048,DATA_20260321_080000.BIN,3.6243,7.7663,1.1534,7.7663,4.1690,1,4.691,4.794
1049,DATA_20260321_080000.BIN,1.1534,6.9267,1.3756,6.9267,1.9470,1,1.613,1.662
1050,DATA_20260321_080000.BIN,3.9126,7.6395,1.1450,7.6395,3.3440,1,4.415,5.517
1051,DATA_20260321_080000.BIN,1.1450,7.0551,0.9948,7.0551,3.0800,1,2.365,4.244
1052,DATA_20260321_080000.BIN,0.9948,5.0960,2.4436,5.0960,1.5510,1,0.552,1.715
1053,DATA_20260321_080000.BIN,2.4436,6.2039,1.0061,6.2039,2.2330,1,2.115,3.622
1054,DATA_20260321_080000.BIN,1.0061,5.1246,1.7977,5.1246,1.4960,1,0.720,0.743
1055,DATA_20260321_080000.BIN,1.7977,8.0893,1.6683,8.0893,1.9580,1,2.728,4.399
1056,DATA_20260321_080000.BIN,1.6683,9.4612,2.5242,9.4612,4.2790,1,1.158,1.283
1057,DATA_20260321_080000.BIN,2.0564,4.9815,1.2236,4.9815,1.1990,1,2.478,2.639
1058,DATA_20260321_080000.BIN,1.2236,4.7263,0.4835,4.7263,1.1880,1,0.421,1.919
1059,DATA_20260321_080000.BIN,1.8988,5.4467,1.2509,5.4467,3.8060,1,0.871,2.870
1060,DATA_20260321_080000.BIN,1.2509,7.2762,2.2853,7.2762,1.8920,1,1.934,4.514
1061,DATA_20260321_080000.BIN,2.2853,5.1427,0.6327,5.1427,1.1990,1,2.981,3.057
1062,DATA_20260321_080000.BIN,0.6327,9.2731,0.5916,9.2731,4.0920,1,0.991,1.132
1063,DATA_20260321_080000.BIN,2.4717,5.4229,3.0983,5.4229,5.4340,1,2.789,4.279
1064,DATA_20260321_080000.BIN,3.0983,9.2783,5.5921,9.2783,4.8400,1,2.669,3.919
1065,DATA_20260321_080000.BIN,5.5921,9.1288,0.4330,9.1288,1.9800,1,5.644,6.419
1066,DATA_20260321_080000.BIN,0.4330,5.0989,1.0028,5.0989,6.6220,1,1.456,4.163
1067,DATA_20260321_080000.BIN,1.0028,3.2148,0.9732,3.2148,1.7160,1,1.649,1.901
1068,DATA_20260321_080000.BIN,0.9732,4.4172,0.6454,4.4172,5.4780,1,1.123,2.072
1069,DATA_20260321_080000.BIN,0.6454,5.4189,1.0884,5.4189,5.6540,1,1.291,4.181
1070,DATA_20260321_080000.BIN,0.6953,3.1478,1.1248,3.1478,1.6720,1,1.367,1.379
1071,DATA_20260321_080000.BIN,1.1248,3.8906,1.5790,3.8906,2.6510,1,0.168,2.346
1072,DATA_20260321_080000.BIN,1.5790,5.0835,0.2380,5.0835,1.6830,1,1.508,1.820
1073,DATA_20260321_080000.BIN,0.2380,4.2883,0.2123,4.2883,2.1670,1,1.214,2.186
1074,DATA_20260321_080000.BIN,0.2123,3.0244,0.5237,3.0244,2.7610,1,0.661,1.555
1075,DATA_20260321_090000.BIN,2.5827,8.8270,2.9832,8.8270,3.9490,1,2.733,2.942
1076,DATA_20260321_090000.BIN,2.9832,7.6530,0.8760,7.6530,9.5370,1,2.739,2.886
1077,DATA_20260321_090000.BIN,0.8760,5.1187,0.2379,5.1187,1.9250,1,6.003,7.113
1078,DATA_20260321_090000.BIN,0.1205,8.8259,4.0827,8.8259,7.7770,1,4.361,4.890
1079,DATA_20260321_090000.BIN,4.0827,8.4738,3.1828,8.4738,7.6230,1,1.738,2.921
1080,DATA_20260321_090000.BIN,3.1828,9.3390,3.3044,9.3390,5.6870,1,1.637,4.392
1081,DATA_20260321_090000.BIN,0.0543,5.6368,0.8589,5.6368,1.6940,1,3.984,4.467
1082,DATA_20260321_090000.BIN,0.8589,15.6057,8.7382,15.6057,8.3930,1,2.568,2.863
1083,DATA_20260321_090000.BIN,8.7382,15.6145,2.4069,15.6145,7.7550,1,7.502,7.764
1084,DATA_20260321_090000.BIN,2.4069,7.2063,1.3198,7.2063,3.2120,1,1.851,2.658
1085,DATA_20260321_090000.BIN,2.1661,7.6253,4.1349,7.6253,5.1150,1,4.100,6.820
1086,DATA_20260321_090000.BIN,2.9164,11.6980,5.6254,11.6980,3.5530,1,3.903,4.867
1087,DATA_20260321_090000.BIN,0.8797,12.7701,1.6188,12.7701,6.2920,1,3.981,4.049
1088,DATA_20260321_090000.BIN,1.6188,10.2889,2.3649,10.2889,2.9150,1,4.638,5.494
1089,DATA_20260321_090000.BIN,1.0425,7.6777,3.4954,7.6777,5.0710,1,2.263,3.944
1090,DATA_20260321_090000.BIN,3.4954,9.4505,4.8730,9.4505,6.4790,1,4.598,4.831
1091,DATA_20260321_090000.BIN,2.0780,10.2260,3.8068,10.2260,7.2050,1,1.473,6.920
1092,DATA_20260321_090000.BIN,3.8068,10.1033,2.1039,10.1033,6.8640,1,1.780,11.212
1093,DATA_20260321_090000.BIN,2.1039,17.3560,3.6113,17.3560,7.4030,1,0.804,7.714
1094,DATA_20260321_090000.BIN,3.6113,14.3378,4.9468,14.3378,4.5760,1,2.097,4.310
1095,DATA_20260321_090000.BIN,6.6073,12.2530,6.9833,12.2530,4.3890,1,7.361,7.506
1096,DATA_20260321_090000.BIN,6.9833,13.3535,9.1099,13.3535,4.2460,1,4.733,8.975
1097,DATA_20260321_090000.BIN,8.2229,12.7615,5.9831,12.7615,4.6640,1,7.758,8.885
1098,DATA_20260321_090000.BIN,7.2863,13.5764,0.8362,13.5764,6.0940,1,10.926,14.034
1099,DATA_20260321_090000.BIN,4.5581,11.1394,5.4699,11.1394,2.9260,1,5.568,11.990
1100,DATA_20260321_090000.BIN,5.4699,11.4665,0.6231,11.4665,4.2460,1,4.181,6.576
1101,DATA_20260321_090000.BIN,0.6231,12.4493,3.0183,12.4493,8.1510,1,3.010,6.505
1102,DATA_20260321_090000.BIN,8.4042,13.7909,1.0872,13.7909,2.9150,1,7.207,7.521
1103,DATA_20260321_090000.BIN,1.0872,17.9344,11.8485,17.9344,9.7790,1,4.161,9.901
1104,DATA_20260321_090000.BIN,11.8485,24.0378,9.5690,24.0378,2.4090,1,10.259,14.231
1105,DATA_20260321_090000.BIN,9.5690,14.9004,7.9319,14.9004,1.9580,1,9.365,12.613
1106,DATA_20260321_090000.BIN,16.2142,22.7465,8.0497,22.7465,3.3990,1,14.446,14.610
1107,DATA_20260321_090000.BIN,5.0608,12.6457,4.0860,12.6457,8.5030,1,0.747,4.258
1108,DATA_20260321_090000.BIN,4.0860,10.8707,1.5588,10.8707,3.3660,1,0.737,19.627
1109,DATA_20260321_090000.BIN,8.1123,14.4574,9.2165,14.4574,2.8380,1,14.681,15.012
1110,DATA_20260321_090000.BIN,9.5134,15.5510,6.9180,15.5510,4.0920,1,15.246,16.043
1111,DATA_20260321_090000.BIN,7.9781,25.8651,4.4798,25.8651,5.4780,1,11.711,11.791
1112,DATA_20260321_090000.BIN,4.4798,15.0182,3.4409,15.0182,3.8610,1,6.521,6.531
1113,DATA_20260321_090000.BIN,1.3970,6.1711,1.5304,6.1711,3.9270,1,1.368,2.574
1114,DATA_20260321_090000.BIN,1.5304,5.9872,0.5287,5.9872,3.8500,1,2.254,2.265
1115,DATA_20260321_090000.BIN,0.5287,4.8477,0.8451,4.8477,7.2050,1,1.045,1.151
1116,DATA_20260321_090000.BIN,3.7772,19.8683,5.5249,19.8683,7.7550,1,5.434,7.300
1117,DATA_20260321_090000.BIN,0.9590,5.8922,0.7505,5.8922,3.9490,1,0.891,3.208
1118,DATA_20260321_090000.BIN,0.7505,6.5468,1.0211,6.5468,5.2910,1,0.966,1.578
1119,DATA_20260321_090000.BIN,1.2949,16.7490,5.2619,16.7490,5.5220,1,1.341,1.777
1120,DATA_20260321_090000.BIN,5.2619,16.6337,1.4217,16.6337,1.0120,1,5.607,7.503
1121,DATA_20260321_090000.BIN,1.4217,14.5680,0.8336,14.5680,1.0450,1,0.850,5.940
1122,DATA_20260321_090000.BIN,0.8336,12.9528,7.1575,12.9528,2.9150,1,1.714,2.765
1123,DATA_20260321_090000.BIN,7.1575,13.3294,0.9263,13.3294,1.1440,1,7.519,7.681
1124,DATA_20260321_090000.BIN,0.9263,7.9034,1.9200,7.9034,3.6630,1,0.854,1.147
1125,DATA_20260321_090000.BIN,1.9200,12.6118,4.4083,12.6118,5.9840,1,1.455,1.916
1126,DATA_20260321_090000.BIN,5.7792,10.4085,3.0706,10.4085,6.0170,1,5.785,8.082
1127,DATA_20260321_090000.BIN,3.0706,6.9971,1.8513,6.9971,2.2110,1,1.812,1.893
1128,DATA_20260321_090000.BIN,1.1948,10.3063,1.3935,10.3063,6.2370,1,2.719,2.730
1129,DATA_20260321_090000.BIN,2.4622,6.7722,0.7159,6.7722,2.8930,1,3.417,4.659
1130,DATA_20260321_090000.BIN,0.9719,6.4053,2.1066,6.4053,9.5370,1,1.158,2.691
1131,DATA_20260321_090000.BIN,2.1066,6.6708,0.8885,6.6708,6.3580,1,1.853,10.446
1132,DATA_20260321_090000.BIN,0.9168,10.1845,1.4893,10.1845,6.4570,1,1.839,2.841
1133,DATA_20260321_090000.BIN,1.4893,20.4134,7.0276,20.4134,9.1850,1,1.204,1.466
1134,DATA_20260321_090000.BIN,7.0276,20.8650,5.7016,20.8650,5.7640,1,8.207,10.043
1135,DATA_20260321_090000.BIN,5.7016,20.4403,3.6427,20.4403,4.7300,1,5.661,8.673
1136,DATA_20260321_090000.BIN,3.6427,9.9016,2.2704,9.9016,4.1140,1,3.077,5.054
1137,DATA_20260321_090000.BIN,10.6502,16.5614,10.7411,16.5614,2.1230,1,13.325,14.611
1138,DATA_20260321_090000.BIN,10.7411,16.5567,10.7131,16.5567,2.5850,1,11.541,11.894
1139,DATA_20260321_090000.BIN,10.7131,16.6173,5.1265,16.6173,3.0690,1,10.517,10.781
1140,DATA_20260321_090000.BIN,5.1265,11.2987,4.7397,11.2987,7.0400,1,5.721,14.303
1141,DATA_20260321_090000.BIN,4.7397,16.3786,4.3418,16.3786,4.8620,1,2.261,2.272
1142,DATA_20260321_090000.BIN,8.4846,18.4086,11.7131,18.4086,3.0250,1,6.502,13.007
1143,DATA_20260321_090000.BIN,2.8659,23.4659,5.1673,23.4659,8.6570,1,3.522,14.930
1144,DATA_20260321_090000.BIN,5.1673,13.8222,7.5527,13.8222,2.5410,1,7.926,14.713
1145,DATA_20260321_090000.BIN,6.7217,17.4526,9.9978,17.4526,3.2230,1,9.183,14.230
1146,DATA_20260321_090000.BIN,8.4421,19.8824,9.0595,19.8824,4.2680,1,7.951,11.074
1147,DATA_20260321_090000.BIN,2.8111,10.1246,4.5844,10.1246,5.7200,1,0.662,3.855
1148,DATA_20260321_090000.BIN,6.4682,18.1542,4.3861,18.1542,6.5230,1,4.879,6.039
1149,DATA_20260321_090000.BIN,4.3861,16.9804,11.7133,16.9804,2.7940,1,2.244,6.341
1150,DATA_20260321_090000.BIN,11.7133,19.9612,4.0814,19.9612,3.3110,1,9.853,10.123
1151,DATA_20260321_090000.BIN,4.0814,14.2139,7.1042,14.2139,4.4000,1,0.760,6.757
1152,DATA_20260321_090000.BIN,5.5463,10.4855,2.6006,10.4855,5.0160,1,1.626,1.664
1153,DATA_20260321_090000.BIN,2.6006,11.1543,4.7399,11.1543,9.9000,1,3.356,3.406
1154,DATA_20260321_090000.BIN,3.5532,11.9182,4.6056,11.9182,4.3670,1,1.521,2.162
1155,DATA_20260321_090000.BIN,0.7105,6.9741,0.3644,6.9741,1.9030,1,4.969,5.010
1156,DATA_20260321_090000.BIN,0.3644,4.9864,0.8130,4.9864,1.7820,1,3.671,4.814
1157,DATA_20260321_090000.BIN,0.8130,5.2685,1.4134,5.2685,2.0790,1,3.741,8.652
1158,DATA_20260321_090000.BIN,1.4134,6.8848,1.6161,6.8848,2.9260,1,5.413,8.497
1159,DATA_20260321_090000.BIN,1.6161,12.7546,3.7215,12.7546,2.5630,1,1.288,1.339
1160,DATA_20260321_090000.BIN,3.7215,19.4407,1.7890,19.4407,4.7080,1,6.751,18.367
1161,DATA_20260321_090000.BIN,1.7890,17.2263,4.6341,17.2263,1.6500,1,3.096,23.214
1162,DATA_20260321_100000.BIN,5.6618,13.1730,3.7358,13.1730,3.2560,1,28.521,31.221
1163,DATA_20260321_100000.BIN,3.7358,11.8966,7.3571,11.8966,1.8260,1,21.971,28.574
1164,DATA_20260321_100000.BIN,7.3571,19.5742,6.2561,19.5742,7.7550,1,13.870,21.483
1165,DATA_20260321_100000.BIN,6.2561,13.6564,6.4614,13.6564,2.4970,1,10.482,23.604
1166,DATA_20260321_100000.BIN,6.4614,21.0589,4.1740,21.0589,5.2580,1,7.263,20.469
1167,DATA_20260321_100000.BIN,4.1740,13.3346,7.9734,13.3346,2.3760,1,8.840,23.287
1168,DATA_20260321_100000.BIN,7.9734,13.7985,6.8690,13.7985,1.3200,1,3.572,12.659
1169,DATA_20260321_100000.BIN,6.8690,13.1687,7.6308,13.1687,1.7820,1,4.475,10.298
1170,DATA_20260321_100000.BIN,6.3786,10.9046,6.7471,10.9046,1.8590,1,4.370,11.801
1171,DATA_20260321_100000.BIN,6.7471,11.5283,7.4564,11.5283,3.6300,1,3.529,9.812
1172,DATA_20260321_100000.BIN,7.4564,11.1273,5.8411,11.1273,5.5220,1,4.087,10.611
1173,DATA_20260321_100000.BIN,5.8411,9.8451,4.8177,9.8451,7.1060,1,4.107,10.341
1174,DATA_20260321_100000.BIN,2.7782,6.8895,1.7155,6.8895,3.0690,1,7.487,7.980
1175,DATA_20260321_100000.BIN,1.7155,10.9687,3.8330,10.9687,6.8420,1,7.837,8.976
1176,DATA_20260321_100000.BIN,3.8330,8.4857,3.5312,8.4857,5.2580,1,4.984,7.161
1177,DATA_20260321_100000.BIN,3.5312,6.0792,2.9667,6.0792,2.1780,1,5.473,6.122
1178,DATA_20260321_100000.BIN,2.9667,5.7838,2.8759,5.7838,1.6170,1,5.834,5.988
1179,DATA_20260321_100000.BIN,2.8759,7.6028,4.0306,7.6028,1.5620,1,4.141,4.145
1180,DATA_20260321_100000.BIN,4.0306,10.0104,6.0200,10.0104,5.5660,1,3.052,3.303
1181,DATA_20260321_100000.BIN,6.0200,9.3090,5.5758,9.3090,1.7050,1,2.752,3.060
1182,DATA_20260321_100000.BIN,4.6030,9.5056,4.6809,9.5056,2.0790,1,3.975,4.126
1183,DATA_20260321_100000.BIN,3.2265,7.7140,4.3130,7.7140,1.8590,1,3.288,4.201
1184,DATA_20260321_100000.BIN,4.3130,10.5349,5.1246,10.5349,1.3310,1,2.335,2.729
1185,DATA_20260321_100000.BIN,5.1246,10.1450,4.8639,10.1450,1.2980,1,2.038,2.062
1186,DATA_20260321_100000.BIN,2.3850,8.8021,4.2669,8.8021,3.5200,1,3.199,4.561
1187,DATA_20260321_100000.BIN,4.2669,8.3246,4.9187,8.3246,1.8590,1,3.016,3.282
1188,DATA_20260321_100000.BIN,4.9187,9.3104,1.2715,9.3104,6.6220,1,4.006,4.017
1189,DATA_20260321_100000.BIN,1.2715,7.6419,1.9329,7.6419,3.0140,1,5.769,6.332
1190,DATA_20260321_100000.BIN,1.9329,5.3312,1.3111,5.3312,2.5410,1,7.417,7.492
1191,DATA_20260321_100000.BIN,1.3111,22.5171,8.2596,22.5171,5.6210,1,4.088,4.625
1192,DATA_20260321_100000.BIN,6.4189,10.3601,4.5771,10.3601,6.1600,1,3.188,4.938
1193,DATA_20260321_100000.BIN,4.5771,9.8790,5.2395,9.8790,2.3100,1,2.120,3.788
1194,DATA_20260321_100000.BIN,8.2723,12.9608,3.8703,12.9608,4.1250,1,5.365,5.849
1195,DATA_20260321_100000.BIN,5.1735,10.6335,2.7649,10.6335,3.2450,1,1.802,1.806
1196,DATA_20260321_100000.BIN,2.7649,6.9125,1.4764,6.9125,1.3530,1,2.166,2.434
1197,DATA_20260321_100000.BIN,2.5567,6.6000,2.1747,6.6000,1.6940,1,2.040,2.073
1198,DATA_20260321_100000.BIN,4.9915,8.5236,2.7843,8.5236,2.0790,1,1.352,2.653
1199,DATA_20260321_100000.BIN,2.7843,6.4794,3.0421,6.4794,1.3750,1,3.376,3.591
1200,DATA_20260321_100000.BIN,3.0421,7.1427,3.6364,7.1427,1.2870,1,1.463,1.732
1201,DATA_20260321_100000.BIN,3.6364,9.3584,2.7393,9.3584,1.4960,1,0.457,0.564
1202,DATA_20260321_100000.BIN,2.7393,7.5115,4.5245,7.5115,4.0370,1,1.472,3.028
1203,DATA_20260321_100000.BIN,4.5245,9.5986,4.9344,9.5986,7.8980,1,3.479,3.639
1204,DATA_20260321_100000.BIN,4.9344,21.7514,6.8631,21.7514,8.8990,1,1.913,1.926
1205,DATA_20260321_100000.BIN,6.8631,17.8298,13.9184,17.8298,3.0580,1,3.957,4.039
1206,DATA_20260321_100000.BIN,13.9184,19.6198,10.8121,19.6198,4.0260,1,10.342,14.656
1207,DATA_20260321_100000.BIN,10.8121,14.9095,2.6790,14.9095,2.3320,1,6.766,9.193
1208,DATA_20260321_100000.BIN,2.6790,10.3821,4.7414,10.3821,2.6510,1,4.296,4.621
1209,DATA_20260321_100000.BIN,4.7414,10.6364,4.4510,10.6364,1.3640,1,1.292,3.911
1210,DATA_20260321_100000.BIN,4.4510,9.0871,4.2601,9.0871,1.4630,1,0.992,3.046
1211,DATA_20260321_100000.BIN,4.2601,11.0506,4.4031,11.0506,8.6790,1,1.463,3.902
1212,DATA_20260321_100000.BIN,4.4031,8.9653,4.3612,8.9653,1.6390,1,1.526,1.570
1213,DATA_20260321_100000.BIN,4.3612,13.6183,2.4739,13.6183,3.1790,1,0.665,0.667
1214,DATA_20260321_100000.BIN,4.6360,7.3333,0.5410,7.3333,2.1340,1,1.105,1.109
1215,DATA_20260321_100000.BIN,0.5410,9.8836,4.4265,9.8836,3.3660,1,5.798,6.887
1216,DATA_20260321_100000.BIN,4.4265,8.7701,4.9500,8.7701,2.9370,1,1.944,3.955
1217,DATA_20260321_100000.BIN,4.9500,10.2239,0.9416,10.2239,2.8490,1,1.367,2.354
1218,DATA_20260321_100000.BIN,0.9416,32.0983,14.8864,32.0983,8.0080,1,4.237,4.269
1219,DATA_20260321_100000.BIN,17.1651,32.0346,18.4634,32.0346,3.0470,1,15.349,15.659
1220,DATA_20260321_100000.BIN,18.4634,22.9466,8.1971,22.9466,3.8170,1,15.000,15.951
1221,DATA_20260321_100000.BIN,6.3461,11.3443,4.7745,11.3443,4.3230,1,1.083,1.987
1222,DATA_20260321_100000.BIN,4.7745,9.6867,4.5300,9.6867,3.2670,1,2.049,2.049
1223,DATA_20260321_100000.BIN,4.5300,7.5237,4.0680,7.5237,2.7500,1,1.926,2.057
1224,DATA_20260321_100000.BIN,4.0680,13.1763,6.8192,13.1763,4.7080,1,3.759,3.782
1225,DATA_20260321_100000.BIN,6.8192,25.2326,12.3645,25.2326,9.3940,1,3.253,3.849
1226,DATA_20260321_100000.BIN,2.0575,13.4521,2.0393,13.4521,4.9500,1,5.236,6.254
1227,DATA_20260321_100000.BIN,2.0393,9.9082,3.1306,9.9082,2.0130,1,4.527,4.685
1228,DATA_20260321_100000.BIN,3.1306,9.0242,4.4710,9.0242,3.2560,1,2.439,2.441
1229,DATA_20260321_100000.BIN,4.4710,8.4372,2.1829,8.4372,1.6390,1,1.483,1.675
1230,DATA_20260321_100000.BIN,2.1829,7.2792,3.1007,7.2792,1.3310,1,4.742,4.745
1231,DATA_20260321_100000.BIN,3.1007,7.7017,2.6440,7.7017,1.5180,1,3.247,4.038
1232,DATA_20260321_100000.BIN,2.6440,9.9357,5.3985,9.9357,3.0250,1,2.369,2.428
1233,DATA_20260321_100000.BIN,5.5128,11.3758,3.3413,11.3758,5.5660,1,2.928,3.226
1234,DATA_20260321_100000.BIN,3.3413,10.5483,3.9122,10.5483,4.1250,1,2.004,4.602
1235,DATA_20260321_100000.BIN,3.9122,7.9001,2.1851,7.9001,3.5200,1,0.850,2.670
1236,DATA_20260321_100000.BIN,2.1851,6.3158,0.8388,6.3158,3.9050,1,3.046,4.061
1237,DATA_20260321_100000.BIN,0.8388,6.9427,0.8974,6.9427,1.6720,1,4.530,4.887
1238,DATA_20260321_100000.BIN,0.8974,6.3141,0.5349,6.3141,1.3640,1,5.287,5.378
1239,DATA_20260321_100000.BIN,0.5349,7.4468,2.8236,7.4468,1.7490,1,4.011,4.012
1240,DATA_20260321_100000.BIN,1.0401,4.3388,1.1269,4.3388,1.9030,1,3.302,3.584
1241,DATA_20260321_100000.BIN,2.0570,7.8013,4.0415,7.8013,2.4860,1,1.058,1.058
1242,DATA_20260321_100000.BIN,4.0415,28.8136,2.8900,28.8136,6.9740,1,2.000,2.000
1243,DATA_20260321_100000.BIN,0.9679,4.9505,0.9375,4.9505,5.5550,1,4.305,4.959
1244,DATA_20260321_100000.BIN,0.9375,13.4632,1.3683,13.4632,6.6000,1,4.040,5.932
1245,DATA_20260321_100000.BIN,1.3683,4.7564,1.3867,4.7564,2.5410,1,1.062,2.362
1246,DATA_20260321_100000.BIN,1.3867,3.5681,0.6854,3.5681,2.7170,1,4.696,6.995
1247,DATA_20260321_100000.BIN,0.6854,6.5505,2.6166,6.5505,2.9040,1,3.159,4.635
1248,DATA_20260321_100000.BIN,2.9260,6.8009,2.6744,6.8009,1.4850,1,1.774,2.467
1249,DATA_20260321_100000.BIN,2.6744,7.1284,0.9257,7.1284,1.7710,1,1.475,2.155
1250,DATA_20260321_100000.BIN,0.9257,4.1629,0.3731,4.1629,4.0810,1,1.148,1.968
1251,DATA_20260321_100000.BIN,0.3731,6.6143,0.8651,6.6143,6.1050,1,2.375,2.661
1252,DATA_20260321_100000.BIN,0.8651,25.3575,4.1636,25.3575,4.5320,1,0.683,2.349
1253,DATA_20260321_100000.BIN,1.2020,7.1997,0.8581,7.1997,6.7210,1,2.624,6.395
1254,DATA_20260321_100000.BIN,0.8581,8.1832,3.5442,8.1832,5.4340,1,2.342,5.261
1255,DATA_20260321_100000.BIN,3.5442,8.8747,2.4563,8.8747,1.5400,1,3.260,3.268
1256,DATA_20260321_100000.BIN,2.4563,11.3248,3.1763,11.3248,3.1680,1,1.280,1.445
1257,DATA_20260321_100000.BIN,3.1763,8.0703,2.2262,8.0703,1.8480,1,2.026,2.505
1258,DATA_20260321_100000.BIN,1.4190,9.8123,3.5352,9.8123,1.6720,1,0.568,2.767
1259,DATA_20260321_100000.BIN,3.5352,12.4763,1.5610,12.4763,2.4200,1,3.873,4.731
1260,DATA_20260321_100000.BIN,1.5610,7.6218,1.8539,7.6218,4.9830,1,1.559,3.645
1261,DATA_20260321_100000.BIN,1.1010,7.9304,0.3153,7.9304,4.3670,1,3.069,3.599
1262,DATA_20260321_100000.BIN,0.3153,8.4794,0.3287,8.4794,5.1920,1,2.083,2.369
1263,DATA_20260321_100000.BIN,0.3287,6.5933,1.3779,6.5933,1.6940,1,1.249,2.314
1264,DATA_20260321_100000.BIN,1.3779,11.8037,0.8280,11.8037,4.6750,1,0.458,1.887
1265,DATA_20260321_100000.BIN,0.8280,8.7087,1.6262,8.7087,3.8720,1,1.649,1.760
1266,DATA_20260321_100000.BIN,1.6262,6.8588,0.3206,6.8588,3.0250,1,0.445,4.692
1267,DATA_20260321_100000.BIN,0.3206,3.9247,1.1103,3.9247,3.1020,1,1.442,1.609
1268,DATA_20260321_100000.BIN,1.1103,6.8659,0.7414,6.8659,6.1930,1,2.926,3.808
1269,DATA_20260321_100000.BIN,0.7414,5.2117,1.2229,5.2117,1.2980,1,1.362,1.900
1270,DATA_20260321_100000.BIN,1.2229,10.4231,4.1580,10.4231,2.9590,1,0.643,2.268
1271,DATA_20260321_100000.BIN,4.1580,10.2023,5.0699,10.2023,1.4190,1,4.473,4.696
1272,DATA_20260321_100000.BIN,5.0699,15.7579,10.1112,15.7579,1.4740,1,5.448,5.505
1273,DATA_20260321_100000.BIN,10.1112,14.7229,0.8642,14.7229,4.1250,1,11.040,11.060
1274,DATA_20260321_100000.BIN,0.8642,12.5744,3.7533,12.5744,4.8180,1,4.447,5.200
1275,DATA_20260321_100000.BIN,3.7533,9.0547,1.5360,9.0547,3.4650,1,6.275,6.722
1276,DATA_20260321_100000.BIN,1.5360,12.3234,0.2424,12.3234,4.2790,1,6.999,12.331
1277,DATA_20260321_100000.BIN,0.2424,26.3784,13.4688,26.3784,3.9820,1,2.673,5.544
1278,DATA_20260321_100000.BIN,13.4688,23.5931,0.7687,23.5931,7.3810,1,14.223,14.620
1279,DATA_20260321_100000.BIN,1.8503,4.9360,1.7403,4.9360,1.7600,1,0.612,3.305
1280,DATA_20260321_100000.BIN,1.7403,6.5652,1.1994,6.5652,3.6740,1,4.654,4.748
1281,DATA_20260321_100000.BIN,1.1994,7.0486,0.6822,7.0486,1.1770,1,1.920,6.591
1282,DATA_20260321_100000.BIN,0.6822,6.3457,0.7970,6.3457,1.2320,1,1.524,3.440
1283,DATA_20260321_100000.BIN,0.7970,5.9316,1.2834,5.9316,1.2210,1,2.196,3.628
1284,DATA_20260321_100000.BIN,1.2834,6.1662,0.7041,6.1662,1.3310,1,2.370,3.616
1285,DATA_20260321_100000.BIN,0.9103,4.9709,0.7607,4.9709,2.3650,1,2.058,2.790
1286,DATA_20260321_100000.BIN,0.7607,5.0483,0.1858,5.0483,1.2980,1,2.128,2.772
1287,DATA_20260321_100000.BIN,0.1858,5.7288,0.4906,5.7288,1.2650,1,1.812,3.160
1288,DATA_20260321_100000.BIN,0.4906,5.1140,0.2327,5.1140,1.2760,1,0.731,0.731
1289,DATA_20260321_100000.BIN,0.2327,5.0810,0.2090,5.0810,1.2210,1,0.848,1.227
1290,DATA_20260321_100000.BIN,0.2090,5.7549,0.2625,5.7549,1.1550,1,0.922,1.274
1291,DATA_20260321_100000.BIN,0.2625,5.2090,0.5090,5.2090,1.3640,1,1.156,1.158
1292,DATA_20260321_100000.BIN,1.4041,5.4560,0.1575,5.4560,2.5410,1,1.148,1.228
1293,DATA_20260321_100000.BIN,0.1575,5.8006,0.6610,5.8006,1.4960,1,0.952,0.966
1294,DATA_20260321_100000.BIN,0.6610,4.3949,0.4758,4.3949,1.2210,1,0.850,1.059
1295,DATA_20260321_100000.BIN,1.4688,5.5624,1.9720,5.5624,5.7860,1,1.596,2.789
1296,DATA_20260321_100000.BIN,1.9720,7.9476,4.1222,7.9476,2.2220,1,2.069,2.901
1297,DATA_20260321_100000.BIN,4.1222,9.0319,2.4467,9.0319,3.0910,1,5.786,6.072
1298,DATA_20260321_100000.BIN,0.5392,5.4770,0.9703,5.4770,1.6280,1,0.956,2.348
1299,DATA_20260321_100000.BIN,0.9703,4.0716,0.9134,4.0716,5.0050,1,0.186,2.710
1300,DATA_20260321_100000.BIN,0.9134,3.8208,1.1971,3.8208,1.9140,1,0.577,3.801
1301,DATA_20260321_100000.BIN,1.1971,8.3946,3.3695,8.3946,4.1360,1,0.688,1.107
1302,DATA_20260321_100000.BIN,3.3695,7.0522,0.8596,7.0522,1.3640,1,4.781,4.782
1303,DATA_20260321_100000.BIN,0.8596,6.0424,2.5070,6.0424,1.1880,1,0.584,0.872
1304,DATA_20260321_100000.BIN,2.5070,6.1348,2.4625,6.1348,1.1660,1,2.599,2.928
1305,DATA_20260321_100000.BIN,2.4625,6.2866,2.0409,6.2866,1.1440,1,2.223,2.534
1306,DATA_20260321_100000.BIN,3.4530,7.4283,2.0195,7.4283,1.2540,1,4.276,4.580
1307,DATA_20260321_100000.BIN,2.0195,6.6310,2.4723,6.6310,1.1880,1,2.348,3.646
1308,DATA_20260321_100000.BIN,0.8087,6.0411,1.1325,6.0411,5.6320,1,1.417,2.783
1309,DATA_20260321_100000.BIN,1.1325,8.2005,1.6178,8.2005,2.4420,1,1.058,1.092
1310,DATA_20260321_100000.BIN,1.6178,4.8022,0.7528,4.8022,1.9580,1,0.751,1.748
1311,DATA_20260321_100000.BIN,0.7528,5.4991,0.6791,5.4991,9.7350,1,1.678,4.412
1312,DATA_20260321_100000.BIN,1.0254,9.1352,0.2468,9.1352,4.6090,1,0.814,3.452
1313,DATA_20260321_100000.BIN,4.7076,8.5049,5.6035,8.5049,3.4650,1,7.021,8.394
1314,DATA_20260321_100000.BIN,5.6035,10.1297,3.9852,10.1297,2.4200,1,6.324,6.555
1315,DATA_20260321_100000.BIN,3.9852,11.2311,7.5524,11.2311,2.6840,1,5.290,6.511
1316,DATA_20260321_100000.BIN,7.5524,12.4870,1.7890,12.4870,5.8080,1,7.636,7.796
1317,DATA_20260321_100000.BIN,1.7890,9.8054,2.7984,9.8054,4.1690,1,0.204,1.471
1318,DATA_20260321_100000.BIN,0.8027,5.7402,0.6339,5.7402,3.4870,1,1.796,3.993
1319,DATA_20260321_100000.BIN,0.6339,8.7581,1.1027,8.7581,3.5750,1,2.560,2.923
1320,DATA_20260321_100000.BIN,1.1027,5.4816,1.9991,5.4816,1.5840,1,2.735,3.164
1321,DATA_20260321_100000.BIN,1.9991,6.3130,1.3515,6.3130,1.5840,1,3.546,4.032
1322,DATA_20260321_100000.BIN,1.3515,5.2189,1.4816,5.2189,2.6620,1,2.370,2.762
1323,DATA_20260321_100000.BIN,1.2296,4.8588,0.7421,4.8588,1.9580,1,2.671,6.248
1324,DATA_20260321_100000.BIN,1.7941,9.7391,1.5824,9.7391,3.6630,1,2.280,2.288
1325,DATA_20260321_100000.BIN,1.5824,7.1609,2.8670,7.1609,4.7630,1,0.841,2.308
1326,DATA_20260321_100000.BIN,0.6258,4.2508,0.6421,4.2508,5.8850,1,1.255,2.974
1327,DATA_20260321_100000.BIN,0.6421,3.5670,1.0306,3.5670,2.4970,1,1.592,2.395
1328,DATA_20260321_100000.BIN,1.0306,10.2060,4.2255,10.2060,6.4460,1,0.886,0.970
1329,DATA_20260321_100000.BIN,4.2255,21.0464,0.6540,21.0464,8.4480,1,4.886,4.932
1330,DATA_20260321_100000.BIN,0.6540,4.3420,1.0717,4.3420,8.0190,1,1.704,3.153
1331,DATA_20260321_100000.BIN,5.2348,8.7956,2.2042,8.7956,5.2030,1,5.607,5.844
1332,DATA_20260321_100000.BIN,2.2042,6.5388,1.6208,6.5388,4.5100,1,1.420,1.423
1333,DATA_20260321_100000.BIN,1.6208,8.1054,3.5096,8.1054,8.6130,1,2.693,5.447
1334,DATA_20260321_100000.BIN,3.5096,9.6694,4.0829,9.6694,4.1580,1,4.527,5.069
1335,DATA_20260321_100000.BIN,4.0829,7.1051,1.5018,7.1051,1.9800,1,3.872,3.989
1336,DATA_20260321_100000.BIN,2.3392,13.7437,1.4530,13.7437,3.8170,1,3.133,3.144
1337,DATA_20260321_100000.BIN,1.4530,7.9158,2.0165,7.9158,5.6540,1,3.137,3.994
1338,DATA_20260321_100000.BIN,2.0165,11.1289,3.3716,11.1289,3.1790,1,1.678,2.226
1339,DATA_20260321_100000.BIN,3.3716,19.1577,6.3985,19.1577,6.4570,1,3.962,5.772
1340,DATA_20260321_100000.BIN,6.3985,16.3016,5.7236,16.3016,2.8710,1,8.207,9.375
1341,DATA_20260321_100000.BIN,5.7236,17.4449,0.5265,17.4449,6.5890,1,4.987,7.012
1342,DATA_20260321_100000.BIN,0.5265,6.1228,1.8844,6.1228,3.8060,1,3.774,4.803
1343,DATA_20260321_100000.BIN,1.8844,6.6461,2.2381,6.6461,2.5080,1,0.409,1.526
1344,DATA_20260321_100000.BIN,2.2381,7.5164,4.1347,7.5164,3.1350,1,2.191,2.647
1345,DATA_20260321_100000.BIN,4.1347,10.2627,5.7637,10.2627,4.7520,1,3.063,3.124
1346,DATA_20260321_100000.BIN,5.7637,8.8520,6.2235,8.8520,3.0360,1,4.955,5.196
1347,DATA_20260321_100000.BIN,6.2235,12.1132,5.2856,12.1132,2.4860,1,4.764,6.206
1348,DATA_20260321_100000.BIN,5.2856,10.6561,1.0936,10.6561,5.5220,1,5.721,6.160
1349,DATA_20260321_100000.BIN,1.0936,16.4988,4.7478,16.4988,5.6320,1,2.861,3.650
1350,DATA_20260321_100000.BIN,4.7478,8.7199,4.0999,8.7199,1.3860,1,7.129,7.134
1351,DATA_20260321_100000.BIN,4.0999,14.7327,6.6735,14.7327,4.6970,1,5.503,5.504
1352,DATA_20260321_100000.BIN,6.6735,9.2816,5.7090,9.2816,2.2550,1,6.378,6.500
1353,DATA_20260321_100000.BIN,5.7090,10.5716,0.2080,10.5716,6.2150,1,4.959,6.780
1354,DATA_20260321_100000.BIN,2.9750,5.7990,1.1030,5.7990,1.4190,1,2.976,5.072
1355,DATA_20260321_100000.BIN,1.1030,15.1607,2.1564,15.1607,3.7840,1,3.145,4.473
1356,DATA_20260321_100000.BIN,3.9230,8.7057,4.0590,8.7057,3.2010,1,3.112,3.114
1357,DATA_20260321_100000.BIN,4.0590,7.1041,2.1853,7.1041,1.3420,1,6.393,7.307
1358,DATA_20260321_100000.BIN,2.1853,10.4836,1.0368,10.4836,2.6070,1,4.365,5.315
1359,DATA_20260321_100000.BIN,0.2888,7.4263,0.8271,7.4263,8.8110,1,1.768,2.765
1360,DATA_20260321_100000.BIN,0.8271,14.9843,2.9557,14.9843,2.8270,1,1.972,2.855
1361,DATA_20260321_100000.BIN,2.9557,12.9984,2.0529,12.9984,2.8820,1,4.077,4.857
1362,DATA_20260321_100000.BIN,2.0529,7.9432,3.8349,7.9432,1.4190,1,2.800,2.814
1363,DATA_20260321_100000.BIN,3.8349,9.9060,2.0081,9.9060,3.8720,1,4.496,4.829
1364,DATA_20260321_100000.BIN,2.0081,9.0582,1.7959,9.0582,4.0700,1,2.441,5.395
1365,DATA_20260321_100000.BIN,1.7959,7.4803,4.6085,7.4803,1.6500,1,1.962,2.438
1366,DATA_20260321_100000.BIN,4.6085,13.4014,2.6708,13.4014,7.0840,1,4.507,4.511
1367,DATA_20260321_100000.BIN,2.6708,17.9248,4.0680,17.9248,3.9050,1,3.147,4.484
1368,DATA_20260321_100000.BIN,4.0680,11.5492,1.5574,11.5492,6.8860,1,2.745,4.589
1369,DATA_20260321_100000.BIN,1.5574,5.0083,0.5727,5.0083,2.9480,1,0.754,1.493
1370,DATA_20260321_100000.BIN,0.5343,8.4155,0.5487,8.4155,4.3450,1,1.966,1.983
1371,DATA_20260321_100000.BIN,0.5487,5.9273,0.2612,5.9273,3.3440,1,2.689,4.490
1372,DATA_20260321_100000.BIN,0.2612,6.5834,1.2935,6.5834,2.6400,1,2.806,7.723
1373,DATA_20260321_100000.BIN,1.2935,16.7362,1.1694,16.7362,5.0600,1,0.560,0.728
1374,DATA_20260321_100000.BIN,1.1694,8.8903,1.0851,8.8903,4.0810,1,1.207,4.516
1375,DATA_20260321_100000.BIN,0.5572,11.6304,2.4797,11.6304,3.2450,1,0.649,1.735
1376,DATA_20260321_100000.BIN,2.4797,30.7093,1.4858,30.7093,6.2260,1,1.830,5.092
1377,DATA_20260321_100000.BIN,1.4858,7.5882,1.0856,7.5882,5.8630,1,3.131,3.408
1378,DATA_20260321_100000.BIN,0.7137,8.9122,1.8284,8.9122,6.1490,1,0.627,0.924
1379,DATA_20260321_100000.BIN,4.5396,9.3164,1.5235,9.3164,2.7390,1,3.008,10.262
1380,DATA_20260321_100000.BIN,1.4066,5.0983,0.7128,5.0983,1.2650,1,2.992,3.355
1381,DATA_20260321_100000.BIN,0.8632,5.3723,1.4162,5.3723,5.3240,1,2.842,4.952
1382,DATA_20260321_100000.BIN,1.4162,5.6912,2.3976,5.6912,1.5950,1,2.442,3.324
1383,DATA_20260321_100000.BIN,3.5688,7.5901,3.1032,7.5901,8.2830,1,4.197,4.417
1384,DATA_20260321_100000.BIN,3.1032,5.4840,0.8385,5.4840,7.3700,1,3.598,4.073
1385,DATA_20260321_100000.BIN,0.8385,24.4367,6.3077,24.4367,4.6420,1,0.547,2.396
1386,DATA_20260321_100000.BIN,6.3077,16.2625,9.8136,16.2625,5.8410,1,7.920,8.422
1387,DATA_20260321_100000.BIN,9.8136,21.5579,11.7997,21.5579,6.5560,1,11.042,11.153
1388,DATA_20260321_100000.BIN,11.7997,17.1454,9.5253,17.1454,1.3640,1,12.768,12.774
1389,DATA_20260321_100000.BIN,9.5253,14.9452,8.9251,14.9452,1.8920,1,8.818,8.857
1390,DATA_20260321_100000.BIN,8.9251,12.4146,8.0367,12.4146,1.4410,1,7.241,7.271
1391,DATA_20260321_100000.BIN,8.0367,14.2750,5.9957,14.2750,9.1300,1,5.420,5.425
1392,DATA_20260321_100000.BIN,5.9957,18.4931,10.2590,18.4931,3.8170,1,6.346,6.591
1393,DATA_20260321_100000.BIN,10.2590,20.1332,7.2179,20.1332,4.5650,1,7.992,8.076
1394,DATA_20260321_100000.BIN,7.2179,20.3734,15.7216,20.3734,3.2670,1,4.068,8.111
1395,DATA_20260321_100000.BIN,15.7216,19.5846,9.2832,19.5846,3.0250,1,13.962,14.869
1396,DATA_20260321_100000.BIN,9.2832,18.3875,6.6113,18.3875,4.8400,1,4.511,8.451
1397,DATA_20260321_100000.BIN,6.6113,19.9072,8.1486,19.9072,4.4770,1,1.172,2.776
1398,DATA_20260321_100000.BIN,8.1486,14.8737,8.4769,14.8737,4.6970,1,3.201,4.039
1399,DATA_20260321_100000.BIN,8.4769,17.4435,7.3088,17.4435,3.3880,1,3.903,3.916
1400,DATA_20260321_100000.BIN,13.2069,16.6862,10.4860,16.6862,3.9600,1,8.778,8.912
1401,DATA_20260321_100000.BIN,5.4159,19.9952,14.0574,19.9952,2.8270,1,3.497,4.863
1402,DATA_20260321_100000.BIN,14.0574,31.8054,6.8906,31.8054,6.1050,1,8.631,8.669
1403,DATA_20260321_100000.BIN,6.8906,25.0238,2.2037,25.0238,3.1130,1,5.308,7.685
1404,DATA_20260321_100000.BIN,1.9033,4.7530,1.1737,4.7530,1.8480,1,6.808,6.809
1405,DATA_20260321_100000.BIN,1.8787,8.3115,2.8158,8.3115,1.4190,1,7.731,8.085
1406,DATA_20260321_100000.BIN,2.5664,6.1546,1.6873,6.1546,1.3310,1,5.573,5.730
1407,DATA_20260321_100000.BIN,1.6873,6.8128,2.5816,6.8128,1.3310,1,5.052,5.978
1408,DATA_20260321_100000.BIN,6.4196,9.9321,4.8658,9.9321,1.7930,1,1.491,1.663
1409,DATA_20260321_100000.BIN,4.8658,8.7856,1.6009,8.7856,1.9360,1,2.670,4.408
1410,DATA_20260321_100000.BIN,1.6009,6.3085,1.7998,6.3085,5.0270,1,4.957,7.108
1411,DATA_20260321_100000.BIN,1.7998,6.2655,3.0722,6.2655,4.3890,1,4.796,8.896
1412,DATA_20260321_100000.BIN,3.0722,9.0830,1.6348,9.0830,1.5510,1,4.693,5.496
1413,DATA_20260321_100000.BIN,1.6348,6.5294,2.1299,6.5294,1.2980,1,3.555,4.921
1414,DATA_20260321_100000.BIN,2.1960,7.6925,2.2737,7.6925,1.2210,1,2.529,3.826
1415,DATA_20260321_100000.BIN,2.2737,7.5824,2.3802,7.5824,1.3090,1,2.286,2.858
1416,DATA_20260321_100000.BIN,2.3802,7.3332,1.8497,7.3332,1.2760,1,2.196,2.840
1417,DATA_20260321_100000.BIN,1.8497,6.6087,2.5156,6.6087,1.3640,1,2.504,2.687
1418,DATA_20260321_100000.BIN,2.5156,8.0465,3.7902,8.0465,1.4190,1,2.071,2.623
1419,DATA_20260321_100000.BIN,3.7902,8.8968,1.3330,8.8968,1.4190,1,3.040,4.052
1420,DATA_20260321_100000.BIN,1.3330,7.5153,1.0705,7.5153,1.2540,1,3.093,3.253
1421,DATA_20260321_100000.BIN,1.0705,6.9533,1.3107,6.9533,1.2980,1,2.606,2.643
1422,DATA_20260321_100000.BIN,1.3107,7.7671,0.9646,7.7671,1.2980,1,2.112,2.257
1423,DATA_20260321_100000.BIN,0.9646,6.4063,1.7526,6.4063,1.4080,1,2.253,2.525
1424,DATA_20260321_100000.BIN,1.7526,5.5205,1.6803,5.5205,1.3860,1,1.942,2.063
1425,DATA_20260321_100000.BIN,1.6803,5.6334,1.1411,5.6334,1.2430,1,3.498,3.498
1426,DATA_20260321_100000.BIN,0.6613,5.5996,1.0657,5.5996,1.4850,1,2.881,3.161
1427,DATA_20260321_100000.BIN,1.0473,6.6153,3.2034,6.6153,1.4300,1,2.530,2.635
1428,DATA_20260321_100000.BIN,3.2034,8.9996,3.3471,8.9996,1.4630,1,3.023,3.161
1429,DATA_20260321_100000.BIN,3.3471,9.4476,5.2677,9.4476,1.5180,1,3.141,4.103
1430,DATA_20260321_100000.BIN,5.2677,9.9100,1.9090,9.9100,1.6170,1,4.935,5.531
1431,DATA_20260321_100000.BIN,0.5800,5.3259,0.5874,5.3259,1.3310,1,2.714,2.714
1432,DATA_20260321_100000.BIN,0.5874,4.2207,0.9247,4.2207,1.4190,1,3.218,3.220
1433,DATA_20260321_100000.BIN,0.9247,4.3706,0.7607,4.3706,2.6950,1,3.179,3.360
1434,DATA_20260321_100000.BIN,0.7607,4.3787,0.5793,4.3787,1.6060,1,2.757,2.762
1435,DATA_20260321_100000.BIN,0.5793,5.4681,0.6253,5.4681,1.5730,1,1.936,1.941
1436,DATA_20260321_100000.BIN,0.6253,4.3097,0.7687,4.3097,1.3530,1,1.647,1.672
1437,DATA_20260321_100000.BIN,0.7687,5.4067,1.6112,5.4067,1.5730,1,1.745,2.286
1438,DATA_20260321_100000.BIN,0.5956,5.0794,1.5654,5.0794,3.1900,1,1.987,2.020
1439,DATA_20260321_100000.BIN,1.5654,16.4573,0.6789,16.4573,5.1590,1,3.765,6.405
1440,DATA_20260321_100000.BIN,0.7296,4.1925,0.6151,4.1925,3.4100,1,1.657,1.657
1441,DATA_20260321_100000.BIN,0.6151,4.4240,0.8119,4.4240,4.5760,1,1.066,1.833
1442,DATA_20260321_100000.BIN,0.8119,5.2726,1.3679,5.2726,1.7160,1,1.308,1.821
1443,DATA_20260321_100000.BIN,1.3679,5.2718,1.0421,5.2718,2.7610,1,1.677,1.937
1444,DATA_20260321_100000.BIN,1.0421,6.7102,1.1263,6.7102,3.8390,1,0.422,2.349
1445,DATA_20260321_100000.BIN,1.1263,8.7693,1.7688,8.7693,7.2050,1,1.639,4.244
1446,DATA_20260321_100000.BIN,1.7688,6.3806,3.2468,6.3806,1.4190,1,1.339,2.389
1447,DATA_20260321_100000.BIN,3.2468,6.8709,2.0030,6.8709,1.8260,1,7.004,9.665
1448,DATA_20260321_100000.BIN,2.0030,5.6868,1.4052,5.6868,2.7170,1,2.878,3.074
1449,DATA_20260321_100000.BIN,1.4052,4.8779,1.0073,4.8779,4.4990,1,2.000,2.025
1450,DATA_20260321_100000.BIN,1.0073,5.8555,1.1034,5.8555,1.5620,1,1.432,2.015
1451,DATA_20260321_100000.BIN,1.1034,9.2913,4.8570,9.2913,3.1570,1,1.388,1.427
1452,DATA_20260321_100000.BIN,4.8570,8.2171,3.6229,8.2171,1.5290,1,6.507,6.566
1453,DATA_20260321_100000.BIN,3.6229,8.2028,4.3863,8.2028,1.4960,1,4.183,4.234
1454,DATA_20260321_100000.BIN,4.3863,9.1147,4.7790,9.1147,1.5730,1,4.638,4.644
1455,DATA_20260321_100000.BIN,3.2814,6.9142,3.6399,6.9142,1.6060,1,2.674,2.674
1456,DATA_20260321_100000.BIN,2.6394,8.6316,3.1158,8.6316,4.6530,1,3.201,3.357
1457,DATA_20260321_100000.BIN,3.1158,9.0306,1.6920,9.0306,4.1360,1,3.255,3.635
1458,DATA_20260321_100000.BIN,1.6920,8.0660,4.2501,8.0660,2.1670,1,1.497,1.612
1459,DATA_20260321_100000.BIN,4.2501,7.5697,4.0891,7.5697,1.6280,1,3.572,3.572
1460,DATA_20260321_100000.BIN,4.0891,8.3937,3.1088,8.3937,1.5510,1,3.222,3.231
1461,DATA_20260321_100000.BIN,3.1088,7.6489,3.7060,7.6489,1.9800,1,1.337,1.864
1462,DATA_20260321_100000.BIN,3.7060,8.2065,3.9953,8.2065,1.7050,1,2.636,3.003
1463,DATA_20260321_100000.BIN,3.9953,7.1746,2.7310,7.1746,1.4850,1,3.212,4.089
1464,DATA_20260321_100000.BIN,2.7310,17.7580,0.6644,17.7580,3.1570,1,0.712,0.879
1465,DATA_20260321_100000.BIN,0.6644,11.5775,1.1458,11.5775,3.0580,1,0.652,3.945
1466,DATA_20260321_100000.BIN,1.1458,4.3382,0.6615,4.3382,1.6940,1,1.706,1.763
1467,DATA_20260321_100000.BIN,0.6615,6.5807,3.4692,6.5807,3.3330,1,3.382,4.613
1468,DATA_20260321_100000.BIN,3.4692,7.7782,3.4701,7.7782,1.8150,1,2.664,2.783
1469,DATA_20260321_100000.BIN,3.4701,7.7156,1.8070,7.7156,2.3760,1,3.664,4.796
1470,DATA_20260321_100000.BIN,5.2114,7.9284,4.6540,7.9284,2.5190,1,3.623,3.809
1471,DATA_20260321_100000.BIN,4.6540,11.2396,3.0297,11.2396,4.0480,1,2.957,3.113
1472,DATA_20260321_100000.BIN,3.0297,7.4212,3.1221,7.4212,2.1230,1,2.873,4.461
1473,DATA_20260321_100000.BIN,3.1221,7.8295,2.5124,7.8295,3.3550,1,0.387,1.202
1474,DATA_20260321_100000.BIN,1.0310,8.0982,0.5061,8.0982,3.2340,1,2.244,2.260
1475,DATA_20260321_100000.BIN,0.5061,5.8920,0.9052,5.8920,4.8730,1,3.041,3.061
1476,DATA_20260321_100000.BIN,0.9052,13.2010,2.6820,13.2010,8.7560,1,4.139,4.277
1477,DATA_20260321_100000.BIN,2.6820,7.1501,0.7827,7.1501,3.4980,1,5.130,5.261
1478,DATA_20260321_100000.BIN,0.7827,6.9526,1.7289,6.9526,1.8370,1,1.172,7.613
1479,DATA_20260321_100000.BIN,1.7289,8.1032,2.0188,8.1032,7.6010,1,3.205,3.224
1480,DATA_20260321_100000.BIN,2.0188,4.7728,2.0537,4.7728,1.2760,1,4.164,4.275
1481,DATA_20260321_100000.BIN,0.6986,8.8112,5.8368,8.8112,2.0790,1,1.835,1.841
1482,DATA_20260321_100000.BIN,5.8368,11.6366,3.4285,11.6366,6.3910,1,5.427,6.559
1483,DATA_20260321_100000.BIN,3.4285,15.0665,1.5412,15.0665,7.2160,1,1.655,3.813
1484,DATA_20260321_100000.BIN,1.5412,8.3029,4.4526,8.3029,2.4200,1,1.898,2.259
1485,DATA_20260321_100000.BIN,1.7296,6.6471,3.7840,6.6471,9.2950,1,0.212,1.579
1486,DATA_20260321_100000.BIN,3.7840,8.5473,3.5751,8.5473,3.7950,1,2.172,4.112
1487,DATA_20260321_100000.BIN,2.6852,7.5024,4.0384,7.5024,1.6060,1,1.929,2.284
1488,DATA_20260321_100000.BIN,4.0384,7.8300,3.2708,7.8300,3.2890,1,2.997,2.997
1489,DATA_20260321_100000.BIN,3.2708,8.4524,3.8558,8.4524,2.5190,1,2.614,3.207
1490,DATA_20260321_100000.BIN,3.8558,7.3627,4.5058,7.3627,1.6720,1,2.072,2.139
1491,DATA_20260321_100000.BIN,4.5058,7.4348,1.3877,7.4348,1.6610,1,2.421,2.744
1492,DATA_20260321_100000.BIN,1.3877,7.5473,2.6755,7.5473,1.9140,1,1.419,2.400
1493,DATA_20260321_100000.BIN,2.6755,6.4020,2.5190,6.4020,1.7380,1,0.945,1.104
1494,DATA_20260321_100000.BIN,2.5190,6.7676,2.3286,6.7676,1.5730,1,0.745,1.143
1495,DATA_20260321_100000.BIN,2.3286,6.8969,3.2311,6.8969,1.6830,1,0.529,1.218
1496,DATA_20260321_100000.BIN,3.2311,8.0275,1.2136,8.0275,1.9690,1,1.081,1.132
1497,DATA_20260321_100000.BIN,1.2136,7.3279,2.2041,7.3279,1.8260,1,1.205,1.485
1498,DATA_20260321_100000.BIN,2.2041,7.1624,2.6370,7.1624,1.6170,1,1.112,1.651
1499,DATA_20260321_100000.BIN,3.2426,8.0933,3.5749,8.0933,4.6200,1,1.668,1.729
1500,DATA_20260321_100000.BIN,3.5749,7.6929,2.2170,7.6929,2.1120,1,1.956,2.278
1501,DATA_20260321_100000.BIN,2.2170,6.9224,1.9222,6.9224,2.1340,1,0.714,0.875
1502,DATA_20260321_100000.BIN,1.9222,6.3776,3.1964,6.3776,3.4100,1,1.834,2.648
1503,DATA_20260321_100000.BIN,3.1964,8.2452,2.7409,8.2452,2.3980,1,5.177,5.193
1504,DATA_20260321_100000.BIN,2.7409,7.7665,3.5372,7.7665,2.4090,1,0.749,1.595
1505,DATA_20260321_100000.BIN,3.5372,7.4797,3.1863,7.4797,2.1780,1,1.926,2.085
1506,DATA_20260321_100000.BIN,3.1863,8.0248,4.0741,8.0248,2.8050,1,1.506,1.506
1507,DATA_20260321_100000.BIN,4.0741,8.9878,3.9999,8.9878,6.0720,1,2.810,3.428
1508,DATA_20260321_100000.BIN,3.9999,8.2282,0.6700,8.2282,2.2220,1,1.631,2.226
1509,DATA_20260321_100000.BIN,0.6700,6.6569,2.5484,6.6569,1.8920,1,3.127,3.470
1510,DATA_20260321_100000.BIN,2.5484,6.2105,2.5889,6.2105,1.8700,1,0.510,1.174
1511,DATA_20260321_100000.BIN,2.5889,6.0786,3.4153,6.0786,1.9690,1,0.106,0.746
1512,DATA_20260321_100000.BIN,3.4153,8.3118,2.0211,8.3118,8.8000,1,0.651,2.462
1513,DATA_20260321_100000.BIN,2.0211,6.0408,2.2370,6.0408,3.2780,1,0.128,1.134
1514,DATA_20260321_100000.BIN,2.2370,7.0662,2.8117,7.0662,1.8260,1,2.682,4.688
1515,DATA_20260321_100000.BIN,2.8117,6.0854,2.6758,6.0854,1.4960,1,1.513,1.603
1516,DATA_20260321_100000.BIN,2.6758,7.9256,1.7064,7.9256,2.9920,1,1.396,1.852
1517,DATA_20260321_100000.BIN,1.7064,7.3488,3.5809,7.3488,1.5070,1,0.476,1.113
1518,DATA_20260321_100000.BIN,2.6019,7.7901,2.7370,7.7901,2.3760,1,0.798,0.914
1519,DATA_20260321_100000.BIN,2.7370,6.3277,1.9785,6.3277,2.1890,1,1.310,1.383
1520,DATA_20260321_100000.BIN,1.9785,6.4039,2.6327,6.4039,2.1230,1,0.720,0.828
1521,DATA_20260321_100000.BIN,2.6327,7.5124,4.7564,7.5124,1.9580,1,0.546,0.726
1522,DATA_20260321_100000.BIN,4.7564,8.5699,2.9763,8.5699,3.0250,1,2.638,2.990
1523,DATA_20260321_100000.BIN,2.9763,8.0412,3.2619,8.0412,2.0350,1,1.272,1.839
1524,DATA_20260321_100000.BIN,3.2619,7.2395,1.3134,7.2395,1.9910,1,1.056,1.064
1525,DATA_20260321_100000.BIN,1.3134,7.0970,1.3561,7.0970,9.7680,1,1.365,2.899
1526,DATA_20260321_100000.BIN,1.3561,6.1430,0.4444,6.1430,2.1560,1,2.291,3.370
1527,DATA_20260321_100000.BIN,0.4444,6.9759,0.7713,6.9759,2.1230,1,2.889,3.109
1528,DATA_20260321_100000.BIN,0.7713,5.0996,0.9660,5.0996,1.8040,1,1.768,1.775
1529,DATA_20260321_100000.BIN,2.0418,5.9198,2.6957,5.9198,9.5920,1,0.650,1.394
1530,DATA_20260321_100000.BIN,2.6957,7.7700,4.1846,7.7700,1.6390,1,0.860,0.954
1531,DATA_20260321_100000.BIN,4.1846,10.5425,3.8594,10.5425,3.6630,1,2.160,2.995
1532,DATA_20260321_100000.BIN,3.8594,9.1673,5.3713,9.1673,1.6940,1,1.775,1.901
1533,DATA_20260321_100000.BIN,2.5708,8.0649,3.5125,8.0649,1.6390,1,0.549,0.617
1534,DATA_20260321_100000.BIN,3.5125,7.1136,3.6190,7.1136,1.5180,1,2.026,2.126
1535,DATA_20260321_100000.BIN,4.9354,8.2129,3.9534,8.2129,1.4190,1,2.982,3.336
1536,DATA_20260321_100000.BIN,3.9534,8.6664,4.3718,8.6664,2.8160,1,1.294,1.613
1537,DATA_20260321_100000.BIN,2.7128,7.3963,3.1258,7.3963,1.4410,1,0.279,0.525
1538,DATA_20260321_100000.BIN,3.1258,7.1410,3.1268,7.1410,1.5510,1,0.290,0.516
1539,DATA_20260321_100000.BIN,3.1268,7.3449,1.6425,7.3449,2.5630,1,0.146,0.869
1540,DATA_20260321_100000.BIN,3.1133,5.7750,2.6678,5.7750,1.6060,1,0.797,2.113
1541,DATA_20260321_100000.BIN,0.7801,5.7477,1.1265,5.7477,1.7270,1,2.870,2.991
1542,DATA_20260321_100000.BIN,5.3415,8.5639,4.4367,8.5639,1.7600,1,3.179,3.206
1543,DATA_20260321_100000.BIN,3.6773,8.4577,2.5852,8.4577,3.1460,1,1.797,1.907
1544,DATA_20260321_100000.BIN,2.5852,8.1001,4.5241,8.1001,1.4740,1,0.920,1.495
1545,DATA_20260321_100000.BIN,4.5241,9.2545,1.2331,9.2545,3.1460,1,2.742,2.789
1546,DATA_20260321_100000.BIN,1.2331,7.3141,3.4623,7.3141,2.3320,1,3.359,3.709
1547,DATA_20260321_100000.BIN,3.4623,8.3466,4.9824,8.3466,3.0030,1,1.598,5.296
1548,DATA_20260321_100000.BIN,2.4305,5.8614,1.7798,5.8614,2.1670,1,6.907,7.473
1549,DATA_20260321_100000.BIN,0.8484,3.9266,1.1364,3.9266,2.4750,1,3.560,5.240
1550,DATA_20260321_100000.BIN,1.1364,8.1946,1.7685,8.1946,4.7960,1,2.694,3.075
1551,DATA_20260321_100000.BIN,1.7685,8.2872,2.2244,8.2872,6.4020,1,1.021,9.235
1552,DATA_20260321_100000.BIN,2.2244,4.7766,0.7876,4.7766,1.8590,1,5.048,5.314
1553,DATA_20260321_100000.BIN,0.7876,4.7677,1.1430,4.7677,2.6510,1,1.098,3.666
1554,DATA_20260321_100000.BIN,0.7225,6.6710,1.1090,6.6710,1.7050,1,3.458,6.537
1555,DATA_20260321_100000.BIN,1.1090,6.0143,2.5291,6.0143,1.5400,1,1.599,4.369
1556,DATA_20260321_100000.BIN,2.5291,7.7757,2.4413,7.7757,2.2990,1,6.036,7.989
1557,DATA_20260321_100000.BIN,2.4413,6.1350,1.6113,6.1350,1.6060,1,4.578,5.341
1558,DATA_20260321_100000.BIN,1.6113,4.9316,1.0485,4.9316,2.6730,1,3.097,3.371
1559,DATA_20260321_100000.BIN,1.0485,5.7428,1.8420,5.7428,1.9580,1,2.721,3.833
1560,DATA_20260321_100000.BIN,1.8420,7.1906,2.0418,7.1906,2.4640,1,3.749,5.919
1561,DATA_20260321_100000.BIN,2.0418,7.6169,2.0734,7.6169,2.0460,1,2.562,2.589
1562,DATA_20260321_100000.BIN,1.1583,5.1885,0.1922,5.1885,1.5180,1,1.144,4.759
1563,DATA_20260321_100000.BIN,0.9665,8.2069,3.9389,8.2069,3.2890,1,1.663,2.195
1564,DATA_20260321_100000.BIN,0.7785,5.4780,0.3421,5.4780,1.5180,1,1.932,2.342
1565,DATA_20260321_100000.BIN,0.3421,4.4848,0.3802,4.4848,1.2210,1,0.644,0.877
1566,DATA_20260321_100000.BIN,0.3802,5.6099,0.1199,5.6099,1.3860,1,1.152,1.822
1567,DATA_20260321_100000.BIN,0.1199,5.2573,0.9869,5.2573,1.3530,1,0.465,1.420
1568,DATA_20260321_100000.BIN,0.9869,5.3154,0.3716,5.3154,1.3640,1,1.196,2.087
1569,DATA_20260321_100000.BIN,6.1913,10.9915,1.3856,10.9915,5.2140,1,7.481,7.587
1570,DATA_20260321_100000.BIN,1.3989,6.9553,2.7497,6.9553,2.5190,1,1.093,2.258
1571,DATA_20260321_100000.BIN,2.3513,6.3507,1.4941,6.3507,2.7280,1,4.345,8.167
1572,DATA_20260321_100000.BIN,1.3978,4.9793,1.6174,4.9793,3.8390,1,1.228,2.008
1573,DATA_20260321_100000.BIN,5.1981,8.9487,0.6077,8.9487,6.7650,1,7.131,7.629
1574,DATA_20260321_100000.BIN,1.7604,4.8018,1.0657,4.8018,6.5010,1,2.427,2.476
1575,DATA_20260321_100000.BIN,0.8199,6.2259,2.1062,6.2259,8.1070,1,0.808,0.946
1576,DATA_20260321_100000.BIN,0.8239,5.7401,1.7148,5.7401,5.9840,1,0.893,1.324
1577,DATA_20260321_100000.BIN,5.7634,11.6512,3.0064,11.6512,2.0900,1,7.034,7.146
1578,DATA_20260321_100000.BIN,3.0064,16.8968,1.1433,16.8968,5.3570,1,5.212,5.382
1579,DATA_20260321_100000.BIN,1.1433,7.7150,0.8756,7.7150,1.9910,1,1.740,1.789
1580,DATA_20260321_100000.BIN,0.8756,7.4644,1.4892,7.4644,1.3750,1,0.149,1.681
1581,DATA_20260321_100000.BIN,1.4892,5.7781,1.4432,5.7781,2.0350,1,1.074,1.896
1582,DATA_20260321_100000.BIN,2.4391,6.3986,1.9110,6.3986,1.9580,1,3.325,3.748
1583,DATA_20260321_100000.BIN,1.9179,5.9445,1.6271,5.9445,4.4000,1,2.109,2.144
1584,DATA_20260321_100000.BIN,1.6271,7.2534,2.5487,7.2534,1.9800,1,2.753,5.538
1585,DATA_20260321_100000.BIN,0.9621,8.3604,0.8458,8.3604,3.6190,1,1.515,1.529
1586,DATA_20260321_100000.BIN,0.8458,7.7642,0.3701,7.7642,3.9930,1,1.628,2.989
1587,DATA_20260321_100000.BIN,0.3701,6.6552,3.5257,6.6552,8.8220,1,1.259,2.698
1588,DATA_20260321_100000.BIN,2.6544,10.0230,0.8717,10.0230,7.1280,1,2.927,3.411
1589,DATA_20260321_100000.BIN,0.8717,3.9054,0.9023,3.9054,4.5100,1,1.241,4.304
1590,DATA_20260321_100000.BIN,1.8557,6.6622,1.4056,6.6622,2.8820,1,2.103,2.690
1591,DATA_20260321_100000.BIN,1.4056,28.0884,5.6969,28.0884,4.9610,1,1.005,2.584
1592,DATA_20260321_100000.BIN,5.6969,9.9946,2.1209,9.9946,2.0460,1,6.679,7.189
1593,DATA_20260321_100000.BIN,2.1209,8.1162,2.4659,8.1162,1.2210,1,3.566,5.162
1594,DATA_20260321_100000.BIN,2.4659,8.7452,0.4515,8.7452,1.6390,1,2.737,2.761
1595,DATA_20260321_100000.BIN,0.4515,12.4639,2.1173,12.4639,3.2450,1,3.005,5.228
1596,DATA_20260321_100000.BIN,1.4314,5.9470,2.5561,5.9470,7.3700,1,2.533,3.686
1597,DATA_20260321_100000.BIN,2.5561,4.9073,1.7911,4.9073,7.5460,1,2.986,3.990
1598,DATA_20260321_100000.BIN,0.3977,4.8785,0.2749,4.8785,4.5760,1,1.165,1.166
1599,DATA_20260321_100000.BIN,1.3305,4.4574,1.6943,4.4574,1.8920,1,2.341,2.383
1600,DATA_20260321_100000.BIN,1.6943,5.9161,1.4921,5.9161,3.8830,1,2.766,3.775
1601,DATA_20260321_100000.BIN,0.5733,6.9965,0.7137,6.9965,7.2710,1,1.313,1.334
1602,DATA_20260321_100000.BIN,0.7137,7.1797,0.4041,7.1797,2.3540,1,0.405,1.883
1603,DATA_20260321_100000.BIN,0.4041,4.8158,0.9971,4.8158,4.7960,1,0.839,2.957
1604,DATA_20260321_100000.BIN,0.9971,4.6063,1.8245,4.6063,2.1010,1,1.351,1.600
1605,DATA_20260321_100000.BIN,1.8245,6.9958,1.0073,6.9958,5.8630,1,1.966,2.379
1606,DATA_20260321_100000.BIN,1.0073,18.5573,3.5256,18.5573,6.7870,1,0.574,1.109
1607,DATA_20260321_100000.BIN,2.1548,9.5262,1.1074,9.5262,5.8410,1,1.103,3.668
1608,DATA_20260321_100000.BIN,1.1074,7.3339,0.9569,7.3339,2.7170,1,1.348,1.786
1609,DATA_20260321_100000.BIN,1.9474,5.6534,2.2914,5.6534,3.2560,1,2.839,4.647
1610,DATA_20260321_100000.BIN,2.1859,5.7399,1.5348,5.7399,4.9830,1,2.193,2.470
1611,DATA_20260321_100000.BIN,1.5348,5.6291,2.3012,5.6291,2.9920,1,1.430,1.521
1612,DATA_20260321_100000.BIN,0.7587,9.8954,4.1384,9.8954,2.9920,1,0.237,0.326
1613,DATA_20260321_100000.BIN,4.1384,8.7179,4.0201,8.7179,1.9360,1,4.740,4.910
1614,DATA_20260321_100000.BIN,4.0201,8.4021,2.7221,8.4021,5.7750,1,4.963,6.023
1615,DATA_20260321_100000.BIN,2.7221,6.3311,2.8598,6.3311,2.5740,1,2.558,2.623
1616,DATA_20260321_100000.BIN,2.8598,7.7004,1.5438,7.7004,2.9810,1,2.218,4.259
1617,DATA_20260321_100000.BIN,1.7112,7.3728,3.4752,7.3728,4.0920,1,0.323,2.174
1618,DATA_20260321_100000.BIN,3.4752,6.4246,3.5444,6.4246,5.5770,1,2.473,2.913
1619,DATA_20260321_100000.BIN,1.4582,6.2900,1.5979,6.2900,2.3980,1,0.953,2.731
1620,DATA_20260321_100000.BIN,0.7183,22.8127,10.7857,22.8127,2.9260,1,2.263,2.809
1621,DATA_20260321_100000.BIN,10.7857,26.5175,1.3572,26.5175,3.2890,1,14.126,15.736
1622,DATA_20260321_100000.BIN,1.3572,7.2241,3.4805,7.2241,6.5450,1,1.582,3.437
1623,DATA_20260321_100000.BIN,3.4805,10.7675,0.7890,10.7675,2.4310,1,3.945,3.979
1624,DATA_20260321_100000.BIN,0.7890,7.3238,2.7913,7.3238,2.8930,1,2.273,2.273
1625,DATA_20260321_100000.BIN,2.1896,16.2924,1.7551,16.2924,6.6000,1,2.106,4.831
1626,DATA_20260321_100000.BIN,1.7551,8.3225,5.2749,8.3225,3.5750,1,2.657,3.147
1627,DATA_20260321_100000.BIN,5.2749,13.5939,9.0140,13.5939,3.9820,1,5.998,6.642
1628,DATA_20260321_100000.BIN,9.0140,16.9910,6.8714,16.9910,3.5860,1,10.421,10.804
1629,DATA_20260321_100000.BIN,6.8714,21.7989,1.4608,21.7989,7.3480,1,5.220,8.060
1630,DATA_20260321_100000.BIN,1.4608,7.0613,2.9725,7.0613,1.4190,1,0.700,0.858
1631,DATA_20260321_100000.BIN,0.2032,4.7231,1.3532,4.7231,1.3750,1,1.123,2.893
1632,DATA_20260321_100000.BIN,1.3532,4.4157,0.7733,4.4157,2.0680,1,2.840,3.261
1633,DATA_20260321_100000.BIN,0.7733,12.4343,3.5125,12.4343,3.1020,1,1.059,3.908
1634,DATA_20260321_100000.BIN,3.5125,12.6237,5.2075,12.6237,3.7400,1,3.372,3.384
1635,DATA_20260321_100000.BIN,6.5284,10.3952,6.4486,10.3952,3.5530,1,7.108,7.767
1636,DATA_20260321_100000.BIN,6.4281,10.1985,3.3612,10.1985,4.1140,1,6.375,6.681
1637,DATA_20260321_100000.BIN,0.4298,6.2752,1.3669,6.2752,8.2280,1,2.252,2.638
1638,DATA_20260321_100000.BIN,1.3669,5.4367,0.3450,5.4367,5.0380,1,0.396,4.308
1639,DATA_20260321_100000.BIN,0.3450,6.6133,0.6154,6.6133,8.4920,1,3.598,6.200
1640,DATA_20260321_100000.BIN,0.6154,4.4369,1.3129,4.4369,3.4210,1,4.247,6.174
1641,DATA_20260321_100000.BIN,1.6243,5.8017,1.1134,5.8017,2.9370,1,1.275,2.283
1642,DATA_20260321_100000.BIN,2.2630,5.8377,2.0779,5.8377,3.2010,1,1.792,2.490
1643,DATA_20260321_100000.BIN,2.0779,8.2703,0.7191,8.2703,2.7720,1,1.278,3.082
1644,DATA_20260321_100000.BIN,0.7191,7.6833,3.4163,7.6833,6.4680,1,1.202,2.160
1645,DATA_20260321_100000.BIN,3.4163,11.6271,0.6257,11.6271,5.5660,1,2.932,5.381
1646,DATA_20260321_100000.BIN,2.3766,8.6717,4.9189,8.6717,1.4300,1,1.345,2.385
1647,DATA_20260321_100000.BIN,4.9189,8.2843,0.4421,8.2843,2.9590,1,4.484,4.523
1648,DATA_20260321_100000.BIN,0.4421,4.2008,0.7212,4.2008,2.1340,1,2.750,4.155
1649,DATA_20260321_100000.BIN,2.0860,4.5975,0.8271,4.5975,2.6950,1,3.006,4.080
1650,DATA_20260321_100000.BIN,0.8271,4.7201,1.2048,4.7201,1.3090,1,1.346,1.680
1651,DATA_20260321_100000.BIN,1.2048,5.7042,1.9690,5.7042,1.3530,1,0.582,0.709
1652,DATA_20260321_100000.BIN,1.9690,5.8422,2.1658,5.8422,1.2650,1,0.733,0.736
1653,DATA_20260321_100000.BIN,1.5388,28.0215,1.9067,28.0215,4.9280,1,3.935,4.666
1654,DATA_20260321_100000.BIN,1.9067,12.4037,5.3555,12.4037,4.8510,1,3.543,4.479
1655,DATA_20260321_100000.BIN,5.3555,15.7485,3.3144,15.7485,4.2570,1,5.049,10.303
1656,DATA_20260321_100000.BIN,3.7620,6.6856,2.0106,6.6856,4.9170,1,2.511,3.643
1657,DATA_20260321_100000.BIN,2.0106,9.0861,5.0810,9.0861,2.4310,1,0.175,1.146
1658,DATA_20260321_100000.BIN,5.8557,10.0999,3.1810,10.0999,1.8150,1,4.850,5.704
1659,DATA_20260321_100000.BIN,3.1810,6.8850,3.1080,6.8850,2.0790,1,3.421,3.570
1660,DATA_20260321_100000.BIN,3.1080,12.6652,1.0249,12.6652,2.6730,1,2.938,3.065
1661,DATA_20260321_100000.BIN,1.0249,5.9663,0.4937,5.9663,5.1700,1,1.585,3.047
1662,DATA_20260321_100000.BIN,0.4937,5.6396,2.3631,5.6396,2.8160,1,2.751,3.667
1663,DATA_20260321_100000.BIN,2.3631,7.6662,1.8839,7.6662,2.6950,1,0.210,3.712
1664,DATA_20260321_100000.BIN,1.8839,9.1703,4.5457,9.1703,2.2550,1,4.704,5.272
1665,DATA_20260321_100000.BIN,1.1526,8.6480,2.2977,8.6480,5.7750,1,2.796,2.924
1666,DATA_20260321_100000.BIN,2.2977,12.2332,2.5111,12.2332,3.4760,1,5.202,8.345
1667,DATA_20260321_100000.BIN,2.5111,8.5053,2.4857,8.5053,4.7850,1,2.023,9.677
1668,DATA_20260321_100000.BIN,2.4857,10.6084,0.8602,10.6084,2.5190,1,4.665,5.954
1669,DATA_20260321_100000.BIN,2.6472,6.2581,1.4354,6.2581,1.4960,1,1.569,2.755
1670,DATA_20260321_100000.BIN,1.4354,5.0840,1.1164,5.0840,5.9290,1,2.456,5.309
1671,DATA_20260321_100000.BIN,3.0772,10.9920,0.7056,10.9920,3.5860,1,2.378,3.423
1672,DATA_20260321_100000.BIN,0.7056,4.9218,1.9417,4.9218,2.0130,1,1.058,1.100
1673,DATA_20260321_100000.BIN,3.2569,7.6300,2.6080,7.6300,2.9260,1,2.347,2.870
1674,DATA_20260321_100000.BIN,2.6080,8.2037,1.3296,8.2037,4.5870,1,1.519,2.511
1675,DATA_20260321_100000.BIN,3.0418,6.6779,0.7504,6.6779,2.1670,1,1.908,1.919
1676,DATA_20260321_100000.BIN,0.7504,7.2408,0.6858,7.2408,2.6950,1,2.792,3.996
1677,DATA_20260321_100000.BIN,2.0338,11.6692,2.6006,11.6692,2.6620,1,1.056,1.584
1678,DATA_20260321_100000.BIN,2.6006,9.5181,1.2331,9.5181,4.1360,1,0.503,3.644
1679,DATA_20260321_100000.BIN,2.1423,6.2144,0.2859,6.2144,3.4650,1,1.141,1.145
1680,DATA_20260321_100000.BIN,0.2859,4.9265,0.8085,4.9265,1.3970,1,2.482,3.323
1681,DATA_20260321_100000.BIN,0.8085,7.2820,2.5455,7.2820,2.7280,1,0.994,1.340
1682,DATA_20260321_100000.BIN,2.5455,7.7379,3.2224,7.7379,2.4530,1,2.905,3.005
1683,DATA_20260321_100000.BIN,1.5573,5.2930,0.7096,5.2930,1.9580,1,0.326,1.391
1684,DATA_20260321_100000.BIN,0.7096,6.1700,2.4586,6.1700,3.8830,1,2.276,2.282
1685,DATA_20260321_100000.BIN,2.4586,7.2790,0.5719,7.2790,4.2020,1,5.115,5.924
1686,DATA_20260321_100000.BIN,0.9712,7.3508,2.6691,7.3508,5.6760,1,0.786,3.451
1687,DATA_20260321_100000.BIN,2.6691,7.0107,0.8752,7.0107,2.2330,1,1.566,3.047
1688,DATA_20260321_110000.BIN,1.6932,5.4875,0.2434,5.4875,2.3100,1,5.206,5.226
1689,DATA_20260321_110000.BIN,0.2434,4.0859,0.8673,4.0859,4.1910,1,3.600,4.530
1690,DATA_20260321_110000.BIN,0.8673,4.6473,0.8954,4.6473,6.1270,1,3.587,6.319
1691,DATA_20260321_110000.BIN,0.8954,6.1983,0.7324,6.1983,3.4320,1,3.206,6.856
1692,DATA_20260321_110000.BIN,0.7324,3.1562,0.7240,3.1562,3.1680,1,1.895,4.522
1693,DATA_20260321_110000.BIN,2.5384,5.8408,1.5981,5.8408,1.4850,1,3.590,3.719
1694,DATA_20260321_110000.BIN,1.5981,5.7516,2.3030,5.7516,1.0670,1,1.978,2.199
1695,DATA_20260321_110000.BIN,2.3030,8.1040,0.4057,8.1040,1.6500,1,2.556,2.660
1696,DATA_20260321_110000.BIN,0.4057,6.4022,1.2781,6.4022,1.1660,1,1.128,2.749
1697,DATA_20260321_110000.BIN,1.2781,5.1625,1.1573,5.1625,2.1010,1,1.295,1.362
1698,DATA_20260321_110000.BIN,1.1573,7.5250,3.2046,7.5250,2.3430,1,1.941,1.946
1699,DATA_20260321_110000.BIN,1.6788,4.2654,0.7657,4.2654,1.1220,1,2.908,5.891
1700,DATA_20260321_110000.BIN,0.7657,3.8046,2.5913,3.8046,1.1110,1,1.333,3.696
1701,DATA_20260321_110000.BIN,2.3250,4.1814,2.5050,4.1814,3.1130,1,2.934,3.092
1702,DATA_20260321_110000.BIN,2.5050,4.5826,2.2577,4.5826,1.0890,1,3.089,4.590
1703,DATA_20260321_110000.BIN,2.2577,5.5781,1.9121,5.5781,1.1110,1,2.195,4.339
1704,DATA_20260321_110000.BIN,1.9121,4.6068,2.5440,4.6068,1.0560,1,1.782,3.704
1705,DATA_20260321_110000.BIN,2.5440,4.8393,2.4451,4.8393,2.0900,1,2.563,4.095
1706,DATA_20260321_110000.BIN,2.8884,4.8236,2.5645,4.8236,1.0670,1,2.474,3.437
1707,DATA_20260321_110000.BIN,2.2760,5.0684,0.7434,5.0684,1.0560,1,1.437,1.864
1708,DATA_20260321_110000.BIN,0.7434,6.2465,1.3326,6.2465,1.1550,1,0.831,2.288
1709,DATA_20260321_110000.BIN,1.3326,4.7543,1.4246,4.7543,0.9900,1,1.900,2.029
1710,DATA_20260321_110000.BIN,1.4246,5.0210,1.8154,5.0210,1.3420,1,2.719,2.826
1711,DATA_20260321_110000.BIN,1.8154,4.8491,0.2792,4.8491,2.5190,1,1.864,2.141
1712,DATA_20260321_110000.BIN,0.8946,5.5813,1.4761,5.5813,2.1890,1,0.283,1.762
1713,DATA_20260321_110000.BIN,1.4761,31.7422,4.5425,31.7422,6.2480,1,1.467,1.548
1714,DATA_20260321_110000.BIN,4.5425,12.0772,5.7797,12.0772,4.2460,1,4.984,5.715
1715,DATA_20260321_110000.BIN,5.7797,11.3612,2.4724,11.3612,3.3990,1,5.764,5.914
1716,DATA_20260321_110000.BIN,2.4724,15.6735,3.6513,15.6735,2.0130,1,2.943,3.235
1717,DATA_20260321_110000.BIN,3.6513,10.4723,6.5035,10.4723,2.8160,1,4.461,4.918
1718,DATA_20260321_110000.BIN,6.5035,22.1344,16.3477,22.1344,2.6180,1,8.310,8.310
1719,DATA_20260321_110000.BIN,16.3477,23.4928,13.9188,23.4928,2.9480,1,18.547,18.679
1720,DATA_20260321_110000.BIN,13.9188,20.5538,8.5934,20.5538,2.5520,1,13.377,15.019
1721,DATA_20260321_110000.BIN,8.5934,13.8885,6.6559,13.8885,2.2110,1,5.806,6.071
1722,DATA_20260321_110000.BIN,6.6559,11.6297,5.7757,11.6297,1.5950,1,3.026,3.906
1723,DATA_20260321_110000.BIN,5.7757,13.5372,0.3086,13.5372,3.6850,1,1.957,5.938
1724,DATA_20260321_110000.BIN,0.3086,5.9654,0.8885,5.9654,2.9260,1,4.643,5.769
1725,DATA_20260321_110000.BIN,1.7822,6.0362,1.7436,6.0362,4.0370,1,6.444,7.936
1726,DATA_20260321_110000.BIN,1.7436,6.4356,1.4762,6.4356,0.9460,1,5.685,5.827
1727,DATA_20260321_110000.BIN,1.4762,4.8423,0.6156,4.8423,1.9140,1,5.170,5.398
1728,DATA_20260321_110000.BIN,0.6454,5.3234,2.0465,5.3234,1.2210,1,3.073,3.102
1729,DATA_20260321_110000.BIN,2.0465,3.8286,1.3377,3.8286,3.1130,1,4.622,4.802
1730,DATA_20260321_110000.BIN,1.5473,4.9031,0.2866,4.9031,1.0780,1,3.772,3.854
1731,DATA_20260321_110000.BIN,0.2866,5.3856,1.3483,5.3856,1.0890,1,1.420,1.996
1732,DATA_20260321_110000.BIN,1.3483,11.1635,0.5839,11.1635,5.7750,1,2.940,3.316
1733,DATA_20260321_110000.BIN,0.5839,7.4647,3.6520,7.4647,2.6180,1,0.816,0.896
1734,DATA_20260321_110000.BIN,3.6520,13.2001,4.2408,13.2001,1.9910,1,3.325,4.267
1735,DATA_20260321_110000.BIN,4.2408,18.1299,1.6801,18.1299,1.5070,1,3.233,7.430
1736,DATA_20260321_110000.BIN,1.6533,8.0376,0.4353,8.0376,1.8370,1,3.543,3.690
1737,DATA_20260321_110000.BIN,0.4353,4.8024,2.0809,4.8024,1.6610,1,2.001,2.255
1738,DATA_20260321_110000.BIN,2.0809,7.0633,0.5608,7.0633,3.8500,1,2.545,3.686
1739,DATA_20260321_110000.BIN,0.5608,6.9235,2.3803,6.9235,1.8810,1,1.767,3.316
1740,DATA_20260321_110000.BIN,2.3803,6.4961,0.0518,6.4961,1.7930,1,3.120,6.929
1741,DATA_20260321_110000.BIN,0.0518,4.3715,0.3527,4.3715,3.9710,1,0.995,2.215
1742,DATA_20260321_110000.BIN,0.3527,27.4722,7.3346,27.4722,3.1240,1,1.317,4.696
1743,DATA_20260321_110000.BIN,7.3346,15.9039,4.3643,15.9039,2.2110,1,7.711,7.837
1744,DATA_20260321_110000.BIN,4.3643,14.0448,1.3894,14.0448,1.3530,1,3.767,3.866
1745,DATA_20260321_110000.BIN,1.3894,8.0547,4.6192,8.0547,2.2660,1,0.844,2.806
1746,DATA_20260321_110000.BIN,4.6192,9.4502,1.4486,9.4502,2.3320,1,3.188,3.641
1747,DATA_20260321_110000.BIN,1.4486,7.2663,1.3739,7.2663,4.3560,1,2.995,6.506
1748,DATA_20260321_110000.BIN,1.3739,8.3765,4.2782,8.3765,5.1480,1,2.364,2.501
1749,DATA_20260321_110000.BIN,4.2782,9.7713,1.5587,9.7713,3.5750,1,5.283,9.276
1750,DATA_20260321_110000.BIN,2.4351,4.3479,2.5274,4.3479,1.9360,1,1.973,2.818
1751,DATA_20260321_110000.BIN,2.5274,4.9088,0.2984,4.9088,2.0900,1,1.192,1.762
1752,DATA_20260321_110000.BIN,0.2984,4.7700,0.5326,4.7700,3.1240,1,1.547,2.745
1753,DATA_20260321_110000.BIN,0.5326,5.2699,1.9901,5.2699,3.1460,1,2.210,4.032
1754,DATA_20260321_110000.BIN,1.9901,4.7291,0.2796,4.7291,4.9280,1,3.069,4.269
1755,DATA_20260321_110000.BIN,0.2796,2.4761,0.3979,2.4761,7.8210,1,1.199,1.214
1756,DATA_20260321_110000.BIN,0.3979,8.6046,2.3879,8.6046,7.6780,1,1.234,1.266
1757,DATA_20260321_110000.BIN,1.8748,3.7323,1.4079,3.7323,4.6530,1,3.093,3.094
1758,DATA_20260321_110000.BIN,1.4079,8.9065,1.1700,8.9065,3.0910,1,1.435,2.200
1759,DATA_20260321_110000.BIN,1.1700,5.7285,1.1384,5.7285,1.3860,1,1.549,3.317
1760,DATA_20260321_110000.BIN,1.1384,4.4013,0.4619,4.4013,1.4520,1,0.711,2.833
1761,DATA_20260321_110000.BIN,0.4619,3.1402,0.5407,3.1402,1.2540,1,0.546,2.261
1762,DATA_20260321_110000.BIN,1.0162,5.6416,0.2253,5.6416,3.6190,1,1.673,2.188
1763,DATA_20260321_110000.BIN,0.2253,4.1303,0.5763,4.1303,2.5960,1,0.925,1.439
1764,DATA_20260321_110000.BIN,0.5763,3.4002,0.3720,3.4002,5.8630,1,0.243,1.960
1765,DATA_20260321_110000.BIN,0.3720,4.1422,0.6503,4.1422,1.4080,1,0.572,2.235
1766,DATA_20260321_110000.BIN,0.6503,3.8882,0.9841,3.8882,1.7160,1,0.732,2.530
1767,DATA_20260321_110000.BIN,0.9841,7.4209,1.8888,7.4209,2.5080,1,1.755,1.755
1768,DATA_20260321_110000.BIN,1.8888,13.9898,0.4451,13.9898,4.7740,1,2.069,7.550
1769,DATA_20260321_110000.BIN,0.4451,7.4294,5.6094,7.4294,1.5290,1,0.921,2.737
1770,DATA_20260321_110000.BIN,5.3629,13.3405,5.9257,13.3405,1.6610,1,5.745,7.370
1771,DATA_20260321_110000.BIN,1.7465,8.6539,1.3433,8.6539,2.8160,1,2.544,3.311
1772,DATA_20260321_110000.BIN,1.3433,7.9395,5.4211,7.9395,2.8050,1,1.034,2.907
1773,DATA_20260321_110000.BIN,5.4211,7.6148,4.4636,7.6148,2.0680,1,5.601,5.608
1774,DATA_20260321_110000.BIN,4.8864,8.2146,1.7412,8.2146,5.2910,1,4.551,4.864
1775,DATA_20260321_110000.BIN,3.8620,9.5172,6.9935,9.5172,6.4570,1,2.967,2.987
1776,DATA_20260321_110000.BIN,6.9935,10.6096,1.1764,10.6096,3.5310,1,6.352,6.727
1777,DATA_20260321_110000.BIN,1.1539,4.6714,1.3659,4.6714,1.3200,1,3.292,3.299
1778,DATA_20260321_110000.BIN,1.3659,6.3556,0.5433,6.3556,1.2430,1,2.798,2.862
1779,DATA_20260321_110000.BIN,0.5433,4.6682,1.5090,4.6682,1.2650,1,2.439,2.495
1780,DATA_20260321_110000.BIN,1.5090,8.2584,1.8235,8.2584,4.1470,1,2.867,2.926
1781,DATA_20260321_110000.BIN,1.8235,4.1809,0.3829,4.1809,3.8390,1,3.354,3.649
1782,DATA_20260321_110000.BIN,0.3829,3.3250,0.4759,3.3250,3.4760,1,0.647,1.435
1783,DATA_20260321_110000.BIN,0.4759,15.3076,1.4376,15.3076,3.3440,1,1.310,3.889
1784,DATA_20260321_110000.BIN,1.4376,5.2520,2.5823,5.2520,2.0900,1,1.360,2.396
1785,DATA_20260321_110000.BIN,2.5823,9.8118,2.4540,9.8118,1.6720,1,2.341,5.892
1786,DATA_20260321_110000.BIN,2.4540,16.4463,0.5382,16.4463,3.8610,1,2.026,3.174
1787,DATA_20260321_110000.BIN,0.5382,11.7161,0.1135,11.7161,2.7940,1,1.035,2.733
1788,DATA_20260321_110000.BIN,0.1135,22.1448,4.7092,22.1448,3.8390,1,0.945,1.787
1789,DATA_20260321_110000.BIN,4.7092,12.6226,4.5700,12.6226,2.6840,1,6.400,6.604
1790,DATA_20260321_110000.BIN,4.5700,11.9857,3.1782,11.9857,1.7270,1,5.426,5.487
1791,DATA_20260321_110000.BIN,3.1782,8.8238,3.1112,8.8238,1.7710,1,4.085,4.109
1792,DATA_20260321_110000.BIN,3.1112,16.8222,2.5201,16.8222,2.0790,1,3.447,3.543
1793,DATA_20260321_110000.BIN,2.5201,19.3157,5.0849,19.3157,4.7850,1,3.552,5.372
1794,DATA_20260321_110000.BIN,5.0849,19.3045,4.8817,19.3045,3.8060,1,5.203,5.222
1795,DATA_20260321_110000.BIN,4.8817,13.3053,1.4434,13.3053,3.1900,1,4.706,6.449
1796,DATA_20260321_110000.BIN,1.4434,22.0595,2.2607,22.0595,3.8500,1,2.140,3.485
1797,DATA_20260321_110000.BIN,2.2607,31.7268,1.0009,31.7268,4.0810,1,2.120,2.382
1798,DATA_20260321_110000.BIN,1.0009,13.6399,2.9902,13.6399,5.4340,1,2.311,2.407
1799,DATA_20260321_110000.BIN,2.9902,10.5439,1.4255,10.5439,1.6170,1,2.272,6.648
1800,DATA_20260321_110000.BIN,1.4255,8.4481,3.0121,8.4481,2.3320,1,0.164,3.071
1801,DATA_20260321_110000.BIN,3.0121,7.8208,1.2997,7.8208,2.2330,1,4.392,6.453
1802,DATA_20260321_110000.BIN,1.2997,5.8463,0.6004,5.8463,3.5090,1,2.138,4.731
1803,DATA_20260321_110000.BIN,0.6004,19.7749,1.0713,19.7749,5.1590,1,1.173,3.582
1804,DATA_20260321_110000.BIN,1.0713,6.0108,2.3765,6.0108,2.9150,1,1.515,1.797
1805,DATA_20260321_110000.BIN,2.3765,11.7411,1.8584,11.7411,1.8150,1,2.600,3.169
1806,DATA_20260321_110000.BIN,2.5738,7.0302,1.1363,7.0302,4.2570,1,3.462,3.918
1807,DATA_20260321_110000.BIN,0.8378,4.8428,1.5378,4.8428,1.4410,1,0.694,3.825
1808,DATA_20260321_110000.BIN,1.5378,3.4584,0.9895,3.4584,1.1880,1,2.552,2.557
1809,DATA_20260321_110000.BIN,5.1548,9.3014,4.9254,9.3014,2.3870,1,5.805,8.106
1810,DATA_20260321_110000.BIN,4.9254,10.1486,1.7045,10.1486,2.5410,1,5.122,5.368
1811,DATA_20260321_110000.BIN,1.7045,12.0370,4.8703,12.0370,4.0150,1,3.023,3.026
1812,DATA_20260321_110000.BIN,1.6345,6.5586,0.4301,6.5586,2.0240,1,1.173,2.237
1813,DATA_20260321_110000.BIN,0.4301,8.5230,0.5238,8.5230,4.6530,1,0.642,1.173
1814,DATA_20260321_110000.BIN,0.5238,6.9143,2.9772,6.9143,2.1230,1,0.318,1.752
1815,DATA_20260321_110000.BIN,2.9772,4.7206,0.8799,4.7206,1.6170,1,3.485,4.001
1816,DATA_20260321_110000.BIN,1.6816,14.1011,2.1301,14.1011,3.0800,1,3.098,5.758
1817,DATA_20260321_110000.BIN,2.1301,7.1394,2.0948,7.1394,3.6190,1,1.587,6.107
1818,DATA_20260321_110000.BIN,2.0948,8.4752,1.5703,8.4752,2.2220,1,3.159,3.300
1819,DATA_20260321_110000.BIN,1.5703,4.0915,2.0045,4.0915,1.9910,1,2.122,3.904
1820,DATA_20260321_110000.BIN,2.0045,6.1648,2.3113,6.1648,1.8810,1,2.648,5.827
1821,DATA_20260321_110000.BIN,2.3113,14.3906,2.0553,14.3906,4.4550,1,2.519,5.732
1822,DATA_20260321_110000.BIN,2.0553,12.0414,5.4824,12.0414,4.9060,1,1.538,3.761
1823,DATA_20260321_110000.BIN,5.4824,10.1573,0.6694,10.1573,8.5580,1,6.607,7.697
1824,DATA_20260321_110000.BIN,0.6694,7.6709,1.5230,7.6709,2.5850,1,1.765,7.187
1825,DATA_20260321_110000.BIN,1.5230,9.6309,3.9563,9.6309,3.1350,1,0.829,4.813
1826,DATA_20260321_110000.BIN,3.9563,11.4392,5.9766,11.4392,3.1790,1,3.990,6.009
1827,DATA_20260321_110000.BIN,5.9766,12.8478,6.8281,12.8478,1.5840,1,7.875,7.976
1828,DATA_20260321_110000.BIN,6.8281,9.7033,5.8411,9.7033,1.3860,1,8.147,8.150
1829,DATA_20260321_110000.BIN,5.8411,10.9248,6.5397,10.9248,1.2980,1,6.529,7.189
1830,DATA_20260321_110000.BIN,6.5397,9.4403,4.4335,9.4403,1.0780,1,6.295,8.996
1831,DATA_20260321_110000.BIN,4.4335,8.1512,3.2919,8.1512,1.0670,1,3.435,4.193
1832,DATA_20260321_110000.BIN,3.2919,8.0747,4.6950,8.0747,1.1770,1,1.787,3.225
1833,DATA_20260321_110000.BIN,4.6950,8.3244,3.9602,8.3244,1.1440,1,3.211,3.904
1834,DATA_20260321_110000.BIN,3.9602,10.8725,7.1104,10.8725,1.3530,1,2.051,2.091
1835,DATA_20260321_110000.BIN,7.1104,11.2167,5.4917,11.2167,3.1240,1,5.521,6.380
1836,DATA_20260321_110000.BIN,5.4917,10.8695,6.7356,10.8695,1.1660,1,3.130,3.398
1837,DATA_20260321_110000.BIN,6.7356,13.1215,8.6062,13.1215,1.2210,1,4.295,5.352
1838,DATA_20260321_110000.BIN,8.6062,11.3605,6.5485,11.3605,1.0560,1,6.208,7.879
1839,DATA_20260321_110000.BIN,6.5485,11.7315,5.9549,11.7315,1.1220,1,3.097,3.708
1840,DATA_20260321_110000.BIN,5.9549,12.5375,4.0206,12.5375,2.3650,1,1.983,2.042
1841,DATA_20260321_110000.BIN,4.0206,7.9172,3.7054,7.9172,1.3310,1,5.160,10.124
1842,DATA_20260321_110000.BIN,6.2928,11.9268,6.1309,11.9268,1.4080,1,2.727,5.734
1843,DATA_20260321_110000.BIN,6.2252,10.6129,7.0003,10.6129,1.3200,1,4.654,6.281
1844,DATA_20260321_110000.BIN,7.0003,11.7276,5.4171,11.7276,1.4630,1,3.009,3.231
1845,DATA_20260321_110000.BIN,5.4171,10.8550,6.8993,10.8550,1.4410,1,1.603,2.431
1846,DATA_20260321_110000.BIN,6.8993,9.7121,4.5357,9.7121,1.3420,1,2.491,3.365
1847,DATA_20260321_110000.BIN,2.7152,9.4868,4.1558,9.4868,3.3880,1,3.057,6.416
1848,DATA_20260321_110000.BIN,4.1558,10.4896,3.4916,10.4896,2.8710,1,1.696,1.862
1849,DATA_20260321_110000.BIN,3.4916,6.0623,0.8123,6.0623,2.9480,1,1.562,8.712
1850,DATA_20260321_110000.BIN,0.8123,4.7788,1.0204,4.7788,1.5730,1,5.233,8.529
1851,DATA_20260321_110000.BIN,1.0204,4.4596,1.9237,4.4596,1.4630,1,3.562,5.400
1852,DATA_20260321_110000.BIN,1.1020,6.7056,0.1860,6.7056,4.3450,1,3.517,3.592
1853,DATA_20260321_110000.BIN,0.4417,6.2655,3.2091,6.2655,1.6390,1,3.941,5.275
1854,DATA_20260321_110000.BIN,3.2091,8.4701,5.0560,8.4701,1.4410,1,2.712,3.965
1855,DATA_20260321_110000.BIN,5.0560,7.7835,4.3183,7.7835,1.2650,1,2.948,2.948
1856,DATA_20260321_110000.BIN,1.9976,3.1590,1.3175,3.1590,1.2210,1,5.533,7.324
1857,DATA_20260321_110000.BIN,1.3175,5.1760,0.8453,5.1760,1.4630,1,4.511,6.067
1858,DATA_20260321_110000.BIN,0.8453,4.7657,1.6745,4.7657,1.1550,1,3.746,3.934
1859,DATA_20260321_110000.BIN,0.4377,4.2729,1.5880,4.2729,2.2000,1,2.708,2.725
1860,DATA_20260321_110000.BIN,1.5880,4.9007,1.5317,4.9007,1.2650,1,3.036,4.514
1861,DATA_20260321_110000.BIN,1.5317,6.5132,1.4317,6.5132,1.3750,1,2.685,3.302
1862,DATA_20260321_110000.BIN,2.1643,5.6300,0.8058,5.6300,1.3750,1,0.843,1.668
1863,DATA_20260321_110000.BIN,0.8058,6.3455,0.8451,6.3455,1.6610,1,1.568,1.964
1864,DATA_20260321_110000.BIN,0.8451,6.8500,2.5373,6.8500,1.4520,1,0.720,1.564
1865,DATA_20260321_110000.BIN,2.5373,6.2191,2.3944,6.2191,1.4740,1,1.648,2.557
1866,DATA_20260321_110000.BIN,2.3944,5.0586,1.5400,5.0586,1.3530,1,2.101,2.328
1867,DATA_20260321_110000.BIN,1.5400,4.6357,1.3087,4.6357,2.9150,1,1.235,1.328
1868,DATA_20260321_110000.BIN,1.3087,5.6232,3.2523,5.6232,1.3750,1,1.416,1.949
1869,DATA_20260321_110000.BIN,3.2523,5.5847,0.2439,5.5847,3.2560,1,2.139,2.596
1870,DATA_20260321_110000.BIN,0.6611,6.0001,0.4446,6.0001,4.5210,1,1.454,2.074
1871,DATA_20260321_110000.BIN,1.3621,8.0567,1.9090,8.0567,1.5950,1,0.890,2.910
1872,DATA_20260321_110000.BIN,1.9090,4.0223,0.4080,4.0223,1.4080,1,2.124,3.595
1873,DATA_20260321_110000.BIN,0.4080,3.5275,1.1393,3.5275,1.6280,1,1.648,3.974
1874,DATA_20260321_110000.BIN,1.0790,5.6865,1.0466,5.6865,3.3440,1,0.942,2.436
1875,DATA_20260321_110000.BIN,1.0466,4.4918,0.8265,4.4918,6.4130,1,0.248,1.677
1876,DATA_20260321_110000.BIN,0.8265,6.1518,1.4223,6.1518,2.3210,1,2.189,2.247
1877,DATA_20260321_110000.BIN,1.4223,4.9270,0.9650,4.9270,1.0340,1,0.789,2.836
1878,DATA_20260321_110000.BIN,0.9650,6.6786,0.3726,6.6786,3.2340,1,0.874,1.024
1879,DATA_20260321_110000.BIN,0.3726,4.1409,2.4155,4.1409,1.0670,1,0.804,2.326
1880,DATA_20260321_110000.BIN,2.4155,4.4633,1.2334,4.4633,1.3090,1,2.815,2.948
1881,DATA_20260321_110000.BIN,1.2334,7.2012,2.1110,7.2012,3.2340,1,0.603,1.369
1882,DATA_20260321_110000.BIN,2.1110,5.8553,2.0592,5.8553,1.7160,1,1.716,2.315
1883,DATA_20260321_110000.BIN,2.0592,5.4137,0.0604,5.4137,1.2980,1,1.385,2.212
1884,DATA_20260321_110000.BIN,0.0604,4.8793,1.3563,4.8793,1.3970,1,1.336,1.411
1885,DATA_20260321_110000.BIN,1.3563,7.4985,0.8395,7.4985,5.8630,1,1.001,1.784
1886,DATA_20260321_110000.BIN,2.2437,7.0854,2.1434,7.0854,3.1020,1,2.864,2.925
1887,DATA_20260321_110000.BIN,2.1434,5.4415,2.1308,5.4415,2.2660,1,1.349,2.559
1888,DATA_20260321_110000.BIN,2.1308,5.0760,1.7164,5.0760,4.0260,1,2.344,2.667
1889,DATA_20260321_110000.BIN,1.7164,6.2348,0.6426,6.2348,2.0900,1,1.507,1.642
1890,DATA_20260321_110000.BIN,0.6426,4.4658,1.3275,4.4658,1.4960,1,0.901,2.938
1891,DATA_20260321_110000.BIN,1.9375,10.7901,1.6855,10.7901,3.2560,1,3.389,3.433
1892,DATA_20260321_110000.BIN,1.6855,8.2696,0.1211,8.2696,3.5750,1,1.333,5.327
1893,DATA_20260321_110000.BIN,0.3484,8.4821,3.2465,8.4821,4.6420,1,1.053,6.320
1894,DATA_20260321_110000.BIN,2.8998,6.8266,1.7749,6.8266,4.2680,1,2.734,5.184
1895,DATA_20260321_110000.BIN,1.7749,8.9929,4.2930,8.9929,3.2450,1,1.899,3.319
1896,DATA_20260321_110000.BIN,4.2930,7.7932,0.8261,7.7932,3.5420,1,3.928,5.202
1897,DATA_20260321_110000.BIN,0.8261,11.9054,7.6136,11.9054,1.7930,1,0.705,5.312
1898,DATA_20260321_110000.BIN,7.6136,11.5443,5.4712,11.5443,1.2980,1,8.590,8.707
1899,DATA_20260321_110000.BIN,5.4712,9.4792,3.5623,9.4792,2.6840,1,5.078,5.420
1900,DATA_20260321_110000.BIN,3.5623,5.7725,1.6307,5.7725,2.1780,1,2.450,3.510
1901,DATA_20260321_110000.BIN,1.6307,6.5620,3.9130,6.5620,1.3750,1,2.550,8.002
1902,DATA_20260321_110000.BIN,3.9130,10.2871,7.7673,10.2871,2.1230,1,3.939,4.922
1903,DATA_20260321_110000.BIN,5.2838,11.1188,5.9231,11.1188,1.4080,1,4.921,5.083
1904,DATA_20260321_110000.BIN,5.9231,7.9998,1.1595,7.9998,1.3640,1,5.159,5.945
1905,DATA_20260321_110000.BIN,1.1595,6.8479,1.8483,6.8479,1.1110,1,1.166,1.661
1906,DATA_20260321_110000.BIN,1.8483,5.8819,1.2714,5.8819,1.0890,1,2.850,2.896
1907,DATA_20260321_110000.BIN,1.2714,11.2197,1.8036,11.2197,2.2330,1,1.064,1.068
1908,DATA_20260321_110000.BIN,4.0015,8.4798,1.9798,8.4798,1.2870,1,4.241,4.461
1909,DATA_20260321_110000.BIN,1.9798,7.5525,2.9418,7.5525,1.0560,1,0.819,1.874
1910,DATA_20260321_110000.BIN,2.9418,8.0610,4.1765,8.0610,1.1660,1,1.891,2.086
1911,DATA_20260321_110000.BIN,4.1765,10.1076,5.4660,10.1076,1.3750,1,3.135,3.370
1912,DATA_20260321_110000.BIN,5.4660,8.8549,3.3871,8.8549,1.3200,1,4.794,5.857
1913,DATA_20260321_110000.BIN,3.3871,9.1621,3.9730,9.1621,1.2980,1,1.334,4.568
1914,DATA_20260321_110000.BIN,3.9730,8.2952,3.8392,8.2952,1.2650,1,3.279,3.541
1915,DATA_20260321_110000.BIN,3.8392,6.4704,2.4161,6.4704,1.1990,1,1.616,5.613
1916,DATA_20260321_110000.BIN,2.4161,6.9958,1.6759,6.9958,1.4740,1,3.242,7.756
1917,DATA_20260321_110000.BIN,0.8888,6.5164,0.9419,6.5164,1.5180,1,2.010,2.064
1918,DATA_20260321_110000.BIN,0.9419,10.6065,4.8528,10.6065,1.5840,1,1.723,1.741
1919,DATA_20260321_110000.BIN,4.8528,9.3777,0.8766,9.3777,2.4200,1,3.096,3.156
1920,DATA_20260321_110000.BIN,0.8766,13.8517,5.6873,13.8517,3.5090,1,3.440,3.441
1921,DATA_20260321_110000.BIN,2.4350,6.4369,2.4604,6.4369,1.6940,1,1.595,1.698
1922,DATA_20260321_110000.BIN,1.7007,8.3603,4.9258,8.3603,1.8150,1,2.278,2.310
1923,DATA_20260321_110000.BIN,4.9258,7.0597,2.0760,7.0597,1.3310,1,4.152,4.433
1924,DATA_20260321_110000.BIN,2.0760,5.6787,1.1268,5.6787,1.3530,1,1.278,1.581
1925,DATA_20260321_110000.BIN,1.1268,11.5404,5.0096,11.5404,2.7280,1,1.931,2.254
1926,DATA_20260321_110000.BIN,5.0096,8.7250,3.5445,8.7250,1.4190,1,3.650,4.317
1927,DATA_20260321_110000.BIN,3.5445,6.4511,1.2539,6.4511,1.2540,1,2.511,3.349
1928,DATA_20260321_110000.BIN,1.2539,5.5748,0.7597,5.5748,1.1770,1,1.449,1.590
1929,DATA_20260321_110000.BIN,0.7597,5.0626,1.0237,5.0626,1.1990,1,1.738,1.771
1930,DATA_20260321_110000.BIN,1.0237,5.9181,1.5125,5.9181,1.2430,1,2.269,2.269
1931,DATA_20260321_110000.BIN,1.5125,5.6936,2.3915,5.6936,1.1880,1,1.751,4.748
1932,DATA_20260321_110000.BIN,2.3915,5.4183,0.6891,5.4183,1.2540,1,4.712,5.801
1933,DATA_20260321_110000.BIN,0.6891,4.7478,0.7555,4.7478,1.0670,1,2.280,3.896
1934,DATA_20260321_110000.BIN,0.7555,7.0792,1.0104,7.0792,1.2650,1,2.156,3.686
1935,DATA_20260321_110000.BIN,1.0104,6.0536,0.9921,6.0536,1.1880,1,0.367,0.441
1936,DATA_20260321_110000.BIN,1.7961,6.4583,0.9969,6.4583,3.6960,1,1.529,2.147
1937,DATA_20260321_110000.BIN,0.2900,5.1656,0.9827,5.1656,1.0450,1,0.874,4.550
1938,DATA_20260321_110000.BIN,0.9827,3.7370,1.2950,3.7370,2.4530,1,1.916,3.907
1939,DATA_20260321_110000.BIN,1.2950,4.4548,1.6648,4.4548,8.1290,1,2.245,3.197
1940,DATA_20260321_110000.BIN,1.6648,3.8265,1.4696,3.8265,1.9250,1,1.987,2.255
1941,DATA_20260321_110000.BIN,1.4696,12.3662,3.9968,12.3662,2.3870,1,1.608,3.759
1942,DATA_20260321_110000.BIN,0.4984,6.8024,1.7773,6.8024,2.5960,1,0.641,6.932
1943,DATA_20260321_110000.BIN,1.7110,12.4452,2.5197,12.4452,2.4530,1,2.714,2.984
1944,DATA_20260321_110000.BIN,2.5197,11.9623,6.3185,11.9623,1.1770,1,3.262,7.358
1945,DATA_20260321_110000.BIN,6.3185,10.2592,2.4112,10.2592,3.5200,1,7.293,9.799
1946,DATA_20260321_110000.BIN,2.4112,4.9492,0.8678,4.9492,1.5400,1,3.147,5.328
1947,DATA_20260321_110000.BIN,0.8678,4.4314,1.2044,4.4314,4.4110,1,1.396,1.425
1948,DATA_20260321_110000.BIN,1.2044,6.3150,1.6664,6.3150,4.4330,1,1.450,5.031
1949,DATA_20260321_110000.BIN,1.6664,3.4259,1.0400,3.4259,2.6070,1,2.249,4.132
1950,DATA_20260321_110000.BIN,1.0400,5.6454,1.3400,5.6454,4.2130,1,1.081,1.179
1951,DATA_20260321_110000.BIN,1.3400,10.1096,4.6467,10.1096,2.4420,1,1.631,5.065
1952,DATA_20260321_110000.BIN,2.5620,6.4290,1.0451,6.4290,1.2650,1,2.754,4.686
1953,DATA_20260321_110000.BIN,1.0451,11.6307,2.0343,11.6307,9.5260,1,1.549,2.841
1954,DATA_20260321_110000.BIN,2.0343,6.1993,0.5801,6.1993,1.6390,1,1.648,3.031
1955,DATA_20260321_110000.BIN,2.1779,5.7242,0.4869,5.7242,1.3750,1,2.688,4.093
1956,DATA_20260321_110000.BIN,3.6922,5.8990,1.6187,5.8990,1.0890,1,3.687,4.712
1957,DATA_20260321_110000.BIN,1.6187,5.6738,1.4422,5.6738,1.2320,1,1.051,1.167
1958,DATA_20260321_110000.BIN,1.4422,4.0279,1.5344,4.0279,1.1990,1,0.576,0.642
1959,DATA_20260321_110000.BIN,1.5344,5.2124,0.5606,5.2124,1.2100,1,0.920,1.755
1960,DATA_20260321_110000.BIN,0.5606,5.8010,0.6133,5.8010,1.2100,1,1.196,1.494
1961,DATA_20260321_110000.BIN,0.6133,5.1269,1.0267,5.1269,1.2320,1,1.653,2.039
1962,DATA_20260321_110000.BIN,1.0267,3.6892,1.9637,3.6892,1.2100,1,1.869,1.896
1963,DATA_20260321_110000.BIN,1.9637,4.3372,0.5262,4.3372,1.1550,1,2.512,2.874
1964,DATA_20260321_110000.BIN,0.5262,5.2835,1.3687,5.2835,1.2760,1,1.260,1.459
1965,DATA_20260321_110000.BIN,1.3687,3.4601,0.3929,3.4601,1.1330,1,1.094,1.707
1966,DATA_20260321_110000.BIN,0.3929,8.8150,4.0339,8.8150,2.8160,1,0.379,1.062
1967,DATA_20260321_110000.BIN,4.0339,7.8775,3.6845,7.8775,1.2980,1,5.131,6.404
1968,DATA_20260321_110000.BIN,3.6845,6.0413,0.8909,6.0413,1.6280,1,4.253,5.420
1969,DATA_20260321_110000.BIN,0.8909,3.4875,1.2566,3.4875,1.6280,1,1.278,1.309
1970,DATA_20260321_110000.BIN,1.2566,6.7100,1.6950,6.7100,2.5190,1,1.226,1.319
1971,DATA_20260321_110000.BIN,1.6950,6.4795,2.0932,6.4795,2.7280,1,1.441,2.324
1972,DATA_20260321_110000.BIN,3.9346,6.9249,3.4751,6.9249,3.3990,1,5.167,7.045
1973,DATA_20260321_110000.BIN,3.4751,22.6963,6.8754,22.6963,6.3800,1,4.181,4.212
1974,DATA_20260321_110000.BIN,13.5127,18.1605,3.0546,18.1605,1.9580,1,15.111,18.612
1975,DATA_20260321_110000.BIN,3.0546,8.5326,2.2140,8.5326,4.4990,1,3.956,6.806
1976,DATA_20260321_110000.BIN,2.2140,7.2154,3.4456,7.2154,2.0900,1,2.889,5.642
1977,DATA_20260321_110000.BIN,2.0929,10.3339,1.3371,10.3339,2.3100,1,3.802,4.440
1978,DATA_20260321_110000.BIN,1.3371,4.5852,1.2231,4.5852,1.5180,1,1.181,2.496
1979,DATA_20260321_110000.BIN,1.2231,9.8179,0.8816,9.8179,2.0240,1,2.643,3.386
1980,DATA_20260321_110000.BIN,0.8816,3.4114,0.8941,3.4114,2.9260,1,1.806,1.868
1981,DATA_20260321_110000.BIN,0.1262,9.3098,0.9534,9.3098,4.0150,1,1.003,7.651
1982,DATA_20260321_110000.BIN,0.9534,8.7809,3.9867,8.7809,2.4750,1,0.370,0.929
1983,DATA_20260321_110000.BIN,3.9867,8.1088,1.6055,8.1088,1.2430,1,5.106,10.009
1984,DATA_20260321_110000.BIN,3.3978,11.5946,7.3227,11.5946,1.1880,1,3.654,9.198
1985,DATA_20260321_110000.BIN,7.3227,12.1726,0.9294,12.1726,2.2110,1,8.064,9.299
1986,DATA_20260321_110000.BIN,0.9294,5.3718,0.5907,5.3718,2.2440,1,1.056,4.226
1987,DATA_20260321_110000.BIN,1.7835,6.8360,1.8182,6.8360,1.2540,1,1.011,1.017
1988,DATA_20260321_110000.BIN,1.8182,10.9983,3.7597,10.9983,2.5850,1,3.235,3.298
1989,DATA_20260321_110000.BIN,3.7597,7.5826,5.4248,7.5826,2.2000,1,5.442,5.836
1990,DATA_20260321_110000.BIN,5.4248,12.8084,0.9394,12.8084,2.1450,1,6.745,6.899
1991,DATA_20260321_110000.BIN,0.9394,9.0237,0.6490,9.0237,5.9950,1,1.312,1.745
1992,DATA_20260321_110000.BIN,0.6490,5.1222,2.2139,5.1222,1.4630,1,0.782,1.749
1993,DATA_20260321_110000.BIN,2.2139,4.7357,1.7016,4.7357,1.2540,1,2.578,2.926
1994,DATA_20260321_110000.BIN,0.5280,3.2214,0.7533,3.2214,1.3310,1,0.421,2.426
1995,DATA_20260321_110000.BIN,1.7976,4.9919,1.3745,4.9919,1.4740,1,1.813,3.183
1996,DATA_20260321_110000.BIN,1.3745,5.9971,2.3201,5.9971,1.0340,1,1.223,2.209
1997,DATA_20260321_110000.BIN,2.3201,6.6281,0.9466,6.6281,1.0560,1,2.007,2.822
1998,DATA_20260321_110000.BIN,0.9466,6.2887,0.7082,6.2887,1.1660,1,0.507,1.742
1999,DATA_20260321_110000.BIN,0.7082,6.0236,2.0748,6.0236,1.0780,1,1.481,1.897
2000,DATA_20260321_110000.BIN,2.0748,7.2121,2.1882,7.2121,1.1110,1,1.771,2.014
2001,DATA_20260321_110000.BIN,2.1882,7.0552,1.6594,7.0552,1.2320,1,3.294,3.307
2002,DATA_20260321_110000.BIN,1.6594,5.9144,1.0917,5.9144,1.2540,1,2.391,2.541
2003,DATA_20260321_110000.BIN,1.0917,6.1905,1.3468,6.1905,1.2540,1,1.311,3.255
2004,DATA_20260321_110000.BIN,1.3468,5.7025,1.0599,5.7025,1.2650,1,1.715,2.155
2005,DATA_20260321_110000.BIN,1.0599,5.6801,1.5071,5.6801,1.3750,1,1.112,2.123
2006,DATA_20260321_110000.BIN,1.5071,5.2276,1.4310,5.2276,1.3970,1,1.567,2.770
2007,DATA_20260321_110000.BIN,1.4310,5.0058,0.9541,5.0058,1.6830,1,1.368,2.781
2008,DATA_20260321_110000.BIN,0.9541,3.6505,1.7409,3.6505,2.3430,1,1.539,6.912
2009,DATA_20260321_110000.BIN,0.7145,4.0807,1.4218,4.0807,1.4080,1,1.653,6.374
2010,DATA_20260321_110000.BIN,1.4218,4.5676,0.4508,4.5676,5.1370,1,2.106,7.810
2011,DATA_20260321_110000.BIN,0.4508,4.2509,1.7912,4.2509,3.9380,1,0.625,3.522
2012,DATA_20260321_110000.BIN,1.7912,4.7291,0.3767,4.7291,2.3760,1,2.222,3.088
2013,DATA_20260321_110000.BIN,0.3767,8.5830,1.5489,8.5830,4.6420,1,1.091,5.529
2014,DATA_20260321_110000.BIN,1.5489,14.1705,1.2909,14.1705,3.1900,1,1.741,2.578
2015,DATA_20260321_110000.BIN,1.2909,6.4653,3.2195,6.4653,2.3430,1,1.701,3.281
2016,DATA_20260321_110000.BIN,1.0975,4.3324,1.2825,4.3324,2.0240,1,1.709,2.953
2017,DATA_20260321_110000.BIN,1.2825,3.9849,1.2758,3.9849,2.5630,1,1.455,2.595
2018,DATA_20260321_110000.BIN,22.2673,24.0860,9.8014,24.0860,4.7190,1,27.075,29.121
2019,DATA_20260321_110000.BIN,9.8014,16.5941,1.4728,16.5941,2.1450,1,10.051,10.417
2020,DATA_20260321_110000.BIN,3.4471,16.1454,0.7908,16.1454,3.2120,1,1.082,2.445
2021,DATA_20260321_110000.BIN,0.7908,3.6488,1.7058,3.6488,1.2760,1,2.727,3.760
2022,DATA_20260321_110000.BIN,1.7058,4.8671,0.0299,4.8671,2.2440,1,2.006,2.456
2023,DATA_20260321_110000.BIN,0.0299,4.6240,0.1813,4.6240,3.5420,1,3.146,3.445
2024,DATA_20260321_110000.BIN,0.1813,5.7140,0.8782,5.7140,1.9470,1,2.531,2.749
2025,DATA_20260321_110000.BIN,0.8782,3.9680,2.3669,3.9680,3.5200,1,2.360,7.467
2026,DATA_20260321_110000.BIN,1.3328,7.3382,0.8956,7.3382,1.7600,1,3.994,6.548
2027,DATA_20260321_110000.BIN,0.8956,5.3500,1.6367,5.3500,2.4090,1,2.905,3.294
2028,DATA_20260321_110000.BIN,1.6367,4.1443,1.2293,4.1443,2.7830,1,3.100,4.660
2029,DATA_20260321_110000.BIN,1.2293,4.4310,0.0999,4.4310,1.2100,1,2.128,2.147
2030,DATA_20260321_110000.BIN,0.0999,3.3143,0.7321,3.3143,1.4190,1,1.065,4.013
2031,DATA_20260321_110000.BIN,0.7321,3.7042,1.3929,3.7042,1.8920,1,1.121,3.017
2032,DATA_20260321_110000.BIN,1.3929,4.0344,2.1442,4.0344,2.4750,1,2.613,2.630
2033,DATA_20260321_110000.BIN,2.2110,4.4780,1.7164,4.4780,1.3090,1,2.337,3.299
2034,DATA_20260321_110000.BIN,1.7164,4.4227,0.8970,4.4227,1.4190,1,1.601,4.768
2035,DATA_20260321_110000.BIN,0.8970,5.8344,2.5044,5.8344,2.2440,1,1.708,5.249
2036,DATA_20260321_110000.BIN,2.5044,7.2756,2.3314,7.2756,3.0250,1,3.594,3.946
2037,DATA_20260321_110000.BIN,2.3314,5.1537,2.5825,5.1537,1.5730,1,2.665,4.925
2038,DATA_20260321_110000.BIN,0.6029,3.4899,0.6243,3.4899,1.6610,1,0.859,3.106
2039,DATA_20260321_110000.BIN,0.6243,8.8349,0.5227,8.8349,5.2360,1,0.873,3.728
2040,DATA_20260321_110000.BIN,1.2350,3.5433,2.0714,3.5433,4.7740,1,1.695,4.144
2041,DATA_20260321_110000.BIN,2.0714,14.3759,2.3230,14.3759,6.1270,1,2.397,3.933
2042,DATA_20260321_110000.BIN,2.3230,4.9130,1.1686,4.9130,4.4880,1,2.615,2.870
2043,DATA_20260321_110000.BIN,1.1686,3.9695,0.6940,3.9695,2.2000,1,1.564,1.592
2044,DATA_20260321_110000.BIN,0.6940,4.4880,0.9353,4.4880,1.5950,1,1.100,2.473
2045,DATA_20260321_110000.BIN,0.9353,5.6436,1.0800,5.6436,2.6400,1,0.787,2.897
2046,DATA_20260321_110000.BIN,1.0800,6.8110,1.4913,6.8110,1.3310,1,1.084,2.683
2047,DATA_20260321_110000.BIN,1.4913,10.4157,7.5802,10.4157,2.7280,1,1.444,3.241
2048,DATA_20260321_110000.BIN,7.5802,11.2476,4.8272,11.2476,1.7820,1,8.422,8.483
2049,DATA_20260321_110000.BIN,4.8272,8.7887,3.6581,8.7887,4.2900,1,4.252,4.256
2050,DATA_20260321_110000.BIN,0.7441,5.6787,0.8087,5.6787,1.3420,1,1.393,2.622
2051,DATA_20260321_110000.BIN,0.8087,5.9798,1.8683,5.9798,1.2980,1,0.712,2.681
2052,DATA_20260321_110000.BIN,4.7890,7.4611,1.3567,7.4611,3.1240,1,4.090,5.417
2053,DATA_20260321_110000.BIN,1.3567,9.9862,1.5522,9.9862,2.0020,1,3.041,3.113
2054,DATA_20260321_110000.BIN,0.8256,5.0000,0.3552,5.0000,1.1000,1,2.403,2.803
2055,DATA_20260321_110000.BIN,0.3552,4.5094,1.0197,4.5094,1.2650,1,1.060,1.487
2056,DATA_20260321_110000.BIN,1.0197,5.3004,0.9327,5.3004,1.2210,1,2.010,2.123
2057,DATA_20260321_110000.BIN,0.9327,5.6867,2.3026,5.6867,1.1880,1,0.083,0.967
2058,DATA_20260321_110000.BIN,2.3026,6.3311,1.9360,6.3311,1.2870,1,2.275,2.281
2059,DATA_20260321_110000.BIN,2.9755,7.2106,1.9887,7.2106,1.1110,1,2.470,4.671
2060,DATA_20260321_110000.BIN,1.9887,7.0798,3.3888,7.0798,1.1880,1,2.024,2.459
2061,DATA_20260321_110000.BIN,3.3888,6.8669,2.5371,6.8669,1.1990,1,2.935,3.166
2062,DATA_20260321_110000.BIN,0.5807,5.4465,0.8738,5.4465,1.3090,1,0.998,4.580
2063,DATA_20260321_110000.BIN,0.8738,6.4633,0.4910,6.4633,1.1660,1,1.074,2.224
2064,DATA_20260321_110000.BIN,0.4910,6.1498,0.4808,6.1498,1.0890,1,0.745,1.632
2065,DATA_20260321_110000.BIN,0.4808,6.9822,0.8474,6.9822,1.2210,1,1.738,3.055
2066,DATA_20260321_110000.BIN,0.8474,6.2463,1.0469,6.2463,1.1330,1,0.091,0.398
2067,DATA_20260321_110000.BIN,1.0469,7.5671,2.8658,7.5671,1.1550,1,0.944,1.492
2068,DATA_20260321_110000.BIN,2.8658,6.7999,1.8451,6.7999,1.1330,1,2.231,2.346
2069,DATA_20260321_110000.BIN,1.8451,6.6016,1.0528,6.6016,1.1550,1,0.937,1.501
2070,DATA_20260321_110000.BIN,1.0528,7.1146,2.8269,7.1146,1.2540,1,1.008,1.643
2071,DATA_20260321_110000.BIN,2.8269,6.6381,1.6052,6.6381,1.8040,1,4.313,4.486
2072,DATA_20260321_110000.BIN,1.6052,5.4692,0.6384,5.4692,1.0560,1,1.590,2.687
2073,DATA_20260321_110000.BIN,1.0853,7.2672,3.3665,7.2672,1.2540,1,2.087,2.578
2074,DATA_20260321_110000.BIN,3.3665,10.3654,2.1180,10.3654,1.5180,1,3.266,4.203
2075,DATA_20260321_110000.BIN,2.1180,7.1306,1.3663,7.1306,1.3090,1,1.565,1.862
2076,DATA_20260321_110000.BIN,1.3663,8.3348,2.3504,8.3348,1.2320,1,0.393,1.343
2077,DATA_20260321_110000.BIN,2.3504,7.5316,1.1873,7.5316,2.6620,1,1.419,2.289
2078,DATA_20260321_110000.BIN,1.1873,6.9854,2.4200,6.9854,1.5290,1,1.455,4.148
2079,DATA_20260321_110000.BIN,2.4200,7.7623,4.5719,7.7623,1.6060,1,2.154,2.320
2080,DATA_20260321_110000.BIN,4.5719,7.1722,0.7642,7.1722,1.2100,1,4.091,4.352
2081,DATA_20260321_110000.BIN,0.7642,7.7079,0.8932,7.7079,1.1550,1,0.838,2.716
2082,DATA_20260321_110000.BIN,0.8932,7.7584,1.1433,7.7584,1.1660,1,1.817,2.310
2083,DATA_20260321_110000.BIN,1.1433,7.8567,0.1054,7.8567,1.1220,1,1.176,1.813
2084,DATA_20260321_110000.BIN,0.1054,8.3542,1.2564,8.3542,1.2210,1,1.139,2.467
2085,DATA_20260321_110000.BIN,1.2564,8.2517,1.1671,8.2517,1.1550,1,0.290,1.384
2086,DATA_20260321_110000.BIN,1.1671,9.2847,2.6110,9.2847,1.1770,1,0.385,1.304
2087,DATA_20260321_110000.BIN,2.6110,8.6906,1.2214,8.6906,1.1880,1,1.784,2.409
2088,DATA_20260321_110000.BIN,1.2214,8.7783,2.7700,8.7783,1.2100,1,0.275,2.590
2089,DATA_20260321_110000.BIN,2.7700,7.8111,0.4617,7.8111,1.1660,1,1.808,1.811
2090,DATA_20260321_110000.BIN,0.4617,7.0240,0.9793,7.0240,1.1770,1,1.073,1.119
2091,DATA_20260321_110000.BIN,0.9793,9.0320,2.0491,9.0320,1.2540,1,0.657,0.687
2092,DATA_20260321_110000.BIN,2.0491,8.3970,1.6139,8.3970,1.1330,1,0.912,0.959
2093,DATA_20260321_110000.BIN,1.6139,9.2405,1.7023,9.2405,1.2210,1,1.003,1.102
2094,DATA_20260321_110000.BIN,1.7023,5.9684,0.7874,5.9684,1.1110,1,1.198,2.130
2095,DATA_20260321_110000.BIN,0.7874,7.4313,2.4305,7.4313,1.1770,1,0.728,1.425
2096,DATA_20260321_110000.BIN,2.4305,8.4751,3.3419,8.4751,1.1990,1,1.670,1.801
2097,DATA_20260321_110000.BIN,3.3419,8.0753,0.6313,8.0753,1.1880,1,2.347,2.472
2098,DATA_20260321_110000.BIN,0.6313,7.9168,0.4401,7.9168,1.2540,1,1.203,1.462
2099,DATA_20260321_110000.BIN,0.4401,8.0073,1.1406,8.0073,1.2870,1,1.228,1.245
2100,DATA_20260321_110000.BIN,1.1406,4.1323,1.8786,4.1323,1.2540,1,0.264,2.581
2101,DATA_20260321_110000.BIN,4.7323,12.7074,3.0196,12.7074,6.4130,1,4.237,4.429
2102,DATA_20260321_110000.BIN,3.0196,7.0376,1.6643,7.0376,1.8480,1,3.133,12.478
2103,DATA_20260321_110000.BIN,1.6643,5.8333,1.6429,5.8333,1.6170,1,2.839,3.048
2104,DATA_20260321_110000.BIN,1.6429,6.1149,1.3354,6.1149,1.2870,1,3.172,3.547
2105,DATA_20260321_110000.BIN,1.3354,6.7936,1.7517,6.7936,1.3860,1,0.400,2.077
2106,DATA_20260321_110000.BIN,1.7517,7.7031,0.3764,7.7031,2.4750,1,0.826,0.840
2107,DATA_20260321_110000.BIN,0.3764,5.1934,0.3062,5.1934,1.2650,1,1.428,3.785
2108,DATA_20260321_110000.BIN,0.3054,5.5101,1.6163,5.5101,2.6070,1,1.509,3.859
2109,DATA_20260321_110000.BIN,1.6163,6.7912,2.5709,6.7912,1.2320,1,2.070,3.327
2110,DATA_20260321_110000.BIN,2.5709,7.8892,1.9184,7.8892,1.2870,1,2.107,3.670
2111,DATA_20260321_110000.BIN,1.9184,8.2960,3.0763,8.2960,1.2760,1,0.957,1.829
2112,DATA_20260321_110000.BIN,3.0763,8.3370,1.8050,8.3370,1.2870,1,2.531,2.807
2113,DATA_20260321_110000.BIN,1.8050,6.8150,1.1693,6.8150,1.2870,1,0.913,1.229
2114,DATA_20260321_110000.BIN,1.1693,6.6057,1.9651,6.6057,1.2100,1,0.347,0.347
2115,DATA_20260321_110000.BIN,1.9651,7.0735,1.9123,7.0735,1.2430,1,1.190,1.396
2116,DATA_20260321_110000.BIN,1.9123,7.5878,1.4732,7.5878,1.2320,1,0.662,1.226
2117,DATA_20260321_110000.BIN,1.4732,7.3448,1.3169,7.3448,1.2430,1,0.228,0.831
2118,DATA_20260321_110000.BIN,1.3169,7.0472,2.9516,7.0472,1.1000,1,0.391,0.795
2119,DATA_20260321_110000.BIN,2.9516,7.6172,1.7095,7.6172,1.2650,1,2.266,2.275
2120,DATA_20260321_110000.BIN,1.7095,7.2025,2.9601,7.2025,1.2650,1,0.576,0.598
2121,DATA_20260321_110000.BIN,2.9601,7.5864,2.5448,7.5864,1.2980,1,1.732,1.879
2122,DATA_20260321_110000.BIN,2.5448,6.6671,2.0930,6.6671,1.2540,1,1.045,1.139
2123,DATA_20260321_110000.BIN,2.0930,5.2563,1.2262,5.2563,1.1220,1,0.858,0.875
2124,DATA_20260321_110000.BIN,1.2262,5.1155,1.0113,5.1155,1.2430,1,2.177,2.496
2125,DATA_20260321_110000.BIN,1.5586,4.5382,2.1556,4.5382,2.5190,1,0.833,2.071
2126,DATA_20260321_110000.BIN,2.1556,13.0665,5.9135,13.0665,3.3220,1,2.121,2.162
2127,DATA_20260321_110000.BIN,8.6762,15.3862,11.4646,15.3862,2.3870,1,8.156,8.161
2128,DATA_20260321_110000.BIN,9.2471,16.4123,11.5794,16.4123,1.1880,1,8.512,11.898
2129,DATA_20260321_110000.BIN,11.5794,15.4208,10.5596,15.4208,1.1440,1,10.158,13.113
2130,DATA_20260321_110000.BIN,10.5596,17.1758,10.4040,17.1758,1.2100,1,8.011,10.152
2131,DATA_20260321_110000.BIN,10.4040,17.1752,10.5744,17.1752,1.2320,1,7.033,9.941
2132,DATA_20260321_110000.BIN,10.5744,14.7045,10.3336,14.7045,1.2430,1,6.577,9.225
2133,DATA_20260321_110000.BIN,10.3336,14.5440,10.1858,14.5440,1.0560,1,6.067,7.891
2134,DATA_20260321_110000.BIN,10.1858,14.6763,11.6820,14.6763,1.1330,1,5.171,7.257
2135,DATA_20260321_110000.BIN,11.6820,16.5077,13.9382,16.5077,1.1000,1,6.373,7.967
2136,DATA_20260321_110000.BIN,13.9382,16.8249,13.1362,16.8249,1.1220,1,8.642,10.541
2137,DATA_20260321_110000.BIN,11.6693,14.9047,10.0248,14.9047,1.0560,1,4.799,6.285
2138,DATA_20260321_110000.BIN,10.0248,14.2644,10.5418,14.2644,1.1110,1,2.731,2.733
2139,DATA_20260321_110000.BIN,13.1553,16.2781,12.7385,16.2781,1.1000,1,5.802,6.859
2140,DATA_20260321_110000.BIN,12.7385,16.9592,11.9588,16.9592,1.0780,1,4.773,4.839
2141,DATA_20260321_110000.BIN,11.9588,18.3726,13.2396,18.3726,1.1660,1,3.635,3.771
2142,DATA_20260321_110000.BIN,13.2396,18.0605,12.3305,18.0605,1.0010,1,4.434,5.107
2143,DATA_20260321_110000.BIN,16.0141,19.3697,14.9908,19.3697,1.1660,1,7.640,8.097
2144,DATA_20260321_110000.BIN,14.9908,21.7501,12.7557,21.7501,2.5190,1,5.379,5.665
2145,DATA_20260321_110000.BIN,9.8990,19.0246,13.8299,19.0246,1.4630,1,3.039,7.879
2146,DATA_20260321_110000.BIN,13.8299,18.7496,12.6874,18.7496,1.3530,1,6.469,6.937
2147,DATA_20260321_110000.BIN,12.6874,18.9836,12.8430,18.9836,1.4410,1,2.544,4.020
2148,DATA_20260321_110000.BIN,12.8430,18.9270,9.7409,18.9270,3.5750,1,2.908,3.349
2149,DATA_20260321_110000.BIN,9.7409,12.8900,4.0400,12.8900,2.3430,1,4.925,7.695
2150,DATA_20260321_110000.BIN,4.0400,11.1334,1.8116,11.1334,3.7950,1,8.461,8.768
2151,DATA_20260321_110000.BIN,1.8116,11.5261,5.6448,11.5261,2.1230,1,10.776,12.756
2152,DATA_20260321_110000.BIN,5.6448,8.9944,2.7532,8.9944,1.6280,1,4.729,8.953
2153,DATA_20260321_110000.BIN,2.7532,7.3163,2.6825,7.3163,1.2870,1,7.377,9.564
2154,DATA_20260321_110000.BIN,2.6825,7.8064,2.5784,7.8064,1.3530,1,6.695,8.384
2155,DATA_20260321_110000.BIN,2.5784,7.3046,3.2635,7.3046,1.3090,1,6.949,8.562
2156,DATA_20260321_110000.BIN,3.2635,9.6572,3.5828,9.6572,1.4190,1,4.740,5.994
2157,DATA_20260321_110000.BIN,3.5828,10.4140,4.8173,10.4140,1.2980,1,4.284,5.788
2158,DATA_20260321_110000.BIN,4.8173,9.4303,4.8113,9.4303,1.2870,1,4.090,5.481
2159,DATA_20260321_110000.BIN,4.8113,7.8163,3.0002,7.8163,1.3200,1,2.825,3.756
2160,DATA_20260321_110000.BIN,5.0551,9.6360,1.4346,9.6360,2.1780,1,1.274,2.236
2161,DATA_20260321_110000.BIN,1.4346,15.9594,2.6605,15.9594,9.4490,1,5.563,7.758
2162,DATA_20260321_110000.BIN,2.6605,12.0214,5.4149,12.0214,1.8150,1,5.916,7.604
2163,DATA_20260321_110000.BIN,5.4149,9.3702,1.2931,9.3702,4.0590,1,5.525,7.644
2164,DATA_20260321_110000.BIN,1.2931,4.5493,1.2130,4.5493,4.6640,1,5.424,5.524
2165,DATA_20260321_110000.BIN,1.2130,4.3431,2.0524,4.3431,2.4310,1,6.747,8.878
2166,DATA_20260321_110000.BIN,2.0524,6.3965,2.3824,6.3965,1.2320,1,6.063,6.603
2167,DATA_20260321_110000.BIN,2.3824,5.5318,2.4091,5.5318,1.1880,1,4.158,4.581
2168,DATA_20260321_110000.BIN,2.4091,4.9133,1.8834,4.9133,1.1220,1,5.470,5.499
2169,DATA_20260321_110000.BIN,1.8834,5.6564,0.7202,5.6564,1.2210,1,4.182,4.221
2170,DATA_20260321_110000.BIN,0.7202,5.6708,1.4746,5.6708,1.1660,1,2.057,2.780
2171,DATA_20260321_110000.BIN,1.4746,6.8684,2.9468,6.8684,1.2210,1,0.885,1.807
2172,DATA_20260321_110000.BIN,2.9468,6.0425,1.1943,6.0425,1.2760,1,1.165,1.376
2173,DATA_20260321_110000.BIN,1.1943,4.6977,1.1210,4.6977,1.1880,1,3.043,3.184
2174,DATA_20260321_110000.BIN,1.1210,5.5074,2.5222,5.5074,1.3090,1,1.014,1.286
2175,DATA_20260321_110000.BIN,1.5820,6.6403,2.4749,6.6403,1.6170,1,3.843,10.441
2176,DATA_20260321_110000.BIN,2.4749,8.6265,4.2049,8.6265,1.3420,1,1.475,3.365
2177,DATA_20260321_110000.BIN,4.2049,8.0760,3.3750,8.0760,1.4190,1,2.988,3.718
2178,DATA_20260321_110000.BIN,1.2002,5.0063,0.6154,5.0063,1.5400,1,0.805,3.609
2179,DATA_20260321_110000.BIN,0.6154,6.0538,0.2101,6.0538,3.4650,1,1.394,5.341
2180,DATA_20260321_110000.BIN,0.2101,4.3599,1.4464,4.3599,2.1450,1,1.915,4.971
2181,DATA_20260321_110000.BIN,1.4464,4.8779,1.3668,4.8779,3.9600,1,2.777,4.667
2182,DATA_20260321_110000.BIN,1.3668,5.0448,0.9555,5.0448,2.1450,1,3.221,3.259
2183,DATA_20260321_110000.BIN,0.9555,5.5371,1.2926,5.5371,1.6280,1,1.470,1.792
2184,DATA_20260321_110000.BIN,3.5346,10.5573,3.1692,10.5573,5.6100,1,3.707,8.150
2185,DATA_20260321_110000.BIN,2.1704,10.6413,1.0588,10.6413,5.5990,1,1.726,8.461
2186,DATA_20260321_110000.BIN,3.1726,6.4635,1.1629,6.4635,3.4980,1,3.385,5.352
2187,DATA_20260321_110000.BIN,1.1629,8.1257,2.5170,8.1257,5.1150,1,1.677,6.751
2188,DATA_20260321_110000.BIN,2.5170,10.4547,0.8294,10.4547,3.0910,1,3.599,5.294
2189,DATA_20260321_110000.BIN,0.8294,4.3085,2.1388,4.3085,1.4410,1,0.771,8.185
2190,DATA_20260321_110000.BIN,3.8404,9.3321,4.3872,9.3321,2.8600,1,4.123,5.594
2191,DATA_20260321_110000.BIN,4.3872,8.8972,0.1317,8.8972,4.2350,1,4.169,4.594
2192,DATA_20260321_110000.BIN,0.1317,8.6123,0.5766,8.6123,2.8490,1,1.360,3.401
2193,DATA_20260321_110000.BIN,0.5766,4.3472,1.7752,4.3472,1.0780,1,1.032,2.240
2194,DATA_20260321_110000.BIN,1.7752,5.0321,0.6507,5.0321,3.0140,1,3.290,5.843
2195,DATA_20260321_110000.BIN,0.6507,3.7789,0.8888,3.7789,1.9360,1,0.994,1.483
2196,DATA_20260321_110000.BIN,0.8888,4.6021,1.2096,4.6021,1.2650,1,1.026,1.733
2197,DATA_20260321_110000.BIN,1.2096,3.3800,1.1261,3.3800,1.3860,1,1.282,2.727
2198,DATA_20260321_110000.BIN,0.2744,4.5766,1.4977,4.5766,3.4210,1,0.523,0.576
2199,DATA_20260321_110000.BIN,1.9153,7.0979,1.8897,7.0979,1.9140,1,2.248,10.630
2200,DATA_20260321_110000.BIN,1.8897,4.9989,1.3965,4.9989,1.7930,1,1.580,2.204
2201,DATA_20260321_110000.BIN,2.1369,16.3854,0.7830,16.3854,8.2390,1,1.712,1.783
2202,DATA_20260321_110000.BIN,0.7830,7.1962,2.3229,7.1962,4.3780,1,0.846,7.539
2203,DATA_20260321_110000.BIN,0.7913,8.1600,1.2098,8.1600,2.5960,1,1.178,4.070
2204,DATA_20260321_110000.BIN,1.2098,3.9947,1.2677,3.9947,1.4850,1,0.831,2.012
2205,DATA_20260321_110000.BIN,1.2677,5.7140,1.0479,5.7140,1.4190,1,1.016,1.268
2206,DATA_20260321_110000.BIN,1.0479,6.5975,1.6597,6.5975,1.4520,1,1.800,3.731
2207,DATA_20260321_110000.BIN,1.6597,5.2450,2.1229,5.2450,1.1000,1,2.480,3.050
2208,DATA_20260321_110000.BIN,2.1229,8.4754,4.3582,8.4754,1.3860,1,2.841,6.133
2209,DATA_20260321_110000.BIN,4.3582,10.0051,1.5059,10.0051,1.9800,1,5.126,7.399
2210,DATA_20260321_110000.BIN,0.8250,6.8651,0.8214,6.8651,1.5510,1,0.712,2.156
2211,DATA_20260321_110000.BIN,2.8924,7.8140,5.3197,7.8140,1.2870,1,3.550,4.657
2212,DATA_20260321_110000.BIN,5.3197,7.6076,0.9188,7.6076,1.5620,1,6.028,6.047
2213,DATA_20260321_110000.BIN,0.9188,5.8490,1.7270,5.8490,1.1550,1,1.561,3.232
2214,DATA_20260321_110000.BIN,1.7270,7.0613,0.5148,7.0613,2.0570,1,2.554,4.535
2215,DATA_20260321_110000.BIN,2.7921,5.8664,3.0391,5.8664,1.7820,1,3.162,3.570
2216,DATA_20260321_110000.BIN,3.0391,7.6136,1.1070,7.6136,4.3120,1,3.116,3.344
2217,DATA_20260321_110000.BIN,0.7286,5.5430,1.3160,5.5430,3.8500,1,1.464,2.485
2218,DATA_20260321_110000.BIN,1.3160,6.3597,1.1520,6.3597,1.5070,1,2.274,6.435
2219,DATA_20260321_110000.BIN,0.9860,3.8302,1.2471,3.8302,1.2760,1,1.695,4.890
2220,DATA_20260321_110000.BIN,1.2471,5.4867,1.9461,5.4867,1.3750,1,1.685,3.475
2221,DATA_20260321_110000.BIN,1.9461,6.5603,1.6415,6.5603,1.4410,1,2.073,4.015
2222,DATA_20260321_110000.BIN,1.6415,5.8410,2.5875,5.8410,1.3310,1,1.795,2.793
2223,DATA_20260321_110000.BIN,2.5875,5.3029,1.2753,5.3029,1.2430,1,2.935,3.165
2224,DATA_20260321_110000.BIN,1.2753,5.6462,0.9543,5.6462,1.4300,1,1.322,2.283
2225,DATA_20260321_110000.BIN,0.9543,4.5814,1.2030,4.5814,2.8930,1,1.660,4.791
2226,DATA_20260321_110000.BIN,1.7660,3.9814,0.4222,3.9814,1.1330,1,2.416,4.824
2227,DATA_20260321_110000.BIN,0.4222,5.7289,0.2359,5.7289,1.6390,1,0.598,3.598
2228,DATA_20260321_110000.BIN,0.2359,7.9832,4.9497,7.9832,1.4520,1,0.776,0.783
2229,DATA_20260321_110000.BIN,4.9497,9.1036,3.3359,9.1036,1.1990,1,5.860,6.785
2230,DATA_20260321_110000.BIN,3.3359,9.2019,1.0712,9.2019,4.4000,1,3.348,3.447
2231,DATA_20260321_110000.BIN,0.4171,5.3979,1.4295,5.3979,1.6940,1,0.720,3.013
2232,DATA_20260321_110000.BIN,1.4295,4.5746,1.0047,4.5746,3.4430,1,1.602,1.643
2233,DATA_20260321_110000.BIN,0.5656,4.4842,1.6747,4.4842,1.9360,1,0.119,2.937
2234,DATA_20260321_110000.BIN,0.7867,6.5720,1.3885,6.5720,1.6390,1,0.552,1.484
2235,DATA_20260321_110000.BIN,1.3885,3.9030,0.7672,3.9030,2.3100,1,0.794,3.988
2236,DATA_20260321_110000.BIN,0.7672,3.1820,0.7240,3.1820,1.6500,1,1.700,3.002
2237,DATA_20260321_110000.BIN,0.7240,3.7005,1.4029,3.7005,3.7510,1,1.095,1.594
2238,DATA_20260321_110000.BIN,1.4029,4.1319,0.7320,4.1319,1.4850,1,1.087,1.169
2239,DATA_20260321_110000.BIN,0.7320,4.1065,0.0568,4.1065,5.8850,1,1.562,3.413
2240,DATA_20260321_110000.BIN,0.0862,2.9213,0.4549,2.9213,3.3660,1,0.523,0.862
2241,DATA_20260321_110000.BIN,0.4549,2.9490,0.2152,2.9490,1.3860,1,0.441,0.466
2242,DATA_20260321_110000.BIN,0.9655,3.1899,0.5697,3.1899,5.2030,1,0.704,3.536
2243,DATA_20260321_110000.BIN,0.5697,3.0264,0.6157,3.0264,5.7640,1,0.862,1.075
2244,DATA_20260321_110000.BIN,5.6432,10.5382,7.2116,10.5382,8.7230,1,6.130,6.936
2245,DATA_20260321_110000.BIN,1.1452,3.5820,1.2266,3.5820,4.3560,1,2.268,5.494
2246,DATA_20260321_110000.BIN,1.2266,3.0837,1.3701,3.0837,1.6170,1,0.701,1.068
2247,DATA_20260321_110000.BIN,1.4334,7.6355,2.8350,7.6355,1.4190,1,1.528,8.052
2248,DATA_20260321_110000.BIN,1.2384,15.4544,1.6225,15.4544,8.0300,1,1.689,5.691
2249,DATA_20260321_110000.BIN,1.6225,8.5266,4.0194,8.5266,1.4740,1,2.115,2.132
2250,DATA_20260321_110000.BIN,4.0194,5.9653,0.9072,5.9653,5.3130,1,3.940,4.254
2251,DATA_20260321_110000.BIN,0.9072,6.9751,2.0036,6.9751,4.8180,1,0.867,2.422
2252,DATA_20260321_110000.BIN,1.5519,6.4422,0.9986,6.4422,1.6170,1,2.093,3.219
2253,DATA_20260321_110000.BIN,0.9986,5.2786,0.3621,5.2786,1.5290,1,0.350,1.175
2254,DATA_20260321_110000.BIN,0.3621,5.5600,1.1259,5.5600,3.3660,1,1.396,2.279
2255,DATA_20260321_110000.BIN,1.1259,8.2719,0.6475,8.2719,2.3540,1,1.904,1.967
2256,DATA_20260321_110000.BIN,0.6475,6.6279,1.9795,6.6279,2.0020,1,0.710,3.886
2257,DATA_20260321_110000.BIN,13.1850,15.2351,1.6544,15.2351,3.2780,1,16.327,21.721
2258,DATA_20260321_110000.BIN,1.6544,16.6982,4.1615,16.6982,5.4340,1,3.448,4.084
2259,DATA_20260321_110000.BIN,2.5814,6.1269,2.6000,6.1269,2.3320,1,2.593,3.848
2260,DATA_20260321_110000.BIN,2.6000,6.5297,2.3289,6.5297,3.0250,1,2.278,2.315
2261,DATA_20260321_110000.BIN,2.3289,8.1199,1.2002,8.1199,2.9150,1,3.545,5.756
2262,DATA_20260321_110000.BIN,1.2002,6.0336,0.4134,6.0336,2.8600,1,0.331,5.992
2263,DATA_20260321_110000.BIN,0.4134,4.8170,0.1814,4.8170,1.2760,1,1.435,3.058
2264,DATA_20260321_110000.BIN,0.6749,4.0300,0.6959,4.0300,1.0780,1,0.163,0.533
2265,DATA_20260321_110000.BIN,0.6959,5.1709,0.3302,5.1709,1.2870,1,1.655,3.578
2266,DATA_20260321_110000.BIN,0.3302,5.5695,1.2219,5.5695,1.3750,1,0.504,1.482
2267,DATA_20260321_110000.BIN,1.2219,7.0153,1.7493,7.0153,2.5960,1,1.067,1.291
2268,DATA_20260321_110000.BIN,1.7493,4.9747,0.2391,4.9747,2.0790,1,2.501,2.843
2269,DATA_20260321_110000.BIN,1.1035,3.7584,1.3383,3.7584,1.4520,1,1.063,1.278
2270,DATA_20260321_110000.BIN,1.3383,2.8137,0.5727,2.8137,1.4630,1,1.183,1.471
2271,DATA_20260321_110000.BIN,0.5727,4.4729,0.9313,4.4729,1.5620,1,0.540,0.548
2272,DATA_20260321_110000.BIN,0.9313,4.5251,0.9248,4.5251,1.4410,1,1.165,1.221
2273,DATA_20260321_110000.BIN,0.9248,4.1056,1.1364,4.1056,1.4630,1,0.885,0.888
2274,DATA_20260321_110000.BIN,1.1364,4.3856,2.0721,4.3856,1.4960,1,0.817,0.841
2275,DATA_20260321_110000.BIN,2.0721,5.4166,0.7607,5.4166,1.4520,1,1.845,2.240
2276,DATA_20260321_110000.BIN,0.7607,6.9696,1.4742,6.9696,1.6610,1,0.779,0.799
2277,DATA_20260321_110000.BIN,1.4742,4.5739,0.8326,4.5739,1.5510,1,1.806,1.868
2278,DATA_20260321_110000.BIN,0.8326,3.8076,0.7745,3.8076,1.7160,1,1.142,1.237
2279,DATA_20260321_110000.BIN,0.7745,6.3891,0.5859,6.3891,2.4200,1,0.943,1.290
2280,DATA_20260321_110000.BIN,0.8376,3.9010,0.5383,3.9010,2.1560,1,1.555,2.530
2281,DATA_20260321_110000.BIN,0.5383,4.2321,0.7155,4.2321,1.4080,1,0.616,4.327
2282,DATA_20260321_110000.BIN,0.7155,9.0954,6.4147,9.0954,1.9360,1,1.424,2.291
2283,DATA_20260321_110000.BIN,6.4147,13.0882,9.0517,13.0882,3.5530,1,7.154,10.212
2284,DATA_20260321_110000.BIN,9.0517,11.7467,0.6905,11.7467,3.6080,1,9.613,10.720
2285,DATA_20260321_110000.BIN,0.6435,3.2978,1.2385,3.2978,1.7050,1,0.856,2.182
2286,DATA_20260321_110000.BIN,0.8371,4.8844,0.3736,4.8844,8.0190,1,2.354,5.535
2287,DATA_20260321_110000.BIN,0.3736,6.0894,1.3045,6.0894,2.4640,1,1.247,1.422
2288,DATA_20260321_110000.BIN,1.3045,11.7055,1.0253,11.7055,7.2930,1,2.311,4.172
2289,DATA_20260321_110000.BIN,1.0253,3.7076,0.8623,3.7076,6.1050,1,2.526,6.350
2290,DATA_20260321_110000.BIN,0.8623,5.2410,1.0296,5.2410,4.9940,1,1.809,3.629
2291,DATA_20260321_110000.BIN,1.7796,11.2701,2.6132,11.2701,2.9480,1,2.337,2.341
2292,DATA_20260321_110000.BIN,2.6132,6.1370,2.7877,6.1370,1.3860,1,3.585,3.695
2293,DATA_20260321_110000.BIN,2.7877,5.3577,0.8217,5.3577,1.4520,1,3.346,3.378
2294,DATA_20260321_110000.BIN,0.8217,5.9921,2.3535,5.9921,1.4630,1,1.159,1.420
2295,DATA_20260321_110000.BIN,2.3535,5.0591,0.6068,5.0591,1.4520,1,2.393,2.393
2296,DATA_20260321_110000.BIN,0.6068,3.6162,0.7434,3.6162,1.2760,1,1.060,1.258
2297,DATA_20260321_110000.BIN,0.7434,3.5288,1.0102,3.5288,1.3090,1,1.202,1.238
2298,DATA_20260321_110000.BIN,1.0102,3.6913,0.6998,3.6913,1.2540,1,1.249,1.270
2299,DATA_20260321_110000.BIN,0.6998,2.8570,0.8335,2.8570,1.2650,1,0.744,0.947
2300,DATA_20260321_110000.BIN,0.8335,3.7470,0.4720,3.7470,1.3090,1,0.992,1.144
2301,DATA_20260321_110000.BIN,0.4720,5.6662,0.8255,5.6662,1.3090,1,0.309,0.996
2302,DATA_20260321_110000.BIN,0.8255,4.4120,1.3691,4.4120,1.3530,1,1.065,1.458
2303,DATA_20260321_110000.BIN,1.3691,4.9317,2.1295,4.9317,1.3310,1,1.682,1.894
2304,DATA_20260321_110000.BIN,2.1295,5.1277,1.8853,5.1277,1.3970,1,2.326,2.330
2305,DATA_20260321_110000.BIN,1.0151,5.5696,1.8360,5.5696,1.6940,1,1.524,1.838
2306,DATA_20260321_110000.BIN,1.8360,4.7045,2.0582,4.7045,1.4960,1,1.975,2.559
2307,DATA_20260321_110000.BIN,2.0582,5.6526,3.7098,5.6526,1.6280,1,2.058,2.678
2308,DATA_20260321_110000.BIN,3.7098,21.0839,1.8009,21.0839,5.6760,1,3.637,4.407
2309,DATA_20260321_110000.BIN,1.8009,4.4621,2.0771,4.4621,2.1450,1,1.037,2.511
2310,DATA_20260321_110000.BIN,2.0771,3.9413,0.6962,3.9413,4.8620,1,1.646,2.398
2311,DATA_20260321_110000.BIN,0.6962,8.7146,6.2260,8.7146,4.4990,1,0.805,0.937
2312,DATA_20260321_110000.BIN,6.2260,7.8352,0.5000,7.8352,2.9370,1,6.465,6.490
2313,DATA_20260321_110000.BIN,0.5000,5.9862,1.8234,5.9862,2.0570,1,1.560,1.729
2314,DATA_20260321_110000.BIN,1.8234,5.3218,1.9736,5.3218,2.1890,1,1.168,2.032
2315,DATA_20260321_110000.BIN,1.9736,9.7752,5.3376,9.7752,2.0020,1,2.745,3.239
2316,DATA_20260321_110000.BIN,1.2609,6.2284,3.1646,6.2284,3.6850,1,0.322,6.292
2317,DATA_20260321_110000.BIN,3.1646,11.6460,1.7334,11.6460,7.1060,1,2.905,3.626
2318,DATA_20260321_110000.BIN,1.7334,6.0547,2.2549,6.0547,1.8590,1,0.783,3.089
2319,DATA_20260321_110000.BIN,2.2549,30.6884,22.7444,30.6884,2.2550,1,1.092,2.614
2320,DATA_20260321_110000.BIN,22.7444,32.0171,5.1684,32.0171,2.8160,1,28.981,31.376
2321,DATA_20260321_110000.BIN,5.1684,12.6941,2.0672,12.6941,1.7930,1,4.753,4.890
2322,DATA_20260321_110000.BIN,2.0672,4.4881,0.7143,4.4881,1.7710,1,0.377,1.881
2323,DATA_20260321_110000.BIN,0.7143,10.7120,1.7161,10.7120,2.2990,1,2.039,2.894
2324,DATA_20260321_110000.BIN,1.7161,5.4918,0.9042,5.4918,2.6950,1,3.372,8.315
2325,DATA_20260321_110000.BIN,0.9042,4.1932,1.1414,4.1932,2.1780,1,2.483,5.960
2326,DATA_20260321_110000.BIN,1.1414,6.4407,1.1082,6.4407,2.0130,1,1.871,2.958
2327,DATA_20260321_110000.BIN,1.1082,4.9968,2.1920,4.9968,1.5620,1,2.336,6.550
2328,DATA_20260321_110000.BIN,1.1497,5.8435,2.8092,5.8435,1.9250,1,0.670,6.831
2329,DATA_20260321_110000.BIN,3.2063,18.4282,15.7310,18.4282,4.4550,1,2.629,2.672
2330,DATA_20260321_110000.BIN,15.7310,19.3280,3.1544,19.3280,2.7720,1,17.357,21.123
2331,DATA_20260321_110000.BIN,3.1544,8.1326,2.4028,8.1326,2.5300,1,0.693,1.292
2332,DATA_20260321_110000.BIN,10.1855,11.8208,1.5787,11.8208,5.1260,1,11.315,12.738
2333,DATA_20260321_110000.BIN,1.5787,6.4722,0.7364,6.4722,3.8940,1,3.124,3.972
2334,DATA_20260321_110000.BIN,0.7364,9.9229,1.5604,9.9229,3.4760,1,2.493,3.031
2335,DATA_20260321_110000.BIN,0.4958,4.3418,1.0489,4.3418,1.8920,1,2.196,5.092
2336,DATA_20260321_110000.BIN,1.0489,6.2480,0.6953,6.2480,2.8710,1,3.463,3.472
2337,DATA_20260321_110000.BIN,1.1509,7.7704,1.4721,7.7704,1.4080,1,0.926,1.877
2338,DATA_20260321_110000.BIN,1.4721,13.5004,4.1829,13.5004,1.8590,1,1.806,3.025
2339,DATA_20260321_110000.BIN,1.8155,9.9077,1.4596,9.9077,2.1890,1,4.030,6.128
2340,DATA_20260321_110000.BIN,1.4596,9.0196,2.2831,9.0196,2.1450,1,1.224,7.383
2341,DATA_20260321_110000.BIN,1.8699,5.4355,1.2586,5.4355,5.1920,1,2.348,2.684
2342,DATA_20260321_110000.BIN,1.2586,12.4765,5.5959,12.4765,5.4340,1,0.789,2.971
2343,DATA_20260321_110000.BIN,5.5959,14.7010,4.5456,14.7010,2.9810,1,7.663,8.387
2344,DATA_20260321_110000.BIN,4.5456,7.6523,4.0399,7.6523,1.6060,1,5.772,6.022
2345,DATA_20260321_110000.BIN,4.0399,14.1104,9.7160,14.1104,4.7740,1,4.555,4.556
2346,DATA_20260321_110000.BIN,7.5065,14.6018,10.6499,14.6018,3.6190,1,8.782,15.526
2347,DATA_20260321_110000.BIN,10.6499,16.5511,4.2677,16.5511,3.7510,1,11.255,13.158
2348,DATA_20260321_110000.BIN,4.2677,6.0296,2.2154,6.0296,5.0490,1,3.343,3.739
2349,DATA_20260321_110000.BIN,2.2154,4.7050,0.3748,4.7050,2.5190,1,2.481,9.924
2350,DATA_20260321_110000.BIN,0.3748,5.6599,0.7554,5.6599,4.6860,1,3.016,4.126
2351,DATA_20260321_110000.BIN,0.7554,2.7171,0.2780,2.7171,2.3100,1,1.984,3.488
2352,DATA_20260321_110000.BIN,0.2780,4.0616,1.4782,4.0616,3.8500,1,2.544,3.914
2353,DATA_20260321_110000.BIN,1.4782,4.8221,0.8435,4.8221,1.5290,1,0.713,1.183
2354,DATA_20260321_110000.BIN,0.7453,5.9406,0.1524,5.9406,4.5980,1,2.164,2.419
2355,DATA_20260321_110000.BIN,0.1524,11.7085,0.7792,11.7085,3.9490,1,1.720,1.774
2356,DATA_20260321_110000.BIN,0.7792,6.2757,2.8021,6.2757,3.2230,1,1.607,3.261
2357,DATA_20260321_110000.BIN,2.8021,7.4577,2.0815,7.4577,2.5190,1,4.315,6.424
2358,DATA_20260321_110000.BIN,2.0815,8.7459,3.3186,8.7459,1.1550,1,3.124,3.261
2359,DATA_20260321_110000.BIN,3.3186,7.2816,2.2051,7.2816,1.2650,1,4.084,4.577
2360,DATA_20260321_110000.BIN,2.2051,5.9746,0.8620,5.9746,2.3870,1,2.522,3.802
2361,DATA_20260321_110000.BIN,0.8620,15.1684,3.7872,15.1684,3.7730,1,1.677,4.107
2362,DATA_20260321_110000.BIN,3.7872,10.9772,7.4162,10.9772,3.1680,1,3.822,5.353
2363,DATA_20260321_110000.BIN,7.4162,10.8315,5.1151,10.8315,3.8170,1,8.317,9.515
2364,DATA_20260321_110000.BIN,3.4927,5.7465,2.1756,5.7465,2.3100,1,2.606,7.532
2365,DATA_20260321_110000.BIN,2.1756,15.9763,11.9929,15.9763,2.7060,1,1.585,2.623
2366,DATA_20260321_110000.BIN,1.5542,11.9312,1.3498,11.9312,2.6290,1,1.618,2.273
2367,DATA_20260321_110000.BIN,1.3498,11.2691,3.4895,11.2691,1.4080,1,2.806,3.572
2368,DATA_20260321_110000.BIN,3.4895,9.0831,5.4655,9.0831,3.7400,1,3.109,4.587
2369,DATA_20260321_110000.BIN,5.4655,7.9765,0.5856,7.9765,1.8480,1,4.672,7.178
2370,DATA_20260321_110000.BIN,0.5856,26.1111,1.9729,26.1111,3.3330,1,1.803,2.088
2371,DATA_20260321_110000.BIN,1.9729,11.6916,1.9436,11.6916,1.6500,1,1.969,2.252
2372,DATA_20260321_110000.BIN,1.9436,13.1726,0.7535,13.1726,4.9940,1,1.897,1.916
2373,DATA_20260321_110000.BIN,3.5418,27.7302,0.9855,27.7302,7.3480,1,3.831,3.997
2374,DATA_20260321_110000.BIN,1.0812,4.9000,0.6596,4.9000,1.7050,1,0.419,3.992
2375,DATA_20260321_110000.BIN,0.4463,3.6796,0.8448,3.6796,2.5190,1,1.413,1.488
2376,DATA_20260321_110000.BIN,0.8448,4.6743,1.2283,4.6743,1.5730,1,2.197,3.027
2377,DATA_20260321_110000.BIN,1.6092,6.4484,0.9605,6.4484,1.3090,1,0.634,1.672
2378,DATA_20260321_110000.BIN,0.9605,4.3816,0.5865,4.3816,1.5070,1,0.228,1.100
2379,DATA_20260321_110000.BIN,0.5865,3.4628,1.3871,3.4628,1.4520,1,1.158,1.597
2380,DATA_20260321_110000.BIN,1.3871,4.4075,0.7337,4.4075,2.1120,1,1.198,2.024
2381,DATA_20260321_110000.BIN,0.7337,5.5456,0.8649,5.5456,8.2720,1,1.989,2.014
2382,DATA_20260321_110000.BIN,0.8649,3.2585,0.3798,3.2585,1.9030,1,0.479,6.946
2383,DATA_20260321_110000.BIN,0.3798,3.0616,0.5475,3.0616,3.7510,1,1.303,2.938
2384,DATA_20260321_110000.BIN,0.4827,3.5660,1.8080,3.5660,2.3650,1,0.840,3.084
2385,DATA_20260321_110000.BIN,1.8080,6.1425,1.3882,6.1425,6.2480,1,2.779,2.785
2386,DATA_20260321_110000.BIN,0.8073,5.0658,0.8698,5.0658,1.4740,1,0.461,1.960
2387,DATA_20260321_110000.BIN,0.1236,3.7803,0.4992,3.7803,3.0910,1,0.766,1.511
2388,DATA_20260321_110000.BIN,0.4992,25.0177,2.0704,25.0177,9.4380,1,1.328,4.504
2389,DATA_20260321_110000.BIN,2.0704,5.3157,1.4783,5.3157,1.1330,1,2.142,2.327
2390,DATA_20260321_110000.BIN,1.4783,5.7026,1.0477,5.7026,1.1660,1,1.477,2.087
2391,DATA_20260321_110000.BIN,1.0477,4.6714,1.9821,4.6714,1.2430,1,1.036,1.903
2392,DATA_20260321_110000.BIN,1.5267,4.6699,1.7860,4.6699,1.3970,1,1.274,3.167
2393,DATA_20260321_110000.BIN,1.7860,18.7569,4.2922,18.7569,2.9480,1,1.939,2.343
2394,DATA_20260321_110000.BIN,4.2922,9.1258,1.5886,9.1258,3.4210,1,5.054,5.243
2395,DATA_20260321_110000.BIN,1.5886,5.1216,0.9672,5.1216,1.1770,1,1.376,1.521
2396,DATA_20260321_110000.BIN,0.9672,4.1805,1.1532,4.1805,1.3530,1,1.116,2.754
2397,DATA_20260321_110000.BIN,1.1532,15.5253,10.1171,15.5253,4.2680,1,1.176,1.353
2398,DATA_20260321_110000.BIN,10.1171,22.8748,1.5769,22.8748,7.0070,1,10.919,11.032
2399,DATA_20260321_110000.BIN,1.5769,7.6083,2.0591,7.6083,8.3490,1,1.666,4.573
2400,DATA_20260321_110000.BIN,2.0591,6.9777,2.6603,6.9777,3.3110,1,2.034,10.464
2401,DATA_20260321_110000.BIN,2.6603,5.4392,0.7134,5.4392,1.2980,1,3.732,6.355
2402,DATA_20260321_110000.BIN,0.7134,6.8078,1.7617,6.8078,1.2650,1,2.461,5.181
2403,DATA_20260321_110000.BIN,1.7617,7.6286,1.5659,7.6286,2.0900,1,0.930,0.971
2404,DATA_20260321_110000.BIN,0.0631,4.5887,1.7421,4.5887,3.8610,1,1.749,5.335
2405,DATA_20260321_110000.BIN,1.7421,4.1051,1.1652,4.1051,1.2650,1,3.138,5.972
2406,DATA_20260321_110000.BIN,1.1652,3.3567,1.0246,3.3567,1.2540,1,2.393,3.886
2407,DATA_20260321_110000.BIN,1.0246,3.6187,0.9603,3.6187,2.8820,1,1.663,2.444
2408,DATA_20260321_110000.BIN,0.5690,6.0960,1.6711,6.0960,1.8040,1,1.084,1.240
2409,DATA_20260321_110000.BIN,1.6711,5.3563,2.5948,5.3563,1.0670,1,2.390,9.667
2410,DATA_20260321_110000.BIN,0.7549,3.5204,0.2801,3.5204,1.7490,1,0.976,1.616
2411,DATA_20260321_110000.BIN,0.2801,5.0619,1.2731,5.0619,1.6940,1,0.729,2.683
2412,DATA_20260321_110000.BIN,1.2731,3.8494,0.9502,3.8494,3.0800,1,1.849,1.896
2413,DATA_20260321_110000.BIN,0.9502,6.0331,0.9307,6.0331,2.7610,1,0.585,4.561
2414,DATA_20260321_110000.BIN,0.9307,4.5836,1.0705,4.5836,1.1770,1,1.296,2.899
2415,DATA_20260321_110000.BIN,1.0705,3.5358,1.5002,3.5358,1.2430,1,1.289,4.390
2416,DATA_20260321_110000.BIN,1.5002,3.2852,0.9202,3.2852,1.2870,1,1.961,4.061
2417,DATA_20260321_110000.BIN,0.9202,4.3845,0.8737,4.3845,2.6840,1,0.779,2.533
2418,DATA_20260321_110000.BIN,0.8737,8.0651,0.4079,8.0651,3.3110,1,1.116,1.497
2419,DATA_20260321_110000.BIN,0.8786,6.3895,0.7841,6.3895,4.0700,1,1.150,3.543
2420,DATA_20260321_110000.BIN,0.7841,4.2753,0.9929,4.2753,6.3690,1,0.618,2.883
2421,DATA_20260321_110000.BIN,0.9929,4.5978,1.4420,4.5978,2.9920,1,0.838,4.255
2422,DATA_20260321_110000.BIN,1.4420,4.3344,2.1064,4.3344,1.5400,1,1.520,2.410
2423,DATA_20260321_110000.BIN,2.1064,4.4394,1.5240,4.4394,3.8390,1,2.624,2.725
2424,DATA_20260321_110000.BIN,1.5240,3.9274,2.3206,3.9274,1.2760,1,1.771,1.774
2425,DATA_20260321_110000.BIN,1.5210,4.2677,0.7555,4.2677,5.3020,1,1.882,1.979
2426,DATA_20260321_110000.BIN,0.7555,3.2375,0.9941,3.2375,3.1130,1,0.685,2.129
2427,DATA_20260321_110000.BIN,0.9941,3.3267,0.8530,3.3267,1.1440,1,0.869,0.876
2428,DATA_20260321_110000.BIN,0.7607,3.6861,0.2823,3.6861,5.1480,1,1.400,3.497
2429,DATA_20260321_110000.BIN,2.1061,9.1242,2.5547,9.1242,1.5510,1,3.032,7.820
2430,DATA_20260321_110000.BIN,2.5547,7.7736,1.4947,7.7736,2.4420,1,3.046,3.154
2431,DATA_20260321_110000.BIN,1.4333,4.2834,0.2795,4.2834,1.4190,1,1.623,1.770
2432,DATA_20260321_110000.BIN,0.2795,4.4058,0.7726,4.4058,1.2760,1,0.071,0.151
2433,DATA_20260321_110000.BIN,0.7726,4.8658,1.2096,4.8658,1.3310,1,1.102,1.652
2434,DATA_20260321_110000.BIN,1.2096,5.4430,0.0627,5.4430,5.4120,1,1.400,1.624
2435,DATA_20260321_110000.BIN,0.0627,7.7723,1.9343,7.7723,4.3450,1,0.256,1.247
2436,DATA_20260321_110000.BIN,1.9343,9.5866,0.7500,9.5866,2.1670,1,2.278,2.596
2437,DATA_20260321_110000.BIN,0.5124,8.4911,5.5011,8.4911,3.5200,1,0.676,2.877
2438,DATA_20260321_110000.BIN,5.5011,8.1660,4.2992,8.1660,2.4750,1,6.450,6.455
2439,DATA_20260321_110000.BIN,4.2992,13.2557,7.8082,13.2557,1.4520,1,4.357,4.400
2440,DATA_20260321_110000.BIN,7.8082,15.5424,8.5389,15.5424,2.3320,1,8.047,8.047
2441,DATA_20260321_110000.BIN,8.5389,10.2290,4.0148,10.2290,1.8920,1,8.406,8.419
2442,DATA_20260321_110000.BIN,4.0148,19.8093,9.8992,19.8093,3.3550,1,2.727,2.733
2443,DATA_20260321_110000.BIN,9.8992,15.5210,4.9477,15.5210,3.1900,1,9.391,9.391
2444,DATA_20260321_110000.BIN,4.9477,8.6285,4.0148,8.6285,4.8620,1,2.316,2.447
2445,DATA_20260321_110000.BIN,4.0148,6.9127,4.3432,6.9127,4.1800,1,3.027,4.144
2446,DATA_20260321_110000.BIN,4.3432,7.9109,5.0578,7.9109,2.8270,1,2.669,2.739
2447,DATA_20260321_110000.BIN,3.2610,10.0847,1.2152,10.0847,4.1360,1,0.934,1.964
2448,DATA_20260321_110000.BIN,1.2152,5.7721,0.4202,5.7721,2.4860,1,2.621,4.138
2449,DATA_20260321_110000.BIN,0.3331,3.8018,1.6151,3.8018,1.4850,1,3.060,7.484
2450,DATA_20260321_110000.BIN,5.0464,8.3074,4.1873,8.3074,3.4980,1,3.094,3.563
2451,DATA_20260321_110000.BIN,4.1873,6.1559,4.1188,6.1559,2.8820,1,2.818,2.861
2452,DATA_20260321_110000.BIN,4.1188,10.9937,3.4103,10.9937,5.3130,1,1.923,2.279
2453,DATA_20260321_110000.BIN,3.4103,6.5488,2.7738,6.5488,2.3320,1,2.492,2.871
2454,DATA_20260321_110000.BIN,2.7738,8.8689,1.1739,8.8689,3.4540,1,1.839,2.672
2455,DATA_20260321_110000.BIN,18.7540,23.3564,19.5238,23.3564,2.8930,1,19.852,21.555
2456,DATA_20260321_110000.BIN,19.5238,21.3574,5.0637,21.3574,5.1480,1,18.810,20.280
2457,DATA_20260321_110000.BIN,5.0637,14.9850,0.9514,14.9850,3.9820,1,1.588,4.614
2458,DATA_20260321_110000.BIN,0.9514,18.2343,13.2610,18.2343,5.8850,1,6.791,8.247
2459,DATA_20260321_110000.BIN,13.2610,17.7914,12.9137,17.7914,3.3440,1,9.459,9.719
2460,DATA_20260321_110000.BIN,12.9137,19.3930,13.7356,19.3930,2.0900,1,8.587,8.797
2461,DATA_20260321_110000.BIN,13.7356,18.4675,10.3517,18.4675,2.0020,1,8.483,9.142
2462,DATA_20260321_110000.BIN,10.3517,19.0146,11.7733,19.0146,2.5300,1,3.705,4.116
2463,DATA_20260321_110000.BIN,11.7733,26.5693,15.2161,26.5693,4.7960,1,4.873,6.617
2464,DATA_20260321_110000.BIN,15.4336,18.7576,11.0134,18.7576,3.7070,1,9.445,11.072
2465,DATA_20260321_110000.BIN,11.0134,14.1386,8.8349,14.1386,2.3320,1,4.219,4.315
2466,DATA_20260321_110000.BIN,8.8349,18.4624,12.2511,18.4624,3.4760,1,0.609,1.214
2467,DATA_20260321_110000.BIN,12.2511,18.5301,3.8812,18.5301,5.2690,1,4.400,5.166
2468,DATA_20260321_110000.BIN,3.8812,8.4060,4.1322,8.4060,3.9710,1,6.334,7.279
2469,DATA_20260321_110000.BIN,1.7874,5.1010,1.9932,5.1010,2.7390,1,8.059,9.392
2470,DATA_20260321_110000.BIN,1.9932,8.5827,1.0147,8.5827,4.0590,1,6.982,8.612
2471,DATA_20260321_110000.BIN,1.0147,3.1335,0.3389,3.1335,1.7710,1,8.654,9.398
2472,DATA_20260321_110000.BIN,0.3389,4.1929,0.7351,4.1929,1.4300,1,7.394,9.193
2473,DATA_20260321_110000.BIN,0.8146,3.9462,1.3026,3.9462,1.0670,1,7.901,8.801
2474,DATA_20260321_110000.BIN,1.3026,11.6268,1.7797,11.6268,4.3450,1,4.727,5.486
2475,DATA_20260321_110000.BIN,1.9168,8.2367,1.1205,8.2367,2.8050,1,7.852,9.659
2476,DATA_20260321_110000.BIN,1.1205,4.8491,1.4230,4.8491,1.1330,1,6.094,6.105
2477,DATA_20260321_110000.BIN,1.1862,6.2200,2.4702,6.2200,2.0790,1,5.026,5.127
2478,DATA_20260321_110000.BIN,2.4702,9.4798,0.9471,9.4798,3.4760,1,4.924,4.925
2479,DATA_20260321_110000.BIN,0.9471,4.8660,1.2567,4.8660,1.7930,1,3.340,3.468
2480,DATA_20260321_110000.BIN,1.2567,7.1167,0.7032,7.1167,6.1710,1,1.958,3.040
2481,DATA_20260321_110000.BIN,0.6355,4.4973,0.0481,4.4973,3.1790,1,3.360,4.112
2482,DATA_20260321_110000.BIN,0.0481,4.3360,0.5054,4.3360,2.3870,1,2.668,2.799
2483,DATA_20260321_110000.BIN,0.5054,2.9813,0.6694,2.9813,2.6730,1,2.001,3.612
2484,DATA_20260321_110000.BIN,0.8331,4.8017,0.5850,4.8017,2.6290,1,2.506,3.794
2485,DATA_20260321_110000.BIN,0.5361,2.5991,0.5162,2.5991,1.7270,1,2.434,3.292
2486,DATA_20260321_110000.BIN,0.5162,6.4546,4.4615,6.4546,5.6210,1,2.077,3.568
2487,DATA_20260321_110000.BIN,4.4615,6.9143,0.9543,6.9143,2.0240,1,4.699,5.378
2488,DATA_20260321_110000.BIN,0.9543,3.7725,1.5807,3.7725,5.3130,1,2.391,2.794
2489,DATA_20260321_110000.BIN,0.7472,3.7226,0.6736,3.7226,1.9910,1,1.195,1.551
2490,DATA_20260321_110000.BIN,0.6736,6.1541,0.2666,6.1541,1.9580,1,2.055,2.069
2491,DATA_20260321_110000.BIN,0.2666,4.3018,0.3456,4.3018,1.6280,1,0.973,3.384
2492,DATA_20260321_110000.BIN,0.3456,3.0763,0.2148,3.0763,6.3360,1,0.825,0.935
2493,DATA_20260321_110000.BIN,0.2148,3.6268,0.8008,3.6268,4.9500,1,0.894,2.296
2494,DATA_20260321_110000.BIN,0.8008,15.9423,1.3060,15.9423,6.3910,1,0.351,1.024
2495,DATA_20260321_110000.BIN,1.3060,12.6022,2.6097,12.6022,4.3010,1,0.599,1.988
2496,DATA_20260321_110000.BIN,2.6097,8.6304,6.0929,8.6304,2.6730,1,3.616,5.847
2497,DATA_20260321_110000.BIN,6.0929,8.8485,1.2467,8.8485,4.8290,1,6.525,6.790
2498,DATA_20260321_110000.BIN,1.2467,4.2813,0.3515,4.2813,1.5950,1,0.082,6.864
2499,DATA_20260321_110000.BIN,0.3515,2.4876,0.6037,2.4876,3.7840,1,1.065,3.501
2500,DATA_20260321_110000.BIN,1.0280,7.0972,0.8642,7.0972,6.6110,1,2.669,3.416
2501,DATA_20260321_110000.BIN,0.7216,4.4320,0.9935,4.4320,1.3530,1,1.557,3.843
2502,DATA_20260321_110000.BIN,1.4202,4.9291,1.9553,4.9291,1.4080,1,1.763,2.996
2503,DATA_20260321_110000.BIN,1.2617,4.2002,0.6023,4.2002,1.7600,1,2.018,2.080
2504,DATA_20260321_110000.BIN,0.6023,4.6349,0.7483,4.6349,8.0190,1,1.248,2.566
2505,DATA_20260321_110000.BIN,0.7483,3.9023,0.9442,3.9023,3.5860,1,1.368,2.138
2506,DATA_20260321_110000.BIN,0.9442,7.1866,3.0658,7.1866,3.2670,1,0.806,3.317
2507,DATA_20260321_110000.BIN,3.0658,5.8269,1.7352,5.8269,2.9700,1,3.427,3.666
2508,DATA_20260321_110000.BIN,1.7352,9.9288,1.5816,9.9288,3.1020,1,2.370,3.322
2509,DATA_20260321_110000.BIN,1.5816,5.9131,1.6813,5.9131,2.6730,1,1.554,3.459
2510,DATA_20260321_110000.BIN,1.9773,29.2579,5.6736,29.2579,4.9500,1,2.483,3.523
2511,DATA_20260321_110000.BIN,5.6736,10.6857,0.3993,10.6857,3.2560,1,6.583,6.896
2512,DATA_20260321_110000.BIN,0.3993,3.4889,1.2174,3.4889,1.6280,1,0.472,1.302
2513,DATA_20260321_110000.BIN,1.2174,4.6469,0.7385,4.6469,3.3990,1,0.821,3.697
2514,DATA_20260321_110000.BIN,0.7385,13.0116,2.3409,13.0116,5.0270,1,0.725,2.543
2515,DATA_20260321_110000.BIN,2.0522,7.2399,3.3721,7.2399,4.3120,1,1.685,4.729
2516,DATA_20260321_110000.BIN,3.3721,7.0796,1.9633,7.0796,1.1990,1,3.114,4.619
2517,DATA_20260321_110000.BIN,4.1967,5.9208,2.3622,5.9208,1.9800,1,3.730,3.756
2518,DATA_20260321_110000.BIN,2.3622,5.4805,3.0072,5.4805,2.9150,1,1.198,2.187
2519,DATA_20260321_110000.BIN,2.9769,7.2213,2.1544,7.2213,4.2240,1,2.540,2.943
2520,DATA_20260321_110000.BIN,2.1544,7.6667,1.7674,7.6667,3.1350,1,1.215,1.217
2521,DATA_20260321_110000.BIN,1.7674,7.8385,4.9097,7.8385,2.2330,1,1.489,1.987
2522,DATA_20260321_110000.BIN,4.9097,7.9640,0.7556,7.9640,3.0910,1,4.102,7.015
2523,DATA_20260321_110000.BIN,0.5149,4.5661,0.5725,4.5661,1.8810,1,2.542,3.031
2524,DATA_20260321_110000.BIN,0.5725,5.6377,0.9646,5.6377,1.7600,1,1.322,1.899
2525,DATA_20260321_110000.BIN,0.9646,9.8769,1.6389,9.8769,4.7410,1,2.720,3.633
2526,DATA_20260321_110000.BIN,1.6389,12.0488,5.6813,12.0488,3.8390,1,1.796,3.161
2527,DATA_20260321_110000.BIN,5.6813,7.7516,2.9739,7.7516,7.4030,1,5.674,6.304
2528,DATA_20260321_110000.BIN,2.9739,5.7645,0.4347,5.7645,3.3660,1,1.652,2.992
2529,DATA_20260321_110000.BIN,0.4347,3.5437,0.4383,3.5437,1.9800,1,2.519,3.626
2530,DATA_20260321_110000.BIN,0.4383,11.1089,2.0293,11.1089,6.3250,1,2.021,3.239
2531,DATA_20260321_110000.BIN,2.0293,12.3622,5.2010,12.3622,6.5450,1,0.872,0.904
2532,DATA_20260321_110000.BIN,5.2010,8.0515,2.1353,8.0515,4.0370,1,4.647,6.449
2533,DATA_20260321_110000.BIN,2.1353,7.6020,3.2627,7.6020,2.0680,1,0.458,4.906
2534,DATA_20260321_110000.BIN,3.2627,6.3594,2.6778,6.3594,9.6360,1,1.522,3.151
2535,DATA_20260321_110000.BIN,1.4994,4.5082,0.4757,4.5082,2.9700,1,1.229,2.144
2536,DATA_20260321_110000.BIN,0.4757,6.4276,2.1534,6.4276,3.1350,1,2.587,2.976
2537,DATA_20260321_110000.BIN,7.4565,14.1765,6.1090,14.1765,3.9600,1,7.294,9.689
2538,DATA_20260321_110000.BIN,2.1345,18.5664,0.7035,18.5664,2.6620,1,2.931,14.933
2539,DATA_20260321_110000.BIN,0.7035,9.4361,1.5289,9.4361,9.7350,1,2.516,3.091
2540,DATA_20260321_110000.BIN,1.5289,12.4311,4.7555,12.4311,2.5300,1,3.855,5.974
2541,DATA_20260321_110000.BIN,6.9886,14.7597,7.7541,14.7597,2.8490,1,7.799,8.103
2542,DATA_20260321_110000.BIN,7.7541,10.8599,6.4647,10.8599,3.6190,1,7.116,7.834
2543,DATA_20260321_110000.BIN,6.4647,8.7764,6.6931,8.7764,1.4520,1,4.979,5.076
2544,DATA_20260321_110000.BIN,6.6931,9.4296,6.0259,9.4296,2.0350,1,4.847,4.852
2545,DATA_20260321_110000.BIN,6.0259,9.7647,7.2215,9.7647,2.5630,1,3.341,3.346
2546,DATA_20260321_110000.BIN,5.7486,18.1011,7.7309,18.1011,3.1680,1,2.807,2.974
2547,DATA_20260321_110000.BIN,7.7309,10.7718,5.2987,10.7718,2.4420,1,4.865,4.904
2548,DATA_20260321_110000.BIN,5.2987,7.2468,3.5871,7.2468,2.6840,1,2.031,2.583
2549,DATA_20260321_110000.BIN,3.5871,10.4153,0.8517,10.4153,6.0500,1,1.237,1.267
2550,DATA_20260321_110000.BIN,0.8517,2.4320,0.2046,2.4320,2.7830,1,5.363,5.606
2551,DATA_20260321_110000.BIN,0.2046,3.6424,1.4785,3.6424,2.7280,1,4.299,4.759
2552,DATA_20260321_110000.BIN,1.4785,3.0922,1.2526,3.0922,2.1120,1,2.156,3.012
2553,DATA_20260321_110000.BIN,0.4182,6.3593,1.5204,6.3593,3.0800,1,3.097,5.289
2554,DATA_20260321_110000.BIN,1.3164,4.2456,0.9725,4.2456,3.1460,1,2.058,3.121
2555,DATA_20260321_110000.BIN,0.9725,7.3172,4.1999,7.3172,3.1350,1,2.044,2.748
2556,DATA_20260321_110000.BIN,3.9380,6.0305,0.3605,6.0305,2.8050,1,3.487,3.864
2557,DATA_20260321_110000.BIN,0.3605,4.7201,0.2716,4.7201,4.5540,1,3.701,13.727
2558,DATA_20260321_110000.BIN,0.2716,5.4259,1.0434,5.4259,3.5090,1,2.542,3.545
2559,DATA_20260321_110000.BIN,1.0434,5.3783,2.1279,5.3783,1.9470,1,1.362,1.792
2560,DATA_20260321_110000.BIN,5.2600,8.7747,3.8606,8.7747,5.0160,1,4.136,6.760
2561,DATA_20260321_110000.BIN,3.8606,6.5578,0.5518,6.5578,4.8180,1,4.915,8.364
2562,DATA_20260321_110000.BIN,0.5518,11.0733,3.9068,11.0733,3.1680,1,2.112,2.116
2563,DATA_20260321_110000.BIN,0.6290,7.2121,1.9569,7.2121,1.5180,1,2.892,4.163
2564,DATA_20260321_110000.BIN,2.8669,5.4892,3.0876,5.4892,1.6060,1,3.835,4.172
2565,DATA_20260321_110000.BIN,3.0876,10.7196,4.1290,10.7196,7.7440,1,2.433,2.757
2566,DATA_20260321_110000.BIN,3.6540,7.5139,0.3627,7.5139,2.6070,1,3.044,3.085
2567,DATA_20260321_110000.BIN,0.3627,3.6740,1.2358,3.6740,1.1000,1,2.155,7.742
2568,DATA_20260321_110000.BIN,1.2358,10.6119,8.0240,10.6119,6.1820,1,0.890,0.902
2569,DATA_20260321_110000.BIN,8.0240,11.9195,8.5945,11.9195,3.6850,1,7.788,8.061
2570,DATA_20260321_110000.BIN,8.5945,11.5314,8.7049,11.5314,3.8940,1,7.562,9.365
2571,DATA_20260321_110000.BIN,5.9625,23.0243,11.7649,23.0243,2.9480,1,3.643,4.244
2572,DATA_20260321_110000.BIN,11.7649,15.2738,1.3270,15.2738,4.1690,1,10.098,10.454
2573,DATA_20260321_110000.BIN,1.3270,10.7782,2.4175,10.7782,3.4980,1,3.345,3.852
2574,DATA_20260321_110000.BIN,2.4175,12.2276,5.1828,12.2276,8.7780,1,2.849,3.049
2575,DATA_20260321_110000.BIN,4.3979,7.4773,2.9110,7.4773,3.7180,1,2.837,3.781
2576,DATA_20260321_110000.BIN,2.9110,5.2011,1.8167,5.2011,5.1590,1,1.107,1.110
2577,DATA_20260321_110000.BIN,1.8167,7.4905,2.9111,7.4905,4.1140,1,1.963,2.631
2578,DATA_20260321_110000.BIN,2.9111,5.9572,2.4921,5.9572,1.4960,1,0.459,0.483
2579,DATA_20260321_110000.BIN,2.4921,4.3491,1.5149,4.3491,1.6390,1,0.967,1.719
2580,DATA_20260321_110000.BIN,1.5149,5.9441,3.3566,5.9441,4.0480,1,3.303,3.698
2581,DATA_20260321_110000.BIN,3.3566,6.1221,3.5904,6.1221,1.9910,1,0.472,1.679
2582,DATA_20260321_110000.BIN,3.2179,7.4962,4.7878,7.4962,1.6940,1,1.002,3.806
2583,DATA_20260321_110000.BIN,4.7878,7.1305,4.0186,7.1305,1.9030,1,2.702,2.813
2584,DATA_20260321_110000.BIN,4.0186,9.3541,2.2933,9.3541,4.5320,1,4.076,4.389
2585,DATA_20260321_110000.BIN,3.4544,8.6380,4.9556,8.6380,1.5180,1,3.114,3.696
2586,DATA_20260321_110000.BIN,4.9556,9.4745,2.5555,9.4745,3.5530,1,4.165,4.474
2587,DATA_20260321_110000.BIN,2.5555,4.8796,1.8073,4.8796,1.6060,1,1.438,1.470
2588,DATA_20260321_110000.BIN,2.7902,4.9890,0.9925,4.9890,2.1560,1,0.510,1.905
2589,DATA_20260321_110000.BIN,0.9925,6.5962,1.5856,6.5962,1.9360,1,2.439,2.573
2590,DATA_20260321_110000.BIN,2.8079,5.4517,3.4891,5.4517,2.3540,1,3.732,3.760
2591,DATA_20260321_110000.BIN,4.3621,11.4851,2.8809,11.4851,3.0910,1,2.565,2.784
2592,DATA_20260321_110000.BIN,2.7474,14.6372,1.7414,14.6372,5.5990,1,1.420,1.562
2593,DATA_20260321_110000.BIN,1.7414,4.8058,2.4985,4.8058,5.3020,1,3.237,3.264
2594,DATA_20260321_110000.BIN,2.4985,5.2404,3.4475,5.2404,2.0460,1,4.869,4.872
2595,DATA_20260321_110000.BIN,3.4475,6.6349,1.0318,6.6349,3.6300,1,1.450,2.963
2596,DATA_20260321_110000.BIN,1.0318,5.6749,1.7985,5.6749,4.6860,1,1.537,1.595
2597,DATA_20260321_110000.BIN,1.7985,4.2807,0.3509,4.2807,3.6080,1,0.866,1.737
2598,DATA_20260321_110000.BIN,0.3509,4.6874,0.8259,4.6874,8.8330,1,2.002,6.820
2599,DATA_20260321_110000.BIN,0.8259,8.4327,5.6874,8.4327,3.1680,1,2.786,4.887
2600,DATA_20260321_110000.BIN,5.6874,11.0772,2.3532,11.0772,2.2440,1,4.605,4.813
2601,DATA_20260321_110000.BIN,2.3532,22.9100,17.2716,22.9100,5.6980,1,2.165,3.881
2602,DATA_20260321_110000.BIN,17.2716,22.1826,14.0338,22.1826,1.9470,1,18.536,18.571
2603,DATA_20260321_110000.BIN,12.0009,17.9782,12.1189,17.9782,3.6850,1,11.780,13.494
2604,DATA_20260321_110000.BIN,14.1686,18.5513,9.5896,18.5513,5.2580,1,13.368,16.625
2605,DATA_20260321_120000.BIN,2.6950,8.7510,0.5145,8.7510,6.1050,1,12.007,15.358
2606,DATA_20260321_120000.BIN,0.5145,6.0214,1.7387,6.0214,4.9720,1,13.542,17.251
2607,DATA_20260321_120000.BIN,1.7387,6.0723,1.5190,6.0723,5.8300,1,13.405,18.130
2608,DATA_20260321_120000.BIN,1.5190,7.7136,3.9863,7.7136,1.4300,1,10.502,13.891
2609,DATA_20260321_120000.BIN,3.9863,7.3577,2.8354,7.3577,1.2540,1,14.651,19.718
2610,DATA_20260321_120000.BIN,2.9605,5.3352,2.3004,5.3352,3.2010,1,11.426,12.447
2611,DATA_20260321_120000.BIN,1.5603,5.7884,2.6068,5.7884,1.5730,1,9.415,12.288
2612,DATA_20260321_120000.BIN,1.4523,4.8515,1.5673,4.8515,2.5080,1,8.222,12.730
2613,DATA_20260321_120000.BIN,1.5673,5.8134,0.6656,5.8134,4.3120,1,7.689,10.163
2614,DATA_20260321_120000.BIN,1.7522,4.8906,0.5495,4.8906,3.3000,1,7.132,9.752
2615,DATA_20260321_120000.BIN,0.5495,14.6056,0.7100,14.6056,4.6090,1,4.697,8.019
2616,DATA_20260321_120000.BIN,1.2398,6.8403,1.3530,6.8403,3.4100,1,5.308,5.855
2617,DATA_20260321_120000.BIN,1.3442,5.1250,2.2744,5.1250,9.6470,1,2.152,3.823
2618,DATA_20260321_120000.BIN,2.2744,11.7175,8.0473,11.7175,8.0740,1,5.396,5.396
2619,DATA_20260321_120000.BIN,8.0473,11.3887,8.0588,11.3887,3.7290,1,12.572,12.595
2620,DATA_20260321_120000.BIN,8.0588,18.3593,6.3905,18.3593,6.8310,1,11.244,11.431
2621,DATA_20260321_120000.BIN,6.3905,12.8307,3.2659,12.8307,5.1040,1,8.111,8.547
2622,DATA_20260321_120000.BIN,3.2659,13.8593,0.4533,13.8593,8.4260,1,3.526,7.337
2623,DATA_20260321_120000.BIN,0.4533,6.7134,1.9817,6.7134,3.1680,1,0.395,0.583
2624,DATA_20260321_120000.BIN,1.9817,11.8236,3.9100,11.8236,2.2990,1,3.145,5.573
2625,DATA_20260321_120000.BIN,1.2104,12.5732,2.7023,12.5732,5.8410,1,1.992,3.863
2626,DATA_20260321_120000.BIN,2.7023,5.1696,2.6464,5.1696,2.3980,1,4.095,6.015
2627,DATA_20260321_120000.BIN,2.6464,5.4461,1.6076,5.4461,1.2430,1,2.573,2.605
2628,DATA_20260321_120000.BIN,0.6550,4.1985,1.1066,4.1985,1.5950,1,0.988,2.609
2629,DATA_20260321_120000.BIN,1.1066,7.2642,1.0828,7.2642,1.9800,1,0.769,1.629
2630,DATA_20260321_120000.BIN,1.0828,5.2241,1.0905,5.2241,2.0240,1,0.557,4.114
2631,DATA_20260321_120000.BIN,1.0570,3.3674,0.6941,3.3674,2.3210,1,0.927,3.859
2632,DATA_20260321_120000.BIN,0.6941,3.9527,1.0135,3.9527,1.9580,1,0.529,2.273
2633,DATA_20260321_120000.BIN,0.4104,9.8648,1.0124,9.8648,4.1470,1,1.153,1.586
2634,DATA_20260321_120000.BIN,0.4774,9.7424,1.6053,9.7424,3.6630,1,1.031,1.536
2635,DATA_20260321_120000.BIN,1.6053,9.1607,1.7627,9.1607,5.5660,1,2.207,2.497
2636,DATA_20260321_120000.BIN,1.7627,10.9178,6.9881,10.9178,5.1150,1,2.706,5.767
2637,DATA_20260321_120000.BIN,1.7388,8.1427,0.7543,8.1427,4.8730,1,2.642,4.875
2638,DATA_20260321_120000.BIN,0.7543,3.8919,0.9182,3.8919,2.5630,1,1.638,3.643
2639,DATA_20260321_120000.BIN,0.7929,4.4737,0.6877,4.4737,2.5190,1,1.592,5.650
2640,DATA_20260321_120000.BIN,3.4286,9.2910,0.6865,9.2910,4.5760,1,4.633,5.834
2641,DATA_20260321_120000.BIN,0.6065,8.9420,0.6219,8.9420,4.2460,1,0.882,0.992
2642,DATA_20260321_120000.BIN,3.7207,7.9964,1.1011,7.9964,3.9930,1,4.145,5.740
2643,DATA_20260321_120000.BIN,1.9588,9.4837,0.6703,9.4837,4.6640,1,1.698,3.510
2644,DATA_20260321_120000.BIN,2.5395,5.4351,0.7611,5.4351,3.8170,1,2.552,3.622
2645,DATA_20260321_120000.BIN,0.7611,4.6935,0.1516,4.6935,7.9860,1,0.772,1.681
2646,DATA_20260321_120000.BIN,0.1516,4.1446,0.3974,4.1446,5.8080,1,0.566,3.218
2647,DATA_20260321_120000.BIN,3.3757,7.2310,2.3336,7.2310,2.2440,1,4.615,4.619
2648,DATA_20260321_120000.BIN,2.3336,6.4064,1.8264,6.4064,3.7510,1,2.443,2.544
2649,DATA_20260321_120000.BIN,2.5426,14.3741,1.3950,14.3741,5.8740,1,2.577,4.471
2650,DATA_20260321_120000.BIN,1.9801,10.5941,5.3101,10.5941,2.8490,1,2.901,2.901
2651,DATA_20260321_120000.BIN,0.6645,9.4968,4.7465,9.4968,2.5300,1,0.676,2.721
2652,DATA_20260321_120000.BIN,4.7465,9.8825,5.3183,9.8825,2.4530,1,5.508,6.039
2653,DATA_20260321_120000.BIN,2.6197,10.8402,1.8945,10.8402,4.3010,1,3.124,3.210
2654,DATA_20260321_120000.BIN,1.8945,5.8823,0.6104,5.8823,2.6400,1,1.832,1.838
2655,DATA_20260321_120000.BIN,0.9158,9.2825,1.6375,9.2825,3.9930,1,0.895,3.541
2656,DATA_20260321_120000.BIN,5.4506,8.7893,4.3379,8.7893,2.5740,1,5.371,5.944
2657,DATA_20260321_120000.BIN,4.3379,10.4434,5.9389,10.4434,3.1570,1,4.226,4.232
2658,DATA_20260321_120000.BIN,2.4676,5.9705,2.9999,5.9705,2.5960,1,2.919,5.812
2659,DATA_20260321_120000.BIN,2.9999,5.9306,2.1183,5.9306,7.3480,1,4.165,9.039
2660,DATA_20260321_120000.BIN,7.0450,10.2233,0.7605,10.2233,6.0060,1,5.531,10.549
2661,DATA_20260321_120000.BIN,0.7605,4.4306,0.8871,4.4306,1.5950,1,0.853,3.722
2662,DATA_20260321_120000.BIN,0.8871,4.9021,0.7614,4.9021,1.6500,1,0.957,2.449
2663,DATA_20260321_120000.BIN,0.7614,4.2559,1.4697,4.2559,1.3530,1,1.403,1.955
2664,DATA_20260321_120000.BIN,1.4697,5.3839,1.1079,5.3839,1.7820,1,2.231,2.748
2665,DATA_20260321_120000.BIN,1.1079,5.7947,1.2447,5.7947,2.2990,1,0.304,1.552
2666,DATA_20260321_120000.BIN,3.1235,7.3610,1.0616,7.3610,1.6280,1,2.173,2.204
2667,DATA_20260321_120000.BIN,2.7316,7.8306,4.5125,7.8306,2.1560,1,1.489,3.533
2668,DATA_20260321_120000.BIN,4.5125,10.7252,4.7996,10.7252,5.6100,1,5.401,5.551
2669,DATA_20260321_120000.BIN,3.2777,7.4387,1.9211,7.4387,6.4240,1,3.846,3.846
2670,DATA_20260321_120000.BIN,1.9211,12.7349,8.2785,12.7349,3.1460,1,1.595,2.938
2671,DATA_20260321_120000.BIN,1.9600,7.6305,4.0162,7.6305,3.4760,1,1.125,2.511
2672,DATA_20260321_120000.BIN,4.0162,7.8110,3.6625,7.8110,9.9440,1,4.200,7.215
2673,DATA_20260321_120000.BIN,3.6625,7.8559,2.2881,7.8559,3.5640,1,3.368,5.410
2674,DATA_20260321_120000.BIN,2.2881,8.5474,1.9778,8.5474,4.0480,1,1.353,1.356
2675,DATA_20260321_120000.BIN,1.9778,6.9442,3.9447,6.9442,3.2230,1,0.201,0.202
2676,DATA_20260321_120000.BIN,3.9447,11.1833,0.9909,11.1833,3.4100,1,2.232,2.831
2677,DATA_20260321_120000.BIN,2.8898,7.7787,3.1526,7.7787,2.3540,1,1.479,2.897
2678,DATA_20260321_120000.BIN,3.1526,6.9648,1.8751,6.9648,1.4520,1,2.810,2.838
2679,DATA_20260321_120000.BIN,1.5742,6.3168,3.0414,6.3168,1.5400,1,1.277,1.364
2680,DATA_20260321_120000.BIN,3.0414,6.6814,2.7254,6.6814,3.5860,1,1.220,1.452
2681,DATA_20260321_120000.BIN,1.9417,5.6596,2.8755,5.6596,2.7170,1,1.825,4.646
2682,DATA_20260321_120000.BIN,0.2169,4.8375,0.1380,4.8375,4.3560,1,1.465,6.158
2683,DATA_20260321_120000.BIN,0.1380,11.9685,1.3599,11.9685,4.4770,1,1.210,7.844
2684,DATA_20260321_120000.BIN,4.0177,6.6846,2.5111,6.6846,1.6830,1,2.857,3.030
2685,DATA_20260321_120000.BIN,2.5111,5.3746,0.8081,5.3746,1.5620,1,2.095,2.362
2686,DATA_20260321_120000.BIN,3.4982,8.0622,5.3105,8.0622,2.6620,1,1.905,1.914
2687,DATA_20260321_120000.BIN,5.0973,8.0825,0.5598,8.0825,5.1700,1,3.681,5.411
2688,DATA_20260321_120000.BIN,0.5598,6.2634,2.2135,6.2634,2.4310,1,2.860,2.866
2689,DATA_20260321_120000.BIN,2.2135,8.7020,3.4563,8.7020,2.1670,1,4.205,8.546
2690,DATA_20260321_120000.BIN,3.4563,8.6351,2.6738,8.6351,5.5000,1,2.319,2.419
2691,DATA_20260321_120000.BIN,1.2852,5.2470,0.9712,5.2470,2.2660,1,2.314,2.539
2692,DATA_20260321_120000.BIN,0.9712,4.7136,0.4386,4.7136,2.6180,1,1.460,1.497
2693,DATA_20260321_120000.BIN,1.8696,10.5006,2.0741,10.5006,4.0920,1,4.170,6.394
2694,DATA_20260321_120000.BIN,2.4993,7.3275,2.1739,7.3275,4.0590,1,5.082,5.800
2695,DATA_20260321_120000.BIN,0.7768,12.9228,3.6513,12.9228,2.5300,1,3.522,6.679
2696,DATA_20260321_120000.BIN,2.8253,7.2609,0.5596,7.2609,8.0520,1,4.820,4.879
2697,DATA_20260321_120000.BIN,0.5596,5.3986,1.0708,5.3986,5.5440,1,1.282,4.630
2698,DATA_20260321_120000.BIN,1.0708,3.4716,0.3468,3.4716,2.5630,1,1.573,1.708
2699,DATA_20260321_120000.BIN,0.3468,4.0863,0.5165,4.0863,5.0050,1,1.342,1.481
2700,DATA_20260321_120000.BIN,0.8065,6.1302,0.4529,6.1302,3.4980,1,0.871,0.877
2701,DATA_20260321_120000.BIN,0.4529,7.7436,1.1340,7.7436,1.9360,1,0.172,0.784
2702,DATA_20260321_120000.BIN,1.1340,8.4821,5.6021,8.4821,5.7310,1,2.967,7.901
2703,DATA_20260321_120000.BIN,2.4592,8.1866,0.8312,8.1866,1.2760,1,2.593,2.882
2704,DATA_20260321_120000.BIN,0.5492,4.8452,1.5475,4.8452,3.0140,1,1.531,5.273
2705,DATA_20260321_120000.BIN,1.5475,8.2333,1.0449,8.2333,5.4120,1,1.382,2.890
2706,DATA_20260321_120000.BIN,1.4202,10.8134,2.5392,10.8134,1.3090,1,1.708,4.492
2707,DATA_20260321_120000.BIN,2.6506,5.5484,1.9975,5.5484,5.4560,1,3.379,7.037
2708,DATA_20260321_120000.BIN,1.9975,5.1932,1.0195,5.1932,1.2430,1,2.394,3.243
2709,DATA_20260321_120000.BIN,0.9345,18.8644,3.3341,18.8644,4.1690,1,1.187,2.987
2710,DATA_20260321_120000.BIN,3.3341,9.9962,0.8751,9.9962,3.7180,1,3.065,3.567
2711,DATA_20260321_120000.BIN,0.8751,11.3739,0.8558,11.3739,4.6090,1,0.820,5.396
2712,DATA_20260321_120000.BIN,0.8558,5.2772,0.8076,5.2772,1.3090,1,1.724,9.752
2713,DATA_20260321_120000.BIN,1.9026,5.1245,1.2073,5.1245,3.3660,1,2.384,3.401
2714,DATA_20260321_120000.BIN,1.2073,5.9271,0.2306,5.9271,3.3440,1,1.680,3.837
2715,DATA_20260321_120000.BIN,0.2306,5.0553,1.0954,5.0553,1.5510,1,0.962,0.965
2716,DATA_20260321_120000.BIN,4.6130,10.4977,3.5749,10.4977,3.3000,1,5.401,6.090
2717,DATA_20260321_120000.BIN,3.5749,9.0932,4.8303,9.0932,2.5410,1,3.153,4.826
2718,DATA_20260321_120000.BIN,4.8303,8.6304,3.9785,8.6304,1.2210,1,4.774,4.791
2719,DATA_20260321_120000.BIN,3.9785,10.9153,0.5684,10.9153,4.7740,1,3.388,4.700
2720,DATA_20260321_120000.BIN,0.5684,7.9850,1.0284,7.9850,2.0460,1,2.136,2.345
2721,DATA_20260321_120000.BIN,0.1558,4.7244,0.5895,4.7244,2.4420,1,1.342,1.352
2722,DATA_20260321_120000.BIN,0.5895,3.1720,0.3207,3.1720,3.5860,1,2.003,2.116
2723,DATA_20260321_120000.BIN,0.3207,3.1950,0.3928,3.1950,2.2990,1,1.903,3.384
2724,DATA_20260321_120000.BIN,2.0717,5.6369,0.8304,5.6369,2.3430,1,3.308,3.525
2725,DATA_20260321_120000.BIN,0.8304,5.5110,1.6229,5.5110,1.8260,1,2.400,5.465
2726,DATA_20260321_120000.BIN,1.6229,27.2475,5.6304,27.2475,6.4790,1,2.158,6.540
2727,DATA_20260321_120000.BIN,5.6304,14.8961,0.5641,14.8961,3.9050,1,6.577,6.766
2728,DATA_20260321_120000.BIN,1.5703,6.6503,1.5513,6.6503,3.5640,1,3.237,4.067
2729,DATA_20260321_120000.BIN,1.5513,6.9153,3.5157,6.9153,4.0920,1,2.652,4.386
2730,DATA_20260321_120000.BIN,3.5157,7.7026,2.8272,7.7026,2.3320,1,4.577,6.031
2731,DATA_20260321_120000.BIN,2.8272,11.5794,3.2330,11.5794,3.8720,1,2.525,4.016
2732,DATA_20260321_120000.BIN,3.2330,13.2902,1.1326,13.2902,2.3430,1,5.192,6.446
2733,DATA_20260321_120000.BIN,1.1326,8.0906,0.5327,8.0906,9.5150,1,1.576,3.528
2734,DATA_20260321_120000.BIN,0.5327,8.2170,1.8818,8.2170,4.1140,1,0.689,2.285
2735,DATA_20260321_120000.BIN,2.6264,7.3489,2.5048,7.3489,4.3230,1,2.671,2.793
2736,DATA_20260321_120000.BIN,2.5048,6.4256,1.1447,6.4256,3.1900,1,1.965,2.065
2737,DATA_20260321_120000.BIN,0.5802,5.5035,0.7889,5.5035,1.6720,1,1.093,1.577
2738,DATA_20260321_120000.BIN,0.7889,5.3571,1.8487,5.3571,1.2540,1,1.541,3.605
2739,DATA_20260321_120000.BIN,1.8487,5.3756,0.7845,5.3756,2.9480,1,1.920,2.487
2740,DATA_20260321_120000.BIN,5.2676,10.0158,6.7717,10.0158,1.7380,1,5.902,5.996
2741,DATA_20260321_120000.BIN,6.7717,9.9892,3.2771,9.9892,1.6500,1,6.928,7.113
2742,DATA_20260321_120000.BIN,3.2771,9.2931,2.2591,9.2931,2.8270,1,4.321,5.570
2743,DATA_20260321_120000.BIN,2.2591,10.5609,2.0222,10.5609,2.8270,1,4.335,4.343
2744,DATA_20260321_120000.BIN,2.0222,5.6813,1.7285,5.6813,1.4850,1,3.165,3.173
2745,DATA_20260321_120000.BIN,1.7285,5.9969,1.3207,5.9969,3.6850,1,2.087,3.465
2746,DATA_20260321_120000.BIN,1.3207,8.0956,1.8290,8.0956,8.3050,1,2.728,3.953
2747,DATA_20260321_120000.BIN,1.8290,5.6377,0.6545,5.6377,3.1680,1,1.837,3.592
2748,DATA_20260321_120000.BIN,5.3379,10.4360,1.8050,10.4360,2.9590,1,7.501,7.831
2749,DATA_20260321_120000.BIN,0.8570,8.9914,2.4412,8.9914,5.8300,1,0.489,2.543
2750,DATA_20260321_120000.BIN,1.2969,5.5041,1.2290,5.5041,2.1230,1,1.246,2.780
2751,DATA_20260321_120000.BIN,1.2290,6.7102,0.8252,6.7102,1.7160,1,1.243,3.093
2752,DATA_20260321_120000.BIN,2.4481,9.4645,2.1121,9.4645,3.2120,1,1.972,4.510
2753,DATA_20260321_120000.BIN,2.1121,13.0341,3.2728,13.0341,2.2220,1,3.226,8.257
2754,DATA_20260321_120000.BIN,0.8294,7.1712,1.1074,7.1712,1.6610,1,1.883,2.618
2755,DATA_20260321_120000.BIN,1.1074,8.3043,0.9899,8.3043,3.8500,1,1.119,2.250
2756,DATA_20260321_120000.BIN,0.9899,5.6496,0.5609,5.6496,6.5780,1,1.727,1.730
2757,DATA_20260321_120000.BIN,1.6598,6.8120,0.6107,6.8120,2.0020,1,2.827,3.857
2758,DATA_20260321_120000.BIN,0.7033,9.6795,1.5269,9.6795,7.1390,1,0.748,4.612
2759,DATA_20260321_120000.BIN,1.5269,9.0143,3.4578,9.0143,1.4080,1,1.994,2.202
2760,DATA_20260321_120000.BIN,3.4578,9.1290,1.3165,9.1290,9.3610,1,4.866,6.117
2761,DATA_20260321_120000.BIN,1.2686,7.2620,2.9267,7.2620,5.5990,1,1.153,1.490
2762,DATA_20260321_120000.BIN,2.9267,12.2296,9.1196,12.2296,7.5130,1,3.902,3.924
2763,DATA_20260321_120000.BIN,9.1196,14.0997,9.7645,14.0997,5.0160,1,11.819,12.318
2764,DATA_20260321_120000.BIN,9.7645,21.4003,9.5802,21.4003,5.8410,1,11.667,14.295
2765,DATA_20260321_120000.BIN,7.7763,11.7035,7.3793,11.7035,3.7840,1,8.697,10.827
2766,DATA_20260321_120000.BIN,7.3793,11.1009,3.3057,11.1009,2.9920,1,6.576,7.518
2767,DATA_20260321_120000.BIN,3.3057,28.5483,1.2460,28.5483,9.9770,1,3.328,8.914
2768,DATA_20260321_120000.BIN,1.2460,7.8621,0.6389,7.8621,3.1020,1,3.896,4.021
2769,DATA_20260321_120000.BIN,0.6389,4.0897,1.1880,4.0897,2.0900,1,2.847,4.290
2770,DATA_20260321_120000.BIN,1.1880,10.5098,0.8780,10.5098,3.7180,1,1.763,2.073
2771,DATA_20260321_120000.BIN,0.8780,5.7009,1.6917,5.7009,1.4630,1,1.606,2.098
2772,DATA_20260321_120000.BIN,1.6917,5.6263,1.5407,5.6263,1.5510,1,4.276,4.279
2773,DATA_20260321_120000.BIN,2.6107,10.2777,1.7653,10.2777,2.9260,1,3.615,3.623
2774,DATA_20260321_120000.BIN,1.7653,6.2970,1.8934,6.2970,1.5620,1,2.604,2.976
2775,DATA_20260321_120000.BIN,1.8934,8.0142,0.8972,8.0142,5.2360,1,1.312,3.451
2776,DATA_20260321_120000.BIN,0.8972,5.3918,1.2260,5.3918,2.8050,1,2.220,4.872
2777,DATA_20260321_120000.BIN,1.2260,4.0273,1.0439,4.0273,3.8500,1,2.774,3.342
2778,DATA_20260321_120000.BIN,1.0439,11.7477,8.1322,11.7477,4.7960,1,1.817,1.891
2779,DATA_20260321_120000.BIN,8.1322,11.6324,1.4137,11.6324,4.7520,1,8.701,9.808
2780,DATA_20260321_120000.BIN,1.4137,17.5053,0.4748,17.5053,7.7330,1,2.511,7.458
2781,DATA_20260321_120000.BIN,0.4748,6.0773,2.7238,6.0773,3.5090,1,2.336,3.094
2782,DATA_20260321_120000.BIN,2.7238,17.2111,2.8983,17.2111,4.6530,1,2.148,2.151
2783,DATA_20260321_120000.BIN,2.8983,6.2494,3.5295,6.2494,2.3870,1,1.876,4.266
2784,DATA_20260321_120000.BIN,1.3555,5.0000,1.6734,5.0000,4.5870,1,1.762,1.762
2785,DATA_20260321_120000.BIN,1.6734,6.8348,0.9134,6.8348,4.2900,1,1.074,4.891
2786,DATA_20260321_120000.BIN,0.9134,3.6056,0.2272,3.6056,2.0350,1,2.042,4.536
2787,DATA_20260321_120000.BIN,0.2272,7.8220,0.3631,7.8220,4.9280,1,1.829,2.423
2788,DATA_20260321_120000.BIN,0.3631,6.5908,2.0473,6.5908,3.6410,1,2.991,6.390
2789,DATA_20260321_120000.BIN,0.8492,11.1920,1.8651,11.1920,2.8160,1,3.936,8.728
2790,DATA_20260321_120000.BIN,1.8651,9.2812,2.2570,9.2812,3.5310,1,1.567,1.899
2791,DATA_20260321_120000.BIN,2.2570,11.4608,6.3971,11.4608,3.2780,1,2.030,2.282
2792,DATA_20260321_120000.BIN,0.6410,5.5619,1.5342,5.5619,4.1250,1,1.730,1.734
2793,DATA_20260321_120000.BIN,1.5342,10.7442,2.1442,10.7442,6.3140,1,1.527,1.594
2794,DATA_20260321_120000.BIN,3.7577,13.7206,0.1505,13.7206,3.9710,1,4.564,5.546
2795,DATA_20260321_120000.BIN,0.1505,7.0093,3.6950,7.0093,4.7190,1,1.248,2.677
2796,DATA_20260321_120000.BIN,3.6950,12.3565,2.3505,12.3565,6.0720,1,4.047,6.195
2797,DATA_20260321_120000.BIN,2.3505,9.4680,2.9163,9.4680,3.8170,1,2.724,3.780
2798,DATA_20260321_120000.BIN,2.9163,6.6557,0.5946,6.6557,1.5950,1,2.498,2.526
2799,DATA_20260321_120000.BIN,0.5946,12.1780,1.1807,12.1780,2.8710,1,0.833,2.291
2800,DATA_20260321_120000.BIN,1.1807,5.8473,1.1079,5.8473,1.4850,1,2.871,3.362
2801,DATA_20260321_120000.BIN,1.1079,6.8680,1.5924,6.8680,3.2560,1,0.473,0.707
2802,DATA_20260321_120000.BIN,1.5924,11.4433,1.5952,11.4433,3.3440,1,0.704,4.096
2803,DATA_20260321_120000.BIN,2.9490,8.2324,0.9242,8.2324,2.8930,1,3.884,3.911
2804,DATA_20260321_120000.BIN,0.9242,25.8072,20.4571,25.8072,4.7740,1,0.968,8.277
2805,DATA_20260321_120000.BIN,20.4571,24.6852,5.0482,24.6852,4.4550,1,23.064,24.735
2806,DATA_20260321_120000.BIN,5.0482,8.6040,2.7707,8.6040,1.4300,1,2.741,2.937
2807,DATA_20260321_120000.BIN,2.7707,10.7000,3.4667,10.7000,1.5840,1,0.569,2.419
2808,DATA_20260321_120000.BIN,3.4667,10.0974,5.7935,10.0974,1.3640,1,4.576,4.753
2809,DATA_20260321_120000.BIN,5.7935,11.0303,7.3537,11.0303,5.0050,1,3.581,4.080
2810,DATA_20260321_120000.BIN,6.2838,12.0918,6.6580,12.0918,3.4210,1,4.166,5.562
2811,DATA_20260321_120000.BIN,6.6580,10.9210,5.9158,10.9210,1.5070,1,3.811,5.382
2812,DATA_20260321_120000.BIN,6.0409,9.4681,6.4333,9.4681,4.3890,1,3.158,4.641
2813,DATA_20260321_120000.BIN,7.4492,13.3272,4.4194,13.3272,2.1450,1,4.461,4.677
2814,DATA_20260321_120000.BIN,4.4194,8.4966,2.7441,8.4966,2.1230,1,0.174,2.956
2815,DATA_20260321_120000.BIN,2.7441,11.9817,0.8114,11.9817,6.9850,1,2.725,2.789
2816,DATA_20260321_120000.BIN,5.0895,8.0103,2.1814,8.0103,4.4550,1,8.789,9.012
2817,DATA_20260321_120000.BIN,2.1814,6.3640,0.6786,6.3640,6.1710,1,3.498,4.394
2818,DATA_20260321_120000.BIN,0.6786,5.5137,0.8377,5.5137,6.4240,1,4.615,5.822
2819,DATA_20260321_120000.BIN,2.2619,5.5945,0.9247,5.5945,1.7930,1,4.946,5.212
2820,DATA_20260321_120000.BIN,0.9247,4.1835,0.6682,4.1835,2.8270,1,3.995,4.524
2821,DATA_20260321_120000.BIN,0.6682,23.2544,11.4989,23.2544,4.9940,1,3.304,3.388
2822,DATA_20260321_120000.BIN,11.4989,17.0955,8.5419,17.0955,1.7710,1,11.754,12.892
2823,DATA_20260321_120000.BIN,23.0094,26.9738,12.1971,26.9738,8.5360,1,23.839,28.206
2824,DATA_20260321_120000.BIN,12.1971,28.5828,6.4564,28.5828,9.7900,1,12.600,12.620
2825,DATA_20260321_120000.BIN,6.4564,16.1921,11.9478,16.1921,3.6740,1,2.569,3.457
2826,DATA_20260321_120000.BIN,11.9478,17.6878,12.5030,17.6878,2.1230,1,12.169,13.025
2827,DATA_20260321_120000.BIN,12.5030,16.0431,5.7540,16.0431,4.4660,1,10.584,10.877
2828,DATA_20260321_120000.BIN,5.7540,18.0332,0.7659,18.0332,5.9510,1,4.402,6.469
2829,DATA_20260321_120000.BIN,0.7659,11.7390,8.6426,11.7390,5.3020,1,5.070,5.387
2830,DATA_20260321_120000.BIN,4.8449,12.2110,3.8896,12.2110,2.9810,1,1.883,4.195
2831,DATA_20260321_120000.BIN,3.8896,15.6506,11.3690,15.6506,2.1450,1,3.157,5.962
2832,DATA_20260321_120000.BIN,11.3690,22.2589,13.5314,22.2589,1.8370,1,8.166,8.166
2833,DATA_20260321_120000.BIN,13.5314,29.3287,15.3444,29.3287,6.4680,1,9.208,10.179
2834,DATA_20260321_120000.BIN,15.3444,28.0490,10.3852,28.0490,8.8550,1,11.695,12.029
2835,DATA_20260321_120000.BIN,26.1227,30.0296,3.8696,30.0296,7.2160,1,23.905,24.880
2836,DATA_20260321_120000.BIN,3.8696,9.7989,3.4682,9.7989,4.8180,1,6.098,6.165
2837,DATA_20260321_120000.BIN,3.4682,13.1493,7.8402,13.1493,9.7570,1,9.852,9.880
2838,DATA_20260321_120000.BIN,7.8402,14.8242,2.3868,14.8242,5.3020,1,1.936,2.717
2839,DATA_20260321_120000.BIN,4.1638,7.3575,1.9810,7.3575,2.7610,1,3.757,6.387
2840,DATA_20260321_120000.BIN,1.9810,6.0369,0.6888,6.0369,5.0820,1,9.571,9.896
2841,DATA_20260321_120000.BIN,0.6888,5.8629,2.0169,5.8629,1.6500,1,7.212,8.506
2842,DATA_20260321_120000.BIN,2.0169,13.7622,4.0516,13.7622,6.9520,1,7.510,8.829
2843,DATA_20260321_120000.BIN,2.8811,8.8921,2.6147,8.8921,6.2040,1,7.362,10.366
2844,DATA_20260321_120000.BIN,2.6147,11.0163,1.9514,11.0163,6.4130,1,3.685,3.871
2845,DATA_20260321_120000.BIN,1.9248,15.5062,5.7741,15.5062,4.2020,1,3.092,4.660
2846,DATA_20260321_120000.BIN,5.7741,12.2344,4.9830,12.2344,3.8720,1,1.998,5.264
2847,DATA_20260321_120000.BIN,4.9830,16.9488,2.4239,16.9488,5.4780,1,3.627,3.785
2848,DATA_20260321_120000.BIN,2.4239,6.7399,2.8199,6.7399,2.3760,1,5.013,5.013
2849,DATA_20260321_120000.BIN,2.8199,8.8656,1.1559,8.8656,1.7380,1,7.679,9.627
2850,DATA_20260321_120000.BIN,1.1559,18.7038,7.8807,18.7038,4.4770,1,5.869,8.321
2851,DATA_20260321_120000.BIN,2.2078,11.0277,6.0185,11.0277,2.7170,1,3.869,7.263
2852,DATA_20260321_120000.BIN,6.0185,13.6338,2.3715,13.6338,2.8270,1,6.520,7.420
2853,DATA_20260321_120000.BIN,2.3715,10.2162,7.6824,10.2162,4.0260,1,4.701,6.321
2854,DATA_20260321_120000.BIN,7.6824,34.9434,26.9180,34.9434,2.9700,1,6.776,6.787
2855,DATA_20260321_130000.BIN,4.8607,16.2816,9.7727,16.2816,6.2920,1,14.398,19.205
2856,DATA_20260321_130000.BIN,9.6564,14.8915,8.3268,14.8915,3.3440,1,6.946,13.154
2857,DATA_20260321_130000.BIN,8.3268,13.8806,7.4046,13.8806,2.7720,1,8.898,12.935
2858,DATA_20260321_130000.BIN,3.1343,13.9571,8.9753,13.9571,2.3760,1,4.926,5.137
2859,DATA_20260321_130000.BIN,8.9753,16.5887,5.4597,16.5887,4.4880,1,15.795,18.049
2860,DATA_20260321_130000.BIN,5.4597,15.0535,2.3443,15.0535,2.8820,1,0.612,16.708
2861,DATA_20260321_130000.BIN,2.3443,8.7803,3.2264,8.7803,2.1890,1,3.576,10.928
2862,DATA_20260321_130000.BIN,3.2264,15.0704,5.0806,15.0704,1.9580,1,4.132,10.268
2863,DATA_20260321_130000.BIN,5.0806,14.3381,1.3650,14.3381,2.6070,1,8.331,13.853
2864,DATA_20260321_130000.BIN,3.2563,10.0890,1.6178,10.0890,3.2670,1,5.369,14.327
2865,DATA_20260321_130000.BIN,1.6178,11.0955,7.5142,11.0955,4.6970,1,3.968,6.941
2866,DATA_20260321_130000.BIN,7.5142,11.0527,3.7584,11.0527,2.5850,1,7.236,9.321
2867,DATA_20260321_130000.BIN,7.1015,16.4878,4.8438,16.4878,4.9390,1,7.824,12.306
2868,DATA_20260321_130000.BIN,4.8438,12.1996,3.4579,12.1996,3.4210,1,5.041,5.330
2869,DATA_20260321_130000.BIN,3.4579,14.6233,1.3000,14.6233,1.7820,1,2.705,5.313
2870,DATA_20260321_130000.BIN,1.3000,16.4819,4.5844,16.4819,2.2770,1,1.905,8.464
2871,DATA_20260321_130000.BIN,4.5844,12.5442,3.5859,12.5442,5.8190,1,2.766,7.696
2872,DATA_20260321_130000.BIN,3.5859,21.2819,9.2896,21.2819,5.5330,1,4.399,8.725
2873,DATA_20260321_130000.BIN,9.2896,14.8626,2.6952,14.8626,6.2040,1,6.756,6.813
2874,DATA_20260321_130000.BIN,2.6952,9.2200,5.2099,9.2200,4.2790,1,7.118,8.966
2875,DATA_20260321_130000.BIN,6.3324,10.4451,6.4628,10.4451,3.2670,1,5.890,6.926
2876,DATA_20260321_130000.BIN,6.4628,18.3301,3.1519,18.3301,5.3900,1,5.883,5.989
2877,DATA_20260321_130000.BIN,3.1519,12.4529,4.8921,12.4529,3.1350,1,3.183,7.329
2878,DATA_20260321_130000.BIN,4.8921,10.0814,3.1122,10.0814,2.3320,1,4.213,5.247
2879,DATA_20260321_130000.BIN,3.1122,8.8393,0.4744,8.8393,3.0030,1,1.611,4.547
2880,DATA_20260321_130000.BIN,0.4744,7.3389,0.4013,7.3389,3.8500,1,4.001,5.052
2881,DATA_20260321_130000.BIN,0.4013,14.5026,6.4285,14.5026,3.1570,1,3.027,3.646
2882,DATA_20260321_130000.BIN,6.4285,16.9756,11.7256,16.9756,5.1920,1,6.007,7.188
2883,DATA_20260321_130000.BIN,11.7256,17.4940,3.6807,17.4940,5.4780,1,10.493,10.625
2884,DATA_20260321_130000.BIN,3.6807,14.4840,1.3959,14.4840,7.6120,1,1.575,7.209
2885,DATA_20260321_130000.BIN,1.3959,18.6796,8.4218,18.6796,8.8880,1,4.598,5.263
2886,DATA_20260321_130000.BIN,8.4218,16.7671,6.0849,16.7671,4.1140,1,8.593,8.688
2887,DATA_20260321_130000.BIN,6.0849,10.3419,0.6291,10.3419,4.1360,1,4.779,5.431
2888,DATA_20260321_130000.BIN,0.6291,10.8985,4.1407,10.8985,5.4120,1,5.379,6.088
2889,DATA_20260321_130000.BIN,4.1407,9.3306,1.8688,9.3306,1.4850,1,3.093,3.094
2890,DATA_20260321_130000.BIN,1.8688,8.6444,1.1143,8.6444,1.2980,1,1.419,4.342
2891,DATA_20260321_130000.BIN,1.1143,7.3156,1.6107,7.3156,1.3090,1,4.028,4.050
2892,DATA_20260321_130000.BIN,1.6107,15.5887,5.7945,15.5887,2.7830,1,2.720,7.702
2893,DATA_20260321_130000.BIN,1.8718,7.8076,0.5560,7.8076,1.3200,1,1.347,2.056
2894,DATA_20260321_130000.BIN,0.5560,9.7392,3.4419,9.7392,1.3200,1,2.356,2.964
2895,DATA_20260321_130000.BIN,3.4419,11.5358,5.9714,11.5358,1.3640,1,1.746,2.027
2896,DATA_20260321_130000.BIN,2.5380,9.2169,1.5535,9.2169,1.2430,1,1.353,3.444
2897,DATA_20260321_130000.BIN,1.5535,9.9399,4.5742,9.9399,1.3860,1,0.894,2.859
2898,DATA_20260321_130000.BIN,4.5742,11.0445,4.9098,11.0445,1.4630,1,2.936,3.192
2899,DATA_20260321_130000.BIN,4.9098,11.1068,4.6147,11.1068,2.5300,1,3.044,3.045
2900,DATA_20260321_130000.BIN,4.6147,12.2309,4.1517,12.2309,3.1680,1,3.218,3.279
2901,DATA_20260321_130000.BIN,4.1517,14.8599,2.8553,14.8599,2.0460,1,3.300,3.433
2902,DATA_20260321_130000.BIN,2.8553,10.7150,2.5910,10.7150,1.3200,1,1.261,2.915
2903,DATA_20260321_130000.BIN,2.5910,11.2028,4.2459,11.2028,1.2980,1,1.115,1.541
2904,DATA_20260321_130000.BIN,4.2459,10.0638,3.3912,10.0638,1.2650,1,1.781,1.913
2905,DATA_20260321_130000.BIN,3.3912,9.8921,3.3883,9.8921,1.3200,1,0.768,1.783
2906,DATA_20260321_130000.BIN,3.3883,8.8716,0.6168,8.8716,1.6170,1,0.772,1.217
2907,DATA_20260321_130000.BIN,0.6168,12.9411,4.4001,12.9411,4.1360,1,3.828,6.776
2908,DATA_20260321_130000.BIN,4.4001,9.7341,2.7307,9.7341,1.2760,1,2.546,4.500
2909,DATA_20260321_130000.BIN,2.7307,7.5386,3.1433,7.5386,1.3750,1,1.352,2.529
2910,DATA_20260321_130000.BIN,3.1433,7.8262,0.8275,7.8262,1.6060,1,1.992,2.424
2911,DATA_20260321_130000.BIN,2.2638,7.9752,2.5695,7.9752,1.3530,1,2.040,2.052
2912,DATA_20260321_130000.BIN,2.5695,8.1669,1.6771,8.1669,1.2100,1,1.989,2.891
2913,DATA_20260321_130000.BIN,1.6771,8.7554,2.7945,8.7554,1.2760,1,1.311,1.917
2914,DATA_20260321_130000.BIN,2.7945,9.2052,2.9949,9.2052,1.3310,1,0.884,1.178
2915,DATA_20260321_130000.BIN,2.9949,9.0731,3.0169,9.0731,1.3090,1,0.766,1.076
2916,DATA_20260321_130000.BIN,3.0169,7.9568,0.8811,7.9568,1.2650,1,0.622,0.789
2917,DATA_20260321_130000.BIN,0.8811,17.0910,3.3498,17.0910,2.4310,1,3.746,4.548
2918,DATA_20260321_130000.BIN,3.3498,7.7219,3.0749,7.7219,2.8160,1,4.304,4.437
2919,DATA_20260321_130000.BIN,3.0749,15.2779,0.1739,15.2779,3.4540,1,4.458,5.219
2920,DATA_20260321_130000.BIN,0.1739,8.4603,1.1001,8.4603,1.3750,1,2.310,2.336
2921,DATA_20260321_130000.BIN,1.1001,6.3884,1.3212,6.3884,1.2430,1,1.790,3.116
2922,DATA_20260321_130000.BIN,1.3212,5.0419,0.6114,5.0419,1.3090,1,3.789,5.186
2923,DATA_20260321_130000.BIN,0.6114,7.4007,1.4826,7.4007,1.3420,1,2.852,5.341
2924,DATA_20260321_130000.BIN,1.4826,8.4471,1.6318,8.4471,1.3200,1,0.737,0.866
2925,DATA_20260321_130000.BIN,1.6318,9.9844,3.6032,9.9844,1.3420,1,1.042,1.162
2926,DATA_20260321_130000.BIN,3.6032,10.5434,4.3636,10.5434,1.3310,1,2.978,3.103
2927,DATA_20260321_130000.BIN,4.3636,11.6404,5.1698,11.6404,1.3530,1,3.467,3.526
2928,DATA_20260321_130000.BIN,5.1698,10.4045,2.5966,10.4045,1.1880,1,4.041,4.099
2929,DATA_20260321_130000.BIN,2.5966,10.7426,1.2101,10.7426,1.5070,1,0.785,1.653
2930,DATA_20260321_130000.BIN,1.2101,9.5213,0.5304,9.5213,2.0020,1,2.311,2.336
2931,DATA_20260321_130000.BIN,0.5304,7.3853,2.5147,7.3853,1.6940,1,3.483,5.240
2932,DATA_20260321_130000.BIN,2.5147,10.5803,5.2018,10.5803,1.6500,1,2.252,3.304
2933,DATA_20260321_130000.BIN,2.4883,6.6883,1.2819,6.6883,9.6910,1,2.185,5.715
2934,DATA_20260321_130000.BIN,1.2819,5.5211,0.1259,5.5211,1.4740,1,2.440,6.352
2935,DATA_20260321_130000.BIN,0.1259,11.0838,3.8221,11.0838,3.1680,1,2.634,4.280
2936,DATA_20260321_130000.BIN,3.8221,11.1616,4.2273,11.1616,1.4080,1,2.428,3.412
2937,DATA_20260321_130000.BIN,4.2273,9.4505,3.5390,9.4505,1.2540,1,2.853,2.879
2938,DATA_20260321_130000.BIN,3.5390,10.6383,4.3689,10.6383,1.2870,1,2.080,2.106
2939,DATA_20260321_130000.BIN,4.3689,9.6000,4.7997,9.6000,1.2540,1,2.896,3.136
2940,DATA_20260321_130000.BIN,4.7997,9.5991,4.1609,9.5991,1.2650,1,2.907,2.918
2941,DATA_20260321_130000.BIN,4.1609,10.7823,5.2082,10.7823,1.3420,1,2.267,2.551
2942,DATA_20260321_130000.BIN,5.2082,13.1858,2.8126,13.1858,3.2340,1,2.974,2.979
2943,DATA_20260321_130000.BIN,2.8126,9.6871,4.6860,9.6871,6.0500,1,0.858,0.979
2944,DATA_20260321_130000.BIN,3.8618,7.6453,3.2189,7.6453,1.3200,1,3.920,4.065
2945,DATA_20260321_130000.BIN,3.2189,8.0697,4.5679,8.0697,5.1370,1,2.124,2.245
2946,DATA_20260321_130000.BIN,2.0807,14.5068,6.9061,14.5068,3.8610,1,1.864,1.864
2947,DATA_20260321_130000.BIN,6.9061,11.1232,7.6281,11.1232,1.8260,1,4.667,5.139
2948,DATA_20260321_130000.BIN,7.6281,11.9094,7.0159,11.9094,3.5310,1,5.007,5.518
2949,DATA_20260321_130000.BIN,7.0159,12.1458,8.2765,12.1458,4.0040,1,3.328,9.299
2950,DATA_20260321_130000.BIN,11.0731,14.6755,6.1886,14.6755,2.9590,1,8.825,8.876
2951,DATA_20260321_130000.BIN,6.1886,9.9375,5.9135,9.9375,2.2000,1,5.088,5.933
2952,DATA_20260321_130000.BIN,5.9135,11.7633,6.5775,11.7633,5.0050,1,2.240,2.639
2953,DATA_20260321_130000.BIN,1.7399,8.3623,4.6402,8.3623,4.3010,1,5.226,5.241
2954,DATA_20260321_130000.BIN,1.4632,6.4279,3.1387,6.4279,3.3660,1,3.612,4.235
2955,DATA_20260321_130000.BIN,1.8016,8.0534,3.3635,8.0534,2.7610,1,5.349,5.385
2956,DATA_20260321_130000.BIN,2.1681,7.3481,1.3459,7.3481,1.3860,1,6.396,6.439
2957,DATA_20260321_130000.BIN,4.3612,20.3376,6.4236,20.3376,7.9090,1,1.762,1.764
2958,DATA_20260321_130000.BIN,6.4236,15.6034,4.9168,15.6034,5.9840,1,8.007,8.938
2959,DATA_20260321_130000.BIN,4.9168,7.9044,2.0597,7.9044,1.6720,1,5.006,6.378
2960,DATA_20260321_130000.BIN,2.0597,7.3056,1.0146,7.3056,1.3860,1,2.058,2.502
2961,DATA_20260321_130000.BIN,1.0146,6.9194,1.6686,6.9194,2.6290,1,2.190,2.193
2962,DATA_20260321_130000.BIN,1.6686,5.8548,1.6086,5.8548,1.4850,1,5.022,5.128
2963,DATA_20260321_130000.BIN,0.6395,7.6998,1.3955,7.6998,5.7310,1,2.705,3.441
2964,DATA_20260321_130000.BIN,0.9269,9.9411,2.8136,9.9411,1.3750,1,1.880,2.312
2965,DATA_20260321_130000.BIN,2.8136,9.4684,1.3149,9.4684,4.2570,1,1.282,1.916
2966,DATA_20260321_130000.BIN,1.3149,5.6927,0.8270,5.6927,1.3200,1,1.839,2.766
2967,DATA_20260321_130000.BIN,0.8270,4.8865,0.9530,4.8865,1.2980,1,2.215,2.339
2968,DATA_20260321_130000.BIN,0.9530,6.0304,0.9300,6.0304,1.4520,1,2.508,2.508
2969,DATA_20260321_130000.BIN,0.9300,6.8592,2.7449,6.8592,1.3310,1,0.752,0.841
2970,DATA_20260321_130000.BIN,1.7560,6.6283,1.3397,6.6283,3.2120,1,0.494,0.604
2971,DATA_20260321_130000.BIN,1.3397,12.3961,5.4316,12.3961,4.3450,1,2.116,2.272
2972,DATA_20260321_130000.BIN,3.4017,9.4873,1.0855,9.4873,1.1660,1,2.865,3.524
2973,DATA_20260321_130000.BIN,1.0855,9.0082,3.8140,9.0082,1.1990,1,0.335,1.397
2974,DATA_20260321_130000.BIN,3.8140,9.5865,3.3771,9.5865,1.1990,1,2.958,3.082
2975,DATA_20260321_130000.BIN,3.3771,8.1536,3.3577,8.1536,1.1110,1,2.139,2.140
2976,DATA_20260321_130000.BIN,4.6259,10.0394,3.1095,10.0394,1.2430,1,3.532,4.168
2977,DATA_20260321_130000.BIN,3.1095,8.7086,3.3697,8.7086,1.2100,1,1.566,2.580
2978,DATA_20260321_130000.BIN,3.3697,7.7815,3.5385,7.7815,1.1330,1,2.610,2.882
2979,DATA_20260321_130000.BIN,3.5385,8.8200,3.4165,8.8200,1.2870,1,2.908,2.920
2980,DATA_20260321_130000.BIN,3.4165,7.6534,3.1118,7.6534,1.2540,1,1.495,2.429
2981,DATA_20260321_130000.BIN,3.1118,8.2363,3.6141,8.2363,1.2210,1,0.963,1.458
2982,DATA_20260321_130000.BIN,3.9149,8.2835,4.2658,8.2835,1.2430,1,1.936,1.954
2983,DATA_20260321_130000.BIN,2.1988,7.1518,2.4086,7.1518,1.6610,1,1.532,3.705
2984,DATA_20260321_130000.BIN,2.4086,6.1747,1.1976,6.1747,1.7380,1,4.424,4.446
2985,DATA_20260321_130000.BIN,1.1976,6.4983,2.4627,6.4983,3.0140,1,2.249,2.321
2986,DATA_20260321_130000.BIN,1.5631,9.6103,1.7842,9.6103,5.5880,1,4.305,4.366
2987,DATA_20260321_130000.BIN,1.7842,13.2290,7.2385,13.2290,7.0510,1,4.304,8.770
2988,DATA_20260321_130000.BIN,7.2385,13.8144,8.0429,13.8144,2.9480,1,9.666,9.676
2989,DATA_20260321_130000.BIN,8.0429,18.9116,5.7081,18.9116,5.2800,1,9.558,9.639
2990,DATA_20260321_130000.BIN,5.7081,9.2643,4.6843,9.2643,1.9800,1,6.604,7.175
2991,DATA_20260321_130000.BIN,4.6843,13.7206,9.3230,13.7206,5.4120,1,4.364,5.410
2992,DATA_20260321_130000.BIN,9.3230,13.4967,3.7736,13.4967,2.2110,1,10.030,11.474
2993,DATA_20260321_130000.BIN,3.7736,14.2168,10.0984,14.2168,5.4120,1,2.156,2.861
2994,DATA_20260321_130000.BIN,10.0984,14.6021,5.1402,14.6021,3.6850,1,8.874,8.979
2995,DATA_20260321_130000.BIN,5.1402,12.5537,3.9074,12.5537,6.8530,1,2.137,3.860
2996,DATA_20260321_130000.BIN,3.9074,15.1632,6.4402,15.1632,2.6180,1,0.914,0.961
2997,DATA_20260321_130000.BIN,6.4402,9.5125,5.2253,9.5125,4.0040,1,3.267,5.485
2998,DATA_20260321_130000.BIN,5.0521,13.3438,2.6889,13.3438,5.5330,1,1.283,3.084
2999,DATA_20260321_130000.BIN,2.6889,12.9672,5.4946,12.9672,5.2690,1,3.637,6.958
3000,DATA_20260321_130000.BIN,5.4946,12.4097,1.4459,12.4097,7.0840,1,4.845,7.114
3001,DATA_20260321_130000.BIN,6.9142,10.6539,1.9518,10.6539,4.9060,1,3.652,5.591
3002,DATA_20260321_130000.BIN,1.9518,6.5136,3.6451,6.5136,4.6310,1,2.178,2.571
3003,DATA_20260321_130000.BIN,3.6451,7.2336,2.0341,7.2336,1.2100,1,5.434,5.673
3004,DATA_20260321_130000.BIN,2.0341,7.4411,1.6755,7.4411,1.2210,1,1.564,1.872
3005,DATA_20260321_130000.BIN,1.6981,7.7979,3.8787,7.7979,4.0260,1,2.034,2.042
3006,DATA_20260321_130000.BIN,3.8787,13.9445,6.8580,13.9445,2.5740,1,1.173,1.493
3007,DATA_20260321_130000.BIN,3.2708,12.1283,4.8219,12.1283,1.2210,1,4.267,5.183
3008,DATA_20260321_130000.BIN,1.0514,6.8533,2.8993,6.8533,3.3330,1,4.076,5.649
3009,DATA_20260321_130000.BIN,2.8993,9.8692,1.1012,9.8692,2.4200,1,2.070,2.673
3010,DATA_20260321_130000.BIN,1.1012,5.8660,1.6914,5.8660,1.2540,1,2.478,2.481
3011,DATA_20260321_130000.BIN,1.6914,6.2679,0.5516,6.2679,1.2210,1,0.953,2.195
3012,DATA_20260321_130000.BIN,0.5516,6.1185,1.3915,6.1185,1.2100,1,3.280,3.298
3013,DATA_20260321_130000.BIN,1.4309,10.4535,0.7308,10.4535,4.7960,1,2.785,2.831
3014,DATA_20260321_130000.BIN,0.7308,4.7293,0.7756,4.7293,5.3900,1,1.132,1.366
3015,DATA_20260321_130000.BIN,0.7756,7.9537,1.3622,7.9537,1.4960,1,2.686,2.717
3016,DATA_20260321_130000.BIN,5.8794,11.1405,5.8968,11.1405,1.5290,1,6.218,6.223
3017,DATA_20260321_130000.BIN,3.5814,12.0945,3.5011,12.0945,2.7940,1,3.122,4.839
3018,DATA_20260321_130000.BIN,4.0293,9.2649,3.5802,9.2649,1.2430,1,2.919,3.843
3019,DATA_20260321_130000.BIN,3.5802,9.1771,1.2023,9.1771,1.2210,1,1.932,3.006
3020,DATA_20260321_130000.BIN,1.2023,9.2945,2.1796,9.2945,1.2760,1,0.902,2.829
3021,DATA_20260321_130000.BIN,2.1796,9.9557,1.4349,9.9557,1.3310,1,1.078,1.904
3022,DATA_20260321_130000.BIN,1.4349,7.6118,2.0270,7.6118,3.2340,1,3.560,3.695
3023,DATA_20260321_130000.BIN,12.3499,18.4069,13.1936,18.4069,2.5850,1,10.280,16.986
3024,DATA_20260321_130000.BIN,13.1936,20.5617,11.2549,20.5617,2.0680,1,11.754,12.149
3025,DATA_20260321_130000.BIN,13.8220,19.8199,14.7137,19.8199,5.4780,1,12.387,13.689
3026,DATA_20260321_130000.BIN,12.2977,17.7379,13.1308,17.7379,7.2380,1,10.056,12.610
3027,DATA_20260321_130000.BIN,13.3978,22.1217,1.5392,22.1217,8.1290,1,12.599,12.781
3028,DATA_20260321_130000.BIN,1.5392,9.9539,2.5864,9.9539,5.5880,1,4.749,4.762
3029,DATA_20260321_130000.BIN,1.7180,6.3794,0.2550,6.3794,1.4190,1,6.362,6.890
3030,DATA_20260321_130000.BIN,0.2550,7.2508,1.0996,7.2508,1.2650,1,4.821,5.344
3031,DATA_20260321_130000.BIN,1.0996,6.8029,1.0649,6.8029,1.3860,1,4.275,4.781
3032,DATA_20260321_130000.BIN,0.2196,5.6551,0.5542,5.6551,1.4520,1,4.010,4.155
3033,DATA_20260321_130000.BIN,0.5542,4.0371,0.2620,4.0371,1.8370,1,3.228,3.343
3034,DATA_20260321_130000.BIN,0.2620,4.5010,0.9924,4.5010,3.9380,1,3.387,3.410
3035,DATA_20260321_130000.BIN,0.9924,4.9281,1.3045,4.9281,1.8260,1,3.413,5.821
3036,DATA_20260321_130000.BIN,1.3045,5.1907,0.8917,5.1907,1.4960,1,1.208,1.846
3037,DATA_20260321_130000.BIN,0.8917,5.0633,0.2867,5.0633,1.6390,1,3.225,3.677
3038,DATA_20260321_130000.BIN,0.2867,10.8639,4.6106,10.8639,5.1150,1,2.661,2.929
3039,DATA_20260321_130000.BIN,1.3827,5.7065,0.8877,5.7065,2.3320,1,1.209,4.298
3040,DATA_20260321_130000.BIN,0.8877,5.0696,1.5376,5.0696,1.7270,1,2.843,3.681
3041,DATA_20260321_130000.BIN,1.5376,5.5474,1.6382,5.5474,1.4300,1,0.341,1.472
3042,DATA_20260321_130000.BIN,1.6382,6.3895,1.4904,6.3895,3.6080,1,0.510,1.317
3043,DATA_20260321_130000.BIN,1.4904,8.3597,0.9299,8.3597,7.1060,1,3.198,3.250
3044,DATA_20260321_130000.BIN,0.9299,4.9444,0.9622,4.9444,1.5620,1,1.951,2.179
3045,DATA_20260321_130000.BIN,0.9622,7.3009,2.5533,7.3009,1.4410,1,2.069,3.343
3046,DATA_20260321_130000.BIN,2.5533,7.4138,0.7206,7.4138,1.4410,1,2.494,3.058
3047,DATA_20260321_130000.BIN,0.7206,5.2965,0.4755,5.2965,1.3970,1,1.779,2.762
3048,DATA_20260321_130000.BIN,1.6027,5.2424,1.0614,5.2424,2.5740,1,2.299,2.306
3049,DATA_20260321_130000.BIN,0.6345,8.8669,2.2779,8.8669,5.0930,1,0.326,1.317
3050,DATA_20260321_130000.BIN,2.2779,6.9002,3.1266,6.9002,2.0790,1,3.243,5.103
3051,DATA_20260321_130000.BIN,3.1266,7.4473,0.9348,7.4473,3.2340,1,3.082,3.837
3052,DATA_20260321_130000.BIN,0.8325,4.5896,0.6113,4.5896,1.9800,1,2.144,2.148
3053,DATA_20260321_130000.BIN,0.6113,4.6854,1.4062,4.6854,1.6280,1,0.607,3.648
3054,DATA_20260321_130000.BIN,1.4062,5.2320,0.9006,5.2320,1.5400,1,0.998,1.211
3055,DATA_20260321_130000.BIN,1.4720,6.3363,1.3408,6.3363,1.5180,1,2.621,2.893
3056,DATA_20260321_130000.BIN,1.3408,6.0886,0.8358,6.0886,1.3860,1,1.878,3.753
3057,DATA_20260321_130000.BIN,0.8358,5.6728,1.5679,5.6728,2.4640,1,1.707,2.241
3058,DATA_20260321_130000.BIN,4.4081,11.2420,4.8939,11.2420,1.3530,1,5.525,5.891
3059,DATA_20260321_130000.BIN,4.8939,13.3905,1.9530,13.3905,1.5730,1,5.793,7.482
3060,DATA_20260321_130000.BIN,1.9530,7.0340,0.3693,7.0340,1.4190,1,0.248,3.748
3061,DATA_20260321_130000.BIN,0.3693,7.4504,1.6977,7.4504,1.4190,1,1.447,2.739
3062,DATA_20260321_130000.BIN,1.6977,7.3218,1.5576,7.3218,1.5180,1,1.198,1.233
3063,DATA_20260321_130000.BIN,1.5576,7.1456,2.9305,7.1456,1.5070,1,0.921,1.245
3064,DATA_20260321_130000.BIN,0.3640,9.3493,4.3184,9.3493,4.8400,1,2.129,4.714
3065,DATA_20260321_130000.BIN,4.3184,8.8426,4.1369,8.8426,4.3230,1,3.907,3.928
3066,DATA_20260321_130000.BIN,2.7720,5.7189,0.5992,5.7189,6.0500,1,2.609,2.862
3067,DATA_20260321_130000.BIN,0.5992,5.0019,1.4848,5.0019,1.7600,1,0.424,2.978
3068,DATA_20260321_130000.BIN,2.6908,7.2524,1.7930,7.2524,4.1580,1,1.674,3.816
3069,DATA_20260321_130000.BIN,3.2158,6.6685,3.1048,6.6685,6.8200,1,2.353,2.830
3070,DATA_20260321_130000.BIN,3.1048,7.7337,2.0096,7.7337,3.8720,1,2.239,3.308
3071,DATA_20260321_130000.BIN,2.0096,6.6867,1.3172,6.6867,2.8380,1,1.420,1.459
3072,DATA_20260321_130000.BIN,1.3172,6.3690,1.4105,6.3690,2.5080,1,1.250,2.086
3073,DATA_20260321_130000.BIN,1.4105,5.9007,2.3520,5.9007,1.3530,1,1.988,2.271
3074,DATA_20260321_130000.BIN,2.3520,5.1852,1.6128,5.1852,2.7170,1,3.108,3.459
3075,DATA_20260321_130000.BIN,1.6128,4.9651,1.4024,4.9651,4.5540,1,1.454,1.457
3076,DATA_20260321_130000.BIN,0.6915,8.5094,2.5477,8.5094,4.8510,1,2.323,2.937
3077,DATA_20260321_130000.BIN,2.5477,9.3563,2.9310,9.3563,8.0410,1,1.502,1.503
3078,DATA_20260321_130000.BIN,2.9310,8.3714,1.5996,8.3714,6.5120,1,1.974,6.216
3079,DATA_20260321_130000.BIN,3.6473,6.5032,2.4970,6.5032,1.2870,1,2.897,3.493
3080,DATA_20260321_130000.BIN,2.4970,7.2842,1.8510,7.2842,1.3860,1,0.927,0.955
3081,DATA_20260321_130000.BIN,1.0232,4.8480,0.6561,4.8480,1.4190,1,3.088,3.186
3082,DATA_20260321_130000.BIN,0.3531,6.4574,2.7361,6.4574,2.9040,1,1.563,1.692
3083,DATA_20260321_130000.BIN,1.3766,6.6360,1.1065,6.6360,1.9140,1,0.592,3.055
3084,DATA_20260321_130000.BIN,1.1065,8.3761,0.2623,8.3761,2.8270,1,2.062,5.993
3085,DATA_20260321_130000.BIN,0.2623,5.1516,1.9787,5.1516,3.3220,1,2.534,6.646
3086,DATA_20260321_130000.BIN,1.9856,7.7914,0.6303,7.7914,5.8740,1,1.371,3.747
3087,DATA_20260321_130000.BIN,0.8835,4.6566,1.4223,4.6566,4.7960,1,0.971,2.094
3088,DATA_20260321_130000.BIN,1.4223,5.9686,0.2149,5.9686,4.2020,1,1.966,1.989
3089,DATA_20260321_130000.BIN,1.2672,6.8666,2.8169,6.8666,4.4000,1,1.147,2.428
3090,DATA_20260321_130000.BIN,1.0802,4.1890,1.0441,4.1890,1.8150,1,2.415,3.100
3091,DATA_20260321_130000.BIN,0.6122,4.2805,0.6488,4.2805,3.1680,1,2.028,4.439
3092,DATA_20260321_130000.BIN,2.3251,6.8931,1.0916,6.8931,3.3000,1,3.076,4.821
3093,DATA_20260321_130000.BIN,1.0916,6.1947,0.9848,6.1947,7.7220,1,2.166,2.542
3094,DATA_20260321_130000.BIN,0.9848,7.0213,0.3870,7.0213,3.0910,1,1.227,1.321
3095,DATA_20260321_130000.BIN,0.3870,6.7115,2.4862,6.7115,9.4820,1,0.693,5.603
3096,DATA_20260321_130000.BIN,2.4862,6.0744,1.2120,6.0744,7.9090,1,2.927,6.060
3097,DATA_20260321_130000.BIN,0.4046,7.5742,0.9329,7.5742,5.8410,1,0.567,0.604
3098,DATA_20260321_130000.BIN,5.2390,9.1382,5.5334,9.1382,1.8370,1,5.942,6.366
3099,DATA_20260321_130000.BIN,1.0717,10.4173,4.0826,10.4173,3.9600,1,0.401,3.130
3100,DATA_20260321_130000.BIN,1.3298,7.1662,3.5153,7.1662,3.2560,1,0.366,1.456
3101,DATA_20260321_130000.BIN,3.5153,9.4212,1.5873,9.4212,6.8200,1,3.495,5.992
3102,DATA_20260321_130000.BIN,1.5873,6.9049,2.3172,6.9049,6.8640,1,0.550,4.702
3103,DATA_20260321_130000.BIN,2.3172,9.1881,1.7250,9.1881,9.7350,1,1.473,1.708
3104,DATA_20260321_130000.BIN,1.7250,4.6120,0.8226,4.6120,2.4640,1,0.685,0.792
3105,DATA_20260321_130000.BIN,0.5456,6.6482,1.2065,6.6482,7.3810,1,1.691,3.666
3106,DATA_20260321_130000.BIN,0.7138,6.2028,0.7910,6.2028,2.0350,1,1.869,4.348
3107,DATA_20260321_130000.BIN,1.5226,18.3399,11.3696,18.3399,6.4460,1,1.420,1.798
3108,DATA_20260321_130000.BIN,11.3696,21.6744,14.4327,21.6744,5.2030,1,13.062,13.157
3109,DATA_20260321_130000.BIN,9.9544,23.2042,15.9576,23.2042,7.5460,1,11.488,15.264
3110,DATA_20260321_130000.BIN,15.6113,19.0976,14.8047,19.0976,4.4880,1,15.989,17.707
3111,DATA_20260321_130000.BIN,14.8047,18.5896,14.8194,18.5896,4.6640,1,13.257,14.976
3112,DATA_20260321_130000.BIN,11.3183,17.6445,1.9670,17.6445,3.7730,1,10.527,10.648
3113,DATA_20260321_130000.BIN,1.9670,6.7510,0.5978,6.7510,2.6510,1,5.733,6.987
3114,DATA_20260321_130000.BIN,0.5978,9.0137,1.0353,9.0137,3.7070,1,4.236,5.307
3115,DATA_20260321_130000.BIN,1.0353,5.8117,2.1559,5.8117,4.5870,1,3.170,3.416
3116,DATA_20260321_130000.BIN,1.7426,5.0844,1.3546,5.0844,2.1560,1,2.085,3.629
3117,DATA_20260321_130000.BIN,1.3546,13.2323,6.1540,13.2323,5.9290,1,3.385,3.858
3118,DATA_20260321_130000.BIN,3.1226,8.7418,2.8716,8.7418,1.3750,1,3.695,5.796
3119,DATA_20260321_130000.BIN,4.1318,10.9319,2.3877,10.9319,6.7870,1,4.805,5.987
3120,DATA_20260321_130000.BIN,2.3877,8.0159,2.8057,8.0159,7.7660,1,4.767,4.846
3121,DATA_20260321_130000.BIN,2.8057,15.1507,5.0816,15.1507,8.5690,1,4.146,5.566
3122,DATA_20260321_130000.BIN,5.0816,9.3265,4.4967,9.3265,5.3900,1,6.044,6.191
3123,DATA_20260321_130000.BIN,1.1057,5.4035,1.3804,5.4035,5.6210,1,2.614,4.676
3124,DATA_20260321_130000.BIN,1.3804,7.3785,0.8822,7.3785,4.1910,1,1.826,2.103
3125,DATA_20260321_130000.BIN,0.2988,6.6568,2.4964,6.6568,7.8760,1,1.864,2.425
3126,DATA_20260321_130000.BIN,2.4964,7.2566,1.7013,7.2566,2.5850,1,3.206,5.841
3127,DATA_20260321_130000.BIN,3.7748,13.2899,8.4143,13.2899,5.1590,1,3.602,4.337
3128,DATA_20260321_130000.BIN,1.4281,8.0069,0.6219,8.0069,4.4000,1,1.048,1.156
3129,DATA_20260321_130000.BIN,0.9562,4.0351,1.1340,4.0351,5.4560,1,1.910,1.930
3130,DATA_20260321_130000.BIN,1.1340,4.8863,0.7709,4.8863,3.1790,1,2.797,3.049
3131,DATA_20260321_130000.BIN,2.1846,10.8921,4.2542,10.8921,2.8380,1,1.623,3.248
3132,DATA_20260321_130000.BIN,2.5988,6.5592,2.8440,6.5592,1.3200,1,1.849,4.661
3133,DATA_20260321_130000.BIN,1.6816,6.3545,2.2546,6.3545,1.4630,1,0.522,4.226
3134,DATA_20260321_130000.BIN,1.8749,5.7169,1.0488,5.7169,1.2980,1,0.575,0.758
3135,DATA_20260321_130000.BIN,1.0488,6.2683,1.1983,6.2683,2.6510,1,0.757,1.709
3136,DATA_20260321_130000.BIN,7.1267,11.9519,0.5305,11.9519,3.2670,1,6.485,6.495
3137,DATA_20260321_130000.BIN,0.5305,6.4499,1.1196,6.4499,2.4750,1,2.651,2.764
3138,DATA_20260321_130000.BIN,0.5425,6.0542,1.0083,6.0542,7.5240,1,1.747,2.592
3139,DATA_20260321_130000.BIN,1.0083,9.9106,1.2509,9.9106,3.5860,1,0.526,5.241
3140,DATA_20260321_130000.BIN,1.2509,7.4386,3.6975,7.4386,3.1460,1,2.385,5.100
3141,DATA_20260321_130000.BIN,3.6975,9.2686,2.6308,9.2686,3.8390,1,3.252,3.619
3142,DATA_20260321_130000.BIN,0.2620,8.7236,2.2363,8.7236,3.2780,1,2.133,5.848
3143,DATA_20260321_130000.BIN,2.2363,14.3909,1.1913,14.3909,9.7570,1,3.531,5.249
3144,DATA_20260321_130000.BIN,2.4364,9.0451,4.0153,9.0451,2.2550,1,1.796,3.497
3145,DATA_20260321_130000.BIN,4.0153,7.4825,2.1999,7.4825,2.1230,1,3.143,6.266
3146,DATA_20260321_130000.BIN,2.1999,9.2713,3.6883,9.2713,1.8480,1,0.799,3.114
3147,DATA_20260321_130000.BIN,3.6883,9.7595,4.1747,9.7595,3.6190,1,2.674,4.609
3148,DATA_20260321_130000.BIN,4.1747,11.1189,1.8811,11.1189,5.5660,1,2.834,7.620
3149,DATA_20260321_130000.BIN,3.1744,7.6522,3.0059,7.6522,1.2650,1,1.670,2.529
3150,DATA_20260321_130000.BIN,4.2574,9.9634,1.2039,9.9634,2.5190,1,4.279,6.183
3151,DATA_20260321_130000.BIN,1.2039,6.6512,1.7409,6.6512,1.2760,1,1.918,2.239
3152,DATA_20260321_130000.BIN,1.7409,6.7617,2.1078,6.7617,2.4090,1,2.621,2.785
3153,DATA_20260321_130000.BIN,1.4885,5.7432,1.1525,5.7432,1.1990,1,1.668,1.889
3154,DATA_20260321_130000.BIN,0.3250,5.8934,1.1479,5.8934,1.2430,1,2.152,2.507
3155,DATA_20260321_130000.BIN,0.9995,9.8888,1.0885,9.8888,9.3060,1,2.982,3.033
3156,DATA_20260321_130000.BIN,1.6522,6.4519,2.1856,6.4519,3.4320,1,3.017,3.031
3157,DATA_20260321_130000.BIN,2.1856,8.5953,1.6271,8.5953,3.5530,1,3.167,3.301
3158,DATA_20260321_130000.BIN,1.6271,6.5188,1.3376,6.5188,2.3210,1,1.332,2.220
3159,DATA_20260321_130000.BIN,2.1605,7.8061,2.3308,7.8061,1.1770,1,1.623,1.782
3160,DATA_20260321_130000.BIN,2.3308,7.0153,1.5554,7.0153,1.2540,1,1.758,1.789
3161,DATA_20260321_130000.BIN,2.0708,6.3670,1.5163,6.3670,1.2320,1,1.495,1.859
3162,DATA_20260321_130000.BIN,1.5163,7.1521,2.4065,7.1521,1.2650,1,0.586,1.073
3163,DATA_20260321_130000.BIN,1.4635,6.3133,1.3077,6.3133,1.2540,1,2.287,2.288
3164,DATA_20260321_130000.BIN,1.8243,13.6204,0.7439,13.6204,7.3480,1,2.237,2.265
3165,DATA_20260321_130000.BIN,0.7439,9.5498,0.9195,9.5498,6.1820,1,1.289,3.855
3166,DATA_20260321_130000.BIN,0.9195,6.1599,2.2515,6.1599,5.7420,1,0.221,1.051
3167,DATA_20260321_130000.BIN,2.2515,6.4185,3.0357,6.4185,2.2220,1,3.170,5.543
3168,DATA_20260321_130000.BIN,2.3958,11.1376,5.7680,11.1376,4.4880,1,3.554,4.004
3169,DATA_20260321_130000.BIN,3.5452,9.2446,2.9983,9.2446,5.5880,1,3.678,3.696
3170,DATA_20260321_130000.BIN,2.1442,6.6642,1.4572,6.6642,2.3100,1,1.985,3.593
3171,DATA_20260321_130000.BIN,1.4572,7.9558,3.3853,7.9558,4.6310,1,0.601,2.170
3172,DATA_20260321_130000.BIN,3.7682,8.2121,3.5907,8.2121,4.3010,1,3.962,5.322
3173,DATA_20260321_130000.BIN,5.7080,10.1372,2.0522,10.1372,3.2010,1,6.118,6.155
3174,DATA_20260321_130000.BIN,5.3857,9.7177,5.1390,9.7177,6.8310,1,4.969,5.611
3175,DATA_20260321_130000.BIN,5.1390,9.7772,0.7421,9.7772,5.6980,1,4.730,6.444
3176,DATA_20260321_130000.BIN,0.7421,6.0897,1.3083,6.0897,6.4570,1,2.124,2.130
3177,DATA_20260321_130000.BIN,1.3083,12.2730,3.0714,12.2730,7.6450,1,2.246,2.803
3178,DATA_20260321_130000.BIN,0.9959,11.1698,1.1471,11.1698,2.2770,1,2.644,3.679
3179,DATA_20260321_130000.BIN,1.1471,6.2493,2.8251,6.2493,1.6060,1,1.507,2.705
3180,DATA_20260321_130000.BIN,2.8251,8.0767,3.1391,8.0767,1.4630,1,1.408,1.423
3181,DATA_20260321_130000.BIN,3.1391,9.2017,3.4968,9.2017,3.0360,1,2.191,2.243
3182,DATA_20260321_130000.BIN,1.7524,8.6557,1.4294,8.6557,1.3420,1,0.318,1.227
3183,DATA_20260321_130000.BIN,1.4294,8.6706,3.1232,8.6706,2.6290,1,0.515,0.677
3184,DATA_20260321_130000.BIN,3.5318,7.9865,2.6682,7.9865,2.7280,1,2.395,3.402
3185,DATA_20260321_130000.BIN,2.7450,12.8133,0.6292,12.8133,4.3780,1,1.359,1.983
3186,DATA_20260321_130000.BIN,5.3075,8.4474,0.3344,8.4474,4.4110,1,7.366,7.583
3187,DATA_20260321_130000.BIN,0.3344,5.2742,1.8771,5.2742,2.9700,1,2.614,2.981
3188,DATA_20260321_130000.BIN,1.8771,12.8934,3.7088,12.8934,4.4880,1,1.271,1.648
3189,DATA_20260321_130000.BIN,3.7088,7.1455,3.5735,7.1455,1.5620,1,2.689,2.927
3190,DATA_20260321_130000.BIN,3.5735,7.4901,2.6656,7.4901,3.9380,1,2.598,2.611
3191,DATA_20260321_130000.BIN,0.7075,5.6164,0.6594,5.6164,1.2540,1,1.778,1.795
3192,DATA_20260321_130000.BIN,0.6594,5.4943,0.7427,5.4943,1.1990,1,2.793,3.076
3193,DATA_20260321_130000.BIN,0.7427,5.2271,1.0555,5.2271,1.2320,1,2.024,2.097
3194,DATA_20260321_130000.BIN,1.1258,6.4026,2.0802,6.4026,1.2650,1,1.437,1.557
3195,DATA_20260321_130000.BIN,2.0802,5.7622,1.8943,5.7622,1.2870,1,0.858,1.034
3196,DATA_20260321_130000.BIN,0.6683,5.0069,0.9769,5.0069,2.5850,1,0.758,1.015
3197,DATA_20260321_130000.BIN,0.9769,5.4665,0.7895,5.4665,1.3750,1,2.758,2.898
3198,DATA_20260321_130000.BIN,0.7895,5.0176,0.4759,5.0176,1.2430,1,0.534,1.035
3199,DATA_20260321_130000.BIN,1.4125,5.4004,1.6174,5.4004,1.3970,1,0.655,0.747
3200,DATA_20260321_130000.BIN,1.6174,5.1926,1.5588,5.1926,1.6720,1,0.844,0.874
3201,DATA_20260321_130000.BIN,1.5588,7.1073,3.8370,7.1073,3.6190,1,0.810,0.821
3202,DATA_20260321_130000.BIN,3.8370,8.0493,3.0525,8.0493,1.5180,1,3.438,3.753
3203,DATA_20260321_130000.BIN,2.7289,8.3908,3.3900,8.3908,1.5290,1,1.438,1.602
3204,DATA_20260321_130000.BIN,2.0177,6.5145,1.7796,6.5145,1.3420,1,2.480,7.773
3205,DATA_20260321_130000.BIN,2.5227,9.6556,5.3866,9.6556,2.8930,1,0.444,4.258
3206,DATA_20260321_130000.BIN,5.3866,13.2199,7.3387,13.2199,4.3010,1,4.697,4.788
3207,DATA_20260321_130000.BIN,4.3364,9.9403,4.9725,9.9403,1.2760,1,3.153,3.390
3208,DATA_20260321_130000.BIN,0.9829,7.5875,3.2646,7.5875,3.9160,1,3.215,5.045
3209,DATA_20260321_130000.BIN,3.2646,7.8918,1.8907,7.8918,2.6620,1,1.681,1.687
3210,DATA_20260321_130000.BIN,1.8907,7.4815,3.0424,7.4815,1.2540,1,1.338,1.533
3211,DATA_20260321_130000.BIN,3.0424,7.3180,3.0058,7.3180,1.2980,1,1.719,1.972
3212,DATA_20260321_130000.BIN,4.9597,9.1654,0.3371,9.1654,3.3220,1,3.895,4.248
3213,DATA_20260321_130000.BIN,0.3371,6.7282,3.2203,6.7282,1.7930,1,2.480,3.192
3214,DATA_20260321_130000.BIN,3.2203,8.5981,3.4949,8.5981,2.7060,1,1.508,1.510
3215,DATA_20260321_130000.BIN,3.4949,8.4136,1.2456,8.4136,1.3090,1,1.961,2.953
3216,DATA_20260321_130000.BIN,2.6189,8.3094,3.1546,8.3094,1.2870,1,0.462,0.739
3217,DATA_20260321_130000.BIN,3.1546,12.2831,5.9646,12.2831,2.5190,1,1.492,3.301
3218,DATA_20260321_130000.BIN,5.9646,11.1671,5.4887,11.1671,1.3640,1,4.282,4.657
3219,DATA_20260321_130000.BIN,6.2331,10.4725,0.8412,10.4725,2.6070,1,4.334,4.814
3220,DATA_20260321_130000.BIN,0.8412,7.7911,1.7248,7.7911,2.4750,1,3.492,3.711
3221,DATA_20260321_130000.BIN,1.8814,6.4508,0.2356,6.4508,7.8100,1,5.199,5.239
3222,DATA_20260321_130000.BIN,0.6969,6.3670,0.8617,6.3670,1.5950,1,1.997,2.159
3223,DATA_20260321_130000.BIN,0.8617,6.1950,0.7692,6.1950,1.2980,1,3.570,3.571
3224,DATA_20260321_130000.BIN,0.7692,7.5660,2.3859,7.5660,5.5990,1,2.482,2.496
3225,DATA_20260321_130000.BIN,4.8576,11.1603,6.3718,11.1603,1.1660,1,3.992,4.220
3226,DATA_20260321_130000.BIN,6.3718,12.9117,6.7963,12.9117,3.5200,1,5.246,5.491
3227,DATA_20260321_130000.BIN,6.7963,11.6946,7.9176,11.6946,2.3980,1,5.288,5.530
3228,DATA_20260321_130000.BIN,3.4801,8.6114,1.9099,8.6114,1.1330,1,2.495,2.798
3229,DATA_20260321_130000.BIN,1.9099,7.7338,1.8216,7.7338,1.1770,1,3.073,4.113
3230,DATA_20260321_130000.BIN,1.8216,6.9361,1.1442,6.9361,1.1440,1,2.331,2.981
3231,DATA_20260321_130000.BIN,1.1758,7.2177,2.5461,7.2177,1.1880,1,2.327,2.500
3232,DATA_20260321_130000.BIN,2.5461,7.8383,1.3508,7.8383,1.1880,1,0.656,2.120
3233,DATA_20260321_130000.BIN,1.3508,7.9579,2.0120,7.9579,1.1880,1,1.110,1.239
3234,DATA_20260321_130000.BIN,2.9031,10.0144,5.4398,10.0144,2.4640,1,0.640,1.278
3235,DATA_20260321_130000.BIN,5.4398,12.5669,4.1420,12.5669,2.5740,1,3.732,3.912
3236,DATA_20260321_130000.BIN,4.1420,10.6062,5.7361,10.6062,1.2210,1,1.939,1.939
3237,DATA_20260321_130000.BIN,5.7361,12.3130,5.5831,12.3130,3.9710,1,3.364,3.395
3238,DATA_20260321_130000.BIN,5.5831,10.1807,2.9379,10.1807,2.7500,1,2.444,4.242
3239,DATA_20260321_130000.BIN,2.9379,9.6277,0.9120,9.6277,3.8720,1,2.009,2.694
3240,DATA_20260321_130000.BIN,5.3377,9.0002,1.6059,9.0002,7.4140,1,2.277,3.510
3241,DATA_20260321_130000.BIN,1.6059,9.8030,5.4763,9.8030,2.8490,1,2.007,4.889
3242,DATA_20260321_130000.BIN,6.8713,11.9068,6.8712,11.9068,1.2650,1,4.282,4.391
3243,DATA_20260321_130000.BIN,6.8712,11.0068,0.5778,11.0068,2.7500,1,3.935,3.970
3244,DATA_20260321_130000.BIN,0.5778,8.7605,1.9836,8.7605,2.9150,1,5.005,5.050
3245,DATA_20260321_130000.BIN,5.3895,9.6424,1.6746,9.6424,2.7060,1,2.981,3.294
3246,DATA_20260321_130000.BIN,1.6746,8.0850,1.0295,8.0850,4.2020,1,2.710,2.735
3247,DATA_20260321_130000.BIN,3.8643,9.3529,3.0655,9.3529,2.7060,1,0.252,0.815
3248,DATA_20260321_130000.BIN,3.0655,7.4974,2.5508,7.4974,1.2870,1,0.787,3.535
3249,DATA_20260321_130000.BIN,2.5508,6.9527,0.4211,6.9527,2.2990,1,1.133,2.103
3250,DATA_20260321_130000.BIN,0.4211,5.4712,1.3978,5.4712,1.3860,1,3.541,3.649
3251,DATA_20260321_130000.BIN,1.3978,5.9058,1.6045,5.9058,1.3090,1,1.912,1.986
3252,DATA_20260321_130000.BIN,1.6045,7.2935,2.9304,7.2935,1.3310,1,1.607,1.742
3253,DATA_20260321_130000.BIN,2.9304,6.7388,2.1001,6.7388,1.2650,1,0.452,1.347
3254,DATA_20260321_130000.BIN,2.1001,6.2495,2.5230,6.2495,1.2870,1,0.902,0.903
3255,DATA_20260321_130000.BIN,1.5887,7.2849,1.2924,7.2849,4.4220,1,2.107,4.443
3256,DATA_20260321_130000.BIN,2.7640,6.4642,1.8671,6.4642,3.4760,1,0.616,0.618
3257,DATA_20260321_130000.BIN,1.0548,8.5313,2.1456,8.5313,3.1130,1,3.707,3.707
3258,DATA_20260321_130000.BIN,3.8771,8.2245,4.1846,8.2245,1.4960,1,2.054,2.193
3259,DATA_20260321_130000.BIN,6.4388,11.1090,3.8278,11.1090,1.7710,1,4.957,5.144
3260,DATA_20260321_130000.BIN,3.8278,7.6586,0.8624,7.6586,4.4000,1,2.175,2.176
3261,DATA_20260321_130000.BIN,0.2020,6.5628,3.0491,6.5628,4.0590,1,4.149,5.367
3262,DATA_20260321_140000.BIN,6.5546,9.4515,0.5294,9.4515,4.3340,1,6.951,9.236
3263,DATA_20260321_140000.BIN,0.5294,8.2525,0.0582,8.2525,4.2460,1,2.155,4.094
3264,DATA_20260321_140000.BIN,0.0582,6.6190,0.4881,6.6190,9.4160,1,1.257,1.407
3265,DATA_20260321_140000.BIN,0.4881,3.9250,1.2687,3.9250,6.9410,1,0.647,1.039
3266,DATA_20260321_140000.BIN,1.2687,4.4582,1.5521,4.4582,5.1040,1,0.433,2.124
3267,DATA_20260321_140000.BIN,1.5521,4.1357,0.5579,4.1357,2.2990,1,2.802,3.599
3268,DATA_20260321_140000.BIN,0.5579,10.1310,0.7065,10.1310,7.7880,1,1.000,1.978
3269,DATA_20260321_140000.BIN,0.7065,8.1716,4.1915,8.1716,4.4440,1,1.763,2.294
3270,DATA_20260321_140000.BIN,4.1915,7.2620,1.4837,7.2620,2.7060,1,5.010,5.068
3271,DATA_20260321_140000.BIN,1.4837,6.6067,3.2364,6.6067,1.8810,1,1.104,1.555
3272,DATA_20260321_140000.BIN,3.2364,7.3522,3.1664,7.3522,3.7510,1,2.870,2.995
3273,DATA_20260321_140000.BIN,3.1664,6.9744,4.0712,6.9744,3.7510,1,2.574,2.582
3274,DATA_20260321_140000.BIN,4.5148,13.4671,3.3947,13.4671,8.8110,1,5.197,6.774
3275,DATA_20260321_140000.BIN,3.3947,7.6692,0.3176,7.6692,8.8880,1,3.178,3.315
3276,DATA_20260321_140000.BIN,0.3176,8.4307,1.1008,8.4307,8.5030,1,1.471,5.213
3277,DATA_20260321_140000.BIN,1.1008,6.9373,0.2911,6.9373,5.6320,1,2.052,3.624
3278,DATA_20260321_140000.BIN,0.2911,4.2029,0.8372,4.2029,1.6610,1,1.442,1.670
3279,DATA_20260321_140000.BIN,0.8372,5.9800,1.2548,5.9800,1.4740,1,1.387,2.133
3280,DATA_20260321_140000.BIN,1.2548,4.0526,0.9077,4.0526,1.3310,1,0.469,0.732
3281,DATA_20260321_140000.BIN,0.9077,3.6380,0.8627,3.6380,5.1700,1,0.468,0.501
3282,DATA_20260321_140000.BIN,0.8627,6.6640,1.5426,6.6640,5.7750,1,0.857,0.905
3283,DATA_20260321_140000.BIN,1.5426,6.4480,3.7264,6.4480,5.6980,1,0.963,2.764
3284,DATA_20260321_140000.BIN,2.2098,11.3933,3.4773,11.3933,4.2240,1,2.318,2.374
3285,DATA_20260321_140000.BIN,3.4773,6.4904,1.8298,6.4904,1.2650,1,3.834,4.103
3286,DATA_20260321_140000.BIN,1.8298,5.7647,0.2944,5.7647,1.2980,1,1.216,1.583
3287,DATA_20260321_140000.BIN,0.2944,6.0293,1.5045,6.0293,2.0900,1,1.122,3.332
3288,DATA_20260321_140000.BIN,1.5045,4.5553,1.3801,4.5553,1.1660,1,1.524,2.628
3289,DATA_20260321_140000.BIN,1.3801,4.5097,1.7770,4.5097,1.2320,1,1.420,2.485
3290,DATA_20260321_140000.BIN,0.9876,4.6853,2.0319,4.6853,4.4660,1,2.062,2.143
3291,DATA_20260321_140000.BIN,2.0319,15.3639,5.4539,15.3639,6.5890,1,2.545,2.764
3292,DATA_20260321_140000.BIN,5.4539,10.3980,6.9458,10.3980,3.1020,1,5.593,5.843
3293,DATA_20260321_140000.BIN,6.9458,11.4952,2.9371,11.4952,4.8400,1,6.534,6.557
3294,DATA_20260321_140000.BIN,2.9371,5.9391,2.6012,5.9391,1.6500,1,1.336,3.385
3295,DATA_20260321_140000.BIN,2.6012,8.3567,3.9484,8.3567,2.0680,1,0.826,3.150
3296,DATA_20260321_140000.BIN,3.9484,7.0214,2.5014,7.0214,2.8820,1,2.396,2.787
3297,DATA_20260321_140000.BIN,2.5014,8.2802,4.0214,8.2802,3.6960,1,0.785,1.780
3298,DATA_20260321_140000.BIN,4.5604,8.5889,1.8355,8.5889,1.2650,1,4.818,5.014
3299,DATA_20260321_140000.BIN,1.8355,7.5205,0.8308,7.5205,1.4740,1,0.490,1.163
3300,DATA_20260321_140000.BIN,1.3811,4.5327,1.6240,4.5327,3.1790,1,2.757,2.852
3301,DATA_20260321_140000.BIN,1.2107,8.2225,3.1162,8.2225,2.2770,1,2.011,3.792
3302,DATA_20260321_140000.BIN,4.3955,7.6210,1.0175,7.6210,1.9360,1,3.130,4.700
3303,DATA_20260321_140000.BIN,1.0175,5.3448,1.4846,5.3448,2.6950,1,1.510,4.651
3304,DATA_20260321_140000.BIN,1.4846,5.3749,1.6643,5.3749,2.0020,1,2.385,3.649
3305,DATA_20260321_140000.BIN,1.6643,4.6046,0.3199,4.6046,3.5420,1,0.188,4.476
3306,DATA_20260321_140000.BIN,0.8305,11.8529,1.2390,11.8529,2.0680,1,1.782,3.210
3307,DATA_20260321_140000.BIN,1.2390,5.6990,1.7368,5.6990,3.2780,1,1.339,4.162
3308,DATA_20260321_140000.BIN,1.7368,6.2414,1.9059,6.2414,2.0460,1,1.344,3.520
3309,DATA_20260321_140000.BIN,1.9059,11.4996,7.2022,11.4996,6.6770,1,0.431,1.195
3310,DATA_20260321_140000.BIN,7.2022,11.4654,9.1051,11.4654,3.2340,1,6.506,6.535
3311,DATA_20260321_140000.BIN,9.1051,11.7074,5.7085,11.7074,5.1810,1,11.002,11.268
3312,DATA_20260321_140000.BIN,2.0462,10.2891,2.3306,10.2891,7.5570,1,0.022,3.305
3313,DATA_20260321_140000.BIN,2.3306,5.5509,1.5701,5.5509,2.3540,1,4.148,4.152
3314,DATA_20260321_140000.BIN,1.8482,5.3011,1.4603,5.3011,8.9430,1,3.880,4.652
3315,DATA_20260321_140000.BIN,1.4603,5.1020,0.7050,5.1020,4.5650,1,3.114,4.098
3316,DATA_20260321_140000.BIN,0.7050,7.3637,2.3859,7.3637,8.8220,1,0.939,1.037
3317,DATA_20260321_140000.BIN,0.3764,7.4717,2.1457,7.4717,4.0370,1,1.444,3.450
3318,DATA_20260321_140000.BIN,2.1457,6.4368,0.4377,6.4368,4.5210,1,1.878,5.363
3319,DATA_20260321_140000.BIN,1.7549,4.7210,0.9535,4.7210,6.9630,1,1.751,2.533
3320,DATA_20260321_140000.BIN,0.3903,5.7236,1.2273,5.7236,2.6070,1,1.414,1.610
3321,DATA_20260321_140000.BIN,2.4955,5.7204,1.4874,5.7204,1.2540,1,3.867,4.259
3322,DATA_20260321_140000.BIN,0.8235,4.1985,0.3306,4.1985,3.0910,1,1.560,2.250
3323,DATA_20260321_140000.BIN,1.1354,4.4881,0.9245,4.4881,3.6960,1,1.192,1.460
3324,DATA_20260321_140000.BIN,0.3341,3.1653,0.8625,3.1653,4.5540,1,0.227,0.927
3325,DATA_20260321_140000.BIN,0.8625,4.9124,0.5477,4.9124,6.3250,1,1.171,2.462
3326,DATA_20260321_140000.BIN,0.5477,6.2991,2.7860,6.2991,2.2880,1,1.017,2.615
3327,DATA_20260321_140000.BIN,0.1153,5.1295,0.1375,5.1295,4.5430,1,0.514,2.196
3328,DATA_20260321_140000.BIN,0.1375,4.9895,1.2018,4.9895,4.0150,1,0.507,0.522
3329,DATA_20260321_140000.BIN,1.1340,5.0514,0.1236,5.0514,9.1080,1,1.479,1.480
3330,DATA_20260321_140000.BIN,0.1236,4.6531,0.4700,4.6531,7.4580,1,0.413,4.249
3331,DATA_20260321_140000.BIN,0.4700,6.0953,0.4448,6.0953,4.2240,1,0.640,2.176
3332,DATA_20260321_140000.BIN,0.4448,3.5007,1.0270,3.5007,3.6410,1,0.401,0.969
3333,DATA_20260321_140000.BIN,1.0270,4.2902,0.7856,4.2902,7.9640,1,0.962,1.144
3334,DATA_20260321_140000.BIN,1.9033,7.0152,2.3592,7.0152,4.0040,1,2.082,2.858
3335,DATA_20260321_140000.BIN,2.1921,7.5777,2.1243,7.5777,2.7500,1,2.094,5.018
3336,DATA_20260321_140000.BIN,0.3310,5.8537,0.7875,5.8537,1.5070,1,1.012,1.015
3337,DATA_20260321_140000.BIN,0.7875,2.9144,0.5718,2.9144,1.6170,1,1.432,1.567
3338,DATA_20260321_140000.BIN,0.5744,5.6190,0.1066,5.6190,4.3230,1,0.809,5.196
3339,DATA_20260321_140000.BIN,0.2324,5.1210,1.6112,5.1210,1.4080,1,0.097,3.655
3340,DATA_20260321_140000.BIN,0.5172,9.5163,4.7822,9.5163,3.9600,1,0.908,2.968
3341,DATA_20260321_140000.BIN,4.7822,8.8292,0.9086,8.8292,3.1570,1,5.230,5.278
3342,DATA_20260321_140000.BIN,1.3059,6.2482,0.6282,6.2482,7.4910,1,0.719,2.785
3343,DATA_20260321_140000.BIN,0.2227,5.6617,2.7333,5.6617,9.2510,1,0.957,0.976
3344,DATA_20260321_140000.BIN,1.3011,7.4271,2.1032,7.4271,4.1690,1,1.021,1.184
3345,DATA_20260321_140000.BIN,2.1032,7.9288,4.0458,7.9288,4.5540,1,1.777,4.086
3346,DATA_20260321_140000.BIN,4.1419,10.7531,4.6024,10.7531,3.2340,1,3.813,4.083
3347,DATA_20260321_140000.BIN,4.6024,8.9891,1.9599,8.9891,4.2350,1,4.004,4.136
3348,DATA_20260321_140000.BIN,1.7867,6.3479,2.8721,6.3479,4.2240,1,1.470,2.045
3349,DATA_20260321_140000.BIN,1.3632,10.2464,5.0263,10.2464,2.1120,1,0.547,2.130
3350,DATA_20260321_140000.BIN,3.6683,8.3738,4.1526,8.3738,1.1990,1,2.884,2.940
3351,DATA_20260321_140000.BIN,4.9182,10.8355,8.0116,10.8355,2.3540,1,4.143,5.215
3352,DATA_20260321_140000.BIN,2.8690,6.0594,3.1003,6.0594,2.3760,1,2.169,3.213
3353,DATA_20260321_140000.BIN,3.1003,9.6140,2.8818,9.6140,1.2540,1,1.910,1.926
3354,DATA_20260321_140000.BIN,2.8818,7.8196,3.6022,7.8196,2.6730,1,0.999,2.762
3355,DATA_20260321_140000.BIN,3.6022,6.0146,2.5127,6.0146,2.9810,1,2.967,3.272
3356,DATA_20260321_140000.BIN,2.5127,5.0808,2.3407,5.0808,6.9190,1,0.717,1.456
3357,DATA_20260321_140000.BIN,2.3407,6.4803,2.8900,6.4803,8.1950,1,1.110,3.103
3358,DATA_20260321_140000.BIN,2.8900,8.7863,4.8451,8.7863,5.6210,1,1.983,3.052
3359,DATA_20260321_140000.BIN,4.8451,7.4672,3.0339,7.4672,7.9750,1,3.018,3.800
3360,DATA_20260321_140000.BIN,3.0339,6.8438,1.8577,6.8438,5.6210,1,0.638,6.126
3361,DATA_20260321_140000.BIN,1.8577,6.8071,2.9623,6.8071,5.3570,1,0.859,3.424
3362,DATA_20260321_140000.BIN,2.8349,12.1997,4.7812,12.1997,5.0380,1,1.115,2.548
3363,DATA_20260321_140000.BIN,4.7812,9.4566,1.1090,9.4566,3.7180,1,2.901,3.081
3364,DATA_20260321_140000.BIN,1.1090,5.8256,2.0926,5.8256,3.7070,1,3.305,3.638
3365,DATA_20260321_140000.BIN,2.0926,6.5405,1.2677,6.5405,2.3760,1,5.132,6.941
3366,DATA_20260321_140000.BIN,5.4522,13.2783,6.7089,13.2783,6.5780,1,4.084,4.358
3367,DATA_20260321_140000.BIN,6.7089,11.4220,2.1225,11.4220,6.0940,1,5.232,5.248
3368,DATA_20260321_140000.BIN,2.1225,10.6385,5.8721,10.6385,3.6960,1,0.739,2.067
3369,DATA_20260321_140000.BIN,3.2116,13.3750,6.3722,13.3750,5.4560,1,1.975,2.856
3370,DATA_20260321_140000.BIN,1.6734,6.6057,0.7917,6.6057,3.2340,1,1.274,3.920
3371,DATA_20260321_140000.BIN,1.0235,4.9658,1.8629,4.9658,9.8780,1,4.106,4.174
3372,DATA_20260321_140000.BIN,1.8629,4.2681,0.2264,4.2681,8.7780,1,3.271,5.080
3373,DATA_20260321_140000.BIN,0.4648,6.3660,1.0923,6.3660,8.9540,1,1.991,4.410
3374,DATA_20260321_140000.BIN,1.0923,6.5400,3.5269,6.5400,3.7290,1,3.339,4.043
3375,DATA_20260321_140000.BIN,3.5269,9.6213,0.5971,9.6213,2.7060,1,4.479,4.486
3376,DATA_20260321_140000.BIN,0.5971,7.9070,0.2441,7.9070,7.5790,1,0.975,1.309
3377,DATA_20260321_140000.BIN,0.2441,4.8203,0.5968,4.8203,5.4670,1,1.534,8.456
3378,DATA_20260321_140000.BIN,0.6292,4.6762,0.1603,4.6762,7.6890,1,0.736,1.354
3379,DATA_20260321_140000.BIN,0.4220,3.9098,1.6401,3.9098,4.5870,1,1.321,2.986
3380,DATA_20260321_140000.BIN,3.4186,10.2258,0.4770,10.2258,7.0510,1,3.986,4.069
3381,DATA_20260321_140000.BIN,0.4770,4.7177,1.0865,4.7177,3.1680,1,1.705,2.401
3382,DATA_20260321_140000.BIN,2.1749,7.0864,2.1491,7.0864,2.3870,1,3.459,3.462
3383,DATA_20260321_140000.BIN,2.1491,11.2827,0.7832,11.2827,4.4110,1,3.097,3.629
3384,DATA_20260321_140000.BIN,0.7832,5.9797,0.5861,5.9797,2.8270,1,1.129,3.947
3385,DATA_20260321_140000.BIN,0.5861,4.6947,1.2660,4.6947,2.6510,1,0.809,6.144
3386,DATA_20260321_140000.BIN,1.2660,8.5675,2.6463,8.5675,3.1130,1,1.899,2.786
3387,DATA_20260321_140000.BIN,2.6463,9.7713,0.1749,9.7713,5.0820,1,3.149,3.762
3388,DATA_20260321_140000.BIN,0.1749,7.8038,3.8418,7.8038,3.6630,1,0.382,1.434
3389,DATA_20260321_140000.BIN,3.8418,9.5214,2.9781,9.5214,3.5310,1,4.261,5.188
3390,DATA_20260321_140000.BIN,2.9781,6.4790,1.6648,6.4790,1.7710,1,2.951,3.084
3391,DATA_20260321_140000.BIN,2.1701,6.5891,1.8014,6.5891,1.7490,1,2.616,2.766
3392,DATA_20260321_140000.BIN,1.8014,6.9609,1.9211,6.9609,1.7600,1,1.317,1.604
3393,DATA_20260321_140000.BIN,1.9211,7.8836,0.6044,7.8836,5.4120,1,1.223,2.890
3394,DATA_20260321_140000.BIN,0.6044,5.9772,3.5975,5.9772,4.3780,1,1.920,5.650
3395,DATA_20260321_140000.BIN,3.5975,7.2113,0.3160,7.2113,6.8750,1,4.144,4.679
3396,DATA_20260321_140000.BIN,0.3160,10.1170,1.4920,10.1170,4.1250,1,1.254,1.947
3397,DATA_20260321_140000.BIN,1.4920,7.9106,1.1619,7.9106,7.8870,1,1.926,3.958
3398,DATA_20260321_140000.BIN,0.6456,4.4077,0.9161,4.4077,3.6740,1,0.382,2.043
3399,DATA_20260321_140000.BIN,0.9161,7.5449,4.0275,7.5449,5.7750,1,0.915,1.989
3400,DATA_20260321_140000.BIN,4.0275,8.5598,0.5948,8.5598,9.3940,1,4.292,4.959
3401,DATA_20260321_140000.BIN,1.8305,6.0575,1.7783,6.0575,6.7870,1,2.398,4.844
3402,DATA_20260321_140000.BIN,0.9576,4.6350,1.7386,4.6350,2.4310,1,0.457,2.920
3403,DATA_20260321_140000.BIN,1.7386,4.0887,0.3302,4.0887,1.5070,1,1.467,1.673
3404,DATA_20260321_140000.BIN,0.3302,3.8180,0.7648,3.8180,3.7620,1,1.297,1.604
3405,DATA_20260321_140000.BIN,0.9670,11.9724,9.0246,11.9724,3.0910,1,0.963,2.873
3406,DATA_20260321_140000.BIN,7.0642,10.8126,2.2456,10.8126,5.1590,1,7.462,7.687
3407,DATA_20260321_140000.BIN,2.2456,10.1770,4.9218,10.1770,1.4630,1,1.526,1.533
3408,DATA_20260321_140000.BIN,4.9218,16.4307,7.1339,16.4307,2.1670,1,4.022,4.490
3409,DATA_20260321_140000.BIN,5.6291,10.7732,6.6059,10.7732,3.5090,1,5.052,5.419
3410,DATA_20260321_140000.BIN,6.6059,15.0357,1.9720,15.0357,2.0680,1,6.644,6.647
3411,DATA_20260321_140000.BIN,1.9720,6.7842,1.4900,6.7842,1.2210,1,2.906,5.454
3412,DATA_20260321_140000.BIN,0.3756,6.9490,1.4794,6.9490,2.0130,1,2.308,2.448
3413,DATA_20260321_140000.BIN,1.4794,5.5345,0.7694,5.5345,1.1880,1,3.066,3.366
3414,DATA_20260321_140000.BIN,0.7694,4.2541,0.5023,4.2541,3.2560,1,2.781,2.788
3415,DATA_20260321_140000.BIN,0.7370,7.4478,1.3457,7.4478,5.1260,1,2.102,2.859
3416,DATA_20260321_140000.BIN,1.6950,8.6412,2.4576,8.6412,8.3050,1,2.294,4.545
3417,DATA_20260321_140000.BIN,2.4576,6.3184,3.1398,6.3184,2.3100,1,2.057,2.074
3418,DATA_20260321_140000.BIN,4.1176,10.0416,4.9168,10.0416,3.4760,1,3.522,5.509
3419,DATA_20260321_140000.BIN,4.9168,8.1487,1.3760,8.1487,7.0070,1,3.896,4.875
3420,DATA_20260321_140000.BIN,1.3760,7.2343,1.1186,7.2343,1.7710,1,2.256,2.571
3421,DATA_20260321_140000.BIN,1.1186,11.3591,0.8826,11.3591,5.3240,1,2.410,4.784
3422,DATA_20260321_140000.BIN,0.8826,11.5738,6.1228,11.5738,4.1470,1,2.385,3.876
3423,DATA_20260321_140000.BIN,6.1228,9.2107,4.6497,9.2107,4.1580,1,5.884,5.884
3424,DATA_20260321_140000.BIN,4.6497,11.3202,4.5996,11.3202,2.9700,1,3.444,3.712
3425,DATA_20260321_140000.BIN,4.5996,10.4942,0.1352,10.4942,4.3120,1,2.946,2.946
3426,DATA_20260321_140000.BIN,0.1352,7.5626,2.6864,7.5626,6.1600,1,2.753,3.382
3427,DATA_20260321_140000.BIN,2.6864,10.3036,7.5500,10.3036,4.4990,1,3.282,7.658
3428,DATA_20260321_140000.BIN,2.0403,4.7561,1.8396,4.7561,3.7070,1,2.061,3.882
3429,DATA_20260321_140000.BIN,1.8396,5.6123,1.9971,5.6123,6.1710,1,1.779,2.468
3430,DATA_20260321_140000.BIN,1.9971,4.7419,0.2651,4.7419,1.8700,1,1.624,3.428
3431,DATA_20260321_140000.BIN,0.2651,7.9989,1.9328,7.9989,1.7050,1,1.710,4.128
3432,DATA_20260321_140000.BIN,0.1604,3.3332,0.8678,3.3332,2.2770,1,1.872,2.098
3433,DATA_20260321_140000.BIN,1.0352,4.3038,0.7259,4.3038,3.1020,1,0.654,0.840
3434,DATA_20260321_140000.BIN,0.7259,3.0068,0.6848,3.0068,3.9930,1,0.782,1.377
3435,DATA_20260321_140000.BIN,2.2978,6.3240,3.2536,6.3240,1.4300,1,1.477,1.494
3436,DATA_20260321_140000.BIN,3.2536,6.0533,2.1854,6.0533,1.5400,1,2.478,2.546
3437,DATA_20260321_140000.BIN,2.3354,5.7611,2.8570,5.7611,1.5950,1,2.079,2.403
3438,DATA_20260321_140000.BIN,2.8570,7.8896,2.6275,7.8896,2.8270,1,1.970,2.034
3439,DATA_20260321_140000.BIN,2.6275,6.6070,1.4687,6.6070,1.7380,1,1.322,1.409
3440,DATA_20260321_140000.BIN,1.4687,12.7603,4.9837,12.7603,7.1610,1,0.941,1.884
3441,DATA_20260321_140000.BIN,3.0787,6.6557,3.5409,6.6557,3.0360,1,2.357,2.901
3442,DATA_20260321_140000.BIN,4.8875,8.3205,3.6016,8.3205,3.3440,1,3.840,3.922
3443,DATA_20260321_140000.BIN,2.6312,6.6291,1.5030,6.6291,3.7180,1,2.800,2.805
3444,DATA_20260321_140000.BIN,1.2534,12.4199,6.9614,12.4199,5.6650,1,3.550,6.621
3445,DATA_20260321_140000.BIN,6.9614,15.4527,2.2518,15.4527,3.2230,1,6.165,6.206
3446,DATA_20260321_140000.BIN,2.2518,6.6403,0.8738,6.6403,3.3550,1,2.028,3.543
3447,DATA_20260321_140000.BIN,0.8738,5.7160,1.2570,5.7160,3.7290,1,2.512,2.563
3448,DATA_20260321_140000.BIN,1.2570,4.9659,0.5276,4.9659,3.9820,1,1.514,1.988
3449,DATA_20260321_140000.BIN,0.5276,5.0840,2.0865,5.0840,4.3890,1,2.663,3.082
3450,DATA_20260321_140000.BIN,2.8233,9.5810,6.5430,9.5810,3.1900,1,1.827,2.829
3451,DATA_20260321_140000.BIN,6.5430,11.4294,4.4024,11.4294,6.9740,1,5.506,5.510
3452,DATA_20260321_140000.BIN,4.4024,7.5264,2.2151,7.5264,3.0690,1,2.820,3.287
3453,DATA_20260321_140000.BIN,1.6888,7.6453,3.6000,7.6453,4.3120,1,3.226,4.156
3454,DATA_20260321_140000.BIN,3.6000,7.1314,2.0452,7.1314,1.4520,1,2.510,2.689
3455,DATA_20260321_140000.BIN,2.1241,6.8049,1.3533,6.8049,1.2320,1,0.706,0.824
3456,DATA_20260321_140000.BIN,1.3533,6.4071,2.5913,6.4071,1.2430,1,1.179,1.193
3457,DATA_20260321_140000.BIN,2.5913,6.2468,1.5504,6.2468,1.1770,1,0.904,1.060
3458,DATA_20260321_140000.BIN,1.5504,6.3293,1.1687,6.3293,1.3640,1,0.907,1.158
3459,DATA_20260321_140000.BIN,1.1687,6.2635,1.7861,6.2635,1.3640,1,1.949,1.976
3460,DATA_20260321_140000.BIN,1.7861,5.2425,1.0900,5.2425,1.2650,1,0.306,0.400
3461,DATA_20260321_140000.BIN,1.0900,5.5652,1.5966,5.5652,1.2980,1,1.785,2.030
3462,DATA_20260321_140000.BIN,1.5966,4.7913,1.7904,4.7913,1.1770,1,2.021,2.174
3463,DATA_20260321_140000.BIN,1.7904,4.7257,2.0304,4.7257,1.2650,1,0.336,1.570
3464,DATA_20260321_140000.BIN,2.0304,7.1607,2.0205,7.1607,1.2650,1,1.959,2.916
3465,DATA_20260321_140000.BIN,2.0205,6.1857,1.8138,6.1857,1.2870,1,1.206,1.970
3466,DATA_20260321_140000.BIN,1.8138,5.7875,1.3851,5.7875,1.3200,1,0.647,1.657
3467,DATA_20260321_140000.BIN,1.3851,6.2167,2.3218,6.2167,1.3200,1,1.141,1.316
3468,DATA_20260321_140000.BIN,2.3218,5.4689,2.5142,5.4689,1.3860,1,0.896,0.928
3469,DATA_20260321_140000.BIN,2.5142,4.9865,1.3345,4.9865,1.4850,1,1.037,1.633
3470,DATA_20260321_140000.BIN,1.3345,5.5165,2.6895,5.5165,1.3750,1,0.567,0.572
3471,DATA_20260321_140000.BIN,2.6895,6.6734,2.9160,6.6734,1.4740,1,1.067,1.289
3472,DATA_20260321_140000.BIN,2.9160,5.6692,2.9142,5.6692,1.3640,1,1.332,1.563
3473,DATA_20260321_140000.BIN,2.9142,6.1409,2.9307,6.1409,1.4080,1,1.119,1.640
3474,DATA_20260321_140000.BIN,2.8018,5.9503,1.3257,5.9503,4.4880,1,1.154,1.154
3475,DATA_20260321_140000.BIN,1.3257,4.0411,0.2677,4.0411,9.0420,1,0.897,2.486
3476,DATA_20260321_140000.BIN,0.8165,4.4796,0.7530,4.4796,1.4190,1,2.718,3.228
3477,DATA_20260321_140000.BIN,0.7530,5.1434,0.9905,5.1434,2.4090,1,2.743,3.197
3478,DATA_20260321_140000.BIN,0.9905,4.9154,0.8948,4.9154,1.4080,1,1.778,2.988
3479,DATA_20260321_140000.BIN,0.8948,6.4343,1.2347,6.4343,1.2540,1,1.714,3.014
3480,DATA_20260321_140000.BIN,0.2774,6.5011,2.4421,6.5011,1.2650,1,1.040,2.024
3481,DATA_20260321_140000.BIN,1.1771,4.8896,0.8448,4.8896,3.2670,1,0.105,3.004
3482,DATA_20260321_140000.BIN,0.8448,10.9927,3.3333,10.9927,2.9260,1,1.538,1.758
3483,DATA_20260321_140000.BIN,3.3333,7.6033,0.5570,7.6033,2.0790,1,2.774,2.890
3484,DATA_20260321_140000.BIN,0.5570,5.1297,1.3931,5.1297,2.9150,1,0.761,1.679
3485,DATA_20260321_140000.BIN,1.3931,14.3130,8.2148,14.3130,5.5220,1,0.547,3.470
3486,DATA_20260321_140000.BIN,8.2148,18.9258,13.7833,18.9258,4.1910,1,9.146,9.903
3487,DATA_20260321_140000.BIN,13.7833,19.6927,9.8275,19.6927,1.9910,1,14.981,15.042
3488,DATA_20260321_140000.BIN,10.2634,17.1658,10.8682,17.1658,3.2560,1,9.486,9.493
3489,DATA_20260321_140000.BIN,12.8429,18.2543,8.5605,18.2543,3.2560,1,15.113,15.127
3490,DATA_20260321_140000.BIN,16.9261,21.3172,12.1307,21.3172,4.1470,1,19.683,19.911
3491,DATA_20260321_140000.BIN,8.0127,11.1171,8.2528,11.1171,3.6300,1,6.447,11.582
3492,DATA_20260321_140000.BIN,8.2528,11.4109,7.2733,11.4109,2.8930,1,7.800,10.993
3493,DATA_20260321_140000.BIN,7.2733,10.7200,6.2549,10.7200,4.4770,1,5.305,7.066
3494,DATA_20260321_140000.BIN,6.2549,9.3195,0.2964,9.3195,4.9390,1,2.687,5.365
3495,DATA_20260321_140000.BIN,0.2964,5.8795,0.6560,5.8795,1.6390,1,4.686,5.505
3496,DATA_20260321_140000.BIN,0.6560,8.9011,0.6996,8.9011,6.7870,1,3.843,4.067
3497,DATA_20260321_140000.BIN,2.9111,7.5069,0.8588,7.5069,4.3120,1,4.620,5.310
3498,DATA_20260321_140000.BIN,0.9906,4.3202,1.0746,4.3202,2.1890,1,4.608,4.763
3499,DATA_20260321_140000.BIN,1.0746,6.7550,3.5560,6.7550,4.1140,1,2.183,2.414
3500,DATA_20260321_140000.BIN,3.5560,8.2893,0.4671,8.2893,3.7510,1,1.673,1.675
3501,DATA_20260321_140000.BIN,0.5405,3.5630,0.6523,3.5630,1.7930,1,3.664,3.961
3502,DATA_20260321_140000.BIN,0.6523,4.9903,0.5205,4.9903,3.1570,1,3.011,5.821
3503,DATA_20260321_140000.BIN,0.5205,7.4595,1.5406,7.4595,2.1780,1,2.018,2.475
3504,DATA_20260321_140000.BIN,1.5406,7.7272,2.7868,7.7272,2.4310,1,1.026,1.423
3505,DATA_20260321_140000.BIN,2.7868,8.8500,1.7145,8.8500,2.3320,1,3.400,3.404
3506,DATA_20260321_140000.BIN,1.7145,10.0655,7.3701,10.0655,3.7840,1,3.536,3.755
3507,DATA_20260321_140000.BIN,7.6781,10.7252,1.1174,10.7252,4.2020,1,8.614,8.629
3508,DATA_20260321_140000.BIN,0.4285,3.8960,0.6839,3.8960,1.9910,1,2.232,2.232
3509,DATA_20260321_140000.BIN,1.0335,6.7817,0.9509,6.7817,2.8270,1,2.927,3.339
3510,DATA_20260321_140000.BIN,0.9509,8.6855,2.6014,8.6855,2.4640,1,2.399,7.924
3511,DATA_20260321_140000.BIN,0.3348,13.0221,0.8620,13.0221,4.4770,1,1.599,2.499
3512,DATA_20260321_140000.BIN,0.8620,3.7023,0.7485,3.7023,2.7280,1,1.375,1.431
3513,DATA_20260321_140000.BIN,0.7485,7.5959,3.2390,7.5959,2.2000,1,0.873,5.264
3514,DATA_20260321_140000.BIN,3.2390,13.0263,0.7470,13.0263,7.4140,1,4.602,4.607
3515,DATA_20260321_140000.BIN,1.1768,6.4774,0.2671,6.4774,2.5520,1,1.561,1.576
3516,DATA_20260321_140000.BIN,1.7474,5.1781,0.8958,5.1781,2.8380,1,1.370,3.041
3517,DATA_20260321_140000.BIN,0.9601,5.8982,0.4718,5.8982,4.5540,1,0.586,0.603
3518,DATA_20260321_140000.BIN,0.4718,4.1971,0.2711,4.1971,3.9380,1,1.357,1.908
3519,DATA_20260321_140000.BIN,0.4427,3.4645,0.6469,3.4645,5.7750,1,0.512,1.205
3520,DATA_20260321_140000.BIN,0.6469,4.1033,1.7488,4.1033,6.6440,1,0.628,0.840
3521,DATA_20260321_140000.BIN,1.7488,4.5878,2.2367,4.5878,2.7610,1,1.676,2.972
3522,DATA_20260321_140000.BIN,0.2550,12.7355,2.8903,12.7355,7.4140,1,0.441,0.511
3523,DATA_20260321_140000.BIN,1.6614,4.6830,1.1448,4.6830,1.8370,1,1.436,2.760
3524,DATA_20260321_140000.BIN,1.7236,6.1383,1.5532,6.1383,1.7600,1,1.537,1.539
3525,DATA_20260321_140000.BIN,0.9277,7.3363,0.7338,7.3363,3.0800,1,1.190,1.484
3526,DATA_20260321_140000.BIN,0.7338,4.2761,0.5863,4.2761,2.6400,1,0.802,3.431
3527,DATA_20260321_140000.BIN,0.5863,4.3885,0.3099,4.3885,9.9000,1,1.205,1.217
3528,DATA_20260321_140000.BIN,0.3099,4.3496,0.4391,4.3496,3.0690,1,0.728,1.853
3529,DATA_20260321_140000.BIN,0.3720,2.5806,0.3116,2.5806,1.5510,1,0.916,1.298
3530,DATA_20260321_140000.BIN,0.3116,9.5682,1.0402,9.5682,9.5810,1,0.511,1.220
3531,DATA_20260321_140000.BIN,1.0402,16.3353,11.4239,16.3353,4.0370,1,0.996,1.429
3532,DATA_20260321_140000.BIN,11.4239,19.4938,16.1879,19.4938,1.5070,1,13.083,13.090
3533,DATA_20260321_140000.BIN,16.1879,23.7391,13.5948,23.7391,2.6180,1,17.509,17.514
3534,DATA_20260321_140000.BIN,7.1480,11.9488,5.1902,11.9488,7.7110,1,5.795,7.797
3535,DATA_20260321_140000.BIN,5.1902,11.1582,5.0151,11.1582,5.5990,1,2.737,6.067
3536,DATA_20260321_140000.BIN,1.7298,7.9911,3.3398,7.9911,1.5730,1,1.977,3.135
3537,DATA_20260321_140000.BIN,5.9549,9.2597,2.6999,9.2597,6.1050,1,3.930,3.985
3538,DATA_20260321_140000.BIN,0.7907,9.6764,1.5835,9.6764,4.5870,1,3.858,4.393
3539,DATA_20260321_140000.BIN,1.5835,7.1528,4.1072,7.1528,7.2380,1,5.107,7.778
3540,DATA_20260321_140000.BIN,3.4332,10.9046,6.4442,10.9046,4.0480,1,3.447,3.482
3541,DATA_20260321_140000.BIN,6.4442,9.2407,6.3664,9.2407,1.5180,1,6.308,6.411
3542,DATA_20260321_140000.BIN,6.3664,11.2512,5.8146,11.2512,3.9160,1,4.849,4.933
3543,DATA_20260321_140000.BIN,4.6225,10.3565,5.7947,10.3565,4.8950,1,4.135,4.740
3544,DATA_20260321_140000.BIN,4.7788,8.6418,4.8864,8.6418,3.0030,1,4.056,5.291
3545,DATA_20260321_140000.BIN,6.3871,9.5365,4.5688,9.5365,6.7210,1,4.171,4.324
3546,DATA_20260321_140000.BIN,3.0322,9.3126,6.6381,9.3126,5.5770,1,0.679,0.767
3547,DATA_20260321_140000.BIN,5.6592,11.4690,4.9359,11.4690,4.4990,1,2.651,2.729
3548,DATA_20260321_140000.BIN,3.1565,7.3752,1.0279,7.3752,2.5190,1,2.882,4.527
3549,DATA_20260321_140000.BIN,1.0279,6.2464,3.1477,6.2464,1.8480,1,3.844,5.851
3550,DATA_20260321_140000.BIN,3.1477,11.7205,3.5926,11.7205,9.8010,1,2.381,2.383
3551,DATA_20260321_140000.BIN,3.5926,8.9246,5.5650,8.9246,1.5070,1,1.609,2.452
3552,DATA_20260321_140000.BIN,5.5650,9.6988,4.8206,9.6988,4.8180,1,2.799,3.769
3553,DATA_20260321_140000.BIN,4.8206,8.1882,5.3546,8.1882,6.8420,1,1.661,2.356
3554,DATA_20260321_140000.BIN,5.3546,8.2175,5.1769,8.2175,4.5320,1,2.240,2.678
3555,DATA_20260321_140000.BIN,5.1769,9.0208,5.2334,9.0208,2.7280,1,2.023,3.815
3556,DATA_20260321_140000.BIN,5.2334,7.9316,2.3758,7.9316,7.2820,1,2.140,2.801
3557,DATA_20260321_140000.BIN,4.3788,10.3741,0.9379,10.3741,7.6120,1,1.254,1.440
3558,DATA_20260321_140000.BIN,1.2878,9.4096,2.9894,9.4096,9.4710,1,3.545,3.687
3559,DATA_20260321_140000.BIN,0.9048,15.0407,2.9149,15.0407,4.3450,1,3.312,4.937
3560,DATA_20260321_140000.BIN,2.9267,11.7586,2.6726,11.7586,7.1280,1,1.184,2.093
3561,DATA_20260321_140000.BIN,2.6726,6.5418,0.5911,6.5418,2.9700,1,0.889,1.284
3562,DATA_20260321_140000.BIN,0.5911,6.3172,2.3571,6.3172,1.5070,1,3.607,4.908
3563,DATA_20260321_140000.BIN,2.3571,7.4620,1.6272,7.4620,1.8370,1,0.785,2.332
3564,DATA_20260321_140000.BIN,1.6272,8.1759,4.1856,8.1759,5.2580,1,3.243,3.245
3565,DATA_20260321_140000.BIN,4.1856,7.0582,4.8469,7.0582,5.2030,1,3.389,3.624
3566,DATA_20260321_140000.BIN,4.8469,7.8369,3.7500,7.8369,2.2330,1,2.596,2.720
3567,DATA_20260321_140000.BIN,5.4902,7.9641,4.1101,7.9641,6.6440,1,3.036,3.894
3568,DATA_20260321_140000.BIN,4.1101,9.3679,6.0465,9.3679,6.8640,1,1.708,4.530
3569,DATA_20260321_140000.BIN,6.0465,8.7172,5.6467,8.7172,4.8950,1,3.428,4.518
3570,DATA_20260321_140000.BIN,5.6467,8.1184,0.6467,8.1184,4.2680,1,2.893,2.990
3571,DATA_20260321_140000.BIN,1.5683,9.7723,2.1148,9.7723,8.4150,1,4.696,5.671
3572,DATA_20260321_140000.BIN,2.1148,5.8641,3.2177,5.8641,6.3140,1,4.780,4.800
3573,DATA_20260321_140000.BIN,3.2177,8.7998,1.8605,8.7998,7.5020,1,4.479,4.908
3574,DATA_20260321_140000.BIN,9.3469,25.3945,18.4920,25.3945,4.0260,1,9.444,11.859
3575,DATA_20260321_140000.BIN,4.0332,15.2196,8.4427,15.2196,8.5030,1,1.411,2.440
3576,DATA_20260321_140000.BIN,7.9122,9.8454,6.9248,9.8454,3.3660,1,5.769,7.676
3577,DATA_20260321_140000.BIN,6.9248,9.4008,7.4393,9.4008,1.5840,1,4.719,4.722
3578,DATA_20260321_140000.BIN,7.4393,11.0031,3.7053,11.0031,4.1360,1,4.126,6.849
3579,DATA_20260321_140000.BIN,3.6966,18.2972,3.8601,18.2972,7.8430,1,1.482,2.988
3580,DATA_20260321_140000.BIN,8.3317,19.5011,10.6508,19.5011,2.5960,1,6.209,6.296
3581,DATA_20260321_140000.BIN,10.6508,13.7667,4.6720,13.7667,2.7830,1,8.797,10.191
3582,DATA_20260321_140000.BIN,4.6720,11.3648,6.9780,11.3648,2.6620,1,0.212,7.146
3583,DATA_20260321_140000.BIN,6.9780,10.4817,6.9907,10.4817,2.6730,1,2.599,2.770
3584,DATA_20260321_140000.BIN,6.9907,12.4563,5.2249,12.4563,6.3470,1,2.026,4.400
3585,DATA_20260321_140000.BIN,1.1713,6.5886,1.8605,6.5886,3.0470,1,5.052,5.348
3586,DATA_20260321_140000.BIN,1.8605,5.6652,1.3606,5.6652,1.1000,1,3.609,5.104
3587,DATA_20260321_140000.BIN,2.2801,5.1213,0.3758,5.1213,8.9210,1,5.232,5.305
3588,DATA_20260321_140000.BIN,0.3758,6.2052,0.6177,6.2052,4.4770,1,4.380,4.621
3589,DATA_20260321_140000.BIN,0.6177,9.0860,1.0306,9.0860,2.2440,1,5.026,5.964
3590,DATA_20260321_140000.BIN,1.0306,10.7084,2.5879,10.7084,5.4120,1,4.984,6.226
3591,DATA_20260321_140000.BIN,2.5879,9.5424,2.8731,9.5424,4.9170,1,2.489,3.528
3592,DATA_20260321_140000.BIN,2.8731,6.9559,1.7069,6.9559,5.0710,1,3.263,6.552
3593,DATA_20260321_140000.BIN,5.9785,9.1142,0.6294,9.1142,3.8280,1,3.960,4.073
3594,DATA_20260321_140000.BIN,0.6294,3.2895,0.7584,3.2895,8.0630,1,3.095,3.204
3595,DATA_20260321_140000.BIN,0.2397,4.8271,1.6845,4.8271,4.0150,1,3.326,7.103
3596,DATA_20260321_140000.BIN,1.6845,8.4969,5.3433,8.4969,6.9630,1,2.209,2.436
3597,DATA_20260321_140000.BIN,5.3433,9.9319,5.2200,9.9319,6.5670,1,3.485,4.429
3598,DATA_20260321_140000.BIN,5.2200,11.3677,5.3245,11.3677,6.8750,1,3.101,3.172
3599,DATA_20260321_140000.BIN,3.9299,8.0193,4.3086,8.0193,1.2540,1,2.342,3.433
3600,DATA_20260321_140000.BIN,4.3086,10.0472,1.4946,10.0472,6.0500,1,3.389,3.395
3601,DATA_20260321_140000.BIN,1.4946,6.0508,1.6458,6.0508,2.2220,1,2.931,3.226
3602,DATA_20260321_140000.BIN,3.6347,10.8887,6.9459,10.8887,3.2120,1,1.097,2.944
3603,DATA_20260321_140000.BIN,4.5672,8.9759,5.7480,8.9759,3.3440,1,2.107,10.181
3604,DATA_20260321_140000.BIN,2.3630,8.0103,2.8421,8.0103,7.5570,1,1.958,1.985
3605,DATA_20260321_140000.BIN,2.8421,5.1533,2.4864,5.1533,5.5990,1,0.082,0.282
3606,DATA_20260321_140000.BIN,3.1860,11.6721,4.8894,11.6721,3.8500,1,1.600,3.338
3607,DATA_20260321_140000.BIN,4.8894,9.0777,3.3020,9.0777,9.2400,1,2.946,3.073
3608,DATA_20260321_140000.BIN,7.8315,9.8469,6.5545,9.8469,5.3020,1,5.478,7.489
3609,DATA_20260321_140000.BIN,8.6172,14.0501,11.0729,14.0501,4.6750,1,5.980,6.813
3610,DATA_20260321_140000.BIN,6.4707,12.8939,9.5236,12.8939,8.8440,1,2.812,2.874
3611,DATA_20260321_140000.BIN,9.5236,13.3769,7.0063,13.3769,2.8270,1,6.072,6.550
3612,DATA_20260321_140000.BIN,10.7747,14.7619,2.5965,14.7619,8.0520,1,7.307,9.129
3613,DATA_20260321_140000.BIN,4.3854,15.0305,10.9973,15.0305,5.9510,1,1.453,1.519
3614,DATA_20260321_140000.BIN,10.9973,16.4873,12.8891,16.4873,3.8940,1,6.636,8.528
3615,DATA_20260321_150000.BIN,5.1861,12.5499,9.9538,12.5499,8.7010,1,9.691,11.736
3616,DATA_20260321_150000.BIN,9.9538,13.4521,2.0254,13.4521,4.8290,1,8.435,8.458
3617,DATA_20260321_150000.BIN,2.0254,7.7835,1.6675,7.7835,3.8940,1,8.226,9.372
3618,DATA_20260321_150000.BIN,1.6675,6.7672,1.5624,6.7672,1.8810,1,8.741,16.986
3619,DATA_20260321_150000.BIN,1.5624,6.0866,1.5185,6.0866,4.0480,1,8.568,10.604
3620,DATA_20260321_150000.BIN,1.5185,8.5734,3.9275,8.5734,6.6330,1,6.310,7.202
3621,DATA_20260321_150000.BIN,0.4524,3.0530,0.3772,3.0530,2.3320,1,6.570,7.432
3622,DATA_20260321_150000.BIN,0.5246,4.2390,0.6737,4.2390,4.1470,1,5.727,5.883
3623,DATA_20260321_150000.BIN,0.4496,3.3895,0.2985,3.3895,5.6100,1,5.729,5.753
