cycle_idx,source_file,p0_r,p3_r,p7_r,amplitude,duration_s,validated,tilt_deg,q_error_deg
0,DATA_20260319_055455.BIN,1.3384,4.9827,1.4139,4.9827,1.6940,1,3.698,4.633
1,DATA_20260319_055455.BIN,1.4139,5.9266,3.7301,5.9266,1.4300,1,3.065,4.700
2,DATA_20260319_055455.BIN,3.7301,10.1244,4.3753,10.1244,4.9390,1,1.056,4.084
3,DATA_20260319_055455.BIN,4.3753,7.6577,4.4002,7.6577,1.4300,1,0.817,1.170
4,DATA_20260319_055455.BIN,4.4002,8.2173,6.4472,8.2173,4.0480,1,0.964,1.365
5,DATA_20260319_055455.BIN,6.4472,8.8725,0.4048,8.8725,2.3650,1,3.858,6.303
6,DATA_20260319_055455.BIN,0.9175,4.4677,0.7699,4.4677,1.5290,1,5.010,5.462
7,DATA_20260319_055455.BIN,0.7699,5.5522,1.9425,5.5522,5.2360,1,4.487,5.344
8,DATA_20260319_055455.BIN,3.1711,5.3782,0.8367,5.3782,8.7450,1,7.051,11.109
9,DATA_20260319_055455.BIN,0.8367,3.8773,0.5828,3.8773,5.5220,1,3.906,8.442
10,DATA_20260319_055455.BIN,0.5828,4.7472,0.9840,4.7472,5.0820,1,3.204,5.293
11,DATA_20260319_055455.BIN,1.4760,3.6822,0.9573,3.6822,1.1880,1,1.900,1.916
12,DATA_20260319_055455.BIN,0.9573,3.1057,0.8230,3.1057,2.3650,1,1.340,4.631
13,DATA_20260319_055455.BIN,0.8230,2.9623,0.9285,2.9623,1.9360,1,1.988,3.143
14,DATA_20260319_055455.BIN,0.9285,2.7580,0.4731,2.7580,8.2170,1,0.796,2.949
15,DATA_20260319_055455.BIN,0.4731,5.1177,0.5374,5.1177,9.6690,1,1.886,12.317
16,DATA_20260319_055455.BIN,0.5374,3.2894,0.5958,3.2894,5.3240,1,1.880,3.815
17,DATA_20260319_055455.BIN,0.5958,13.1730,2.3004,13.1730,7.1170,1,1.714,3.346
18,DATA_20260319_055455.BIN,2.3004,4.5854,0.8023,4.5854,3.1900,1,1.551,2.450
19,DATA_20260319_060000.BIN,17.7053,25.0848,21.6522,25.0848,4.3340,1,18.198,19.616
20,DATA_20260319_060000.BIN,21.6522,27.7067,22.6076,27.7067,4.9720,1,9.269,9.578
21,DATA_20260319_060000.BIN,22.6076,27.4585,23.4667,27.4585,6.1050,1,6.351,6.539
22,DATA_20260319_060000.BIN,23.4667,28.2049,23.9330,28.2049,2.2660,1,6.939,11.039
23,DATA_20260319_060000.BIN,20.1293,23.3798,19.8039,23.3798,1.3750,1,8.275,10.222
24,DATA_20260319_060000.BIN,19.8039,25.9380,19.5713,25.9380,1.8150,1,7.782,8.336
25,DATA_20260319_060000.BIN,19.5713,23.0068,19.5909,23.0068,1.7600,1,9.734,10.155
26,DATA_20260319_060000.BIN,19.5909,24.3477,16.8337,24.3477,1.7600,1,6.678,7.337
27,DATA_20260319_060000.BIN,16.8337,22.8758,11.4445,22.8758,2.0680,1,9.148,9.688
28,DATA_20260319_060000.BIN,11.4445,21.0443,17.9411,21.0443,1.7490,1,24.288,26.463
29,DATA_20260319_060000.BIN,17.9411,28.3925,18.4610,28.3925,6.8750,1,4.398,4.469
30,DATA_20260319_060000.BIN,18.4610,24.6817,19.1705,24.6817,5.0490,1,4.550,5.365
31,DATA_20260319_060000.BIN,21.3664,30.1099,19.2783,30.1099,6.5780,1,5.284,8.157
32,DATA_20260319_060000.BIN,19.2783,22.9878,19.5325,22.9878,2.2440,1,5.652,5.681
33,DATA_20260319_060000.BIN,19.5325,22.9812,19.4129,22.9812,1.3750,1,3.907,3.907
34,DATA_20260319_060000.BIN,19.4129,24.6244,18.4081,24.6244,1.5730,1,2.919,3.267
35,DATA_20260319_060000.BIN,18.4081,23.8474,20.0085,23.8474,1.2980,1,2.932,3.439
36,DATA_20260319_060000.BIN,20.0085,23.8865,20.7106,23.8865,1.3750,1,1.714,2.186
37,DATA_20260319_060000.BIN,20.7106,26.2712,22.3899,26.2712,2.0020,1,2.056,2.889
38,DATA_20260319_060000.BIN,22.3899,26.4713,19.9296,26.4713,5.0710,1,19.108,21.614
39,DATA_20260319_060000.BIN,19.9296,24.4355,19.7666,24.4355,2.9810,1,4.786,5.295
40,DATA_20260319_060000.BIN,19.7666,25.6222,20.9399,25.6222,1.8700,1,1.180,2.819
41,DATA_20260319_060000.BIN,23.2352,33.9144,22.0008,33.9144,4.4770,1,4.651,5.262
42,DATA_20260319_060000.BIN,20.0346,24.2871,20.7611,24.2871,1.7710,1,0.984,3.687
43,DATA_20260319_060000.BIN,20.7611,25.3186,21.3603,25.3186,1.8150,1,1.095,3.739
44,DATA_20260319_060000.BIN,22.6553,28.3143,22.7068,28.3143,3.8720,1,3.821,3.835
45,DATA_20260319_060000.BIN,22.7068,26.4229,18.8304,26.4229,1.4740,1,2.436,2.539
46,DATA_20260319_060000.BIN,14.4590,21.9563,17.8679,21.9563,1.8810,1,7.454,7.798
47,DATA_20260319_060000.BIN,17.8679,20.5900,17.2944,20.5900,1.6280,1,2.670,5.568
48,DATA_20260319_060000.BIN,17.2944,21.2832,16.9593,21.2832,1.5180,1,3.296,4.278
49,DATA_20260319_060000.BIN,16.9593,21.7328,15.2696,21.7328,1.8480,1,2.797,2.797
50,DATA_20260319_060000.BIN,15.2696,21.1701,16.5259,21.1701,1.6390,1,5.292,6.299
51,DATA_20260319_060000.BIN,16.5259,22.9613,18.9064,22.9613,1.9360,1,2.936,2.984
52,DATA_20260319_060000.BIN,18.9064,23.6352,19.3065,23.6352,2.0350,1,0.359,1.317
53,DATA_20260319_060000.BIN,19.3065,23.5449,20.8578,23.5449,5.8300,1,0.977,1.435
54,DATA_20260319_060000.BIN,19.8805,27.5514,22.9123,27.5514,2.1340,1,1.543,2.338
55,DATA_20260319_060000.BIN,22.9123,26.9097,19.7317,26.9097,2.1120,1,5.027,5.038
56,DATA_20260319_060000.BIN,17.6206,23.4466,4.3688,23.4466,6.0830,1,13.375,13.377
57,DATA_20260319_060000.BIN,10.3556,19.0653,14.9853,19.0653,3.6190,1,13.472,26.799
58,DATA_20260319_060000.BIN,14.5526,25.6229,3.5287,25.6229,6.3580,1,7.617,18.760
59,DATA_20260319_060000.BIN,3.5287,7.7241,5.1252,7.7241,7.0620,1,19.342,27.558
60,DATA_20260319_060000.BIN,5.0754,9.6171,5.8019,9.6171,3.5090,1,15.755,19.390
61,DATA_20260319_060000.BIN,5.1573,7.8749,4.8430,7.8749,3.3990,1,13.224,16.548
62,DATA_20260319_060000.BIN,6.1659,8.9373,3.1106,8.9373,3.4320,1,10.258,12.627
63,DATA_20260319_060000.BIN,1.6904,8.4472,5.2053,8.4472,4.2020,1,16.586,21.048
64,DATA_20260319_060000.BIN,5.5880,9.4416,0.9226,9.4416,4.4770,1,7.968,11.011
65,DATA_20260319_060000.BIN,0.9226,7.0930,3.8515,7.0930,8.0520,1,14.027,16.028
66,DATA_20260319_060000.BIN,4.3464,7.0208,3.9468,7.0208,4.8070,1,7.713,9.961
67,DATA_20260319_060000.BIN,3.9468,8.9290,5.3271,8.9290,9.6470,1,10.411,12.351
68,DATA_20260319_060000.BIN,4.4285,7.4698,3.8285,7.4698,2.6730,1,7.593,10.374
69,DATA_20260319_060000.BIN,3.5773,6.6915,1.5792,6.6915,2.1340,1,6.742,8.139
70,DATA_20260319_060000.BIN,2.9595,6.5697,1.8821,6.5697,7.0620,1,6.743,10.000
71,DATA_20260319_060000.BIN,1.8821,8.5010,2.2316,8.5010,4.4440,1,7.911,10.420
72,DATA_20260319_060000.BIN,3.8263,9.3369,7.4869,9.3369,8.5250,1,3.907,6.694
73,DATA_20260319_060000.BIN,7.4869,10.5356,6.9470,10.5356,8.2940,1,2.751,2.754
74,DATA_20260319_060000.BIN,5.0086,7.4417,2.4049,7.4417,6.0830,1,10.193,12.706
75,DATA_20260319_060000.BIN,0.6757,3.7848,1.2728,3.7848,3.2890,1,7.894,9.310
76,DATA_20260319_060000.BIN,0.7051,3.3670,0.3871,3.3670,1.6060,1,7.506,7.508
77,DATA_20260319_060000.BIN,0.3871,7.6643,0.1791,7.6643,9.9440,1,6.330,6.847
78,DATA_20260319_060000.BIN,0.7826,3.6171,0.6250,3.6171,9.0860,1,5.128,5.203
79,DATA_20260319_060000.BIN,1.1286,5.7293,2.5928,5.7293,8.7560,1,4.583,7.462
80,DATA_20260319_060000.BIN,2.5928,6.4247,1.8711,6.4247,7.7550,1,2.064,4.420
81,DATA_20260319_060000.BIN,1.8711,5.4598,0.3611,5.4598,2.5960,1,3.663,3.672
82,DATA_20260319_060000.BIN,2.5748,4.5019,2.3093,4.5019,5.3130,1,2.104,4.769
83,DATA_20260319_060000.BIN,2.3093,9.7452,4.8084,9.7452,7.7880,1,3.207,3.345
84,DATA_20260319_060000.BIN,2.2903,8.7539,3.4721,8.7539,5.2800,1,2.934,3.939
85,DATA_20260319_060000.BIN,3.4721,7.1952,1.4945,7.1952,5.5330,1,1.202,2.037
86,DATA_20260319_060000.BIN,1.3634,6.9771,4.6021,6.9771,6.4130,1,4.176,4.410
87,DATA_20260319_060000.BIN,4.6021,6.3386,2.5626,6.3386,8.2060,1,3.805,4.389
88,DATA_20260319_060000.BIN,2.5626,6.1951,1.9245,6.1951,2.8050,1,3.391,3.649
89,DATA_20260319_060000.BIN,1.9245,5.4826,1.8424,5.4826,2.2770,1,3.583,3.642
90,DATA_20260319_060000.BIN,1.8424,5.3144,2.7593,5.3144,1.5840,1,5.083,6.013
91,DATA_20260319_060000.BIN,2.7593,6.7658,3.2106,6.7658,2.5740,1,4.277,6.279
92,DATA_20260319_060000.BIN,3.2106,5.8337,2.3238,5.8337,4.8840,1,3.538,5.701
93,DATA_20260319_060000.BIN,2.3238,7.3709,3.4423,7.3709,5.5990,1,1.057,1.755
94,DATA_20260319_060000.BIN,3.4423,6.4686,3.6761,6.4686,1.8370,1,4.134,5.612
95,DATA_20260319_060000.BIN,3.4048,6.5460,2.8082,6.5460,4.2460,1,1.913,2.707
96,DATA_20260319_060000.BIN,6.1216,10.5578,2.2428,10.5578,8.8770,1,5.648,6.178
97,DATA_20260319_060000.BIN,5.1586,7.6302,5.2797,7.6302,4.6860,1,3.758,3.971
98,DATA_20260319_060000.BIN,5.2797,7.4891,3.3823,7.4891,6.6880,1,3.207,3.636
99,DATA_20260319_060000.BIN,3.0915,7.3209,2.9643,7.3209,4.8510,1,1.217,1.229
100,DATA_20260319_060000.BIN,2.9643,5.9703,0.9488,5.9703,6.1270,1,2.392,2.791
101,DATA_20260319_060000.BIN,0.9488,3.3380,0.7573,3.3380,2.9590,1,3.319,4.257
102,DATA_20260319_060000.BIN,0.7573,3.2658,0.2815,3.2658,4.1910,1,4.354,4.485
103,DATA_20260319_060000.BIN,0.7060,4.1430,1.6733,4.1430,3.4320,1,2.890,2.897
104,DATA_20260319_060000.BIN,1.6733,4.1492,1.2481,4.1492,9.4710,1,0.849,1.912
105,DATA_20260319_060000.BIN,0.6222,3.3277,0.7713,3.3277,1.4740,1,4.033,5.782
106,DATA_20260319_060000.BIN,1.1280,5.5941,0.4415,5.5941,8.9870,1,3.927,5.314
107,DATA_20260319_060000.BIN,1.5656,5.7436,1.1749,5.7436,2.3430,1,0.694,4.769
108,DATA_20260319_060000.BIN,0.7481,5.2654,1.0543,5.2654,3.0910,1,2.911,2.955
109,DATA_20260319_060000.BIN,1.0543,4.0192,0.3115,4.0192,1.2430,1,3.218,3.838
110,DATA_20260319_060000.BIN,0.3115,5.7837,0.4449,5.7837,3.5970,1,2.054,2.702
111,DATA_20260319_060000.BIN,0.4449,8.1524,1.9947,8.1524,4.2460,1,1.754,2.183
112,DATA_20260319_060000.BIN,1.9947,4.9085,0.4556,4.9085,1.7270,1,4.689,6.318
113,DATA_20260319_060000.BIN,0.4556,6.9942,3.1866,6.9942,4.9280,1,2.197,2.838
114,DATA_20260319_060000.BIN,3.1866,11.5999,5.5841,11.5999,1.7380,1,4.587,5.752
115,DATA_20260319_060000.BIN,4.2350,8.4606,1.4659,8.4606,1.3090,1,8.734,8.921
116,DATA_20260319_060000.BIN,1.4659,11.7516,1.6079,11.7516,1.0560,1,4.573,8.776
117,DATA_20260319_060000.BIN,1.6079,12.0767,0.0711,12.0767,4.3120,1,3.369,5.024
118,DATA_20260319_060000.BIN,0.0711,12.2295,1.4133,12.2295,4.9060,1,2.146,3.514
119,DATA_20260319_060000.BIN,1.3410,10.1346,1.7713,10.1346,4.1580,1,7.179,10.578
120,DATA_20260319_060000.BIN,1.7713,6.8588,4.0375,6.8588,0.9020,1,2.808,7.450
121,DATA_20260319_060000.BIN,4.0375,7.0439,1.2528,7.0439,2.2330,1,6.290,6.291
122,DATA_20260319_060000.BIN,1.2528,8.5887,0.7507,8.5887,1.3530,1,3.661,4.078
123,DATA_20260319_060000.BIN,0.7507,7.6078,2.2507,7.6078,3.2120,1,2.290,4.328
124,DATA_20260319_060000.BIN,2.2507,5.4096,1.5070,5.4096,3.2670,1,7.839,11.118
125,DATA_20260319_060000.BIN,1.1126,7.4739,0.8302,7.4739,7.3480,1,1.945,2.145
126,DATA_20260319_060000.BIN,0.7196,5.7657,1.1631,5.7657,4.0810,1,2.054,2.780
127,DATA_20260319_060000.BIN,1.1631,7.3631,3.4008,7.3631,3.1680,1,0.795,2.483
128,DATA_20260319_060000.BIN,3.6472,16.1820,5.5306,16.1820,5.1150,1,4.879,4.882
129,DATA_20260319_060000.BIN,5.5306,8.3990,3.5063,8.3990,1.7380,1,4.714,6.504
130,DATA_20260319_060000.BIN,3.5063,15.9270,10.0443,15.9270,4.0590,1,0.700,4.484
131,DATA_20260319_060000.BIN,10.0443,13.2221,0.6600,13.2221,3.2450,1,14.565,14.606
132,DATA_20260319_060000.BIN,1.1582,4.0894,0.8524,4.0894,1.7820,1,2.234,6.073
133,DATA_20260319_060000.BIN,0.9736,3.7621,0.5830,3.7621,3.3550,1,1.572,3.500
134,DATA_20260319_060000.BIN,0.9464,4.5420,1.1717,4.5420,2.3210,1,4.182,4.337
135,DATA_20260319_060000.BIN,1.1717,4.1655,0.1966,4.1655,1.2430,1,2.623,2.722
136,DATA_20260319_060000.BIN,0.9870,4.9506,1.9719,4.9506,4.6090,1,2.846,2.915
137,DATA_20260319_060000.BIN,1.9719,6.4911,0.4386,6.4911,4.9610,1,2.012,2.144
138,DATA_20260319_060000.BIN,0.4386,5.1210,1.6695,5.1210,3.5310,1,2.166,2.413
139,DATA_20260319_060000.BIN,1.6695,8.5761,0.9341,8.5761,7.2270,1,1.338,1.344
140,DATA_20260319_060000.BIN,0.6623,4.6132,0.9003,4.6132,6.6990,1,1.661,1.668
141,DATA_20260319_060000.BIN,0.9003,4.8891,0.6524,4.8891,8.4700,1,3.105,3.207
142,DATA_20260319_060000.BIN,0.2378,4.4971,0.4077,4.4971,3.4210,1,0.884,1.164
143,DATA_20260319_060000.BIN,0.4077,5.2440,1.0907,5.2440,3.4210,1,0.859,1.208
144,DATA_20260319_060000.BIN,1.0907,6.1649,0.3838,6.1649,4.4880,1,1.744,1.753
145,DATA_20260319_060000.BIN,0.3838,3.9024,0.4406,3.9024,1.9910,1,1.645,3.034
146,DATA_20260319_060000.BIN,0.9733,5.6973,1.3621,5.6973,2.5630,1,2.183,2.230
147,DATA_20260319_060000.BIN,0.2163,4.2149,0.5751,4.2149,2.1890,1,1.113,1.231
148,DATA_20260319_060000.BIN,1.0208,4.4871,0.9905,4.4871,3.4650,1,1.657,1.663
149,DATA_20260319_060000.BIN,1.8376,6.4411,0.9950,6.4411,3.8390,1,3.709,5.423
150,DATA_20260319_060000.BIN,0.9950,6.3948,3.4344,6.3948,4.6860,1,2.066,2.855
151,DATA_20260319_060000.BIN,1.3741,6.4380,2.1327,6.4380,2.7500,1,3.037,3.755
152,DATA_20260319_060000.BIN,2.1327,7.0868,2.5095,7.0868,1.6940,1,6.931,10.005
153,DATA_20260319_060000.BIN,2.5095,6.4957,0.9756,6.4957,3.6300,1,3.607,3.974
154,DATA_20260319_060000.BIN,0.9756,10.2530,0.8159,10.2530,7.0510,1,2.355,2.614
155,DATA_20260319_060000.BIN,0.8159,4.1490,0.9266,4.1490,1.6280,1,3.832,7.431
156,DATA_20260319_060000.BIN,0.9266,8.1127,0.9837,8.1127,5.9180,1,2.003,2.713
157,DATA_20260319_060000.BIN,0.9837,4.1138,1.7259,4.1138,5.7860,1,2.444,4.322
158,DATA_20260319_060000.BIN,0.5986,6.5597,1.0933,6.5597,3.9930,1,9.048,14.954
159,DATA_20260319_060000.BIN,1.0933,4.8695,1.6857,4.8695,4.6310,1,9.481,14.660
160,DATA_20260319_060000.BIN,1.6857,9.3163,3.4782,9.3163,4.6090,1,7.892,15.194
161,DATA_20260319_060000.BIN,3.4782,10.8898,1.6798,10.8898,5.4560,1,5.980,6.371
162,DATA_20260319_060000.BIN,1.6798,16.3621,5.4524,16.3621,5.3240,1,3.789,4.634
163,DATA_20260319_060000.BIN,5.4524,9.3160,4.9504,9.3160,3.2670,1,5.163,6.230
164,DATA_20260319_060000.BIN,4.9504,11.7066,4.3295,11.7066,1.8590,1,3.641,5.060
165,DATA_20260319_060000.BIN,2.8970,13.5691,6.9542,13.5691,2.7500,1,3.141,3.321
166,DATA_20260319_060000.BIN,6.9542,12.1122,3.9838,12.1122,2.8160,1,8.704,8.722
167,DATA_20260319_060000.BIN,3.9838,16.9004,5.0239,16.9004,2.5960,1,3.712,3.797
168,DATA_20260319_060000.BIN,5.0239,10.0441,5.4558,10.0441,1.2100,1,4.914,5.098
169,DATA_20260319_060000.BIN,5.4558,7.4977,2.3325,7.4977,5.1920,1,4.523,4.524
170,DATA_20260319_060000.BIN,2.6919,5.4809,1.3922,5.4809,4.9720,1,2.176,3.233
171,DATA_20260319_060000.BIN,1.3922,5.4247,1.4593,5.4247,3.1570,1,4.606,4.607
172,DATA_20260319_060000.BIN,1.4593,5.6116,0.8578,5.6116,3.9270,1,3.073,4.704
173,DATA_20260319_060000.BIN,0.8578,12.8830,8.3937,12.8830,4.7520,1,7.893,11.855
174,DATA_20260319_060000.BIN,8.3937,12.1047,4.1038,12.1047,1.8810,1,3.630,9.242
175,DATA_20260319_060000.BIN,4.1038,8.5965,0.4698,8.5965,2.0900,1,3.882,3.882
176,DATA_20260319_060000.BIN,0.4698,7.9436,3.5388,7.9436,6.6220,1,5.140,5.381
177,DATA_20260319_060000.BIN,3.5388,7.7331,3.1599,7.7331,3.4540,1,6.716,6.736
178,DATA_20260319_060000.BIN,0.7784,4.6079,1.3185,4.6079,4.6640,1,2.280,2.969
179,DATA_20260319_060000.BIN,1.3185,5.0305,0.3620,5.0305,4.7080,1,3.946,3.972
180,DATA_20260319_060000.BIN,1.0837,3.5148,0.6342,3.5148,1.8920,1,4.112,4.178
181,DATA_20260319_060000.BIN,0.6342,11.1998,2.3592,11.1998,4.8400,1,4.457,5.073
182,DATA_20260319_060000.BIN,2.3592,3.0024,1.5947,3.0024,2.7060,1,4.108,4.805
183,DATA_20260319_060000.BIN,1.5947,9.0914,4.5988,9.0914,3.9600,1,2.589,2.712
184,DATA_20260319_060000.BIN,4.5988,8.3038,2.3275,8.3038,2.0240,1,7.257,7.310
185,DATA_20260319_060000.BIN,2.3275,5.5229,1.8150,5.5229,1.4740,1,3.713,3.715
186,DATA_20260319_060000.BIN,2.1366,5.6606,2.4793,5.6606,5.8960,1,3.801,3.887
187,DATA_20260319_060000.BIN,0.5292,4.7678,0.9322,4.7678,3.2120,1,1.535,1.726
188,DATA_20260319_060000.BIN,0.9322,4.0234,1.0106,4.0234,2.8270,1,2.556,3.707
189,DATA_20260319_060000.BIN,1.2102,5.9942,1.1520,5.9942,4.5760,1,1.056,1.056
190,DATA_20260319_060000.BIN,0.0798,7.3524,3.6254,7.3524,2.4310,1,1.221,1.895
191,DATA_20260319_060000.BIN,3.6254,7.9191,3.4255,7.9191,4.3670,1,4.055,6.011
192,DATA_20260319_060000.BIN,0.3038,4.1557,0.5080,4.1557,2.4530,1,2.354,3.925
193,DATA_20260319_060000.BIN,0.5080,4.1452,0.4184,4.1452,3.7510,1,1.624,1.743
194,DATA_20260319_060000.BIN,1.1573,7.2750,0.9670,7.2750,7.3700,1,3.213,3.932
195,DATA_20260319_060000.BIN,0.9670,4.5781,0.8456,4.5781,2.3210,1,1.202,1.205
196,DATA_20260319_060000.BIN,0.8456,8.6780,5.1255,8.6780,5.2140,1,1.715,2.059
197,DATA_20260319_060000.BIN,5.1255,11.4108,6.9641,11.4108,2.8600,1,7.164,7.185
198,DATA_20260319_060000.BIN,4.0128,6.5657,3.5296,6.5657,1.3200,1,3.719,3.970
199,DATA_20260319_060000.BIN,3.7579,9.1699,4.8930,9.1699,3.9050,1,4.229,4.260
200,DATA_20260319_060000.BIN,4.8930,8.0303,4.2508,8.0303,1.1660,1,6.136,6.349
201,DATA_20260319_060000.BIN,4.2508,9.8174,4.4063,9.8174,6.3470,1,3.845,3.859
202,DATA_20260319_060000.BIN,4.2466,7.7701,4.4178,7.7701,1.8700,1,1.469,3.024
203,DATA_20260319_060000.BIN,4.4178,10.3309,4.8516,10.3309,5.3240,1,1.572,2.762
204,DATA_20260319_060000.BIN,4.8516,8.6086,2.2435,8.6086,5.5220,1,2.923,3.365
205,DATA_20260319_060000.BIN,2.2435,5.4426,2.2093,5.4426,2.2110,1,5.051,5.996
206,DATA_20260319_060000.BIN,2.0971,5.7960,1.9531,5.7960,1.6060,1,2.673,3.082
207,DATA_20260319_060000.BIN,1.9531,5.1256,1.4761,5.1256,1.4740,1,0.698,1.831
208,DATA_20260319_060000.BIN,0.6695,4.4556,1.6385,4.4556,4.8070,1,2.695,3.072
209,DATA_20260319_060000.BIN,1.6385,6.8967,1.7536,6.8967,4.7410,1,2.620,3.587
210,DATA_20260319_060000.BIN,0.4014,4.6827,0.5901,4.6827,3.0580,1,4.254,4.424
211,DATA_20260319_060000.BIN,0.5901,3.9773,0.3711,3.9773,3.5750,1,2.418,2.434
212,DATA_20260319_060000.BIN,0.3801,7.5791,1.3926,7.5791,7.8210,1,2.802,2.876
213,DATA_20260319_060000.BIN,2.7081,6.7432,1.1725,6.7432,6.5120,1,10.501,12.738
214,DATA_20260319_060000.BIN,1.1725,7.3551,3.5507,7.3551,7.1830,1,7.769,10.115
215,DATA_20260319_060000.BIN,3.8183,7.5217,4.9756,7.5217,3.9160,1,5.612,5.801
216,DATA_20260319_060000.BIN,4.9756,9.3643,2.9084,9.3643,3.2450,1,5.697,6.502
217,DATA_20260319_060000.BIN,1.1240,3.5736,1.4499,3.5736,3.3660,1,2.457,2.789
218,DATA_20260319_060000.BIN,1.4499,3.9793,1.2510,3.9793,6.5670,1,1.759,1.832
219,DATA_20260319_060000.BIN,1.2510,3.9222,0.9809,3.9222,6.2370,1,2.566,4.098
220,DATA_20260319_060000.BIN,0.9809,5.7000,3.2210,5.7000,4.9500,1,1.926,2.319
221,DATA_20260319_060000.BIN,3.2210,6.6191,3.7985,6.6191,2.7940,1,4.401,4.468
222,DATA_20260319_060000.BIN,2.6617,6.1024,1.0063,6.1024,5.3350,1,3.993,4.124
223,DATA_20260319_060000.BIN,1.0063,4.0374,0.1456,4.0374,5.7310,1,4.779,6.861
224,DATA_20260319_060000.BIN,0.1456,3.9728,0.7412,3.9728,4.9610,1,1.393,1.608
225,DATA_20260319_060000.BIN,0.7412,3.5195,0.5372,3.5195,4.0150,1,1.962,2.328
226,DATA_20260319_060000.BIN,0.5372,4.4462,0.7449,4.4462,4.2240,1,1.276,1.781
227,DATA_20260319_060000.BIN,0.4786,4.8830,1.7088,4.8830,4.1360,1,1.431,2.040
228,DATA_20260319_060000.BIN,1.7088,5.1117,1.0443,5.1117,1.1660,1,3.122,3.310
229,DATA_20260319_060000.BIN,1.0443,7.8100,2.0683,7.8100,2.5080,1,1.403,1.723
230,DATA_20260319_060000.BIN,2.0683,5.1792,2.2874,5.1792,1.9910,1,2.412,2.439
231,DATA_20260319_060000.BIN,1.2177,3.6411,0.0514,3.6411,7.7110,1,1.542,3.686
232,DATA_20260319_060000.BIN,0.0514,7.4963,0.7983,7.4963,7.3150,1,1.499,1.786
233,DATA_20260319_060000.BIN,0.9352,3.1552,0.6375,3.1552,2.2330,1,0.510,2.844
234,DATA_20260319_060000.BIN,0.6375,5.2694,1.4595,5.2694,5.4890,1,0.870,1.594
235,DATA_20260319_060000.BIN,0.1448,2.6547,0.6099,2.6547,1.8810,1,1.590,2.712
236,DATA_20260319_060000.BIN,0.6099,3.1229,0.1644,3.1229,2.0790,1,1.203,1.721
237,DATA_20260319_060000.BIN,0.9522,4.9773,0.5008,4.9773,6.1050,1,1.980,2.069
238,DATA_20260319_060000.BIN,6.0181,12.2005,4.2330,12.2005,2.5300,1,9.457,10.220
239,DATA_20260319_060000.BIN,4.2330,9.5947,5.3698,9.5947,4.3560,1,7.528,7.847
240,DATA_20260319_060000.BIN,5.3698,8.6448,5.2680,8.6448,2.2330,1,8.847,9.192
241,DATA_20260319_060000.BIN,5.2680,7.3611,1.7422,7.3611,4.9500,1,7.565,7.732
242,DATA_20260319_060000.BIN,1.7422,5.3606,2.2548,5.3606,1.8590,1,0.869,0.937
243,DATA_20260319_060000.BIN,0.4318,2.8832,0.8912,2.8832,1.7380,1,0.585,2.752
244,DATA_20260319_060000.BIN,0.8912,3.0670,0.5689,3.0670,1.8810,1,3.651,3.903
245,DATA_20260319_060000.BIN,1.7135,6.1490,1.3444,6.1490,5.3020,1,4.470,4.744
246,DATA_20260319_060000.BIN,2.4045,6.2818,0.8522,6.2818,2.8270,1,3.045,4.037
247,DATA_20260319_060000.BIN,0.5556,3.6802,1.2015,3.6802,2.7720,1,2.627,3.294
248,DATA_20260319_060000.BIN,2.9476,5.3730,1.1748,5.3730,2.7280,1,4.003,4.168
249,DATA_20260319_060000.BIN,1.1748,3.4511,0.6512,3.4511,2.8160,1,2.057,2.100
250,DATA_20260319_060000.BIN,0.7282,4.0873,0.4983,4.0873,2.9810,1,1.138,1.264
251,DATA_20260319_060000.BIN,0.4983,4.0352,0.4128,4.0352,1.4300,1,1.817,4.029
252,DATA_20260319_060000.BIN,0.6429,5.3006,1.1461,5.3006,5.4010,1,2.794,5.578
253,DATA_20260319_060000.BIN,1.1461,4.6620,1.2718,4.6620,1.8810,1,1.842,1.864
254,DATA_20260319_060000.BIN,0.4579,5.1971,1.1303,5.1971,2.6400,1,0.877,1.545
255,DATA_20260319_060000.BIN,1.1303,4.3584,1.0402,4.3584,1.5950,1,1.673,1.676
256,DATA_20260319_060000.BIN,0.8105,3.2955,1.2044,3.2955,2.0240,1,2.677,3.529
257,DATA_20260319_060000.BIN,1.2044,7.2107,0.9881,7.2107,7.7990,1,1.985,2.180
258,DATA_20260319_060000.BIN,0.9881,5.1839,2.1257,5.1839,4.5760,1,1.411,1.690
259,DATA_20260319_060000.BIN,2.1257,8.1229,4.9210,8.1229,3.5090,1,5.183,5.823
260,DATA_20260319_060000.BIN,4.9210,7.9188,5.3560,7.9188,1.8700,1,9.664,10.192
261,DATA_20260319_060000.BIN,5.3560,8.4638,2.4958,8.4638,5.5000,1,7.814,8.061
262,DATA_20260319_060000.BIN,2.4958,8.0402,2.3026,8.0402,5.4670,1,6.193,8.049
263,DATA_20260319_060000.BIN,2.3026,8.1324,3.1562,8.1324,2.1890,1,4.316,5.167
264,DATA_20260319_060000.BIN,1.7312,7.2218,2.1111,7.2218,7.3590,1,3.412,4.500
265,DATA_20260319_060000.BIN,2.1111,6.0399,1.5733,6.0399,3.0800,1,2.002,2.713
266,DATA_20260319_060000.BIN,1.5733,5.1407,1.9043,5.1407,1.5290,1,2.681,2.711
267,DATA_20260319_060000.BIN,1.9043,5.2760,1.6115,5.2760,1.5620,1,2.418,2.542
268,DATA_20260319_060000.BIN,1.6115,4.7363,1.7735,4.7363,1.4630,1,2.161,2.590
269,DATA_20260319_060000.BIN,1.7735,5.4561,0.3248,5.4561,2.3760,1,2.384,2.701
270,DATA_20260319_060000.BIN,0.3248,5.6943,1.1585,5.6943,3.9050,1,5.039,7.223
271,DATA_20260319_060000.BIN,1.1585,3.4059,0.3990,3.4059,1.7710,1,3.163,3.263
272,DATA_20260319_060000.BIN,1.0733,4.5935,2.0576,4.5935,3.6630,1,2.900,3.053
273,DATA_20260319_060000.BIN,2.0576,5.0672,1.0487,5.0672,2.5190,1,2.472,2.674
274,DATA_20260319_060000.BIN,1.0487,13.5622,2.5250,13.5622,5.0930,1,0.786,1.169
275,DATA_20260319_060000.BIN,2.5250,6.0339,3.2423,6.0339,1.4410,1,3.112,3.407
276,DATA_20260319_060000.BIN,3.2423,8.6840,5.1521,8.6840,5.9840,1,3.481,3.743
277,DATA_20260319_060000.BIN,2.2955,5.5719,2.3504,5.5719,2.8270,1,2.993,3.045
278,DATA_20260319_060000.BIN,2.3504,7.4415,1.6630,7.4415,2.9150,1,3.898,4.310
279,DATA_20260319_060000.BIN,1.5169,11.6733,1.7783,11.6733,4.2900,1,1.462,2.218
280,DATA_20260319_060000.BIN,1.7783,13.5932,1.2033,13.5932,4.3560,1,3.442,6.170
281,DATA_20260319_060000.BIN,1.2033,4.0410,1.1350,4.0410,1.6940,1,2.476,3.827
282,DATA_20260319_060000.BIN,0.0830,5.5138,0.6026,5.5138,9.3390,1,0.640,1.036
283,DATA_20260319_060000.BIN,0.1189,3.6614,1.0874,3.6614,5.3900,1,3.762,5.146
284,DATA_20260319_060000.BIN,1.0874,4.5177,1.3529,4.5177,5.0710,1,3.137,3.544
285,DATA_20260319_060000.BIN,1.0250,3.8559,0.3920,3.8559,3.6740,1,2.041,2.749
286,DATA_20260319_060000.BIN,1.0965,3.5019,0.7531,3.5019,3.0580,1,2.332,2.498
287,DATA_20260319_060000.BIN,0.5135,2.9662,0.4626,2.9662,2.2880,1,1.898,2.278
288,DATA_20260319_060000.BIN,0.4626,3.5193,0.2644,3.5193,1.3310,1,2.411,3.254
289,DATA_20260319_060000.BIN,0.2644,5.7530,0.1807,5.7530,1.4740,1,1.562,2.445
290,DATA_20260319_060000.BIN,2.0131,10.2248,4.1652,10.2248,2.5080,1,2.620,2.646
291,DATA_20260319_060000.BIN,4.1652,9.0178,3.2742,9.0178,6.8860,1,8.487,9.385
292,DATA_20260319_060000.BIN,3.2742,7.5596,1.2094,7.5596,3.8500,1,8.547,9.827
293,DATA_20260319_060000.BIN,1.2094,5.4441,1.4835,5.4441,1.8150,1,0.901,0.951
294,DATA_20260319_060000.BIN,1.4835,11.6392,0.1429,11.6392,1.9910,1,1.380,2.658
295,DATA_20260319_060000.BIN,0.6020,8.4602,0.6438,8.4602,9.6580,1,1.506,3.145
296,DATA_20260319_060000.BIN,0.6438,6.0709,0.4982,6.0709,5.3460,1,1.872,1.873
297,DATA_20260319_060000.BIN,1.1476,6.4612,1.1777,6.4612,3.5420,1,1.156,3.302
298,DATA_20260319_060000.BIN,1.1777,5.5563,0.9207,5.5563,3.5530,1,5.568,7.519
299,DATA_20260319_060000.BIN,0.9207,4.7732,1.9171,4.7732,1.9030,1,2.071,2.302
300,DATA_20260319_060000.BIN,3.0237,6.9114,2.8428,6.9114,4.4660,1,3.693,3.768
301,DATA_20260319_060000.BIN,3.3069,6.6310,1.3739,6.6310,1.6830,1,3.946,4.877
302,DATA_20260319_060000.BIN,1.3739,5.0675,1.8381,5.0675,1.7050,1,2.379,4.745
303,DATA_20260319_060000.BIN,1.8381,12.6056,0.9137,12.6056,7.4580,1,2.621,3.129
304,DATA_20260319_060000.BIN,0.9137,4.4375,0.4237,4.4375,1.9470,1,3.014,3.062
305,DATA_20260319_060000.BIN,0.4237,9.8427,0.8337,9.8427,6.7210,1,3.966,6.053
306,DATA_20260319_060000.BIN,0.8337,5.7975,1.9237,5.7975,1.7820,1,1.307,1.910
307,DATA_20260319_060000.BIN,1.9237,8.5813,3.6594,8.5813,3.7290,1,1.302,1.634
308,DATA_20260319_060000.BIN,3.6594,7.8278,4.9625,7.8278,5.1040,1,4.407,4.443
309,DATA_20260319_060000.BIN,4.9625,7.7024,2.8220,7.7024,7.5900,1,6.163,6.269
310,DATA_20260319_060000.BIN,2.8220,5.2759,2.0491,5.2759,1.4080,1,1.885,2.050
311,DATA_20260319_060000.BIN,1.8595,8.5505,1.7746,8.5505,5.6650,1,1.498,2.026
312,DATA_20260319_060000.BIN,1.7746,6.6907,0.3915,6.6907,4.1910,1,1.097,3.095
313,DATA_20260319_060000.BIN,0.3915,4.5734,1.4452,4.5734,2.8930,1,3.211,3.855
314,DATA_20260319_060000.BIN,1.4452,5.3650,2.4993,5.3650,1.3970,1,0.942,1.707
315,DATA_20260319_060000.BIN,2.4993,8.5846,2.0092,8.5846,2.7170,1,3.012,3.159
316,DATA_20260319_060000.BIN,2.0092,6.3401,2.3943,6.3401,1.3530,1,3.255,4.483
317,DATA_20260319_060000.BIN,2.3943,5.6280,2.5183,5.6280,1.2540,1,3.204,3.424
318,DATA_20260319_060000.BIN,2.5183,5.6569,2.0544,5.6569,1.3530,1,2.776,2.815
319,DATA_20260319_060000.BIN,3.4063,6.1792,2.0184,6.1792,1.3090,1,2.161,2.389
320,DATA_20260319_060000.BIN,2.0184,5.5516,2.4050,5.5516,1.2980,1,1.511,1.732
321,DATA_20260319_060000.BIN,2.4050,5.6094,2.5182,5.6094,1.2760,1,1.432,1.493
322,DATA_20260319_060000.BIN,2.5182,6.1739,0.9312,6.1739,1.4630,1,0.599,0.877
323,DATA_20260319_060000.BIN,0.9312,4.4288,0.5819,4.4288,3.4320,1,1.241,1.976
324,DATA_20260319_060000.BIN,0.5819,7.4108,2.2251,7.4108,5.4670,1,2.943,2.949
325,DATA_20260319_060000.BIN,2.2251,5.2972,0.7933,5.2972,2.4860,1,2.493,2.831
326,DATA_20260319_060000.BIN,0.1539,5.4570,1.9901,5.4570,1.4410,1,1.554,3.215
327,DATA_20260319_060000.BIN,1.9901,4.5283,1.5735,4.5283,1.1990,1,2.188,2.368
328,DATA_20260319_060000.BIN,1.5735,5.6669,1.5728,5.6669,1.2760,1,0.562,0.756
329,DATA_20260319_060000.BIN,2.4520,5.5451,1.9319,5.5451,1.1880,1,1.808,2.016
330,DATA_20260319_060000.BIN,1.9319,4.9621,2.1875,4.9621,1.1220,1,0.991,1.060
331,DATA_20260319_060000.BIN,2.1875,5.7106,2.1740,5.7106,1.1990,1,0.944,1.105
332,DATA_20260319_060000.BIN,2.1740,5.3174,2.4537,5.3174,1.2430,1,0.354,1.286
333,DATA_20260319_060000.BIN,2.4537,6.1410,2.1630,6.1410,1.1330,1,0.243,1.273
334,DATA_20260319_060000.BIN,1.8177,5.3626,1.9916,5.3626,1.1550,1,1.274,1.722
335,DATA_20260319_060000.BIN,1.9916,5.5690,2.5941,5.5690,1.2100,1,0.657,0.686
336,DATA_20260319_060000.BIN,2.5941,5.7184,2.6040,5.7184,1.1770,1,1.186,1.245
337,DATA_20260319_060000.BIN,2.8778,5.3201,2.2217,5.3201,1.2430,1,1.488,1.552
338,DATA_20260319_060000.BIN,4.1899,7.5738,2.8797,7.5738,2.3100,1,4.468,5.892
339,DATA_20260319_060000.BIN,2.8797,6.0429,2.2259,6.0429,1.3090,1,0.638,1.043
340,DATA_20260319_060000.BIN,2.2259,5.2099,2.3039,5.2099,1.1440,1,0.862,0.941
341,DATA_20260319_060000.BIN,2.3039,5.3771,2.2027,5.3771,1.1990,1,0.682,0.947
342,DATA_20260319_060000.BIN,2.2027,4.8326,0.9755,4.8326,3.6960,1,1.097,1.149
343,DATA_20260319_060000.BIN,0.9755,4.2142,0.2260,4.2142,2.6290,1,2.563,3.449
344,DATA_20260319_060000.BIN,0.8206,5.7558,1.6470,5.7558,4.3010,1,1.540,1.806
345,DATA_20260319_060000.BIN,1.6470,4.3344,0.6763,4.3344,1.4080,1,1.384,3.320
346,DATA_20260319_060000.BIN,3.2097,5.9234,2.5083,5.9234,2.3650,1,1.697,2.130
347,DATA_20260319_060000.BIN,2.3512,5.7583,1.9875,5.7583,1.3420,1,0.797,0.839
348,DATA_20260319_060000.BIN,1.9875,5.6444,1.9809,5.6444,3.3000,1,0.774,5.313
349,DATA_20260319_060000.BIN,1.9809,4.0542,2.2261,4.0542,1.2540,1,2.824,3.321
350,DATA_20260319_060000.BIN,0.7392,3.8365,1.3458,3.8365,1.1770,1,1.816,2.686
351,DATA_20260319_060000.BIN,2.2191,6.1555,2.4775,6.1555,1.1440,1,1.050,1.074
352,DATA_20260319_060000.BIN,2.6736,5.6160,2.4850,5.6160,1.1000,1,1.279,1.365
353,DATA_20260319_060000.BIN,2.4850,7.2063,2.6034,7.2063,1.3090,1,1.057,1.074
354,DATA_20260319_060000.BIN,1.7511,5.3096,2.1822,5.3096,2.4200,1,0.852,0.940
355,DATA_20260319_060000.BIN,2.1822,5.7616,0.9220,5.7616,3.6190,1,1.397,1.477
356,DATA_20260319_060000.BIN,0.9220,9.8480,3.9170,9.8480,7.9970,1,1.460,3.309
357,DATA_20260319_060000.BIN,3.9170,6.7749,1.9221,6.7749,2.2440,1,7.109,7.209
358,DATA_20260319_060000.BIN,1.9221,4.8493,1.7791,4.8493,3.6960,1,2.497,2.980
359,DATA_20260319_060000.BIN,1.7791,4.8722,2.5255,4.8722,1.3090,1,0.552,0.662
360,DATA_20260319_060000.BIN,2.5255,6.0546,1.9795,6.0546,3.7290,1,1.183,1.346
361,DATA_20260319_060000.BIN,1.9795,4.4091,0.7515,4.4091,2.1010,1,1.842,2.863
362,DATA_20260319_060000.BIN,0.7515,7.5668,3.6282,7.5668,1.7710,1,2.279,2.864
363,DATA_20260319_060000.BIN,3.6282,7.9341,3.4020,7.9341,1.3200,1,2.255,3.149
364,DATA_20260319_060000.BIN,3.4020,9.2781,4.3072,9.2781,5.9180,1,5.879,6.316
365,DATA_20260319_060000.BIN,5.1026,7.4735,3.6224,7.4735,1.3640,1,5.066,5.174
366,DATA_20260319_060000.BIN,4.4048,8.3757,1.3733,8.3757,3.5530,1,3.948,4.025
367,DATA_20260319_060000.BIN,1.3733,10.6131,6.5139,10.6131,3.4210,1,0.885,1.754
368,DATA_20260319_060000.BIN,7.6423,10.9951,2.0664,10.9951,2.9480,1,13.619,17.524
369,DATA_20260319_060000.BIN,4.6553,7.7986,2.3781,7.7986,1.6610,1,3.115,4.075
370,DATA_20260319_060000.BIN,2.3781,4.9552,0.7504,4.9552,1.4080,1,2.386,5.779
371,DATA_20260319_060000.BIN,1.6729,4.7997,1.9391,4.7997,2.7940,1,1.043,2.141
372,DATA_20260319_060000.BIN,0.7234,4.9899,2.3339,4.9899,2.8600,1,2.986,2.992
373,DATA_20260319_060000.BIN,2.6990,5.6447,1.8783,5.6447,1.6060,1,1.473,2.896
374,DATA_20260319_060000.BIN,2.9957,4.6526,2.6799,4.6526,1.7270,1,2.861,3.711
375,DATA_20260319_060000.BIN,0.6545,3.9016,0.3911,3.9016,1.5510,1,5.030,7.172
376,DATA_20260319_060000.BIN,1.9371,5.6313,2.0621,5.6313,1.4190,1,1.196,1.831
377,DATA_20260319_060000.BIN,2.0621,4.9993,2.1416,4.9993,2.8050,1,1.292,1.904
378,DATA_20260319_060000.BIN,2.4641,5.1848,2.3633,5.1848,5.1150,1,3.571,4.064
379,DATA_20260319_060000.BIN,2.1059,5.7306,3.0917,5.7306,1.5290,1,1.347,1.688
380,DATA_20260319_060000.BIN,2.9761,7.0144,1.3920,7.0144,5.5660,1,2.030,2.039
381,DATA_20260319_060000.BIN,1.3920,6.1635,0.9275,6.1635,1.3530,1,4.060,4.994
382,DATA_20260319_060000.BIN,0.9275,4.6302,0.6336,4.6302,1.3970,1,0.961,1.210
383,DATA_20260319_060000.BIN,0.8151,7.9013,4.8221,7.9013,3.9160,1,6.509,8.130
384,DATA_20260319_060000.BIN,1.9842,6.2598,2.4501,6.2598,2.1120,1,4.235,7.502
385,DATA_20260319_060000.BIN,2.4501,5.7094,2.9939,5.7094,2.8380,1,4.618,4.634
386,DATA_20260319_070000.BIN,9.6604,16.0769,8.1501,16.0769,2.0130,1,3.185,3.200
387,DATA_20260319_070000.BIN,8.1501,12.5806,4.8736,12.5806,2.2770,1,3.894,5.769
388,DATA_20260319_070000.BIN,4.8736,11.1059,8.1961,11.1059,2.0240,1,8.601,9.259
389,DATA_20260319_070000.BIN,7.0995,11.3018,4.4611,11.3018,2.9150,1,4.378,4.929
390,DATA_20260319_070000.BIN,4.4611,13.2299,6.6972,13.2299,6.7760,1,6.265,7.160
391,DATA_20260319_070000.BIN,4.6301,10.3796,5.4245,10.3796,4.8400,1,5.777,6.543
392,DATA_20260319_070000.BIN,5.4245,13.2917,6.8973,13.2917,7.4690,1,4.259,4.275
393,DATA_20260319_070000.BIN,6.8973,11.2017,7.0610,11.2017,1.9250,1,2.514,2.539
394,DATA_20260319_070000.BIN,7.5420,12.4576,8.1021,12.4576,1.7160,1,1.692,4.010
395,DATA_20260319_070000.BIN,7.8497,10.7762,7.9384,10.7762,1.9690,1,0.772,2.146
396,DATA_20260319_070000.BIN,8.1916,12.2799,9.5189,12.2799,1.9030,1,0.577,2.145
397,DATA_20260319_070000.BIN,9.5189,13.5502,8.3087,13.5502,1.5180,1,1.792,2.332
398,DATA_20260319_070000.BIN,8.3087,11.1331,8.2437,11.1331,1.7160,1,0.042,1.480
399,DATA_20260319_070000.BIN,8.2437,11.0063,7.7108,11.0063,1.7380,1,0.376,1.642
400,DATA_20260319_070000.BIN,7.7108,12.0839,7.4113,12.0839,1.9910,1,0.577,2.098
401,DATA_20260319_070000.BIN,9.1842,12.5924,6.8696,12.5924,1.9580,1,1.811,2.106
402,DATA_20260319_070000.BIN,6.5082,8.9732,6.7459,8.9732,1.5070,1,2.157,2.264
403,DATA_20260319_070000.BIN,7.7918,10.6253,7.9308,10.6253,1.5510,1,0.417,1.991
404,DATA_20260319_070000.BIN,7.9308,10.7112,7.6138,10.7112,1.6170,1,0.381,1.906
405,DATA_20260319_070000.BIN,7.6138,11.0703,6.6816,11.0703,1.5620,1,0.711,2.221
406,DATA_20260319_070000.BIN,6.6816,9.5842,6.3729,9.5842,1.5070,1,1.352,1.833
407,DATA_20260319_070000.BIN,6.3729,9.3741,6.2881,9.3741,1.6830,1,2.362,2.373
408,DATA_20260319_070000.BIN,6.2881,9.8838,5.0822,9.8838,1.7380,1,1.686,1.733
409,DATA_20260319_070000.BIN,5.0822,9.9734,6.6386,9.9734,1.5840,1,3.675,6.358
410,DATA_20260319_070000.BIN,6.6386,9.8426,6.7293,9.8426,1.4520,1,3.040,3.130
411,DATA_20260319_070000.BIN,6.7293,9.9879,7.3865,9.9879,3.2670,1,1.044,1.160
412,DATA_20260319_070000.BIN,7.3865,11.2997,6.3755,11.2997,2.0240,1,3.737,4.537
413,DATA_20260319_070000.BIN,6.3755,13.2104,7.3437,13.2104,2.0130,1,3.252,3.510
414,DATA_20260319_070000.BIN,7.3437,19.8687,14.5181,19.8687,2.8600,1,1.452,4.381
415,DATA_20260319_070000.BIN,17.8571,20.1373,14.2417,20.1373,2.0790,1,12.474,13.252
416,DATA_20260319_070000.BIN,14.2417,20.2218,12.7815,20.2218,6.1930,1,7.100,7.534
417,DATA_20260319_070000.BIN,3.3524,19.5676,6.7299,19.5676,3.7620,1,9.441,9.450
418,DATA_20260319_070000.BIN,6.7299,11.0515,3.0832,11.0515,2.9700,1,2.396,5.627
419,DATA_20260319_070000.BIN,5.8779,10.3683,6.0611,10.3683,2.9590,1,3.748,5.029
420,DATA_20260319_070000.BIN,6.0611,10.1787,3.0107,10.1787,8.6570,1,4.710,5.067
421,DATA_20260319_070000.BIN,3.0107,6.3778,1.0888,6.3778,4.3340,1,5.302,6.558
422,DATA_20260319_070000.BIN,1.0888,13.6001,5.6332,13.6001,5.1810,1,8.038,8.048
423,DATA_20260319_070000.BIN,7.8071,13.5466,5.8835,13.5466,3.2890,1,2.863,4.820
424,DATA_20260319_070000.BIN,5.8835,12.3232,6.4792,12.3232,2.9150,1,2.997,3.549
425,DATA_20260319_070000.BIN,6.4792,15.5788,8.0500,15.5788,4.2680,1,3.005,3.154
426,DATA_20260319_070000.BIN,7.7152,11.5396,7.8621,11.5396,1.5730,1,6.617,9.199
427,DATA_20260319_070000.BIN,7.8621,15.8028,10.6057,15.8028,2.2990,1,4.665,5.893
428,DATA_20260319_070000.BIN,10.6057,15.9244,7.5852,15.9244,3.2230,1,6.581,7.286
429,DATA_20260319_070000.BIN,7.5985,11.9480,3.7288,11.9480,8.4920,1,2.923,7.274
430,DATA_20260319_070000.BIN,3.7288,13.5687,9.4596,13.5687,6.1600,1,3.852,4.133
431,DATA_20260319_070000.BIN,9.4596,13.2867,3.2824,13.2867,6.0500,1,4.308,5.755
432,DATA_20260319_070000.BIN,5.2801,11.7658,2.9801,11.7658,1.7600,1,6.177,8.184
433,DATA_20260319_070000.BIN,3.7171,7.5883,3.0769,7.5883,6.3690,1,3.629,5.304
434,DATA_20260319_070000.BIN,3.0769,5.9797,2.6505,5.9797,3.2560,1,9.226,9.391
435,DATA_20260319_070000.BIN,2.6505,6.0061,2.1645,6.0061,3.1790,1,3.622,3.633
436,DATA_20260319_070000.BIN,4.5526,7.3296,2.7054,7.3296,3.9160,1,3.092,3.098
437,DATA_20260319_070000.BIN,0.3555,8.7483,2.2394,8.7483,5.2800,1,5.771,5.926
438,DATA_20260319_070000.BIN,1.9500,7.9427,3.2740,7.9427,7.1500,1,2.936,3.185
439,DATA_20260319_070000.BIN,3.2740,10.4170,4.1597,10.4170,6.9190,1,1.837,2.505
440,DATA_20260319_070000.BIN,1.8461,5.7603,1.7286,5.7603,5.6540,1,2.759,2.936
441,DATA_20260319_070000.BIN,3.0471,7.0682,2.0486,7.0682,3.8940,1,1.420,1.509
442,DATA_20260319_070000.BIN,2.9522,11.2264,1.6990,11.2264,5.3460,1,1.403,1.561
443,DATA_20260319_070000.BIN,1.6990,16.4991,1.4974,16.4991,7.0950,1,3.305,3.380
444,DATA_20260319_070000.BIN,2.1617,8.3995,3.5604,8.3995,3.5310,1,2.107,2.507
445,DATA_20260319_070000.BIN,3.5604,9.2363,1.4462,9.2363,4.3890,1,0.445,5.238
446,DATA_20260319_070000.BIN,1.4462,9.0267,1.4620,9.0267,2.8160,1,2.386,2.784
447,DATA_20260319_070000.BIN,1.1544,15.7187,7.9896,15.7187,4.1800,1,3.508,3.754
448,DATA_20260319_070000.BIN,3.1851,6.2341,1.2377,6.2341,3.3440,1,4.600,5.021
449,DATA_20260319_070000.BIN,6.3820,11.6629,3.9298,11.6629,1.8370,1,4.672,5.023
450,DATA_20260319_070000.BIN,1.5249,6.2550,1.5051,6.2550,4.4770,1,3.864,4.066
451,DATA_20260319_070000.BIN,3.3217,6.8454,1.6551,6.8454,7.2710,1,1.036,1.199
452,DATA_20260319_070000.BIN,2.2752,5.5363,0.9721,5.5363,1.8700,1,1.304,1.349
453,DATA_20260319_070000.BIN,1.8361,13.5534,0.2346,13.5534,5.7090,1,4.141,5.160
454,DATA_20260319_070000.BIN,0.2346,11.4806,0.8070,11.4806,5.7090,1,2.721,3.006
455,DATA_20260319_070000.BIN,0.9988,6.0312,0.2648,6.0312,4.0480,1,2.616,3.104
456,DATA_20260319_070000.BIN,2.4063,8.1348,0.9933,8.1348,5.8190,1,3.165,5.408
457,DATA_20260319_070000.BIN,1.6172,8.1539,1.2799,8.1539,3.5860,1,0.690,2.973
458,DATA_20260319_070000.BIN,1.2799,4.1086,1.1516,4.1086,4.7080,1,3.661,5.216
459,DATA_20260319_070000.BIN,1.1516,5.2114,0.6310,5.2114,3.1130,1,3.470,6.071
460,DATA_20260319_070000.BIN,1.7241,18.1713,4.6485,18.1713,4.0150,1,2.934,2.950
461,DATA_20260319_070000.BIN,4.6485,9.1224,3.6343,9.1224,3.1240,1,5.650,8.075
462,DATA_20260319_070000.BIN,5.8812,9.1716,4.9085,9.1716,3.3330,1,6.559,7.897
463,DATA_20260319_070000.BIN,1.8439,6.2406,0.7887,6.2406,3.6960,1,1.769,2.386
464,DATA_20260319_070000.BIN,0.7887,4.6625,1.7642,4.6625,3.7070,1,0.567,2.544
465,DATA_20260319_070000.BIN,1.7642,5.6445,1.3037,5.6445,2.5960,1,1.598,2.285
466,DATA_20260319_070000.BIN,2.5802,5.7981,1.1741,5.7981,1.7270,1,2.638,6.875
467,DATA_20260319_070000.BIN,0.6750,5.5033,1.1540,5.5033,4.7300,1,0.707,2.046
468,DATA_20260319_070000.BIN,1.1540,6.0909,0.3912,6.0909,8.6130,1,2.918,3.131
469,DATA_20260319_070000.BIN,1.0230,3.6676,0.4173,3.6676,5.4560,1,1.605,2.255
470,DATA_20260319_070000.BIN,1.3285,4.0734,0.3151,4.0734,8.0410,1,1.728,4.263
471,DATA_20260319_070000.BIN,0.3151,4.5705,0.4228,4.5705,6.2150,1,1.216,3.728
472,DATA_20260319_070000.BIN,0.4927,5.9973,0.2427,5.9973,7.0290,1,1.067,1.773
473,DATA_20260319_070000.BIN,0.7049,6.4509,1.2803,6.4509,3.0140,1,1.902,2.331
474,DATA_20260319_070000.BIN,1.7180,8.7785,2.8591,8.7785,4.3890,1,3.115,5.456
475,DATA_20260319_070000.BIN,5.4173,7.9096,2.0912,7.9096,3.1570,1,6.993,9.061
476,DATA_20260319_070000.BIN,2.0912,6.0540,1.5112,6.0540,2.7610,1,2.834,2.949
477,DATA_20260319_070000.BIN,1.5112,12.3722,9.9606,12.3722,4.7740,1,5.824,18.647
478,DATA_20260319_070000.BIN,9.9606,19.5624,2.3987,19.5624,7.1170,1,15.893,25.726
479,DATA_20260319_070000.BIN,2.3987,5.8557,1.9311,5.8557,2.6070,1,3.904,10.551
480,DATA_20260319_070000.BIN,0.4907,6.0449,2.8822,6.0449,2.9480,1,2.811,5.884
481,DATA_20260319_070000.BIN,2.8789,9.2613,5.0140,9.2613,5.7090,1,4.773,5.659
482,DATA_20260319_070000.BIN,5.0140,9.9879,0.8366,9.9879,7.8980,1,5.848,6.165
483,DATA_20260319_070000.BIN,0.8366,5.7415,2.0783,5.7415,3.4870,1,2.704,7.657
484,DATA_20260319_070000.BIN,2.0783,7.4410,2.4471,7.4410,4.6860,1,1.966,3.339
485,DATA_20260319_070000.BIN,2.4471,16.1998,6.9339,16.1998,4.5540,1,2.008,2.834
486,DATA_20260319_070000.BIN,6.9339,13.4851,9.1836,13.4851,2.0130,1,9.206,10.025
487,DATA_20260319_070000.BIN,19.2958,36.2168,10.9244,36.2168,8.1840,1,14.503,50.457
488,DATA_20260319_070000.BIN,4.3155,8.3471,4.0013,8.3471,2.8930,1,2.442,5.422
489,DATA_20260319_070000.BIN,4.0013,7.2340,4.8754,7.2340,6.0720,1,5.170,5.190
490,DATA_20260319_070000.BIN,4.8754,8.9619,4.9261,8.9619,3.8170,1,2.978,5.209
491,DATA_20260319_070000.BIN,4.9261,7.6237,2.6950,7.6237,5.4340,1,2.420,2.792
492,DATA_20260319_070000.BIN,2.6950,8.5142,3.4132,8.5142,9.8340,1,2.324,5.119
493,DATA_20260319_070000.BIN,3.4669,8.5170,6.0779,8.5170,5.8960,1,0.864,2.369
494,DATA_20260319_070000.BIN,6.0779,8.7887,2.4577,8.7887,3.0470,1,4.785,10.415
495,DATA_20260319_070000.BIN,9.6533,12.8104,6.7861,12.8104,3.6410,1,7.850,8.174
496,DATA_20260319_070000.BIN,1.4441,5.2656,2.0004,5.2656,2.7500,1,3.957,4.570
497,DATA_20260319_070000.BIN,2.0004,6.4166,1.8887,6.4166,9.9880,1,2.539,2.548
498,DATA_20260319_070000.BIN,1.8887,5.7440,0.6414,5.7440,2.1670,1,2.658,4.279
499,DATA_20260319_070000.BIN,3.4432,8.0657,4.5193,8.0657,2.1010,1,2.086,2.692
500,DATA_20260319_070000.BIN,4.5193,13.7036,4.3039,13.7036,2.4090,1,2.999,4.646
501,DATA_20260319_070000.BIN,3.2513,12.4855,5.1856,12.4855,3.1790,1,2.040,5.624
502,DATA_20260319_070000.BIN,5.1856,16.0748,11.7916,16.0748,3.2890,1,2.839,4.944
503,DATA_20260319_070000.BIN,11.7916,14.7562,11.3340,14.7562,1.7930,1,11.970,12.028
504,DATA_20260319_070000.BIN,11.3340,15.6888,10.8680,15.6888,5.2800,1,12.177,13.377
505,DATA_20260319_070000.BIN,10.8680,15.6589,1.7339,15.6589,2.9260,1,7.894,7.897
506,DATA_20260319_070000.BIN,1.7339,5.7805,3.3193,5.7805,2.8710,1,3.860,5.161
507,DATA_20260319_070000.BIN,3.3193,5.8418,0.4781,5.8418,5.8520,1,2.784,2.785
508,DATA_20260319_070000.BIN,0.5755,4.1393,0.4630,4.1393,1.4300,1,6.811,7.697
509,DATA_20260319_070000.BIN,0.4630,14.8307,10.7485,14.8307,9.7680,1,5.232,5.846
510,DATA_20260319_070000.BIN,10.7485,13.1028,9.7588,13.1028,2.0680,1,10.267,10.733
511,DATA_20260319_070000.BIN,9.7588,13.4756,3.0246,13.4756,8.3380,1,7.101,7.266
512,DATA_20260319_070000.BIN,3.0246,13.8334,2.4754,13.8334,4.8620,1,2.393,2.567
513,DATA_20260319_070000.BIN,2.4754,13.4766,3.0119,13.4766,3.7180,1,2.470,2.848
514,DATA_20260319_070000.BIN,3.0119,11.6953,8.9794,11.6953,4.9720,1,2.783,4.473
515,DATA_20260319_070000.BIN,8.9794,14.5947,3.7264,14.5947,3.4100,1,9.308,13.380
516,DATA_20260319_070000.BIN,3.7264,6.7684,3.2542,6.7684,4.9610,1,2.486,2.648
517,DATA_20260319_070000.BIN,2.8327,6.5914,3.2830,6.5914,3.7950,1,6.153,6.171
518,DATA_20260319_070000.BIN,3.2830,10.2004,4.5492,10.2004,2.6510,1,5.091,5.906
519,DATA_20260319_070000.BIN,4.5492,8.6196,1.4578,8.6196,5.0930,1,4.809,5.860
520,DATA_20260319_070000.BIN,1.4578,9.8867,1.1333,9.8867,5.2470,1,4.286,5.947
521,DATA_20260319_070000.BIN,1.1333,10.7594,2.2755,10.7594,1.0340,1,3.692,5.756
522,DATA_20260319_070000.BIN,2.2755,12.9662,1.5495,12.9662,1.0010,1,1.121,3.100
523,DATA_20260319_070000.BIN,1.5495,12.0178,2.1417,12.0178,1.7270,1,4.062,5.084
524,DATA_20260319_070000.BIN,2.1417,11.3132,3.2403,11.3132,2.7500,1,1.765,2.179
525,DATA_20260319_070000.BIN,3.2403,7.4112,1.6039,7.4112,1.3750,1,6.097,6.249
526,DATA_20260319_070000.BIN,1.6039,6.8078,0.3487,6.8078,7.3370,1,4.968,5.836
527,DATA_20260319_070000.BIN,0.8136,4.1712,0.7401,4.1712,4.9720,1,1.824,3.948
528,DATA_20260319_070000.BIN,1.4378,5.6412,2.7522,5.6412,3.4760,1,1.713,5.341
529,DATA_20260319_070000.BIN,2.6145,5.6778,0.3026,5.6778,6.5560,1,4.114,5.895
530,DATA_20260319_070000.BIN,0.3026,4.5063,0.8066,4.5063,4.9170,1,2.032,2.953
531,DATA_20260319_070000.BIN,1.7267,4.5232,0.4433,4.5232,2.5740,1,2.820,3.104
532,DATA_20260319_070000.BIN,0.4433,6.9713,0.5917,6.9713,7.3590,1,2.321,3.675
533,DATA_20260319_070000.BIN,0.5917,3.5006,0.3157,3.5006,5.9620,1,2.282,3.315
534,DATA_20260319_070000.BIN,2.5341,5.9835,2.0008,5.9835,6.3910,1,2.233,2.743
535,DATA_20260319_070000.BIN,2.0008,5.6568,2.7969,5.6568,3.0690,1,1.448,1.843
536,DATA_20260319_070000.BIN,1.3206,4.1910,1.3161,4.1910,2.5410,1,2.780,6.262
537,DATA_20260319_070000.BIN,1.5149,4.1980,0.9981,4.1980,1.3860,1,1.296,2.723
538,DATA_20260319_070000.BIN,0.9981,5.0773,2.5012,5.0773,6.2040,1,0.463,3.933
539,DATA_20260319_070000.BIN,2.5012,5.5957,2.7022,5.5957,6.6880,1,2.930,3.430
540,DATA_20260319_070000.BIN,1.6941,4.8681,0.7433,4.8681,1.7710,1,1.196,6.567
541,DATA_20260319_070000.BIN,0.7433,8.0399,3.1227,8.0399,2.2990,1,1.165,6.241
542,DATA_20260319_070000.BIN,1.1314,5.7170,1.7116,5.7170,2.7390,1,0.946,2.040
543,DATA_20260319_070000.BIN,1.3071,5.3400,1.5604,5.3400,7.7110,1,1.269,2.265
544,DATA_20260319_070000.BIN,0.9747,4.2033,0.7817,4.2033,1.6390,1,1.114,1.129
545,DATA_20260319_070000.BIN,0.7817,4.4924,0.2510,4.4924,2.4640,1,0.310,0.958
546,DATA_20260319_070000.BIN,0.2510,7.6453,1.2672,7.6453,5.2360,1,1.515,4.670
547,DATA_20260319_070000.BIN,1.2672,8.7552,2.8285,8.7552,4.3560,1,1.272,4.632
548,DATA_20260319_070000.BIN,2.8285,8.7788,2.9612,8.7788,3.4100,1,4.136,5.736
549,DATA_20260319_070000.BIN,2.9612,8.5867,0.4946,8.5867,3.6080,1,4.031,4.441
550,DATA_20260319_070000.BIN,0.4946,16.7792,3.7348,16.7792,3.8060,1,0.980,2.257
551,DATA_20260319_070000.BIN,3.7348,13.7513,4.4031,13.7513,5.3900,1,3.709,4.095
552,DATA_20260319_070000.BIN,4.4031,14.4675,3.6368,14.4675,4.4990,1,4.950,5.091
553,DATA_20260319_070000.BIN,3.6368,7.6239,1.8752,7.6239,2.4420,1,2.131,7.117
554,DATA_20260319_070000.BIN,1.8752,8.9923,0.7431,8.9923,5.6760,1,0.796,1.648
555,DATA_20260319_070000.BIN,0.7431,9.5933,3.1020,9.5933,3.3660,1,3.355,10.820
556,DATA_20260319_070000.BIN,0.4376,3.3436,0.3690,3.3436,7.2050,1,0.772,2.414
557,DATA_20260319_070000.BIN,0.3690,12.8621,0.2589,12.8621,2.5410,1,0.766,1.067
558,DATA_20260319_070000.BIN,0.5493,6.9514,1.4711,6.9514,7.7330,1,0.940,3.941
559,DATA_20260319_070000.BIN,1.4711,10.0061,7.4984,10.0061,2.5630,1,2.129,2.460
560,DATA_20260319_070000.BIN,7.4984,10.3429,3.2297,10.3429,9.0310,1,8.591,9.058
561,DATA_20260319_070000.BIN,3.2297,6.9595,2.7003,6.9595,1.7050,1,2.624,3.592
562,DATA_20260319_070000.BIN,2.7003,6.1833,0.5747,6.1833,3.1900,1,1.639,1.645
563,DATA_20260319_070000.BIN,0.5747,4.5215,0.7968,4.5215,8.7120,1,2.124,2.451
564,DATA_20260319_070000.BIN,0.7968,3.8036,0.9075,3.8036,5.6760,1,0.675,0.989
565,DATA_20260319_070000.BIN,0.9075,13.6922,1.1366,13.6922,7.0070,1,0.186,2.962
566,DATA_20260319_070000.BIN,1.6438,7.8466,2.9737,7.8466,6.3030,1,1.091,1.983
567,DATA_20260319_070000.BIN,2.9737,7.5552,5.0021,7.5552,7.0180,1,3.086,4.049
568,DATA_20260319_070000.BIN,5.0021,8.4682,4.8998,8.4682,1.5400,1,6.006,6.074
569,DATA_20260319_070000.BIN,0.8399,4.0596,0.8561,4.0596,2.2770,1,2.960,6.595
570,DATA_20260319_070000.BIN,0.8561,4.0180,1.0052,4.0180,1.5070,1,1.188,1.191
571,DATA_20260319_070000.BIN,1.0052,4.6237,0.4888,4.6237,9.5700,1,0.175,0.904
572,DATA_20260319_070000.BIN,0.6740,6.7680,1.0640,6.7680,6.6990,1,1.501,3.544
573,DATA_20260319_070000.BIN,0.9230,6.8673,2.1034,6.8673,4.0480,1,2.003,6.537
574,DATA_20260319_070000.BIN,1.7630,10.9506,0.1493,10.9506,7.3040,1,1.170,1.188
575,DATA_20260319_070000.BIN,0.1493,4.5494,1.6197,4.5494,9.2840,1,1.383,1.694
576,DATA_20260319_070000.BIN,1.6197,4.0060,0.4333,4.0060,8.8550,1,2.812,4.482
577,DATA_20260319_070000.BIN,0.4730,4.5654,0.1980,4.5654,6.8860,1,1.275,4.731
578,DATA_20260319_070000.BIN,0.1980,4.2142,0.3918,4.2142,3.2560,1,0.843,1.565
579,DATA_20260319_070000.BIN,0.4989,5.6245,1.5891,5.6245,5.9950,1,1.540,2.872
580,DATA_20260319_070000.BIN,0.2403,4.5974,1.2441,4.5974,6.9850,1,0.693,0.700
581,DATA_20260319_070000.BIN,1.2441,9.1229,0.7849,9.1229,5.4450,1,0.941,1.160
582,DATA_20260319_070000.BIN,0.7849,3.7530,1.2525,3.7530,2.0240,1,1.426,2.524
583,DATA_20260319_070000.BIN,0.3017,3.4809,0.4374,3.4809,8.3490,1,0.200,2.701
584,DATA_20260319_070000.BIN,0.4374,5.1815,2.3505,5.1815,6.1710,1,0.789,2.888
585,DATA_20260319_070000.BIN,2.3505,5.0825,0.9575,5.0825,6.5560,1,2.304,3.782
586,DATA_20260319_070000.BIN,0.9575,7.8269,4.1114,7.8269,5.2360,1,0.788,3.261
587,DATA_20260319_070000.BIN,4.1114,10.5919,3.6713,10.5919,4.9830,1,4.017,4.868
588,DATA_20260319_070000.BIN,5.4895,8.4945,3.6607,8.4945,5.2140,1,6.670,7.609
589,DATA_20260319_070000.BIN,3.6607,10.8195,0.6190,10.8195,8.1070,1,5.264,5.829
590,DATA_20260319_070000.BIN,0.6190,4.2621,0.1918,4.2621,4.3780,1,1.749,1.774
591,DATA_20260319_070000.BIN,0.5998,4.1408,0.5337,4.1408,5.1920,1,2.217,4.438
592,DATA_20260319_070000.BIN,0.5337,10.9063,7.2421,10.9063,5.9510,1,1.556,4.752
593,DATA_20260319_080000.BIN,14.3895,16.4339,13.9558,16.4339,2.2770,1,1.049,3.560
594,DATA_20260319_080000.BIN,3.0626,6.0637,1.1933,6.0637,1.5510,1,12.769,12.825
595,DATA_20260319_080000.BIN,1.1933,7.6323,3.6618,7.6323,3.1900,1,13.587,13.670
596,DATA_20260319_080000.BIN,3.6618,5.6749,2.0891,5.6749,3.9710,1,9.310,9.364
597,DATA_20260319_080000.BIN,2.0891,10.6654,5.3268,10.6654,5.7200,1,10.284,11.483
598,DATA_20260319_080000.BIN,5.3268,9.3849,3.5156,9.3849,3.3440,1,10.607,13.524
599,DATA_20260319_080000.BIN,3.5156,6.7714,1.7974,6.7714,3.4760,1,10.033,11.145
600,DATA_20260319_080000.BIN,1.7974,9.3393,5.5101,9.3393,3.8940,1,10.773,13.230
601,DATA_20260319_080000.BIN,3.9858,7.8186,3.1253,7.8186,1.3860,1,4.390,6.441
602,DATA_20260319_080000.BIN,3.1253,11.0921,5.0329,11.0921,2.7940,1,4.771,4.820
603,DATA_20260319_080000.BIN,5.0329,10.9682,5.2646,10.9682,4.7630,1,11.135,12.282
604,DATA_20260319_080000.BIN,5.2646,9.6633,7.1117,9.6633,2.5080,1,0.858,3.972
605,DATA_20260319_080000.BIN,2.8088,7.4770,3.2442,7.4770,4.7520,1,3.511,6.606
606,DATA_20260319_080000.BIN,3.2442,11.2170,7.1118,11.2170,5.9290,1,2.722,2.891
607,DATA_20260319_080000.BIN,7.1118,12.8400,10.1008,12.8400,4.2900,1,2.062,2.587
608,DATA_20260319_080000.BIN,2.1127,4.3693,0.2594,4.3693,9.1740,1,4.198,4.459
609,DATA_20260319_080000.BIN,0.9270,4.8739,2.9735,4.8739,6.2920,1,5.272,10.433
610,DATA_20260319_080000.BIN,2.9735,9.5252,6.6796,9.5252,4.2130,1,2.090,7.158
611,DATA_20260319_080000.BIN,4.4645,10.2364,2.2554,10.2364,5.1150,1,4.712,11.029
612,DATA_20260319_080000.BIN,2.2554,6.9228,0.3353,6.9228,7.4690,1,2.836,4.717
613,DATA_20260319_080000.BIN,0.3353,10.2991,0.7327,10.2991,9.2290,1,4.912,8.627
614,DATA_20260319_080000.BIN,0.7327,5.2020,0.9697,5.2020,5.0710,1,3.449,5.412
615,DATA_20260319_080000.BIN,2.1114,7.0340,1.7647,7.0340,2.5630,1,2.600,4.013
616,DATA_20260319_080000.BIN,1.7647,5.7850,1.7655,5.7850,1.8480,1,1.826,6.158
617,DATA_20260319_080000.BIN,1.7655,8.7262,0.9477,8.7262,2.2220,1,0.530,1.483
618,DATA_20260319_080000.BIN,0.9477,12.5798,9.0430,12.5798,3.1130,1,3.936,6.459
619,DATA_20260319_080000.BIN,9.0430,11.1927,6.1980,11.1927,1.8480,1,7.623,8.436
620,DATA_20260319_080000.BIN,4.6424,7.8710,2.3807,7.8710,2.6070,1,1.957,3.573
621,DATA_20260319_080000.BIN,2.3807,7.2571,4.2391,7.2571,4.8400,1,3.327,6.824
622,DATA_20260319_080000.BIN,4.2391,7.9000,3.8648,7.9000,4.7190,1,1.708,4.620
623,DATA_20260319_080000.BIN,3.8648,8.0694,2.7110,8.0694,3.8390,1,0.727,1.734
624,DATA_20260319_080000.BIN,2.7110,6.3415,2.8556,6.3415,4.3670,1,1.061,2.074
625,DATA_20260319_080000.BIN,2.8556,6.1933,1.2336,6.1933,2.4090,1,5.252,5.455
626,DATA_20260319_080000.BIN,1.3496,6.8700,1.5970,6.8700,9.1410,1,3.391,4.582
627,DATA_20260319_080000.BIN,1.5970,5.9520,1.5398,5.9520,8.8660,1,4.907,5.347
628,DATA_20260319_080000.BIN,1.5398,4.8433,0.3415,4.8433,3.6080,1,1.505,1.505
629,DATA_20260319_080000.BIN,0.3415,2.8323,0.5547,2.8323,1.3420,1,2.430,3.889
630,DATA_20260319_080000.BIN,0.6490,4.2046,1.6125,4.2046,1.4520,1,2.470,4.758
631,DATA_20260319_080000.BIN,1.6125,8.2903,1.8568,8.2903,5.2690,1,2.884,3.012
632,DATA_20260319_080000.BIN,0.7795,3.4901,0.4558,3.4901,1.2870,1,3.353,5.101
633,DATA_20260319_080000.BIN,0.4558,4.6947,1.5272,4.6947,4.7850,1,1.404,1.949
634,DATA_20260319_080000.BIN,3.0247,6.0981,1.5474,6.0981,3.9380,1,4.029,7.283
635,DATA_20260319_080000.BIN,1.5474,7.8971,3.7263,7.8971,5.7970,1,1.128,3.856
636,DATA_20260319_080000.BIN,3.7263,7.9703,6.3455,7.9703,5.4010,1,3.588,4.729
637,DATA_20260319_080000.BIN,6.3455,8.1842,4.2820,8.1842,3.8390,1,6.065,6.109
638,DATA_20260319_080000.BIN,2.1359,7.2202,0.2831,7.2202,3.5420,1,0.896,2.075
639,DATA_20260319_080000.BIN,0.2831,4.7493,0.9987,4.7493,6.9630,1,3.027,6.097
640,DATA_20260319_080000.BIN,0.5150,6.5692,1.8829,6.5692,2.8930,1,1.821,1.821
641,DATA_20260319_080000.BIN,1.8829,5.6333,0.8744,5.6333,5.8850,1,3.102,3.125
642,DATA_20260319_080000.BIN,0.8744,9.1974,1.2839,9.1974,5.2690,1,2.595,2.642
643,DATA_20260319_080000.BIN,1.2839,10.6727,3.1042,10.6727,4.4220,1,1.474,1.674
644,DATA_20260319_080000.BIN,3.1042,8.8891,2.2872,8.8891,2.8380,1,3.673,11.172
645,DATA_20260319_080000.BIN,6.9561,14.6591,1.2222,14.6591,3.6850,1,6.560,6.595
646,DATA_20260319_080000.BIN,1.2222,4.9501,1.4430,4.9501,4.1800,1,3.391,3.446
647,DATA_20260319_080000.BIN,0.8203,14.7330,8.2119,14.7330,3.8830,1,0.990,1.001
648,DATA_20260319_080000.BIN,8.2119,12.9604,9.0014,12.9604,6.8970,1,7.623,8.401
649,DATA_20260319_080000.BIN,11.9724,19.5376,4.2405,19.5376,8.5470,1,11.770,11.805
650,DATA_20260319_080000.BIN,4.2405,10.7639,0.6802,10.7639,8.4370,1,2.194,2.419
651,DATA_20260319_080000.BIN,0.6802,5.0265,1.2054,5.0265,1.2760,1,3.905,4.911
652,DATA_20260319_080000.BIN,1.2054,4.4834,1.7532,4.4834,2.4420,1,2.684,3.848
653,DATA_20260319_080000.BIN,1.7532,5.5730,3.3419,5.5730,2.5080,1,1.845,1.857
654,DATA_20260319_080000.BIN,2.7194,6.2859,2.1270,6.2859,1.1990,1,4.524,4.891
655,DATA_20260319_080000.BIN,2.1270,5.1470,1.0241,5.1470,1.1770,1,4.012,4.060
656,DATA_20260319_080000.BIN,1.0241,6.8694,2.2579,6.8694,5.6430,1,3.887,3.971
657,DATA_20260319_080000.BIN,1.3083,4.7284,0.9810,4.7284,2.5300,1,4.150,4.664
658,DATA_20260319_080000.BIN,0.9810,5.5349,1.1866,5.5349,6.1050,1,3.324,4.589
659,DATA_20260319_080000.BIN,1.1866,12.9447,1.9313,12.9447,3.4430,1,2.259,2.732
660,DATA_20260319_080000.BIN,2.0385,5.2416,0.9157,5.2416,1.4850,1,3.520,3.650
661,DATA_20260319_080000.BIN,0.9157,5.6192,2.7010,5.6192,4.6420,1,2.239,2.332
662,DATA_20260319_080000.BIN,1.8306,4.0934,1.3039,4.0934,4.9280,1,2.679,2.731
663,DATA_20260319_080000.BIN,1.9499,5.3617,2.3741,5.3617,3.9160,1,2.364,3.436
664,DATA_20260319_080000.BIN,2.3760,4.8967,2.3246,4.8967,1.4960,1,2.915,2.921
665,DATA_20260319_080000.BIN,1.8609,5.3734,2.6148,5.3734,1.7050,1,2.429,2.437
666,DATA_20260319_080000.BIN,2.6148,5.0222,2.1610,5.0222,3.9490,1,3.360,3.416
667,DATA_20260319_080000.BIN,1.1268,3.4839,0.5770,3.4839,1.5620,1,0.901,1.002
668,DATA_20260319_080000.BIN,0.5770,3.7972,1.2949,3.7972,1.3530,1,0.408,1.976
669,DATA_20260319_080000.BIN,1.2949,4.8938,2.4453,4.8938,3.7730,1,1.059,1.108
670,DATA_20260319_080000.BIN,2.4453,4.9826,0.4673,4.9826,3.4650,1,2.380,2.383
671,DATA_20260319_080000.BIN,1.1283,4.8351,1.4097,4.8351,7.4690,1,2.638,2.653
672,DATA_20260319_080000.BIN,10.3039,12.7743,7.5918,12.7743,4.1690,1,14.020,14.912
673,DATA_20260319_080000.BIN,13.1771,15.8264,8.8920,15.8264,6.3690,1,14.429,14.627
674,DATA_20260319_080000.BIN,7.9454,10.1942,7.7649,10.1942,3.2230,1,7.794,8.296
675,DATA_20260319_080000.BIN,7.7649,12.0917,8.8684,12.0917,1.9910,1,7.470,9.154
676,DATA_20260319_080000.BIN,12.2030,14.2732,9.7006,14.2732,1.5070,1,10.877,11.745
677,DATA_20260319_080000.BIN,9.7006,13.5918,6.2262,13.5918,1.8480,1,7.381,7.426
678,DATA_20260319_080000.BIN,6.2262,13.3065,9.5689,13.3065,3.1790,1,2.757,3.820
679,DATA_20260319_080000.BIN,9.5689,14.7191,9.9256,14.7191,2.9810,1,4.911,7.232
680,DATA_20260319_080000.BIN,9.9256,14.0220,9.8162,14.0220,4.3010,1,6.006,6.033
681,DATA_20260319_080000.BIN,3.2349,5.5028,3.8111,5.5028,2.9040,1,7.911,10.469
682,DATA_20260319_080000.BIN,3.8111,7.6996,3.3392,7.6996,5.8300,1,2.273,3.898
683,DATA_20260319_080000.BIN,3.3392,5.5724,1.1254,5.5724,4.4550,1,2.759,5.162
684,DATA_20260319_080000.BIN,1.1254,3.8557,1.1918,3.8557,1.3420,1,4.353,4.354
685,DATA_20260319_080000.BIN,1.1918,7.1826,2.1093,7.1826,2.8930,1,3.575,3.856
686,DATA_20260319_080000.BIN,2.1093,4.8479,1.8452,4.8479,2.1890,1,2.224,2.492
687,DATA_20260319_080000.BIN,1.8452,5.0060,1.0845,5.0060,1.7600,1,2.352,2.472
688,DATA_20260319_080000.BIN,0.7449,3.5532,1.5643,3.5532,4.8510,1,3.105,5.467
689,DATA_20260319_080000.BIN,1.5643,6.3392,1.0280,6.3392,3.0910,1,1.745,2.718
690,DATA_20260319_080000.BIN,1.0280,4.9677,2.8113,4.9677,1.5290,1,3.608,4.333
691,DATA_20260319_080000.BIN,2.8113,5.7114,1.9746,5.7114,2.6620,1,5.700,5.902
692,DATA_20260319_080000.BIN,1.9746,5.8616,0.4741,5.8616,3.2340,1,3.139,3.256
693,DATA_20260319_080000.BIN,0.4741,2.4185,0.5860,2.4185,2.9920,1,3.655,4.511
694,DATA_20260319_080000.BIN,0.5860,3.2601,0.6809,3.2601,2.0570,1,2.849,3.025
695,DATA_20260319_080000.BIN,0.6809,5.4944,0.5868,5.4944,8.4700,1,2.436,3.118
696,DATA_20260319_080000.BIN,0.7914,4.5110,0.5246,4.5110,7.8320,1,1.854,1.974
697,DATA_20260319_080000.BIN,1.1722,5.6224,0.8677,5.6224,5.8850,1,2.809,2.946
698,DATA_20260319_080000.BIN,0.1862,2.9349,0.6250,2.9349,1.6280,1,1.080,2.074
699,DATA_20260319_080000.BIN,0.9350,3.9143,0.4304,3.9143,7.2820,1,1.863,2.702
700,DATA_20260319_080000.BIN,0.4304,3.3674,1.3206,3.3674,1.4520,1,1.039,1.722
701,DATA_20260319_080000.BIN,0.9367,2.8850,1.2718,2.8850,1.8700,1,1.592,1.714
702,DATA_20260319_080000.BIN,1.2718,4.3575,1.4242,4.3575,2.8160,1,1.654,2.033
703,DATA_20260319_080000.BIN,0.9041,4.4008,0.9306,4.4008,2.0900,1,1.732,1.747
704,DATA_20260319_080000.BIN,0.9306,4.2609,1.6648,4.2609,1.1660,1,1.485,1.666
705,DATA_20260319_080000.BIN,0.6158,5.6667,1.2119,5.6667,1.9030,1,0.270,1.147
706,DATA_20260319_080000.BIN,1.2119,4.6024,2.4550,4.6024,3.5200,1,2.149,3.075
707,DATA_20260319_080000.BIN,1.1510,8.0994,2.5633,8.0994,1.2980,1,1.140,1.752
708,DATA_20260319_080000.BIN,2.5633,8.0995,2.3671,8.0995,4.0260,1,3.165,3.187
709,DATA_20260319_080000.BIN,2.3671,5.8097,2.9536,5.8097,1.0670,1,2.490,2.739
710,DATA_20260319_080000.BIN,2.9536,6.3908,2.1581,6.3908,1.1220,1,3.164,3.173
711,DATA_20260319_080000.BIN,1.2930,5.4612,1.3870,5.4612,1.0670,1,1.058,1.849
712,DATA_20260319_080000.BIN,1.3870,4.9092,0.8306,4.9092,0.9680,1,0.943,1.110
713,DATA_20260319_080000.BIN,0.8306,4.7318,1.4902,4.7318,0.9900,1,0.789,0.859
714,DATA_20260319_080000.BIN,1.2404,4.4629,0.9836,4.4629,1.9360,1,0.612,0.786
715,DATA_20260319_080000.BIN,0.9836,4.4709,1.5846,4.4709,1.9580,1,0.302,0.338
716,DATA_20260319_080000.BIN,1.6923,5.5088,0.5402,5.5088,1.3750,1,0.989,1.089
717,DATA_20260319_080000.BIN,0.5402,9.2652,1.1760,9.2652,2.9810,1,0.769,2.806
718,DATA_20260319_080000.BIN,1.1760,8.1340,0.8596,8.1340,3.3000,1,1.098,2.521
719,DATA_20260319_080000.BIN,2.3934,5.2161,2.0055,5.2161,2.8050,1,2.724,3.160
720,DATA_20260319_080000.BIN,2.0055,7.5835,0.9112,7.5835,2.6950,1,2.510,2.715
721,DATA_20260319_080000.BIN,1.9916,4.1420,1.2964,4.1420,4.2460,1,2.789,2.791
722,DATA_20260319_080000.BIN,1.2964,5.6424,0.9401,5.6424,1.1000,1,1.462,1.557
723,DATA_20260319_080000.BIN,0.9401,5.3196,1.0652,5.3196,1.0670,1,0.846,0.857
724,DATA_20260319_080000.BIN,1.0652,5.3232,0.9330,5.3232,1.1000,1,0.748,0.840
725,DATA_20260319_080000.BIN,0.9330,5.9416,1.0381,5.9416,1.0780,1,1.862,2.662
726,DATA_20260319_080000.BIN,1.0381,5.6799,0.7720,5.6799,2.0570,1,1.708,2.676
727,DATA_20260319_080000.BIN,0.7720,4.2513,1.9799,4.2513,1.0890,1,1.089,1.089
728,DATA_20260319_080000.BIN,1.4295,4.5177,1.5709,4.5177,2.1450,1,1.922,1.931
729,DATA_20260319_080000.BIN,1.0749,13.6838,2.0759,13.6838,3.4540,1,1.154,1.248
730,DATA_20260319_080000.BIN,2.0759,6.2616,1.4304,6.2616,1.0450,1,2.924,2.932
731,DATA_20260319_080000.BIN,1.4304,5.5781,1.1831,5.5781,1.1880,1,1.457,2.550
732,DATA_20260319_080000.BIN,1.1831,5.6174,1.4008,5.6174,4.1140,1,2.068,2.723
733,DATA_20260319_080000.BIN,1.4008,6.2591,2.7048,6.2591,2.5960,1,1.326,3.780
734,DATA_20260319_080000.BIN,2.7048,6.1248,0.9768,6.1248,2.4970,1,3.676,4.446
735,DATA_20260319_080000.BIN,0.9768,3.5942,1.0320,3.5942,2.5190,1,1.040,2.087
736,DATA_20260319_080000.BIN,8.4089,11.4788,6.9987,11.4788,3.3770,1,8.503,9.768
737,DATA_20260319_080000.BIN,6.9987,11.9518,9.2869,11.9518,5.8740,1,7.896,7.932
738,DATA_20260319_080000.BIN,9.2869,12.7409,1.8727,12.7409,6.6110,1,9.346,9.377
739,DATA_20260319_080000.BIN,1.8727,7.1801,3.8106,7.1801,3.2780,1,1.941,1.956
740,DATA_20260319_080000.BIN,2.8885,6.5759,2.1566,6.5759,1.0890,1,2.748,3.205
741,DATA_20260319_080000.BIN,2.1566,6.3769,2.0750,6.3769,2.2880,1,2.918,3.055
742,DATA_20260319_080000.BIN,5.2178,7.9971,5.3912,7.9971,1.2650,1,6.785,6.798
743,DATA_20260319_080000.BIN,5.3912,8.1574,0.7411,8.1574,3.1130,1,5.481,5.748
744,DATA_20260319_080000.BIN,0.7411,4.0863,1.1665,4.0863,1.1880,1,2.558,2.996
745,DATA_20260319_080000.BIN,1.1665,4.8822,1.1846,4.8822,1.4740,1,3.954,5.755
746,DATA_20260319_080000.BIN,1.1846,4.3314,1.5789,4.3314,3.9270,1,3.611,5.741
747,DATA_20260319_080000.BIN,1.5789,3.6627,1.2968,3.6627,1.3200,1,2.855,3.044
748,DATA_20260319_080000.BIN,0.6657,8.2268,0.5726,8.2268,3.2780,1,1.583,2.428
749,DATA_20260319_080000.BIN,0.5726,13.9541,1.1491,13.9541,6.1050,1,1.343,1.619
750,DATA_20260319_080000.BIN,1.1491,6.3620,2.6715,6.3620,1.9140,1,0.519,2.060
751,DATA_20260319_080000.BIN,2.6715,5.9991,1.6929,5.9991,1.4080,1,1.862,2.176
752,DATA_20260319_080000.BIN,1.6929,8.1030,1.7541,8.1030,3.1240,1,1.979,4.118
753,DATA_20260319_080000.BIN,1.7541,4.4636,0.7767,4.4636,2.0900,1,2.170,2.381
754,DATA_20260319_080000.BIN,0.7767,4.1696,0.6282,4.1696,4.1030,1,1.812,2.591
755,DATA_20260319_080000.BIN,0.6282,4.5724,0.2298,4.5724,3.6850,1,1.170,1.592
756,DATA_20260319_080000.BIN,0.2298,18.0604,9.3863,18.0604,4.3450,1,1.699,2.683
757,DATA_20260319_080000.BIN,9.3863,12.2603,8.0789,12.2603,2.4310,1,11.465,11.648
758,DATA_20260319_080000.BIN,8.0789,12.3551,7.6579,12.3551,3.9160,1,9.024,9.089
759,DATA_20260319_080000.BIN,7.6579,17.3665,4.1624,17.3665,6.8090,1,7.066,7.066
760,DATA_20260319_080000.BIN,4.1624,7.7825,2.2904,7.7825,2.5740,1,4.125,4.130
761,DATA_20260319_080000.BIN,2.2904,11.3958,8.7825,11.3958,2.3980,1,1.948,1.953
762,DATA_20260319_080000.BIN,7.3407,10.3425,3.2324,10.3425,4.1250,1,7.848,7.858
763,DATA_20260319_080000.BIN,3.6757,6.7551,0.0951,6.7551,6.1270,1,2.401,2.874
764,DATA_20260319_080000.BIN,0.0951,8.8367,4.1253,8.8367,5.5880,1,2.621,2.743
765,DATA_20260319_080000.BIN,4.1253,7.7802,0.6750,7.7802,9.8890,1,3.029,4.138
766,DATA_20260319_080000.BIN,0.6750,6.3614,3.1679,6.3614,3.9600,1,2.586,4.290
767,DATA_20260319_080000.BIN,3.1679,7.5590,2.9662,7.5590,2.3650,1,5.033,6.058
768,DATA_20260319_080000.BIN,4.3464,6.6559,4.9618,6.6559,4.5760,1,3.161,8.403
769,DATA_20260319_080000.BIN,4.4377,7.7870,2.0625,7.7870,3.2890,1,2.937,3.324
770,DATA_20260319_080000.BIN,2.0625,6.4555,2.7510,6.4555,2.1010,1,5.571,6.920
771,DATA_20260319_080000.BIN,2.7510,6.2560,2.5738,6.2560,1.1330,1,1.767,4.060
772,DATA_20260319_080000.BIN,2.5738,8.9363,1.9764,8.9363,2.4640,1,1.837,1.934
773,DATA_20260319_080000.BIN,1.9764,3.7217,0.0752,3.7217,4.4770,1,2.558,2.563
774,DATA_20260319_080000.BIN,0.0752,9.2253,0.9881,9.2253,5.7420,1,2.280,2.342
775,DATA_20260319_080000.BIN,0.9881,3.7927,0.2844,3.7927,4.7520,1,3.337,3.770
776,DATA_20260319_080000.BIN,0.2844,8.2585,0.4668,8.2585,5.3790,1,1.811,1.812
777,DATA_20260319_080000.BIN,0.5440,3.6328,0.9998,3.6328,1.3420,1,1.040,1.042
778,DATA_20260319_080000.BIN,0.9300,4.8530,1.5726,4.8530,2.5080,1,0.994,1.361
779,DATA_20260319_080000.BIN,0.5408,4.5647,1.1898,4.5647,2.3870,1,1.937,1.938
780,DATA_20260319_080000.BIN,1.1898,5.4385,0.3878,5.4385,1.3420,1,2.708,3.108
781,DATA_20260319_080000.BIN,1.1888,4.0763,1.1957,4.0763,5.0930,1,1.942,2.033
782,DATA_20260319_080000.BIN,1.2403,5.6963,2.2941,5.6963,1.2320,1,2.008,2.036
783,DATA_20260319_080000.BIN,2.2941,5.6935,1.6982,5.6935,1.1660,1,2.850,3.542
784,DATA_20260319_080000.BIN,1.5839,7.2120,1.9801,7.2120,4.8620,1,2.258,2.395
785,DATA_20260319_080000.BIN,1.9801,4.7668,1.0414,4.7668,2.4860,1,2.078,2.095
786,DATA_20260319_080000.BIN,1.0414,5.7892,2.7655,5.7892,2.0900,1,0.983,1.114
787,DATA_20260319_080000.BIN,2.7655,5.4877,1.2273,5.4877,1.1110,1,3.622,4.052
788,DATA_20260319_080000.BIN,1.2273,4.4520,1.2433,4.4520,1.1000,1,1.817,1.882
789,DATA_20260319_080000.BIN,1.2433,4.7090,1.1672,4.7090,1.1000,1,1.681,1.765
790,DATA_20260319_080000.BIN,1.1672,4.9041,0.9423,4.9041,1.1220,1,1.342,1.353
791,DATA_20260319_080000.BIN,0.8598,4.4356,0.3937,4.4356,1.1660,1,0.736,1.476
792,DATA_20260319_080000.BIN,0.3937,5.5753,1.1812,5.5753,2.3100,1,0.071,1.414
793,DATA_20260319_080000.BIN,1.1812,3.6019,1.0937,3.6019,1.1220,1,1.376,2.197
794,DATA_20260319_080000.BIN,1.0937,3.5681,1.0481,3.5681,1.1330,1,1.138,2.056
795,DATA_20260319_080000.BIN,1.0481,3.5604,1.6511,3.5604,1.2870,1,1.098,1.563
796,DATA_20260319_080000.BIN,1.6511,7.3723,1.8858,7.3723,3.1790,1,2.535,3.745
797,DATA_20260319_080000.BIN,1.8858,5.3424,1.8053,5.3424,1.1550,1,1.868,2.045
798,DATA_20260319_080000.BIN,2.4842,5.7630,2.2117,5.7630,1.1660,1,2.350,2.487
799,DATA_20260319_080000.BIN,2.2117,5.3657,2.1849,5.3657,1.1000,1,1.342,2.722
800,DATA_20260319_080000.BIN,2.9690,6.2105,3.2643,6.2105,1.1220,1,2.483,2.668
801,DATA_20260319_080000.BIN,2.4032,5.2226,2.4532,5.2226,1.0780,1,1.596,1.927
802,DATA_20260319_080000.BIN,2.4532,5.2194,2.4140,5.2194,1.0670,1,1.579,1.756
803,DATA_20260319_080000.BIN,2.4140,5.1990,1.7763,5.1990,2.2550,1,1.253,1.435
804,DATA_20260319_080000.BIN,2.2775,4.7647,1.8639,4.7647,1.2210,1,1.147,1.158
805,DATA_20260319_080000.BIN,1.8639,4.8783,2.0702,4.8783,1.1770,1,0.515,0.520
806,DATA_20260319_080000.BIN,2.0702,4.9293,1.7281,4.9293,1.2320,1,0.327,1.835
807,DATA_20260319_080000.BIN,1.7281,4.3351,1.8613,4.3351,1.1440,1,0.369,0.458
808,DATA_20260319_080000.BIN,1.8613,4.8048,1.8833,4.8048,1.2430,1,0.333,0.364
809,DATA_20260319_080000.BIN,1.8833,4.5962,1.8505,4.5962,1.2320,1,0.601,0.717
810,DATA_20260319_080000.BIN,1.8505,4.7197,2.0257,4.7197,1.1660,1,0.413,0.851
811,DATA_20260319_080000.BIN,3.0557,5.5833,2.6039,5.5833,1.2210,1,1.675,1.739
812,DATA_20260319_080000.BIN,3.3186,6.7165,3.3344,6.7165,1.1550,1,1.999,2.020
813,DATA_20260319_080000.BIN,2.6246,5.5206,3.1561,5.5206,2.4640,1,0.930,0.940
814,DATA_20260319_080000.BIN,3.1561,6.5766,1.6863,6.5766,2.2990,1,1.270,1.344
815,DATA_20260319_080000.BIN,1.6863,7.6907,1.6882,7.6907,2.5740,1,0.854,1.328
816,DATA_20260319_080000.BIN,2.7332,5.7821,1.0558,5.7821,2.5740,1,2.704,2.746
817,DATA_20260319_080000.BIN,1.0558,4.7579,2.4298,4.7579,2.5740,1,0.299,4.020
818,DATA_20260319_080000.BIN,2.4298,6.6451,3.2857,6.6451,2.3760,1,4.899,4.918
819,DATA_20260319_080000.BIN,1.5705,5.1295,0.6284,5.1295,2.9260,1,3.365,3.457
820,DATA_20260319_080000.BIN,1.5249,4.1505,0.2828,4.1505,2.1890,1,3.185,3.196
821,DATA_20260319_080000.BIN,0.2828,4.0445,1.8115,4.0445,1.3750,1,1.074,1.801
822,DATA_20260319_080000.BIN,1.8115,4.0258,2.4579,4.0258,1.2540,1,3.242,3.245
823,DATA_20260319_080000.BIN,1.2498,3.9471,1.3724,3.9471,1.2210,1,2.207,2.212
824,DATA_20260319_080000.BIN,1.3724,4.3457,0.9199,4.3457,1.2320,1,1.708,2.357
825,DATA_20260319_080000.BIN,0.9199,4.5737,1.4643,4.5737,1.1990,1,1.229,1.429
826,DATA_20260319_080000.BIN,1.4643,4.6277,1.9665,4.6277,1.1770,1,1.648,1.874
827,DATA_20260319_080000.BIN,1.6003,5.6114,1.2927,5.6114,1.1440,1,2.085,2.241
828,DATA_20260319_080000.BIN,1.2927,4.5104,0.9972,4.5104,1.1990,1,1.639,1.644
829,DATA_20260319_080000.BIN,0.9972,4.1946,1.2796,4.1946,1.1990,1,0.998,1.391
830,DATA_20260319_080000.BIN,1.2796,4.5333,1.8816,4.5333,1.2430,1,1.184,1.388
831,DATA_20260319_080000.BIN,1.8816,4.4658,1.7885,4.4658,1.1770,1,1.815,1.880
832,DATA_20260319_080000.BIN,1.1529,4.5469,1.5507,4.5469,1.2540,1,1.144,1.299
833,DATA_20260319_080000.BIN,1.5507,4.7182,1.5286,4.7182,1.2210,1,1.697,2.132
834,DATA_20260319_080000.BIN,1.5286,4.5302,1.5061,4.5302,1.1550,1,1.121,1.136
835,DATA_20260319_080000.BIN,1.5061,4.4074,2.0797,4.4074,1.2760,1,0.823,1.179
836,DATA_20260319_080000.BIN,3.1076,6.5421,3.9594,6.5421,1.4850,1,2.984,2.984
837,DATA_20260319_080000.BIN,3.9594,8.7439,4.4831,8.7439,1.4080,1,4.352,4.677
838,DATA_20260319_080000.BIN,4.4831,11.0222,3.9083,11.0222,1.4960,1,4.456,7.162
839,DATA_20260319_080000.BIN,3.2078,7.6648,2.5873,7.6648,1.3200,1,2.605,3.839
840,DATA_20260319_080000.BIN,2.5873,5.1410,2.5880,5.1410,1.1440,1,1.582,2.891
841,DATA_20260319_080000.BIN,2.5880,7.1648,4.3569,7.1648,1.4630,1,1.561,1.567
842,DATA_20260319_080000.BIN,4.3569,8.2683,4.3655,8.2683,1.2430,1,3.637,4.897
843,DATA_20260319_080000.BIN,4.3655,7.8052,3.2950,7.8052,1.2980,1,3.083,4.498
844,DATA_20260319_080000.BIN,3.2950,6.8655,1.7120,6.8655,1.3530,1,1.654,2.283
845,DATA_20260319_080000.BIN,1.7120,5.5415,1.9269,5.5415,1.1550,1,0.941,0.945
846,DATA_20260319_080000.BIN,3.9793,6.8519,2.5192,6.8519,1.1660,1,2.299,2.677
847,DATA_20260319_080000.BIN,2.5192,5.6814,2.5969,5.6814,1.0450,1,0.480,0.504
848,DATA_20260319_080000.BIN,4.2685,7.3432,2.8608,7.3432,1.2540,1,2.572,2.664
849,DATA_20260319_080000.BIN,2.8608,6.4314,3.5300,6.4314,1.2980,1,1.322,2.028
850,DATA_20260319_080000.BIN,3.5300,6.1702,2.3505,6.1702,1.3090,1,1.323,1.584
851,DATA_20260319_080000.BIN,2.3505,6.6671,3.0150,6.6671,1.3860,1,0.462,1.389
852,DATA_20260319_080000.BIN,3.0150,5.8944,2.9338,5.8944,1.1110,1,1.145,1.269
853,DATA_20260319_080000.BIN,2.9338,7.7697,3.5502,7.7697,1.0780,1,1.102,1.176
854,DATA_20260319_080000.BIN,3.5502,8.1448,3.9688,8.1448,1.0560,1,1.674,1.677
855,DATA_20260319_080000.BIN,3.9688,9.6386,4.3436,9.6386,1.0560,1,1.549,1.549
856,DATA_20260319_080000.BIN,4.3436,12.2685,9.1554,12.2685,2.2000,1,2.222,2.362
857,DATA_20260319_080000.BIN,9.1554,12.3430,8.4653,12.3430,1.4080,1,7.390,8.324
858,DATA_20260319_080000.BIN,8.4653,11.8094,8.5335,11.8094,1.3200,1,5.901,6.663
859,DATA_20260319_080000.BIN,7.7689,10.8416,7.7376,10.8416,1.4520,1,4.515,4.805
860,DATA_20260319_080000.BIN,6.0288,9.5354,6.4793,9.5354,1.3200,1,1.892,2.525
861,DATA_20260319_080000.BIN,6.4793,9.5733,6.7542,9.5733,1.2870,1,2.220,2.826
862,DATA_20260319_080000.BIN,6.7542,9.5590,5.6866,9.5590,1.3750,1,2.492,3.027
863,DATA_20260319_080000.BIN,5.6866,8.8277,4.6723,8.8277,1.2650,1,1.018,1.357
864,DATA_20260319_080000.BIN,4.6723,7.8416,2.8338,7.8416,1.3090,1,1.009,1.139
865,DATA_20260319_080000.BIN,2.8338,6.6573,3.0527,6.6573,1.1220,1,2.772,2.772
866,DATA_20260319_080000.BIN,3.0527,7.3588,3.5004,7.3588,1.4520,1,2.703,2.944
867,DATA_20260319_080000.BIN,1.8420,5.8754,2.7307,5.8754,1.6060,1,3.394,3.835
868,DATA_20260319_080000.BIN,2.7307,6.2303,2.2297,6.2303,1.1990,1,2.013,2.675
869,DATA_20260319_080000.BIN,2.2297,7.0744,2.1728,7.0744,1.2100,1,2.437,2.807
870,DATA_20260319_080000.BIN,2.1728,6.8773,3.8269,6.8773,1.0340,1,2.674,2.731
871,DATA_20260319_080000.BIN,3.8269,7.9418,4.1247,7.9418,1.9140,1,2.720,2.721
872,DATA_20260319_080000.BIN,4.1247,8.7168,2.6182,8.7168,1.2650,1,0.983,1.464
873,DATA_20260319_080000.BIN,2.6182,7.6335,3.2726,7.6335,1.2430,1,1.965,2.017
874,DATA_20260319_080000.BIN,3.2726,7.7886,2.9508,7.7886,1.2540,1,2.861,2.865
875,DATA_20260319_080000.BIN,2.9508,7.2138,2.8487,7.2138,1.1770,1,0.697,0.793
876,DATA_20260319_080000.BIN,2.8487,7.0935,2.8916,7.0935,1.1880,1,0.789,1.290
877,DATA_20260319_080000.BIN,2.8916,6.7054,1.6229,6.7054,1.2430,1,1.562,1.814
878,DATA_20260319_080000.BIN,1.6229,6.6450,3.0194,6.6450,1.2650,1,2.134,2.230
879,DATA_20260319_080000.BIN,3.0194,7.1157,3.1040,7.1157,1.1770,1,0.401,0.437
880,DATA_20260319_080000.BIN,3.1040,8.0511,3.1855,8.0511,1.2210,1,0.398,0.878
881,DATA_20260319_080000.BIN,3.1855,7.4016,0.2146,7.4016,2.3870,1,0.646,0.925
882,DATA_20260319_080000.BIN,1.3704,7.2540,1.3654,7.2540,2.7610,1,5.155,5.256
883,DATA_20260319_080000.BIN,1.3654,9.1030,4.5203,9.1030,5.5440,1,4.683,7.818
884,DATA_20260319_080000.BIN,4.5203,7.2803,4.1812,7.2803,3.8610,1,8.532,9.030
885,DATA_20260319_080000.BIN,4.1812,6.5047,1.6919,6.5047,4.6420,1,6.961,7.003
886,DATA_20260319_080000.BIN,1.6919,4.4613,0.6870,4.4613,3.3330,1,3.061,3.565
887,DATA_20260319_080000.BIN,0.6870,4.1755,0.1818,4.1755,9.5370,1,1.675,5.374
888,DATA_20260319_080000.BIN,2.0412,6.7282,1.5040,6.7282,7.6120,1,2.655,2.673
889,DATA_20260319_080000.BIN,1.5040,5.8529,1.6448,5.8529,2.7940,1,2.587,2.624
890,DATA_20260319_080000.BIN,1.6448,13.6566,2.8029,13.6566,4.1250,1,3.189,6.180
891,DATA_20260319_080000.BIN,2.8029,7.7240,2.9065,7.7240,2.0900,1,4.163,5.428
892,DATA_20260319_080000.BIN,2.9065,7.2716,3.5298,7.2716,1.6610,1,3.126,3.552
893,DATA_20260319_080000.BIN,1.6486,4.6050,0.9463,4.6050,1.8920,1,2.086,2.949
894,DATA_20260319_080000.BIN,0.9463,4.5044,1.3862,4.5044,1.1990,1,1.417,1.566
895,DATA_20260319_080000.BIN,1.3862,5.0926,2.2201,5.0926,2.8930,1,1.582,1.600
896,DATA_20260319_080000.BIN,0.2993,6.7963,3.3458,6.7963,1.4740,1,0.221,1.228
897,DATA_20260319_080000.BIN,1.3739,4.4217,1.1358,4.4217,1.1660,1,1.574,1.955
898,DATA_20260319_080000.BIN,1.1358,5.1428,1.3523,5.1428,1.3530,1,0.927,1.521
899,DATA_20260319_080000.BIN,1.3523,3.4092,0.9545,3.4092,1.6060,1,1.676,1.921
900,DATA_20260319_080000.BIN,0.9545,2.3821,0.2635,2.3821,2.5300,1,0.948,1.036
901,DATA_20260319_080000.BIN,0.7919,5.3354,1.3935,5.3354,1.8480,1,1.322,2.103
902,DATA_20260319_080000.BIN,1.3935,5.3967,0.9148,5.3967,1.1440,1,1.379,1.744
903,DATA_20260319_080000.BIN,0.9148,4.4674,0.2358,4.4674,1.2430,1,1.152,1.180
904,DATA_20260319_080000.BIN,2.1948,9.8966,3.6277,9.8966,3.3000,1,3.482,4.242
905,DATA_20260319_080000.BIN,3.6277,8.3394,4.2759,8.3394,2.3870,1,5.584,7.350
906,DATA_20260319_080000.BIN,8.0453,11.1761,0.9879,11.1761,2.6180,1,9.369,9.474
907,DATA_20260319_080000.BIN,0.9879,7.8107,4.0737,7.8107,1.6830,1,1.876,4.605
908,DATA_20260319_080000.BIN,4.0737,14.7775,7.8874,14.7775,1.9580,1,5.165,5.344
909,DATA_20260319_080000.BIN,11.9942,15.2116,12.0466,15.2116,1.2870,1,15.488,15.500
910,DATA_20260319_080000.BIN,11.6502,14.2327,10.2505,14.2327,1.4740,1,13.139,13.140
911,DATA_20260319_080000.BIN,7.9632,10.6267,6.7927,10.6267,2.2770,1,7.091,7.518
912,DATA_20260319_080000.BIN,2.8844,7.9396,0.4137,7.9396,6.6220,1,0.053,1.554
913,DATA_20260319_080000.BIN,0.4137,5.3955,0.9266,5.3955,2.0460,1,3.975,5.616
914,DATA_20260319_080000.BIN,0.9266,3.4438,0.7428,3.4438,2.1010,1,3.942,4.187
915,DATA_20260319_080000.BIN,0.6862,2.5915,0.4744,2.5915,2.6400,1,2.107,4.027
916,DATA_20260319_080000.BIN,1.1015,4.5492,1.4063,4.5492,3.6300,1,2.155,2.202
917,DATA_20260319_080000.BIN,1.0164,4.0338,1.5771,4.0338,1.2760,1,1.517,1.860
918,DATA_20260319_080000.BIN,1.5771,5.1413,1.4260,5.1413,1.2210,1,0.580,1.982
919,DATA_20260319_080000.BIN,1.4260,4.9600,1.5657,4.9600,1.3090,1,0.955,2.599
920,DATA_20260319_080000.BIN,1.3252,4.1874,0.5471,4.1874,1.4850,1,1.932,2.311
921,DATA_20260319_080000.BIN,2.2584,7.7523,3.5267,7.7523,1.4190,1,1.434,2.759
922,DATA_20260319_080000.BIN,3.5267,8.9185,3.0993,8.9185,1.2100,1,2.717,3.000
923,DATA_20260319_080000.BIN,3.0841,5.2965,1.9204,5.2965,1.2320,1,2.856,2.856
924,DATA_20260319_080000.BIN,2.9549,5.9882,2.8442,5.9882,1.1330,1,2.082,2.106
925,DATA_20260319_080000.BIN,2.8442,5.4712,2.7625,5.4712,1.2540,1,1.027,2.185
926,DATA_20260319_080000.BIN,2.7625,5.4088,3.5875,5.4088,1.2210,1,1.417,1.793
927,DATA_20260319_080000.BIN,2.9871,5.0784,2.3471,5.0784,1.3420,1,1.181,2.333
928,DATA_20260319_080000.BIN,2.3471,5.5501,3.3758,5.5501,1.2430,1,1.231,1.642
929,DATA_20260319_080000.BIN,2.8767,5.6822,2.3968,5.6822,2.3210,1,1.947,2.658
930,DATA_20260319_080000.BIN,1.7079,5.7085,2.2454,5.7085,1.3090,1,0.373,1.300
931,DATA_20260319_080000.BIN,2.2454,5.3788,2.2369,5.3788,3.5970,1,1.151,1.943
932,DATA_20260319_080000.BIN,2.2014,5.9719,3.1437,5.9719,8.0300,1,2.663,3.593
933,DATA_20260319_080000.BIN,4.2246,13.8214,11.0529,13.8214,2.9920,1,1.951,3.769
934,DATA_20260319_090000.BIN,5.2397,10.6054,6.3717,10.6054,5.5440,1,4.219,4.221
935,DATA_20260319_090000.BIN,6.6912,8.8252,5.1266,8.8252,3.0140,1,3.578,3.611
936,DATA_20260319_090000.BIN,5.1266,8.3375,5.3067,8.3375,1.4300,1,3.617,6.824
937,DATA_20260319_090000.BIN,5.3067,8.9556,6.4281,8.9556,1.4080,1,3.132,4.578
938,DATA_20260319_090000.BIN,4.5752,11.7640,5.7373,11.7640,3.0690,1,3.536,4.200
939,DATA_20260319_090000.BIN,5.7373,9.5263,5.2946,9.5263,2.9370,1,2.264,2.804
940,DATA_20260319_090000.BIN,5.2216,8.7760,5.4182,8.7760,1.3640,1,2.180,4.001
941,DATA_20260319_090000.BIN,5.4182,9.5751,5.6775,9.5751,1.4410,1,1.887,3.652
942,DATA_20260319_090000.BIN,5.6775,9.1958,5.6336,9.1958,1.3420,1,1.358,3.763
943,DATA_20260319_090000.BIN,6.0729,10.0786,7.0096,10.0786,1.4740,1,0.814,3.301
944,DATA_20260319_090000.BIN,7.0096,9.9430,6.3548,9.9430,1.3860,1,0.628,2.500
945,DATA_20260319_090000.BIN,7.2571,10.4455,7.0659,10.4455,2.3760,1,0.851,2.547
946,DATA_20260319_090000.BIN,7.6345,11.0970,6.9394,11.0970,2.5080,1,2.007,3.217
947,DATA_20260319_090000.BIN,7.5656,11.8868,7.3169,11.8868,0.9900,1,1.037,1.136
948,DATA_20260319_090000.BIN,7.8286,12.1211,8.3923,12.1211,2.1340,1,1.216,1.781
949,DATA_20260319_090000.BIN,8.3923,12.4991,8.5670,12.4991,1.5290,1,2.654,3.091
950,DATA_20260319_090000.BIN,7.2551,11.4515,6.3889,11.4515,2.2990,1,0.294,1.773
951,DATA_20260319_090000.BIN,6.3889,10.1934,6.7508,10.1934,1.3750,1,0.905,1.268
952,DATA_20260319_090000.BIN,1.3279,7.7597,0.5675,7.7597,3.9600,1,6.451,6.792
953,DATA_20260319_090000.BIN,0.5675,9.3713,4.2057,9.3713,6.4020,1,7.676,8.264
954,DATA_20260319_090000.BIN,4.2057,8.2509,5.4290,8.2509,1.4850,1,1.733,1.942
955,DATA_20260319_090000.BIN,3.0196,9.7193,0.7516,9.7193,6.3360,1,3.202,3.202
956,DATA_20260319_090000.BIN,1.0662,9.8997,5.2212,9.8997,6.0170,1,6.579,6.630
957,DATA_20260319_090000.BIN,13.5994,19.9987,3.0181,19.9987,3.3880,1,10.696,12.376
958,DATA_20260319_090000.BIN,0.4635,9.7742,2.6187,9.7742,1.2650,1,6.731,7.163
959,DATA_20260319_090000.BIN,2.6187,7.9702,0.7328,7.9702,3.3880,1,7.823,8.726
960,DATA_20260319_090000.BIN,0.4404,7.2618,1.8343,7.2618,2.8930,1,4.902,4.986
961,DATA_20260319_090000.BIN,1.8343,8.8889,3.6311,8.8889,3.3660,1,5.494,8.732
962,DATA_20260319_090000.BIN,3.6311,6.8283,2.2716,6.8283,1.1880,1,5.231,5.253
963,DATA_20260319_090000.BIN,2.2716,8.8225,3.6598,8.8225,1.3090,1,5.309,5.437
964,DATA_20260319_090000.BIN,2.7215,9.5043,1.6083,9.5043,3.8280,1,2.899,3.122
965,DATA_20260319_090000.BIN,0.6046,4.5748,0.8113,4.5748,1.2870,1,3.666,3.706
966,DATA_20260319_090000.BIN,0.8113,5.1604,1.2738,5.1604,1.2540,1,2.123,4.023
967,DATA_20260319_090000.BIN,0.7955,6.6607,1.1226,6.6607,3.8390,1,3.323,3.983
968,DATA_20260319_090000.BIN,0.6077,5.0573,0.7762,5.0573,3.9600,1,1.892,2.914
969,DATA_20260319_090000.BIN,0.7762,6.2998,1.2600,6.2998,2.7280,1,2.899,3.129
970,DATA_20260319_090000.BIN,1.2600,6.3888,0.5200,6.3888,2.6180,1,0.435,1.988
971,DATA_20260319_090000.BIN,0.5200,4.2283,0.3878,4.2283,5.0270,1,1.019,3.029
972,DATA_20260319_090000.BIN,0.3878,5.8340,1.6415,5.8340,7.7110,1,1.691,4.804
973,DATA_20260319_090000.BIN,0.6257,9.6089,6.0676,9.6089,4.1030,1,1.000,2.194
974,DATA_20260319_090000.BIN,6.4315,10.9574,7.8490,10.9574,4.2900,1,6.194,6.316
975,DATA_20260319_090000.BIN,7.8490,10.4547,6.4242,10.4547,3.6960,1,7.222,7.394
976,DATA_20260319_090000.BIN,6.4242,10.2306,4.8620,10.2306,3.7070,1,5.310,5.699
977,DATA_20260319_090000.BIN,4.8620,8.3628,5.1932,8.3628,2.0900,1,2.914,3.794
978,DATA_20260319_090000.BIN,5.1932,9.1844,4.7913,9.1844,4.8950,1,2.847,2.914
979,DATA_20260319_090000.BIN,3.4414,6.8052,3.3762,6.8052,1.5950,1,0.508,1.530
980,DATA_20260319_090000.BIN,3.3762,7.7182,4.5050,7.7182,4.2020,1,1.087,1.091
981,DATA_20260319_090000.BIN,1.2002,17.3680,13.1879,17.3680,6.6990,1,2.196,2.294
982,DATA_20260319_090000.BIN,11.4351,15.6598,10.9127,15.6598,1.3530,1,10.106,10.134
983,DATA_20260319_090000.BIN,10.9127,15.8490,11.5593,15.8490,1.2430,1,8.575,8.585
984,DATA_20260319_090000.BIN,2.6958,9.1641,5.1094,9.1641,5.9180,1,2.481,2.487
985,DATA_20260319_090000.BIN,5.1094,7.6040,3.4420,7.6040,3.6190,1,1.609,2.292
986,DATA_20260319_090000.BIN,0.9517,6.1537,0.6549,6.1537,1.2320,1,3.793,3.798
987,DATA_20260319_090000.BIN,6.5155,9.6968,0.3601,9.6968,5.3900,1,12.403,12.999
988,DATA_20260319_090000.BIN,0.3601,5.5906,0.4872,5.5906,2.1010,1,3.235,3.931
989,DATA_20260319_090000.BIN,6.4633,16.9374,2.8655,16.9374,3.5200,1,10.271,10.352
990,DATA_20260319_090000.BIN,2.3267,7.0656,1.2252,7.0656,1.1110,1,4.585,4.757
991,DATA_20260319_090000.BIN,1.2252,9.7793,0.7237,9.7793,3.2780,1,2.314,3.948
992,DATA_20260319_090000.BIN,0.7237,7.8241,1.5242,7.8241,2.3210,1,2.183,3.031
993,DATA_20260319_090000.BIN,1.5242,6.2113,2.7808,6.2113,1.8920,1,3.088,10.896
994,DATA_20260319_090000.BIN,2.7808,11.5212,6.2286,11.5212,7.8650,1,4.125,4.420
995,DATA_20260319_090000.BIN,6.2286,10.9347,1.4531,10.9347,3.7290,1,8.067,8.377
996,DATA_20260319_090000.BIN,1.4531,4.3556,0.5098,4.3556,7.3260,1,0.883,3.909
997,DATA_20260319_090000.BIN,3.1406,6.7073,3.2340,6.7073,1.2870,1,3.374,3.384
998,DATA_20260319_090000.BIN,1.8056,9.3379,3.9485,9.3379,3.8940,1,1.572,1.572
999,DATA_20260319_090000.BIN,3.9485,8.0660,1.2220,8.0660,2.3760,1,4.200,4.245
1000,DATA_20260319_090000.BIN,1.2220,8.0942,5.2657,8.0942,2.6400,1,1.103,1.158
1001,DATA_20260319_090000.BIN,5.2657,10.6276,1.7706,10.6276,4.5540,1,4.648,6.063
1002,DATA_20260319_090000.BIN,1.7706,6.0823,2.2422,6.0823,1.5290,1,0.898,1.818
1003,DATA_20260319_090000.BIN,2.2422,13.1320,2.4008,13.1320,4.9280,1,2.005,2.688
1004,DATA_20260319_090000.BIN,2.0126,5.0442,1.0727,5.0442,1.2870,1,1.300,1.881
1005,DATA_20260319_090000.BIN,2.9333,7.0637,1.5819,7.0637,3.9380,1,2.002,3.515
1006,DATA_20260319_090000.BIN,4.7131,7.6330,1.0142,7.6330,4.0810,1,4.538,4.942
1007,DATA_20260319_090000.BIN,1.0142,7.1828,1.0578,7.1828,1.9580,1,3.009,3.382
1008,DATA_20260319_090000.BIN,0.8863,6.6892,3.0228,6.6892,1.6940,1,1.255,1.536
1009,DATA_20260319_090000.BIN,3.0228,9.2807,3.1247,9.2807,2.8270,1,3.486,3.508
1010,DATA_20260319_090000.BIN,1.4448,8.7265,1.2893,8.7265,2.8270,1,0.542,0.950
1011,DATA_20260319_090000.BIN,1.2893,10.6646,0.5461,10.6646,4.4990,1,0.205,0.904
1012,DATA_20260319_090000.BIN,0.5461,10.3744,2.6949,10.3744,4.7960,1,0.952,1.588
1013,DATA_20260319_090000.BIN,2.6949,9.4643,5.8651,9.4643,3.2230,1,1.950,2.313
1014,DATA_20260319_090000.BIN,5.8651,9.0346,4.5501,9.0346,3.2560,1,5.221,5.435
1015,DATA_20260319_090000.BIN,4.5501,8.3481,3.7139,8.3481,2.0570,1,4.402,4.416
1016,DATA_20260319_090000.BIN,6.6290,19.0788,5.6086,19.0788,7.2820,1,8.762,8.829
1017,DATA_20260319_090000.BIN,5.6086,18.6201,11.7422,18.6201,4.8950,1,5.229,6.012
1018,DATA_20260319_090000.BIN,11.7422,20.7206,4.8482,20.7206,3.6960,1,12.483,12.934
1019,DATA_20260319_090000.BIN,4.8482,7.7538,2.5666,7.7538,1.8260,1,3.349,5.821
1020,DATA_20260319_090000.BIN,2.5666,9.5655,3.0833,9.5655,3.0910,1,0.383,2.315
1021,DATA_20260319_090000.BIN,3.0833,18.2008,3.5433,18.2008,4.2350,1,5.532,5.542
1022,DATA_20260319_090000.BIN,3.5433,10.7900,5.7549,10.7900,2.7500,1,3.349,4.610
1023,DATA_20260319_090000.BIN,5.7549,9.9376,2.3578,9.9376,5.4890,1,3.904,5.013
1024,DATA_20260319_090000.BIN,3.4125,10.7050,3.6042,10.7050,3.9710,1,4.082,4.650
1025,DATA_20260319_090000.BIN,3.6042,7.6451,2.3965,7.6451,1.1220,1,2.459,2.464
1026,DATA_20260319_090000.BIN,2.3965,17.3399,5.1038,17.3399,8.5470,1,0.558,2.632
1027,DATA_20260319_090000.BIN,5.1038,9.5558,4.9133,9.5558,2.9040,1,4.599,7.685
1028,DATA_20260319_090000.BIN,3.8299,10.0425,2.8137,10.0425,2.0130,1,4.616,4.921
1029,DATA_20260319_090000.BIN,1.0997,12.0188,1.0856,12.0188,3.4870,1,2.740,2.740
1030,DATA_20260319_090000.BIN,1.0856,7.3650,2.7392,7.3650,1.7930,1,1.456,2.034
1031,DATA_20260319_090000.BIN,2.7392,14.9469,10.3190,14.9469,1.6830,1,4.194,5.906
1032,DATA_20260319_090000.BIN,8.3378,12.0799,8.0200,12.0799,1.6280,1,9.194,10.823
1033,DATA_20260319_090000.BIN,9.5437,12.5578,9.1992,12.5578,1.5730,1,10.052,10.157
1034,DATA_20260319_090000.BIN,9.1992,12.6035,9.5764,12.6035,1.4190,1,8.974,9.215
1035,DATA_20260319_090000.BIN,7.8205,10.3636,0.3419,10.3636,4.8620,1,6.464,6.572
1036,DATA_20260319_090000.BIN,0.3419,9.5172,0.6723,9.5172,7.1170,1,3.644,3.774
1037,DATA_20260319_090000.BIN,6.2939,9.0166,4.3130,9.0166,2.8820,1,4.432,8.096
1038,DATA_20260319_090000.BIN,4.3130,14.4754,3.7215,14.4754,5.4780,1,2.157,5.170
1039,DATA_20260319_090000.BIN,3.7215,9.7824,6.1310,9.7824,1.7930,1,3.250,3.331
1040,DATA_20260319_090000.BIN,6.1310,15.6390,1.6553,15.6390,7.5790,1,3.183,3.463
1041,DATA_20260319_090000.BIN,1.6553,4.6179,0.9807,4.6179,3.1350,1,3.089,4.175
1042,DATA_20260319_090000.BIN,0.9807,6.1260,1.5973,6.1260,3.7620,1,2.828,2.828
1043,DATA_20260319_090000.BIN,7.7522,15.6524,0.2313,15.6524,9.3940,1,5.194,5.531
1044,DATA_20260319_090000.BIN,0.2313,3.9291,0.7127,3.9291,5.0930,1,3.632,4.279
1045,DATA_20260319_090000.BIN,0.7127,6.0788,0.6070,6.0788,3.3660,1,4.080,4.208
1046,DATA_20260319_090000.BIN,1.3281,4.2634,0.3512,4.2634,3.9820,1,4.856,5.105
1047,DATA_20260319_090000.BIN,0.3512,3.4912,0.4489,3.4912,2.6400,1,3.502,4.246
1048,DATA_20260319_090000.BIN,0.4489,14.4698,5.8286,14.4698,7.5020,1,3.211,3.692
1049,DATA_20260319_090000.BIN,2.6766,9.0859,5.4090,9.0859,4.9500,1,5.388,5.388
1050,DATA_20260319_090000.BIN,0.6638,5.0023,2.0239,5.0023,1.9470,1,1.385,3.048
1051,DATA_20260319_090000.BIN,0.6121,6.1378,2.7618,6.1378,3.2780,1,1.670,1.786
1052,DATA_20260319_090000.BIN,2.7618,9.6557,2.8848,9.6557,5.8630,1,4.571,4.858
1053,DATA_20260319_090000.BIN,2.8848,8.2401,1.6686,8.2401,5.2800,1,3.713,3.819
1054,DATA_20260319_090000.BIN,1.6686,8.8149,3.8568,8.8149,1.1440,1,3.129,3.789
1055,DATA_20260319_090000.BIN,3.8568,7.5027,4.0844,7.5027,5.1480,1,5.303,5.347
1056,DATA_20260319_090000.BIN,0.1453,13.9629,7.0915,13.9629,2.3980,1,0.365,3.142
1057,DATA_20260319_090000.BIN,2.9354,7.2781,2.9341,7.2781,1.5290,1,3.240,3.302
1058,DATA_20260319_090000.BIN,2.9341,6.3978,2.3411,6.3978,1.3860,1,2.573,3.482
1059,DATA_20260319_090000.BIN,2.3411,9.0620,2.1163,9.0620,3.9160,1,3.629,3.854
1060,DATA_20260319_090000.BIN,2.1163,4.7682,1.2470,4.7682,2.7720,1,1.598,6.113
1061,DATA_20260319_090000.BIN,1.2470,5.0882,1.4439,5.0882,2.8490,1,1.912,2.278
1062,DATA_20260319_090000.BIN,1.4439,5.5201,1.2257,5.5201,2.2000,1,1.494,1.497
1063,DATA_20260319_090000.BIN,2.2619,5.0392,0.5056,5.0392,3.1900,1,2.981,3.131
1064,DATA_20260319_090000.BIN,0.6517,9.5810,0.1847,9.5810,2.7610,1,0.438,4.113
1065,DATA_20260319_090000.BIN,0.1971,7.6950,2.7492,7.6950,5.4340,1,0.572,0.975
1066,DATA_20260319_090000.BIN,2.7492,7.1582,0.6170,7.1582,1.3420,1,3.639,5.899
1067,DATA_20260319_090000.BIN,0.6170,9.5814,1.5587,9.5814,5.9840,1,0.950,2.048
1068,DATA_20260319_090000.BIN,1.5587,5.6937,0.6981,5.6937,2.4200,1,1.724,2.737
1069,DATA_20260319_090000.BIN,0.6981,6.9504,1.6604,6.9504,2.5740,1,1.150,2.823
1070,DATA_20260319_090000.BIN,1.6604,8.1037,0.3733,8.1037,1.6170,1,2.107,2.371
1071,DATA_20260319_090000.BIN,0.9537,6.3738,0.4505,6.3738,4.5100,1,0.762,3.121
1072,DATA_20260319_090000.BIN,2.4107,5.0525,1.7416,5.0525,2.8930,1,2.859,3.954
1073,DATA_20260319_090000.BIN,0.8559,5.8145,2.8329,5.8145,1.7270,1,0.638,4.928
1074,DATA_20260319_090000.BIN,2.8329,7.5006,2.5356,7.5006,4.2900,1,3.300,3.302
1075,DATA_20260319_090000.BIN,2.5356,8.5000,1.8532,8.5000,3.8500,1,2.674,3.698
1076,DATA_20260319_090000.BIN,2.0604,9.5093,1.9255,9.5093,4.3450,1,2.538,2.667
1077,DATA_20260319_090000.BIN,1.9255,5.8550,3.3064,5.8550,2.8380,1,1.787,1.964
1078,DATA_20260319_090000.BIN,1.5185,5.3930,1.0131,5.3930,2.0570,1,1.803,1.882
1079,DATA_20260319_090000.BIN,0.5123,6.5136,1.1972,6.5136,3.6960,1,1.555,1.943
1080,DATA_20260319_090000.BIN,0.2732,8.6718,1.2745,8.6718,4.6750,1,0.810,3.799
1081,DATA_20260319_090000.BIN,1.2745,4.9555,1.7694,4.9555,1.4410,1,1.940,1.944
1082,DATA_20260319_090000.BIN,1.2656,5.0468,0.8284,5.0468,1.7820,1,1.512,2.307
1083,DATA_20260319_090000.BIN,0.8284,12.4648,3.6589,12.4648,4.6750,1,1.297,1.660
1084,DATA_20260319_090000.BIN,3.6589,6.8229,3.9467,6.8229,5.6650,1,4.359,4.463
1085,DATA_20260319_090000.BIN,1.6953,5.8912,2.7909,5.8912,2.0900,1,1.752,2.627
1086,DATA_20260319_090000.BIN,4.5340,9.9579,3.7533,9.9579,4.5430,1,4.942,5.143
1087,DATA_20260319_090000.BIN,3.7533,9.3972,1.1247,9.3972,7.8430,1,3.584,3.991
1088,DATA_20260319_090000.BIN,1.1247,14.7673,0.8251,14.7673,7.0730,1,0.684,3.931
1089,DATA_20260319_090000.BIN,0.8251,10.8497,7.3143,10.8497,6.1490,1,0.625,1.263
1090,DATA_20260319_090000.BIN,7.3143,10.5987,5.3480,10.5987,3.0580,1,8.948,11.758
1091,DATA_20260319_090000.BIN,5.3480,10.3736,6.3015,10.3736,4.2570,1,6.825,15.069
1092,DATA_20260319_090000.BIN,6.3015,9.4998,5.0947,9.4998,2.9150,1,6.163,8.170
1093,DATA_20260319_090000.BIN,5.0947,8.9874,2.4653,8.9874,5.7640,1,4.926,10.690
1094,DATA_20260319_090000.BIN,4.2887,11.0620,5.3610,11.0620,5.7530,1,1.901,1.908
1095,DATA_20260319_090000.BIN,7.2716,9.5683,5.5881,9.5683,4.2790,1,4.948,7.031
1096,DATA_20260319_090000.BIN,2.0295,6.3916,0.5651,6.3916,2.7940,1,1.461,2.514
1097,DATA_20260319_090000.BIN,0.5651,4.6267,2.0215,4.6267,3.1790,1,3.175,3.508
1098,DATA_20260319_090000.BIN,2.0215,6.1242,3.0786,6.1242,4.4000,1,6.709,8.953
1099,DATA_20260319_090000.BIN,3.0786,8.2762,0.9056,8.2762,4.8620,1,2.049,2.730
1100,DATA_20260319_090000.BIN,0.9056,8.3409,3.1408,8.3409,1.9360,1,1.633,1.905
1101,DATA_20260319_090000.BIN,3.1408,10.9503,1.1619,10.9503,3.2890,1,2.342,3.460
1102,DATA_20260319_090000.BIN,1.1619,6.7112,1.5808,6.7112,2.7610,1,2.346,2.437
1103,DATA_20260319_090000.BIN,0.3220,6.4344,0.8432,6.4344,3.1790,1,3.255,4.385
1104,DATA_20260319_090000.BIN,0.8432,6.8518,3.8217,6.8518,2.4200,1,1.779,2.998
1105,DATA_20260319_090000.BIN,3.8217,7.9673,3.0065,7.9673,2.0680,1,6.131,6.131
1106,DATA_20260319_090000.BIN,3.5707,7.0618,3.1801,7.0618,1.3200,1,1.829,4.759
1107,DATA_20260319_090000.BIN,0.2875,6.1427,2.3588,6.1427,1.5180,1,2.705,4.689
1108,DATA_20260319_090000.BIN,2.3588,4.6844,0.9131,4.6844,1.4630,1,4.141,4.821
1109,DATA_20260319_090000.BIN,0.9672,4.9244,0.4832,4.9244,1.3420,1,2.942,4.008
1110,DATA_20260319_090000.BIN,1.0346,4.2141,1.1031,4.2141,8.3380,1,1.744,2.827
1111,DATA_20260319_090000.BIN,1.1031,4.3152,1.2949,4.3152,7.8100,1,1.257,1.297
1112,DATA_20260319_090000.BIN,4.9722,14.0603,5.4167,14.0603,3.9050,1,5.038,6.877
1113,DATA_20260319_090000.BIN,5.4167,12.0896,8.7958,12.0896,3.8390,1,8.635,10.609
1114,DATA_20260319_090000.BIN,8.7958,12.3774,1.5266,12.3774,8.9210,1,10.213,10.411
1115,DATA_20260319_090000.BIN,1.5266,6.1100,1.4080,6.1100,5.2030,1,2.124,2.424
1116,DATA_20260319_090000.BIN,1.4080,7.3412,0.7200,7.3412,3.1570,1,2.075,6.653
1117,DATA_20260319_090000.BIN,0.7200,4.1388,1.4096,4.1388,1.4190,1,1.125,2.711
1118,DATA_20260319_090000.BIN,2.2227,7.0542,1.5640,7.0542,9.6470,1,3.550,5.031
1119,DATA_20260319_090000.BIN,0.2694,7.7072,0.2640,7.7072,7.3810,1,0.681,2.695
1120,DATA_20260319_090000.BIN,0.2640,6.4051,1.0671,6.4051,2.0680,1,0.633,1.079
1121,DATA_20260319_090000.BIN,0.7878,8.0075,1.4190,8.0075,6.6440,1,0.977,1.736
1122,DATA_20260319_090000.BIN,0.9337,6.5187,1.2201,6.5187,1.3750,1,0.677,0.955
1123,DATA_20260319_090000.BIN,3.7659,7.1249,2.2744,7.1249,1.9140,1,3.980,4.030
1124,DATA_20260319_090000.BIN,2.2744,10.3500,5.9233,10.3500,1.5840,1,1.857,2.345
1125,DATA_20260319_090000.BIN,1.7941,4.8919,2.0548,4.8919,1.3530,1,2.003,2.695
1126,DATA_20260319_090000.BIN,2.0548,6.1049,1.8174,6.1049,2.4310,1,3.146,3.925
1127,DATA_20260319_090000.BIN,1.8174,6.1051,0.4956,6.1051,2.5080,1,2.807,3.156
1128,DATA_20260319_090000.BIN,1.2161,3.9856,0.6756,3.9856,4.6200,1,1.639,2.606
1129,DATA_20260319_090000.BIN,0.6756,6.7662,0.8970,6.7662,5.0160,1,0.873,1.198
1130,DATA_20260319_090000.BIN,0.8970,8.6530,3.7498,8.6530,2.7500,1,1.110,2.519
1131,DATA_20260319_090000.BIN,1.4133,4.7211,1.3509,4.7211,1.7380,1,2.383,5.426
1132,DATA_20260319_090000.BIN,1.9981,5.4283,2.4484,5.4283,1.9030,1,2.661,5.184
1133,DATA_20260319_090000.BIN,2.4484,5.4801,1.0375,5.4801,2.9370,1,2.471,3.688
1134,DATA_20260319_090000.BIN,1.0375,4.7609,0.4969,4.7609,8.6900,1,0.810,0.895
1135,DATA_20260319_090000.BIN,0.4969,3.9596,0.3734,3.9596,4.3670,1,1.090,1.128
1136,DATA_20260319_090000.BIN,0.3734,5.4768,0.1190,5.4768,7.5680,1,1.008,2.186
1137,DATA_20260319_090000.BIN,0.1190,5.0646,0.8515,5.0646,4.9940,1,0.577,2.154
1138,DATA_20260319_090000.BIN,0.8515,8.6745,1.5653,8.6745,3.9820,1,1.934,4.202
1139,DATA_20260319_090000.BIN,1.5653,5.5021,1.5095,5.5021,1.4080,1,1.641,2.007
1140,DATA_20260319_090000.BIN,1.5095,5.9245,1.8194,5.9245,3.6520,1,1.154,1.664
1141,DATA_20260319_090000.BIN,1.0870,4.6079,1.4584,4.6079,3.8390,1,1.646,3.264
1142,DATA_20260319_090000.BIN,1.4584,3.9012,1.4476,3.9012,2.6950,1,1.807,2.500
1143,DATA_20260319_090000.BIN,1.9436,4.9323,0.3702,4.9323,3.8610,1,2.515,3.617
1144,DATA_20260319_090000.BIN,4.3915,8.2932,4.2897,8.2932,1.5950,1,4.958,5.725
1145,DATA_20260319_090000.BIN,4.2897,6.8625,1.3762,6.8625,3.0800,1,4.679,4.818
1146,DATA_20260319_090000.BIN,1.3762,4.5038,2.3330,4.5038,5.4890,1,0.584,2.284
1147,DATA_20260319_090000.BIN,1.9579,8.2855,4.0541,8.2855,2.8710,1,1.712,1.743
1148,DATA_20260319_090000.BIN,4.0541,8.8818,4.8538,8.8818,2.8490,1,4.010,5.352
1149,DATA_20260319_090000.BIN,3.5253,7.6711,4.3173,7.6711,4.7630,1,3.050,3.965
1150,DATA_20260319_090000.BIN,0.7395,4.3117,0.6862,4.3117,1.8040,1,2.399,8.192
1151,DATA_20260319_090000.BIN,0.6862,6.0266,2.7123,6.0266,3.0250,1,1.634,4.787
1152,DATA_20260319_090000.BIN,2.7123,6.1486,1.7705,6.1486,2.0680,1,4.427,4.649
1153,DATA_20260319_090000.BIN,1.7705,5.9960,3.0043,5.9960,2.6510,1,1.514,2.175
1154,DATA_20260319_090000.BIN,2.6558,5.9045,1.3194,5.9045,2.5740,1,2.379,3.801
1155,DATA_20260319_090000.BIN,1.3194,6.8108,2.6059,6.8108,1.4410,1,0.670,3.064
1156,DATA_20260319_090000.BIN,2.2715,5.4830,2.6399,5.4830,1.2980,1,1.874,3.293
1157,DATA_20260319_090000.BIN,2.6399,5.6895,2.2883,5.6895,1.3530,1,1.990,3.175
1158,DATA_20260319_090000.BIN,3.4753,7.5111,4.4161,7.5111,2.6730,1,4.072,4.483
1159,DATA_20260319_090000.BIN,0.9759,5.2131,0.9059,5.2131,4.2790,1,0.661,3.597
1160,DATA_20260319_090000.BIN,0.9059,5.7248,2.4539,5.7248,4.0810,1,1.300,1.419
1161,DATA_20260319_090000.BIN,2.4539,5.6108,2.5878,5.6108,1.3310,1,1.538,2.191
1162,DATA_20260319_090000.BIN,1.8687,5.4272,1.9951,5.4272,1.3420,1,1.006,1.982
1163,DATA_20260319_090000.BIN,1.9951,5.7126,0.9689,5.7126,1.3640,1,0.768,0.913
1164,DATA_20260319_090000.BIN,0.9689,5.3628,0.9235,5.3628,1.4300,1,0.653,0.662
1165,DATA_20260319_090000.BIN,0.9235,11.7867,2.9013,11.7867,6.6990,1,1.494,1.594
1166,DATA_20260319_090000.BIN,2.9013,5.7315,1.3016,5.7315,2.3540,1,4.677,4.711
1167,DATA_20260319_090000.BIN,1.3016,6.2041,1.0253,6.2041,4.1800,1,2.730,5.745
1168,DATA_20260319_090000.BIN,1.0253,7.1079,2.1659,7.1079,1.8810,1,2.339,4.006
1169,DATA_20260319_090000.BIN,2.1659,11.5505,0.7325,11.5505,3.6190,1,3.151,5.225
1170,DATA_20260319_090000.BIN,0.7325,11.6701,2.2228,11.6701,2.6290,1,1.061,1.116
1171,DATA_20260319_090000.BIN,2.2228,8.9067,1.1655,8.9067,3.4210,1,2.659,2.832
1172,DATA_20260319_090000.BIN,1.1655,7.4823,2.7704,7.4823,1.4520,1,1.059,1.521
1173,DATA_20260319_090000.BIN,2.7704,7.5693,3.2812,7.5693,1.2870,1,3.131,3.244
1174,DATA_20260319_090000.BIN,3.2812,14.0041,3.1879,14.0041,6.0390,1,3.998,5.575
1175,DATA_20260319_090000.BIN,1.1746,4.2602,0.9947,4.2602,3.3110,1,1.002,1.258
1176,DATA_20260319_090000.BIN,0.9947,8.2065,2.2478,8.2065,5.3900,1,0.354,0.358
1177,DATA_20260319_090000.BIN,2.2478,5.9032,1.1404,5.9032,1.6940,1,2.110,3.829
1178,DATA_20260319_090000.BIN,1.1404,5.9451,0.2388,5.9451,2.8160,1,0.990,1.684
1179,DATA_20260319_090000.BIN,0.2388,9.4198,1.0989,9.4198,6.6880,1,1.149,2.777
1180,DATA_20260319_090000.BIN,0.2716,3.2889,0.4140,3.2889,8.9980,1,1.131,1.768
1181,DATA_20260319_090000.BIN,0.3141,10.3699,0.1591,10.3699,8.9980,1,0.923,3.211
1182,DATA_20260319_090000.BIN,0.1591,4.8819,1.2423,4.8819,3.6190,1,1.006,2.775
1183,DATA_20260319_090000.BIN,1.2423,6.6172,1.9920,6.6172,1.8150,1,1.483,2.813
1184,DATA_20260319_090000.BIN,0.1883,4.3188,0.4621,4.3188,2.9040,1,1.172,2.081
1185,DATA_20260319_090000.BIN,0.4621,9.3260,5.6140,9.3260,9.7900,1,0.297,3.303
1186,DATA_20260319_090000.BIN,2.1036,5.1790,2.1039,5.1790,3.6190,1,1.798,2.113
1187,DATA_20260319_090000.BIN,2.1039,5.8466,0.7760,5.8466,2.7280,1,2.278,2.284
1188,DATA_20260319_090000.BIN,0.7760,7.4051,2.0388,7.4051,3.2670,1,0.062,0.156
1189,DATA_20260319_090000.BIN,2.5878,8.7103,2.4386,8.7103,4.9060,1,3.630,4.502
1190,DATA_20260319_090000.BIN,0.1651,4.1356,0.8271,4.1356,9.6030,1,0.756,1.513
1191,DATA_20260319_090000.BIN,0.0064,3.6486,0.3403,3.6486,3.4210,1,1.126,5.005
1192,DATA_20260319_090000.BIN,2.6434,9.6479,0.6992,9.6479,4.4110,1,3.334,3.365
1193,DATA_20260319_090000.BIN,4.9407,8.2640,0.4514,8.2640,7.8540,1,6.662,9.281
1194,DATA_20260319_090000.BIN,1.9912,5.6667,3.4026,5.6667,2.8160,1,2.914,6.433
1195,DATA_20260319_090000.BIN,3.4026,11.0308,0.5945,11.0308,6.9080,1,3.911,5.103
1196,DATA_20260319_090000.BIN,3.8941,12.7769,6.1080,12.7769,4.7080,1,4.029,4.029
1197,DATA_20260319_090000.BIN,6.1080,11.5203,1.3534,11.5203,3.7840,1,6.477,6.752
1198,DATA_20260319_090000.BIN,2.3748,9.2673,3.6027,9.2673,6.2150,1,4.238,4.647
1199,DATA_20260319_090000.BIN,5.0968,12.3496,4.8755,12.3496,3.6080,1,5.047,7.440
1200,DATA_20260319_090000.BIN,4.8755,8.1977,3.7375,8.1977,2.5850,1,4.315,4.884
1201,DATA_20260319_090000.BIN,3.7375,7.1114,2.6701,7.1114,6.7430,1,2.813,4.059
1202,DATA_20260319_090000.BIN,2.6701,8.6276,1.4295,8.6276,5.3680,1,1.393,4.606
1203,DATA_20260319_090000.BIN,1.4295,9.4221,4.9060,9.4221,3.9490,1,2.638,9.440
1204,DATA_20260319_090000.BIN,4.1913,11.8472,5.6894,11.8472,5.3460,1,2.722,3.281
1205,DATA_20260319_090000.BIN,1.6299,12.8426,5.1958,12.8426,6.6330,1,1.095,2.297
1206,DATA_20260319_090000.BIN,5.1958,9.0737,5.1762,9.0737,3.3000,1,4.361,8.090
1207,DATA_20260319_090000.BIN,5.1762,11.6873,4.4994,11.6873,5.7530,1,4.094,4.239
1208,DATA_20260319_090000.BIN,10.1477,14.7132,7.7981,14.7132,5.4450,1,9.314,9.691
1209,DATA_20260319_090000.BIN,7.7981,10.3537,4.5375,10.3537,2.2440,1,5.581,5.591
1210,DATA_20260319_090000.BIN,3.1162,9.2115,5.7196,9.2115,6.0610,1,4.599,11.193
1211,DATA_20260319_090000.BIN,4.7495,7.8843,2.3456,7.8843,7.7770,1,1.851,2.314
1212,DATA_20260319_090000.BIN,2.0851,11.5788,3.6563,11.5788,4.5650,1,5.160,5.535
1213,DATA_20260319_090000.BIN,3.6563,7.2527,1.3975,7.2527,1.6170,1,0.647,1.029
1214,DATA_20260319_100000.BIN,6.6905,9.4598,5.1087,9.4598,2.7500,1,5.452,24.916
1215,DATA_20260319_100000.BIN,5.1087,7.9649,4.2609,7.9649,1.4520,1,5.977,23.292
1216,DATA_20260319_100000.BIN,4.2609,9.5627,5.7072,9.5627,1.3200,1,6.025,19.368
1217,DATA_20260319_100000.BIN,5.7072,9.8199,4.5417,9.8199,4.3010,1,3.841,19.511
1218,DATA_20260319_100000.BIN,4.5417,9.5355,7.7318,9.5355,6.5230,1,5.879,18.111
1219,DATA_20260319_100000.BIN,7.7318,14.8664,7.1810,14.8664,5.1590,1,6.756,23.312
1220,DATA_20260319_100000.BIN,7.1810,10.3484,1.5390,10.3484,4.6200,1,4.305,17.811
1221,DATA_20260319_100000.BIN,5.5518,17.0845,2.1835,17.0845,6.1380,1,8.080,16.736
1222,DATA_20260319_100000.BIN,2.1835,6.8909,0.4789,6.8909,2.7610,1,5.833,8.490
1223,DATA_20260319_100000.BIN,0.4789,5.3605,1.0518,5.3605,2.2770,1,8.312,10.143
1224,DATA_20260319_100000.BIN,1.0518,4.3863,0.5261,4.3863,2.2550,1,7.948,8.901
1225,DATA_20260319_100000.BIN,0.5261,10.7701,0.1854,10.7701,2.1670,1,6.668,7.039
1226,DATA_20260319_100000.BIN,0.1854,9.2090,1.0405,9.2090,2.4090,1,5.433,5.591
1227,DATA_20260319_100000.BIN,1.0405,15.6228,5.8823,15.6228,3.3220,1,4.456,4.804
1228,DATA_20260319_100000.BIN,0.5876,7.7713,3.6898,7.7713,5.4010,1,5.172,5.426
1229,DATA_20260319_100000.BIN,3.6898,6.3598,2.6327,6.3598,2.5300,1,0.844,4.767
1230,DATA_20260319_100000.BIN,2.6327,6.4325,1.1437,6.4325,4.7630,1,6.385,6.787
1231,DATA_20260319_100000.BIN,1.1437,9.0624,4.2364,9.0624,5.0600,1,3.038,3.038
1232,DATA_20260319_100000.BIN,4.2364,8.4610,0.8887,8.4610,5.6870,1,2.071,2.178
1233,DATA_20260319_100000.BIN,0.8887,5.8505,1.7325,5.8505,5.1370,1,4.612,8.056
1234,DATA_20260319_100000.BIN,1.0738,8.6299,3.3377,8.6299,8.9320,1,3.337,4.018
1235,DATA_20260319_100000.BIN,3.0919,6.5016,4.1723,6.5016,2.9810,1,5.312,5.810
1236,DATA_20260319_100000.BIN,2.4047,5.6599,3.1234,5.6599,4.6420,1,4.778,5.547
1237,DATA_20260319_100000.BIN,3.1234,5.5233,3.3820,5.5233,3.3330,1,4.871,4.973
1238,DATA_20260319_100000.BIN,1.9803,5.4408,2.4891,5.4408,1.9800,1,2.155,2.979
1239,DATA_20260319_100000.BIN,2.4891,5.1058,2.0008,5.1058,1.4850,1,2.094,2.278
1240,DATA_20260319_100000.BIN,2.0008,5.3166,3.1239,5.3166,2.1890,1,2.045,2.051
1241,DATA_20260319_100000.BIN,2.5023,6.0818,2.6951,6.0818,1.5290,1,2.242,2.987
1242,DATA_20260319_100000.BIN,2.6951,9.0404,2.6941,9.0404,2.9810,1,2.447,2.683
1243,DATA_20260319_100000.BIN,2.6941,5.1113,2.1371,5.1113,1.4410,1,2.632,2.682
1244,DATA_20260319_100000.BIN,2.1371,5.6346,1.3197,5.6346,1.3970,1,1.199,1.820
1245,DATA_20260319_100000.BIN,1.3197,6.7201,2.0182,6.7201,2.6400,1,0.692,1.489
1246,DATA_20260319_100000.BIN,2.0182,19.1214,2.5207,19.1214,8.9650,1,2.274,2.279
1247,DATA_20260319_100000.BIN,2.5207,5.4246,0.4570,5.4246,2.4310,1,2.873,2.893
1248,DATA_20260319_100000.BIN,2.5765,5.9259,1.6846,5.9259,2.2000,1,1.995,3.537
1249,DATA_20260319_100000.BIN,1.6846,5.8496,1.4817,5.8496,1.2210,1,2.012,2.856
1250,DATA_20260319_100000.BIN,1.4817,6.2675,1.2638,6.2675,1.6060,1,1.784,3.288
1251,DATA_20260319_100000.BIN,1.2638,9.1693,6.1535,9.1693,5.3680,1,1.999,2.965
1252,DATA_20260319_100000.BIN,6.1535,15.6796,0.3637,15.6796,2.8820,1,5.909,5.962
1253,DATA_20260319_100000.BIN,0.3637,13.7820,3.4916,13.7820,1.2430,1,2.916,6.241
1254,DATA_20260319_100000.BIN,3.4916,11.9062,1.3009,11.9062,3.0360,1,4.035,5.135
1255,DATA_20260319_100000.BIN,1.3009,9.8770,5.5864,9.8770,3.6740,1,2.578,2.653
1256,DATA_20260319_100000.BIN,5.5864,10.0607,0.9201,10.0607,6.1050,1,4.347,6.091
1257,DATA_20260319_100000.BIN,0.9201,8.5045,0.9341,8.5045,4.0590,1,2.643,4.682
1258,DATA_20260319_100000.BIN,0.9341,10.5677,5.0262,10.5677,6.0500,1,1.790,4.747
1259,DATA_20260319_100000.BIN,3.1215,12.6503,7.3125,12.6503,1.9470,1,1.135,6.827
1260,DATA_20260319_100000.BIN,7.3125,10.6578,6.2235,10.6578,1.6940,1,6.241,6.822
1261,DATA_20260319_100000.BIN,6.2235,15.1947,4.0052,15.1947,6.2040,1,4.067,5.675
1262,DATA_20260319_100000.BIN,4.0052,9.5150,1.7176,9.5150,5.1480,1,7.629,7.629
1263,DATA_20260319_100000.BIN,1.7176,8.1931,1.4869,8.1931,1.6940,1,2.668,3.600
1264,DATA_20260319_100000.BIN,1.4869,6.5119,0.1134,6.5119,3.0140,1,1.735,3.306
1265,DATA_20260319_100000.BIN,0.1134,7.0237,0.2956,7.0237,3.7510,1,2.392,4.096
1266,DATA_20260319_100000.BIN,0.2956,4.2830,1.0434,4.2830,6.1270,1,1.336,1.562
1267,DATA_20260319_100000.BIN,2.1707,4.4508,0.3760,4.4508,2.1230,1,1.677,1.775
1268,DATA_20260319_100000.BIN,0.3760,4.7863,1.1812,4.7863,1.5180,1,0.848,4.686
1269,DATA_20260319_100000.BIN,1.1812,4.4211,0.2447,4.4211,3.1680,1,2.264,2.576
1270,DATA_20260319_100000.BIN,0.2447,3.9851,0.7400,3.9851,3.8830,1,1.260,1.652
1271,DATA_20260319_100000.BIN,0.5700,4.9079,1.7258,4.9079,6.3800,1,2.335,4.287
1272,DATA_20260319_100000.BIN,1.7258,4.3408,1.0974,4.3408,4.5210,1,1.889,1.898
1273,DATA_20260319_100000.BIN,1.5646,4.7558,0.1075,4.7558,3.7180,1,3.257,4.038
1274,DATA_20260319_100000.BIN,0.1075,9.0654,2.0522,9.0654,5.2030,1,0.986,2.274
1275,DATA_20260319_100000.BIN,0.8441,7.2524,0.4233,7.2524,4.7190,1,1.562,3.803
1276,DATA_20260319_100000.BIN,0.4233,5.8122,1.4725,5.8122,2.7170,1,0.428,1.931
1277,DATA_20260319_100000.BIN,1.4725,6.6159,0.6984,6.6159,1.4190,1,2.255,4.036
1278,DATA_20260319_100000.BIN,0.6984,8.0880,3.2561,8.0880,4.1030,1,1.301,5.060
1279,DATA_20260319_100000.BIN,3.2561,5.6006,0.8509,5.6006,4.4440,1,3.782,5.449
1280,DATA_20260319_100000.BIN,1.6374,13.9819,3.6856,13.9819,6.4020,1,2.277,2.940
1281,DATA_20260319_100000.BIN,3.6856,8.9301,1.2681,8.9301,5.4670,1,5.041,6.710
1282,DATA_20260319_100000.BIN,1.2681,15.8948,2.7865,15.8948,6.3910,1,1.808,5.006
1283,DATA_20260319_100000.BIN,0.3524,7.9816,0.8757,7.9816,2.4090,1,1.230,1.232
1284,DATA_20260319_100000.BIN,0.8757,5.2624,1.1852,5.2624,2.0680,1,0.244,1.512
1285,DATA_20260319_100000.BIN,1.1852,5.5989,1.1100,5.5989,2.8160,1,0.873,0.997
1286,DATA_20260319_100000.BIN,1.8805,5.8299,1.5256,5.8299,2.3320,1,2.911,2.920
1287,DATA_20260319_100000.BIN,3.6885,6.7726,1.4656,6.7726,4.4110,1,4.098,4.556
1288,DATA_20260319_100000.BIN,1.4656,6.0627,1.8810,6.0627,3.7840,1,1.926,1.927
1289,DATA_20260319_100000.BIN,1.8810,7.7256,3.2945,7.7256,4.6090,1,1.801,2.577
1290,DATA_20260319_100000.BIN,3.2945,9.0858,1.1501,9.0858,3.0360,1,2.992,3.294
1291,DATA_20260319_100000.BIN,1.1501,6.5665,1.3917,6.5665,1.1220,1,2.152,2.168
1292,DATA_20260319_100000.BIN,1.0261,9.0082,4.7069,9.0082,4.0260,1,1.874,1.981
1293,DATA_20260319_100000.BIN,4.7069,7.6094,3.6681,7.6094,2.7280,1,4.833,4.854
1294,DATA_20260319_100000.BIN,3.6681,7.9789,4.3641,7.9789,3.0910,1,2.982,3.205
1295,DATA_20260319_100000.BIN,4.6533,7.1124,0.2989,7.1124,4.0810,1,4.004,4.033
1296,DATA_20260319_100000.BIN,0.2567,7.1995,0.4351,7.1995,9.8890,1,2.303,2.369
1297,DATA_20260319_100000.BIN,0.4351,4.2939,0.3833,4.2939,2.8710,1,2.265,2.404
1298,DATA_20260319_100000.BIN,0.3833,7.5850,0.4000,7.5850,7.8320,1,1.989,2.018
1299,DATA_20260319_100000.BIN,0.4000,4.7774,0.8138,4.7774,2.4640,1,1.046,1.095
1300,DATA_20260319_100000.BIN,2.4048,6.6114,0.4333,6.6114,2.8930,1,1.701,1.709
1301,DATA_20260319_100000.BIN,5.6967,7.9003,4.8597,7.9003,3.7840,1,5.264,5.707
1302,DATA_20260319_100000.BIN,4.8597,16.1411,0.3765,16.1411,5.1370,1,3.865,3.865
1303,DATA_20260319_100000.BIN,0.1228,3.3502,0.9304,3.3502,6.4240,1,2.173,3.743
1304,DATA_20260319_100000.BIN,0.9304,4.6280,1.9954,4.6280,4.6530,1,0.992,1.430
1305,DATA_20260319_100000.BIN,1.9954,5.1381,1.5456,5.1381,2.4640,1,3.839,4.638
1306,DATA_20260319_100000.BIN,0.4248,3.5835,1.3613,3.5835,3.0360,1,1.556,2.297
1307,DATA_20260319_100000.BIN,1.3613,6.8245,2.0244,6.8245,2.2880,1,1.340,4.339
1308,DATA_20260319_100000.BIN,2.0244,6.0915,3.1748,6.0915,2.3540,1,3.105,3.545
1309,DATA_20260319_100000.BIN,3.1748,9.6163,0.2745,9.6163,4.0480,1,3.145,3.161
1310,DATA_20260319_100000.BIN,0.2745,13.4010,1.2163,13.4010,5.6650,1,1.107,1.120
1311,DATA_20260319_100000.BIN,1.2163,7.8728,4.4400,7.8728,3.4980,1,1.678,10.822
1312,DATA_20260319_100000.BIN,4.4400,8.1575,1.4541,8.1575,2.0460,1,6.345,6.528
1313,DATA_20260319_100000.BIN,1.4541,8.7699,3.6492,8.7699,2.5190,1,1.572,1.685
1314,DATA_20260319_100000.BIN,3.6492,12.1483,1.9798,12.1483,2.1780,1,5.292,6.240
1315,DATA_20260319_100000.BIN,1.9798,7.4812,0.8588,7.4812,2.9920,1,2.280,2.440
1316,DATA_20260319_100000.BIN,0.8588,9.2519,5.1368,9.2519,5.1810,1,0.720,4.372
1317,DATA_20260319_100000.BIN,5.1368,10.6208,2.2529,10.6208,3.4210,1,6.208,6.424
1318,DATA_20260319_100000.BIN,2.2529,9.4990,3.5166,9.4990,2.2770,1,2.591,4.443
1319,DATA_20260319_100000.BIN,3.5166,6.8636,4.5832,6.8636,1.4740,1,4.125,4.163
1320,DATA_20260319_100000.BIN,4.5832,10.3506,2.5140,10.3506,2.7830,1,4.801,5.156
1321,DATA_20260319_100000.BIN,2.5140,5.5348,3.1201,5.5348,3.2890,1,2.465,2.579
1322,DATA_20260319_100000.BIN,3.1201,6.4766,1.4901,6.4766,4.0700,1,2.657,3.379
1323,DATA_20260319_100000.BIN,1.4901,4.8400,1.6373,4.8400,2.1780,1,2.762,2.788
1324,DATA_20260319_100000.BIN,1.6373,4.2635,0.0644,4.2635,4.3120,1,2.895,3.602
1325,DATA_20260319_100000.BIN,0.0644,10.5481,0.8683,10.5481,3.5310,1,1.059,1.060
1326,DATA_20260319_100000.BIN,0.8683,5.1031,2.4138,5.1031,3.8280,1,1.485,5.935
1327,DATA_20260319_100000.BIN,1.8388,5.9450,1.2461,5.9450,4.5760,1,2.884,2.895
1328,DATA_20260319_100000.BIN,1.2461,5.4793,1.1742,5.4793,2.5080,1,1.279,1.468
1329,DATA_20260319_100000.BIN,1.1742,12.1188,2.5352,12.1188,2.0570,1,2.190,3.280
1330,DATA_20260319_100000.BIN,2.5352,9.5038,3.8467,9.5038,2.5410,1,2.845,8.100
1331,DATA_20260319_100000.BIN,3.8467,6.8831,0.9989,6.8831,2.7720,1,3.432,4.058
1332,DATA_20260319_100000.BIN,3.7148,6.0446,1.9682,6.0446,3.3770,1,3.274,3.785
1333,DATA_20260319_100000.BIN,1.9682,5.9149,0.7052,5.9149,4.7520,1,1.082,2.287
1334,DATA_20260319_100000.BIN,1.1701,5.8607,2.6006,5.8607,2.4420,1,1.555,1.949
1335,DATA_20260319_100000.BIN,1.3216,8.2463,2.3087,8.2463,5.5110,1,3.016,5.273
1336,DATA_20260319_100000.BIN,2.3087,4.9773,1.0984,4.9773,1.7820,1,1.793,1.927
1337,DATA_20260319_100000.BIN,1.0984,3.3039,0.4228,3.3039,2.4750,1,2.040,2.045
1338,DATA_20260319_100000.BIN,0.4228,5.4646,2.0936,5.4646,3.9930,1,1.172,1.943
1339,DATA_20260319_100000.BIN,2.0936,5.1390,0.5359,5.1390,2.1010,1,2.600,2.871
1340,DATA_20260319_100000.BIN,0.5359,5.2994,0.5479,5.2994,4.2900,1,1.360,1.731
1341,DATA_20260319_100000.BIN,0.5479,2.8349,0.5769,2.8349,7.0840,1,0.785,1.008
1342,DATA_20260319_100000.BIN,0.5769,5.3686,0.2105,5.3686,5.9950,1,1.395,1.510
1343,DATA_20260319_100000.BIN,0.2105,5.3839,1.5897,5.3839,3.8170,1,0.730,1.024
1344,DATA_20260319_100000.BIN,0.3373,3.5700,0.9776,3.5700,8.5580,1,1.037,3.197
1345,DATA_20260319_100000.BIN,0.9776,5.2359,0.6897,5.2359,4.5210,1,1.917,2.272
1346,DATA_20260319_100000.BIN,0.6897,4.2376,1.7573,4.2376,6.6660,1,1.843,3.101
1347,DATA_20260319_100000.BIN,1.7573,4.6126,1.9166,4.6126,4.2020,1,2.321,2.370
1348,DATA_20260319_100000.BIN,0.4375,5.0435,0.7013,5.0435,5.3130,1,0.703,0.730
1349,DATA_20260319_100000.BIN,0.7013,5.2526,0.8660,5.2526,9.8450,1,0.631,3.290
1350,DATA_20260319_100000.BIN,0.8660,6.0260,0.8494,6.0260,3.3330,1,1.146,1.755
1351,DATA_20260319_100000.BIN,0.6068,2.8289,0.1176,2.8289,5.5990,1,1.207,3.027
1352,DATA_20260319_100000.BIN,1.0455,5.9415,1.7627,5.9415,6.3030,1,1.214,1.299
1353,DATA_20260319_100000.BIN,1.7627,3.7227,1.0409,3.7227,9.2840,1,2.220,4.187
1354,DATA_20260319_100000.BIN,1.0409,4.2411,0.4666,4.2411,5.4230,1,1.440,1.666
1355,DATA_20260319_100000.BIN,0.5366,15.0080,1.2318,15.0080,2.4200,1,1.131,1.884
1356,DATA_20260319_100000.BIN,1.2318,4.7361,1.2774,4.7361,4.1800,1,1.426,2.648
1357,DATA_20260319_100000.BIN,0.9864,4.4164,0.8738,4.4164,1.2870,1,1.025,1.050
1358,DATA_20260319_100000.BIN,0.9030,7.3148,1.9461,7.3148,3.3550,1,1.385,1.741
1359,DATA_20260319_100000.BIN,1.9461,4.9979,1.8908,4.9979,2.5850,1,2.547,2.925
1360,DATA_20260319_100000.BIN,1.8908,10.8021,2.3205,10.8021,8.5360,1,2.387,3.039
1361,DATA_20260319_100000.BIN,1.0496,4.8671,0.9983,4.8671,1.4740,1,1.520,3.236
1362,DATA_20260319_100000.BIN,0.7507,3.7415,0.1345,3.7415,7.6120,1,0.788,0.860
1363,DATA_20260319_100000.BIN,0.5086,4.2772,0.5755,4.2772,6.9960,1,1.581,3.746
1364,DATA_20260319_100000.BIN,0.5755,8.1038,1.6216,8.1038,2.5520,1,0.501,0.659
1365,DATA_20260319_100000.BIN,1.6216,5.4146,1.7336,5.4146,2.4420,1,2.420,2.449
1366,DATA_20260319_100000.BIN,1.7336,7.3569,0.4045,7.3569,4.6970,1,1.903,1.903
1367,DATA_20260319_100000.BIN,0.4045,4.7599,1.4836,4.7599,3.3330,1,0.591,1.020
1368,DATA_20260319_100000.BIN,0.2739,4.0070,0.7870,4.0070,5.8520,1,0.276,0.722
1369,DATA_20260319_100000.BIN,0.7870,4.6185,1.6475,4.6185,6.1710,1,1.052,1.381
1370,DATA_20260319_100000.BIN,1.6475,3.9176,1.7318,3.9176,4.7300,1,1.793,1.793
1371,DATA_20260319_100000.BIN,1.7318,5.2469,0.5051,5.2469,4.1360,1,1.922,2.044
1372,DATA_20260319_100000.BIN,0.5051,4.4872,1.6198,4.4872,3.3990,1,0.474,0.475
1373,DATA_20260319_100000.BIN,1.6198,6.0878,3.3657,6.0878,4.4770,1,1.842,5.055
1374,DATA_20260319_100000.BIN,3.3657,7.0193,0.6977,7.0193,2.3980,1,4.051,5.112
1375,DATA_20260319_100000.BIN,0.6977,8.1497,3.4890,8.1497,3.9160,1,1.483,4.861
1376,DATA_20260319_100000.BIN,3.4890,7.7561,3.0552,7.7561,1.7710,1,3.445,4.000
1377,DATA_20260319_100000.BIN,3.0552,5.9101,0.7385,5.9101,1.1660,1,2.698,2.941
1378,DATA_20260319_100000.BIN,0.7385,11.8248,0.9218,11.8248,2.0130,1,0.713,3.451
1379,DATA_20260319_100000.BIN,0.9218,6.4358,0.9075,6.4358,1.8150,1,1.331,2.606
1380,DATA_20260319_100000.BIN,0.9075,5.7354,1.0888,5.7354,2.8270,1,0.742,1.635
1381,DATA_20260319_100000.BIN,1.0888,5.3353,2.3099,5.3353,6.4240,1,2.355,2.380
1382,DATA_20260319_100000.BIN,2.3099,6.2647,0.1914,6.2647,3.8830,1,2.996,3.139
1383,DATA_20260319_100000.BIN,0.1914,4.7308,0.5360,4.7308,2.0130,1,1.332,3.177
1384,DATA_20260319_100000.BIN,0.5360,4.8476,1.6032,4.8476,3.0690,1,1.249,2.637
1385,DATA_20260319_100000.BIN,4.0309,7.4929,3.9425,7.4929,3.3110,1,4.116,6.435
1386,DATA_20260319_100000.BIN,3.9425,7.5214,2.0261,7.5214,3.9050,1,3.655,5.083
1387,DATA_20260319_100000.BIN,1.2402,7.8392,1.4350,7.8392,3.4320,1,2.171,3.634
1388,DATA_20260319_100000.BIN,1.4350,4.4862,1.4472,4.4862,1.8590,1,3.135,3.143
1389,DATA_20260319_100000.BIN,1.4472,5.8721,0.7672,5.8721,2.6180,1,2.619,2.783
1390,DATA_20260319_100000.BIN,0.7672,3.8681,1.2653,3.8681,5.8960,1,0.689,2.799
1391,DATA_20260319_100000.BIN,1.2653,3.8438,0.2889,3.8438,4.1690,1,2.377,2.438
1392,DATA_20260319_100000.BIN,0.2889,8.4314,1.1187,8.4314,7.7110,1,0.905,1.338
1393,DATA_20260319_100000.BIN,1.1187,4.6324,2.0219,4.6324,1.7600,1,1.381,2.356
1394,DATA_20260319_100000.BIN,0.4444,5.8545,2.7098,5.8545,2.2660,1,1.055,2.815
1395,DATA_20260319_100000.BIN,2.7098,8.1742,4.0468,8.1742,5.4340,1,3.388,5.980
1396,DATA_20260319_100000.BIN,4.0468,10.6537,4.8737,10.6537,2.5630,1,4.740,5.197
1397,DATA_20260319_100000.BIN,4.8737,8.9473,5.0202,8.9473,8.6350,1,5.424,6.753
1398,DATA_20260319_100000.BIN,5.0202,9.0856,2.9829,9.0856,5.2910,1,5.000,5.933
1399,DATA_20260319_100000.BIN,2.9829,11.9703,9.8558,11.9703,2.9700,1,2.052,2.118
1400,DATA_20260319_100000.BIN,9.8558,14.7206,5.2331,14.7206,4.0810,1,9.836,16.503
1401,DATA_20260319_100000.BIN,5.2331,13.3729,4.7339,13.3729,3.8280,1,4.601,4.628
1402,DATA_20260319_100000.BIN,4.7339,13.4368,4.4361,13.4368,4.9390,1,3.355,4.488
1403,DATA_20260319_100000.BIN,4.4361,13.5712,2.7667,13.5712,4.4000,1,4.092,4.771
1404,DATA_20260319_100000.BIN,2.0928,7.2701,1.3508,7.2701,5.1480,1,2.107,2.551
1405,DATA_20260319_100000.BIN,1.3508,9.1785,2.1096,9.1785,3.5310,1,3.793,4.639
1406,DATA_20260319_100000.BIN,2.5229,11.6665,1.4525,11.6665,3.3220,1,0.743,1.954
1407,DATA_20260319_100000.BIN,1.4525,5.6733,1.3798,5.6733,2.0790,1,1.998,2.044
1408,DATA_20260319_100000.BIN,1.3798,7.4703,1.7134,7.4703,4.4000,1,0.467,5.079
1409,DATA_20260319_100000.BIN,1.7134,7.7680,1.3161,7.7680,4.4770,1,3.047,5.790
1410,DATA_20260319_100000.BIN,1.3161,5.7205,0.1068,5.7205,2.3650,1,2.106,3.050
1411,DATA_20260319_100000.BIN,0.1068,3.1608,0.5133,3.1608,3.9050,1,1.748,1.870
1412,DATA_20260319_100000.BIN,0.5133,3.8021,0.4702,3.8021,1.3200,1,1.253,2.907
1413,DATA_20260319_100000.BIN,0.4702,4.5439,2.2085,4.5439,2.4090,1,1.143,3.266
1414,DATA_20260319_100000.BIN,0.9150,4.1653,1.4753,4.1653,2.1340,1,0.961,4.141
1415,DATA_20260319_100000.BIN,1.4753,4.6159,0.6009,4.6159,1.5620,1,1.048,3.055
1416,DATA_20260319_100000.BIN,2.7804,5.8875,2.3576,5.8875,1.0670,1,3.841,6.495
1417,DATA_20260319_100000.BIN,2.3576,13.9988,2.6277,13.9988,4.6640,1,2.341,3.288
1418,DATA_20260319_100000.BIN,2.6277,6.7464,1.6607,6.7464,2.6180,1,2.159,5.620
1419,DATA_20260319_100000.BIN,1.6607,5.0660,1.0921,5.0660,5.4560,1,2.510,2.642
1420,DATA_20260319_100000.BIN,1.0921,4.9235,0.2993,4.9235,2.6400,1,1.389,2.863
1421,DATA_20260319_100000.BIN,0.2993,10.5841,1.0454,10.5841,4.4550,1,0.913,2.338
1422,DATA_20260319_100000.BIN,1.0454,8.4886,1.3532,8.4886,4.2790,1,1.331,3.579
1423,DATA_20260319_100000.BIN,1.3532,5.5414,2.0842,5.5414,2.9810,1,3.513,5.448
1424,DATA_20260319_100000.BIN,2.0842,4.6936,0.6523,4.6936,1.3860,1,2.758,2.852
1425,DATA_20260319_100000.BIN,3.9208,10.6407,6.6069,10.6407,3.6850,1,5.050,5.079
1426,DATA_20260319_100000.BIN,6.6069,10.0356,4.8609,10.0356,4.4660,1,7.873,7.883
1427,DATA_20260319_100000.BIN,4.9562,22.4435,3.3440,22.4435,4.5980,1,5.559,5.864
1428,DATA_20260319_100000.BIN,1.7200,6.7698,1.9053,6.7698,1.5950,1,2.323,2.349
1429,DATA_20260319_100000.BIN,2.8439,11.1315,0.8622,11.1315,2.0680,1,4.327,4.661
1430,DATA_20260319_100000.BIN,0.8622,7.6237,2.9216,7.6237,3.8280,1,2.262,9.386
1431,DATA_20260319_100000.BIN,2.9216,12.0066,1.0464,12.0066,4.8070,1,3.359,4.456
1432,DATA_20260319_100000.BIN,1.0464,6.9448,2.6963,6.9448,3.3660,1,0.847,1.806
1433,DATA_20260319_100000.BIN,2.3814,8.8991,1.0046,8.8991,8.1180,1,3.111,3.601
1434,DATA_20260319_100000.BIN,1.0046,8.8784,3.4691,8.8784,3.7840,1,1.552,1.664
1435,DATA_20260319_100000.BIN,3.4691,14.9741,2.0815,14.9741,4.9830,1,4.210,4.223
1436,DATA_20260319_100000.BIN,4.5679,9.3501,3.1534,9.3501,2.1230,1,6.134,6.587
1437,DATA_20260319_100000.BIN,3.1534,12.6430,2.6761,12.6430,5.8850,1,3.890,4.236
1438,DATA_20260319_100000.BIN,2.6761,9.3152,2.5291,9.3152,4.0810,1,2.281,2.691
1439,DATA_20260319_100000.BIN,1.4060,5.7236,0.6600,5.7236,3.9820,1,1.248,1.426
1440,DATA_20260319_100000.BIN,0.6600,8.8997,1.0543,8.8997,3.9710,1,1.314,1.636
1441,DATA_20260319_100000.BIN,0.9448,8.6290,0.7267,8.6290,8.3820,1,1.870,2.147
1442,DATA_20260319_100000.BIN,0.7267,6.9707,0.2202,6.9707,3.0140,1,0.287,0.664
1443,DATA_20260319_100000.BIN,0.2202,6.6169,1.2647,6.6169,2.3210,1,0.943,1.377
1444,DATA_20260319_100000.BIN,1.2647,3.6254,0.6111,3.6254,8.0850,1,0.759,1.141
1445,DATA_20260319_100000.BIN,0.6111,6.3574,1.3813,6.3574,2.8270,1,1.103,1.387
1446,DATA_20260319_100000.BIN,1.7975,4.2541,1.2299,4.2541,3.4760,1,2.062,3.193
1447,DATA_20260319_100000.BIN,1.2299,17.9978,0.3754,17.9978,4.5100,1,2.257,3.681
1448,DATA_20260319_100000.BIN,0.3754,8.0146,0.4458,8.0146,3.4320,1,0.092,0.239
1449,DATA_20260319_100000.BIN,0.6900,21.7181,1.7060,21.7181,5.0710,1,1.155,1.717
1450,DATA_20260319_100000.BIN,1.7060,3.9979,0.4435,3.9979,3.3000,1,2.559,4.192
1451,DATA_20260319_100000.BIN,0.4435,9.0514,0.5832,9.0514,2.3980,1,0.787,1.320
1452,DATA_20260319_100000.BIN,0.5832,9.8005,2.0041,9.8005,2.9040,1,1.537,8.614
1453,DATA_20260319_100000.BIN,2.0041,13.3796,1.2611,13.3796,5.7530,1,2.143,2.550
1454,DATA_20260319_100000.BIN,1.2611,7.3770,1.9124,7.3770,2.6620,1,0.759,4.214
1455,DATA_20260319_100000.BIN,1.9124,3.9400,1.9280,3.9400,2.5850,1,2.314,2.338
1456,DATA_20260319_100000.BIN,1.9280,6.1887,1.5042,6.1887,1.6500,1,1.744,2.139
1457,DATA_20260319_100000.BIN,3.2534,9.9448,5.2586,9.9448,4.8400,1,3.477,3.569
1458,DATA_20260319_100000.BIN,5.2586,9.0394,5.5647,9.0394,2.9920,1,5.320,6.009
1459,DATA_20260319_100000.BIN,5.5647,13.5306,0.4065,13.5306,5.8080,1,5.254,5.443
1460,DATA_20260319_100000.BIN,0.4065,12.8638,6.6392,12.8638,8.2720,1,2.166,6.899
1461,DATA_20260319_100000.BIN,7.5881,11.5928,7.1383,11.5928,3.7620,1,7.691,7.707
1462,DATA_20260319_100000.BIN,7.1383,12.4975,5.6907,12.4975,2.0350,1,6.722,7.801
1463,DATA_20260319_100000.BIN,5.6907,15.7269,2.1123,15.7269,8.7230,1,3.884,5.262
1464,DATA_20260319_100000.BIN,2.1123,12.8825,2.2430,12.8825,4.3560,1,2.309,9.968
1465,DATA_20260319_100000.BIN,1.6698,4.4811,0.1937,4.4811,3.3880,1,1.088,1.125
1466,DATA_20260319_100000.BIN,0.2114,2.6359,0.6115,2.6359,3.9050,1,2.884,3.332
1467,DATA_20260319_100000.BIN,0.6115,3.1651,0.0375,3.1651,9.3170,1,1.871,2.221
1468,DATA_20260319_100000.BIN,0.0375,3.3556,0.2537,3.3556,6.4240,1,2.527,6.224
1469,DATA_20260319_100000.BIN,0.2537,3.6320,0.6147,3.6320,7.6780,1,2.294,4.786
1470,DATA_20260319_100000.BIN,0.8833,6.0020,1.3206,6.0020,5.3680,1,2.873,2.880
1471,DATA_20260319_100000.BIN,1.4622,5.7023,2.0213,5.7023,1.1660,1,0.330,0.706
1472,DATA_20260319_100000.BIN,0.5722,4.8187,1.3415,4.8187,1.0890,1,2.269,2.271
1473,DATA_20260319_100000.BIN,0.9818,5.4509,0.1240,5.4509,1.2430,1,2.451,2.709
1474,DATA_20260319_100000.BIN,0.1240,11.3239,6.5915,11.3239,1.4410,1,1.353,1.481
1475,DATA_20260319_100000.BIN,6.5915,11.8077,0.5931,11.8077,3.3330,1,7.111,7.111
1476,DATA_20260319_100000.BIN,0.5931,5.4364,0.7011,5.4364,1.0120,1,1.991,2.005
1477,DATA_20260319_100000.BIN,0.7011,5.9570,0.5368,5.9570,1.0670,1,2.134,2.148
1478,DATA_20260319_100000.BIN,0.5368,6.2591,1.1611,6.2591,1.0560,1,1.710,1.712
1479,DATA_20260319_100000.BIN,1.1611,5.8173,0.4670,5.8173,1.0450,1,2.322,2.368
1480,DATA_20260319_100000.BIN,0.4670,7.3256,0.7313,7.3256,1.1110,1,1.296,1.325
1481,DATA_20260319_100000.BIN,0.7313,5.3554,1.1755,5.3554,1.1000,1,0.938,0.943
1482,DATA_20260319_100000.BIN,1.1755,4.2524,1.3220,4.2524,2.2000,1,1.877,2.081
1483,DATA_20260319_100000.BIN,1.3220,4.2956,1.5876,4.2956,1.2650,1,1.573,1.575
1484,DATA_20260319_100000.BIN,1.5876,4.7888,1.1619,4.7888,1.1770,1,2.252,2.622
1485,DATA_20260319_100000.BIN,1.1619,4.2231,1.4441,4.2231,1.1220,1,1.417,1.489
1486,DATA_20260319_100000.BIN,1.4441,6.0205,1.5341,6.0205,1.1880,1,1.671,1.696
1487,DATA_20260319_100000.BIN,1.5341,6.8172,2.4757,6.8172,1.1770,1,2.117,2.243
1488,DATA_20260319_100000.BIN,2.4757,6.9697,2.6416,6.9697,1.2870,1,2.739,3.062
1489,DATA_20260319_100000.BIN,2.6416,8.3565,3.9008,8.3565,1.9800,1,1.770,5.656
1490,DATA_20260319_100000.BIN,3.9008,7.6459,3.5587,7.6459,1.6500,1,4.842,5.049
1491,DATA_20260319_100000.BIN,3.5587,7.9569,1.5041,7.9569,1.3860,1,4.024,4.893
1492,DATA_20260319_100000.BIN,1.5041,4.7229,2.3279,4.7229,2.2440,1,2.169,2.188
1493,DATA_20260319_100000.BIN,2.3279,5.1507,1.2894,5.1507,1.4080,1,3.165,3.831
1494,DATA_20260319_100000.BIN,1.2894,6.2576,1.0696,6.2576,2.5520,1,0.519,2.381
1495,DATA_20260319_100000.BIN,1.0696,9.6662,1.5039,9.6662,3.1350,1,0.702,1.449
1496,DATA_20260319_100000.BIN,1.5284,7.1853,1.2704,7.1853,4.1030,1,2.509,7.003
1497,DATA_20260319_100000.BIN,1.2704,6.3594,1.6223,6.3594,2.8490,1,2.181,2.440
1498,DATA_20260319_100000.BIN,1.6223,4.3375,0.7870,4.3375,2.4860,1,1.946,2.255
1499,DATA_20260319_100000.BIN,0.7870,8.1216,5.4588,8.1216,4.3230,1,1.238,1.280
1500,DATA_20260319_100000.BIN,1.3510,4.8795,1.9306,4.8795,3.2340,1,1.720,2.960
1501,DATA_20260319_100000.BIN,1.0957,4.5985,1.3556,4.5985,2.8160,1,1.606,5.111
1502,DATA_20260319_100000.BIN,1.5889,5.3194,1.1059,5.3194,1.3530,1,1.830,2.014
1503,DATA_20260319_100000.BIN,1.1059,4.0838,1.9019,4.0838,1.3530,1,1.095,1.376
1504,DATA_20260319_100000.BIN,1.9019,4.7528,0.4498,4.7528,3.1680,1,2.122,2.267
1505,DATA_20260319_100000.BIN,0.4498,5.1755,0.6900,5.1755,3.6960,1,0.955,1.004
1506,DATA_20260319_100000.BIN,0.6900,3.7346,0.5984,3.7346,3.1350,1,0.825,0.879
1507,DATA_20260319_100000.BIN,0.5984,10.5098,1.0019,10.5098,5.0600,1,1.439,3.173
1508,DATA_20260319_100000.BIN,1.0019,4.4745,1.1629,4.4745,2.2330,1,0.759,0.823
1509,DATA_20260319_100000.BIN,1.1629,3.6161,0.3980,3.6161,1.3310,1,1.836,2.175
1510,DATA_20260319_100000.BIN,1.1732,3.4846,0.4698,3.4846,1.1990,1,1.943,2.392
1511,DATA_20260319_100000.BIN,0.9982,3.2061,0.6533,3.2061,6.1050,1,1.413,1.713
1512,DATA_20260319_110000.BIN,2.3914,7.2275,2.2864,7.2275,1.2320,1,3.859,4.476
1513,DATA_20260319_110000.BIN,2.2864,6.5750,2.4716,6.5750,1.1660,1,3.430,3.935
1514,DATA_20260319_110000.BIN,2.4716,6.5952,2.3669,6.5952,1.1880,1,2.487,2.642
1515,DATA_20260319_110000.BIN,2.3669,5.8143,1.6490,5.8143,1.1660,1,2.116,3.836
1516,DATA_20260319_110000.BIN,1.6490,8.8799,2.7760,8.8799,1.4300,1,2.711,3.258
1517,DATA_20260319_110000.BIN,2.7760,10.2941,5.0026,10.2941,1.3200,1,1.138,2.255
1518,DATA_20260319_110000.BIN,4.0470,7.6108,4.6170,7.6108,1.3860,1,2.552,2.916
1519,DATA_20260319_110000.BIN,4.6170,7.1299,2.6675,7.1299,2.0020,1,4.473,4.514
1520,DATA_20260319_110000.BIN,2.6675,5.8242,2.8558,5.8242,1.2760,1,1.827,2.395
1521,DATA_20260319_110000.BIN,2.8558,6.9015,3.3159,6.9015,2.5190,1,0.650,1.134
1522,DATA_20260319_110000.BIN,2.9084,6.7116,2.9826,6.7116,1.1880,1,1.312,1.320
1523,DATA_20260319_110000.BIN,2.9826,7.0786,3.1411,7.0786,1.2100,1,1.729,1.746
1524,DATA_20260319_110000.BIN,3.1411,6.4586,3.0764,6.4586,1.2100,1,1.182,1.468
1525,DATA_20260319_110000.BIN,3.0764,7.2367,3.6954,7.2367,1.2650,1,1.682,1.697
1526,DATA_20260319_110000.BIN,3.6954,6.8174,3.3045,6.8174,1.1660,1,2.604,2.605
1527,DATA_20260319_110000.BIN,5.2520,7.9018,4.9834,7.9018,1.3420,1,3.744,4.270
1528,DATA_20260319_110000.BIN,4.9834,7.7097,4.0145,7.7097,1.3750,1,2.309,2.312
1529,DATA_20260319_110000.BIN,4.0145,7.4030,3.9454,7.4030,1.3530,1,1.444,1.660
1530,DATA_20260319_110000.BIN,4.0394,9.0662,6.0369,9.0662,1.7050,1,0.834,0.834
1531,DATA_20260319_110000.BIN,6.0369,9.5306,5.7064,9.5306,4.3120,1,3.592,3.618
1532,DATA_20260319_110000.BIN,5.7064,9.0053,5.3091,9.0053,4.1910,1,2.499,4.390
1533,DATA_20260319_110000.BIN,5.3091,7.0116,2.6547,7.0116,4.3340,1,2.258,3.204
1534,DATA_20260319_110000.BIN,2.2308,7.5462,4.9784,7.5462,3.9160,1,2.674,2.907
1535,DATA_20260319_110000.BIN,4.9784,7.4459,2.9268,7.4459,1.4080,1,1.276,1.277
1536,DATA_20260319_110000.BIN,2.9268,6.7716,3.5799,6.7716,1.2870,1,1.184,1.342
1537,DATA_20260319_110000.BIN,3.5799,7.2596,4.0282,7.2596,1.3530,1,0.453,0.714
1538,DATA_20260319_110000.BIN,4.0282,7.2960,3.8520,7.2960,1.3310,1,0.835,0.850
1539,DATA_20260319_110000.BIN,3.8520,7.4650,3.8465,7.4650,1.2760,1,1.041,1.091
1540,DATA_20260319_110000.BIN,3.8465,7.7824,3.9386,7.7824,1.2980,1,1.338,1.389
1541,DATA_20260319_110000.BIN,1.9217,6.3545,2.2202,6.3545,1.4190,1,3.660,4.879
1542,DATA_20260319_110000.BIN,5.6232,10.5064,3.8652,10.5064,6.1600,1,2.767,3.610
1543,DATA_20260319_110000.BIN,2.5521,9.1888,5.0032,9.1888,9.1740,1,3.231,3.698
1544,DATA_20260319_110000.BIN,5.0032,11.4906,6.4951,11.4906,4.4440,1,8.788,9.016
1545,DATA_20260319_110000.BIN,8.5122,17.3423,14.6887,17.3423,3.3770,1,8.378,8.660
1546,DATA_20260319_110000.BIN,14.6887,21.1142,17.7803,21.1142,3.7400,1,15.472,15.478
1547,DATA_20260319_110000.BIN,7.8710,11.4220,5.8230,11.4220,9.9660,1,5.581,7.406
1548,DATA_20260319_110000.BIN,19.3945,22.8757,9.9809,22.8757,8.1180,1,19.747,20.102
1549,DATA_20260319_110000.BIN,6.7650,11.5713,8.7696,11.5713,6.1600,1,1.443,4.252
1550,DATA_20260319_110000.BIN,3.2035,7.4316,1.6929,7.4316,4.8840,1,3.495,7.705
1551,DATA_20260319_110000.BIN,1.6929,6.6574,2.3675,6.6574,8.4920,1,4.092,8.100
1552,DATA_20260319_110000.BIN,2.3675,7.7898,5.0049,7.7898,5.3790,1,4.652,6.470
1553,DATA_20260319_110000.BIN,5.0049,8.3592,3.6163,8.3592,1.3090,1,0.516,0.942
1554,DATA_20260319_110000.BIN,3.6163,8.0380,3.5002,8.0380,1.1220,1,2.653,2.665
1555,DATA_20260319_110000.BIN,3.5002,9.5474,4.8968,9.5474,2.4530,1,1.525,1.847
1556,DATA_20260319_110000.BIN,4.8968,14.5613,8.4179,14.5613,5.9180,1,1.793,2.156
1557,DATA_20260319_110000.BIN,5.3830,9.4325,4.7673,9.4325,1.2870,1,3.854,5.248
1558,DATA_20260319_110000.BIN,4.7673,9.9593,5.9449,9.9593,1.2430,1,1.837,2.827
1559,DATA_20260319_110000.BIN,5.9449,9.2725,6.1411,9.2725,1.3200,1,1.937,2.858
1560,DATA_20260319_110000.BIN,6.1411,13.0762,10.0541,13.0762,2.8050,1,2.352,3.824
1561,DATA_20260319_110000.BIN,10.0541,13.4914,5.0037,13.4914,3.0580,1,5.791,7.428
1562,DATA_20260319_110000.BIN,5.0037,8.3357,4.7794,8.3357,1.2870,1,5.287,5.317
1563,DATA_20260319_110000.BIN,4.7794,9.0750,2.2337,9.0750,4.0480,1,3.190,3.190
1564,DATA_20260319_110000.BIN,2.2337,9.0716,6.4638,9.0716,4.9610,1,5.879,5.888
1565,DATA_20260319_110000.BIN,6.4638,9.4606,4.3749,9.4606,1.2760,1,2.129,2.866
1566,DATA_20260319_110000.BIN,4.3749,9.4311,5.0893,9.4311,1.1440,1,1.583,1.674
1567,DATA_20260319_110000.BIN,5.0893,9.4368,4.5046,9.4368,1.3420,1,2.212,2.335
1568,DATA_20260319_110000.BIN,4.5046,10.6676,7.2411,10.6676,3.3660,1,2.145,2.261
1569,DATA_20260319_110000.BIN,4.4026,8.7032,3.0463,8.7032,3.0030,1,1.602,3.461
1570,DATA_20260319_110000.BIN,3.0463,8.4483,3.5446,8.4483,6.1930,1,2.959,3.127
1571,DATA_20260319_110000.BIN,3.5446,8.4862,4.1732,8.4862,3.2560,1,2.007,4.518
1572,DATA_20260319_110000.BIN,4.1732,11.5486,8.5949,11.5486,3.5750,1,0.818,0.825
1573,DATA_20260319_110000.BIN,8.5949,12.4292,6.3275,12.4292,3.6190,1,5.593,6.395
1574,DATA_20260319_110000.BIN,5.1225,12.0271,6.3691,12.0271,1.5510,1,0.916,0.932
1575,DATA_20260319_110000.BIN,6.7733,10.5067,5.5168,10.5067,1.5510,1,2.812,3.203
1576,DATA_20260319_110000.BIN,5.5168,8.7174,5.6139,8.7174,1.2650,1,0.771,1.072
1577,DATA_20260319_110000.BIN,5.6139,8.5793,3.6007,8.5793,2.3870,1,0.648,1.537
1578,DATA_20260319_110000.BIN,3.6007,10.0963,5.6456,10.0963,4.5430,1,2.722,4.215
1579,DATA_20260319_110000.BIN,5.6456,10.9337,4.2812,10.9337,4.0040,1,0.678,2.007
1580,DATA_20260319_110000.BIN,2.2500,12.5024,7.1291,12.5024,2.3980,1,3.250,3.826
1581,DATA_20260319_110000.BIN,7.1291,13.6323,10.2815,13.6323,4.0370,1,12.588,13.427
1582,DATA_20260319_110000.BIN,11.6724,17.6507,15.4660,17.6507,4.8070,1,13.687,13.952
1583,DATA_20260319_110000.BIN,7.3612,11.6563,0.7949,11.6563,2.8380,1,6.956,12.768
1584,DATA_20260319_110000.BIN,0.7949,19.2962,9.0413,19.2962,5.7090,1,4.232,4.241
1585,DATA_20260319_110000.BIN,9.0413,13.2741,8.5346,13.2741,1.7490,1,6.307,7.058
1586,DATA_20260319_110000.BIN,6.4418,14.2464,8.5928,14.2464,3.2780,1,2.673,3.665
1587,DATA_20260319_110000.BIN,8.5928,11.8229,8.4326,11.8229,2.0680,1,4.921,5.411
1588,DATA_20260319_110000.BIN,7.1156,11.8440,7.2229,11.8440,1.7490,1,3.405,4.242
1589,DATA_20260319_110000.BIN,7.2229,11.1398,8.4648,11.1398,1.7380,1,2.126,3.295
1590,DATA_20260319_110000.BIN,4.9608,11.0523,5.8419,11.0523,4.5430,1,1.470,2.499
1591,DATA_20260319_110000.BIN,5.8419,9.7909,5.1838,9.7909,1.5840,1,0.675,2.867
1592,DATA_20260319_110000.BIN,5.1838,8.4849,6.1567,8.4849,4.9500,1,0.351,0.934
1593,DATA_20260319_110000.BIN,6.1567,10.1891,7.2843,10.1891,2.0130,1,0.893,2.909
1594,DATA_20260319_110000.BIN,7.2843,9.9054,6.5598,9.9054,2.5520,1,2.088,3.524
1595,DATA_20260319_110000.BIN,6.5598,9.9114,6.3570,9.9114,2.6290,1,1.299,2.746
1596,DATA_20260319_110000.BIN,6.3570,9.8175,3.9525,9.8175,2.2330,1,1.544,2.203
1597,DATA_20260319_110000.BIN,3.9525,7.8236,3.3832,7.8236,3.0910,1,2.099,2.115
1598,DATA_20260319_110000.BIN,3.3832,9.8263,2.0613,9.8263,4.8070,1,2.373,2.547
1599,DATA_20260319_110000.BIN,2.0613,6.1845,0.8976,6.1845,1.7820,1,3.928,4.131
1600,DATA_20260319_110000.BIN,0.8976,5.1807,1.1755,5.1807,3.0360,1,5.327,5.353
1601,DATA_20260319_110000.BIN,1.1755,4.9146,0.7101,4.9146,1.6940,1,4.567,4.570
1602,DATA_20260319_110000.BIN,0.7101,8.0241,4.2021,8.0241,3.2560,1,4.210,4.237
1603,DATA_20260319_110000.BIN,8.8342,13.3249,10.5335,13.3249,2.1120,1,6.434,6.488
1604,DATA_20260319_110000.BIN,10.5335,13.2729,2.7557,13.2729,6.4240,1,7.505,8.259
1605,DATA_20260319_110000.BIN,2.7557,14.5931,10.2957,14.5931,3.7070,1,2.946,3.054
1606,DATA_20260319_110000.BIN,3.3477,9.0690,2.7549,9.0690,3.8610,1,2.973,3.006
1607,DATA_20260319_110000.BIN,2.7549,8.6551,4.0708,8.6551,2.0130,1,1.968,1.971
1608,DATA_20260319_110000.BIN,4.2471,8.7583,5.8595,8.7583,3.2780,1,4.142,4.191
1609,DATA_20260319_110000.BIN,5.8595,21.3168,2.4563,21.3168,9.2950,1,3.917,4.288
1610,DATA_20260319_110000.BIN,2.4563,9.0664,5.9954,9.0664,1.4850,1,2.924,3.331
1611,DATA_20260319_110000.BIN,5.9954,11.4910,7.9820,11.4910,1.5290,1,2.945,3.438
1612,DATA_20260319_110000.BIN,7.9820,10.9050,5.3639,10.9050,3.1240,1,4.237,5.074
1613,DATA_20260319_110000.BIN,5.3639,9.4748,5.2693,9.4748,1.6280,1,0.759,2.973
1614,DATA_20260319_110000.BIN,5.2693,8.6404,1.4593,8.6404,1.8590,1,1.179,2.487
1615,DATA_20260319_110000.BIN,1.4593,5.2526,2.0884,5.2526,1.5510,1,4.850,4.863
1616,DATA_20260319_110000.BIN,2.0884,7.2672,3.9413,7.2672,1.6390,1,2.472,2.751
1617,DATA_20260319_110000.BIN,3.9413,7.2200,3.3277,7.2200,1.7270,1,0.257,0.672
1618,DATA_20260319_110000.BIN,2.8510,5.6625,1.1567,5.6625,1.6940,1,1.561,1.587
1619,DATA_20260319_110000.BIN,3.1086,7.6623,4.0292,7.6623,1.7930,1,1.221,1.259
1620,DATA_20260319_110000.BIN,4.0292,7.0879,3.2814,7.0879,1.7600,1,0.339,1.304
1621,DATA_20260319_110000.BIN,3.2814,6.4082,2.6587,6.4082,1.8040,1,0.931,1.330
1622,DATA_20260319_110000.BIN,2.6587,6.8824,3.9564,6.8824,1.7820,1,1.306,1.353
1623,DATA_20260319_110000.BIN,3.9564,6.1355,3.7542,6.1355,1.8260,1,0.262,0.272
1624,DATA_20260319_110000.BIN,3.7542,6.9441,3.2895,6.9441,2.0240,1,0.097,0.111
1625,DATA_20260319_110000.BIN,3.2895,7.0040,3.6787,7.0040,3.7840,1,0.856,1.477
1626,DATA_20260319_110000.BIN,2.5636,5.6552,1.9184,5.6552,1.8370,1,1.332,1.631
1627,DATA_20260319_110000.BIN,1.9184,5.0270,1.4656,5.0270,1.8590,1,1.895,2.052
1628,DATA_20260319_110000.BIN,1.4656,5.1497,2.4922,5.1497,1.8700,1,2.242,2.260
1629,DATA_20260319_110000.BIN,1.7384,6.2171,1.2524,6.2171,3.4760,1,1.711,2.066
1630,DATA_20260319_110000.BIN,1.2524,5.1637,2.5025,5.1637,2.0240,1,4.757,4.987
1631,DATA_20260319_110000.BIN,2.5025,6.5993,2.7052,6.5993,1.7270,1,0.432,2.112
1632,DATA_20260319_110000.BIN,2.7052,10.0416,6.7634,10.0416,4.9280,1,0.535,0.871
1633,DATA_20260319_110000.BIN,6.4235,10.8552,6.9343,10.8552,1.7600,1,4.223,4.263
1634,DATA_20260319_110000.BIN,6.9343,10.0717,1.2917,10.0717,3.7620,1,4.353,4.773
1635,DATA_20260319_110000.BIN,1.2917,6.8220,3.4327,6.8220,3.3000,1,2.998,3.006
1636,DATA_20260319_110000.BIN,3.4327,6.1819,3.9078,6.1819,1.8810,1,1.124,1.885
1637,DATA_20260319_110000.BIN,3.9078,6.9094,3.5211,6.9094,3.7510,1,1.255,1.848
1638,DATA_20260319_110000.BIN,1.7733,12.2457,8.2355,12.2457,6.6660,1,1.737,1.788
1639,DATA_20260319_110000.BIN,8.2355,11.1215,5.5749,11.1215,8.4260,1,5.981,6.077
1640,DATA_20260319_110000.BIN,4.5235,10.7704,3.9049,10.7704,6.4900,1,1.326,2.288
1641,DATA_20260319_110000.BIN,3.9049,6.8843,1.4842,6.8843,4.4880,1,3.539,3.659
1642,DATA_20260319_110000.BIN,6.8001,10.7841,4.1830,10.7841,9.2180,1,9.279,9.356
1643,DATA_20260319_110000.BIN,4.1830,6.9947,4.3727,6.9947,5.2140,1,4.141,4.141
1644,DATA_20260319_110000.BIN,4.3727,9.6370,2.0855,9.6370,4.9830,1,3.379,4.912
1645,DATA_20260319_110000.BIN,2.0855,5.8818,1.8665,5.8818,1.7710,1,4.220,5.890
1646,DATA_20260319_110000.BIN,1.8665,5.7721,3.0955,5.7721,1.6060,1,4.328,5.733
1647,DATA_20260319_110000.BIN,3.0955,7.6374,2.8081,7.6374,3.2890,1,5.611,7.376
1648,DATA_20260319_110000.BIN,2.8081,8.7757,1.2665,8.7757,2.7280,1,1.207,2.039
1649,DATA_20260319_110000.BIN,1.2665,5.6045,2.6397,5.6045,1.5070,1,2.750,5.579
1650,DATA_20260319_110000.BIN,2.6397,6.1470,2.2375,6.1470,1.9470,1,3.931,3.932
1651,DATA_20260319_110000.BIN,2.2375,14.1364,9.1931,14.1364,3.6080,1,0.621,0.833
1652,DATA_20260319_110000.BIN,6.6021,10.1461,6.9364,10.1461,1.6720,1,5.542,6.023
1653,DATA_20260319_110000.BIN,6.9364,9.4903,5.2894,9.4903,1.7270,1,5.272,5.783
1654,DATA_20260319_110000.BIN,5.2894,11.3161,8.2782,11.3161,1.4520,1,3.003,3.044
1655,DATA_20260319_110000.BIN,8.2782,13.6538,2.2105,13.6538,3.7180,1,5.984,6.601
1656,DATA_20260319_110000.BIN,2.2105,6.5856,2.0772,6.5856,1.6060,1,1.629,1.638
1657,DATA_20260319_110000.BIN,3.8657,6.7277,2.9745,6.7277,1.5290,1,0.535,1.814
1658,DATA_20260319_110000.BIN,2.9745,7.1231,2.4027,7.1231,1.6940,1,1.756,2.518
1659,DATA_20260319_110000.BIN,2.4027,8.3026,4.0530,8.3026,1.6940,1,2.246,2.515
1660,DATA_20260319_110000.BIN,4.0530,7.3210,3.3160,7.3210,1.7380,1,1.346,1.428
1661,DATA_20260319_110000.BIN,3.3160,7.9826,3.5246,7.9826,1.6500,1,0.860,0.953
1662,DATA_20260319_110000.BIN,3.5246,7.9296,3.3423,7.9296,3.1680,1,0.640,0.657
1663,DATA_20260319_110000.BIN,3.3423,6.2719,3.5300,6.2719,1.8810,1,2.231,2.352
1664,DATA_20260319_110000.BIN,3.5300,6.2982,3.6320,6.2982,1.4740,1,0.627,1.286
1665,DATA_20260319_110000.BIN,3.6320,7.5337,0.6962,7.5337,3.5860,1,0.979,1.019
1666,DATA_20260319_110000.BIN,0.6962,4.5025,1.5811,4.5025,1.6610,1,4.086,4.713
1667,DATA_20260319_110000.BIN,1.5811,10.8389,4.7014,10.8389,8.8880,1,1.475,1.665
1668,DATA_20260319_110000.BIN,4.7793,8.9031,6.3997,8.9031,1.9250,1,2.231,2.696
1669,DATA_20260319_110000.BIN,4.4292,7.7017,3.8370,7.7017,1.5840,1,1.897,2.078
1670,DATA_20260319_110000.BIN,3.8370,6.9161,3.4646,6.9161,1.6280,1,1.357,1.386
1671,DATA_20260319_110000.BIN,3.4646,7.3594,2.9456,7.3594,1.7160,1,1.004,1.032
1672,DATA_20260319_110000.BIN,2.9456,6.2172,2.5616,6.2172,1.6830,1,0.963,0.991
1673,DATA_20260319_110000.BIN,2.5616,5.6625,2.6570,5.6625,1.5840,1,0.748,0.753
1674,DATA_20260319_110000.BIN,2.6570,5.9560,2.1564,5.9560,1.6390,1,0.718,1.181
1675,DATA_20260319_110000.BIN,2.1564,8.0101,4.3127,8.0101,1.6280,1,1.606,1.729
1676,DATA_20260319_110000.BIN,5.0981,8.2086,5.3026,8.2086,1.7050,1,2.352,2.690
1677,DATA_20260319_110000.BIN,6.4411,10.4793,4.4940,10.4793,5.2800,1,3.591,4.095
1678,DATA_20260319_110000.BIN,3.9284,6.6838,2.5692,6.6838,1.7930,1,0.576,0.583
1679,DATA_20260319_110000.BIN,1.1520,6.2175,1.3342,6.2175,1.8040,1,2.998,3.124
1680,DATA_20260319_110000.BIN,1.3342,4.1257,1.3613,4.1257,1.7820,1,2.106,2.777
1681,DATA_20260319_110000.BIN,0.1318,2.7709,0.3444,2.7709,2.2990,1,3.276,3.958
1682,DATA_20260319_110000.BIN,0.3444,6.4133,1.8472,6.4133,3.0800,1,2.449,4.663
1683,DATA_20260319_110000.BIN,1.8472,5.3188,1.5859,5.3188,1.5180,1,0.749,1.020
1684,DATA_20260319_110000.BIN,1.5859,6.8248,1.3994,6.8248,1.9690,1,1.082,1.434
1685,DATA_20260319_110000.BIN,1.3994,5.7393,1.4777,5.7393,3.3110,1,3.473,3.474
1686,DATA_20260319_110000.BIN,1.4777,5.7427,0.8904,5.7427,1.8260,1,2.638,2.928
1687,DATA_20260319_110000.BIN,0.8904,3.8421,1.5310,3.8421,1.7490,1,3.022,3.273
1688,DATA_20260319_110000.BIN,1.5310,5.5826,2.2995,5.5826,1.5400,1,0.218,0.308
1689,DATA_20260319_110000.BIN,2.2995,6.4018,2.8367,6.4018,1.5950,1,1.204,1.209
1690,DATA_20260319_110000.BIN,2.8367,9.3164,0.9317,9.3164,3.4540,1,1.295,1.355
1691,DATA_20260319_110000.BIN,0.9317,3.8452,0.8155,3.8452,3.2890,1,1.499,2.698
1692,DATA_20260319_110000.BIN,0.3968,4.3947,0.9997,4.3947,1.3420,1,1.234,5.084
1693,DATA_20260319_110000.BIN,0.8352,3.2757,0.7976,3.2757,1.8480,1,1.546,1.980
1694,DATA_20260319_110000.BIN,0.7976,3.4242,0.3628,3.4242,1.4960,1,0.882,0.933
1695,DATA_20260319_110000.BIN,1.1914,4.1654,0.7415,4.1654,1.7380,1,0.304,0.507
1696,DATA_20260319_110000.BIN,0.7415,4.3287,0.2972,4.3287,1.4410,1,0.997,1.494
1697,DATA_20260319_110000.BIN,0.2972,3.7685,0.3403,3.7685,1.3200,1,1.266,1.442
1698,DATA_20260319_110000.BIN,0.3403,3.8718,1.1367,3.8718,1.8700,1,1.715,1.740
1699,DATA_20260319_110000.BIN,0.8718,4.3875,0.9817,4.3875,1.5510,1,1.282,1.461
1700,DATA_20260319_110000.BIN,0.9817,5.1199,2.2048,5.1199,1.4850,1,1.190,1.190
1701,DATA_20260319_110000.BIN,1.8911,4.8373,2.7144,4.8373,3.0910,1,1.507,1.632
1702,DATA_20260319_110000.BIN,2.7144,4.7848,2.6892,4.7848,3.0690,1,2.284,2.284
1703,DATA_20260319_110000.BIN,1.9182,5.0508,1.8449,5.0508,1.5070,1,1.248,1.566
1704,DATA_20260319_110000.BIN,1.5226,6.9920,1.1513,6.9920,4.4440,1,2.271,2.812
1705,DATA_20260319_110000.BIN,5.9891,9.1537,6.0868,9.1537,2.5410,1,5.546,6.869
1706,DATA_20260319_110000.BIN,3.8497,6.2701,1.7250,6.2701,9.6140,1,3.199,5.541
1707,DATA_20260319_110000.BIN,1.7250,8.4620,1.4458,8.4620,5.4450,1,0.397,5.662
1708,DATA_20260319_110000.BIN,1.4458,13.9560,4.2544,13.9560,3.2340,1,0.360,0.418
1709,DATA_20260319_110000.BIN,4.2544,10.9981,5.8765,10.9981,3.1900,1,2.849,3.364
1710,DATA_20260319_110000.BIN,5.8765,17.5548,1.1109,17.5548,6.4680,1,4.688,5.246
1711,DATA_20260319_110000.BIN,7.7442,15.5253,5.9227,15.5253,5.7530,1,6.368,6.386
1712,DATA_20260319_110000.BIN,5.9227,8.6933,1.4848,8.6933,3.4870,1,3.146,3.571
1713,DATA_20260319_110000.BIN,1.4848,7.0897,0.3709,7.0897,5.5770,1,4.998,5.152
1714,DATA_20260319_110000.BIN,0.8160,10.7938,3.3385,10.7938,3.3440,1,3.458,3.511
1715,DATA_20260319_110000.BIN,3.3385,8.4693,3.1105,8.4693,2.7390,1,1.649,6.545
1716,DATA_20260319_110000.BIN,3.1105,9.9301,3.8275,9.9301,3.5750,1,2.569,2.612
1717,DATA_20260319_110000.BIN,3.8275,8.0830,3.2566,8.0830,2.0130,1,5.739,6.243
1718,DATA_20260319_110000.BIN,3.2566,6.8199,2.5709,6.8199,2.5190,1,1.197,2.276
1719,DATA_20260319_110000.BIN,2.5709,8.7645,2.0906,8.7645,2.7940,1,1.478,2.419
1720,DATA_20260319_110000.BIN,2.0906,9.4384,0.5480,9.4384,5.0820,1,2.383,2.388
1721,DATA_20260319_110000.BIN,0.5480,15.2524,5.2302,15.2524,5.7090,1,2.243,5.056
1722,DATA_20260319_110000.BIN,5.2302,9.0457,5.0476,9.0457,5.2470,1,4.625,4.641
1723,DATA_20260319_110000.BIN,5.0476,8.4681,2.6103,8.4681,5.6870,1,4.068,4.109
1724,DATA_20260319_110000.BIN,2.6103,5.8164,1.3488,5.8164,5.3900,1,1.002,3.395
1725,DATA_20260319_110000.BIN,0.6559,4.2100,0.8564,4.2100,2.2770,1,3.119,3.493
1726,DATA_20260319_110000.BIN,0.8564,8.3700,3.2766,8.3700,3.7400,1,2.008,5.262
1727,DATA_20260319_110000.BIN,0.6977,14.3192,0.1886,14.3192,5.2800,1,2.352,3.310
1728,DATA_20260319_110000.BIN,0.1886,6.4849,1.3381,6.4849,2.0130,1,2.113,2.798
1729,DATA_20260319_110000.BIN,1.3381,5.4516,0.8269,5.4516,2.9920,1,0.887,2.722
1730,DATA_20260319_110000.BIN,0.8269,7.6712,0.6286,7.6712,3.2780,1,0.608,4.317
1731,DATA_20260319_110000.BIN,3.5318,7.4498,2.1285,7.4498,4.5210,1,5.346,6.367
1732,DATA_20260319_110000.BIN,2.1285,6.7051,1.0928,6.7051,1.1990,1,1.909,4.063
1733,DATA_20260319_110000.BIN,1.0928,8.5893,3.7290,8.5893,3.6080,1,2.019,2.197
1734,DATA_20260319_110000.BIN,6.1497,12.8421,4.5193,12.8421,4.0040,1,6.490,7.571
1735,DATA_20260319_110000.BIN,4.5193,9.2019,5.1533,9.2019,1.7380,1,3.636,4.132
1736,DATA_20260319_110000.BIN,5.1533,7.4853,1.1062,7.4853,3.5750,1,4.348,5.190
1737,DATA_20260319_110000.BIN,0.7136,5.0403,1.6641,5.0403,3.1460,1,3.269,3.593
1738,DATA_20260319_110000.BIN,1.6641,5.1284,0.8485,5.1284,4.9280,1,3.263,4.222
1739,DATA_20260319_110000.BIN,0.9020,7.1896,0.3026,7.1896,5.2140,1,1.320,2.315
1740,DATA_20260319_110000.BIN,2.1303,5.7446,3.0019,5.7446,3.8170,1,2.164,2.945
1741,DATA_20260319_110000.BIN,0.9307,3.1586,0.7516,3.1586,2.3870,1,0.703,2.511
1742,DATA_20260319_110000.BIN,0.7516,6.3163,1.0759,6.3163,8.9540,1,0.585,4.104
1743,DATA_20260319_110000.BIN,1.0759,4.3381,0.6496,4.3381,7.4360,1,0.520,2.268
1744,DATA_20260319_110000.BIN,0.5524,3.9802,0.7962,3.9802,5.8850,1,1.279,4.638
1745,DATA_20260319_110000.BIN,0.7962,3.1476,0.4920,3.1476,4.7960,1,0.799,4.084
1746,DATA_20260319_110000.BIN,0.4920,10.7456,5.9312,10.7456,3.7180,1,1.010,3.437
1747,DATA_20260319_110000.BIN,5.9312,12.4362,4.1803,12.4362,1.6500,1,5.213,7.337
1748,DATA_20260319_110000.BIN,2.7060,6.1400,2.6343,6.1400,6.7210,1,1.509,1.602
1749,DATA_20260319_110000.BIN,2.4922,5.2316,0.7666,5.2316,1.6830,1,1.215,2.110
1750,DATA_20260319_110000.BIN,0.7666,4.7271,1.3625,4.7271,1.2870,1,1.074,1.090
1751,DATA_20260319_110000.BIN,1.3625,9.6813,2.2566,9.6813,5.0930,1,3.413,4.017
1752,DATA_20260319_110000.BIN,2.2566,12.5409,3.7687,12.5409,3.3880,1,1.002,7.601
1753,DATA_20260319_110000.BIN,3.7687,6.1099,3.1512,6.1099,1.9140,1,2.800,2.808
1754,DATA_20260319_110000.BIN,2.6089,5.6695,1.2750,5.6695,7.2380,1,1.130,1.135
1755,DATA_20260319_110000.BIN,1.2750,5.1692,1.8873,5.1692,4.3230,1,0.339,2.702
1756,DATA_20260319_110000.BIN,0.6033,5.4295,0.5916,5.4295,6.7430,1,0.852,4.100
1757,DATA_20260319_110000.BIN,0.5916,5.1069,1.1982,5.1069,4.7190,1,2.372,2.672
1758,DATA_20260319_110000.BIN,1.1982,7.3053,2.8508,7.3053,3.1020,1,2.554,3.868
1759,DATA_20260319_110000.BIN,1.6661,4.9905,1.2001,4.9905,2.6840,1,1.990,2.547
1760,DATA_20260319_110000.BIN,1.2001,6.2356,1.1612,6.2356,4.3230,1,0.628,1.334
1761,DATA_20260319_110000.BIN,0.2821,5.1695,0.9523,5.1695,2.7170,1,1.092,1.989
1762,DATA_20260319_110000.BIN,0.9523,3.8639,0.4364,3.8639,8.0520,1,0.718,2.291
1763,DATA_20260319_110000.BIN,0.4364,4.3326,1.2921,4.3326,2.2550,1,0.797,0.797
1764,DATA_20260319_110000.BIN,1.2921,4.0256,1.2108,4.0256,9.3390,1,1.731,1.739
1765,DATA_20260319_110000.BIN,1.1391,3.9710,0.3524,3.9710,6.1820,1,1.848,4.507
1766,DATA_20260319_110000.BIN,2.5807,6.1063,2.2031,6.1063,2.5190,1,2.249,2.291
1767,DATA_20260319_110000.BIN,2.2031,5.2716,1.8804,5.2716,4.7740,1,2.386,4.030
1768,DATA_20260319_110000.BIN,1.8804,7.2046,3.4587,7.2046,9.2290,1,0.886,3.005
1769,DATA_20260319_110000.BIN,2.8067,6.5769,0.5958,6.5769,9.2840,1,2.401,2.412
1770,DATA_20260319_110000.BIN,0.2405,3.6106,0.3659,3.6106,6.5230,1,0.951,4.170
1771,DATA_20260319_110000.BIN,1.3958,5.0096,0.6022,5.0096,6.7320,1,0.930,1.102
1772,DATA_20260319_110000.BIN,1.3268,4.5251,0.6904,4.5251,3.5310,1,0.628,0.628
1773,DATA_20260319_110000.BIN,0.6904,4.2139,1.8961,4.2139,7.0620,1,0.558,0.755
1774,DATA_20260319_110000.BIN,1.8961,4.9909,0.5333,4.9909,3.6960,1,0.798,2.217
1775,DATA_20260319_110000.BIN,0.5333,4.3147,0.3903,4.3147,3.1680,1,1.483,2.039
1776,DATA_20260319_110000.BIN,0.7558,8.8301,0.8504,8.8301,7.7550,1,2.249,3.322
1777,DATA_20260319_110000.BIN,0.5664,4.1673,1.1827,4.1673,1.1770,1,0.240,2.945
1778,DATA_20260319_110000.BIN,1.1827,4.3768,0.4050,4.3768,1.3090,1,1.135,2.177
1779,DATA_20260319_110000.BIN,1.8028,5.1601,1.6668,5.1601,1.2100,1,1.833,3.401
1780,DATA_20260319_110000.BIN,1.6668,5.8088,1.3227,5.8088,5.0820,1,1.901,2.668
1781,DATA_20260319_110000.BIN,1.3227,5.4643,0.8678,5.4643,3.2120,1,0.954,1.917
1782,DATA_20260319_110000.BIN,0.3041,9.0815,1.0212,9.0815,9.0420,1,0.946,1.832
1783,DATA_20260319_110000.BIN,1.5280,8.1292,4.7285,8.1292,1.4520,1,2.173,5.748
1784,DATA_20260319_110000.BIN,1.5442,6.6646,0.3186,6.6646,5.8190,1,1.932,2.702
1785,DATA_20260319_110000.BIN,0.3186,8.6167,2.1864,8.6167,5.0600,1,1.020,1.211
1786,DATA_20260319_110000.BIN,0.4942,2.4262,0.3950,2.4262,3.6520,1,0.924,1.720
1787,DATA_20260319_110000.BIN,1.6640,5.1670,0.2343,5.1670,2.7280,1,1.953,2.045
1788,DATA_20260319_110000.BIN,0.2343,7.5513,2.0948,7.5513,4.0920,1,0.387,1.475
1789,DATA_20260319_110000.BIN,2.0948,10.6196,1.1289,10.6196,7.5570,1,2.354,2.554
1790,DATA_20260319_110000.BIN,1.1289,4.8223,1.2973,4.8223,2.7500,1,0.953,2.410
1791,DATA_20260319_110000.BIN,1.2973,5.2569,1.2024,5.2569,1.3310,1,1.462,1.700
1792,DATA_20260319_110000.BIN,4.8515,9.8585,0.4981,9.8585,3.2450,1,5.043,5.161
1793,DATA_20260319_110000.BIN,0.4981,4.2708,1.3304,4.2708,1.2430,1,0.981,3.654
1794,DATA_20260319_110000.BIN,1.3304,9.6806,5.1877,9.6806,3.3550,1,0.459,2.909
1795,DATA_20260319_110000.BIN,5.1877,9.1115,2.8313,9.1115,5.2250,1,4.467,7.394
1796,DATA_20260319_110000.BIN,3.5017,7.9339,2.2298,7.9339,1.8260,1,2.752,5.466
1797,DATA_20260319_110000.BIN,2.2298,10.1536,1.6934,10.1536,6.6110,1,3.883,5.688
1798,DATA_20260319_110000.BIN,1.6934,9.3044,0.9204,9.3044,5.3240,1,1.776,5.568
1799,DATA_20260319_110000.BIN,0.9204,4.6146,1.6265,4.6146,3.9270,1,0.475,1.689
1800,DATA_20260319_110000.BIN,3.6911,7.7966,0.5887,7.7966,4.2020,1,3.907,4.475
1801,DATA_20260319_110000.BIN,0.5887,8.7134,1.2961,8.7134,3.1790,1,0.768,3.851
1802,DATA_20260319_110000.BIN,0.5232,3.7521,0.3037,3.7521,1.3750,1,0.998,1.385
1803,DATA_20260319_110000.BIN,0.3037,4.7101,1.6698,4.7101,1.4080,1,1.404,2.617
1804,DATA_20260319_110000.BIN,1.6698,4.6896,0.7059,4.6896,1.3200,1,1.438,2.545
1805,DATA_20260319_110000.BIN,0.7059,4.3757,1.1395,4.3757,1.3310,1,1.650,2.261
1806,DATA_20260319_110000.BIN,1.5160,5.7389,1.5455,5.7389,1.5400,1,1.526,2.164
1807,DATA_20260319_110000.BIN,1.5455,4.8210,1.1901,4.8210,1.5180,1,1.843,1.843
1808,DATA_20260319_110000.BIN,1.1901,4.4415,1.1483,4.4415,1.4630,1,1.743,1.940
1809,DATA_20260319_110000.BIN,1.1483,4.4833,1.2914,4.4833,1.7710,1,0.984,2.212
1810,DATA_20260319_110000.BIN,1.2914,3.4813,0.7066,3.4813,2.7170,1,2.220,2.231
1811,DATA_20260319_110000.BIN,0.2392,5.2544,0.5594,5.2544,3.1350,1,0.550,3.242
1812,DATA_20260319_110000.BIN,0.8829,5.3364,0.9043,5.3364,1.6830,1,1.251,1.263
1813,DATA_20260319_110000.BIN,0.5627,5.8300,0.4479,5.8300,7.3590,1,1.114,2.265
1814,DATA_20260319_110000.BIN,0.4479,9.4634,0.7152,9.4634,6.1270,1,0.919,2.540
1815,DATA_20260319_110000.BIN,0.7152,6.1140,2.8033,6.1140,3.8610,1,0.566,0.575
1816,DATA_20260319_110000.BIN,1.2959,4.7892,2.0250,4.7892,1.4630,1,1.853,3.106
1817,DATA_20260319_110000.BIN,2.0250,5.6923,2.0012,5.6923,1.6390,1,2.208,2.585
1818,DATA_20260319_110000.BIN,2.0012,5.8345,1.1447,5.8345,3.4650,1,2.222,2.847
1819,DATA_20260319_110000.BIN,1.1447,5.5741,2.2767,5.5741,2.0130,1,1.280,2.958
1820,DATA_20260319_110000.BIN,1.1918,6.4387,0.5624,6.4387,3.1240,1,0.859,3.916
1821,DATA_20260319_110000.BIN,0.1256,11.6927,1.3035,11.6927,4.6420,1,0.651,0.764
1822,DATA_20260319_110000.BIN,1.3035,5.3560,2.5030,5.3560,4.2130,1,1.349,4.490
1823,DATA_20260319_110000.BIN,2.6591,6.6583,3.3723,6.6583,3.8170,1,2.307,3.906
1824,DATA_20260319_110000.BIN,3.3723,8.5145,1.2936,8.5145,6.6220,1,4.231,4.741
1825,DATA_20260319_110000.BIN,1.2936,5.3946,0.6259,5.3946,2.2770,1,0.733,2.122
1826,DATA_20260319_110000.BIN,0.6259,5.7222,0.5374,5.7222,3.6520,1,0.869,3.928
1827,DATA_20260319_110000.BIN,0.5374,7.4606,0.9884,7.4606,5.6650,1,0.729,0.762
1828,DATA_20260319_110000.BIN,1.7779,5.1553,1.0980,5.1553,2.8490,1,2.639,4.555
1829,DATA_20260319_110000.BIN,1.0980,4.1448,0.2599,4.1448,1.5070,1,1.278,3.441
1830,DATA_20260319_110000.BIN,0.2599,5.6402,1.8439,5.6402,4.2240,1,0.776,3.918
1831,DATA_20260319_110000.BIN,1.5250,5.7068,1.5503,5.7068,3.8390,1,1.620,1.914
1832,DATA_20260319_110000.BIN,1.5503,4.7978,0.4549,4.7978,1.9910,1,1.653,1.667
1833,DATA_20260319_110000.BIN,0.4549,5.0969,1.3438,5.0969,2.1010,1,0.660,0.660
1834,DATA_20260319_110000.BIN,1.3438,5.4427,0.8931,5.4427,2.1120,1,1.282,1.292
1835,DATA_20260319_110000.BIN,0.8931,7.4795,0.3355,7.4795,5.4230,1,1.385,4.341
1836,DATA_20260319_110000.BIN,0.3355,5.5409,1.4682,5.5409,2.6290,1,0.893,2.671
1837,DATA_20260319_110000.BIN,1.4682,6.2294,1.1294,6.2294,1.8150,1,1.431,1.445
1838,DATA_20260319_110000.BIN,1.1294,4.7810,0.6455,4.7810,4.3230,1,1.074,1.300
1839,DATA_20260319_110000.BIN,0.6455,3.7466,1.0161,3.7466,5.7420,1,0.776,5.347
1840,DATA_20260319_110000.BIN,0.3713,3.9986,1.2403,3.9986,2.0130,1,0.275,1.884
1841,DATA_20260319_110000.BIN,0.6622,4.4907,1.9309,4.4907,5.5990,1,0.835,1.968
1842,DATA_20260319_110000.BIN,1.9309,5.2692,0.5434,5.2692,1.7930,1,2.013,2.582
1843,DATA_20260319_110000.BIN,0.5434,3.9781,1.1560,3.9781,1.5840,1,0.416,3.886
1844,DATA_20260319_110000.BIN,1.1560,5.6984,1.0715,5.6984,2.5630,1,0.991,3.173
1845,DATA_20260319_110000.BIN,1.0715,4.2056,0.9682,4.2056,1.6170,1,1.800,1.846
1846,DATA_20260319_110000.BIN,0.9682,4.2564,0.8303,4.2564,1.8370,1,0.810,1.500
1847,DATA_20260319_110000.BIN,0.6825,4.2487,0.3981,4.2487,1.7930,1,1.354,1.404
1848,DATA_20260319_110000.BIN,1.1534,4.7458,0.5826,4.7458,1.7050,1,0.901,2.341
1849,DATA_20260319_110000.BIN,0.5826,3.3850,0.4968,3.3850,1.4190,1,0.914,2.144
1850,DATA_20260319_110000.BIN,0.4968,4.0474,0.7405,4.0474,1.8810,1,1.006,3.009
1851,DATA_20260319_110000.BIN,0.5292,4.7113,0.5137,4.7113,3.5640,1,0.264,0.392
1852,DATA_20260319_110000.BIN,0.5137,3.9502,1.2765,3.9502,1.5510,1,0.258,0.411
1853,DATA_20260319_110000.BIN,1.2765,4.3866,1.4500,4.3866,1.3640,1,1.689,1.734
1854,DATA_20260319_110000.BIN,0.6353,4.4836,0.5470,4.4836,1.8260,1,0.646,0.864
1855,DATA_20260319_110000.BIN,0.5470,13.4538,2.4716,13.4538,7.3480,1,0.836,1.698
1856,DATA_20260319_110000.BIN,2.4716,4.4456,0.4825,4.4456,7.9530,1,2.364,3.635
1857,DATA_20260319_110000.BIN,0.4825,4.3964,0.6571,4.3964,4.8840,1,0.110,0.329
1858,DATA_20260319_110000.BIN,0.4941,4.8155,0.2036,4.8155,5.8740,1,0.184,2.690
1859,DATA_20260319_110000.BIN,0.6600,4.9953,0.3899,4.9953,3.4760,1,0.686,1.490
1860,DATA_20260319_110000.BIN,0.3899,3.8298,1.0959,3.8298,1.8810,1,0.920,1.587
1861,DATA_20260319_110000.BIN,1.0959,4.2798,0.2663,4.2798,3.3660,1,0.793,0.846
1862,DATA_20260319_110000.BIN,0.2663,5.6987,0.9991,5.6987,3.6190,1,0.885,1.543
1863,DATA_20260319_110000.BIN,0.9991,3.8456,1.4634,3.8456,1.6170,1,0.799,2.147
1864,DATA_20260319_110000.BIN,0.1925,3.3689,0.5035,3.3689,1.7930,1,0.595,0.815
1865,DATA_20260319_110000.BIN,0.5035,5.1251,1.6484,5.1251,7.5240,1,0.873,1.604
1866,DATA_20260319_110000.BIN,0.6196,4.6897,1.0275,4.6897,3.1130,1,0.849,1.037
1867,DATA_20260319_110000.BIN,0.6712,4.5829,1.2845,4.5829,1.7380,1,0.762,1.292
1868,DATA_20260319_110000.BIN,0.4252,4.4072,0.9411,4.4072,1.7930,1,0.347,0.732
1869,DATA_20260319_110000.BIN,3.3021,9.2864,3.5325,9.2864,3.3880,1,3.944,4.060
1870,DATA_20260319_110000.BIN,3.5325,9.2371,4.6605,9.2371,5.7970,1,3.668,4.313
1871,DATA_20260319_110000.BIN,5.5052,11.1277,2.2794,11.1277,5.4120,1,5.486,6.411
1872,DATA_20260319_110000.BIN,2.2794,5.8588,1.5115,5.8588,2.5300,1,0.874,3.354
1873,DATA_20260319_110000.BIN,1.5115,4.5347,1.8325,4.5347,1.8920,1,0.801,5.531
1874,DATA_20260319_110000.BIN,0.5236,3.5148,0.2514,3.5148,3.1130,1,1.135,4.100
1875,DATA_20260319_110000.BIN,0.2514,4.7333,0.2646,4.7333,1.4410,1,1.429,1.435
1876,DATA_20260319_110000.BIN,0.2646,4.7830,1.2404,4.7830,3.8720,1,1.489,2.607
1877,DATA_20260319_110000.BIN,0.2009,3.8295,0.3832,3.8295,2.4200,1,0.841,2.310
1878,DATA_20260319_110000.BIN,0.3832,4.4758,0.3235,4.4758,3.6410,1,0.927,2.918
1879,DATA_20260319_110000.BIN,0.3235,5.7951,1.8728,5.7951,1.7820,1,0.332,2.009
1880,DATA_20260319_110000.BIN,0.3418,5.3078,1.6424,5.3078,1.8040,1,0.651,1.240
1881,DATA_20260319_110000.BIN,1.6424,5.8509,2.5513,5.8509,2.8380,1,1.315,1.945
1882,DATA_20260319_110000.BIN,2.5513,9.9690,5.9891,9.9690,4.4660,1,3.490,3.561
1883,DATA_20260319_110000.BIN,5.9891,12.0150,3.1124,12.0150,3.3990,1,7.001,10.192
1884,DATA_20260319_110000.BIN,3.1124,6.4225,0.6424,6.4225,2.2990,1,3.235,5.113
1885,DATA_20260319_110000.BIN,0.5813,6.3468,2.4123,6.3468,6.2260,1,0.852,1.673
1886,DATA_20260319_110000.BIN,2.4123,6.3723,0.6592,6.3723,4.3560,1,2.680,4.352
1887,DATA_20260319_110000.BIN,0.6592,3.7388,0.6846,3.7388,3.2670,1,1.154,1.156
1888,DATA_20260319_110000.BIN,0.6846,5.7262,1.8755,5.7262,2.3760,1,0.969,2.450
1889,DATA_20260319_110000.BIN,1.8755,5.1572,0.9012,5.1572,2.0130,1,2.561,3.021
1890,DATA_20260319_110000.BIN,0.9012,3.9720,1.2626,3.9720,1.7380,1,1.242,1.346
1891,DATA_20260319_110000.BIN,1.4605,4.5298,1.3326,4.5298,1.8810,1,1.919,2.319
1892,DATA_20260319_110000.BIN,2.2525,5.2818,0.6455,5.2818,1.9030,1,2.228,2.993
1893,DATA_20260319_110000.BIN,2.0067,6.2186,2.9444,6.2186,1.7270,1,1.873,1.958
1894,DATA_20260319_110000.BIN,0.9560,4.2873,0.6402,4.2873,1.8150,1,1.114,6.626
1895,DATA_20260319_110000.BIN,0.6402,2.9808,0.2136,2.9808,3.7070,1,0.927,0.930
1896,DATA_20260319_110000.BIN,0.4196,4.6092,1.7570,4.6092,4.3230,1,0.487,2.865
1897,DATA_20260319_110000.BIN,1.7570,3.5701,0.5386,3.5701,1.7160,1,1.627,1.631
1898,DATA_20260319_110000.BIN,0.5386,3.9037,0.2533,3.9037,1.9360,1,0.604,0.663
1899,DATA_20260319_110000.BIN,0.2533,4.2825,0.6057,4.2825,1.9910,1,0.818,0.948
1900,DATA_20260319_110000.BIN,0.6057,4.5943,0.8521,4.5943,2.0350,1,0.440,1.590
1901,DATA_20260319_110000.BIN,0.8521,4.2038,0.6042,4.2038,2.2660,1,1.029,1.339
1902,DATA_20260319_110000.BIN,0.6042,4.5265,0.1649,4.5265,2.2440,1,0.805,0.938
1903,DATA_20260319_110000.BIN,0.1649,4.8811,0.8466,4.8811,2.9810,1,0.344,0.447
1904,DATA_20260319_110000.BIN,0.8466,9.6005,0.3263,9.6005,6.0830,1,0.288,3.347
1905,DATA_20260319_110000.BIN,0.3263,5.7001,3.5069,5.7001,5.6210,1,0.905,2.517
1906,DATA_20260319_110000.BIN,3.5069,7.3424,3.3390,7.3424,2.1560,1,4.539,5.319
1907,DATA_20260319_110000.BIN,3.3390,6.9381,2.3721,6.9381,1.9250,1,3.526,5.023
1908,DATA_20260319_110000.BIN,2.3721,7.5008,0.5501,7.5008,3.2010,1,2.061,3.539
1909,DATA_20260319_110000.BIN,0.5501,3.6624,0.6646,3.6624,1.5620,1,1.247,2.172
1910,DATA_20260319_110000.BIN,0.6646,4.8671,0.7228,4.8671,1.9140,1,0.350,1.809
1911,DATA_20260319_110000.BIN,0.9806,5.6269,0.2895,5.6269,1.9800,1,0.442,1.100
1912,DATA_20260319_110000.BIN,0.2895,4.6080,1.0453,4.6080,1.7930,1,0.537,0.739
1913,DATA_20260319_110000.BIN,1.0453,4.5122,0.7108,4.5122,1.8370,1,1.622,1.637
1914,DATA_20260319_110000.BIN,0.7108,3.7555,0.3748,3.7555,1.7710,1,0.921,1.387
1915,DATA_20260319_110000.BIN,0.3748,4.4760,0.5979,4.4760,1.7380,1,0.440,1.025
1916,DATA_20260319_110000.BIN,1.2737,6.6408,1.0121,6.6408,1.5620,1,1.214,1.471
1917,DATA_20260319_110000.BIN,1.0121,5.3377,0.7964,5.3377,1.5950,1,1.671,1.934
1918,DATA_20260319_110000.BIN,0.7964,5.4633,1.2294,5.4633,1.7490,1,1.292,1.385
1919,DATA_20260319_110000.BIN,1.2294,4.6949,0.2873,4.6949,1.6500,1,1.617,2.407
1920,DATA_20260319_110000.BIN,0.2615,5.3708,1.5350,5.3708,1.8480,1,0.423,1.358
1921,DATA_20260319_110000.BIN,1.5350,5.0740,0.6189,5.0740,1.6170,1,1.634,1.676
1922,DATA_20260319_110000.BIN,0.6189,5.7879,1.0095,5.7879,1.5510,1,0.894,0.909
1923,DATA_20260319_110000.BIN,0.6531,8.4833,3.6665,8.4833,3.4210,1,0.655,0.722
1924,DATA_20260319_110000.BIN,3.6665,6.8821,1.5398,6.8821,3.3440,1,4.480,4.671
1925,DATA_20260319_110000.BIN,1.5398,4.4152,1.4884,4.4152,1.8040,1,1.456,2.632
1926,DATA_20260319_110000.BIN,1.4884,7.4104,1.7436,7.4104,1.5840,1,1.337,1.878
1927,DATA_20260319_110000.BIN,0.6031,5.4877,1.1943,5.4877,3.1130,1,0.213,0.522
1928,DATA_20260319_110000.BIN,1.1943,3.8935,0.4469,3.8935,2.3210,1,1.037,1.059
1929,DATA_20260319_110000.BIN,0.5839,4.1387,0.4180,4.1387,1.9030,1,0.261,0.285
1930,DATA_20260319_110000.BIN,0.4180,4.1385,0.7216,4.1385,2.1670,1,0.621,0.743
1931,DATA_20260319_110000.BIN,0.0534,13.8324,3.4162,13.8324,6.8970,1,0.597,1.913
1932,DATA_20260319_110000.BIN,3.4162,13.6295,0.4929,13.6295,5.9620,1,4.327,4.360
1933,DATA_20260319_110000.BIN,0.4929,4.3245,1.1255,4.3245,1.7160,1,0.564,1.838
1934,DATA_20260319_110000.BIN,1.1255,4.3193,0.6718,4.3193,1.8150,1,1.632,1.721
1935,DATA_20260319_110000.BIN,0.6718,3.5621,0.2738,3.5621,1.8810,1,1.048,1.057
1936,DATA_20260319_110000.BIN,0.2738,4.2593,0.4681,4.2593,2.2000,1,0.107,0.815
1937,DATA_20260319_110000.BIN,0.4622,9.8401,2.0688,9.8401,6.0720,1,0.473,0.811
1938,DATA_20260319_110000.BIN,2.0688,5.9762,2.4676,5.9762,1.5950,1,2.245,2.974
1939,DATA_20260319_110000.BIN,2.4676,6.4519,0.6937,6.4519,2.5300,1,2.651,4.021
1940,DATA_20260319_110000.BIN,3.3777,6.1695,2.0651,6.1695,2.0460,1,3.527,3.608
1941,DATA_20260319_110000.BIN,1.1162,4.9913,0.7485,4.9913,1.8590,1,0.521,0.882
1942,DATA_20260319_110000.BIN,0.5405,6.2162,1.7023,6.2162,1.9580,1,0.441,0.442
1943,DATA_20260319_110000.BIN,1.7023,5.4982,2.1815,5.4982,1.8590,1,1.217,1.241
1944,DATA_20260319_110000.BIN,2.1815,5.5772,2.9369,5.5772,2.0790,1,1.716,1.724
1945,DATA_20260319_110000.BIN,2.9369,5.6127,1.1984,5.6127,2.1780,1,2.321,2.419
1946,DATA_20260319_110000.BIN,1.8804,5.8591,1.4670,5.8591,2.2220,1,0.851,1.467
1947,DATA_20260319_110000.BIN,2.0205,5.0179,2.2994,5.0179,1.8370,1,0.927,1.211
1948,DATA_20260319_110000.BIN,0.9463,4.0640,1.1339,4.0640,4.4110,1,0.838,2.070
1949,DATA_20260319_110000.BIN,1.1339,4.9097,1.8749,4.9097,2.1340,1,0.198,1.037
1950,DATA_20260319_110000.BIN,1.6588,4.9391,1.2444,4.9391,2.0460,1,0.560,0.679
1951,DATA_20260319_110000.BIN,1.2444,4.5078,0.5772,4.5078,4.0150,1,1.087,2.214
1952,DATA_20260319_110000.BIN,1.4693,4.1366,0.4921,4.1366,3.2670,1,1.380,1.433
1953,DATA_20260319_110000.BIN,0.4921,3.6940,0.8961,3.6940,6.6990,1,1.774,1.904
1954,DATA_20260319_110000.BIN,0.7251,4.5352,0.9245,4.5352,2.4750,1,0.710,1.693
1955,DATA_20260319_110000.BIN,0.3391,4.4170,1.0857,4.4170,2.5410,1,1.205,2.400
1956,DATA_20260319_110000.BIN,1.0857,4.2324,0.4961,4.2324,2.3210,1,1.004,2.391
1957,DATA_20260319_110000.BIN,0.4961,4.9751,0.1959,4.9751,2.1120,1,0.675,0.945
1958,DATA_20260319_110000.BIN,0.1959,3.9174,0.6153,3.9174,2.1890,1,0.792,0.796
1959,DATA_20260319_110000.BIN,0.6153,4.0639,1.7667,4.0639,1.6280,1,0.884,1.358
1960,DATA_20260319_110000.BIN,1.7667,5.4927,1.0512,5.4927,2.0680,1,0.962,3.132
1961,DATA_20260319_110000.BIN,3.3064,7.1031,1.7173,7.1031,1.4630,1,3.133,3.134
1962,DATA_20260319_110000.BIN,1.7173,5.6545,1.9774,5.6545,1.5070,1,1.071,1.104
1963,DATA_20260319_110000.BIN,1.9774,6.1533,1.6987,6.1533,1.6170,1,1.366,1.554
1964,DATA_20260319_110000.BIN,1.6987,6.0551,0.6166,6.0551,1.6830,1,2.076,2.145
1965,DATA_20260319_110000.BIN,0.6166,6.0297,0.2519,6.0297,1.7270,1,0.990,0.998
1966,DATA_20260319_110000.BIN,0.2519,6.8539,1.1174,6.8539,1.6940,1,0.819,0.831
1967,DATA_20260319_110000.BIN,1.1174,7.6850,1.1325,7.6850,1.8590,1,0.668,1.233
1968,DATA_20260319_110000.BIN,1.1325,4.9732,1.0142,4.9732,1.6280,1,0.653,2.274
1969,DATA_20260319_110000.BIN,1.0142,7.5476,3.0850,7.5476,1.6390,1,1.960,2.213
1970,DATA_20260319_110000.BIN,1.1353,4.5555,0.3787,4.5555,2.0460,1,0.390,1.508
1971,DATA_20260319_110000.BIN,0.3787,5.0504,0.4908,5.0504,3.9490,1,1.046,2.565
1972,DATA_20260319_110000.BIN,0.4908,4.5950,0.4106,4.5950,3.0470,1,0.203,5.071
1973,DATA_20260319_110000.BIN,0.4106,8.6971,4.3042,8.6971,3.0690,1,0.629,1.009
1974,DATA_20260319_110000.BIN,4.3042,7.8313,1.2975,7.8313,7.7990,1,3.972,4.854
1975,DATA_20260319_110000.BIN,1.2975,5.8903,2.5031,5.8903,3.5860,1,0.956,2.376
1976,DATA_20260319_110000.BIN,2.5031,5.9960,2.4421,5.9960,2.9590,1,1.818,1.819
1977,DATA_20260319_110000.BIN,2.4421,5.9457,2.2132,5.9457,2.3760,1,1.642,1.648
1978,DATA_20260319_110000.BIN,2.2132,6.4519,3.4748,6.4519,2.0900,1,1.400,1.416
1979,DATA_20260319_110000.BIN,3.2242,6.6265,3.3181,6.6265,2.2220,1,1.984,3.189
1980,DATA_20260319_110000.BIN,3.3181,7.6095,3.5249,7.6095,2.0130,1,2.363,2.539
1981,DATA_20260319_110000.BIN,3.5249,6.9055,2.6249,6.9055,2.3210,1,2.099,2.298
1982,DATA_20260319_110000.BIN,2.6249,6.9007,1.7005,6.9007,2.3760,1,1.870,2.109
1983,DATA_20260319_110000.BIN,2.5001,20.4905,2.5803,20.4905,3.7730,1,1.055,2.338
1984,DATA_20260319_110000.BIN,2.5803,5.9105,1.5998,5.9105,2.3430,1,3.244,3.461
1985,DATA_20260319_110000.BIN,0.8273,5.0661,1.4572,5.0661,2.7170,1,2.663,3.565
1986,DATA_20260319_110000.BIN,0.3403,4.2395,1.7332,4.2395,1.9250,1,1.484,2.465
1987,DATA_20260319_110000.BIN,1.7332,6.6933,0.3062,6.6933,3.0360,1,1.007,1.098
1988,DATA_20260319_110000.BIN,0.3062,7.0035,0.7377,7.0035,4.2790,1,1.498,1.500
1989,DATA_20260319_110000.BIN,1.4537,3.8504,0.1383,3.8504,2.1340,1,2.615,2.774
1990,DATA_20260319_110000.BIN,0.1383,6.5800,2.6885,6.5800,1.2650,1,1.424,1.424
1991,DATA_20260319_110000.BIN,3.6508,7.6777,4.4983,7.6777,3.0360,1,3.978,4.319
1992,DATA_20260319_110000.BIN,3.6683,7.7850,3.4256,7.7850,3.5090,1,3.250,3.434
1993,DATA_20260319_110000.BIN,4.3535,7.1746,0.6044,7.1746,7.5900,1,3.593,3.782
1994,DATA_20260319_110000.BIN,0.6044,7.5203,0.5364,7.5203,9.1960,1,1.628,2.773
1995,DATA_20260319_110000.BIN,0.5364,7.4479,0.4764,7.4479,5.8410,1,0.917,1.989
1996,DATA_20260319_110000.BIN,1.2749,5.0919,0.8746,5.0919,1.8150,1,0.556,1.036
1997,DATA_20260319_110000.BIN,6.6778,12.9742,8.2144,12.9742,1.4520,1,6.619,6.627
1998,DATA_20260319_110000.BIN,8.2144,11.7931,7.2944,11.7931,1.2980,1,7.789,7.793
1999,DATA_20260319_110000.BIN,7.2944,10.9766,7.3627,10.9766,1.2540,1,5.935,5.937
2000,DATA_20260319_110000.BIN,7.3627,11.1916,7.6202,11.1916,1.3640,1,5.606,5.636
2001,DATA_20260319_110000.BIN,4.3680,9.2696,5.9280,9.2696,4.1470,1,3.106,3.461
2002,DATA_20260319_110000.BIN,6.5904,10.4946,7.2177,10.4946,2.5520,1,4.014,4.255
2003,DATA_20260319_110000.BIN,7.2177,10.6769,7.5033,10.6769,1.4410,1,4.487,4.550
2004,DATA_20260319_110000.BIN,7.5033,11.4950,7.2802,11.4950,2.4640,1,4.483,4.503
2005,DATA_20260319_110000.BIN,8.9294,12.1780,8.3302,12.1780,1.3640,1,5.729,6.009
2006,DATA_20260319_110000.BIN,7.2038,10.7504,7.6741,10.7504,1.3310,1,3.323,3.428
2007,DATA_20260319_110000.BIN,7.0442,11.2245,7.0985,11.2245,1.2650,1,3.026,3.415
2008,DATA_20260319_110000.BIN,8.6515,11.6604,7.4149,11.6604,2.6620,1,4.505,4.508
2009,DATA_20260319_110000.BIN,4.2944,9.6138,4.3712,9.6138,3.7840,1,1.976,3.940
2010,DATA_20260319_110000.BIN,4.3712,9.8328,4.0242,9.8328,3.8830,1,2.018,2.181
2011,DATA_20260319_110000.BIN,4.0242,12.7689,3.8123,12.7689,4.3450,1,1.996,2.249
2012,DATA_20260319_110000.BIN,3.8123,7.3003,2.2622,7.3003,8.2500,1,5.428,5.486
2013,DATA_20260319_110000.BIN,2.2622,6.7185,1.3666,6.7185,4.3010,1,3.368,3.372
2014,DATA_20260319_110000.BIN,10.0466,14.7780,6.1535,14.7780,2.1450,1,5.847,7.109
2015,DATA_20260319_110000.BIN,3.8946,7.9808,2.2290,7.9808,4.4770,1,4.744,4.815
2016,DATA_20260319_110000.BIN,2.2290,5.2879,3.1283,5.2879,1.3750,1,3.073,3.131
2017,DATA_20260319_110000.BIN,3.1283,6.2735,3.2432,6.2735,2.8050,1,2.318,3.022
2018,DATA_20260319_110000.BIN,3.2432,6.5762,3.9940,6.5762,1.2320,1,1.448,3.120
2019,DATA_20260319_110000.BIN,3.9940,9.0849,4.8417,9.0849,2.9150,1,1.447,2.930
2020,DATA_20260319_110000.BIN,4.5467,10.2850,5.5506,10.2850,1.4190,1,1.812,3.247
2021,DATA_20260319_110000.BIN,2.3638,10.0910,2.6244,10.0910,7.3590,1,1.934,3.111
2022,DATA_20260319_110000.BIN,2.6244,7.5324,4.6183,7.5324,3.7400,1,1.325,3.746
2023,DATA_20260319_110000.BIN,4.6183,8.3390,4.2460,8.3390,1.4740,1,0.720,3.135
2024,DATA_20260319_110000.BIN,4.4930,8.3266,3.3885,8.3266,1.4300,1,0.368,2.829
2025,DATA_20260319_110000.BIN,3.3885,7.5245,4.7675,7.5245,1.3090,1,0.737,0.768
2026,DATA_20260319_110000.BIN,4.5684,8.9096,3.2381,8.9096,2.8490,1,1.058,2.674
2027,DATA_20260319_110000.BIN,3.2381,6.3144,3.1975,6.3144,1.4630,1,1.841,2.426
2028,DATA_20260319_110000.BIN,4.2049,6.8616,3.9596,6.8616,1.4960,1,1.254,2.062
2029,DATA_20260319_110000.BIN,3.9596,7.1710,3.6637,7.1710,1.5070,1,0.615,1.631
2030,DATA_20260319_110000.BIN,4.2980,6.8407,3.8285,6.8407,1.5840,1,0.307,1.267
2031,DATA_20260319_110000.BIN,3.8850,6.5360,4.0079,6.5360,1.7600,1,1.002,2.004
2032,DATA_20260319_110000.BIN,4.0079,7.4012,4.3629,7.4012,1.5840,1,0.047,1.123
2033,DATA_20260319_110000.BIN,4.3629,7.6252,3.9216,7.6252,1.3640,1,0.545,0.577
2034,DATA_20260319_110000.BIN,4.6793,8.1603,4.0777,8.1603,7.6120,1,1.509,2.225
2035,DATA_20260319_110000.BIN,4.0777,7.0640,4.2034,7.0640,1.4630,1,0.179,1.764
2036,DATA_20260319_110000.BIN,1.1936,15.3457,8.8822,15.3457,3.5640,1,3.014,4.394
2037,DATA_20260319_110000.BIN,8.8822,12.9590,5.5988,12.9590,1.6610,1,6.272,6.917
2038,DATA_20260319_110000.BIN,5.5988,9.6891,6.2518,9.6891,1.4410,1,1.653,2.384
2039,DATA_20260319_110000.BIN,6.2518,9.2859,7.1033,9.2859,1.3750,1,2.152,2.946
2040,DATA_20260319_110000.BIN,7.1033,12.3000,1.6821,12.3000,7.6670,1,2.761,3.633
2041,DATA_20260319_110000.BIN,1.6821,9.1304,2.4940,9.1304,4.7960,1,7.010,7.050
2042,DATA_20260319_110000.BIN,0.4490,4.7092,0.3638,4.7092,8.2610,1,5.064,7.320
2043,DATA_20260319_110000.BIN,0.3638,3.2364,0.9106,3.2364,4.3670,1,4.077,4.527
2044,DATA_20260319_110000.BIN,1.3630,4.7035,0.5992,4.7035,2.2660,1,3.268,3.461
2045,DATA_20260319_110000.BIN,0.5992,5.2919,2.6625,5.2919,3.7510,1,2.767,4.332
2046,DATA_20260319_110000.BIN,3.1822,7.9424,2.6836,7.9424,4.1580,1,0.214,3.209
2047,DATA_20260319_110000.BIN,2.6836,4.7730,1.1298,4.7730,2.9040,1,0.990,1.465
2048,DATA_20260319_110000.BIN,1.1298,10.1628,2.5985,10.1628,5.0820,1,1.592,5.079
2049,DATA_20260319_110000.BIN,2.6647,5.7241,1.9429,5.7241,3.1350,1,0.911,5.213
2050,DATA_20260319_110000.BIN,3.1373,7.7242,2.8627,7.7242,2.1560,1,1.516,3.669
2051,DATA_20260319_110000.BIN,2.1979,5.6781,2.9016,5.6781,4.0700,1,2.989,4.906
2052,DATA_20260319_110000.BIN,1.4782,7.5395,2.8828,7.5395,2.5740,1,3.191,3.250
2053,DATA_20260319_110000.BIN,2.8828,7.5105,2.4025,7.5105,1.4080,1,0.688,2.491
2054,DATA_20260319_110000.BIN,4.5958,8.4806,4.0480,8.4806,1.6720,1,2.622,4.378
2055,DATA_20260319_110000.BIN,4.0480,6.3795,2.5526,6.3795,1.5730,1,2.818,3.285
2056,DATA_20260319_110000.BIN,1.7224,5.4626,1.7850,5.4626,1.3860,1,2.155,3.272
2057,DATA_20260319_110000.BIN,1.7850,8.4265,3.6359,8.4265,1.7380,1,0.977,1.378
2058,DATA_20260319_110000.BIN,3.6359,7.5641,1.6982,7.5641,1.7160,1,1.286,2.142
2059,DATA_20260319_110000.BIN,1.3821,5.0175,0.5686,5.0175,3.8830,1,2.282,4.781
2060,DATA_20260319_110000.BIN,0.5686,5.1530,1.8256,5.1530,3.6630,1,3.177,4.046
2061,DATA_20260319_110000.BIN,1.8256,6.7881,1.6413,6.7881,3.1130,1,1.814,2.694
2062,DATA_20260319_110000.BIN,0.9512,4.6881,1.8014,4.6881,1.3420,1,3.225,3.587
2063,DATA_20260319_110000.BIN,1.6562,4.9564,0.9041,4.9564,3.6300,1,2.012,2.055
2064,DATA_20260319_110000.BIN,0.9041,6.7092,0.6242,6.7092,6.1930,1,1.437,1.572
2065,DATA_20260319_110000.BIN,0.6242,6.2079,1.0563,6.2079,3.8170,1,0.856,2.671
2066,DATA_20260319_110000.BIN,0.5767,5.3755,0.7050,5.3755,6.3690,1,1.467,4.048
2067,DATA_20260319_110000.BIN,0.7617,3.5206,0.1784,3.5206,5.1150,1,1.248,2.877
2068,DATA_20260319_110000.BIN,0.1784,4.4140,0.5494,4.4140,4.5210,1,1.185,4.771
2069,DATA_20260319_110000.BIN,0.3840,8.3116,0.7958,8.3116,6.2370,1,0.940,3.263
2070,DATA_20260319_110000.BIN,0.7958,11.9865,0.3926,11.9865,9.9330,1,1.135,5.279
2071,DATA_20260319_110000.BIN,0.3926,4.1775,0.9395,4.1775,4.3230,1,1.200,2.852
2072,DATA_20260319_110000.BIN,0.9395,6.5881,3.7547,6.5881,5.9840,1,0.982,2.438
2073,DATA_20260319_110000.BIN,3.7547,6.3097,2.4667,6.3097,3.1020,1,3.904,5.149
2074,DATA_20260319_110000.BIN,3.4757,8.6558,2.1294,8.6558,1.5070,1,3.064,3.703
2075,DATA_20260319_110000.BIN,2.6426,14.3143,0.4611,14.3143,4.9830,1,1.876,2.316
2076,DATA_20260319_110000.BIN,0.4611,11.2109,1.6430,11.2109,2.8600,1,0.880,6.483
2077,DATA_20260319_110000.BIN,1.6430,6.9070,0.4712,6.9070,5.2140,1,2.780,4.637
2078,DATA_20260319_110000.BIN,0.4712,6.8922,1.6940,6.8922,6.5560,1,0.834,1.358
2079,DATA_20260319_110000.BIN,1.6940,7.3674,2.7120,7.3674,3.0360,1,1.861,2.685
2080,DATA_20260319_110000.BIN,2.9222,6.2747,0.8482,6.2747,2.9260,1,2.161,2.720
2081,DATA_20260319_110000.BIN,0.8482,9.0503,2.6829,9.0503,0.9900,1,2.143,2.350
2082,DATA_20260319_110000.BIN,2.6829,8.7555,3.5431,8.7555,2.6840,1,1.734,3.341
2083,DATA_20260319_110000.BIN,3.5431,10.4670,3.9463,10.4670,5.4450,1,2.299,6.534
2084,DATA_20260319_110000.BIN,3.9463,7.3856,0.8859,7.3856,7.6120,1,3.033,3.047
2085,DATA_20260319_110000.BIN,2.2161,5.6854,0.3025,5.6854,2.1340,1,2.094,2.588
2086,DATA_20260319_110000.BIN,0.3025,6.5635,2.0686,6.5635,6.1160,1,1.398,2.979
2087,DATA_20260319_110000.BIN,2.0686,9.9874,5.9098,9.9874,1.2100,1,0.986,1.055
2088,DATA_20260319_110000.BIN,5.9098,9.2088,5.5172,9.2088,4.7740,1,4.662,6.681
2089,DATA_20260319_110000.BIN,5.5172,15.3490,3.8319,15.3490,4.0480,1,3.948,4.789
2090,DATA_20260319_110000.BIN,3.8319,8.3346,1.0488,8.3346,2.2550,1,2.328,5.211
2091,DATA_20260319_110000.BIN,3.1002,6.7404,2.6498,6.7404,1.2320,1,0.783,4.541
2092,DATA_20260319_110000.BIN,2.6498,6.3818,3.4876,6.3818,1.3310,1,0.913,3.549
2093,DATA_20260319_110000.BIN,3.4876,5.3492,2.7568,5.3492,1.3420,1,1.609,3.024
2094,DATA_20260319_110000.BIN,2.7568,5.7478,2.9575,5.7478,1.5620,1,0.714,2.946
2095,DATA_20260319_110000.BIN,2.9575,6.2720,1.8049,6.2720,2.6400,1,0.402,2.509
2096,DATA_20260319_110000.BIN,0.8109,4.4936,0.7792,4.4936,2.5190,1,2.662,2.693
2097,DATA_20260319_110000.BIN,0.7792,13.7836,4.2911,13.7836,3.7950,1,1.886,1.886
2098,DATA_20260319_110000.BIN,4.6659,8.9365,6.2023,8.9365,3.8720,1,3.084,3.116
2099,DATA_20260319_110000.BIN,2.2224,5.8343,3.3653,5.8343,3.4540,1,0.903,2.384
2100,DATA_20260319_110000.BIN,3.3653,11.5663,2.9036,11.5663,4.4110,1,1.480,3.000
2101,DATA_20260319_110000.BIN,2.9036,9.9055,0.3310,9.9055,5.1700,1,0.696,0.852
2102,DATA_20260319_110000.BIN,0.3310,6.7530,3.8931,6.7530,4.6200,1,2.774,3.141
2103,DATA_20260319_110000.BIN,3.8931,12.7019,1.9169,12.7019,6.7650,1,3.122,4.797
2104,DATA_20260319_110000.BIN,1.0677,6.1754,2.0883,6.1754,1.8370,1,2.319,2.756
2105,DATA_20260319_110000.BIN,2.0883,6.0818,1.3586,6.0818,1.2650,1,1.253,3.645
2106,DATA_20260319_110000.BIN,1.3586,5.0582,0.9870,5.0582,1.2760,1,1.137,2.049
2107,DATA_20260319_110000.BIN,0.9870,4.8023,1.8984,4.8023,1.3860,1,1.901,1.957
2108,DATA_20260319_110000.BIN,1.8984,5.4416,1.6183,5.4416,1.1440,1,0.929,1.032
2109,DATA_20260319_110000.BIN,1.6183,5.7706,1.8882,5.7706,1.2320,1,0.563,0.740
2110,DATA_20260319_110000.BIN,3.8197,10.0427,6.3285,10.0427,1.8260,1,2.464,2.641
2111,DATA_20260319_110000.BIN,6.3285,9.9649,6.0019,9.9649,6.3140,1,4.994,5.190
2112,DATA_20260319_110000.BIN,6.0019,9.2391,5.6230,9.2391,2.0350,1,4.083,4.373
2113,DATA_20260319_110000.BIN,5.6230,9.3406,3.2299,9.3406,2.0570,1,3.238,3.371
2114,DATA_20260319_110000.BIN,3.2299,8.0709,1.2084,8.0709,3.7840,1,0.363,1.116
2115,DATA_20260319_110000.BIN,1.2084,5.8143,2.0397,5.8143,2.2440,1,2.978,3.288
2116,DATA_20260319_110000.BIN,2.0397,6.4445,0.3679,6.4445,2.5190,1,2.658,2.725
2117,DATA_20260319_110000.BIN,0.3679,9.8852,1.1138,9.8852,4.5980,1,2.561,3.992
2118,DATA_20260319_110000.BIN,1.1138,7.4959,2.0834,7.4959,6.5010,1,1.999,5.068
2119,DATA_20260319_110000.BIN,2.0834,7.7540,1.2110,7.7540,2.4750,1,2.375,2.394
2120,DATA_20260319_110000.BIN,1.1029,11.2597,1.8087,11.2597,3.7730,1,2.772,3.257
2121,DATA_20260319_110000.BIN,1.8087,6.9149,1.0906,6.9149,7.2380,1,0.820,3.418
2122,DATA_20260319_110000.BIN,1.6304,10.4247,0.8933,10.4247,3.0140,1,2.581,8.205
2123,DATA_20260319_110000.BIN,0.8933,10.9027,2.9340,10.9027,5.8190,1,0.733,3.708
2124,DATA_20260319_110000.BIN,2.9340,7.6001,4.1230,7.6001,3.4100,1,4.867,5.852
2125,DATA_20260319_110000.BIN,4.1230,12.2793,0.5375,12.2793,4.1690,1,5.758,6.595
2126,DATA_20260319_110000.BIN,1.8079,6.4061,0.3679,6.4061,5.6760,1,2.086,5.059
2127,DATA_20260319_110000.BIN,0.3679,4.9411,0.1941,4.9411,4.8400,1,1.435,3.932
2128,DATA_20260319_110000.BIN,0.1102,4.9514,1.0583,4.9514,7.2050,1,0.344,1.864
2129,DATA_20260319_110000.BIN,1.0583,9.5821,2.5244,9.5821,6.6990,1,1.477,1.533
2130,DATA_20260319_110000.BIN,2.5244,6.3699,1.9105,6.3699,8.0080,1,2.471,2.980
2131,DATA_20260319_110000.BIN,1.9105,4.2660,1.4850,4.2660,2.3760,1,2.143,2.550
2132,DATA_20260319_110000.BIN,1.4850,4.0818,0.8222,4.0818,5.5550,1,0.810,2.947
2133,DATA_20260319_110000.BIN,1.3227,7.6999,3.7925,7.6999,2.8930,1,0.896,1.052
2134,DATA_20260319_110000.BIN,3.7925,9.0036,2.7685,9.0036,4.6970,1,3.452,3.511
2135,DATA_20260319_110000.BIN,2.7685,5.8965,1.5065,5.8965,4.5540,1,2.132,2.604
2136,DATA_20260319_110000.BIN,7.1785,16.7567,0.9561,16.7567,5.9290,1,9.175,9.715
2137,DATA_20260319_110000.BIN,0.9561,8.2713,5.8412,8.2713,6.1600,1,2.167,3.145
2138,DATA_20260319_110000.BIN,3.0806,6.8357,3.1282,6.8357,2.5960,1,2.805,3.809
2139,DATA_20260319_110000.BIN,0.9816,6.1228,0.1307,6.1228,7.2490,1,1.295,1.412
2140,DATA_20260319_110000.BIN,0.1307,4.6731,1.7416,4.6731,7.1940,1,0.559,7.212
2141,DATA_20260319_110000.BIN,1.0227,5.2109,1.1676,5.2109,4.6750,1,1.304,1.493
2142,DATA_20260319_110000.BIN,1.1676,6.3399,3.6576,6.3399,1.7160,1,1.624,2.267
2143,DATA_20260319_110000.BIN,3.6576,6.2069,2.3143,6.2069,2.4970,1,3.520,3.592
2144,DATA_20260319_110000.BIN,2.3143,5.0472,2.2324,5.0472,1.1660,1,1.932,2.165
2145,DATA_20260319_110000.BIN,2.2324,5.5703,2.2417,5.5703,1.7270,1,2.223,2.277
2146,DATA_20260319_110000.BIN,2.8529,5.9888,1.6478,5.9888,1.1550,1,2.166,2.347
2147,DATA_20260319_110000.BIN,1.6478,6.3233,2.0718,6.3233,2.4750,1,0.500,1.903
2148,DATA_20260319_110000.BIN,0.8306,10.6616,7.5778,10.6616,5.4670,1,0.531,1.355
2149,DATA_20260319_110000.BIN,7.5778,12.3008,5.9572,12.3008,3.3660,1,7.569,7.635
2150,DATA_20260319_110000.BIN,5.9572,20.7263,12.5083,20.7263,6.4130,1,5.197,6.521
2151,DATA_20260319_110000.BIN,12.5083,18.0379,6.7001,18.0379,5.2580,1,11.876,11.983
2152,DATA_20260319_110000.BIN,6.7001,15.3809,6.5375,15.3809,4.4440,1,5.224,5.225
2153,DATA_20260319_110000.BIN,0.5455,9.2449,0.8986,9.2449,2.9920,1,3.271,3.599
2154,DATA_20260319_110000.BIN,0.8986,4.6865,1.8330,4.6865,2.2990,1,3.829,3.945
2155,DATA_20260319_110000.BIN,2.1598,5.9816,1.7865,5.9816,2.8820,1,1.351,1.480
2156,DATA_20260319_110000.BIN,3.0013,6.9340,4.1510,6.9340,2.0570,1,2.351,3.042
2157,DATA_20260319_110000.BIN,4.1510,20.1232,0.3814,20.1232,7.1940,1,2.498,5.958
2158,DATA_20260319_110000.BIN,8.8743,13.8851,9.3495,13.8851,1.1110,1,8.230,8.412
2159,DATA_20260319_110000.BIN,7.8394,12.3678,8.2094,12.3678,1.0230,1,5.727,5.730
2160,DATA_20260319_110000.BIN,8.2094,14.1535,8.6730,14.1535,1.1220,1,5.382,5.628
2161,DATA_20260319_110000.BIN,8.6730,13.8473,9.6789,13.8473,1.0340,1,5.653,5.680
2162,DATA_20260319_110000.BIN,9.6789,14.1040,8.2161,14.1040,1.0560,1,6.140,6.300
2163,DATA_20260319_110000.BIN,8.2161,14.2135,9.6356,14.2135,1.1220,1,4.138,4.487
2164,DATA_20260319_110000.BIN,9.6356,13.9102,9.3170,13.9102,1.0340,1,5.109,5.182
2165,DATA_20260319_110000.BIN,9.3170,17.1643,7.0402,17.1643,3.8060,1,4.490,4.511
2166,DATA_20260319_110000.BIN,7.0402,11.5005,7.3757,11.5005,1.1110,1,3.283,3.661
2167,DATA_20260319_110000.BIN,9.7687,13.6669,9.4638,13.6669,1.1880,1,4.922,5.188
2168,DATA_20260319_110000.BIN,9.3033,13.6295,8.5030,13.6295,2.0240,1,3.678,3.934
2169,DATA_20260319_120000.BIN,10.9953,15.4987,12.5241,15.4987,2.7500,1,7.484,8.902
2170,DATA_20260319_120000.BIN,5.1426,9.1563,1.3061,9.1563,3.4650,1,13.581,13.661
2171,DATA_20260319_120000.BIN,5.4445,10.1511,6.5224,10.1511,2.0130,1,11.945,12.924
2172,DATA_20260319_120000.BIN,6.5224,13.8033,5.8486,13.8033,3.2780,1,9.868,10.084
2173,DATA_20260319_120000.BIN,5.8486,13.1423,7.7611,13.1423,3.6080,1,14.276,14.533
2174,DATA_20260319_120000.BIN,7.7611,16.0905,6.6348,16.0905,3.2890,1,10.670,10.950
2175,DATA_20260319_120000.BIN,6.6348,8.8725,2.7432,8.8725,3.2340,1,8.535,9.396
2176,DATA_20260319_120000.BIN,4.4152,11.0624,3.1629,11.0624,2.9920,1,8.206,8.239
2177,DATA_20260319_120000.BIN,3.1629,5.9898,3.6920,5.9898,2.0130,1,8.924,8.940
2178,DATA_20260319_120000.BIN,3.6920,10.5616,1.9161,10.5616,7.0950,1,7.164,8.353
2179,DATA_20260319_120000.BIN,1.9161,11.8779,9.1690,11.8779,5.8630,1,9.121,9.275
2180,DATA_20260319_120000.BIN,5.0539,10.9899,1.2569,10.9899,2.7280,1,4.625,7.957
2181,DATA_20260319_120000.BIN,1.2569,11.6133,6.6381,11.6133,2.8380,1,8.249,10.437
2182,DATA_20260319_120000.BIN,1.7827,7.0000,1.4876,7.0000,3.5530,1,8.644,8.733
2183,DATA_20260319_120000.BIN,7.4076,11.7155,4.3030,11.7155,3.4540,1,10.516,10.919
2184,DATA_20260319_120000.BIN,4.3030,10.1954,5.9172,10.1954,3.6740,1,3.540,4.702
2185,DATA_20260319_120000.BIN,5.9172,13.8287,0.8206,13.8287,2.7280,1,0.546,4.999
2186,DATA_20260319_120000.BIN,0.8206,13.2264,2.9862,13.2264,3.9160,1,5.896,6.805
2187,DATA_20260319_120000.BIN,2.9862,16.6986,5.3155,16.6986,5.2030,1,2.822,3.260
2188,DATA_20260319_120000.BIN,5.3155,8.9425,4.5658,8.9425,2.2990,1,0.547,0.820
2189,DATA_20260319_120000.BIN,4.5658,13.4212,5.1640,13.4212,2.2330,1,2.826,5.879
2190,DATA_20260319_120000.BIN,5.1640,15.1918,9.3978,15.1918,3.0030,1,1.209,1.592
2191,DATA_20260319_120000.BIN,9.3978,12.2341,8.9909,12.2341,2.3980,1,7.357,7.364
2192,DATA_20260319_120000.BIN,4.6283,14.8062,4.2458,14.8062,6.8310,1,5.653,5.793
2193,DATA_20260319_120000.BIN,4.2458,12.1042,7.2740,12.1042,3.3990,1,4.327,5.010
2194,DATA_20260319_120000.BIN,7.2740,16.7478,7.6605,16.7478,3.1680,1,2.900,2.927
2195,DATA_20260319_120000.BIN,7.6605,15.6954,0.9597,15.6954,7.0510,1,2.825,9.477
2196,DATA_20260319_120000.BIN,0.9597,8.0951,1.6947,8.0951,6.3580,1,5.437,6.137
2197,DATA_20260319_120000.BIN,1.6947,4.4989,1.0513,4.4989,5.2910,1,5.313,5.340
2198,DATA_20260319_120000.BIN,1.0513,5.5270,1.5992,5.5270,8.2390,1,5.054,5.527
2199,DATA_20260319_120000.BIN,1.5992,5.7566,3.1986,5.7566,3.8500,1,2.840,3.270
2200,DATA_20260319_120000.BIN,3.1986,20.0690,11.2479,20.0690,5.3130,1,5.345,6.345
2201,DATA_20260319_120000.BIN,11.2479,18.3591,12.5607,18.3591,5.5990,1,15.194,15.195
2202,DATA_20260319_120000.BIN,12.5607,17.1386,11.3678,17.1386,4.5430,1,16.416,16.420
2203,DATA_20260319_120000.BIN,8.7952,13.2374,7.8112,13.2374,5.9290,1,9.684,9.710
2204,DATA_20260319_120000.BIN,7.8112,12.0024,9.8478,12.0024,3.2450,1,7.635,8.086
2205,DATA_20260319_120000.BIN,9.8478,12.4946,9.1516,12.4946,5.3240,1,8.394,8.412
2206,DATA_20260319_120000.BIN,9.1516,11.3620,7.7753,11.3620,3.9380,1,6.936,7.370
2207,DATA_20260319_120000.BIN,7.7192,12.9551,5.9796,12.9551,1.9910,1,5.219,5.502
2208,DATA_20260319_120000.BIN,5.9796,10.5721,2.5875,10.5721,2.7280,1,1.996,2.300
2209,DATA_20260319_120000.BIN,3.5914,6.4812,3.7448,6.4812,2.6840,1,3.617,4.804
2210,DATA_20260319_120000.BIN,3.7448,6.1137,3.6567,6.1137,5.4120,1,3.286,5.388
2211,DATA_20260319_120000.BIN,3.6567,15.5209,4.9288,15.5209,1.9690,1,1.294,1.545
2212,DATA_20260319_120000.BIN,4.9288,11.7503,2.6121,11.7503,3.2120,1,7.456,8.111
2213,DATA_20260319_120000.BIN,2.6121,6.0508,3.9577,6.0508,3.7290,1,1.333,4.268
2214,DATA_20260319_120000.BIN,3.5553,8.7928,5.3562,8.7928,4.3230,1,4.822,6.151
2215,DATA_20260319_120000.BIN,4.4728,8.3036,2.9144,8.3036,5.3350,1,2.723,7.403
2216,DATA_20260319_120000.BIN,0.7072,6.8705,1.8750,6.8705,3.3330,1,4.900,4.913
2217,DATA_20260319_120000.BIN,1.8750,6.9662,1.4050,6.9662,6.7430,1,6.998,7.993
2218,DATA_20260319_120000.BIN,1.4050,9.3634,1.2260,9.3634,3.4320,1,4.416,5.204
2219,DATA_20260319_120000.BIN,1.2940,4.2484,1.5515,4.2484,7.4910,1,4.055,4.460
2220,DATA_20260319_120000.BIN,1.5515,7.1768,0.1692,7.1768,8.8550,1,4.656,4.747
2221,DATA_20260319_120000.BIN,0.1692,7.1745,4.4880,7.1745,2.0130,1,3.829,5.343
2222,DATA_20260319_120000.BIN,4.4880,7.4614,4.2838,7.4614,5.1700,1,8.706,9.083
2223,DATA_20260319_120000.BIN,4.2838,7.4431,0.5597,7.4431,4.2900,1,6.593,6.598
2224,DATA_20260319_120000.BIN,0.5597,10.8905,5.5728,10.8905,4.0260,1,0.422,0.998
2225,DATA_20260319_120000.BIN,4.1877,7.7751,2.8346,7.7751,4.5430,1,5.303,5.666
2226,DATA_20260319_120000.BIN,2.8346,7.2309,3.2418,7.2309,3.0580,1,3.154,4.417
2227,DATA_20260319_120000.BIN,7.3310,9.7834,6.4420,9.7834,2.1230,1,9.084,9.582
2228,DATA_20260319_120000.BIN,6.4420,12.0389,5.7773,12.0389,2.9260,1,6.478,6.633
2229,DATA_20260319_120000.BIN,5.7773,8.1648,4.4796,8.1648,5.6540,1,7.887,7.909
2230,DATA_20260319_120000.BIN,4.4796,8.0641,3.0082,8.0641,4.1910,1,5.044,5.905
2231,DATA_20260319_120000.BIN,6.3169,8.6184,6.2363,8.6184,2.9260,1,6.138,6.359
2232,DATA_20260319_120000.BIN,2.4876,10.1212,3.3250,10.1212,1.7160,1,5.365,9.313
2233,DATA_20260319_120000.BIN,3.3250,13.2921,4.6729,13.2921,2.2110,1,5.046,5.788
2234,DATA_20260319_120000.BIN,4.2246,9.6595,4.3994,9.6595,3.6520,1,4.830,6.076
2235,DATA_20260319_120000.BIN,4.3994,11.6896,1.0830,11.6896,5.6870,1,3.572,4.277
2236,DATA_20260319_120000.BIN,1.0830,6.8937,2.7529,6.8937,3.1460,1,1.568,6.008
2237,DATA_20260319_120000.BIN,1.3289,7.9861,2.7231,7.9861,2.7500,1,4.021,10.051
2238,DATA_20260319_120000.BIN,2.7231,8.7333,2.4420,8.7333,3.8830,1,4.953,4.966
2239,DATA_20260319_120000.BIN,2.4420,6.5654,2.1026,6.5654,4.6530,1,1.669,1.749
2240,DATA_20260319_120000.BIN,2.1026,6.7074,1.6662,6.7074,1.8590,1,2.128,2.612
2241,DATA_20260319_120000.BIN,1.6662,4.8705,1.3673,4.8705,1.9140,1,1.584,1.865
2242,DATA_20260319_120000.BIN,1.3673,7.4662,1.1249,7.4662,2.2880,1,2.758,2.823
2243,DATA_20260319_120000.BIN,1.0041,4.5941,0.4691,4.5941,1.9250,1,0.672,5.625
2244,DATA_20260319_120000.BIN,0.4691,12.8910,2.8173,12.8910,8.7010,1,1.180,2.302
2245,DATA_20260319_120000.BIN,2.8173,8.6966,4.4996,8.6966,2.2770,1,4.631,4.631
2246,DATA_20260319_120000.BIN,4.4996,7.0242,2.0944,7.0242,1.8150,1,4.100,4.586
2247,DATA_20260319_120000.BIN,1.8470,5.2325,1.5556,5.2325,1.4080,1,0.935,1.981
2248,DATA_20260319_120000.BIN,1.5556,5.4931,1.1843,5.4931,1.3750,1,1.977,2.015
2249,DATA_20260319_120000.BIN,1.1843,11.7400,2.3820,11.7400,3.6520,1,1.890,2.920
2250,DATA_20260319_120000.BIN,2.3820,7.1175,2.2867,7.1175,1.0230,1,2.298,2.661
2251,DATA_20260319_120000.BIN,2.2867,6.3999,2.6237,6.3999,1.1440,1,1.373,1.745
2252,DATA_20260319_120000.BIN,2.6237,7.4165,1.4923,7.4165,1.8920,1,1.937,1.937
2253,DATA_20260319_120000.BIN,1.4923,3.8260,0.3400,3.8260,2.3100,1,2.768,2.769
2254,DATA_20260319_120000.BIN,2.7377,7.5775,0.0512,7.5775,5.9070,1,4.146,4.614
2255,DATA_20260319_120000.BIN,1.0311,7.3943,3.3111,7.3943,3.6080,1,2.013,3.283
2256,DATA_20260319_120000.BIN,3.3111,6.7930,1.0969,6.7930,1.1220,1,2.235,3.786
2257,DATA_20260319_120000.BIN,1.0969,6.3920,0.4202,6.3920,1.2100,1,0.237,0.928
2258,DATA_20260319_120000.BIN,0.4202,5.4509,1.1070,5.4509,1.1000,1,1.708,1.724
2259,DATA_20260319_120000.BIN,1.1070,6.2803,0.2582,6.2803,1.1440,1,0.740,1.653
2260,DATA_20260319_120000.BIN,0.2582,8.0607,4.5088,8.0607,1.6170,1,0.751,2.197
2261,DATA_20260319_120000.BIN,4.5088,12.5602,5.9395,12.5602,1.4080,1,4.515,4.526
2262,DATA_20260319_120000.BIN,7.4679,12.4250,3.6445,12.4250,1.3530,1,6.326,7.939
2263,DATA_20260319_120000.BIN,3.6445,11.0474,2.8018,11.0474,2.4750,1,3.100,3.799
2264,DATA_20260319_120000.BIN,2.8018,8.5051,1.5345,8.5051,1.2760,1,1.266,1.325
2265,DATA_20260319_120000.BIN,1.5345,7.4253,2.1760,7.4253,1.2100,1,0.399,1.916
2266,DATA_20260319_120000.BIN,2.1760,6.4934,1.2050,6.4934,1.2210,1,1.469,1.469
2267,DATA_20260319_120000.BIN,1.2050,7.3739,3.6454,7.3739,2.9590,1,0.589,1.147
2268,DATA_20260319_120000.BIN,9.2883,12.4840,1.5109,12.4840,2.0460,1,8.608,8.681
2269,DATA_20260319_120000.BIN,1.5109,6.3561,2.2426,6.3561,2.2220,1,4.383,4.522
2270,DATA_20260319_120000.BIN,2.2426,6.6121,3.5071,6.6121,3.2340,1,2.554,4.555
2271,DATA_20260319_120000.BIN,3.5071,12.4237,6.3165,12.4237,4.7300,1,5.146,7.764
2272,DATA_20260319_120000.BIN,7.3822,14.5697,4.0171,14.5697,5.4450,1,6.429,6.551
2273,DATA_20260319_120000.BIN,4.0171,11.9658,2.2912,11.9658,7.6010,1,2.686,2.887
2274,DATA_20260319_120000.BIN,2.2912,5.7879,1.5871,5.7879,1.6940,1,3.054,4.005
2275,DATA_20260319_120000.BIN,1.5871,14.6022,8.2891,14.6022,2.8930,1,1.095,1.871
2276,DATA_20260319_120000.BIN,8.2891,13.6017,8.2026,13.6017,3.8720,1,6.300,7.004
2277,DATA_20260319_120000.BIN,8.2026,11.1090,8.9802,11.1090,1.7050,1,5.646,6.146
2278,DATA_20260319_120000.BIN,8.9802,11.5505,7.4715,11.5505,2.6400,1,5.589,6.549
2279,DATA_20260319_120000.BIN,7.2565,10.5802,2.7341,10.5802,2.7720,1,3.546,4.371
2280,DATA_20260319_120000.BIN,2.7341,8.8680,1.8460,8.8680,1.1660,1,2.657,2.882
2281,DATA_20260319_120000.BIN,0.4714,6.9692,2.1475,6.9692,1.3310,1,4.962,5.382
2282,DATA_20260319_120000.BIN,2.1475,6.7787,2.0394,6.7787,1.1990,1,4.115,4.128
2283,DATA_20260319_120000.BIN,2.0394,17.8644,4.3941,17.8644,4.2020,1,4.514,4.928
2284,DATA_20260319_120000.BIN,1.0307,12.6923,5.9812,12.6923,3.0030,1,4.537,4.733
2285,DATA_20260319_120000.BIN,3.5811,8.6320,0.5451,8.6320,2.2110,1,0.765,2.774
2286,DATA_20260319_120000.BIN,0.5451,5.0233,0.4610,5.0233,2.4090,1,3.314,3.440
2287,DATA_20260319_120000.BIN,0.4610,8.4561,2.3176,8.4561,1.5510,1,3.102,3.126
2288,DATA_20260319_120000.BIN,2.3176,6.0892,1.4314,6.0892,1.0890,1,0.304,1.487
2289,DATA_20260319_120000.BIN,1.4314,5.9369,2.1704,5.9369,1.0670,1,1.414,1.638
2290,DATA_20260319_120000.BIN,2.1704,6.0547,3.2445,6.0547,1.3200,1,0.952,0.958
2291,DATA_20260319_120000.BIN,3.2445,6.4514,2.1625,6.4514,1.5400,1,2.216,2.355
2292,DATA_20260319_120000.BIN,2.1625,18.1840,4.6034,18.1840,5.3350,1,1.145,2.395
2293,DATA_20260319_120000.BIN,1.9896,6.4566,0.7456,6.4566,3.4870,1,3.392,6.459
2294,DATA_20260319_120000.BIN,0.7456,6.2786,1.4407,6.2786,4.1690,1,0.574,4.988
2295,DATA_20260319_120000.BIN,1.4407,9.1946,3.2304,9.1946,4.5100,1,3.365,3.390
2296,DATA_20260319_120000.BIN,2.4442,8.1459,1.3715,8.1459,1.5510,1,2.783,3.622
2297,DATA_20260319_120000.BIN,1.3715,5.0339,0.9104,5.0339,1.9470,1,2.270,2.505
2298,DATA_20260319_120000.BIN,0.9104,10.9143,5.6237,10.9143,4.4990,1,2.052,5.568
2299,DATA_20260319_120000.BIN,5.6237,9.1876,5.9346,9.1876,2.9590,1,5.304,5.364
2300,DATA_20260319_120000.BIN,5.9346,8.3547,3.3326,8.3547,5.6540,1,8.347,10.017
2301,DATA_20260319_120000.BIN,3.3326,12.2596,9.1214,12.2596,5.6980,1,4.211,6.312
2302,DATA_20260319_120000.BIN,9.1214,15.9117,0.9918,15.9117,5.9620,1,9.743,13.557
2303,DATA_20260319_120000.BIN,0.9918,17.0596,9.5130,17.0596,5.8960,1,2.587,5.078
2304,DATA_20260319_120000.BIN,9.5130,16.1079,12.0475,16.1079,3.7730,1,11.186,11.207
2305,DATA_20260319_120000.BIN,12.0475,13.9876,5.3185,13.9876,3.1680,1,15.916,17.300
2306,DATA_20260319_120000.BIN,5.3185,10.5411,5.9619,10.5411,3.5750,1,4.418,4.800
2307,DATA_20260319_120000.BIN,7.5006,12.5781,7.0851,12.5781,5.0820,1,7.780,9.143
2308,DATA_20260319_120000.BIN,6.7290,10.9243,5.9627,10.9243,4.7080,1,5.911,7.123
2309,DATA_20260319_120000.BIN,7.5630,10.4323,8.0453,10.4323,2.0240,1,5.117,5.118
2310,DATA_20260319_120000.BIN,7.1152,9.3407,6.1567,9.3407,3.0470,1,4.822,5.241
2311,DATA_20260319_120000.BIN,6.1567,9.7177,1.4767,9.7177,6.5890,1,2.966,3.333
2312,DATA_20260319_120000.BIN,0.4586,3.1550,0.5841,3.1550,1.2760,1,6.494,7.037
2313,DATA_20260319_120000.BIN,2.1333,8.0764,0.8555,8.0764,3.4320,1,3.181,3.967
2314,DATA_20260319_120000.BIN,0.8555,6.9986,4.9757,6.9986,5.6760,1,7.544,9.095
2315,DATA_20260319_120000.BIN,4.9757,10.9383,2.3537,10.9383,5.5880,1,8.540,9.782
2316,DATA_20260319_120000.BIN,2.3537,4.9870,1.4882,4.9870,2.3430,1,5.703,6.186
2317,DATA_20260319_120000.BIN,1.4882,14.2484,5.3701,14.2484,7.0510,1,2.951,3.229
2318,DATA_20260319_120000.BIN,5.3701,10.0705,6.1777,10.0705,7.1060,1,4.787,4.822
2319,DATA_20260319_120000.BIN,6.1777,10.5573,7.0266,10.5573,2.9370,1,6.098,7.577
2320,DATA_20260319_120000.BIN,7.0266,10.2019,3.7670,10.2019,7.0070,1,6.146,6.828
2321,DATA_20260319_120000.BIN,3.7670,13.8742,8.8692,13.8742,7.6560,1,3.988,4.582
2322,DATA_20260319_120000.BIN,8.8692,12.1715,8.4583,12.1715,2.6290,1,8.029,8.436
2323,DATA_20260319_120000.BIN,8.4583,14.2058,7.6842,14.2058,3.6190,1,6.202,6.309
2324,DATA_20260319_120000.BIN,7.6842,11.6141,3.4299,11.6141,3.6740,1,4.606,4.606
2325,DATA_20260319_120000.BIN,3.4299,10.7002,6.7013,10.7002,9.4270,1,1.874,2.080
2326,DATA_20260319_120000.BIN,6.7013,9.4850,7.0605,9.4850,5.0930,1,4.811,5.765
2327,DATA_20260319_120000.BIN,7.0605,9.9634,7.2452,9.9634,4.3780,1,4.139,4.251
2328,DATA_20260319_120000.BIN,7.2452,13.4703,6.6436,13.4703,5.8740,1,3.617,3.999
2329,DATA_20260319_120000.BIN,6.6436,9.2395,4.5171,9.2395,7.1830,1,4.321,4.354
2330,DATA_20260319_120000.BIN,4.5171,7.9458,5.3674,7.9458,6.4790,1,0.694,4.430
2331,DATA_20260319_120000.BIN,4.5624,9.3954,2.9809,9.3954,7.3150,1,3.283,3.466
2332,DATA_20260319_120000.BIN,2.9809,8.5896,1.3616,8.5896,2.9480,1,5.460,5.809
2333,DATA_20260319_120000.BIN,1.3616,4.9762,0.9242,4.9762,4.6640,1,3.641,4.337
2334,DATA_20260319_120000.BIN,0.9242,11.9819,0.7137,11.9819,6.8200,1,7.745,9.801
2335,DATA_20260319_120000.BIN,0.7137,4.9385,1.7771,4.9385,1.8810,1,6.697,10.063
2336,DATA_20260319_120000.BIN,1.7771,5.5691,2.4461,5.5691,1.4190,1,5.023,7.230
2337,DATA_20260319_120000.BIN,2.4461,6.2686,3.5984,6.2686,3.4100,1,4.127,6.861
2338,DATA_20260319_120000.BIN,6.0289,8.5063,3.5691,8.5063,2.0130,1,4.615,4.663
2339,DATA_20260319_120000.BIN,3.5691,7.1316,3.5415,7.1316,3.3770,1,1.268,2.642
2340,DATA_20260319_120000.BIN,5.6567,8.7530,4.2552,8.7530,4.3230,1,4.788,7.248
2341,DATA_20260319_120000.BIN,4.2552,6.5444,4.2276,6.5444,5.1700,1,3.928,8.353
2342,DATA_20260319_120000.BIN,4.2276,10.1880,3.7225,10.1880,7.0180,1,2.711,5.994
2343,DATA_20260319_120000.BIN,3.7225,8.5093,4.4693,8.5093,8.1070,1,1.400,3.723
2344,DATA_20260319_120000.BIN,5.3144,9.4724,6.5328,9.4724,3.8390,1,3.751,4.184
2345,DATA_20260319_120000.BIN,6.5328,12.5326,4.1622,12.5326,4.0150,1,6.193,6.603
2346,DATA_20260319_120000.BIN,4.0000,6.4122,0.9879,6.4122,4.3670,1,3.692,3.761
2347,DATA_20260319_120000.BIN,0.9879,5.8435,2.6272,5.8435,1.9800,1,3.761,5.066
2348,DATA_20260319_120000.BIN,2.6272,7.3720,3.0206,7.3720,4.6420,1,0.830,1.473
2349,DATA_20260319_120000.BIN,3.0206,7.7319,1.6447,7.7319,6.8310,1,1.263,2.077
2350,DATA_20260319_120000.BIN,1.6447,6.0423,2.7574,6.0423,1.8920,1,1.836,3.098
2351,DATA_20260319_120000.BIN,2.2385,4.9255,1.7926,4.9255,2.7720,1,1.053,4.125
2352,DATA_20260319_120000.BIN,1.7926,7.1279,2.2089,7.1279,3.5640,1,1.220,3.575
2353,DATA_20260319_120000.BIN,2.2089,7.9721,3.4362,7.9721,8.0630,1,1.189,5.482
2354,DATA_20260319_120000.BIN,3.4362,7.2749,2.2854,7.2749,1.6610,1,1.580,1.637
2355,DATA_20260319_120000.BIN,2.2854,8.0840,3.9315,8.0840,4.5430,1,2.360,3.115
2356,DATA_20260319_120000.BIN,3.9315,6.0486,2.2620,6.0486,4.3010,1,1.197,2.175
2357,DATA_20260319_120000.BIN,2.2620,5.0026,1.4189,5.0026,1.3420,1,1.825,3.815
2358,DATA_20260319_120000.BIN,1.4189,7.4430,1.9312,7.4430,1.9470,1,2.769,4.355
2359,DATA_20260319_120000.BIN,0.8620,4.2444,1.1736,4.2444,2.1890,1,4.584,8.133
2360,DATA_20260319_120000.BIN,1.2277,4.1458,0.5982,4.1458,1.2760,1,5.204,6.915
2361,DATA_20260319_120000.BIN,0.5790,3.3607,0.5095,3.3607,2.2990,1,4.091,6.931
2362,DATA_20260319_120000.BIN,0.5095,12.2376,4.9906,12.2376,8.7010,1,2.554,3.369
2363,DATA_20260319_120000.BIN,4.9906,9.2003,1.9406,9.2003,1.6500,1,5.374,7.260
2364,DATA_20260319_120000.BIN,1.9406,4.7723,0.6390,4.7723,2.0020,1,3.620,6.198
2365,DATA_20260319_120000.BIN,0.6390,6.4900,0.5341,6.4900,2.8380,1,2.126,6.643
2366,DATA_20260319_120000.BIN,0.5341,5.6292,0.9101,5.6292,1.4740,1,1.627,5.230
2367,DATA_20260319_120000.BIN,0.9101,4.6447,0.2601,4.6447,2.4310,1,1.432,4.255
2368,DATA_20260319_120000.BIN,0.2601,8.3802,0.1905,8.3802,4.0150,1,1.149,3.010
2369,DATA_20260319_120000.BIN,0.1905,10.0865,1.8016,10.0865,5.6320,1,0.921,3.906
2370,DATA_20260319_120000.BIN,1.0532,5.0068,2.4956,5.0068,2.9040,1,1.102,4.225
2371,DATA_20260319_120000.BIN,2.4772,7.3369,2.1159,7.3369,6.0170,1,2.717,3.113
2372,DATA_20260319_120000.BIN,2.1159,6.6950,1.9404,6.6950,1.3640,1,1.720,1.884
2373,DATA_20260319_120000.BIN,1.9404,6.8705,2.5611,6.8705,3.8170,1,1.130,1.173
2374,DATA_20260319_120000.BIN,2.5611,9.1381,0.7287,9.1381,5.3460,1,1.153,2.158
2375,DATA_20260319_120000.BIN,0.7287,4.1878,0.8087,4.1878,3.5750,1,3.515,7.938
2376,DATA_20260319_120000.BIN,0.8087,5.2157,0.4940,5.2157,4.0370,1,3.572,8.852
2377,DATA_20260319_120000.BIN,1.6433,12.2118,1.6764,12.2118,4.3450,1,2.864,8.099
2378,DATA_20260319_120000.BIN,1.6764,6.4823,2.6717,6.4823,3.3990,1,1.698,2.055
2379,DATA_20260319_120000.BIN,2.6717,6.2936,0.2684,6.2936,2.0130,1,2.786,3.226
2380,DATA_20260319_120000.BIN,0.2684,12.4954,1.6554,12.4954,6.3030,1,1.531,1.722
2381,DATA_20260319_120000.BIN,1.6554,4.3735,0.3517,4.3735,2.9370,1,2.926,2.990
2382,DATA_20260319_120000.BIN,0.3517,9.3428,0.6526,9.3428,4.0150,1,2.129,2.676
2383,DATA_20260319_120000.BIN,0.6526,7.3543,1.5109,7.3543,1.8920,1,0.837,3.434
2384,DATA_20260319_120000.BIN,1.5109,12.8588,2.4737,12.8588,6.8200,1,3.810,5.170
2385,DATA_20260319_120000.BIN,2.4737,6.0001,3.0360,6.0001,3.8610,1,4.481,6.145
2386,DATA_20260319_120000.BIN,3.3634,16.4733,14.4843,16.4733,7.4250,1,3.770,6.593
2387,DATA_20260319_120000.BIN,14.4843,21.7308,3.6417,21.7308,3.9380,1,17.197,17.208
2388,DATA_20260319_120000.BIN,3.6417,12.9523,3.3573,12.9523,2.9370,1,4.263,4.990
2389,DATA_20260319_120000.BIN,3.3573,10.8093,4.6409,10.8093,3.4870,1,4.801,6.135
2390,DATA_20260319_120000.BIN,4.6409,8.1272,1.1828,8.1272,9.7680,1,6.058,7.197
2391,DATA_20260319_120000.BIN,1.1828,8.4018,3.0187,8.4018,7.5790,1,1.953,6.957
2392,DATA_20260319_120000.BIN,3.0187,6.0607,2.4875,6.0607,3.0140,1,3.347,5.414
2393,DATA_20260319_120000.BIN,2.4875,5.2197,1.1908,5.2197,4.3560,1,3.373,7.391
2394,DATA_20260319_120000.BIN,1.1908,9.5865,1.1791,9.5865,4.2680,1,0.957,4.404
2395,DATA_20260319_120000.BIN,1.1791,6.1490,1.6691,6.1490,5.9070,1,1.281,4.120
2396,DATA_20260319_120000.BIN,1.7530,7.3948,0.2444,7.3948,1.3090,1,1.809,5.371
2397,DATA_20260319_120000.BIN,0.2444,9.8300,1.4883,9.8300,4.9060,1,0.706,5.425
2398,DATA_20260319_120000.BIN,1.4883,8.1376,0.4351,8.1376,4.1910,1,1.243,3.236
2399,DATA_20260319_120000.BIN,0.4351,8.9077,0.4225,8.9077,5.7530,1,1.264,2.551
2400,DATA_20260319_120000.BIN,0.4225,12.3071,1.5600,12.3071,8.2500,1,0.633,1.623
2401,DATA_20260319_120000.BIN,1.5600,6.3011,3.9755,6.3011,3.6190,1,1.736,1.893
2402,DATA_20260319_120000.BIN,3.8090,5.6597,3.5518,5.6597,5.3680,1,4.001,4.465
2403,DATA_20260319_120000.BIN,4.3123,6.5075,3.5973,6.5075,7.0290,1,3.065,3.910
2404,DATA_20260319_120000.BIN,3.5973,5.6212,0.9882,5.6212,3.3440,1,3.051,3.789
2405,DATA_20260319_120000.BIN,0.9882,7.5551,1.1670,7.5551,5.8520,1,5.239,8.512
2406,DATA_20260319_120000.BIN,1.1670,4.8446,2.1851,4.8446,1.7160,1,2.122,5.144
2407,DATA_20260319_120000.BIN,2.1851,11.3255,1.3127,11.3255,4.8730,1,1.538,1.684
2408,DATA_20260319_120000.BIN,1.3127,13.7273,0.4544,13.7273,5.1480,1,0.803,0.834
2409,DATA_20260319_120000.BIN,0.4544,7.9395,0.7733,7.9395,6.8310,1,4.179,7.668
2410,DATA_20260319_120000.BIN,0.7733,19.1956,2.8269,19.1956,6.5450,1,2.175,2.993
2411,DATA_20260319_120000.BIN,2.8269,5.5835,2.2961,5.5835,3.5090,1,4.659,6.505
2412,DATA_20260319_120000.BIN,3.7577,6.6171,0.1962,6.6171,3.2010,1,4.617,5.785
2413,DATA_20260319_120000.BIN,3.0585,6.5088,1.0014,6.5088,2.6620,1,6.790,9.837
2414,DATA_20260319_120000.BIN,1.0014,4.6893,1.4389,4.6893,1.8260,1,3.239,8.461
2415,DATA_20260319_120000.BIN,1.4389,7.2111,1.2411,7.2111,1.9030,1,3.953,7.279
2416,DATA_20260319_120000.BIN,0.4102,5.4057,0.9734,5.4057,4.9060,1,0.826,1.096
2417,DATA_20260319_120000.BIN,0.9734,6.9461,2.4653,6.9461,2.6840,1,1.525,2.288
2418,DATA_20260319_120000.BIN,2.4653,11.6894,1.8637,11.6894,3.2120,1,2.465,2.886
2419,DATA_20260319_120000.BIN,1.8637,13.4076,1.8532,13.4076,5.6430,1,2.481,4.306
2420,DATA_20260319_120000.BIN,1.8532,16.2448,1.1755,16.2448,4.6310,1,2.183,2.272
2421,DATA_20260319_120000.BIN,1.1755,14.7361,3.8994,14.7361,6.2920,1,1.563,2.859
2422,DATA_20260319_120000.BIN,3.8994,17.0822,0.5297,17.0822,5.0160,1,4.754,4.872
2423,DATA_20260319_120000.BIN,0.5297,12.6122,2.9358,12.6122,4.1580,1,0.904,1.891
2424,DATA_20260319_120000.BIN,2.9358,7.2889,1.4486,7.2889,2.1230,1,5.716,8.418
2425,DATA_20260319_120000.BIN,1.4486,10.8374,6.5625,10.8374,5.0050,1,2.018,2.109
2426,DATA_20260319_120000.BIN,6.5625,8.7768,2.0645,8.7768,6.6770,1,7.920,7.946
2427,DATA_20260319_120000.BIN,2.0645,5.6687,1.6350,5.6687,2.9370,1,2.128,4.088
2428,DATA_20260319_120000.BIN,1.6350,7.3878,4.3405,7.3878,4.0700,1,1.403,1.533
2429,DATA_20260319_120000.BIN,4.3405,12.0494,3.4779,12.0494,3.3660,1,4.928,7.342
2430,DATA_20260319_120000.BIN,3.4779,8.3705,5.5926,8.3705,2.8930,1,4.021,4.053
2431,DATA_20260319_120000.BIN,5.5926,12.1596,1.9145,12.1596,3.7730,1,5.782,6.244
2432,DATA_20260319_120000.BIN,1.9145,8.0797,0.7222,8.0797,3.8280,1,0.650,3.499
2433,DATA_20260319_120000.BIN,0.7222,7.4707,3.6797,7.4707,3.3330,1,1.837,3.644
2434,DATA_20260319_120000.BIN,1.0459,8.4537,1.6657,8.4537,7.7550,1,2.068,3.355
2435,DATA_20260319_120000.BIN,1.6657,18.9262,0.9779,18.9262,3.7510,1,1.447,1.507
2436,DATA_20260319_120000.BIN,4.3254,9.0737,1.0764,9.0737,7.0730,1,4.969,4.985
2437,DATA_20260319_120000.BIN,1.0764,4.0167,1.1387,4.0167,2.6840,1,0.179,2.937
2438,DATA_20260319_120000.BIN,1.1387,4.8900,1.0912,4.8900,3.2340,1,1.927,5.548
2439,DATA_20260319_120000.BIN,1.0912,7.6324,2.1414,7.6324,4.8730,1,0.732,2.099
2440,DATA_20260319_120000.BIN,2.1414,6.6819,1.8176,6.6819,1.3970,1,3.359,5.974
2441,DATA_20260319_120000.BIN,1.4790,4.2420,0.9158,4.2420,3.4650,1,2.249,2.533
2442,DATA_20260319_120000.BIN,0.9158,6.3333,1.6830,6.3333,8.2280,1,0.103,0.612
2443,DATA_20260319_120000.BIN,1.6830,4.8727,0.5234,4.8727,3.7070,1,0.581,3.167
2444,DATA_20260319_120000.BIN,0.7415,4.1391,0.8604,4.1391,5.5440,1,0.459,3.001
2445,DATA_20260319_120000.BIN,0.8604,4.9119,0.7320,4.9119,6.2370,1,1.042,2.103
2446,DATA_20260319_120000.BIN,0.7320,4.6963,0.4284,4.6963,6.9300,1,2.000,4.297
2447,DATA_20260319_120000.BIN,0.7404,3.7504,0.3078,3.7504,1.7050,1,0.697,1.101
2448,DATA_20260319_120000.BIN,0.5898,10.7420,1.3962,10.7420,3.5420,1,1.305,2.080
2449,DATA_20260319_120000.BIN,1.3962,5.2956,2.8044,5.2956,5.2910,1,1.955,3.117
2450,DATA_20260319_120000.BIN,4.5791,9.2692,1.2749,9.2692,5.5110,1,5.725,5.798
2451,DATA_20260319_120000.BIN,1.2749,3.6632,0.2746,3.6632,3.9490,1,1.432,1.957
2452,DATA_20260319_120000.BIN,0.1852,3.8300,0.9489,3.8300,1.4190,1,0.971,0.976
2453,DATA_20260319_120000.BIN,0.9489,4.1293,1.1977,4.1293,4.0260,1,0.528,0.530
2454,DATA_20260319_120000.BIN,1.1977,7.3777,0.5561,7.3777,6.0830,1,1.858,3.422
2455,DATA_20260319_120000.BIN,0.5561,11.1086,7.5628,11.1086,3.8170,1,1.204,3.041
2456,DATA_20260319_120000.BIN,7.5628,10.4475,2.9141,10.4475,2.0680,1,9.339,9.368
2457,DATA_20260319_120000.BIN,2.0791,6.7973,0.8637,6.7973,7.9860,1,1.772,2.041
2458,DATA_20260319_120000.BIN,2.4770,6.8684,2.1338,6.8684,8.4150,1,2.979,3.626
2459,DATA_20260319_120000.BIN,2.1338,7.1925,1.1464,7.1925,2.1230,1,3.795,5.377
2460,DATA_20260319_120000.BIN,3.2742,6.2883,1.1296,6.2883,3.5640,1,5.517,7.233
2461,DATA_20260319_120000.BIN,1.1296,13.5801,2.9024,13.5801,9.9660,1,2.979,5.871
2462,DATA_20260319_120000.BIN,2.9024,6.3491,2.0584,6.3491,3.8830,1,2.237,5.488
2463,DATA_20260319_120000.BIN,2.0584,5.0214,0.9757,5.0214,6.1710,1,1.379,1.634
2464,DATA_20260319_120000.BIN,0.9757,3.7314,0.8455,3.7314,2.2880,1,0.817,4.479
2465,DATA_20260319_120000.BIN,2.6266,8.7727,5.6274,8.7727,8.9870,1,1.804,2.973
2466,DATA_20260319_120000.BIN,3.2394,18.3066,0.3609,18.3066,3.7730,1,2.964,3.332
2467,DATA_20260319_120000.BIN,0.3609,3.7760,1.1221,3.7760,1.8480,1,2.248,3.005
2468,DATA_20260319_120000.BIN,1.1221,6.7501,3.3425,6.7501,2.9260,1,2.314,2.584
2469,DATA_20260319_120000.BIN,3.3425,7.7658,1.7051,7.7658,1.9250,1,2.214,7.449
2470,DATA_20260319_120000.BIN,1.7051,10.0053,2.3401,10.0053,5.9290,1,4.639,6.404
2471,DATA_20260319_120000.BIN,2.3401,9.5771,4.7942,9.5771,8.1950,1,5.336,8.840
2472,DATA_20260319_120000.BIN,4.7942,9.4282,4.5821,9.4282,2.1670,1,6.292,6.352
2473,DATA_20260319_120000.BIN,4.5821,10.7107,3.7825,10.7107,5.3240,1,5.448,5.448
2474,DATA_20260319_120000.BIN,3.7825,9.4445,5.0291,9.4445,2.5740,1,4.820,4.953
2475,DATA_20260319_120000.BIN,5.0291,10.2270,1.6219,10.2270,4.1250,1,5.427,5.445
2476,DATA_20260319_120000.BIN,1.6219,8.3100,4.3601,8.3100,4.0480,1,1.104,1.104
2477,DATA_20260319_120000.BIN,4.3601,7.8063,1.6832,7.8063,5.4890,1,5.471,7.301
2478,DATA_20260319_120000.BIN,3.1681,9.6223,0.3992,9.6223,2.4310,1,3.320,4.555
2479,DATA_20260319_120000.BIN,0.3992,5.5548,1.2245,5.5548,2.2770,1,2.475,2.487
2480,DATA_20260319_120000.BIN,1.2245,6.5041,2.0257,6.5041,5.0710,1,3.149,3.180
2481,DATA_20260319_120000.BIN,2.0257,7.1310,3.2213,7.1310,1.5290,1,4.399,5.253
2482,DATA_20260319_120000.BIN,3.2213,6.5429,1.4042,6.5429,1.8920,1,1.740,4.376
2483,DATA_20260319_120000.BIN,2.3009,5.2117,0.8214,5.2117,2.0570,1,3.002,3.379
2484,DATA_20260319_120000.BIN,0.8214,4.4323,1.6093,4.4323,1.2760,1,1.772,2.412
2485,DATA_20260319_120000.BIN,1.6093,11.0419,2.1070,11.0419,4.2570,1,2.251,2.550
2486,DATA_20260319_120000.BIN,2.1070,7.4436,1.3415,7.4436,1.8920,1,0.755,9.171
2487,DATA_20260319_120000.BIN,1.3415,10.4330,3.8872,10.4330,3.2780,1,1.773,2.485
2488,DATA_20260319_120000.BIN,3.8872,10.2011,1.1491,10.2011,3.5420,1,5.172,5.201
2489,DATA_20260319_120000.BIN,1.1491,9.5290,1.3199,9.5290,1.5620,1,0.558,0.845
2490,DATA_20260319_120000.BIN,6.4931,9.3402,0.9496,9.3402,4.3230,1,7.420,7.903
2491,DATA_20260319_120000.BIN,0.9496,11.1409,5.2867,11.1409,4.6310,1,1.688,7.659
2492,DATA_20260319_120000.BIN,5.2867,7.8179,4.0121,7.8179,2.4200,1,5.831,6.583
2493,DATA_20260319_120000.BIN,3.0024,5.8811,2.9747,5.8811,1.5840,1,3.156,3.931
2494,DATA_20260319_120000.BIN,1.6213,6.3810,0.9306,6.3810,6.1050,1,2.671,3.058
2495,DATA_20260319_120000.BIN,0.4760,8.1395,2.1272,8.1395,7.1280,1,2.042,4.953
2496,DATA_20260319_120000.BIN,2.1272,9.2129,2.6245,9.2129,1.1660,1,0.767,1.725
2497,DATA_20260319_120000.BIN,2.6245,9.1721,3.4145,9.1721,1.0120,1,5.005,5.368
2498,DATA_20260319_120000.BIN,3.4145,11.6134,0.9409,11.6134,2.1120,1,5.856,6.765
2499,DATA_20260319_120000.BIN,0.9409,5.0871,0.6444,5.0871,3.4870,1,2.293,2.311
2500,DATA_20260319_120000.BIN,0.6444,9.2947,3.0246,9.2947,4.8180,1,0.532,0.853
2501,DATA_20260319_120000.BIN,0.5092,6.1807,0.2943,6.1807,7.7990,1,1.675,4.287
2502,DATA_20260319_120000.BIN,0.2943,5.5553,0.4042,5.5553,3.5200,1,2.413,4.649
2503,DATA_20260319_120000.BIN,0.7821,4.2595,0.3596,4.2595,5.5660,1,2.102,4.490
2504,DATA_20260319_120000.BIN,0.2054,3.1396,0.3998,3.1396,3.4210,1,2.370,4.657
2505,DATA_20260319_120000.BIN,0.3998,3.9240,0.4077,3.9240,7.0290,1,1.717,3.498
2506,DATA_20260319_120000.BIN,0.4077,3.3579,0.7530,3.3579,1.3310,1,2.208,3.859
2507,DATA_20260319_120000.BIN,0.7530,16.3346,1.6266,16.3346,7.2160,1,2.104,3.529
2508,DATA_20260319_120000.BIN,1.6266,7.5277,2.4888,7.5277,4.2790,1,2.640,3.679
2509,DATA_20260319_120000.BIN,2.4888,6.9296,1.0184,6.9296,1.2540,1,2.424,8.754
2510,DATA_20260319_120000.BIN,1.0184,11.7006,0.6242,11.7006,8.7230,1,0.378,3.955
2511,DATA_20260319_120000.BIN,0.6242,6.5836,1.8773,6.5836,7.6120,1,3.186,7.710
2512,DATA_20260319_120000.BIN,1.8773,5.6593,1.1876,5.6593,3.9930,1,2.423,2.426
2513,DATA_20260319_120000.BIN,1.1876,5.6793,0.5720,5.6793,4.6970,1,0.808,1.794
2514,DATA_20260319_120000.BIN,0.5720,5.5940,0.6492,5.5940,5.3350,1,1.227,2.137
2515,DATA_20260319_120000.BIN,0.6492,5.8977,1.6709,5.8977,6.1930,1,0.603,0.627
2516,DATA_20260319_120000.BIN,1.6709,4.2212,0.8484,4.2212,3.5750,1,1.194,2.681
2517,DATA_20260319_120000.BIN,0.8484,4.9505,1.6277,4.9505,2.0460,1,0.738,1.416
2518,DATA_20260319_120000.BIN,1.6277,5.8201,0.5021,5.8201,6.5340,1,0.552,4.698
2519,DATA_20260319_120000.BIN,0.5021,3.0413,0.3397,3.0413,1.9030,1,1.161,1.347
2520,DATA_20260319_120000.BIN,1.3379,4.2822,0.3487,4.2822,4.3120,1,2.226,5.759
2521,DATA_20260319_120000.BIN,0.3487,3.2650,0.6218,3.2650,1.3860,1,1.047,3.507
2522,DATA_20260319_120000.BIN,1.1486,12.2184,2.1736,12.2184,6.2150,1,2.114,4.103
2523,DATA_20260319_120000.BIN,2.1736,7.1162,1.4742,7.1162,1.5070,1,2.694,2.942
2524,DATA_20260319_120000.BIN,1.9584,5.2661,0.5669,5.2661,3.5750,1,0.958,1.390
2525,DATA_20260319_120000.BIN,3.3214,7.2705,0.5273,7.2705,4.0590,1,4.247,5.790
2526,DATA_20260319_120000.BIN,0.5273,9.3200,0.6401,9.3200,4.3890,1,1.411,1.411
2527,DATA_20260319_120000.BIN,0.6401,7.3533,0.6480,7.3533,7.2380,1,1.556,1.843
2528,DATA_20260319_120000.BIN,0.6480,10.7602,1.0334,10.7602,5.2030,1,0.791,2.365
2529,DATA_20260319_120000.BIN,0.4787,5.1532,1.9985,5.1532,5.8740,1,1.690,2.076
2530,DATA_20260319_120000.BIN,1.9985,5.0181,2.2004,5.0181,3.1020,1,3.875,6.264
2531,DATA_20260319_120000.BIN,2.2004,4.6954,0.9445,4.6954,5.6650,1,1.076,8.679
2532,DATA_20260319_120000.BIN,0.9445,5.6601,1.1328,5.6601,2.0680,1,1.445,1.864
2533,DATA_20260319_120000.BIN,1.1328,5.2988,1.5313,5.2988,3.7510,1,2.032,5.302
2534,DATA_20260319_120000.BIN,1.5313,3.4562,0.5660,3.4562,2.0350,1,0.827,4.949
2535,DATA_20260319_120000.BIN,0.1900,3.4076,0.4479,3.4076,3.2340,1,2.074,4.824
2536,DATA_20260319_120000.BIN,0.4479,2.5924,0.1834,2.5924,1.9580,1,3.214,7.729
2537,DATA_20260319_120000.BIN,0.1834,5.7582,0.4929,5.7582,3.4870,1,1.456,2.871
2538,DATA_20260319_120000.BIN,0.4929,4.6505,0.0717,4.6505,4.5760,1,1.525,2.717
2539,DATA_20260319_120000.BIN,0.0717,3.3722,0.6880,3.3722,3.3880,1,0.271,1.614
2540,DATA_20260319_120000.BIN,0.6880,6.7895,1.0746,6.7895,2.6400,1,2.912,7.453
2541,DATA_20260319_120000.BIN,0.9789,12.1022,1.0204,12.1022,5.8630,1,2.820,7.768
2542,DATA_20260319_120000.BIN,1.0204,5.6767,1.4239,5.6767,1.0340,1,2.187,7.134
2543,DATA_20260319_120000.BIN,1.4239,4.3549,1.4379,4.3549,1.1440,1,1.443,4.826
2544,DATA_20260319_120000.BIN,0.5716,6.2251,1.1752,6.2251,4.7850,1,0.705,1.987
2545,DATA_20260319_120000.BIN,1.1752,7.0259,2.8730,7.0259,2.3320,1,2.197,4.740
2546,DATA_20260319_120000.BIN,2.8730,8.7784,2.3525,8.7784,6.8970,1,5.582,7.581
2547,DATA_20260319_120000.BIN,2.3525,5.6811,1.2864,5.6811,3.7400,1,4.729,7.886
2548,DATA_20260319_120000.BIN,1.2864,8.9851,1.6646,8.9851,5.8080,1,2.389,4.463
2549,DATA_20260319_120000.BIN,1.6646,5.9154,1.0968,5.9154,5.0160,1,2.955,5.205
2550,DATA_20260319_120000.BIN,1.0968,8.4298,0.3197,8.4298,2.6620,1,1.292,3.773
2551,DATA_20260319_120000.BIN,1.1553,6.2270,0.8183,6.2270,4.7740,1,2.350,4.617
2552,DATA_20260319_120000.BIN,0.6840,5.6090,0.6440,5.6090,8.0190,1,1.388,1.631
2553,DATA_20260319_120000.BIN,0.6440,4.6140,0.6672,4.6140,1.5620,1,1.204,2.492
2554,DATA_20260319_120000.BIN,0.6672,3.6931,1.3555,3.6931,3.7290,1,1.907,5.727
2555,DATA_20260319_120000.BIN,1.3555,4.2266,1.0316,4.2266,6.0720,1,3.173,6.713
2556,DATA_20260319_120000.BIN,1.0316,4.8190,1.1918,4.8190,5.8300,1,3.903,9.231
2557,DATA_20260319_120000.BIN,1.0610,8.0951,1.2169,8.0951,5.2250,1,2.499,3.632
2558,DATA_20260319_120000.BIN,1.2169,7.8727,2.2171,7.8727,6.4460,1,3.490,7.597
2559,DATA_20260319_120000.BIN,2.4143,7.3577,2.6615,7.3577,5.4450,1,3.278,4.735
2560,DATA_20260319_120000.BIN,2.8831,8.4044,3.4718,8.4044,2.3540,1,3.063,3.166
2561,DATA_20260319_120000.BIN,3.4718,6.2586,3.9999,6.2586,2.9810,1,3.680,3.744
2562,DATA_20260319_120000.BIN,2.4585,10.4729,1.3530,10.4729,4.5210,1,2.158,3.292
2563,DATA_20260319_120000.BIN,2.9868,6.7032,0.8081,6.7032,5.2470,1,2.556,2.580
2564,DATA_20260319_120000.BIN,0.8081,5.5596,1.5950,5.5596,2.3650,1,1.386,2.013
2565,DATA_20260319_120000.BIN,1.5950,7.5343,1.7064,7.5343,3.6740,1,2.834,4.848
2566,DATA_20260319_120000.BIN,1.7064,5.1102,0.5601,5.1102,1.3970,1,0.939,1.131
2567,DATA_20260319_120000.BIN,0.5601,6.3581,0.6406,6.3581,1.2980,1,1.597,2.205
2568,DATA_20260319_120000.BIN,0.6406,4.7607,0.0479,4.7607,1.2760,1,1.282,2.340
2569,DATA_20260319_120000.BIN,0.0479,6.6414,0.9024,6.6414,1.4190,1,1.205,1.236
2570,DATA_20260319_120000.BIN,0.9024,4.0659,0.7066,4.0659,1.1990,1,1.331,1.684
2571,DATA_20260319_120000.BIN,0.7066,4.8830,0.7352,4.8830,1.2980,1,1.158,1.985
2572,DATA_20260319_120000.BIN,0.7352,4.1186,0.4052,4.1186,1.1550,1,0.310,0.364
2573,DATA_20260319_120000.BIN,0.4052,4.5960,0.8616,4.5960,1.2980,1,1.118,1.627
2574,DATA_20260319_120000.BIN,0.8616,4.8182,0.2391,4.8182,1.2320,1,1.720,1.725
2575,DATA_20260319_120000.BIN,0.2391,5.5338,1.0837,5.5338,1.3530,1,0.371,0.559
2576,DATA_20260319_120000.BIN,0.5650,3.3558,0.4887,3.3558,3.1680,1,0.779,3.934
2577,DATA_20260319_120000.BIN,0.4887,8.5024,4.6971,8.5024,2.7170,1,0.966,2.237
2578,DATA_20260319_120000.BIN,4.6971,9.2868,1.2918,9.2868,3.7510,1,5.338,5.346
2579,DATA_20260319_120000.BIN,1.2918,5.0709,0.5321,5.0709,2.2440,1,1.838,5.249
2580,DATA_20260319_120000.BIN,0.5321,5.4444,1.0298,5.4444,1.4190,1,1.692,3.040
2581,DATA_20260319_120000.BIN,1.2482,5.0141,2.0146,5.0141,1.2870,1,2.354,3.510
2582,DATA_20260319_120000.BIN,0.7727,4.6929,0.8423,4.6929,8.1070,1,2.407,6.004
2583,DATA_20260319_120000.BIN,0.8423,6.4432,2.9724,6.4432,1.7600,1,1.812,3.462
2584,DATA_20260319_120000.BIN,2.3700,6.5552,2.3316,6.5552,3.0360,1,3.068,3.277
2585,DATA_20260319_120000.BIN,2.3316,7.5811,1.6414,7.5811,7.5570,1,3.379,4.332
2586,DATA_20260319_120000.BIN,1.6414,3.9199,1.2743,3.9199,3.6740,1,2.213,3.077
2587,DATA_20260319_120000.BIN,1.2743,10.8918,4.3224,10.8918,4.0480,1,1.330,1.490
2588,DATA_20260319_120000.BIN,4.3224,11.9846,5.8800,11.9846,1.3970,1,5.036,5.138
2589,DATA_20260319_120000.BIN,5.8800,9.7509,4.7289,9.7509,1.4080,1,6.769,6.785
2590,DATA_20260319_120000.BIN,0.6442,5.9383,1.6820,5.9383,6.9410,1,3.042,8.803
2591,DATA_20260319_120000.BIN,1.6820,6.9251,1.1159,6.9251,7.9750,1,2.943,4.061
2592,DATA_20260319_120000.BIN,1.1159,5.3418,0.4118,5.3418,3.7180,1,2.081,2.527
2593,DATA_20260319_120000.BIN,0.4118,3.6967,1.4951,3.6967,3.2560,1,1.741,4.007
2594,DATA_20260319_120000.BIN,1.4951,9.7592,2.3731,9.7592,9.8670,1,3.355,4.280
2595,DATA_20260319_120000.BIN,2.3731,6.7142,3.1257,6.7142,4.3890,1,4.282,4.704
2596,DATA_20260319_120000.BIN,3.1257,7.4023,1.0441,7.4023,2.7830,1,4.228,5.101
2597,DATA_20260319_120000.BIN,1.0441,4.5911,1.4870,4.5911,1.9360,1,1.189,1.190
2598,DATA_20260319_120000.BIN,2.3520,9.8537,0.4524,9.8537,2.2660,1,2.555,3.842
2599,DATA_20260319_120000.BIN,0.7380,6.1726,2.3336,6.1726,4.6970,1,1.972,3.513
2600,DATA_20260319_120000.BIN,2.3336,10.1792,4.1226,10.1792,1.8260,1,2.374,2.593
2601,DATA_20260319_120000.BIN,2.2667,6.7032,2.6341,6.7032,1.5730,1,1.464,5.140
2602,DATA_20260319_120000.BIN,1.9137,8.3801,2.2330,8.3801,7.3700,1,2.993,7.966
2603,DATA_20260319_120000.BIN,2.2330,8.8993,0.2138,8.8993,3.2450,1,2.209,3.248
2604,DATA_20260319_120000.BIN,0.2138,4.8204,1.5230,4.8204,2.5080,1,1.004,1.589
2605,DATA_20260319_120000.BIN,1.5230,6.1572,1.9271,6.1572,3.2010,1,1.428,2.575
2606,DATA_20260319_120000.BIN,0.6556,9.8918,4.2252,9.8918,4.3670,1,0.891,3.357
2607,DATA_20260319_120000.BIN,1.4627,5.2277,0.4778,5.2277,1.2650,1,0.572,2.321
2608,DATA_20260319_120000.BIN,0.6048,10.2946,0.8169,10.2946,5.1920,1,2.359,3.739
2609,DATA_20260319_120000.BIN,0.3440,4.5843,0.1542,4.5843,3.5750,1,1.030,2.740
2610,DATA_20260319_120000.BIN,0.1542,8.4320,5.9058,8.4320,5.4450,1,2.729,6.962
2611,DATA_20260319_120000.BIN,1.9449,4.9188,0.3210,4.9188,2.3210,1,2.485,2.891
2612,DATA_20260319_120000.BIN,0.3210,4.3868,1.0462,4.3868,2.5520,1,1.153,2.125
2613,DATA_20260319_120000.BIN,1.0462,3.7829,0.7449,3.7829,4.4660,1,1.124,1.565
2614,DATA_20260319_120000.BIN,0.7449,8.6111,4.1991,8.6111,7.6560,1,1.173,4.885
2615,DATA_20260319_120000.BIN,4.1991,7.7639,2.4225,7.7639,3.1570,1,4.765,4.982
2616,DATA_20260319_120000.BIN,2.4225,5.1239,1.9186,5.1239,3.3000,1,2.294,2.312
2617,DATA_20260319_120000.BIN,1.9186,5.3014,1.1171,5.3014,1.7380,1,1.523,4.121
2618,DATA_20260319_120000.BIN,3.4401,7.2951,1.8637,7.2951,4.3890,1,2.942,4.146
2619,DATA_20260319_120000.BIN,1.6161,10.3695,4.5381,10.3695,3.2890,1,0.914,1.638
2620,DATA_20260319_120000.BIN,4.5381,11.9404,4.2801,11.9404,5.2690,1,1.909,11.829
2621,DATA_20260319_120000.BIN,2.2199,5.9654,1.4356,5.9654,1.6060,1,1.405,2.524
2622,DATA_20260319_120000.BIN,1.4356,8.7052,0.5667,8.7052,3.2450,1,2.556,6.305
2623,DATA_20260319_120000.BIN,0.5667,4.8829,1.2616,4.8829,1.5400,1,1.729,1.988
2624,DATA_20260319_120000.BIN,1.2616,5.3686,1.2183,5.3686,1.3860,1,0.847,3.125
2625,DATA_20260319_120000.BIN,2.8284,5.8547,0.1665,5.8547,4.4990,1,3.901,3.946
2626,DATA_20260319_120000.BIN,1.4177,6.3609,0.6707,6.3609,3.0030,1,2.425,5.250
2627,DATA_20260319_120000.BIN,1.4110,3.6631,0.4289,3.6631,2.2660,1,2.329,2.488
2628,DATA_20260319_120000.BIN,2.0479,7.2198,1.2559,7.2198,1.6500,1,1.135,2.255
2629,DATA_20260319_120000.BIN,2.9804,8.4161,2.8955,8.4161,5.0820,1,4.226,4.246
2630,DATA_20260319_120000.BIN,2.8955,6.4835,1.3134,6.4835,1.1220,1,2.976,5.178
2631,DATA_20260319_120000.BIN,1.3134,7.8387,2.2188,7.8387,1.1440,1,1.019,1.236
2632,DATA_20260319_120000.BIN,2.2188,10.3438,1.5888,10.3438,3.9270,1,1.337,2.308
2633,DATA_20260319_120000.BIN,0.5130,3.5567,0.2011,3.5567,3.9820,1,0.783,1.573
2634,DATA_20260319_120000.BIN,0.2011,4.2043,0.5000,4.2043,2.4310,1,1.187,1.579
2635,DATA_20260319_120000.BIN,0.5000,6.3117,2.3619,6.3117,1.8370,1,0.513,3.754
2636,DATA_20260319_120000.BIN,2.3619,6.8089,1.8557,6.8089,1.2210,1,2.607,3.204
2637,DATA_20260319_120000.BIN,0.7594,7.7219,5.4983,7.7219,4.8290,1,0.334,0.579
2638,DATA_20260319_120000.BIN,5.4983,8.1813,5.4072,8.1813,1.2540,1,6.065,7.412
2639,DATA_20260319_120000.BIN,3.2423,7.4065,1.8948,7.4065,6.1270,1,2.979,3.191
2640,DATA_20260319_120000.BIN,1.8948,5.9367,2.9052,5.9367,1.5950,1,1.300,4.818
2641,DATA_20260319_120000.BIN,0.6812,5.9629,1.1699,5.9629,6.5230,1,2.579,4.022
2642,DATA_20260319_120000.BIN,1.4889,9.0671,4.6163,9.0671,5.2690,1,0.536,2.105
2643,DATA_20260319_120000.BIN,3.0406,15.9472,10.2558,15.9472,2.8600,1,3.135,3.456
2644,DATA_20260319_120000.BIN,0.6758,6.0073,2.4896,6.0073,3.6740,1,2.344,2.346
2645,DATA_20260319_120000.BIN,2.4896,9.0516,6.4719,9.0516,4.4990,1,1.167,10.270
2646,DATA_20260319_120000.BIN,3.0581,9.8496,0.8980,9.8496,6.3250,1,2.495,2.605
2647,DATA_20260319_120000.BIN,0.8980,6.3086,0.5455,6.3086,4.5100,1,2.338,5.980
2648,DATA_20260319_120000.BIN,0.5455,9.5357,2.3109,9.5357,3.2340,1,2.653,3.856
2649,DATA_20260319_120000.BIN,2.3109,5.6562,2.2591,5.6562,1.4300,1,4.687,6.126
2650,DATA_20260319_120000.BIN,2.8710,5.5073,3.5411,5.5073,3.9490,1,1.776,7.349
2651,DATA_20260319_120000.BIN,3.5411,7.7940,1.6101,7.7940,3.6190,1,4.553,4.577
2652,DATA_20260319_120000.BIN,1.0040,9.1339,5.6342,9.1339,5.0490,1,3.030,5.331
2653,DATA_20260319_120000.BIN,5.6342,9.4815,1.4826,9.4815,3.3440,1,9.286,10.670
2654,DATA_20260319_120000.BIN,1.4826,4.4968,0.7347,4.4968,2.9150,1,2.184,3.487
2655,DATA_20260319_120000.BIN,0.6013,5.9786,0.6450,5.9786,5.7420,1,0.799,2.809
2656,DATA_20260319_120000.BIN,0.6450,6.8989,1.8910,6.8989,2.7940,1,2.135,4.585
2657,DATA_20260319_120000.BIN,1.8910,7.5514,0.8942,7.5514,1.5840,1,1.732,3.291
2658,DATA_20260319_120000.BIN,1.2290,5.1745,0.4051,5.1745,3.2230,1,1.366,5.143
2659,DATA_20260319_120000.BIN,0.5556,5.3636,1.1815,5.3636,1.0890,1,1.049,3.408
2660,DATA_20260319_120000.BIN,1.1815,4.6271,1.0532,4.6271,2.6290,1,1.002,1.188
2661,DATA_20260319_120000.BIN,1.5755,5.2432,2.5839,5.2432,2.5960,1,0.725,3.214
2662,DATA_20260319_120000.BIN,5.2162,9.3395,4.2806,9.3395,3.5750,1,4.859,6.301
2663,DATA_20260319_120000.BIN,1.4995,7.7846,4.5581,7.7846,3.2230,1,1.306,2.470
2664,DATA_20260319_120000.BIN,2.9916,6.9507,0.6453,6.9507,1.6280,1,3.636,4.299
2665,DATA_20260319_120000.BIN,0.6453,4.5324,0.9064,4.5324,1.1770,1,0.897,1.427
2666,DATA_20260319_120000.BIN,0.9064,5.3640,0.7092,5.3640,1.6060,1,0.981,2.198
2667,DATA_20260319_120000.BIN,1.1413,6.1793,0.8656,6.1793,1.2320,1,1.040,2.272
2668,DATA_20260319_120000.BIN,0.8656,5.1744,0.9795,5.1744,1.2430,1,0.386,2.514
2669,DATA_20260319_120000.BIN,0.9795,5.2026,0.9510,5.2026,1.3420,1,0.328,1.221
2670,DATA_20260319_120000.BIN,1.5290,4.3543,1.5626,4.3543,1.6500,1,1.150,2.902
2671,DATA_20260319_120000.BIN,1.5626,4.1400,1.4941,4.1400,2.0680,1,1.073,1.260
2672,DATA_20260319_120000.BIN,1.4941,5.1917,0.8678,5.1917,5.1370,1,0.847,0.859
2673,DATA_20260319_120000.BIN,0.8678,4.3835,0.1050,4.3835,2.4530,1,0.348,0.815
2674,DATA_20260319_120000.BIN,0.5296,10.6412,3.1291,10.6412,7.1830,1,0.852,1.816
2675,DATA_20260319_120000.BIN,3.1291,6.5271,0.0363,6.5271,8.6460,1,5.608,9.258
2676,DATA_20260319_120000.BIN,0.0363,3.5221,0.5775,3.5221,8.8990,1,0.523,0.530
2677,DATA_20260319_120000.BIN,0.5775,3.4674,0.8936,3.4674,5.4450,1,0.930,1.121
2678,DATA_20260319_120000.BIN,0.5087,13.5386,2.2166,13.5386,5.0930,1,1.849,2.984
2679,DATA_20260319_120000.BIN,2.2166,7.7168,5.5079,7.7168,5.9840,1,3.168,3.224
2680,DATA_20260319_120000.BIN,5.5079,9.6049,1.1681,9.6049,4.1910,1,7.831,8.881
2681,DATA_20260319_120000.BIN,0.2969,9.6066,5.2134,9.6066,7.6560,1,1.011,3.094
2682,DATA_20260319_120000.BIN,5.2134,11.5809,1.9955,11.5809,2.2000,1,7.257,8.390
2683,DATA_20260319_120000.BIN,1.9955,6.1328,2.4769,6.1328,1.6610,1,1.502,3.713
2684,DATA_20260319_120000.BIN,3.2286,6.1284,0.6979,6.1284,9.9110,1,3.200,3.400
2685,DATA_20260319_120000.BIN,1.4543,5.7820,1.3603,5.7820,3.0360,1,2.599,2.767
2686,DATA_20260319_120000.BIN,0.1666,8.1454,1.6627,8.1454,3.2230,1,2.628,6.138
2687,DATA_20260319_120000.BIN,1.6627,5.5257,0.9153,5.5257,1.7930,1,2.024,2.061
2688,DATA_20260319_120000.BIN,0.9807,7.4254,4.2944,7.4254,5.0710,1,1.709,3.101
2689,DATA_20260319_120000.BIN,4.2944,9.3559,0.7585,9.3559,4.3450,1,5.691,5.692
2690,DATA_20260319_120000.BIN,0.7585,7.9540,4.8256,7.9540,5.0380,1,2.352,4.098
2691,DATA_20260319_120000.BIN,4.8256,8.0142,4.1183,8.0142,2.3980,1,6.386,9.254
2692,DATA_20260319_120000.BIN,4.1183,6.9826,2.7945,6.9826,2.8160,1,4.689,4.689
2693,DATA_20260319_120000.BIN,3.0751,6.7211,1.4348,6.7211,6.6990,1,4.575,6.020
2694,DATA_20260319_120000.BIN,1.4348,6.5690,1.5701,6.5690,1.8920,1,1.629,1.631
2695,DATA_20260319_120000.BIN,1.5701,10.7700,0.6314,10.7700,4.6090,1,1.585,1.618
2696,DATA_20260319_120000.BIN,0.6314,8.1133,1.8650,8.1133,4.2240,1,2.564,3.894
2697,DATA_20260319_120000.BIN,1.8650,10.3248,1.2399,10.3248,5.2470,1,1.964,4.277
2698,DATA_20260319_120000.BIN,1.2399,12.4174,4.0143,12.4174,3.4980,1,1.241,1.469
2699,DATA_20260319_120000.BIN,4.0143,6.4486,0.8235,6.4486,4.9060,1,4.941,5.300
2700,DATA_20260319_120000.BIN,0.8235,9.4560,2.4144,9.4560,4.3780,1,0.742,3.514
2701,DATA_20260319_120000.BIN,2.4144,5.8375,1.5223,5.8375,5.5550,1,3.731,5.819
2702,DATA_20260319_120000.BIN,1.5223,8.4903,1.8725,8.4903,3.9160,1,2.330,2.461
2703,DATA_20260319_120000.BIN,1.8725,10.6033,3.9533,10.6033,5.1260,1,2.367,4.234
2704,DATA_20260319_120000.BIN,3.9533,9.5112,3.9580,9.5112,4.7190,1,5.477,6.578
2705,DATA_20260319_120000.BIN,1.6706,7.0422,0.6041,7.0422,5.2030,1,2.716,5.096
2706,DATA_20260319_120000.BIN,0.6041,5.1793,0.9729,5.1793,2.8380,1,0.870,1.319
2707,DATA_20260319_120000.BIN,2.7208,4.6113,0.1985,4.6113,4.5430,1,3.918,3.987
2708,DATA_20260319_120000.BIN,1.4996,4.4740,1.5295,4.4740,2.1010,1,1.167,1.172
2709,DATA_20260319_120000.BIN,1.5295,6.5748,1.0139,6.5748,3.9710,1,2.580,5.321
2710,DATA_20260319_120000.BIN,0.3531,9.0536,1.7927,9.0536,6.4350,1,1.420,1.602
2711,DATA_20260319_120000.BIN,1.0945,4.2404,0.2275,4.2404,1.1660,1,1.191,1.823
2712,DATA_20260319_120000.BIN,0.2275,4.5210,0.2304,4.5210,1.1770,1,0.804,1.016
2713,DATA_20260319_120000.BIN,0.2304,3.8291,1.0990,3.8291,2.1890,1,1.172,1.593
2714,DATA_20260319_120000.BIN,0.4943,10.7609,0.4089,10.7609,9.0970,1,1.065,1.646
2715,DATA_20260319_120000.BIN,0.4089,5.9229,2.7298,5.9229,5.0490,1,1.688,4.017
2716,DATA_20260319_120000.BIN,2.7298,5.3273,2.6096,5.3273,4.2900,1,4.376,5.076
2717,DATA_20260319_120000.BIN,2.6096,6.7426,3.6210,6.7426,4.4330,1,3.816,4.088
2718,DATA_20260319_120000.BIN,2.5731,4.5945,1.3969,4.5945,5.9730,1,3.416,3.707
2719,DATA_20260319_120000.BIN,5.9761,9.1925,6.6451,9.1925,7.6120,1,9.976,11.489
2720,DATA_20260319_120000.BIN,2.1252,9.2026,0.8579,9.2026,8.5360,1,5.158,8.890
2721,DATA_20260319_120000.BIN,0.8579,3.8009,0.6254,3.8009,6.2810,1,1.468,2.675
2722,DATA_20260319_120000.BIN,0.3986,4.0986,0.3635,4.0986,6.1600,1,0.612,0.823
2723,DATA_20260319_120000.BIN,0.3635,4.2966,0.3323,4.2966,2.6840,1,0.618,1.118
2724,DATA_20260319_120000.BIN,0.6434,3.9172,1.2378,3.9172,1.4960,1,1.104,1.106
2725,DATA_20260319_120000.BIN,1.2378,5.4905,0.2453,5.4905,3.9380,1,1.968,2.160
2726,DATA_20260319_120000.BIN,4.6295,9.3645,5.1854,9.3645,1.9580,1,6.377,6.995
2727,DATA_20260319_120000.BIN,5.1854,12.3229,5.1096,12.3229,3.5970,1,6.155,6.569
2728,DATA_20260319_120000.BIN,8.5290,13.0413,1.1756,13.0413,5.0930,1,9.598,9.609
2729,DATA_20260319_120000.BIN,1.3655,6.5295,1.0005,6.5295,5.9950,1,2.286,2.655
2730,DATA_20260319_120000.BIN,5.1510,8.7341,5.7019,8.7341,2.9700,1,4.826,6.300
2731,DATA_20260319_120000.BIN,5.7019,7.8531,4.9739,7.8531,6.6220,1,5.050,5.435
2732,DATA_20260319_120000.BIN,4.9739,11.3262,1.2196,11.3262,3.4650,1,3.357,3.383
2733,DATA_20260319_120000.BIN,0.9025,13.3811,1.0531,13.3811,2.9260,1,2.096,3.947
2734,DATA_20260319_120000.BIN,1.0531,6.1233,0.7330,6.1233,5.9510,1,2.549,2.712
2735,DATA_20260319_120000.BIN,0.2930,3.4618,0.1126,3.4618,6.7430,1,2.943,3.341
2736,DATA_20260319_120000.BIN,0.2998,4.4854,1.0792,4.4854,7.1170,1,3.007,3.361
2737,DATA_20260319_120000.BIN,3.3996,10.6047,2.2172,10.6047,1.8590,1,2.133,2.209
2738,DATA_20260319_120000.BIN,2.2172,8.0551,2.9684,8.0551,7.9640,1,0.830,0.943
2739,DATA_20260319_120000.BIN,1.3803,4.8092,1.5662,4.8092,3.3330,1,2.066,2.782
2740,DATA_20260319_120000.BIN,2.2600,4.8929,2.3352,4.8929,3.3000,1,0.859,2.828
2741,DATA_20260319_120000.BIN,0.9844,4.6580,2.6868,4.6580,7.9310,1,2.361,2.871
2742,DATA_20260319_120000.BIN,1.4164,4.1806,1.5579,4.1806,1.4520,1,1.396,1.567
2743,DATA_20260319_120000.BIN,1.5579,3.7776,1.3053,3.7776,1.3310,1,0.736,2.313
2744,DATA_20260319_120000.BIN,1.3053,4.4933,0.7866,4.4933,8.8000,1,0.623,0.644
2745,DATA_20260319_120000.BIN,0.6639,4.4997,0.4213,4.4997,4.8730,1,1.435,1.576
2746,DATA_20260319_120000.BIN,0.4213,4.4616,0.5944,4.4616,3.5090,1,3.527,6.229
2747,DATA_20260319_120000.BIN,1.5833,9.0703,0.8289,9.0703,3.8720,1,0.287,0.544
2748,DATA_20260319_120000.BIN,2.2831,6.9800,2.5240,6.9800,5.4890,1,1.109,1.561
2749,DATA_20260319_120000.BIN,2.3555,5.6492,4.0073,5.6492,3.0690,1,1.738,1.853
2750,DATA_20260319_120000.BIN,1.9680,9.6098,1.3803,9.6098,9.4160,1,0.717,0.718
2751,DATA_20260319_120000.BIN,1.3803,10.1077,4.3317,10.1077,7.6230,1,2.236,2.380
2752,DATA_20260319_120000.BIN,4.3317,8.7521,4.1375,8.7521,1.1000,1,8.443,11.208
2753,DATA_20260319_120000.BIN,4.1375,13.6221,2.2651,13.6221,2.6290,1,4.421,5.112
2754,DATA_20260319_120000.BIN,2.2651,7.7375,3.4258,7.7375,1.1440,1,2.387,5.104
2755,DATA_20260319_120000.BIN,0.5379,4.2311,1.1835,4.2311,1.1880,1,2.715,4.395
2756,DATA_20260319_120000.BIN,1.1835,4.3807,1.7055,4.3807,1.1660,1,2.107,2.779
2757,DATA_20260319_120000.BIN,1.7055,10.3253,3.0469,10.3253,2.6070,1,2.927,3.131
2758,DATA_20260319_120000.BIN,3.0469,6.2358,1.8423,6.2358,1.2980,1,2.349,2.874
2759,DATA_20260319_120000.BIN,1.8423,4.9921,2.2736,4.9921,1.2430,1,2.082,2.597
2760,DATA_20260319_120000.BIN,2.2736,4.7388,0.9428,4.7388,1.3860,1,2.031,2.149
2761,DATA_20260319_120000.BIN,0.9428,8.7756,0.2077,8.7756,6.7540,1,1.766,1.791
2762,DATA_20260319_120000.BIN,0.2077,6.1233,2.3118,6.1233,3.4100,1,2.246,3.520
2763,DATA_20260319_120000.BIN,2.3118,10.2940,3.1553,10.2940,4.3890,1,2.296,2.668
2764,DATA_20260319_120000.BIN,3.1553,9.5884,1.4961,9.5884,3.9050,1,3.859,4.951
2765,DATA_20260319_120000.BIN,1.4961,6.6943,0.2215,6.6943,2.9700,1,1.366,5.291
2766,DATA_20260319_120000.BIN,0.2215,3.7169,0.5993,3.7169,3.7510,1,0.578,1.508
2767,DATA_20260319_120000.BIN,0.5993,4.5761,0.6158,4.5761,1.2650,1,0.828,2.742
2768,DATA_20260319_120000.BIN,0.6158,3.6152,0.9505,3.6152,1.2430,1,0.811,1.875
2769,DATA_20260319_120000.BIN,0.7259,3.5184,0.8668,3.5184,2.2770,1,1.711,1.784
2770,DATA_20260319_120000.BIN,0.8668,4.8489,1.8884,4.8489,9.7790,1,0.838,0.847
2771,DATA_20260319_120000.BIN,1.8884,9.5438,0.4692,9.5438,3.4870,1,2.426,2.566
2772,DATA_20260319_120000.BIN,1.0812,3.5174,0.6163,3.5174,4.0040,1,1.817,2.306
2773,DATA_20260319_120000.BIN,0.6163,3.7818,0.8720,3.7818,1.6720,1,1.805,2.953
2774,DATA_20260319_120000.BIN,1.2283,6.7610,0.6785,6.7610,9.5590,1,2.287,3.282
2775,DATA_20260319_120000.BIN,3.6668,7.8281,1.8505,7.8281,3.7180,1,4.640,6.144
2776,DATA_20260319_120000.BIN,1.8505,7.3341,0.5180,7.3341,3.1020,1,1.553,1.877
2777,DATA_20260319_120000.BIN,0.5180,4.3985,0.2294,4.3985,3.8830,1,2.537,5.230
2778,DATA_20260319_120000.BIN,0.2369,2.8145,0.3079,2.8145,2.2660,1,0.415,1.191
2779,DATA_20260319_120000.BIN,0.3079,6.6366,2.4515,6.6366,6.1380,1,0.946,3.372
2780,DATA_20260319_120000.BIN,3.8166,6.0650,1.2890,6.0650,4.7630,1,5.848,6.598
2781,DATA_20260319_120000.BIN,1.2890,9.2453,1.6885,9.2453,4.4660,1,1.813,3.399
2782,DATA_20260319_120000.BIN,1.6885,6.1545,0.9832,6.1545,1.1220,1,1.761,2.320
2783,DATA_20260319_120000.BIN,0.9832,5.0436,1.1203,5.0436,1.6500,1,0.455,3.201
2784,DATA_20260319_120000.BIN,1.1203,7.6910,0.8913,7.6910,1.2870,1,0.602,1.533
2785,DATA_20260319_120000.BIN,0.8913,9.1175,0.9048,9.1175,5.2690,1,1.451,1.902
2786,DATA_20260319_120000.BIN,0.4936,7.8473,1.4135,7.8473,1.5620,1,1.514,2.322
2787,DATA_20260319_120000.BIN,1.4135,5.8306,2.3968,5.8306,1.4630,1,1.064,2.735
2788,DATA_20260319_120000.BIN,2.3968,6.1529,0.9185,6.1529,1.3750,1,2.600,3.975
2789,DATA_20260319_120000.BIN,0.9185,3.5920,0.8565,3.5920,4.1690,1,1.892,2.114
2790,DATA_20260319_120000.BIN,1.1873,4.2093,0.6400,4.2093,6.1930,1,1.890,2.924
2791,DATA_20260319_120000.BIN,0.6400,6.1153,1.1662,6.1153,4.0700,1,1.427,4.694
2792,DATA_20260319_120000.BIN,1.1662,5.4989,1.2961,5.4989,2.1560,1,1.663,1.683
2793,DATA_20260319_120000.BIN,1.2961,4.9791,1.3389,4.9791,2.7280,1,1.868,3.251
2794,DATA_20260319_120000.BIN,1.3389,5.2969,0.2416,5.2969,7.5790,1,1.869,3.944
2795,DATA_20260319_120000.BIN,0.2416,6.3223,1.3678,6.3223,4.0920,1,0.884,1.932
2796,DATA_20260319_120000.BIN,1.3427,4.7757,0.7862,4.7757,1.3640,1,0.798,1.585
2797,DATA_20260319_120000.BIN,1.7125,4.1198,1.3597,4.1198,1.1990,1,2.173,2.433
2798,DATA_20260319_120000.BIN,1.3597,4.1856,1.7598,4.1856,1.3530,1,1.538,1.831
2799,DATA_20260319_120000.BIN,1.7598,4.4072,1.0867,4.4072,1.3640,1,1.974,2.505
2800,DATA_20260319_120000.BIN,1.0867,5.1887,2.2701,5.1887,1.5510,1,0.733,2.330
2801,DATA_20260319_120000.BIN,2.2701,8.0709,2.6521,8.0709,2.2550,1,2.291,2.669
2802,DATA_20260319_120000.BIN,2.6521,7.4218,2.3917,7.4218,4.5870,1,2.312,3.093
2803,DATA_20260319_120000.BIN,2.3917,12.6838,1.7168,12.6838,8.1180,1,0.784,5.420
2804,DATA_20260319_120000.BIN,1.7168,9.7842,4.3808,9.7842,3.9490,1,1.061,1.307
2805,DATA_20260319_120000.BIN,4.0102,10.7983,4.8815,10.7983,7.1280,1,2.678,4.666
2806,DATA_20260319_120000.BIN,2.1560,4.9551,2.1417,4.9551,4.0150,1,1.495,2.855
2807,DATA_20260319_120000.BIN,2.1417,8.7883,0.1212,8.7883,8.7670,1,4.204,6.004
2808,DATA_20260319_120000.BIN,0.1212,3.7193,0.1432,3.7193,1.2540,1,1.636,1.637
2809,DATA_20260319_120000.BIN,0.1432,6.9020,1.4759,6.9020,5.3350,1,1.232,2.269
2810,DATA_20260319_120000.BIN,1.6594,7.5069,1.7782,7.5069,6.3250,1,3.048,6.628
2811,DATA_20260319_120000.BIN,1.7782,5.3130,2.7746,5.3130,3.6080,1,3.383,4.038
2812,DATA_20260319_120000.BIN,2.7746,7.3971,4.6521,7.3971,3.1350,1,5.059,10.894
2813,DATA_20260319_120000.BIN,4.6521,7.4038,0.9098,7.4038,6.1820,1,9.267,13.615
2814,DATA_20260319_120000.BIN,0.9098,4.4183,1.1775,4.4183,4.5650,1,1.063,2.230
2815,DATA_20260319_120000.BIN,1.1775,4.2513,0.5317,4.2513,5.2580,1,2.546,5.284
2816,DATA_20260319_120000.BIN,1.7858,13.7578,1.0069,13.7578,6.5670,1,1.260,1.510
2817,DATA_20260319_120000.BIN,3.5897,14.8990,3.7179,14.8990,3.4540,1,2.434,4.388
2818,DATA_20260319_120000.BIN,3.7179,10.3049,0.6713,10.3049,2.5630,1,4.958,4.958
2819,DATA_20260319_120000.BIN,0.6713,8.9176,4.4554,8.9176,2.8380,1,3.317,5.375
2820,DATA_20260319_120000.BIN,1.0407,7.9577,3.4478,7.9577,3.4870,1,1.797,1.952
2821,DATA_20260319_120000.BIN,4.5691,9.6061,6.6436,9.6061,6.5120,1,5.872,6.565
2822,DATA_20260319_120000.BIN,6.6436,10.3957,5.1668,10.3957,5.4780,1,7.852,8.158
2823,DATA_20260319_120000.BIN,5.1668,11.8440,2.6938,11.8440,2.8490,1,5.937,6.746
2824,DATA_20260319_120000.BIN,2.6938,10.5693,3.1012,10.5693,4.1250,1,1.673,1.679
2825,DATA_20260319_120000.BIN,3.1012,7.8105,2.4662,7.8105,1.2650,1,2.461,6.307
2826,DATA_20260319_120000.BIN,2.4662,6.8947,3.1476,6.8947,1.1000,1,3.110,4.753
2827,DATA_20260319_120000.BIN,3.1476,7.4713,2.3139,7.4713,2.4860,1,0.779,3.090
2828,DATA_20260319_120000.BIN,2.3139,6.1332,1.1349,6.1332,1.5840,1,3.027,7.098
2829,DATA_20260319_120000.BIN,1.1349,6.4767,2.0963,6.4767,3.2560,1,1.787,2.889
2830,DATA_20260319_120000.BIN,2.0963,5.6403,1.2075,5.6403,1.1880,1,3.798,9.026
2831,DATA_20260319_120000.BIN,1.2075,5.9169,1.9077,5.9169,1.4080,1,1.255,1.862
2832,DATA_20260319_120000.BIN,5.3424,8.5954,3.1702,8.5954,4.1360,1,6.273,6.276
2833,DATA_20260319_130000.BIN,4.6380,10.1809,4.3302,10.1809,6.8640,1,11.255,12.278
2834,DATA_20260319_130000.BIN,6.7994,13.7607,4.7102,13.7607,3.9490,1,10.019,10.173
2835,DATA_20260319_130000.BIN,4.7102,10.3373,4.1352,10.3373,2.4310,1,8.702,8.786
2836,DATA_20260319_130000.BIN,4.1352,12.3791,4.9231,12.3791,9.2400,1,8.512,8.884
2837,DATA_20260319_130000.BIN,4.9231,11.4664,3.4616,11.4664,9.0750,1,9.306,9.650
2838,DATA_20260319_130000.BIN,4.6384,8.3513,0.9085,8.3513,3.3110,1,6.538,7.599
2839,DATA_20260319_130000.BIN,0.9085,10.6613,2.8330,10.6613,4.3450,1,11.066,13.544
2840,DATA_20260319_130000.BIN,2.8330,5.6635,0.8272,5.6635,2.6180,1,12.357,12.745
2841,DATA_20260319_130000.BIN,0.8272,7.1418,1.4112,7.1418,8.4150,1,7.983,8.082
2842,DATA_20260319_130000.BIN,0.8887,4.3612,0.7716,4.3612,2.8490,1,8.712,8.772
2843,DATA_20260319_130000.BIN,0.7716,15.9610,2.3239,15.9610,4.8290,1,7.005,9.084
2844,DATA_20260319_130000.BIN,2.3239,11.2166,6.3021,11.2166,7.8650,1,4.246,4.691
2845,DATA_20260319_130000.BIN,6.3021,10.7031,1.2119,10.7031,5.6980,1,1.917,3.159
2846,DATA_20260319_130000.BIN,1.2119,4.6040,0.6768,4.6040,3.4320,1,5.672,10.121
2847,DATA_20260319_130000.BIN,0.8016,7.3718,3.8867,7.3718,3.6190,1,6.529,6.644
2848,DATA_20260319_130000.BIN,4.5797,9.4020,4.8181,9.4020,3.5750,1,8.005,8.084
2849,DATA_20260319_130000.BIN,0.9129,7.5727,2.9137,7.5727,4.6860,1,4.984,4.984
2850,DATA_20260319_130000.BIN,2.9137,9.6776,5.6396,9.6776,2.9040,1,7.404,7.477
2851,DATA_20260319_130000.BIN,5.6396,9.4207,3.5017,9.4207,1.6830,1,6.068,6.069
2852,DATA_20260319_130000.BIN,2.4455,6.4632,2.4713,6.4632,1.3420,1,5.323,5.628
2853,DATA_20260319_130000.BIN,2.5554,7.5085,3.1031,7.5085,1.3200,1,4.081,4.318
2854,DATA_20260319_130000.BIN,3.1031,10.9738,1.8168,10.9738,5.0600,1,2.794,2.985
2855,DATA_20260319_130000.BIN,1.8168,5.6721,0.7576,5.6721,3.5860,1,0.861,1.281
2856,DATA_20260319_130000.BIN,0.7576,3.2650,0.4992,3.2650,4.5650,1,4.120,5.368
2857,DATA_20260319_130000.BIN,0.4992,4.8705,1.2194,4.8705,5.6210,1,2.314,3.661
2858,DATA_20260319_130000.BIN,3.7312,13.2707,8.4908,13.2707,5.4450,1,3.358,6.040
2859,DATA_20260319_130000.BIN,8.4908,12.6030,3.3819,12.6030,1.6170,1,7.933,7.939
2860,DATA_20260319_130000.BIN,3.3819,10.3457,1.5164,10.3457,3.7070,1,1.789,3.312
2861,DATA_20260319_130000.BIN,1.5164,5.0318,0.5613,5.0318,2.5850,1,4.213,5.449
2862,DATA_20260319_130000.BIN,0.5613,12.5189,3.6694,12.5189,6.3690,1,2.820,3.149
2863,DATA_20260319_130000.BIN,3.6694,12.6093,1.6740,12.6093,7.1280,1,2.358,3.522
2864,DATA_20260319_130000.BIN,1.6740,9.8495,3.4483,9.8495,4.9830,1,2.082,3.654
2865,DATA_20260319_130000.BIN,3.4483,8.4689,3.8249,8.4689,3.3990,1,1.614,3.652
2866,DATA_20260319_130000.BIN,3.8249,8.4427,1.7186,8.4427,4.2790,1,5.899,9.461
2867,DATA_20260319_130000.BIN,1.7186,5.4734,0.8535,5.4734,1.9140,1,3.621,3.751
2868,DATA_20260319_130000.BIN,2.6836,8.6630,0.5708,8.6630,4.8290,1,1.536,2.550
2869,DATA_20260319_130000.BIN,0.5708,8.0759,2.8193,8.0759,2.5080,1,1.497,1.546
2870,DATA_20260319_130000.BIN,2.8193,8.8405,2.0543,8.8405,4.3890,1,2.613,4.128
2871,DATA_20260319_130000.BIN,5.4170,9.2945,1.0079,9.2945,2.8930,1,5.210,5.697
2872,DATA_20260319_130000.BIN,1.0079,9.4709,2.5303,9.4709,1.4410,1,2.036,3.841
2873,DATA_20260319_130000.BIN,2.5303,8.7111,1.2555,8.7111,2.8270,1,2.316,4.853
2874,DATA_20260319_130000.BIN,3.2691,7.4849,2.6023,7.4849,3.9270,1,2.170,2.190
2875,DATA_20260319_130000.BIN,2.0360,8.3221,2.3063,8.3221,4.4110,1,1.258,1.259
2876,DATA_20260319_130000.BIN,1.6337,6.0102,1.7730,6.0102,1.2540,1,1.044,1.194
2877,DATA_20260319_130000.BIN,1.7730,6.2609,0.5124,6.2609,1.4300,1,0.311,0.953
2878,DATA_20260319_130000.BIN,0.5124,6.0388,1.2861,6.0388,1.3530,1,1.865,1.951
2879,DATA_20260319_130000.BIN,1.2861,6.3842,1.1219,6.3842,3.6630,1,0.589,0.590
2880,DATA_20260319_130000.BIN,1.1219,5.4642,0.3795,5.4642,7.0730,1,1.263,2.857
2881,DATA_20260319_130000.BIN,5.1671,8.8076,4.2185,8.8076,3.3880,1,9.018,10.647
2882,DATA_20260319_130000.BIN,5.5964,8.8454,5.6882,8.8454,1.3310,1,8.666,11.199
2883,DATA_20260319_130000.BIN,5.6882,9.2299,4.8010,9.2299,1.3420,1,7.560,9.113
2884,DATA_20260319_130000.BIN,4.8010,8.4269,4.7392,8.4269,1.2980,1,5.701,7.269
2885,DATA_20260319_130000.BIN,4.7392,8.6060,2.2142,8.6060,1.9800,1,4.966,6.271
2886,DATA_20260319_130000.BIN,2.2438,5.7440,1.6762,5.7440,1.3310,1,2.459,4.423
2887,DATA_20260319_130000.BIN,1.6762,5.4221,2.5543,5.4221,4.8290,1,1.284,2.975
2888,DATA_20260319_130000.BIN,2.5543,5.3681,1.0928,5.3681,1.5730,1,1.388,2.502
2889,DATA_20260319_130000.BIN,3.7711,7.8482,1.9206,7.8482,1.4300,1,6.133,8.293
2890,DATA_20260319_130000.BIN,1.9206,9.5158,2.7088,9.5158,9.4600,1,3.623,5.294
2891,DATA_20260319_130000.BIN,0.2073,4.2518,1.1721,4.2518,2.0240,1,1.018,3.932
2892,DATA_20260319_130000.BIN,1.5466,5.1093,1.1710,5.1093,1.4850,1,2.484,4.825
2893,DATA_20260319_130000.BIN,2.0145,5.6171,1.3681,5.6171,2.9920,1,4.171,5.348
2894,DATA_20260319_130000.BIN,1.3681,9.4345,1.1446,9.4345,5.6210,1,1.453,4.664
2895,DATA_20260319_130000.BIN,1.1446,6.3111,0.6726,6.3111,3.9050,1,1.539,2.366
2896,DATA_20260319_130000.BIN,2.5577,11.0259,1.0424,11.0259,4.4110,1,4.041,7.491
2897,DATA_20260319_130000.BIN,0.4130,6.8160,2.3239,6.8160,5.9840,1,1.887,5.764
2898,DATA_20260319_130000.BIN,0.4080,6.1834,1.5284,6.1834,1.7050,1,0.326,1.385
2899,DATA_20260319_130000.BIN,1.5284,5.1809,2.2539,5.1809,1.6720,1,1.774,1.910
2900,DATA_20260319_130000.BIN,2.2539,7.2780,1.8109,7.2780,4.6090,1,2.744,3.732
2901,DATA_20260319_130000.BIN,2.5079,9.8163,0.5912,9.8163,3.3880,1,2.826,5.125
2902,DATA_20260319_130000.BIN,0.5912,4.5807,0.8880,4.5807,5.0930,1,1.640,2.612
2903,DATA_20260319_130000.BIN,1.1924,7.1567,0.7704,7.1567,8.0960,1,2.271,3.929
2904,DATA_20260319_130000.BIN,0.7704,4.8339,0.8424,4.8339,6.7210,1,2.120,4.203
2905,DATA_20260319_130000.BIN,1.6105,8.4390,1.0812,8.4390,2.4750,1,1.809,4.444
2906,DATA_20260319_130000.BIN,0.6915,5.3376,1.4624,5.3376,8.1070,1,1.368,2.821
2907,DATA_20260319_130000.BIN,1.4624,7.1730,0.3747,7.1730,2.4750,1,2.044,3.314
2908,DATA_20260319_130000.BIN,0.3747,9.7556,0.3847,9.7556,3.8610,1,0.797,1.626
2909,DATA_20260319_130000.BIN,0.3847,9.1911,0.1756,9.1911,9.0860,1,0.355,0.367
2910,DATA_20260319_130000.BIN,0.1756,10.0774,4.9241,10.0774,6.6660,1,1.515,4.366
2911,DATA_20260319_130000.BIN,4.9241,10.8233,1.1301,10.8233,8.0080,1,5.427,5.625
2912,DATA_20260319_130000.BIN,2.6181,8.0427,3.0828,8.0427,2.7170,1,2.810,4.675
2913,DATA_20260319_130000.BIN,1.5202,5.4344,1.5804,5.4344,2.4420,1,1.342,2.822
2914,DATA_20260319_130000.BIN,1.8177,5.9549,2.6142,5.9549,7.8760,1,2.805,5.014
2915,DATA_20260319_130000.BIN,2.6142,5.5019,2.4585,5.5019,3.9380,1,3.527,4.161
2916,DATA_20260319_130000.BIN,2.3308,6.0560,0.1149,6.0560,3.6850,1,4.158,6.182
2917,DATA_20260319_130000.BIN,0.4731,6.6539,3.8338,6.6539,6.3250,1,2.002,5.649
2918,DATA_20260319_130000.BIN,6.0614,14.2852,4.0579,14.2852,4.0920,1,6.115,7.099
2919,DATA_20260319_130000.BIN,0.6648,4.2199,0.7015,4.2199,2.5740,1,0.233,0.983
2920,DATA_20260319_130000.BIN,0.7015,4.5291,0.5997,4.5291,1.3090,1,1.069,1.201
2921,DATA_20260319_130000.BIN,0.5997,5.6544,0.6455,5.6544,5.7530,1,1.385,1.447
2922,DATA_20260319_130000.BIN,5.4203,16.9793,4.1477,16.9793,3.7730,1,6.121,6.166
2923,DATA_20260319_130000.BIN,8.6052,12.0070,5.0079,12.0070,6.2920,1,9.539,9.615
2924,DATA_20260319_130000.BIN,1.1199,5.3529,2.1725,5.3529,5.7860,1,0.172,3.002
2925,DATA_20260319_130000.BIN,0.8649,5.0029,1.5236,5.0029,8.4700,1,0.814,1.050
2926,DATA_20260319_130000.BIN,0.9580,6.6008,0.9813,6.6008,4.8620,1,1.151,1.442
2927,DATA_20260319_130000.BIN,1.0072,5.7033,1.1601,5.7033,4.7410,1,1.853,4.440
2928,DATA_20260319_130000.BIN,4.1502,8.0529,5.0704,8.0529,3.8280,1,5.330,7.081
2929,DATA_20260319_130000.BIN,5.9407,19.2854,11.8794,19.2854,4.5430,1,6.330,6.416
2930,DATA_20260319_130000.BIN,6.9046,16.8119,12.4452,16.8119,3.9490,1,7.966,9.032
2931,DATA_20260319_130000.BIN,12.4452,15.8955,10.0470,15.8955,4.3010,1,14.210,14.573
2932,DATA_20260319_130000.BIN,0.3757,5.5704,1.2961,5.5704,1.7270,1,2.708,2.805
2933,DATA_20260319_130000.BIN,1.2977,5.1508,1.9263,5.1508,4.3560,1,1.453,2.137
2934,DATA_20260319_130000.BIN,2.7306,5.9762,3.1413,5.9762,4.8400,1,4.634,6.783
2935,DATA_20260319_130000.BIN,6.4274,16.3314,10.5741,16.3314,4.0920,1,5.976,5.993
2936,DATA_20260319_140000.BIN,17.7598,21.8589,6.6277,21.8589,8.9760,1,8.379,8.460
2937,DATA_20260319_140000.BIN,6.6277,11.3719,7.0020,11.3719,3.0580,1,10.161,11.294
2938,DATA_20260319_140000.BIN,7.0020,14.8197,10.1653,14.8197,5.7860,1,15.940,19.470
2939,DATA_20260319_140000.BIN,10.1653,15.3335,10.9377,15.3335,5.9730,1,3.855,10.622
2940,DATA_20260319_140000.BIN,0.5100,7.8308,3.1102,7.8308,1.3420,1,15.300,15.406
2941,DATA_20260319_140000.BIN,3.1102,10.3644,3.7152,10.3644,2.9810,1,14.407,14.746
2942,DATA_20260319_140000.BIN,3.7152,6.6680,1.2137,6.6680,6.6770,1,14.292,15.061
2943,DATA_20260319_140000.BIN,0.4994,4.9730,0.5769,4.9730,7.3150,1,10.466,11.782
2944,DATA_20260319_140000.BIN,0.5769,4.9081,1.8063,4.9081,7.8870,1,9.537,9.665
2945,DATA_20260319_140000.BIN,1.8063,7.3106,0.5200,7.3106,8.9870,1,10.122,10.148
2946,DATA_20260319_140000.BIN,0.5200,5.9394,0.2318,5.9394,4.7080,1,8.451,8.512
2947,DATA_20260319_140000.BIN,0.2318,10.9700,1.5676,10.9700,6.6550,1,6.813,6.876
2948,DATA_20260319_140000.BIN,1.5676,11.8863,2.4136,11.8863,4.3670,1,6.035,6.037
2949,DATA_20260319_140000.BIN,0.9758,6.4131,1.6649,6.4131,1.4080,1,6.830,8.290
2950,DATA_20260319_140000.BIN,1.6649,4.3399,0.9290,4.3399,9.3720,1,7.127,7.933
2951,DATA_20260319_140000.BIN,0.3850,4.3747,0.5265,4.3747,2.4420,1,4.871,5.433
2952,DATA_20260319_140000.BIN,1.6319,8.8720,1.0785,8.8720,4.1690,1,5.858,7.067
2953,DATA_20260319_140000.BIN,1.0785,10.2131,1.5669,10.2131,4.1690,1,4.407,4.645
2954,DATA_20260319_140000.BIN,6.2659,11.2503,0.6420,11.2503,3.2450,1,3.960,9.023
2955,DATA_20260319_140000.BIN,0.6420,6.0163,1.9702,6.0163,8.9430,1,3.799,7.780
2956,DATA_20260319_140000.BIN,1.9702,5.7390,0.7353,5.7390,7.0620,1,4.866,6.276
2957,DATA_20260319_140000.BIN,0.7353,10.4231,0.2507,10.4231,5.4670,1,2.568,3.118
2958,DATA_20260319_140000.BIN,3.9744,8.5078,3.1831,8.5078,7.7990,1,7.264,7.583
2959,DATA_20260319_140000.BIN,2.4797,5.8238,2.3652,5.8238,3.4980,1,4.914,5.399
2960,DATA_20260319_140000.BIN,13.3660,16.5551,11.2096,16.5551,2.4420,1,13.138,17.775
2961,DATA_20260319_150000.BIN,16.6550,21.5296,17.2786,21.5296,1.8150,1,9.669,10.875
2962,DATA_20260319_150000.BIN,17.2786,20.4844,7.6377,20.4844,5.8300,1,7.043,7.935
2963,DATA_20260319_150000.BIN,7.6377,10.6377,5.8799,10.6377,3.7730,1,6.964,12.174
2964,DATA_20260319_150000.BIN,1.4747,9.3021,1.4762,9.3021,2.2220,1,13.816,16.083
2965,DATA_20260319_150000.BIN,1.4762,6.1635,1.5234,6.1635,3.3110,1,15.508,19.192
2966,DATA_20260319_150000.BIN,1.6814,5.7356,3.6301,5.7356,4.2790,1,14.024,15.505
2967,DATA_20260319_150000.BIN,1.7372,4.9168,1.3081,4.9168,9.0420,1,12.746,14.751
2968,DATA_20260319_150000.BIN,0.1182,9.1391,2.8052,9.1391,5.4340,1,9.438,10.910
2969,DATA_20260319_150000.BIN,2.8052,7.3562,2.7802,7.3562,5.6980,1,9.404,9.898
2970,DATA_20260319_150000.BIN,1.6752,4.8940,1.5672,4.8940,2.8710,1,7.342,9.085
2971,DATA_20260319_150000.BIN,1.5672,3.4628,0.1805,3.4628,2.1780,1,7.681,7.681
2972,DATA_20260319_150000.BIN,0.1805,12.0892,6.0802,12.0892,9.1850,1,6.138,7.460
2973,DATA_20260319_150000.BIN,6.0802,12.4018,1.4235,12.4018,7.5130,1,4.984,7.735
2974,DATA_20260319_150000.BIN,0.2420,3.4173,1.3107,3.4173,5.6650,1,5.659,5.966
2975,DATA_20260319_150000.BIN,0.8415,2.9329,0.4538,2.9329,2.9590,1,3.985,6.423
2976,DATA_20260319_150000.BIN,0.4538,4.3429,1.9180,4.3429,2.2330,1,4.670,6.330
2977,DATA_20260319_150000.BIN,5.4267,7.6789,0.1838,7.6789,6.5010,1,2.371,3.569
2978,DATA_20260319_150000.BIN,0.8136,2.7287,0.7220,2.7287,2.5300,1,3.205,3.426
2979,DATA_20260319_150000.BIN,2.4100,4.6713,0.6877,4.6713,2.6070,1,1.589,2.649
2980,DATA_20260319_150000.BIN,2.7917,5.4169,0.5782,5.4169,2.9810,1,6.946,7.168
2981,DATA_20260319_150000.BIN,0.9705,5.0151,1.1916,5.0151,7.0840,1,2.727,8.379
2982,DATA_20260319_150000.BIN,1.4323,5.3921,1.8523,5.3921,4.8070,1,3.581,4.002
2983,DATA_20260319_150000.BIN,5.4782,8.4379,2.5908,8.4379,4.8290,1,4.587,5.876
