cycle_idx,source_file,p0_r,p3_r,p7_r,amplitude,duration_s,validated,tilt_deg,q_error_deg
0,DATA_20260315_070000.BIN,20.2699,29.0886,19.0560,29.0886,6.7980,1,4.514,5.797
1,DATA_20260315_070000.BIN,27.1901,34.3112,27.6799,34.3112,5.6430,1,4.840,12.476
2,DATA_20260315_070000.BIN,27.6799,37.7371,25.6286,37.7371,5.8520,1,5.826,18.032
3,DATA_20260315_070000.BIN,28.7822,35.4350,22.8226,35.4350,8.2500,1,7.400,7.498
4,DATA_20260315_070000.BIN,29.6157,34.9179,26.9869,34.9179,4.1360,1,6.479,9.564
5,DATA_20260315_070000.BIN,24.6598,31.6018,26.8476,31.6018,3.7180,1,3.761,9.317
6,DATA_20260315_070000.BIN,26.8476,37.5955,33.2003,37.5955,4.4000,1,15.959,26.873
7,DATA_20260315_070000.BIN,33.2003,38.3749,35.1940,38.3749,4.2790,1,10.379,11.250
8,DATA_20260315_070000.BIN,35.1940,40.0355,36.6639,40.0355,5.8630,1,12.175,14.929
9,DATA_20260315_070000.BIN,36.6639,40.6535,33.5969,40.6535,3.9710,1,14.248,16.672
10,DATA_20260315_070000.BIN,37.1014,42.1654,31.3697,42.1654,7.7220,1,12.406,12.516
11,DATA_20260315_070000.BIN,31.3697,39.1646,33.7861,39.1646,3.3440,1,13.500,21.077
12,DATA_20260315_070000.BIN,33.7861,37.3633,27.5966,37.3633,6.5890,1,16.347,20.956
13,DATA_20260315_070000.BIN,24.5100,40.7719,34.1962,40.7719,3.8940,1,26.499,31.595
14,DATA_20260315_070000.BIN,34.1962,38.7094,33.7391,38.7094,4.0260,1,12.671,19.800
15,DATA_20260315_070000.BIN,33.7391,37.5293,31.2911,37.5293,2.7830,1,10.879,14.129
16,DATA_20260315_070000.BIN,31.2911,37.6050,24.7776,37.6050,3.8830,1,9.509,15.151
17,DATA_20260315_070000.BIN,28.0924,39.6731,34.9483,39.6731,4.4660,1,1.673,5.240
18,DATA_20260315_070000.BIN,34.9483,39.9689,36.3143,39.9689,7.2380,1,11.087,11.128
19,DATA_20260315_070000.BIN,27.5152,41.3106,30.4804,41.3106,5.1370,1,20.050,28.279
20,DATA_20260315_070000.BIN,23.8970,38.2281,32.2365,38.2281,2.5520,1,10.359,27.782
21,DATA_20260315_070000.BIN,32.2365,44.4998,35.2878,44.4998,5.0270,1,4.804,13.802
22,DATA_20260315_070000.BIN,35.2878,44.4098,32.0012,44.4098,7.6890,1,10.625,12.413
23,DATA_20260315_070000.BIN,36.9586,41.1123,36.8670,41.1123,3.0360,1,12.588,17.589
24,DATA_20260315_070000.BIN,36.8670,42.2244,37.1385,42.2244,2.4970,1,11.751,12.030
25,DATA_20260315_070000.BIN,30.8973,43.1137,38.6361,43.1137,3.3660,1,10.085,19.559
26,DATA_20260315_070000.BIN,41.5192,45.7017,36.3690,45.7017,3.0250,1,14.140,14.248
27,DATA_20260315_070000.BIN,36.3690,42.9691,38.2770,42.9691,2.6730,1,8.027,8.470
28,DATA_20260315_070000.BIN,38.2770,44.2980,39.8855,44.2980,3.9930,1,7.804,8.610
29,DATA_20260315_070000.BIN,39.8855,45.5882,39.7215,45.5882,6.8640,1,9.888,10.593
30,DATA_20260315_070000.BIN,39.7215,43.2575,38.5718,43.2575,2.0460,1,8.234,8.407
31,DATA_20260315_070000.BIN,38.5718,43.6829,39.2677,43.6829,7.3590,1,10.461,11.176
32,DATA_20260315_070000.BIN,41.3688,44.8934,31.2175,44.8934,5.9070,1,11.520,11.553
33,DATA_20260315_070000.BIN,31.2175,41.7100,36.7550,41.7100,1.8590,1,5.657,14.692
34,DATA_20260315_070000.BIN,42.2172,47.7930,37.5302,47.7930,1.9580,1,9.323,9.396
35,DATA_20260315_070000.BIN,37.5302,46.2509,41.1393,46.2509,5.3240,1,8.190,12.398
36,DATA_20260315_070000.BIN,41.1393,45.9460,41.1859,45.9460,6.1160,1,7.512,8.105
37,DATA_20260315_070000.BIN,40.8143,54.5579,46.1074,54.5579,4.5210,1,6.882,11.517
38,DATA_20260315_070000.BIN,52.7680,57.8072,36.6225,57.8072,2.5850,1,20.959,21.570
39,DATA_20260315_070000.BIN,36.6225,46.1512,34.3333,46.1512,2.4640,1,18.966,23.947
40,DATA_20260315_070000.BIN,34.3333,63.2091,42.0304,63.2091,5.5440,1,3.735,12.139
41,DATA_20260315_070000.BIN,3.7866,11.1296,4.3705,11.1296,6.5010,1,44.789,64.132
42,DATA_20260315_070000.BIN,3.1469,8.9524,4.6008,8.9524,3.2120,1,38.918,57.040
43,DATA_20260315_070000.BIN,4.6008,9.7917,2.3364,9.7917,7.5680,1,38.148,51.977
44,DATA_20260315_070000.BIN,2.4418,10.9466,3.8741,10.9466,3.7840,1,31.264,46.287
45,DATA_20260315_070000.BIN,5.1444,9.0587,4.7558,9.0587,3.6630,1,32.160,42.820
46,DATA_20260315_070000.BIN,4.7558,8.5970,0.9262,8.5970,9.2730,1,28.423,38.413
47,DATA_20260315_070000.BIN,1.5367,5.7399,2.1971,5.7399,6.5230,1,21.471,29.835
48,DATA_20260315_070000.BIN,2.1971,5.3031,2.1058,5.3031,3.8390,1,20.228,26.980
49,DATA_20260315_070000.BIN,2.1081,9.2862,4.4032,9.2862,4.4330,1,18.107,23.619
50,DATA_20260315_070000.BIN,5.1886,8.8288,4.8369,8.8288,2.8160,1,18.868,24.917
51,DATA_20260315_070000.BIN,2.9149,8.7945,4.8625,8.7945,7.9310,1,14.837,19.734
52,DATA_20260315_070000.BIN,5.1016,10.3915,5.3400,10.3915,8.5360,1,17.449,20.396
53,DATA_20260315_070000.BIN,2.3544,6.3492,2.8919,6.3492,7.1610,1,11.869,15.272
54,DATA_20260315_070000.BIN,6.3296,13.2182,9.5493,13.2182,3.9490,1,13.731,18.556
55,DATA_20260315_070000.BIN,8.2224,12.8564,4.1272,12.8564,5.9510,1,15.346,17.267
56,DATA_20260315_070000.BIN,1.6286,6.0393,2.4923,6.0393,5.5550,1,6.918,9.661
57,DATA_20260315_070000.BIN,2.1428,5.2904,1.0245,5.2904,7.1390,1,5.511,12.615
58,DATA_20260315_070000.BIN,0.5786,4.2304,0.2844,4.2304,9.7350,1,4.483,9.120
59,DATA_20260315_070000.BIN,0.7795,5.0456,0.9863,5.0456,2.1340,1,4.151,8.216
60,DATA_20260315_070000.BIN,1.6446,5.3848,1.6183,5.3848,9.1410,1,5.226,8.825
61,DATA_20260315_070000.BIN,1.6183,10.1398,6.3513,10.1398,9.0310,1,4.124,6.862
62,DATA_20260315_070000.BIN,0.7874,7.6414,1.6209,7.6414,7.9970,1,3.336,4.986
63,DATA_20260315_070000.BIN,1.6209,6.7258,2.1151,6.7258,6.3690,1,0.650,5.277
64,DATA_20260315_070000.BIN,0.7194,4.6633,0.3267,4.6633,4.7410,1,1.616,4.242
65,DATA_20260315_070000.BIN,0.3554,6.3647,0.8776,6.3647,5.0930,1,1.815,3.768
66,DATA_20260315_070000.BIN,3.1783,18.3407,8.8179,18.3407,6.2590,1,3.624,3.816
67,DATA_20260315_070000.BIN,8.8179,21.3625,3.0379,21.3625,4.7080,1,11.934,15.318
68,DATA_20260315_070000.BIN,3.0379,7.6261,2.8813,7.6261,2.5850,1,2.662,8.660
69,DATA_20260315_070000.BIN,0.4557,6.8003,1.6014,6.8003,4.5100,1,2.374,3.949
70,DATA_20260315_070000.BIN,1.6014,7.5075,3.0283,7.5075,2.3650,1,3.663,5.080
71,DATA_20260315_070000.BIN,3.0283,7.3954,1.9708,7.3954,2.0570,1,5.031,6.556
72,DATA_20260315_070000.BIN,1.9708,12.3319,1.2647,12.3319,2.8710,1,4.073,4.338
73,DATA_20260315_070000.BIN,0.7117,4.1948,0.5160,4.1948,5.5110,1,1.959,3.186
74,DATA_20260315_070000.BIN,0.6209,5.7455,0.2152,5.7455,4.3670,1,1.587,3.218
75,DATA_20260315_070000.BIN,0.2152,5.2659,0.0317,5.2659,4.8620,1,0.777,1.276
76,DATA_20260315_070000.BIN,2.2009,5.1223,1.5821,5.1223,3.6080,1,3.444,3.514
77,DATA_20260315_070000.BIN,1.5821,8.1164,1.7551,8.1164,7.3260,1,3.068,4.916
78,DATA_20260315_070000.BIN,1.7551,5.1336,1.3572,5.1336,8.5360,1,1.883,2.785
79,DATA_20260315_070000.BIN,1.3572,6.1739,1.9229,6.1739,6.0500,1,2.277,2.310
80,DATA_20260315_070000.BIN,1.7666,6.1565,2.7041,6.1565,7.7660,1,2.267,2.294
81,DATA_20260315_070000.BIN,2.7041,6.7605,0.6916,6.7605,7.3150,1,3.618,3.663
82,DATA_20260315_070000.BIN,1.6537,15.7966,9.6811,15.7966,2.2000,1,2.401,2.406
83,DATA_20260315_070000.BIN,9.6811,15.6604,6.3492,15.6604,3.3770,1,8.751,12.806
84,DATA_20260315_080000.BIN,5.8484,9.9919,0.4599,9.9919,4.3560,1,16.370,20.157
85,DATA_20260315_080000.BIN,0.4599,2.7717,0.4750,2.7717,4.7190,1,12.102,15.107
86,DATA_20260315_080000.BIN,1.3323,3.8805,0.5626,3.8805,8.2720,1,9.955,13.419
87,DATA_20260315_080000.BIN,0.5626,3.3716,1.1638,3.3716,4.8730,1,9.765,12.127
88,DATA_20260315_080000.BIN,0.1424,3.1745,0.5408,3.1745,3.6190,1,9.560,11.935
89,DATA_20260315_080000.BIN,0.5408,7.8179,5.2807,7.8179,6.5230,1,7.919,11.821
90,DATA_20260315_080000.BIN,1.4379,3.4067,1.3166,3.4067,5.1590,1,6.007,6.360
91,DATA_20260315_080000.BIN,1.2827,3.3412,1.1810,3.3412,6.3800,1,6.150,9.414
92,DATA_20260315_080000.BIN,0.8288,3.1201,0.3671,3.1201,5.8960,1,7.101,14.042
93,DATA_20260315_080000.BIN,0.1437,2.7187,0.2761,2.7187,1.8370,1,5.857,7.786
94,DATA_20260315_080000.BIN,0.2761,4.3337,1.3796,4.3337,6.0830,1,5.510,7.791
95,DATA_20260315_080000.BIN,3.0124,7.5867,0.8187,7.5867,2.0130,1,1.441,3.623
96,DATA_20260315_080000.BIN,0.8187,9.4319,2.7373,9.4319,7.2490,1,5.149,5.269
97,DATA_20260315_080000.BIN,0.8754,4.2782,0.3841,4.2782,3.7510,1,3.405,3.450
98,DATA_20260315_080000.BIN,0.3841,3.4723,0.5453,3.4723,6.4350,1,4.145,4.881
99,DATA_20260315_080000.BIN,0.6149,2.9338,0.1935,2.9338,3.9820,1,3.980,3.981
100,DATA_20260315_080000.BIN,0.1935,2.8086,0.7460,2.8086,2.1670,1,2.910,4.267
101,DATA_20260315_080000.BIN,0.2902,5.0079,0.9245,5.0079,3.0910,1,2.756,2.768
102,DATA_20260315_080000.BIN,0.9245,3.4147,0.0607,3.4147,5.4340,1,3.356,3.705
103,DATA_20260315_080000.BIN,0.0607,2.4965,0.2659,2.4965,3.1460,1,2.081,3.965
104,DATA_20260315_080000.BIN,0.2659,2.7547,0.6587,2.7547,2.8820,1,2.081,5.432
105,DATA_20260315_080000.BIN,0.6587,4.2774,1.0959,4.2774,2.2990,1,1.621,3.182
106,DATA_20260315_080000.BIN,1.1506,4.9316,1.8073,4.9316,1.8260,1,1.353,1.881
107,DATA_20260315_080000.BIN,1.8073,3.9491,1.7928,3.9491,2.0020,1,2.604,4.465
108,DATA_20260315_080000.BIN,1.0796,5.5066,1.9035,5.5066,7.4580,1,1.971,3.873
109,DATA_20260315_080000.BIN,1.4199,3.9720,0.9287,3.9720,3.5420,1,0.879,0.963
110,DATA_20260315_080000.BIN,0.3889,11.2186,2.6670,11.2186,6.6000,1,1.098,1.125
111,DATA_20260315_080000.BIN,0.3327,2.9921,0.8886,2.9921,5.1590,1,0.835,2.297
112,DATA_20260315_080000.BIN,0.8886,3.0461,0.3379,3.0461,2.7060,1,2.004,2.069
113,DATA_20260315_080000.BIN,0.8418,5.0778,0.7089,5.0778,5.9290,1,0.632,0.725
114,DATA_20260315_080000.BIN,0.7089,7.5110,0.6672,7.5110,5.5110,1,1.359,1.758
115,DATA_20260315_080000.BIN,1.1092,6.5857,0.3222,6.5857,5.1810,1,0.717,0.717
116,DATA_20260315_080000.BIN,2.9585,6.6414,1.6564,6.6414,5.6320,1,2.656,2.995
117,DATA_20260315_080000.BIN,0.3568,4.7331,0.9749,4.7331,4.7630,1,1.102,2.839
118,DATA_20260315_080000.BIN,0.9749,4.0101,0.6000,4.0101,3.5750,1,1.108,2.278
119,DATA_20260315_080000.BIN,0.6000,4.3058,0.6659,4.3058,6.0830,1,0.401,0.437
120,DATA_20260315_080000.BIN,0.6659,3.5205,0.1402,3.5205,3.3880,1,0.662,0.663
121,DATA_20260315_080000.BIN,0.1402,5.2172,2.8852,5.2172,6.4570,1,0.654,1.461
122,DATA_20260315_080000.BIN,2.8852,7.1973,4.1809,7.1973,4.8620,1,3.196,3.460
123,DATA_20260315_080000.BIN,4.1809,6.4815,3.3481,6.4815,1.8700,1,3.629,4.299
124,DATA_20260315_080000.BIN,3.1930,6.6472,3.7555,6.6472,1.7820,1,2.620,2.772
125,DATA_20260315_080000.BIN,1.9927,5.3170,2.0697,5.3170,1.3090,1,1.209,1.397
126,DATA_20260315_080000.BIN,3.8596,7.8867,5.3998,7.8867,1.9800,1,3.158,3.158
127,DATA_20260315_080000.BIN,2.3863,4.9926,0.5451,4.9926,3.5200,1,3.578,4.023
128,DATA_20260315_080000.BIN,0.9849,8.4905,2.2083,8.4905,3.2670,1,2.677,3.434
129,DATA_20260315_080000.BIN,2.3927,9.3839,1.5093,9.3839,2.2000,1,1.498,4.335
130,DATA_20260315_080000.BIN,0.4339,4.1645,1.8355,4.1645,1.9250,1,1.372,2.699
131,DATA_20260315_080000.BIN,1.0271,3.2074,0.7405,3.2074,1.6280,1,1.222,1.224
132,DATA_20260315_080000.BIN,0.7405,5.4917,0.1596,5.4917,3.6080,1,1.848,2.272
133,DATA_20260315_080000.BIN,0.1596,5.4305,1.3539,5.4305,2.7060,1,1.200,1.263
134,DATA_20260315_080000.BIN,2.4761,11.1549,1.2190,11.1549,5.5000,1,2.030,2.032
135,DATA_20260315_080000.BIN,1.2190,4.1623,1.5225,4.1623,1.6170,1,0.473,0.915
136,DATA_20260315_080000.BIN,1.5225,4.2499,0.7698,4.2499,2.8930,1,0.716,1.616
137,DATA_20260315_080000.BIN,0.7698,4.2856,1.6407,4.2856,3.5530,1,0.721,0.759
138,DATA_20260315_080000.BIN,1.6407,3.8447,1.2396,3.8447,3.6080,1,1.105,1.326
139,DATA_20260315_080000.BIN,3.4840,6.0197,1.2750,6.0197,2.3870,1,2.968,4.169
140,DATA_20260315_080000.BIN,1.3326,9.4352,1.1834,9.4352,3.2120,1,2.508,2.632
141,DATA_20260315_080000.BIN,1.1834,5.3236,1.3633,5.3236,2.6950,1,1.759,2.579
142,DATA_20260315_080000.BIN,1.3633,4.0656,0.5481,4.0656,1.3640,1,1.536,1.711
143,DATA_20260315_080000.BIN,0.3013,7.9044,1.2958,7.9044,5.5330,1,1.485,1.639
144,DATA_20260315_080000.BIN,1.2958,6.4047,1.7415,6.4047,4.4110,1,0.556,1.079
145,DATA_20260315_080000.BIN,4.3771,7.5693,5.6664,7.5693,3.0360,1,5.124,6.441
146,DATA_20260315_080000.BIN,1.6191,10.5268,7.1226,10.5268,2.5850,1,3.277,3.346
147,DATA_20260315_080000.BIN,12.3667,18.5305,1.1537,18.5305,6.6770,1,16.353,16.630
148,DATA_20260315_080000.BIN,1.1537,4.4345,2.7645,4.4345,2.7500,1,4.182,7.245
149,DATA_20260315_080000.BIN,2.7645,6.0902,0.3406,6.0902,5.7860,1,4.391,6.730
150,DATA_20260315_080000.BIN,0.3406,2.7324,0.3433,2.7324,1.7930,1,1.908,3.616
151,DATA_20260315_080000.BIN,0.3433,3.3017,0.6831,3.3017,1.3970,1,2.309,7.804
152,DATA_20260315_080000.BIN,0.6831,3.8077,1.4791,3.8077,1.8040,1,2.666,5.888
153,DATA_20260315_080000.BIN,1.4791,5.7207,1.8883,5.7207,5.2250,1,0.427,5.239
154,DATA_20260315_080000.BIN,1.8883,4.5033,2.0622,4.5033,3.8390,1,2.537,2.547
155,DATA_20260315_080000.BIN,2.0622,4.3245,0.5569,4.3245,2.0130,1,2.805,2.837
156,DATA_20260315_080000.BIN,0.5569,4.1377,0.3050,4.1377,1.3860,1,1.179,4.118
157,DATA_20260315_080000.BIN,1.9006,6.2259,2.5119,6.2259,5.1370,1,1.077,4.765
158,DATA_20260315_080000.BIN,2.5119,9.9629,2.0500,9.9629,5.3900,1,2.002,3.334
159,DATA_20260315_080000.BIN,2.0500,14.0340,1.1847,14.0340,4.3670,1,0.998,3.673
160,DATA_20260315_080000.BIN,1.1847,3.1667,1.2298,3.1667,2.9700,1,0.828,0.927
161,DATA_20260315_080000.BIN,0.4094,4.0206,1.2428,4.0206,4.5760,1,1.318,2.524
162,DATA_20260315_080000.BIN,1.2428,5.8539,1.8632,5.8539,5.1700,1,1.656,2.226
163,DATA_20260315_080000.BIN,1.8632,10.9229,3.0965,10.9229,5.9950,1,3.232,3.666
164,DATA_20260315_080000.BIN,3.0965,6.6527,2.8668,6.6527,2.7280,1,4.702,5.701
165,DATA_20260315_080000.BIN,0.2283,3.9838,0.4232,3.9838,1.8370,1,0.443,0.840
166,DATA_20260315_080000.BIN,0.4232,8.5171,1.4996,8.5171,4.6750,1,0.188,2.108
167,DATA_20260315_080000.BIN,1.5202,4.5580,0.9310,4.5580,5.7420,1,1.542,2.623
168,DATA_20260315_080000.BIN,0.9310,7.8967,1.1364,7.8967,1.9470,1,0.851,1.187
169,DATA_20260315_080000.BIN,1.1364,6.1614,1.8978,6.1614,4.6860,1,0.808,1.799
170,DATA_20260315_080000.BIN,1.8978,4.2969,1.0235,4.2969,2.8490,1,2.085,2.129
171,DATA_20260315_080000.BIN,1.0235,3.9582,0.0955,3.9582,2.8710,1,1.340,2.614
172,DATA_20260315_080000.BIN,0.0955,4.4087,0.3662,4.4087,4.1360,1,1.149,4.030
173,DATA_20260315_080000.BIN,0.3662,3.8466,1.6877,3.8466,1.9030,1,0.696,0.777
174,DATA_20260315_080000.BIN,1.6877,8.2888,0.3715,8.2888,5.2030,1,1.773,1.883
175,DATA_20260315_080000.BIN,0.3715,3.6540,1.0185,3.6540,2.2110,1,0.219,1.169
176,DATA_20260315_080000.BIN,0.6897,4.1214,0.8280,4.1214,2.3210,1,0.940,2.159
177,DATA_20260315_080000.BIN,0.8280,6.7044,0.6559,6.7044,5.6760,1,1.264,1.537
178,DATA_20260315_080000.BIN,0.6559,4.3470,0.5176,4.3470,3.0140,1,0.581,0.807
179,DATA_20260315_080000.BIN,0.4661,3.9069,1.3883,3.9069,4.0810,1,0.804,1.057
180,DATA_20260315_080000.BIN,1.3883,6.1434,2.3903,6.1434,5.6210,1,1.948,2.009
181,DATA_20260315_080000.BIN,0.8970,4.6662,0.4187,4.6662,3.2670,1,1.919,4.085
182,DATA_20260315_080000.BIN,0.4187,3.4313,0.3784,3.4313,1.5070,1,0.464,0.465
183,DATA_20260315_080000.BIN,4.2465,8.3287,0.3860,8.3287,2.9260,1,4.545,4.768
184,DATA_20260315_080000.BIN,0.3860,7.6726,1.1351,7.6726,3.4100,1,0.820,1.241
185,DATA_20260315_080000.BIN,1.7860,18.9673,4.6071,18.9673,6.3250,1,2.127,2.850
186,DATA_20260315_080000.BIN,4.6071,6.4700,3.7311,6.4700,2.9260,1,5.008,5.075
187,DATA_20260315_080000.BIN,0.8129,6.3058,3.7331,6.3058,5.5990,1,1.108,3.271
188,DATA_20260315_080000.BIN,3.7331,21.2660,11.8969,21.2660,7.4580,1,2.577,4.694
189,DATA_20260315_080000.BIN,11.8969,15.2299,11.0142,15.2299,1.3530,1,11.667,13.703
190,DATA_20260315_080000.BIN,11.0142,14.7867,6.5409,14.7867,6.6880,1,9.645,11.260
191,DATA_20260315_080000.BIN,6.5409,20.3979,7.7718,20.3979,5.4560,1,2.460,8.156
192,DATA_20260315_080000.BIN,7.7718,13.7428,7.4568,13.7428,5.0710,1,5.132,6.893
193,DATA_20260315_080000.BIN,7.4568,23.3386,11.4041,23.3386,5.4670,1,3.981,4.427
194,DATA_20260315_080000.BIN,7.4171,11.5919,2.8515,11.5919,3.6740,1,4.307,4.753
195,DATA_20260315_080000.BIN,8.4754,12.3709,2.3725,12.3709,1.9470,1,4.301,4.920
196,DATA_20260315_080000.BIN,2.3725,17.6615,5.2888,17.6615,4.0810,1,8.521,8.623
197,DATA_20260315_080000.BIN,5.2888,9.1688,5.9235,9.1688,6.8530,1,4.042,4.571
198,DATA_20260315_080000.BIN,7.9216,25.8225,21.9454,25.8225,9.7240,1,4.357,4.935
199,DATA_20260315_080000.BIN,21.7584,25.4686,15.3660,25.4686,3.3220,1,19.406,21.252
200,DATA_20260315_080000.BIN,15.3660,19.2208,8.9760,19.2208,7.1390,1,11.450,11.452
201,DATA_20260315_080000.BIN,8.9760,23.3335,21.0481,23.3335,3.9600,1,3.316,3.962
202,DATA_20260315_080000.BIN,12.9126,15.8896,12.6532,15.8896,1.7490,1,6.340,6.864
203,DATA_20260315_080000.BIN,12.6532,14.9572,12.0781,14.9572,5.3900,1,5.675,5.828
204,DATA_20260315_080000.BIN,9.3073,13.2367,9.8298,13.2367,1.2980,1,1.189,1.233
205,DATA_20260315_080000.BIN,9.8298,14.7569,9.2285,14.7569,1.6280,1,1.854,1.854
206,DATA_20260315_080000.BIN,9.2285,13.4032,7.1849,13.4032,2.8270,1,9.285,10.437
207,DATA_20260315_080000.BIN,7.1849,19.9497,17.0754,19.9497,9.4380,1,0.310,6.025
208,DATA_20260315_080000.BIN,8.6388,11.8089,8.7827,11.8089,1.5620,1,1.388,1.412
209,DATA_20260315_080000.BIN,8.7827,14.9148,10.7941,14.9148,4.4550,1,3.088,3.091
210,DATA_20260315_080000.BIN,5.2483,6.4986,1.8717,6.4986,3.0580,1,9.359,9.488
211,DATA_20260315_080000.BIN,1.8717,10.6739,4.5937,10.6739,4.3230,1,6.915,7.437
212,DATA_20260315_080000.BIN,4.5937,19.1301,7.7906,19.1301,4.0810,1,5.321,5.633
213,DATA_20260315_080000.BIN,7.7906,13.6130,1.2599,13.6130,4.4770,1,5.416,7.050
214,DATA_20260315_080000.BIN,1.2599,6.5333,2.1205,6.5333,3.7070,1,5.179,7.377
215,DATA_20260315_080000.BIN,2.1205,9.3291,1.7323,9.3291,4.1800,1,7.206,7.371
216,DATA_20260315_080000.BIN,1.7323,8.2407,4.2988,8.2407,1.7820,1,5.783,5.796
217,DATA_20260315_080000.BIN,4.2988,13.2402,3.0457,13.2402,5.5990,1,6.074,7.768
218,DATA_20260315_080000.BIN,3.0457,5.9778,1.8389,5.9778,1.4630,1,3.524,3.795
219,DATA_20260315_080000.BIN,1.8389,4.9974,2.1520,4.9974,1.9580,1,4.113,4.198
220,DATA_20260315_080000.BIN,2.1520,9.7059,5.7901,9.7059,2.7060,1,2.116,3.991
221,DATA_20260315_080000.BIN,5.7901,10.4691,7.5206,10.4691,3.5750,1,3.439,3.602
222,DATA_20260315_080000.BIN,7.5206,13.1154,4.5505,13.1154,5.6650,1,4.323,4.324
223,DATA_20260315_080000.BIN,4.5505,8.6982,4.4762,8.6982,3.3770,1,2.227,7.853
224,DATA_20260315_080000.BIN,4.4762,6.6655,4.0089,6.6655,3.1680,1,2.744,3.981
225,DATA_20260315_080000.BIN,4.0089,15.0234,5.5877,15.0234,4.1800,1,1.148,2.569
226,DATA_20260315_080000.BIN,5.5877,13.9892,5.9425,13.9892,4.0370,1,2.414,2.434
227,DATA_20260315_080000.BIN,5.9425,15.4277,3.0553,15.4277,4.4550,1,5.754,6.318
228,DATA_20260315_080000.BIN,3.0553,7.5679,3.0618,7.5679,2.5300,1,5.528,7.596
229,DATA_20260315_080000.BIN,3.0618,14.7291,5.3093,14.7291,4.5210,1,2.072,4.026
230,DATA_20260315_080000.BIN,1.8897,5.4554,2.4234,5.4554,4.1800,1,5.223,5.236
231,DATA_20260315_080000.BIN,2.4234,9.0407,7.3947,9.0407,5.0270,1,5.416,5.482
232,DATA_20260315_080000.BIN,7.3947,16.2907,6.1084,16.2907,7.6780,1,10.030,10.031
233,DATA_20260315_080000.BIN,6.1084,10.0594,0.3933,10.0594,6.5010,1,6.579,6.711
234,DATA_20260315_080000.BIN,0.3933,3.8945,0.3980,3.8945,3.5640,1,2.681,3.724
235,DATA_20260315_080000.BIN,0.3980,3.3471,0.4331,3.3471,3.6740,1,2.934,2.946
236,DATA_20260315_080000.BIN,0.4331,3.6457,1.2110,3.6457,1.5730,1,1.754,4.953
237,DATA_20260315_080000.BIN,3.4880,10.8661,0.1170,10.8661,3.0910,1,6.342,6.432
238,DATA_20260315_080000.BIN,0.1170,7.3682,4.8432,7.3682,5.9840,1,1.618,1.888
239,DATA_20260315_080000.BIN,0.5356,4.8550,1.5963,4.8550,2.8820,1,2.305,5.958
240,DATA_20260315_080000.BIN,0.5298,2.8138,0.5077,2.8138,3.0250,1,1.160,2.220
241,DATA_20260315_080000.BIN,0.5077,14.2028,1.7835,14.2028,6.3360,1,1.675,3.460
242,DATA_20260315_080000.BIN,1.7835,5.5325,2.8179,5.5325,1.2430,1,2.181,2.431
243,DATA_20260315_080000.BIN,2.8179,9.0005,2.4083,9.0005,2.7720,1,2.670,3.956
244,DATA_20260315_080000.BIN,2.1761,6.9491,1.6276,6.9491,5.2140,1,3.391,7.591
245,DATA_20260315_080000.BIN,1.6276,4.3511,0.3710,4.3511,2.2110,1,2.930,2.945
246,DATA_20260315_080000.BIN,3.2654,7.8598,5.4304,7.8598,2.3870,1,3.740,4.655
247,DATA_20260315_080000.BIN,5.4304,8.1733,3.4673,8.1733,1.8480,1,7.126,7.136
248,DATA_20260315_080000.BIN,1.2832,10.5155,8.2210,10.5155,5.6650,1,2.355,5.000
249,DATA_20260315_080000.BIN,8.2210,11.1949,5.0403,11.1949,8.3270,1,8.565,8.905
250,DATA_20260315_080000.BIN,5.0403,8.5425,2.3961,8.5425,8.6020,1,4.513,4.548
251,DATA_20260315_080000.BIN,2.3961,5.6709,2.8355,5.6709,3.3550,1,2.895,5.646
252,DATA_20260315_080000.BIN,2.8355,5.4972,3.2501,5.4972,5.6320,1,2.752,4.571
253,DATA_20260315_080000.BIN,3.2501,5.0877,2.5254,5.0877,2.9260,1,1.894,2.069
254,DATA_20260315_080000.BIN,2.5254,5.4185,0.9501,5.4185,2.9260,1,0.983,1.018
255,DATA_20260315_080000.BIN,1.6434,6.9233,0.4282,6.9233,4.1250,1,1.307,2.815
256,DATA_20260315_080000.BIN,3.4915,6.8122,3.9973,6.8122,2.2440,1,2.071,2.079
257,DATA_20260315_080000.BIN,3.9973,9.9612,2.6952,9.9612,4.0260,1,2.740,5.250
258,DATA_20260315_080000.BIN,3.7656,5.8973,3.1513,5.8973,1.6720,1,1.637,3.310
259,DATA_20260315_080000.BIN,3.1513,5.1103,2.9136,5.1103,1.2320,1,1.378,1.401
260,DATA_20260315_080000.BIN,2.8749,5.4437,0.2722,5.4437,2.8820,1,1.565,2.070
261,DATA_20260315_080000.BIN,1.4727,7.4194,3.5418,7.4194,1.7270,1,4.195,4.300
262,DATA_20260315_080000.BIN,3.5418,8.2572,2.7904,8.2572,5.4120,1,6.178,6.187
263,DATA_20260315_080000.BIN,2.7904,5.8933,3.4724,5.8933,4.2240,1,3.819,3.831
264,DATA_20260315_080000.BIN,3.4724,6.7241,0.7979,6.7241,5.3020,1,2.550,2.947
265,DATA_20260315_080000.BIN,0.7979,7.0705,1.0223,7.0705,6.6880,1,2.974,3.890
266,DATA_20260315_090000.BIN,2.0474,5.2509,2.0921,5.2509,4.1690,1,0.825,3.196
267,DATA_20260315_090000.BIN,2.3645,5.6392,1.8554,5.6392,3.5420,1,1.135,2.306
268,DATA_20260315_090000.BIN,1.8554,6.2063,2.3295,6.2063,1.8480,1,3.026,3.117
269,DATA_20260315_090000.BIN,2.2886,7.9317,0.3781,7.9317,2.6290,1,0.571,3.352
270,DATA_20260315_090000.BIN,0.3781,5.9456,1.2371,5.9456,2.4530,1,2.193,2.753
271,DATA_20260315_090000.BIN,1.2371,6.1157,2.7806,6.1157,2.4420,1,1.797,3.372
272,DATA_20260315_090000.BIN,2.7806,5.7271,1.4587,5.7271,2.0350,1,2.655,2.660
273,DATA_20260315_090000.BIN,3.7324,8.0120,5.5414,8.0120,5.1150,1,3.111,3.779
274,DATA_20260315_090000.BIN,5.5414,7.7792,2.3337,7.7792,2.4860,1,5.935,6.238
275,DATA_20260315_090000.BIN,1.0493,5.5215,1.3556,5.5215,2.5190,1,1.716,2.282
276,DATA_20260315_090000.BIN,1.3556,4.2404,0.8446,4.2404,3.2010,1,2.465,2.897
277,DATA_20260315_090000.BIN,1.8482,4.1752,0.3318,4.1752,1.9250,1,1.046,2.400
278,DATA_20260315_090000.BIN,0.3318,4.6060,0.4571,4.6060,1.8810,1,2.106,3.664
279,DATA_20260315_090000.BIN,0.4571,4.4046,0.3644,4.4046,1.4410,1,1.410,1.516
280,DATA_20260315_090000.BIN,0.3644,4.8803,1.4890,4.8803,5.3900,1,2.042,2.314
281,DATA_20260315_090000.BIN,1.3374,3.8623,0.1954,3.8623,1.5730,1,3.064,3.203
282,DATA_20260315_090000.BIN,0.1954,4.0919,0.1002,4.0919,1.8920,1,1.180,2.289
283,DATA_20260315_090000.BIN,0.1002,3.4048,0.3761,3.4048,2.5630,1,1.112,3.666
284,DATA_20260315_090000.BIN,0.6668,3.1008,0.5513,3.1008,4.0700,1,0.298,1.579
285,DATA_20260315_090000.BIN,0.3798,2.8339,0.5691,2.8339,2.0570,1,0.853,3.676
286,DATA_20260315_090000.BIN,0.5691,6.5162,3.8889,6.5162,4.5320,1,1.156,1.366
287,DATA_20260315_090000.BIN,3.8889,10.1690,3.1892,10.1690,4.0150,1,4.018,4.181
288,DATA_20260315_090000.BIN,3.1892,10.6351,2.8751,10.6351,7.0730,1,2.671,2.834
289,DATA_20260315_090000.BIN,1.9065,4.6175,1.7622,4.6175,1.5070,1,1.057,1.933
290,DATA_20260315_090000.BIN,1.7622,5.7043,0.3942,5.7043,2.0900,1,1.530,1.898
291,DATA_20260315_090000.BIN,1.2381,6.3857,1.0264,6.3857,9.0310,1,1.102,5.232
292,DATA_20260315_090000.BIN,1.0264,4.5884,1.6555,4.5884,1.7160,1,0.241,2.463
293,DATA_20260315_090000.BIN,0.6384,3.9730,1.3548,3.9730,1.2540,1,2.041,2.043
294,DATA_20260315_090000.BIN,1.3548,4.5340,0.3827,4.5340,3.0910,1,1.278,1.650
295,DATA_20260315_090000.BIN,0.3827,6.0407,1.2290,6.0407,3.8500,1,0.702,0.791
296,DATA_20260315_090000.BIN,1.2290,13.5517,0.4828,13.5517,7.7000,1,1.013,1.927
297,DATA_20260315_090000.BIN,0.4828,2.9515,0.1793,2.9515,3.1570,1,0.511,1.094
298,DATA_20260315_090000.BIN,0.5488,3.7214,1.6488,3.7214,2.2990,1,0.846,1.252
299,DATA_20260315_090000.BIN,1.6488,4.2713,1.7109,4.2713,4.9940,1,2.545,2.551
300,DATA_20260315_090000.BIN,0.5002,4.3990,1.0149,4.3990,2.3760,1,0.672,3.811
301,DATA_20260315_090000.BIN,1.7542,4.1620,1.8495,4.1620,1.9470,1,1.503,2.945
302,DATA_20260315_090000.BIN,1.8495,4.7779,1.9359,4.7779,3.0250,1,1.363,3.147
303,DATA_20260315_090000.BIN,0.6672,3.4350,0.8260,3.4350,2.2880,1,1.231,3.290
304,DATA_20260315_090000.BIN,0.3583,3.6242,0.7719,3.6242,5.4010,1,1.191,2.682
305,DATA_20260315_090000.BIN,0.7719,6.7778,3.7057,6.7778,5.2580,1,0.343,1.538
306,DATA_20260315_090000.BIN,1.9010,4.8279,1.6594,4.8279,5.5660,1,2.120,5.497
307,DATA_20260315_090000.BIN,1.6594,4.4321,0.6374,4.4321,3.8170,1,1.177,1.186
308,DATA_20260315_090000.BIN,1.7236,3.9246,0.9171,3.9246,1.6720,1,1.816,2.537
309,DATA_20260315_090000.BIN,0.9171,3.7098,0.1968,3.7098,4.3010,1,0.876,0.877
310,DATA_20260315_090000.BIN,0.1968,5.5485,1.6434,5.5485,1.2540,1,0.730,2.339
311,DATA_20260315_090000.BIN,1.6434,3.6812,0.2296,3.6812,6.1160,1,2.706,3.141
312,DATA_20260315_090000.BIN,0.2296,3.5843,0.9318,3.5843,4.2570,1,0.683,1.400
313,DATA_20260315_090000.BIN,1.7146,4.6272,0.8988,4.6272,2.8270,1,2.200,2.308
314,DATA_20260315_090000.BIN,0.8988,5.5482,0.2091,5.5482,2.3100,1,1.401,1.517
315,DATA_20260315_090000.BIN,0.2091,4.2835,2.2016,4.2835,4.7520,1,0.360,3.144
316,DATA_20260315_090000.BIN,0.7273,5.5135,0.5683,5.5135,2.4420,1,0.811,1.265
317,DATA_20260315_090000.BIN,0.5683,5.4069,0.9047,5.4069,5.1590,1,0.693,2.513
318,DATA_20260315_090000.BIN,0.9047,6.1576,1.3390,6.1576,3.8500,1,0.933,3.273
319,DATA_20260315_090000.BIN,0.3719,4.2596,0.1641,4.2596,3.6080,1,0.347,0.910
320,DATA_20260315_090000.BIN,0.1641,4.8858,2.0341,4.8858,4.8950,1,0.233,6.724
321,DATA_20260315_090000.BIN,2.0341,12.9427,0.1619,12.9427,5.4120,1,2.488,2.963
322,DATA_20260315_090000.BIN,0.1619,11.1266,3.0255,11.1266,3.3110,1,0.467,5.330
323,DATA_20260315_090000.BIN,3.0255,8.2453,0.6061,8.2453,7.2160,1,3.400,4.005
324,DATA_20260315_090000.BIN,0.6061,6.8874,3.7777,6.8874,3.9160,1,1.095,2.332
325,DATA_20260315_090000.BIN,3.7777,6.0266,4.0185,6.0266,2.1890,1,4.002,4.081
326,DATA_20260315_090000.BIN,4.0185,6.5645,0.5041,6.5645,6.6550,1,3.905,3.905
327,DATA_20260315_090000.BIN,0.5041,3.3554,0.3210,3.3554,3.6630,1,1.636,1.657
328,DATA_20260315_090000.BIN,0.7678,9.4901,3.1553,9.4901,9.2510,1,1.431,1.446
329,DATA_20260315_090000.BIN,3.1553,7.2806,2.8077,7.2806,7.1500,1,2.849,3.484
330,DATA_20260315_090000.BIN,2.8077,6.6351,1.1431,6.6351,4.9170,1,2.111,2.963
331,DATA_20260315_090000.BIN,1.1431,8.2937,2.3171,8.2937,6.1490,1,0.666,2.946
332,DATA_20260315_090000.BIN,2.3171,4.3176,1.3867,4.3176,8.4920,1,1.628,1.701
333,DATA_20260315_090000.BIN,1.3867,8.6026,2.8308,8.6026,4.6530,1,0.475,0.562
334,DATA_20260315_090000.BIN,2.8308,7.4206,0.7241,7.4206,3.9270,1,1.868,1.870
335,DATA_20260315_090000.BIN,0.7241,5.5025,1.5351,5.5025,3.2780,1,1.145,3.072
336,DATA_20260315_090000.BIN,1.5351,6.0659,2.8128,6.0659,1.4740,1,2.786,2.992
337,DATA_20260315_090000.BIN,2.8128,7.3258,1.0029,7.3258,3.6300,1,3.127,4.401
338,DATA_20260315_090000.BIN,1.0029,4.1312,1.3307,4.1312,1.5840,1,2.067,2.067
339,DATA_20260315_090000.BIN,1.3307,5.7573,1.4646,5.7573,2.5080,1,1.892,2.019
340,DATA_20260315_090000.BIN,1.4646,5.0349,0.9739,5.0349,1.6610,1,2.137,2.700
341,DATA_20260315_090000.BIN,0.7890,5.1123,1.1683,5.1123,1.6830,1,1.461,1.467
342,DATA_20260315_090000.BIN,1.1683,5.1653,1.7255,5.1653,1.7380,1,1.648,1.712
343,DATA_20260315_090000.BIN,1.7255,3.8572,0.7193,3.8572,1.4520,1,1.605,1.690
344,DATA_20260315_090000.BIN,0.7635,4.1962,1.8185,4.1962,1.8040,1,1.622,2.014
345,DATA_20260315_090000.BIN,1.8185,4.7191,1.4313,4.7191,1.5290,1,1.494,1.615
346,DATA_20260315_090000.BIN,1.4313,4.3072,1.1712,4.3072,2.3540,1,0.825,1.194
347,DATA_20260315_090000.BIN,1.1712,3.3961,0.4726,3.3961,2.7500,1,0.354,1.771
348,DATA_20260315_090000.BIN,0.4726,5.8798,0.3111,5.8798,4.5760,1,0.568,1.853
349,DATA_20260315_090000.BIN,0.3111,4.9105,0.9472,4.9105,1.1660,1,0.946,3.363
350,DATA_20260315_090000.BIN,0.9472,5.9120,0.2610,5.9120,2.2550,1,1.238,2.103
351,DATA_20260315_090000.BIN,0.3961,2.6369,0.3813,2.6369,1.9580,1,0.431,0.846
352,DATA_20260315_090000.BIN,1.1774,7.5349,3.6479,7.5349,1.3090,1,1.606,1.672
353,DATA_20260315_090000.BIN,3.6479,7.0604,0.3678,7.0604,5.3680,1,4.183,4.189
354,DATA_20260315_090000.BIN,1.2071,3.7452,0.3261,3.7452,1.5400,1,1.332,1.954
355,DATA_20260315_090000.BIN,0.3261,4.0490,0.7122,4.0490,1.5180,1,1.148,1.520
356,DATA_20260315_090000.BIN,0.7122,4.5057,0.3304,4.5057,1.6060,1,1.483,1.941
357,DATA_20260315_090000.BIN,0.3304,3.3330,0.8995,3.3330,1.5840,1,0.474,0.842
358,DATA_20260315_090000.BIN,0.3040,4.2583,1.1451,4.2583,2.3320,1,0.144,1.376
359,DATA_20260315_090000.BIN,1.1451,6.2551,0.3944,6.2551,6.5010,1,1.434,3.036
360,DATA_20260315_090000.BIN,0.3944,4.2795,1.2356,4.2795,1.7930,1,0.341,0.922
361,DATA_20260315_090000.BIN,1.2356,5.4723,1.4999,5.4723,1.2650,1,1.177,1.298
362,DATA_20260315_090000.BIN,1.4999,5.3515,2.0625,5.3515,1.4740,1,1.391,1.830
363,DATA_20260315_090000.BIN,1.4340,5.4691,1.6560,5.4691,1.5950,1,1.083,1.830
364,DATA_20260315_090000.BIN,1.5514,3.6505,1.8095,3.6505,1.4520,1,1.188,1.960
365,DATA_20260315_090000.BIN,0.8959,3.1808,1.5152,3.1808,4.4440,1,0.630,1.111
366,DATA_20260315_090000.BIN,1.3541,3.9292,0.7249,3.9292,1.6610,1,1.034,1.419
367,DATA_20260315_090000.BIN,0.7249,4.4049,0.1572,4.4049,1.1990,1,0.579,1.280
368,DATA_20260315_090000.BIN,0.1572,19.7640,1.2866,19.7640,9.5810,1,1.010,1.066
369,DATA_20260315_090000.BIN,0.6997,9.7181,3.9856,9.7181,6.1490,1,1.506,2.094
370,DATA_20260315_090000.BIN,4.6787,7.7595,3.2700,7.7595,5.4230,1,5.998,6.525
371,DATA_20260315_090000.BIN,9.7326,16.1698,1.3624,16.1698,7.4580,1,11.242,11.642
372,DATA_20260315_090000.BIN,1.3624,6.1522,2.5086,6.1522,1.9030,1,0.633,4.502
373,DATA_20260315_090000.BIN,2.5086,7.1710,0.6488,7.1710,7.1390,1,3.355,3.827
374,DATA_20260315_090000.BIN,0.2786,4.9523,2.4923,4.9523,3.4980,1,0.594,1.444
375,DATA_20260315_090000.BIN,2.4923,6.0146,0.5340,6.0146,6.2370,1,2.806,5.449
376,DATA_20260315_090000.BIN,1.0273,4.6014,1.2318,4.6014,2.1450,1,1.501,2.172
377,DATA_20260315_090000.BIN,1.2318,4.4283,0.5054,4.4283,1.5840,1,2.200,2.284
378,DATA_20260315_090000.BIN,0.5054,4.0326,2.0849,4.0326,2.1670,1,0.945,2.101
379,DATA_20260315_090000.BIN,1.0513,5.4487,0.3565,5.4487,3.2010,1,1.576,1.585
380,DATA_20260315_090000.BIN,0.3565,5.5735,0.7643,5.5735,3.2120,1,0.723,1.637
381,DATA_20260315_090000.BIN,0.7643,2.7926,0.1002,2.7926,3.8280,1,0.484,0.509
382,DATA_20260315_090000.BIN,0.1002,6.3249,0.6942,6.3249,3.1350,1,0.231,2.420
383,DATA_20260315_090000.BIN,0.6942,3.6653,1.0075,3.6653,1.6390,1,0.640,1.151
384,DATA_20260315_090000.BIN,1.0075,3.7866,1.4895,3.7866,3.4540,1,0.704,0.952
385,DATA_20260315_090000.BIN,1.4895,4.0681,1.9505,4.0681,1.6500,1,1.467,1.889
386,DATA_20260315_090000.BIN,1.9505,4.5073,0.9808,4.5073,1.4960,1,2.069,2.153
387,DATA_20260315_090000.BIN,0.9808,4.1053,0.7116,4.1053,1.4630,1,0.743,0.771
388,DATA_20260315_090000.BIN,0.7116,3.8718,0.7109,3.8718,1.5070,1,0.281,0.282
389,DATA_20260315_090000.BIN,0.7109,3.1542,0.4117,3.1542,3.6410,1,0.210,0.424
390,DATA_20260315_090000.BIN,1.1410,3.0742,0.4407,3.0742,3.0690,1,0.650,0.862
391,DATA_20260315_090000.BIN,0.4407,3.1463,1.0209,3.1463,2.7610,1,0.943,0.948
392,DATA_20260315_090000.BIN,0.9610,3.0385,0.2259,3.0385,4.9060,1,1.135,2.273
393,DATA_20260315_090000.BIN,0.2259,4.9359,2.4252,4.9359,3.9380,1,0.968,2.158
394,DATA_20260315_090000.BIN,1.4295,4.3455,0.8806,4.3455,1.8260,1,2.149,4.353
395,DATA_20260315_090000.BIN,0.8806,3.0478,0.4316,3.0478,3.2560,1,0.582,0.877
396,DATA_20260315_090000.BIN,0.4316,4.9385,1.0255,4.9385,2.2990,1,1.017,2.444
397,DATA_20260315_090000.BIN,1.0753,4.8408,0.2316,4.8408,4.8620,1,1.082,1.715
398,DATA_20260315_090000.BIN,0.5223,4.6601,0.6484,4.6601,1.6280,1,0.518,1.505
399,DATA_20260315_090000.BIN,0.6484,5.8949,0.9507,5.8949,3.3550,1,0.285,1.539
400,DATA_20260315_090000.BIN,0.9507,3.3488,0.8685,3.3488,3.6740,1,1.156,2.429
401,DATA_20260315_090000.BIN,0.8685,4.0054,0.9026,4.0054,1.6060,1,0.570,0.834
402,DATA_20260315_090000.BIN,1.1154,3.8536,0.9022,3.8536,4.0040,1,0.774,2.948
403,DATA_20260315_090000.BIN,0.9022,3.5952,1.1918,3.5952,1.5840,1,0.756,1.255
404,DATA_20260315_090000.BIN,1.1918,7.8196,1.8222,7.8196,4.9830,1,1.137,2.077
405,DATA_20260315_090000.BIN,2.9539,8.8461,0.4437,8.8461,5.0050,1,3.901,4.231
406,DATA_20260315_090000.BIN,8.6555,10.9364,6.9700,10.9364,2.0130,1,10.110,10.668
407,DATA_20260315_090000.BIN,6.3085,8.5790,4.3575,8.5790,5.0050,1,7.005,7.599
408,DATA_20260315_090000.BIN,4.3575,7.2800,4.8199,7.2800,9.2510,1,4.355,5.704
409,DATA_20260315_090000.BIN,4.8199,8.7936,5.0743,8.7936,3.1020,1,4.437,5.097
410,DATA_20260315_090000.BIN,6.1091,10.1580,6.6649,10.1580,6.7320,1,5.330,6.067
411,DATA_20260315_100000.BIN,3.8224,5.9619,2.1468,5.9619,4.9060,1,3.223,3.224
412,DATA_20260315_100000.BIN,1.1601,5.9734,2.3268,5.9734,4.5430,1,3.358,4.319
413,DATA_20260315_100000.BIN,2.3672,5.6016,2.1306,5.6016,4.9940,1,3.475,3.475
414,DATA_20260315_100000.BIN,0.5603,6.9596,3.4757,6.9596,9.5810,1,2.130,2.255
415,DATA_20260315_100000.BIN,3.7684,5.7874,3.5237,5.7874,4.0700,1,4.937,4.967
416,DATA_20260315_100000.BIN,3.5237,7.1844,3.9587,7.1844,3.8500,1,3.802,3.803
417,DATA_20260315_100000.BIN,3.4089,6.6843,1.4258,6.6843,3.4320,1,2.203,2.299
418,DATA_20260315_100000.BIN,1.4258,5.1588,2.8553,5.1588,5.9510,1,2.304,2.420
419,DATA_20260315_100000.BIN,2.8553,5.6511,2.2350,5.6511,5.7530,1,2.905,2.906
420,DATA_20260315_100000.BIN,1.9155,4.4121,0.8969,4.4121,1.7710,1,2.230,2.315
421,DATA_20260315_100000.BIN,0.8969,4.1670,1.5975,4.1670,1.5070,1,0.834,1.419
422,DATA_20260315_100000.BIN,1.5975,4.0623,0.9638,4.0623,1.5070,1,1.359,1.515
423,DATA_20260315_100000.BIN,0.9638,5.3161,1.1019,5.3161,1.4850,1,0.356,1.113
424,DATA_20260315_100000.BIN,1.1448,5.0572,2.2286,5.0572,1.4080,1,2.333,2.428
425,DATA_20260315_100000.BIN,2.2286,5.7571,2.1283,5.7571,3.0250,1,2.232,2.240
426,DATA_20260315_100000.BIN,2.1283,4.3557,1.6177,4.3557,1.6720,1,2.038,2.107
427,DATA_20260315_100000.BIN,1.6177,4.7971,2.2379,4.7971,1.4410,1,0.613,1.045
428,DATA_20260315_100000.BIN,2.2379,5.8099,2.7413,5.8099,2.9920,1,1.189,1.707
429,DATA_20260315_100000.BIN,2.2219,4.6206,0.5809,4.6206,1.9030,1,2.606,2.721
430,DATA_20260315_100000.BIN,0.5809,6.5470,1.6099,6.5470,7.1170,1,1.381,2.221
431,DATA_20260315_100000.BIN,0.5124,2.7186,0.3652,2.7186,7.1500,1,1.813,2.517
432,DATA_20260315_100000.BIN,0.3652,2.9119,0.3590,2.9119,1.4630,1,1.512,1.528
433,DATA_20260315_100000.BIN,0.3590,7.4397,0.8484,7.4397,3.5640,1,1.384,1.681
434,DATA_20260315_100000.BIN,0.8484,4.5889,0.7989,4.5889,1.4740,1,0.661,2.688
435,DATA_20260315_100000.BIN,1.7555,8.3672,0.9539,8.3672,1.9910,1,1.710,3.727
436,DATA_20260315_100000.BIN,0.7670,3.6934,0.5297,3.6934,1.5950,1,0.723,0.999
437,DATA_20260315_100000.BIN,0.5297,6.3057,2.6112,6.3057,4.1580,1,0.739,0.952
438,DATA_20260315_100000.BIN,2.6112,7.1375,4.4122,7.1375,1.7930,1,3.089,3.091
439,DATA_20260315_100000.BIN,4.4122,14.1104,4.6920,14.1104,5.7090,1,5.297,5.673
440,DATA_20260315_100000.BIN,0.9875,20.3400,7.4265,20.3400,4.2350,1,0.745,8.246
441,DATA_20260315_100000.BIN,3.8340,6.4999,4.5517,6.4999,4.5540,1,3.770,6.321
442,DATA_20260315_100000.BIN,2.1415,4.2491,1.0230,4.2491,3.3880,1,1.708,2.811
443,DATA_20260315_100000.BIN,1.1330,4.7881,2.2162,4.7881,3.5970,1,1.179,2.174
444,DATA_20260315_100000.BIN,3.7875,14.6402,7.0199,14.6402,3.2340,1,4.571,4.575
445,DATA_20260315_100000.BIN,7.0199,14.5871,3.4098,14.5871,4.7960,1,7.709,7.992
446,DATA_20260315_100000.BIN,3.4098,7.3738,3.0581,7.3738,1.5620,1,2.602,3.643
447,DATA_20260315_100000.BIN,1.4550,8.0348,3.3969,8.0348,3.0360,1,3.305,3.364
448,DATA_20260315_100000.BIN,3.3969,6.7384,1.9949,6.7384,1.5950,1,4.414,7.151
449,DATA_20260315_100000.BIN,2.1738,8.2923,0.7684,8.2923,1.7600,1,2.917,5.283
450,DATA_20260315_100000.BIN,0.7684,4.7579,0.5356,4.7579,1.3200,1,0.540,4.706
451,DATA_20260315_100000.BIN,0.5356,4.3292,0.7028,4.3292,2.4090,1,1.332,4.135
452,DATA_20260315_100000.BIN,1.7883,5.1064,0.7102,5.1064,1.3640,1,2.588,3.273
453,DATA_20260315_100000.BIN,0.7102,8.7727,0.6777,8.7727,3.4980,1,1.277,1.814
454,DATA_20260315_100000.BIN,0.6777,5.6347,1.4275,5.6347,1.2980,1,0.585,0.658
455,DATA_20260315_100000.BIN,1.4275,3.8391,1.7302,3.8391,1.2210,1,2.160,2.389
456,DATA_20260315_100000.BIN,1.7302,4.3648,1.6981,4.3648,1.1110,1,2.273,2.506
457,DATA_20260315_100000.BIN,1.6981,6.4347,2.2713,6.4347,1.2760,1,2.070,2.152
458,DATA_20260315_100000.BIN,0.7174,4.6311,1.6092,4.6311,2.2990,1,0.830,0.833
459,DATA_20260315_100000.BIN,1.6092,3.9592,0.6034,3.9592,1.3200,1,1.870,1.953
460,DATA_20260315_100000.BIN,0.6034,4.0933,0.6532,4.0933,1.2320,1,0.466,1.358
461,DATA_20260315_100000.BIN,0.6532,4.5199,0.5600,4.5199,1.2870,1,0.401,1.081
462,DATA_20260315_100000.BIN,0.5600,3.9267,0.5562,3.9267,1.3750,1,0.296,1.589
463,DATA_20260315_100000.BIN,0.5562,3.0168,0.7888,3.0168,1.3640,1,0.528,1.017
464,DATA_20260315_100000.BIN,0.7888,7.3601,0.2626,7.3601,1.6500,1,1.186,1.299
465,DATA_20260315_100000.BIN,3.8120,12.1407,6.7920,12.1407,2.8820,1,4.575,5.089
466,DATA_20260315_100000.BIN,6.7920,11.1698,1.0887,11.1698,4.0480,1,7.720,7.722
467,DATA_20260315_100000.BIN,1.0887,12.9662,6.8644,12.9662,3.3990,1,1.972,2.290
468,DATA_20260315_100000.BIN,3.8666,7.1247,0.2270,7.1247,2.7390,1,3.745,4.914
469,DATA_20260315_100000.BIN,0.2270,4.9838,2.0542,4.9838,2.4090,1,1.068,1.279
470,DATA_20260315_100000.BIN,2.0542,6.0099,2.6190,6.0099,1.3200,1,1.691,1.807
471,DATA_20260315_100000.BIN,2.6190,9.0932,1.1797,9.0932,4.8180,1,1.813,1.867
472,DATA_20260315_100000.BIN,1.1797,5.3912,1.6440,5.3912,3.4650,1,1.702,2.307
473,DATA_20260315_100000.BIN,5.2127,9.7528,3.7000,9.7528,7.8870,1,5.580,6.663
474,DATA_20260315_100000.BIN,3.7000,6.5795,0.2042,6.5795,2.6510,1,3.030,4.773
475,DATA_20260315_100000.BIN,0.2042,6.5538,2.1309,6.5538,1.9800,1,1.406,2.147
476,DATA_20260315_100000.BIN,2.1309,5.7184,1.3231,5.7184,1.6720,1,3.201,3.639
477,DATA_20260315_100000.BIN,1.3231,4.7627,2.4342,4.7627,1.2430,1,0.150,1.459
478,DATA_20260315_100000.BIN,3.9526,6.5748,1.1148,6.5748,8.1840,1,3.272,3.784
479,DATA_20260315_100000.BIN,3.5811,6.9340,4.2637,6.9340,3.0690,1,2.878,3.225
480,DATA_20260315_100000.BIN,4.2637,9.7527,2.5734,9.7527,5.7860,1,3.177,3.185
481,DATA_20260315_100000.BIN,2.5734,12.6231,4.2032,12.6231,5.9290,1,2.599,2.770
482,DATA_20260315_100000.BIN,4.2032,11.1268,6.4576,11.1268,4.3780,1,2.779,3.578
483,DATA_20260315_100000.BIN,4.4497,6.8665,2.0477,6.8665,6.9960,1,2.742,3.027
484,DATA_20260315_100000.BIN,1.7555,3.7525,0.8037,3.7525,3.4100,1,2.565,3.302
485,DATA_20260315_100000.BIN,2.8647,6.6046,1.1298,6.6046,9.0750,1,1.259,1.259
486,DATA_20260315_100000.BIN,1.1298,3.4978,0.3865,3.4978,4.2130,1,1.463,1.830
487,DATA_20260315_100000.BIN,0.3865,3.5464,1.3850,3.5464,3.3550,1,2.877,3.016
488,DATA_20260315_100000.BIN,0.4470,3.9032,1.0219,3.9032,4.4220,1,1.656,2.546
489,DATA_20260315_100000.BIN,1.3738,4.8419,1.9309,4.8419,3.6300,1,2.167,4.583
490,DATA_20260315_100000.BIN,0.2226,4.7788,0.1514,4.7788,3.8060,1,2.204,3.000
491,DATA_20260315_100000.BIN,0.5069,4.5758,0.2823,4.5758,8.2170,1,2.243,2.367
492,DATA_20260315_100000.BIN,0.4668,4.4169,0.7067,4.4169,2.3650,1,1.830,2.280
493,DATA_20260315_100000.BIN,0.3450,8.2697,1.3534,8.2697,5.5770,1,1.521,1.583
494,DATA_20260315_100000.BIN,1.0341,2.8656,0.3895,2.8656,4.6420,1,0.590,2.330
495,DATA_20260315_100000.BIN,0.3895,4.7090,0.2058,4.7090,2.2000,1,0.940,2.396
496,DATA_20260315_100000.BIN,0.1254,7.1109,2.2086,7.1109,8.3490,1,1.169,4.438
497,DATA_20260315_100000.BIN,2.2086,4.6113,0.9380,4.6113,2.2550,1,2.172,5.457
498,DATA_20260315_100000.BIN,0.9380,3.8424,0.8393,3.8424,2.5740,1,0.347,3.246
499,DATA_20260315_100000.BIN,0.8393,4.6760,0.9537,4.6760,4.1250,1,0.163,2.821
500,DATA_20260315_100000.BIN,0.8554,4.4995,0.1202,4.4995,3.3440,1,1.954,2.195
501,DATA_20260315_100000.BIN,0.1202,2.5850,0.0501,2.5850,4.2460,1,0.450,3.665
502,DATA_20260315_100000.BIN,0.0501,4.8006,1.8506,4.8006,4.3560,1,0.900,3.892
503,DATA_20260315_100000.BIN,1.1171,3.9489,0.7560,3.9489,1.5620,1,1.227,3.326
504,DATA_20260315_100000.BIN,0.7560,5.8684,1.4160,5.8684,2.9370,1,0.445,3.266
505,DATA_20260315_100000.BIN,1.4160,8.9526,5.3497,8.9526,5.6210,1,1.193,1.298
506,DATA_20260315_100000.BIN,5.3497,13.5254,10.2744,13.5254,2.1780,1,5.650,6.142
507,DATA_20260315_100000.BIN,0.8775,3.0949,1.2132,3.0949,2.3430,1,1.656,3.445
508,DATA_20260315_100000.BIN,1.2132,5.0133,0.8337,5.0133,3.2010,1,1.421,1.934
509,DATA_20260315_100000.BIN,0.8337,3.7739,0.6897,3.7739,2.1560,1,1.974,2.680
510,DATA_20260315_100000.BIN,2.4354,9.3090,2.8831,9.3090,3.6520,1,2.540,7.224
511,DATA_20260315_100000.BIN,2.8831,6.5786,2.2665,6.5786,2.3650,1,2.552,2.668
512,DATA_20260315_100000.BIN,2.2665,5.8279,0.4947,5.8279,1.4190,1,1.807,6.501
513,DATA_20260315_100000.BIN,0.4947,6.1539,3.9800,6.1539,3.3000,1,1.322,5.747
514,DATA_20260315_100000.BIN,3.9800,7.0856,3.9765,7.0856,1.7050,1,4.560,7.502
515,DATA_20260315_100000.BIN,3.9765,10.4978,3.0694,10.4978,6.0830,1,4.044,7.072
516,DATA_20260315_100000.BIN,3.0694,5.8950,1.9225,5.8950,2.2110,1,2.335,6.578
517,DATA_20260315_110000.BIN,1.3958,4.6704,0.7751,4.6704,2.9920,1,2.492,2.553
518,DATA_20260315_110000.BIN,0.7751,3.1915,0.2619,3.1915,1.6060,1,0.914,1.652
519,DATA_20260315_110000.BIN,0.2619,8.5338,0.4200,8.5338,5.2470,1,1.072,1.099
520,DATA_20260315_110000.BIN,0.1557,3.3004,0.4059,3.3004,3.8720,1,1.006,5.093
521,DATA_20260315_110000.BIN,3.0027,5.0216,0.7780,5.0216,7.4580,1,3.773,6.445
522,DATA_20260315_110000.BIN,0.7780,6.1153,2.3723,6.1153,3.2120,1,0.125,1.313
523,DATA_20260315_110000.BIN,2.3723,6.7151,2.5479,6.7151,3.9380,1,2.245,2.866
524,DATA_20260315_110000.BIN,2.5479,4.6926,0.4135,4.6926,6.1050,1,2.042,2.331
525,DATA_20260315_110000.BIN,0.4135,4.6247,2.0633,4.6247,1.5730,1,1.167,3.284
526,DATA_20260315_110000.BIN,1.6988,9.7495,4.5520,9.7495,2.5080,1,0.904,1.025
527,DATA_20260315_110000.BIN,0.7358,4.0767,0.2581,4.0767,8.8110,1,0.532,1.283
528,DATA_20260315_110000.BIN,0.2581,6.9666,2.2525,6.9666,7.9860,1,1.032,2.526
529,DATA_20260315_110000.BIN,1.3146,3.6831,1.3676,3.6831,5.9620,1,1.024,2.192
530,DATA_20260315_110000.BIN,1.3676,3.5778,0.9476,3.5778,5.8520,1,1.398,3.419
531,DATA_20260315_110000.BIN,2.1409,6.6243,1.3138,6.6243,5.3020,1,1.614,1.693
532,DATA_20260315_110000.BIN,0.4292,2.7612,1.0479,2.7612,2.4090,1,1.487,1.487
533,DATA_20260315_110000.BIN,1.0479,3.3617,0.6345,3.3617,1.8040,1,0.702,0.715
534,DATA_20260315_110000.BIN,0.6345,4.1431,0.2335,4.1431,4.4660,1,1.492,2.283
535,DATA_20260315_110000.BIN,0.2335,6.3867,0.3108,6.3867,5.5770,1,1.133,1.286
536,DATA_20260315_110000.BIN,1.2877,4.1085,1.9693,4.1085,2.1010,1,1.045,4.755
537,DATA_20260315_110000.BIN,1.9693,6.5301,2.1682,6.5301,7.3810,1,1.819,4.168
538,DATA_20260315_110000.BIN,2.1682,4.0251,0.4306,4.0251,2.0460,1,3.060,3.073
539,DATA_20260315_110000.BIN,0.4306,6.6524,2.6953,6.6524,6.0500,1,1.185,1.266
540,DATA_20260315_110000.BIN,4.3729,6.7084,0.1058,6.7084,5.0270,1,5.063,5.920
541,DATA_20260315_110000.BIN,3.8678,7.0644,2.4913,7.0644,5.3680,1,4.151,4.184
542,DATA_20260315_110000.BIN,3.1143,9.2678,1.6415,9.2678,6.4020,1,2.642,2.655
543,DATA_20260315_110000.BIN,1.6415,4.1035,1.4353,4.1035,2.4530,1,0.878,2.676
544,DATA_20260315_110000.BIN,1.7223,4.2170,2.1337,4.2170,8.0630,1,1.295,2.213
545,DATA_20260315_110000.BIN,2.1337,4.6773,1.1725,4.6773,5.1150,1,3.029,3.998
546,DATA_20260315_110000.BIN,1.1725,3.0825,0.1422,3.0825,5.2580,1,1.225,1.616
547,DATA_20260315_110000.BIN,0.1422,7.1315,4.9513,7.1315,7.6010,1,1.043,1.785
548,DATA_20260315_110000.BIN,2.0772,6.4254,1.8459,6.4254,4.2460,1,1.970,2.872
549,DATA_20260315_110000.BIN,6.3174,10.2118,0.6600,10.2118,4.4880,1,7.708,7.709
550,DATA_20260315_110000.BIN,1.0182,4.4024,2.3928,4.4024,5.9400,1,2.156,3.009
551,DATA_20260315_110000.BIN,2.3928,4.8700,1.6317,4.8700,2.6840,1,3.044,3.470
552,DATA_20260315_110000.BIN,1.6317,4.6893,2.1250,4.6893,1.9360,1,1.480,2.318
553,DATA_20260315_110000.BIN,2.1250,6.3167,3.5441,6.3167,4.3120,1,1.758,1.763
554,DATA_20260315_110000.BIN,3.5441,6.0226,0.7583,6.0226,4.6530,1,3.803,3.878
555,DATA_20260315_110000.BIN,0.7583,5.6743,2.9252,5.6743,4.8180,1,1.903,2.085
556,DATA_20260315_110000.BIN,2.6920,7.2965,1.7519,7.2965,2.7060,1,2.295,2.868
557,DATA_20260315_110000.BIN,1.7519,7.3171,2.1892,7.3171,1.7820,1,1.971,4.310
558,DATA_20260315_110000.BIN,2.1892,5.9851,0.4481,5.9851,7.2380,1,3.364,7.752
559,DATA_20260315_110000.BIN,0.4481,2.9755,0.3607,2.9755,3.3770,1,0.398,1.010
560,DATA_20260315_110000.BIN,0.3607,3.7059,0.4475,3.7059,3.4540,1,0.411,0.450
561,DATA_20260315_110000.BIN,1.0419,4.0953,0.8545,4.0953,3.0470,1,1.294,2.934
562,DATA_20260315_110000.BIN,0.8545,5.1067,0.2119,5.1067,4.0370,1,1.115,1.198
563,DATA_20260315_110000.BIN,1.2753,4.5189,0.6716,4.5189,6.2040,1,2.621,2.894
564,DATA_20260315_110000.BIN,0.6716,8.6842,2.1229,8.6842,4.4110,1,1.046,2.856
565,DATA_20260315_110000.BIN,0.1134,3.4827,0.6349,3.4827,1.2870,1,0.341,1.085
566,DATA_20260315_110000.BIN,0.6349,3.0682,0.2902,3.0682,1.4190,1,0.540,1.573
567,DATA_20260315_110000.BIN,0.2902,2.9778,0.6842,2.9778,1.3310,1,0.267,0.542
568,DATA_20260315_110000.BIN,0.6842,3.1552,0.6821,3.1552,1.2980,1,0.549,1.487
569,DATA_20260315_110000.BIN,0.6821,3.6679,0.1980,3.6679,1.2540,1,0.548,1.415
570,DATA_20260315_110000.BIN,0.1980,5.0006,0.7386,5.0006,3.0470,1,0.497,0.908
571,DATA_20260315_110000.BIN,1.7126,7.1615,4.1684,7.1615,2.1120,1,2.003,2.072
572,DATA_20260315_110000.BIN,4.1684,8.9932,1.8244,8.9932,3.0360,1,4.903,5.651
573,DATA_20260315_110000.BIN,1.8244,5.4884,0.7165,5.4884,3.7070,1,1.737,4.414
574,DATA_20260315_110000.BIN,0.7165,6.8967,2.6323,6.8967,4.6750,1,1.483,1.728
575,DATA_20260315_110000.BIN,2.6323,6.9144,4.1347,6.9144,1.1110,1,3.456,3.577
576,DATA_20260315_110000.BIN,3.2833,7.5748,3.5688,7.5748,2.4640,1,3.675,3.675
577,DATA_20260315_110000.BIN,2.8635,6.6459,0.9450,6.6459,1.4850,1,2.906,3.077
578,DATA_20260315_110000.BIN,0.9450,5.7983,2.0102,5.7983,6.7980,1,0.399,2.046
579,DATA_20260315_110000.BIN,2.0102,4.9805,1.6877,4.9805,2.7830,1,1.614,2.701
580,DATA_20260315_110000.BIN,2.0437,7.0898,2.2849,7.0898,4.4550,1,1.432,2.239
581,DATA_20260315_110000.BIN,0.4275,4.0049,0.7520,4.0049,5.0050,1,1.224,1.832
582,DATA_20260315_110000.BIN,0.7520,4.5417,0.6035,4.5417,2.2990,1,1.396,2.386
583,DATA_20260315_110000.BIN,1.0195,6.3514,2.0655,6.3514,4.1250,1,1.879,1.945
584,DATA_20260315_110000.BIN,2.0655,6.5353,0.3536,6.5353,4.4440,1,2.996,4.515
585,DATA_20260315_110000.BIN,0.3536,8.9351,1.6693,8.9351,4.2240,1,0.082,0.139
586,DATA_20260315_110000.BIN,3.4112,6.6543,0.5214,6.6543,4.0700,1,4.027,4.051
587,DATA_20260315_110000.BIN,0.5214,6.5608,0.8874,6.5608,6.2040,1,0.243,0.246
588,DATA_20260315_110000.BIN,0.8874,6.6807,1.6536,6.6807,3.9380,1,0.852,1.484
589,DATA_20260315_110000.BIN,1.6536,3.7200,1.1326,3.7200,2.8380,1,2.294,3.184
590,DATA_20260315_110000.BIN,1.1326,5.2946,1.2184,5.2946,5.9620,1,1.543,2.453
591,DATA_20260315_110000.BIN,1.2184,7.0965,2.0534,7.0965,5.1810,1,1.398,2.848
592,DATA_20260315_110000.BIN,2.0534,7.1040,2.0758,7.1040,5.0710,1,2.479,4.825
593,DATA_20260315_110000.BIN,2.0758,6.3356,0.3692,6.3356,6.8090,1,2.243,7.488
594,DATA_20260315_110000.BIN,0.3692,7.2782,2.0806,7.2782,5.3020,1,0.848,5.650
595,DATA_20260315_110000.BIN,2.0806,5.3848,1.0273,5.3848,1.7160,1,2.670,6.958
596,DATA_20260315_110000.BIN,1.0273,5.7232,1.0699,5.7232,2.2110,1,1.268,6.105
597,DATA_20260315_110000.BIN,1.0699,6.7792,4.4941,6.7792,6.7430,1,1.342,3.519
598,DATA_20260315_110000.BIN,8.4004,12.4777,2.4240,12.4777,4.2680,1,9.476,9.822
599,DATA_20260315_110000.BIN,2.4240,6.7836,2.5547,6.7836,7.4030,1,1.537,5.005
600,DATA_20260315_110000.BIN,2.7032,6.2703,2.5384,6.2703,4.5430,1,2.092,2.457
601,DATA_20260315_110000.BIN,2.5384,5.8610,2.1609,5.8610,2.4750,1,1.556,3.889
602,DATA_20260315_110000.BIN,2.1609,4.8168,0.5537,4.8168,1.4520,1,1.553,3.343
603,DATA_20260315_110000.BIN,0.5537,13.4896,2.8542,13.4896,4.3780,1,1.073,1.222
604,DATA_20260315_110000.BIN,2.8542,6.1560,2.9699,6.1560,2.9260,1,2.762,5.524
605,DATA_20260315_110000.BIN,2.9699,6.4126,2.2859,6.4126,2.3870,1,2.164,4.286
606,DATA_20260315_110000.BIN,2.2859,7.5563,3.3003,7.5563,1.3200,1,0.899,1.441
607,DATA_20260315_110000.BIN,3.3003,6.7848,3.5829,6.7848,4.1910,1,4.211,4.247
608,DATA_20260315_110000.BIN,1.9024,5.3911,3.0095,5.3911,3.1680,1,2.519,2.534
609,DATA_20260315_110000.BIN,5.9679,14.6762,7.1921,14.6762,5.3350,1,6.139,6.931
610,DATA_20260315_110000.BIN,7.1921,10.3793,4.0657,10.3793,4.1690,1,6.496,6.695
611,DATA_20260315_110000.BIN,5.9322,9.5151,4.2018,9.5151,2.9480,1,4.864,5.009
612,DATA_20260315_110000.BIN,0.7921,7.3709,2.5897,7.3709,5.5330,1,1.979,2.274
613,DATA_20260315_110000.BIN,2.5897,8.3466,1.6718,8.3466,4.3670,1,0.683,2.589
614,DATA_20260315_110000.BIN,1.6718,7.7226,1.1661,7.7226,5.5990,1,1.974,2.176
615,DATA_20260315_110000.BIN,3.5736,10.7637,3.7312,10.7637,6.0060,1,3.148,4.386
616,DATA_20260315_110000.BIN,3.7312,10.8568,2.2004,10.8568,3.5200,1,1.836,4.906
617,DATA_20260315_110000.BIN,4.2036,6.9446,1.5286,6.9446,4.1910,1,5.126,5.361
618,DATA_20260315_110000.BIN,1.3390,6.0470,0.7674,6.0470,9.5700,1,2.726,2.908
619,DATA_20260315_110000.BIN,0.7674,5.3389,0.4994,5.3389,8.0850,1,1.854,1.931
620,DATA_20260315_110000.BIN,0.4994,6.7382,3.9975,6.7382,4.6090,1,1.627,1.716
621,DATA_20260315_110000.BIN,3.9975,6.2793,2.7089,6.2793,6.7100,1,3.277,3.777
622,DATA_20260315_110000.BIN,2.7089,7.4863,2.3963,7.4863,3.3990,1,3.411,5.546
623,DATA_20260315_110000.BIN,2.3963,5.5960,0.9606,5.5960,2.0350,1,0.654,0.899
624,DATA_20260315_110000.BIN,1.4383,8.3602,5.3523,8.3602,4.5430,1,1.433,1.560
625,DATA_20260315_110000.BIN,5.3523,9.7090,4.8299,9.7090,3.3110,1,4.510,4.819
626,DATA_20260315_110000.BIN,4.8299,7.0754,0.5275,7.0754,9.2510,1,3.165,3.735
627,DATA_20260315_110000.BIN,0.1472,2.7483,0.6747,2.7483,6.6220,1,2.569,2.602
628,DATA_20260315_110000.BIN,1.6970,7.8809,0.2953,7.8809,5.3130,1,4.376,4.382
629,DATA_20260315_110000.BIN,0.2953,4.9126,0.9800,4.9126,4.5650,1,2.246,2.447
630,DATA_20260315_110000.BIN,0.2790,3.0163,1.0252,3.0163,1.3310,1,1.581,1.653
631,DATA_20260315_110000.BIN,1.0252,2.8344,0.3827,2.8344,1.4850,1,0.691,1.056
632,DATA_20260315_110000.BIN,0.5135,3.6085,1.0471,3.6085,1.3860,1,1.036,1.063
633,DATA_20260315_110000.BIN,1.0471,3.5861,1.2518,3.5861,1.4410,1,1.966,2.103
634,DATA_20260315_110000.BIN,1.2518,3.8755,1.0681,3.8755,1.5840,1,1.899,1.937
635,DATA_20260315_110000.BIN,1.0681,5.9190,2.1984,5.9190,3.4430,1,1.572,1.867
636,DATA_20260315_110000.BIN,2.1984,4.9413,0.5775,4.9413,2.0020,1,1.493,1.527
637,DATA_20260315_110000.BIN,2.4365,4.2742,1.4316,4.2742,4.1910,1,1.526,2.565
638,DATA_20260315_110000.BIN,1.3425,6.4113,1.5132,6.4113,8.2940,1,0.139,0.723
639,DATA_20260315_110000.BIN,1.5132,7.7139,1.4706,7.7139,4.6090,1,0.751,1.601
640,DATA_20260315_110000.BIN,0.9948,8.2188,2.8707,8.2188,5.4670,1,1.692,2.144
641,DATA_20260315_110000.BIN,1.0024,4.2223,0.5259,4.2223,9.7020,1,1.279,1.457
642,DATA_20260315_110000.BIN,0.5259,3.4684,0.6903,3.4684,8.7340,1,0.857,1.090
643,DATA_20260315_110000.BIN,0.6903,3.4961,1.0316,3.4961,3.4210,1,0.906,1.007
644,DATA_20260315_110000.BIN,1.0316,4.5563,1.1608,4.5563,5.3680,1,1.461,2.306
645,DATA_20260315_110000.BIN,1.1608,6.1704,0.7689,6.1704,5.9510,1,0.294,2.604
646,DATA_20260315_110000.BIN,0.7689,3.9858,0.6526,3.9858,1.6280,1,1.928,2.051
647,DATA_20260315_110000.BIN,0.6958,3.7139,0.9369,3.7139,1.7380,1,0.896,1.062
648,DATA_20260315_110000.BIN,1.1116,3.4494,0.5887,3.4494,1.5510,1,0.437,1.745
649,DATA_20260315_110000.BIN,0.5887,6.5566,2.0345,6.5566,4.9720,1,0.312,1.171
650,DATA_20260315_110000.BIN,2.0345,5.3053,0.6907,5.3053,2.4640,1,1.691,2.340
651,DATA_20260315_110000.BIN,1.2799,4.3950,1.5250,4.3950,2.9920,1,2.709,3.155
652,DATA_20260315_110000.BIN,1.5250,5.5354,2.8657,5.5354,2.1450,1,1.521,1.562
653,DATA_20260315_110000.BIN,2.8657,5.2419,2.0330,5.2419,2.6070,1,3.711,6.170
654,DATA_20260315_110000.BIN,1.4646,4.3500,1.6730,4.3500,1.4410,1,1.952,4.678
655,DATA_20260315_110000.BIN,1.6730,5.9352,2.3315,5.9352,2.8710,1,1.988,3.605
656,DATA_20260315_110000.BIN,0.0646,7.9996,1.6931,7.9996,3.8830,1,0.240,3.486
657,DATA_20260315_110000.BIN,0.7594,8.1187,0.1361,8.1187,2.4310,1,1.034,1.757
658,DATA_20260315_110000.BIN,0.1361,3.8613,0.6620,3.8613,1.1110,1,0.637,0.720
659,DATA_20260315_110000.BIN,0.9559,5.1725,0.9505,5.1725,2.6620,1,1.086,1.853
660,DATA_20260315_110000.BIN,1.3030,5.9113,1.1421,5.9113,2.0350,1,1.330,2.448
661,DATA_20260315_110000.BIN,1.1421,8.3256,1.5032,8.3256,4.7850,1,1.370,4.913
662,DATA_20260315_110000.BIN,1.5032,4.7468,2.1751,4.7468,1.3860,1,1.563,1.626
663,DATA_20260315_110000.BIN,3.4117,6.7600,2.3855,6.7600,2.6180,1,3.860,3.882
664,DATA_20260315_110000.BIN,0.4458,3.8302,0.4047,3.8302,3.2670,1,1.095,1.542
665,DATA_20260315_110000.BIN,2.7824,7.3936,0.9254,7.3936,3.8060,1,2.684,3.350
666,DATA_20260315_110000.BIN,0.9254,6.9824,0.8601,6.9824,3.7510,1,1.859,3.805
667,DATA_20260315_110000.BIN,1.1346,4.7498,1.7588,4.7498,3.4210,1,1.622,1.916
668,DATA_20260315_110000.BIN,1.7588,4.5694,1.6302,4.5694,2.5190,1,1.457,5.268
669,DATA_20260315_110000.BIN,1.6302,3.3015,1.0821,3.3015,1.2980,1,1.319,3.950
670,DATA_20260315_110000.BIN,1.7561,5.7631,0.7645,5.7631,4.2570,1,1.221,4.021
671,DATA_20260315_110000.BIN,0.7645,4.5260,1.1874,4.5260,2.6400,1,0.582,0.765
672,DATA_20260315_110000.BIN,1.1874,4.7126,0.6534,4.7126,1.6610,1,0.564,1.999
673,DATA_20260315_110000.BIN,0.6534,2.8875,0.6306,2.8875,3.1570,1,1.194,2.787
674,DATA_20260315_110000.BIN,2.5790,5.4171,1.3403,5.4171,1.4190,1,2.068,3.346
675,DATA_20260315_110000.BIN,1.3403,5.8516,1.1087,5.8516,1.3970,1,0.598,2.011
676,DATA_20260315_110000.BIN,0.4210,4.0377,1.1577,4.0377,1.3970,1,0.998,1.685
677,DATA_20260315_110000.BIN,0.7697,3.6732,1.0843,3.6732,2.2550,1,1.272,1.575
678,DATA_20260315_110000.BIN,1.0843,4.2013,1.2141,4.2013,1.7050,1,1.731,2.526
679,DATA_20260315_110000.BIN,1.2141,5.3825,0.5295,5.3825,2.0680,1,0.705,2.278
680,DATA_20260315_110000.BIN,0.5295,6.3998,3.6617,6.3998,3.0250,1,0.599,0.683
681,DATA_20260315_110000.BIN,3.6617,12.0076,4.8386,12.0076,4.4440,1,3.365,6.487
682,DATA_20260315_110000.BIN,4.8386,8.5588,3.6858,8.5588,3.2780,1,4.615,4.701
683,DATA_20260315_110000.BIN,3.6858,7.7450,4.6180,7.7450,1.8040,1,3.364,3.463
684,DATA_20260315_110000.BIN,3.2997,6.7349,2.5634,6.7349,1.4190,1,2.143,3.089
685,DATA_20260315_110000.BIN,2.5634,4.9099,2.1359,4.9099,6.0830,1,1.526,2.389
686,DATA_20260315_110000.BIN,2.1359,8.6628,4.6274,8.6628,3.1570,1,1.288,3.301
687,DATA_20260315_110000.BIN,4.6274,8.0385,2.9008,8.0385,2.2550,1,6.897,7.157
688,DATA_20260315_110000.BIN,2.9008,16.6935,13.0718,16.6935,5.1700,1,4.304,4.331
689,DATA_20260315_110000.BIN,2.3416,7.8515,2.3338,7.8515,2.7170,1,1.802,1.877
690,DATA_20260315_110000.BIN,2.3338,7.6139,3.3640,7.6139,3.3000,1,1.964,2.275
691,DATA_20260315_110000.BIN,3.3640,6.3067,2.8676,6.3067,1.2870,1,2.626,2.946
692,DATA_20260315_110000.BIN,2.8676,7.5231,4.8328,7.5231,2.0020,1,2.435,2.467
693,DATA_20260315_110000.BIN,1.7445,8.6775,4.1091,8.6775,1.6500,1,2.368,4.761
694,DATA_20260315_110000.BIN,4.1091,8.5564,3.8987,8.5564,1.4300,1,3.150,3.822
695,DATA_20260315_110000.BIN,3.8987,13.3054,3.1926,13.3054,7.7220,1,3.195,3.280
696,DATA_20260315_110000.BIN,3.2001,8.4684,2.4607,8.4684,2.9920,1,2.158,2.423
697,DATA_20260315_110000.BIN,2.4607,5.2947,1.0710,5.2947,2.1780,1,1.940,5.227
698,DATA_20260315_110000.BIN,1.0710,4.3897,1.5350,4.3897,3.1680,1,2.542,4.880
699,DATA_20260315_110000.BIN,1.5350,4.7870,0.0993,4.7870,2.6620,1,0.216,1.238
700,DATA_20260315_110000.BIN,0.0993,3.9819,2.0120,3.9819,2.8490,1,1.779,6.668
701,DATA_20260315_110000.BIN,2.0120,6.6178,0.5579,6.6178,8.3380,1,1.309,1.385
702,DATA_20260315_110000.BIN,0.5579,2.9838,0.4421,2.9838,1.4520,1,1.194,3.278
703,DATA_20260315_110000.BIN,0.4421,3.8211,0.9196,3.8211,3.4870,1,1.748,3.338
704,DATA_20260315_110000.BIN,0.5712,9.5159,0.5040,9.5159,7.6230,1,1.175,2.351
705,DATA_20260315_110000.BIN,0.5040,4.5214,0.7042,4.5214,1.8370,1,1.870,5.998
706,DATA_20260315_110000.BIN,2.6114,5.9286,0.1577,5.9286,3.3990,1,1.869,2.639
707,DATA_20260315_110000.BIN,0.2030,3.2258,1.4424,3.2258,2.1560,1,1.570,3.844
708,DATA_20260315_110000.BIN,0.7299,4.9263,1.1813,4.9263,2.4420,1,1.998,3.605
709,DATA_20260315_110000.BIN,1.1813,6.8614,2.2555,6.8614,6.8860,1,1.432,1.591
710,DATA_20260315_110000.BIN,2.2555,5.8300,0.8362,5.8300,3.6850,1,3.194,8.764
711,DATA_20260315_110000.BIN,1.9627,4.6484,1.9705,4.6484,7.5130,1,2.254,2.351
712,DATA_20260315_110000.BIN,1.9705,9.6096,3.0579,9.6096,6.7100,1,1.559,3.513
713,DATA_20260315_110000.BIN,0.6906,5.0830,0.8565,5.0830,5.7860,1,0.374,2.010
714,DATA_20260315_110000.BIN,0.6630,3.3391,0.4597,3.3391,5.8520,1,1.606,1.858
715,DATA_20260315_110000.BIN,0.4597,6.0182,2.5630,6.0182,2.9150,1,0.148,0.245
716,DATA_20260315_110000.BIN,1.8443,4.6831,1.2676,4.6831,2.6730,1,2.558,4.318
717,DATA_20260315_110000.BIN,0.9849,3.0143,0.1883,3.0143,4.1690,1,1.556,1.935
718,DATA_20260315_110000.BIN,0.6598,5.0278,0.9326,5.0278,6.9630,1,1.035,3.778
719,DATA_20260315_110000.BIN,0.9326,5.0316,2.1190,5.0316,3.0580,1,1.309,3.120
720,DATA_20260315_110000.BIN,3.3384,7.3167,1.4422,7.3167,2.7720,1,3.915,4.752
721,DATA_20260315_110000.BIN,1.4422,6.6613,3.3533,6.6613,9.0200,1,1.945,2.119
722,DATA_20260315_110000.BIN,3.3533,9.9443,2.1301,9.9443,9.5260,1,3.725,3.896
723,DATA_20260315_110000.BIN,0.9407,4.2247,1.0948,4.2247,3.6190,1,1.327,1.618
724,DATA_20260315_110000.BIN,1.0948,12.7553,7.4206,12.7553,2.5410,1,0.885,1.251
725,DATA_20260315_110000.BIN,7.4206,13.1865,3.2383,13.1865,2.6290,1,8.131,8.445
726,DATA_20260315_110000.BIN,3.2383,9.2583,6.9151,9.2583,4.2350,1,3.174,3.813
727,DATA_20260315_110000.BIN,0.8055,4.2461,1.6825,4.2461,2.4310,1,1.132,1.457
728,DATA_20260315_110000.BIN,1.6825,4.6902,1.3144,4.6902,1.9580,1,0.947,0.963
729,DATA_20260315_110000.BIN,1.3144,6.8515,2.2079,6.8515,3.6850,1,0.328,0.353
730,DATA_20260315_110000.BIN,2.2079,7.0032,2.2048,7.0032,9.9000,1,1.706,2.775
731,DATA_20260315_110000.BIN,1.2391,8.2857,1.2789,8.2857,8.0850,1,1.168,2.250
732,DATA_20260315_110000.BIN,1.2789,4.6385,0.7636,4.6385,3.9270,1,0.845,1.945
733,DATA_20260315_110000.BIN,0.7636,5.8340,2.8454,5.8340,3.2560,1,1.739,2.632
734,DATA_20260315_110000.BIN,2.8454,5.5772,1.5883,5.5772,4.3560,1,2.279,4.053
735,DATA_20260315_110000.BIN,3.0359,7.5248,1.5785,7.5248,2.0350,1,2.024,4.562
736,DATA_20260315_110000.BIN,0.3872,4.9545,0.6416,4.9545,2.5080,1,1.642,2.663
737,DATA_20260315_110000.BIN,0.6416,6.0674,1.6959,6.0674,4.1250,1,0.977,1.162
738,DATA_20260315_110000.BIN,3.9403,6.0571,3.2278,6.0571,3.3660,1,3.660,3.817
739,DATA_20260315_110000.BIN,1.2646,3.2154,1.1987,3.2154,4.8730,1,0.928,2.136
740,DATA_20260315_110000.BIN,1.1987,4.1809,1.7670,4.1809,1.9250,1,1.101,1.904
741,DATA_20260315_110000.BIN,1.7670,4.9253,1.2639,4.9253,3.0580,1,1.488,2.376
742,DATA_20260315_110000.BIN,1.2639,6.6916,0.4333,6.6916,5.7860,1,0.987,3.922
743,DATA_20260315_110000.BIN,0.4333,6.7105,1.6682,6.7105,6.3360,1,1.170,2.083
744,DATA_20260315_110000.BIN,1.6682,8.2179,0.8772,8.2179,3.2010,1,1.991,1.995
745,DATA_20260315_110000.BIN,0.8772,3.8837,0.4006,3.8837,2.7060,1,0.518,4.696
746,DATA_20260315_110000.BIN,0.7962,5.0004,0.4651,5.0004,6.8970,1,2.073,6.059
747,DATA_20260315_110000.BIN,0.4651,3.2843,0.4778,3.2843,3.2890,1,0.595,4.168
748,DATA_20260315_110000.BIN,1.0420,3.5292,0.9244,3.5292,4.3450,1,0.377,1.166
749,DATA_20260315_110000.BIN,0.9244,3.2761,1.1883,3.2761,1.6610,1,0.660,0.712
750,DATA_20260315_110000.BIN,1.0506,5.5741,1.8216,5.5741,6.3030,1,1.903,2.137
751,DATA_20260315_110000.BIN,3.7189,6.8891,4.8457,6.8891,2.9260,1,4.105,4.235
752,DATA_20260315_110000.BIN,2.5699,6.1131,0.9679,6.1131,5.5000,1,2.193,4.572
753,DATA_20260315_110000.BIN,0.9679,3.8560,0.7411,3.8560,7.4030,1,2.138,3.591
754,DATA_20260315_110000.BIN,0.7411,6.5545,2.5078,6.5545,9.7680,1,1.770,1.782
755,DATA_20260315_110000.BIN,1.1058,5.6449,2.1946,5.6449,5.0600,1,1.696,2.192
756,DATA_20260315_110000.BIN,0.0451,4.0489,1.1506,4.0489,9.3280,1,0.702,2.599
757,DATA_20260315_110000.BIN,1.1506,8.4511,0.6079,8.4511,4.3890,1,1.805,4.553
758,DATA_20260315_110000.BIN,5.9673,11.4687,1.4379,11.4687,4.1030,1,6.815,11.011
759,DATA_20260315_110000.BIN,1.4379,9.4052,6.7111,9.4052,4.0040,1,0.866,8.224
760,DATA_20260315_110000.BIN,6.7111,17.6844,12.2548,17.6844,2.7940,1,7.314,11.043
761,DATA_20260315_110000.BIN,12.2548,17.0928,6.3478,17.0928,5.3900,1,12.997,13.374
762,DATA_20260315_110000.BIN,6.3478,10.2993,6.9019,10.2993,1.6280,1,4.997,6.170
763,DATA_20260315_110000.BIN,6.9019,11.2680,8.5486,11.2680,1.8150,1,5.177,7.166
764,DATA_20260315_110000.BIN,8.5486,16.1416,12.6175,16.1416,4.3230,1,6.405,7.318
765,DATA_20260315_110000.BIN,12.6175,15.1698,9.6921,15.1698,2.3210,1,11.819,12.375
766,DATA_20260315_110000.BIN,9.6995,13.4288,10.6056,13.4288,2.1780,1,6.391,7.131
767,DATA_20260315_110000.BIN,10.6056,13.7233,4.6998,13.7233,3.0580,1,7.019,7.226
768,DATA_20260315_110000.BIN,9.9113,13.2776,10.0735,13.2776,2.0350,1,5.249,9.023
769,DATA_20260315_110000.BIN,10.0735,14.7043,9.8607,14.7043,1.4850,1,5.059,6.875
770,DATA_20260315_110000.BIN,8.3275,14.6504,6.0836,14.6504,3.5750,1,2.736,4.304
771,DATA_20260315_110000.BIN,6.0836,11.6703,8.6468,11.6703,1.7270,1,0.590,4.266
772,DATA_20260315_110000.BIN,8.6468,12.0910,3.3645,12.0910,4.0150,1,2.874,3.228
773,DATA_20260315_110000.BIN,3.3645,12.1258,5.2001,12.1258,2.1120,1,6.822,7.441
774,DATA_20260315_110000.BIN,9.3957,12.5542,8.9276,12.5542,3.8170,1,4.128,6.021
775,DATA_20260315_110000.BIN,8.9276,11.9985,5.6840,11.9985,6.7540,1,4.720,5.020
776,DATA_20260315_110000.BIN,9.2623,12.7566,8.8860,12.7566,4.2020,1,3.237,4.457
777,DATA_20260315_110000.BIN,8.8860,17.4827,10.0229,17.4827,4.7850,1,2.846,6.304
778,DATA_20260315_110000.BIN,10.0229,13.3806,10.3837,13.3806,3.3990,1,4.253,5.262
779,DATA_20260315_110000.BIN,7.5287,10.1418,7.3514,10.1418,1.5510,1,0.278,1.736
780,DATA_20260315_110000.BIN,7.3514,11.2200,5.7635,11.2200,3.4650,1,0.673,5.067
781,DATA_20260315_110000.BIN,7.6972,10.2461,7.9908,10.2461,1.8260,1,2.190,2.576
782,DATA_20260315_110000.BIN,7.9908,10.5133,7.1294,10.5133,1.6280,1,2.184,2.786
783,DATA_20260315_110000.BIN,8.1400,11.8426,3.1636,11.8426,6.2810,1,0.898,2.684
784,DATA_20260315_110000.BIN,3.1636,7.8304,4.8472,7.8304,2.9150,1,4.909,6.382
785,DATA_20260315_110000.BIN,4.8472,8.4085,2.3804,8.4085,3.4100,1,2.978,3.743
786,DATA_20260315_110000.BIN,2.3804,12.1329,5.0078,12.1329,8.4810,1,6.601,8.705
787,DATA_20260315_110000.BIN,5.0078,13.2092,8.8705,13.2092,3.8060,1,8.254,9.238
788,DATA_20260315_110000.BIN,8.8705,13.4976,8.3583,13.4976,1.8260,1,3.562,3.915
789,DATA_20260315_110000.BIN,8.3583,12.8337,10.0557,12.8337,2.2660,1,2.577,5.784
790,DATA_20260315_110000.BIN,6.3911,10.5778,5.3312,10.5778,5.2360,1,0.160,3.532
791,DATA_20260315_110000.BIN,5.3312,12.5099,5.3900,12.5099,7.9640,1,1.262,3.599
792,DATA_20260315_110000.BIN,8.8269,11.5500,4.3603,11.5500,5.8410,1,3.698,4.151
793,DATA_20260315_110000.BIN,8.4002,13.3443,9.6551,13.3443,1.6610,1,3.641,4.638
794,DATA_20260315_110000.BIN,5.9967,17.7056,4.7199,17.7056,9.8890,1,0.774,3.740
795,DATA_20260315_110000.BIN,12.4846,15.8412,11.0850,15.8412,8.4260,1,7.081,8.320
796,DATA_20260315_110000.BIN,10.2913,13.8732,10.8094,13.8732,2.0570,1,3.785,4.533
797,DATA_20260315_110000.BIN,10.2174,14.1522,10.2381,14.1522,4.4550,1,3.247,3.566
798,DATA_20260315_110000.BIN,10.7828,14.9248,8.5598,14.9248,7.5570,1,3.608,3.616
799,DATA_20260315_110000.BIN,8.5598,17.5081,7.2721,17.5081,4.3120,1,4.831,5.468
800,DATA_20260315_110000.BIN,7.2721,12.4806,7.3862,12.4806,2.5410,1,1.893,4.621
801,DATA_20260315_110000.BIN,7.3862,15.5381,10.4903,15.5381,7.7770,1,5.164,5.751
802,DATA_20260315_120000.BIN,5.9851,16.1810,10.2998,16.1810,9.5150,1,8.318,8.850
803,DATA_20260315_120000.BIN,9.7392,21.7111,6.2436,21.7111,5.3460,1,1.713,2.598
804,DATA_20260315_120000.BIN,6.2436,19.4506,11.3403,19.4506,5.1810,1,7.899,7.936
805,DATA_20260315_120000.BIN,11.1111,19.7933,12.3835,19.7933,9.7460,1,2.547,3.243
806,DATA_20260315_120000.BIN,7.2308,16.5113,8.3687,16.5113,8.0080,1,4.038,6.488
807,DATA_20260315_120000.BIN,8.3687,17.4107,11.7074,17.4107,7.2930,1,2.174,4.944
808,DATA_20260315_120000.BIN,7.7115,13.0012,5.6161,13.0012,3.6960,1,12.764,14.837
809,DATA_20260315_120000.BIN,1.0153,14.9515,1.2331,14.9515,3.1680,1,9.930,9.930
810,DATA_20260315_120000.BIN,2.0882,11.6179,3.8363,11.6179,3.0360,1,9.863,11.110
811,DATA_20260315_120000.BIN,2.2383,14.6824,2.8485,14.6824,7.4140,1,6.627,12.208
812,DATA_20260315_120000.BIN,2.2454,11.9936,2.7729,11.9936,5.2360,1,6.880,12.645
813,DATA_20260315_120000.BIN,2.7729,8.2067,2.8675,8.2067,3.9600,1,4.958,11.545
814,DATA_20260315_120000.BIN,0.2727,6.8691,0.9907,6.8691,5.4010,1,7.379,8.228
815,DATA_20260315_120000.BIN,0.5285,12.6923,1.3787,12.6923,5.7750,1,6.886,8.951
816,DATA_20260315_120000.BIN,0.4039,6.8130,0.4991,6.8130,1.9360,1,5.815,7.935
817,DATA_20260315_120000.BIN,3.7744,14.9188,5.2174,14.9188,3.9490,1,5.516,8.472
818,DATA_20260315_120000.BIN,0.4360,9.6469,1.1774,9.6469,8.4370,1,4.486,10.396
819,DATA_20260315_120000.BIN,1.1774,7.6779,0.9547,7.6779,1.3200,1,3.064,5.683
820,DATA_20260315_120000.BIN,0.9547,7.4954,1.8038,7.4954,1.6500,1,4.398,5.865
821,DATA_20260315_120000.BIN,0.1542,6.4846,1.3173,6.4846,6.4460,1,3.601,9.233
822,DATA_20260315_120000.BIN,1.5534,9.0269,3.0694,9.0269,2.5190,1,4.652,4.660
823,DATA_20260315_120000.BIN,2.2166,11.0973,4.2441,11.0973,2.7390,1,5.248,5.268
824,DATA_20260315_120000.BIN,0.5531,12.9253,5.8892,12.9253,5.2800,1,2.625,11.026
825,DATA_20260315_120000.BIN,3.7463,11.1193,2.6813,11.1193,7.7880,1,6.503,6.735
826,DATA_20260315_120000.BIN,2.6813,11.9927,1.8114,11.9927,2.7390,1,4.549,4.608
827,DATA_20260315_120000.BIN,0.6473,18.5174,2.3912,18.5174,8.7340,1,0.696,5.510
828,DATA_20260315_120000.BIN,1.3621,16.0223,10.6475,16.0223,3.1350,1,1.900,15.083
829,DATA_20260315_120000.BIN,10.6475,17.6968,2.4094,17.6968,2.3980,1,13.231,25.798
830,DATA_20260315_120000.BIN,2.4094,12.2112,1.2676,12.2112,8.8110,1,3.655,8.004
831,DATA_20260315_120000.BIN,2.2790,8.0013,2.6237,8.0013,6.8640,1,4.429,4.431
832,DATA_20260315_120000.BIN,14.8878,18.7474,2.5851,18.7474,9.8340,1,20.023,20.427
833,DATA_20260315_120000.BIN,2.5851,11.5024,5.6885,11.5024,5.9950,1,1.840,4.052
834,DATA_20260315_120000.BIN,5.6885,10.9698,5.6968,10.9698,4.2570,1,4.080,9.060
835,DATA_20260315_120000.BIN,1.1328,13.5709,5.9146,13.5709,6.8750,1,4.416,7.462
836,DATA_20260315_120000.BIN,5.9146,15.9880,5.5796,15.9880,4.9610,1,5.869,6.103
837,DATA_20260315_120000.BIN,4.9438,17.4538,3.4342,17.4538,5.2360,1,4.573,6.242
838,DATA_20260315_120000.BIN,5.9141,18.6613,2.7758,18.6613,7.3700,1,5.258,6.265
839,DATA_20260315_120000.BIN,2.7758,9.4949,1.7289,9.4949,2.5300,1,9.331,18.184
840,DATA_20260315_120000.BIN,1.7289,11.9684,4.1027,11.9684,5.0270,1,7.149,16.123
841,DATA_20260315_120000.BIN,2.9405,19.2311,2.5379,19.2311,3.7840,1,2.069,3.130
842,DATA_20260315_120000.BIN,2.5379,13.5746,6.8112,13.5746,3.0470,1,7.074,12.804
843,DATA_20260315_120000.BIN,2.9696,11.4168,5.6370,11.4168,7.4360,1,2.013,5.409
844,DATA_20260315_120000.BIN,7.2325,13.7929,5.4857,13.7929,9.0640,1,7.509,8.451
845,DATA_20260315_120000.BIN,5.4857,17.1032,6.7434,17.1032,4.9610,1,4.191,4.281
846,DATA_20260315_120000.BIN,4.3276,13.6962,8.2692,13.6962,2.8380,1,2.575,3.923
847,DATA_20260315_120000.BIN,8.2692,17.5104,5.9420,17.5104,7.2270,1,7.556,8.207
848,DATA_20260315_120000.BIN,6.1766,11.9468,7.5009,11.9468,5.7090,1,4.583,4.791
849,DATA_20260315_120000.BIN,3.7512,12.4128,2.3522,12.4128,2.3760,1,8.344,13.101
850,DATA_20260315_120000.BIN,2.3522,9.1648,2.1623,9.1648,2.1120,1,2.085,4.868
851,DATA_20260315_120000.BIN,1.4012,17.6372,1.0345,17.6372,9.6470,1,3.405,6.666
852,DATA_20260315_120000.BIN,1.0345,10.5752,3.9652,10.5752,4.2570,1,4.361,5.178
853,DATA_20260315_120000.BIN,5.6434,11.0870,1.2647,11.0870,8.6460,1,4.172,4.172
854,DATA_20260315_120000.BIN,0.8794,9.5543,0.5332,9.5543,2.3980,1,2.096,2.449
855,DATA_20260315_120000.BIN,0.5332,9.6035,1.7445,9.6035,3.4980,1,2.748,3.294
856,DATA_20260315_120000.BIN,1.7445,11.3872,2.8058,11.3872,3.8720,1,2.852,10.268
857,DATA_20260315_120000.BIN,7.4412,13.2796,5.4675,13.2796,8.2060,1,7.060,7.554
858,DATA_20260315_120000.BIN,2.1296,11.5956,4.3892,11.5956,4.8510,1,0.817,1.784
859,DATA_20260315_120000.BIN,5.8791,17.0973,5.2988,17.0973,6.4460,1,4.341,11.232
860,DATA_20260315_120000.BIN,5.2988,13.5681,7.1814,13.5681,5.9290,1,4.949,11.650
861,DATA_20260315_120000.BIN,7.1814,17.2356,3.5169,17.2356,6.5340,1,3.723,12.087
862,DATA_20260315_120000.BIN,5.4442,16.5948,0.8236,16.5948,5.2140,1,3.553,5.165
863,DATA_20260315_120000.BIN,0.8236,16.7068,10.8563,16.7068,6.8530,1,4.910,5.212
864,DATA_20260315_120000.BIN,9.7492,25.9185,11.3974,25.9185,4.9500,1,9.093,9.772
865,DATA_20260315_120000.BIN,7.0135,13.8603,2.3062,13.8603,7.4470,1,4.748,4.776
866,DATA_20260315_120000.BIN,2.3062,12.1039,0.3433,12.1039,3.8940,1,2.368,3.484
867,DATA_20260315_130000.BIN,6.3968,14.1873,3.6363,14.1873,2.1560,1,7.045,7.077
868,DATA_20260315_130000.BIN,3.6363,13.8404,1.3008,13.8404,2.6070,1,10.967,16.168
869,DATA_20260315_130000.BIN,1.6980,14.6508,7.1026,14.6508,3.3880,1,14.360,14.942
870,DATA_20260315_130000.BIN,0.6652,9.9703,5.0923,9.9703,3.5420,1,12.158,12.638
871,DATA_20260315_130000.BIN,1.6862,11.2714,2.4899,11.2714,4.3120,1,8.594,16.005
872,DATA_20260315_130000.BIN,2.3110,26.8364,17.7639,26.8364,1.8260,1,12.090,15.785
873,DATA_20260315_130000.BIN,2.2056,10.5196,0.4872,10.5196,2.3430,1,6.436,15.251
874,DATA_20260315_130000.BIN,0.4872,13.9871,1.5144,13.9871,4.8730,1,8.772,17.605
875,DATA_20260315_130000.BIN,1.5144,10.6276,2.6599,10.6276,2.1340,1,8.692,13.745
876,DATA_20260315_130000.BIN,3.1381,12.5561,2.4671,12.5561,2.2550,1,2.648,10.929
877,DATA_20260315_130000.BIN,2.4671,14.7062,4.9898,14.7062,2.6400,1,7.578,24.007
878,DATA_20260315_130000.BIN,4.9898,32.2084,9.7136,32.2084,2.5630,1,2.764,17.179
879,DATA_20260315_130000.BIN,0.8708,12.5838,1.3858,12.5838,4.0260,1,4.400,9.341
880,DATA_20260315_130000.BIN,0.9159,10.0391,1.9023,10.0391,2.1450,1,6.527,6.773
881,DATA_20260315_130000.BIN,1.9023,12.0828,0.7816,12.0828,1.5950,1,4.815,4.890
882,DATA_20260315_130000.BIN,0.7816,13.0234,2.5396,13.0234,1.4850,1,4.859,4.911
883,DATA_20260315_130000.BIN,2.5396,7.5033,0.9992,7.5033,5.2800,1,0.869,3.119
884,DATA_20260315_130000.BIN,3.1969,14.0125,2.0904,14.0125,4.3890,1,1.964,3.490
885,DATA_20260315_130000.BIN,2.0904,5.6928,1.4528,5.6928,3.2670,1,4.092,7.001
886,DATA_20260315_130000.BIN,0.9751,9.0692,0.9684,9.0692,2.7170,1,4.024,6.441
887,DATA_20260315_130000.BIN,0.6587,6.0375,1.2713,6.0375,3.3880,1,2.195,2.442
888,DATA_20260315_130000.BIN,1.2713,7.1643,1.7465,7.1643,4.4330,1,4.126,7.633
889,DATA_20260315_130000.BIN,2.9071,24.7619,0.8216,24.7619,4.3230,1,1.362,6.842
890,DATA_20260315_130000.BIN,0.8216,15.7306,9.1739,15.7306,2.3980,1,3.616,5.942
891,DATA_20260315_130000.BIN,0.0627,21.0200,1.2512,21.0200,3.2890,1,2.299,5.445
892,DATA_20260315_130000.BIN,3.3186,14.5470,5.8116,14.5470,3.0470,1,4.268,4.703
893,DATA_20260315_130000.BIN,5.8116,13.2441,9.2676,13.2441,1.6170,1,6.015,6.038
894,DATA_20260315_130000.BIN,2.3583,19.6341,0.7675,19.6341,3.3880,1,4.819,4.824
895,DATA_20260315_130000.BIN,1.1887,35.2378,7.1146,35.2378,3.8940,1,2.346,10.894
896,DATA_20260315_130000.BIN,4.7032,34.2073,1.0924,34.2073,4.2900,1,5.350,5.425
897,DATA_20260315_130000.BIN,1.0924,6.2842,3.4132,6.2842,5.2800,1,0.107,8.801
898,DATA_20260315_130000.BIN,3.4132,18.7531,7.3693,18.7531,2.8050,1,4.196,4.540
899,DATA_20260315_130000.BIN,7.5374,11.6068,3.2023,11.6068,1.9690,1,8.534,9.557
900,DATA_20260315_130000.BIN,3.2023,23.5930,3.8768,23.5930,2.2330,1,2.848,3.109
901,DATA_20260315_130000.BIN,3.8768,8.2389,1.7723,8.2389,2.2000,1,4.227,5.544
902,DATA_20260315_130000.BIN,1.7723,9.9543,1.3336,9.9543,3.0030,1,1.482,5.149
903,DATA_20260315_130000.BIN,1.3336,14.9878,3.7481,14.9878,4.4220,1,0.882,3.109
904,DATA_20260315_130000.BIN,1.4707,7.2672,1.0337,7.2672,2.8490,1,1.508,3.320
905,DATA_20260315_130000.BIN,1.0337,12.9032,3.6794,12.9032,2.4750,1,1.260,5.724
906,DATA_20260315_130000.BIN,0.9506,18.4668,2.6884,18.4668,3.8830,1,2.124,2.132
907,DATA_20260315_130000.BIN,1.3036,8.0402,0.4133,8.0402,3.5310,1,1.641,1.852
908,DATA_20260315_130000.BIN,0.4133,5.6296,0.4240,5.6296,1.0450,1,1.673,3.118
909,DATA_20260315_130000.BIN,0.4240,15.4266,7.0959,15.4266,3.0140,1,2.017,5.640
910,DATA_20260315_130000.BIN,7.0959,13.8420,2.1253,13.8420,1.8260,1,8.562,17.307
911,DATA_20260315_130000.BIN,2.1253,11.3555,0.6238,11.3555,1.5180,1,2.297,2.822
912,DATA_20260315_130000.BIN,0.6238,6.1401,1.4851,6.1401,1.3200,1,1.029,2.871
913,DATA_20260315_130000.BIN,1.4851,6.0310,1.0490,6.0310,1.9580,1,2.804,5.282
914,DATA_20260315_130000.BIN,1.0490,5.3843,1.0774,5.3843,1.9360,1,2.246,2.291
915,DATA_20260315_130000.BIN,1.0774,16.4294,0.3763,16.4294,8.1510,1,2.204,2.236
916,DATA_20260315_130000.BIN,0.3763,15.4913,2.9736,15.4913,7.9970,1,1.471,3.148
917,DATA_20260315_130000.BIN,2.9736,7.3614,1.5285,7.3614,2.2440,1,4.214,4.284
918,DATA_20260315_130000.BIN,1.5285,5.0718,0.9202,5.0718,1.5400,1,1.986,2.420
919,DATA_20260315_130000.BIN,0.9202,5.7417,1.1267,5.7417,2.3210,1,1.744,4.154
920,DATA_20260315_130000.BIN,3.4739,7.6870,2.8740,7.6870,5.2360,1,2.558,7.598
921,DATA_20260315_130000.BIN,2.7897,7.8754,1.5032,7.8754,5.0270,1,3.382,3.453
922,DATA_20260315_130000.BIN,1.5032,6.1779,2.0996,6.1779,1.6390,1,0.682,6.599
923,DATA_20260315_130000.BIN,3.7249,36.9598,4.6212,36.9598,3.6300,1,4.255,4.446
924,DATA_20260315_130000.BIN,4.6212,20.3552,13.6733,20.3552,2.3980,1,6.093,6.136
925,DATA_20260315_130000.BIN,13.6733,20.0976,2.3402,20.0976,1.4410,1,14.993,15.920
926,DATA_20260315_140000.BIN,10.9181,33.8176,13.9279,33.8176,9.5590,1,14.067,22.544
927,DATA_20260315_140000.BIN,13.8885,36.3345,24.8638,36.3345,7.0620,1,16.013,34.174
928,DATA_20260315_140000.BIN,9.6348,31.6625,13.2455,31.6625,3.2450,1,9.350,23.647
929,DATA_20260315_140000.BIN,15.1975,28.0676,11.3296,28.0676,2.2990,1,5.328,14.556
930,DATA_20260315_140000.BIN,11.3296,21.1867,10.6890,21.1867,5.6430,1,9.578,41.867
931,DATA_20260315_140000.BIN,10.6890,19.9255,9.9690,19.9255,3.5750,1,11.365,22.079
932,DATA_20260315_140000.BIN,9.9690,20.9644,12.3503,20.9644,6.7540,1,12.509,31.537
933,DATA_20260315_140000.BIN,14.2701,34.2403,9.5996,34.2403,7.0400,1,8.225,19.396
934,DATA_20260315_140000.BIN,12.7081,28.9462,2.7170,28.9462,8.8000,1,13.541,19.870
935,DATA_20260315_140000.BIN,2.7170,10.9721,1.1665,10.9721,5.6980,1,10.723,23.712
936,DATA_20260315_140000.BIN,1.1665,14.8983,2.2985,14.8983,4.0260,1,11.069,17.305
937,DATA_20260315_140000.BIN,8.2827,23.6249,8.7916,23.6249,3.9710,1,11.761,17.365
938,DATA_20260315_140000.BIN,2.9365,20.8757,1.9641,20.8757,6.7650,1,6.946,10.946
939,DATA_20260315_140000.BIN,1.9641,13.9124,1.9657,13.9124,9.0640,1,7.045,14.654
940,DATA_20260315_140000.BIN,5.1104,19.9176,3.3131,19.9176,2.6290,1,2.471,12.801
941,DATA_20260315_140000.BIN,1.0889,12.3446,0.5343,12.3446,4.2570,1,9.081,9.081
942,DATA_20260315_140000.BIN,5.2764,19.9344,2.9834,19.9344,4.5100,1,3.958,20.802
943,DATA_20260315_140000.BIN,3.9562,20.8278,3.2077,20.8278,2.7170,1,13.923,14.429
944,DATA_20260315_140000.BIN,4.3318,19.5867,0.4568,19.5867,4.7410,1,9.747,29.927
945,DATA_20260315_140000.BIN,3.2060,12.2707,3.7735,12.2707,1.5620,1,5.718,19.053
946,DATA_20260315_140000.BIN,0.1577,9.9195,1.2281,9.9195,7.4140,1,3.922,17.740
947,DATA_20260315_140000.BIN,7.5787,27.8547,9.2777,27.8547,6.6000,1,10.076,16.813
948,DATA_20260315_140000.BIN,11.9240,19.5959,7.3851,19.5959,9.8120,1,16.691,18.742
949,DATA_20260315_140000.BIN,7.3851,15.8327,3.3870,15.8327,5.2690,1,12.416,29.134
950,DATA_20260315_150000.BIN,0.7045,20.4003,7.0950,20.4003,3.4320,1,19.931,22.352
951,DATA_20260315_150000.BIN,7.0950,15.2744,3.8422,15.2744,1.5070,1,23.371,26.732
952,DATA_20260315_150000.BIN,3.8422,10.0960,4.3222,10.0960,1.6720,1,18.561,19.667
953,DATA_20260315_150000.BIN,1.9645,30.8907,17.6483,30.8907,2.5080,1,12.751,13.928
954,DATA_20260315_150000.BIN,17.6483,31.0338,4.4539,31.0338,3.0360,1,35.703,37.702
955,DATA_20260315_150000.BIN,26.8647,37.8421,7.3279,37.8421,4.8290,1,131.762,149.877
956,DATA_20260315_150000.BIN,7.3279,35.1438,4.8492,35.1438,5.3350,1,12.544,24.496
957,DATA_20260315_150000.BIN,4.8492,13.4761,6.0083,13.4761,3.3770,1,15.944,17.385
958,DATA_20260315_150000.BIN,2.1224,8.0434,1.1745,8.0434,1.5730,1,12.493,13.485
959,DATA_20260315_150000.BIN,1.1745,6.9051,0.3058,6.9051,1.4740,1,11.113,11.257
960,DATA_20260315_150000.BIN,3.9426,9.9317,4.6551,9.9317,3.7510,1,8.274,8.458
961,DATA_20260315_150000.BIN,4.6551,17.5788,0.3026,17.5788,7.1170,1,5.720,6.047
962,DATA_20260315_150000.BIN,0.3026,7.4140,2.2997,7.4140,1.3420,1,9.887,9.981
963,DATA_20260315_150000.BIN,2.2997,14.9443,0.6011,14.9443,4.9830,1,10.479,10.612
964,DATA_20260315_150000.BIN,0.6011,25.8577,6.9578,25.8577,4.1360,1,8.884,9.049
965,DATA_20260315_150000.BIN,6.9578,25.5786,4.8273,25.5786,2.7940,1,6.682,15.150
966,DATA_20260315_150000.BIN,4.8273,12.0978,0.4581,12.0978,4.0150,1,8.872,12.767
967,DATA_20260315_150000.BIN,0.4581,15.6652,5.4012,15.6652,3.1350,1,6.373,6.391
968,DATA_20260315_150000.BIN,5.4012,19.4029,6.6026,19.4029,2.7500,1,14.627,16.452
969,DATA_20260315_150000.BIN,6.6026,19.7386,10.4986,19.7386,5.8300,1,8.837,16.560
970,DATA_20260315_150000.BIN,10.4986,20.5252,4.8256,20.5252,3.8060,1,12.455,14.117
971,DATA_20260315_150000.BIN,3.8894,22.4205,3.4911,22.4205,2.8710,1,10.303,15.750
972,DATA_20260315_150000.BIN,2.0208,9.6809,5.6274,9.6809,3.0580,1,11.670,20.146
973,DATA_20260315_150000.BIN,5.6274,11.9283,6.3325,11.9283,3.7950,1,5.401,5.490
974,DATA_20260315_150000.BIN,3.2793,7.6639,3.3868,7.6639,2.5850,1,8.195,12.082
975,DATA_20260315_150000.BIN,4.5255,10.9229,1.0009,10.9229,3.4100,1,0.405,6.010
976,DATA_20260315_150000.BIN,1.0009,8.7369,0.7332,8.7369,3.0690,1,5.691,10.988
977,DATA_20260315_150000.BIN,0.7332,8.3296,4.9112,8.3296,1.9360,1,1.072,11.549
978,DATA_20260315_150000.BIN,4.9112,12.9784,7.9326,12.9784,3.2340,1,5.677,7.277
979,DATA_20260315_150000.BIN,7.2092,12.4102,3.7675,12.4102,9.2840,1,7.422,8.130
980,DATA_20260315_150000.BIN,3.7675,12.8184,0.8334,12.8184,4.4000,1,1.281,1.285
981,DATA_20260315_150000.BIN,0.8334,8.1185,0.8625,8.1185,3.1680,1,5.400,5.826
982,DATA_20260315_150000.BIN,1.4455,5.0896,1.0561,5.0896,6.0720,1,3.318,3.346
983,DATA_20260315_150000.BIN,1.0561,16.3207,2.3570,16.3207,2.6070,1,2.962,2.967
984,DATA_20260315_150000.BIN,4.0751,18.3809,0.0970,18.3809,2.9480,1,5.886,5.943
985,DATA_20260315_150000.BIN,3.0235,12.0590,1.1667,12.0590,3.6850,1,3.765,6.227
986,DATA_20260315_150000.BIN,1.1667,11.4539,1.5803,11.4539,3.2890,1,0.202,2.066
987,DATA_20260315_150000.BIN,1.5803,15.5192,4.2514,15.5192,1.7820,1,2.721,6.990
988,DATA_20260315_150000.BIN,1.9861,11.8619,3.3570,11.8619,1.0450,1,1.010,1.661
989,DATA_20260315_150000.BIN,3.3570,17.8564,3.9775,17.8564,1.2760,1,4.812,9.007
990,DATA_20260315_150000.BIN,1.5231,34.1293,11.3516,34.1293,6.3030,1,2.401,3.499
991,DATA_20260315_150000.BIN,11.3516,30.2106,7.0523,30.2106,2.4860,1,13.244,13.892
992,DATA_20260315_150000.BIN,7.0523,15.0130,8.8724,15.0130,1.4520,1,6.785,6.901
993,DATA_20260315_150000.BIN,0.5926,8.8511,4.0342,8.8511,1.3860,1,4.044,5.519
994,DATA_20260315_150000.BIN,1.9751,10.6279,3.0687,10.6279,3.3220,1,0.250,0.556
995,DATA_20260315_150000.BIN,3.0687,8.0204,1.4594,8.0204,2.4640,1,2.864,3.178
996,DATA_20260315_150000.BIN,1.4594,21.6637,5.6345,21.6637,4.3670,1,4.035,6.319
997,DATA_20260315_150000.BIN,0.8573,21.2404,5.1731,21.2404,3.0470,1,2.963,6.611
998,DATA_20260315_150000.BIN,5.1731,10.8309,3.1856,10.8309,2.4200,1,8.078,16.270
999,DATA_20260315_150000.BIN,3.1856,14.8735,8.0789,14.8735,2.7610,1,5.678,12.996
1000,DATA_20260315_150000.BIN,0.4779,8.9572,1.3554,8.9572,1.1330,1,4.848,9.686
1001,DATA_20260315_150000.BIN,1.3554,9.2243,0.1564,9.2243,1.9470,1,3.095,3.152
1002,DATA_20260315_150000.BIN,0.1564,33.4949,0.9890,33.4949,5.5880,1,2.180,2.218
1003,DATA_20260315_150000.BIN,2.6414,36.3219,2.6048,36.3219,6.0720,1,2.225,5.989
1004,DATA_20260315_150000.BIN,0.8575,32.1786,2.4985,32.1786,5.8520,1,1.104,1.417
1005,DATA_20260315_150000.BIN,2.4985,14.0799,2.1110,14.0799,3.9160,1,6.453,10.559
1006,DATA_20260315_150000.BIN,4.7060,14.0015,1.2708,14.0015,3.4100,1,4.629,4.632
1007,DATA_20260315_150000.BIN,1.2708,7.1752,1.5364,7.1752,3.1130,1,4.083,5.163
1008,DATA_20260315_150000.BIN,4.1456,10.2622,5.0308,10.2622,2.4420,1,3.213,6.982
1009,DATA_20260315_150000.BIN,5.0308,9.8650,0.1830,9.8650,2.6730,1,4.690,6.558
1010,DATA_20260315_150000.BIN,0.1830,22.5474,1.5154,22.5474,5.4560,1,1.152,1.385
1011,DATA_20260315_150000.BIN,1.5154,10.5007,4.2196,10.5007,3.5200,1,3.863,7.486
1012,DATA_20260315_150000.BIN,2.7703,10.0072,1.6078,10.0072,2.8160,1,4.360,5.749
1013,DATA_20260315_150000.BIN,1.6078,27.9407,7.8694,27.9407,4.3120,1,6.448,18.391
1014,DATA_20260315_150000.BIN,7.8694,18.7790,0.1741,18.7790,3.6850,1,11.930,19.082
1015,DATA_20260315_150000.BIN,0.1741,23.5075,5.5138,23.5075,5.3020,1,2.625,4.853
1016,DATA_20260315_150000.BIN,5.5138,29.4093,22.6016,29.4093,1.6500,1,4.652,5.628
1017,DATA_20260315_150000.BIN,22.6016,30.3058,7.6630,30.3058,1.6830,1,28.550,28.881
1018,DATA_20260315_150000.BIN,7.6630,35.8813,18.8202,35.8813,2.3650,1,4.485,4.889
1019,DATA_20260315_150000.BIN,18.8202,35.0075,6.1344,35.0075,2.1670,1,114.296,114.890
1020,DATA_20260315_150000.BIN,6.1344,20.0906,4.9919,20.0906,2.4090,1,12.065,13.097
1021,DATA_20260315_150000.BIN,4.9919,14.2288,8.1595,14.2288,2.4860,1,12.454,16.054
1022,DATA_20260315_150000.BIN,8.1595,36.2718,28.6308,36.2718,4.6750,1,3.443,7.202
1023,DATA_20260315_150000.BIN,28.6308,35.5186,3.3956,35.5186,2.7720,1,88.480,89.185
1024,DATA_20260315_150000.BIN,3.3956,33.6190,28.9577,33.6190,4.2460,1,24.853,25.120
1025,DATA_20260315_150000.BIN,28.9577,34.0328,19.2863,34.0328,5.5110,1,20.158,22.921
1026,DATA_20260315_150000.BIN,19.2863,35.2571,3.5364,35.2571,5.1040,1,6.272,6.339
1027,DATA_20260315_150000.BIN,4.3685,36.3359,25.6711,36.3359,3.0360,1,17.926,20.395
1028,DATA_20260315_150000.BIN,25.6711,35.9775,2.1634,35.9775,4.4770,1,87.408,87.901
1029,DATA_20260315_150000.BIN,2.1634,13.1690,1.4635,13.1690,2.1230,1,31.452,31.997
1030,DATA_20260315_150000.BIN,1.4635,17.2444,2.9211,17.2444,5.3570,1,26.939,29.002
1031,DATA_20260315_150000.BIN,2.9211,19.3376,12.7511,19.3376,8.2390,1,25.924,27.287
1032,DATA_20260315_150000.BIN,12.7511,18.6296,4.3419,18.6296,1.9140,1,11.110,12.007
1033,DATA_20260315_150000.BIN,4.3419,13.5541,5.4740,13.5541,2.9700,1,14.869,15.359
1034,DATA_20260315_150000.BIN,5.4740,24.2025,7.9359,24.2025,4.8620,1,14.831,14.878
1035,DATA_20260315_150000.BIN,7.9359,14.9588,8.0542,14.9588,1.4630,1,9.017,9.521
1036,DATA_20260315_150000.BIN,8.0542,35.7252,29.7309,35.7252,4.2460,1,8.320,9.967
1037,DATA_20260315_150000.BIN,29.7309,36.1582,8.0659,36.1582,4.1470,1,28.057,32.612
1038,DATA_20260315_150000.BIN,8.0659,13.0934,7.1611,13.0934,2.8710,1,8.211,9.308
1039,DATA_20260315_150000.BIN,1.7434,13.3941,8.4787,13.3941,1.9250,1,19.858,19.959
1040,DATA_20260315_150000.BIN,8.4787,15.6441,5.0126,15.6441,1.3860,1,16.379,16.492
1041,DATA_20260315_150000.BIN,12.0195,32.0620,13.3023,32.0620,5.6320,1,1.792,4.252
1042,DATA_20260315_150000.BIN,13.3023,16.8346,7.1755,16.8346,6.1600,1,3.963,6.873
1043,DATA_20260315_150000.BIN,7.1755,33.2624,7.6060,33.2624,4.7740,1,6.125,6.608
1044,DATA_20260315_150000.BIN,7.6060,15.2652,6.3691,15.2652,1.0340,1,8.100,12.573
1045,DATA_20260315_150000.BIN,6.3691,32.1711,10.0869,32.1711,3.4760,1,7.309,8.134
1046,DATA_20260315_150000.BIN,10.0869,15.4279,3.7947,15.4279,1.8480,1,3.579,5.083
1047,DATA_20260315_150000.BIN,3.7947,21.6735,0.9240,21.6735,5.2360,1,17.309,17.769
1048,DATA_20260315_150000.BIN,0.9240,12.2431,3.4479,12.2431,1.4630,1,11.667,12.017
1049,DATA_20260315_150000.BIN,3.4479,21.7968,1.7525,21.7968,4.3560,1,11.028,15.044
1050,DATA_20260315_150000.BIN,1.7525,6.9588,2.4075,6.9588,2.1230,1,6.822,9.384
1051,DATA_20260315_150000.BIN,0.6494,13.2574,5.5861,13.2574,5.6650,1,7.427,11.997
1052,DATA_20260315_150000.BIN,5.5861,30.0793,6.6497,30.0793,3.9160,1,1.948,3.839
1053,DATA_20260315_150000.BIN,6.6497,14.0805,7.7920,14.0805,3.3440,1,12.347,13.241
1054,DATA_20260315_150000.BIN,11.3185,23.8497,5.8218,23.8497,1.8370,1,11.624,11.850
1055,DATA_20260315_150000.BIN,5.8218,12.3333,6.5543,12.3333,1.1110,1,1.092,5.114
1056,DATA_20260315_150000.BIN,0.3515,9.4396,0.7161,9.4396,2.4970,1,6.865,8.208
1057,DATA_20260315_150000.BIN,1.1997,27.1175,0.9994,27.1175,6.2810,1,5.866,7.711
1058,DATA_20260315_150000.BIN,2.9166,10.5674,1.4567,10.5674,3.0140,1,4.324,4.686
1059,DATA_20260315_150000.BIN,1.4567,7.9855,1.3478,7.9855,2.4640,1,5.920,8.118
1060,DATA_20260315_150000.BIN,2.1705,7.3583,0.4155,7.3583,1.3310,1,4.790,4.851
1061,DATA_20260315_150000.BIN,0.4155,16.1749,2.0680,16.1749,3.2230,1,4.294,5.392
1062,DATA_20260315_150000.BIN,6.5575,23.0795,0.8948,23.0795,3.1350,1,6.194,7.915
1063,DATA_20260315_150000.BIN,0.8364,9.1588,0.5350,9.1588,4.8180,1,5.870,7.742
1064,DATA_20260315_150000.BIN,0.9773,6.3221,1.7211,6.3221,1.5070,1,3.446,4.781
1065,DATA_20260315_150000.BIN,0.6426,5.8248,1.7551,5.8248,2.7500,1,4.498,9.171
1066,DATA_20260315_150000.BIN,5.8570,11.4744,1.9944,11.4744,1.8920,1,3.926,3.926
1067,DATA_20260315_150000.BIN,1.9944,8.7551,2.4127,8.7551,1.9140,1,3.974,10.584
1068,DATA_20260315_150000.BIN,6.9299,17.6041,1.9787,17.6041,2.6950,1,3.863,7.726
1069,DATA_20260315_150000.BIN,1.9787,9.7551,3.6857,9.7551,2.1780,1,2.063,5.698
1070,DATA_20260315_150000.BIN,3.6857,11.4592,5.0415,11.4592,2.8710,1,0.934,3.252
1071,DATA_20260315_150000.BIN,5.0415,11.4240,5.8841,11.4240,1.5840,1,2.695,3.917
1072,DATA_20260315_150000.BIN,5.8841,13.6831,5.5720,13.6831,2.1560,1,4.404,4.412
1073,DATA_20260315_150000.BIN,2.8886,20.0394,3.0789,20.0394,4.5210,1,7.931,9.714
1074,DATA_20260315_150000.BIN,3.0789,22.8342,7.6019,22.8342,3.2230,1,3.755,3.922
1075,DATA_20260315_150000.BIN,7.6019,13.5257,3.4593,13.5257,1.2870,1,9.303,9.757
1076,DATA_20260315_150000.BIN,3.4593,21.1250,2.5194,21.1250,1.2320,1,7.638,7.906
1077,DATA_20260315_150000.BIN,2.5194,37.0888,28.3027,37.0888,7.1170,1,7.041,11.269
1078,DATA_20260315_150000.BIN,28.3027,37.6864,23.1439,37.6864,3.7950,1,104.819,107.873
1079,DATA_20260315_150000.BIN,18.2014,27.0533,9.7426,27.0533,1.8920,1,14.057,16.605
1080,DATA_20260315_150000.BIN,9.7426,16.6908,10.6167,16.6908,2.7500,1,8.438,10.941
1081,DATA_20260315_150000.BIN,10.6167,20.8026,13.2272,20.8026,4.1030,1,4.070,12.495
1082,DATA_20260315_150000.BIN,13.2272,36.1872,1.8859,36.1872,3.2010,1,17.759,21.924
1083,DATA_20260315_150000.BIN,1.8859,5.7190,1.4921,5.7190,4.9610,1,12.998,13.562
1084,DATA_20260315_150000.BIN,1.4921,14.9676,1.5839,14.9676,1.6390,1,12.922,14.638
1085,DATA_20260315_150000.BIN,1.5839,12.6918,0.7838,12.6918,2.2220,1,9.586,11.307
1086,DATA_20260315_150000.BIN,0.7838,12.8740,2.9143,12.8740,1.5510,1,12.051,15.668
1087,DATA_20260315_150000.BIN,2.9143,12.0643,0.6758,12.0643,2.3430,1,10.176,10.327
1088,DATA_20260315_150000.BIN,0.6758,14.5892,1.6415,14.5892,3.7730,1,7.634,7.953
1089,DATA_20260315_150000.BIN,2.4555,8.2088,2.0106,8.2088,1.3860,1,10.127,10.163
1090,DATA_20260315_150000.BIN,2.0106,10.3832,4.6034,10.3832,2.7720,1,5.756,7.310
1091,DATA_20260315_150000.BIN,4.6034,8.4719,3.2339,8.4719,7.2160,1,6.035,11.652
1092,DATA_20260315_150000.BIN,1.8407,10.3297,3.1409,10.3297,2.1230,1,9.181,11.208
1093,DATA_20260315_150000.BIN,3.1409,10.0887,3.1343,10.0887,1.5070,1,7.970,8.862
1094,DATA_20260315_150000.BIN,3.1343,31.9149,2.5967,31.9149,4.9830,1,7.586,7.766
1095,DATA_20260315_150000.BIN,1.4516,7.9586,1.5161,7.9586,6.0060,1,4.616,5.118
1096,DATA_20260315_150000.BIN,1.5161,11.2082,5.7176,11.2082,3.5860,1,3.844,5.781
1097,DATA_20260315_150000.BIN,6.0517,9.7440,1.8812,9.7440,2.9480,1,5.371,9.824
1098,DATA_20260315_150000.BIN,1.8812,10.2887,2.3633,10.2887,1.4410,1,2.002,4.880
1099,DATA_20260315_150000.BIN,2.3633,11.1106,6.9993,11.1106,1.7710,1,2.429,5.815
1100,DATA_20260315_150000.BIN,2.8689,10.6640,3.5432,10.6640,1.4740,1,5.266,5.321
1101,DATA_20260315_150000.BIN,0.1791,9.2711,2.6712,9.2711,1.4850,1,3.899,6.057
1102,DATA_20260315_150000.BIN,2.6712,10.1934,2.5879,10.1934,2.8490,1,4.401,4.669
1103,DATA_20260315_150000.BIN,2.0088,8.2411,2.4839,8.2411,1.4300,1,0.932,1.238
1104,DATA_20260315_150000.BIN,2.4839,8.9335,1.6044,8.9335,1.4960,1,3.612,3.633
1105,DATA_20260315_150000.BIN,1.6044,8.5382,2.2247,8.5382,1.2760,1,3.341,3.555
1106,DATA_20260315_150000.BIN,2.2247,9.2243,0.1585,9.2243,1.7490,1,3.580,3.632
1107,DATA_20260315_150000.BIN,0.1585,6.5458,1.5589,6.5458,2.9370,1,1.062,1.126
1108,DATA_20260315_150000.BIN,0.2370,7.5273,3.2916,7.5273,1.6390,1,2.318,5.020
1109,DATA_20260315_150000.BIN,3.2916,11.1248,4.5191,11.1248,5.5330,1,2.831,4.361
1110,DATA_20260315_150000.BIN,4.5191,10.7853,5.7848,10.7853,2.3320,1,4.761,8.727
1111,DATA_20260315_150000.BIN,5.7848,16.0638,3.0429,16.0638,2.7500,1,6.049,6.131
1112,DATA_20260315_150000.BIN,3.6024,10.3162,4.4307,10.3162,1.6610,1,5.091,5.279
1113,DATA_20260315_150000.BIN,4.4307,12.7716,1.7749,12.7716,2.7830,1,4.987,7.014
1114,DATA_20260315_150000.BIN,1.7749,28.6596,2.7190,28.6596,5.5220,1,2.932,2.934
1115,DATA_20260315_150000.BIN,4.1083,9.7979,1.8743,9.7979,2.6070,1,4.342,4.959
1116,DATA_20260315_150000.BIN,2.5368,11.3195,1.5580,11.3195,2.6730,1,0.593,2.429
1117,DATA_20260315_150000.BIN,1.5580,6.2436,1.5823,6.2436,4.2350,1,3.650,4.607
1118,DATA_20260315_150000.BIN,1.5823,13.7071,1.0826,13.7071,3.1460,1,2.527,5.341
1119,DATA_20260315_150000.BIN,2.2853,10.0794,0.4958,10.0794,1.5070,1,3.545,3.555
1120,DATA_20260315_150000.BIN,0.4958,7.4827,1.9302,7.4827,1.3970,1,1.313,1.910
1121,DATA_20260315_150000.BIN,1.9302,8.4265,1.5612,8.4265,2.0790,1,2.983,3.325
1122,DATA_20260315_150000.BIN,1.5612,7.5660,0.9674,7.5660,1.2870,1,1.712,4.627
1123,DATA_20260315_150000.BIN,0.9565,6.4662,1.1026,6.4662,2.7500,1,0.246,1.481
1124,DATA_20260315_150000.BIN,1.1026,7.2236,1.1805,7.2236,1.2650,1,1.830,1.942
1125,DATA_20260315_150000.BIN,1.1805,11.5393,1.1657,11.5393,1.8150,1,2.661,3.969
1126,DATA_20260315_150000.BIN,1.1657,8.5394,1.5134,8.5394,1.6940,1,2.772,3.575
1127,DATA_20260315_150000.BIN,1.5134,11.1782,1.4757,11.1782,1.7050,1,2.529,3.027
1128,DATA_20260315_150000.BIN,1.4757,9.0973,3.6175,9.0973,2.0350,1,1.921,2.064
1129,DATA_20260315_150000.BIN,3.0048,8.3063,4.7171,8.3063,1.4520,1,3.207,3.692
1130,DATA_20260315_150000.BIN,5.3829,11.0198,2.8323,11.0198,2.1560,1,6.511,6.529
1131,DATA_20260315_150000.BIN,2.8323,9.9255,3.1130,9.9255,1.5840,1,3.004,3.224
1132,DATA_20260315_150000.BIN,3.1130,10.2089,1.6339,10.2089,1.6720,1,2.325,2.513
1133,DATA_20260315_150000.BIN,1.6339,11.5226,1.9801,11.5226,1.7820,1,1.071,2.311
1134,DATA_20260315_150000.BIN,1.9801,9.5601,3.3327,9.5601,1.5730,1,0.450,3.722
1135,DATA_20260315_150000.BIN,3.3327,8.7311,1.6397,8.7311,2.0460,1,5.478,5.510
1136,DATA_20260315_150000.BIN,1.6397,9.1643,2.5192,9.1643,1.7050,1,3.835,4.427
1137,DATA_20260315_150000.BIN,0.7198,7.8810,0.6714,7.8810,1.3310,1,0.980,1.331
1138,DATA_20260315_150000.BIN,0.6714,10.8206,3.0762,10.8206,3.5090,1,1.978,3.393
1139,DATA_20260315_150000.BIN,3.0762,8.1298,4.2247,8.1298,1.7160,1,3.205,4.171
1140,DATA_20260315_150000.BIN,4.2247,10.0512,0.5335,10.0512,1.8040,1,3.550,4.196
1141,DATA_20260315_150000.BIN,0.5335,14.6296,1.0333,14.6296,4.9060,1,1.145,1.391
1142,DATA_20260315_150000.BIN,1.0333,6.8136,0.8025,6.8136,1.5730,1,2.553,2.772
1143,DATA_20260315_150000.BIN,2.7646,9.0745,1.0981,9.0745,2.0350,1,4.960,9.391
1144,DATA_20260315_150000.BIN,1.0981,8.7786,1.9938,8.7786,1.9250,1,2.052,2.818
1145,DATA_20260315_150000.BIN,1.9938,8.9804,1.8702,8.9804,1.6280,1,2.819,3.559
1146,DATA_20260315_150000.BIN,1.8702,7.6568,2.7022,7.6568,2.1890,1,3.309,3.322
1147,DATA_20260315_150000.BIN,2.7022,12.1682,4.5997,12.1682,5.1810,1,1.513,3.435
1148,DATA_20260315_150000.BIN,3.7877,9.6288,1.6536,9.6288,1.7820,1,4.171,4.491
1149,DATA_20260315_150000.BIN,1.6536,8.4268,3.5160,8.4268,1.7160,1,1.659,1.988
1150,DATA_20260315_150000.BIN,3.5160,8.7020,2.5704,8.7020,1.7710,1,4.704,4.715
1151,DATA_20260315_150000.BIN,2.5704,9.2984,3.2242,9.2984,1.9030,1,2.319,4.195
1152,DATA_20260315_150000.BIN,3.2242,8.3941,3.7460,8.3941,1.7160,1,3.549,3.616
1153,DATA_20260315_150000.BIN,5.0019,12.5175,3.2110,12.5175,2.6510,1,3.791,8.192
1154,DATA_20260315_150000.BIN,3.2110,10.4985,4.1592,10.4985,1.5730,1,3.905,6.446
1155,DATA_20260315_150000.BIN,4.1592,10.3499,4.0462,10.3499,1.7820,1,3.603,3.790
1156,DATA_20260315_150000.BIN,1.9295,10.9800,4.4171,10.9800,1.9470,1,0.249,3.029
1157,DATA_20260315_150000.BIN,4.4171,12.8835,2.1106,12.8835,1.9360,1,5.573,6.945
1158,DATA_20260315_150000.BIN,2.1106,10.5574,4.9885,10.5574,1.8810,1,1.383,3.007
1159,DATA_20260315_150000.BIN,4.9885,10.1521,4.9399,10.1521,1.8480,1,3.861,4.009
1160,DATA_20260315_150000.BIN,4.9399,10.9165,4.6350,10.9165,2.0680,1,3.164,4.115
1161,DATA_20260315_150000.BIN,3.7029,11.4493,5.3358,11.4493,2.1670,1,1.232,3.862
1162,DATA_20260315_150000.BIN,5.3358,10.4353,3.3718,10.4353,2.0570,1,3.394,3.937
1163,DATA_20260315_150000.BIN,3.3718,8.9763,2.4966,8.9763,1.9690,1,2.715,3.681
1164,DATA_20260315_150000.BIN,4.2963,8.7490,4.2901,8.7490,2.3210,1,1.692,3.399
1165,DATA_20260315_150000.BIN,4.2901,12.1841,4.4474,12.1841,1.6940,1,3.655,6.838
1166,DATA_20260315_150000.BIN,4.8191,10.7917,3.3383,10.7917,4.1250,1,3.008,4.663
1167,DATA_20260315_150000.BIN,3.3383,10.1067,5.5312,10.1067,1.9910,1,0.775,3.222
1168,DATA_20260315_150000.BIN,5.5312,10.1810,3.6676,10.1810,2.0680,1,3.029,3.528
1169,DATA_20260315_150000.BIN,3.6676,11.2721,0.7051,11.2721,4.6970,1,1.047,2.072
1170,DATA_20260315_150000.BIN,0.7051,10.0298,4.0626,10.0298,3.9160,1,5.186,13.820
1171,DATA_20260315_150000.BIN,4.0626,9.9431,3.7132,9.9431,2.1670,1,4.426,4.523
1172,DATA_20260315_150000.BIN,3.7132,10.5611,2.4914,10.5611,2.0900,1,1.562,2.011
1173,DATA_20260315_150000.BIN,5.8192,10.5224,2.6175,10.5224,3.1900,1,3.885,4.950
1174,DATA_20260315_150000.BIN,2.6175,9.1486,3.6973,9.1486,2.2330,1,3.630,5.526
1175,DATA_20260315_150000.BIN,3.6973,10.9470,3.9296,10.9470,1.9580,1,4.306,4.375
1176,DATA_20260315_150000.BIN,3.9296,10.5604,3.7023,10.5604,5.2030,1,1.546,2.094
1177,DATA_20260315_150000.BIN,3.7023,12.1551,5.2951,12.1551,2.2880,1,0.933,2.747
1178,DATA_20260315_150000.BIN,5.2951,9.6925,4.7007,9.6925,1.3200,1,2.769,4.069
1179,DATA_20260315_150000.BIN,4.7007,9.9481,0.2852,9.9481,1.8480,1,3.606,3.973
1180,DATA_20260315_150000.BIN,0.2852,10.0180,4.1252,10.0180,1.4960,1,3.859,3.931
1181,DATA_20260315_150000.BIN,4.1252,11.1891,4.8289,11.1891,3.1790,1,5.447,13.828
1182,DATA_20260315_150000.BIN,4.8289,9.1613,3.3682,9.1613,1.9030,1,3.400,3.447
1183,DATA_20260315_150000.BIN,3.3682,11.5982,2.2479,11.5982,1.9910,1,0.325,1.175
1184,DATA_20260315_150000.BIN,2.2479,13.1683,1.9589,13.1683,1.9360,1,2.109,2.961
1185,DATA_20260315_150000.BIN,1.9589,10.6861,2.9639,10.6861,1.9580,1,2.148,2.632
1186,DATA_20260315_150000.BIN,2.9639,10.9052,1.7152,10.9052,1.9690,1,2.136,2.157
1187,DATA_20260315_150000.BIN,1.7152,10.1100,0.3547,10.1100,2.0790,1,1.786,2.505
1188,DATA_20260315_150000.BIN,0.3547,6.4933,0.3691,6.4933,1.8260,1,3.835,4.408
1189,DATA_20260315_150000.BIN,0.9051,8.6310,2.6235,8.6310,1.6940,1,3.547,4.317
1190,DATA_20260315_150000.BIN,2.6235,9.6928,1.6325,9.6928,1.9360,1,0.845,3.893
1191,DATA_20260315_150000.BIN,1.6325,7.9817,2.2828,7.9817,2.2110,1,3.543,4.683
1192,DATA_20260315_150000.BIN,2.2828,9.2454,3.5159,9.2454,1.9470,1,3.930,5.718
1193,DATA_20260315_150000.BIN,3.5159,10.3048,3.7926,10.3048,1.0450,1,2.808,2.825
1194,DATA_20260315_150000.BIN,0.6141,8.6391,0.8714,8.6391,1.8700,1,1.924,4.007
1195,DATA_20260315_150000.BIN,0.8714,13.2394,4.0178,13.2394,3.3110,1,1.524,4.416
1196,DATA_20260315_150000.BIN,4.0178,9.5900,3.4294,9.5900,2.0460,1,3.104,3.377
1197,DATA_20260315_150000.BIN,3.4294,11.0701,4.5710,11.0701,3.4320,1,1.542,3.697
1198,DATA_20260315_150000.BIN,4.5710,12.0901,3.5235,12.0901,4.0480,1,3.628,6.695
1199,DATA_20260315_150000.BIN,3.5235,8.7376,3.8283,8.7376,4.1360,1,2.646,4.992
1200,DATA_20260315_150000.BIN,1.1664,12.1465,6.4647,12.1465,1.9030,1,0.747,0.754
1201,DATA_20260315_150000.BIN,6.4647,13.2902,6.7405,13.2902,2.1010,1,6.041,6.052
1202,DATA_20260315_150000.BIN,6.9279,12.8831,2.3367,12.8831,4.7960,1,5.537,5.774
1203,DATA_20260315_150000.BIN,2.3367,7.7421,1.9333,7.7421,1.5730,1,6.151,8.492
1204,DATA_20260315_150000.BIN,3.6964,11.8255,2.8664,11.8255,2.8930,1,6.893,6.932
1205,DATA_20260315_150000.BIN,2.8664,10.2491,3.0860,10.2491,1.5950,1,2.450,3.275
1206,DATA_20260315_150000.BIN,3.0860,10.2874,2.2410,10.2874,1.5510,1,2.057,2.929
1207,DATA_20260315_150000.BIN,2.2410,12.0104,2.4809,12.0104,1.9360,1,3.061,3.202
1208,DATA_20260315_150000.BIN,2.4809,9.7334,1.5600,9.7334,1.6610,1,2.878,3.110
1209,DATA_20260315_150000.BIN,1.5600,9.9003,4.1262,9.9003,2.1890,1,3.991,4.671
1210,DATA_20260315_150000.BIN,4.4121,9.7285,4.0922,9.7285,1.8920,1,2.684,8.382
1211,DATA_20260315_150000.BIN,4.1165,11.5242,4.4344,11.5242,2.1450,1,4.281,9.424
1212,DATA_20260315_150000.BIN,4.4344,10.0211,2.5989,10.0211,1.2870,1,3.581,4.826
1213,DATA_20260315_150000.BIN,2.5989,9.5400,2.8782,9.5400,1.6940,1,1.182,1.307
1214,DATA_20260315_150000.BIN,2.8782,8.7949,2.6808,8.7949,2.3210,1,1.367,2.585
1215,DATA_20260315_150000.BIN,2.6808,9.6935,1.3719,9.6935,1.0450,1,2.061,3.474
1216,DATA_20260315_150000.BIN,1.3719,11.5767,2.4533,11.5767,1.5620,1,1.388,1.833
1217,DATA_20260315_150000.BIN,3.0982,9.6224,0.4224,9.6224,3.3770,1,4.144,5.279
1218,DATA_20260315_150000.BIN,0.4224,7.0280,1.3461,7.0280,2.2770,1,2.351,2.364
1219,DATA_20260315_150000.BIN,1.3461,11.3306,1.9616,11.3306,2.9040,1,3.252,3.275
1220,DATA_20260315_150000.BIN,1.9616,6.6222,0.7794,6.6222,1.5840,1,2.060,2.774
1221,DATA_20260315_150000.BIN,0.7794,8.5480,2.2912,8.5480,1.5950,1,0.686,0.996
1222,DATA_20260315_150000.BIN,1.5906,10.0990,3.8646,10.0990,1.7710,1,0.266,8.713
1223,DATA_20260315_150000.BIN,3.8646,10.2060,1.4492,10.2060,1.5950,1,4.179,4.199
1224,DATA_20260315_150000.BIN,1.4492,7.8518,1.4618,7.8518,1.5290,1,2.274,2.327
1225,DATA_20260315_150000.BIN,1.4618,9.7990,0.7413,9.7990,1.6390,1,2.293,5.699
1226,DATA_20260315_150000.BIN,0.7413,10.0681,1.0712,10.0681,1.7820,1,0.872,2.438
1227,DATA_20260315_150000.BIN,7.0314,13.5461,2.6108,13.5461,1.3420,1,7.649,7.696
1228,DATA_20260315_150000.BIN,2.6108,9.5947,3.0803,9.5947,1.7050,1,3.975,6.496
1229,DATA_20260315_150000.BIN,3.0803,13.6662,4.2579,13.6662,1.7380,1,2.866,3.799
1230,DATA_20260315_150000.BIN,4.2579,11.7894,4.2323,11.7894,1.5400,1,4.447,5.044
1231,DATA_20260315_150000.BIN,4.2323,8.6290,2.9712,8.6290,2.2550,1,4.970,4.970
1232,DATA_20260315_150000.BIN,2.9712,7.1588,0.4944,7.1588,3.3000,1,3.658,5.559
1233,DATA_20260315_150000.BIN,0.4944,6.9741,1.9140,6.9741,1.7710,1,2.469,6.657
1234,DATA_20260315_150000.BIN,1.9140,7.3441,2.2920,7.3441,3.3550,1,1.977,4.884
1235,DATA_20260315_150000.BIN,5.8576,9.6945,0.6921,9.6945,1.6060,1,9.014,9.078
1236,DATA_20260315_150000.BIN,0.6921,8.2591,4.1466,8.2591,2.9150,1,1.642,1.645
1237,DATA_20260315_150000.BIN,4.1466,9.6772,3.1510,9.6772,1.5180,1,3.959,4.309
1238,DATA_20260315_150000.BIN,3.1510,9.2011,1.3386,9.2011,1.8150,1,4.581,5.868
1239,DATA_20260315_150000.BIN,1.3386,6.9797,1.4697,6.9797,1.6280,1,2.114,2.183
1240,DATA_20260315_150000.BIN,1.4697,10.1310,1.5059,10.1310,1.6830,1,1.055,1.366
1241,DATA_20260315_150000.BIN,1.5059,7.3344,0.7644,7.3344,1.6500,1,1.160,1.656
1242,DATA_20260315_150000.BIN,0.7644,10.4015,4.4043,10.4015,1.7930,1,0.998,1.291
1243,DATA_20260315_150000.BIN,2.2587,10.6718,0.7738,10.6718,2.2110,1,3.454,3.489
1244,DATA_20260315_150000.BIN,0.7738,5.7705,0.7522,5.7705,1.8150,1,0.691,3.345
1245,DATA_20260315_150000.BIN,0.7522,7.3903,2.0090,7.3903,2.2990,1,0.393,0.406
1246,DATA_20260315_150000.BIN,2.0090,20.4892,0.9684,20.4892,2.5630,1,5.621,12.192
1247,DATA_20260315_150000.BIN,1.4920,7.3268,1.8318,7.3268,1.5840,1,2.201,2.453
1248,DATA_20260315_150000.BIN,1.0127,8.5557,0.5328,8.5557,1.5180,1,2.199,2.698
1249,DATA_20260315_150000.BIN,0.5328,6.4557,1.6525,6.4557,1.8480,1,1.034,1.035
1250,DATA_20260315_150000.BIN,1.2145,9.0261,0.1826,9.0261,3.7400,1,0.631,4.834
1251,DATA_20260315_150000.BIN,0.3545,7.6528,0.4383,7.6528,4.9610,1,3.131,7.678
1252,DATA_20260315_150000.BIN,0.4383,8.0276,1.4151,8.0276,3.1350,1,2.049,4.475
1253,DATA_20260315_150000.BIN,1.4151,17.1964,4.7686,17.1964,2.8050,1,2.834,5.912
1254,DATA_20260315_150000.BIN,5.0671,19.4308,2.5890,19.4308,1.5730,1,5.031,10.064
1255,DATA_20260315_150000.BIN,2.5890,8.6770,1.4264,8.6770,1.2100,1,0.880,7.023
1256,DATA_20260315_150000.BIN,1.4264,10.3782,3.7308,10.3782,1.5290,1,1.600,1.936
1257,DATA_20260315_150000.BIN,10.8380,17.7372,7.8504,17.7372,2.8820,1,14.854,15.860
1258,DATA_20260315_150000.BIN,7.8504,15.7246,1.8607,15.7246,4.4110,1,6.748,7.292
1259,DATA_20260315_150000.BIN,1.8607,17.0915,6.9559,17.0915,1.1660,1,6.013,6.850
1260,DATA_20260315_150000.BIN,6.9559,17.5650,5.1862,17.5650,1.2540,1,7.979,9.277
1261,DATA_20260315_150000.BIN,5.1862,10.0438,1.7503,10.0438,1.6500,1,3.448,3.649
1262,DATA_20260315_150000.BIN,1.7503,13.9917,5.5262,13.9917,3.1900,1,5.145,11.359
1263,DATA_20260315_150000.BIN,5.5262,13.7869,8.2515,13.7869,2.9810,1,7.216,7.251
1264,DATA_20260315_150000.BIN,8.2515,13.4339,7.0426,13.4339,4.6640,1,7.671,8.717
1265,DATA_20260315_150000.BIN,7.0426,11.8566,1.6616,11.8566,3.4650,1,6.798,9.691
1266,DATA_20260315_150000.BIN,1.5270,20.1024,4.5082,20.1024,8.8330,1,6.140,6.556
1267,DATA_20260315_150000.BIN,4.5082,11.6329,0.7590,11.6329,1.6940,1,4.511,6.858
1268,DATA_20260315_150000.BIN,1.7332,9.7850,3.4748,9.7850,2.9810,1,6.639,9.841
1269,DATA_20260315_150000.BIN,3.4748,10.4048,3.2083,10.4048,6.5120,1,1.616,13.870
1270,DATA_20260315_150000.BIN,3.2083,8.9394,2.1254,8.9394,4.3670,1,4.854,7.702
1271,DATA_20260315_150000.BIN,2.1254,9.7502,1.0161,9.7502,7.2710,1,3.104,13.046
1272,DATA_20260315_150000.BIN,1.0161,10.1351,0.4188,10.1351,4.9060,1,4.836,7.232
1273,DATA_20260315_150000.BIN,0.4188,9.9805,3.3658,9.9805,1.4740,1,2.809,3.078
1274,DATA_20260315_150000.BIN,3.3658,11.7325,3.0500,11.7325,1.5070,1,4.589,5.077
1275,DATA_20260315_150000.BIN,3.0500,11.5884,2.5799,11.5884,1.4080,1,3.458,3.499
1276,DATA_20260315_150000.BIN,2.5799,14.5906,6.2477,14.5906,2.0350,1,2.309,5.058
1277,DATA_20260315_150000.BIN,6.2477,13.5044,3.6845,13.5044,2.3870,1,6.920,7.361
1278,DATA_20260315_150000.BIN,3.6845,11.6845,1.7663,11.6845,1.6610,1,7.332,9.354
1279,DATA_20260315_150000.BIN,1.7663,11.5300,1.8468,11.5300,1.8150,1,4.168,4.442
1280,DATA_20260315_150000.BIN,1.8468,11.7825,3.6160,11.7825,2.8270,1,6.165,14.570
1281,DATA_20260315_150000.BIN,3.6160,7.6435,0.7823,7.6435,1.1990,1,5.656,7.313
1282,DATA_20260315_150000.BIN,0.7823,10.5170,1.4243,10.5170,3.3990,1,3.352,8.000
1283,DATA_20260315_150000.BIN,1.4243,8.8469,0.4162,8.8469,1.6830,1,1.033,1.207
1284,DATA_20260315_150000.BIN,0.4162,9.1703,1.3814,9.1703,1.5620,1,4.187,9.440
1285,DATA_20260315_150000.BIN,1.3814,11.4635,5.1103,11.4635,2.6510,1,1.275,3.457
1286,DATA_20260315_150000.BIN,5.1103,10.8351,4.6723,10.8351,1.4960,1,6.230,7.044
1287,DATA_20260315_150000.BIN,4.6723,10.3553,2.4314,10.3553,1.5730,1,4.833,5.743
1288,DATA_20260315_150000.BIN,2.4314,7.8463,0.6384,7.8463,1.6170,1,2.073,2.430
1289,DATA_20260315_150000.BIN,0.6384,10.3549,2.3628,10.3549,1.7600,1,0.698,1.150
1290,DATA_20260315_150000.BIN,2.3628,7.4959,3.3301,7.4959,2.2330,1,5.899,13.548
1291,DATA_20260315_150000.BIN,2.2180,8.6338,1.1805,8.6338,1.2980,1,2.779,3.566
1292,DATA_20260315_150000.BIN,1.1805,13.1656,2.2942,13.1656,3.4210,1,2.908,4.513
1293,DATA_20260315_150000.BIN,2.2942,11.5121,1.9899,11.5121,1.4740,1,1.204,7.173
1294,DATA_20260315_150000.BIN,0.7332,12.9411,1.5008,12.9411,3.0470,1,1.849,3.205
1295,DATA_20260315_150000.BIN,1.5008,7.9417,3.2775,7.9417,2.8160,1,5.091,10.466
1296,DATA_20260315_150000.BIN,3.7358,9.3677,1.4948,9.3677,2.0680,1,4.802,4.935
1297,DATA_20260315_150000.BIN,1.4948,5.8466,1.0225,5.8466,2.1780,1,3.451,8.210
1298,DATA_20260315_150000.BIN,1.0225,10.8381,1.6206,10.8381,2.5520,1,0.711,0.717
1299,DATA_20260315_150000.BIN,1.6206,7.3737,1.0788,7.3737,2.0680,1,1.576,2.947
1300,DATA_20260315_150000.BIN,3.1148,10.6445,1.2408,10.6445,3.2670,1,3.556,4.331
1301,DATA_20260315_150000.BIN,1.2408,11.7451,6.8845,11.7451,3.5970,1,1.928,6.531
1302,DATA_20260315_150000.BIN,0.7500,8.4696,4.6774,8.4696,3.2560,1,2.424,7.614
1303,DATA_20260315_150000.BIN,3.2411,8.4923,3.5767,8.4923,2.1450,1,2.924,7.421
1304,DATA_20260315_150000.BIN,4.0756,10.5729,1.2722,10.5729,1.7710,1,4.878,5.143
1305,DATA_20260315_150000.BIN,3.8528,8.7466,0.5209,8.7466,1.7600,1,5.274,7.287
1306,DATA_20260315_150000.BIN,0.5209,11.1446,4.8800,11.1446,1.4410,1,4.056,13.207
1307,DATA_20260315_150000.BIN,4.8800,11.9886,3.3261,11.9886,1.4410,1,5.534,5.764
1308,DATA_20260315_150000.BIN,3.3261,10.3480,1.0111,10.3480,2.7170,1,2.817,4.405
1309,DATA_20260315_150000.BIN,1.0111,8.4715,1.7391,8.4715,2.0900,1,3.483,5.720
1310,DATA_20260315_150000.BIN,1.7391,11.3206,1.0084,11.3206,6.0500,1,4.916,6.753
1311,DATA_20260315_150000.BIN,1.5105,6.9606,0.1990,6.9606,2.7060,1,2.259,4.295
1312,DATA_20260315_150000.BIN,0.1990,10.2323,5.3292,10.2323,1.8260,1,1.409,4.168
1313,DATA_20260315_150000.BIN,5.3292,18.8953,1.9037,18.8953,1.8260,1,7.367,7.387
1314,DATA_20260315_150000.BIN,3.2052,31.5499,0.6279,31.5499,6.2810,1,3.606,4.753
1315,DATA_20260315_150000.BIN,0.6279,6.3925,1.5993,6.3925,3.7070,1,1.170,1.311
1316,DATA_20260315_150000.BIN,1.5993,7.8735,1.9399,7.8735,2.8490,1,1.642,1.889
1317,DATA_20260315_150000.BIN,1.9399,14.8367,3.6513,14.8367,6.1490,1,4.443,8.062
1318,DATA_20260315_150000.BIN,3.6513,20.3809,1.2074,20.3809,3.5200,1,5.893,7.642
1319,DATA_20260315_150000.BIN,1.2074,10.9192,3.3431,10.9192,2.5630,1,2.864,13.326
1320,DATA_20260315_150000.BIN,4.0888,18.2595,8.2558,18.2595,3.4100,1,6.826,17.141
1321,DATA_20260315_150000.BIN,8.2558,25.4325,4.2381,25.4325,2.9260,1,10.490,10.557
1322,DATA_20260315_150000.BIN,4.2381,16.4958,8.3282,16.4958,4.0480,1,4.155,11.317
1323,DATA_20260315_150000.BIN,8.3282,34.4383,3.7669,34.4383,3.3220,1,9.217,9.361
1324,DATA_20260315_150000.BIN,3.7669,8.9880,2.0948,8.9880,1.3530,1,28.655,71.026
1325,DATA_20260315_150000.BIN,2.0948,10.0212,4.9121,10.0212,2.3870,1,23.155,61.841
1326,DATA_20260315_150000.BIN,4.9121,27.2650,5.6748,27.2650,3.7730,1,23.173,58.063
1327,DATA_20260315_150000.BIN,5.6748,34.2227,2.6569,34.2227,4.6750,1,32.423,82.997
1328,DATA_20260315_160000.BIN,14.9344,24.7741,14.6962,24.7741,3.3440,1,25.741,26.253
1329,DATA_20260315_160000.BIN,14.6962,24.6116,7.9669,24.6116,5.2030,1,29.860,39.910
1330,DATA_20260315_160000.BIN,4.4790,9.0375,3.9549,9.0375,2.1560,1,41.427,41.732
1331,DATA_20260315_160000.BIN,3.9549,7.1192,3.0734,7.1192,2.3650,1,40.238,40.404
1332,DATA_20260315_160000.BIN,3.0734,5.9992,1.6160,5.9992,1.5950,1,35.059,35.080
1333,DATA_20260315_160000.BIN,1.6160,8.0166,1.9368,8.0166,2.6950,1,28.919,29.047
1334,DATA_20260315_160000.BIN,2.2943,5.9587,2.4093,5.9587,1.3310,1,24.716,24.902
1335,DATA_20260315_160000.BIN,0.4203,9.3629,0.4303,9.3629,5.3130,1,22.130,22.145
1336,DATA_20260315_160000.BIN,0.4303,7.6969,2.0277,7.6969,4.7960,1,19.852,19.853
1337,DATA_20260315_160000.BIN,2.0277,10.8624,1.8407,10.8624,4.9610,1,18.729,19.042
1338,DATA_20260315_160000.BIN,1.8407,15.2138,6.5248,15.2138,5.0270,1,16.217,16.217
1339,DATA_20260315_160000.BIN,6.5248,13.1966,2.3468,13.1966,5.0380,1,6.935,7.259
1340,DATA_20260315_160000.BIN,0.8078,9.0925,1.2442,9.0925,5.3900,1,12.293,12.296
1341,DATA_20260315_160000.BIN,1.2442,5.7102,1.0597,5.7102,1.7270,1,14.034,17.097
1342,DATA_20260315_160000.BIN,1.0597,5.8438,1.7534,5.8438,1.7380,1,10.906,11.281
1343,DATA_20260315_160000.BIN,1.7534,6.4060,1.2021,6.4060,1.6500,1,11.289,13.001
1344,DATA_20260315_160000.BIN,1.2021,8.8020,0.7425,8.8020,4.2570,1,7.402,7.468
1345,DATA_20260315_160000.BIN,0.7425,6.8309,3.6761,6.8309,2.2110,1,9.160,9.491
1346,DATA_20260315_160000.BIN,3.6761,8.7564,0.6577,8.7564,4.4220,1,3.464,5.762
1347,DATA_20260315_160000.BIN,0.6577,5.3453,0.6878,5.3453,1.3750,1,7.181,7.189
1348,DATA_20260315_160000.BIN,0.6878,5.5822,1.0610,5.5822,1.7490,1,5.493,5.581
1349,DATA_20260315_160000.BIN,1.0610,6.1181,1.7282,6.1181,8.2390,1,5.955,6.289
1350,DATA_20260315_160000.BIN,1.7282,5.6061,2.4784,5.6061,3.1350,1,8.054,8.056
1351,DATA_20260315_160000.BIN,2.4784,5.3359,0.4550,5.3359,2.3210,1,8.277,8.287
1352,DATA_20260315_160000.BIN,0.4550,7.6807,1.0168,7.6807,6.0940,1,2.840,3.041
1353,DATA_20260315_160000.BIN,1.0168,5.1994,1.7796,5.1994,1.2650,1,4.899,7.512
1354,DATA_20260315_160000.BIN,0.5940,10.1139,1.2081,10.1139,6.1050,1,4.022,4.325
1355,DATA_20260315_160000.BIN,3.3886,6.9094,1.8023,6.9094,5.7200,1,6.076,6.199
1356,DATA_20260315_160000.BIN,1.8328,6.8848,1.2843,6.8848,2.2990,1,6.710,7.257
1357,DATA_20260315_160000.BIN,1.2843,3.7688,0.7971,3.7688,3.9710,1,8.284,10.918
1358,DATA_20260315_160000.BIN,0.7971,5.4405,1.2598,5.4405,1.7270,1,4.131,5.062
1359,DATA_20260315_160000.BIN,0.8487,7.4742,0.9565,7.4742,6.9190,1,3.360,3.742
1360,DATA_20260315_160000.BIN,0.7635,5.8368,2.5014,5.8368,2.5300,1,3.631,4.486
1361,DATA_20260315_160000.BIN,2.5014,10.3255,1.9931,10.3255,2.6290,1,7.036,7.771
1362,DATA_20260315_160000.BIN,0.9358,4.5967,0.9427,4.5967,3.4320,1,4.701,6.126
1363,DATA_20260315_160000.BIN,0.6477,9.7149,1.6604,9.7149,2.9150,1,2.365,2.992
1364,DATA_20260315_160000.BIN,0.8371,11.2341,4.6755,11.2341,7.3590,1,2.690,2.781
1365,DATA_20260315_160000.BIN,4.6755,10.0254,4.0649,10.0254,4.8180,1,7.767,8.532
1366,DATA_20260315_160000.BIN,0.9492,11.4977,8.7782,11.4977,6.7870,1,3.582,5.407
1367,DATA_20260315_160000.BIN,8.7782,14.0488,1.0223,14.0488,4.8180,1,10.925,11.750
1368,DATA_20260315_160000.BIN,1.0223,7.4532,1.4866,7.4532,1.8040,1,2.630,4.234
1369,DATA_20260315_160000.BIN,1.4866,19.5125,1.3794,19.5125,4.8730,1,3.352,4.139
1370,DATA_20260315_160000.BIN,0.5424,6.8484,1.0530,6.8484,2.1890,1,4.463,5.674
1371,DATA_20260315_160000.BIN,1.2598,7.1995,1.0500,7.1995,7.3590,1,6.281,8.036
1372,DATA_20260315_160000.BIN,1.0500,6.1529,1.0837,6.1529,2.8930,1,1.979,2.116
1373,DATA_20260315_160000.BIN,1.0837,6.5285,1.7716,6.5285,5.3680,1,0.900,0.984
1374,DATA_20260315_160000.BIN,1.7716,25.0376,20.5180,25.0376,5.6870,1,12.404,16.189
1375,DATA_20260315_160000.BIN,1.7062,7.7184,3.3115,7.7184,2.7390,1,3.451,3.586
1376,DATA_20260315_160000.BIN,3.3754,8.7917,1.3617,8.7917,3.7510,1,7.632,11.996
1377,DATA_20260315_160000.BIN,1.3617,10.2200,0.0469,10.2200,4.6970,1,7.970,9.977
1378,DATA_20260315_160000.BIN,0.0469,9.7447,0.3573,9.7447,4.3230,1,16.793,24.562
1379,DATA_20260315_160000.BIN,1.3642,12.6939,5.2827,12.6939,6.5010,1,5.729,9.463
1380,DATA_20260315_160000.BIN,5.2827,14.2236,9.6773,14.2236,3.1790,1,7.833,10.097
1381,DATA_20260315_160000.BIN,5.6226,14.0260,8.5399,14.0260,5.0050,1,20.602,28.643
1382,DATA_20260315_160000.BIN,11.5038,14.8769,7.7861,14.8769,3.5420,1,15.950,16.486
1383,DATA_20260315_160000.BIN,7.7861,14.2645,11.2123,14.2645,3.2010,1,9.970,10.028
1384,DATA_20260315_160000.BIN,11.2123,14.8456,11.8468,14.8456,1.9030,1,16.589,16.590
1385,DATA_20260315_160000.BIN,11.8468,15.4078,7.6358,15.4078,3.7620,1,15.137,15.200
1386,DATA_20260315_160000.BIN,7.6358,12.7646,9.0633,12.7646,1.7710,1,7.828,8.040
1387,DATA_20260315_160000.BIN,10.7731,15.3034,12.2609,15.3034,1.5400,1,7.633,8.763
1388,DATA_20260315_160000.BIN,12.2609,16.8379,8.9315,16.8379,2.9260,1,10.441,10.876
1389,DATA_20260315_160000.BIN,8.9315,13.3178,9.7822,13.3178,5.4560,1,4.303,4.641
1390,DATA_20260315_160000.BIN,11.1719,14.4045,9.8354,14.4045,1.6720,1,2.107,7.388
1391,DATA_20260315_160000.BIN,9.8354,14.1803,8.5388,14.1803,1.8040,1,6.017,6.019
1392,DATA_20260315_160000.BIN,8.5388,14.7348,11.1651,14.7348,1.8040,1,5.773,6.490
1393,DATA_20260315_160000.BIN,12.4645,20.5014,13.7380,20.5014,3.7400,1,3.960,7.880
1394,DATA_20260315_160000.BIN,13.7380,19.2331,11.9877,19.2331,2.2440,1,6.557,8.465
1395,DATA_20260315_160000.BIN,11.9877,16.0528,12.9435,16.0528,3.5310,1,12.838,13.564
1396,DATA_20260315_160000.BIN,12.9435,15.4993,11.1232,15.4993,6.0390,1,7.429,7.540
