cycle_idx,source_file,p0_r,p3_r,p7_r,amplitude,duration_s,validated,tilt_deg,q_error_deg
0,DATA_20260326_061419.BIN,18.5393,46.1824,13.1623,46.1824,9.4380,1,7.411,8.123
1,DATA_20260326_061419.BIN,13.1623,20.9761,10.9193,20.9761,5.1150,1,6.498,6.591
2,DATA_20260326_061419.BIN,10.9193,25.8142,1.9088,25.8142,4.9060,1,6.832,7.454
3,DATA_20260326_061419.BIN,1.9088,27.1353,15.4507,27.1353,7.0510,1,13.853,14.218
4,DATA_20260326_061419.BIN,19.0786,32.3945,14.4214,32.3945,6.3030,1,8.338,8.397
5,DATA_20260326_061419.BIN,10.4492,22.5854,7.9522,22.5854,5.7750,1,4.942,5.604
6,DATA_20260326_061419.BIN,7.9522,24.7874,7.7770,24.7874,3.2120,1,12.769,12.815
7,DATA_20260326_061419.BIN,7.1316,16.4983,4.6139,16.4983,3.5750,1,13.100,13.660
8,DATA_20260326_061419.BIN,5.1010,16.9985,4.5875,16.9985,3.3000,1,13.159,13.334
9,DATA_20260326_061419.BIN,4.3386,15.5448,8.0475,15.5448,5.7530,1,13.170,16.288
10,DATA_20260326_061419.BIN,8.6446,16.0009,9.7205,16.0009,4.4440,1,11.198,11.310
11,DATA_20260326_061419.BIN,3.4869,10.1008,3.5664,10.1008,6.1380,1,11.265,11.407
12,DATA_20260326_061419.BIN,3.5664,18.9252,5.9724,18.9252,8.3050,1,9.168,9.806
13,DATA_20260326_061419.BIN,5.9724,13.5468,2.7390,13.5468,4.2350,1,9.575,13.156
14,DATA_20260326_061419.BIN,5.3588,11.6290,3.5247,11.6290,3.7730,1,9.731,10.696
15,DATA_20260326_061419.BIN,3.5247,11.2917,1.9884,11.2917,1.7160,1,6.135,7.799
16,DATA_20260326_061419.BIN,4.7641,12.1769,4.5515,12.1769,8.1950,1,2.933,4.925
17,DATA_20260326_061419.BIN,6.7606,12.4985,3.1709,12.4985,9.0420,1,3.467,6.447
18,DATA_20260326_061419.BIN,6.4988,14.1197,7.3304,14.1197,6.6440,1,8.351,10.145
19,DATA_20260326_061419.BIN,1.8008,11.3429,4.3624,11.3429,1.8040,1,4.948,7.582
20,DATA_20260326_061419.BIN,8.1233,19.4570,8.5110,19.4570,7.0840,1,4.393,4.435
21,DATA_20260326_061419.BIN,7.2106,19.4335,5.5852,19.4335,6.6000,1,4.266,4.305
22,DATA_20260326_061419.BIN,6.1700,12.5425,2.0808,12.5425,8.0850,1,5.285,6.830
23,DATA_20260326_061419.BIN,2.0808,10.1634,3.3823,10.1634,5.0600,1,7.288,10.872
24,DATA_20260326_061419.BIN,4.1822,13.6664,1.3039,13.6664,5.0930,1,4.112,4.958
25,DATA_20260326_061419.BIN,4.3795,13.7476,1.5297,13.7476,7.9420,1,3.575,5.103
26,DATA_20260326_061419.BIN,0.5381,10.4457,3.5562,10.4457,7.2160,1,5.386,5.537
27,DATA_20260326_061419.BIN,3.5562,10.3884,1.6379,10.3884,6.7650,1,2.630,4.144
28,DATA_20260326_061419.BIN,1.6379,12.1812,2.3675,12.1812,5.3680,1,3.959,4.309
29,DATA_20260326_061419.BIN,2.3675,13.5484,2.7302,13.5484,3.5750,1,4.668,5.988
30,DATA_20260326_061419.BIN,2.7302,17.8987,0.5026,17.8987,8.1730,1,2.495,5.456
31,DATA_20260326_061419.BIN,0.5026,11.3602,4.7101,11.3602,8.2280,1,3.692,5.326
32,DATA_20260326_061419.BIN,1.2479,11.8272,1.4960,11.8272,7.6340,1,4.481,4.530
33,DATA_20260326_061419.BIN,1.3694,8.1202,1.5680,8.1202,4.8290,1,3.450,8.830
34,DATA_20260326_061419.BIN,1.6762,16.5220,1.3315,16.5220,5.9510,1,3.186,3.501
35,DATA_20260326_061419.BIN,1.3315,11.3148,1.8102,11.3148,1.9140,1,1.389,3.577
36,DATA_20260326_061419.BIN,1.8102,17.7890,1.7121,17.7890,6.6990,1,3.880,4.061
37,DATA_20260326_061419.BIN,1.9582,17.7037,3.0108,17.7037,8.7120,1,2.600,2.628
38,DATA_20260326_061419.BIN,3.0108,13.8789,0.2693,13.8789,2.7280,1,3.775,4.887
39,DATA_20260326_061419.BIN,0.2693,9.2424,1.1702,9.2424,3.2450,1,3.482,7.649
40,DATA_20260326_061419.BIN,1.1702,7.1224,0.4561,7.1224,9.9000,1,3.439,6.029
41,DATA_20260326_061419.BIN,3.6288,14.9924,2.5188,14.9924,5.1260,1,2.649,2.660
42,DATA_20260326_061419.BIN,4.3079,11.3302,0.5542,11.3302,5.7420,1,3.137,3.284
43,DATA_20260326_061419.BIN,0.5542,10.0884,3.0357,10.0884,4.6970,1,0.708,5.734
44,DATA_20260326_061419.BIN,3.0357,10.6762,3.4671,10.6762,5.7200,1,4.962,4.963
45,DATA_20260326_061419.BIN,3.4171,10.4861,2.1140,10.4861,5.0600,1,3.253,3.269
46,DATA_20260326_061419.BIN,0.2285,7.2175,1.3609,7.2175,9.4490,1,2.020,2.213
47,DATA_20260326_061419.BIN,3.5731,14.8746,5.0785,14.8746,7.4910,1,4.135,6.076
48,DATA_20260326_061419.BIN,1.3585,7.3187,0.5471,7.3187,2.7830,1,1.107,3.557
49,DATA_20260326_061419.BIN,1.0394,8.6256,0.2926,8.6256,3.6410,1,2.115,3.614
50,DATA_20260326_061419.BIN,0.2926,8.4941,1.8504,8.4941,7.7990,1,3.848,8.156
51,DATA_20260326_061419.BIN,0.4102,9.4934,0.9622,9.4934,6.5340,1,4.465,13.418
52,DATA_20260326_061419.BIN,0.9622,8.9707,0.9451,8.9707,5.8960,1,4.967,8.554
53,DATA_20260326_061419.BIN,3.2885,10.9908,3.6680,10.9908,6.2150,1,4.164,6.141
54,DATA_20260326_061419.BIN,2.5156,14.1515,3.9767,14.1515,3.8500,1,2.628,3.695
55,DATA_20260326_061419.BIN,3.3764,13.6526,0.4407,13.6526,5.6870,1,3.374,3.677
56,DATA_20260326_061419.BIN,0.4407,9.0139,0.2039,9.0139,3.4210,1,0.545,2.173
57,DATA_20260326_061419.BIN,0.2039,10.8368,4.2404,10.8368,7.6450,1,3.294,9.665
58,DATA_20260326_061419.BIN,1.2659,7.1853,0.6899,7.1853,9.5370,1,1.751,4.150
59,DATA_20260326_061419.BIN,1.5972,11.3726,1.2744,11.3726,7.9860,1,4.761,8.996
60,DATA_20260326_061419.BIN,1.2744,9.2625,0.2562,9.2625,7.2270,1,2.537,2.543
61,DATA_20260326_061419.BIN,1.6808,12.3927,0.3800,12.3927,9.4160,1,1.057,1.149
62,DATA_20260326_061419.BIN,0.3800,14.0648,0.1865,14.0648,5.7640,1,2.744,6.135
63,DATA_20260326_061419.BIN,1.2018,12.8028,5.2277,12.8028,3.7840,1,2.790,6.002
64,DATA_20260326_061419.BIN,0.9194,12.9229,6.9972,12.9229,7.1830,1,3.617,8.362
65,DATA_20260326_061419.BIN,5.2306,11.8757,0.4703,11.8757,6.8860,1,6.826,7.716
66,DATA_20260326_061419.BIN,1.0566,16.5588,7.3202,16.5588,5.4560,1,2.695,4.451
67,DATA_20260326_061419.BIN,7.3202,13.3606,6.5217,13.3606,6.8750,1,8.816,9.825
68,DATA_20260326_061419.BIN,6.5217,13.2985,7.7376,13.2985,7.0840,1,7.009,9.274
69,DATA_20260326_061419.BIN,7.7376,14.5971,4.1447,14.5971,8.0630,1,7.633,8.831
70,DATA_20260326_061419.BIN,4.1447,15.3209,5.0790,15.3209,8.4150,1,2.418,4.803
71,DATA_20260326_061419.BIN,5.0790,14.3669,3.4947,14.3669,6.5670,1,3.338,5.746
72,DATA_20260326_061419.BIN,3.4947,15.6776,8.5527,15.6776,6.0060,1,1.554,3.134
73,DATA_20260326_061419.BIN,8.5527,16.9343,8.2590,16.9343,5.1700,1,8.348,8.592
74,DATA_20260326_061419.BIN,5.0164,17.5351,5.0165,17.5351,4.7190,1,2.635,3.713
75,DATA_20260326_061419.BIN,5.0165,12.0947,2.5030,12.0947,3.4980,1,2.616,2.621
76,DATA_20260326_061419.BIN,2.5030,17.5678,5.4550,17.5678,2.5960,1,2.945,5.470
77,DATA_20260326_061419.BIN,5.4550,13.7448,3.9972,13.7448,3.4320,1,2.968,3.032
78,DATA_20260326_061419.BIN,3.9972,13.2096,2.9810,13.2096,6.6330,1,1.638,4.859
79,DATA_20260326_061419.BIN,4.7488,16.3586,3.5626,16.3586,5.1370,1,5.533,8.772
80,DATA_20260326_061419.BIN,0.8043,9.4474,2.5796,9.4474,2.7720,1,4.061,4.696
81,DATA_20260326_061419.BIN,3.9127,9.3040,0.3848,9.3040,3.7510,1,4.933,6.083
82,DATA_20260326_061419.BIN,2.5189,16.6871,6.3327,16.6871,4.0480,1,5.861,12.090
83,DATA_20260326_061419.BIN,6.3327,11.3262,1.6520,11.3262,5.3900,1,5.306,6.415
84,DATA_20260326_061419.BIN,1.6520,10.4156,1.0632,10.4156,8.0740,1,4.484,7.289
85,DATA_20260326_061419.BIN,6.8263,13.9674,3.7986,13.9674,3.2780,1,4.751,5.456
86,DATA_20260326_061419.BIN,4.0515,14.1659,2.6322,14.1659,3.1900,1,0.826,3.070
87,DATA_20260326_061419.BIN,3.6643,13.9718,7.5742,13.9718,4.9170,1,1.579,1.706
88,DATA_20260326_061419.BIN,7.5742,16.3630,5.9272,16.3630,4.6640,1,5.692,5.824
89,DATA_20260326_061419.BIN,5.9272,18.2637,5.6174,18.2637,9.4710,1,3.921,6.194
90,DATA_20260326_061419.BIN,5.6174,10.6461,3.0949,10.6461,9.8890,1,3.427,4.127
91,DATA_20260326_061419.BIN,3.0949,9.8074,3.9774,9.8074,2.3210,1,7.853,7.880
92,DATA_20260326_061419.BIN,3.5919,12.9708,1.5106,12.9708,7.2600,1,1.431,1.580
93,DATA_20260326_061419.BIN,1.5106,14.9186,4.2923,14.9186,2.0020,1,5.567,5.567
94,DATA_20260326_061419.BIN,4.2923,9.7336,1.2921,9.7336,9.8450,1,3.465,3.798
95,DATA_20260326_061419.BIN,1.2921,12.5735,3.8663,12.5735,1.5840,1,4.199,5.618
96,DATA_20260326_061419.BIN,3.8663,16.4354,4.7565,16.4354,4.2240,1,3.855,3.908
97,DATA_20260326_061419.BIN,4.7565,13.0906,1.0427,13.0906,4.0700,1,2.318,3.075
98,DATA_20260326_061419.BIN,1.0427,16.4703,3.4213,16.4703,2.4640,1,1.832,2.183
99,DATA_20260326_061419.BIN,3.4213,9.6200,1.7959,9.6200,2.2440,1,3.256,7.581
100,DATA_20260326_061419.BIN,5.9478,14.9133,5.2295,14.9133,4.3340,1,5.199,7.249
101,DATA_20260326_061419.BIN,5.2295,13.5833,1.0446,13.5833,6.4350,1,8.297,16.017
102,DATA_20260326_061419.BIN,1.0446,8.9441,1.5999,8.9441,1.6610,1,2.173,2.714
103,DATA_20260326_061419.BIN,1.5999,7.0150,0.7848,7.0150,5.0050,1,5.086,5.504
104,DATA_20260326_061419.BIN,0.7848,9.7960,1.4043,9.7960,4.0590,1,2.495,3.035
105,DATA_20260326_061419.BIN,1.4043,12.9773,1.7331,12.9773,7.8430,1,2.012,4.303
106,DATA_20260326_061419.BIN,2.6508,18.5057,3.2350,18.5057,2.8820,1,2.345,2.413
107,DATA_20260326_061419.BIN,3.2350,15.0522,2.1534,15.0522,9.8890,1,1.346,1.739
108,DATA_20260326_061419.BIN,2.1534,18.0936,1.7486,18.0936,9.1190,1,3.943,12.466
109,DATA_20260326_061419.BIN,1.7486,17.5238,9.7011,17.5238,3.0140,1,1.292,6.133
110,DATA_20260326_061419.BIN,6.8405,21.5182,1.6276,21.5182,3.5420,1,2.301,14.973
111,DATA_20260326_061419.BIN,1.6276,7.6558,1.7143,7.6558,2.5850,1,2.058,7.680
112,DATA_20260326_061419.BIN,5.0181,24.9412,14.8259,24.9412,8.9760,1,5.055,15.519
113,DATA_20260326_061419.BIN,8.8945,17.0577,4.4046,17.0577,3.1350,1,9.275,10.450
114,DATA_20260326_061419.BIN,4.4046,11.7766,1.4349,11.7766,2.4750,1,3.765,6.370
115,DATA_20260326_061419.BIN,1.4349,22.3390,6.5882,22.3390,5.3130,1,2.370,7.250
116,DATA_20260326_061419.BIN,8.2115,18.0275,0.5506,18.0275,4.5320,1,7.135,7.138
117,DATA_20260326_061419.BIN,6.4978,18.8661,0.1182,18.8661,5.8960,1,5.321,7.091
118,DATA_20260326_061419.BIN,8.0773,13.9754,7.2593,13.9754,5.5000,1,5.291,6.143
119,DATA_20260326_061419.BIN,7.2593,19.8211,2.9279,19.8211,5.0710,1,4.071,5.886
120,DATA_20260326_061419.BIN,2.9279,20.0485,7.1912,20.0485,7.4360,1,0.558,4.531
121,DATA_20260326_061419.BIN,2.6501,11.2699,1.8501,11.2699,1.2320,1,1.398,1.913
122,DATA_20260326_061419.BIN,1.8501,10.6336,0.6964,10.6336,7.6230,1,4.361,7.751
123,DATA_20260326_061419.BIN,1.9077,11.1448,3.2746,11.1448,2.1010,1,3.239,5.925
124,DATA_20260326_061419.BIN,1.1822,14.9532,5.4482,14.9532,3.3880,1,5.935,6.526
125,DATA_20260326_061419.BIN,5.4482,16.5333,3.4535,16.5333,6.6990,1,2.006,4.827
126,DATA_20260326_061419.BIN,3.4535,17.6797,6.2638,17.6797,6.5230,1,1.669,2.343
127,DATA_20260326_061419.BIN,6.2638,13.0233,1.2388,13.0233,8.9100,1,4.435,4.603
128,DATA_20260326_061419.BIN,1.2388,10.5196,1.2253,10.5196,6.7760,1,1.492,5.712
129,DATA_20260326_061419.BIN,2.6866,22.8570,6.3148,22.8570,8.5690,1,2.743,3.017
130,DATA_20260326_061419.BIN,6.3148,18.3847,10.9205,18.3847,2.7390,1,6.094,6.783
131,DATA_20260326_061419.BIN,5.9815,16.0815,3.5257,16.0815,1.3640,1,6.957,10.768
132,DATA_20260326_061419.BIN,0.6716,10.6262,1.9385,10.6262,4.0920,1,5.932,9.914
133,DATA_20260326_061419.BIN,2.3371,15.6953,2.2716,15.6953,3.1020,1,3.609,10.167
134,DATA_20260326_061419.BIN,2.2716,18.2745,8.0614,18.2745,5.7420,1,3.146,4.532
135,DATA_20260326_061419.BIN,8.0614,20.3175,13.0113,20.3175,3.9820,1,8.677,9.596
136,DATA_20260326_061419.BIN,2.2641,20.9319,0.4739,20.9319,4.1470,1,2.841,13.099
137,DATA_20260326_061419.BIN,0.4739,19.2025,1.2814,19.2025,9.4270,1,0.606,6.979
138,DATA_20260326_061419.BIN,1.2814,17.6113,9.4991,17.6113,2.5630,1,1.427,8.812
139,DATA_20260326_061419.BIN,9.4991,15.4698,5.1260,15.4698,4.0260,1,9.164,12.097
140,DATA_20260326_061419.BIN,5.1260,17.9184,3.2027,17.9184,8.4700,1,5.206,6.892
141,DATA_20260326_061419.BIN,3.2027,16.4004,3.9074,16.4004,5.9400,1,4.029,10.677
142,DATA_20260326_061419.BIN,1.8615,29.7829,0.1404,29.7829,5.7640,1,0.940,1.734
143,DATA_20260326_061419.BIN,0.1404,16.2370,3.8864,16.2370,8.4700,1,1.990,3.235
144,DATA_20260326_061419.BIN,6.6418,17.2537,7.2917,17.2537,3.6410,1,5.214,6.925
145,DATA_20260326_061419.BIN,7.2917,18.5732,5.9820,18.5732,2.4530,1,6.762,7.072
146,DATA_20260326_061419.BIN,5.9820,18.7007,1.6711,18.7007,4.0700,1,6.310,6.625
147,DATA_20260326_061419.BIN,3.1870,22.9162,12.2687,22.9162,6.0390,1,0.797,1.520
148,DATA_20260326_061419.BIN,12.2687,24.0858,7.7889,24.0858,4.3890,1,13.106,14.348
149,DATA_20260326_061419.BIN,7.7889,22.0126,9.5755,22.0126,3.2010,1,8.188,8.190
150,DATA_20260326_061419.BIN,2.9431,17.6826,2.4899,17.6826,5.2250,1,2.031,3.375
151,DATA_20260326_061419.BIN,2.4899,19.3907,3.8668,19.3907,6.2700,1,3.740,10.528
152,DATA_20260326_061419.BIN,3.8668,19.2623,1.5082,19.2623,4.4660,1,3.287,11.949
153,DATA_20260326_061419.BIN,1.5082,22.2108,6.4798,22.2108,6.1710,1,1.178,8.480
154,DATA_20260326_061419.BIN,6.4798,13.8417,4.3654,13.8417,4.9610,1,5.502,6.227
155,DATA_20260326_061419.BIN,2.7103,16.5537,6.4175,16.5537,7.4470,1,2.931,8.776
156,DATA_20260326_061419.BIN,6.4175,14.9563,8.3611,14.9563,2.3540,1,6.511,7.146
157,DATA_20260326_061419.BIN,8.3611,15.0276,3.0017,15.0276,1.7930,1,9.092,9.177
158,DATA_20260326_061419.BIN,4.1079,12.6308,0.4409,12.6308,5.6980,1,6.811,16.438
159,DATA_20260326_061419.BIN,0.4409,11.1941,4.0243,11.1941,5.6210,1,5.547,7.740
160,DATA_20260326_061419.BIN,4.0243,14.2406,3.7090,14.2406,2.1120,1,6.287,16.059
161,DATA_20260326_061419.BIN,3.7090,18.4904,9.7756,18.4904,5.8300,1,3.861,3.981
162,DATA_20260326_061419.BIN,9.7756,16.2098,3.8110,16.2098,2.9150,1,9.118,9.301
163,DATA_20260326_061419.BIN,5.8191,16.5355,10.5825,16.5355,3.8720,1,3.164,3.169
164,DATA_20260326_061419.BIN,4.0745,17.9143,7.7463,17.9143,1.7930,1,2.543,4.761
165,DATA_20260326_061419.BIN,7.7463,14.3591,1.1591,14.3591,3.2890,1,5.855,6.382
166,DATA_20260326_061419.BIN,1.1591,15.5960,8.1813,15.5960,1.8370,1,2.782,9.411
167,DATA_20260326_061419.BIN,8.1813,16.4649,5.0525,16.4649,4.2350,1,4.201,16.494
168,DATA_20260326_061419.BIN,5.0525,24.0155,5.8961,24.0155,4.9390,1,0.751,1.951
169,DATA_20260326_061419.BIN,3.6943,15.2823,7.4510,15.2823,2.2110,1,3.769,3.808
170,DATA_20260326_061419.BIN,9.6661,19.5790,7.6959,19.5790,2.6730,1,6.934,6.934
171,DATA_20260326_061419.BIN,4.9067,20.0347,2.7118,20.0347,4.5210,1,3.400,4.395
172,DATA_20260326_061419.BIN,2.7118,20.4228,2.2474,20.4228,3.1350,1,6.841,9.538
173,DATA_20260326_061419.BIN,2.2474,8.7272,2.5610,8.7272,4.0920,1,3.228,7.194
174,DATA_20260326_061419.BIN,2.5610,13.7854,1.9946,13.7854,5.2360,1,2.431,3.463
175,DATA_20260326_061419.BIN,1.3381,8.6448,0.9125,8.6448,3.2340,1,2.523,2.568
176,DATA_20260326_061419.BIN,0.9125,17.0648,10.0582,17.0648,5.4010,1,3.647,5.289
177,DATA_20260326_061419.BIN,4.2486,16.3184,4.8037,16.3184,7.5020,1,2.862,2.863
178,DATA_20260326_061419.BIN,11.3699,19.8244,12.3335,19.8244,3.4100,1,10.653,10.695
179,DATA_20260326_061419.BIN,9.8601,25.3062,15.5340,25.3062,5.9510,1,7.910,7.931
180,DATA_20260326_061419.BIN,10.3005,22.1179,8.6306,22.1179,2.4860,1,6.510,8.191
181,DATA_20260326_061419.BIN,1.3733,18.8802,12.1322,18.8802,4.6970,1,3.299,14.208
182,DATA_20260326_061419.BIN,12.1322,20.1324,12.7584,20.1324,5.1260,1,7.820,10.400
183,DATA_20260326_061419.BIN,12.9333,20.0670,11.4493,20.0670,4.9390,1,9.149,9.288
184,DATA_20260326_061419.BIN,8.6387,18.8228,8.9692,18.8228,4.4220,1,5.305,7.513
185,DATA_20260326_061419.BIN,5.0266,20.4010,2.8475,20.4010,8.6350,1,6.110,14.102
186,DATA_20260326_061419.BIN,5.7476,18.7518,13.4607,18.7518,2.6400,1,5.229,12.224
187,DATA_20260326_061419.BIN,13.4607,19.2499,0.5233,19.2499,1.9470,1,12.583,16.802
188,DATA_20260326_061419.BIN,12.7132,21.1682,10.5433,21.1682,4.7080,1,6.876,8.620
189,DATA_20260326_061419.BIN,8.5588,16.7701,8.3134,16.7701,5.2140,1,1.823,7.683
190,DATA_20260326_061419.BIN,6.4865,17.7057,10.5665,17.7057,4.8730,1,9.133,9.736
191,DATA_20260326_061419.BIN,12.2672,19.7175,4.0174,19.7175,2.1450,1,19.352,21.363
192,DATA_20260326_061419.BIN,4.0174,17.9621,8.9597,17.9621,5.5550,1,6.680,10.622
193,DATA_20260326_061419.BIN,12.8865,26.6468,14.1148,26.6468,1.6060,1,8.673,9.924
194,DATA_20260326_061419.BIN,14.1148,24.2465,9.0267,24.2465,3.3550,1,18.775,18.856
195,DATA_20260326_061419.BIN,9.0267,24.1786,10.1311,24.1786,6.6330,1,5.544,6.699
196,DATA_20260326_061419.BIN,10.1311,23.4338,16.3306,23.4338,5.9730,1,9.843,9.845
197,DATA_20260326_061419.BIN,4.4575,14.7258,7.9755,14.7258,1.6720,1,8.712,8.723
198,DATA_20260326_061419.BIN,7.9755,17.1634,7.7556,17.1634,3.3990,1,1.094,10.154
199,DATA_20260326_061419.BIN,7.7556,21.8468,5.0081,21.8468,7.9750,1,9.511,12.753
200,DATA_20260326_061419.BIN,5.0081,30.4258,6.9368,30.4258,7.8100,1,9.207,14.080
201,DATA_20260326_061419.BIN,6.9368,22.8293,16.4242,22.8293,2.5850,1,8.662,15.198
202,DATA_20260326_061419.BIN,10.5613,18.9400,6.4702,18.9400,2.7610,1,9.063,9.833
203,DATA_20260326_061419.BIN,15.7050,24.5616,14.9027,24.5616,4.3670,1,14.141,14.503
204,DATA_20260326_061419.BIN,9.6457,20.7496,2.9735,20.7496,5.1810,1,10.471,12.159
205,DATA_20260326_070000.BIN,31.0668,44.2965,33.5332,44.2965,6.7540,1,7.267,8.271
206,DATA_20260326_070000.BIN,34.1389,48.1895,30.5592,48.1895,6.4460,1,7.442,7.442
207,DATA_20260326_070000.BIN,36.9175,57.5247,46.7780,57.5247,3.4430,1,5.924,5.952
208,DATA_20260326_070000.BIN,46.7780,61.6641,34.9924,61.6641,7.4250,1,12.294,12.294
209,DATA_20260326_070000.BIN,37.1346,45.9526,29.5612,45.9526,6.5340,1,7.573,11.594
210,DATA_20260326_070000.BIN,29.5612,44.6431,35.1563,44.6431,7.8210,1,9.649,9.682
211,DATA_20260326_070000.BIN,38.0548,47.8664,35.1891,47.8664,4.8290,1,5.427,5.688
212,DATA_20260326_070000.BIN,34.6234,44.2683,33.8868,44.2683,4.0040,1,13.668,16.294
213,DATA_20260326_070000.BIN,32.6880,44.8055,31.4835,44.8055,6.1270,1,4.612,5.275
214,DATA_20260326_070000.BIN,37.5031,47.2067,36.7254,47.2067,2.7940,1,3.376,10.948
215,DATA_20260326_070000.BIN,33.6494,42.1098,32.8897,42.1098,5.2140,1,2.705,4.169
216,DATA_20260326_070000.BIN,32.0838,48.7122,30.8955,48.7122,4.1030,1,4.036,6.553
217,DATA_20260326_070000.BIN,28.4066,43.7422,33.3260,43.7422,5.5880,1,7.991,8.080
218,DATA_20260326_070000.BIN,35.3788,44.5557,34.2097,44.5557,3.9820,1,6.415,7.357
219,DATA_20260326_070000.BIN,34.2097,42.8725,32.0830,42.8725,2.5630,1,0.323,4.302
220,DATA_20260326_070000.BIN,32.0830,67.9249,32.2622,67.9249,9.0640,1,7.071,10.028
221,DATA_20260326_070000.BIN,32.2622,52.8903,32.5566,52.8903,2.7060,1,2.692,3.855
222,DATA_20260326_070000.BIN,32.5566,41.5980,27.4919,41.5980,6.9410,1,3.750,6.710
223,DATA_20260326_070000.BIN,31.6738,46.4802,32.7117,46.4802,3.8940,1,8.110,8.412
224,DATA_20260326_070000.BIN,32.7117,62.1060,29.7420,62.1060,8.8220,1,2.878,3.277
225,DATA_20260326_070000.BIN,29.7420,54.1699,37.4555,54.1699,2.3320,1,7.903,8.042
226,DATA_20260326_070000.BIN,37.4555,51.3993,27.9396,51.3993,6.6000,1,21.291,21.523
227,DATA_20260326_070000.BIN,23.2066,59.6012,29.1505,59.6012,3.9820,1,18.483,19.747
228,DATA_20260326_070000.BIN,29.1505,37.5805,29.5650,37.5805,4.4770,1,4.587,19.992
229,DATA_20260326_070000.BIN,29.5650,40.9779,31.9699,40.9779,5.1700,1,3.316,4.585
230,DATA_20260326_070000.BIN,31.9699,45.3115,23.8356,45.3115,6.2370,1,3.489,6.328
231,DATA_20260326_070000.BIN,23.8356,47.7624,16.9779,47.7624,3.7070,1,8.838,8.848
232,DATA_20260326_070000.BIN,27.9318,41.9349,31.1103,41.9349,7.1170,1,5.394,11.299
233,DATA_20260326_070000.BIN,27.7166,49.1852,39.3415,49.1852,2.7940,1,4.785,6.086
234,DATA_20260326_070000.BIN,28.6774,40.8326,27.8529,40.8326,3.9600,1,2.670,3.629
235,DATA_20260326_070000.BIN,26.5962,35.2544,25.1782,35.2544,6.2040,1,11.290,12.009
236,DATA_20260326_070000.BIN,22.5401,36.9150,27.1708,36.9150,3.7730,1,8.088,16.743
237,DATA_20260326_070000.BIN,43.3085,52.0414,32.5988,52.0414,2.8930,1,24.267,24.403
238,DATA_20260326_070000.BIN,32.5988,78.5596,43.7625,78.5596,6.0720,1,6.633,15.544
239,DATA_20260326_070000.BIN,43.7625,60.0162,23.8386,60.0162,8.4370,1,28.437,28.798
240,DATA_20260326_070000.BIN,42.6064,54.4752,29.7472,54.4752,3.6300,1,17.406,18.909
241,DATA_20260326_070000.BIN,29.7472,43.4725,28.1868,43.4725,1.7710,1,4.339,5.630
242,DATA_20260326_070000.BIN,41.6509,78.7286,30.5586,78.7286,5.6870,1,16.305,21.048
243,DATA_20260326_070000.BIN,33.8707,69.1234,42.8608,69.1234,3.2560,1,0.873,4.573
244,DATA_20260326_070000.BIN,42.8608,68.4640,42.5835,68.4640,9.2950,1,13.486,14.781
245,DATA_20260326_070000.BIN,18.5102,52.1229,29.0577,52.1229,2.9810,1,18.820,19.206
246,DATA_20260326_070000.BIN,24.6601,63.3245,31.1230,63.3245,3.0470,1,12.145,13.090
247,DATA_20260326_070000.BIN,31.1230,58.2260,26.0251,58.2260,3.5090,1,5.795,8.824
248,DATA_20260326_070000.BIN,26.0251,50.7835,37.7903,50.7835,5.1590,1,6.966,7.072
249,DATA_20260326_070000.BIN,32.9359,72.3781,48.9215,72.3781,2.7610,1,6.626,7.591
250,DATA_20260326_070000.BIN,48.9215,77.9325,26.8878,77.9325,7.1720,1,24.537,26.413
251,DATA_20260326_070000.BIN,26.8878,37.6406,23.8745,37.6406,2.8490,1,13.090,13.277
252,DATA_20260326_070000.BIN,39.9100,66.2175,34.3710,66.2175,2.3320,1,10.830,10.914
253,DATA_20260326_070000.BIN,34.3710,75.0300,39.9429,75.0300,5.8080,1,6.620,8.493
254,DATA_20260326_070000.BIN,39.9429,60.3112,20.3571,60.3112,5.2690,1,9.234,9.624
255,DATA_20260326_070000.BIN,20.3571,36.1735,26.9086,36.1735,3.2670,1,16.338,18.114
256,DATA_20260326_070000.BIN,26.9086,54.7274,34.7500,54.7274,8.3270,1,8.295,11.507
257,DATA_20260326_070000.BIN,34.7500,74.9448,23.0929,74.9448,8.7890,1,6.188,12.787
258,DATA_20260326_070000.BIN,23.0929,62.8714,30.6429,62.8714,5.8850,1,11.544,12.424
259,DATA_20260326_070000.BIN,30.6429,53.3846,27.2368,53.3846,7.1280,1,4.341,4.952
260,DATA_20260326_070000.BIN,23.3524,61.2181,51.6068,61.2181,5.5110,1,11.550,11.988
261,DATA_20260326_070000.BIN,51.6068,71.5881,62.0692,71.5881,5.1260,1,29.051,29.784
262,DATA_20260326_070000.BIN,62.0692,76.4383,57.7458,76.4383,6.1380,1,43.284,46.380
263,DATA_20260326_070000.BIN,57.7458,70.8830,51.9308,70.8830,6.0280,1,33.634,38.248
264,DATA_20260326_070000.BIN,51.9308,73.6032,43.7859,73.6032,5.6320,1,17.364,17.367
265,DATA_20260326_070000.BIN,43.7859,69.5564,23.5315,69.5564,3.8940,1,10.284,14.209
266,DATA_20260326_070000.BIN,22.5380,50.8407,31.6736,50.8407,5.3350,1,21.871,22.366
267,DATA_20260326_070000.BIN,21.5254,31.9705,20.5427,31.9705,7.1170,1,21.869,23.170
268,DATA_20260326_070000.BIN,20.5427,30.9118,17.2690,30.9118,4.2130,1,19.676,19.735
269,DATA_20260326_070000.BIN,23.6639,40.9428,27.2009,40.9428,5.3240,1,13.496,13.548
270,DATA_20260326_070000.BIN,27.2009,42.0761,28.0245,42.0761,4.3450,1,7.582,7.592
271,DATA_20260326_070000.BIN,28.0245,43.6503,32.8443,43.6503,2.1230,1,6.310,6.442
272,DATA_20260326_070000.BIN,32.8443,82.0398,22.7621,82.0398,5.9180,1,4.431,10.529
273,DATA_20260326_070000.BIN,21.5841,32.8826,21.5663,32.8826,9.0200,1,13.844,14.264
274,DATA_20260326_070000.BIN,21.5663,35.6886,27.5680,35.6886,4.0150,1,12.862,13.221
275,DATA_20260326_070000.BIN,32.0050,54.6840,30.2341,54.6840,6.4020,1,6.247,6.252
276,DATA_20260326_070000.BIN,30.2341,40.9080,28.7076,40.9080,4.9390,1,3.608,5.084
277,DATA_20260326_070000.BIN,34.2346,59.1782,32.4968,59.1782,2.9810,1,19.595,21.606
278,DATA_20260326_070000.BIN,32.4968,51.6714,31.1476,51.6714,3.3880,1,5.351,5.602
279,DATA_20260326_070000.BIN,54.6682,75.4889,19.8074,75.4889,4.4550,1,32.807,34.731
280,DATA_20260326_070000.BIN,19.8074,40.1458,25.1802,40.1458,6.3800,1,18.958,20.783
281,DATA_20260326_070000.BIN,25.1802,42.9893,30.7409,42.9893,1.3530,1,10.617,11.119
282,DATA_20260326_070000.BIN,30.7409,74.7033,26.5026,74.7033,6.8750,1,5.129,13.679
283,DATA_20260326_070000.BIN,20.9361,35.1606,21.9528,35.1606,4.0370,1,15.923,17.034
284,DATA_20260326_070000.BIN,20.8966,35.8732,20.7184,35.8732,1.6940,1,18.968,19.043
285,DATA_20260326_070000.BIN,20.7184,63.5646,52.7624,63.5646,3.8940,1,16.858,17.945
286,DATA_20260326_070000.BIN,52.2354,66.6922,52.0224,66.6922,9.4380,1,36.181,36.186
287,DATA_20260326_070000.BIN,52.0224,62.8974,28.9063,62.8974,4.5980,1,31.275,31.275
288,DATA_20260326_070000.BIN,28.9063,39.9547,19.3532,39.9547,4.9940,1,6.960,6.960
289,DATA_20260326_070000.BIN,19.3532,33.9692,22.5484,33.9692,8.2500,1,14.421,15.004
290,DATA_20260326_070000.BIN,22.5484,33.0994,19.5021,33.0994,3.8390,1,21.446,21.450
291,DATA_20260326_070000.BIN,19.5021,30.8337,16.6943,30.8337,4.9390,1,14.773,15.679
292,DATA_20260326_070000.BIN,11.1223,29.3111,17.6528,29.3111,5.7860,1,22.911,22.912
293,DATA_20260326_070000.BIN,17.6528,32.4528,23.0230,32.4528,4.1140,1,10.446,15.628
294,DATA_20260326_070000.BIN,14.8815,36.1791,11.8880,36.1791,3.1350,1,13.591,13.653
295,DATA_20260326_070000.BIN,11.8880,40.5967,16.8960,40.5967,6.9300,1,19.403,19.422
296,DATA_20260326_070000.BIN,16.8960,51.2469,15.9612,51.2469,7.3480,1,7.745,9.636
297,DATA_20260326_070000.BIN,25.0345,56.3098,47.2232,56.3098,4.9500,1,17.055,18.670
298,DATA_20260326_070000.BIN,47.2232,55.1077,23.0690,55.1077,5.8850,1,32.192,39.648
299,DATA_20260326_070000.BIN,23.0690,60.9381,20.9698,60.9381,9.2730,1,6.458,8.767
300,DATA_20260326_070000.BIN,19.3370,29.5482,18.6772,29.5482,9.0200,1,6.132,6.255
301,DATA_20260326_070000.BIN,18.5384,32.3367,19.6284,32.3367,2.8160,1,6.715,7.250
302,DATA_20260326_070000.BIN,19.6284,36.0504,15.9034,36.0504,4.9500,1,4.697,4.894
303,DATA_20260326_070000.BIN,15.9034,33.5914,23.6061,33.5914,3.1350,1,9.722,11.426
304,DATA_20260326_070000.BIN,14.4893,28.7894,17.5699,28.7894,7.6120,1,9.598,9.649
305,DATA_20260326_070000.BIN,11.3267,28.4202,19.2304,28.4202,4.1360,1,12.743,12.810
306,DATA_20260326_070000.BIN,19.2304,26.9881,16.0396,26.9881,4.9060,1,3.712,8.429
307,DATA_20260326_070000.BIN,16.0396,34.2539,17.5661,34.2539,7.2270,1,9.533,13.169
308,DATA_20260326_070000.BIN,17.5661,29.9594,19.7258,29.9594,4.2900,1,6.157,7.361
309,DATA_20260326_070000.BIN,19.7258,33.0412,17.3850,33.0412,8.4040,1,5.072,5.783
310,DATA_20260326_070000.BIN,11.5028,21.2828,11.5260,21.2828,3.3550,1,10.934,11.065
311,DATA_20260326_070000.BIN,11.5260,26.5587,13.8988,26.5587,8.2720,1,10.326,10.651
312,DATA_20260326_070000.BIN,13.8988,43.4005,13.1771,43.4005,6.8640,1,8.727,8.928
313,DATA_20260326_070000.BIN,13.1771,30.7579,16.0905,30.7579,1.8150,1,5.614,7.707
314,DATA_20260326_070000.BIN,16.0905,33.0177,11.8027,33.0177,3.4540,1,6.674,9.610
315,DATA_20260326_070000.BIN,11.8027,26.6040,11.5207,26.6040,3.6740,1,7.833,9.276
316,DATA_20260326_070000.BIN,11.5207,25.0430,16.3705,25.0430,7.2270,1,5.604,5.860
317,DATA_20260326_070000.BIN,16.3705,25.5448,12.5581,25.5448,3.3330,1,1.037,8.420
318,DATA_20260326_070000.BIN,17.1730,30.7371,12.5377,30.7371,5.5550,1,10.187,10.314
319,DATA_20260326_070000.BIN,13.9016,40.6901,20.4657,40.6901,4.0810,1,2.129,4.539
320,DATA_20260326_070000.BIN,20.4657,47.1775,15.4601,47.1775,9.5040,1,6.981,7.459
321,DATA_20260326_070000.BIN,15.4601,24.6324,15.8321,24.6324,7.9090,1,5.032,6.189
322,DATA_20260326_070000.BIN,15.1200,28.4835,10.6189,28.4835,6.1270,1,7.157,7.486
323,DATA_20260326_070000.BIN,16.1471,37.4703,28.9365,37.4703,4.4440,1,0.942,4.852
324,DATA_20260326_070000.BIN,28.9365,39.5360,20.4865,39.5360,2.7940,1,17.070,19.062
325,DATA_20260326_070000.BIN,20.4865,33.3516,19.5196,33.3516,8.0080,1,5.943,6.290
326,DATA_20260326_070000.BIN,14.0555,37.6924,17.1785,37.6924,7.1170,1,5.860,8.121
327,DATA_20260326_070000.BIN,17.1785,48.5179,15.8954,48.5179,7.0620,1,0.551,3.314
328,DATA_20260326_070000.BIN,15.8954,24.9853,15.1890,24.9853,3.9930,1,2.285,5.592
329,DATA_20260326_070000.BIN,20.4562,46.7337,34.1806,46.7337,2.0460,1,8.287,8.485
330,DATA_20260326_070000.BIN,34.1806,43.7546,29.6618,43.7546,4.0150,1,26.247,28.644
331,DATA_20260326_070000.BIN,21.0059,38.5202,18.4853,38.5202,3.5750,1,9.279,10.380
332,DATA_20260326_070000.BIN,18.4853,46.5170,33.9452,46.5170,2.1560,1,8.563,8.577
333,DATA_20260326_070000.BIN,33.9452,47.8533,28.1169,47.8533,3.5860,1,22.290,22.314
334,DATA_20260326_070000.BIN,28.1169,37.5129,24.3274,37.5129,3.2120,1,12.808,15.696
335,DATA_20260326_070000.BIN,24.3274,39.2547,17.1799,39.2547,4.2240,1,16.122,16.550
336,DATA_20260326_070000.BIN,13.6937,24.9697,13.9275,24.9697,3.3330,1,9.239,9.836
337,DATA_20260326_070000.BIN,13.9275,24.1577,15.0278,24.1577,1.9470,1,14.795,15.014
338,DATA_20260326_070000.BIN,10.2102,26.8956,11.8307,26.8956,9.2620,1,11.735,12.056
339,DATA_20260326_070000.BIN,10.2851,31.6127,16.3662,31.6127,9.1740,1,12.315,12.317
340,DATA_20260326_070000.BIN,16.3662,25.3968,13.6352,25.3968,3.5090,1,3.786,5.621
341,DATA_20260326_070000.BIN,13.6352,26.9325,7.2983,26.9325,4.2570,1,5.686,9.112
342,DATA_20260326_070000.BIN,8.9713,34.5535,8.0615,34.5535,9.9110,1,15.353,18.350
343,DATA_20260326_070000.BIN,8.0615,21.0404,7.2309,21.0404,8.1620,1,10.738,10.739
344,DATA_20260326_070000.BIN,7.2309,20.7251,7.5308,20.7251,7.6780,1,12.037,14.282
345,DATA_20260326_070000.BIN,12.8699,24.9973,6.1077,24.9973,3.8500,1,1.960,2.147
346,DATA_20260326_070000.BIN,8.7041,58.9741,9.8991,58.9741,7.8760,1,7.693,8.562
347,DATA_20260326_070000.BIN,9.8991,21.0548,9.2336,21.0548,2.9370,1,6.668,8.474
348,DATA_20260326_070000.BIN,9.0009,23.0739,11.1311,23.0739,5.7750,1,5.932,6.706
349,DATA_20260326_070000.BIN,11.1311,23.3186,11.6254,23.3186,3.1460,1,3.581,6.940
350,DATA_20260326_070000.BIN,11.6254,26.8101,10.3123,26.8101,3.8280,1,2.945,3.918
351,DATA_20260326_070000.BIN,10.3123,20.1950,9.3736,20.1950,4.5650,1,3.111,3.113
352,DATA_20260326_070000.BIN,27.8666,39.5608,5.9051,39.5608,7.1500,1,29.607,30.849
353,DATA_20260326_070000.BIN,5.9051,20.1473,7.3415,20.1473,8.6350,1,11.109,11.136
354,DATA_20260326_070000.BIN,9.9744,22.9429,12.0350,22.9429,4.1800,1,4.702,4.737
355,DATA_20260326_070000.BIN,9.6235,34.9164,15.3135,34.9164,3.1130,1,4.494,4.514
356,DATA_20260326_070000.BIN,15.3135,25.1768,11.1889,25.1768,5.4340,1,6.282,7.901
357,DATA_20260326_070000.BIN,11.1889,20.7884,1.2262,20.7884,3.6080,1,9.774,9.779
358,DATA_20260326_070000.BIN,1.2262,35.4478,27.1264,35.4478,6.8200,1,16.149,16.518
359,DATA_20260326_070000.BIN,27.1264,62.0880,49.5588,62.0880,4.5540,1,22.114,24.276
360,DATA_20260326_070000.BIN,49.5588,68.4350,57.4533,68.4350,2.4530,1,52.919,54.747
361,DATA_20260326_070000.BIN,57.4533,67.1887,10.2699,67.1887,8.9430,1,62.976,63.444
362,DATA_20260326_070000.BIN,10.9356,40.1133,9.4286,40.1133,6.6770,1,13.336,13.435
363,DATA_20260326_070000.BIN,9.4286,51.7419,7.0701,51.7419,8.4920,1,16.399,19.317
364,DATA_20260326_070000.BIN,7.9348,18.8882,9.9464,18.8882,2.9040,1,13.381,13.576
365,DATA_20260326_070000.BIN,9.9464,21.7978,8.7875,21.7978,5.9620,1,6.782,14.490
366,DATA_20260326_070000.BIN,7.9111,17.3744,6.7012,17.3744,4.7630,1,15.275,17.229
367,DATA_20260326_070000.BIN,6.7012,20.2357,7.5443,20.2357,2.5080,1,11.515,11.516
368,DATA_20260326_070000.BIN,7.5443,22.9412,5.6766,22.9412,6.8200,1,10.045,10.139
369,DATA_20260326_070000.BIN,5.6910,14.1947,6.1248,14.1947,3.8830,1,11.496,11.681
370,DATA_20260326_070000.BIN,6.1248,15.7872,6.9876,15.7872,3.7290,1,9.334,9.339
371,DATA_20260326_070000.BIN,6.9876,15.3835,5.4596,15.3835,3.0800,1,6.414,6.796
372,DATA_20260326_070000.BIN,6.7825,15.9874,4.7105,15.9874,4.0590,1,6.527,6.527
373,DATA_20260326_070000.BIN,4.7105,16.9578,5.8531,16.9578,3.8830,1,8.479,8.696
374,DATA_20260326_070000.BIN,5.8531,14.9234,5.8029,14.9234,3.7950,1,5.783,6.215
375,DATA_20260326_070000.BIN,5.8029,18.2853,4.7275,18.2853,2.7170,1,5.241,6.471
376,DATA_20260326_070000.BIN,5.2498,16.9168,7.3812,16.9168,4.7850,1,5.894,5.941
377,DATA_20260326_070000.BIN,13.4582,33.9418,2.9747,33.9418,2.4420,1,7.561,9.229
378,DATA_20260326_070000.BIN,2.9747,18.2474,2.6213,18.2474,8.8000,1,25.707,32.378
379,DATA_20260326_070000.BIN,2.6213,32.8774,9.5006,32.8774,8.4370,1,24.642,34.858
380,DATA_20260326_070000.BIN,1.2105,13.6458,5.3778,13.6458,6.2920,1,13.826,16.744
381,DATA_20260326_070000.BIN,5.3778,34.3692,4.0107,34.3692,8.1510,1,5.951,10.380
382,DATA_20260326_070000.BIN,8.3667,26.4205,3.3630,26.4205,8.4040,1,10.064,11.222
383,DATA_20260326_070000.BIN,3.3630,20.2923,9.0731,20.2923,2.3760,1,4.253,8.311
384,DATA_20260326_070000.BIN,9.0731,21.9958,11.2259,21.9958,1.7270,1,6.705,9.064
385,DATA_20260326_070000.BIN,11.2259,31.7879,8.6114,31.7879,3.6190,1,8.532,13.521
386,DATA_20260326_070000.BIN,8.6114,26.3949,8.8817,26.3949,6.6770,1,11.495,15.648
387,DATA_20260326_070000.BIN,27.9878,38.0837,10.9664,38.0837,4.9500,1,38.048,46.060
388,DATA_20260326_070000.BIN,10.9664,37.9213,7.9305,37.9213,6.0610,1,5.143,7.902
389,DATA_20260326_070000.BIN,2.8859,12.5320,3.9003,12.5320,3.8720,1,8.499,9.500
390,DATA_20260326_070000.BIN,4.4880,12.9270,2.4254,12.9270,4.1030,1,9.125,9.520
391,DATA_20260326_070000.BIN,2.4254,13.2807,2.7755,13.2807,3.8500,1,8.513,8.565
392,DATA_20260326_070000.BIN,2.7755,13.1063,4.0769,13.1063,3.2450,1,7.454,7.523
393,DATA_20260326_070000.BIN,4.0769,13.6942,0.6998,13.6942,9.2730,1,6.190,7.003
394,DATA_20260326_070000.BIN,0.7411,9.5742,0.8350,9.5742,8.6790,1,9.629,9.703
395,DATA_20260326_070000.BIN,0.8350,11.8492,2.3620,11.8492,2.8710,1,8.824,8.996
396,DATA_20260326_070000.BIN,1.2166,12.7782,1.7535,12.7782,3.5090,1,8.188,8.750
397,DATA_20260326_070000.BIN,1.7535,12.1074,3.7349,12.1074,4.5980,1,6.372,6.410
398,DATA_20260326_070000.BIN,1.9924,10.1639,1.6143,10.1639,9.1630,1,4.844,4.897
399,DATA_20260326_070000.BIN,3.7827,14.3466,2.3342,14.3466,3.9270,1,0.216,0.360
400,DATA_20260326_070000.BIN,2.3698,12.3114,3.0195,12.3114,3.7950,1,6.809,6.810
401,DATA_20260326_070000.BIN,3.1980,20.5968,1.5793,20.5968,5.2690,1,10.961,11.114
402,DATA_20260326_070000.BIN,3.5254,14.9202,2.4885,14.9202,4.7190,1,11.552,12.111
403,DATA_20260326_070000.BIN,2.1392,25.1950,1.5259,25.1950,2.7390,1,6.719,11.859
404,DATA_20260326_070000.BIN,1.5259,45.0850,1.8970,45.0850,3.7290,1,7.426,8.671
405,DATA_20260326_070000.BIN,1.8970,17.1323,2.0620,17.1323,6.5450,1,5.947,6.929
406,DATA_20260326_070000.BIN,0.6464,53.1025,0.5059,53.1025,5.5000,1,7.549,11.276
407,DATA_20260326_070000.BIN,0.5059,33.1507,1.7959,33.1507,6.0390,1,10.500,14.511
408,DATA_20260326_070000.BIN,1.7959,29.5921,1.0999,29.5921,9.8780,1,3.348,5.262
409,DATA_20260326_070000.BIN,1.0999,13.9335,1.1053,13.9335,6.5450,1,7.298,9.360
410,DATA_20260326_070000.BIN,1.1053,17.1047,2.6744,17.1047,4.1140,1,2.406,5.124
411,DATA_20260326_070000.BIN,2.6744,15.9652,1.3296,15.9652,4.0260,1,4.290,8.643
412,DATA_20260326_070000.BIN,2.3800,12.1101,1.3730,12.1101,7.3810,1,5.892,5.945
413,DATA_20260326_070000.BIN,1.3730,34.6560,1.5695,34.6560,6.3470,1,10.001,13.227
414,DATA_20260326_070000.BIN,1.5695,53.0102,1.3415,53.0102,7.2050,1,11.787,14.601
415,DATA_20260326_070000.BIN,1.3415,10.7436,0.9754,10.7436,3.5310,1,2.754,5.600
416,DATA_20260326_070000.BIN,0.9754,21.3981,0.6239,21.3981,8.2390,1,2.688,2.743
417,DATA_20260326_070000.BIN,1.6647,28.7395,3.7339,28.7395,3.0250,1,10.256,13.333
418,DATA_20260326_070000.BIN,3.1497,17.5964,3.6729,17.5964,4.6530,1,7.336,7.508
419,DATA_20260326_070000.BIN,3.6729,16.1549,1.3779,16.1549,4.0810,1,7.018,7.078
420,DATA_20260326_070000.BIN,1.3779,32.8310,6.0973,32.8310,5.3900,1,8.780,12.345
421,DATA_20260326_070000.BIN,6.0973,29.6434,0.9142,29.6434,5.2030,1,9.213,9.294
422,DATA_20260326_070000.BIN,0.9142,29.5795,13.6840,29.5795,3.9600,1,1.359,1.411
423,DATA_20260326_070000.BIN,10.3653,41.3407,4.5279,41.3407,2.0240,1,7.059,13.449
424,DATA_20260326_070000.BIN,4.5279,42.1489,24.7167,42.1489,4.3890,1,5.392,6.954
425,DATA_20260326_070000.BIN,24.7167,47.0030,2.4888,47.0030,5.0930,1,47.010,53.333
426,DATA_20260326_070000.BIN,2.4888,27.9544,4.7664,27.9544,3.4210,1,6.435,6.632
427,DATA_20260326_070000.BIN,4.7664,36.2207,2.1815,36.2207,5.6870,1,7.331,7.335
428,DATA_20260326_070000.BIN,2.1815,27.8981,5.8046,27.8981,4.1030,1,4.339,5.410
429,DATA_20260326_070000.BIN,1.5134,33.4823,5.5631,33.4823,8.3380,1,4.163,5.690
430,DATA_20260326_070000.BIN,5.5631,22.7076,3.8698,22.7076,2.3100,1,8.609,10.301
431,DATA_20260326_070000.BIN,3.3871,37.3070,6.6805,37.3070,6.0170,1,7.807,7.924
432,DATA_20260326_070000.BIN,6.6805,15.4298,6.3819,15.4298,7.0620,1,14.450,14.533
433,DATA_20260326_070000.BIN,6.3819,17.9362,4.5121,17.9362,9.9000,1,11.415,11.552
434,DATA_20260326_070000.BIN,4.5121,25.8390,5.1547,25.8390,3.8830,1,13.280,14.272
435,DATA_20260326_070000.BIN,1.8714,13.0382,3.1584,13.0382,3.0580,1,9.125,13.572
436,DATA_20260326_070000.BIN,2.1710,13.8927,2.2294,13.8927,4.0370,1,1.227,2.348
437,DATA_20260326_070000.BIN,2.2294,19.0695,2.0452,19.0695,2.8160,1,4.169,4.764
438,DATA_20260326_070000.BIN,2.0452,20.2208,3.4263,20.2208,3.4320,1,1.747,3.556
439,DATA_20260326_070000.BIN,3.4263,27.3498,6.2996,27.3498,5.3900,1,3.012,4.826
440,DATA_20260326_070000.BIN,6.2996,17.6021,6.7550,17.6021,5.5000,1,10.279,10.412
441,DATA_20260326_070000.BIN,6.7550,18.2256,5.7612,18.2256,4.6970,1,9.580,10.560
442,DATA_20260326_070000.BIN,6.6165,20.0031,6.2793,20.0031,4.3010,1,10.326,11.261
443,DATA_20260326_070000.BIN,6.2793,17.1787,7.9108,17.1787,1.4080,1,9.177,10.240
444,DATA_20260326_070000.BIN,7.9108,23.0988,6.4422,23.0988,7.4580,1,10.438,10.459
445,DATA_20260326_070000.BIN,6.4422,19.4285,6.9718,19.4285,3.1900,1,6.583,6.638
446,DATA_20260326_070000.BIN,5.0027,19.7172,7.4195,19.7172,4.5760,1,6.019,7.741
447,DATA_20260326_070000.BIN,5.6982,17.5571,6.2603,17.5571,1.2760,1,4.876,7.236
448,DATA_20260326_070000.BIN,6.2603,16.3725,6.2988,16.3725,5.6430,1,4.522,4.529
449,DATA_20260326_070000.BIN,6.0988,16.8935,4.3646,16.8935,9.9990,1,5.306,5.536
450,DATA_20260326_070000.BIN,4.3646,23.3275,7.0372,23.3275,5.7860,1,3.529,4.415
451,DATA_20260326_070000.BIN,7.0372,16.7369,7.7692,16.7369,3.4430,1,8.214,8.625
452,DATA_20260326_070000.BIN,7.7692,19.3472,6.2864,19.3472,5.6760,1,7.755,8.134
453,DATA_20260326_070000.BIN,6.2864,18.7837,6.8330,18.7837,3.8720,1,4.617,5.070
454,DATA_20260326_070000.BIN,6.8330,16.8330,6.9411,16.8330,5.0600,1,3.665,3.665
455,DATA_20260326_070000.BIN,6.9411,17.1259,6.8181,17.1259,3.8830,1,2.974,4.346
456,DATA_20260326_070000.BIN,6.8181,23.5274,7.0499,23.5274,2.1120,1,2.507,3.374
457,DATA_20260326_070000.BIN,7.0499,24.1780,8.3040,24.1780,6.5340,1,3.161,3.202
458,DATA_20260326_070000.BIN,8.3040,22.4216,7.1545,22.4216,3.9160,1,7.706,7.706
459,DATA_20260326_070000.BIN,7.1545,22.2962,6.0788,22.2962,3.1350,1,2.532,2.550
460,DATA_20260326_070000.BIN,6.0788,22.0148,6.6131,22.0148,3.7730,1,1.201,2.802
461,DATA_20260326_070000.BIN,6.6131,20.0164,6.4847,20.0164,2.2660,1,1.158,1.505
462,DATA_20260326_070000.BIN,6.4847,24.3683,7.1367,24.3683,5.5220,1,1.005,2.730
463,DATA_20260326_070000.BIN,7.1367,25.2362,7.8455,25.2362,2.3760,1,2.766,5.046
464,DATA_20260326_070000.BIN,4.8538,31.7595,6.7964,31.7595,4.6750,1,8.517,10.487
465,DATA_20260326_070000.BIN,6.7964,46.9236,7.4393,46.9236,4.4330,1,4.277,4.671
466,DATA_20260326_070000.BIN,7.4393,35.6529,7.1411,35.6529,4.3340,1,4.952,7.450
467,DATA_20260326_070000.BIN,7.1411,16.6248,6.8095,16.6248,6.9410,1,4.016,4.022
468,DATA_20260326_070000.BIN,9.2323,21.5084,9.3233,21.5084,3.3660,1,7.343,7.452
469,DATA_20260326_070000.BIN,9.3233,22.9018,8.6456,22.9018,4.1250,1,6.984,7.000
470,DATA_20260326_070000.BIN,8.6456,25.0811,8.0837,25.0811,9.9110,1,4.541,4.611
471,DATA_20260326_070000.BIN,8.0837,19.3391,8.1661,19.3391,1.2980,1,4.985,8.370
472,DATA_20260326_070000.BIN,8.3751,24.3786,8.6404,24.3786,3.9160,1,1.406,5.273
473,DATA_20260326_070000.BIN,9.1957,21.2482,8.4862,21.2482,5.7750,1,5.132,5.132
474,DATA_20260326_070000.BIN,8.4862,17.9115,8.4842,17.9115,8.7120,1,2.822,3.159
475,DATA_20260326_070000.BIN,8.0794,21.6525,8.1614,21.6525,5.0160,1,1.197,1.730
476,DATA_20260326_070000.BIN,8.1614,24.7257,8.5246,24.7257,5.4340,1,2.259,2.493
477,DATA_20260326_070000.BIN,8.5246,25.3403,8.3657,25.3403,3.9380,1,4.642,4.686
478,DATA_20260326_070000.BIN,8.3657,24.1625,7.9213,24.1625,4.7960,1,3.784,5.059
479,DATA_20260326_070000.BIN,7.9213,20.3715,7.3206,20.3715,9.9110,1,1.049,4.205
480,DATA_20260326_070000.BIN,7.3206,20.4725,7.9226,20.4725,4.4550,1,2.623,3.529
481,DATA_20260326_070000.BIN,7.9226,18.2173,8.8357,18.2173,6.8970,1,2.665,5.379
482,DATA_20260326_070000.BIN,8.8357,25.1330,8.2355,25.1330,2.4640,1,2.269,4.298
483,DATA_20260326_070000.BIN,8.2355,25.1333,8.9885,25.1333,3.5310,1,3.226,3.227
484,DATA_20260326_070000.BIN,8.9885,20.4463,9.7771,20.4463,4.1030,1,3.938,4.160
485,DATA_20260326_070000.BIN,9.7771,20.6350,9.7077,20.6350,4.9830,1,5.435,5.464
486,DATA_20260326_070000.BIN,7.0854,14.1531,5.4626,14.1531,5.3240,1,5.004,5.112
487,DATA_20260326_070000.BIN,5.4626,27.4541,10.4995,27.4541,2.1120,1,7.653,7.736
488,DATA_20260326_070000.BIN,10.4995,27.1445,3.3745,27.1445,3.1020,1,41.117,44.995
489,DATA_20260326_070000.BIN,8.8138,18.3246,9.5075,18.3246,8.4590,1,7.749,8.240
490,DATA_20260326_070000.BIN,10.0044,22.7403,10.4077,22.7403,6.2370,1,8.756,8.811
491,DATA_20260326_070000.BIN,9.9481,20.7482,10.6204,20.7482,4.1690,1,8.876,9.197
492,DATA_20260326_070000.BIN,9.8162,20.1993,9.7418,20.1993,7.0840,1,7.025,7.157
493,DATA_20260326_070000.BIN,9.7418,18.7995,9.6185,18.7995,3.4320,1,6.760,6.817
494,DATA_20260326_070000.BIN,9.6185,21.3235,11.5088,21.3235,3.0690,1,5.131,5.191
495,DATA_20260326_070000.BIN,11.3361,20.3936,10.9392,20.3936,7.7770,1,10.553,10.562
496,DATA_20260326_070000.BIN,10.9392,22.5556,11.4252,22.5556,3.9600,1,7.529,7.568
497,DATA_20260326_070000.BIN,11.4252,24.5768,11.3121,24.5768,4.4880,1,9.695,9.749
498,DATA_20260326_070000.BIN,11.3121,23.9027,11.9174,23.9027,9.4270,1,8.111,8.121
499,DATA_20260326_070000.BIN,11.9174,26.9581,9.9214,26.9581,4.5650,1,13.555,14.262
500,DATA_20260326_070000.BIN,9.9214,20.5037,10.2591,20.5037,1.4630,1,5.162,5.194
501,DATA_20260326_070000.BIN,8.2490,21.0854,8.8671,21.0854,5.9840,1,11.861,13.378
502,DATA_20260326_070000.BIN,8.8671,20.6237,7.6927,20.6237,5.0820,1,5.689,7.726
503,DATA_20260326_070000.BIN,6.8182,20.5656,8.0303,20.5656,5.9400,1,16.267,18.966
504,DATA_20260326_070000.BIN,8.0303,32.9923,9.3250,32.9923,7.6010,1,8.363,9.699
505,DATA_20260326_070000.BIN,5.5476,21.9367,7.5664,21.9367,6.1270,1,18.151,20.376
506,DATA_20260326_070000.BIN,8.1622,39.5650,6.9266,39.5650,9.0090,1,5.567,5.943
507,DATA_20260326_070000.BIN,7.3153,25.4908,7.8525,25.4908,7.0620,1,4.552,4.747
508,DATA_20260326_070000.BIN,9.8366,17.3435,4.2137,17.3435,5.0820,1,5.007,6.278
509,DATA_20260326_070000.BIN,4.2137,47.2926,37.5034,47.2926,4.2350,1,21.691,22.934
510,DATA_20260326_070000.BIN,11.9206,29.8406,11.5209,29.8406,3.9820,1,13.567,13.684
511,DATA_20260326_070000.BIN,11.5209,25.9068,11.8235,25.9068,5.5990,1,10.184,10.359
512,DATA_20260326_070000.BIN,11.8235,28.5241,11.3437,28.5241,4.1360,1,9.653,9.718
513,DATA_20260326_070000.BIN,11.3437,30.0402,11.1392,30.0402,3.6300,1,7.146,7.167
514,DATA_20260326_070000.BIN,11.1392,29.6307,11.9909,29.6307,4.9060,1,5.074,5.639
515,DATA_20260326_070000.BIN,11.9909,26.7902,12.3257,26.7902,4.4660,1,9.474,9.733
516,DATA_20260326_070000.BIN,12.3257,28.5977,12.0710,28.5977,4.4440,1,11.019,11.369
517,DATA_20260326_070000.BIN,12.0710,26.1360,11.3813,26.1360,6.8640,1,7.725,7.790
518,DATA_20260326_070000.BIN,11.3813,29.4972,11.5609,29.4972,4.5210,1,4.769,5.958
519,DATA_20260326_070000.BIN,11.5609,29.6236,11.8845,29.6236,9.6140,1,5.326,6.373
520,DATA_20260326_070000.BIN,11.8845,26.7546,12.1622,26.7546,2.9260,1,3.913,4.657
521,DATA_20260326_070000.BIN,12.1622,25.5806,11.3007,25.5806,2.7500,1,4.950,5.503
522,DATA_20260326_070000.BIN,11.3007,24.4978,11.5789,24.4978,4.0260,1,5.509,6.276
523,DATA_20260326_070000.BIN,11.5789,25.5889,12.8369,25.5889,7.3700,1,2.085,3.682
524,DATA_20260326_070000.BIN,12.8369,21.9028,12.1750,21.9028,4.3120,1,4.996,6.089
525,DATA_20260326_070000.BIN,12.1750,27.2499,12.6045,27.2499,5.8190,1,4.693,4.695
526,DATA_20260326_070000.BIN,12.6045,24.8900,12.0928,24.8900,4.3010,1,4.962,5.176
527,DATA_20260326_070000.BIN,12.0928,26.0435,11.9542,26.0435,5.1480,1,2.408,2.581
528,DATA_20260326_070000.BIN,11.9542,26.8902,11.8967,26.8902,5.4670,1,2.254,3.978
529,DATA_20260326_070000.BIN,11.8967,27.8710,11.4501,27.8710,4.7960,1,5.706,7.904
530,DATA_20260326_070000.BIN,11.4501,32.2408,12.5783,32.2408,4.2900,1,3.803,7.500
531,DATA_20260326_070000.BIN,12.5783,24.5843,12.2671,24.5843,1.7710,1,4.723,4.920
532,DATA_20260326_080000.BIN,21.3429,50.5881,16.3536,50.5881,4.1030,1,21.101,27.949
533,DATA_20260326_080000.BIN,16.3536,49.3319,20.8359,49.3319,3.0910,1,25.519,29.934
534,DATA_20260326_080000.BIN,20.8359,50.5582,20.3295,50.5582,3.4760,1,16.668,21.531
535,DATA_20260326_080000.BIN,20.3295,49.8599,18.5391,49.8599,4.9060,1,16.096,21.030
536,DATA_20260326_080000.BIN,18.5391,51.7825,21.3176,51.7825,3.5970,1,15.838,20.671
537,DATA_20260326_080000.BIN,21.3176,49.0174,21.6314,49.0174,3.3550,1,11.659,14.726
538,DATA_20260326_080000.BIN,21.6314,49.2849,17.8723,49.2849,6.0720,1,9.458,12.727
539,DATA_20260326_080000.BIN,17.8723,49.6519,18.8153,49.6519,2.3760,1,12.777,15.338
540,DATA_20260326_080000.BIN,18.8153,45.9215,18.1908,45.9215,4.8620,1,12.548,14.717
541,DATA_20260326_080000.BIN,18.1908,47.3779,21.6359,47.3779,2.2000,1,9.739,13.108
542,DATA_20260326_080000.BIN,21.6359,48.7122,20.9339,48.7122,4.7190,1,5.087,6.424
543,DATA_20260326_080000.BIN,20.9339,42.9806,19.9272,42.9806,2.2110,1,5.379,6.400
544,DATA_20260326_080000.BIN,19.9272,49.1811,19.2400,49.1811,4.9720,1,8.736,8.917
545,DATA_20260326_080000.BIN,19.2400,47.9732,17.7484,47.9732,5.7200,1,7.726,7.795
546,DATA_20260326_080000.BIN,17.7484,50.0131,18.4318,50.0131,2.7170,1,7.382,7.602
547,DATA_20260326_080000.BIN,18.4318,48.3806,17.6480,48.3806,3.9270,1,6.354,7.116
548,DATA_20260326_080000.BIN,17.6480,47.7559,17.3548,47.7559,3.9270,1,6.564,7.251
549,DATA_20260326_080000.BIN,17.3548,46.0951,20.5297,46.0951,4.2130,1,6.411,7.144
550,DATA_20260326_080000.BIN,20.5297,48.9992,18.6698,48.9992,3.9710,1,1.824,1.884
551,DATA_20260326_080000.BIN,18.6698,47.1814,18.5183,47.1814,4.9940,1,4.693,5.422
552,DATA_20260326_080000.BIN,18.5183,47.6549,17.5412,47.6549,5.6760,1,4.305,4.720
553,DATA_20260326_080000.BIN,17.5412,49.1772,14.8655,49.1772,4.6200,1,3.921,5.098
554,DATA_20260326_080000.BIN,14.8655,49.9410,18.3739,49.9410,4.6750,1,6.519,9.059
555,DATA_20260326_080000.BIN,18.3739,50.7241,17.0414,50.7241,3.4650,1,4.838,5.009
556,DATA_20260326_080000.BIN,17.0414,48.8871,22.3654,48.8871,2.6070,1,4.492,5.207
557,DATA_20260326_080000.BIN,19.8130,37.8117,17.0433,37.8117,7.3370,1,15.738,16.258
558,DATA_20260326_080000.BIN,17.0433,27.7621,17.2048,27.7621,1.8810,1,5.655,6.329
559,DATA_20260326_080000.BIN,17.2048,49.9655,19.7748,49.9655,4.0260,1,5.989,9.536
560,DATA_20260326_080000.BIN,19.7748,47.2378,17.9337,47.2378,3.4870,1,1.598,5.679
561,DATA_20260326_080000.BIN,17.9337,50.1026,21.5160,50.1026,3.6300,1,1.562,2.207
562,DATA_20260326_080000.BIN,21.5160,47.3302,19.4637,47.3302,3.7620,1,8.251,8.310
563,DATA_20260326_080000.BIN,19.4637,46.4161,19.6023,46.4161,4.0590,1,2.347,3.748
564,DATA_20260326_080000.BIN,19.6023,44.8899,18.5861,44.8899,3.6410,1,4.522,4.573
565,DATA_20260326_080000.BIN,18.5861,46.9657,19.7724,46.9657,3.9930,1,2.936,2.967
566,DATA_20260326_080000.BIN,19.7724,47.5621,16.4535,47.5621,4.1470,1,5.507,5.507
567,DATA_20260326_080000.BIN,16.4535,44.6286,19.0731,44.6286,3.9380,1,3.210,3.212
568,DATA_20260326_080000.BIN,19.0731,48.2871,18.6299,48.2871,3.5970,1,0.746,3.783
569,DATA_20260326_080000.BIN,18.6299,40.6656,18.1074,40.6656,3.3220,1,0.364,1.556
570,DATA_20260326_080000.BIN,18.1074,46.8238,20.2668,46.8238,3.7510,1,2.546,2.754
571,DATA_20260326_080000.BIN,20.2668,39.8026,18.0984,39.8026,3.9050,1,1.676,2.919
572,DATA_20260326_080000.BIN,18.0984,25.9781,15.4596,25.9781,4.5540,1,1.062,1.369
573,DATA_20260326_080000.BIN,15.4596,27.6640,14.2044,27.6640,2.2880,1,4.297,4.306
574,DATA_20260326_080000.BIN,10.3979,27.6893,15.7738,27.6893,2.9370,1,12.196,14.191
575,DATA_20260326_080000.BIN,15.7738,29.2271,16.4658,29.2271,3.2010,1,2.500,3.038
576,DATA_20260326_080000.BIN,16.4658,30.2705,17.8355,30.2705,3.8170,1,0.818,2.622
577,DATA_20260326_080000.BIN,17.5382,31.8425,17.5599,31.8425,2.9260,1,4.026,4.678
578,DATA_20260326_080000.BIN,17.5599,32.0876,16.7858,32.0876,4.7960,1,2.571,3.296
579,DATA_20260326_080000.BIN,16.7858,35.4289,16.0265,35.4289,3.1460,1,2.352,5.147
580,DATA_20260326_080000.BIN,16.0265,35.9073,16.1689,35.9073,3.3550,1,2.122,3.523
581,DATA_20260326_080000.BIN,16.1689,32.2925,14.8009,32.2925,4.5210,1,2.197,2.475
582,DATA_20260326_080000.BIN,14.8009,36.8012,14.1117,36.8012,2.5080,1,3.808,3.910
583,DATA_20260326_080000.BIN,14.1117,33.5941,12.2463,33.5941,5.3350,1,5.184,5.335
584,DATA_20260326_080000.BIN,12.2463,34.5688,13.7607,34.5688,4.0920,1,7.010,7.237
585,DATA_20260326_080000.BIN,13.7607,31.7446,18.2504,31.7446,3.1020,1,3.185,3.269
586,DATA_20260326_080000.BIN,18.2504,33.0859,16.5338,33.0859,3.4980,1,3.125,3.930
587,DATA_20260326_080000.BIN,16.5338,32.3858,14.9856,32.3858,2.8600,1,0.932,1.511
588,DATA_20260326_080000.BIN,14.9856,37.1137,17.2093,37.1137,3.0030,1,1.359,2.540
589,DATA_20260326_080000.BIN,17.2093,35.4233,16.2021,35.4233,4.1690,1,2.732,2.943
590,DATA_20260326_080000.BIN,16.2021,36.4929,17.2025,36.4929,3.2010,1,1.302,1.516
591,DATA_20260326_080000.BIN,17.2025,39.8985,14.9553,39.8985,6.2040,1,0.585,3.604
592,DATA_20260326_080000.BIN,14.9553,37.8291,15.9809,37.8291,2.0790,1,2.232,2.344
593,DATA_20260326_080000.BIN,15.9809,39.2928,18.4971,39.2928,3.9820,1,2.483,2.637
594,DATA_20260326_080000.BIN,18.4971,40.5138,19.2681,40.5138,3.5200,1,3.355,4.849
595,DATA_20260326_080000.BIN,19.2681,39.4572,18.8342,39.4572,5.1260,1,4.254,5.391
596,DATA_20260326_080000.BIN,18.8342,42.4223,20.4760,42.4223,3.3220,1,2.641,3.263
597,DATA_20260326_080000.BIN,20.4760,39.5656,21.0476,39.5656,2.4970,1,5.079,5.451
598,DATA_20260326_080000.BIN,18.5489,67.0009,16.7476,67.0009,7.9200,1,5.829,5.831
599,DATA_20260326_080000.BIN,16.7476,31.3030,13.8556,31.3030,4.2570,1,0.793,4.968
600,DATA_20260326_080000.BIN,13.8556,38.3365,19.9743,38.3365,2.4090,1,5.005,5.325
601,DATA_20260326_080000.BIN,19.9743,39.4849,14.7537,39.4849,2.9480,1,5.213,7.197
602,DATA_20260326_080000.BIN,14.7537,43.7592,20.6185,43.7592,4.0810,1,3.758,5.718
603,DATA_20260326_080000.BIN,20.6185,45.2407,19.8400,45.2407,5.0270,1,4.216,5.247
604,DATA_20260326_080000.BIN,19.8400,43.9794,11.4521,43.9794,4.4990,1,2.553,9.633
605,DATA_20260326_080000.BIN,11.4521,39.6353,12.6527,39.6353,3.9270,1,7.118,9.774
606,DATA_20260326_080000.BIN,12.6527,37.1291,12.4068,37.1291,1.9140,1,5.495,5.498
607,DATA_20260326_080000.BIN,12.4068,41.0840,16.4964,41.0840,2.8820,1,7.190,7.592
608,DATA_20260326_080000.BIN,16.4964,41.3541,16.7402,41.3541,5.1480,1,3.333,3.334
609,DATA_20260326_080000.BIN,16.7402,46.8583,18.8077,46.8583,2.7390,1,4.462,8.543
610,DATA_20260326_080000.BIN,18.8077,43.8262,16.3007,43.8262,3.8610,1,8.087,9.693
611,DATA_20260326_080000.BIN,16.3007,38.4279,14.5347,38.4279,3.1240,1,1.567,1.666
612,DATA_20260326_080000.BIN,14.5347,40.0978,16.3778,40.0978,3.1790,1,3.047,4.549
613,DATA_20260326_080000.BIN,16.3778,39.3444,15.8201,39.3444,3.3330,1,2.129,2.669
614,DATA_20260326_080000.BIN,15.8201,40.2208,14.4924,40.2208,4.9280,1,0.225,1.230
615,DATA_20260326_080000.BIN,14.4924,36.6094,13.5322,36.6094,2.3650,1,2.161,2.165
616,DATA_20260326_080000.BIN,13.5322,36.6436,16.1490,36.6436,4.3230,1,2.993,4.581
617,DATA_20260326_080000.BIN,16.1490,36.7014,14.4151,36.7014,4.2680,1,0.869,2.606
618,DATA_20260326_080000.BIN,14.4151,24.5864,12.9052,24.5864,5.8960,1,2.583,2.623
619,DATA_20260326_080000.BIN,12.9052,35.6603,18.1701,35.6603,1.8370,1,3.971,7.562
620,DATA_20260326_080000.BIN,18.1701,37.1152,14.2157,37.1152,6.6110,1,3.234,4.345
621,DATA_20260326_080000.BIN,14.2157,33.5589,17.2886,33.5589,2.5960,1,2.278,2.898
622,DATA_20260326_080000.BIN,17.2886,35.9134,15.0407,35.9134,4.5980,1,2.368,3.943
623,DATA_20260326_080000.BIN,15.0407,38.4997,16.5706,38.4997,3.8280,1,1.778,3.103
624,DATA_20260326_080000.BIN,16.5706,37.8016,16.5265,37.8016,3.2560,1,2.776,3.509
625,DATA_20260326_080000.BIN,16.5265,39.7716,15.0839,39.7716,3.2230,1,1.569,1.801
626,DATA_20260326_080000.BIN,15.0839,36.3597,8.9620,36.3597,9.6360,1,4.604,4.861
627,DATA_20260326_080000.BIN,8.9620,36.7727,12.7425,36.7727,3.9710,1,9.288,13.369
628,DATA_20260326_080000.BIN,12.7425,22.7632,14.6208,22.7632,2.7500,1,15.172,15.172
629,DATA_20260326_080000.BIN,14.6208,39.9453,12.0226,39.9453,3.8720,1,1.759,4.274
630,DATA_20260326_080000.BIN,12.0226,36.2439,14.1864,36.2439,2.7720,1,4.506,4.846
631,DATA_20260326_080000.BIN,14.1864,35.5095,15.6202,35.5095,4.7850,1,2.162,3.550
632,DATA_20260326_080000.BIN,15.6202,34.0137,9.2001,34.0137,4.6530,1,4.758,7.465
633,DATA_20260326_080000.BIN,9.2001,59.7541,13.0393,59.7541,4.2460,1,8.632,9.050
634,DATA_20260326_080000.BIN,13.0393,24.9675,12.5318,24.9675,7.6340,1,3.581,3.855
635,DATA_20260326_080000.BIN,12.5318,26.9542,14.4980,26.9542,6.9850,1,1.929,3.616
636,DATA_20260326_080000.BIN,14.4980,62.5228,15.4397,62.5228,5.3350,1,2.995,3.008
637,DATA_20260326_080000.BIN,15.4397,29.5108,13.9230,29.5108,2.3100,1,3.960,3.960
638,DATA_20260326_080000.BIN,13.9230,20.2553,12.7652,20.2553,2.2880,1,1.305,4.039
639,DATA_20260326_080000.BIN,12.7652,22.0459,11.5788,22.0459,1.8700,1,4.059,4.375
640,DATA_20260326_080000.BIN,11.5788,26.0809,13.7838,26.0809,3.5200,1,3.363,3.627
641,DATA_20260326_080000.BIN,13.7838,26.6351,12.7995,26.6351,3.1460,1,3.792,3.943
642,DATA_20260326_080000.BIN,12.7995,20.9918,12.5825,20.9918,3.0690,1,1.359,1.546
643,DATA_20260326_080000.BIN,12.5825,23.0042,12.9668,23.0042,3.1900,1,1.473,2.098
644,DATA_20260326_080000.BIN,12.9668,26.9321,15.1248,26.9321,4.4880,1,3.107,3.573
645,DATA_20260326_080000.BIN,15.1248,25.4895,12.6035,25.4895,3.0910,1,4.485,4.781
646,DATA_20260326_080000.BIN,12.6035,28.9230,12.4713,28.9230,3.3550,1,0.958,1.000
647,DATA_20260326_080000.BIN,12.4713,29.6338,16.0305,29.6338,4.0040,1,1.212,1.230
648,DATA_20260326_080000.BIN,16.0305,29.4209,14.5834,29.4209,4.5980,1,4.041,5.262
649,DATA_20260326_080000.BIN,14.5834,28.5168,12.8986,28.5168,3.5090,1,3.198,5.120
650,DATA_20260326_080000.BIN,12.8986,30.6111,13.5785,30.6111,4.2460,1,3.412,4.236
651,DATA_20260326_080000.BIN,13.5785,32.2077,14.7842,32.2077,3.6850,1,4.433,5.226
652,DATA_20260326_080000.BIN,9.1233,34.2541,14.1442,34.2541,2.1450,1,5.321,7.001
653,DATA_20260326_080000.BIN,14.1442,33.2559,14.3621,33.2559,3.6080,1,1.918,2.074
654,DATA_20260326_080000.BIN,15.5791,35.6242,10.5613,35.6242,2.2440,1,7.870,8.361
655,DATA_20260326_080000.BIN,10.5613,35.7679,14.9347,35.7679,5.3570,1,5.199,5.374
656,DATA_20260326_080000.BIN,14.9347,35.5386,17.4464,35.5386,3.3770,1,3.211,3.608
657,DATA_20260326_080000.BIN,17.4464,34.5640,12.5075,34.5640,5.5220,1,7.083,7.550
658,DATA_20260326_080000.BIN,12.5075,43.5678,16.5262,43.5678,2.5960,1,2.018,3.249
659,DATA_20260326_080000.BIN,16.5262,27.6444,18.0213,27.6444,6.8310,1,6.238,6.398
660,DATA_20260326_080000.BIN,13.1893,28.6880,14.0588,28.6880,8.5140,1,5.011,6.848
661,DATA_20260326_080000.BIN,14.0588,27.6629,20.2632,27.6629,2.1450,1,0.591,10.059
662,DATA_20260326_080000.BIN,20.2632,35.9288,17.6629,35.9288,7.0730,1,9.401,13.498
663,DATA_20260326_080000.BIN,25.4318,34.5774,23.5839,34.5774,1.7710,1,15.638,26.154
664,DATA_20260326_080000.BIN,23.5839,55.3484,24.5035,55.3484,3.4100,1,14.565,18.253
665,DATA_20260326_080000.BIN,24.5035,41.1797,27.6186,41.1797,3.3990,1,10.554,11.961
666,DATA_20260326_080000.BIN,27.6186,62.1984,8.3424,62.1984,2.6290,1,13.476,13.681
667,DATA_20260326_080000.BIN,8.3424,61.1506,26.2934,61.1506,6.3360,1,14.012,24.280
668,DATA_20260326_080000.BIN,26.2934,47.5626,27.3846,47.5626,4.0150,1,8.952,16.016
669,DATA_20260326_080000.BIN,27.3846,60.9290,40.3378,60.9290,3.3220,1,11.708,12.639
670,DATA_20260326_080000.BIN,40.3378,63.2430,10.0517,63.2430,4.4440,1,26.915,35.841
671,DATA_20260326_080000.BIN,10.0517,69.1400,13.1473,69.1400,5.1700,1,13.612,23.973
672,DATA_20260326_080000.BIN,13.1473,76.7423,29.7439,76.7423,4.6750,1,10.489,10.732
673,DATA_20260326_080000.BIN,29.7439,50.0042,33.4008,50.0042,3.6520,1,15.025,15.040
674,DATA_20260326_080000.BIN,33.4008,78.0415,21.1452,78.0415,4.7850,1,17.305,21.178
675,DATA_20260326_080000.BIN,21.1452,38.8068,21.0714,38.8068,3.7730,1,1.569,1.703
676,DATA_20260326_080000.BIN,21.0714,37.4062,22.6444,37.4062,2.9920,1,6.592,6.653
677,DATA_20260326_080000.BIN,22.6444,32.7265,11.4821,32.7265,7.8870,1,2.241,2.581
678,DATA_20260326_080000.BIN,11.4821,27.8167,18.8564,27.8167,3.3660,1,13.033,19.434
679,DATA_20260326_080000.BIN,18.8564,28.7727,13.6200,28.7727,9.9880,1,1.513,4.309
680,DATA_20260326_080000.BIN,13.6200,27.9729,7.1141,27.9729,2.7170,1,9.515,10.553
681,DATA_20260326_080000.BIN,12.6269,22.7554,12.5962,22.7554,7.0070,1,9.022,12.484
682,DATA_20260326_080000.BIN,11.5456,51.6209,23.9441,51.6209,5.5660,1,9.653,10.665
683,DATA_20260326_080000.BIN,20.3988,75.2294,16.2063,75.2294,3.5310,1,8.418,9.597
684,DATA_20260326_080000.BIN,16.2063,76.9580,54.5160,76.9580,3.2120,1,3.441,6.032
685,DATA_20260326_080000.BIN,54.5160,68.8476,11.9214,68.8476,2.4200,1,49.984,54.143
686,DATA_20260326_080000.BIN,11.9214,66.8819,14.8632,66.8819,3.7510,1,13.318,13.543
687,DATA_20260326_080000.BIN,14.8632,68.3387,19.3943,68.3387,7.6340,1,6.367,8.819
688,DATA_20260326_080000.BIN,19.3943,32.3445,14.4427,32.3445,3.3330,1,1.303,14.428
689,DATA_20260326_080000.BIN,14.4427,23.2787,14.9608,23.2787,2.9590,1,9.526,9.588
690,DATA_20260326_080000.BIN,14.9608,45.6954,5.5798,45.6954,8.8220,1,4.932,8.555
691,DATA_20260326_080000.BIN,24.7921,32.1072,15.2081,32.1072,3.5420,1,9.337,10.003
692,DATA_20260326_080000.BIN,15.2081,42.4492,19.0010,42.4492,2.4200,1,4.783,8.585
693,DATA_20260326_080000.BIN,19.0010,43.8440,19.9672,43.8440,5.7530,1,3.010,11.249
694,DATA_20260326_080000.BIN,19.9672,53.8939,40.3148,53.8939,4.0040,1,8.174,8.734
695,DATA_20260326_080000.BIN,18.9677,34.1414,16.2337,34.1414,2.7940,1,9.394,16.164
696,DATA_20260326_080000.BIN,16.2337,27.0935,17.9915,27.0935,5.0270,1,4.246,12.028
697,DATA_20260326_080000.BIN,17.9915,23.9093,11.7021,23.9093,4.0370,1,6.637,7.008
698,DATA_20260326_080000.BIN,11.7021,23.6819,15.6628,23.6819,5.5110,1,17.827,18.227
699,DATA_20260326_080000.BIN,15.6628,26.0626,18.9276,26.0626,2.3540,1,2.662,4.645
700,DATA_20260326_080000.BIN,12.9835,25.7487,12.8480,25.7487,5.0600,1,5.347,5.476
701,DATA_20260326_080000.BIN,15.3173,24.8989,15.8531,24.8989,2.6620,1,10.417,10.417
702,DATA_20260326_080000.BIN,15.4699,28.6165,12.2684,28.6165,3.7840,1,12.995,13.059
703,DATA_20260326_080000.BIN,12.2684,50.7351,19.5817,50.7351,4.6200,1,6.383,7.470
704,DATA_20260326_080000.BIN,19.5817,30.6699,19.5386,30.6699,1.3860,1,8.012,9.265
705,DATA_20260326_080000.BIN,19.5386,27.3757,12.6539,27.3757,9.1410,1,7.774,10.832
706,DATA_20260326_080000.BIN,16.9233,76.0738,12.4287,76.0738,3.5640,1,5.800,6.505
707,DATA_20260326_080000.BIN,12.4287,22.7937,15.7018,22.7937,2.9920,1,6.902,11.621
708,DATA_20260326_080000.BIN,14.7856,25.6177,9.6609,25.6177,5.5330,1,5.438,5.566
709,DATA_20260326_080000.BIN,9.6609,32.8677,17.8503,32.8677,4.3230,1,10.192,11.450
710,DATA_20260326_080000.BIN,17.8503,31.1951,12.3396,31.1951,2.6180,1,6.444,10.417
711,DATA_20260326_080000.BIN,10.2510,19.5079,6.3481,19.5079,7.9200,1,6.746,7.781
712,DATA_20260326_080000.BIN,6.3481,14.7580,6.6368,14.7580,1.3750,1,11.109,11.110
713,DATA_20260326_080000.BIN,6.6368,24.4364,7.7301,24.4364,8.8330,1,9.987,11.291
714,DATA_20260326_080000.BIN,7.7301,17.8519,7.9055,17.8519,4.2790,1,6.952,6.961
715,DATA_20260326_080000.BIN,7.9055,24.7258,9.3811,24.7258,4.0810,1,8.453,8.471
716,DATA_20260326_080000.BIN,9.3811,26.5222,15.1278,26.5222,6.1380,1,3.577,4.163
717,DATA_20260326_080000.BIN,15.1278,23.2898,15.4347,23.2898,3.3220,1,7.281,11.679
718,DATA_20260326_080000.BIN,16.0925,63.7094,9.6824,63.7094,8.1070,1,7.518,7.519
719,DATA_20260326_080000.BIN,9.6824,19.6108,9.3811,19.6108,6.1490,1,6.759,9.480
720,DATA_20260326_080000.BIN,7.2143,48.3385,13.3199,48.3385,2.7610,1,6.608,6.608
721,DATA_20260326_080000.BIN,13.3199,48.1049,9.9906,48.1049,4.5540,1,3.897,6.645
722,DATA_20260326_080000.BIN,5.4623,44.3864,6.7982,44.3864,5.3570,1,10.580,10.606
723,DATA_20260326_080000.BIN,6.7982,43.0469,11.8451,43.0469,3.2010,1,6.154,6.390
724,DATA_20260326_080000.BIN,11.8451,43.0995,12.3826,43.0995,4.5540,1,2.707,5.797
725,DATA_20260326_080000.BIN,9.0920,43.8451,10.9075,43.8451,2.7390,1,6.009,6.037
726,DATA_20260326_080000.BIN,10.7371,41.8222,6.4423,41.8222,4.7080,1,4.921,7.100
727,DATA_20260326_080000.BIN,6.4423,43.4633,9.8583,43.4633,2.9590,1,9.692,9.700
728,DATA_20260326_080000.BIN,9.8583,46.5029,11.5784,46.5029,4.7850,1,2.357,3.071
729,DATA_20260326_080000.BIN,11.5784,45.5541,10.1078,45.5541,3.3220,1,3.711,7.291
730,DATA_20260326_080000.BIN,10.1078,46.6576,12.2381,46.6576,4.2350,1,3.100,5.104
731,DATA_20260326_080000.BIN,12.2381,36.5165,10.8401,36.5165,3.8390,1,5.524,9.513
732,DATA_20260326_080000.BIN,10.8401,43.1472,11.4185,43.1472,3.6080,1,1.387,7.009
733,DATA_20260326_080000.BIN,11.4185,42.7894,8.6227,42.7894,4.1580,1,1.882,5.446
734,DATA_20260326_080000.BIN,8.6227,39.3464,9.2907,39.3464,2.7060,1,3.774,4.254
735,DATA_20260326_080000.BIN,9.2907,42.3881,6.6130,42.3881,6.2040,1,1.279,1.513
736,DATA_20260326_080000.BIN,6.6130,40.3602,10.4930,40.3602,2.6620,1,5.080,5.160
737,DATA_20260326_080000.BIN,10.4930,17.0734,2.0054,17.0734,2.6510,1,1.834,3.310
738,DATA_20260326_080000.BIN,2.0054,23.5123,13.6752,23.5123,2.3650,1,12.255,14.198
739,DATA_20260326_080000.BIN,13.6752,40.2412,11.9991,40.2412,4.1470,1,9.418,9.421
740,DATA_20260326_080000.BIN,11.9991,20.9561,5.3094,20.9561,3.4760,1,3.999,5.976
741,DATA_20260326_080000.BIN,5.3094,16.6757,8.9210,16.6757,3.0690,1,10.109,10.643
742,DATA_20260326_080000.BIN,8.9210,40.5024,9.7483,40.5024,4.3450,1,6.204,6.708
743,DATA_20260326_080000.BIN,9.7483,36.1646,9.1658,36.1646,4.3670,1,3.007,4.336
744,DATA_20260326_080000.BIN,9.1658,35.4614,7.9382,35.4614,3.8610,1,4.212,4.578
745,DATA_20260326_080000.BIN,7.9382,41.6546,7.4576,41.6546,2.9040,1,1.754,3.156
746,DATA_20260326_080000.BIN,7.4576,39.1293,8.6142,39.1293,4.4220,1,3.507,3.545
747,DATA_20260326_080000.BIN,8.6142,36.8959,10.1293,36.8959,3.3770,1,2.174,2.588
748,DATA_20260326_080000.BIN,10.1293,34.3887,9.0603,34.3887,3.7730,1,4.963,5.320
749,DATA_20260326_080000.BIN,9.0603,31.6008,6.6734,31.6008,5.1040,1,1.213,2.084
750,DATA_20260326_080000.BIN,6.6734,32.1025,5.6064,32.1025,3.0580,1,4.784,5.623
751,DATA_20260326_080000.BIN,5.6064,32.9994,7.4182,32.9994,5.8080,1,4.779,4.828
752,DATA_20260326_080000.BIN,7.4182,34.1595,6.7094,34.1595,6.0720,1,2.028,3.272
753,DATA_20260326_080000.BIN,6.7094,35.3584,8.5982,35.3584,2.7500,1,1.926,1.936
754,DATA_20260326_080000.BIN,8.5982,33.4660,8.7654,33.4660,4.7520,1,1.061,1.315
755,DATA_20260326_080000.BIN,8.7654,32.4324,6.9262,32.4324,3.9490,1,1.088,1.089
756,DATA_20260326_080000.BIN,4.8825,27.8832,9.1520,27.8832,2.4750,1,5.729,7.271
757,DATA_20260326_080000.BIN,9.1520,31.0325,11.2978,31.0325,3.6520,1,2.892,3.594
758,DATA_20260326_080000.BIN,11.2978,30.7543,5.5773,30.7543,5.5990,1,6.509,6.545
759,DATA_20260326_080000.BIN,5.5773,32.6993,9.9237,32.6993,2.4530,1,5.258,5.673
760,DATA_20260326_080000.BIN,9.9237,33.6179,7.9946,33.6179,4.0810,1,3.680,3.778
761,DATA_20260326_080000.BIN,7.4455,32.1901,2.7562,32.1901,2.2000,1,3.000,4.763
762,DATA_20260326_080000.BIN,2.7562,33.4157,8.0417,33.4157,5.9400,1,12.053,12.620
763,DATA_20260326_080000.BIN,8.0417,30.0870,7.1184,30.0870,2.2110,1,1.234,1.382
764,DATA_20260326_080000.BIN,7.1184,32.7768,7.3789,32.7768,4.8400,1,3.707,4.200
765,DATA_20260326_080000.BIN,7.3789,31.8794,6.2169,31.8794,4.4000,1,1.218,2.326
766,DATA_20260326_080000.BIN,6.2169,32.5594,8.2034,32.5594,4.3890,1,2.895,3.504
767,DATA_20260326_080000.BIN,8.2034,30.6824,4.2623,30.6824,2.4970,1,3.046,6.981
768,DATA_20260326_080000.BIN,4.2623,33.1933,5.2363,33.1933,3.6190,1,6.108,6.595
769,DATA_20260326_080000.BIN,5.2363,32.2142,4.6265,32.2142,4.2460,1,3.928,3.929
770,DATA_20260326_080000.BIN,4.6265,34.1490,5.9237,34.1490,3.7730,1,3.819,4.305
771,DATA_20260326_080000.BIN,5.9237,32.1882,4.5933,32.1882,3.8170,1,2.297,4.249
772,DATA_20260326_080000.BIN,4.5933,31.9664,3.6374,31.9664,4.0480,1,2.814,2.814
773,DATA_20260326_080000.BIN,3.6374,34.9638,6.6449,34.9638,3.7290,1,4.536,4.536
774,DATA_20260326_080000.BIN,6.6449,33.8925,5.8803,33.8925,2.7390,1,1.128,1.537
775,DATA_20260326_080000.BIN,8.7654,20.9986,7.0219,20.9986,6.0720,1,5.332,8.201
776,DATA_20260326_080000.BIN,5.3261,14.8130,4.8526,14.8130,2.5630,1,2.346,4.606
777,DATA_20260326_080000.BIN,4.8526,17.6090,7.0819,17.6090,6.3250,1,3.567,4.109
778,DATA_20260326_080000.BIN,7.0819,15.0253,5.4903,15.0253,3.5530,1,2.648,4.059
779,DATA_20260326_080000.BIN,5.4903,15.3531,6.3988,15.3531,3.5200,1,4.518,4.649
780,DATA_20260326_080000.BIN,6.3988,18.8976,8.0389,18.8976,4.4330,1,1.488,1.535
781,DATA_20260326_080000.BIN,8.0389,50.7577,12.9329,50.7577,7.4030,1,3.673,6.817
782,DATA_20260326_080000.BIN,12.9329,65.7755,10.2959,65.7755,7.8980,1,13.433,14.476
783,DATA_20260326_080000.BIN,10.2959,27.6674,3.9264,27.6674,5.3020,1,5.169,5.371
784,DATA_20260326_080000.BIN,5.9708,17.3362,6.3180,17.3362,8.5690,1,1.293,1.650
785,DATA_20260326_080000.BIN,6.3180,39.0473,6.1516,39.0473,3.7620,1,2.508,3.698
786,DATA_20260326_080000.BIN,6.1516,37.1526,6.4961,37.1526,6.5890,1,3.304,3.916
787,DATA_20260326_080000.BIN,6.4961,37.2406,4.8044,37.2406,3.0800,1,1.037,4.538
788,DATA_20260326_080000.BIN,4.8044,34.1345,6.2667,34.1345,7.4360,1,2.546,2.852
789,DATA_20260326_080000.BIN,6.2667,33.3508,5.0277,33.3508,4.3230,1,2.843,4.712
790,DATA_20260326_080000.BIN,5.0277,33.3419,6.1907,33.3419,2.7170,1,2.315,3.437
791,DATA_20260326_080000.BIN,6.1907,33.5117,6.1928,33.5117,3.5640,1,0.929,2.091
792,DATA_20260326_080000.BIN,6.1928,35.0162,5.5006,35.0162,4.6420,1,0.730,0.730
793,DATA_20260326_080000.BIN,5.5006,34.2489,3.7273,34.2489,4.7960,1,1.448,2.907
794,DATA_20260326_080000.BIN,3.7273,38.6783,6.7096,38.6783,3.8060,1,5.593,5.805
795,DATA_20260326_080000.BIN,6.7096,31.0127,4.2774,31.0127,4.5540,1,0.898,5.016
796,DATA_20260326_080000.BIN,3.4939,11.8488,3.8116,11.8488,3.1790,1,4.746,5.215
797,DATA_20260326_080000.BIN,3.8116,11.0002,4.1594,11.0002,2.9700,1,3.991,4.097
798,DATA_20260326_080000.BIN,4.1594,14.1928,4.6397,14.1928,3.3880,1,3.592,3.815
799,DATA_20260326_080000.BIN,4.6397,15.5879,3.4493,15.5879,3.4870,1,2.518,3.900
800,DATA_20260326_080000.BIN,3.4493,15.8958,4.9131,15.8958,4.1800,1,2.359,2.551
801,DATA_20260326_080000.BIN,4.9131,30.0345,5.5651,30.0345,5.0600,1,1.618,1.901
802,DATA_20260326_080000.BIN,5.5651,25.7797,5.7815,25.7797,3.8830,1,6.154,7.400
803,DATA_20260326_080000.BIN,5.7815,29.8991,4.3204,29.8991,3.0140,1,5.709,7.209
804,DATA_20260326_080000.BIN,4.3204,32.1508,1.7765,32.1508,4.5100,1,1.411,1.674
805,DATA_20260326_080000.BIN,1.7765,32.0291,2.2149,32.0291,3.4210,1,5.581,6.832
806,DATA_20260326_080000.BIN,2.2149,15.8817,0.5260,15.8817,7.8870,1,3.918,3.981
807,DATA_20260326_080000.BIN,6.5916,14.9692,2.8367,14.9692,6.6330,1,5.746,5.812
808,DATA_20260326_080000.BIN,2.8367,14.9127,2.4253,14.9127,3.0580,1,6.315,6.534
809,DATA_20260326_080000.BIN,2.4253,13.0464,4.5333,13.0464,3.8610,1,3.334,3.414
810,DATA_20260326_080000.BIN,4.5333,12.4346,4.2519,12.4346,2.5190,1,4.264,5.028
811,DATA_20260326_080000.BIN,4.9175,13.9795,5.8613,13.9795,3.7730,1,4.961,5.644
812,DATA_20260326_080000.BIN,5.8613,25.3573,6.9551,25.3573,2.9040,1,7.267,7.753
813,DATA_20260326_080000.BIN,6.9551,13.1713,3.1785,13.1713,2.5190,1,6.825,6.833
814,DATA_20260326_080000.BIN,3.1785,24.1269,4.2690,24.1269,2.3760,1,3.889,5.111
815,DATA_20260326_080000.BIN,4.8174,27.9156,3.6109,27.9156,2.2660,1,4.507,4.585
816,DATA_20260326_080000.BIN,3.6109,32.4740,4.7086,32.4740,4.0480,1,0.813,2.001
817,DATA_20260326_080000.BIN,4.7086,32.2828,2.3482,32.2828,3.1900,1,4.837,7.757
818,DATA_20260326_080000.BIN,2.3482,25.8994,5.2714,25.8994,3.4870,1,3.892,4.764
819,DATA_20260326_080000.BIN,5.2714,22.8960,6.3813,22.8960,3.7510,1,4.828,4.927
820,DATA_20260326_080000.BIN,6.3813,18.4027,1.2738,18.4027,4.0810,1,3.344,5.925
821,DATA_20260326_080000.BIN,3.3974,10.5346,1.3646,10.5346,6.4130,1,5.105,7.090
822,DATA_20260326_080000.BIN,1.3646,9.2985,0.1820,9.2985,2.5520,1,3.850,5.550
823,DATA_20260326_080000.BIN,0.1820,10.7656,1.0609,10.7656,5.0820,1,7.681,8.132
824,DATA_20260326_080000.BIN,1.0609,11.5871,2.6356,11.5871,2.5850,1,3.548,4.836
825,DATA_20260326_080000.BIN,2.6356,13.7690,3.0509,13.7690,2.8820,1,2.187,2.191
826,DATA_20260326_080000.BIN,3.0509,10.3423,2.4646,10.3423,3.1350,1,2.600,3.348
827,DATA_20260326_080000.BIN,2.4646,9.7307,1.1005,9.7307,3.5310,1,1.526,1.974
828,DATA_20260326_080000.BIN,1.1005,14.2868,1.2620,14.2868,4.2130,1,2.454,3.150
829,DATA_20260326_080000.BIN,1.4654,15.5420,0.9238,15.5420,5.6320,1,2.675,4.840
830,DATA_20260326_080000.BIN,0.9238,9.3244,1.0210,9.3244,2.3210,1,2.725,3.265
831,DATA_20260326_080000.BIN,0.0837,8.9869,1.4722,8.9869,6.0280,1,5.437,5.950
832,DATA_20260326_080000.BIN,1.1198,12.1602,1.4880,12.1602,3.4760,1,5.913,6.007
833,DATA_20260326_080000.BIN,1.4880,14.1810,0.4681,14.1810,5.9070,1,3.770,3.945
834,DATA_20260326_080000.BIN,0.4681,12.6335,1.1445,12.6335,3.4430,1,3.278,3.580
835,DATA_20260326_080000.BIN,1.1445,12.9535,0.5006,12.9535,3.8170,1,1.467,1.469
836,DATA_20260326_080000.BIN,0.5006,14.2173,1.6725,14.2173,3.7730,1,1.844,2.011
837,DATA_20260326_080000.BIN,1.6725,37.0713,2.5098,37.0713,8.8880,1,1.740,2.629
838,DATA_20260326_080000.BIN,2.5098,14.0221,4.5424,14.0221,4.8730,1,2.625,2.656
839,DATA_20260326_080000.BIN,4.5424,11.5607,1.3153,11.5607,4.4220,1,4.381,8.802
840,DATA_20260326_080000.BIN,1.3153,17.6598,2.2773,17.6598,8.8990,1,8.334,10.228
841,DATA_20260326_080000.BIN,2.2773,32.3287,7.3542,32.3287,4.8400,1,3.093,5.262
842,DATA_20260326_080000.BIN,7.3542,19.2528,5.7657,19.2528,3.6520,1,9.552,9.634
843,DATA_20260326_080000.BIN,5.7657,14.8801,2.8631,14.8801,7.5900,1,5.994,7.388
844,DATA_20260326_080000.BIN,2.8631,29.1532,3.9568,29.1532,6.1160,1,3.345,4.387
845,DATA_20260326_080000.BIN,8.1059,51.8576,7.1510,51.8576,6.3030,1,8.220,9.741
846,DATA_20260326_080000.BIN,7.1510,15.4626,3.8151,15.4626,5.7970,1,5.568,6.834
847,DATA_20260326_080000.BIN,3.8151,11.0372,3.6210,11.0372,2.3870,1,4.407,4.929
848,DATA_20260326_080000.BIN,3.9579,13.2085,3.8816,13.2085,3.3330,1,6.825,6.914
849,DATA_20260326_080000.BIN,3.8816,13.6990,4.1007,13.6990,3.7620,1,6.273,6.287
850,DATA_20260326_080000.BIN,4.1007,12.8962,5.2694,12.8962,2.7720,1,4.935,5.013
851,DATA_20260326_080000.BIN,0.8051,14.0664,2.5493,14.0664,3.2670,1,1.667,4.415
852,DATA_20260326_080000.BIN,2.5493,16.3931,0.3443,16.3931,2.2660,1,3.866,4.707
853,DATA_20260326_080000.BIN,0.3443,23.1353,5.0211,23.1353,4.5210,1,3.260,3.541
854,DATA_20260326_080000.BIN,5.0211,23.0925,3.9288,23.0925,2.7280,1,6.430,6.439
855,DATA_20260326_080000.BIN,3.9288,23.6753,3.2897,23.6753,3.8610,1,3.481,3.519
856,DATA_20260326_080000.BIN,3.2897,25.4608,3.4776,25.4608,3.2670,1,2.594,2.599
857,DATA_20260326_080000.BIN,3.4776,23.0361,2.7311,23.0361,3.2230,1,3.453,3.458
858,DATA_20260326_080000.BIN,2.7311,22.9978,3.3056,22.9978,4.1250,1,1.122,1.310
859,DATA_20260326_080000.BIN,3.3056,23.4637,3.3306,23.4637,2.5410,1,2.101,2.212
860,DATA_20260326_080000.BIN,3.3306,19.7121,0.4431,19.7121,3.9490,1,2.569,2.864
861,DATA_20260326_080000.BIN,0.4431,16.8498,2.8825,16.8498,3.2230,1,2.778,3.048
862,DATA_20260326_080000.BIN,2.8825,19.9709,0.8941,19.9709,8.2500,1,9.546,9.735
863,DATA_20260326_080000.BIN,0.8941,18.4544,1.0469,18.4544,3.8940,1,2.954,7.278
864,DATA_20260326_080000.BIN,1.0469,18.6447,0.3089,18.6447,3.8720,1,2.130,3.319
865,DATA_20260326_080000.BIN,0.3089,18.5837,2.3686,18.5837,3.8830,1,3.642,3.663
866,DATA_20260326_080000.BIN,2.3686,17.7923,4.4490,17.7923,3.9380,1,3.048,3.228
867,DATA_20260326_080000.BIN,4.4490,19.2026,1.9237,19.2026,2.9480,1,3.506,3.873
868,DATA_20260326_080000.BIN,1.9237,22.2179,4.2507,22.2179,3.8720,1,5.123,6.491
869,DATA_20260326_080000.BIN,4.2507,19.6605,4.8299,19.6605,1.9910,1,2.852,3.119
870,DATA_20260326_080000.BIN,4.8299,17.9529,1.4726,17.9529,3.3990,1,4.092,4.160
871,DATA_20260326_080000.BIN,1.4726,15.5371,1.5088,15.5371,5.0600,1,1.642,3.024
872,DATA_20260326_080000.BIN,1.5088,17.6518,2.7439,17.6518,4.8510,1,1.698,2.978
873,DATA_20260326_080000.BIN,2.7439,20.4329,4.0544,20.4329,3.8940,1,1.756,1.819
874,DATA_20260326_080000.BIN,4.0544,20.7791,3.5019,20.7791,4.3560,1,3.231,3.231
875,DATA_20260326_080000.BIN,3.5019,20.8448,5.5308,20.8448,1.8700,1,5.350,6.168
876,DATA_20260326_080000.BIN,5.5308,16.3106,2.3769,16.3106,3.3550,1,3.870,4.082
877,DATA_20260326_080000.BIN,2.8889,10.7446,0.4009,10.7446,2.5190,1,3.154,3.509
878,DATA_20260326_080000.BIN,0.4009,11.1545,1.8631,11.1545,5.1700,1,0.782,4.338
879,DATA_20260326_080000.BIN,1.2416,7.2791,0.0333,7.2791,7.7660,1,7.364,7.513
880,DATA_20260326_080000.BIN,0.4586,8.5127,1.0340,8.5127,4.9280,1,3.336,3.477
881,DATA_20260326_080000.BIN,1.0340,9.8326,1.3277,9.8326,6.7870,1,1.060,2.442
882,DATA_20260326_080000.BIN,0.6757,9.4943,0.8925,9.4943,3.6960,1,1.840,1.874
883,DATA_20260326_080000.BIN,1.5205,9.8611,0.5182,9.8611,6.0280,1,1.873,2.196
884,DATA_20260326_080000.BIN,0.5182,13.4894,2.3511,13.4894,2.5410,1,0.397,3.318
885,DATA_20260326_080000.BIN,2.3511,17.4597,1.1345,17.4597,5.0820,1,4.525,4.525
886,DATA_20260326_080000.BIN,1.1345,14.7040,2.4126,14.7040,3.0250,1,4.291,6.440
887,DATA_20260326_080000.BIN,2.4126,15.2862,1.1765,15.2862,2.5740,1,1.240,1.956
888,DATA_20260326_080000.BIN,1.1765,13.9626,3.6838,13.9626,2.6510,1,2.123,2.998
889,DATA_20260326_080000.BIN,3.1652,13.4767,2.9888,13.4767,3.4100,1,4.437,4.456
890,DATA_20260326_080000.BIN,2.9888,13.6627,0.5809,13.6627,2.5080,1,5.038,5.399
891,DATA_20260326_080000.BIN,0.5809,13.2713,3.8612,13.2713,1.9800,1,0.158,1.466
892,DATA_20260326_080000.BIN,1.9779,17.8763,3.1256,17.8763,2.2000,1,3.429,3.899
893,DATA_20260326_080000.BIN,3.0065,16.4402,4.0933,16.4402,3.2230,1,3.930,4.218
894,DATA_20260326_080000.BIN,4.0933,16.7320,1.7263,16.7320,3.7290,1,2.342,3.402
895,DATA_20260326_080000.BIN,1.7263,14.8802,0.2749,14.8802,2.9810,1,1.395,1.838
896,DATA_20260326_080000.BIN,0.2749,14.5278,2.9366,14.5278,6.7540,1,1.412,2.432
897,DATA_20260326_080000.BIN,2.9366,14.0978,1.5332,14.0978,4.3010,1,3.203,3.204
898,DATA_20260326_080000.BIN,1.5332,14.4348,1.0164,14.4348,3.3220,1,2.100,3.385
899,DATA_20260326_080000.BIN,1.0164,13.9074,1.2729,13.9074,3.5970,1,1.120,2.176
900,DATA_20260326_080000.BIN,1.2729,13.3817,0.7095,13.3817,3.7620,1,1.789,3.040
901,DATA_20260326_080000.BIN,0.7095,12.3779,2.1875,12.3779,2.4420,1,0.758,0.991
902,DATA_20260326_080000.BIN,2.1875,16.7176,3.3326,16.7176,4.1030,1,3.910,3.928
903,DATA_20260326_080000.BIN,3.3326,15.6804,1.5078,15.6804,3.6740,1,5.043,5.335
904,DATA_20260326_080000.BIN,1.5078,18.2054,1.5723,18.2054,3.8060,1,0.957,1.833
905,DATA_20260326_080000.BIN,1.5723,15.5790,2.1601,15.5790,2.2110,1,4.211,5.102
906,DATA_20260326_080000.BIN,2.1601,15.2848,2.1373,15.2848,3.4210,1,4.068,4.423
907,DATA_20260326_080000.BIN,2.1373,15.5554,1.2672,15.5554,4.8070,1,4.620,4.667
908,DATA_20260326_080000.BIN,1.2672,15.1215,1.3578,15.1215,3.5970,1,1.768,1.814
909,DATA_20260326_080000.BIN,1.3578,13.7297,1.5388,13.7297,3.0030,1,0.631,0.641
910,DATA_20260326_080000.BIN,1.5388,16.8290,0.5244,16.8290,4.7630,1,1.019,1.136
911,DATA_20260326_080000.BIN,0.5244,15.1995,0.9493,15.1995,2.6400,1,1.380,1.389
912,DATA_20260326_080000.BIN,0.9493,16.3369,1.5436,16.3369,2.9920,1,1.141,1.453
913,DATA_20260326_080000.BIN,1.5436,18.6933,2.3618,18.6933,4.9940,1,1.354,1.779
914,DATA_20260326_080000.BIN,2.3618,12.3065,0.5755,12.3065,4.3780,1,2.314,2.850
915,DATA_20260326_080000.BIN,0.6056,12.4779,1.2285,12.4779,4.1030,1,5.747,6.952
916,DATA_20260326_080000.BIN,1.2675,9.2949,1.3274,9.2949,1.8590,1,1.484,1.524
917,DATA_20260326_080000.BIN,2.4428,11.4321,2.3789,11.4321,2.1670,1,4.580,4.583
918,DATA_20260326_080000.BIN,2.3789,16.1814,3.0011,16.1814,3.7510,1,4.607,4.752
919,DATA_20260326_080000.BIN,5.7263,33.7637,11.8586,33.7637,2.4750,1,3.533,7.395
920,DATA_20260326_080000.BIN,11.8586,39.9040,4.7218,39.9040,2.3650,1,22.255,25.404
921,DATA_20260326_080000.BIN,4.7218,28.2790,3.1622,28.2790,7.5570,1,8.557,8.752
922,DATA_20260326_080000.BIN,1.8606,53.9150,1.5612,53.9150,4.7630,1,8.182,9.433
923,DATA_20260326_080000.BIN,3.9512,52.2222,0.9714,52.2222,6.4350,1,8.049,8.056
924,DATA_20260326_080000.BIN,0.9714,53.8909,0.5166,53.8909,7.5680,1,4.346,6.216
925,DATA_20260326_080000.BIN,0.5166,18.8491,1.9981,18.8491,5.1480,1,2.728,3.324
926,DATA_20260326_080000.BIN,1.9981,18.1949,1.9487,18.1949,2.5960,1,13.023,17.524
927,DATA_20260326_080000.BIN,1.9487,13.5017,1.6942,13.5017,2.6620,1,10.020,11.164
928,DATA_20260326_080000.BIN,0.9735,48.9774,2.8919,48.9774,5.3240,1,8.283,9.903
929,DATA_20260326_080000.BIN,2.8919,9.6779,1.7084,9.6779,3.4760,1,2.508,3.864
930,DATA_20260326_080000.BIN,1.7084,13.3239,4.0657,13.3239,2.9150,1,1.616,2.638
931,DATA_20260326_080000.BIN,4.0657,38.0818,1.5855,38.0818,4.2020,1,5.568,5.787
932,DATA_20260326_080000.BIN,1.5855,11.9555,0.4627,11.9555,2.1120,1,4.444,7.031
933,DATA_20260326_080000.BIN,0.4627,9.8085,0.4817,9.8085,1.6610,1,6.190,7.452
934,DATA_20260326_080000.BIN,0.5802,21.4017,5.8261,21.4017,4.2460,1,0.744,1.613
935,DATA_20260326_080000.BIN,4.0909,13.7486,2.6047,13.7486,5.8740,1,5.088,5.667
936,DATA_20260326_080000.BIN,3.6358,13.8935,1.2010,13.8935,2.1120,1,13.006,16.482
937,DATA_20260326_080000.BIN,1.2010,9.1724,1.0241,9.1724,2.4970,1,5.117,6.245
938,DATA_20260326_080000.BIN,1.0241,9.8733,0.7017,9.8733,6.9080,1,3.213,3.904
939,DATA_20260326_080000.BIN,0.7017,14.1606,4.5948,14.1606,2.0900,1,12.420,16.394
940,DATA_20260326_080000.BIN,4.5948,16.2718,2.6479,16.2718,2.3320,1,3.119,9.163
941,DATA_20260326_080000.BIN,2.6479,20.5994,6.2458,20.5994,2.5630,1,3.442,5.026
942,DATA_20260326_080000.BIN,6.2458,49.0536,9.6530,49.0536,3.6850,1,7.066,7.421
943,DATA_20260326_080000.BIN,10.2587,49.7121,0.6139,49.7121,4.3890,1,32.183,35.571
944,DATA_20260326_080000.BIN,0.6139,33.3599,4.8068,33.3599,4.0810,1,1.833,2.725
945,DATA_20260326_080000.BIN,4.8068,22.9906,1.6262,22.9906,7.5350,1,5.709,7.169
946,DATA_20260326_080000.BIN,1.6262,8.9720,1.9741,8.9720,3.0360,1,8.012,10.160
947,DATA_20260326_080000.BIN,1.9741,48.3782,1.2586,48.3782,3.3660,1,3.600,4.242
948,DATA_20260326_080000.BIN,1.5424,22.9791,11.1388,22.9791,3.6630,1,9.158,10.964
949,DATA_20260326_080000.BIN,11.1388,51.3965,7.2078,51.3965,6.9960,1,28.163,31.070
950,DATA_20260326_080000.BIN,7.2078,30.8365,7.9127,30.8365,2.7060,1,17.385,23.787
951,DATA_20260326_080000.BIN,7.9127,44.9281,0.6200,44.9281,4.1250,1,14.628,16.920
952,DATA_20260326_080000.BIN,0.6200,24.7465,4.8115,24.7465,3.5860,1,2.736,2.833
953,DATA_20260326_080000.BIN,4.8115,30.6780,3.3758,30.6780,6.3360,1,8.856,8.856
954,DATA_20260326_080000.BIN,3.3758,38.1469,1.1074,38.1469,4.9830,1,7.547,7.548
955,DATA_20260326_080000.BIN,2.7994,30.2307,2.7502,30.2307,2.4530,1,1.939,3.398
956,DATA_20260326_080000.BIN,10.3077,53.5423,32.7590,53.5423,2.5960,1,18.007,18.374
957,DATA_20260326_080000.BIN,32.7590,55.7973,8.1954,55.7973,7.2930,1,35.832,39.941
958,DATA_20260326_080000.BIN,8.1954,35.9961,1.3092,35.9961,4.7960,1,10.977,24.853
959,DATA_20260326_080000.BIN,1.3092,15.4182,3.6738,15.4182,2.6730,1,5.253,11.835
960,DATA_20260326_080000.BIN,3.6738,16.2944,2.7884,16.2944,1.7050,1,9.403,11.808
961,DATA_20260326_080000.BIN,2.7884,16.8884,1.8889,16.8884,4.2240,1,8.246,8.460
962,DATA_20260326_080000.BIN,1.8889,17.4780,2.0656,17.4780,9.0640,1,9.024,9.185
963,DATA_20260326_080000.BIN,2.0656,16.5297,4.2466,16.5297,5.3680,1,12.732,16.444
964,DATA_20260326_080000.BIN,4.2466,18.3882,6.5279,18.3882,3.7180,1,9.894,10.230
965,DATA_20260326_080000.BIN,6.5279,13.8479,6.5949,13.8479,4.1580,1,13.366,13.393
966,DATA_20260326_080000.BIN,6.5949,15.3808,6.1954,15.3808,3.8170,1,13.152,13.402
967,DATA_20260326_080000.BIN,6.1954,16.2931,5.8187,16.2931,4.5100,1,10.421,10.463
968,DATA_20260326_080000.BIN,5.8187,19.5623,3.6813,19.5623,3.5860,1,8.400,8.413
969,DATA_20260326_080000.BIN,3.6813,16.8719,6.3937,16.8719,3.7730,1,6.526,7.933
970,DATA_20260326_080000.BIN,6.3937,16.0880,5.2758,16.0880,5.9840,1,7.989,8.012
971,DATA_20260326_080000.BIN,5.7704,16.5115,5.5575,16.5115,3.0360,1,6.749,6.758
972,DATA_20260326_080000.BIN,5.5575,15.0560,5.6896,15.0560,3.9160,1,6.804,6.994
973,DATA_20260326_080000.BIN,2.3312,9.3142,2.1741,9.3142,7.5020,1,8.272,13.348
974,DATA_20260326_080000.BIN,2.0512,18.5704,4.2717,18.5704,2.8710,1,10.043,13.687
975,DATA_20260326_080000.BIN,4.2717,13.8421,0.6746,13.8421,8.9760,1,6.965,7.335
976,DATA_20260326_080000.BIN,15.2026,27.2938,4.4938,27.2938,6.1380,1,10.586,21.132
977,DATA_20260326_080000.BIN,3.8385,12.2764,3.1217,12.2764,4.6090,1,19.933,23.452
978,DATA_20260326_080000.BIN,3.1217,12.9746,2.7892,12.9746,3.8500,1,15.021,20.631
979,DATA_20260326_080000.BIN,2.7892,47.7123,5.0134,47.7123,4.7300,1,5.058,5.312
980,DATA_20260326_080000.BIN,2.3969,9.9053,2.2868,9.9053,1.5180,1,3.403,4.133
981,DATA_20260326_080000.BIN,2.2868,14.7587,1.7766,14.7587,7.1610,1,2.189,6.083
982,DATA_20260326_080000.BIN,2.7911,38.3118,3.4391,38.3118,6.2150,1,1.041,1.512
983,DATA_20260326_080000.BIN,3.4391,11.0185,2.3469,11.0185,3.1680,1,2.957,4.156
984,DATA_20260326_080000.BIN,2.7672,9.9219,1.4426,9.9219,8.7340,1,0.604,2.530
985,DATA_20260326_080000.BIN,1.4426,9.9650,1.4703,9.9650,6.3690,1,2.098,2.115
986,DATA_20260326_080000.BIN,1.4703,16.0896,6.2760,16.0896,1.5730,1,7.891,9.149
987,DATA_20260326_080000.BIN,6.2760,16.9130,3.6274,16.9130,4.1250,1,6.760,7.182
988,DATA_20260326_080000.BIN,3.6274,25.6352,8.7162,25.6352,4.2680,1,1.899,4.041
989,DATA_20260326_080000.BIN,5.8660,18.5293,7.3709,18.5293,7.9530,1,12.475,12.905
990,DATA_20260326_080000.BIN,7.3709,25.7993,8.4064,25.7993,3.6850,1,14.876,17.734
991,DATA_20260326_080000.BIN,8.4064,30.2845,9.4838,30.2845,2.2000,1,7.721,11.188
992,DATA_20260326_080000.BIN,9.4838,24.4602,9.3696,24.4602,2.5300,1,13.115,15.172
993,DATA_20260326_080000.BIN,7.0606,23.3677,6.5868,23.3677,1.6720,1,9.708,9.768
994,DATA_20260326_080000.BIN,6.5868,17.7250,7.5838,17.7250,2.9480,1,5.760,5.761
995,DATA_20260326_080000.BIN,7.5838,18.0502,4.4627,18.0502,2.3540,1,6.178,7.282
996,DATA_20260326_080000.BIN,3.8612,20.4035,3.0689,20.4035,5.6540,1,14.006,15.076
997,DATA_20260326_080000.BIN,3.0689,14.7283,3.3391,14.7283,3.2450,1,4.618,5.856
998,DATA_20260326_080000.BIN,2.5311,26.5959,4.5918,26.5959,3.0140,1,6.896,7.612
999,DATA_20260326_080000.BIN,4.5918,12.1741,2.5312,12.1741,1.8370,1,3.551,4.348
1000,DATA_20260326_080000.BIN,5.5684,15.5106,4.7870,15.5106,4.7080,1,5.599,7.106
1001,DATA_20260326_080000.BIN,4.7870,12.1056,4.3193,12.1056,8.5910,1,3.093,6.428
1002,DATA_20260326_080000.BIN,2.7537,14.9188,6.1110,14.9188,1.7160,1,13.638,14.627
1003,DATA_20260326_080000.BIN,4.5418,45.8491,4.0953,45.8491,8.4150,1,8.394,8.760
1004,DATA_20260326_080000.BIN,5.2608,12.9219,3.4106,12.9219,2.4750,1,10.018,10.291
1005,DATA_20260326_080000.BIN,1.0414,13.9581,1.5782,13.9581,2.3980,1,20.443,23.844
1006,DATA_20260326_080000.BIN,2.5499,11.4224,1.6351,11.4224,4.9390,1,23.169,26.481
1007,DATA_20260326_080000.BIN,1.6351,11.5803,1.1893,11.5803,5.0930,1,13.086,17.234
1008,DATA_20260326_080000.BIN,3.2539,11.9211,1.8136,11.9211,8.3930,1,18.635,20.476
1009,DATA_20260326_080000.BIN,1.8136,10.6620,2.2222,10.6620,3.5860,1,12.328,15.789
1010,DATA_20260326_080000.BIN,4.9172,11.6900,4.8755,11.6900,3.4650,1,7.814,9.065
1011,DATA_20260326_080000.BIN,3.9182,11.0691,3.5828,11.0691,3.6630,1,7.279,10.629
1012,DATA_20260326_080000.BIN,2.3657,9.5215,3.7909,9.5215,3.2120,1,16.458,20.820
1013,DATA_20260326_080000.BIN,3.7909,11.4112,2.6987,11.4112,7.0510,1,9.169,14.417
1014,DATA_20260326_080000.BIN,2.9841,10.7624,2.8863,10.7624,3.6850,1,15.882,17.590
1015,DATA_20260326_080000.BIN,2.8863,10.6965,3.6053,10.6965,3.8830,1,14.759,16.721
1016,DATA_20260326_080000.BIN,3.6053,11.1727,1.4171,11.1727,4.4880,1,6.224,10.428
1017,DATA_20260326_080000.BIN,1.4171,11.4288,1.1652,11.4288,3.5750,1,9.221,10.563
1018,DATA_20260326_080000.BIN,1.1652,10.3048,4.3520,10.3048,4.6200,1,6.613,7.725
1019,DATA_20260326_080000.BIN,7.2043,31.1061,9.2273,31.1061,2.5850,1,15.274,15.445
1020,DATA_20260326_080000.BIN,9.2273,38.5682,7.4228,38.5682,1.8260,1,9.718,13.745
1021,DATA_20260326_080000.BIN,4.6973,12.3647,3.8100,12.3647,5.2800,1,4.401,5.453
1022,DATA_20260326_080000.BIN,3.8100,16.4831,4.1539,16.4831,7.6890,1,3.917,4.244
1023,DATA_20260326_080000.BIN,5.9693,13.3160,3.5180,13.3160,6.1050,1,10.230,11.333
1024,DATA_20260326_080000.BIN,3.5180,17.2995,8.8950,17.2995,7.3590,1,7.613,7.708
1025,DATA_20260326_080000.BIN,8.8950,15.8516,8.5983,15.8516,3.2340,1,20.151,21.741
1026,DATA_20260326_080000.BIN,8.4002,15.1882,8.6254,15.1882,3.4540,1,16.639,17.068
1027,DATA_20260326_080000.BIN,7.8692,14.8322,7.5633,14.8322,4.4440,1,14.614,15.763
1028,DATA_20260326_080000.BIN,7.9246,15.6526,7.3727,15.6526,3.7620,1,13.257,14.978
1029,DATA_20260326_080000.BIN,7.3727,15.4550,8.1316,15.4550,4.5980,1,9.808,10.453
1030,DATA_20260326_080000.BIN,8.1316,16.6063,10.2231,16.6063,5.7310,1,10.359,10.530
1031,DATA_20260326_080000.BIN,6.1633,22.9623,9.0600,22.9623,3.3660,1,14.037,14.057
1032,DATA_20260326_080000.BIN,9.0600,30.9597,3.9366,30.9597,8.3930,1,10.922,11.211
1033,DATA_20260326_080000.BIN,3.9366,18.5582,10.8232,18.5582,4.5650,1,9.490,11.717
1034,DATA_20260326_080000.BIN,10.8232,35.0146,10.0547,35.0146,4.9280,1,16.775,17.364
1035,DATA_20260326_080000.BIN,7.4932,22.3083,6.8840,22.3083,1.9030,1,8.757,9.678
1036,DATA_20260326_080000.BIN,9.2888,16.0566,6.7802,16.0566,4.2790,1,9.513,9.513
1037,DATA_20260326_080000.BIN,6.7802,22.6676,7.0325,22.6676,1.8700,1,10.134,11.271
1038,DATA_20260326_080000.BIN,7.0325,33.5202,7.3878,33.5202,6.4350,1,7.528,9.850
1039,DATA_20260326_080000.BIN,9.3586,32.7832,9.3770,32.7832,3.1570,1,7.138,8.614
1040,DATA_20260326_080000.BIN,6.0105,33.2178,6.6508,33.2178,9.5590,1,3.919,4.007
1041,DATA_20260326_080000.BIN,2.4973,11.3708,0.6975,11.3708,3.4650,1,29.703,32.428
1042,DATA_20260326_080000.BIN,0.6975,11.2394,2.1356,11.2394,3.9710,1,22.434,25.849
1043,DATA_20260326_080000.BIN,2.1356,10.7425,4.0979,10.7425,3.9600,1,22.390,24.200
1044,DATA_20260326_080000.BIN,0.7016,10.8715,1.0825,10.8715,3.3440,1,20.485,23.124
1045,DATA_20260326_080000.BIN,1.0825,11.8952,5.8557,11.8952,5.9400,1,14.665,17.289
1046,DATA_20260326_080000.BIN,3.0458,12.1885,4.2723,12.1885,4.8730,1,9.989,11.554
1047,DATA_20260326_080000.BIN,4.2723,11.4817,4.8720,11.4817,4.4660,1,12.377,12.585
1048,DATA_20260326_080000.BIN,3.4293,11.2956,3.2222,11.2956,3.3000,1,9.392,9.701
1049,DATA_20260326_080000.BIN,3.2222,11.2502,2.9682,11.2502,3.1790,1,7.288,7.640
1050,DATA_20260326_080000.BIN,2.9682,11.2852,3.9658,11.2852,4.4880,1,5.224,6.132
1051,DATA_20260326_080000.BIN,5.4757,12.5174,3.2697,12.5174,3.1570,1,7.017,7.017
1052,DATA_20260326_080000.BIN,6.5407,12.5141,3.8115,12.5141,4.4440,1,10.385,10.393
1053,DATA_20260326_090000.BIN,25.8483,42.0398,30.2849,42.0398,2.5630,1,17.868,17.893
1054,DATA_20260326_090000.BIN,30.2849,62.7782,33.4113,62.7782,3.6520,1,3.483,13.872
1055,DATA_20260326_090000.BIN,21.0119,47.6233,25.7383,47.6233,4.7520,1,16.668,16.669
1056,DATA_20260326_090000.BIN,25.7383,43.8816,30.5719,43.8816,3.5200,1,9.633,9.759
1057,DATA_20260326_090000.BIN,30.5719,48.4325,26.3246,48.4325,4.8180,1,13.005,13.592
1058,DATA_20260326_090000.BIN,26.3246,48.2470,23.9596,48.2470,3.8610,1,7.620,8.143
1059,DATA_20260326_090000.BIN,23.9596,47.2256,28.1242,47.2256,1.7050,1,8.948,9.195
1060,DATA_20260326_090000.BIN,28.1242,47.4590,27.7273,47.4590,3.2780,1,7.169,7.268
1061,DATA_20260326_090000.BIN,27.7273,44.4677,25.8925,44.4677,4.9720,1,7.397,7.487
1062,DATA_20260326_090000.BIN,25.8925,45.2516,28.1397,45.2516,1.6280,1,7.105,7.675
1063,DATA_20260326_090000.BIN,28.1397,43.4761,31.4018,43.4761,4.8730,1,4.382,4.421
1064,DATA_20260326_090000.BIN,31.4018,44.7831,30.5795,44.7831,1.7820,1,4.264,9.603
1065,DATA_20260326_090000.BIN,30.5795,44.6588,31.2669,44.6588,4.0590,1,5.327,6.752
1066,DATA_20260326_090000.BIN,31.2669,42.7177,28.9312,42.7177,6.0500,1,2.386,4.636
1067,DATA_20260326_090000.BIN,28.9312,45.7315,29.4710,45.7315,3.3000,1,2.372,3.364
1068,DATA_20260326_090000.BIN,29.4710,45.3485,29.8144,45.3485,4.3120,1,3.573,3.606
1069,DATA_20260326_090000.BIN,29.8144,44.3213,30.2297,44.3213,5.5440,1,2.152,2.158
1070,DATA_20260326_090000.BIN,30.2297,40.6228,28.7294,40.6228,4.6530,1,2.422,3.815
1071,DATA_20260326_090000.BIN,28.7294,42.1830,27.8826,42.1830,3.1130,1,2.649,3.877
1072,DATA_20260326_090000.BIN,27.8826,43.0717,27.9939,43.0717,3.9710,1,2.741,3.249
1073,DATA_20260326_090000.BIN,27.9939,42.3126,29.8096,42.3126,2.4310,1,5.162,6.026
1074,DATA_20260326_090000.BIN,29.8096,42.0201,28.6902,42.0201,3.5970,1,2.754,2.754
1075,DATA_20260326_090000.BIN,28.6902,41.6177,28.7130,41.6177,2.9040,1,5.437,5.455
1076,DATA_20260326_090000.BIN,28.7130,43.0624,30.6461,43.0624,3.0690,1,2.217,2.287
1077,DATA_20260326_090000.BIN,30.6461,42.4622,31.3808,42.4622,4.2350,1,2.127,4.016
1078,DATA_20260326_090000.BIN,31.3808,44.3145,32.3293,44.3145,3.2890,1,3.047,6.353
1079,DATA_20260326_090000.BIN,32.3293,42.4812,30.6754,42.4812,5.5660,1,3.052,5.858
1080,DATA_20260326_090000.BIN,30.6754,45.2362,30.3356,45.2362,3.0470,1,2.296,4.982
1081,DATA_20260326_090000.BIN,30.3356,43.3664,28.0310,43.3664,3.7840,1,1.828,3.826
1082,DATA_20260326_090000.BIN,28.0310,43.1497,28.4808,43.1497,3.5860,1,2.762,2.795
1083,DATA_20260326_090000.BIN,28.4808,45.1534,27.6796,45.1534,3.5640,1,2.834,3.692
1084,DATA_20260326_090000.BIN,27.6796,42.3826,24.8808,42.3826,4.3340,1,2.528,2.528
1085,DATA_20260326_090000.BIN,24.8808,44.6007,27.3991,44.6007,2.7060,1,5.294,5.797
1086,DATA_20260326_090000.BIN,27.3991,44.4847,26.1676,44.4847,3.4320,1,3.915,4.089
1087,DATA_20260326_090000.BIN,26.1676,41.5204,26.7169,41.5204,2.8600,1,2.659,2.912
1088,DATA_20260326_090000.BIN,26.7169,42.1331,28.2723,42.1331,3.1130,1,3.300,3.302
1089,DATA_20260326_090000.BIN,28.2723,43.5289,24.5507,43.5289,3.3550,1,2.061,3.449
1090,DATA_20260326_090000.BIN,24.5507,38.5096,20.9421,38.5096,3.3880,1,6.652,7.172
1091,DATA_20260326_090000.BIN,20.9421,40.2730,26.3422,40.2730,1.5620,1,7.141,8.758
1092,DATA_20260326_090000.BIN,26.3422,38.7501,26.6910,38.7501,5.3790,1,0.900,3.938
1093,DATA_20260326_090000.BIN,26.6910,38.6437,27.7548,38.6437,2.6840,1,0.906,1.363
1094,DATA_20260326_090000.BIN,27.7548,40.9444,26.3064,40.9444,4.4440,1,2.235,2.990
1095,DATA_20260326_090000.BIN,26.3064,40.0547,25.1855,40.0547,3.7290,1,0.770,1.043
1096,DATA_20260326_090000.BIN,25.1855,40.1150,25.2340,40.1150,4.1030,1,1.708,2.815
1097,DATA_20260326_090000.BIN,25.2340,39.0277,27.2998,39.0277,1.4630,1,2.697,2.941
1098,DATA_20260326_090000.BIN,27.2998,41.0782,27.9763,41.0782,3.7510,1,4.143,4.281
1099,DATA_20260326_090000.BIN,27.9763,40.6689,28.1919,40.6689,5.0820,1,4.030,4.424
1100,DATA_20260326_090000.BIN,28.1919,38.1340,24.0786,38.1340,1.4190,1,2.660,2.660
1101,DATA_20260326_090000.BIN,24.0786,60.1466,29.8977,60.1466,9.0970,1,2.213,3.236
1102,DATA_20260326_090000.BIN,29.8977,38.7341,22.8615,38.7341,3.3000,1,9.447,9.723
1103,DATA_20260326_090000.BIN,22.8615,42.2873,25.1808,42.2873,2.2220,1,12.506,12.526
1104,DATA_20260326_090000.BIN,25.1808,40.7846,25.5078,40.7846,3.8170,1,5.379,5.380
1105,DATA_20260326_090000.BIN,23.4402,37.6053,22.5713,37.6053,3.5860,1,7.223,7.238
1106,DATA_20260326_090000.BIN,22.5713,40.8109,24.5404,40.8109,1.9580,1,5.265,5.368
1107,DATA_20260326_090000.BIN,24.5404,39.5551,21.4527,39.5551,4.1250,1,1.351,1.366
1108,DATA_20260326_090000.BIN,21.4527,37.0025,24.4863,37.0025,2.4090,1,6.847,7.180
1109,DATA_20260326_090000.BIN,24.4863,39.1500,23.2813,39.1500,2.9480,1,4.008,4.318
1110,DATA_20260326_090000.BIN,23.2813,40.2289,22.8128,40.2289,3.2890,1,4.149,4.463
1111,DATA_20260326_090000.BIN,22.8128,34.9316,24.1207,34.9316,3.5860,1,2.569,2.692
1112,DATA_20260326_090000.BIN,24.1207,38.0986,23.0654,38.0986,3.2120,1,1.086,2.999
1113,DATA_20260326_090000.BIN,23.0654,39.7520,24.3129,39.7520,2.5630,1,2.016,2.656
1114,DATA_20260326_090000.BIN,24.3129,45.3200,23.7757,45.3200,4.9940,1,1.600,5.765
1115,DATA_20260326_090000.BIN,23.7757,34.9627,19.3571,34.9627,4.9280,1,2.344,2.834
1116,DATA_20260326_090000.BIN,20.6141,31.3269,21.6656,31.3269,7.0950,1,4.723,5.491
1117,DATA_20260326_090000.BIN,21.6656,35.9056,23.4045,35.9056,9.6250,1,6.265,6.757
1118,DATA_20260326_090000.BIN,24.3718,44.1201,25.3314,44.1201,3.5970,1,10.201,12.959
1119,DATA_20260326_090000.BIN,24.9264,37.9106,26.7064,37.9106,4.8290,1,1.842,4.070
1120,DATA_20260326_090000.BIN,22.1585,35.7933,21.7742,35.7933,1.8590,1,2.504,2.661
1121,DATA_20260326_090000.BIN,21.7742,36.9645,23.2521,36.9645,3.7730,1,2.135,2.198
1122,DATA_20260326_090000.BIN,23.2521,35.1293,22.3081,35.1293,3.0580,1,1.207,2.141
1123,DATA_20260326_090000.BIN,22.3081,36.9287,22.4061,36.9287,5.4450,1,1.305,1.731
1124,DATA_20260326_090000.BIN,22.4061,34.2566,22.9536,34.2566,1.6720,1,3.139,3.293
1125,DATA_20260326_090000.BIN,22.9536,38.1121,22.5460,38.1121,4.4330,1,1.545,2.952
1126,DATA_20260326_090000.BIN,22.5460,34.0544,21.4688,34.0544,3.2670,1,2.976,3.024
1127,DATA_20260326_090000.BIN,21.4688,32.8115,22.5752,32.8115,2.7940,1,1.324,4.816
1128,DATA_20260326_090000.BIN,23.3975,34.4110,24.5467,34.4110,4.2020,1,0.429,1.680
1129,DATA_20260326_090000.BIN,24.5467,46.6383,25.4948,46.6383,6.0170,1,3.664,3.983
1130,DATA_20260326_090000.BIN,25.4948,34.3352,22.1957,34.3352,5.7860,1,2.910,2.926
1131,DATA_20260326_090000.BIN,22.1957,36.1714,25.0345,36.1714,3.3990,1,16.215,16.307
1132,DATA_20260326_090000.BIN,25.0345,33.1427,24.0305,33.1427,6.0830,1,2.400,3.265
1133,DATA_20260326_090000.BIN,24.0305,36.5537,19.9121,36.5537,5.1040,1,2.686,7.846
1134,DATA_20260326_090000.BIN,19.9121,40.2264,14.1572,40.2264,8.8220,1,7.689,9.279
1135,DATA_20260326_090000.BIN,23.5908,58.2968,23.6076,58.2968,3.5420,1,9.739,13.415
1136,DATA_20260326_090000.BIN,25.8780,33.3805,23.7827,33.3805,4.4660,1,6.918,10.395
1137,DATA_20260326_090000.BIN,23.5932,41.2036,21.9674,41.2036,8.0520,1,5.825,6.006
1138,DATA_20260326_090000.BIN,24.2121,37.7791,19.9480,37.7791,7.8540,1,3.125,3.228
1139,DATA_20260326_090000.BIN,19.9480,32.2458,23.7532,32.2458,3.8500,1,4.218,4.694
1140,DATA_20260326_090000.BIN,23.8447,31.3846,22.4847,31.3846,2.3540,1,2.397,2.491
1141,DATA_20260326_090000.BIN,21.7508,30.7062,21.7852,30.7062,7.6890,1,2.657,3.801
1142,DATA_20260326_090000.BIN,21.7852,31.4486,20.5803,31.4486,4.2790,1,0.596,8.177
1143,DATA_20260326_090000.BIN,21.3348,33.1324,21.2472,33.1324,3.5530,1,2.960,3.360
1144,DATA_20260326_090000.BIN,21.2472,36.7766,17.6347,36.7766,5.4230,1,1.770,6.276
1145,DATA_20260326_090000.BIN,22.9028,32.7830,22.8364,32.7830,2.8820,1,0.827,3.282
1146,DATA_20260326_090000.BIN,22.8364,44.2865,19.8825,44.2865,5.6430,1,8.142,14.606
1147,DATA_20260326_090000.BIN,19.8825,32.1426,19.4498,32.1426,5.3240,1,7.638,8.317
1148,DATA_20260326_090000.BIN,26.4919,43.2649,24.9715,43.2649,3.3880,1,10.907,10.918
1149,DATA_20260326_090000.BIN,24.9715,61.2007,24.8268,61.2007,7.9750,1,7.197,9.221
1150,DATA_20260326_090000.BIN,24.8268,33.6515,22.9914,33.6515,4.9610,1,8.187,9.650
1151,DATA_20260326_090000.BIN,22.9914,58.7403,29.0287,58.7403,4.8840,1,6.364,9.071
1152,DATA_20260326_090000.BIN,29.0287,37.2868,22.0043,37.2868,6.1710,1,8.173,10.757
1153,DATA_20260326_090000.BIN,22.0043,44.4738,25.2892,44.4738,6.9740,1,6.356,7.308
1154,DATA_20260326_090000.BIN,22.2047,31.9360,22.3088,31.9360,6.9850,1,5.287,5.321
1155,DATA_20260326_090000.BIN,22.3088,60.6410,32.7640,60.6410,4.7850,1,10.874,10.906
1156,DATA_20260326_090000.BIN,32.7640,58.4217,28.8469,58.4217,7.4580,1,19.152,19.335
1157,DATA_20260326_090000.BIN,28.8469,41.8015,17.2357,41.8015,2.5630,1,14.570,18.173
1158,DATA_20260326_090000.BIN,17.2357,27.6149,15.5742,27.6149,1.9360,1,10.474,15.641
1159,DATA_20260326_090000.BIN,15.5742,26.1804,16.1693,26.1804,2.2000,1,8.625,8.799
1160,DATA_20260326_090000.BIN,20.5330,51.6452,22.7760,51.6452,3.2780,1,3.112,5.206
1161,DATA_20260326_090000.BIN,19.4449,29.6922,14.1796,29.6922,4.2900,1,4.439,10.728
1162,DATA_20260326_090000.BIN,20.9152,34.8914,20.0423,34.8914,3.6630,1,7.114,7.123
1163,DATA_20260326_090000.BIN,18.4539,32.2024,18.9407,32.2024,6.2370,1,4.263,4.584
1164,DATA_20260326_090000.BIN,18.9407,27.8089,19.5180,27.8089,3.2780,1,2.381,2.888
1165,DATA_20260326_090000.BIN,15.7976,49.1065,19.4928,49.1065,6.3030,1,5.217,11.405
1166,DATA_20260326_090000.BIN,19.4928,31.0952,15.1948,31.0952,3.1020,1,1.351,7.799
1167,DATA_20260326_090000.BIN,15.1948,31.4792,17.9399,31.4792,2.8050,1,6.861,7.147
1168,DATA_20260326_090000.BIN,28.1822,52.8683,16.5700,52.8683,7.9200,1,14.337,22.857
1169,DATA_20260326_090000.BIN,20.6195,42.7882,23.5705,42.7882,5.2690,1,7.923,8.371
1170,DATA_20260326_090000.BIN,23.5705,46.8308,32.0276,46.8308,3.6960,1,5.993,6.588
1171,DATA_20260326_090000.BIN,32.0276,47.4344,18.1839,47.4344,4.8730,1,22.843,23.778
1172,DATA_20260326_090000.BIN,18.1839,30.0368,19.5891,30.0368,2.4640,1,3.345,8.403
1173,DATA_20260326_090000.BIN,19.5891,36.7207,15.2788,36.7207,3.6190,1,1.484,4.176
1174,DATA_20260326_090000.BIN,15.2788,36.4861,16.4169,36.4861,2.0240,1,6.003,8.273
1175,DATA_20260326_090000.BIN,16.4169,38.3769,13.3813,38.3769,5.8850,1,4.040,6.544
1176,DATA_20260326_090000.BIN,13.3813,36.0751,13.3538,36.0751,3.7070,1,7.317,8.730
1177,DATA_20260326_090000.BIN,13.3538,36.1654,13.7055,36.1654,3.4760,1,6.299,7.442
1178,DATA_20260326_090000.BIN,13.7055,36.1438,14.2833,36.1438,2.7720,1,5.280,5.991
1179,DATA_20260326_090000.BIN,14.2833,35.8877,13.7126,35.8877,3.4980,1,4.993,6.856
1180,DATA_20260326_090000.BIN,13.7126,35.6310,12.6381,35.6310,5.5660,1,5.752,7.139
1181,DATA_20260326_090000.BIN,12.6381,34.0988,14.0221,34.0988,2.4860,1,5.531,5.847
1182,DATA_20260326_090000.BIN,14.0221,34.2758,13.6801,34.2758,6.6660,1,3.682,4.178
1183,DATA_20260326_090000.BIN,13.6801,32.4280,14.9348,32.4280,2.0570,1,5.179,7.269
1184,DATA_20260326_090000.BIN,14.9348,35.8812,16.0015,35.8812,6.0060,1,4.601,5.809
1185,DATA_20260326_090000.BIN,16.0015,30.9213,17.5829,30.9213,3.8280,1,3.025,3.790
1186,DATA_20260326_090000.BIN,17.5829,29.3865,16.6984,29.3865,3.5310,1,2.649,4.010
1187,DATA_20260326_090000.BIN,16.6984,29.7295,17.1905,29.7295,4.5540,1,1.325,1.891
1188,DATA_20260326_090000.BIN,17.1905,30.9997,17.1278,30.9997,4.3780,1,1.799,1.811
1189,DATA_20260326_090000.BIN,17.1278,29.5471,15.9775,29.5471,6.7650,1,4.464,5.520
1190,DATA_20260326_090000.BIN,15.9775,29.8277,13.0936,29.8277,3.3770,1,0.525,1.503
1191,DATA_20260326_090000.BIN,13.0936,29.0570,18.1483,29.0570,4.5760,1,5.753,6.003
1192,DATA_20260326_090000.BIN,18.1483,28.3848,16.7968,28.3848,3.5420,1,2.682,6.970
1193,DATA_20260326_090000.BIN,16.7968,26.9060,16.3488,26.9060,3.5420,1,0.976,1.445
1194,DATA_20260326_090000.BIN,16.3488,26.1374,15.7600,26.1374,3.5750,1,1.125,4.488
1195,DATA_20260326_090000.BIN,15.7600,28.7450,16.6813,28.7450,3.9710,1,1.703,2.474
1196,DATA_20260326_090000.BIN,16.6813,29.1320,17.0593,29.1320,5.3570,1,2.657,2.822
1197,DATA_20260326_090000.BIN,17.0593,30.1394,16.4669,30.1394,4.7080,1,4.499,5.390
1198,DATA_20260326_090000.BIN,16.4669,25.9794,17.1331,25.9794,3.3000,1,1.239,1.837
1199,DATA_20260326_090000.BIN,17.1331,30.2177,16.2126,30.2177,3.8280,1,1.014,3.659
1200,DATA_20260326_090000.BIN,16.2126,38.3877,11.5424,38.3877,6.7870,1,0.368,1.868
1201,DATA_20260326_090000.BIN,7.8636,22.0582,12.5670,22.0582,2.9480,1,12.763,13.802
1202,DATA_20260326_090000.BIN,12.5670,22.4853,8.2487,22.4853,3.5970,1,8.791,9.306
1203,DATA_20260326_090000.BIN,8.2487,20.8060,10.3478,20.8060,3.2340,1,9.781,9.786
1204,DATA_20260326_090000.BIN,10.3478,22.8853,9.3049,22.8853,3.1020,1,6.913,7.837
1205,DATA_20260326_090000.BIN,9.3049,20.8869,9.1721,20.8869,3.3880,1,7.981,8.025
1206,DATA_20260326_090000.BIN,10.3104,20.5019,10.2473,20.5019,5.3900,1,3.809,6.156
1207,DATA_20260326_090000.BIN,7.8376,19.1874,9.4152,19.1874,3.4320,1,6.744,7.390
1208,DATA_20260326_090000.BIN,9.4152,18.3395,9.5019,18.3395,1.6280,1,5.981,6.009
1209,DATA_20260326_090000.BIN,10.3882,20.2074,7.8877,20.2074,7.9750,1,2.604,5.059
1210,DATA_20260326_090000.BIN,7.8877,17.1905,7.3543,17.1905,4.7410,1,6.548,11.270
1211,DATA_20260326_090000.BIN,7.3543,19.9305,10.5106,19.9305,5.1810,1,5.544,5.850
1212,DATA_20260326_090000.BIN,10.5106,20.8301,9.6273,20.8301,3.4980,1,1.122,5.611
1213,DATA_20260326_090000.BIN,9.6273,18.6602,10.3176,18.6602,3.3880,1,2.373,4.447
1214,DATA_20260326_090000.BIN,11.4752,22.3875,10.1928,22.3875,2.9700,1,3.783,7.616
1215,DATA_20260326_090000.BIN,10.1928,21.3458,9.1850,21.3458,3.1460,1,3.672,5.368
1216,DATA_20260326_090000.BIN,9.1850,20.5857,9.5318,20.5857,4.0700,1,2.364,6.279
1217,DATA_20260326_090000.BIN,13.2022,24.0172,12.0330,24.0172,8.4370,1,3.097,8.472
1218,DATA_20260326_090000.BIN,12.0330,23.0340,11.6214,23.0340,3.6740,1,2.526,2.526
1219,DATA_20260326_090000.BIN,12.6337,19.1486,11.9055,19.1486,7.2160,1,3.288,6.523
1220,DATA_20260326_090000.BIN,11.9055,21.0658,12.2423,21.0658,2.0240,1,1.139,6.662
1221,DATA_20260326_090000.BIN,12.2423,20.3216,11.5658,20.3216,4.8950,1,3.812,5.991
1222,DATA_20260326_090000.BIN,9.3566,23.1491,8.6359,23.1491,3.6080,1,2.527,5.153
1223,DATA_20260326_090000.BIN,8.6359,20.6658,10.0740,20.6658,4.1690,1,3.774,6.041
1224,DATA_20260326_090000.BIN,10.0740,25.3181,10.1278,25.3181,4.6530,1,1.329,4.503
1225,DATA_20260326_090000.BIN,10.1278,24.0885,10.3072,24.0885,3.3880,1,1.802,2.912
1226,DATA_20260326_090000.BIN,10.3072,24.7232,11.5536,24.7232,3.1350,1,1.156,1.533
1227,DATA_20260326_090000.BIN,11.5536,24.7226,11.4125,24.7226,5.2250,1,1.452,2.494
1228,DATA_20260326_090000.BIN,11.4125,22.8813,11.6222,22.8813,3.6960,1,1.435,1.438
1229,DATA_20260326_090000.BIN,11.6222,22.9626,9.1048,22.9626,6.9190,1,2.910,3.615
1230,DATA_20260326_090000.BIN,11.3347,20.4728,11.1439,20.4728,1.6720,1,1.417,1.640
1231,DATA_20260326_090000.BIN,7.8338,21.1665,8.1819,21.1665,4.3670,1,3.810,3.822
1232,DATA_20260326_090000.BIN,9.6361,18.1422,8.7976,18.1422,3.8940,1,1.512,4.061
1233,DATA_20260326_090000.BIN,8.7976,17.7032,8.4561,17.7032,3.6300,1,2.787,4.183
1234,DATA_20260326_090000.BIN,9.7197,20.4490,7.2564,20.4490,7.1060,1,1.946,6.118
1235,DATA_20260326_090000.BIN,7.2564,18.7443,7.7856,18.7443,4.0590,1,4.083,4.305
1236,DATA_20260326_090000.BIN,7.7856,19.1806,7.2283,19.1806,4.3230,1,3.170,4.476
1237,DATA_20260326_090000.BIN,8.7183,41.3591,10.5656,41.3591,7.5680,1,2.559,10.101
1238,DATA_20260326_090000.BIN,10.5656,18.4390,10.2759,18.4390,3.8830,1,3.089,4.088
1239,DATA_20260326_090000.BIN,8.0931,35.0050,9.8109,35.0050,6.7430,1,1.895,2.801
1240,DATA_20260326_090000.BIN,9.8109,34.6808,10.3987,34.6808,5.0710,1,2.129,2.603
1241,DATA_20260326_090000.BIN,10.3987,32.4222,12.0621,32.4222,3.3220,1,2.862,5.157
1242,DATA_20260326_090000.BIN,3.0556,22.2600,9.6242,22.2600,8.5030,1,9.823,14.027
1243,DATA_20260326_090000.BIN,5.8261,19.9243,7.3205,19.9243,4.6530,1,5.962,12.649
1244,DATA_20260326_090000.BIN,21.6345,43.0914,13.0882,43.0914,4.5980,1,22.133,22.804
1245,DATA_20260326_090000.BIN,13.0882,36.4329,9.3319,36.4329,3.3990,1,6.489,6.882
1246,DATA_20260326_090000.BIN,9.3319,25.3300,15.2035,25.3300,2.9040,1,1.293,3.896
1247,DATA_20260326_090000.BIN,15.2035,30.7882,14.1396,30.7882,3.9930,1,15.674,16.027
1248,DATA_20260326_090000.BIN,14.1396,28.0228,9.6743,28.0228,4.7960,1,16.530,18.441
1249,DATA_20260326_090000.BIN,9.6743,33.3345,3.4283,33.3345,2.5080,1,4.275,4.275
1250,DATA_20260326_090000.BIN,7.5309,27.6924,16.7373,27.6924,3.7950,1,5.123,5.166
1251,DATA_20260326_090000.BIN,16.7373,42.5552,33.9228,42.5552,3.0470,1,8.705,9.819
1252,DATA_20260326_090000.BIN,33.9228,46.4708,9.3011,46.4708,8.2280,1,32.739,32.749
1253,DATA_20260326_090000.BIN,10.9037,48.0059,5.7918,48.0059,7.3260,1,5.859,6.119
1254,DATA_20260326_090000.BIN,4.8336,14.8189,7.0828,14.8189,2.7830,1,11.435,12.773
1255,DATA_20260326_090000.BIN,7.0828,21.0989,5.4548,21.0989,2.4420,1,7.117,7.125
1256,DATA_20260326_090000.BIN,5.4548,17.6788,7.2330,17.6788,6.1490,1,5.354,6.285
1257,DATA_20260326_090000.BIN,5.4505,18.3612,5.1364,18.3612,3.1680,1,4.734,7.312
1258,DATA_20260326_090000.BIN,5.1364,18.5671,5.3143,18.5671,3.7840,1,3.994,6.464
1259,DATA_20260326_090000.BIN,4.5822,19.3234,4.3377,19.3234,4.3890,1,4.783,7.141
1260,DATA_20260326_090000.BIN,4.3377,17.2271,3.3541,17.2271,3.5090,1,4.143,6.140
1261,DATA_20260326_090000.BIN,3.3541,11.5970,4.0701,11.5970,2.1450,1,5.375,6.508
1262,DATA_20260326_090000.BIN,4.0701,16.7022,4.3262,16.7022,4.2350,1,6.599,6.607
1263,DATA_20260326_090000.BIN,4.3262,16.9137,4.0832,16.9137,2.0130,1,2.912,4.548
1264,DATA_20260326_090000.BIN,4.0832,17.0128,4.7771,17.0128,2.4310,1,4.569,4.651
1265,DATA_20260326_090000.BIN,4.7771,14.9874,7.5633,14.9874,3.2670,1,5.846,6.288
1266,DATA_20260326_090000.BIN,7.5633,16.0137,7.1189,16.0137,3.6740,1,2.619,3.751
1267,DATA_20260326_090000.BIN,7.1189,14.8889,4.9669,14.8889,3.0470,1,2.321,2.484
1268,DATA_20260326_090000.BIN,4.9669,20.3444,5.4508,20.3444,1.8920,1,1.855,3.319
1269,DATA_20260326_090000.BIN,5.4508,21.1087,5.9856,21.1087,3.0910,1,2.138,2.630
1270,DATA_20260326_090000.BIN,5.9856,24.2590,6.0700,24.2590,3.1130,1,1.781,2.119
1271,DATA_20260326_090000.BIN,6.0700,15.5700,4.5681,15.5700,2.6510,1,0.123,0.206
1272,DATA_20260326_090000.BIN,2.9675,12.5442,3.9952,12.5442,3.7290,1,5.724,6.500
1273,DATA_20260326_090000.BIN,3.9952,17.2206,3.7938,17.2206,4.7080,1,3.721,5.205
1274,DATA_20260326_090000.BIN,3.7938,13.8952,4.4716,13.8952,4.0370,1,3.684,3.781
1275,DATA_20260326_090000.BIN,4.4716,13.3906,4.0917,13.3906,3.4760,1,2.446,5.317
1276,DATA_20260326_090000.BIN,4.0917,14.3607,3.6560,14.3607,1.8260,1,1.575,5.292
1277,DATA_20260326_090000.BIN,3.6560,12.8671,3.5366,12.8671,3.9930,1,2.595,2.689
1278,DATA_20260326_090000.BIN,3.5366,15.4237,3.2188,15.4237,5.3570,1,4.647,4.854
1279,DATA_20260326_090000.BIN,3.2188,13.9007,2.8064,13.9007,2.3320,1,3.234,4.181
1280,DATA_20260326_090000.BIN,2.8064,11.8538,2.9723,11.8538,6.7870,1,3.291,3.328
1281,DATA_20260326_090000.BIN,1.6979,11.3301,1.6081,11.3301,4.2790,1,4.242,4.858
1282,DATA_20260326_090000.BIN,3.8212,12.5168,3.9350,12.5168,8.1620,1,0.409,1.702
1283,DATA_20260326_090000.BIN,4.1865,15.9169,0.9392,15.9169,4.1910,1,0.274,4.150
1284,DATA_20260326_090000.BIN,0.9392,21.6232,2.2361,21.6232,3.3550,1,4.548,4.549
1285,DATA_20260326_090000.BIN,2.2361,21.2397,3.3195,21.2397,3.6740,1,3.131,4.722
1286,DATA_20260326_090000.BIN,3.3195,23.2542,2.8304,23.2542,3.8060,1,1.482,2.677
1287,DATA_20260326_090000.BIN,2.8304,24.0623,2.5878,24.0623,6.5450,1,1.298,3.017
1288,DATA_20260326_090000.BIN,2.5878,21.6656,2.9178,21.6656,3.3110,1,3.428,4.420
1289,DATA_20260326_090000.BIN,2.9178,23.3413,3.6050,23.3413,3.2450,1,1.719,4.517
1290,DATA_20260326_090000.BIN,3.6050,19.8423,1.8526,19.8423,5.7970,1,1.758,3.803
1291,DATA_20260326_090000.BIN,1.8526,21.6380,3.6936,21.6380,3.3000,1,5.592,5.599
1292,DATA_20260326_090000.BIN,3.6936,22.4943,3.8635,22.4943,3.0360,1,3.208,3.222
1293,DATA_20260326_090000.BIN,3.8635,23.3329,3.0051,23.3329,4.0590,1,2.840,3.565
1294,DATA_20260326_090000.BIN,3.0051,19.4891,2.0267,19.4891,4.9390,1,1.817,1.817
1295,DATA_20260326_090000.BIN,2.0267,24.1376,1.7247,24.1376,3.5090,1,4.211,5.001
1296,DATA_20260326_090000.BIN,1.7247,20.5884,2.4072,20.5884,4.1910,1,2.156,3.142
1297,DATA_20260326_090000.BIN,2.4072,22.8999,1.7997,22.8999,3.7950,1,2.289,4.216
1298,DATA_20260326_090000.BIN,1.7997,24.0326,2.4595,24.0326,3.6960,1,1.583,2.711
1299,DATA_20260326_090000.BIN,2.4595,22.7416,3.9340,22.7416,2.7940,1,1.939,3.444
1300,DATA_20260326_090000.BIN,3.9340,18.0727,2.6123,18.0727,4.4220,1,1.276,2.969
1301,DATA_20260326_090000.BIN,2.6123,19.2994,2.0026,19.2994,2.1230,1,1.623,2.343
1302,DATA_20260326_090000.BIN,2.0026,19.5229,2.4245,19.5229,5.5110,1,2.571,2.572
1303,DATA_20260326_090000.BIN,2.4245,17.0412,3.1120,17.0412,2.7610,1,0.107,0.867
1304,DATA_20260326_090000.BIN,3.1120,17.6498,4.4231,17.6498,4.1140,1,1.718,1.741
1305,DATA_20260326_090000.BIN,4.4231,15.2700,3.8673,15.2700,2.1340,1,2.699,3.221
1306,DATA_20260326_090000.BIN,3.8673,17.7986,3.1175,17.7986,5.1700,1,1.684,2.425
1307,DATA_20260326_090000.BIN,3.1175,17.1536,3.0765,17.1536,1.6830,1,0.523,0.702
1308,DATA_20260326_090000.BIN,3.0765,16.2524,4.1698,16.2524,4.1250,1,2.059,2.331
1309,DATA_20260326_090000.BIN,4.1698,15.8947,3.9102,15.8947,3.4870,1,1.813,2.078
1310,DATA_20260326_090000.BIN,3.9102,16.9894,3.7462,16.9894,5.5110,1,1.548,1.902
1311,DATA_20260326_090000.BIN,3.7462,17.1908,3.3703,17.1908,3.4760,1,1.707,1.809
1312,DATA_20260326_090000.BIN,3.3703,13.5625,4.1872,13.5625,4.7630,1,0.991,1.205
1313,DATA_20260326_090000.BIN,4.1872,16.7345,3.1580,16.7345,2.4640,1,1.709,2.049
1314,DATA_20260326_090000.BIN,3.1580,17.5454,4.4106,17.5454,3.1570,1,0.882,1.200
1315,DATA_20260326_090000.BIN,4.4106,16.5600,3.8740,16.5600,5.2140,1,2.547,2.606
1316,DATA_20260326_090000.BIN,3.8740,19.2671,3.9545,19.2671,4.3560,1,1.053,2.530
1317,DATA_20260326_090000.BIN,3.9545,16.2902,1.5042,16.2902,6.2700,1,1.582,2.277
1318,DATA_20260326_090000.BIN,2.2901,13.5633,1.0956,13.5633,4.4000,1,3.766,5.391
1319,DATA_20260326_090000.BIN,1.0956,9.0099,0.9929,9.0099,3.1680,1,5.292,5.841
1320,DATA_20260326_090000.BIN,0.9929,11.7085,1.8373,11.7085,3.6850,1,3.600,4.428
1321,DATA_20260326_090000.BIN,1.8373,10.8470,1.1153,10.8470,6.0060,1,2.352,3.835
1322,DATA_20260326_090000.BIN,1.1153,12.7354,0.3777,12.7354,4.8510,1,2.936,4.122
1323,DATA_20260326_090000.BIN,0.6568,10.0605,0.6176,10.0605,7.3260,1,2.723,2.753
1324,DATA_20260326_090000.BIN,0.6176,12.1229,0.5581,12.1229,3.9380,1,4.802,5.428
1325,DATA_20260326_090000.BIN,0.5581,10.4100,1.2851,10.4100,2.9150,1,3.925,5.115
1326,DATA_20260326_090000.BIN,3.2369,13.0024,4.4788,13.0024,8.4370,1,1.557,2.524
1327,DATA_20260326_090000.BIN,4.4788,13.9936,2.4024,13.9936,3.1020,1,2.631,4.765
1328,DATA_20260326_090000.BIN,2.3456,10.8045,1.8423,10.8045,4.8950,1,5.901,7.281
1329,DATA_20260326_090000.BIN,5.5983,17.0146,3.5659,17.0146,3.5090,1,5.594,8.070
1330,DATA_20260326_090000.BIN,2.1265,18.0292,10.6014,18.0292,4.4220,1,0.862,1.978
1331,DATA_20260326_090000.BIN,10.6014,40.5599,27.7231,40.5599,4.1250,1,6.524,11.750
1332,DATA_20260326_090000.BIN,11.1475,40.4964,29.1531,40.4964,3.9930,1,17.731,26.439
1333,DATA_20260326_090000.BIN,29.1531,41.3019,15.3121,41.3019,4.1250,1,26.447,34.948
1334,DATA_20260326_090000.BIN,15.3121,21.9304,0.7798,21.9304,9.2180,1,17.929,18.528
1335,DATA_20260326_090000.BIN,0.7798,14.6416,2.0202,14.6416,6.4570,1,10.602,11.313
1336,DATA_20260326_090000.BIN,2.5140,9.9905,1.9072,9.9905,4.2570,1,4.898,5.035
1337,DATA_20260326_090000.BIN,0.1840,25.4791,0.8164,25.4791,8.6460,1,5.784,6.284
1338,DATA_20260326_090000.BIN,0.8164,23.9726,0.3230,23.9726,4.0040,1,4.860,5.304
1339,DATA_20260326_090000.BIN,1.6077,18.8036,1.0011,18.8036,4.9720,1,5.757,5.868
1340,DATA_20260326_090000.BIN,1.0011,19.6612,0.5967,19.6612,4.1470,1,2.215,5.183
1341,DATA_20260326_090000.BIN,0.5967,17.0684,1.8148,17.0684,2.6840,1,4.055,5.026
1342,DATA_20260326_090000.BIN,1.8148,17.2374,0.8225,17.2374,6.3580,1,1.265,1.684
1343,DATA_20260326_090000.BIN,0.8225,15.7272,1.0184,15.7272,4.5540,1,2.890,3.671
1344,DATA_20260326_090000.BIN,1.0184,14.0040,0.8443,14.0040,4.5320,1,4.391,4.610
1345,DATA_20260326_090000.BIN,0.8443,16.8708,0.6392,16.8708,3.7840,1,3.803,3.918
1346,DATA_20260326_090000.BIN,0.6392,14.6657,0.7623,14.6657,3.8500,1,3.640,3.645
1347,DATA_20260326_090000.BIN,0.7623,15.2200,0.7264,15.2200,4.1360,1,2.862,3.047
1348,DATA_20260326_090000.BIN,0.7264,13.6689,0.8537,13.6689,2.3980,1,2.383,2.835
1349,DATA_20260326_090000.BIN,0.8537,17.6940,0.6287,17.6940,4.5650,1,1.363,2.891
1350,DATA_20260326_090000.BIN,0.6287,16.9463,1.0525,16.9463,4.3340,1,1.951,1.951
1351,DATA_20260326_090000.BIN,1.0525,17.1057,0.4648,17.1057,5.0050,1,1.238,1.571
1352,DATA_20260326_090000.BIN,0.4648,14.9314,0.8291,14.9314,8.1950,1,3.335,3.811
1353,DATA_20260326_090000.BIN,0.8291,13.2629,1.5710,13.2629,2.6950,1,1.380,4.039
1354,DATA_20260326_090000.BIN,1.5710,14.1864,1.6126,14.1864,4.4440,1,1.934,1.955
1355,DATA_20260326_090000.BIN,1.6126,12.6956,0.3327,12.6956,6.6440,1,2.130,2.150
1356,DATA_20260326_090000.BIN,0.3327,14.9399,0.5874,14.9399,4.1580,1,1.639,1.660
1357,DATA_20260326_090000.BIN,0.5874,14.3539,0.7685,14.3539,3.5090,1,1.361,1.483
1358,DATA_20260326_090000.BIN,0.7685,15.0744,0.6067,15.0744,2.8380,1,0.678,2.167
1359,DATA_20260326_090000.BIN,0.6067,13.7298,0.0778,13.7298,4.8620,1,2.518,3.073
1360,DATA_20260326_090000.BIN,0.0778,11.6608,0.3852,11.6608,3.2670,1,0.581,0.585
1361,DATA_20260326_090000.BIN,0.3852,13.9191,0.7121,13.9191,3.3770,1,1.349,2.652
1362,DATA_20260326_090000.BIN,0.7121,13.9594,0.6318,13.9594,3.7950,1,1.793,2.017
1363,DATA_20260326_090000.BIN,0.6318,12.5499,0.9723,12.5499,2.2880,1,2.255,4.067
1364,DATA_20260326_090000.BIN,0.9723,16.7077,2.0665,16.7077,4.8070,1,1.458,1.716
1365,DATA_20260326_090000.BIN,2.0665,15.8697,0.7554,15.8697,4.2790,1,3.923,4.164
1366,DATA_20260326_090000.BIN,0.7554,14.4578,0.9277,14.4578,3.3110,1,0.739,0.944
1367,DATA_20260326_090000.BIN,0.9277,13.7518,0.8918,13.7518,3.7730,1,1.347,1.358
1368,DATA_20260326_090000.BIN,0.8918,12.0386,1.0746,12.0386,4.0480,1,1.168,1.736
1369,DATA_20260326_090000.BIN,1.0746,10.2545,0.6336,10.2545,4.7630,1,1.293,1.483
1370,DATA_20260326_090000.BIN,0.6336,11.0925,0.2732,11.0925,6.3910,1,2.528,3.353
1371,DATA_20260326_090000.BIN,0.2732,10.2773,0.5355,10.2773,5.9180,1,0.373,0.668
1372,DATA_20260326_090000.BIN,0.5355,9.4333,0.7496,9.4333,3.8390,1,1.264,2.366
1373,DATA_20260326_090000.BIN,0.7496,9.2470,0.4911,9.2470,2.8600,1,1.374,1.374
1374,DATA_20260326_090000.BIN,0.3921,11.9293,0.9513,11.9293,3.1900,1,0.483,1.379
1375,DATA_20260326_090000.BIN,0.7456,9.1653,0.2939,9.1653,4.4330,1,1.826,2.528
1376,DATA_20260326_090000.BIN,0.2939,10.4431,0.5282,10.4431,5.9840,1,0.667,0.782
1377,DATA_20260326_090000.BIN,0.4327,10.5038,1.1772,10.5038,3.9050,1,0.412,0.457
1378,DATA_20260326_090000.BIN,1.1772,9.6883,1.8383,9.6883,4.7300,1,1.657,1.672
1379,DATA_20260326_090000.BIN,1.8383,10.1969,2.3711,10.1969,3.2120,1,3.654,4.377
1380,DATA_20260326_090000.BIN,2.3711,11.2144,1.0013,11.2144,4.3340,1,3.818,4.392
1381,DATA_20260326_090000.BIN,2.4835,21.1556,5.2214,21.1556,3.3550,1,3.975,4.009
1382,DATA_20260326_090000.BIN,0.4106,10.0380,2.3424,10.0380,7.6780,1,3.412,5.460
1383,DATA_20260326_090000.BIN,0.4013,10.7762,0.1963,10.7762,9.0970,1,8.611,12.374
1384,DATA_20260326_090000.BIN,0.6351,10.1025,0.8115,10.1025,6.7650,1,1.904,1.905
1385,DATA_20260326_090000.BIN,2.1632,14.8425,4.0597,14.8425,4.7300,1,6.868,8.069
1386,DATA_20260326_090000.BIN,4.0597,13.6980,2.3455,13.6980,8.2940,1,9.720,10.657
1387,DATA_20260326_090000.BIN,2.3455,16.2744,1.8066,16.2744,4.3450,1,5.537,7.670
1388,DATA_20260326_090000.BIN,1.8066,19.3429,6.8531,19.3429,4.0590,1,2.716,4.033
1389,DATA_20260326_090000.BIN,6.8531,16.2563,6.1386,16.2563,9.3170,1,9.960,9.989
1390,DATA_20260326_090000.BIN,6.1386,18.0121,5.7951,18.0121,3.9710,1,8.656,9.254
1391,DATA_20260326_090000.BIN,5.7951,19.1893,6.4036,19.1893,5.0820,1,7.189,7.710
1392,DATA_20260326_090000.BIN,6.4036,18.8228,7.6926,18.8228,9.4490,1,7.015,7.158
1393,DATA_20260326_090000.BIN,7.6926,20.1023,7.0611,20.1023,6.0170,1,9.102,9.121
1394,DATA_20260326_090000.BIN,7.0611,17.0460,7.2876,17.0460,5.7860,1,7.313,8.275
1395,DATA_20260326_090000.BIN,7.2876,15.5935,4.8640,15.5935,6.5340,1,7.713,7.719
1396,DATA_20260326_090000.BIN,3.8558,24.9771,3.1207,24.9771,6.7210,1,3.445,3.667
1397,DATA_20260326_090000.BIN,6.7161,24.9000,6.2165,24.9000,8.0300,1,7.143,9.665
1398,DATA_20260326_090000.BIN,6.2165,19.8405,11.6809,19.8405,6.7430,1,4.025,5.020
1399,DATA_20260326_090000.BIN,11.6809,21.1602,8.1610,21.1602,6.7100,1,13.565,13.815
1400,DATA_20260326_090000.BIN,8.1610,15.9742,5.9543,15.9742,7.6010,1,7.911,11.209
1401,DATA_20260326_090000.BIN,6.2486,15.2591,2.6559,15.2591,5.0820,1,4.691,7.457
1402,DATA_20260326_090000.BIN,6.0493,14.4489,6.7695,14.4489,3.2230,1,3.009,9.124
1403,DATA_20260326_090000.BIN,5.9013,14.0060,3.7645,14.0060,5.0710,1,2.922,3.431
1404,DATA_20260326_090000.BIN,3.7645,21.7630,7.3501,21.7630,9.0860,1,4.247,4.306
1405,DATA_20260326_090000.BIN,11.6775,23.7205,8.7730,23.7205,4.9610,1,12.505,12.712
1406,DATA_20260326_090000.BIN,8.7730,21.6143,12.1428,21.6143,8.5140,1,11.620,12.840
1407,DATA_20260326_090000.BIN,10.7105,24.5723,5.9602,24.5723,7.9200,1,16.740,17.238
1408,DATA_20260326_090000.BIN,6.3371,15.1043,4.1072,15.1043,7.4800,1,8.535,9.916
1409,DATA_20260326_090000.BIN,7.0915,13.9061,5.1765,13.9061,6.2260,1,7.557,12.882
1410,DATA_20260326_090000.BIN,5.1765,16.8655,7.1043,16.8655,9.2290,1,3.760,4.052
1411,DATA_20260326_090000.BIN,2.5643,19.2139,6.7900,19.2139,9.2290,1,6.556,8.304
1412,DATA_20260326_090000.BIN,6.7900,21.2243,9.3539,21.2243,7.2270,1,16.293,16.778
1413,DATA_20260326_090000.BIN,8.2687,16.8677,8.8132,16.8677,5.0380,1,6.254,7.418
1414,DATA_20260326_100000.BIN,24.0694,36.7388,15.2113,36.7388,9.6580,1,8.919,10.149
1415,DATA_20260326_100000.BIN,14.3202,25.6634,14.7043,25.6634,7.0730,1,6.909,6.909
1416,DATA_20260326_100000.BIN,14.7043,23.2483,8.3741,23.2483,6.2810,1,4.737,7.020
1417,DATA_20260326_100000.BIN,16.6707,27.3571,12.6356,27.3571,8.6020,1,2.262,7.606
1418,DATA_20260326_100000.BIN,6.3209,17.4164,4.0217,17.4164,9.1850,1,21.304,23.265
1419,DATA_20260326_100000.BIN,10.6092,22.5157,12.6223,22.5157,2.6180,1,6.671,7.530
1420,DATA_20260326_100000.BIN,11.5076,24.3200,8.9428,24.3200,4.2790,1,4.854,8.886
1421,DATA_20260326_100000.BIN,8.8624,22.4283,7.7727,22.4283,7.0400,1,7.560,7.836
1422,DATA_20260326_100000.BIN,7.7727,17.9842,8.0396,17.9842,3.0030,1,10.767,12.590
1423,DATA_20260326_100000.BIN,6.4043,22.7433,12.0312,22.7433,9.9660,1,9.645,11.945
1424,DATA_20260326_100000.BIN,8.4601,17.0973,7.0582,17.0973,6.3250,1,5.257,7.985
1425,DATA_20260326_100000.BIN,3.3683,13.5044,1.0639,13.5044,4.9610,1,10.423,16.479
1426,DATA_20260326_100000.BIN,0.2451,11.3931,0.2854,11.3931,9.7020,1,13.776,19.958
1427,DATA_20260326_100000.BIN,0.3073,10.7658,0.5424,10.7658,9.2290,1,13.013,22.892
1428,DATA_20260326_100000.BIN,1.5674,11.4132,0.6619,11.4132,9.2730,1,10.186,19.764
1429,DATA_20260326_100000.BIN,4.5230,12.6650,4.3973,12.6650,4.4660,1,14.934,25.252
1430,DATA_20260326_100000.BIN,4.4313,13.3071,2.8545,13.3071,4.4220,1,14.358,23.362
1431,DATA_20260326_100000.BIN,4.6800,12.9691,4.7922,12.9691,9.7900,1,13.527,20.273
1432,DATA_20260326_100000.BIN,4.0364,12.9423,4.5679,12.9423,6.2040,1,6.653,18.530
1433,DATA_20260326_100000.BIN,1.6045,14.3540,4.6181,14.3540,6.2150,1,7.364,10.973
1434,DATA_20260326_100000.BIN,3.3381,16.3177,4.3748,16.3177,3.8940,1,8.706,9.944
1435,DATA_20260326_100000.BIN,4.7047,19.2488,10.2181,19.2488,7.3040,1,8.711,19.928
1436,DATA_20260326_100000.BIN,7.6990,18.4920,7.3918,18.4920,6.6770,1,12.081,12.523
1437,DATA_20260326_100000.BIN,11.4159,21.8076,13.1907,21.8076,6.9300,1,16.482,16.528
1438,DATA_20260326_100000.BIN,8.9281,16.7521,8.4380,16.7521,5.9400,1,11.007,11.886
1439,DATA_20260326_100000.BIN,8.4380,20.3327,11.2829,20.3327,4.8620,1,9.268,10.632
1440,DATA_20260326_100000.BIN,13.2767,24.2605,13.1216,24.2605,9.5810,1,16.303,18.072
1441,DATA_20260326_100000.BIN,15.5502,22.9906,14.9626,22.9906,7.2820,1,29.575,42.121
1442,DATA_20260326_110000.BIN,6.8482,29.7143,10.2878,29.7143,3.4760,1,103.679,177.495
1443,DATA_20260326_110000.BIN,10.2878,18.8105,9.0923,18.8105,1.2870,1,101.616,155.774
1444,DATA_20260326_110000.BIN,9.0923,20.9915,9.6025,20.9915,1.5070,1,99.711,141.268
1445,DATA_20260326_110000.BIN,11.1188,15.8785,1.9007,15.8785,1.9140,1,88.765,121.236
1446,DATA_20260326_110000.BIN,7.0289,13.1950,4.5204,13.1950,1.3640,1,88.684,116.173
1447,DATA_20260326_110000.BIN,4.5204,15.1620,6.8155,15.1620,1.4850,1,81.609,105.794
1448,DATA_20260326_110000.BIN,6.8155,11.9869,3.9120,11.9869,3.1020,1,75.127,95.114
1449,DATA_20260326_110000.BIN,3.9120,9.0084,5.6165,9.0084,2.4640,1,70.237,87.996
1450,DATA_20260326_110000.BIN,3.0202,25.3538,4.7143,25.3538,3.2780,1,63.147,84.819
1451,DATA_20260326_110000.BIN,4.7143,17.0127,3.7387,17.0127,1.7490,1,53.542,70.042
1452,DATA_20260326_110000.BIN,3.7387,13.1691,5.5704,13.1691,1.6280,1,49.002,63.476
1453,DATA_20260326_110000.BIN,5.5704,11.7028,4.9299,11.7028,1.7930,1,46.407,55.520
1454,DATA_20260326_110000.BIN,4.9299,14.3663,4.7279,14.3663,1.4520,1,42.562,51.033
1455,DATA_20260326_110000.BIN,4.7279,15.2716,4.8269,15.2716,1.2980,1,37.453,45.397
1456,DATA_20260326_110000.BIN,4.8269,13.4104,0.6892,13.4104,2.0460,1,29.973,38.588
1457,DATA_20260326_110000.BIN,0.6892,13.1068,5.7728,13.1068,1.8480,1,23.879,38.161
1458,DATA_20260326_110000.BIN,5.7728,14.7882,3.3414,14.7882,3.4650,1,29.794,33.649
1459,DATA_20260326_110000.BIN,1.8757,6.7168,2.1766,6.7168,3.0250,1,29.715,36.037
1460,DATA_20260326_110000.BIN,1.3127,11.3883,3.2128,11.3883,1.4850,1,30.730,34.886
1461,DATA_20260326_110000.BIN,3.2128,11.2899,4.6130,11.2899,3.2560,1,28.842,30.486
1462,DATA_20260326_110000.BIN,2.8433,9.4632,2.1915,9.4632,1.4300,1,26.683,28.734
1463,DATA_20260326_110000.BIN,2.1915,7.4291,3.4176,7.4291,1.3530,1,23.231,24.896
1464,DATA_20260326_110000.BIN,3.4176,23.3784,2.8951,23.3784,3.1790,1,18.688,22.229
1465,DATA_20260326_110000.BIN,2.6819,18.1944,1.3684,18.1944,3.6960,1,25.967,27.622
1466,DATA_20260326_110000.BIN,0.8882,16.0749,1.9951,16.0749,2.4200,1,17.151,19.196
1467,DATA_20260326_110000.BIN,1.9951,25.1951,4.3012,25.1951,1.8920,1,19.466,21.416
1468,DATA_20260326_110000.BIN,4.3012,14.1559,3.7409,14.1559,1.1770,1,11.609,11.824
1469,DATA_20260326_110000.BIN,2.2236,13.2565,7.5017,13.2565,2.5850,1,9.941,11.735
1470,DATA_20260326_110000.BIN,7.5017,13.2871,6.5609,13.2871,2.0130,1,8.717,8.730
1471,DATA_20260326_110000.BIN,6.5609,21.2271,3.4983,21.2271,1.2870,1,14.255,14.641
1472,DATA_20260326_110000.BIN,3.4983,35.2640,14.7828,35.2640,2.5300,1,8.253,8.722
1473,DATA_20260326_110000.BIN,14.7828,26.7493,1.1947,26.7493,2.8930,1,23.526,26.879
1474,DATA_20260326_110000.BIN,1.1947,11.9685,0.9309,11.9685,8.3270,1,6.415,11.195
1475,DATA_20260326_110000.BIN,3.0170,8.2344,0.2380,8.2344,3.1350,1,10.769,11.143
1476,DATA_20260326_110000.BIN,2.1845,21.0965,11.8010,21.0965,3.2010,1,14.168,14.176
1477,DATA_20260326_110000.BIN,11.8010,18.7407,3.1914,18.7407,4.3450,1,21.834,23.506
1478,DATA_20260326_110000.BIN,3.1914,10.1834,0.9734,10.1834,2.0900,1,36.604,38.274
1479,DATA_20260326_110000.BIN,3.5427,22.5008,0.7170,22.5008,2.8930,1,12.809,16.015
1480,DATA_20260326_110000.BIN,1.9462,7.0157,0.7473,7.0157,1.3860,1,9.755,11.273
1481,DATA_20260326_110000.BIN,1.2277,7.4480,1.7391,7.4480,7.7330,1,7.395,8.715
1482,DATA_20260326_110000.BIN,1.7391,6.0593,2.2778,6.0593,2.0020,1,7.463,8.803
1483,DATA_20260326_110000.BIN,2.2778,7.2141,0.8480,7.2141,2.1340,1,9.147,9.598
1484,DATA_20260326_110000.BIN,2.1554,6.1767,0.5796,6.1767,1.6500,1,2.042,2.345
1485,DATA_20260326_110000.BIN,0.5796,5.1095,1.7567,5.1095,2.7280,1,0.423,4.354
1486,DATA_20260326_110000.BIN,2.9059,18.6355,1.2345,18.6355,2.8600,1,9.839,10.678
1487,DATA_20260326_110000.BIN,1.2345,18.1498,2.4214,18.1498,2.5740,1,3.553,4.926
1488,DATA_20260326_110000.BIN,2.4214,11.8453,1.9735,11.8453,1.2540,1,7.467,8.274
1489,DATA_20260326_110000.BIN,1.9923,9.9555,3.6291,9.9555,2.2550,1,7.317,7.641
1490,DATA_20260326_110000.BIN,3.6291,10.0811,0.3220,10.0811,4.0040,1,16.826,16.999
1491,DATA_20260326_110000.BIN,0.3220,15.4340,3.7915,15.4340,2.2990,1,5.485,5.496
1492,DATA_20260326_110000.BIN,1.7334,14.8411,3.8661,14.8411,2.6840,1,7.479,8.012
1493,DATA_20260326_110000.BIN,3.8661,13.3342,3.2072,13.3342,2.2990,1,23.496,23.499
1494,DATA_20260326_110000.BIN,3.2072,11.1553,1.8247,11.1553,2.6840,1,35.380,35.574
1495,DATA_20260326_110000.BIN,1.8247,11.5252,4.5433,11.5252,2.4090,1,10.861,10.965
1496,DATA_20260326_110000.BIN,1.2773,11.8010,6.7258,11.8010,8.6680,1,12.048,12.239
1497,DATA_20260326_110000.BIN,6.7258,12.4870,2.3665,12.4870,2.8380,1,7.341,12.598
1498,DATA_20260326_110000.BIN,2.3665,7.7051,1.2150,7.7051,3.2780,1,2.116,2.698
1499,DATA_20260326_110000.BIN,6.5626,15.1700,0.4408,15.1700,5.0710,1,3.285,8.361
1500,DATA_20260326_110000.BIN,0.4408,8.2822,3.1667,8.2822,3.1240,1,4.489,4.891
1501,DATA_20260326_110000.BIN,3.2803,7.7850,3.2426,7.7850,1.1550,1,10.726,11.045
1502,DATA_20260326_110000.BIN,3.2426,11.5006,2.4049,11.5006,5.4670,1,9.372,9.819
1503,DATA_20260326_110000.BIN,2.4049,5.4383,1.6072,5.4383,4.7850,1,6.533,8.118
1504,DATA_20260326_110000.BIN,1.6072,11.7452,0.3959,11.7452,3.7400,1,5.096,5.785
1505,DATA_20260326_110000.BIN,1.1265,6.5784,2.6981,6.5784,1.3090,1,1.807,2.222
1506,DATA_20260326_110000.BIN,1.9052,4.9389,0.8052,4.9389,4.7850,1,9.738,9.741
1507,DATA_20260326_110000.BIN,0.8052,8.7294,1.1696,8.7294,8.2500,1,7.996,8.548
1508,DATA_20260326_110000.BIN,1.1696,4.6414,1.1625,4.6414,4.1140,1,0.651,1.855
1509,DATA_20260326_110000.BIN,1.1625,10.8412,2.0368,10.8412,7.9200,1,2.939,3.251
1510,DATA_20260326_110000.BIN,2.0368,11.3248,0.6738,11.3248,2.6950,1,7.013,7.025
1511,DATA_20260326_110000.BIN,0.6738,7.7072,0.9385,7.7072,3.0140,1,6.024,6.705
1512,DATA_20260326_110000.BIN,0.9385,12.2548,1.6255,12.2548,2.7390,1,0.762,1.485
1513,DATA_20260326_110000.BIN,1.4802,8.1308,1.0938,8.1308,1.1880,1,7.269,7.399
1514,DATA_20260326_110000.BIN,1.0938,7.7269,0.7729,7.7269,2.9150,1,4.848,5.805
1515,DATA_20260326_110000.BIN,0.7729,13.9595,2.1488,13.9595,2.5960,1,6.153,6.465
1516,DATA_20260326_110000.BIN,3.5772,5.9834,2.3852,5.9834,3.3330,1,8.271,8.338
1517,DATA_20260326_110000.BIN,2.2493,6.9415,0.7531,6.9415,3.2780,1,1.255,2.922
1518,DATA_20260326_110000.BIN,0.7531,5.2755,1.9373,5.2755,2.4310,1,3.448,3.783
1519,DATA_20260326_110000.BIN,1.4118,35.2266,8.5469,35.2266,8.8220,1,4.705,5.072
1520,DATA_20260326_110000.BIN,6.9493,31.0732,3.6835,31.0732,6.7100,1,20.511,21.618
1521,DATA_20260326_110000.BIN,3.6835,11.3864,5.4094,11.3864,3.0030,1,15.412,15.557
1522,DATA_20260326_110000.BIN,5.4094,11.4699,4.7699,11.4699,3.9270,1,42.205,42.663
1523,DATA_20260326_110000.BIN,4.7699,19.1600,0.6029,19.1600,3.8830,1,44.023,44.209
1524,DATA_20260326_110000.BIN,1.6418,11.3291,1.9489,11.3291,6.9300,1,29.945,30.016
1525,DATA_20260326_110000.BIN,3.4777,12.3093,1.0202,12.3093,4.2460,1,26.432,26.553
1526,DATA_20260326_110000.BIN,1.4017,14.6447,2.6707,14.6447,7.1720,1,20.764,20.889
1527,DATA_20260326_110000.BIN,1.4832,12.3190,4.8840,12.3190,3.3330,1,13.133,13.509
1528,DATA_20260326_110000.BIN,4.8840,9.7739,2.7408,9.7739,2.4860,1,22.591,23.021
1529,DATA_20260326_110000.BIN,2.7408,11.5778,1.4573,11.5778,1.5070,1,10.559,10.977
1530,DATA_20260326_110000.BIN,1.7222,8.7388,2.4827,8.7388,2.7830,1,15.459,15.698
1531,DATA_20260326_110000.BIN,2.4827,10.0618,0.5787,10.0618,2.7720,1,17.241,17.242
1532,DATA_20260326_110000.BIN,0.5787,6.5770,1.9703,6.5770,2.3320,1,13.159,13.394
1533,DATA_20260326_110000.BIN,1.9703,11.0718,1.7999,11.0718,4.7740,1,10.234,10.280
1534,DATA_20260326_110000.BIN,1.7999,7.1853,2.4878,7.1853,2.0020,1,14.874,15.135
1535,DATA_20260326_110000.BIN,2.4878,9.7753,4.6520,9.7753,2.8050,1,14.265,14.269
1536,DATA_20260326_110000.BIN,4.6520,10.0265,1.3008,10.0265,5.9400,1,8.873,9.846
1537,DATA_20260326_110000.BIN,1.3008,14.8051,4.9354,14.8051,2.7170,1,11.066,11.083
1538,DATA_20260326_110000.BIN,3.9426,8.7544,2.0352,8.7544,3.1570,1,15.712,15.899
1539,DATA_20260326_110000.BIN,1.3617,14.1978,1.6992,14.1978,7.8100,1,8.651,8.846
1540,DATA_20260326_110000.BIN,1.6992,12.9208,3.9420,12.9208,2.1340,1,6.408,6.760
1541,DATA_20260326_110000.BIN,3.9420,9.8622,4.7414,9.8622,2.7830,1,14.808,14.832
1542,DATA_20260326_110000.BIN,2.1068,10.3807,0.4029,10.3807,7.2160,1,12.883,13.598
1543,DATA_20260326_110000.BIN,0.4029,7.3829,0.2274,7.3829,2.1010,1,2.723,2.754
1544,DATA_20260326_110000.BIN,0.2274,6.2148,2.7550,6.2148,4.8070,1,5.916,6.043
1545,DATA_20260326_110000.BIN,2.7550,7.7836,3.0917,7.7836,1.7600,1,3.562,5.394
1546,DATA_20260326_110000.BIN,3.0917,12.2766,1.6584,12.2766,6.6550,1,10.125,10.240
1547,DATA_20260326_110000.BIN,2.2862,9.9826,4.8745,9.9826,3.4650,1,6.678,7.627
1548,DATA_20260326_110000.BIN,4.8745,11.8056,2.2600,11.8056,3.3660,1,23.344,23.347
1549,DATA_20260326_110000.BIN,2.2600,10.4746,2.1372,10.4746,4.1360,1,7.726,8.259
1550,DATA_20260326_110000.BIN,2.9694,19.4983,2.0354,19.4983,3.1020,1,11.789,11.825
1551,DATA_20260326_110000.BIN,2.0354,7.5322,1.0268,7.5322,2.9810,1,3.723,4.226
1552,DATA_20260326_110000.BIN,1.0268,13.0337,1.1755,13.0337,3.3220,1,6.385,6.527
1553,DATA_20260326_110000.BIN,1.1755,8.6893,1.2610,8.6893,3.5200,1,1.991,2.056
1554,DATA_20260326_110000.BIN,1.2610,10.4053,2.7438,10.4053,5.2360,1,4.927,5.001
1555,DATA_20260326_110000.BIN,9.0629,15.9916,3.6431,15.9916,3.2340,1,6.579,14.436
1556,DATA_20260326_110000.BIN,3.6431,12.6039,1.8429,12.6039,2.0900,1,13.062,15.006
1557,DATA_20260326_110000.BIN,1.8429,10.8552,3.5795,10.8552,1.6720,1,9.344,11.080
1558,DATA_20260326_110000.BIN,3.5795,10.3507,2.9925,10.3507,1.2430,1,6.558,6.994
1559,DATA_20260326_110000.BIN,2.9925,14.1173,3.1142,14.1173,3.0910,1,7.539,7.637
1560,DATA_20260326_110000.BIN,7.1338,14.4209,2.6194,14.4209,1.4080,1,13.688,14.896
1561,DATA_20260326_110000.BIN,2.6194,14.1362,0.8106,14.1362,1.5620,1,4.793,4.795
1562,DATA_20260326_110000.BIN,0.8106,12.9528,2.7867,12.9528,0.9790,1,0.968,1.653
1563,DATA_20260326_110000.BIN,2.7867,16.0442,2.3568,16.0442,3.8280,1,5.973,6.033
1564,DATA_20260326_110000.BIN,2.3568,14.1134,2.5990,14.1134,1.3090,1,4.315,4.902
1565,DATA_20260326_110000.BIN,2.5990,15.1023,2.9907,15.1023,1.8590,1,4.648,4.716
1566,DATA_20260326_110000.BIN,5.8361,9.3676,3.3755,9.3676,8.1070,1,13.253,13.254
1567,DATA_20260326_110000.BIN,3.3755,10.0086,3.3625,10.0086,3.2560,1,2.394,4.068
1568,DATA_20260326_110000.BIN,4.3743,17.4366,12.7151,17.4366,1.2210,1,20.016,21.319
1569,DATA_20260326_110000.BIN,1.6750,18.3334,0.5277,18.3334,2.6730,1,8.100,8.690
1570,DATA_20260326_110000.BIN,0.5277,10.1417,1.8058,10.1417,1.9910,1,13.817,15.457
1571,DATA_20260326_110000.BIN,5.5263,18.3795,8.6257,18.3795,3.0690,1,22.998,26.855
1572,DATA_20260326_110000.BIN,5.5312,24.7496,3.6582,24.7496,5.0600,1,14.981,15.209
1573,DATA_20260326_110000.BIN,0.7968,9.1868,3.5787,9.1868,1.5070,1,3.689,5.252
1574,DATA_20260326_110000.BIN,3.5787,12.7705,2.3809,12.7705,2.2770,1,9.711,9.723
1575,DATA_20260326_110000.BIN,2.3809,11.2331,2.6549,11.2331,1.1880,1,3.857,3.867
1576,DATA_20260326_110000.BIN,2.6549,21.7863,4.7038,21.7863,5.6320,1,8.487,8.840
1577,DATA_20260326_110000.BIN,4.7038,15.4569,4.7320,15.4569,2.1010,1,5.274,5.887
1578,DATA_20260326_110000.BIN,4.7320,15.2827,5.6154,15.2827,2.4750,1,10.733,10.735
1579,DATA_20260326_110000.BIN,5.6154,10.3360,3.3533,10.3360,2.0240,1,1.837,4.676
1580,DATA_20260326_110000.BIN,4.8114,17.6347,6.7544,17.6347,3.0470,1,1.291,2.842
1581,DATA_20260326_110000.BIN,6.7544,17.6534,3.8760,17.6534,4.3120,1,6.747,7.468
1582,DATA_20260326_110000.BIN,3.8760,15.4306,4.8329,15.4306,5.0050,1,18.263,18.797
1583,DATA_20260326_110000.BIN,7.9524,15.7885,9.9707,15.7885,1.2650,1,4.633,6.504
1584,DATA_20260326_110000.BIN,9.9707,16.9061,4.8579,16.9061,2.3430,1,1.981,7.559
1585,DATA_20260326_110000.BIN,4.8579,16.8303,10.5470,16.8303,1.3420,1,1.389,1.565
1586,DATA_20260326_110000.BIN,10.5470,21.0504,9.1143,21.0504,1.3860,1,2.765,8.164
1587,DATA_20260326_110000.BIN,9.1143,18.1723,9.7509,18.1723,1.3090,1,7.088,7.802
1588,DATA_20260326_110000.BIN,9.7509,22.9345,4.6020,22.9345,4.2350,1,5.829,7.115
1589,DATA_20260326_110000.BIN,4.6020,14.6853,10.1091,14.6853,1.8370,1,10.688,11.656
1590,DATA_20260326_110000.BIN,10.1091,18.7721,13.4943,18.7721,3.2560,1,1.859,5.880
1591,DATA_20260326_110000.BIN,7.0104,19.0821,12.1446,19.0821,1.7270,1,18.122,18.122
1592,DATA_20260326_110000.BIN,12.1446,18.1345,11.4385,18.1345,1.9140,1,6.947,12.100
1593,DATA_20260326_110000.BIN,11.4385,19.0119,12.7769,19.0119,1.5070,1,6.430,8.787
1594,DATA_20260326_121732.BIN,1.9635,16.1577,2.5223,16.1577,7.4690,1,9.632,9.731
1595,DATA_20260326_121732.BIN,2.5223,8.2804,2.5140,8.2804,3.0690,1,7.635,8.002
1596,DATA_20260326_121732.BIN,2.5140,11.2494,6.9272,11.2494,6.1160,1,9.619,10.861
1597,DATA_20260326_121732.BIN,5.5464,19.0207,6.1646,19.0207,5.0930,1,5.300,5.586
1598,DATA_20260326_121732.BIN,1.6453,9.2550,4.0258,9.2550,7.3370,1,8.833,8.906
1599,DATA_20260326_121732.BIN,4.0258,7.8892,1.5758,7.8892,1.8810,1,4.199,4.208
1600,DATA_20260326_121732.BIN,2.0944,5.7578,2.2298,5.7578,1.5730,1,6.232,6.260
1601,DATA_20260326_121732.BIN,9.0104,12.1728,6.1332,12.1728,2.6730,1,8.638,8.787
1602,DATA_20260326_121732.BIN,6.1332,15.1795,5.6747,15.1795,3.9270,1,3.854,4.247
1603,DATA_20260326_121732.BIN,4.0328,26.5014,7.9619,26.5014,2.6070,1,7.509,8.125
1604,DATA_20260326_121732.BIN,7.9619,17.0414,5.9719,17.0414,2.9590,1,3.406,6.136
1605,DATA_20260326_121732.BIN,4.6982,9.9642,4.2864,9.9642,7.4360,1,4.560,4.833
1606,DATA_20260326_121732.BIN,4.2864,11.3763,4.9714,11.3763,3.1460,1,6.960,9.620
1607,DATA_20260326_121732.BIN,4.9714,8.7120,4.9680,8.7120,7.5460,1,4.345,4.589
1608,DATA_20260326_121732.BIN,4.9680,8.6244,3.8080,8.6244,1.7160,1,5.274,5.484
1609,DATA_20260326_121732.BIN,3.8080,10.1754,4.5518,10.1754,3.9490,1,5.277,5.515
1610,DATA_20260326_121732.BIN,5.7935,11.6345,7.5690,11.6345,6.4570,1,4.168,4.170
1611,DATA_20260326_121732.BIN,7.5690,12.8582,6.0240,12.8582,1.6280,1,5.315,6.569
1612,DATA_20260326_121732.BIN,6.0240,11.8211,3.4073,11.8211,1.4190,1,2.698,2.701
1613,DATA_20260326_121732.BIN,3.4073,8.6111,4.1661,8.6111,1.1880,1,5.561,6.007
1614,DATA_20260326_121732.BIN,4.1661,14.2638,0.2187,14.2638,4.4660,1,5.969,6.924
1615,DATA_20260326_121732.BIN,0.1584,6.0495,2.9633,6.0495,3.6300,1,4.105,4.875
1616,DATA_20260326_121732.BIN,2.9633,10.0772,4.9278,10.0772,5.5770,1,0.955,3.408
1617,DATA_20260326_121732.BIN,3.6575,8.9098,3.8196,8.9098,1.9030,1,3.274,4.756
1618,DATA_20260326_121732.BIN,8.0273,13.0976,7.1557,13.0976,4.5870,1,5.623,6.051
1619,DATA_20260326_121732.BIN,7.1557,13.0458,7.0084,13.0458,1.8810,1,5.020,6.819
1620,DATA_20260326_121732.BIN,7.0084,10.0987,6.5019,10.0987,5.8410,1,6.152,6.158
1621,DATA_20260326_121732.BIN,3.5244,6.7458,1.9389,6.7458,2.9150,1,2.462,2.671
1622,DATA_20260326_121732.BIN,1.9389,12.5929,5.5532,12.5929,3.1130,1,3.794,4.761
1623,DATA_20260326_121732.BIN,5.4963,9.7965,2.1472,9.7965,5.9290,1,1.819,1.963
1624,DATA_20260326_121732.BIN,2.1472,9.9893,3.8064,9.9893,3.1350,1,2.837,4.549
1625,DATA_20260326_121732.BIN,3.8064,10.6891,2.9113,10.6891,2.7060,1,1.063,1.735
1626,DATA_20260326_121732.BIN,2.9113,6.0784,1.2843,6.0784,3.5310,1,1.374,1.503
1627,DATA_20260326_121732.BIN,1.2843,7.4629,2.4577,7.4629,5.1590,1,4.500,4.611
1628,DATA_20260326_121732.BIN,2.4331,10.8028,1.4316,10.8028,9.5040,1,3.003,3.118
1629,DATA_20260326_121732.BIN,0.8575,5.4915,0.5155,5.4915,1.7160,1,5.396,9.331
1630,DATA_20260326_121732.BIN,0.5155,6.6769,0.6577,6.6769,5.0380,1,4.066,6.276
1631,DATA_20260326_121732.BIN,4.3192,8.0659,1.9749,8.0659,4.9940,1,5.434,8.416
1632,DATA_20260326_121732.BIN,2.6894,9.2614,3.4689,9.2614,2.2770,1,1.807,2.775
1633,DATA_20260326_121732.BIN,3.4689,10.1656,0.3504,10.1656,5.5220,1,1.810,2.314
1634,DATA_20260326_121732.BIN,1.5984,8.2620,1.7878,8.2620,2.1230,1,2.428,2.531
1635,DATA_20260326_121732.BIN,1.7878,5.8729,1.8344,5.8729,7.7110,1,4.639,4.983
1636,DATA_20260326_121732.BIN,1.8344,9.9678,2.4180,9.9678,2.8930,1,0.785,2.451
1637,DATA_20260326_121732.BIN,2.4180,9.0514,1.8828,9.0514,1.3970,1,2.592,2.696
1638,DATA_20260326_121732.BIN,1.8828,8.7444,2.9250,8.7444,1.2650,1,0.615,0.875
1639,DATA_20260326_121732.BIN,2.9250,8.7099,0.8352,8.7099,1.2100,1,1.772,3.137
1640,DATA_20260326_121732.BIN,0.5684,16.4760,9.7245,16.4760,8.5030,1,2.603,3.128
1641,DATA_20260326_121732.BIN,9.7245,14.4496,1.2447,14.4496,8.2830,1,11.827,11.897
1642,DATA_20260326_121732.BIN,1.2447,10.0154,1.6271,10.0154,6.8640,1,2.272,4.384
1643,DATA_20260326_121732.BIN,0.5499,5.4054,1.9553,5.4054,3.1680,1,2.076,2.337
1644,DATA_20260326_121732.BIN,1.9509,14.3647,3.3516,14.3647,4.7850,1,2.506,3.169
1645,DATA_20260326_121732.BIN,3.3516,8.9443,3.6930,8.9443,1.4960,1,5.006,5.024
1646,DATA_20260326_121732.BIN,3.6930,12.1934,2.7087,12.1934,2.2990,1,2.312,4.971
1647,DATA_20260326_121732.BIN,1.3261,4.6340,0.7872,4.6340,2.8820,1,1.483,4.237
1648,DATA_20260326_121732.BIN,0.7872,8.0642,1.3533,8.0642,4.3450,1,1.453,1.461
1649,DATA_20260326_121732.BIN,1.2233,12.6243,2.8872,12.6243,2.0240,1,2.196,2.600
1650,DATA_20260326_121732.BIN,2.8872,8.5370,2.9903,8.5370,1.2210,1,1.836,2.381
1651,DATA_20260326_121732.BIN,2.9903,8.4781,1.0488,8.4781,3.0470,1,2.527,3.112
1652,DATA_20260326_121732.BIN,4.1218,8.6474,3.6602,8.6474,2.2330,1,3.582,3.883
1653,DATA_20260326_121732.BIN,3.6602,15.5712,4.6367,15.5712,5.6430,1,2.070,4.122
1654,DATA_20260326_121732.BIN,4.6367,13.2029,4.7519,13.2029,7.1940,1,4.812,7.569
1655,DATA_20260326_121732.BIN,4.7519,18.3848,2.2018,18.3848,6.7210,1,4.563,4.573
1656,DATA_20260326_121732.BIN,2.5508,13.2916,5.7486,13.2916,2.1560,1,2.542,3.811
1657,DATA_20260326_121732.BIN,1.6350,11.3402,1.7314,11.3402,2.8270,1,3.377,3.688
1658,DATA_20260326_121732.BIN,1.7314,10.3537,0.9021,10.3537,5.8850,1,3.536,4.428
1659,DATA_20260326_121732.BIN,0.9021,4.4823,1.4689,4.4823,2.0130,1,0.672,2.373
1660,DATA_20260326_121732.BIN,1.4689,5.6902,0.4122,5.6902,6.8860,1,1.198,11.482
1661,DATA_20260326_121732.BIN,0.4122,5.0231,0.9147,5.0231,4.1690,1,1.100,1.881
1662,DATA_20260326_121732.BIN,0.9147,5.3187,0.9200,5.3187,2.7940,1,3.286,5.759
1663,DATA_20260326_121732.BIN,0.9200,9.6909,2.1388,9.6909,5.2470,1,2.736,4.155
1664,DATA_20260326_121732.BIN,2.1388,9.7347,1.1071,9.7347,2.7060,1,2.312,4.519
1665,DATA_20260326_121732.BIN,1.1071,8.8451,2.2227,8.8451,2.9590,1,2.745,4.494
1666,DATA_20260326_121732.BIN,2.2227,9.3232,0.2992,9.3232,4.7630,1,2.238,2.311
1667,DATA_20260326_121732.BIN,1.6643,6.1904,0.3758,6.1904,1.0780,1,2.759,2.760
1668,DATA_20260326_121732.BIN,1.7399,7.7511,1.4370,7.7511,1.0560,1,2.231,2.511
1669,DATA_20260326_121732.BIN,2.3146,8.4832,2.2360,8.4832,1.0780,1,2.919,3.902
1670,DATA_20260326_121732.BIN,2.2360,7.3126,1.9589,7.3126,3.2450,1,2.977,4.511
1671,DATA_20260326_121732.BIN,1.9589,10.3268,3.3577,10.3268,2.0570,1,3.179,4.219
1672,DATA_20260326_121732.BIN,2.9062,11.2116,0.9449,11.2116,6.6110,1,2.858,2.859
1673,DATA_20260326_121732.BIN,0.5841,18.8148,4.8401,18.8148,8.3930,1,0.121,0.209
1674,DATA_20260326_121732.BIN,2.0243,13.0415,1.6347,13.0415,7.1610,1,2.119,8.682
1675,DATA_20260326_121732.BIN,1.6347,8.1322,0.7589,8.1322,6.4460,1,1.357,7.024
1676,DATA_20260326_121732.BIN,0.7589,8.9180,0.9315,8.9180,6.6770,1,0.499,0.899
1677,DATA_20260326_121732.BIN,0.9315,12.2522,1.1509,12.2522,9.7020,1,0.505,2.089
1678,DATA_20260326_121732.BIN,1.1509,6.8080,1.3449,6.8080,9.4270,1,0.739,0.751
1679,DATA_20260326_121732.BIN,1.3449,7.3844,0.5132,7.3844,4.5430,1,1.333,3.996
1680,DATA_20260326_121732.BIN,0.5132,9.4407,3.5684,9.4407,5.0380,1,0.269,2.697
1681,DATA_20260326_121732.BIN,3.5684,7.8146,2.9296,7.8146,7.6670,1,3.633,3.952
1682,DATA_20260326_121732.BIN,7.5928,24.7720,9.8409,24.7720,3.5420,1,8.061,9.776
1683,DATA_20260326_121732.BIN,11.9539,20.1770,12.4713,20.1770,4.7300,1,12.230,12.488
1684,DATA_20260326_121732.BIN,16.0121,28.5223,13.0292,28.5223,5.1370,1,15.528,15.531
1685,DATA_20260326_121732.BIN,1.1820,14.2472,3.3565,14.2472,4.7630,1,2.975,9.987
1686,DATA_20260326_121732.BIN,3.3565,6.6679,0.9218,6.6679,4.7740,1,1.422,2.137
1687,DATA_20260326_121732.BIN,0.9218,12.8234,1.9559,12.8234,5.9950,1,3.071,3.079
1688,DATA_20260326_121732.BIN,1.7180,4.8520,0.3600,4.8520,2.3870,1,2.999,4.111
1689,DATA_20260326_121732.BIN,0.3600,7.0986,2.1698,7.0986,4.0040,1,3.461,4.320
1690,DATA_20260326_121732.BIN,15.3690,19.0868,3.9046,19.0868,2.5190,1,15.038,16.872
1691,DATA_20260326_121732.BIN,3.9046,8.3948,4.3267,8.3948,2.0790,1,2.795,5.350
1692,DATA_20260326_121732.BIN,4.3267,16.5822,7.7114,16.5822,9.9440,1,4.409,4.901
1693,DATA_20260326_121732.BIN,7.7114,16.6247,4.2765,16.6247,2.9920,1,6.005,8.522
1694,DATA_20260326_121732.BIN,4.2765,12.8753,6.8807,12.8753,1.9360,1,0.454,3.973
1695,DATA_20260326_121732.BIN,6.8807,22.0078,5.8478,22.0078,7.7330,1,2.538,5.166
1696,DATA_20260326_121732.BIN,5.8478,19.8534,9.2556,19.8534,8.0190,1,3.025,4.831
1697,DATA_20260326_121732.BIN,9.2556,14.2518,4.7613,14.2518,4.5650,1,7.249,9.546
1698,DATA_20260326_121732.BIN,4.7613,9.7258,4.2932,9.7258,1.6060,1,2.245,2.602
1699,DATA_20260326_121732.BIN,4.2932,7.2797,1.5846,7.2797,3.3330,1,1.680,1.808
1700,DATA_20260326_121732.BIN,1.5846,11.4185,4.2127,11.4185,3.0140,1,3.277,7.425
1701,DATA_20260326_121732.BIN,4.2127,17.3099,0.7450,17.3099,8.9980,1,5.304,6.417
1702,DATA_20260326_121732.BIN,2.9620,11.6696,2.2940,11.6696,3.0580,1,3.826,4.003
1703,DATA_20260326_121732.BIN,3.3483,13.1081,0.8695,13.1081,2.5080,1,3.693,3.703
1704,DATA_20260326_121732.BIN,0.6518,7.9414,3.4351,7.9414,2.2330,1,4.908,4.914
1705,DATA_20260326_121732.BIN,1.2129,4.7005,1.5651,4.7005,7.1390,1,3.802,5.963
1706,DATA_20260326_121732.BIN,1.5651,9.8434,0.3399,9.8434,7.4030,1,3.000,6.975
1707,DATA_20260326_121732.BIN,0.3399,10.4967,1.3505,10.4967,8.0300,1,3.349,4.230
1708,DATA_20260326_121732.BIN,1.3505,9.1660,3.2617,9.1660,5.0270,1,4.661,4.693
1709,DATA_20260326_121732.BIN,3.2617,6.8304,1.6553,6.8304,1.6390,1,6.294,6.334
1710,DATA_20260326_121732.BIN,0.6333,4.5305,0.5373,4.5305,1.5950,1,2.670,4.555
1711,DATA_20260326_121732.BIN,0.5373,6.6806,1.9494,6.6806,4.5650,1,2.585,2.647
1712,DATA_20260326_121732.BIN,1.3662,8.7248,2.1649,8.7248,5.9950,1,2.963,3.451
1713,DATA_20260326_121732.BIN,2.1649,10.4347,0.6888,10.4347,4.8400,1,4.007,4.102
1714,DATA_20260326_121732.BIN,0.6888,9.4773,1.2313,9.4773,3.5750,1,0.602,2.091
1715,DATA_20260326_121732.BIN,2.7285,6.9530,1.7178,6.9530,2.1450,1,2.834,3.264
1716,DATA_20260326_121732.BIN,1.7178,6.5278,1.1324,6.5278,8.3380,1,1.718,2.159
1717,DATA_20260326_121732.BIN,1.1324,5.2462,1.5662,5.2462,1.9800,1,1.560,2.013
1718,DATA_20260326_121732.BIN,1.5662,17.5963,2.1916,17.5963,5.9840,1,1.084,1.148
1719,DATA_20260326_121732.BIN,2.1916,7.4369,3.0162,7.4369,1.4080,1,1.884,1.941
1720,DATA_20260326_121732.BIN,3.0162,9.7699,1.5674,9.7699,4.9170,1,2.518,2.622
1721,DATA_20260326_121732.BIN,1.5674,7.0359,0.6602,7.0359,4.3670,1,1.115,5.142
1722,DATA_20260326_121732.BIN,0.6602,5.4996,1.5201,5.4996,1.6500,1,1.160,1.535
1723,DATA_20260326_121732.BIN,4.4595,10.3304,0.8176,10.3304,6.3140,1,4.843,5.497
1724,DATA_20260326_121732.BIN,0.8176,6.9395,2.5829,6.9395,1.8920,1,2.096,2.112
1725,DATA_20260326_121732.BIN,1.6547,7.2450,1.7536,7.2450,8.2830,1,0.651,0.887
1726,DATA_20260326_121732.BIN,0.7924,4.3641,0.7644,4.3641,1.9250,1,1.019,1.608
1727,DATA_20260326_121732.BIN,1.7224,6.5444,2.1015,6.5444,5.0380,1,1.891,4.512
1728,DATA_20260326_121732.BIN,4.7298,11.5811,3.7682,11.5811,5.3240,1,4.373,4.384
1729,DATA_20260326_121732.BIN,3.2754,8.6085,2.9710,8.6085,2.1780,1,2.565,3.083
1730,DATA_20260326_121732.BIN,1.5130,6.4354,1.0426,6.4354,6.7760,1,1.750,2.663
1731,DATA_20260326_121732.BIN,3.3647,8.1988,3.2412,8.1988,1.8590,1,3.203,6.398
1732,DATA_20260326_121732.BIN,3.2412,6.8034,0.7184,6.8034,1.7050,1,2.430,3.772
1733,DATA_20260326_121732.BIN,0.7184,9.5087,5.5028,9.5087,8.6900,1,1.727,2.510
1734,DATA_20260326_121732.BIN,5.5028,10.0338,2.8620,10.0338,1.6390,1,4.149,4.474
1735,DATA_20260326_121732.BIN,2.8620,12.1503,4.4230,12.1503,4.2680,1,1.417,1.444
1736,DATA_20260326_121732.BIN,4.4230,25.6737,1.9446,25.6737,6.6660,1,4.047,7.521
1737,DATA_20260326_121732.BIN,3.3526,10.1228,4.6908,10.1228,7.0290,1,3.827,5.882
1738,DATA_20260326_121732.BIN,5.1510,9.2037,5.0001,9.2037,6.0940,1,5.558,6.771
1739,DATA_20260326_121732.BIN,5.0001,9.5635,4.7294,9.5635,1.4190,1,3.945,4.517
1740,DATA_20260326_121732.BIN,4.7294,10.4043,2.8770,10.4043,2.8050,1,3.209,3.358
1741,DATA_20260326_121732.BIN,2.5850,12.5286,1.4789,12.5286,7.6120,1,3.131,3.587
1742,DATA_20260326_121732.BIN,1.4789,18.9505,7.6119,18.9505,4.1250,1,3.056,3.486
1743,DATA_20260326_121732.BIN,4.4174,11.9349,5.2880,11.9349,7.3920,1,3.560,4.302
1744,DATA_20260326_121732.BIN,5.2880,10.0571,4.3284,10.0571,3.6300,1,3.915,4.552
1745,DATA_20260326_121732.BIN,4.3284,14.9405,3.8696,14.9405,2.9590,1,3.468,3.469
1746,DATA_20260326_121732.BIN,6.1726,10.9545,6.6128,10.9545,1.5290,1,4.452,4.765
1747,DATA_20260326_121732.BIN,3.3619,7.9365,1.1992,7.9365,1.9800,1,1.527,2.170
1748,DATA_20260326_121732.BIN,1.1992,6.6565,0.9931,6.6565,5.9180,1,2.169,2.219
1749,DATA_20260326_121732.BIN,2.7805,11.8699,3.1815,11.8699,2.9480,1,2.263,3.625
1750,DATA_20260326_121732.BIN,3.1815,12.1626,3.5879,12.1626,2.7940,1,1.621,9.204
1751,DATA_20260326_121732.BIN,3.5879,9.0059,1.8885,9.0059,1.9030,1,2.111,3.013
1752,DATA_20260326_121732.BIN,1.8885,8.8386,0.3856,8.8386,1.9580,1,4.554,6.101
1753,DATA_20260326_121732.BIN,0.3856,8.6233,2.6479,8.6233,2.8820,1,2.239,3.426
1754,DATA_20260326_121732.BIN,2.6479,11.3080,4.2881,11.3080,2.1560,1,3.869,9.600
1755,DATA_20260326_121732.BIN,4.2881,9.9263,2.6507,9.9263,1.5290,1,4.354,10.668
1756,DATA_20260326_121732.BIN,2.6507,6.8495,0.7599,6.8495,2.4530,1,1.332,3.425
1757,DATA_20260326_121732.BIN,0.7599,11.8121,4.6824,11.8121,2.6400,1,3.066,3.131
1758,DATA_20260326_121732.BIN,4.6824,11.1834,3.7761,11.1834,3.6520,1,2.172,7.604
1759,DATA_20260326_121732.BIN,3.7761,8.9843,3.9582,8.9843,2.7940,1,3.652,6.151
1760,DATA_20260326_121732.BIN,3.9582,9.4249,1.6448,9.4249,1.6830,1,2.335,2.973
1761,DATA_20260326_121732.BIN,1.6448,10.6069,4.7460,10.6069,6.9630,1,1.813,3.667
1762,DATA_20260326_121732.BIN,0.6301,5.9580,2.3953,5.9580,5.2690,1,3.334,6.345
1763,DATA_20260326_121732.BIN,1.4294,7.9326,1.2670,7.9326,2.5080,1,3.520,3.965
1764,DATA_20260326_121732.BIN,1.2670,9.9123,3.8637,9.9123,1.5620,1,1.330,2.154
1765,DATA_20260326_121732.BIN,2.3773,11.9498,8.1046,11.9498,2.0350,1,1.591,4.449
1766,DATA_20260326_121732.BIN,7.3725,14.3236,4.7866,14.3236,3.6300,1,4.720,13.135
1767,DATA_20260326_121732.BIN,4.7866,12.7886,7.0871,12.7886,3.2780,1,2.067,4.649
1768,DATA_20260326_121732.BIN,6.8613,11.6998,7.2917,11.6998,2.8820,1,5.962,6.004
1769,DATA_20260326_121732.BIN,7.2917,14.3178,8.7882,14.3178,4.7520,1,5.572,5.637
1770,DATA_20260326_121732.BIN,7.4146,11.9390,7.8013,11.9390,4.7300,1,5.699,5.876
1771,DATA_20260326_121732.BIN,1.4369,10.2531,3.8759,10.2531,2.7390,1,3.733,3.780
1772,DATA_20260326_121732.BIN,3.8759,9.3944,0.8081,9.3944,3.7510,1,0.852,5.542
1773,DATA_20260326_121732.BIN,0.8081,10.1896,0.5503,10.1896,2.7940,1,5.822,7.210
1774,DATA_20260326_121732.BIN,0.5503,10.2639,5.3182,10.2639,2.8600,1,3.111,3.126
1775,DATA_20260326_121732.BIN,3.5462,10.8314,1.4857,10.8314,2.8050,1,0.669,0.938
1776,DATA_20260326_121732.BIN,18.9868,27.3537,9.5278,27.3537,3.5200,1,21.156,21.315
1777,DATA_20260326_121732.BIN,9.5278,22.1700,4.9805,22.1700,8.4040,1,9.801,11.057
1778,DATA_20260326_121732.BIN,4.9805,17.5614,9.9642,17.5614,3.0470,1,3.360,4.380
1779,DATA_20260326_121732.BIN,14.4211,29.2924,12.0582,29.2924,3.5200,1,9.002,24.666
1780,DATA_20260326_121732.BIN,9.6208,15.0684,12.0110,15.0684,4.5760,1,5.537,5.563
1781,DATA_20260326_121732.BIN,14.7022,21.2614,13.3022,21.2614,2.5190,1,10.626,11.884
1782,DATA_20260326_121732.BIN,13.3022,20.9038,12.3271,20.9038,2.2770,1,8.260,8.889
1783,DATA_20260326_130000.BIN,21.5653,30.6604,19.1989,30.6604,7.6340,1,6.299,6.304
1784,DATA_20260326_130000.BIN,24.9584,35.5697,0.7702,35.5697,7.1060,1,9.820,13.233
1785,DATA_20260326_130000.BIN,0.7702,31.9139,9.4449,31.9139,6.3250,1,21.531,22.801
1786,DATA_20260326_130000.BIN,8.0839,18.3733,8.7647,18.3733,2.6620,1,9.931,10.302
1787,DATA_20260326_130000.BIN,5.9034,15.8072,6.1647,15.8072,4.8180,1,11.517,11.656
1788,DATA_20260326_130000.BIN,7.7885,17.2984,7.5284,17.2984,6.1820,1,9.487,9.504
1789,DATA_20260326_130000.BIN,1.2658,10.5725,1.4472,10.5725,4.3890,1,15.190,15.375
1790,DATA_20260326_130000.BIN,2.6061,18.0894,0.3702,18.0894,9.3280,1,14.167,15.537
1791,DATA_20260326_140000.BIN,26.8124,35.3750,23.4094,35.3750,7.3260,1,5.395,7.252
1792,DATA_20260326_140000.BIN,19.8577,28.2076,14.3506,28.2076,4.6750,1,17.688,21.914
1793,DATA_20260326_140000.BIN,10.4702,20.3138,11.3325,20.3138,7.4250,1,22.246,23.782
1794,DATA_20260326_140000.BIN,11.3325,17.3922,5.0845,17.3922,6.6000,1,19.884,24.549
1795,DATA_20260326_140000.BIN,13.0522,23.0863,11.9437,23.0863,7.4140,1,14.828,19.560
1796,DATA_20260326_140000.BIN,1.1835,10.6895,1.5591,10.6895,3.9050,1,28.837,30.893
1797,DATA_20260326_140000.BIN,9.4456,14.4867,6.3455,14.4867,2.0900,1,24.873,25.821
1798,DATA_20260326_140000.BIN,2.2930,14.5348,4.7586,14.5348,3.8060,1,25.296,29.871
1799,DATA_20260326_140000.BIN,0.2128,8.4064,0.5393,8.4064,9.1850,1,21.904,23.330
1800,DATA_20260326_140000.BIN,1.8186,15.4715,4.0027,15.4715,3.3660,1,21.158,28.239
1801,DATA_20260326_140000.BIN,4.0027,13.6693,1.1033,13.6693,2.7500,1,17.037,31.410
1802,DATA_20260326_140000.BIN,1.1033,15.1353,2.8057,15.1353,4.7410,1,15.329,21.021
1803,DATA_20260326_140000.BIN,2.8057,13.6757,3.1177,13.6757,4.6860,1,14.702,30.265
1804,DATA_20260326_140000.BIN,3.0967,16.6910,4.4572,16.6910,4.1690,1,20.192,27.840
1805,DATA_20260326_140000.BIN,4.4572,15.0238,2.1652,15.0238,3.0690,1,18.565,25.384
1806,DATA_20260326_140000.BIN,2.1652,16.3944,2.3721,16.3944,1.9800,1,9.210,18.127
1807,DATA_20260326_140000.BIN,2.3721,17.7917,3.3403,17.7917,2.4310,1,13.560,21.703
1808,DATA_20260326_140000.BIN,3.2247,28.6990,1.8356,28.6990,3.6080,1,14.814,19.907
1809,DATA_20260326_140000.BIN,1.8356,11.7107,5.4991,11.7107,2.4750,1,9.674,13.085
1810,DATA_20260326_140000.BIN,5.4991,16.0557,5.6749,16.0557,3.0800,1,10.378,10.488
1811,DATA_20260326_140000.BIN,2.9737,16.4722,3.4691,16.4722,8.4480,1,10.061,10.107
1812,DATA_20260326_140000.BIN,3.4691,12.3421,3.5998,12.3421,4.5320,1,9.598,11.339
1813,DATA_20260326_140000.BIN,1.9118,8.7966,2.4151,8.7966,6.1710,1,6.298,6.896
1814,DATA_20260326_140000.BIN,1.7274,12.2336,2.3652,12.2336,8.5030,1,5.394,5.807
1815,DATA_20260326_140000.BIN,2.3652,12.8854,2.0602,12.8854,4.6970,1,6.366,6.383
1816,DATA_20260326_140000.BIN,2.0602,35.8222,10.0092,35.8222,3.1130,1,2.695,7.985
1817,DATA_20260326_140000.BIN,10.0092,20.5928,1.3270,20.5928,2.0900,1,15.437,26.217
1818,DATA_20260326_140000.BIN,1.8471,10.2109,2.9899,10.2109,2.2220,1,6.637,9.717
1819,DATA_20260326_140000.BIN,2.9899,12.1431,2.5504,12.1431,7.2600,1,6.187,10.198
1820,DATA_20260326_140000.BIN,2.5504,10.5749,0.7323,10.5749,2.9920,1,5.310,5.771
1821,DATA_20260326_140000.BIN,0.7323,19.4702,4.8217,19.4702,1.5840,1,3.252,7.014
1822,DATA_20260326_140000.BIN,4.8217,12.5632,1.4774,12.5632,9.9990,1,8.300,8.791
1823,DATA_20260326_140000.BIN,5.8671,15.2391,5.4570,15.2391,4.7520,1,6.886,9.500
1824,DATA_20260326_140000.BIN,4.8752,12.5415,1.8792,12.5415,3.4760,1,11.415,12.743
1825,DATA_20260326_140000.BIN,1.8792,10.9521,1.3133,10.9521,2.1230,1,2.914,3.449
1826,DATA_20260326_140000.BIN,5.0785,12.7215,4.1553,12.7215,6.0060,1,7.674,7.841
1827,DATA_20260326_140000.BIN,3.6495,16.1181,6.3983,16.1181,5.9730,1,4.233,5.151
1828,DATA_20260326_140000.BIN,2.9955,12.5738,5.4121,12.5738,4.6310,1,3.782,5.483
1829,DATA_20260326_140000.BIN,5.4121,16.1626,8.4948,16.1626,6.1820,1,7.454,7.498
1830,DATA_20260326_140000.BIN,1.4012,12.1944,2.1283,12.1944,2.9810,1,3.139,3.412
1831,DATA_20260326_140000.BIN,2.1283,19.8388,11.1414,19.8388,5.0710,1,6.903,9.555
1832,DATA_20260326_140000.BIN,11.1414,28.1654,4.2993,28.1654,3.2670,1,11.321,13.354
1833,DATA_20260326_140000.BIN,4.2993,37.4329,8.4005,37.4329,1.8590,1,4.612,4.632
1834,DATA_20260326_140000.BIN,8.4005,39.3932,13.3441,39.3932,1.6830,1,19.573,23.841
1835,DATA_20260326_140000.BIN,13.3441,29.2616,10.4837,29.2616,1.0780,1,17.278,18.081
1836,DATA_20260326_140000.BIN,10.4837,28.4810,10.9639,28.4810,0.9570,1,8.571,27.203
