cycle_idx,source_file,p0_r,p3_r,p7_r,amplitude,duration_s,validated,tilt_deg,q_error_deg
0,DATA_20260318_055036.BIN,1.5471,4.5982,1.2052,4.5982,1.9800,1,4.332,4.975
1,DATA_20260318_055036.BIN,1.2052,13.2168,0.5231,13.2168,3.1570,1,6.181,6.253
2,DATA_20260318_055036.BIN,1.9494,5.1386,1.4069,5.1386,1.9690,1,4.585,4.775
3,DATA_20260318_055036.BIN,1.4069,4.2810,0.7365,4.2810,5.8520,1,2.551,10.964
4,DATA_20260318_055036.BIN,0.7365,5.3525,0.6372,5.3525,7.1500,1,2.814,3.298
5,DATA_20260318_055036.BIN,3.8054,6.3117,2.1000,6.3117,6.4350,1,6.578,10.763
6,DATA_20260318_055036.BIN,2.1000,6.4688,1.9295,6.4688,5.4780,1,4.320,9.428
7,DATA_20260318_055036.BIN,2.2573,3.7177,0.6355,3.7177,3.3880,1,4.913,7.807
8,DATA_20260318_055036.BIN,0.7477,3.2995,0.5635,3.2995,7.2380,1,2.517,6.844
9,DATA_20260318_055036.BIN,0.5635,2.9128,0.4518,2.9128,3.5200,1,0.942,7.629
10,DATA_20260318_055036.BIN,0.4518,3.0533,0.7128,3.0533,1.3310,1,1.330,2.335
11,DATA_20260318_055036.BIN,0.2700,3.4380,0.8095,3.4380,5.1260,1,1.611,3.845
12,DATA_20260318_055036.BIN,0.6658,4.6243,0.5329,4.6243,1.7710,1,1.720,4.386
13,DATA_20260318_055036.BIN,0.5329,3.1441,0.3890,3.1441,4.2790,1,1.378,3.275
14,DATA_20260318_055036.BIN,1.5826,5.7089,2.7117,5.7089,2.7060,1,1.712,2.345
15,DATA_20260318_055036.BIN,2.7117,5.7767,0.6005,5.7767,7.3920,1,2.693,3.285
16,DATA_20260318_055036.BIN,0.6005,3.1674,0.6055,3.1674,3.6410,1,0.911,3.180
17,DATA_20260318_055036.BIN,0.6055,2.8760,0.5092,2.8760,1.6170,1,0.423,1.316
18,DATA_20260318_055036.BIN,1.0843,3.4684,0.7856,3.4684,8.9430,1,1.765,1.815
19,DATA_20260318_055036.BIN,0.7856,7.4030,1.1786,7.4030,6.3800,1,0.514,1.183
20,DATA_20260318_055036.BIN,1.1786,3.3384,0.4027,3.3384,1.8700,1,2.232,2.303
21,DATA_20260318_055036.BIN,0.4027,4.6260,1.3331,4.6260,3.9600,1,0.954,5.254
22,DATA_20260318_055036.BIN,0.6007,7.4008,0.3183,7.4008,4.9500,1,1.299,1.354
23,DATA_20260318_055036.BIN,0.3183,8.0515,1.7574,8.0515,6.0060,1,0.354,0.939
24,DATA_20260318_055036.BIN,1.7574,4.6119,1.6715,4.6119,1.5400,1,2.402,3.412
25,DATA_20260318_055036.BIN,1.6715,4.3489,2.1012,4.3489,1.4300,1,2.301,2.888
26,DATA_20260318_055036.BIN,1.7051,6.5485,2.0245,6.5485,5.0160,1,1.939,2.161
27,DATA_20260318_055036.BIN,0.8476,7.0747,1.9368,7.0747,5.1920,1,0.992,1.215
28,DATA_20260318_055036.BIN,1.9368,9.1569,3.4681,9.1569,2.9260,1,2.709,4.535
29,DATA_20260318_055036.BIN,3.4681,11.8300,1.4756,11.8300,8.0520,1,4.072,4.364
30,DATA_20260318_055036.BIN,1.4756,5.3521,1.9795,5.3521,1.3420,1,1.694,1.835
31,DATA_20260318_055036.BIN,2.9620,5.4301,3.1358,5.4301,8.1290,1,3.371,5.700
32,DATA_20260318_055036.BIN,3.1358,4.9412,1.8435,4.9412,2.5740,1,3.486,5.466
33,DATA_20260318_055036.BIN,1.8435,4.8578,1.5663,4.8578,1.4960,1,1.475,1.475
34,DATA_20260318_055036.BIN,1.5663,6.7116,3.1201,6.7116,2.5520,1,1.594,2.378
35,DATA_20260318_055036.BIN,3.1201,12.2952,3.6765,12.2952,3.4210,1,3.838,3.992
36,DATA_20260318_055036.BIN,3.6765,8.8889,0.1736,8.8889,7.7990,1,4.156,4.173
37,DATA_20260318_055036.BIN,0.1736,22.0341,0.8928,22.0341,4.6860,1,0.848,0.938
38,DATA_20260318_055036.BIN,0.8928,7.7372,1.3110,7.7372,6.1490,1,0.183,1.910
39,DATA_20260318_055036.BIN,1.3110,4.3524,0.6314,4.3524,5.6100,1,2.076,2.157
40,DATA_20260318_055036.BIN,2.4372,6.2052,1.3835,6.2052,3.0250,1,3.130,3.322
41,DATA_20260318_055036.BIN,1.0527,9.3228,2.3966,9.3228,7.2270,1,1.342,1.997
42,DATA_20260318_060000.BIN,1.9909,12.0737,4.3438,12.0737,5.9840,1,6.599,12.029
43,DATA_20260318_060000.BIN,4.3438,12.8370,2.2765,12.8370,8.8550,1,2.573,8.675
44,DATA_20260318_060000.BIN,3.0914,9.5453,4.3524,9.5453,5.1480,1,6.303,13.410
45,DATA_20260318_060000.BIN,3.5278,16.4718,5.1883,16.4718,5.5220,1,2.207,5.337
46,DATA_20260318_060000.BIN,5.7977,10.3822,4.1412,10.3822,9.0970,1,2.895,4.672
47,DATA_20260318_060000.BIN,4.1412,10.0807,4.8349,10.0807,7.1940,1,1.710,4.075
48,DATA_20260318_060000.BIN,2.2917,14.5603,3.7650,14.5603,8.1400,1,4.102,5.132
49,DATA_20260318_060000.BIN,3.7650,12.9952,4.5646,12.9952,7.7330,1,2.388,8.103
50,DATA_20260318_060000.BIN,9.1353,15.3559,8.7390,15.3559,3.1570,1,5.968,6.186
51,DATA_20260318_060000.BIN,7.1763,12.6901,4.2983,12.6901,6.5230,1,3.194,3.284
52,DATA_20260318_060000.BIN,8.4113,22.6186,15.0067,22.6186,4.9830,1,3.692,7.242
53,DATA_20260318_060000.BIN,15.0067,25.8935,19.6372,25.8935,6.0390,1,11.756,12.025
54,DATA_20260318_060000.BIN,12.6205,18.1164,13.0200,18.1164,7.7770,1,7.531,7.880
55,DATA_20260318_060000.BIN,12.1979,16.5762,8.8917,16.5762,3.5420,1,8.270,8.533
56,DATA_20260318_060000.BIN,8.8917,17.6953,10.1792,17.6953,5.7970,1,2.923,5.380
57,DATA_20260318_060000.BIN,10.1792,16.7829,11.1300,16.7829,6.7210,1,3.954,9.107
58,DATA_20260318_060000.BIN,11.1300,17.1570,9.3305,17.1570,6.3360,1,4.709,6.674
59,DATA_20260318_060000.BIN,9.3305,37.2564,23.3783,37.2564,7.5570,1,4.620,5.749
60,DATA_20260318_060000.BIN,2.0360,13.2630,4.0827,13.2630,5.7530,1,9.708,10.865
61,DATA_20260318_060000.BIN,4.0827,16.0321,6.9309,16.0321,6.8420,1,12.175,28.588
62,DATA_20260318_060000.BIN,4.2698,9.9102,2.5933,9.9102,4.1580,1,11.230,22.775
63,DATA_20260318_060000.BIN,5.7099,15.3154,5.0919,15.3154,7.9310,1,11.546,19.779
64,DATA_20260318_060000.BIN,6.2490,14.6497,6.8195,14.6497,3.9160,1,11.100,17.018
65,DATA_20260318_060000.BIN,5.6059,11.1972,3.3700,11.1972,5.8300,1,9.661,15.551
66,DATA_20260318_060000.BIN,2.9045,15.5915,3.1329,15.5915,8.4150,1,5.630,9.321
67,DATA_20260318_060000.BIN,8.1746,16.8066,4.1973,16.8066,4.9170,1,11.460,16.177
68,DATA_20260318_060000.BIN,4.1973,26.6319,12.2599,26.6319,2.2660,1,3.957,4.860
69,DATA_20260318_060000.BIN,12.2599,23.8569,12.7751,23.8569,2.3760,1,11.300,17.884
70,DATA_20260318_060000.BIN,12.7751,27.9659,12.0683,27.9659,8.4480,1,12.418,12.615
71,DATA_20260318_060000.BIN,4.0791,18.5404,6.7981,18.5404,5.5330,1,4.796,5.165
72,DATA_20260318_060000.BIN,6.7981,13.4828,5.0145,13.4828,1.6720,1,7.166,8.191
73,DATA_20260318_060000.BIN,2.2363,9.2745,3.7300,9.2745,2.5080,1,5.771,7.978
74,DATA_20260318_060000.BIN,4.5916,9.7411,3.5409,9.7411,3.2120,1,5.969,8.347
75,DATA_20260318_060000.BIN,3.0060,12.4358,1.8769,12.4358,5.5440,1,5.423,7.536
76,DATA_20260318_060000.BIN,1.8769,9.4855,1.0408,9.4855,4.6420,1,2.529,3.561
77,DATA_20260318_060000.BIN,1.0408,13.6068,4.8269,13.6068,6.1490,1,3.026,4.556
78,DATA_20260318_060000.BIN,6.0604,13.6178,6.9794,13.6178,8.2940,1,5.585,6.927
79,DATA_20260318_060000.BIN,1.2515,11.5726,1.9347,11.5726,6.1490,1,1.185,3.667
80,DATA_20260318_060000.BIN,1.9684,10.1753,2.7792,10.1753,6.2260,1,1.745,2.155
81,DATA_20260318_060000.BIN,2.9760,9.5749,4.8335,9.5749,6.4460,1,3.681,6.146
82,DATA_20260318_060000.BIN,4.8335,10.8524,5.8682,10.8524,2.8160,1,6.789,6.806
83,DATA_20260318_060000.BIN,1.0660,8.9542,4.0600,8.9542,8.1180,1,1.835,3.497
84,DATA_20260318_060000.BIN,4.0600,34.0578,14.0108,34.0578,4.1030,1,3.045,3.046
85,DATA_20260318_060000.BIN,14.0108,21.4362,12.5268,21.4362,3.2780,1,14.348,14.987
86,DATA_20260318_060000.BIN,7.9061,16.0003,1.6285,16.0003,2.7060,1,4.201,23.254
87,DATA_20260318_060000.BIN,1.6285,11.7390,2.1596,11.7390,1.5950,1,5.098,8.917
88,DATA_20260318_070000.BIN,10.4127,28.8947,2.5776,28.8947,2.7940,1,9.693,9.744
89,DATA_20260318_070000.BIN,2.5776,21.0739,3.2927,21.0739,6.9520,1,23.374,34.783
90,DATA_20260318_070000.BIN,3.2927,9.1913,4.3679,9.1913,1.3970,1,22.641,29.397
91,DATA_20260318_070000.BIN,4.3679,12.7689,4.8033,12.7689,2.0900,1,15.600,22.397
92,DATA_20260318_070000.BIN,4.8033,10.0483,6.2738,10.0483,5.5330,1,14.715,20.876
93,DATA_20260318_070000.BIN,4.0165,9.1756,5.2900,9.1756,1.3310,1,15.976,22.620
94,DATA_20260318_070000.BIN,5.2900,10.9882,5.0348,10.9882,3.3770,1,15.884,19.530
95,DATA_20260318_070000.BIN,5.0348,8.9126,4.2167,8.9126,1.3860,1,10.401,19.939
96,DATA_20260318_070000.BIN,4.2167,10.1384,5.3285,10.1384,2.8270,1,13.390,18.121
97,DATA_20260318_070000.BIN,5.3285,14.7918,2.0052,14.7918,2.9810,1,12.424,17.957
98,DATA_20260318_070000.BIN,2.0052,14.9649,1.6276,14.9649,3.8280,1,9.853,12.466
99,DATA_20260318_070000.BIN,1.6276,16.4544,1.0395,16.4544,3.3880,1,7.746,16.637
100,DATA_20260318_070000.BIN,3.7370,13.4575,9.0837,13.4575,4.2020,1,8.675,13.562
101,DATA_20260318_070000.BIN,9.0837,15.8191,4.8421,15.8191,5.0160,1,8.529,14.574
102,DATA_20260318_070000.BIN,4.8421,7.8510,4.1332,7.8510,1.7380,1,4.153,6.663
103,DATA_20260318_070000.BIN,4.1332,11.1265,3.0280,11.1265,5.7970,1,4.241,6.940
104,DATA_20260318_070000.BIN,3.0280,8.9138,3.4961,8.9138,2.7830,1,5.236,7.592
105,DATA_20260318_070000.BIN,3.4961,9.5026,4.6410,9.5026,4.7740,1,6.437,6.652
106,DATA_20260318_070000.BIN,3.7724,7.6686,4.2307,7.6686,1.5070,1,4.190,4.360
107,DATA_20260318_070000.BIN,3.4004,7.9384,3.2028,7.9384,1.5400,1,4.619,4.701
108,DATA_20260318_070000.BIN,3.2028,14.3070,3.4265,14.3070,4.7080,1,4.189,4.230
109,DATA_20260318_070000.BIN,3.4265,11.2360,7.1263,11.2360,3.0140,1,4.071,5.446
110,DATA_20260318_070000.BIN,5.0585,9.1389,5.7339,9.1389,2.7500,1,5.986,6.575
111,DATA_20260318_070000.BIN,5.4550,8.3793,4.4802,8.3793,3.1900,1,6.006,6.153
112,DATA_20260318_070000.BIN,5.0575,9.7244,4.5585,9.7244,5.4450,1,3.552,3.593
113,DATA_20260318_070000.BIN,4.5585,13.0099,8.7666,13.0099,3.4210,1,2.299,3.026
114,DATA_20260318_070000.BIN,8.7666,12.4425,6.2454,12.4425,1.8810,1,6.743,7.557
115,DATA_20260318_070000.BIN,10.2892,13.0936,9.1917,13.0936,2.2660,1,7.625,9.946
116,DATA_20260318_070000.BIN,2.2955,6.3836,2.3569,6.3836,1.9030,1,6.232,8.047
117,DATA_20260318_070000.BIN,2.3569,18.5412,10.6692,18.5412,6.3910,1,7.829,7.841
118,DATA_20260318_070000.BIN,10.6692,17.2183,2.7599,17.2183,3.1130,1,11.326,11.326
119,DATA_20260318_070000.BIN,1.2414,8.3380,2.5719,8.3380,5.4890,1,5.585,7.031
120,DATA_20260318_070000.BIN,0.8905,16.9320,6.9383,16.9320,2.9040,1,5.211,5.311
121,DATA_20260318_070000.BIN,9.5977,22.7177,13.7487,22.7177,2.5850,1,4.326,29.530
122,DATA_20260318_070000.BIN,3.3966,10.1968,7.3509,10.1968,3.8280,1,2.061,3.006
123,DATA_20260318_070000.BIN,7.3509,11.2393,6.8872,11.2393,4.8180,1,8.267,8.481
124,DATA_20260318_070000.BIN,6.8872,11.1896,0.5532,11.1896,3.2450,1,6.799,6.809
125,DATA_20260318_070000.BIN,0.5532,9.4940,5.1993,9.4940,1.8700,1,5.870,12.397
126,DATA_20260318_070000.BIN,5.1993,8.9649,0.4518,8.9649,3.4870,1,4.552,5.195
127,DATA_20260318_070000.BIN,0.4518,13.0630,4.1793,13.0630,3.9710,1,3.150,3.241
128,DATA_20260318_070000.BIN,0.8986,9.0505,2.8403,9.0505,3.6630,1,3.325,4.049
129,DATA_20260318_070000.BIN,2.8403,7.2004,3.6353,7.2004,3.9710,1,2.959,3.130
130,DATA_20260318_070000.BIN,3.6353,6.2757,0.9184,6.2757,3.9600,1,5.399,6.272
131,DATA_20260318_070000.BIN,0.9184,4.2996,1.1995,4.2996,2.1230,1,2.163,2.590
132,DATA_20260318_070000.BIN,2.4528,9.9566,0.6534,9.9566,4.6970,1,1.827,2.374
133,DATA_20260318_070000.BIN,0.6534,9.0956,4.3721,9.0956,2.5190,1,1.754,1.820
134,DATA_20260318_070000.BIN,4.3721,8.8546,4.6003,8.8546,2.9590,1,5.673,5.700
135,DATA_20260318_070000.BIN,4.6003,7.6071,1.7938,7.6071,3.2560,1,8.237,11.353
136,DATA_20260318_070000.BIN,4.2297,10.3655,5.0415,10.3655,3.5640,1,3.112,3.192
137,DATA_20260318_070000.BIN,5.0415,13.1549,5.6855,13.1549,2.9370,1,3.149,3.787
138,DATA_20260318_070000.BIN,5.6855,13.7580,9.9949,13.7580,2.7830,1,3.606,4.410
139,DATA_20260318_070000.BIN,5.0513,8.9807,3.0085,8.9807,1.5840,1,2.696,2.876
140,DATA_20260318_070000.BIN,3.0085,7.6436,3.6297,7.6436,5.4230,1,1.650,4.068
141,DATA_20260318_070000.BIN,3.6297,7.0687,1.1656,7.0687,2.5740,1,2.549,2.662
142,DATA_20260318_070000.BIN,1.7747,14.3656,3.9413,14.3656,5.8190,1,2.046,2.615
143,DATA_20260318_070000.BIN,3.9413,8.0004,2.4966,8.0004,2.3320,1,1.212,1.218
144,DATA_20260318_070000.BIN,2.4966,7.2737,3.4748,7.2737,9.7130,1,0.303,0.675
145,DATA_20260318_070000.BIN,3.4748,7.4740,1.3565,7.4740,2.5850,1,0.879,1.109
146,DATA_20260318_070000.BIN,6.5527,11.4601,5.3233,11.4601,6.9520,1,3.401,5.186
147,DATA_20260318_070000.BIN,5.3233,13.2518,0.2311,13.2518,3.8940,1,1.172,6.004
148,DATA_20260318_070000.BIN,9.2196,15.9205,2.6174,15.9205,2.7060,1,7.119,8.478
149,DATA_20260318_070000.BIN,2.6174,9.1796,4.8241,9.1796,1.6610,1,2.168,2.237
150,DATA_20260318_070000.BIN,4.8241,8.7555,1.1735,8.7555,2.0020,1,3.121,3.822
151,DATA_20260318_070000.BIN,1.1735,10.2457,4.4955,10.2457,5.5880,1,5.247,5.249
152,DATA_20260318_070000.BIN,4.4955,10.5936,6.8357,10.5936,3.6300,1,2.361,2.858
153,DATA_20260318_070000.BIN,6.8357,19.8289,2.6305,19.8289,7.3480,1,7.423,7.450
154,DATA_20260318_070000.BIN,2.6305,8.3911,2.2499,8.3911,3.0360,1,1.367,7.207
155,DATA_20260318_070000.BIN,2.2499,12.7113,1.5242,12.7113,5.1260,1,6.949,10.523
156,DATA_20260318_070000.BIN,1.5242,6.5587,0.5640,6.5587,4.1910,1,5.868,6.081
157,DATA_20260318_070000.BIN,0.5640,14.8376,1.2282,14.8376,4.0260,1,3.066,3.279
158,DATA_20260318_070000.BIN,1.2282,5.9061,1.8790,5.9061,1.3860,1,0.830,4.107
159,DATA_20260318_070000.BIN,1.8790,7.6410,3.3172,7.6410,3.4650,1,1.647,2.889
160,DATA_20260318_070000.BIN,3.3172,17.8781,5.7785,17.8781,3.1680,1,3.117,3.917
161,DATA_20260318_070000.BIN,5.7785,10.2966,5.4838,10.2966,1.5840,1,5.321,5.368
162,DATA_20260318_070000.BIN,5.4838,13.9618,3.0318,13.9618,2.4970,1,2.611,4.010
163,DATA_20260318_070000.BIN,3.0318,10.5514,4.7988,10.5514,4.3450,1,1.266,2.691
164,DATA_20260318_070000.BIN,4.7988,10.5299,0.4147,10.5299,4.4880,1,3.994,4.999
165,DATA_20260318_070000.BIN,0.4147,7.1616,0.1507,7.1616,4.7850,1,4.023,4.047
166,DATA_20260318_070000.BIN,0.1507,16.2539,3.4823,16.2539,2.7170,1,2.449,3.065
167,DATA_20260318_070000.BIN,3.4823,12.0773,2.5126,12.0773,3.3220,1,8.180,10.089
168,DATA_20260318_070000.BIN,2.5126,6.8516,1.6116,6.8516,1.9910,1,8.354,12.000
169,DATA_20260318_070000.BIN,1.6116,7.5067,1.5012,7.5067,1.3310,1,4.962,5.517
170,DATA_20260318_070000.BIN,1.5012,7.0081,3.5408,7.0081,2.0020,1,0.634,1.796
171,DATA_20260318_070000.BIN,3.5408,8.2892,3.2804,8.2892,2.4970,1,3.149,3.453
172,DATA_20260318_070000.BIN,3.2804,8.6605,1.5135,8.6605,1.4410,1,2.867,2.994
173,DATA_20260318_070000.BIN,1.5135,7.5730,2.0232,7.5730,2.5960,1,1.625,1.938
174,DATA_20260318_070000.BIN,5.3110,12.3044,3.3019,12.3044,2.0570,1,5.621,10.557
175,DATA_20260318_070000.BIN,3.3019,7.8239,3.2945,7.8239,4.3120,1,2.379,2.379
176,DATA_20260318_070000.BIN,3.2945,10.9134,3.4797,10.9134,1.3090,1,2.518,3.142
177,DATA_20260318_070000.BIN,3.8727,8.0096,3.2392,8.0096,1.3090,1,2.992,3.259
178,DATA_20260318_070000.BIN,3.2392,11.5834,2.3275,11.5834,3.0250,1,1.178,1.315
179,DATA_20260318_070000.BIN,2.3275,7.3917,0.9420,7.3917,1.6500,1,2.621,2.718
180,DATA_20260318_070000.BIN,1.3218,11.0446,2.6433,11.0446,4.6200,1,2.989,4.632
181,DATA_20260318_070000.BIN,2.6433,7.7043,3.4009,7.7043,1.3200,1,1.557,2.525
182,DATA_20260318_070000.BIN,3.4009,11.1043,1.7889,11.1043,3.7290,1,6.197,7.301
183,DATA_20260318_070000.BIN,0.3574,4.5180,0.7567,4.5180,4.4330,1,2.686,3.452
184,DATA_20260318_070000.BIN,4.0556,9.2395,2.2954,9.2395,1.7710,1,3.419,3.473
185,DATA_20260318_070000.BIN,3.9329,16.0983,5.2938,16.0983,5.4560,1,3.181,3.511
186,DATA_20260318_070000.BIN,5.1444,8.7028,5.2352,8.7028,7.9530,1,5.665,6.611
187,DATA_20260318_070000.BIN,5.2352,10.6760,4.7358,10.6760,4.4220,1,7.144,11.102
188,DATA_20260318_070000.BIN,4.7273,12.7572,2.5325,12.7572,2.8380,1,1.438,3.565
189,DATA_20260318_070000.BIN,0.5146,8.4166,3.0255,8.4166,3.5200,1,1.732,3.631
190,DATA_20260318_070000.BIN,8.8569,15.1818,8.9862,15.1818,5.0160,1,10.779,11.029
191,DATA_20260318_070000.BIN,1.4468,15.2551,5.6480,15.2551,8.2500,1,9.123,17.438
192,DATA_20260318_070000.BIN,5.6480,14.0865,9.9152,14.0865,2.7500,1,4.713,5.916
193,DATA_20260318_070000.BIN,5.7218,12.9863,3.5829,12.9863,4.1800,1,5.232,8.158
194,DATA_20260318_070000.BIN,3.5829,11.6830,4.1007,11.6830,6.6000,1,2.026,3.777
195,DATA_20260318_070000.BIN,4.1007,8.0896,4.2026,8.0896,1.2430,1,2.645,3.101
196,DATA_20260318_070000.BIN,3.8597,8.2764,3.6062,8.2764,1.2760,1,2.863,2.865
197,DATA_20260318_070000.BIN,3.5816,10.2010,5.7346,10.2010,2.2880,1,2.025,4.122
198,DATA_20260318_070000.BIN,5.7346,9.4963,5.5413,9.4963,1.1330,1,3.059,3.193
199,DATA_20260318_070000.BIN,8.3488,12.4525,8.4075,12.4525,1.1770,1,6.459,6.520
200,DATA_20260318_070000.BIN,8.4075,12.4847,7.8390,12.4847,1.2650,1,4.620,5.775
201,DATA_20260318_070000.BIN,7.8390,13.2527,8.3494,13.2527,1.2650,1,3.751,4.365
202,DATA_20260318_070000.BIN,8.3494,12.5448,5.6955,12.5448,1.3200,1,4.908,4.908
203,DATA_20260318_070000.BIN,5.6955,9.9754,5.3032,9.9754,1.1330,1,1.461,2.014
204,DATA_20260318_070000.BIN,5.3032,9.7726,4.7896,9.7726,1.2870,1,2.096,2.808
205,DATA_20260318_070000.BIN,4.7896,12.0787,7.5533,12.0787,3.0360,1,1.145,3.258
206,DATA_20260318_070000.BIN,7.5533,13.5968,4.8692,13.5968,2.8710,1,3.187,4.364
207,DATA_20260318_070000.BIN,3.2927,8.0123,3.2577,8.0123,1.5290,1,6.345,6.385
208,DATA_20260318_070000.BIN,3.2577,7.4901,4.3496,7.4901,1.5180,1,3.115,3.899
209,DATA_20260318_070000.BIN,4.1631,8.2587,4.4260,8.2587,2.3210,1,0.936,4.660
210,DATA_20260318_070000.BIN,4.4260,9.1134,4.6007,9.1134,1.1440,1,2.637,3.410
211,DATA_20260318_070000.BIN,4.6007,8.9836,4.8350,8.9836,1.1770,1,0.652,1.110
212,DATA_20260318_070000.BIN,4.8350,9.9603,5.4909,9.9603,1.2430,1,1.393,2.494
213,DATA_20260318_070000.BIN,5.4909,11.4044,4.1909,11.4044,2.5740,1,1.427,1.510
214,DATA_20260318_070000.BIN,4.1909,9.8750,4.4106,9.8750,1.0340,1,1.534,2.717
215,DATA_20260318_070000.BIN,4.4106,9.2163,3.6363,9.2163,1.3530,1,0.811,0.849
216,DATA_20260318_070000.BIN,4.0898,10.1009,5.3704,10.1009,2.8930,1,2.108,3.453
217,DATA_20260318_070000.BIN,5.3704,10.6952,5.7040,10.6952,1.1770,1,0.629,1.372
218,DATA_20260318_070000.BIN,5.7040,9.6913,3.8911,9.6913,2.4420,1,0.705,2.347
219,DATA_20260318_070000.BIN,2.6567,7.3107,3.0872,7.3107,1.2320,1,2.584,2.621
220,DATA_20260318_070000.BIN,2.1914,8.6526,2.2543,8.6526,2.0790,1,2.756,2.790
221,DATA_20260318_070000.BIN,2.2543,12.7232,7.8324,12.7232,2.6290,1,4.418,5.038
222,DATA_20260318_070000.BIN,7.8324,12.5350,2.6518,12.5350,3.4540,1,13.945,14.061
223,DATA_20260318_070000.BIN,2.6518,13.8637,2.2777,13.8637,2.1340,1,9.136,12.794
224,DATA_20260318_070000.BIN,5.4147,8.8315,3.3146,8.8315,2.6510,1,3.288,3.531
225,DATA_20260318_070000.BIN,3.3146,6.7863,2.1426,6.7863,1.8150,1,3.295,4.037
226,DATA_20260318_070000.BIN,2.1426,7.7093,1.0381,7.7093,3.1790,1,0.458,3.234
227,DATA_20260318_070000.BIN,1.0381,6.0120,1.0133,6.0120,3.5200,1,2.841,2.843
228,DATA_20260318_070000.BIN,1.0133,11.2668,3.8064,11.2668,2.5520,1,4.208,6.642
229,DATA_20260318_070000.BIN,3.8064,12.5905,0.4852,12.5905,2.0680,1,8.354,9.283
230,DATA_20260318_070000.BIN,0.4852,6.3047,1.3514,6.3047,2.7170,1,2.384,2.541
231,DATA_20260318_070000.BIN,1.3514,7.6926,2.2463,7.6926,1.7270,1,1.323,1.740
232,DATA_20260318_070000.BIN,2.2463,6.4106,0.9867,6.4106,2.2220,1,1.660,3.058
233,DATA_20260318_070000.BIN,1.8095,6.8639,2.3675,6.8639,1.1880,1,1.802,2.555
234,DATA_20260318_070000.BIN,2.3675,6.0883,2.0060,6.0883,1.1550,1,1.108,1.175
235,DATA_20260318_070000.BIN,2.0060,6.5652,2.3487,6.5652,1.2210,1,0.843,1.150
236,DATA_20260318_070000.BIN,2.3487,6.1952,2.1483,6.1952,1.1220,1,2.512,2.705
237,DATA_20260318_070000.BIN,1.3237,5.6014,1.6888,5.6014,1.1880,1,1.580,2.594
238,DATA_20260318_070000.BIN,3.1601,6.6744,3.2097,6.6744,1.0780,1,2.148,2.263
239,DATA_20260318_070000.BIN,3.2097,7.8067,3.6157,7.8067,1.1330,1,1.656,1.809
240,DATA_20260318_070000.BIN,3.6157,7.7507,3.9136,7.7507,1.0890,1,2.282,2.295
241,DATA_20260318_070000.BIN,3.9136,8.7733,3.9267,8.7733,1.1660,1,2.040,2.078
242,DATA_20260318_070000.BIN,3.9267,7.7598,3.7985,7.7598,1.1550,1,2.483,2.748
243,DATA_20260318_070000.BIN,3.7985,13.1223,6.2541,13.1223,1.7160,1,2.928,2.953
244,DATA_20260318_070000.BIN,6.2541,17.3017,6.1428,17.3017,4.1250,1,7.001,7.034
245,DATA_20260318_070000.BIN,6.1428,12.7861,7.5557,12.7861,1.8260,1,4.471,4.499
246,DATA_20260318_070000.BIN,4.8520,8.0143,1.6766,8.0143,4.5650,1,3.736,4.458
247,DATA_20260318_070000.BIN,2.1364,9.9101,2.5715,9.9101,3.0470,1,2.857,3.378
248,DATA_20260318_070000.BIN,1.9566,11.5287,3.2173,11.5287,2.5410,1,3.902,4.119
249,DATA_20260318_070000.BIN,3.2173,10.3528,3.3948,10.3528,1.7600,1,0.833,0.875
250,DATA_20260318_070000.BIN,2.4159,19.6672,7.2784,19.6672,1.9910,1,8.513,11.778
251,DATA_20260318_070000.BIN,7.2784,26.7220,0.1428,26.7220,5.8410,1,15.517,17.880
252,DATA_20260318_070000.BIN,0.1428,14.0405,5.1737,14.0405,2.7500,1,3.162,5.015
253,DATA_20260318_070000.BIN,5.1737,8.6097,5.4182,8.6097,1.8700,1,7.782,12.197
254,DATA_20260318_070000.BIN,5.4182,10.9900,2.2686,10.9900,3.9600,1,4.267,5.018
255,DATA_20260318_070000.BIN,2.2686,6.9664,2.3439,6.9664,4.9060,1,3.734,10.374
256,DATA_20260318_070000.BIN,2.3439,9.0571,2.1449,9.0571,1.9360,1,4.607,6.037
257,DATA_20260318_070000.BIN,2.1449,10.1050,4.2248,10.1050,2.1560,1,1.041,1.180
258,DATA_20260318_070000.BIN,4.2248,10.5997,4.6965,10.5997,1.3640,1,2.865,3.247
259,DATA_20260318_070000.BIN,4.6965,9.9868,4.1015,9.9868,3.0360,1,5.037,6.275
260,DATA_20260318_070000.BIN,4.1015,7.5551,2.9512,7.5551,1.1440,1,5.888,6.080
261,DATA_20260318_070000.BIN,2.9512,6.9577,3.0222,6.9577,1.1110,1,1.705,1.907
262,DATA_20260318_070000.BIN,3.0222,8.0318,3.0561,8.0318,1.1990,1,2.168,3.081
263,DATA_20260318_070000.BIN,3.0561,6.5274,3.6409,6.5274,1.3420,1,2.498,4.742
264,DATA_20260318_070000.BIN,3.6409,7.2887,2.3639,7.2887,1.6280,1,3.146,5.031
265,DATA_20260318_070000.BIN,2.3639,13.5123,4.7941,13.5123,6.6550,1,1.889,6.133
266,DATA_20260318_070000.BIN,4.7941,8.5877,1.8464,8.5877,1.5400,1,3.906,4.345
267,DATA_20260318_070000.BIN,1.8464,15.3645,2.7782,15.3645,3.4430,1,3.292,3.475
268,DATA_20260318_070000.BIN,1.2321,5.9343,1.0848,5.9343,4.6860,1,1.273,1.865
269,DATA_20260318_070000.BIN,1.0848,16.5382,0.0945,16.5382,3.3770,1,4.435,4.598
270,DATA_20260318_070000.BIN,0.0945,9.8996,1.6137,9.8996,3.2010,1,1.780,2.395
271,DATA_20260318_070000.BIN,1.6137,6.9573,1.1214,6.9573,5.4780,1,2.101,4.263
272,DATA_20260318_070000.BIN,4.8774,9.8289,1.9976,9.8289,2.3210,1,4.410,4.490
273,DATA_20260318_070000.BIN,3.0592,7.3611,1.0260,7.3611,3.7730,1,6.895,8.713
274,DATA_20260318_070000.BIN,6.4124,12.7441,5.9613,12.7441,1.2210,1,8.494,10.377
275,DATA_20260318_070000.BIN,5.9613,9.4372,5.4467,9.4372,1.1440,1,5.726,6.193
276,DATA_20260318_070000.BIN,2.1686,12.5385,3.0950,12.5385,1.7600,1,4.838,8.017
277,DATA_20260318_070000.BIN,3.0950,6.4402,1.5695,6.4402,2.6730,1,4.358,4.440
278,DATA_20260318_070000.BIN,1.5695,5.6285,1.3877,5.6285,3.5420,1,0.600,5.547
279,DATA_20260318_070000.BIN,1.3877,6.8841,1.3541,6.8841,2.8270,1,0.855,6.985
280,DATA_20260318_070000.BIN,1.3541,12.8533,1.4922,12.8533,4.7190,1,1.775,4.095
281,DATA_20260318_070000.BIN,1.4922,17.3724,1.5927,17.3724,7.0290,1,0.396,2.622
282,DATA_20260318_070000.BIN,1.5927,8.7002,4.1829,8.7002,3.7290,1,3.344,3.880
283,DATA_20260318_070000.BIN,4.1829,7.9595,3.3663,7.9595,3.7290,1,5.528,5.529
284,DATA_20260318_070000.BIN,3.3663,15.7041,4.3435,15.7041,2.1890,1,7.331,9.433
285,DATA_20260318_070000.BIN,2.1683,10.5346,1.2388,10.5346,4.9170,1,2.438,3.646
286,DATA_20260318_070000.BIN,1.2388,9.6083,6.2508,9.6083,2.7940,1,2.874,4.193
287,DATA_20260318_070000.BIN,6.4859,12.2403,8.0629,12.2403,6.2480,1,7.604,7.818
288,DATA_20260318_070000.BIN,5.8569,11.4072,4.2638,11.4072,1.5620,1,6.505,7.483
289,DATA_20260318_070000.BIN,4.2638,9.0169,3.4007,9.0169,1.7270,1,6.517,7.732
290,DATA_20260318_070000.BIN,3.4007,7.8110,1.0984,7.8110,4.6860,1,3.873,4.833
291,DATA_20260318_070000.BIN,1.0984,16.8757,7.1970,16.8757,6.4240,1,1.848,1.849
292,DATA_20260318_070000.BIN,7.1970,13.6743,7.8222,13.6743,2.8710,1,7.413,7.413
293,DATA_20260318_070000.BIN,6.4571,10.0611,5.7945,10.0611,3.2450,1,6.580,6.596
294,DATA_20260318_070000.BIN,5.7945,11.0649,5.1328,11.0649,6.5120,1,4.618,4.683
295,DATA_20260318_070000.BIN,5.1328,16.0539,6.2567,16.0539,7.3810,1,3.690,3.802
296,DATA_20260318_070000.BIN,6.2567,13.0482,2.7150,13.0482,6.4570,1,2.878,4.345
297,DATA_20260318_070000.BIN,2.7150,17.1003,1.4476,17.1003,2.3320,1,2.675,3.013
298,DATA_20260318_070000.BIN,1.0710,8.9394,0.6405,8.9394,5.2800,1,6.578,10.532
299,DATA_20260318_070000.BIN,0.6405,11.5385,0.3009,11.5385,9.7350,1,4.063,4.860
300,DATA_20260318_070000.BIN,0.3009,8.6526,4.8800,8.6526,3.5090,1,5.862,9.606
301,DATA_20260318_070000.BIN,4.8800,9.8910,3.5107,9.8910,4.9170,1,8.352,8.548
302,DATA_20260318_070000.BIN,3.5107,9.7895,1.8560,9.7895,3.4430,1,5.817,6.538
303,DATA_20260318_070000.BIN,1.8560,7.3475,3.5253,7.3475,5.7530,1,4.647,4.753
304,DATA_20260318_070000.BIN,1.7596,5.2121,1.4054,5.2121,5.2910,1,3.614,4.606
305,DATA_20260318_070000.BIN,1.4054,7.1880,0.9815,7.1880,2.3210,1,3.529,4.074
306,DATA_20260318_070000.BIN,0.9815,3.6434,0.6818,3.6434,1.8260,1,1.796,2.594
307,DATA_20260318_070000.BIN,0.6818,6.2909,1.7167,6.2909,1.9800,1,0.720,1.973
308,DATA_20260318_070000.BIN,3.6721,14.3622,5.1786,14.3622,4.4330,1,4.995,7.005
309,DATA_20260318_070000.BIN,5.3323,18.8335,12.2084,18.8335,2.5740,1,5.776,5.819
310,DATA_20260318_070000.BIN,12.2084,20.6929,8.1325,20.6929,4.9720,1,18.002,20.820
311,DATA_20260318_070000.BIN,8.1325,14.8632,7.8866,14.8632,2.0350,1,10.769,13.761
312,DATA_20260318_070000.BIN,7.8866,19.0065,7.4630,19.0065,4.1470,1,8.318,9.663
313,DATA_20260318_070000.BIN,7.4630,27.6376,6.6174,27.6376,8.8000,1,5.696,6.755
314,DATA_20260318_070000.BIN,7.7580,17.3994,13.0034,17.3994,3.3220,1,4.104,5.371
315,DATA_20260318_070000.BIN,9.3355,17.9223,5.9824,17.9223,6.2150,1,7.295,7.325
316,DATA_20260318_070000.BIN,5.9824,18.1201,8.1067,18.1201,7.7990,1,6.281,11.091
317,DATA_20260318_070000.BIN,8.1067,21.2897,16.8028,21.2897,3.5200,1,3.761,4.365
318,DATA_20260318_070000.BIN,16.8028,21.0733,9.1073,21.0733,5.5990,1,16.611,16.873
319,DATA_20260318_070000.BIN,9.1073,20.1136,8.7935,20.1136,4.4880,1,3.748,5.211
320,DATA_20260318_070000.BIN,8.7935,19.1065,10.1179,19.1065,2.5300,1,2.598,2.835
321,DATA_20260318_070000.BIN,15.4504,23.1204,8.7126,23.1204,7.1280,1,10.879,11.364
322,DATA_20260318_070000.BIN,8.7126,11.5700,2.9359,11.5700,2.3870,1,2.049,2.143
323,DATA_20260318_070000.BIN,20.2505,23.8564,9.2249,23.8564,4.4880,1,15.723,15.875
324,DATA_20260318_070000.BIN,9.2249,30.3071,11.7526,30.3071,4.2020,1,1.193,1.843
325,DATA_20260318_070000.BIN,11.7526,23.7293,18.8890,23.7293,4.2130,1,4.785,5.570
326,DATA_20260318_070000.BIN,18.8890,24.5276,14.0822,24.5276,5.6430,1,10.851,11.761
327,DATA_20260318_070000.BIN,14.0822,24.2537,11.0505,24.2537,3.6850,1,8.598,8.993
328,DATA_20260318_070000.BIN,5.1977,24.3914,19.6846,24.3914,9.6470,1,9.451,9.465
329,DATA_20260318_070000.BIN,14.5197,23.4849,4.0255,23.4849,5.6540,1,9.742,11.460
330,DATA_20260318_070000.BIN,2.8435,12.0299,0.8771,12.0299,9.9000,1,9.508,9.527
331,DATA_20260318_070000.BIN,0.5638,25.9243,0.8662,25.9243,3.8170,1,14.302,15.287
332,DATA_20260318_070000.BIN,0.8662,8.0692,3.3557,8.0692,2.8270,1,10.532,10.591
333,DATA_20260318_070000.BIN,3.3557,6.1225,4.0203,6.1225,4.6090,1,8.898,11.931
334,DATA_20260318_070000.BIN,5.5961,9.1559,1.6083,9.1559,2.6290,1,5.135,8.064
335,DATA_20260318_070000.BIN,3.7821,22.0102,5.3355,22.0102,3.1350,1,6.085,7.015
336,DATA_20260318_070000.BIN,5.3355,11.0530,6.7932,11.0530,1.4190,1,1.928,3.812
337,DATA_20260318_070000.BIN,6.7932,9.5285,3.7351,9.5285,2.3980,1,6.449,6.456
338,DATA_20260318_070000.BIN,3.7351,27.8214,0.6804,27.8214,9.3060,1,6.175,7.920
339,DATA_20260318_070000.BIN,0.6804,4.5736,1.0519,4.5736,3.8500,1,7.924,8.402
340,DATA_20260318_070000.BIN,0.4128,23.6754,1.4964,23.6754,5.4120,1,6.376,6.376
341,DATA_20260318_070000.BIN,1.4964,4.3905,0.9372,4.3905,2.7060,1,7.131,7.141
342,DATA_20260318_070000.BIN,0.9372,5.0805,1.8917,5.0805,2.4530,1,5.924,5.934
343,DATA_20260318_070000.BIN,1.8917,8.5474,4.3778,8.5474,2.2000,1,6.992,7.021
344,DATA_20260318_070000.BIN,4.3778,9.0102,4.2878,9.0102,1.2760,1,7.703,8.738
345,DATA_20260318_070000.BIN,4.2878,8.4057,4.3924,8.4057,3.5640,1,8.302,8.518
346,DATA_20260318_070000.BIN,3.1464,9.4194,1.0751,9.4194,3.3220,1,6.339,6.340
347,DATA_20260318_070000.BIN,1.0751,11.9081,3.8911,11.9081,8.0190,1,4.344,4.685
348,DATA_20260318_070000.BIN,3.8911,12.1202,2.4302,12.1202,2.7610,1,6.692,6.762
349,DATA_20260318_070000.BIN,0.4313,5.4299,1.1044,5.4299,1.0890,1,2.485,2.793
350,DATA_20260318_070000.BIN,1.1044,7.2533,2.1368,7.2533,1.2210,1,2.933,2.999
351,DATA_20260318_070000.BIN,2.1368,6.9351,1.2655,6.9351,1.1550,1,4.720,5.291
352,DATA_20260318_070000.BIN,1.2655,7.6049,2.0947,7.6049,4.2240,1,2.587,2.850
353,DATA_20260318_070000.BIN,3.6780,7.8491,4.2511,7.8491,1.2650,1,4.163,4.304
354,DATA_20260318_070000.BIN,1.7403,8.1506,2.8384,8.1506,2.5520,1,2.368,2.813
355,DATA_20260318_070000.BIN,2.8384,15.2703,0.9078,15.2703,1.5620,1,5.355,6.405
356,DATA_20260318_070000.BIN,0.9078,6.7268,1.6780,6.7268,2.4750,1,1.022,2.014
357,DATA_20260318_070000.BIN,1.3838,11.1751,0.4769,11.1751,7.4360,1,2.270,2.448
358,DATA_20260318_070000.BIN,0.4769,7.7070,1.0569,7.7070,2.3540,1,1.940,3.557
359,DATA_20260318_070000.BIN,1.0569,8.3089,3.6974,8.3089,1.4850,1,0.832,1.126
360,DATA_20260318_070000.BIN,0.6237,22.2823,0.6088,22.2823,6.0500,1,2.249,3.975
361,DATA_20260318_070000.BIN,0.6088,13.2434,0.1387,13.2434,8.8220,1,1.447,1.717
362,DATA_20260318_070000.BIN,0.4690,5.0968,1.6682,5.0968,2.7830,1,1.781,3.574
363,DATA_20260318_070000.BIN,1.6682,6.3047,1.4188,6.3047,3.9490,1,2.220,2.435
364,DATA_20260318_070000.BIN,1.2300,10.4361,4.6468,10.4361,3.2890,1,2.408,4.138
365,DATA_20260318_070000.BIN,4.6468,9.0272,0.7581,9.0272,4.2570,1,5.469,5.516
366,DATA_20260318_070000.BIN,0.7581,8.6967,1.2560,8.6967,7.6560,1,1.807,2.589
367,DATA_20260318_070000.BIN,1.2560,5.5499,0.8135,5.5499,1.6280,1,2.073,2.793
368,DATA_20260318_070000.BIN,0.8135,7.2812,0.8213,7.2812,4.1360,1,1.775,3.498
369,DATA_20260318_070000.BIN,7.4224,11.1000,7.2322,11.1000,2.2000,1,8.749,11.586
370,DATA_20260318_070000.BIN,7.2322,9.9170,5.4828,9.9170,2.1560,1,7.756,9.421
371,DATA_20260318_070000.BIN,6.2988,13.1424,6.9409,13.1424,6.6440,1,3.331,10.904
372,DATA_20260318_070000.BIN,6.9409,9.5396,5.9958,9.5396,1.2980,1,6.950,6.994
373,DATA_20260318_070000.BIN,5.9958,10.2026,2.0675,10.2026,2.8270,1,5.806,5.809
374,DATA_20260318_070000.BIN,2.0675,7.2882,0.1911,7.2882,4.1030,1,2.549,2.722
375,DATA_20260318_070000.BIN,2.2643,10.5362,5.3766,10.5362,3.8500,1,4.417,7.141
376,DATA_20260318_070000.BIN,5.3766,8.9766,3.2870,8.9766,1.9470,1,5.357,5.650
377,DATA_20260318_070000.BIN,0.4254,8.9777,3.8037,8.9777,4.5760,1,2.452,4.881
378,DATA_20260318_070000.BIN,3.8037,15.1611,6.0159,15.1611,5.9510,1,2.159,3.604
379,DATA_20260318_070000.BIN,6.0159,9.5632,5.4166,9.5632,2.5960,1,4.778,5.508
380,DATA_20260318_070000.BIN,5.4166,12.5137,1.3325,12.5137,3.8390,1,5.826,8.379
381,DATA_20260318_070000.BIN,1.3325,7.0871,3.2629,7.0871,2.9370,1,4.634,10.575
382,DATA_20260318_070000.BIN,3.2629,6.1185,0.9743,6.1185,3.7840,1,1.283,4.578
383,DATA_20260318_070000.BIN,0.9743,8.2107,2.1303,8.2107,1.2870,1,2.523,2.523
384,DATA_20260318_070000.BIN,3.7135,9.8533,0.6150,9.8533,8.0740,1,1.684,2.188
385,DATA_20260318_070000.BIN,0.6150,6.7666,2.4523,6.7666,2.8930,1,3.774,5.477
386,DATA_20260318_070000.BIN,2.3835,5.6862,1.9442,5.6862,1.6060,1,5.754,5.853
387,DATA_20260318_070000.BIN,2.6054,7.0493,0.7873,7.0493,2.5300,1,2.035,2.485
388,DATA_20260318_070000.BIN,0.7873,10.8499,3.2611,10.8499,6.3250,1,4.083,5.499
389,DATA_20260318_070000.BIN,2.5108,6.2073,2.3424,6.2073,1.1220,1,3.511,3.656
390,DATA_20260318_070000.BIN,2.3424,7.1650,1.7928,7.1650,1.2210,1,1.256,2.184
391,DATA_20260318_070000.BIN,1.7928,6.4110,1.6912,6.4110,1.1880,1,0.576,1.877
392,DATA_20260318_070000.BIN,1.6912,6.8405,2.3732,6.8405,1.2870,1,0.755,1.694
393,DATA_20260318_070000.BIN,2.2858,5.7711,1.8615,5.7711,2.4860,1,1.206,1.733
394,DATA_20260318_070000.BIN,1.8615,6.7288,0.8289,6.7288,2.9700,1,3.275,3.301
395,DATA_20260318_070000.BIN,0.8289,6.3136,1.2885,6.3136,1.9250,1,2.863,3.165
396,DATA_20260318_070000.BIN,1.2885,23.3568,0.8011,23.3568,3.0470,1,4.414,5.986
397,DATA_20260318_070000.BIN,0.8842,8.5822,1.2813,8.5822,5.3900,1,0.344,0.345
398,DATA_20260318_070000.BIN,1.2813,8.9585,3.0310,8.9585,3.8830,1,3.007,5.348
399,DATA_20260318_070000.BIN,3.0310,8.2922,3.5389,8.2922,1.0560,1,3.841,3.933
400,DATA_20260318_070000.BIN,3.5389,9.0613,2.3717,9.0613,1.2760,1,1.905,6.280
401,DATA_20260318_070000.BIN,2.3717,5.7905,2.8862,5.7905,1.1770,1,1.889,3.395
402,DATA_20260318_070000.BIN,2.8862,7.2653,4.1059,7.2653,1.2540,1,1.893,2.360
403,DATA_20260318_070000.BIN,4.1059,6.6663,0.2282,6.6663,3.1350,1,3.882,3.939
404,DATA_20260318_070000.BIN,3.1756,8.3169,1.2909,8.3169,2.7610,1,2.656,2.805
405,DATA_20260318_070000.BIN,1.4582,12.8532,1.1247,12.8532,3.8830,1,1.725,2.192
406,DATA_20260318_070000.BIN,1.1247,5.6005,0.4162,5.6005,1.7380,1,3.763,3.892
407,DATA_20260318_070000.BIN,0.4162,7.5744,2.6961,7.5744,7.2710,1,0.887,1.545
408,DATA_20260318_070000.BIN,2.6961,11.0421,2.1850,11.0421,4.2240,1,2.871,5.908
409,DATA_20260318_070000.BIN,2.1850,4.6894,0.7270,4.6894,1.3200,1,2.997,4.221
410,DATA_20260318_070000.BIN,1.5603,7.6626,0.2390,7.6626,3.4870,1,0.627,4.018
411,DATA_20260318_070000.BIN,0.2390,16.8364,1.4749,16.8364,4.9720,1,1.705,2.284
412,DATA_20260318_070000.BIN,1.4749,5.3787,1.2404,5.3787,2.3980,1,1.494,3.592
413,DATA_20260318_070000.BIN,1.2404,4.7138,0.8228,4.7138,3.6960,1,1.901,4.142
414,DATA_20260318_070000.BIN,0.8299,15.9360,0.7121,15.9360,9.2620,1,0.705,0.730
415,DATA_20260318_070000.BIN,0.7121,5.2971,0.4913,5.2971,1.3970,1,1.385,1.394
416,DATA_20260318_070000.BIN,0.4913,5.1333,1.1600,5.1333,1.3200,1,1.356,1.962
417,DATA_20260318_070000.BIN,0.4527,6.4210,0.2550,6.4210,4.2240,1,0.738,2.941
418,DATA_20260318_070000.BIN,0.2550,3.9389,0.4543,3.9389,1.1880,1,0.429,0.498
419,DATA_20260318_070000.BIN,0.5364,7.0949,0.5908,7.0949,5.2690,1,0.848,1.566
420,DATA_20260318_070000.BIN,0.5908,4.4631,0.3434,4.4631,1.9800,1,1.705,4.739
421,DATA_20260318_070000.BIN,0.6173,8.7446,0.7078,8.7446,5.8630,1,2.605,6.907
422,DATA_20260318_070000.BIN,0.7078,8.1898,2.9904,8.1898,7.6230,1,0.443,0.467
423,DATA_20260318_070000.BIN,1.5428,6.3584,1.4709,6.3584,2.7610,1,3.208,5.782
424,DATA_20260318_070000.BIN,2.9935,18.0928,2.8304,18.0928,6.2590,1,1.111,4.016
425,DATA_20260318_070000.BIN,0.6284,5.0660,1.0966,5.0660,5.8190,1,1.430,4.026
426,DATA_20260318_070000.BIN,1.0966,4.5818,1.2461,4.5818,3.1240,1,1.303,1.892
427,DATA_20260318_070000.BIN,1.2461,6.0704,0.0412,6.0704,2.9040,1,2.865,6.091
428,DATA_20260318_070000.BIN,0.0412,6.1954,0.6033,6.1954,6.0830,1,0.916,3.848
429,DATA_20260318_070000.BIN,0.4162,7.4731,1.5862,7.4731,3.8830,1,0.101,2.433
430,DATA_20260318_070000.BIN,0.3931,22.7377,2.7333,22.7377,8.4920,1,1.030,4.804
431,DATA_20260318_070000.BIN,2.7333,8.6613,5.7411,8.6613,5.1370,1,3.757,3.770
432,DATA_20260318_070000.BIN,5.7411,10.4411,2.2187,10.4411,3.8610,1,6.716,6.814
433,DATA_20260318_070000.BIN,2.2187,6.6688,2.9880,6.6688,3.6520,1,2.818,4.512
434,DATA_20260318_070000.BIN,0.5113,3.4886,0.7851,3.4886,2.0790,1,0.954,1.611
435,DATA_20260318_070000.BIN,0.7851,3.3898,0.7420,3.3898,2.9480,1,0.881,2.656
436,DATA_20260318_070000.BIN,0.7420,3.5219,0.4924,3.5219,6.0610,1,0.144,0.739
437,DATA_20260318_070000.BIN,0.4924,5.5643,2.5450,5.5643,2.9810,1,0.946,0.985
438,DATA_20260318_070000.BIN,2.5450,6.1016,1.0327,6.1016,2.4310,1,2.912,3.149
439,DATA_20260318_070000.BIN,0.8881,4.2014,0.6296,4.2014,4.5430,1,1.676,1.740
440,DATA_20260318_070000.BIN,1.2559,9.6564,4.2376,9.6564,2.7940,1,2.022,2.023
441,DATA_20260318_070000.BIN,4.2376,9.2744,2.4046,9.2744,2.4090,1,5.196,5.338
442,DATA_20260318_070000.BIN,2.4046,7.1122,3.4270,7.1122,1.2980,1,2.262,3.366
443,DATA_20260318_070000.BIN,1.2423,6.5089,1.3280,6.5089,1.5180,1,0.381,4.262
444,DATA_20260318_070000.BIN,1.3280,10.1395,0.2516,10.1395,3.9820,1,1.642,1.759
445,DATA_20260318_070000.BIN,0.2516,5.8899,0.2247,5.8899,3.1350,1,0.863,1.860
446,DATA_20260318_070000.BIN,2.0431,6.1003,1.5929,6.1003,1.1990,1,2.580,3.228
447,DATA_20260318_070000.BIN,1.2693,5.5481,0.3729,5.5481,1.3530,1,2.334,3.031
448,DATA_20260318_070000.BIN,0.3729,9.2228,1.7194,9.2228,4.7740,1,1.136,1.144
449,DATA_20260318_070000.BIN,1.7194,5.8144,0.7012,5.8144,1.1220,1,0.974,3.412
450,DATA_20260318_070000.BIN,0.7012,6.4680,0.7230,6.4680,1.1550,1,1.300,3.985
451,DATA_20260318_070000.BIN,0.7230,4.8168,1.4211,4.8168,1.1550,1,1.828,2.024
452,DATA_20260318_070000.BIN,1.4211,6.1889,1.1804,6.1889,1.8480,1,2.269,2.298
453,DATA_20260318_070000.BIN,1.1804,7.3915,0.6200,7.3915,6.4240,1,0.196,2.635
454,DATA_20260318_070000.BIN,1.0638,5.9121,1.3109,5.9121,2.5520,1,1.302,1.386
455,DATA_20260318_070000.BIN,1.2402,5.1177,2.6587,5.1177,2.9260,1,2.471,5.293
456,DATA_20260318_070000.BIN,2.7624,7.0414,2.1834,7.0414,2.8050,1,4.293,4.705
457,DATA_20260318_070000.BIN,0.8065,6.4130,1.0688,6.4130,1.1880,1,0.976,1.075
458,DATA_20260318_070000.BIN,1.8841,5.9216,0.7848,5.9216,1.4740,1,1.606,2.736
459,DATA_20260318_070000.BIN,0.7848,7.6038,1.2714,7.6038,1.7160,1,0.915,0.929
460,DATA_20260318_070000.BIN,0.7481,6.4651,2.2240,6.4651,4.1690,1,0.934,2.421
461,DATA_20260318_070000.BIN,2.2240,7.1058,0.7241,7.1058,9.9000,1,3.344,3.387
462,DATA_20260318_070000.BIN,0.7241,6.9331,0.2655,6.9331,8.3380,1,1.209,1.294
463,DATA_20260318_070000.BIN,0.6409,5.3583,1.1256,5.3583,4.8840,1,2.027,4.023
464,DATA_20260318_070000.BIN,1.4623,5.1806,1.7096,5.1806,1.3200,1,2.602,6.525
465,DATA_20260318_070000.BIN,0.9970,5.9340,0.2173,5.9340,3.4980,1,3.100,6.016
466,DATA_20260318_070000.BIN,0.2173,5.3422,0.6747,5.3422,5.3570,1,1.423,4.137
467,DATA_20260318_070000.BIN,0.6747,4.3207,0.6326,4.3207,2.6950,1,0.796,0.954
468,DATA_20260318_070000.BIN,0.3622,7.7323,2.9190,7.7323,4.0700,1,0.441,1.849
469,DATA_20260318_070000.BIN,2.9190,15.7255,2.8791,15.7255,3.5310,1,6.820,10.694
470,DATA_20260318_070000.BIN,2.8791,11.0176,1.4296,11.0176,4.1690,1,4.320,5.036
471,DATA_20260318_070000.BIN,1.4296,20.3464,4.2671,20.3464,5.7420,1,2.106,9.709
472,DATA_20260318_070000.BIN,4.2671,23.9441,17.8249,23.9441,2.5960,1,6.874,8.469
473,DATA_20260318_070000.BIN,17.8249,28.2571,21.3818,28.2571,3.2120,1,24.332,26.901
474,DATA_20260318_070000.BIN,21.3818,28.7052,3.6959,28.7052,4.4990,1,26.756,28.520
475,DATA_20260318_070000.BIN,3.6959,24.0798,11.4107,24.0798,3.2340,1,5.731,6.614
476,DATA_20260318_070000.BIN,11.4107,26.3123,0.2986,26.3123,6.6440,1,11.806,13.619
477,DATA_20260318_070000.BIN,0.4661,6.7814,3.8059,6.7814,6.8090,1,9.491,13.157
478,DATA_20260318_070000.BIN,3.8059,10.9715,0.6305,10.9715,6.7210,1,2.911,3.792
479,DATA_20260318_070000.BIN,1.5489,7.1653,1.1980,7.1653,2.2990,1,4.943,7.180
480,DATA_20260318_070000.BIN,1.1980,20.6236,1.5811,20.6236,5.1370,1,5.425,8.194
481,DATA_20260318_070000.BIN,1.5811,9.9133,6.3771,9.9133,6.4900,1,3.495,4.864
482,DATA_20260318_070000.BIN,2.1809,11.2279,5.5733,11.2279,5.0160,1,2.924,4.295
483,DATA_20260318_070000.BIN,5.5733,16.7878,9.5580,16.7878,9.6910,1,3.130,3.133
484,DATA_20260318_070000.BIN,9.5580,14.7725,11.5104,14.7725,3.5310,1,11.907,12.576
485,DATA_20260318_070000.BIN,11.5104,14.4940,4.6069,14.4940,3.7950,1,8.292,9.979
486,DATA_20260318_070000.BIN,4.6069,8.9830,0.9102,8.9830,2.0900,1,4.549,4.794
487,DATA_20260318_070000.BIN,0.9102,14.6736,2.3672,14.6736,2.4090,1,3.481,7.121
488,DATA_20260318_070000.BIN,2.3672,11.0514,2.7667,11.0514,3.9160,1,5.528,5.531
489,DATA_20260318_070000.BIN,2.7667,6.4303,2.3479,6.4303,7.2160,1,4.733,4.735
490,DATA_20260318_070000.BIN,2.3479,5.2780,0.1978,5.2780,1.9030,1,2.819,4.706
491,DATA_20260318_070000.BIN,0.8110,16.1669,2.0409,16.1669,6.6550,1,4.899,7.075
492,DATA_20260318_070000.BIN,2.0409,4.8719,1.7720,4.8719,1.4300,1,1.215,1.466
493,DATA_20260318_070000.BIN,3.0648,12.1196,4.7016,12.1196,4.3010,1,0.535,2.028
494,DATA_20260318_070000.BIN,4.7016,10.1288,1.4036,10.1288,3.9050,1,4.410,5.338
495,DATA_20260318_070000.BIN,1.6409,10.5589,4.3690,10.5589,3.8500,1,0.809,1.693
496,DATA_20260318_070000.BIN,4.3690,9.0288,2.6496,9.0288,1.9690,1,2.041,2.090
497,DATA_20260318_070000.BIN,0.3315,8.2547,1.0442,8.2547,4.2020,1,3.366,3.367
498,DATA_20260318_070000.BIN,0.1836,7.2971,3.4912,7.2971,1.6500,1,3.419,3.420
499,DATA_20260318_070000.BIN,0.9432,8.4472,2.4655,8.4472,2.6400,1,3.691,5.903
500,DATA_20260318_070000.BIN,2.4655,6.6671,0.6607,6.6671,1.1000,1,3.221,4.425
501,DATA_20260318_070000.BIN,0.6607,5.6441,1.0968,5.6441,1.1220,1,0.580,4.872
502,DATA_20260318_070000.BIN,1.0968,5.7246,0.6179,5.7246,8.0300,1,1.581,4.031
503,DATA_20260318_070000.BIN,2.6013,8.2092,3.5198,8.2092,1.5180,1,4.342,4.817
504,DATA_20260318_070000.BIN,0.4958,3.9198,0.5529,3.9198,1.4960,1,2.132,3.996
505,DATA_20260318_070000.BIN,0.5529,8.5497,4.6766,8.5497,4.1030,1,2.855,4.421
506,DATA_20260318_070000.BIN,4.6766,10.6180,0.6725,10.6180,3.3220,1,5.901,6.784
507,DATA_20260318_070000.BIN,0.6725,8.9397,1.8882,8.9397,2.7280,1,1.178,1.180
508,DATA_20260318_070000.BIN,2.5698,8.9808,1.0087,8.9808,2.7610,1,3.268,5.573
509,DATA_20260318_070000.BIN,1.0087,17.0014,1.1457,17.0014,7.4250,1,3.661,4.341
510,DATA_20260318_070000.BIN,1.1457,7.5145,3.5604,7.5145,9.1190,1,2.867,2.873
511,DATA_20260318_070000.BIN,3.5604,15.1531,6.9836,15.1531,2.3540,1,2.725,3.130
512,DATA_20260318_070000.BIN,6.9836,10.9664,3.3127,10.9664,5.4560,1,4.777,9.052
513,DATA_20260318_070000.BIN,3.3127,6.9265,3.5155,6.9265,1.5510,1,4.286,5.540
514,DATA_20260318_070000.BIN,0.1419,6.5662,1.3975,6.5662,5.3680,1,2.467,2.699
515,DATA_20260318_070000.BIN,1.3975,4.9475,0.4029,4.9475,2.8820,1,2.606,3.829
516,DATA_20260318_070000.BIN,0.4029,4.5021,0.3326,4.5021,2.3430,1,2.398,2.529
517,DATA_20260318_070000.BIN,0.3326,5.3140,1.2760,5.3140,3.4980,1,2.373,3.301
518,DATA_20260318_070000.BIN,1.2760,4.8977,0.9924,4.8977,1.2870,1,0.320,0.962
519,DATA_20260318_070000.BIN,0.5220,5.4804,1.7898,5.4804,2.5080,1,2.254,3.132
520,DATA_20260318_070000.BIN,2.1477,8.7824,3.2955,8.7824,5.5770,1,1.944,3.660
521,DATA_20260318_070000.BIN,3.2955,6.4664,2.9819,6.4664,1.7490,1,2.950,2.954
522,DATA_20260318_070000.BIN,1.7970,5.5756,2.1387,5.5756,2.1450,1,0.496,2.112
523,DATA_20260318_070000.BIN,2.1387,5.1094,1.9740,5.1094,5.7640,1,1.358,1.526
524,DATA_20260318_070000.BIN,1.3046,5.0233,1.8974,5.0233,1.2980,1,1.048,2.053
525,DATA_20260318_070000.BIN,1.8974,5.3744,2.4871,5.3744,1.6170,1,0.934,2.603
526,DATA_20260318_070000.BIN,2.0948,6.2822,2.0596,6.2822,2.1670,1,1.150,1.457
527,DATA_20260318_070000.BIN,2.0596,7.5322,1.4659,7.5322,5.4120,1,2.049,4.580
528,DATA_20260318_070000.BIN,1.4659,4.3760,1.5372,4.3760,1.3860,1,0.826,1.494
529,DATA_20260318_070000.BIN,1.6944,5.1204,0.5826,5.1204,2.7170,1,0.948,1.729
530,DATA_20260318_070000.BIN,4.1279,9.8704,2.3876,9.8704,3.5970,1,3.765,3.775
531,DATA_20260318_070000.BIN,2.3876,6.2873,0.5656,6.2873,2.5190,1,1.775,4.123
532,DATA_20260318_070000.BIN,0.5656,5.2152,0.6870,5.2152,1.8700,1,2.031,2.548
533,DATA_20260318_070000.BIN,1.3214,5.5705,1.0020,5.5705,1.1440,1,0.279,1.369
534,DATA_20260318_070000.BIN,0.6382,8.3632,4.6647,8.3632,5.2470,1,2.462,2.490
535,DATA_20260318_070000.BIN,4.6647,7.3477,2.6892,7.3477,3.4430,1,4.504,4.530
536,DATA_20260318_070000.BIN,2.6892,13.6127,10.2496,13.6127,4.9610,1,0.664,2.585
537,DATA_20260318_070000.BIN,7.0836,14.5924,7.2192,14.5924,1.9910,1,8.717,10.269
538,DATA_20260318_070000.BIN,7.2192,16.0455,8.7720,16.0455,2.7720,1,8.225,10.026
539,DATA_20260318_070000.BIN,8.7720,14.6179,10.9823,14.6179,2.6070,1,8.230,8.652
540,DATA_20260318_070000.BIN,10.9823,16.8773,1.8253,16.8773,2.7720,1,11.105,11.312
541,DATA_20260318_070000.BIN,1.8253,10.1289,1.8032,10.1289,4.9940,1,3.730,3.732
542,DATA_20260318_070000.BIN,1.8032,7.0873,2.4794,7.0873,1.3090,1,2.472,2.482
543,DATA_20260318_070000.BIN,2.4794,14.8965,3.8824,14.8965,2.4200,1,5.814,6.650
544,DATA_20260318_070000.BIN,4.5930,13.6764,0.8870,13.6764,3.2450,1,6.290,7.592
545,DATA_20260318_070000.BIN,1.2050,7.5713,2.9712,7.5713,3.0250,1,6.031,6.584
546,DATA_20260318_070000.BIN,2.9712,12.8335,6.2180,12.8335,1.2320,1,1.677,2.035
547,DATA_20260318_070000.BIN,6.2180,10.6876,6.6802,10.6876,2.6840,1,5.540,6.596
548,DATA_20260318_070000.BIN,6.6802,15.2496,1.4254,15.2496,4.3560,1,4.051,5.008
549,DATA_20260318_070000.BIN,1.4254,6.3102,0.1813,6.3102,1.5070,1,3.831,5.423
550,DATA_20260318_070000.BIN,1.1602,6.7842,2.5766,6.7842,3.5640,1,4.406,4.407
551,DATA_20260318_070000.BIN,2.5766,8.9635,3.5360,8.9635,3.0690,1,1.498,3.010
552,DATA_20260318_070000.BIN,3.5360,8.4462,2.8205,8.4462,2.8820,1,3.485,7.928
553,DATA_20260318_070000.BIN,3.9219,9.1187,5.5616,9.1187,3.1240,1,0.951,5.647
554,DATA_20260318_070000.BIN,5.5616,11.4826,7.3051,11.4826,2.5740,1,3.357,4.322
555,DATA_20260318_070000.BIN,7.3051,14.8433,2.4932,14.8433,8.3600,1,6.061,6.252
556,DATA_20260318_070000.BIN,2.2786,5.9831,3.3555,5.9831,2.7390,1,1.754,2.206
557,DATA_20260318_070000.BIN,3.3555,6.7609,0.4904,6.7609,8.4260,1,2.414,2.963
558,DATA_20260318_070000.BIN,0.4904,8.7734,1.4430,8.7734,6.9410,1,3.207,3.318
559,DATA_20260318_070000.BIN,1.4430,7.0939,0.9110,7.0939,4.0590,1,3.035,4.048
560,DATA_20260318_070000.BIN,0.5332,7.6186,1.0342,7.6186,7.6010,1,3.163,4.126
561,DATA_20260318_070000.BIN,1.0342,13.4156,3.8217,13.4156,6.0280,1,2.818,3.665
562,DATA_20260318_070000.BIN,3.8217,8.8088,0.4375,8.8088,3.2450,1,0.864,4.139
563,DATA_20260318_070000.BIN,6.1071,10.5803,4.5371,10.5803,3.0250,1,4.558,4.624
564,DATA_20260318_070000.BIN,4.5371,9.1663,3.9020,9.1663,2.3760,1,0.952,3.725
565,DATA_20260318_070000.BIN,3.9020,9.7195,1.9896,9.7195,4.4330,1,0.246,3.756
566,DATA_20260318_070000.BIN,1.9896,6.2602,2.9912,6.2602,6.7980,1,4.097,6.380
567,DATA_20260318_070000.BIN,1.1459,19.4932,1.3286,19.4932,7.1940,1,2.634,2.911
568,DATA_20260318_070000.BIN,1.2221,7.4486,1.9093,7.4486,5.3020,1,3.786,4.237
569,DATA_20260318_070000.BIN,1.9093,5.5744,0.7709,5.5744,2.5630,1,2.382,3.536
570,DATA_20260318_070000.BIN,1.5065,11.3563,0.6700,11.3563,4.0810,1,3.680,4.496
571,DATA_20260318_070000.BIN,0.6700,7.2633,1.8630,7.2633,4.0260,1,1.352,1.695
572,DATA_20260318_070000.BIN,1.8630,7.8421,1.5145,7.8421,6.7650,1,1.317,3.673
573,DATA_20260318_070000.BIN,1.5145,17.5428,2.0461,17.5428,4.0920,1,1.590,3.704
574,DATA_20260318_070000.BIN,2.0461,8.6633,1.0036,8.6633,3.0250,1,1.614,3.724
575,DATA_20260318_070000.BIN,10.5386,17.6664,3.7994,17.6664,5.1920,1,14.001,17.151
576,DATA_20260318_070000.BIN,3.7994,6.9963,1.3559,6.9963,3.2230,1,3.270,12.724
577,DATA_20260318_070000.BIN,1.3559,17.3163,5.5142,17.3163,3.3000,1,2.197,2.225
578,DATA_20260318_070000.BIN,5.5142,8.6819,2.7861,8.6819,3.0910,1,1.252,9.798
579,DATA_20260318_070000.BIN,2.7861,20.3939,2.1371,20.3939,5.8850,1,3.346,3.577
580,DATA_20260318_070000.BIN,2.1371,22.6379,2.8504,22.6379,5.5220,1,2.064,3.739
581,DATA_20260318_070000.BIN,2.8504,8.8380,1.4843,8.8380,2.2440,1,3.659,9.473
582,DATA_20260318_070000.BIN,1.4843,6.8060,2.4620,6.8060,3.7510,1,1.048,1.645
583,DATA_20260318_070000.BIN,1.7381,14.9084,7.0758,14.9084,6.1930,1,3.653,5.022
584,DATA_20260318_070000.BIN,5.0117,13.3042,4.8907,13.3042,4.1360,1,3.165,3.312
585,DATA_20260318_070000.BIN,2.0649,5.5436,0.2985,5.5436,1.6500,1,1.985,2.323
586,DATA_20260318_070000.BIN,4.0173,9.9559,0.9432,9.9559,5.8300,1,5.960,11.061
587,DATA_20260318_070000.BIN,0.9432,7.7111,1.6064,7.7111,3.3880,1,2.662,4.235
588,DATA_20260318_070000.BIN,1.6064,16.7677,0.8677,16.7677,7.8650,1,1.869,6.255
589,DATA_20260318_070000.BIN,2.2850,8.6481,1.6789,8.6481,4.4660,1,3.239,8.544
590,DATA_20260318_070000.BIN,1.6789,18.0616,1.0948,18.0616,9.4490,1,0.528,0.726
591,DATA_20260318_070000.BIN,1.0948,7.6612,0.3980,7.6612,3.0250,1,4.404,5.781
592,DATA_20260318_070000.BIN,0.3980,13.6824,2.5044,13.6824,4.5210,1,5.193,10.357
593,DATA_20260318_070000.BIN,2.5044,7.5315,1.3977,7.5315,5.4780,1,0.606,4.393
594,DATA_20260318_070000.BIN,1.7733,10.3971,4.3022,10.3971,8.9430,1,2.386,11.085
595,DATA_20260318_070000.BIN,4.3022,14.9695,5.9190,14.9695,3.1130,1,4.375,5.041
596,DATA_20260318_070000.BIN,5.9190,20.8312,1.8222,20.8312,3.1900,1,5.567,5.651
597,DATA_20260318_070000.BIN,1.8222,13.2271,0.9815,13.2271,5.0050,1,4.301,4.417
598,DATA_20260318_070000.BIN,0.9815,8.1205,0.6999,8.1205,1.4630,1,2.139,2.139
599,DATA_20260318_070000.BIN,0.6999,8.9361,2.2519,8.9361,3.2010,1,0.453,3.391
600,DATA_20260318_070000.BIN,2.2519,7.9417,3.5701,7.9417,1.4410,1,2.682,2.720
601,DATA_20260318_070000.BIN,3.5701,18.8943,8.0735,18.8943,4.2790,1,3.029,3.251
602,DATA_20260318_070000.BIN,8.0735,18.4911,9.5346,18.4911,5.1150,1,7.192,7.540
603,DATA_20260318_070000.BIN,9.5346,20.2756,8.4604,20.2756,1.8920,1,7.945,8.550
604,DATA_20260318_070000.BIN,8.4604,17.7423,3.1933,17.7423,5.5330,1,6.003,7.251
605,DATA_20260318_070000.BIN,3.1933,10.8836,6.0220,10.8836,2.4970,1,0.467,2.708
606,DATA_20260318_070000.BIN,6.0220,9.5483,1.8155,9.5483,3.0030,1,1.915,5.552
607,DATA_20260318_070000.BIN,1.2932,7.7306,0.5727,7.7306,3.3990,1,6.364,9.265
608,DATA_20260318_070000.BIN,0.5727,13.2053,6.8766,13.2053,6.7980,1,5.355,5.786
609,DATA_20260318_070000.BIN,6.8766,16.9280,3.0335,16.9280,2.9810,1,8.394,8.428
610,DATA_20260318_070000.BIN,3.0335,8.9461,5.3928,8.9461,2.0460,1,0.890,2.569
611,DATA_20260318_070000.BIN,5.3928,19.9161,1.3820,19.9161,6.2260,1,5.271,7.461
612,DATA_20260318_070000.BIN,3.9552,8.0555,4.2453,8.0555,1.7270,1,2.944,4.768
613,DATA_20260318_070000.BIN,4.2453,17.1779,7.4115,17.1779,9.1190,1,1.257,1.714
614,DATA_20260318_070000.BIN,7.4115,14.8573,0.2304,14.8573,3.2120,1,4.338,4.822
615,DATA_20260318_070000.BIN,2.5328,10.4222,0.8912,10.4222,2.8600,1,3.347,3.398
616,DATA_20260318_070000.BIN,1.9930,17.9314,8.1527,17.9314,6.7430,1,4.697,4.861
617,DATA_20260318_070000.BIN,8.1527,24.9391,13.7970,24.9391,2.9370,1,8.890,10.139
618,DATA_20260318_070000.BIN,13.7970,19.0953,3.1371,19.0953,4.5540,1,15.258,16.763
619,DATA_20260318_070000.BIN,3.1371,9.1269,3.6598,9.1269,1.7490,1,1.584,1.717
620,DATA_20260318_070000.BIN,0.3565,7.9397,0.9496,7.9397,4.2900,1,2.920,6.272
621,DATA_20260318_070000.BIN,0.9496,11.2436,2.4020,11.2436,8.2500,1,5.236,5.237
622,DATA_20260318_070000.BIN,2.4020,9.5984,4.5500,9.5984,2.6730,1,3.915,7.917
623,DATA_20260318_070000.BIN,4.5500,8.5485,2.1567,8.5485,1.5840,1,1.525,3.640
624,DATA_20260318_070000.BIN,2.1567,9.2868,0.4765,9.2868,2.5740,1,4.258,4.378
625,DATA_20260318_070000.BIN,0.4765,7.2647,3.5029,7.2647,4.0040,1,4.018,4.413
626,DATA_20260318_070000.BIN,3.5029,7.6153,2.9101,7.6153,4.5650,1,0.489,1.590
627,DATA_20260318_070000.BIN,2.9101,10.9411,4.6964,10.9411,4.1250,1,1.759,1.889
628,DATA_20260318_070000.BIN,4.4587,8.3346,3.1700,8.3346,1.3860,1,1.585,3.353
629,DATA_20260318_070000.BIN,3.1700,6.2083,3.6454,6.2083,1.9800,1,1.389,4.813
630,DATA_20260318_070000.BIN,3.6454,10.7307,3.9113,10.7307,2.6180,1,2.356,2.360
631,DATA_20260318_070000.BIN,2.1500,10.8190,1.0429,10.8190,1.4190,1,2.950,3.967
632,DATA_20260318_070000.BIN,1.0429,8.7845,1.7638,8.7845,4.9610,1,2.516,2.673
633,DATA_20260318_070000.BIN,1.7638,6.3175,2.7924,6.3175,2.7830,1,4.206,4.772
634,DATA_20260318_070000.BIN,2.7924,5.8666,2.8609,5.8666,1.2100,1,1.672,1.769
635,DATA_20260318_070000.BIN,0.9351,5.4211,0.8048,5.4211,2.3430,1,3.951,3.997
636,DATA_20260318_070000.BIN,0.8048,6.7372,3.1393,6.7372,2.6620,1,3.519,4.950
637,DATA_20260318_070000.BIN,3.1393,6.6892,1.8466,6.6892,2.6510,1,3.378,4.568
638,DATA_20260318_070000.BIN,1.8466,6.5582,1.8081,6.5582,1.5290,1,0.558,1.215
639,DATA_20260318_070000.BIN,1.1563,7.6764,0.9304,7.6764,3.1680,1,2.776,2.793
640,DATA_20260318_070000.BIN,0.9304,6.7046,1.2907,6.7046,1.3200,1,1.918,1.919
641,DATA_20260318_070000.BIN,1.2907,9.7562,2.8852,9.7562,4.0920,1,1.010,2.085
642,DATA_20260318_070000.BIN,2.8852,6.7107,2.3900,6.7107,2.7720,1,2.673,2.763
643,DATA_20260318_070000.BIN,2.3900,7.4610,1.4728,7.4610,1.2870,1,0.373,3.874
644,DATA_20260318_070000.BIN,1.4728,5.3929,1.3440,5.3929,1.8700,1,2.779,3.567
645,DATA_20260318_070000.BIN,2.9626,7.5368,2.4117,7.5368,1.7050,1,1.821,2.265
646,DATA_20260318_070000.BIN,2.4117,6.2676,1.3494,6.2676,1.2540,1,3.677,3.933
647,DATA_20260318_070000.BIN,1.3494,6.9814,1.7695,6.9814,1.1990,1,1.300,1.796
648,DATA_20260318_070000.BIN,1.7695,5.6777,0.2124,5.6777,1.1660,1,0.480,2.365
649,DATA_20260318_070000.BIN,0.2124,5.9812,0.2753,5.9812,1.2100,1,2.014,2.233
650,DATA_20260318_070000.BIN,0.2753,5.6231,0.6466,5.6231,1.2870,1,1.515,1.588
651,DATA_20260318_070000.BIN,0.6466,5.4368,1.3259,5.4368,2.3540,1,2.263,2.266
652,DATA_20260318_070000.BIN,0.7266,7.0767,0.9725,7.0767,1.1660,1,0.227,0.840
653,DATA_20260318_070000.BIN,0.9725,7.1422,0.2745,7.1422,1.2430,1,1.397,1.517
654,DATA_20260318_070000.BIN,0.2745,6.1870,1.4686,6.1870,1.2980,1,1.536,1.541
655,DATA_20260318_070000.BIN,0.7736,6.1331,0.9734,6.1331,1.2210,1,1.706,1.824
656,DATA_20260318_070000.BIN,0.9734,5.3132,0.9174,5.3132,1.1990,1,1.555,1.615
657,DATA_20260318_070000.BIN,0.9174,5.0120,0.8590,5.0120,1.2760,1,1.113,1.349
658,DATA_20260318_070000.BIN,0.8590,5.5665,0.9316,5.5665,1.2980,1,0.761,0.823
659,DATA_20260318_070000.BIN,0.9316,9.6362,3.2594,9.6362,2.6950,1,0.509,0.509
660,DATA_20260318_070000.BIN,3.2594,9.5055,3.3915,9.5055,1.5510,1,3.499,4.522
661,DATA_20260318_070000.BIN,0.9688,6.3352,1.4423,6.3352,1.4740,1,1.586,2.646
662,DATA_20260318_070000.BIN,1.4423,5.8968,0.9378,5.8968,1.2980,1,2.024,2.108
663,DATA_20260318_070000.BIN,0.9378,5.5684,1.1188,5.5684,1.4190,1,1.151,2.356
664,DATA_20260318_070000.BIN,1.1188,4.7823,1.3131,4.7823,1.1880,1,1.480,2.879
665,DATA_20260318_070000.BIN,1.3131,6.0531,1.7536,6.0531,2.4750,1,1.602,1.720
666,DATA_20260318_070000.BIN,1.7536,10.2531,6.8109,10.2531,4.0700,1,1.945,2.312
667,DATA_20260318_070000.BIN,6.8109,10.2590,4.9004,10.2590,2.0350,1,7.590,7.706
668,DATA_20260318_070000.BIN,4.9004,15.4165,0.6222,15.4165,4.5650,1,4.726,4.752
669,DATA_20260318_070000.BIN,0.6222,4.5910,0.9322,4.5910,1.2980,1,1.157,1.187
670,DATA_20260318_070000.BIN,4.0107,8.8366,3.9123,8.8366,2.3210,1,4.793,5.886
671,DATA_20260318_070000.BIN,3.9123,8.2789,0.5120,8.2789,7.8650,1,4.280,6.370
672,DATA_20260318_070000.BIN,0.5120,5.8286,2.8183,5.8286,4.1140,1,2.141,5.803
673,DATA_20260318_070000.BIN,1.2225,5.4824,1.0178,5.4824,1.4410,1,1.085,1.088
674,DATA_20260318_070000.BIN,1.0178,5.1511,1.6228,5.1511,1.4850,1,2.374,3.029
675,DATA_20260318_070000.BIN,1.0715,11.4359,5.0021,11.4359,7.8320,1,1.293,7.085
676,DATA_20260318_070000.BIN,5.0021,11.1427,4.6018,11.1427,3.2670,1,4.644,4.779
677,DATA_20260318_070000.BIN,4.6018,9.2342,5.1157,9.2342,4.1470,1,2.490,5.053
678,DATA_20260318_070000.BIN,2.7715,7.5943,3.1517,7.5943,3.1460,1,1.045,1.194
679,DATA_20260318_070000.BIN,2.4226,6.4681,1.6843,6.4681,2.6730,1,0.607,3.667
680,DATA_20260318_070000.BIN,1.6843,5.5952,2.1044,5.5952,1.2540,1,2.629,2.857
681,DATA_20260318_070000.BIN,3.9957,6.5115,2.5388,6.5115,1.2870,1,2.391,4.842
682,DATA_20260318_070000.BIN,2.5388,7.1487,0.8508,7.1487,1.3200,1,0.623,3.494
683,DATA_20260318_070000.BIN,0.8508,6.7751,1.9803,6.7751,1.1440,1,2.023,2.198
684,DATA_20260318_070000.BIN,1.9803,7.0390,0.7996,7.0390,1.3090,1,0.755,1.919
685,DATA_20260318_070000.BIN,0.7996,6.2315,1.8513,6.2315,1.1440,1,1.732,1.764
686,DATA_20260318_070000.BIN,1.8513,7.0688,3.5071,7.0688,1.2980,1,1.576,2.763
687,DATA_20260318_070000.BIN,3.5071,6.7619,2.5937,6.7619,1.2430,1,1.028,3.821
688,DATA_20260318_070000.BIN,2.5937,8.6438,3.2031,8.6438,1.3090,1,0.461,2.795
689,DATA_20260318_070000.BIN,3.2031,9.0794,2.4005,9.0794,1.3640,1,1.072,2.437
690,DATA_20260318_070000.BIN,2.4005,6.5404,2.2368,6.5404,1.1550,1,2.417,2.564
691,DATA_20260318_070000.BIN,2.2368,6.6057,2.1859,6.6057,1.2980,1,0.688,1.961
692,DATA_20260318_070000.BIN,2.1859,5.8016,2.1814,5.8016,1.3860,1,0.781,1.008
693,DATA_20260318_070000.BIN,2.1814,4.4986,1.5642,4.4986,1.3530,1,4.461,5.456
694,DATA_20260318_070000.BIN,1.5642,6.6724,0.3309,6.6724,3.3550,1,3.008,3.802
695,DATA_20260318_070000.BIN,1.5012,7.4934,1.3935,7.4934,2.5960,1,3.087,5.115
696,DATA_20260318_070000.BIN,1.3935,6.0070,2.3320,6.0070,1.2980,1,0.540,0.702
697,DATA_20260318_070000.BIN,2.3320,6.2748,1.4421,6.2748,1.2870,1,1.399,1.690
698,DATA_20260318_070000.BIN,1.4421,5.6791,2.5972,5.6791,1.2430,1,0.491,0.521
699,DATA_20260318_070000.BIN,2.5972,9.5318,1.5060,9.5318,1.6500,1,1.586,1.712
700,DATA_20260318_070000.BIN,1.6474,7.8704,0.9796,7.8704,3.0360,1,1.018,3.424
701,DATA_20260318_070000.BIN,0.9796,18.3497,5.8328,18.3497,5.3020,1,2.385,2.805
702,DATA_20260318_070000.BIN,3.8829,10.0443,3.6501,10.0443,7.3920,1,3.448,3.788
703,DATA_20260318_070000.BIN,3.6501,9.8433,3.8321,9.8433,4.9610,1,2.557,2.590
704,DATA_20260318_070000.BIN,3.8321,7.8377,4.6152,7.8377,5.4010,1,1.940,3.085
705,DATA_20260318_070000.BIN,4.6152,8.9439,5.0280,8.9439,1.4520,1,2.660,3.461
706,DATA_20260318_070000.BIN,5.0280,8.5106,1.1900,8.5106,4.6530,1,3.301,3.423
707,DATA_20260318_070000.BIN,1.1900,16.1370,8.2531,16.1370,9.0750,1,3.629,3.641
708,DATA_20260318_070000.BIN,8.2531,10.8564,7.6564,10.8564,1.9690,1,5.826,8.206
709,DATA_20260318_070000.BIN,1.7112,6.8947,1.2661,6.8947,1.5510,1,1.104,1.794
710,DATA_20260318_070000.BIN,1.2661,5.2174,0.7909,5.2174,1.1990,1,4.368,5.147
711,DATA_20260318_070000.BIN,0.7909,5.5859,1.5336,5.5859,1.5180,1,2.354,2.710
712,DATA_20260318_070000.BIN,3.5542,8.3242,0.1378,8.3242,2.1340,1,2.380,2.662
713,DATA_20260318_070000.BIN,0.1378,6.1670,0.4588,6.1670,2.9590,1,2.540,2.552
714,DATA_20260318_070000.BIN,0.4588,8.3291,3.7038,8.3291,1.9470,1,2.183,4.723
715,DATA_20260318_070000.BIN,0.3088,10.8756,0.3663,10.8756,4.1030,1,2.223,2.522
716,DATA_20260318_070000.BIN,2.8119,11.8777,1.8192,11.8777,2.9260,1,1.622,2.104
717,DATA_20260318_070000.BIN,0.6002,7.9061,3.1978,7.9061,1.7270,1,1.855,1.855
718,DATA_20260318_070000.BIN,3.1978,7.2431,3.2771,7.2431,5.2580,1,2.707,2.844
719,DATA_20260318_080000.BIN,0.4789,4.1292,0.8209,4.1292,6.8310,1,2.756,7.253
720,DATA_20260318_080000.BIN,1.9097,5.1033,1.5561,5.1033,6.1050,1,4.388,7.800
721,DATA_20260318_080000.BIN,1.4161,5.0692,0.3740,5.0692,4.9720,1,0.901,0.916
722,DATA_20260318_080000.BIN,0.7947,5.2004,2.2840,5.2004,4.7410,1,2.581,4.087
723,DATA_20260318_080000.BIN,2.2840,9.1634,1.4489,9.1634,7.2710,1,3.738,5.630
724,DATA_20260318_080000.BIN,0.4453,6.3392,1.3792,6.3392,3.4320,1,0.820,3.939
725,DATA_20260318_080000.BIN,1.3792,5.1334,0.6795,5.1334,2.3100,1,0.540,6.010
726,DATA_20260318_080000.BIN,0.6795,9.8119,6.1555,9.8119,5.0380,1,1.842,2.943
727,DATA_20260318_080000.BIN,3.7164,11.5283,3.6252,11.5283,4.6310,1,3.502,5.306
728,DATA_20260318_080000.BIN,3.6252,5.8661,3.1586,5.8661,2.2770,1,3.068,4.072
729,DATA_20260318_080000.BIN,3.1586,17.4134,0.7205,17.4134,4.1140,1,2.186,3.341
730,DATA_20260318_080000.BIN,1.4218,5.7649,1.7176,5.7649,6.3580,1,2.599,4.193
731,DATA_20260318_080000.BIN,2.0656,6.9587,2.0574,6.9587,3.3990,1,3.073,4.581
732,DATA_20260318_080000.BIN,2.1735,12.5615,7.1204,12.5615,3.5420,1,3.450,4.405
733,DATA_20260318_080000.BIN,0.6047,4.0872,1.0650,4.0872,5.1700,1,1.445,2.389
734,DATA_20260318_080000.BIN,2.0489,7.2929,1.1944,7.2929,4.8070,1,2.801,4.508
735,DATA_20260318_080000.BIN,2.0931,5.2984,2.2796,5.2984,5.5220,1,2.260,2.278
736,DATA_20260318_080000.BIN,2.4348,10.2542,2.3455,10.2542,8.2940,1,2.618,2.658
737,DATA_20260318_080000.BIN,0.3229,5.4586,1.1432,5.4586,7.5130,1,0.604,0.660
738,DATA_20260318_080000.BIN,1.1432,3.7992,1.4829,3.7992,3.9160,1,0.987,2.341
739,DATA_20260318_080000.BIN,1.4829,5.2191,0.6897,5.2191,2.9480,1,0.838,1.173
740,DATA_20260318_080000.BIN,0.9558,6.0858,0.7141,6.0858,9.2950,1,2.168,4.168
741,DATA_20260318_080000.BIN,0.7141,7.3451,0.5692,7.3451,3.5640,1,1.149,1.627
742,DATA_20260318_080000.BIN,0.5692,3.5756,0.2086,3.5756,2.7720,1,0.596,4.621
743,DATA_20260318_080000.BIN,0.2086,7.5358,0.6948,7.5358,4.7850,1,0.575,1.142
744,DATA_20260318_080000.BIN,0.2906,3.1411,0.0291,3.1411,5.2140,1,0.346,4.738
745,DATA_20260318_080000.BIN,0.0291,12.5968,2.3189,12.5968,5.9070,1,0.611,1.129
746,DATA_20260318_080000.BIN,2.3189,8.8359,0.9520,8.8359,2.3210,1,2.417,3.636
747,DATA_20260318_080000.BIN,3.1332,7.3594,0.5239,7.3594,5.0270,1,3.148,4.816
748,DATA_20260318_080000.BIN,3.2394,7.1949,2.5184,7.1949,1.4630,1,3.038,3.112
749,DATA_20260318_080000.BIN,2.5184,7.2215,3.6292,7.2215,5.8520,1,1.858,5.107
750,DATA_20260318_080000.BIN,3.6292,6.5810,0.3676,6.5810,5.9180,1,3.213,3.885
751,DATA_20260318_080000.BIN,0.3676,4.3908,0.1664,4.3908,4.0150,1,1.225,1.332
752,DATA_20260318_080000.BIN,0.1664,4.2331,0.7336,4.2331,6.8420,1,1.272,4.002
753,DATA_20260318_080000.BIN,0.7336,4.7813,0.4838,4.7813,2.8710,1,0.744,4.909
754,DATA_20260318_080000.BIN,1.8113,8.3685,2.4519,8.3685,4.0810,1,1.380,5.061
755,DATA_20260318_080000.BIN,2.4519,6.6039,2.4491,6.6039,2.9150,1,1.705,12.712
756,DATA_20260318_080000.BIN,2.4491,6.5741,1.8249,6.5741,2.9590,1,3.217,6.812
757,DATA_20260318_080000.BIN,1.8249,5.1294,1.8402,5.1294,1.5400,1,2.448,2.518
758,DATA_20260318_080000.BIN,0.6657,7.2730,3.4890,7.2730,3.9820,1,0.991,3.522
759,DATA_20260318_080000.BIN,3.4890,7.1508,2.6813,7.1508,3.3990,1,3.066,5.535
760,DATA_20260318_080000.BIN,2.6813,5.5904,2.1749,5.5904,2.3320,1,1.784,7.006
761,DATA_20260318_080000.BIN,2.1749,10.1497,4.1069,10.1497,2.3650,1,1.068,2.985
762,DATA_20260318_080000.BIN,4.1069,7.9452,2.3019,7.9452,6.0720,1,3.283,4.273
763,DATA_20260318_080000.BIN,2.3019,6.1821,2.6584,6.1821,1.6610,1,0.844,1.336
764,DATA_20260318_080000.BIN,2.6584,7.9666,2.3976,7.9666,5.5440,1,1.120,1.363
765,DATA_20260318_080000.BIN,2.0912,9.8279,4.4714,9.8279,5.5770,1,0.356,3.174
766,DATA_20260318_080000.BIN,1.7725,12.8177,5.3371,12.8177,9.2510,1,0.939,5.513
767,DATA_20260318_080000.BIN,5.3371,9.9015,5.9189,9.9015,4.2900,1,4.067,4.587
768,DATA_20260318_080000.BIN,4.6716,7.6053,1.5968,7.6053,5.3130,1,3.148,6.018
769,DATA_20260318_080000.BIN,1.2584,5.2705,3.0305,5.2705,4.4000,1,1.331,1.662
770,DATA_20260318_080000.BIN,3.0305,6.0006,1.0563,6.0006,3.7070,1,0.918,4.027
771,DATA_20260318_080000.BIN,1.0563,6.3700,2.7196,6.3700,1.7050,1,1.711,4.562
772,DATA_20260318_080000.BIN,0.1654,6.2624,1.4516,6.2624,7.5240,1,2.400,2.778
773,DATA_20260318_080000.BIN,1.4516,7.1946,1.5495,7.1946,8.7890,1,0.632,2.136
774,DATA_20260318_080000.BIN,1.5495,5.5021,2.8278,5.5021,6.5780,1,1.963,4.694
775,DATA_20260318_080000.BIN,2.8278,7.9666,3.3164,7.9666,3.8280,1,3.318,3.712
776,DATA_20260318_080000.BIN,5.4597,8.2506,4.0069,8.2506,2.8490,1,4.918,5.589
777,DATA_20260318_080000.BIN,2.7860,7.5915,3.9051,7.5915,8.5800,1,1.363,3.876
778,DATA_20260318_080000.BIN,1.3674,5.9693,1.9853,5.9693,3.6850,1,0.846,2.424
779,DATA_20260318_080000.BIN,1.9853,7.6772,2.7453,7.6772,2.8050,1,2.126,2.210
780,DATA_20260318_080000.BIN,4.5565,9.7476,4.5102,9.7476,2.1890,1,3.268,3.379
781,DATA_20260318_080000.BIN,4.5102,7.5946,4.1987,7.5946,1.5840,1,3.800,3.801
782,DATA_20260318_080000.BIN,4.1987,8.1526,4.9733,8.1526,1.9360,1,2.709,4.515
783,DATA_20260318_080000.BIN,4.9733,7.9477,4.4880,7.9477,7.1390,1,3.003,5.381
784,DATA_20260318_080000.BIN,4.4880,9.3014,3.9200,9.3014,1.6280,1,2.079,2.502
785,DATA_20260318_080000.BIN,3.9200,7.5704,3.1032,7.5704,1.5510,1,3.107,6.298
786,DATA_20260318_080000.BIN,3.1032,7.0518,0.8824,7.0518,1.4520,1,0.578,3.884
787,DATA_20260318_080000.BIN,0.8824,7.5700,3.6772,7.5700,1.5070,1,2.540,3.759
788,DATA_20260318_080000.BIN,3.6772,7.1572,3.5661,7.1572,1.3530,1,1.610,2.230
789,DATA_20260318_080000.BIN,3.5661,7.3512,3.1597,7.3512,1.4960,1,1.027,3.250
790,DATA_20260318_080000.BIN,3.1597,7.6605,4.4429,7.6605,1.3750,1,1.092,2.343
791,DATA_20260318_080000.BIN,4.4429,8.2008,2.8955,8.2008,1.3530,1,2.027,3.088
792,DATA_20260318_080000.BIN,2.8955,7.5884,3.1852,7.5884,1.2760,1,0.670,1.865
793,DATA_20260318_080000.BIN,3.1852,8.2834,4.2552,8.2834,1.4080,1,0.673,2.396
794,DATA_20260318_080000.BIN,4.2552,8.1891,4.4609,8.1891,1.4190,1,1.421,1.527
795,DATA_20260318_080000.BIN,4.4609,8.3652,4.2876,8.3652,1.3090,1,1.522,1.923
796,DATA_20260318_080000.BIN,4.2876,7.2632,2.9214,7.2632,1.3640,1,1.144,4.301
797,DATA_20260318_080000.BIN,2.9214,7.9460,3.4151,7.9460,1.3530,1,1.209,1.318
798,DATA_20260318_080000.BIN,3.4151,8.0571,3.8404,8.0571,1.2760,1,0.111,0.476
799,DATA_20260318_080000.BIN,3.8404,7.7095,3.8312,7.7095,1.4080,1,0.609,0.680
800,DATA_20260318_080000.BIN,3.8312,8.0820,3.8301,8.0820,1.3750,1,0.617,0.623
801,DATA_20260318_080000.BIN,3.8301,9.5899,4.8270,9.5899,1.4300,1,0.554,0.600
802,DATA_20260318_080000.BIN,4.8270,12.8753,7.5806,12.8753,2.7940,1,1.661,2.099
803,DATA_20260318_080000.BIN,3.3208,8.1768,4.4791,8.1768,1.2430,1,2.272,3.145
804,DATA_20260318_080000.BIN,4.4791,8.6534,3.8334,8.6534,1.2980,1,1.351,1.692
805,DATA_20260318_080000.BIN,3.8334,8.7061,4.4234,8.7061,1.3090,1,0.913,0.986
806,DATA_20260318_080000.BIN,4.4234,8.8362,2.8436,8.8362,1.2760,1,1.246,1.251
807,DATA_20260318_080000.BIN,2.8436,8.4207,5.0558,8.4207,1.3200,1,0.993,1.644
808,DATA_20260318_080000.BIN,5.0558,8.9264,3.7401,8.9264,1.2320,1,1.757,1.761
809,DATA_20260318_080000.BIN,3.7401,8.2593,2.5463,8.2593,1.3200,1,0.621,1.549
810,DATA_20260318_080000.BIN,2.5463,6.7173,3.1214,6.7173,1.3310,1,1.782,1.980
811,DATA_20260318_080000.BIN,3.1214,8.2444,4.2781,8.2444,1.5070,1,0.691,0.880
812,DATA_20260318_080000.BIN,4.2781,8.9785,4.2504,8.9785,2.3870,1,1.157,1.423
813,DATA_20260318_080000.BIN,4.2504,8.6724,3.3552,8.6724,1.1660,1,1.505,1.530
814,DATA_20260318_080000.BIN,3.3552,8.2256,4.2989,8.2256,1.3750,1,0.933,1.538
815,DATA_20260318_080000.BIN,4.2989,9.5298,5.6548,9.5298,1.3420,1,1.396,2.021
816,DATA_20260318_080000.BIN,5.6548,10.6427,5.4239,10.6427,1.2650,1,2.279,2.372
817,DATA_20260318_080000.BIN,5.4239,10.0727,2.0511,10.0727,1.7490,1,1.970,2.234
818,DATA_20260318_080000.BIN,2.0511,17.5160,11.7363,17.5160,2.2660,1,5.464,9.091
819,DATA_20260318_080000.BIN,11.7363,21.5929,1.4148,21.5929,3.4540,1,17.035,18.390
820,DATA_20260318_080000.BIN,1.4148,9.4086,2.4284,9.4086,4.3670,1,1.333,1.653
821,DATA_20260318_080000.BIN,2.4284,6.9824,0.9959,6.9824,1.4520,1,1.246,2.807
822,DATA_20260318_080000.BIN,4.0429,8.7096,3.6432,8.7096,2.7720,1,2.127,3.496
823,DATA_20260318_080000.BIN,3.6432,9.7354,5.1829,9.7354,1.3530,1,2.328,2.346
824,DATA_20260318_080000.BIN,5.1829,11.2900,4.6470,11.2900,4.5760,1,3.206,3.586
825,DATA_20260318_080000.BIN,4.6470,9.4578,1.7766,9.4578,2.0130,1,2.127,4.541
826,DATA_20260318_080000.BIN,1.7766,12.0153,8.5080,12.0153,4.2020,1,2.947,3.770
827,DATA_20260318_080000.BIN,8.5080,14.5472,6.1957,14.5472,4.0480,1,8.961,11.880
828,DATA_20260318_080000.BIN,6.1957,15.8042,9.7395,15.8042,3.4320,1,3.567,4.577
829,DATA_20260318_080000.BIN,9.7395,17.4057,13.7974,17.4057,2.5300,1,8.128,9.667
830,DATA_20260318_080000.BIN,13.7974,18.4153,9.5945,18.4153,2.5630,1,10.850,11.298
831,DATA_20260318_080000.BIN,9.5945,19.8188,15.2353,19.8188,1.8370,1,7.253,7.253
832,DATA_20260318_080000.BIN,15.2353,20.6863,12.7812,20.6863,2.3540,1,12.328,12.390
833,DATA_20260318_080000.BIN,12.7812,16.5675,5.3594,16.5675,3.9050,1,7.778,9.728
834,DATA_20260318_080000.BIN,5.3594,12.7946,4.1781,12.7946,1.5180,1,2.846,2.902
835,DATA_20260318_080000.BIN,4.6707,12.9316,3.6628,12.9316,2.8930,1,3.507,7.375
836,DATA_20260318_080000.BIN,3.6628,7.6496,3.0769,7.6496,4.7190,1,3.389,9.786
837,DATA_20260318_080000.BIN,3.0769,10.6954,4.3901,10.6954,3.6080,1,3.390,4.066
838,DATA_20260318_080000.BIN,4.3901,10.0042,5.4137,10.0042,2.0900,1,3.785,4.193
839,DATA_20260318_080000.BIN,5.4137,10.1742,2.8041,10.1742,2.7060,1,2.729,4.749
840,DATA_20260318_080000.BIN,2.8041,5.8348,2.6330,5.8348,5.9290,1,4.609,9.124
841,DATA_20260318_080000.BIN,4.1050,14.0367,8.6969,14.0367,1.6280,1,4.655,4.812
842,DATA_20260318_080000.BIN,8.6969,13.6370,1.3883,13.6370,3.8500,1,4.885,5.692
843,DATA_20260318_080000.BIN,3.8628,8.1167,2.8939,8.1167,1.4850,1,6.705,7.261
844,DATA_20260318_080000.BIN,2.8939,8.4929,2.2635,8.4929,1.4080,1,2.976,3.333
845,DATA_20260318_080000.BIN,2.2635,5.8794,1.8569,5.8794,1.7930,1,3.590,3.654
846,DATA_20260318_080000.BIN,1.8569,6.1091,2.4318,6.1091,2.0790,1,3.820,3.863
847,DATA_20260318_080000.BIN,2.4318,5.1714,2.5364,5.1714,1.6610,1,2.107,2.391
848,DATA_20260318_080000.BIN,3.8736,11.7545,4.3627,11.7545,9.0420,1,3.058,3.506
849,DATA_20260318_080000.BIN,2.7105,14.8311,3.4811,14.8311,6.1710,1,2.840,6.029
850,DATA_20260318_080000.BIN,3.4811,9.9707,0.6641,9.9707,2.9260,1,2.909,7.974
851,DATA_20260318_080000.BIN,2.2441,7.7047,2.1515,7.7047,5.3460,1,4.707,10.368
852,DATA_20260318_080000.BIN,0.2524,11.4952,0.8206,11.4952,2.6730,1,3.574,5.794
853,DATA_20260318_080000.BIN,0.8206,5.7215,0.2573,5.7215,3.4760,1,2.613,5.662
854,DATA_20260318_080000.BIN,0.2573,6.5836,1.1426,6.5836,4.6970,1,2.614,6.956
855,DATA_20260318_080000.BIN,0.1311,5.9982,2.3072,5.9982,1.7600,1,2.547,2.743
856,DATA_20260318_080000.BIN,1.5027,5.2277,0.4335,5.2277,4.6420,1,0.758,1.556
857,DATA_20260318_080000.BIN,2.4674,7.4224,1.3916,7.4224,6.8310,1,2.255,3.046
858,DATA_20260318_080000.BIN,1.3916,10.3793,7.0741,10.3793,2.8600,1,2.253,6.424
859,DATA_20260318_080000.BIN,2.5692,5.6035,1.4231,5.6035,2.5190,1,4.683,5.722
860,DATA_20260318_080000.BIN,0.1374,6.1651,0.6435,6.1651,2.5300,1,1.840,2.974
861,DATA_20260318_080000.BIN,0.6435,5.4653,1.3845,5.4653,5.0050,1,1.695,2.110
862,DATA_20260318_080000.BIN,1.3845,5.8613,1.5219,5.8613,3.2780,1,2.572,3.278
863,DATA_20260318_080000.BIN,2.8018,8.6963,3.1575,8.6963,2.4530,1,2.273,3.511
864,DATA_20260318_080000.BIN,6.6734,9.9961,4.3706,9.9961,6.7540,1,8.975,9.007
865,DATA_20260318_080000.BIN,4.3706,9.6376,1.2294,9.6376,5.3130,1,4.954,6.429
866,DATA_20260318_080000.BIN,4.3169,7.6205,1.1780,7.6205,9.6800,1,4.351,4.990
867,DATA_20260318_080000.BIN,1.1780,6.5901,0.5395,6.5901,1.7160,1,2.842,10.705
868,DATA_20260318_080000.BIN,0.5395,6.6651,1.2898,6.6651,3.0030,1,0.697,3.399
869,DATA_20260318_080000.BIN,1.2898,6.0270,1.2281,6.0270,2.1560,1,0.954,8.025
870,DATA_20260318_080000.BIN,1.2281,11.4373,2.7857,11.4373,6.0280,1,0.705,3.333
871,DATA_20260318_080000.BIN,2.7857,6.5314,1.3099,6.5314,2.8050,1,3.228,3.435
872,DATA_20260318_080000.BIN,1.3099,6.2907,2.2446,6.2907,2.1670,1,0.724,3.358
873,DATA_20260318_080000.BIN,2.2446,10.0819,1.2483,10.0819,1.3860,1,3.653,6.649
874,DATA_20260318_080000.BIN,1.2483,7.5281,4.0265,7.5281,2.2220,1,1.953,7.619
875,DATA_20260318_080000.BIN,1.5367,6.2185,0.3106,6.2185,2.7830,1,1.966,8.083
876,DATA_20260318_080000.BIN,1.1922,8.2418,1.1422,8.2418,3.2450,1,1.568,3.692
877,DATA_20260318_080000.BIN,1.1422,8.3545,1.6209,8.3545,5.2910,1,0.967,1.300
878,DATA_20260318_080000.BIN,1.3096,7.8610,1.4115,7.8610,6.1270,1,1.127,2.276
879,DATA_20260318_080000.BIN,1.4115,4.9774,1.1270,4.9774,1.8920,1,1.316,2.892
880,DATA_20260318_080000.BIN,1.1270,7.3617,4.4080,7.3617,3.9710,1,1.588,2.176
881,DATA_20260318_080000.BIN,1.4401,5.1971,2.7903,5.1971,2.8050,1,2.184,2.294
882,DATA_20260318_080000.BIN,2.7903,5.9711,1.3421,5.9711,3.3330,1,2.875,4.978
883,DATA_20260318_080000.BIN,1.1509,7.3403,3.4931,7.3403,9.8230,1,1.690,9.181
884,DATA_20260318_080000.BIN,0.7315,3.3688,0.4015,3.3688,3.5860,1,1.068,3.701
885,DATA_20260318_080000.BIN,1.6561,4.9250,1.9675,4.9250,4.1250,1,2.208,2.211
886,DATA_20260318_080000.BIN,1.9675,4.4896,1.8048,4.4896,4.2350,1,2.417,2.466
887,DATA_20260318_080000.BIN,2.0503,4.7207,1.2548,4.7207,3.9710,1,2.194,2.551
888,DATA_20260318_080000.BIN,1.5408,5.8707,1.6460,5.8707,7.5460,1,1.616,1.886
889,DATA_20260318_080000.BIN,1.5934,4.9932,1.6622,4.9932,2.0460,1,1.366,2.606
890,DATA_20260318_080000.BIN,1.7789,5.2480,1.5114,5.2480,1.5950,1,1.500,2.217
891,DATA_20260318_080000.BIN,1.5114,5.4210,0.8123,5.4210,4.9060,1,1.156,2.362
892,DATA_20260318_080000.BIN,0.8123,5.3654,1.2988,5.3654,3.4870,1,0.096,2.434
893,DATA_20260318_080000.BIN,1.2988,5.1638,1.8618,5.1638,2.9920,1,0.644,0.692
894,DATA_20260318_080000.BIN,1.8618,5.8866,2.6679,5.8866,5.4890,1,1.485,1.925
895,DATA_20260318_080000.BIN,2.6679,6.5118,3.5688,6.5118,4.7190,1,2.070,3.499
896,DATA_20260318_080000.BIN,1.0094,5.0023,1.3917,5.0023,5.0930,1,0.483,0.687
897,DATA_20260318_080000.BIN,1.9509,5.2528,1.8008,5.2528,3.1570,1,2.182,6.264
898,DATA_20260318_080000.BIN,1.8008,5.1894,1.6308,5.1894,5.5330,1,2.262,3.189
899,DATA_20260318_080000.BIN,0.8321,4.5105,0.9057,4.5105,8.8330,1,1.292,5.200
900,DATA_20260318_080000.BIN,0.9057,4.2829,0.8006,4.2829,1.5290,1,0.181,2.031
901,DATA_20260318_080000.BIN,0.8006,4.5482,1.4981,4.5482,5.1920,1,0.566,3.019
902,DATA_20260318_080000.BIN,0.7213,6.3262,0.3746,6.3262,4.3560,1,1.690,1.843
903,DATA_20260318_080000.BIN,2.0783,4.3911,0.9306,4.3911,3.3220,1,1.745,5.131
904,DATA_20260318_080000.BIN,0.9306,6.9900,1.6408,6.9900,9.7350,1,2.170,3.444
905,DATA_20260318_080000.BIN,1.3785,7.5649,1.1371,7.5649,1.1550,1,2.153,4.778
906,DATA_20260318_080000.BIN,1.7814,5.7548,0.6138,5.7548,5.8190,1,1.625,5.751
907,DATA_20260318_080000.BIN,0.6138,7.3046,2.6363,7.3046,2.0570,1,1.500,3.862
908,DATA_20260318_080000.BIN,0.1386,7.7826,0.7162,7.7826,7.6230,1,0.540,5.133
909,DATA_20260318_080000.BIN,0.7162,4.1453,0.6410,4.1453,2.2110,1,1.185,1.276
910,DATA_20260318_080000.BIN,3.0598,5.6230,2.4191,5.6230,4.4110,1,3.929,6.382
911,DATA_20260318_080000.BIN,0.4259,4.6488,0.3746,4.6488,4.3450,1,0.604,3.140
912,DATA_20260318_080000.BIN,1.0692,5.0652,0.8142,5.0652,5.2800,1,1.259,1.960
913,DATA_20260318_080000.BIN,0.8379,4.5002,0.3679,4.5002,2.2990,1,0.857,2.686
914,DATA_20260318_080000.BIN,2.9505,6.7952,1.4790,6.7952,7.2050,1,3.124,3.859
915,DATA_20260318_080000.BIN,1.6874,5.8693,0.7059,5.8693,3.7620,1,1.486,1.533
916,DATA_20260318_080000.BIN,0.4904,3.6912,0.7787,3.6912,9.6030,1,0.662,1.953
917,DATA_20260318_080000.BIN,0.7787,6.4854,1.4363,6.4854,7.8870,1,0.537,0.581
918,DATA_20260318_080000.BIN,1.6330,6.1726,1.9090,6.1726,2.9040,1,1.392,2.391
919,DATA_20260318_080000.BIN,1.9090,6.7340,1.3027,6.7340,2.5630,1,1.921,7.883
920,DATA_20260318_080000.BIN,4.5572,8.3905,4.5966,8.3905,4.8180,1,5.793,9.107
921,DATA_20260318_080000.BIN,4.5966,7.6051,4.7161,7.6051,3.9270,1,5.365,8.529
922,DATA_20260318_080000.BIN,0.7568,6.4966,0.9340,6.4966,4.1910,1,0.042,3.765
923,DATA_20260318_080000.BIN,0.9340,11.7683,3.7955,11.7683,9.1850,1,1.321,8.123
924,DATA_20260318_080000.BIN,3.4053,6.3186,2.0147,6.3186,2.2880,1,4.047,5.528
925,DATA_20260318_080000.BIN,2.0147,6.5320,0.5718,6.5320,2.7720,1,1.757,2.107
926,DATA_20260318_080000.BIN,0.2184,8.7910,3.5823,8.7910,3.6960,1,0.463,0.624
927,DATA_20260318_080000.BIN,3.5823,6.9358,1.7429,6.9358,2.9370,1,3.552,3.912
928,DATA_20260318_080000.BIN,0.5317,10.8604,5.5140,10.8604,4.2570,1,1.313,1.315
929,DATA_20260318_080000.BIN,5.5140,13.3488,6.3883,13.3488,3.3440,1,5.796,5.872
930,DATA_20260318_080000.BIN,6.3883,10.1793,1.3250,10.1793,5.8850,1,5.898,7.998
931,DATA_20260318_080000.BIN,1.3250,3.7473,1.1711,3.7473,2.6510,1,2.989,4.190
932,DATA_20260318_080000.BIN,1.1711,7.3542,2.4207,7.3542,1.2870,1,3.002,6.272
933,DATA_20260318_080000.BIN,5.1411,12.9966,2.1173,12.9966,1.9910,1,7.293,8.162
934,DATA_20260318_080000.BIN,2.1173,6.3886,0.6379,6.3886,4.6310,1,1.715,5.986
935,DATA_20260318_080000.BIN,0.6379,4.3865,0.8189,4.3865,1.8810,1,1.236,2.468
936,DATA_20260318_080000.BIN,1.2917,5.9959,1.4594,5.9959,4.8070,1,2.136,3.657
937,DATA_20260318_080000.BIN,1.4594,7.3924,4.2965,7.3924,5.1260,1,1.265,3.701
938,DATA_20260318_080000.BIN,4.2965,13.0935,3.3683,13.0935,5.5220,1,4.531,4.597
939,DATA_20260318_080000.BIN,3.3683,9.1503,3.1394,9.1503,1.5400,1,3.397,3.504
940,DATA_20260318_080000.BIN,3.1394,14.8834,9.4877,14.8834,5.1260,1,2.442,2.878
941,DATA_20260318_080000.BIN,9.4877,12.3041,7.4033,12.3041,5.1590,1,9.882,13.998
942,DATA_20260318_080000.BIN,7.4033,15.5595,11.5917,15.5595,4.3340,1,6.167,7.324
943,DATA_20260318_080000.BIN,10.4457,18.8950,16.6955,18.8950,1.7600,1,9.258,9.363
944,DATA_20260318_080000.BIN,10.5656,18.2119,2.4109,18.2119,8.6350,1,8.529,8.699
945,DATA_20260318_080000.BIN,4.2913,8.6653,3.9605,8.6653,4.5540,1,0.854,3.350
946,DATA_20260318_080000.BIN,3.9605,7.6028,3.5425,7.6028,3.6410,1,1.999,2.381
947,DATA_20260318_080000.BIN,2.0263,6.6163,2.7200,6.6163,5.5660,1,3.395,3.528
948,DATA_20260318_080000.BIN,2.7200,6.9269,2.5303,6.9269,9.7790,1,1.396,1.421
949,DATA_20260318_080000.BIN,0.5476,4.8200,0.8295,4.8200,1.5290,1,4.079,4.443
950,DATA_20260318_080000.BIN,5.3321,10.3353,2.7227,10.3353,2.5630,1,2.955,2.996
951,DATA_20260318_080000.BIN,8.2538,12.9953,9.2527,12.9953,2.0350,1,5.821,6.268
952,DATA_20260318_080000.BIN,6.8259,10.3434,4.2337,10.3434,2.8270,1,5.652,5.782
953,DATA_20260318_080000.BIN,4.2337,8.1197,0.6459,8.1197,3.5970,1,3.600,4.217
954,DATA_20260318_080000.BIN,1.1482,6.6959,0.6535,6.6959,4.1250,1,4.016,4.751
955,DATA_20260318_080000.BIN,0.6535,4.2981,0.6811,4.2981,4.4880,1,4.254,4.381
956,DATA_20260318_080000.BIN,0.6811,3.7022,0.4969,3.7022,4.2350,1,4.094,7.515
957,DATA_20260318_080000.BIN,0.4969,7.0449,1.1505,7.0449,2.2660,1,3.200,3.230
958,DATA_20260318_080000.BIN,3.1591,8.4526,2.0303,8.4526,4.4990,1,3.768,5.323
959,DATA_20260318_080000.BIN,0.0819,8.8822,1.8564,8.8822,4.4990,1,2.916,3.079
960,DATA_20260318_080000.BIN,1.8564,17.3768,0.1410,17.3768,7.9750,1,1.790,1.794
961,DATA_20260318_080000.BIN,0.1410,4.5032,0.5587,4.5032,4.1800,1,2.674,4.478
962,DATA_20260318_080000.BIN,0.5587,7.5218,3.0772,7.5218,6.5010,1,2.004,7.245
963,DATA_20260318_080000.BIN,3.0772,10.2214,3.7665,10.2214,4.6200,1,2.459,8.276
964,DATA_20260318_080000.BIN,3.7665,8.9153,1.6110,8.9153,3.0250,1,2.267,2.622
965,DATA_20260318_080000.BIN,1.6110,6.9286,3.5047,6.9286,2.5300,1,0.740,3.183
966,DATA_20260318_080000.BIN,3.5047,7.6428,1.0990,7.6428,8.2280,1,2.140,7.148
967,DATA_20260318_080000.BIN,1.0990,28.7514,14.6397,28.7514,1.7600,1,1.875,8.407
968,DATA_20260318_080000.BIN,14.6397,25.8054,4.1201,25.8054,6.6990,1,14.962,28.804
969,DATA_20260318_080000.BIN,4.1201,12.3282,1.4330,12.3282,1.8920,1,4.380,14.579
970,DATA_20260318_080000.BIN,1.4330,23.4305,8.2088,23.4305,5.1260,1,3.554,8.360
971,DATA_20260318_090000.BIN,6.8852,16.2737,1.8370,16.2737,1.5620,1,6.716,10.460
972,DATA_20260318_090000.BIN,1.8370,11.8890,2.3667,11.8890,4.1910,1,3.670,11.107
973,DATA_20260318_090000.BIN,2.3667,9.0407,0.6085,9.0407,2.0790,1,5.129,8.576
974,DATA_20260318_090000.BIN,0.6085,4.3292,2.1732,4.3292,3.0470,1,1.607,8.087
975,DATA_20260318_090000.BIN,2.1732,4.9115,0.3601,4.9115,2.1230,1,3.417,6.711
976,DATA_20260318_090000.BIN,0.3694,8.2762,1.1835,8.2762,4.5430,1,1.548,6.223
977,DATA_20260318_090000.BIN,1.1835,5.6252,0.2879,5.6252,7.3810,1,2.787,4.843
978,DATA_20260318_090000.BIN,0.2879,6.3765,1.0014,6.3765,8.1950,1,1.151,4.007
979,DATA_20260318_090000.BIN,1.0014,7.0651,3.4193,7.0651,3.4980,1,1.429,5.636
980,DATA_20260318_090000.BIN,2.1738,7.9015,0.8280,7.9015,4.2790,1,3.568,6.220
981,DATA_20260318_090000.BIN,0.8280,5.8966,0.1184,5.8966,2.9150,1,1.645,6.019
982,DATA_20260318_092224.BIN,1.5512,14.5416,2.6310,14.5416,9.4710,1,2.652,2.702
983,DATA_20260318_092224.BIN,2.6310,7.9351,3.4527,7.9351,2.5410,1,3.518,8.312
984,DATA_20260318_092224.BIN,3.4527,8.5449,0.9022,8.5449,9.8890,1,5.416,8.218
985,DATA_20260318_092224.BIN,0.9022,7.2671,1.2832,7.2671,8.5910,1,1.434,9.338
986,DATA_20260318_092224.BIN,1.0319,7.1847,0.9749,7.1847,5.1370,1,1.848,8.378
987,DATA_20260318_092224.BIN,0.9749,7.2037,1.9716,7.2037,5.5440,1,0.614,10.739
988,DATA_20260318_092224.BIN,1.9716,8.6412,2.1051,8.6412,4.9500,1,2.168,4.953
989,DATA_20260318_092224.BIN,2.1051,8.2057,1.5927,8.2057,3.2670,1,1.785,7.764
990,DATA_20260318_092224.BIN,1.5927,7.5582,1.7822,7.5582,1.9030,1,2.004,2.017
991,DATA_20260318_092224.BIN,4.6742,7.7587,4.1156,7.7587,2.7610,1,6.375,6.851
992,DATA_20260318_092224.BIN,1.6894,8.7358,4.1326,8.7358,6.5450,1,1.626,4.044
993,DATA_20260318_092224.BIN,2.4286,10.3388,2.2244,10.3388,5.4230,1,2.646,4.605
994,DATA_20260318_092224.BIN,2.2244,7.3347,1.5483,7.3347,2.0680,1,2.038,5.594
995,DATA_20260318_092224.BIN,1.5483,6.4600,2.2862,6.4600,3.2560,1,0.878,2.657
996,DATA_20260318_092224.BIN,4.4953,8.5516,5.3139,8.5516,3.4100,1,4.534,4.535
997,DATA_20260318_092224.BIN,5.3139,11.9932,4.7891,11.9932,4.1360,1,5.117,6.073
998,DATA_20260318_092224.BIN,4.7891,10.1532,3.8427,10.1532,5.3900,1,3.880,4.044
999,DATA_20260318_092224.BIN,4.2604,7.9735,2.3430,7.9735,8.6570,1,3.467,3.798
1000,DATA_20260318_092224.BIN,0.6830,6.7113,2.6971,6.7113,3.4650,1,1.477,1.477
1001,DATA_20260318_092224.BIN,2.6971,24.2801,12.7310,24.2801,8.7890,1,4.223,5.140
1002,DATA_20260318_092224.BIN,9.0061,13.2028,8.3189,13.2028,1.5510,1,11.338,20.159
1003,DATA_20260318_092224.BIN,8.3189,13.5349,6.7664,13.5349,2.1560,1,9.482,20.163
1004,DATA_20260318_092224.BIN,9.9634,14.8954,10.7146,14.8954,1.6170,1,10.592,21.465
1005,DATA_20260318_092224.BIN,7.7763,13.6871,4.5064,13.6871,2.0460,1,7.380,13.136
1006,DATA_20260318_092224.BIN,6.7955,11.2666,5.7477,11.2666,8.6240,1,5.405,9.893
1007,DATA_20260318_092224.BIN,3.1061,12.7687,3.1416,12.7687,6.4570,1,0.969,5.103
1008,DATA_20260318_092224.BIN,3.1416,10.0732,3.7558,10.0732,6.2700,1,4.725,5.699
1009,DATA_20260318_092224.BIN,3.7558,7.4052,0.9502,7.4052,6.2370,1,2.353,6.329
1010,DATA_20260318_092224.BIN,8.1341,17.3390,0.7327,17.3390,4.6200,1,6.771,6.910
1011,DATA_20260318_092224.BIN,4.1709,9.9452,6.4001,9.9452,2.6620,1,5.105,7.557
1012,DATA_20260318_092224.BIN,0.7326,5.9198,0.1330,5.9198,2.2330,1,3.554,5.929
1013,DATA_20260318_092224.BIN,0.1330,4.0218,0.3673,4.0218,6.2920,1,2.868,6.568
1014,DATA_20260318_092224.BIN,0.3673,6.1090,1.2784,6.1090,8.0300,1,2.611,2.726
1015,DATA_20260318_100000.BIN,0.4118,4.5815,0.5820,4.5815,2.7500,1,5.620,5.666
1016,DATA_20260318_100000.BIN,0.5820,4.8925,1.4729,4.8925,6.0830,1,5.620,5.759
1017,DATA_20260318_100000.BIN,1.4729,14.3141,7.5496,14.3141,1.7050,1,4.043,6.460
1018,DATA_20260318_100000.BIN,7.5496,12.4426,7.3058,12.4426,1.1990,1,11.719,11.741
1019,DATA_20260318_100000.BIN,7.3058,10.1210,4.6504,10.1210,5.8080,1,9.919,12.076
1020,DATA_20260318_100000.BIN,4.6504,32.0163,5.1736,32.0163,5.4340,1,5.897,6.621
1021,DATA_20260318_100000.BIN,5.1736,17.5530,10.5539,17.5530,2.4090,1,7.357,8.682
1022,DATA_20260318_100000.BIN,6.1970,9.7098,5.3248,9.7098,3.4760,1,5.213,19.503
1023,DATA_20260318_100000.BIN,5.3248,17.4249,6.1682,17.4249,4.3340,1,9.194,9.366
1024,DATA_20260318_100000.BIN,1.6505,7.7440,1.6412,7.7440,5.0050,1,2.545,5.067
1025,DATA_20260318_100000.BIN,1.6412,7.4389,1.5017,7.4389,2.8930,1,2.395,3.895
1026,DATA_20260318_100000.BIN,1.7054,6.5577,0.8542,6.5577,5.2140,1,2.254,2.404
1027,DATA_20260318_100000.BIN,0.8542,6.7153,1.0569,6.7153,4.8290,1,2.788,3.011
1028,DATA_20260318_100000.BIN,1.0569,10.3358,4.9452,10.3358,2.2220,1,2.916,6.147
1029,DATA_20260318_100000.BIN,4.9452,10.3753,0.6942,10.3753,1.8040,1,6.971,8.949
1030,DATA_20260318_100000.BIN,0.6942,8.9346,3.7696,8.9346,2.3430,1,1.854,3.078
1031,DATA_20260318_100000.BIN,2.8020,7.4234,2.2832,7.4234,2.7830,1,2.453,3.282
1032,DATA_20260318_100000.BIN,2.2832,7.2075,3.5805,7.2075,4.0810,1,3.912,6.329
1033,DATA_20260318_100000.BIN,3.5805,7.6728,0.9746,7.6728,4.1250,1,3.671,3.958
1034,DATA_20260318_100000.BIN,0.9746,10.8870,1.0302,10.8870,5.6540,1,1.126,1.880
1035,DATA_20260318_100000.BIN,4.5328,9.1122,1.8209,9.1122,6.8310,1,4.618,5.163
1036,DATA_20260318_100000.BIN,2.2739,5.3846,1.3754,5.3846,7.2490,1,3.045,3.069
1037,DATA_20260318_100000.BIN,2.4315,8.2342,4.1155,8.2342,5.1040,1,1.834,1.892
1038,DATA_20260318_100000.BIN,4.1565,7.1845,1.3828,7.1845,8.5250,1,3.731,3.836
1039,DATA_20260318_100000.BIN,0.9316,4.7452,0.4377,4.7452,3.2340,1,2.511,2.601
1040,DATA_20260318_100000.BIN,1.6926,6.2928,0.7204,6.2928,1.9690,1,3.186,4.926
1041,DATA_20260318_100000.BIN,0.7204,11.4076,2.2776,11.4076,6.9520,1,1.469,1.506
1042,DATA_20260318_100000.BIN,3.0275,6.5323,1.5399,6.5323,4.0480,1,3.199,3.799
1043,DATA_20260318_100000.BIN,1.5399,8.2277,2.4990,8.2277,1.4520,1,1.598,6.661
1044,DATA_20260318_100000.BIN,2.4990,5.9582,0.2912,5.9582,5.3130,1,2.168,3.489
1045,DATA_20260318_100000.BIN,5.4725,11.0615,7.5970,11.0615,1.4850,1,6.203,6.668
1046,DATA_20260318_100000.BIN,7.5970,11.4148,2.3906,11.4148,4.4770,1,7.792,7.792
1047,DATA_20260318_100000.BIN,5.1959,8.6020,3.1842,8.6020,7.8540,1,4.747,4.758
1048,DATA_20260318_100000.BIN,3.1842,7.7632,2.6317,7.7632,3.2120,1,1.761,3.406
1049,DATA_20260318_100000.BIN,0.5621,10.0747,0.5498,10.0747,6.6880,1,2.735,4.522
1050,DATA_20260318_100000.BIN,0.9663,5.2284,0.4247,5.2284,4.4880,1,2.635,6.771
1051,DATA_20260318_100000.BIN,6.2860,13.3446,6.0266,13.3446,5.8740,1,7.311,9.858
1052,DATA_20260318_100000.BIN,6.0266,9.6149,4.8633,9.6149,3.6410,1,6.459,7.153
1053,DATA_20260318_100000.BIN,4.8633,8.9460,6.6748,8.9460,9.4270,1,4.029,6.311
1054,DATA_20260318_100000.BIN,6.6748,10.6235,0.5350,10.6235,5.2580,1,5.483,5.492
1055,DATA_20260318_100000.BIN,0.5350,3.4891,0.6625,3.4891,5.4560,1,3.564,4.905
1056,DATA_20260318_100000.BIN,0.6625,5.6132,0.9367,5.6132,3.0140,1,3.934,10.890
1057,DATA_20260318_100000.BIN,3.9745,6.1669,1.4613,6.1669,3.8720,1,2.103,6.387
1058,DATA_20260318_100000.BIN,1.6040,5.6826,2.2929,5.6826,5.4230,1,1.491,6.616
1059,DATA_20260318_100000.BIN,2.6127,5.4485,1.8957,5.4485,2.3870,1,0.654,1.306
1060,DATA_20260318_100000.BIN,1.8957,4.6616,1.6215,4.6616,9.3390,1,0.486,1.051
1061,DATA_20260318_100000.BIN,1.6215,6.8272,2.2214,6.8272,7.0950,1,1.197,4.019
1062,DATA_20260318_100000.BIN,2.2214,5.0573,1.9470,5.0573,2.1560,1,1.334,1.397
1063,DATA_20260318_100000.BIN,1.9470,7.4297,2.5838,7.4297,6.1600,1,1.672,1.810
1064,DATA_20260318_100000.BIN,2.5838,7.2862,3.3103,7.2862,3.8720,1,0.821,1.892
1065,DATA_20260318_100000.BIN,0.6828,8.0595,4.9133,8.0595,3.3110,1,1.688,2.685
1066,DATA_20260318_100000.BIN,4.9133,8.5536,3.1971,8.5536,4.1910,1,3.464,3.696
1067,DATA_20260318_100000.BIN,1.6771,6.3095,0.7372,6.3095,7.1060,1,1.318,4.884
1068,DATA_20260318_100000.BIN,1.9506,4.6341,0.9807,4.6341,5.2470,1,2.705,3.403
1069,DATA_20260318_100000.BIN,0.9807,7.4953,0.9347,7.4953,4.5100,1,2.043,2.750
1070,DATA_20260318_100000.BIN,0.9347,7.1362,3.2261,7.1362,4.1690,1,1.684,2.083
1071,DATA_20260318_100000.BIN,1.0892,8.5267,1.2514,8.5267,7.9200,1,2.625,2.643
1072,DATA_20260318_100000.BIN,1.2514,7.3717,4.0783,7.3717,3.4100,1,1.764,4.985
1073,DATA_20260318_100000.BIN,0.5296,4.1357,1.2357,4.1357,2.7720,1,0.800,4.306
1074,DATA_20260318_100000.BIN,1.2357,8.2655,0.8155,8.2655,5.8190,1,1.686,7.503
1075,DATA_20260318_100000.BIN,1.1727,5.1214,0.7334,5.1214,3.4870,1,2.285,3.125
1076,DATA_20260318_100000.BIN,1.1654,10.9131,2.1495,10.9131,5.3240,1,2.077,2.495
1077,DATA_20260318_100000.BIN,1.9048,10.5474,3.2334,10.5474,7.2270,1,3.911,6.855
1078,DATA_20260318_100000.BIN,3.2334,7.8981,1.0896,7.8981,4.3670,1,4.989,6.481
1079,DATA_20260318_100000.BIN,1.0896,6.1155,2.0831,6.1155,2.6510,1,1.883,4.254
1080,DATA_20260318_100000.BIN,0.5639,4.6939,1.3754,4.6939,6.9520,1,1.140,9.531
1081,DATA_20260318_100000.BIN,2.5777,8.1346,5.4645,8.1346,6.4900,1,3.788,7.308
1082,DATA_20260318_100000.BIN,1.4113,5.4211,1.6996,5.4211,2.4970,1,1.930,3.668
1083,DATA_20260318_100000.BIN,5.8181,8.5861,3.2054,8.5861,5.9840,1,7.016,8.152
1084,DATA_20260318_100000.BIN,3.2054,8.3998,5.9842,8.3998,2.8270,1,3.500,4.880
1085,DATA_20260318_100000.BIN,5.5629,12.1802,6.2729,12.1802,9.9220,1,6.007,8.742
1086,DATA_20260318_100000.BIN,3.0730,11.5796,2.3643,11.5796,8.1400,1,4.482,4.559
1087,DATA_20260318_100000.BIN,2.3643,6.4996,1.0845,6.4996,3.7400,1,3.236,3.428
1088,DATA_20260318_100000.BIN,1.0845,7.5600,0.7938,7.5600,5.5000,1,0.482,0.776
1089,DATA_20260318_100000.BIN,0.7938,7.6254,2.8131,7.6254,3.0250,1,0.505,5.602
1090,DATA_20260318_100000.BIN,2.8131,11.8734,7.1919,11.8734,5.7200,1,2.358,2.746
1091,DATA_20260318_100000.BIN,4.7449,10.4493,3.9414,10.4493,4.9170,1,5.252,5.358
1092,DATA_20260318_100000.BIN,3.9414,12.1724,5.7146,12.1724,3.6630,1,3.504,5.141
1093,DATA_20260318_100000.BIN,5.7146,17.0375,0.7631,17.0375,2.8160,1,5.362,5.808
1094,DATA_20260318_100000.BIN,0.7631,15.8589,5.8026,15.8589,5.3790,1,2.348,3.006
1095,DATA_20260318_100000.BIN,5.8026,13.8664,1.6974,13.8664,2.6730,1,5.373,7.942
1096,DATA_20260318_100000.BIN,8.0017,16.0540,6.7344,16.0540,2.9810,1,8.481,11.235
1097,DATA_20260318_100000.BIN,3.6837,11.6909,5.5541,11.6909,2.4090,1,1.802,2.218
1098,DATA_20260318_100000.BIN,5.5541,13.5225,7.2103,13.5225,2.0790,1,8.001,10.743
1099,DATA_20260318_100000.BIN,7.2103,10.9232,4.8207,10.9232,1.6280,1,6.916,7.225
1100,DATA_20260318_100000.BIN,4.8207,8.7397,3.9749,8.7397,1.6940,1,4.898,7.131
1101,DATA_20260318_100000.BIN,3.9749,12.6726,6.5392,12.6726,5.3130,1,5.307,7.050
1102,DATA_20260318_100000.BIN,6.5392,11.7180,1.5652,11.7180,4.7410,1,5.182,5.460
1103,DATA_20260318_100000.BIN,6.4526,10.0920,6.0319,10.0920,5.8960,1,5.124,7.223
1104,DATA_20260318_100000.BIN,6.0319,12.9826,8.1719,12.9826,5.2580,1,3.567,3.639
1105,DATA_20260318_110000.BIN,0.7799,8.7520,2.3889,8.7520,5.9290,1,7.405,7.417
1106,DATA_20260318_110000.BIN,1.9746,8.7071,1.7415,8.7071,3.0030,1,5.872,6.121
1107,DATA_20260318_110000.BIN,3.1208,8.3414,4.0264,8.3414,4.6200,1,6.882,7.057
1108,DATA_20260318_110000.BIN,4.1730,7.9596,3.3464,7.9596,2.0240,1,4.441,4.998
1109,DATA_20260318_110000.BIN,3.3464,7.5209,3.2279,7.5209,2.8050,1,6.169,7.051
1110,DATA_20260318_110000.BIN,3.8315,7.5265,2.1601,7.5265,2.5630,1,6.374,6.523
1111,DATA_20260318_110000.BIN,2.1601,7.9507,4.2724,7.9507,6.5340,1,2.779,2.819
1112,DATA_20260318_110000.BIN,1.8296,9.2190,0.9935,9.2190,7.6340,1,3.078,3.226
1113,DATA_20260318_110000.BIN,0.3458,3.8901,0.5712,3.8901,1.9140,1,3.617,3.770
1114,DATA_20260318_110000.BIN,0.5712,6.3117,2.4265,6.3117,5.5550,1,3.890,3.927
1115,DATA_20260318_110000.BIN,4.4243,8.2862,3.4378,8.2862,3.9490,1,7.864,7.996
1116,DATA_20260318_110000.BIN,3.4378,6.3907,1.4412,6.3907,9.8560,1,1.926,2.876
1117,DATA_20260318_110000.BIN,1.4412,5.5076,2.3047,5.5076,7.3700,1,4.561,5.392
1118,DATA_20260318_110000.BIN,2.3047,11.6926,5.7733,11.6926,9.6800,1,3.825,5.179
1119,DATA_20260318_110000.BIN,5.7733,11.2404,4.2084,11.2404,8.0630,1,5.854,5.875
1120,DATA_20260318_110000.BIN,3.2148,6.1528,2.6107,6.1528,3.2120,1,1.715,1.740
1121,DATA_20260318_110000.BIN,1.9909,6.3180,2.2332,6.3180,4.4660,1,3.875,6.332
1122,DATA_20260318_110000.BIN,0.5567,9.6423,2.7534,9.6423,5.6760,1,2.629,2.806
1123,DATA_20260318_110000.BIN,0.6017,3.5552,0.4449,3.5552,1.7160,1,3.003,5.302
1124,DATA_20260318_110000.BIN,0.4449,4.3744,0.3152,4.3744,1.8370,1,2.050,2.121
1125,DATA_20260318_110000.BIN,0.3152,8.8334,4.4898,8.8334,6.4240,1,1.479,3.069
1126,DATA_20260318_110000.BIN,2.7426,6.3990,2.4640,6.3990,4.9940,1,1.763,1.844
1127,DATA_20260318_110000.BIN,1.2132,6.1961,1.7659,6.1961,6.7430,1,1.135,1.763
1128,DATA_20260318_110000.BIN,1.7659,4.6582,0.5078,4.6582,5.4780,1,2.609,2.828
1129,DATA_20260318_110000.BIN,2.0515,5.2457,0.7123,5.2457,8.8220,1,0.773,2.510
1130,DATA_20260318_110000.BIN,0.7123,6.0620,1.5905,6.0620,2.8930,1,0.710,1.610
1131,DATA_20260318_110000.BIN,0.6482,5.0682,1.4472,5.0682,5.8850,1,1.679,4.816
1132,DATA_20260318_110000.BIN,1.4472,6.1413,1.0949,6.1413,5.7970,1,0.876,2.098
1133,DATA_20260318_110000.BIN,1.6953,5.2367,0.9599,5.2367,2.6510,1,0.846,0.936
1134,DATA_20260318_110000.BIN,0.9599,3.9099,1.2146,3.9099,2.1670,1,1.687,3.525
1135,DATA_20260318_110000.BIN,1.2146,4.4714,0.5534,4.4714,1.8150,1,0.732,1.640
1136,DATA_20260318_110000.BIN,0.5534,5.1510,1.4705,5.1510,3.4980,1,1.760,1.789
1137,DATA_20260318_110000.BIN,0.6368,5.2340,0.7649,5.2340,3.7950,1,1.246,1.895
1138,DATA_20260318_110000.BIN,4.8149,13.4653,7.5889,13.4653,3.0250,1,5.899,8.219
1139,DATA_20260318_110000.BIN,2.4452,5.3188,0.9799,5.3188,6.4350,1,2.669,4.263
1140,DATA_20260318_110000.BIN,1.4690,9.3889,0.6787,9.3889,5.2690,1,3.116,5.262
1141,DATA_20260318_110000.BIN,0.6787,6.1006,0.6054,6.1006,8.4370,1,0.802,6.004
1142,DATA_20260318_110000.BIN,0.6054,6.7420,1.5307,6.7420,4.7190,1,1.456,1.828
1143,DATA_20260318_110000.BIN,0.8129,10.9845,5.2573,10.9845,9.0530,1,0.569,4.793
1144,DATA_20260318_110000.BIN,8.6033,13.8717,8.0867,13.8717,8.9540,1,9.429,10.397
1145,DATA_20260318_110000.BIN,12.9065,16.1165,6.1322,16.1165,3.3440,1,13.543,14.175
1146,DATA_20260318_110000.BIN,6.1322,16.3999,12.6383,16.3999,5.0160,1,4.233,5.778
1147,DATA_20260318_110000.BIN,1.1828,13.3026,8.0498,13.3026,9.2510,1,1.848,2.151
1148,DATA_20260318_110000.BIN,3.7115,7.2092,2.3980,7.2092,1.5180,1,6.368,7.676
1149,DATA_20260318_110000.BIN,2.0624,6.0591,2.8044,6.0591,6.1160,1,4.775,5.202
1150,DATA_20260318_110000.BIN,2.8044,6.6938,0.6062,6.6938,8.0520,1,1.342,4.396
1151,DATA_20260318_110000.BIN,0.6062,4.3176,1.3438,4.3176,2.3210,1,1.460,1.461
1152,DATA_20260318_110000.BIN,1.3438,5.6362,1.1451,5.6362,2.2110,1,3.002,3.022
1153,DATA_20260318_110000.BIN,1.1451,6.6371,1.2422,6.6371,1.6720,1,2.471,3.680
1154,DATA_20260318_110000.BIN,6.6889,9.8836,2.8731,9.8836,4.2350,1,9.075,9.359
1155,DATA_20260318_110000.BIN,2.8731,7.0436,1.8413,7.0436,2.1890,1,3.718,3.793
1156,DATA_20260318_110000.BIN,1.8413,6.2887,0.6567,6.2887,5.1810,1,3.070,3.622
1157,DATA_20260318_110000.BIN,1.4445,8.6175,1.0142,8.6175,5.5660,1,0.942,0.943
1158,DATA_20260318_110000.BIN,1.0142,7.5705,1.0988,7.5705,6.0390,1,0.274,3.569
1159,DATA_20260318_110000.BIN,6.6518,20.7108,6.0058,20.7108,6.1820,1,7.099,7.424
1160,DATA_20260318_110000.BIN,2.9826,6.6920,0.8587,6.6920,4.5320,1,4.328,7.056
1161,DATA_20260318_110000.BIN,0.8587,4.4312,1.8300,4.4312,8.2060,1,1.160,6.134
1162,DATA_20260318_110000.BIN,1.8300,19.5808,1.4978,19.5808,6.2920,1,2.431,4.623
1163,DATA_20260318_110000.BIN,1.4978,10.5421,4.7808,10.5421,7.2820,1,2.478,3.066
1164,DATA_20260318_110000.BIN,4.7808,8.7185,1.4325,8.7185,7.4360,1,5.733,9.696
1165,DATA_20260318_110000.BIN,1.4325,5.4137,0.3650,5.4137,5.6100,1,2.131,2.762
1166,DATA_20260318_110000.BIN,0.8306,8.7843,3.8384,8.7843,4.6310,1,2.530,6.721
1167,DATA_20260318_110000.BIN,3.8384,7.7976,3.0757,7.7976,4.3560,1,4.827,4.836
1168,DATA_20260318_110000.BIN,3.0757,7.2404,1.1889,7.2404,8.0520,1,3.221,3.329
1169,DATA_20260318_110000.BIN,1.1889,7.4572,4.1683,7.4572,3.7840,1,1.545,6.069
1170,DATA_20260318_110000.BIN,4.1683,10.3615,2.4845,10.3615,4.9500,1,5.241,6.233
1171,DATA_20260318_110000.BIN,4.7849,8.8611,1.4247,8.8611,3.9930,1,5.599,5.850
1172,DATA_20260318_110000.BIN,2.1610,5.5165,0.2847,5.5165,3.3770,1,2.853,3.743
1173,DATA_20260318_110000.BIN,0.2847,5.6808,0.6462,5.6808,6.2150,1,0.260,0.847
1174,DATA_20260318_110000.BIN,0.6462,13.1259,1.2480,13.1259,7.6010,1,1.220,4.981
1175,DATA_20260318_110000.BIN,2.0457,5.5438,1.4248,5.5438,6.8750,1,2.108,2.206
1176,DATA_20260318_110000.BIN,1.4248,5.4023,1.2135,5.4023,2.3100,1,0.456,7.873
1177,DATA_20260318_110000.BIN,1.2135,7.3830,0.7310,7.3830,4.1250,1,1.554,1.578
1178,DATA_20260318_110000.BIN,1.6181,6.9289,1.8296,6.9289,1.6940,1,1.720,2.258
1179,DATA_20260318_110000.BIN,2.6053,6.0353,1.6196,6.0353,1.5510,1,2.501,3.716
1180,DATA_20260318_110000.BIN,1.6196,9.9751,0.3643,9.9751,8.1180,1,1.312,3.426
1181,DATA_20260318_110000.BIN,1.7502,5.1753,1.8551,5.1753,3.0030,1,2.043,2.482
1182,DATA_20260318_110000.BIN,1.8551,5.2591,0.4859,5.2591,3.4760,1,1.193,6.311
1183,DATA_20260318_110000.BIN,0.4859,4.2641,0.2714,4.2641,1.2320,1,1.514,3.544
1184,DATA_20260318_110000.BIN,0.2714,11.6441,0.7865,11.6441,7.0840,1,0.656,0.656
1185,DATA_20260318_110000.BIN,0.7865,6.5753,2.1500,6.5753,3.4760,1,0.442,1.276
1186,DATA_20260318_110000.BIN,2.2894,6.9291,1.9766,6.9291,9.1960,1,1.804,2.959
1187,DATA_20260318_110000.BIN,1.9766,8.2186,1.4805,8.2186,7.6890,1,2.198,6.212
1188,DATA_20260318_110000.BIN,1.4805,6.1757,1.0182,6.1757,2.1450,1,1.816,5.021
1189,DATA_20260318_110000.BIN,1.0182,4.8210,1.2333,4.8210,2.7170,1,0.334,2.649
1190,DATA_20260318_110000.BIN,1.2333,9.4404,2.7840,9.4404,4.4440,1,1.068,1.809
1191,DATA_20260318_110000.BIN,2.7840,8.1822,1.1447,8.1822,3.4210,1,2.910,2.918
1192,DATA_20260318_110000.BIN,2.1444,12.4611,1.8301,12.4611,4.7630,1,3.415,3.439
1193,DATA_20260318_110000.BIN,1.2615,9.6451,5.5961,9.6451,6.0280,1,2.005,2.006
1194,DATA_20260318_110000.BIN,5.3671,9.5350,5.4782,9.5350,4.5540,1,6.124,7.294
1195,DATA_20260318_110000.BIN,5.4782,9.6526,3.9225,9.6526,8.7670,1,6.156,9.135
1196,DATA_20260318_110000.BIN,3.9225,8.3062,3.2159,8.3062,2.9150,1,4.109,5.347
1197,DATA_20260318_110000.BIN,2.6005,6.4835,0.7199,6.4835,4.8950,1,3.095,3.564
1198,DATA_20260318_110000.BIN,4.0387,11.4978,4.1815,11.4978,8.0740,1,3.619,5.758
1199,DATA_20260318_110000.BIN,1.2013,7.2543,2.1915,7.2543,4.4990,1,2.068,5.080
1200,DATA_20260318_110000.BIN,2.1915,9.8361,4.6866,9.8361,1.5510,1,2.208,2.266
1201,DATA_20260318_110000.BIN,4.6866,10.1422,3.3695,10.1422,4.3450,1,3.700,3.700
1202,DATA_20260318_110000.BIN,3.3695,8.2245,4.1822,8.2245,1.5180,1,1.607,2.737
1203,DATA_20260318_110000.BIN,4.2579,8.5493,1.9235,8.5493,2.8600,1,3.292,3.293
1204,DATA_20260318_110000.BIN,0.7395,14.3744,4.2068,14.3744,6.7540,1,3.158,3.496
1205,DATA_20260318_110000.BIN,2.3765,13.7349,7.6849,13.7349,2.6510,1,3.007,4.341
1206,DATA_20260318_110000.BIN,4.9881,8.9127,3.2684,8.9127,2.0570,1,3.355,4.278
1207,DATA_20260318_110000.BIN,3.2684,11.3483,6.1719,11.3483,2.9920,1,0.426,9.579
1208,DATA_20260318_110000.BIN,6.1719,9.2108,4.6672,9.2108,1.8260,1,4.932,5.029
1209,DATA_20260318_110000.BIN,4.6672,8.6829,3.5168,8.6829,2.4970,1,2.230,2.920
1210,DATA_20260318_110000.BIN,3.5168,11.8383,5.1445,11.8383,8.8000,1,1.746,1.860
1211,DATA_20260318_110000.BIN,5.4649,8.8501,3.6897,8.8501,3.1240,1,3.146,3.151
1212,DATA_20260318_110000.BIN,5.3104,8.6043,4.3187,8.6043,2.0240,1,3.365,3.371
1213,DATA_20260318_110000.BIN,4.3187,7.5502,5.1731,7.5502,1.7490,1,2.184,2.184
1214,DATA_20260318_110000.BIN,5.1731,8.9798,5.5896,8.9798,1.7050,1,2.729,2.861
1215,DATA_20260318_110000.BIN,1.0085,10.1109,0.9892,10.1109,3.2340,1,2.798,3.338
1216,DATA_20260318_110000.BIN,0.9892,4.9955,0.6874,4.9955,7.4140,1,2.588,6.878
1217,DATA_20260318_110000.BIN,0.6874,4.6614,1.0605,4.6614,2.4420,1,2.757,3.225
1218,DATA_20260318_110000.BIN,0.7213,8.1329,3.2737,8.1329,5.7640,1,2.132,4.565
1219,DATA_20260318_110000.BIN,3.2737,14.0102,5.1648,14.0102,3.3220,1,4.160,5.368
1220,DATA_20260318_110000.BIN,5.1648,10.7985,1.2589,10.7985,7.2600,1,3.776,4.098
1221,DATA_20260318_110000.BIN,1.2589,4.5206,0.4961,4.5206,1.3860,1,4.137,6.872
1222,DATA_20260318_110000.BIN,1.2579,11.5621,5.7769,11.5621,2.6070,1,1.723,3.007
1223,DATA_20260318_110000.BIN,5.7769,20.0751,4.9547,20.0751,9.9990,1,4.790,4.801
1224,DATA_20260318_110000.BIN,4.9547,11.2542,3.0387,11.2542,3.1790,1,6.055,8.699
1225,DATA_20260318_110000.BIN,3.0387,7.0056,0.5127,7.0056,2.1120,1,2.217,4.460
1226,DATA_20260318_110000.BIN,0.5127,37.2839,19.1936,37.2839,8.6680,1,1.937,8.940
1227,DATA_20260318_110000.BIN,19.1936,24.5768,20.2858,24.5768,1.2320,1,14.726,49.181
1228,DATA_20260318_110000.BIN,19.1207,33.8660,7.5021,33.8660,6.5120,1,13.140,41.784
1229,DATA_20260318_110000.BIN,4.1349,8.7162,3.2474,8.7162,7.3700,1,5.347,5.838
1230,DATA_20260318_110000.BIN,3.2474,8.4832,2.7589,8.4832,9.0750,1,1.618,1.631
1231,DATA_20260318_110000.BIN,2.7589,9.7389,2.1665,9.7389,4.7630,1,2.959,4.228
1232,DATA_20260318_110000.BIN,2.1665,10.0095,3.3657,10.0095,7.0070,1,3.115,5.956
1233,DATA_20260318_110000.BIN,1.9571,8.7479,2.3999,8.7479,7.0180,1,4.036,8.467
1234,DATA_20260318_110000.BIN,1.4628,9.6594,5.7679,9.6594,9.4710,1,5.369,6.107
1235,DATA_20260318_110000.BIN,5.7679,11.6107,3.9251,11.6107,6.8640,1,4.156,5.114
1236,DATA_20260318_110000.BIN,3.9251,10.1828,4.5814,10.1828,2.3760,1,0.651,0.852
1237,DATA_20260318_110000.BIN,5.2498,9.6131,1.8991,9.6131,7.7000,1,2.416,2.926
1238,DATA_20260318_110000.BIN,0.3367,4.1069,0.2529,4.1069,9.6030,1,4.707,6.727
1239,DATA_20260318_110000.BIN,0.2529,6.7298,3.2671,6.7298,6.1160,1,4.507,4.790
1240,DATA_20260318_110000.BIN,3.2671,7.4861,2.7840,7.4861,2.9040,1,4.412,5.458
1241,DATA_20260318_110000.BIN,3.9396,10.0475,1.9466,10.0475,2.1340,1,7.689,8.441
1242,DATA_20260318_110000.BIN,1.9466,6.4348,1.9915,6.4348,3.8610,1,2.301,3.423
1243,DATA_20260318_110000.BIN,1.0019,5.0337,1.0866,5.0337,1.5730,1,1.937,2.354
1244,DATA_20260318_110000.BIN,1.9331,6.8095,1.7580,6.8095,2.4970,1,0.816,5.323
1245,DATA_20260318_110000.BIN,1.7580,6.0612,0.1931,6.0612,7.8980,1,2.980,3.141
1246,DATA_20260318_110000.BIN,0.1931,4.6523,1.3513,4.6523,6.1050,1,2.788,6.612
1247,DATA_20260318_110000.BIN,1.3033,5.0761,1.1221,5.0761,4.4220,1,3.148,3.743
1248,DATA_20260318_110000.BIN,0.4260,4.4069,1.6395,4.4069,3.7620,1,2.431,4.228
1249,DATA_20260318_110000.BIN,0.4017,4.8984,1.7849,4.8984,2.7830,1,1.605,2.826
1250,DATA_20260318_110000.BIN,1.4450,6.7946,0.2002,6.7946,5.3130,1,1.060,1.523
1251,DATA_20260318_110000.BIN,0.2002,7.5663,0.5055,7.5663,3.0690,1,1.826,2.722
1252,DATA_20260318_110000.BIN,0.5055,5.4278,0.8639,5.4278,4.2350,1,1.021,2.402
1253,DATA_20260318_110000.BIN,0.4632,5.6630,0.8284,5.6630,4.9610,1,1.036,2.421
1254,DATA_20260318_110000.BIN,0.3011,5.3796,2.9581,5.3796,7.8540,1,0.927,1.758
1255,DATA_20260318_120000.BIN,3.8799,7.2167,1.5693,7.2167,4.5540,1,6.331,6.418
1256,DATA_20260318_120000.BIN,5.7015,7.7625,4.3824,7.7625,2.3760,1,3.615,5.606
1257,DATA_20260318_120000.BIN,4.3824,7.0718,4.7361,7.0718,1.7160,1,5.010,7.046
1258,DATA_20260318_120000.BIN,4.8897,8.1687,5.5530,8.1687,4.3780,1,4.799,4.805
1259,DATA_20260318_120000.BIN,5.5530,11.6544,6.3610,11.6544,5.0820,1,2.558,3.955
1260,DATA_20260318_120000.BIN,7.2161,11.1244,5.5422,11.1244,3.7840,1,0.798,5.667
1261,DATA_20260318_120000.BIN,4.1216,11.9786,4.4466,11.9786,2.1340,1,4.394,5.130
1262,DATA_20260318_120000.BIN,4.4466,7.2167,1.7361,7.2167,2.2880,1,4.589,4.596
1263,DATA_20260318_120000.BIN,1.7361,8.1068,1.4547,8.1068,2.8050,1,7.901,7.925
1264,DATA_20260318_120000.BIN,1.4547,16.7203,5.3925,16.7203,7.4470,1,7.165,7.776
1265,DATA_20260318_120000.BIN,5.3925,25.2407,15.2526,25.2407,4.8840,1,3.593,3.621
1266,DATA_20260318_120000.BIN,21.4806,30.5252,9.7318,30.5252,3.9710,1,18.704,18.724
1267,DATA_20260318_120000.BIN,18.2668,21.3591,1.7679,21.3591,9.9220,1,15.557,18.259
1268,DATA_20260318_120000.BIN,0.8845,3.5026,0.5280,3.5026,2.0790,1,8.919,9.969
1269,DATA_20260318_120000.BIN,0.5280,4.9246,0.5308,4.9246,4.2900,1,8.750,8.751
1270,DATA_20260318_120000.BIN,0.5308,6.3721,1.6254,6.3721,5.3460,1,8.218,8.477
1271,DATA_20260318_120000.BIN,1.6352,5.1376,2.0275,5.1376,3.0140,1,7.469,7.496
1272,DATA_20260318_120000.BIN,1.9986,4.1325,1.8141,4.1325,2.8050,1,3.834,4.140
1273,DATA_20260318_120000.BIN,1.8141,5.9223,0.3054,5.9223,2.8820,1,3.706,3.752
1274,DATA_20260318_120000.BIN,0.3054,10.8119,0.4084,10.8119,6.1380,1,5.444,5.965
1275,DATA_20260318_120000.BIN,0.4084,5.4738,1.3982,5.4738,2.7500,1,4.923,5.588
1276,DATA_20260318_120000.BIN,1.3982,7.5085,1.9968,7.5085,2.2440,1,3.813,3.830
1277,DATA_20260318_120000.BIN,1.9968,5.7701,2.5237,5.7701,3.9820,1,1.588,5.067
1278,DATA_20260318_120000.BIN,3.0013,9.8260,2.5747,9.8260,3.9710,1,0.402,2.227
1279,DATA_20260318_120000.BIN,2.5747,5.2171,1.6708,5.2171,1.3640,1,1.855,3.013
1280,DATA_20260318_120000.BIN,1.6708,4.8003,2.1531,4.8003,1.3750,1,1.673,2.933
1281,DATA_20260318_120000.BIN,2.1531,8.6406,2.0367,8.6406,5.9950,1,1.267,3.042
1282,DATA_20260318_120000.BIN,3.4250,5.4268,1.2419,5.4268,4.1250,1,3.084,3.140
1283,DATA_20260318_120000.BIN,0.4342,3.2732,0.3485,3.2732,5.1150,1,2.710,2.956
1284,DATA_20260318_120000.BIN,0.3485,7.1996,0.6326,7.1996,4.4990,1,2.652,2.830
1285,DATA_20260318_120000.BIN,0.6326,10.4134,2.5376,10.4134,4.2790,1,2.180,3.556
1286,DATA_20260318_120000.BIN,4.4392,11.1997,0.5910,11.1997,4.0590,1,6.890,8.116
1287,DATA_20260318_120000.BIN,0.5910,5.9824,0.2922,5.9824,3.9490,1,2.493,3.385
1288,DATA_20260318_120000.BIN,0.2922,5.1335,2.7812,5.1335,2.5740,1,1.570,2.632
1289,DATA_20260318_120000.BIN,2.7812,6.1191,2.9246,6.1191,2.2330,1,2.019,2.947
1290,DATA_20260318_120000.BIN,1.5827,6.6686,2.8609,6.6686,1.7050,1,3.180,3.279
1291,DATA_20260318_120000.BIN,2.8609,4.5753,1.1410,4.5753,4.4660,1,4.264,4.616
1292,DATA_20260318_120000.BIN,1.1410,3.8012,1.1607,3.8012,2.7500,1,2.093,2.178
1293,DATA_20260318_120000.BIN,1.1607,9.3050,3.0260,9.3050,5.7530,1,3.032,4.829
1294,DATA_20260318_120000.BIN,3.0260,6.1639,0.4983,6.1639,1.2650,1,2.164,11.102
1295,DATA_20260318_120000.BIN,0.4983,5.9140,2.3023,5.9140,1.6720,1,0.416,6.205
1296,DATA_20260318_120000.BIN,2.3023,11.3485,1.0906,11.3485,1.7710,1,3.284,6.925
1297,DATA_20260318_120000.BIN,0.5991,5.1698,0.5634,5.1698,2.7610,1,1.355,2.575
1298,DATA_20260318_120000.BIN,0.5634,5.6749,2.4899,5.6749,5.3020,1,1.324,3.156
1299,DATA_20260318_120000.BIN,2.4899,6.3619,0.7551,6.3619,5.6540,1,3.024,3.422
1300,DATA_20260318_120000.BIN,0.7551,5.4415,0.3556,5.4415,5.9840,1,0.804,1.402
1301,DATA_20260318_120000.BIN,0.3556,6.2852,1.0014,6.2852,4.0920,1,0.695,4.434
1302,DATA_20260318_120000.BIN,0.3262,8.5261,1.1334,8.5261,2.4420,1,0.246,1.538
1303,DATA_20260318_120000.BIN,1.1334,3.5644,0.4654,3.5644,1.5620,1,2.127,5.374
1304,DATA_20260318_120000.BIN,0.4654,4.2906,0.0669,4.2906,4.7960,1,1.534,6.912
1305,DATA_20260318_120000.BIN,0.0669,3.9517,0.5537,3.9517,2.4420,1,0.172,0.556
1306,DATA_20260318_120000.BIN,0.5537,6.0322,3.1901,6.0322,2.4310,1,0.584,0.932
1307,DATA_20260318_120000.BIN,3.1901,5.9759,1.4423,5.9759,1.3750,1,4.364,5.708
1308,DATA_20260318_120000.BIN,1.4423,4.7154,0.5419,4.7154,2.8270,1,1.260,2.553
1309,DATA_20260318_120000.BIN,0.5419,4.9976,0.7975,4.9976,1.3310,1,0.511,0.854
1310,DATA_20260318_120000.BIN,0.7912,5.4608,3.1582,5.4608,4.2020,1,0.998,1.213
1311,DATA_20260318_120000.BIN,3.1582,8.3285,4.6521,8.3285,3.9930,1,3.693,3.851
1312,DATA_20260318_120000.BIN,4.6521,11.3101,4.6235,11.3101,3.4320,1,5.399,5.800
1313,DATA_20260318_120000.BIN,0.9207,6.7227,1.7811,6.7227,4.1030,1,1.097,3.062
1314,DATA_20260318_120000.BIN,1.7811,5.0813,2.0219,5.0813,4.1250,1,1.903,2.304
1315,DATA_20260318_120000.BIN,1.0582,13.9204,10.3108,13.9204,5.3240,1,0.974,2.785
1316,DATA_20260318_120000.BIN,10.3108,16.0381,4.1499,16.0381,5.6650,1,10.548,12.134
1317,DATA_20260318_120000.BIN,4.1499,9.1402,5.4889,9.1402,3.3220,1,3.071,3.443
1318,DATA_20260318_120000.BIN,5.4889,9.3318,4.0484,9.3318,2.2660,1,4.531,4.616
1319,DATA_20260318_120000.BIN,4.0484,9.9954,0.7103,9.9954,4.6420,1,3.261,6.593
1320,DATA_20260318_120000.BIN,0.7103,7.9178,2.1200,7.9178,3.0690,1,2.719,5.447
1321,DATA_20260318_120000.BIN,2.1200,18.0910,0.7959,18.0910,6.5010,1,3.877,3.888
1322,DATA_20260318_120000.BIN,1.8992,7.6679,0.4632,7.6679,1.9360,1,0.355,0.738
1323,DATA_20260318_120000.BIN,0.4632,5.3000,1.5915,5.3000,3.3990,1,3.258,5.491
1324,DATA_20260318_120000.BIN,1.5915,5.9484,0.6966,5.9484,2.3100,1,0.794,0.972
1325,DATA_20260318_120000.BIN,0.6966,4.4552,1.7924,4.4552,1.4080,1,1.738,4.686
1326,DATA_20260318_120000.BIN,1.7924,5.8930,0.8114,5.8930,1.1660,1,1.110,3.165
1327,DATA_20260318_120000.BIN,0.8114,4.9439,2.2323,4.9439,1.1440,1,2.966,3.634
1328,DATA_20260318_120000.BIN,1.4341,5.5208,1.5618,5.5208,1.1000,1,0.656,1.012
1329,DATA_20260318_120000.BIN,1.5618,6.3447,1.4258,6.3447,1.0890,1,0.358,1.083
1330,DATA_20260318_120000.BIN,1.4258,4.9499,0.8242,4.9499,1.0010,1,0.556,0.862
1331,DATA_20260318_120000.BIN,0.8242,6.7997,1.1995,6.7997,1.1880,1,1.042,1.567
1332,DATA_20260318_120000.BIN,1.1995,4.8906,0.9577,4.8906,2.8490,1,1.354,1.963
1333,DATA_20260318_120000.BIN,0.9577,8.0765,4.5732,8.0765,2.1890,1,1.896,3.437
1334,DATA_20260318_120000.BIN,4.5732,8.1137,2.0697,8.1137,1.7270,1,5.748,8.178
1335,DATA_20260318_120000.BIN,2.0697,7.2790,1.2573,7.2790,1.2980,1,3.490,3.501
1336,DATA_20260318_120000.BIN,3.4184,7.1301,2.1464,7.1301,3.2560,1,4.497,4.812
1337,DATA_20260318_120000.BIN,2.1464,5.3415,1.4182,5.3415,1.1440,1,1.970,1.992
1338,DATA_20260318_120000.BIN,1.4182,4.2365,1.1315,4.2365,1.0780,1,0.870,1.751
1339,DATA_20260318_120000.BIN,1.1315,6.2367,3.2228,6.2367,3.2120,1,1.086,1.436
1340,DATA_20260318_120000.BIN,3.2228,7.3524,3.0600,7.3524,1.4520,1,4.826,5.412
1341,DATA_20260318_120000.BIN,3.0600,8.1592,2.7217,8.1592,1.3640,1,4.102,4.562
1342,DATA_20260318_120000.BIN,2.7217,7.3375,1.3355,7.3375,1.1990,1,3.455,4.570
1343,DATA_20260318_120000.BIN,1.3355,6.5091,1.0734,6.5091,1.0780,1,1.401,2.630
1344,DATA_20260318_120000.BIN,1.0734,6.2970,1.4525,6.2970,1.1660,1,0.917,2.366
1345,DATA_20260318_120000.BIN,1.4525,5.5167,0.8910,5.5167,1.1550,1,1.881,2.029
1346,DATA_20260318_120000.BIN,0.8772,6.8011,3.5013,6.8011,1.1990,1,1.842,4.273
1347,DATA_20260318_120000.BIN,1.8301,4.4411,2.1465,4.4411,1.1440,1,2.333,2.600
1348,DATA_20260318_120000.BIN,2.1465,4.3443,2.1577,4.3443,1.0670,1,2.791,2.964
1349,DATA_20260318_120000.BIN,1.4784,4.5631,1.0463,4.5631,5.9730,1,1.414,1.472
1350,DATA_20260318_120000.BIN,1.0197,3.0025,0.7475,3.0025,3.2120,1,1.471,2.455
1351,DATA_20260318_120000.BIN,0.7475,3.5073,0.7430,3.5073,6.4350,1,1.042,1.835
1352,DATA_20260318_120000.BIN,0.4592,3.0214,0.4100,3.0214,2.0130,1,0.631,0.743
1353,DATA_20260318_120000.BIN,0.4100,3.3844,0.9192,3.3844,3.5530,1,0.749,3.300
1354,DATA_20260318_120000.BIN,0.0970,4.0655,0.4163,4.0655,9.3280,1,1.261,4.677
1355,DATA_20260318_120000.BIN,1.6343,3.9501,1.8050,3.9501,3.9600,1,2.674,4.231
1356,DATA_20260318_120000.BIN,1.8050,4.3963,0.3472,4.3963,1.7820,1,2.948,5.067
1357,DATA_20260318_120000.BIN,0.3472,3.3254,0.5722,3.3254,1.3310,1,0.283,1.365
1358,DATA_20260318_120000.BIN,0.5722,4.1996,0.8562,4.1996,4.2790,1,0.779,0.795
1359,DATA_20260318_120000.BIN,0.7030,4.9795,0.9115,4.9795,1.2980,1,0.659,1.592
1360,DATA_20260318_120000.BIN,0.9115,4.6027,0.5616,4.6027,2.2440,1,1.779,4.614
1361,DATA_20260318_120000.BIN,0.5616,7.7084,5.4420,7.7084,4.1140,1,0.582,0.932
1362,DATA_20260318_120000.BIN,1.0624,5.2786,1.2429,5.2786,1.3310,1,1.075,1.687
1363,DATA_20260318_120000.BIN,1.2429,4.3692,1.8710,4.3692,1.2100,1,1.353,1.353
1364,DATA_20260318_120000.BIN,0.4390,5.4789,1.3497,5.4789,2.0350,1,0.168,3.446
1365,DATA_20260318_120000.BIN,1.3497,3.8999,1.6831,3.8999,4.3890,1,1.493,1.558
1366,DATA_20260318_120000.BIN,1.6831,3.3918,0.8229,3.3918,1.2540,1,1.467,1.787
1367,DATA_20260318_120000.BIN,0.8229,4.7726,0.1789,4.7726,1.2650,1,0.453,2.317
1368,DATA_20260318_120000.BIN,3.7005,6.0525,3.9451,6.0525,5.5330,1,5.722,7.475
1369,DATA_20260318_120000.BIN,3.9451,7.5108,4.1498,7.5108,1.7490,1,4.819,5.037
1370,DATA_20260318_120000.BIN,0.9999,4.5650,1.1135,4.5650,1.6610,1,1.263,2.455
1371,DATA_20260318_120000.BIN,1.1135,4.1705,0.4496,4.1705,2.3980,1,0.973,1.366
1372,DATA_20260318_120000.BIN,0.8241,4.2031,1.1648,4.2031,6.1600,1,2.061,4.010
1373,DATA_20260318_120000.BIN,1.1648,3.7371,0.7815,3.7371,1.2540,1,2.365,3.878
1374,DATA_20260318_120000.BIN,0.7815,3.0878,0.4759,3.0878,2.4200,1,1.682,2.348
1375,DATA_20260318_120000.BIN,0.4759,3.4680,0.5311,3.4680,2.2110,1,0.887,0.919
1376,DATA_20260318_120000.BIN,0.5311,4.2244,0.9018,4.2244,1.5730,1,0.744,1.164
1377,DATA_20260318_120000.BIN,0.9018,6.5873,3.8482,6.5873,3.7070,1,0.863,0.870
1378,DATA_20260318_120000.BIN,3.8482,8.1110,1.4055,8.1110,4.2680,1,4.400,4.481
1379,DATA_20260318_120000.BIN,1.4055,3.0571,1.2683,3.0571,3.9710,1,0.839,1.257
1380,DATA_20260318_120000.BIN,1.2683,5.2274,2.0513,5.2274,6.4680,1,1.561,1.673
1381,DATA_20260318_120000.BIN,2.0513,6.6649,0.5581,6.6649,2.4200,1,2.065,2.097
1382,DATA_20260318_120000.BIN,1.2785,6.7345,3.5229,6.7345,4.8510,1,2.431,2.607
1383,DATA_20260318_120000.BIN,1.7900,6.2378,1.2531,6.2378,2.3870,1,2.803,3.829
1384,DATA_20260318_120000.BIN,1.0652,18.0244,0.5105,18.0244,9.5590,1,0.306,2.869
1385,DATA_20260318_120000.BIN,1.5655,6.8795,2.9426,6.8795,3.1020,1,1.211,3.418
1386,DATA_20260318_120000.BIN,2.8476,7.4298,3.6575,7.4298,9.1300,1,3.320,4.047
1387,DATA_20260318_120000.BIN,1.9722,4.8259,2.3787,4.8259,6.3800,1,2.103,2.115
1388,DATA_20260318_120000.BIN,0.2649,5.7328,1.1471,5.7328,3.8610,1,0.432,0.438
1389,DATA_20260318_120000.BIN,1.0773,7.2489,1.9279,7.2489,2.4530,1,0.699,0.699
1390,DATA_20260318_120000.BIN,1.0463,5.9289,1.1559,5.9289,2.4090,1,0.883,2.018
1391,DATA_20260318_120000.BIN,1.1559,5.4790,0.6727,5.4790,4.1910,1,0.635,0.635
1392,DATA_20260318_120000.BIN,0.6727,3.3379,1.5971,3.3379,5.5000,1,0.103,0.494
1393,DATA_20260318_120000.BIN,0.9064,5.3073,1.4555,5.3073,4.2900,1,2.054,2.878
1394,DATA_20260318_120000.BIN,0.4925,3.4563,1.2096,3.4563,1.8150,1,0.959,2.678
1395,DATA_20260318_120000.BIN,1.2096,3.3251,1.5130,3.3251,1.3200,1,1.120,1.332
1396,DATA_20260318_120000.BIN,1.5130,3.6852,0.8488,3.6852,1.2100,1,2.122,2.375
1397,DATA_20260318_120000.BIN,0.8346,3.4676,0.9156,3.4676,4.7410,1,1.623,4.233
1398,DATA_20260318_120000.BIN,0.6734,3.7576,1.4025,3.7576,1.5840,1,1.202,2.001
1399,DATA_20260318_120000.BIN,1.4025,4.9520,1.1242,4.9520,5.7090,1,1.350,1.628
1400,DATA_20260318_120000.BIN,3.0067,11.4489,9.7353,11.4489,3.0470,1,3.088,3.106
1401,DATA_20260318_120000.BIN,10.1691,12.7413,5.3358,12.7413,5.3570,1,10.895,11.290
1402,DATA_20260318_120000.BIN,5.3358,16.4504,10.9514,16.4504,6.1160,1,5.542,7.111
1403,DATA_20260318_120000.BIN,10.9514,14.9521,7.3849,14.9521,7.8760,1,10.493,10.644
1404,DATA_20260318_120000.BIN,7.3849,9.9288,5.3328,9.9288,9.7350,1,5.828,7.780
1405,DATA_20260318_120000.BIN,5.3328,7.0206,2.2011,7.0206,4.5650,1,3.356,3.850
1406,DATA_20260318_120000.BIN,2.2011,4.9981,0.8758,4.9981,3.7400,1,1.581,3.661
1407,DATA_20260318_120000.BIN,0.8758,4.4285,1.7938,4.4285,4.9170,1,3.062,3.293
1408,DATA_20260318_120000.BIN,1.7938,4.5979,2.0923,4.5979,1.2210,1,3.470,3.605
1409,DATA_20260318_120000.BIN,0.6822,4.1902,0.9383,4.1902,1.1330,1,3.733,3.914
1410,DATA_20260318_120000.BIN,0.9383,4.2319,0.8694,4.2319,1.0780,1,2.595,2.795
1411,DATA_20260318_120000.BIN,0.8694,4.5357,1.4896,4.5357,1.1000,1,2.941,3.092
1412,DATA_20260318_120000.BIN,1.4896,5.6094,1.6435,5.6094,1.1330,1,0.620,0.624
1413,DATA_20260318_120000.BIN,1.6435,4.9046,1.3361,4.9046,2.2770,1,0.428,1.301
1414,DATA_20260318_120000.BIN,1.3361,7.1123,1.1594,7.1123,3.5750,1,0.938,6.078
1415,DATA_20260318_120000.BIN,1.1594,5.1115,0.8312,5.1115,1.2100,1,2.671,3.214
1416,DATA_20260318_120000.BIN,0.8312,3.6011,0.7575,3.6011,1.1000,1,2.805,4.178
1417,DATA_20260318_120000.BIN,0.7575,6.8127,0.0627,6.8127,4.8730,1,1.187,2.287
1418,DATA_20260318_120000.BIN,0.0627,10.2081,4.8741,10.2081,3.3330,1,1.770,3.880
1419,DATA_20260318_120000.BIN,4.8741,7.9088,4.5250,7.9088,7.1720,1,4.306,4.623
1420,DATA_20260318_120000.BIN,4.5250,7.0183,4.3143,7.0183,7.7220,1,3.330,4.192
1421,DATA_20260318_120000.BIN,4.3143,14.3711,0.5443,14.3711,7.1280,1,2.854,2.857
1422,DATA_20260318_120000.BIN,2.2155,15.1800,5.2159,15.1800,3.4210,1,1.198,3.522
1423,DATA_20260318_120000.BIN,5.2159,10.2013,4.4676,10.2013,4.0370,1,4.015,6.877
1424,DATA_20260318_120000.BIN,3.1716,8.0941,4.1514,8.0941,2.7060,1,3.201,3.538
1425,DATA_20260318_120000.BIN,6.1003,9.4622,5.1400,9.4622,1.1550,1,5.070,5.347
1426,DATA_20260318_120000.BIN,5.1400,8.4869,5.2481,8.4869,1.1770,1,2.742,3.301
1427,DATA_20260318_120000.BIN,5.2481,8.8099,4.3433,8.8099,1.2540,1,2.596,3.329
1428,DATA_20260318_120000.BIN,4.3433,7.7995,1.1375,7.7995,2.5520,1,1.469,1.474
1429,DATA_20260318_120000.BIN,2.4986,5.7426,1.9983,5.7426,1.4080,1,7.188,8.123
1430,DATA_20260318_120000.BIN,1.9983,5.9220,2.2617,5.9220,1.4630,1,3.495,6.128
1431,DATA_20260318_120000.BIN,2.2617,11.9437,2.2775,11.9437,2.4640,1,2.765,2.993
1432,DATA_20260318_120000.BIN,2.2775,7.0219,3.0839,7.0219,2.2110,1,3.985,4.034
1433,DATA_20260318_120000.BIN,3.0839,7.6198,4.4921,7.6198,2.2000,1,1.302,2.120
1434,DATA_20260318_120000.BIN,4.4921,13.8737,1.1684,13.8737,3.3770,1,3.410,4.694
1435,DATA_20260318_120000.BIN,1.1684,3.8451,1.2585,3.8451,2.5190,1,2.908,3.992
1436,DATA_20260318_120000.BIN,1.2585,6.2190,2.1627,6.2190,1.9910,1,2.697,4.209
1437,DATA_20260318_120000.BIN,2.1627,10.3792,0.7684,10.3792,8.2720,1,3.851,7.544
1438,DATA_20260318_120000.BIN,0.7684,9.4215,0.7630,9.4215,4.8180,1,2.589,3.294
1439,DATA_20260318_120000.BIN,0.7630,3.0362,0.5687,3.0362,2.3980,1,2.299,2.641
1440,DATA_20260318_120000.BIN,2.6713,5.3273,1.7475,5.3273,1.9030,1,2.256,3.953
1441,DATA_20260318_120000.BIN,1.7475,5.6521,0.8717,5.6521,4.4770,1,0.826,2.351
1442,DATA_20260318_120000.BIN,0.8717,4.9475,1.5441,4.9475,1.0560,1,2.584,2.667
1443,DATA_20260318_120000.BIN,1.0734,4.9360,0.5421,4.9360,2.4530,1,1.469,3.301
1444,DATA_20260318_120000.BIN,0.5421,3.9980,1.5930,3.9980,1.2100,1,1.345,5.518
1445,DATA_20260318_120000.BIN,1.5930,5.6119,0.2980,5.6119,3.7730,1,1.937,5.105
1446,DATA_20260318_120000.BIN,0.2980,6.2640,0.6691,6.2640,1.7050,1,1.795,3.525
1447,DATA_20260318_120000.BIN,0.6691,3.3530,0.5049,3.3530,4.3890,1,1.539,5.563
1448,DATA_20260318_120000.BIN,0.5049,5.7079,1.6144,5.7079,4.6640,1,1.809,3.370
1449,DATA_20260318_120000.BIN,1.6144,8.9251,2.6654,8.9251,2.5850,1,2.484,2.697
1450,DATA_20260318_120000.BIN,2.7242,10.9104,2.3345,10.9104,4.5320,1,2.392,5.697
1451,DATA_20260318_120000.BIN,1.0064,9.6278,0.7427,9.6278,5.4450,1,1.323,1.708
1452,DATA_20260318_120000.BIN,0.7427,16.1075,0.7814,16.1075,5.9070,1,1.767,2.194
1453,DATA_20260318_120000.BIN,0.7814,3.4623,0.1112,3.4623,1.7820,1,1.055,2.681
1454,DATA_20260318_120000.BIN,1.8315,6.5393,1.5863,6.5393,2.9260,1,2.191,2.829
1455,DATA_20260318_120000.BIN,1.5863,11.2071,1.5364,11.2071,5.4890,1,1.931,2.886
1456,DATA_20260318_120000.BIN,1.5364,6.0093,2.1545,6.0093,8.3160,1,1.470,2.380
1457,DATA_20260318_120000.BIN,2.1545,11.2504,0.8294,11.2504,4.8730,1,1.944,2.206
1458,DATA_20260318_120000.BIN,0.8294,6.4497,2.4551,6.4497,1.3420,1,2.330,7.164
1459,DATA_20260318_120000.BIN,2.4551,6.4967,1.0256,6.4967,1.2540,1,2.788,3.138
1460,DATA_20260318_120000.BIN,1.0256,6.4988,1.5771,6.4988,4.1580,1,0.398,0.399
1461,DATA_20260318_120000.BIN,1.5771,4.5964,0.9475,4.5964,3.0910,1,1.979,5.630
1462,DATA_20260318_120000.BIN,0.8785,8.5421,2.7374,8.5421,5.8850,1,1.009,1.520
1463,DATA_20260318_120000.BIN,2.7374,5.6479,2.5370,5.6479,1.3090,1,2.341,2.344
1464,DATA_20260318_120000.BIN,2.5370,5.1910,1.3112,5.1910,4.2020,1,1.964,2.052
1465,DATA_20260318_120000.BIN,1.4643,6.5644,1.5007,6.5644,2.5410,1,0.559,0.560
1466,DATA_20260318_120000.BIN,1.5007,7.1865,1.0548,7.1865,4.6420,1,0.990,2.562
1467,DATA_20260318_120000.BIN,1.0548,3.7735,0.8959,3.7735,1.3090,1,2.463,2.879
1468,DATA_20260318_120000.BIN,0.8959,3.4001,1.1947,3.4001,2.8600,1,1.277,1.824
1469,DATA_20260318_120000.BIN,1.4581,7.1375,1.6941,7.1375,4.4220,1,1.980,1.982
1470,DATA_20260318_120000.BIN,1.6941,6.9213,0.3638,6.9213,1.6720,1,2.264,4.627
1471,DATA_20260318_120000.BIN,0.3638,6.5803,3.1786,6.5803,1.1330,1,0.925,2.348
1472,DATA_20260318_120000.BIN,3.5327,7.2538,1.4293,7.2538,1.4080,1,4.144,4.163
1473,DATA_20260318_120000.BIN,1.4293,5.2622,0.9679,5.2622,1.0780,1,1.939,2.871
1474,DATA_20260318_120000.BIN,0.9679,5.0367,1.6169,5.0367,2.3760,1,0.613,2.341
1475,DATA_20260318_120000.BIN,1.6169,5.0577,1.8013,5.0577,1.9140,1,0.990,1.002
1476,DATA_20260318_120000.BIN,1.8013,9.1656,2.6976,9.1656,3.1460,1,2.935,2.935
1477,DATA_20260318_120000.BIN,2.6976,6.9936,3.5631,6.9936,3.8280,1,2.938,2.983
1478,DATA_20260318_120000.BIN,3.5631,6.8481,4.2506,6.8481,1.4960,1,3.575,3.963
1479,DATA_20260318_120000.BIN,2.6546,3.9289,0.8818,3.9289,3.4760,1,2.703,3.084
1480,DATA_20260318_120000.BIN,0.8818,3.7550,1.1062,3.7550,2.4090,1,2.757,5.139
1481,DATA_20260318_120000.BIN,1.1062,6.1950,0.5504,6.1950,2.3320,1,0.216,2.403
1482,DATA_20260318_120000.BIN,0.5504,5.8011,2.4516,5.8011,2.5740,1,1.432,2.200
1483,DATA_20260318_120000.BIN,2.0316,4.5037,1.8900,4.5037,1.2980,1,2.099,2.522
1484,DATA_20260318_120000.BIN,1.8900,4.1787,1.7965,4.1787,1.1990,1,1.767,1.820
1485,DATA_20260318_120000.BIN,1.7965,4.2269,1.4217,4.2269,2.4090,1,1.837,1.841
1486,DATA_20260318_120000.BIN,2.0054,4.5015,1.9296,4.5015,1.2870,1,1.399,1.442
1487,DATA_20260318_120000.BIN,2.0837,5.0973,1.2256,5.0973,5.9950,1,1.249,2.553
1488,DATA_20260318_120000.BIN,1.2256,7.2625,0.1757,7.2625,6.0720,1,1.470,1.505
1489,DATA_20260318_120000.BIN,0.1757,3.3920,1.1306,3.3920,1.2100,1,1.134,1.827
1490,DATA_20260318_120000.BIN,1.1306,4.6481,1.6907,4.6481,1.2540,1,1.043,1.049
1491,DATA_20260318_120000.BIN,1.6907,4.9829,0.5829,4.9829,1.1880,1,1.868,1.916
1492,DATA_20260318_120000.BIN,0.5829,5.0099,0.7834,5.0099,1.2210,1,0.624,0.674
1493,DATA_20260318_120000.BIN,0.7834,3.7130,1.2327,3.7130,1.1110,1,0.561,1.037
1494,DATA_20260318_120000.BIN,1.9057,3.9012,0.9055,3.9012,1.2210,1,1.230,1.238
1495,DATA_20260318_120000.BIN,1.7145,9.0359,5.3953,9.0359,3.8060,1,0.893,0.919
1496,DATA_20260318_120000.BIN,3.3600,5.9417,0.5197,5.9417,3.8720,1,2.929,3.904
1497,DATA_20260318_120000.BIN,0.5197,3.9782,1.0006,3.9782,4.8620,1,1.747,1.748
1498,DATA_20260318_120000.BIN,1.0006,5.1161,0.4856,5.1161,7.4250,1,1.127,2.631
1499,DATA_20260318_120000.BIN,0.3521,2.6780,0.2479,2.6780,1.5070,1,1.198,4.304
1500,DATA_20260318_120000.BIN,0.2479,2.6855,0.6095,2.6855,4.0590,1,0.701,3.628
1501,DATA_20260318_120000.BIN,0.6095,2.7139,0.6582,2.7139,6.0170,1,1.002,1.024
1502,DATA_20260318_120000.BIN,0.6582,3.6457,0.5791,3.6457,4.4220,1,1.355,2.228
1503,DATA_20260318_120000.BIN,1.3122,6.5531,4.0654,6.5531,1.1550,1,1.706,2.816
1504,DATA_20260318_120000.BIN,4.0654,7.1010,2.6972,7.1010,1.3090,1,4.775,5.248
1505,DATA_20260318_120000.BIN,2.6972,5.6501,1.4528,5.6501,1.3420,1,2.314,2.453
1506,DATA_20260318_120000.BIN,1.4528,5.7017,2.6783,5.7017,3.9710,1,1.087,1.146
1507,DATA_20260318_120000.BIN,1.8781,3.7856,0.5376,3.7856,1.2540,1,1.385,1.839
1508,DATA_20260318_120000.BIN,1.0597,3.4690,0.1360,3.4690,1.3750,1,2.538,2.554
1509,DATA_20260318_120000.BIN,0.1360,4.0337,1.9433,4.0337,1.4410,1,0.790,4.249
1510,DATA_20260318_120000.BIN,1.9433,5.1148,2.2408,5.1148,2.0790,1,1.849,4.329
1511,DATA_20260318_120000.BIN,2.2408,4.9433,0.7763,4.9433,4.9500,1,1.871,6.659
1512,DATA_20260318_120000.BIN,0.7763,3.7016,2.0112,3.7016,3.1900,1,1.247,4.173
1513,DATA_20260318_120000.BIN,2.0112,3.7399,0.9732,3.7399,4.6310,1,3.787,4.308
1514,DATA_20260318_120000.BIN,0.9732,3.5369,0.9510,3.5369,3.2230,1,1.641,1.886
1515,DATA_20260318_120000.BIN,0.9510,3.2258,1.3553,3.2258,3.3770,1,1.909,2.191
1516,DATA_20260318_120000.BIN,1.4058,3.9984,0.5887,3.9984,2.0680,1,2.196,2.222
1517,DATA_20260318_120000.BIN,0.5887,6.6436,3.8624,6.6436,1.6280,1,0.389,3.721
1518,DATA_20260318_120000.BIN,0.4853,3.3568,0.5861,3.3568,2.4420,1,0.785,3.364
1519,DATA_20260318_120000.BIN,0.4091,2.5808,0.4419,2.5808,1.4630,1,0.739,1.248
1520,DATA_20260318_120000.BIN,0.4419,4.9726,0.8641,4.9726,5.7200,1,0.757,0.872
1521,DATA_20260318_120000.BIN,0.8641,4.2028,1.5402,4.2028,2.0680,1,1.363,2.000
1522,DATA_20260318_120000.BIN,1.5402,8.3423,0.1231,8.3423,2.5740,1,1.915,1.916
1523,DATA_20260318_120000.BIN,0.1231,5.8025,2.4296,5.8025,1.7930,1,0.192,0.405
1524,DATA_20260318_120000.BIN,2.4296,4.6763,0.3639,4.6763,1.6830,1,2.850,2.884
1525,DATA_20260318_120000.BIN,0.3639,4.1747,0.7606,4.1747,1.5950,1,0.690,3.161
1526,DATA_20260318_120000.BIN,0.7606,7.2188,0.6511,7.2188,5.9510,1,0.121,2.902
1527,DATA_20260318_120000.BIN,0.6511,3.7967,1.1934,3.7967,4.5980,1,0.641,2.171
1528,DATA_20260318_120000.BIN,1.1934,4.8574,0.5311,4.8574,6.6550,1,1.601,2.813
1529,DATA_20260318_120000.BIN,0.5311,6.4527,1.6995,6.4527,3.8720,1,0.300,3.097
1530,DATA_20260318_120000.BIN,1.6995,4.0961,1.0734,4.0961,4.2130,1,2.345,2.713
1531,DATA_20260318_120000.BIN,1.7447,10.1225,2.4005,10.1225,2.8710,1,1.644,5.536
1532,DATA_20260318_120000.BIN,2.4005,5.1845,0.6133,5.1845,2.1230,1,3.067,4.560
1533,DATA_20260318_120000.BIN,0.6133,14.8629,0.4718,14.8629,7.3920,1,1.534,3.626
1534,DATA_20260318_120000.BIN,0.6344,3.8597,1.5548,3.8597,3.9270,1,1.028,1.622
1535,DATA_20260318_120000.BIN,1.5548,6.6457,0.6127,6.6457,3.2450,1,1.951,2.608
1536,DATA_20260318_120000.BIN,0.6127,3.0376,0.6440,3.0376,4.2020,1,0.811,2.032
1537,DATA_20260318_120000.BIN,0.4352,3.0382,0.2640,3.0382,3.3660,1,0.414,2.370
1538,DATA_20260318_120000.BIN,0.2640,3.5892,1.6271,3.5892,6.2920,1,0.548,2.610
1539,DATA_20260318_120000.BIN,1.0077,4.4853,0.3762,4.4853,1.2870,1,1.879,3.432
1540,DATA_20260318_120000.BIN,0.3762,5.0748,1.6281,5.0748,0.9900,1,0.525,4.383
1541,DATA_20260318_120000.BIN,1.6281,5.0491,1.5445,5.0491,1.1000,1,1.208,3.314
1542,DATA_20260318_120000.BIN,1.5445,4.5239,0.2555,4.5239,0.9350,1,1.348,1.512
1543,DATA_20260318_120000.BIN,0.2555,6.7250,2.9679,6.7250,1.2760,1,0.791,3.203
1544,DATA_20260318_120000.BIN,2.9679,8.9812,2.5280,8.9812,1.3090,1,4.115,4.939
1545,DATA_20260318_120000.BIN,2.5280,7.7245,4.8933,7.7245,1.3090,1,2.963,3.065
1546,DATA_20260318_120000.BIN,4.8933,7.0913,1.0946,7.0913,2.2220,1,5.359,5.376
1547,DATA_20260318_120000.BIN,1.0946,4.4797,1.8817,4.4797,1.2540,1,1.487,2.922
1548,DATA_20260318_120000.BIN,1.8817,6.1289,0.7862,6.1289,2.5520,1,2.247,2.311
1549,DATA_20260318_120000.BIN,0.7862,6.2042,0.7047,6.2042,2.5740,1,1.416,2.021
1550,DATA_20260318_120000.BIN,1.2019,3.6976,0.8460,3.6976,1.3640,1,0.646,4.697
1551,DATA_20260318_120000.BIN,1.2866,4.0237,0.6633,4.0237,2.5080,1,2.616,6.576
1552,DATA_20260318_120000.BIN,0.6633,4.9255,1.1365,4.9255,1.3750,1,0.743,3.725
1553,DATA_20260318_120000.BIN,0.1789,2.6982,0.0687,2.6982,7.3480,1,0.440,0.691
1554,DATA_20260318_120000.BIN,0.0687,3.3362,0.6465,3.3362,4.4000,1,0.792,3.576
1555,DATA_20260318_120000.BIN,0.1577,4.3533,0.5321,4.3533,3.7840,1,0.485,0.969
1556,DATA_20260318_120000.BIN,0.5321,2.2044,0.6656,2.2044,7.4360,1,0.676,1.279
1557,DATA_20260318_120000.BIN,1.0468,7.2892,4.0004,7.2892,4.0480,1,1.246,1.721
1558,DATA_20260318_120000.BIN,4.0004,6.8883,3.5895,6.8883,3.1460,1,5.092,5.734
1559,DATA_20260318_120000.BIN,3.5895,14.6202,7.0956,14.6202,4.1470,1,3.896,4.061
1560,DATA_20260318_120000.BIN,8.3528,11.3211,3.5219,11.3211,5.5220,1,9.080,9.087
1561,DATA_20260318_120000.BIN,3.5219,9.2517,1.0062,9.2517,3.2010,1,2.911,4.181
1562,DATA_20260318_120000.BIN,1.0062,3.2301,1.0414,3.2301,3.3770,1,0.472,1.603
1563,DATA_20260318_120000.BIN,1.0414,5.1522,1.7178,5.1522,2.9700,1,1.136,3.431
1564,DATA_20260318_120000.BIN,1.7178,9.5808,1.3264,9.5808,2.9810,1,2.673,2.691
1565,DATA_20260318_120000.BIN,1.3264,6.8999,2.8136,6.8999,1.9690,1,1.748,3.048
1566,DATA_20260318_120000.BIN,2.8136,5.6644,3.0484,5.6644,1.1660,1,2.559,2.898
1567,DATA_20260318_120000.BIN,3.0484,5.7703,1.5539,5.7703,1.8260,1,2.496,3.987
1568,DATA_20260318_120000.BIN,1.5539,5.0768,1.1930,5.0768,1.1440,1,1.871,3.837
1569,DATA_20260318_120000.BIN,1.1930,4.2103,0.6536,4.2103,1.5180,1,0.656,3.300
1570,DATA_20260318_120000.BIN,0.6536,4.6226,1.1554,4.6226,1.1550,1,0.761,0.810
1571,DATA_20260318_120000.BIN,0.8252,4.1401,0.6510,4.1401,1.2100,1,2.547,2.573
1572,DATA_20260318_120000.BIN,1.9687,4.4091,0.9260,4.4091,1.9140,1,2.533,5.994
1573,DATA_20260318_120000.BIN,0.9260,5.5377,2.0430,5.5377,2.2440,1,1.538,3.744
1574,DATA_20260318_120000.BIN,1.7461,7.0746,2.5133,7.0746,2.9260,1,1.884,2.074
1575,DATA_20260318_120000.BIN,2.0337,4.4989,1.4383,4.4989,1.1330,1,3.090,3.248
1576,DATA_20260318_120000.BIN,1.4383,5.7016,1.9516,5.7016,1.1330,1,1.507,1.574
1577,DATA_20260318_120000.BIN,1.9516,5.9090,0.8715,5.9090,2.2220,1,1.626,1.661
1578,DATA_20260318_120000.BIN,4.8049,8.6666,3.4678,8.6666,1.0780,1,5.071,5.551
1579,DATA_20260318_120000.BIN,1.5840,5.7741,0.2026,5.7741,1.1660,1,1.554,1.554
1580,DATA_20260318_120000.BIN,0.2026,4.9064,0.3834,4.9064,1.0230,1,1.765,1.928
1581,DATA_20260318_120000.BIN,0.3834,4.4426,0.2708,4.4426,1.0230,1,1.395,2.092
1582,DATA_20260318_120000.BIN,0.2708,12.5851,4.1503,12.5851,5.2250,1,1.214,1.385
1583,DATA_20260318_120000.BIN,0.6559,3.3358,0.6285,3.3358,1.4190,1,0.383,0.722
1584,DATA_20260318_120000.BIN,0.9573,5.2662,2.4172,5.2662,2.6180,1,0.156,0.930
1585,DATA_20260318_120000.BIN,2.4172,5.5321,0.2609,5.5321,1.3750,1,2.999,3.001
1586,DATA_20260318_120000.BIN,0.2609,9.2791,3.3548,9.2791,2.3870,1,0.655,1.857
1587,DATA_20260318_120000.BIN,3.3548,11.5882,3.6638,11.5882,2.7610,1,2.989,3.029
1588,DATA_20260318_120000.BIN,3.6638,7.4983,2.4380,7.4983,1.3090,1,4.041,5.012
1589,DATA_20260318_120000.BIN,0.0690,5.2012,1.3458,5.2012,2.3540,1,1.956,4.005
1590,DATA_20260318_120000.BIN,1.3458,10.8119,0.6811,10.8119,1.7710,1,1.509,5.868
1591,DATA_20260318_120000.BIN,1.1701,3.9021,0.9935,3.9021,1.1990,1,0.580,2.333
1592,DATA_20260318_120000.BIN,0.9935,4.6205,1.8478,4.6205,2.0900,1,1.764,2.966
1593,DATA_20260318_120000.BIN,0.4517,5.0944,0.2549,5.0944,2.1890,1,1.548,1.891
1594,DATA_20260318_120000.BIN,3.7373,6.1838,3.7421,6.1838,1.8260,1,4.318,5.070
1595,DATA_20260318_120000.BIN,2.5652,7.5049,2.2177,7.5049,3.4760,1,2.080,2.141
1596,DATA_20260318_120000.BIN,0.3805,5.2718,2.1570,5.2718,2.7610,1,1.261,2.130
1597,DATA_20260318_120000.BIN,2.1570,4.6549,1.1717,4.6549,1.1880,1,3.573,3.919
1598,DATA_20260318_120000.BIN,1.1717,4.2396,0.9482,4.2396,3.4430,1,1.840,3.088
1599,DATA_20260318_120000.BIN,3.7919,6.6954,4.3571,6.6954,1.4740,1,3.918,4.657
1600,DATA_20260318_120000.BIN,4.4947,6.2300,3.3908,6.2300,4.9390,1,4.282,4.348
1601,DATA_20260318_120000.BIN,3.3908,6.4762,2.5583,6.4762,1.7490,1,2.817,4.210
1602,DATA_20260318_120000.BIN,2.5583,5.0793,2.5116,5.0793,1.6280,1,1.399,2.687
1603,DATA_20260318_120000.BIN,4.7170,6.8603,2.4305,6.8603,9.1190,1,3.789,3.900
1604,DATA_20260318_120000.BIN,2.4305,7.9042,4.6242,7.9042,4.0040,1,0.548,2.424
1605,DATA_20260318_120000.BIN,0.6279,3.0778,0.2217,3.0778,2.1450,1,2.468,2.468
1606,DATA_20260318_120000.BIN,0.2217,5.3096,2.0959,5.3096,3.4540,1,2.158,2.158
1607,DATA_20260318_120000.BIN,2.0959,8.4291,5.0946,8.4291,3.5200,1,2.144,2.600
1608,DATA_20260318_120000.BIN,5.0946,9.7245,1.1997,9.7245,2.9370,1,4.248,4.272
1609,DATA_20260318_120000.BIN,1.1997,7.0373,3.5673,7.0373,2.5300,1,0.854,3.251
1610,DATA_20260318_120000.BIN,3.5673,7.0738,4.3023,7.0738,1.5730,1,2.209,3.621
1611,DATA_20260318_120000.BIN,4.3023,7.3292,1.0061,7.3292,2.0900,1,2.330,5.244
1612,DATA_20260318_120000.BIN,1.0061,12.0612,3.2447,12.0612,5.7310,1,2.929,5.277
1613,DATA_20260318_120000.BIN,3.2447,7.7956,2.7352,7.7956,7.9640,1,1.192,3.113
1614,DATA_20260318_120000.BIN,2.7352,11.3376,5.0314,11.3376,4.1800,1,1.103,3.313
1615,DATA_20260318_120000.BIN,5.0314,9.8588,4.9515,9.8588,2.1670,1,4.261,7.572
1616,DATA_20260318_120000.BIN,2.8761,7.7133,4.5520,7.7133,3.3770,1,0.945,5.953
1617,DATA_20260318_120000.BIN,4.5520,9.3456,4.8169,9.3456,2.0350,1,6.562,8.213
1618,DATA_20260318_120000.BIN,4.8169,8.6857,1.6497,8.6857,3.0360,1,3.553,7.551
1619,DATA_20260318_120000.BIN,1.6497,4.8915,2.4521,4.8915,2.7940,1,1.116,5.274
1620,DATA_20260318_120000.BIN,2.4521,5.6078,3.3155,5.6078,2.4090,1,1.048,2.167
1621,DATA_20260318_120000.BIN,3.8216,7.4922,4.8777,7.4922,5.9510,1,1.663,2.777
1622,DATA_20260318_120000.BIN,4.8777,12.9706,8.5853,12.9706,2.4090,1,3.414,3.643
1623,DATA_20260318_120000.BIN,8.5853,14.3836,1.6327,14.3836,6.3140,1,7.109,7.424
1624,DATA_20260318_120000.BIN,1.6327,5.0602,1.4885,5.0602,2.0460,1,1.972,3.449
1625,DATA_20260318_120000.BIN,1.4885,6.1949,1.9667,6.1949,3.7180,1,2.000,3.957
1626,DATA_20260318_120000.BIN,3.5514,10.1576,7.0869,10.1576,2.6840,1,0.720,1.807
1627,DATA_20260318_120000.BIN,2.9880,5.9112,1.7648,5.9112,3.4210,1,0.212,3.185
1628,DATA_20260318_120000.BIN,1.7648,8.8117,4.0395,8.8117,4.0150,1,2.297,5.294
1629,DATA_20260318_120000.BIN,4.0395,8.3036,4.4608,8.3036,1.1770,1,1.351,1.738
1630,DATA_20260318_120000.BIN,5.0156,9.2307,6.5611,9.2307,1.3200,1,3.212,4.813
1631,DATA_20260318_120000.BIN,5.1510,8.5537,5.5362,8.5537,3.1680,1,3.664,4.601
1632,DATA_20260318_120000.BIN,3.0108,7.0566,3.7069,7.0566,2.1780,1,0.874,2.098
1633,DATA_20260318_120000.BIN,3.7069,7.4008,1.3458,7.4008,3.1130,1,6.125,9.271
1634,DATA_20260318_120000.BIN,1.1143,4.8626,0.7015,4.8626,4.0810,1,4.023,10.055
1635,DATA_20260318_120000.BIN,0.7015,5.5974,1.8039,5.5974,3.5640,1,2.866,4.933
1636,DATA_20260318_120000.BIN,1.8039,4.3109,1.4320,4.3109,2.1120,1,0.989,5.529
1637,DATA_20260318_120000.BIN,1.4320,4.3249,2.6456,4.3249,6.0060,1,1.410,1.547
1638,DATA_20260318_120000.BIN,2.6456,6.5664,3.9926,6.5664,2.8490,1,0.326,1.244
1639,DATA_20260318_120000.BIN,3.0181,8.2407,2.1924,8.2407,1.8480,1,0.798,1.913
1640,DATA_20260318_120000.BIN,2.1924,4.7146,2.9008,4.7146,1.4300,1,1.302,3.956
1641,DATA_20260318_120000.BIN,2.9008,5.8942,3.5315,5.8942,2.3870,1,2.991,3.090
1642,DATA_20260318_120000.BIN,3.5315,6.9332,2.5650,6.9332,3.1790,1,1.668,2.926
1643,DATA_20260318_120000.BIN,2.5650,5.1948,1.7152,5.1948,2.7060,1,0.294,2.345
1644,DATA_20260318_120000.BIN,1.7152,4.5680,2.5218,4.5680,1.3970,1,1.922,5.763
1645,DATA_20260318_120000.BIN,3.3950,5.5279,2.0067,5.5279,2.1010,1,1.542,5.411
1646,DATA_20260318_120000.BIN,2.0067,7.4080,2.1130,7.4080,4.7960,1,1.888,3.409
1647,DATA_20260318_120000.BIN,2.1130,5.5151,2.6051,5.5151,1.8040,1,2.467,2.535
1648,DATA_20260318_120000.BIN,2.6051,7.2699,0.4749,7.2699,2.9370,1,0.798,1.079
1649,DATA_20260318_120000.BIN,0.4749,7.2565,1.4426,7.2565,4.1910,1,3.077,3.620
1650,DATA_20260318_120000.BIN,1.4426,7.4701,1.8192,7.4701,8.4150,1,1.423,1.531
1651,DATA_20260318_130000.BIN,1.0287,6.0760,2.2543,6.0760,3.6520,1,8.330,8.330
1652,DATA_20260318_130000.BIN,2.2543,3.8372,1.9825,3.8372,1.4080,1,8.967,10.812
1653,DATA_20260318_130000.BIN,6.9860,9.2337,3.1239,9.2337,1.9470,1,8.542,8.752
1654,DATA_20260318_130000.BIN,3.1239,8.2419,0.8209,8.2419,1.6720,1,5.286,5.407
1655,DATA_20260318_130000.BIN,0.8209,5.1972,1.2770,5.1972,2.7720,1,3.998,7.011
1656,DATA_20260318_130000.BIN,1.2770,6.1071,0.2046,6.1071,2.7390,1,5.906,6.180
1657,DATA_20260318_130000.BIN,0.2046,10.8572,2.4502,10.8572,4.1360,1,4.012,6.283
1658,DATA_20260318_130000.BIN,2.4502,10.5044,0.6424,10.5044,2.3870,1,1.003,3.638
1659,DATA_20260318_130000.BIN,0.6424,10.5740,0.9761,10.5740,5.5660,1,3.918,4.467
1660,DATA_20260318_130000.BIN,0.9761,11.0682,2.2009,11.0682,3.0580,1,2.464,9.441
1661,DATA_20260318_130000.BIN,2.2009,6.6792,2.4298,6.6792,1.3750,1,3.355,6.016
1662,DATA_20260318_130000.BIN,2.4298,6.0260,0.5300,6.0260,2.7940,1,1.497,1.576
1663,DATA_20260318_130000.BIN,0.5300,9.3114,3.2904,9.3114,3.9930,1,1.903,3.039
1664,DATA_20260318_130000.BIN,3.2390,6.7409,1.2834,6.7409,1.3640,1,2.262,2.264
1665,DATA_20260318_130000.BIN,1.2834,10.9524,6.5760,10.9524,3.4870,1,3.372,4.089
1666,DATA_20260318_130000.BIN,6.5760,8.3493,3.9459,8.3493,9.1850,1,6.600,6.617
1667,DATA_20260318_130000.BIN,3.9459,6.4429,0.8476,6.4429,3.2340,1,4.532,4.917
1668,DATA_20260318_130000.BIN,0.8476,4.9491,0.7315,4.9491,3.4430,1,3.197,3.222
1669,DATA_20260318_130000.BIN,1.2563,3.6939,1.0851,3.6939,1.3750,1,1.617,2.379
1670,DATA_20260318_130000.BIN,1.0851,3.3728,1.0489,3.3728,1.3200,1,1.448,1.780
1671,DATA_20260318_130000.BIN,1.0489,4.3539,0.5511,4.3539,1.3090,1,1.444,2.145
1672,DATA_20260318_130000.BIN,0.5511,2.9800,0.5177,2.9800,1.3530,1,2.375,3.225
1673,DATA_20260318_130000.BIN,0.5177,7.1471,0.2528,7.1471,2.7390,1,1.833,1.833
1674,DATA_20260318_130000.BIN,0.3855,8.4641,4.0952,8.4641,3.5640,1,1.403,5.766
1675,DATA_20260318_130000.BIN,1.5285,4.6114,2.4146,4.6114,2.2330,1,2.419,6.328
1676,DATA_20260318_130000.BIN,1.9952,4.6078,2.0929,4.6078,1.6390,1,2.726,2.834
1677,DATA_20260318_130000.BIN,1.1818,3.7979,1.5415,3.7979,1.4300,1,0.938,2.355
1678,DATA_20260318_130000.BIN,1.5415,4.0695,1.7951,4.0695,1.5620,1,2.275,2.496
1679,DATA_20260318_130000.BIN,1.7951,5.1021,2.2818,5.1021,2.5190,1,2.522,3.042
1680,DATA_20260318_130000.BIN,2.2818,5.1686,0.7115,5.1686,6.3910,1,3.217,4.380
1681,DATA_20260318_130000.BIN,1.6795,4.2432,0.2966,4.2432,3.6740,1,1.872,4.585
1682,DATA_20260318_130000.BIN,0.2966,4.9057,0.9222,4.9057,2.9920,1,0.605,2.806
1683,DATA_20260318_130000.BIN,0.5942,6.5540,2.9709,6.5540,3.3440,1,0.824,3.886
1684,DATA_20260318_130000.BIN,3.2612,7.4011,3.4560,7.4011,3.0360,1,3.314,5.825
1685,DATA_20260318_130000.BIN,1.2736,4.2745,1.6678,4.2745,2.2440,1,1.670,1.697
1686,DATA_20260318_130000.BIN,1.3146,3.9324,1.2813,3.9324,2.6730,1,0.923,1.743
1687,DATA_20260318_130000.BIN,2.1410,4.9756,2.6245,4.9756,1.5400,1,2.001,2.005
1688,DATA_20260318_130000.BIN,0.5405,3.1665,0.5135,3.1665,1.5730,1,0.461,5.610
1689,DATA_20260318_130000.BIN,0.5135,3.4089,0.6585,3.4089,1.1990,1,0.859,4.207
1690,DATA_20260318_130000.BIN,1.8942,3.4676,0.8211,3.4676,3.3660,1,1.635,1.913
1691,DATA_20260318_130000.BIN,0.8794,4.0367,0.8704,4.0367,1.4520,1,0.427,3.434
1692,DATA_20260318_130000.BIN,0.8704,5.1364,0.2740,5.1364,2.6730,1,0.126,1.206
1693,DATA_20260318_130000.BIN,0.2740,2.7739,1.0413,2.7739,1.1550,1,0.771,4.011
1694,DATA_20260318_130000.BIN,1.0413,4.6590,1.0760,4.6590,5.1370,1,0.606,2.532
1695,DATA_20260318_130000.BIN,1.0760,5.5829,3.9200,5.5829,5.7200,1,1.622,3.650
1696,DATA_20260318_130000.BIN,1.7342,5.4695,2.9108,5.4695,3.8060,1,0.955,5.379
1697,DATA_20260318_130000.BIN,1.0231,8.3697,0.7522,8.3697,3.1130,1,1.587,4.168
1698,DATA_20260318_130000.BIN,2.1696,4.3069,1.7835,4.3069,1.5290,1,1.964,3.472
1699,DATA_20260318_130000.BIN,1.7835,3.9747,1.5315,3.9747,2.3210,1,1.075,3.076
1700,DATA_20260318_130000.BIN,1.9538,7.4586,2.9990,7.4586,1.1660,1,2.990,3.224
1701,DATA_20260318_130000.BIN,0.1801,3.1751,0.9816,3.1751,2.0240,1,0.718,1.075
1702,DATA_20260318_130000.BIN,0.9816,3.5338,0.9075,3.5338,2.3650,1,0.516,2.862
1703,DATA_20260318_130000.BIN,0.1917,5.1796,0.7077,5.1796,1.4740,1,0.693,1.828
1704,DATA_20260318_130000.BIN,0.7077,6.4150,1.8567,6.4150,4.0260,1,0.214,2.971
1705,DATA_20260318_130000.BIN,2.7208,5.6824,1.4429,5.6824,6.6330,1,3.272,7.741
1706,DATA_20260318_130000.BIN,1.4429,4.8328,1.7999,4.8328,4.6310,1,0.977,6.659
1707,DATA_20260318_130000.BIN,1.7735,5.0650,2.3132,5.0650,4.4330,1,2.517,5.884
1708,DATA_20260318_130000.BIN,2.3056,5.8437,1.8542,5.8437,1.8040,1,2.161,2.256
1709,DATA_20260318_130000.BIN,1.8542,3.8010,1.7312,3.8010,1.7380,1,2.968,2.969
1710,DATA_20260318_130000.BIN,1.7312,4.4332,0.3317,4.4332,7.1390,1,1.519,2.101
1711,DATA_20260318_130000.BIN,0.3317,5.6801,3.5115,5.6801,2.7170,1,0.919,1.111
1712,DATA_20260318_130000.BIN,1.7551,4.4918,2.2971,4.4918,7.1390,1,1.518,2.949
1713,DATA_20260318_130000.BIN,1.4410,4.6089,3.0780,4.6089,3.8170,1,0.955,1.178
1714,DATA_20260318_130000.BIN,0.7904,2.4604,0.8409,2.4604,1.3310,1,0.861,0.907
1715,DATA_20260318_130000.BIN,1.2275,3.9723,2.1540,3.9723,2.1010,1,1.170,1.399
1716,DATA_20260318_130000.BIN,2.1540,4.0691,0.9336,4.0691,1.8260,1,2.770,6.530
1717,DATA_20260318_130000.BIN,1.1634,4.1577,0.6090,4.1577,1.7710,1,1.000,1.457
1718,DATA_20260318_130000.BIN,0.6090,9.6651,0.4239,9.6651,6.9630,1,1.674,4.134
1719,DATA_20260318_130000.BIN,1.2112,8.3540,5.2174,8.3540,6.4570,1,1.901,2.006
1720,DATA_20260318_130000.BIN,5.2174,8.1438,1.8790,8.1438,7.8430,1,6.407,6.501
1721,DATA_20260318_130000.BIN,1.8790,4.8794,0.7034,4.8794,5.0710,1,2.164,2.293
1722,DATA_20260318_130000.BIN,0.7034,2.2351,0.1793,2.2351,4.3010,1,0.698,0.751
1723,DATA_20260318_130000.BIN,0.1793,6.6603,1.6330,6.6603,8.6790,1,0.459,2.265
1724,DATA_20260318_130000.BIN,1.6330,3.9728,0.5628,3.9728,4.1250,1,1.610,4.203
1725,DATA_20260318_130000.BIN,0.5628,6.3427,0.0774,6.3427,2.6400,1,0.910,2.087
1726,DATA_20260318_130000.BIN,1.5904,4.1874,1.5164,4.1874,1.1000,1,1.650,1.891
1727,DATA_20260318_130000.BIN,1.5164,6.1704,1.2401,6.1704,1.6610,1,1.492,4.966
1728,DATA_20260318_130000.BIN,1.2401,5.5377,2.1788,5.5377,1.4630,1,0.576,3.159
1729,DATA_20260318_130000.BIN,2.1788,5.5696,3.8156,5.5696,3.1900,1,1.542,6.189
1730,DATA_20260318_130000.BIN,3.8156,6.8375,3.0983,6.8375,1.3970,1,3.449,7.006
1731,DATA_20260318_130000.BIN,3.0983,8.2047,4.5099,8.2047,5.6870,1,2.380,3.613
1732,DATA_20260318_130000.BIN,0.9160,9.8562,5.2704,9.8562,4.3560,1,0.369,0.404
1733,DATA_20260318_130000.BIN,5.2704,7.7307,1.7326,7.7307,5.3130,1,5.222,6.452
1734,DATA_20260318_130000.BIN,1.6509,4.3201,1.7129,4.3201,7.7330,1,1.241,1.357
1735,DATA_20260318_130000.BIN,1.7129,3.8702,0.4935,3.8702,2.5850,1,0.195,1.438
1736,DATA_20260318_130000.BIN,0.4935,3.2550,0.8443,3.2550,3.9600,1,1.935,3.452
1737,DATA_20260318_130000.BIN,0.3743,2.7286,0.3708,2.7286,1.7490,1,2.165,3.821
1738,DATA_20260318_130000.BIN,1.4367,7.1533,0.7025,7.1533,2.0900,1,0.847,2.292
1739,DATA_20260318_130000.BIN,0.7025,3.8523,0.9299,3.8523,6.0830,1,1.725,2.744
1740,DATA_20260318_130000.BIN,0.9299,4.6824,2.5612,4.6824,2.6070,1,0.255,2.979
1741,DATA_20260318_130000.BIN,2.5612,5.4747,0.8977,5.4747,2.6730,1,2.394,2.757
1742,DATA_20260318_130000.BIN,0.8977,9.4475,1.4088,9.4475,5.0600,1,1.501,3.215
1743,DATA_20260318_130000.BIN,1.4088,3.7391,0.9840,3.7391,1.6610,1,0.442,0.930
1744,DATA_20260318_130000.BIN,0.9840,7.0815,1.4326,7.0815,3.3220,1,0.776,2.670
1745,DATA_20260318_130000.BIN,0.6552,9.9150,7.5994,9.9150,4.1800,1,0.962,1.643
1746,DATA_20260318_130000.BIN,7.5994,9.9299,3.1207,9.9299,2.1670,1,9.171,10.181
1747,DATA_20260318_130000.BIN,3.1207,8.8294,1.9224,8.8294,1.9360,1,3.503,4.665
1748,DATA_20260318_130000.BIN,1.9224,6.3881,1.8946,6.3881,1.2430,1,2.975,7.366
1749,DATA_20260318_130000.BIN,1.8946,10.0563,3.2586,10.0563,4.6090,1,2.485,7.274
1750,DATA_20260318_130000.BIN,3.2586,10.2681,0.2979,10.2681,3.9050,1,3.287,3.699
1751,DATA_20260318_130000.BIN,0.2979,8.7439,1.1931,8.7439,4.0700,1,1.134,4.766
1752,DATA_20260318_130000.BIN,1.1931,8.6506,1.1091,8.6506,5.3790,1,0.759,7.171
1753,DATA_20260318_130000.BIN,1.1091,9.0144,3.2442,9.0144,5.6430,1,2.186,3.256
1754,DATA_20260318_130000.BIN,3.2442,9.5945,5.3268,9.5945,1.3860,1,3.294,5.093
1755,DATA_20260318_130000.BIN,5.3268,11.5289,2.9683,11.5289,2.4310,1,5.676,6.191
1756,DATA_20260318_130000.BIN,2.9683,6.8926,3.2661,6.8926,3.8940,1,3.868,4.043
1757,DATA_20260318_130000.BIN,3.2661,6.6176,2.9599,6.6176,2.8380,1,2.744,2.811
1758,DATA_20260318_130000.BIN,0.2518,3.8876,2.1127,3.8876,8.9210,1,1.166,1.351
1759,DATA_20260318_130000.BIN,1.0411,4.0994,1.4338,4.0994,1.5070,1,1.262,3.445
1760,DATA_20260318_130000.BIN,1.4338,5.4738,1.1299,5.4738,6.7760,1,0.793,1.477
1761,DATA_20260318_130000.BIN,1.1299,5.2901,1.9799,5.2901,5.1040,1,0.865,3.431
1762,DATA_20260318_130000.BIN,1.8751,11.1492,7.2231,11.1492,4.7410,1,1.211,1.365
1763,DATA_20260318_130000.BIN,2.3356,7.1010,2.7158,7.1010,3.7290,1,2.339,2.565
1764,DATA_20260318_130000.BIN,2.7158,5.1336,2.6707,5.1336,1.6060,1,2.923,3.010
1765,DATA_20260318_130000.BIN,2.6707,4.6355,2.2562,4.6355,1.8920,1,2.558,6.421
1766,DATA_20260318_130000.BIN,2.2562,7.5030,2.3187,7.5030,7.7770,1,1.281,5.553
1767,DATA_20260318_130000.BIN,2.3187,12.1408,3.6661,12.1408,3.4980,1,1.554,4.567
1768,DATA_20260318_130000.BIN,4.2443,6.0993,2.6628,6.0993,1.6610,1,3.409,3.689
1769,DATA_20260318_130000.BIN,2.6628,6.5941,1.9821,6.5941,4.7300,1,1.401,3.113
1770,DATA_20260318_130000.BIN,1.9821,5.0278,1.8874,5.0278,2.3430,1,0.611,0.644
1771,DATA_20260318_130000.BIN,3.2778,5.4754,1.0859,5.4754,3.1790,1,2.329,2.563
1772,DATA_20260318_130000.BIN,4.6475,7.4777,3.4178,7.4777,4.6640,1,7.362,8.247
1773,DATA_20260318_130000.BIN,1.1007,5.3241,2.7273,5.3241,2.0570,1,0.889,1.423
1774,DATA_20260318_130000.BIN,2.7273,5.1463,2.5324,5.1463,1.4410,1,2.211,3.315
1775,DATA_20260318_130000.BIN,1.1078,5.1644,0.3175,5.1644,3.9050,1,0.756,0.776
1776,DATA_20260318_130000.BIN,0.3175,2.4159,0.8538,2.4159,2.5190,1,1.562,1.569
1777,DATA_20260318_130000.BIN,0.9988,2.7656,0.4640,2.7656,2.4310,1,2.339,2.341
1778,DATA_20260318_130000.BIN,0.4640,5.1266,0.2446,5.1266,6.8420,1,1.708,5.530
1779,DATA_20260318_130000.BIN,0.2446,2.5785,0.1510,2.5785,2.9150,1,1.169,1.437
1780,DATA_20260318_130000.BIN,0.1510,3.8159,0.0248,3.8159,5.9290,1,0.909,1.100
1781,DATA_20260318_130000.BIN,3.3359,5.7768,2.3287,5.7768,7.3150,1,3.372,3.625
1782,DATA_20260318_130000.BIN,2.3287,4.9283,1.5447,4.9283,3.1900,1,2.704,3.602
1783,DATA_20260318_130000.BIN,0.0775,3.8771,0.5785,3.8771,3.0800,1,0.791,1.498
1784,DATA_20260318_130000.BIN,0.5785,2.5160,1.0100,2.5160,2.0900,1,1.442,1.494
1785,DATA_20260318_130000.BIN,1.0100,4.3115,0.8562,4.3115,4.8510,1,1.861,2.680
1786,DATA_20260318_130000.BIN,0.6295,8.2853,1.2624,8.2853,6.6550,1,0.692,1.753
1787,DATA_20260318_130000.BIN,1.2403,4.0670,0.1288,4.0670,1.7050,1,1.890,4.355
1788,DATA_20260318_130000.BIN,0.1288,3.0709,0.5689,3.0709,2.0790,1,1.076,6.301
1789,DATA_20260318_130000.BIN,0.5689,2.7580,0.5536,2.7580,2.2990,1,0.831,0.891
1790,DATA_20260318_130000.BIN,0.5536,3.4008,0.4994,3.4008,1.5730,1,0.789,4.127
1791,DATA_20260318_130000.BIN,0.4994,3.1838,0.6178,3.1838,1.5400,1,0.336,2.289
1792,DATA_20260318_130000.BIN,0.6178,2.7259,0.8259,2.7259,1.5290,1,0.690,3.086
1793,DATA_20260318_130000.BIN,1.5421,5.4958,1.2447,5.4958,1.4080,1,1.592,1.695
1794,DATA_20260318_130000.BIN,1.2447,4.0363,1.7897,4.0363,4.1910,1,1.052,1.104
1795,DATA_20260318_130000.BIN,1.7897,5.9453,3.6244,5.9453,1.7380,1,2.603,3.357
1796,DATA_20260318_130000.BIN,3.6244,9.1579,1.0053,9.1579,2.4530,1,3.876,3.938
1797,DATA_20260318_130000.BIN,1.0053,8.8539,0.9865,8.8539,4.1690,1,0.895,2.770
1798,DATA_20260318_130000.BIN,0.9865,5.2545,0.3522,5.2545,2.1010,1,0.691,0.986
1799,DATA_20260318_130000.BIN,0.3522,6.5868,1.0422,6.5868,2.7720,1,1.116,2.842
1800,DATA_20260318_130000.BIN,1.0422,8.9599,5.9494,8.9599,2.9920,1,1.049,1.303
1801,DATA_20260318_130000.BIN,0.7278,4.4784,0.7085,4.4784,1.4080,1,0.199,1.163
1802,DATA_20260318_130000.BIN,0.7085,7.0627,0.9200,7.0627,4.3120,1,0.166,0.185
1803,DATA_20260318_130000.BIN,2.6509,8.3490,3.0824,8.3490,3.2780,1,2.318,2.537
1804,DATA_20260318_130000.BIN,3.0824,5.7763,4.4568,5.7763,2.1670,1,2.568,2.579
1805,DATA_20260318_130000.BIN,2.3506,6.2850,3.0601,6.2850,2.2440,1,1.746,3.991
1806,DATA_20260318_130000.BIN,1.2659,3.1494,0.3696,3.1494,1.8810,1,1.632,1.672
1807,DATA_20260318_130000.BIN,0.3696,4.4372,0.6041,4.4372,4.0150,1,1.583,2.860
1808,DATA_20260318_130000.BIN,0.6041,2.4703,1.0100,2.4703,3.2340,1,1.435,2.429
1809,DATA_20260318_130000.BIN,0.5070,2.6484,0.8884,2.6484,3.6190,1,1.435,2.275
1810,DATA_20260318_130000.BIN,0.8884,3.8262,1.3049,3.8262,1.6940,1,1.364,3.650
1811,DATA_20260318_130000.BIN,1.3049,4.1384,0.3227,4.1384,5.8080,1,2.174,4.558
1812,DATA_20260318_130000.BIN,0.3227,3.3572,1.2987,3.3572,4.6970,1,0.806,1.237
1813,DATA_20260318_130000.BIN,1.2987,3.0354,0.8735,3.0354,2.0020,1,1.771,1.793
1814,DATA_20260318_130000.BIN,1.2511,3.8729,2.0220,3.8729,6.7870,1,1.387,2.420
1815,DATA_20260318_130000.BIN,2.0220,3.6488,1.7456,3.6488,4.4220,1,1.813,1.834
1816,DATA_20260318_130000.BIN,1.7456,3.9284,1.4165,3.9284,5.4010,1,1.282,1.676
1817,DATA_20260318_130000.BIN,1.3455,5.2370,1.7606,5.2370,5.0930,1,0.854,1.153
1818,DATA_20260318_130000.BIN,0.7459,2.5641,0.6536,2.5641,6.0280,1,0.896,1.554
1819,DATA_20260318_130000.BIN,0.6536,5.7545,4.0412,5.7545,8.1400,1,1.008,1.772
1820,DATA_20260318_130000.BIN,4.0412,7.6858,3.0255,7.6858,5.5440,1,4.305,4.842
1821,DATA_20260318_130000.BIN,2.8548,4.4082,1.9294,4.4082,5.6650,1,2.652,3.081
1822,DATA_20260318_130000.BIN,1.9294,9.6252,1.8748,9.6252,6.2370,1,1.524,1.734
1823,DATA_20260318_130000.BIN,1.8748,5.9347,2.1422,5.9347,2.3430,1,0.946,8.955
1824,DATA_20260318_130000.BIN,2.1422,7.0972,0.4948,7.0972,1.6390,1,0.609,7.162
1825,DATA_20260318_130000.BIN,0.4948,6.9629,2.0001,6.9629,2.3760,1,2.176,3.929
1826,DATA_20260318_130000.BIN,2.0001,5.3644,1.2928,5.3644,2.7500,1,2.176,3.869
1827,DATA_20260318_130000.BIN,1.2928,2.9514,1.4259,2.9514,1.6170,1,0.532,0.799
1828,DATA_20260318_130000.BIN,1.4259,4.7546,1.3391,4.7546,1.5730,1,2.052,2.098
1829,DATA_20260318_130000.BIN,1.3391,3.3891,0.3173,3.3891,4.4110,1,1.602,1.947
1830,DATA_20260318_130000.BIN,0.3173,2.6200,0.8609,2.6200,3.5310,1,1.070,1.098
1831,DATA_20260318_130000.BIN,0.8609,4.7784,1.5480,4.7784,1.1880,1,1.873,1.892
1832,DATA_20260318_130000.BIN,1.5480,7.7877,0.1730,7.7877,4.0480,1,1.306,1.913
1833,DATA_20260318_130000.BIN,0.1730,4.5691,0.0901,4.5691,4.0480,1,0.827,1.527
1834,DATA_20260318_130000.BIN,0.0901,3.0443,0.8142,3.0443,3.1680,1,1.126,2.404
1835,DATA_20260318_130000.BIN,0.8921,2.6915,0.8453,2.6915,7.4250,1,1.378,1.709
1836,DATA_20260318_130000.BIN,2.1692,6.5048,1.4864,6.5048,3.0580,1,2.531,2.634
1837,DATA_20260318_130000.BIN,1.4864,4.2341,0.9815,4.2341,2.4970,1,1.841,3.411
1838,DATA_20260318_130000.BIN,0.9815,4.8931,0.5179,4.8931,2.2110,1,1.037,7.029
1839,DATA_20260318_130000.BIN,0.4353,4.0810,1.1100,4.0810,2.6070,1,0.726,4.092
1840,DATA_20260318_130000.BIN,0.5095,7.5075,0.1113,7.5075,6.4130,1,0.754,1.531
1841,DATA_20260318_130000.BIN,0.1113,14.8309,4.8591,14.8309,7.1720,1,0.285,3.036
1842,DATA_20260318_130000.BIN,4.8591,10.2782,3.7282,10.2782,3.7840,1,5.319,5.894
1843,DATA_20260318_130000.BIN,3.7282,13.0456,1.4016,13.0456,3.3330,1,4.003,4.444
1844,DATA_20260318_130000.BIN,1.4016,11.0119,2.1032,11.0119,8.2390,1,1.274,1.756
1845,DATA_20260318_130000.BIN,2.1032,7.1480,2.0162,7.1480,5.9950,1,2.014,3.404
1846,DATA_20260318_130000.BIN,1.0750,10.3947,3.6413,10.3947,8.3930,1,0.295,1.862
1847,DATA_20260318_130000.BIN,3.6413,6.4089,0.8298,6.4089,4.6310,1,2.903,4.017
1848,DATA_20260318_130000.BIN,0.8298,6.0761,2.1542,6.0761,2.5850,1,1.657,1.917
1849,DATA_20260318_130000.BIN,0.3193,5.8403,2.5449,5.8403,3.1900,1,0.850,1.037
1850,DATA_20260318_130000.BIN,1.0849,4.2257,1.4709,4.2257,2.6070,1,0.601,2.655
1851,DATA_20260318_130000.BIN,1.4709,4.9223,0.0763,4.9223,2.9480,1,0.994,1.775
1852,DATA_20260318_130000.BIN,0.0763,3.0189,0.3292,3.0189,4.2460,1,1.291,2.067
1853,DATA_20260318_130000.BIN,1.8521,4.2434,2.4118,4.2434,3.6190,1,0.969,1.213
1854,DATA_20260318_130000.BIN,2.4118,3.5694,2.2844,3.5694,3.6630,1,2.291,2.509
1855,DATA_20260318_130000.BIN,2.2844,4.7991,1.0702,4.7991,1.2980,1,1.193,2.172
1856,DATA_20260318_130000.BIN,1.8950,4.8301,1.2523,4.8301,1.8150,1,0.622,2.735
1857,DATA_20260318_130000.BIN,1.3674,3.0021,1.0242,3.0021,2.9480,1,0.792,1.287
1858,DATA_20260318_130000.BIN,1.0242,2.9735,1.0443,2.9735,1.4300,1,1.301,2.035
1859,DATA_20260318_130000.BIN,1.3324,3.4832,0.5292,3.4832,1.2980,1,2.950,3.241
1860,DATA_20260318_130000.BIN,0.5292,4.4700,1.5952,4.4700,1.2870,1,1.736,2.227
1861,DATA_20260318_130000.BIN,1.5952,6.5748,1.9168,6.5748,1.4960,1,2.826,3.013
1862,DATA_20260318_130000.BIN,1.9168,4.4996,1.1766,4.4996,1.3200,1,2.304,2.614
1863,DATA_20260318_130000.BIN,1.1766,5.9518,0.4851,5.9518,3.0030,1,1.459,2.046
1864,DATA_20260318_130000.BIN,0.4851,3.5412,1.3916,3.5412,1.5510,1,0.291,1.049
1865,DATA_20260318_130000.BIN,1.7544,3.6942,0.3287,3.6942,1.2430,1,1.928,2.096
1866,DATA_20260318_130000.BIN,0.3287,3.9614,0.8614,3.9614,1.4850,1,0.263,0.425
1867,DATA_20260318_130000.BIN,0.8614,4.3780,1.0156,4.3780,1.2650,1,0.640,0.641
1868,DATA_20260318_130000.BIN,1.0156,3.5184,1.5186,3.5184,2.4090,1,0.660,0.695
1869,DATA_20260318_130000.BIN,1.5186,4.2504,0.2231,4.2504,2.1010,1,1.307,1.590
1870,DATA_20260318_130000.BIN,0.2231,3.9968,1.2625,3.9968,2.1890,1,1.024,1.415
1871,DATA_20260318_130000.BIN,1.2625,3.3691,1.4109,3.3691,2.2110,1,0.436,3.768
1872,DATA_20260318_130000.BIN,0.5209,2.5828,0.5407,2.5828,2.6290,1,0.842,1.213
1873,DATA_20260318_130000.BIN,0.5407,6.3366,4.5331,6.3366,2.6510,1,0.414,2.728
1874,DATA_20260318_130000.BIN,4.5331,6.8438,4.8493,6.8438,4.4880,1,4.727,4.963
1875,DATA_20260318_130000.BIN,5.1852,7.1862,5.2433,7.1862,1.7930,1,5.086,5.139
1876,DATA_20260318_130000.BIN,5.2433,7.9818,5.2065,7.9818,1.2430,1,4.464,4.484
1877,DATA_20260318_130000.BIN,5.3911,8.7882,6.3686,8.7882,1.6280,1,4.295,4.487
1878,DATA_20260318_130000.BIN,6.3686,9.0871,6.1225,9.0871,1.6390,1,4.891,4.896
1879,DATA_20260318_130000.BIN,6.1225,8.0115,5.5017,8.0115,1.9690,1,3.983,4.119
1880,DATA_20260318_130000.BIN,5.5017,8.3100,6.0439,8.3100,1.8480,1,2.922,3.144
1881,DATA_20260318_130000.BIN,6.0439,7.7445,5.6957,7.7445,2.0460,1,3.335,3.346
1882,DATA_20260318_130000.BIN,3.2715,6.3648,4.3683,6.3648,5.1040,1,0.648,3.196
1883,DATA_20260318_130000.BIN,3.3483,7.7750,5.2911,7.7750,1.8150,1,0.542,0.754
1884,DATA_20260318_130000.BIN,5.2911,9.0461,4.5998,9.0461,3.4540,1,2.564,2.569
1885,DATA_20260318_130000.BIN,4.3247,9.6229,7.4172,9.6229,3.6300,1,1.032,2.287
1886,DATA_20260318_130000.BIN,7.4172,9.8237,7.6481,9.8237,1.7160,1,5.356,5.672
1887,DATA_20260318_130000.BIN,7.6481,10.4232,5.9983,10.4232,1.3970,1,4.663,4.671
1888,DATA_20260318_130000.BIN,5.9983,10.6381,7.0588,10.6381,1.4630,1,2.550,2.770
1889,DATA_20260318_130000.BIN,7.0588,11.0022,7.5247,11.0022,1.5730,1,3.746,4.157
1890,DATA_20260318_130000.BIN,7.5247,9.6302,5.4566,9.6302,1.7600,1,3.888,4.121
1891,DATA_20260318_130000.BIN,5.4566,7.5642,4.5832,7.5642,1.5290,1,1.128,1.130
1892,DATA_20260318_130000.BIN,4.5832,8.7017,5.8511,8.7017,1.4850,1,3.576,4.003
1893,DATA_20260318_130000.BIN,5.8511,10.2364,6.7046,10.2364,1.6280,1,2.176,2.615
1894,DATA_20260318_130000.BIN,6.7046,10.1750,5.2767,10.1750,1.5070,1,2.506,2.935
1895,DATA_20260318_130000.BIN,5.2767,8.4468,5.1973,8.4468,1.5950,1,0.475,0.475
1896,DATA_20260318_130000.BIN,5.1973,8.2411,5.9160,8.2411,1.5070,1,0.122,0.227
1897,DATA_20260318_130000.BIN,5.9160,8.9579,4.8549,8.9579,3.4540,1,4.312,4.574
1898,DATA_20260318_130000.BIN,4.8549,9.1358,5.6725,9.1358,1.6060,1,0.262,0.368
1899,DATA_20260318_130000.BIN,5.6725,9.2177,6.1280,9.2177,1.5730,1,2.289,2.552
1900,DATA_20260318_130000.BIN,6.1280,9.0983,6.9244,9.0983,1.4850,1,1.611,1.795
1901,DATA_20260318_130000.BIN,6.9244,9.8962,6.9789,9.8962,1.6940,1,2.731,2.977
1902,DATA_20260318_130000.BIN,6.9789,9.3003,6.3545,9.3003,1.7930,1,2.177,2.457
1903,DATA_20260318_130000.BIN,6.3545,9.6088,5.7553,9.6088,1.5180,1,2.012,2.112
1904,DATA_20260318_130000.BIN,5.7553,9.2085,6.0443,9.2085,1.5180,1,0.940,1.000
1905,DATA_20260318_130000.BIN,6.0443,9.0012,5.3103,9.0012,1.6170,1,0.648,1.113
1906,DATA_20260318_130000.BIN,5.3103,9.2879,6.7522,9.2879,1.5400,1,0.365,0.590
1907,DATA_20260318_130000.BIN,6.7522,9.7823,6.0301,9.7823,1.7050,1,2.029,2.230
1908,DATA_20260318_130000.BIN,6.0301,9.5086,6.0407,9.5086,1.6390,1,1.571,1.864
1909,DATA_20260318_130000.BIN,6.0407,10.0050,5.5409,10.0050,1.9690,1,2.012,2.189
1910,DATA_20260318_130000.BIN,5.5409,10.4015,6.1561,10.4015,1.5950,1,1.884,2.194
1911,DATA_20260318_130000.BIN,6.1561,9.5440,5.2749,9.5440,1.7270,1,3.024,3.184
1912,DATA_20260318_130000.BIN,5.2749,9.1798,6.5732,9.1798,1.7490,1,0.713,1.041
1913,DATA_20260318_130000.BIN,4.2606,8.1803,3.7751,8.1803,1.7600,1,1.556,1.628
1914,DATA_20260318_130000.BIN,4.8965,8.2424,4.9765,8.2424,1.5620,1,1.203,1.366
1915,DATA_20260318_130000.BIN,4.9765,8.3886,4.7357,8.3886,1.6940,1,1.361,1.592
1916,DATA_20260318_130000.BIN,4.7357,7.8292,4.2196,7.8292,1.5400,1,0.904,0.958
1917,DATA_20260318_130000.BIN,4.2196,9.1863,5.0022,9.1863,1.6830,1,1.840,1.852
1918,DATA_20260318_130000.BIN,5.0022,10.5409,6.5837,10.5409,2.0900,1,1.323,1.326
1919,DATA_20260318_130000.BIN,6.5837,9.5083,5.3989,9.5083,1.8590,1,1.935,1.935
1920,DATA_20260318_130000.BIN,5.3989,8.9515,5.2311,8.9515,1.7600,1,0.356,0.880
1921,DATA_20260318_130000.BIN,5.2311,9.4940,3.4808,9.4940,2.1120,1,0.592,0.621
1922,DATA_20260318_130000.BIN,3.4808,6.2388,2.7932,6.2388,1.7380,1,2.148,2.161
1923,DATA_20260318_130000.BIN,2.7932,8.6909,1.7889,8.6909,2.9590,1,3.170,3.595
1924,DATA_20260318_130000.BIN,1.7889,7.0961,0.8088,7.0961,2.1120,1,6.000,6.357
1925,DATA_20260318_130000.BIN,0.8088,8.1146,4.0786,8.1146,7.3040,1,6.118,6.738
1926,DATA_20260318_130000.BIN,5.3273,10.7311,8.1304,10.7311,3.3880,1,3.012,3.862
1927,DATA_20260318_130000.BIN,8.1304,15.1894,7.4457,15.1894,6.0830,1,4.827,4.829
1928,DATA_20260318_130000.BIN,8.3354,13.2359,9.9110,13.2359,3.1790,1,4.732,4.880
1929,DATA_20260318_130000.BIN,9.9110,12.2427,6.2062,12.2427,7.2600,1,6.078,6.115
1930,DATA_20260318_130000.BIN,6.2062,7.9824,5.2759,7.9824,9.1190,1,2.753,3.966
1931,DATA_20260318_130000.BIN,5.2759,9.9953,6.6290,9.9953,2.7170,1,1.157,1.441
1932,DATA_20260318_130000.BIN,6.6290,8.6735,5.1058,8.6735,2.1120,1,1.551,1.586
1933,DATA_20260318_130000.BIN,5.1058,6.7147,5.0068,6.7147,2.5080,1,0.841,1.866
1934,DATA_20260318_130000.BIN,5.0068,7.5113,2.0709,7.5113,2.1120,1,1.083,1.888
1935,DATA_20260318_130000.BIN,2.0709,6.0743,1.6481,6.0743,1.5730,1,6.168,6.207
1936,DATA_20260318_130000.BIN,1.6481,5.1593,1.7943,5.1593,1.3640,1,7.063,7.525
1937,DATA_20260318_130000.BIN,1.7943,10.1530,5.8658,10.1530,2.3760,1,7.114,7.631
1938,DATA_20260318_130000.BIN,5.8658,9.5388,1.7058,9.5388,6.3250,1,7.094,7.922
1939,DATA_20260318_130000.BIN,1.7058,10.3482,0.8667,10.3482,5.7310,1,1.816,4.734
1940,DATA_20260318_130000.BIN,0.8667,10.3430,0.6006,10.3430,4.6530,1,3.548,3.586
1941,DATA_20260318_130000.BIN,1.0877,3.7422,0.5301,3.7422,1.7050,1,4.555,4.937
1942,DATA_20260318_130000.BIN,0.5301,2.8314,1.2397,2.8314,1.2650,1,3.658,3.696
1943,DATA_20260318_130000.BIN,0.7323,3.7265,0.9927,3.7265,3.1790,1,2.381,2.843
1944,DATA_20260318_130000.BIN,0.9927,2.8364,0.4542,2.8364,2.7830,1,2.785,2.800
1945,DATA_20260318_130000.BIN,0.4542,3.9721,0.5933,3.9721,2.4750,1,2.550,4.590
1946,DATA_20260318_130000.BIN,0.5933,4.3238,1.5433,4.3238,1.4740,1,1.464,1.466
1947,DATA_20260318_130000.BIN,0.6924,5.5928,0.1632,5.5928,4.9940,1,2.715,2.856
1948,DATA_20260318_130000.BIN,0.1632,3.4073,0.6660,3.4073,3.1570,1,1.400,1.411
1949,DATA_20260318_130000.BIN,2.0345,4.1183,0.6033,4.1183,3.6850,1,1.835,2.250
1950,DATA_20260318_130000.BIN,0.6033,2.7541,0.6226,2.7541,2.3650,1,2.123,2.234
1951,DATA_20260318_130000.BIN,0.6226,3.5073,1.4015,3.5073,4.2570,1,1.289,1.389
1952,DATA_20260318_130000.BIN,1.4015,3.4742,1.7405,3.4742,1.2320,1,2.572,2.584
1953,DATA_20260318_130000.BIN,1.3079,4.0506,0.2602,4.0506,1.8040,1,2.277,3.193
1954,DATA_20260318_130000.BIN,0.2602,4.4642,0.4315,4.4642,1.5730,1,0.606,0.633
1955,DATA_20260318_130000.BIN,0.4315,7.3183,1.2037,7.3183,6.6220,1,0.643,1.195
1956,DATA_20260318_130000.BIN,1.2037,6.4606,0.6364,6.4606,3.9930,1,0.768,1.077
1957,DATA_20260318_130000.BIN,0.6364,5.7422,3.0775,5.7422,1.5840,1,0.775,0.787
1958,DATA_20260318_130000.BIN,0.8932,3.3445,0.5184,3.3445,2.6620,1,0.462,0.463
1959,DATA_20260318_130000.BIN,0.5184,3.7989,0.8913,3.7989,1.3310,1,1.365,2.404
1960,DATA_20260318_130000.BIN,0.8913,4.0186,1.4484,4.0186,1.6170,1,1.685,3.008
1961,DATA_20260318_130000.BIN,1.4484,3.5156,1.2485,3.5156,2.8930,1,1.998,3.022
1962,DATA_20260318_130000.BIN,1.2485,4.3366,1.5488,4.3366,1.4850,1,1.259,2.730
1963,DATA_20260318_130000.BIN,1.5488,4.1341,1.1715,4.1341,2.9700,1,2.305,2.316
1964,DATA_20260318_130000.BIN,2.2078,4.6161,0.8260,4.6161,2.7500,1,2.865,3.364
1965,DATA_20260318_130000.BIN,0.8260,8.3480,5.7580,8.3480,2.6950,1,1.223,1.281
1966,DATA_20260318_130000.BIN,5.3459,10.6599,8.0086,10.6599,1.5730,1,6.381,6.395
1967,DATA_20260318_130000.BIN,8.0086,13.6156,1.1239,13.6156,1.8040,1,9.057,9.123
1968,DATA_20260318_130000.BIN,3.1973,8.2163,1.5026,8.2163,5.6980,1,2.487,2.702
1969,DATA_20260318_130000.BIN,1.8851,5.0238,1.5977,5.0238,4.7080,1,2.490,2.499
1970,DATA_20260318_130000.BIN,1.5977,3.4888,1.0590,3.4888,1.3310,1,2.373,2.473
1971,DATA_20260318_130000.BIN,1.0590,2.5433,0.9744,2.5433,1.2980,1,1.737,1.746
1972,DATA_20260318_130000.BIN,1.1233,2.6760,0.9012,2.6760,1.3420,1,1.881,2.428
1973,DATA_20260318_130000.BIN,0.8764,6.9967,0.4927,6.9967,2.8600,1,1.765,1.847
1974,DATA_20260318_130000.BIN,0.7690,2.8716,1.2700,2.8716,2.0570,1,0.486,1.481
1975,DATA_20260318_130000.BIN,1.2700,5.3454,2.5771,5.3454,1.8370,1,1.044,2.644
1976,DATA_20260318_130000.BIN,2.0804,4.0723,1.3279,4.0723,3.0140,1,3.304,6.175
1977,DATA_20260318_130000.BIN,1.3279,3.2694,0.9308,3.2694,3.9710,1,1.532,1.752
1978,DATA_20260318_130000.BIN,2.9200,9.4454,6.8538,9.4454,2.1890,1,3.212,3.305
1979,DATA_20260318_130000.BIN,4.7682,7.7100,0.5470,7.7100,2.2770,1,6.181,6.526
1980,DATA_20260318_130000.BIN,0.5470,3.8262,1.0484,3.8262,2.3100,1,0.695,1.994
1981,DATA_20260318_130000.BIN,1.6234,3.0962,0.8342,3.0962,4.1030,1,2.064,2.424
1982,DATA_20260318_130000.BIN,0.8342,2.9121,0.8967,2.9121,1.3970,1,1.116,3.188
1983,DATA_20260318_130000.BIN,0.8967,2.8608,1.1570,2.8608,1.5840,1,1.113,2.344
1984,DATA_20260318_130000.BIN,1.1570,4.1785,1.3566,4.1785,3.0030,1,1.386,2.097
1985,DATA_20260318_130000.BIN,1.3566,2.8284,0.8667,2.8284,1.3200,1,1.460,3.726
1986,DATA_20260318_130000.BIN,0.8667,4.3370,0.8741,4.3370,2.5190,1,0.721,2.410
1987,DATA_20260318_130000.BIN,0.6039,3.2042,0.9840,3.2042,5.3790,1,0.696,0.946
1988,DATA_20260318_130000.BIN,0.9840,3.9685,0.7104,3.9685,1.2980,1,1.386,1.937
1989,DATA_20260318_130000.BIN,0.7104,3.0716,0.8004,3.0716,1.4190,1,0.837,2.144
1990,DATA_20260318_130000.BIN,0.8004,2.2806,0.3146,2.2806,4.4550,1,0.584,2.790
1991,DATA_20260318_130000.BIN,0.3146,4.5056,0.9917,4.5056,4.9280,1,0.378,3.426
1992,DATA_20260318_130000.BIN,0.9917,4.6434,0.5184,4.6434,2.3980,1,1.048,1.141
1993,DATA_20260318_130000.BIN,0.5184,3.5517,0.5574,3.5517,1.5730,1,0.560,0.865
1994,DATA_20260318_130000.BIN,0.5574,4.4471,1.3060,4.4471,1.8700,1,0.917,0.955
1995,DATA_20260318_130000.BIN,1.3060,5.1204,3.0179,5.1204,6.5670,1,1.817,3.185
1996,DATA_20260318_130000.BIN,4.0244,9.3940,7.0118,9.3940,5.2250,1,3.827,8.107
1997,DATA_20260318_130000.BIN,7.1324,9.3758,7.8149,9.3758,1.9690,1,7.557,7.956
1998,DATA_20260318_130000.BIN,6.0248,8.5514,2.4673,8.5514,4.2240,1,5.163,7.165
1999,DATA_20260318_130000.BIN,0.3548,4.7302,0.8720,4.7302,1.1330,1,2.058,5.956
2000,DATA_20260318_130000.BIN,1.0560,3.1483,0.8418,3.1483,1.6280,1,1.579,2.227
2001,DATA_20260318_130000.BIN,0.9141,3.5126,1.0546,3.5126,1.3200,1,0.834,1.510
2002,DATA_20260318_130000.BIN,1.6010,4.2737,0.8054,4.2737,3.4540,1,0.582,1.216
2003,DATA_20260318_130000.BIN,0.8054,6.6690,1.5435,6.6690,1.8920,1,2.258,2.612
2004,DATA_20260318_130000.BIN,1.5435,4.1644,1.5654,4.1644,1.2650,1,1.988,2.081
2005,DATA_20260318_130000.BIN,1.5654,3.8336,2.0287,3.8336,1.7600,1,2.391,2.906
2006,DATA_20260318_130000.BIN,0.7464,6.3306,0.6175,6.3306,1.5290,1,1.398,1.449
2007,DATA_20260318_130000.BIN,0.6175,7.5230,0.8717,7.5230,6.2700,1,0.888,1.252
2008,DATA_20260318_130000.BIN,0.8717,3.1299,1.3513,3.1299,1.9800,1,1.438,1.447
2009,DATA_20260318_130000.BIN,1.3513,4.3728,1.8131,4.3728,2.2660,1,1.957,2.890
2010,DATA_20260318_130000.BIN,1.8131,4.4127,1.6196,4.4127,1.4520,1,1.486,1.639
2011,DATA_20260318_130000.BIN,1.6196,5.5089,0.8043,5.5089,2.0900,1,2.180,2.466
2012,DATA_20260318_130000.BIN,0.8043,3.9374,1.2330,3.9374,4.7190,1,1.378,3.574
2013,DATA_20260318_130000.BIN,1.6154,3.4453,0.3629,3.4453,2.1120,1,1.250,1.465
2014,DATA_20260318_130000.BIN,0.3629,3.9844,0.9573,3.9844,1.9470,1,0.623,2.716
2015,DATA_20260318_130000.BIN,0.8909,3.2446,0.7519,3.2446,3.2230,1,1.536,2.044
2016,DATA_20260318_130000.BIN,0.7519,2.4106,0.3299,2.4106,3.5200,1,1.274,1.283
2017,DATA_20260318_130000.BIN,0.3299,8.9900,6.4201,8.9900,7.2050,1,0.250,1.285
2018,DATA_20260318_130000.BIN,6.4201,9.7282,8.0554,9.7282,2.4420,1,7.238,7.297
2019,DATA_20260318_130000.BIN,8.0554,10.2111,8.2151,10.2111,1.4960,1,8.350,8.359
2020,DATA_20260318_130000.BIN,8.2151,10.7163,4.1536,10.7163,2.1120,1,7.544,7.596
2021,DATA_20260318_130000.BIN,3.9484,6.1411,2.3934,6.1411,3.8280,1,3.746,3.757
2022,DATA_20260318_130000.BIN,5.2702,10.9234,8.2770,10.9234,1.9140,1,4.393,4.885
2023,DATA_20260318_130000.BIN,8.2770,10.6971,9.0930,10.6971,1.7160,1,6.951,7.046
2024,DATA_20260318_130000.BIN,9.0930,11.5822,8.0317,11.5822,2.4530,1,7.575,8.168
2025,DATA_20260318_130000.BIN,8.0317,11.5713,6.3601,11.5713,3.4100,1,5.110,5.111
2026,DATA_20260318_130000.BIN,8.0466,10.5964,6.6380,10.5964,4.3120,1,5.151,5.167
2027,DATA_20260318_130000.BIN,6.6380,11.6896,9.6329,11.6896,3.9710,1,2.562,2.566
2028,DATA_20260318_130000.BIN,9.6329,11.8199,3.6514,11.8199,2.4970,1,5.950,6.009
2029,DATA_20260318_130000.BIN,2.4738,9.0852,0.4772,9.0852,4.8730,1,4.032,4.968
2030,DATA_20260318_130000.BIN,0.4772,4.1495,1.5389,4.1495,3.4650,1,5.092,5.097
2031,DATA_20260318_130000.BIN,1.5389,4.5839,2.1609,4.5839,2.9700,1,3.521,3.858
2032,DATA_20260318_130000.BIN,1.5816,8.0971,2.9229,8.0971,2.6620,1,4.657,4.778
2033,DATA_20260318_130000.BIN,2.9229,5.3976,2.2969,5.3976,1.8480,1,3.764,3.815
2034,DATA_20260318_130000.BIN,2.2969,9.1390,0.7940,9.1390,4.3670,1,3.734,3.843
2035,DATA_20260318_130000.BIN,0.7940,6.1743,3.3479,6.1743,2.2770,1,3.126,3.336
2036,DATA_20260318_130000.BIN,3.3479,6.4862,1.5797,6.4862,2.9700,1,4.256,5.737
2037,DATA_20260318_130000.BIN,1.5797,5.4823,2.4011,5.4823,7.0400,1,2.510,2.582
2038,DATA_20260318_130000.BIN,2.4011,4.7467,1.0984,4.7467,1.8260,1,0.935,1.044
2039,DATA_20260318_130000.BIN,1.0984,6.4261,1.8290,6.4261,3.6960,1,3.282,3.605
2040,DATA_20260318_130000.BIN,1.0520,8.8270,1.6166,8.8270,8.8440,1,3.049,3.966
2041,DATA_20260318_130000.BIN,1.6166,4.7179,0.6861,4.7179,1.0340,1,2.522,2.813
2042,DATA_20260318_130000.BIN,0.6861,4.1493,0.8952,4.1493,1.5180,1,1.832,3.096
2043,DATA_20260318_130000.BIN,0.8952,4.7688,1.7857,4.7688,3.2560,1,2.339,2.339
2044,DATA_20260318_130000.BIN,1.7857,6.6664,0.5560,6.6664,5.8410,1,2.750,6.220
2045,DATA_20260318_130000.BIN,0.5560,3.7022,0.7077,3.7022,1.2430,1,0.913,2.414
2046,DATA_20260318_130000.BIN,0.7077,5.7212,3.3484,5.7212,3.0030,1,0.988,1.515
2047,DATA_20260318_130000.BIN,1.2061,4.0851,0.5717,4.0851,1.8260,1,0.754,1.225
2048,DATA_20260318_130000.BIN,0.5717,5.0407,2.0885,5.0407,2.1560,1,0.733,3.214
2049,DATA_20260318_130000.BIN,1.3880,7.4831,4.5286,7.4831,2.4200,1,3.050,3.220
2050,DATA_20260318_130000.BIN,4.5286,8.3619,3.5318,8.3619,1.2100,1,6.178,6.231
2051,DATA_20260318_130000.BIN,3.5318,6.8590,3.3213,6.8590,1.4520,1,3.973,4.582
2052,DATA_20260318_130000.BIN,2.3233,10.9069,8.5112,10.9069,2.6290,1,2.391,2.391
2053,DATA_20260318_130000.BIN,2.3001,10.2586,4.3998,10.2586,5.1260,1,1.968,2.835
2054,DATA_20260318_130000.BIN,4.3998,6.1604,0.5596,6.1604,3.2780,1,3.786,4.467
2055,DATA_20260318_130000.BIN,0.5596,3.4083,0.8976,3.4083,1.2320,1,1.245,1.389
2056,DATA_20260318_130000.BIN,4.8089,17.0683,4.8052,17.0683,4.9940,1,4.510,4.739
2057,DATA_20260318_130000.BIN,4.6462,14.6295,6.3058,14.6295,5.6540,1,3.716,3.835
2058,DATA_20260318_130000.BIN,2.2736,4.4027,1.0567,4.4027,1.9470,1,2.492,2.553
2059,DATA_20260318_130000.BIN,1.0567,4.7415,1.9184,4.7415,1.3640,1,1.060,2.926
2060,DATA_20260318_130000.BIN,1.9184,6.8514,1.5087,6.8514,3.6960,1,1.665,1.847
2061,DATA_20260318_130000.BIN,3.5256,8.0847,3.8073,8.0847,3.8500,1,3.332,3.514
2062,DATA_20260318_130000.BIN,3.8073,7.1032,3.4433,7.1032,1.3860,1,2.330,3.341
2063,DATA_20260318_130000.BIN,3.4433,5.9011,1.0991,5.9011,4.0040,1,1.920,3.024
2064,DATA_20260318_130000.BIN,1.0991,3.9178,0.7272,3.9178,1.5950,1,2.820,4.413
2065,DATA_20260318_130000.BIN,0.7272,5.0467,1.4180,5.0467,4.3780,1,2.799,2.963
2066,DATA_20260318_130000.BIN,3.3565,6.9729,2.3519,6.9729,1.2100,1,2.249,2.286
2067,DATA_20260318_130000.BIN,2.3519,4.7203,0.7612,4.7203,2.1560,1,2.255,3.730
2068,DATA_20260318_130000.BIN,0.7465,3.5896,0.6711,3.5896,2.7940,1,3.061,3.412
2069,DATA_20260318_130000.BIN,0.6711,4.1392,1.8931,4.1392,2.2880,1,1.950,4.406
2070,DATA_20260318_130000.BIN,1.8931,3.9610,1.0008,3.9610,2.0680,1,0.642,1.929
2071,DATA_20260318_130000.BIN,1.0008,6.5207,0.9884,6.5207,3.1130,1,1.486,3.990
2072,DATA_20260318_130000.BIN,0.9884,3.0393,0.0951,3.0393,2.1340,1,1.679,5.002
2073,DATA_20260318_130000.BIN,0.0951,7.8340,3.9632,7.8340,5.9620,1,1.559,2.238
2074,DATA_20260318_130000.BIN,0.5670,3.3438,1.4519,3.3438,1.7820,1,1.856,1.947
2075,DATA_20260318_130000.BIN,1.4519,3.3711,1.1407,3.3711,1.6280,1,2.589,2.589
2076,DATA_20260318_130000.BIN,1.1407,3.7850,0.9539,3.7850,3.1680,1,1.927,1.975
2077,DATA_20260318_130000.BIN,0.9539,3.9881,0.5770,3.9881,1.6940,1,1.578,1.579
2078,DATA_20260318_130000.BIN,0.5770,4.8049,1.2839,4.8049,1.5070,1,1.034,1.245
2079,DATA_20260318_130000.BIN,1.2839,4.4027,2.4544,4.4027,3.5090,1,1.817,1.819
2080,DATA_20260318_130000.BIN,2.4544,4.5543,2.1944,4.5543,1.7820,1,2.820,3.245
2081,DATA_20260318_130000.BIN,2.1944,4.9546,1.0358,4.9546,3.8830,1,2.260,2.870
2082,DATA_20260318_130000.BIN,1.0358,9.7144,1.6868,9.7144,3.5970,1,1.820,3.332
2083,DATA_20260318_130000.BIN,1.6868,5.1436,1.3006,5.1436,2.8270,1,2.298,3.321
2084,DATA_20260318_130000.BIN,1.3006,4.3332,1.1825,4.3332,4.5980,1,1.332,2.480
2085,DATA_20260318_130000.BIN,1.1825,4.4006,1.1250,4.4006,1.7930,1,1.123,1.655
2086,DATA_20260318_130000.BIN,1.1250,5.5618,0.5151,5.5618,1.6610,1,1.068,1.132
2087,DATA_20260318_130000.BIN,0.5151,4.9432,0.1853,4.9432,1.5840,1,0.502,0.735
2088,DATA_20260318_130000.BIN,0.1853,5.7659,0.9673,5.7659,1.6500,1,0.562,0.650
2089,DATA_20260318_130000.BIN,0.9673,5.0323,0.5668,5.0323,1.6610,1,1.437,1.509
2090,DATA_20260318_130000.BIN,0.5668,6.1946,1.1720,6.1946,1.6170,1,0.824,0.942
2091,DATA_20260318_130000.BIN,1.1720,5.7046,1.5096,5.7046,1.7160,1,1.322,1.354
2092,DATA_20260318_130000.BIN,1.5096,11.1496,1.3607,11.1496,3.2010,1,1.922,2.381
2093,DATA_20260318_130000.BIN,1.3607,5.5662,0.9441,5.5662,1.5840,1,1.541,1.881
2094,DATA_20260318_130000.BIN,0.9441,5.4661,1.6101,5.4661,1.5400,1,0.982,1.080
2095,DATA_20260318_130000.BIN,1.6101,4.5260,1.4828,4.5260,1.5180,1,1.636,1.750
2096,DATA_20260318_130000.BIN,1.4828,4.5797,0.8872,4.5797,1.6280,1,1.296,1.345
2097,DATA_20260318_130000.BIN,0.8872,4.9060,1.3352,4.9060,1.6610,1,0.504,0.722
2098,DATA_20260318_130000.BIN,1.3352,4.0524,2.0633,4.0524,1.4850,1,1.080,1.098
2099,DATA_20260318_130000.BIN,2.0633,5.2068,1.7412,5.2068,1.7820,1,1.816,1.830
2100,DATA_20260318_130000.BIN,1.7412,5.5661,1.5949,5.5661,1.8920,1,1.677,1.689
2101,DATA_20260318_130000.BIN,1.5949,3.9382,1.7076,3.9382,1.5620,1,1.262,1.268
2102,DATA_20260318_130000.BIN,1.7076,4.0247,1.9679,4.0247,1.4080,1,1.877,2.050
2103,DATA_20260318_130000.BIN,0.5434,9.2918,2.4619,9.2918,3.1460,1,0.669,0.706
2104,DATA_20260318_130000.BIN,3.8462,6.7808,2.4272,6.7808,1.7270,1,4.642,5.505
2105,DATA_20260318_130000.BIN,2.4272,6.0733,1.3191,6.0733,1.2650,1,2.476,3.134
2106,DATA_20260318_130000.BIN,1.3191,6.8406,1.8539,6.8406,1.2870,1,1.366,1.406
2107,DATA_20260318_130000.BIN,1.8539,7.2573,3.7233,7.2573,1.1990,1,1.734,1.853
2108,DATA_20260318_130000.BIN,3.7233,6.1478,2.2161,6.1478,1.3310,1,4.395,5.571
2109,DATA_20260318_130000.BIN,2.2161,5.2869,1.7293,5.2869,1.3970,1,2.653,2.720
2110,DATA_20260318_130000.BIN,1.7293,6.1202,1.3551,6.1202,1.3750,1,1.623,1.845
2111,DATA_20260318_130000.BIN,1.3551,7.3958,1.5128,7.3958,1.6060,1,0.930,1.674
2112,DATA_20260318_130000.BIN,1.5128,5.5037,0.6239,5.5037,2.1780,1,1.099,1.193
2113,DATA_20260318_130000.BIN,0.6239,10.8854,8.9308,10.8854,8.0080,1,0.641,2.283
2114,DATA_20260318_130000.BIN,8.9308,13.6778,8.5170,13.6778,2.9040,1,11.239,11.338
2115,DATA_20260318_130000.BIN,0.6269,8.2568,0.2476,8.2568,2.0680,1,0.963,1.063
2116,DATA_20260318_130000.BIN,1.4844,10.9679,1.8531,10.9679,3.6080,1,1.639,1.741
2117,DATA_20260318_130000.BIN,1.8531,4.8682,1.0715,4.8682,1.0450,1,2.260,2.260
2118,DATA_20260318_130000.BIN,0.8112,4.5302,1.3788,4.5302,1.3310,1,0.958,1.214
2119,DATA_20260318_130000.BIN,1.3788,3.7375,1.0203,3.7375,1.6280,1,1.324,1.426
2120,DATA_20260318_130000.BIN,1.0203,4.6779,1.3210,4.6779,1.5290,1,0.755,1.165
2121,DATA_20260318_130000.BIN,1.3210,6.3504,1.8882,6.3504,1.3750,1,1.250,1.269
2122,DATA_20260318_130000.BIN,1.8882,5.8241,0.7184,5.8241,1.5070,1,2.340,2.344
2123,DATA_20260318_130000.BIN,0.7184,4.9033,1.5117,4.9033,1.7050,1,1.098,1.453
2124,DATA_20260318_130000.BIN,1.5117,5.5303,0.5795,5.5303,1.4630,1,2.235,3.232
2125,DATA_20260318_130000.BIN,0.5795,4.2873,0.4640,4.2873,1.6280,1,0.913,0.919
2126,DATA_20260318_130000.BIN,0.4640,4.1992,0.7964,4.1992,1.5180,1,0.550,0.692
2127,DATA_20260318_130000.BIN,0.7964,4.4127,0.3712,4.4127,1.7380,1,1.120,1.127
2128,DATA_20260318_130000.BIN,0.3712,4.2796,0.2685,4.2796,1.6500,1,0.526,0.526
2129,DATA_20260318_130000.BIN,0.2685,3.5630,0.5587,3.5630,1.5290,1,0.683,0.684
2130,DATA_20260318_130000.BIN,0.5587,5.3250,0.1528,5.3250,1.6940,1,0.637,0.646
2131,DATA_20260318_130000.BIN,0.1528,4.8992,1.2300,4.8992,1.6610,1,0.554,0.628
2132,DATA_20260318_130000.BIN,1.2300,4.7637,0.3740,4.7637,1.5620,1,1.777,1.852
2133,DATA_20260318_130000.BIN,0.3740,3.7982,0.9209,3.7982,1.6610,1,0.540,0.588
2134,DATA_20260318_130000.BIN,0.9209,4.3787,0.4086,4.3787,1.7160,1,1.205,1.205
2135,DATA_20260318_130000.BIN,0.4086,4.7461,0.9831,4.7461,1.8920,1,0.469,0.537
2136,DATA_20260318_130000.BIN,0.9831,5.2327,1.0075,5.2327,1.6610,1,1.086,1.643
2137,DATA_20260318_130000.BIN,1.0075,3.2728,1.0719,3.2728,1.7820,1,0.940,1.605
2138,DATA_20260318_130000.BIN,1.0719,4.3020,1.2484,4.3020,1.7160,1,0.984,1.027
2139,DATA_20260318_130000.BIN,1.2484,3.9788,2.3368,3.9788,1.7380,1,1.090,1.174
2140,DATA_20260318_130000.BIN,2.7138,5.4538,2.0766,5.4538,1.9910,1,2.794,4.227
2141,DATA_20260318_130000.BIN,2.0766,4.5444,0.6094,4.5444,1.6170,1,1.928,2.053
2142,DATA_20260318_130000.BIN,0.6094,3.6573,0.7273,3.6573,1.6280,1,0.180,0.414
2143,DATA_20260318_130000.BIN,0.7273,3.0325,0.5803,3.0325,1.7820,1,1.393,1.395
2144,DATA_20260318_130000.BIN,0.5803,3.9244,1.0199,3.9244,1.5840,1,0.666,1.145
2145,DATA_20260318_130000.BIN,1.0199,3.4900,1.3030,3.4900,1.3640,1,1.676,2.092
2146,DATA_20260318_130000.BIN,1.2147,3.2150,1.1655,3.2150,1.5400,1,1.620,1.853
2147,DATA_20260318_130000.BIN,1.1655,3.5063,0.6971,3.5063,1.6500,1,1.474,1.502
2148,DATA_20260318_130000.BIN,0.6971,4.5658,1.0573,4.5658,1.7930,1,0.606,0.622
2149,DATA_20260318_130000.BIN,1.0573,3.3599,1.2183,3.3599,1.8260,1,1.379,1.806
2150,DATA_20260318_130000.BIN,1.2183,5.1760,1.7573,5.1760,2.0900,1,1.537,1.664
2151,DATA_20260318_130000.BIN,1.7573,5.5654,0.4812,5.5654,2.0460,1,1.750,3.492
2152,DATA_20260318_130000.BIN,0.4812,3.3254,0.3611,3.3254,1.6060,1,0.660,0.705
2153,DATA_20260318_130000.BIN,0.3611,3.1985,0.3906,3.1985,1.6610,1,0.509,1.195
2154,DATA_20260318_130000.BIN,0.3906,3.5714,1.5638,3.5714,2.9370,1,0.447,0.874
2155,DATA_20260318_130000.BIN,1.5638,3.9586,0.9651,3.9586,2.8490,1,2.056,2.507
2156,DATA_20260318_130000.BIN,0.3932,3.0123,0.6809,3.0123,2.2770,1,0.417,0.518
2157,DATA_20260318_130000.BIN,0.6809,3.6256,2.2433,3.6256,4.9390,1,0.631,0.667
2158,DATA_20260318_130000.BIN,2.2433,4.9853,1.3768,4.9853,7.0510,1,2.438,3.688
2159,DATA_20260318_130000.BIN,0.5624,4.2633,1.9865,4.2633,6.6880,1,0.695,1.510
2160,DATA_20260318_130000.BIN,1.9865,5.0479,0.3729,5.0479,3.7950,1,2.286,2.315
2161,DATA_20260318_130000.BIN,0.6177,2.5157,0.6148,2.5157,6.9190,1,0.991,1.000
2162,DATA_20260318_130000.BIN,0.6148,2.4307,0.7223,2.4307,6.6550,1,0.849,0.878
2163,DATA_20260318_130000.BIN,0.7223,2.4946,0.6669,2.4946,1.6280,1,0.622,3.794
2164,DATA_20260318_130000.BIN,0.1271,6.0134,1.0067,6.0134,4.3230,1,0.387,3.069
2165,DATA_20260318_130000.BIN,1.0067,3.9109,0.7332,3.9109,1.6170,1,0.940,2.101
2166,DATA_20260318_130000.BIN,0.7332,4.0730,0.2179,4.0730,2.9810,1,0.372,2.240
2167,DATA_20260318_130000.BIN,2.7159,5.1459,3.0299,5.1459,1.7160,1,3.243,3.723
2168,DATA_20260318_130000.BIN,3.0299,9.0357,3.9185,9.0357,1.9360,1,3.398,4.475
2169,DATA_20260318_130000.BIN,3.9185,8.2825,3.6814,8.2825,3.9710,1,4.482,4.491
2170,DATA_20260318_130000.BIN,3.6814,7.7618,2.1452,7.7618,1.9030,1,3.426,3.558
2171,DATA_20260318_130000.BIN,2.1452,5.6448,1.8349,5.6448,1.7270,1,1.442,1.470
2172,DATA_20260318_130000.BIN,1.8349,5.1868,1.1220,5.1868,2.5850,1,3.021,3.025
2173,DATA_20260318_130000.BIN,10.8111,13.7004,8.5719,13.7004,6.5120,1,11.719,12.396
2174,DATA_20260318_130000.BIN,4.7594,8.0229,1.3861,8.0229,3.2780,1,3.167,5.623
2175,DATA_20260318_130000.BIN,1.3861,6.5357,3.2602,6.5357,1.7930,1,2.828,5.503
2176,DATA_20260318_130000.BIN,3.2602,5.4578,2.8201,5.4578,3.8390,1,2.758,3.265
2177,DATA_20260318_130000.BIN,2.8201,6.9781,2.6740,6.9781,1.5180,1,1.737,3.166
2178,DATA_20260318_130000.BIN,2.6740,9.9371,2.3882,9.9371,2.3210,1,2.881,2.903
2179,DATA_20260318_130000.BIN,0.6394,4.6581,0.6055,4.6581,2.9260,1,3.086,4.781
2180,DATA_20260318_130000.BIN,0.6055,5.9630,1.9019,5.9630,3.1350,1,2.598,3.432
2181,DATA_20260318_130000.BIN,1.4724,6.3232,3.4954,6.3232,1.6390,1,0.341,2.665
2182,DATA_20260318_130000.BIN,3.4954,6.0153,2.5014,6.0153,1.7270,1,2.253,3.390
2183,DATA_20260318_130000.BIN,2.5014,7.2054,3.9851,7.2054,3.0800,1,0.651,5.005
2184,DATA_20260318_130000.BIN,3.9851,7.1603,2.3406,7.1603,2.5850,1,4.759,5.477
2185,DATA_20260318_130000.BIN,2.3406,9.2599,2.2016,9.2599,4.8950,1,1.378,2.632
2186,DATA_20260318_130000.BIN,2.2016,5.9505,1.2159,5.9505,1.7050,1,1.662,1.762
2187,DATA_20260318_130000.BIN,1.2159,6.7806,2.5468,6.7806,1.4850,1,2.105,2.402
2188,DATA_20260318_130000.BIN,2.5468,4.7952,2.2618,4.7952,5.3240,1,2.557,3.498
2189,DATA_20260318_130000.BIN,2.2618,4.0280,0.8407,4.0280,1.7380,1,0.858,3.447
2190,DATA_20260318_130000.BIN,0.8407,3.7109,1.0136,3.7109,1.4960,1,2.412,2.931
2191,DATA_20260318_130000.BIN,1.0136,7.0255,0.9650,7.0255,1.6390,1,1.865,1.926
2192,DATA_20260318_130000.BIN,0.9650,9.2362,3.7079,9.2362,2.1560,1,1.895,4.504
2193,DATA_20260318_130000.BIN,3.7079,12.7682,3.8612,12.7682,6.6000,1,3.275,3.889
2194,DATA_20260318_130000.BIN,4.1941,5.7965,2.6224,5.7965,2.7610,1,3.498,3.524
2195,DATA_20260318_130000.BIN,2.6224,5.5175,2.7136,5.5175,5.0600,1,1.665,2.650
2196,DATA_20260318_130000.BIN,1.4656,7.2455,3.0465,7.2455,3.4870,1,1.342,2.821
2197,DATA_20260318_130000.BIN,3.0465,8.9061,3.7343,8.9061,4.9170,1,1.180,4.505
2198,DATA_20260318_130000.BIN,3.7343,7.3936,4.9554,7.3936,1.8920,1,3.610,3.902
2199,DATA_20260318_130000.BIN,5.0722,28.9874,16.8766,28.9874,2.7940,1,7.188,7.507
2200,DATA_20260318_130000.BIN,16.8766,25.0971,10.5456,25.0971,1.5620,1,20.387,23.188
2201,DATA_20260318_140000.BIN,8.4107,15.5978,12.0630,15.5978,2.2220,1,2.942,4.881
2202,DATA_20260318_140000.BIN,12.0630,20.0847,0.6191,20.0847,6.6660,1,5.953,6.674
2203,DATA_20260318_140000.BIN,0.6191,3.6109,1.6584,3.6109,2.0240,1,8.531,9.956
2204,DATA_20260318_140000.BIN,1.6584,3.4600,1.0993,3.4600,1.2100,1,8.556,11.842
2205,DATA_20260318_140000.BIN,1.0993,5.1279,2.3333,5.1279,2.5850,1,7.247,7.577
2206,DATA_20260318_140000.BIN,2.3333,4.6396,0.9589,4.6396,1.8040,1,6.537,8.514
2207,DATA_20260318_140000.BIN,0.9589,2.9609,1.3517,2.9609,1.2870,1,5.293,6.046
2208,DATA_20260318_140000.BIN,1.3517,6.1756,0.3228,6.1756,5.2470,1,6.220,8.559
2209,DATA_20260318_140000.BIN,0.3228,8.3658,0.4965,8.3658,3.5310,1,5.322,7.512
2210,DATA_20260318_140000.BIN,0.4965,5.5371,2.2647,5.5371,3.1790,1,4.025,6.178
2211,DATA_20260318_140000.BIN,6.1119,12.6102,4.8177,12.6102,3.1020,1,7.028,8.801
2212,DATA_20260318_140000.BIN,4.8177,7.1930,1.8355,7.1930,2.2770,1,4.646,5.386
2213,DATA_20260318_140000.BIN,1.8355,11.9978,0.3168,11.9978,7.0180,1,2.382,3.707
2214,DATA_20260318_140000.BIN,2.2064,6.1843,2.8420,6.1843,4.7960,1,1.373,5.212
2215,DATA_20260318_140000.BIN,2.8420,5.3145,1.8784,5.3145,1.9250,1,3.709,5.993
2216,DATA_20260318_140000.BIN,1.8784,6.0545,1.5137,6.0545,3.8610,1,2.865,3.281
2217,DATA_20260318_140000.BIN,1.5137,4.8205,1.8243,4.8205,2.1120,1,1.857,3.481
2218,DATA_20260318_140000.BIN,1.8243,3.6448,1.5436,3.6448,1.2870,1,2.568,3.446
2219,DATA_20260318_140000.BIN,1.5436,7.0297,1.7972,7.0297,1.8370,1,3.485,4.015
2220,DATA_20260318_140000.BIN,1.7972,4.9555,1.2410,4.9555,1.7160,1,2.175,2.299
2221,DATA_20260318_140000.BIN,4.8735,8.8715,5.6484,8.8715,8.6570,1,3.069,3.123
2222,DATA_20260318_140000.BIN,5.6484,9.9543,4.6300,9.9543,6.8090,1,3.766,4.048
2223,DATA_20260318_140000.BIN,11.9895,16.9419,7.9321,16.9419,6.9300,1,10.467,10.676
2224,DATA_20260318_140000.BIN,7.9321,10.7777,4.4144,10.7777,4.9940,1,5.140,5.404
2225,DATA_20260318_140000.BIN,4.4144,8.2767,5.2785,8.2767,2.0020,1,0.837,1.380
2226,DATA_20260318_140000.BIN,5.0406,8.8748,5.0599,8.8748,4.4110,1,2.992,3.062
2227,DATA_20260318_140000.BIN,5.0599,7.1346,2.4457,7.1346,2.8270,1,3.373,3.722
2228,DATA_20260318_140000.BIN,2.4457,9.4341,1.1774,9.4341,2.4200,1,3.835,3.876
2229,DATA_20260318_140000.BIN,1.1774,5.8016,1.4644,5.8016,3.4430,1,5.557,5.831
2230,DATA_20260318_140000.BIN,1.4644,3.4959,1.1663,3.4959,3.2890,1,2.426,2.606
2231,DATA_20260318_140000.BIN,1.1663,4.0596,0.6099,4.0596,3.5640,1,2.608,3.139
2232,DATA_20260318_140000.BIN,0.6099,5.2647,2.3047,5.2647,2.5740,1,2.696,5.778
2233,DATA_20260318_140000.BIN,3.6677,5.7643,0.9704,5.7643,4.5320,1,1.793,4.401
2234,DATA_20260318_140000.BIN,0.9704,2.7731,0.0548,2.7731,1.5950,1,3.820,3.867
2235,DATA_20260318_140000.BIN,0.0548,3.9819,0.7566,3.9819,1.6060,1,3.001,3.042
2236,DATA_20260318_140000.BIN,0.7566,7.2083,2.6437,7.2083,4.1360,1,2.531,2.655
2237,DATA_20260318_140000.BIN,2.6437,5.7290,0.7391,5.7290,3.1900,1,4.154,6.151
2238,DATA_20260318_140000.BIN,0.8014,4.3938,2.0699,4.3938,1.2650,1,3.104,4.213
2239,DATA_20260318_140000.BIN,1.3698,5.9777,0.9005,5.9777,1.3750,1,3.264,3.285
2240,DATA_20260318_140000.BIN,0.9005,4.0049,0.8633,4.0049,1.3200,1,2.751,2.914
2241,DATA_20260318_140000.BIN,0.4552,3.7880,1.2370,3.7880,5.5000,1,1.910,2.650
2242,DATA_20260318_140000.BIN,1.2370,11.3738,2.8054,11.3738,5.2360,1,0.203,3.034
2243,DATA_20260318_140000.BIN,2.8054,5.8054,3.5251,5.8054,3.1570,1,1.934,2.174
2244,DATA_20260318_140000.BIN,3.5251,5.1098,1.2813,5.1098,1.5730,1,2.321,5.045
2245,DATA_20260318_140000.BIN,1.2813,7.8897,1.7381,7.8897,1.6830,1,3.400,4.443
2246,DATA_20260318_140000.BIN,1.7381,6.1442,0.4807,6.1442,3.2890,1,1.861,1.902
2247,DATA_20260318_140000.BIN,0.4807,3.8024,1.1274,3.8024,3.6630,1,1.736,1.965
2248,DATA_20260318_140000.BIN,0.7997,3.1047,2.0766,3.1047,4.1800,1,0.389,2.098
2249,DATA_20260318_140000.BIN,1.1650,4.6220,1.1029,4.6220,1.6830,1,0.725,1.358
2250,DATA_20260318_140000.BIN,1.1029,4.5258,0.3218,4.5258,3.3000,1,0.780,1.221
2251,DATA_20260318_140000.BIN,0.3218,4.4400,0.1591,4.4400,4.2790,1,1.236,2.049
2252,DATA_20260318_140000.BIN,0.1591,3.4390,0.8432,3.4390,2.8270,1,0.912,1.871
2253,DATA_20260318_140000.BIN,1.8636,3.9107,0.9673,3.9107,4.4990,1,1.962,1.963
2254,DATA_20260318_140000.BIN,0.9329,3.4337,0.4349,3.4337,1.1550,1,0.560,0.796
2255,DATA_20260318_140000.BIN,0.4349,7.0902,2.2554,7.0902,3.4210,1,0.793,0.818
2256,DATA_20260318_140000.BIN,2.2554,5.7026,0.5647,5.7026,1.1770,1,1.750,1.750
2257,DATA_20260318_140000.BIN,0.8814,4.8712,0.5881,4.8712,2.5300,1,2.106,2.131
2258,DATA_20260318_140000.BIN,1.5670,4.0764,0.6714,4.0764,1.2320,1,2.264,2.853
2259,DATA_20260318_140000.BIN,0.6714,4.9315,0.4384,4.9315,1.1660,1,1.286,1.353
2260,DATA_20260318_140000.BIN,0.4384,4.6360,0.8454,4.6360,1.1440,1,0.446,1.467
2261,DATA_20260318_140000.BIN,0.5358,3.4853,0.7766,3.4853,2.4090,1,1.015,1.416
2262,DATA_20260318_140000.BIN,1.1574,2.6878,0.8655,2.6878,1.3420,1,0.760,1.073
2263,DATA_20260318_140000.BIN,0.8655,3.0777,0.5842,3.0777,1.2210,1,0.397,1.128
2264,DATA_20260318_140000.BIN,0.5842,3.4905,1.0490,3.4905,1.4190,1,0.219,0.771
2265,DATA_20260318_140000.BIN,1.0490,4.1396,0.3330,4.1396,1.2760,1,0.509,0.578
2266,DATA_20260318_140000.BIN,0.3330,3.1474,0.6539,3.1474,3.2560,1,1.025,1.025
2267,DATA_20260318_140000.BIN,1.1283,3.2908,1.0181,3.2908,1.5180,1,0.673,0.875
2268,DATA_20260318_140000.BIN,1.0181,3.7818,0.8187,3.7818,5.8520,1,1.023,1.324
2269,DATA_20260318_140000.BIN,0.8187,3.6236,0.6024,3.6236,1.2870,1,0.155,2.439
2270,DATA_20260318_140000.BIN,0.6024,3.3503,0.7356,3.3503,1.2210,1,1.358,2.203
2271,DATA_20260318_140000.BIN,0.7356,3.3799,0.9481,3.3799,1.1660,1,0.551,1.251
2272,DATA_20260318_140000.BIN,0.9481,3.4252,1.5638,3.4252,1.1770,1,0.513,0.760
2273,DATA_20260318_140000.BIN,1.5638,3.2954,0.2259,3.2954,1.2320,1,1.123,1.270
2274,DATA_20260318_140000.BIN,0.2259,3.4908,0.3337,3.4908,2.7280,1,0.661,1.131
2275,DATA_20260318_140000.BIN,0.5800,5.0850,0.6909,5.0850,6.0940,1,0.830,1.092
2276,DATA_20260318_140000.BIN,0.6078,13.3813,2.5976,13.3813,8.6900,1,1.164,1.481
2277,DATA_20260318_140000.BIN,2.5976,4.2642,1.9461,4.2642,2.2660,1,2.923,3.672
2278,DATA_20260318_140000.BIN,1.9461,5.3667,1.9166,5.3667,2.0570,1,2.079,2.625
2279,DATA_20260318_140000.BIN,1.2730,8.0785,2.3064,8.0785,4.1030,1,1.239,1.325
2280,DATA_20260318_140000.BIN,2.2240,6.5352,0.9213,6.5352,1.9800,1,2.889,3.028
2281,DATA_20260318_140000.BIN,0.9213,4.2116,0.0548,4.2116,1.3970,1,1.225,1.376
2282,DATA_20260318_140000.BIN,0.0548,3.6540,1.4773,3.6540,1.6610,1,0.597,0.601
2283,DATA_20260318_140000.BIN,1.4773,3.7026,0.4146,3.7026,3.3330,1,2.033,2.043
2284,DATA_20260318_140000.BIN,0.4146,3.2831,1.5084,3.2831,1.8040,1,0.931,1.053
2285,DATA_20260318_140000.BIN,2.1947,5.0297,1.6291,5.0297,2.1780,1,2.477,2.707
2286,DATA_20260318_140000.BIN,1.6291,3.3208,1.0699,3.3208,1.9030,1,1.594,2.153
2287,DATA_20260318_140000.BIN,1.0699,4.8057,1.6700,4.8057,2.0680,1,0.902,1.979
2288,DATA_20260318_140000.BIN,1.6700,5.6106,2.1526,5.6106,3.9380,1,1.321,1.332
2289,DATA_20260318_140000.BIN,2.1526,5.4137,1.8099,5.4137,4.8950,1,2.068,2.546
2290,DATA_20260318_140000.BIN,1.8099,3.9907,1.1318,3.9907,2.7940,1,1.750,1.869
2291,DATA_20260318_140000.BIN,1.1318,3.2543,0.5029,3.2543,1.8700,1,1.126,1.298
2292,DATA_20260318_140000.BIN,0.5029,2.6754,0.8404,2.6754,1.1990,1,0.881,1.040
2293,DATA_20260318_140000.BIN,0.8404,4.0857,0.3443,4.0857,1.4960,1,1.215,1.216
2294,DATA_20260318_140000.BIN,0.8840,3.0564,0.9866,3.0564,1.1770,1,1.664,1.791
2295,DATA_20260318_140000.BIN,0.9866,3.1018,0.4333,3.1018,4.1910,1,1.783,1.853
2296,DATA_20260318_140000.BIN,0.4333,2.5990,0.3807,2.5990,8.5140,1,0.692,1.872
2297,DATA_20260318_140000.BIN,0.3807,5.6818,1.0155,5.6818,9.8010,1,0.148,1.249
2298,DATA_20260318_140000.BIN,2.7964,8.0731,4.1807,8.0731,2.1450,1,4.137,6.775
2299,DATA_20260318_140000.BIN,4.1807,5.6760,0.1928,5.6760,3.2780,1,5.411,6.781
2300,DATA_20260318_140000.BIN,0.1928,3.5330,0.4117,3.5330,2.3760,1,0.680,1.358
2301,DATA_20260318_140000.BIN,0.6171,2.5863,0.5048,2.5863,1.7270,1,0.537,0.778
2302,DATA_20260318_140000.BIN,0.5048,3.3345,0.2903,3.3345,1.6720,1,0.844,0.974
2303,DATA_20260318_140000.BIN,0.3359,2.8742,0.4708,2.8742,2.2000,1,0.186,0.188
2304,DATA_20260318_140000.BIN,0.4708,2.6482,0.2020,2.6482,1.5510,1,0.737,1.648
2305,DATA_20260318_140000.BIN,0.2020,2.8692,0.9321,2.8692,1.3420,1,0.057,0.944
2306,DATA_20260318_140000.BIN,0.9321,3.1235,0.4537,3.1235,1.3310,1,1.364,1.391
2307,DATA_20260318_140000.BIN,0.4537,4.0213,0.9727,4.0213,1.3420,1,0.560,0.702
2308,DATA_20260318_140000.BIN,2.6453,4.1571,1.2939,4.1571,1.4850,1,2.952,2.958
2309,DATA_20260318_140000.BIN,1.2939,4.8060,0.6739,4.8060,1.3090,1,1.197,1.202
2310,DATA_20260318_140000.BIN,1.4693,6.1343,3.1718,6.1343,2.6510,1,1.706,1.809
2311,DATA_20260318_140000.BIN,3.1718,8.3030,2.4375,8.3030,2.6730,1,3.299,3.327
2312,DATA_20260318_140000.BIN,2.4375,8.1463,4.5840,8.1463,4.0370,1,1.722,3.376
2313,DATA_20260318_140000.BIN,3.5236,5.2158,2.1519,5.2158,5.0270,1,3.357,3.669
2314,DATA_20260318_140000.BIN,2.9974,6.0742,2.9223,6.0742,4.6640,1,2.199,2.207
2315,DATA_20260318_140000.BIN,1.4949,6.8646,3.6907,6.8646,5.1150,1,1.187,3.183
2316,DATA_20260318_140000.BIN,3.6907,6.0300,2.4258,6.0300,3.9820,1,2.679,2.868
2317,DATA_20260318_140000.BIN,2.4258,4.1235,0.5767,4.1235,2.2660,1,1.442,3.393
2318,DATA_20260318_140000.BIN,0.5767,4.0477,0.5723,4.0477,1.4960,1,1.610,1.655
2319,DATA_20260318_140000.BIN,1.0321,3.6394,0.2292,3.6394,1.4520,1,1.298,2.219
2320,DATA_20260318_140000.BIN,0.2292,3.1479,0.9017,3.1479,2.5190,1,1.896,1.905
2321,DATA_20260318_140000.BIN,0.9017,7.2358,2.8087,7.2358,3.5860,1,1.914,2.707
2322,DATA_20260318_140000.BIN,0.8791,8.0072,2.5440,8.0072,4.9390,1,0.523,1.474
2323,DATA_20260318_140000.BIN,2.5440,5.9075,3.1312,5.9075,3.1350,1,2.092,3.420
2324,DATA_20260318_140000.BIN,3.1312,9.1600,0.6986,9.1600,4.2680,1,2.966,3.259
2325,DATA_20260318_140000.BIN,0.6986,4.0861,1.3927,4.0861,2.0900,1,0.337,3.278
2326,DATA_20260318_140000.BIN,1.3927,4.3080,2.3980,4.3080,1.8260,1,0.907,2.446
2327,DATA_20260318_140000.BIN,2.3980,6.0672,1.4846,6.0672,4.6310,1,2.079,2.618
2328,DATA_20260318_140000.BIN,2.3209,9.0712,0.9497,9.0712,5.4560,1,1.638,3.158
2329,DATA_20260318_140000.BIN,0.9497,3.6488,0.2451,3.6488,3.0360,1,1.040,1.994
2330,DATA_20260318_140000.BIN,0.2451,3.0016,0.5118,3.0016,1.3310,1,1.614,1.677
2331,DATA_20260318_140000.BIN,0.5118,4.2303,0.9958,4.2303,1.4850,1,1.557,2.115
2332,DATA_20260318_140000.BIN,0.4973,2.8757,0.5211,2.8757,2.1120,1,1.232,2.273
2333,DATA_20260318_140000.BIN,0.5211,2.9802,0.9006,2.9802,1.6060,1,1.537,1.623
2334,DATA_20260318_140000.BIN,1.1586,3.2931,0.4903,3.2931,2.8270,1,0.966,1.752
2335,DATA_20260318_140000.BIN,0.4903,3.0084,1.1626,3.0084,2.7830,1,0.340,0.541
2336,DATA_20260318_140000.BIN,0.4434,5.0048,0.5394,5.0048,6.7870,1,1.801,3.280
2337,DATA_20260318_140000.BIN,0.3414,2.3125,0.5641,2.3125,3.8280,1,0.600,1.148
2338,DATA_20260318_140000.BIN,0.5641,3.7957,1.6684,3.7957,3.9050,1,1.487,2.472
2339,DATA_20260318_140000.BIN,1.6684,3.6578,0.4010,3.6578,1.9030,1,1.655,1.669
2340,DATA_20260318_140000.BIN,0.4010,2.8875,0.5977,2.8875,3.0140,1,1.222,2.697
2341,DATA_20260318_140000.BIN,0.5977,3.4610,1.3856,3.4610,1.3310,1,0.251,2.005
2342,DATA_20260318_140000.BIN,1.3856,3.0474,0.5504,3.0474,1.2980,1,0.899,1.393
2343,DATA_20260318_140000.BIN,0.5504,4.0485,1.5146,4.0485,1.3200,1,0.569,0.844
2344,DATA_20260318_140000.BIN,1.5146,4.3224,2.4042,4.3224,4.6090,1,2.254,2.258
2345,DATA_20260318_140000.BIN,2.4042,4.9811,1.4181,4.9811,1.3090,1,2.938,2.945
2346,DATA_20260318_140000.BIN,1.4181,4.4237,0.8398,4.4237,1.5510,1,1.254,1.907
2347,DATA_20260318_140000.BIN,0.8398,3.5185,0.3079,3.5185,1.7710,1,1.205,2.711
2348,DATA_20260318_140000.BIN,0.3079,3.4582,0.4045,3.4582,1.4080,1,1.099,1.745
2349,DATA_20260318_140000.BIN,0.8882,5.4401,1.2337,5.4401,4.7740,1,1.460,1.537
2350,DATA_20260318_140000.BIN,8.9873,12.5907,2.5026,12.5907,5.5880,1,10.620,10.633
2351,DATA_20260318_140000.BIN,2.5026,8.0245,2.1436,8.0245,1.7270,1,2.057,2.083
2352,DATA_20260318_140000.BIN,2.1436,4.8039,1.7417,4.8039,1.2430,1,1.727,2.046
2353,DATA_20260318_140000.BIN,1.7417,4.2617,1.1163,4.2617,1.2430,1,1.865,2.027
2354,DATA_20260318_140000.BIN,1.6003,4.3804,0.9860,4.3804,1.5180,1,1.332,4.524
2355,DATA_20260318_140000.BIN,0.9860,3.2436,0.7738,3.2436,1.1660,1,1.551,1.883
2356,DATA_20260318_140000.BIN,0.7738,3.4301,1.2022,3.4301,2.3980,1,0.441,0.741
2357,DATA_20260318_140000.BIN,1.2022,7.0600,0.6904,7.0600,3.9600,1,1.694,2.341
2358,DATA_20260318_140000.BIN,0.6904,3.0633,0.8217,3.0633,1.5400,1,1.912,2.046
2359,DATA_20260318_140000.BIN,0.8217,7.9929,0.7485,7.9929,4.4110,1,0.845,0.965
2360,DATA_20260318_140000.BIN,0.7485,7.2120,4.7113,7.2120,1.7490,1,1.768,2.951
2361,DATA_20260318_140000.BIN,4.7113,7.3347,1.1628,7.3347,2.8270,1,4.499,5.184
2362,DATA_20260318_140000.BIN,1.7845,4.5356,0.4860,4.5356,5.0710,1,2.249,2.761
2363,DATA_20260318_140000.BIN,0.4860,5.7652,1.3967,5.7652,2.5630,1,1.343,1.426
2364,DATA_20260318_140000.BIN,0.7370,3.9104,1.1674,3.9104,1.3420,1,1.691,2.012
2365,DATA_20260318_140000.BIN,0.7580,2.9237,1.2689,2.9237,2.4750,1,0.075,0.204
2366,DATA_20260318_140000.BIN,1.2689,4.0616,0.9673,4.0616,1.8150,1,1.927,2.519
2367,DATA_20260318_140000.BIN,0.9673,2.3042,0.1739,2.3042,3.9600,1,0.519,3.158
2368,DATA_20260318_140000.BIN,0.1739,7.6150,1.2177,7.6150,7.6120,1,1.806,1.828
2369,DATA_20260318_140000.BIN,1.2177,3.8361,1.3845,3.8361,1.4520,1,2.003,2.078
2370,DATA_20260318_140000.BIN,1.3845,3.0870,0.8107,3.0870,1.2760,1,2.084,2.324
2371,DATA_20260318_140000.BIN,1.9025,4.5617,0.6979,4.5617,2.9480,1,2.032,4.845
2372,DATA_20260318_140000.BIN,0.0391,4.2041,0.9437,4.2041,7.3150,1,0.262,0.893
2373,DATA_20260318_140000.BIN,0.9437,3.8558,0.5949,3.8558,3.8170,1,0.548,3.126
2374,DATA_20260318_140000.BIN,0.5949,5.3806,1.6204,5.3806,1.8700,1,0.977,2.460
2375,DATA_20260318_140000.BIN,1.6204,6.7802,3.3628,6.7802,3.0250,1,2.554,3.064
2376,DATA_20260318_140000.BIN,3.3628,5.7085,1.4009,5.7085,9.3060,1,3.911,3.928
2377,DATA_20260318_140000.BIN,1.4009,4.8631,1.8558,4.8631,7.9530,1,0.877,4.157
2378,DATA_20260318_140000.BIN,0.7395,3.9570,1.2239,3.9570,4.5210,1,0.581,5.579
2379,DATA_20260318_140000.BIN,1.2239,4.0474,2.2887,4.0474,2.3100,1,1.079,4.818
2380,DATA_20260318_140000.BIN,0.4777,8.1186,5.8236,8.1186,9.5040,1,1.108,1.149
2381,DATA_20260318_140000.BIN,5.8236,10.5667,6.4960,10.5667,2.6400,1,6.983,7.517
2382,DATA_20260318_140000.BIN,6.4960,25.5125,14.5077,25.5125,2.6840,1,6.711,6.778
2383,DATA_20260318_140000.BIN,14.5077,19.4744,9.5447,19.4744,1.8040,1,17.823,20.201
2384,DATA_20260318_140000.BIN,9.1828,22.1850,16.7009,22.1850,4.3340,1,8.245,8.433
2385,DATA_20260318_140000.BIN,16.7009,22.1615,12.3224,22.1615,3.3880,1,16.773,17.291
2386,DATA_20260318_140000.BIN,12.3224,16.1470,0.3294,16.1470,5.6100,1,9.649,9.667
2387,DATA_20260318_140000.BIN,0.3294,3.3485,0.2255,3.3485,1.7820,1,5.138,5.141
2388,DATA_20260318_140000.BIN,0.2255,5.6485,1.6548,5.6485,2.8050,1,5.135,6.079
2389,DATA_20260318_140000.BIN,1.6548,3.7353,1.6050,3.7353,2.2330,1,3.964,3.964
2390,DATA_20260318_140000.BIN,1.6050,4.3498,2.3355,4.3498,2.5190,1,2.389,2.392
2391,DATA_20260318_140000.BIN,2.3355,5.4639,2.7145,5.4639,2.9920,1,3.299,3.892
2392,DATA_20260318_140000.BIN,0.4717,3.4309,0.4217,3.4309,3.8830,1,3.017,4.792
2393,DATA_20260318_140000.BIN,0.4217,2.8649,0.3152,2.8649,1.6170,1,3.453,3.613
2394,DATA_20260318_140000.BIN,0.3152,3.0623,0.5617,3.0623,4.6640,1,2.965,3.316
2395,DATA_20260318_140000.BIN,1.4142,12.1422,0.9038,12.1422,5.9950,1,4.023,4.075
2396,DATA_20260318_140000.BIN,0.9038,3.5381,0.7062,3.5381,6.2480,1,1.555,2.581
2397,DATA_20260318_140000.BIN,0.7062,4.6751,0.6239,4.6751,4.4660,1,2.758,2.860
2398,DATA_20260318_140000.BIN,0.6239,3.3912,1.3002,3.3912,2.5740,1,1.969,2.967
2399,DATA_20260318_140000.BIN,0.6437,4.2497,1.7661,4.2497,2.0570,1,2.408,4.957
2400,DATA_20260318_140000.BIN,1.7661,4.2388,0.6258,4.2388,1.8810,1,0.493,1.263
2401,DATA_20260318_140000.BIN,0.6258,10.5692,3.6749,10.5692,5.2360,1,2.017,2.473
2402,DATA_20260318_140000.BIN,3.6749,5.8920,0.3200,5.8920,1.4410,1,4.101,4.129
2403,DATA_20260318_140000.BIN,0.3200,5.3044,0.6982,5.3044,6.5560,1,1.790,1.793
2404,DATA_20260318_140000.BIN,0.6982,2.3467,0.7729,2.3467,1.9800,1,1.287,3.371
2405,DATA_20260318_140000.BIN,1.6630,3.5519,0.5520,3.5519,3.5970,1,0.830,1.374
2406,DATA_20260318_140000.BIN,0.3403,2.9269,1.0369,2.9269,3.6960,1,1.587,1.927
2407,DATA_20260318_140000.BIN,1.0369,3.2605,1.6932,3.2605,4.4000,1,1.547,1.645
2408,DATA_20260318_140000.BIN,1.6932,3.1145,0.3423,3.1145,2.2550,1,2.853,2.891
2409,DATA_20260318_140000.BIN,0.3423,3.5617,0.3088,3.5617,6.1930,1,1.051,2.140
2410,DATA_20260318_140000.BIN,12.7942,19.7352,17.0697,19.7352,2.7830,1,14.017,14.259
2411,DATA_20260318_140000.BIN,17.0697,19.5268,15.5779,19.5268,1.7710,1,18.429,19.108
2412,DATA_20260318_140000.BIN,15.5779,18.5178,4.4931,18.5178,6.0170,1,14.374,14.524
2413,DATA_20260318_140000.BIN,2.6696,4.6592,0.8868,4.6592,5.2140,1,2.514,4.117
2414,DATA_20260318_140000.BIN,2.6642,4.5106,2.4589,4.5106,2.7610,1,2.075,5.112
2415,DATA_20260318_140000.BIN,2.5217,4.3381,1.7047,4.3381,4.6640,1,1.755,1.768
2416,DATA_20260318_140000.BIN,1.3429,7.8868,1.2491,7.8868,5.7310,1,3.131,3.131
2417,DATA_20260318_140000.BIN,1.2491,3.6395,1.4218,3.6395,1.6830,1,3.357,3.621
2418,DATA_20260318_140000.BIN,1.4218,4.5737,2.4843,4.5737,1.5180,1,2.702,2.777
2419,DATA_20260318_140000.BIN,2.4843,13.0835,6.1889,13.0835,6.4680,1,3.206,3.598
2420,DATA_20260318_140000.BIN,6.1889,11.6594,4.1866,11.6594,2.6950,1,5.233,5.834
2421,DATA_20260318_140000.BIN,4.1866,9.9857,1.6963,9.9857,6.6990,1,1.670,4.292
2422,DATA_20260318_140000.BIN,1.6963,3.7661,1.6375,3.7661,2.6950,1,4.831,6.045
2423,DATA_20260318_140000.BIN,1.6375,4.0874,0.9012,4.0874,3.2890,1,5.082,5.137
2424,DATA_20260318_140000.BIN,0.9012,3.7492,1.2601,3.7492,2.8820,1,3.669,3.962
2425,DATA_20260318_140000.BIN,1.2601,9.7156,2.1037,9.7156,6.0280,1,3.966,4.241
2426,DATA_20260318_140000.BIN,2.1037,6.5560,1.4903,6.5560,5.8960,1,2.835,3.034
2427,DATA_20260318_140000.BIN,2.3412,4.4866,0.9153,4.4866,4.4220,1,1.822,2.337
2428,DATA_20260318_140000.BIN,0.9153,3.2339,1.1634,3.2339,4.2570,1,0.960,1.278
2429,DATA_20260318_140000.BIN,1.1634,3.7602,0.1202,3.7602,2.3870,1,0.536,0.759
2430,DATA_20260318_140000.BIN,0.1202,7.7013,2.6856,7.7013,6.9740,1,1.975,2.682
2431,DATA_20260318_140000.BIN,2.6856,4.6862,0.7916,4.6862,1.6390,1,2.290,3.250
2432,DATA_20260318_140000.BIN,0.7916,4.5295,0.4104,4.5295,1.7270,1,1.718,1.782
2433,DATA_20260318_140000.BIN,0.4104,3.6142,1.2826,3.6142,1.7380,1,1.778,2.832
2434,DATA_20260318_140000.BIN,1.3093,4.3069,0.6065,4.3069,2.2220,1,1.082,2.060
2435,DATA_20260318_140000.BIN,0.6065,2.6161,0.1627,2.6161,2.2550,1,0.702,1.729
2436,DATA_20260318_140000.BIN,0.2892,2.7065,0.2439,2.7065,5.6210,1,0.986,2.108
2437,DATA_20260318_140000.BIN,0.2439,5.8506,0.0520,5.8506,7.3920,1,1.893,2.137
2438,DATA_20260318_140000.BIN,1.3052,3.7700,0.7506,3.7700,6.5780,1,1.415,1.438
2439,DATA_20260318_140000.BIN,0.3932,3.4287,0.2506,3.4287,1.8260,1,0.546,1.149
2440,DATA_20260318_140000.BIN,0.2506,3.9798,0.7005,3.9798,2.2770,1,0.670,1.984
2441,DATA_20260318_140000.BIN,1.0090,11.4966,3.4819,11.4966,5.9290,1,2.014,2.016
2442,DATA_20260318_140000.BIN,2.0827,6.3175,2.8668,6.3175,2.6400,1,2.846,2.846
2443,DATA_20260318_140000.BIN,2.8668,5.7765,2.4301,5.7765,1.6500,1,2.885,2.916
2444,DATA_20260318_140000.BIN,2.4047,7.6922,3.5226,7.6922,1.1000,1,3.861,5.131
2445,DATA_20260318_140000.BIN,3.5226,9.1892,1.4350,9.1892,9.2620,1,4.638,5.101
2446,DATA_20260318_140000.BIN,1.4350,13.0692,0.4513,13.0692,3.8170,1,2.137,2.715
2447,DATA_20260318_140000.BIN,0.4513,6.8432,2.3663,6.8432,2.9040,1,0.501,0.641
2448,DATA_20260318_140000.BIN,2.3663,5.8491,2.4436,5.8491,4.3560,1,2.822,4.303
2449,DATA_20260318_140000.BIN,2.4436,7.8344,2.9075,7.8344,5.6540,1,2.647,2.653
2450,DATA_20260318_140000.BIN,2.9075,10.7313,6.1349,10.7313,3.2010,1,3.020,3.066
2451,DATA_20260318_140000.BIN,1.7898,5.6712,2.9606,5.6712,5.6320,1,1.627,1.680
2452,DATA_20260318_140000.BIN,2.9606,6.2919,1.9672,6.2919,4.1360,1,2.711,2.892
2453,DATA_20260318_140000.BIN,1.9672,4.5673,1.0715,4.5673,2.0570,1,1.549,2.564
2454,DATA_20260318_140000.BIN,1.0715,4.7421,2.5453,4.7421,1.6610,1,1.192,2.510
2455,DATA_20260318_140000.BIN,2.5453,9.4375,5.1482,9.4375,2.5410,1,1.754,1.817
2456,DATA_20260318_140000.BIN,5.1482,6.7944,1.5595,6.7944,3.1570,1,6.985,7.401
2457,DATA_20260318_140000.BIN,1.5595,8.4158,2.3294,8.4158,3.5860,1,0.675,0.676
2458,DATA_20260318_140000.BIN,0.7901,5.5349,2.7243,5.5349,4.1800,1,2.104,2.107
2459,DATA_20260318_150000.BIN,5.5026,15.1766,1.5426,15.1766,5.8850,1,1.207,6.803
2460,DATA_20260318_150000.BIN,0.9429,8.5863,1.3499,8.5863,3.6850,1,8.089,19.573
2461,DATA_20260318_150000.BIN,1.3499,12.4935,0.9287,12.4935,8.1290,1,7.050,16.809
2462,DATA_20260318_150000.BIN,3.1475,10.1145,3.0701,10.1145,2.6620,1,9.122,21.364
2463,DATA_20260318_150000.BIN,11.7685,20.7927,10.2682,20.7927,4.0370,1,17.535,18.372
2464,DATA_20260318_150000.BIN,10.2682,18.7787,8.7290,18.7787,4.2350,1,15.277,17.042
2465,DATA_20260318_150000.BIN,10.1239,18.7230,10.1573,18.7230,4.7300,1,14.172,22.613
2466,DATA_20260318_150000.BIN,3.8902,11.9736,5.3275,11.9736,9.6470,1,5.360,16.790
2467,DATA_20260318_150000.BIN,10.7263,16.8558,10.1767,16.8558,7.3590,1,13.109,19.241
2468,DATA_20260318_150000.BIN,10.1767,20.0367,9.4804,20.0367,4.8950,1,10.616,17.194
2469,DATA_20260318_150000.BIN,6.0750,16.3944,7.6696,16.3944,1.4960,1,5.543,6.807
2470,DATA_20260318_150000.BIN,8.0461,17.2375,7.1620,17.2375,5.2470,1,6.892,10.139
