cycle_idx,source_file,p0_r,p3_r,p7_r,amplitude,duration_s,validated,tilt_deg,q_error_deg
0,DATA_20260312_110000.BIN,10.8427,13.2706,10.6658,13.2706,2.8270,1,7.058,8.914
1,DATA_20260312_110000.BIN,7.0068,12.1936,3.5272,12.1936,2.8160,1,11.132,11.254
2,DATA_20260312_110000.BIN,3.5272,16.0318,13.1991,16.0318,3.9160,1,15.577,16.199
3,DATA_20260312_110000.BIN,13.1991,16.6504,2.0454,16.6504,5.8960,1,19.725,29.315
4,DATA_20260312_110000.BIN,2.0454,4.3718,0.7151,4.3718,3.4650,1,13.417,21.493
5,DATA_20260312_110000.BIN,0.7151,5.5483,1.2959,5.5483,4.2570,1,14.322,23.336
6,DATA_20260312_110000.BIN,1.2959,9.3498,0.9186,9.3498,4.0810,1,11.470,17.338
7,DATA_20260312_110000.BIN,0.9186,5.1870,3.3941,5.1870,4.0700,1,10.998,12.398
8,DATA_20260312_110000.BIN,5.4581,10.5299,3.2768,10.5299,3.2780,1,4.040,9.817
9,DATA_20260312_110000.BIN,3.2768,7.7175,0.5956,7.7175,3.6080,1,8.898,16.538
10,DATA_20260312_110000.BIN,0.5956,4.1415,1.5561,4.1415,1.8040,1,9.009,15.086
11,DATA_20260312_110000.BIN,1.5561,4.3473,1.0940,4.3473,1.7160,1,6.839,15.495
12,DATA_20260312_110000.BIN,1.0940,12.4219,6.4416,12.4219,4.6200,1,8.912,17.869
13,DATA_20260312_110000.BIN,6.4416,10.6170,4.8084,10.6170,2.5190,1,1.456,6.568
14,DATA_20260312_110000.BIN,4.8084,7.3794,1.4534,7.3794,3.0800,1,9.231,10.037
15,DATA_20260312_110000.BIN,5.0893,7.6159,2.0965,7.6159,2.7390,1,0.651,0.715
16,DATA_20260312_110000.BIN,2.0965,11.0896,5.4899,11.0896,5.3570,1,3.663,7.895
17,DATA_20260312_110000.BIN,6.3159,12.0407,6.5866,12.0407,1.7820,1,1.834,6.044
18,DATA_20260312_110000.BIN,1.1019,6.0583,0.2016,6.0583,7.0730,1,6.551,7.144
19,DATA_20260312_110000.BIN,0.3167,6.0374,1.8411,6.0374,2.4090,1,4.930,8.317
20,DATA_20260312_110000.BIN,0.5012,2.9535,0.4242,2.9535,5.4120,1,4.179,4.681
21,DATA_20260312_110000.BIN,0.4242,4.6584,0.5590,4.6584,3.1570,1,4.786,4.795
22,DATA_20260312_110000.BIN,0.5590,4.1607,0.0872,4.1607,6.3030,1,3.178,3.370
23,DATA_20260312_110000.BIN,0.8690,6.6248,1.3299,6.6248,5.0050,1,4.228,5.731
24,DATA_20260312_110000.BIN,2.4055,11.0644,2.1184,11.0644,4.8950,1,2.960,4.480
25,DATA_20260312_110000.BIN,2.1184,4.9431,0.7939,4.9431,6.8310,1,3.819,3.931
26,DATA_20260312_110000.BIN,0.7939,6.5657,0.6995,6.5657,4.6970,1,1.816,2.376
27,DATA_20260312_110000.BIN,0.6995,7.8019,2.1938,7.8019,2.9700,1,3.137,3.175
28,DATA_20260312_110000.BIN,2.1938,4.8819,0.4024,4.8819,2.2660,1,1.750,4.495
29,DATA_20260312_110000.BIN,0.4024,8.5647,4.6672,8.5647,3.4320,1,2.675,2.831
30,DATA_20260312_110000.BIN,3.4310,10.0412,2.5189,10.0412,2.6400,1,4.780,7.099
31,DATA_20260312_110000.BIN,2.5189,6.1838,0.3609,6.1838,5.5990,1,4.042,4.650
32,DATA_20260312_110000.BIN,0.3609,5.7913,0.8610,5.7913,4.8290,1,1.750,2.668
33,DATA_20260312_110000.BIN,0.8610,3.4562,0.0331,3.4562,5.6650,1,2.005,2.023
34,DATA_20260312_110000.BIN,0.0331,4.7368,0.7557,4.7368,6.3690,1,2.641,5.605
35,DATA_20260312_110000.BIN,0.7557,4.0148,0.8430,4.0148,2.4750,1,0.503,0.653
36,DATA_20260312_110000.BIN,0.8430,3.1400,0.2587,3.1400,8.3160,1,2.330,2.536
37,DATA_20260312_110000.BIN,0.2587,3.4587,0.4559,3.4587,6.7210,1,1.893,3.130
38,DATA_20260312_110000.BIN,0.4559,4.3488,1.0439,4.3488,5.3790,1,2.083,3.711
39,DATA_20260312_110000.BIN,1.0439,3.7368,0.9705,3.7368,3.4540,1,3.160,6.329
40,DATA_20260312_110000.BIN,0.9705,6.9429,0.9619,6.9429,7.1720,1,0.794,1.629
41,DATA_20260312_110000.BIN,0.9619,4.9028,0.4441,4.9028,2.0460,1,0.345,0.598
42,DATA_20260312_110000.BIN,0.1594,2.9931,0.3185,2.9931,3.1570,1,0.600,1.255
43,DATA_20260312_110000.BIN,2.2414,7.8622,2.3411,7.8622,6.5780,1,1.808,3.031
44,DATA_20260312_110000.BIN,2.3411,6.4572,1.7193,6.4572,3.7840,1,3.014,3.067
45,DATA_20260312_110000.BIN,1.2964,3.9949,0.1977,3.9949,7.5790,1,2.473,3.631
46,DATA_20260312_110000.BIN,0.6720,6.0347,1.8749,6.0347,6.8530,1,1.192,1.338
47,DATA_20260312_110000.BIN,1.8749,3.8599,0.2699,3.8599,5.4780,1,1.630,2.255
48,DATA_20260312_110000.BIN,0.2699,6.6158,1.4328,6.6158,8.7450,1,0.701,1.032
49,DATA_20260312_110000.BIN,1.4328,5.5384,1.1902,5.5384,7.3150,1,2.427,4.015
50,DATA_20260312_110000.BIN,2.1484,4.9304,0.8081,4.9304,3.2560,1,2.029,2.277
51,DATA_20260312_110000.BIN,0.9137,5.1298,1.8400,5.1298,4.7850,1,0.318,1.766
52,DATA_20260312_110000.BIN,1.8400,4.4569,0.1011,4.4569,2.0790,1,1.764,2.381
53,DATA_20260312_110000.BIN,0.4724,3.7886,1.3565,3.7886,6.7540,1,0.618,2.580
54,DATA_20260312_110000.BIN,0.2424,3.5084,1.2371,3.5084,1.7600,1,0.981,1.543
55,DATA_20260312_110000.BIN,1.2371,6.2324,1.8059,6.2324,7.9970,1,0.995,2.760
56,DATA_20260312_110000.BIN,1.8059,5.1849,1.4180,5.1849,7.3040,1,2.487,3.321
57,DATA_20260312_110000.BIN,1.4180,3.7513,1.2262,3.7513,2.8710,1,1.846,2.559
58,DATA_20260312_110000.BIN,1.7994,4.5719,0.8456,4.5719,3.1350,1,1.930,3.428
59,DATA_20260312_110000.BIN,2.2548,8.3283,2.1913,8.3283,4.2240,1,2.810,2.814
60,DATA_20260312_110000.BIN,1.2009,4.2332,1.0675,4.2332,3.2230,1,2.008,2.984
61,DATA_20260312_110000.BIN,1.7984,5.1473,2.5903,5.1473,2.9480,1,1.922,2.049
62,DATA_20260312_110000.BIN,2.5903,4.9758,2.3330,4.9758,1.6390,1,2.835,2.844
63,DATA_20260312_110000.BIN,2.3330,5.8596,0.1317,5.8596,9.9990,1,2.331,2.640
64,DATA_20260312_110000.BIN,1.7588,4.8266,2.1203,4.8266,3.2670,1,2.247,2.250
65,DATA_20260312_110000.BIN,1.1001,5.3570,0.8158,5.3570,2.0570,1,0.818,2.770
66,DATA_20260312_110000.BIN,1.5630,3.6023,1.0031,3.6023,3.5530,1,1.404,2.160
67,DATA_20260312_110000.BIN,1.0031,3.7471,0.3381,3.7471,1.8040,1,1.905,2.261
68,DATA_20260312_110000.BIN,0.3381,4.1921,2.1418,4.1921,4.4000,1,1.160,2.965
69,DATA_20260312_110000.BIN,2.1418,4.9448,2.5303,4.9448,3.8830,1,2.514,2.516
70,DATA_20260312_110000.BIN,2.5303,5.2013,2.7276,5.2013,3.8060,1,2.261,2.495
71,DATA_20260312_110000.BIN,2.7276,5.5393,1.2107,5.5393,3.4100,1,2.588,2.830
72,DATA_20260312_110000.BIN,1.2107,3.5223,0.7212,3.5223,1.7820,1,1.674,3.352
73,DATA_20260312_110000.BIN,0.7212,4.5280,1.1915,4.5280,2.2330,1,1.064,1.775
74,DATA_20260312_110000.BIN,1.1915,7.4657,3.8928,7.4657,6.5780,1,0.408,3.508
75,DATA_20260312_110000.BIN,3.8928,8.1149,2.2631,8.1149,7.9860,1,4.079,4.691
76,DATA_20260312_110000.BIN,2.2631,5.1888,0.2667,5.1888,5.0160,1,1.045,5.693
77,DATA_20260312_110000.BIN,1.3973,3.7961,2.0586,3.7961,3.5640,1,1.380,3.547
78,DATA_20260312_110000.BIN,2.0586,3.9571,1.4059,3.9571,5.4670,1,1.004,1.998
79,DATA_20260312_110000.BIN,1.4059,5.2366,1.1989,5.2366,4.2460,1,0.301,1.236
80,DATA_20260312_110000.BIN,1.1989,4.1650,1.5336,4.1650,3.7840,1,0.664,2.032
81,DATA_20260312_110000.BIN,1.5336,5.6379,3.1004,5.6379,4.3010,1,0.674,0.921
82,DATA_20260312_110000.BIN,3.1004,6.0127,0.5217,6.0127,3.6740,1,2.329,3.092
83,DATA_20260312_110000.BIN,0.5217,4.4823,1.6518,4.4823,2.6400,1,1.804,2.331
84,DATA_20260312_110000.BIN,1.6518,4.9978,0.7075,4.9978,3.3990,1,0.430,1.884
85,DATA_20260312_110000.BIN,0.7075,11.5982,0.8739,11.5982,6.9300,1,1.611,4.707
86,DATA_20260312_110000.BIN,2.1199,9.4273,3.3907,9.4273,5.2360,1,2.002,5.082
87,DATA_20260312_110000.BIN,3.3907,11.5353,1.0667,11.5353,9.5700,1,4.894,5.261
88,DATA_20260312_110000.BIN,6.4135,10.8409,2.1496,10.8409,4.7520,1,7.518,12.405
89,DATA_20260312_110000.BIN,1.4139,5.6645,2.1695,5.6645,6.7540,1,0.839,1.276
90,DATA_20260312_110000.BIN,2.1695,4.4837,0.6262,4.4837,5.4780,1,1.219,2.835
91,DATA_20260312_110000.BIN,0.1806,7.4130,0.7183,7.4130,3.4320,1,2.186,2.320
92,DATA_20260312_110000.BIN,0.7183,5.0164,2.3162,5.0164,4.9610,1,1.495,2.011
93,DATA_20260312_110000.BIN,2.3162,5.8881,0.5451,5.8881,6.3800,1,4.129,4.144
94,DATA_20260312_110000.BIN,0.5451,4.5641,0.2567,4.5641,4.5980,1,1.362,3.306
95,DATA_20260312_110000.BIN,0.2567,3.6447,0.2826,3.6447,4.8950,1,1.229,2.433
96,DATA_20260312_110000.BIN,2.2682,5.2706,0.5802,5.2706,4.4660,1,1.364,3.482
97,DATA_20260312_110000.BIN,0.7203,3.2985,0.7678,3.2985,1.4190,1,1.166,2.580
98,DATA_20260312_110000.BIN,2.0531,4.8417,0.3309,4.8417,3.1240,1,2.262,2.361
99,DATA_20260312_110000.BIN,0.3309,3.8471,0.7756,3.8471,3.2560,1,1.723,2.881
100,DATA_20260312_110000.BIN,0.7756,3.3705,0.1889,3.3705,3.1020,1,1.463,3.359
101,DATA_20260312_110000.BIN,0.1889,2.6043,0.1191,2.6043,8.6460,1,1.266,1.399
102,DATA_20260312_110000.BIN,0.9921,5.6971,2.1518,5.6971,4.0260,1,0.448,1.719
103,DATA_20260312_110000.BIN,2.1518,4.5098,1.9927,4.5098,2.0020,1,2.170,3.425
104,DATA_20260312_110000.BIN,1.9927,9.0809,4.1864,9.0809,6.7430,1,1.846,1.901
105,DATA_20260312_110000.BIN,15.7550,22.3459,14.4135,22.3459,5.1260,1,23.465,26.706
106,DATA_20260312_110000.BIN,14.4135,17.9998,14.7093,17.9998,3.6960,1,19.324,22.202
107,DATA_20260312_110000.BIN,14.7093,21.7536,3.1435,21.7536,2.4640,1,18.572,23.470
108,DATA_20260312_110000.BIN,3.1435,11.9470,4.8855,11.9470,2.8710,1,5.851,31.575
109,DATA_20260312_110000.BIN,4.8855,16.7891,12.5900,16.7891,2.3650,1,7.949,34.007
110,DATA_20260312_110000.BIN,12.5900,20.4189,12.2990,20.4189,1.2320,1,8.929,34.169
111,DATA_20260312_110000.BIN,12.2990,16.4357,14.2332,16.4357,1.5180,1,11.052,29.014
112,DATA_20260312_110000.BIN,14.2332,29.8908,20.4712,29.8908,6.5890,1,9.815,27.635
113,DATA_20260312_110000.BIN,4.4093,19.1442,17.3400,19.1442,4.6310,1,9.009,9.647
114,DATA_20260312_110000.BIN,17.3400,20.0168,2.1579,20.0168,8.2390,1,19.159,22.589
115,DATA_20260312_110000.BIN,2.1579,6.9339,2.0077,6.9339,2.5300,1,3.790,14.833
116,DATA_20260312_110000.BIN,2.0077,5.2714,0.6599,5.2714,4.5870,1,6.343,14.758
117,DATA_20260312_110000.BIN,0.6599,7.3235,1.9308,7.3235,1.7710,1,4.600,9.463
118,DATA_20260312_110000.BIN,1.7933,4.0688,0.4670,4.0688,2.4860,1,6.392,12.808
119,DATA_20260312_110000.BIN,0.4670,3.9593,1.6642,3.9593,3.3220,1,2.908,6.184
120,DATA_20260312_110000.BIN,1.9977,4.3491,1.5399,4.3491,8.8990,1,6.549,13.119
121,DATA_20260312_110000.BIN,1.5399,3.7902,1.9353,3.7902,3.0250,1,5.388,11.536
122,DATA_20260312_110000.BIN,2.1455,4.4591,1.8906,4.4591,3.8720,1,5.315,10.106
123,DATA_20260312_110000.BIN,1.8906,5.1895,1.6096,5.1895,3.4320,1,4.508,7.990
124,DATA_20260312_110000.BIN,1.6096,4.0649,1.7316,4.0649,3.5860,1,3.464,7.164
125,DATA_20260312_110000.BIN,0.3964,3.6324,1.5058,3.6324,4.2240,1,2.179,6.371
126,DATA_20260312_110000.BIN,0.5758,7.1495,0.1737,7.1495,4.8840,1,2.386,7.505
127,DATA_20260312_110000.BIN,0.1737,3.4307,0.2530,3.4307,8.3270,1,0.477,0.943
128,DATA_20260312_110000.BIN,0.7128,2.7598,0.7776,2.7598,2.2770,1,1.648,6.705
129,DATA_20260312_110000.BIN,0.7776,7.6283,1.8199,7.6283,6.5670,1,1.539,6.336
130,DATA_20260312_110000.BIN,3.0810,6.1274,1.6664,6.1274,3.9490,1,4.009,4.015
131,DATA_20260312_110000.BIN,0.3176,3.5954,0.1659,3.5954,9.7680,1,0.965,2.502
132,DATA_20260312_110000.BIN,0.1659,4.8024,0.3597,4.8024,6.6110,1,2.477,6.481
133,DATA_20260312_110000.BIN,0.3597,3.6244,0.9042,3.6244,3.6190,1,2.645,6.581
134,DATA_20260312_110000.BIN,0.9042,4.6290,2.1945,4.6290,2.4530,1,1.093,2.016
135,DATA_20260312_110000.BIN,0.4043,6.9828,1.5781,6.9828,7.3590,1,1.400,2.909
136,DATA_20260312_110000.BIN,2.8633,6.0208,1.6271,6.0208,7.2270,1,3.635,5.367
137,DATA_20260312_110000.BIN,1.8290,5.3550,3.0169,5.3550,7.5570,1,3.297,5.061
138,DATA_20260312_110000.BIN,3.0169,4.9916,2.3065,4.9916,3.4210,1,3.132,3.145
139,DATA_20260312_110000.BIN,2.3065,4.4990,1.6107,4.4990,4.0260,1,2.109,2.306
140,DATA_20260312_110000.BIN,1.6107,3.8402,1.7598,3.8402,3.6520,1,2.735,7.710
141,DATA_20260312_110000.BIN,1.2147,2.8714,0.6176,2.8714,1.4520,1,2.447,6.450
142,DATA_20260312_110000.BIN,2.4174,4.9115,2.5676,4.9115,5.6870,1,1.915,2.631
143,DATA_20260312_110000.BIN,0.7766,3.3573,0.7554,3.3573,3.7290,1,1.134,1.312
144,DATA_20260312_110000.BIN,0.7554,9.8005,1.3615,9.8005,2.9920,1,1.592,2.827
145,DATA_20260312_110000.BIN,3.9270,6.4152,2.9835,6.4152,2.4750,1,3.875,4.823
146,DATA_20260312_110000.BIN,2.9661,6.7337,4.0376,6.7337,3.5420,1,2.639,3.504
147,DATA_20260312_110000.BIN,4.0376,11.6243,6.7408,11.6243,9.8120,1,2.790,6.168
148,DATA_20260312_110000.BIN,7.0744,9.6331,6.4419,9.6331,2.6290,1,7.151,7.154
149,DATA_20260312_110000.BIN,6.4945,9.8281,1.3171,9.8281,5.4230,1,7.088,7.946
150,DATA_20260312_110000.BIN,1.3171,4.2254,0.3913,4.2254,4.8290,1,2.223,3.766
151,DATA_20260312_110000.BIN,0.6072,4.7555,0.6084,4.7555,9.2620,1,3.036,3.800
152,DATA_20260312_110000.BIN,0.6677,2.8825,0.7511,2.8825,5.1150,1,2.848,2.849
153,DATA_20260312_110000.BIN,0.7511,4.5137,1.2010,4.5137,7.3260,1,2.467,2.702
154,DATA_20260312_120000.BIN,6.8734,11.5406,6.1287,11.5406,4.5100,1,3.884,4.064
155,DATA_20260312_120000.BIN,2.1507,9.7957,1.3848,9.7957,5.9400,1,8.448,13.417
156,DATA_20260312_120000.BIN,4.3856,9.3325,3.8845,9.3325,1.4190,1,5.788,6.308
157,DATA_20260312_120000.BIN,3.8845,8.7773,1.3617,8.7773,5.4560,1,5.457,7.421
158,DATA_20260312_120000.BIN,1.3617,6.0063,1.4064,6.0063,3.5750,1,7.715,8.369
159,DATA_20260312_120000.BIN,3.1979,12.0489,1.8759,12.0489,8.9650,1,4.848,7.863
160,DATA_20260312_120000.BIN,0.8363,5.7773,1.9172,5.7773,5.5330,1,8.723,9.609
161,DATA_20260312_120000.BIN,1.3248,12.2650,1.0395,12.2650,5.4340,1,5.730,14.119
162,DATA_20260312_120000.BIN,0.4145,6.9922,1.1130,6.9922,9.0310,1,6.986,9.731
163,DATA_20260312_120000.BIN,1.1130,8.9243,0.4287,8.9243,6.3030,1,5.128,5.990
164,DATA_20260312_120000.BIN,0.3362,5.5890,0.7435,5.5890,8.0300,1,5.393,6.217
165,DATA_20260312_120000.BIN,0.7435,5.0315,1.4919,5.0315,9.8340,1,4.036,4.513
166,DATA_20260312_120000.BIN,0.3234,6.9877,1.1007,6.9877,8.6790,1,4.060,6.208
167,DATA_20260312_120000.BIN,1.1007,6.0839,1.4687,6.0839,2.1120,1,3.730,5.620
168,DATA_20260312_120000.BIN,0.4954,12.8785,1.0290,12.8785,6.6000,1,3.114,4.057
169,DATA_20260312_120000.BIN,1.0290,6.6326,1.7036,6.6326,1.3750,1,3.331,7.002
170,DATA_20260312_120000.BIN,7.1201,11.8846,0.6359,11.8846,9.1190,1,10.376,10.994
171,DATA_20260312_120000.BIN,0.3135,9.5570,2.4974,9.5570,5.8850,1,2.044,2.548
172,DATA_20260312_120000.BIN,2.4974,16.5910,2.2128,16.5910,4.6860,1,4.890,5.303
173,DATA_20260312_120000.BIN,0.9720,5.6513,0.4956,5.6513,5.2250,1,2.969,5.696
174,DATA_20260312_120000.BIN,0.4956,6.2971,0.2552,6.2971,5.3900,1,1.712,5.960
175,DATA_20260312_120000.BIN,2.3565,6.7897,1.5691,6.7897,1.8040,1,2.407,2.651
176,DATA_20260312_120000.BIN,0.7589,10.0691,2.3810,10.0691,3.0140,1,1.048,2.348
177,DATA_20260312_120000.BIN,2.5973,8.5796,1.1735,8.5796,3.3880,1,2.374,6.679
178,DATA_20260312_120000.BIN,2.9660,7.1511,0.0724,7.1511,6.1270,1,2.553,10.051
179,DATA_20260312_120000.BIN,1.2664,12.0869,1.7045,12.0869,5.3790,1,3.460,5.725
180,DATA_20260312_120000.BIN,1.7045,7.5570,0.9257,7.5570,6.8310,1,2.994,7.772
181,DATA_20260312_120000.BIN,5.2042,10.2588,3.3236,10.2588,5.0380,1,7.244,7.753
182,DATA_20260312_120000.BIN,0.6107,14.2178,5.8383,14.2178,6.4130,1,1.933,9.645
183,DATA_20260312_120000.BIN,0.8575,8.0807,2.7511,8.0807,7.1940,1,2.124,11.745
184,DATA_20260312_120000.BIN,3.1064,6.5524,1.4400,6.5524,2.7610,1,5.227,11.222
185,DATA_20260312_120000.BIN,1.4400,7.6563,3.4491,7.6563,3.1790,1,1.494,2.828
186,DATA_20260312_120000.BIN,3.4491,8.6924,4.7094,8.6924,8.1620,1,3.613,4.447
187,DATA_20260312_120000.BIN,4.5414,9.7524,4.9660,9.7524,3.4210,1,5.050,7.505
188,DATA_20260312_120000.BIN,4.9660,10.6795,4.8551,10.6795,6.3030,1,4.623,5.029
189,DATA_20260312_120000.BIN,1.2155,8.2596,3.4382,8.2596,3.8720,1,0.919,3.861
190,DATA_20260312_120000.BIN,3.4382,17.1191,8.3757,17.1191,4.9500,1,2.848,4.342
191,DATA_20260312_120000.BIN,8.3757,18.9911,7.8915,18.9911,1.2870,1,10.886,10.894
192,DATA_20260312_120000.BIN,7.8915,14.0769,3.0909,14.0769,5.3240,1,7.784,7.955
193,DATA_20260312_120000.BIN,3.0909,14.6238,5.0530,14.6238,7.4140,1,2.316,2.770
194,DATA_20260312_120000.BIN,5.0530,11.9881,7.7887,11.9881,2.6510,1,4.407,6.563
195,DATA_20260312_120000.BIN,2.8742,12.4039,4.5181,12.4039,5.8740,1,1.630,3.981
196,DATA_20260312_120000.BIN,6.0207,10.8917,1.4262,10.8917,3.5200,1,4.836,5.406
197,DATA_20260312_120000.BIN,1.4262,10.1041,3.7907,10.1041,4.3890,1,2.361,6.753
198,DATA_20260312_120000.BIN,3.7907,8.8835,4.2957,8.8835,1.5070,1,2.239,2.686
199,DATA_20260312_120000.BIN,4.0444,12.9527,4.8150,12.9527,3.8280,1,1.772,1.810
200,DATA_20260312_120000.BIN,2.3041,8.6005,3.2417,8.6005,1.4520,1,2.588,3.940
201,DATA_20260312_120000.BIN,3.3781,8.4482,3.2821,8.4482,1.7160,1,2.829,4.313
202,DATA_20260312_120000.BIN,3.2821,12.0103,2.7515,12.0103,3.7290,1,1.361,3.070
203,DATA_20260312_120000.BIN,2.7515,15.6132,8.2849,15.6132,3.9050,1,0.831,1.993
204,DATA_20260312_120000.BIN,14.8799,19.2692,7.3148,19.2692,3.8280,1,19.461,20.205
205,DATA_20260312_120000.BIN,0.7934,8.5647,1.1140,8.5647,1.6170,1,1.055,6.384
206,DATA_20260312_120000.BIN,1.1140,11.9582,1.1612,11.9582,4.9170,1,1.093,3.038
207,DATA_20260312_120000.BIN,1.1612,21.3616,6.4002,21.3616,4.2790,1,1.949,2.245
208,DATA_20260312_120000.BIN,0.5520,5.3775,0.3939,5.3775,5.1370,1,2.057,2.562
209,DATA_20260312_120000.BIN,0.3939,6.6962,0.7971,6.6962,5.0600,1,1.526,4.076
210,DATA_20260312_120000.BIN,0.7971,8.3376,1.7213,8.3376,4.1030,1,2.590,2.613
211,DATA_20260312_120000.BIN,1.7213,7.4618,0.5491,7.4618,5.2360,1,3.568,3.912
212,DATA_20260312_120000.BIN,0.8458,9.6660,2.3129,9.6660,2.2220,1,1.356,6.142
213,DATA_20260312_120000.BIN,2.3129,13.9929,7.1895,13.9929,2.1450,1,2.375,3.693
214,DATA_20260312_120000.BIN,7.1895,12.9262,3.6542,12.9262,3.5530,1,9.107,12.334
215,DATA_20260312_120000.BIN,3.6542,12.5757,4.0448,12.5757,2.6510,1,3.881,6.205
216,DATA_20260312_120000.BIN,4.0448,15.7799,10.0133,15.7799,1.8810,1,4.224,7.049
217,DATA_20260312_120000.BIN,2.4453,12.8262,2.1184,12.8262,3.2560,1,2.319,2.598
218,DATA_20260312_120000.BIN,2.1184,14.9966,3.9062,14.9966,9.3390,1,3.099,4.786
219,DATA_20260312_120000.BIN,3.9062,11.8603,4.2127,11.8603,1.5730,1,2.684,3.210
220,DATA_20260312_120000.BIN,4.2127,13.7095,2.3382,13.7095,2.4860,1,4.119,6.025
221,DATA_20260312_120000.BIN,1.5730,8.9831,1.2428,8.9831,3.3660,1,3.455,5.129
222,DATA_20260312_120000.BIN,1.2428,7.0923,1.1396,7.0923,1.9910,1,3.528,4.587
223,DATA_20260312_120000.BIN,1.1396,8.6631,2.6615,8.6631,4.8070,1,3.048,4.291
224,DATA_20260312_120000.BIN,2.6615,7.4596,1.2513,7.4596,3.3440,1,3.428,5.982
225,DATA_20260312_120000.BIN,1.2513,9.1168,3.1041,9.1168,2.6620,1,2.051,4.110
226,DATA_20260312_120000.BIN,3.1041,10.5706,2.7077,10.5706,3.0250,1,4.315,4.603
227,DATA_20260312_120000.BIN,2.7077,11.5337,3.5357,11.5337,5.3680,1,5.112,12.032
228,DATA_20260312_120000.BIN,3.5357,13.7720,3.1546,13.7720,5.8190,1,4.353,5.387
229,DATA_20260312_120000.BIN,3.1546,13.2746,1.4839,13.2746,6.7650,1,4.013,6.718
230,DATA_20260312_120000.BIN,6.4593,13.2239,2.9951,13.2239,2.6290,1,6.602,8.318
231,DATA_20260312_120000.BIN,5.5769,9.6970,5.3339,9.6970,6.4020,1,5.277,7.496
232,DATA_20260312_120000.BIN,5.3339,14.3547,2.9027,14.3547,4.5980,1,6.487,7.645
233,DATA_20260312_120000.BIN,2.9027,12.4292,8.0719,12.4292,3.2120,1,3.386,4.626
234,DATA_20260312_120000.BIN,8.0719,13.1936,2.8412,13.1936,6.0940,1,9.904,9.966
235,DATA_20260312_120000.BIN,2.8412,6.6078,3.4096,6.6078,3.1130,1,3.390,4.047
236,DATA_20260312_120000.BIN,3.4096,12.2070,4.8775,12.2070,6.2920,1,3.271,5.065
237,DATA_20260312_120000.BIN,4.8775,19.8207,0.2905,19.8207,4.2130,1,7.066,7.092
238,DATA_20260312_120000.BIN,0.2905,18.5779,13.9967,18.5779,4.6200,1,0.853,4.674
239,DATA_20260312_120000.BIN,13.9967,20.7930,1.7114,20.7930,2.2220,1,15.402,18.755
240,DATA_20260312_120000.BIN,1.7114,20.1969,3.2488,20.1969,2.9590,1,3.171,5.363
241,DATA_20260312_120000.BIN,3.2488,9.4098,2.0839,9.4098,2.3870,1,1.980,8.626
242,DATA_20260312_120000.BIN,1.7723,8.9594,1.2704,8.9594,1.4300,1,3.017,3.584
243,DATA_20260312_120000.BIN,1.2704,7.3192,1.9334,7.3192,6.9300,1,3.619,12.499
244,DATA_20260312_120000.BIN,1.9334,15.7873,9.7103,15.7873,3.8830,1,3.902,12.217
245,DATA_20260312_120000.BIN,9.7103,16.3363,5.6394,16.3363,4.9060,1,11.588,13.036
246,DATA_20260312_120000.BIN,5.6394,9.1677,1.9056,9.1677,3.3660,1,5.573,11.115
247,DATA_20260312_120000.BIN,1.9056,17.0460,12.6367,17.0460,6.6110,1,2.403,3.085
248,DATA_20260312_120000.BIN,10.4789,21.3334,3.1101,21.3334,7.4030,1,11.946,11.946
249,DATA_20260312_120000.BIN,3.1101,8.0024,1.0508,8.0024,1.9360,1,2.867,2.877
250,DATA_20260312_120000.BIN,1.0508,10.9760,5.7086,10.9760,2.6620,1,0.581,0.596
251,DATA_20260312_120000.BIN,5.7086,13.6027,2.6927,13.6027,6.1710,1,6.085,6.658
252,DATA_20260312_120000.BIN,2.6927,11.9604,6.3836,11.9604,4.3450,1,2.329,3.063
253,DATA_20260312_120000.BIN,6.3836,19.9570,15.8305,19.9570,3.9820,1,5.933,5.943
254,DATA_20260312_120000.BIN,15.8305,25.6621,5.9654,25.6621,7.2710,1,16.068,16.801
255,DATA_20260312_120000.BIN,2.6969,10.9359,1.3101,10.9359,2.2550,1,5.111,6.959
256,DATA_20260312_120000.BIN,3.5517,10.6554,4.3582,10.6554,4.1470,1,5.397,7.565
257,DATA_20260312_120000.BIN,4.3582,9.2872,2.9720,9.2872,4.5430,1,2.998,3.002
258,DATA_20260312_120000.BIN,2.9720,14.0525,5.1585,14.0525,5.0160,1,1.912,2.186
259,DATA_20260312_120000.BIN,5.1585,16.2086,1.5406,16.2086,4.8400,1,2.249,2.938
260,DATA_20260312_120000.BIN,1.5406,7.1780,0.9723,7.1780,2.1340,1,4.446,4.623
261,DATA_20260312_120000.BIN,0.9723,8.4552,3.0137,8.4552,6.5340,1,4.088,5.005
262,DATA_20260312_120000.BIN,3.0137,8.7327,1.7037,8.7327,4.7960,1,5.519,8.067
263,DATA_20260312_120000.BIN,18.4788,23.0368,16.4951,23.0368,2.0240,1,21.112,21.205
264,DATA_20260312_120000.BIN,16.4951,23.8441,15.8990,23.8441,4.1250,1,16.632,16.756
265,DATA_20260312_120000.BIN,3.1653,11.2679,1.9689,11.2679,4.6310,1,1.129,1.576
266,DATA_20260312_120000.BIN,3.4586,12.7411,2.5872,12.7411,3.6300,1,3.904,3.996
267,DATA_20260312_120000.BIN,2.5872,9.2235,1.8366,9.2235,7.0840,1,6.975,7.423
268,DATA_20260312_120000.BIN,1.8366,12.4813,5.9814,12.4813,1.8810,1,3.633,8.116
269,DATA_20260312_120000.BIN,5.9814,16.0567,2.8794,16.0567,3.7620,1,4.973,8.542
270,DATA_20260312_120000.BIN,2.8794,10.5336,0.8379,10.5336,1.8810,1,0.277,3.078
271,DATA_20260312_120000.BIN,0.4957,6.7637,1.0657,6.7637,1.6280,1,2.559,5.589
272,DATA_20260312_120000.BIN,1.0657,6.9953,3.2102,6.9953,6.0940,1,3.453,3.536
273,DATA_20260312_120000.BIN,3.2102,12.7372,0.9190,12.7372,2.6070,1,6.793,6.793
274,DATA_20260312_120000.BIN,0.9190,10.2534,2.1806,10.2534,5.3350,1,2.251,7.048
275,DATA_20260312_120000.BIN,2.1806,8.1506,2.9351,8.1506,2.7060,1,2.246,5.548
276,DATA_20260312_120000.BIN,2.9351,13.5335,1.0048,13.5335,2.5520,1,2.458,5.888
277,DATA_20260312_120000.BIN,1.0048,7.5354,0.7353,7.5354,6.0060,1,2.710,3.403
278,DATA_20260312_120000.BIN,0.7353,6.2853,0.7705,6.2853,1.2650,1,2.327,5.735
279,DATA_20260312_120000.BIN,2.6149,7.5623,2.3915,7.5623,3.4760,1,4.284,7.640
280,DATA_20260312_120000.BIN,2.2222,7.0119,2.4093,7.0119,3.4540,1,3.661,5.430
281,DATA_20260312_120000.BIN,1.5510,7.0128,1.5663,7.0128,3.2450,1,2.745,4.782
282,DATA_20260312_120000.BIN,2.4729,8.0303,2.4091,8.0303,2.2550,1,3.035,5.973
283,DATA_20260312_120000.BIN,2.4091,10.7261,0.8580,10.7261,5.0930,1,2.895,4.356
284,DATA_20260312_120000.BIN,0.8580,9.0482,3.5425,9.0482,3.0250,1,0.533,2.610
285,DATA_20260312_120000.BIN,3.5425,8.2618,1.6563,8.2618,6.1270,1,3.838,3.878
286,DATA_20260312_120000.BIN,1.7191,7.5931,0.6868,7.5931,3.3660,1,2.917,3.596
287,DATA_20260312_120000.BIN,0.6868,13.6643,5.7847,13.6643,2.6180,1,1.216,1.792
288,DATA_20260312_120000.BIN,5.7847,12.5737,6.1594,12.5737,1.8480,1,5.574,5.999
289,DATA_20260312_120000.BIN,6.1594,14.4999,1.1546,14.4999,5.0050,1,5.954,5.999
290,DATA_20260312_120000.BIN,1.1546,16.5531,6.6027,16.5531,5.2470,1,1.017,2.357
291,DATA_20260312_120000.BIN,6.6027,11.2952,3.7182,11.2952,1.4850,1,5.581,5.835
292,DATA_20260312_120000.BIN,3.7182,10.2604,1.6834,10.2604,1.2870,1,1.875,2.009
293,DATA_20260312_120000.BIN,1.6834,11.8112,1.4261,11.8112,1.4300,1,3.453,6.912
294,DATA_20260312_120000.BIN,1.4261,12.5844,2.1394,12.5844,3.5310,1,1.078,4.735
295,DATA_20260312_120000.BIN,6.0893,11.9652,4.6788,11.9652,9.3940,1,5.160,7.177
296,DATA_20260312_120000.BIN,6.0262,12.5093,3.2814,12.5093,2.9590,1,4.395,6.088
297,DATA_20260312_120000.BIN,6.6548,11.9724,3.0855,11.9724,3.9930,1,4.584,4.983
298,DATA_20260312_120000.BIN,6.5150,11.5578,3.4040,11.5578,2.2990,1,4.341,5.268
299,DATA_20260312_120000.BIN,3.4040,8.8287,3.7977,8.8287,1.3860,1,0.310,0.311
300,DATA_20260312_120000.BIN,2.6424,8.6550,1.8645,8.6550,2.7280,1,3.453,4.617
301,DATA_20260312_120000.BIN,1.8645,5.9808,0.3195,5.9808,5.2360,1,4.904,6.206
302,DATA_20260312_120000.BIN,0.3195,7.8043,2.2929,7.8043,4.9170,1,3.469,8.317
303,DATA_20260312_120000.BIN,5.7834,12.6611,7.2818,12.6611,1.9360,1,4.629,5.800
304,DATA_20260312_120000.BIN,7.2818,18.1936,3.4021,18.1936,7.5680,1,5.890,5.894
305,DATA_20260312_120000.BIN,3.4021,13.3026,5.5700,13.3026,3.7950,1,0.918,1.187
306,DATA_20260312_120000.BIN,3.2064,13.5546,8.9671,13.5546,2.3870,1,3.448,4.651
307,DATA_20260312_120000.BIN,8.2113,15.6445,9.1782,15.6445,3.2120,1,6.526,7.341
308,DATA_20260312_120000.BIN,9.1782,13.3872,7.0629,13.3872,4.2680,1,6.789,7.049
309,DATA_20260312_120000.BIN,8.7900,14.3240,8.4211,14.3240,2.1230,1,5.393,5.447
310,DATA_20260312_120000.BIN,8.4211,17.6105,5.4582,17.6105,8.7560,1,5.380,5.453
311,DATA_20260312_120000.BIN,5.4582,10.8415,6.1108,10.8415,2.1560,1,3.520,3.590
312,DATA_20260312_120000.BIN,6.1108,11.3724,6.7542,11.3724,4.8400,1,1.290,1.708
313,DATA_20260312_120000.BIN,9.0890,13.6684,6.5357,13.6684,3.0910,1,4.820,4.826
314,DATA_20260312_120000.BIN,8.7730,15.2675,2.6297,15.2675,4.2790,1,8.839,9.390
315,DATA_20260312_120000.BIN,1.5093,16.8751,4.5683,16.8751,6.8530,1,4.770,8.015
316,DATA_20260312_130000.BIN,9.5410,20.5596,10.4865,20.5596,5.7310,1,11.011,14.791
317,DATA_20260312_130000.BIN,14.4548,28.8548,16.0762,28.8548,4.8620,1,3.600,5.380
318,DATA_20260312_130000.BIN,16.0762,22.2823,12.8894,22.2823,4.3450,1,2.736,2.775
319,DATA_20260312_130000.BIN,11.5795,16.9568,8.1472,16.9568,3.1130,1,8.530,10.698
320,DATA_20260312_130000.BIN,8.1472,15.3489,7.2396,15.3489,5.3790,1,6.731,7.856
321,DATA_20260312_130000.BIN,7.2396,13.0423,4.6876,13.0423,7.2050,1,7.600,9.912
322,DATA_20260312_130000.BIN,6.4376,15.5796,3.3798,15.5796,6.9300,1,9.706,9.820
323,DATA_20260312_130000.BIN,3.3798,12.4672,5.0769,12.4672,6.2040,1,9.731,10.812
324,DATA_20260312_130000.BIN,9.9125,19.2867,12.5023,19.2867,4.8180,1,5.000,5.046
325,DATA_20260312_130000.BIN,11.5547,19.6336,9.0598,19.6336,9.5590,1,7.732,7.761
326,DATA_20260312_130000.BIN,10.9658,18.9951,9.0591,18.9951,5.6100,1,6.208,6.665
327,DATA_20260312_130000.BIN,10.9783,21.0106,12.7989,21.0106,5.8080,1,3.632,4.117
328,DATA_20260312_130000.BIN,12.7989,22.4421,12.4987,22.4421,3.7290,1,4.308,4.502
329,DATA_20260312_130000.BIN,12.8087,24.0265,6.8796,24.0265,6.6660,1,2.784,3.169
330,DATA_20260312_130000.BIN,6.8796,42.8221,29.4262,42.8221,5.1150,1,5.714,5.722
331,DATA_20260312_130000.BIN,29.4262,37.0197,19.0807,37.0197,2.0460,1,21.844,27.607
332,DATA_20260312_130000.BIN,19.0807,41.3336,13.8355,41.3336,5.0380,1,9.182,10.437
333,DATA_20260312_130000.BIN,13.8355,20.2975,13.3615,20.2975,3.2450,1,0.774,4.607
334,DATA_20260312_130000.BIN,13.3615,18.0954,11.6964,18.0954,2.7720,1,0.563,3.698
335,DATA_20260312_130000.BIN,11.6964,18.2454,13.0679,18.2454,5.6210,1,4.035,6.964
336,DATA_20260312_130000.BIN,13.0679,19.1557,8.7182,19.1557,6.1490,1,3.320,3.427
337,DATA_20260312_130000.BIN,8.7182,17.1198,10.7820,17.1198,3.0140,1,5.445,5.495
338,DATA_20260312_130000.BIN,12.1332,26.0914,8.6038,26.0914,5.3680,1,6.801,6.801
339,DATA_20260312_130000.BIN,13.4509,31.4050,9.0410,31.4050,8.7340,1,2.539,3.901
340,DATA_20260312_130000.BIN,11.7351,37.2150,8.7320,37.2150,5.1370,1,7.473,8.503
341,DATA_20260312_130000.BIN,8.7320,15.6764,1.0656,15.6764,3.3770,1,5.790,6.169
342,DATA_20260312_130000.BIN,10.8581,19.7601,10.4569,19.7601,3.8280,1,4.917,4.917
343,DATA_20260312_130000.BIN,10.4569,20.8608,10.0345,20.8608,6.1270,1,7.474,7.474
344,DATA_20260312_130000.BIN,10.0345,18.3048,9.1352,18.3048,8.7890,1,2.319,2.910
345,DATA_20260312_130000.BIN,8.5800,18.4371,5.9310,18.4371,7.2600,1,3.699,3.874
346,DATA_20260312_130000.BIN,5.9310,16.1721,9.5518,16.1721,7.7550,1,7.292,7.292
347,DATA_20260312_130000.BIN,7.7855,13.9810,8.4223,13.9810,6.0940,1,6.169,10.489
348,DATA_20260312_130000.BIN,8.4223,13.6051,8.9758,13.6051,6.5560,1,1.953,1.954
349,DATA_20260312_130000.BIN,8.9758,13.8511,5.4721,13.8511,3.8060,1,1.893,8.542
350,DATA_20260312_130000.BIN,5.4721,14.4569,6.9027,14.4569,1.6830,1,5.932,6.007
351,DATA_20260312_130000.BIN,11.5688,17.1285,6.4564,17.1285,4.9610,1,9.642,10.186
352,DATA_20260312_130000.BIN,6.4564,16.5046,6.7676,16.5046,9.7240,1,3.694,5.313
353,DATA_20260312_130000.BIN,6.7676,20.3297,11.1936,20.3297,3.2670,1,2.571,2.579
354,DATA_20260312_130000.BIN,4.7446,10.2692,3.1587,10.2692,2.5410,1,4.803,6.700
355,DATA_20260312_130000.BIN,4.8960,14.9008,6.3668,14.9008,4.9060,1,5.821,5.832
356,DATA_20260312_130000.BIN,7.9397,13.6654,6.7415,13.6654,6.6110,1,5.525,5.592
357,DATA_20260312_130000.BIN,7.7505,20.5162,4.1252,20.5162,9.6470,1,1.723,2.408
358,DATA_20260312_130000.BIN,2.1351,21.0480,11.8878,21.0480,7.4470,1,7.455,7.795
359,DATA_20260312_130000.BIN,11.8878,23.6935,1.9616,23.6935,4.0810,1,4.550,8.498
360,DATA_20260312_130000.BIN,7.3254,16.2722,6.8408,16.2722,8.3600,1,0.173,1.348
361,DATA_20260312_130000.BIN,6.8408,15.8650,7.0157,15.8650,4.4990,1,2.909,5.509
362,DATA_20260312_130000.BIN,7.0157,24.2619,15.8260,24.2619,7.4580,1,3.121,4.206
363,DATA_20260312_130000.BIN,15.8260,26.0152,6.1488,26.0152,4.4880,1,9.769,19.576
364,DATA_20260312_130000.BIN,6.1488,13.5219,2.7713,13.5219,5.5000,1,2.386,3.148
365,DATA_20260312_130000.BIN,6.1365,13.7966,7.7470,13.7966,9.4820,1,2.930,3.593
366,DATA_20260312_130000.BIN,6.5903,11.4855,3.3980,11.4855,7.3370,1,8.417,11.567
367,DATA_20260312_130000.BIN,2.9642,12.2552,3.4842,12.2552,8.5800,1,5.629,5.631
368,DATA_20260312_130000.BIN,3.4842,13.0688,6.4746,13.0688,1.8150,1,4.211,5.559
369,DATA_20260312_130000.BIN,4.5177,12.9289,3.8416,12.9289,5.7640,1,3.585,3.612
370,DATA_20260312_130000.BIN,3.8416,10.1540,3.2293,10.1540,4.2240,1,3.067,4.695
371,DATA_20260312_130000.BIN,13.8954,34.2399,21.0941,34.2399,8.0410,1,6.656,18.897
372,DATA_20260312_130000.BIN,21.0941,27.8427,19.1418,27.8427,2.2990,1,13.629,23.708
373,DATA_20260312_130000.BIN,19.1418,27.2945,9.0072,27.2945,2.1560,1,10.763,15.833
374,DATA_20260312_130000.BIN,9.0072,13.6330,3.0939,13.6330,5.8080,1,5.049,7.637
375,DATA_20260312_130000.BIN,0.3489,8.8840,2.5284,8.8840,4.2680,1,10.754,11.185
376,DATA_20260312_130000.BIN,2.5284,8.7516,2.4855,8.7516,4.6420,1,5.460,9.185
377,DATA_20260312_130000.BIN,0.8161,12.9218,0.7531,12.9218,9.7790,1,8.426,8.802
378,DATA_20260312_130000.BIN,2.1906,9.5525,0.4872,9.5525,2.5080,1,5.216,5.593
379,DATA_20260312_130000.BIN,2.5435,8.5298,1.6537,8.5298,2.9040,1,4.442,4.563
380,DATA_20260312_130000.BIN,1.2695,10.3093,1.3168,10.3093,7.9200,1,5.101,5.963
381,DATA_20260312_130000.BIN,1.3168,9.9233,2.3197,9.9233,8.6460,1,5.875,6.379
382,DATA_20260312_130000.BIN,2.3197,22.0683,5.2037,22.0683,5.9840,1,3.663,4.329
383,DATA_20260312_130000.BIN,1.3438,7.2393,0.3754,7.2393,5.6320,1,5.292,9.742
384,DATA_20260312_130000.BIN,0.6400,8.9917,2.5015,8.9917,4.9940,1,4.917,5.351
385,DATA_20260312_130000.BIN,2.5015,16.1702,6.7311,16.1702,2.8270,1,2.167,7.952
386,DATA_20260312_130000.BIN,6.7311,20.0874,10.5358,20.0874,1.6830,1,9.892,10.266
387,DATA_20260312_130000.BIN,10.5358,27.2015,7.1427,27.2015,6.8090,1,13.455,14.316
388,DATA_20260312_130000.BIN,7.1427,23.8645,15.8176,23.8645,8.8880,1,5.384,5.385
389,DATA_20260312_130000.BIN,1.8484,7.9967,2.4061,7.9967,9.0970,1,6.182,7.334
390,DATA_20260312_130000.BIN,4.4317,35.9301,2.7128,35.9301,8.4260,1,4.192,7.034
391,DATA_20260312_130000.BIN,2.7128,17.1969,0.8959,17.1969,7.6670,1,1.609,5.467
392,DATA_20260312_130000.BIN,0.8959,13.6795,1.5623,13.6795,6.3800,1,2.404,3.361
393,DATA_20260312_130000.BIN,3.1056,9.6655,3.4903,9.6655,4.0040,1,5.655,6.955
394,DATA_20260312_130000.BIN,3.4903,8.8307,0.6157,8.8307,4.5100,1,7.077,7.626
395,DATA_20260312_130000.BIN,2.5371,10.1972,0.9483,10.1972,3.8280,1,1.482,1.779
396,DATA_20260312_130000.BIN,0.9483,9.1559,1.2890,9.1559,2.3210,1,1.486,1.675
397,DATA_20260312_130000.BIN,1.0510,6.4168,1.4196,6.4168,5.6870,1,0.905,1.157
398,DATA_20260312_130000.BIN,1.5530,8.7950,2.7075,8.7950,3.4540,1,1.681,7.890
399,DATA_20260312_130000.BIN,2.7075,8.5248,0.6551,8.5248,6.0170,1,3.522,5.820
400,DATA_20260312_130000.BIN,3.2777,13.0017,3.0103,13.0017,9.8670,1,6.568,10.814
401,DATA_20260312_130000.BIN,1.3431,11.6352,1.8033,11.6352,8.2280,1,1.458,1.462
402,DATA_20260312_130000.BIN,1.8033,6.8028,1.1577,6.8028,5.7200,1,3.703,4.127
403,DATA_20260312_130000.BIN,0.4443,10.8372,0.9346,10.8372,3.1900,1,1.894,5.213
404,DATA_20260312_130000.BIN,0.9346,23.7221,2.0090,23.7221,8.6460,1,2.026,3.005
405,DATA_20260312_130000.BIN,2.0090,8.5554,2.0741,8.5554,7.8870,1,3.234,4.051
406,DATA_20260312_130000.BIN,2.0741,6.6297,0.2895,6.6297,7.5790,1,3.105,4.945
407,DATA_20260312_130000.BIN,1.8444,9.3163,1.8330,9.3163,7.8100,1,2.402,2.744
408,DATA_20260312_130000.BIN,1.8330,8.8764,2.3314,8.8764,3.5970,1,2.047,2.457
409,DATA_20260312_130000.BIN,1.9939,9.0492,3.7934,9.0492,4.7190,1,2.472,3.700
410,DATA_20260312_130000.BIN,3.7934,8.6648,1.8550,8.6648,7.8650,1,4.840,5.451
411,DATA_20260312_130000.BIN,3.4170,12.1688,3.1136,12.1688,9.9550,1,4.050,6.439
412,DATA_20260312_130000.BIN,2.4254,9.2313,1.3179,9.2313,7.8430,1,1.730,6.279
413,DATA_20260312_130000.BIN,1.5804,7.6727,2.1226,7.6727,4.0370,1,3.588,7.654
414,DATA_20260312_130000.BIN,2.3495,10.1334,4.5005,10.1334,3.5970,1,2.304,2.827
415,DATA_20260312_130000.BIN,4.5005,11.1630,1.2665,11.1630,4.1580,1,5.133,5.620
416,DATA_20260312_130000.BIN,1.2665,7.2836,1.9218,7.2836,7.2380,1,2.020,2.140
417,DATA_20260312_130000.BIN,2.3246,8.0617,1.2190,8.0617,8.5140,1,1.776,2.660
418,DATA_20260312_130000.BIN,3.3990,11.5232,2.9749,11.5232,6.0390,1,4.114,5.031
419,DATA_20260312_130000.BIN,2.9749,8.4609,3.0215,8.4609,1.9690,1,2.448,5.111
420,DATA_20260312_130000.BIN,6.8196,12.3572,6.0607,12.3572,8.8110,1,6.433,6.587
421,DATA_20260312_130000.BIN,6.0607,14.6994,8.0906,14.6994,6.4130,1,7.871,8.241
422,DATA_20260312_130000.BIN,6.9945,12.6472,7.4474,12.6472,1.8040,1,6.532,10.097
423,DATA_20260312_130000.BIN,6.7289,13.4904,6.3786,13.4904,4.7410,1,6.062,9.533
424,DATA_20260312_130000.BIN,1.8719,8.4021,2.2418,8.4021,3.3880,1,2.228,7.652
425,DATA_20260312_130000.BIN,2.2418,8.0852,2.4295,8.0852,4.3780,1,1.535,5.100
426,DATA_20260312_130000.BIN,2.2196,13.4646,3.6459,13.4646,4.2020,1,4.781,7.399
427,DATA_20260312_130000.BIN,3.6459,29.8156,7.2060,29.8156,5.8190,1,3.801,7.153
428,DATA_20260312_130000.BIN,7.2060,18.3649,7.1898,18.3649,7.7880,1,11.853,16.251
429,DATA_20260312_130000.BIN,13.6144,25.6902,10.3943,25.6902,3.5530,1,12.964,13.592
430,DATA_20260312_130000.BIN,8.8948,22.0976,6.4188,22.0976,3.6520,1,7.356,7.363
431,DATA_20260312_130000.BIN,1.1005,9.6352,2.1709,9.6352,5.1480,1,4.333,4.946
432,DATA_20260312_130000.BIN,6.8907,16.1575,7.7048,16.1575,5.1150,1,4.442,5.413
433,DATA_20260312_130000.BIN,7.7048,14.2336,4.1270,14.2336,4.4220,1,7.238,8.901
434,DATA_20260312_130000.BIN,8.3054,15.2662,9.0042,15.2662,6.7320,1,8.603,8.851
435,DATA_20260312_130000.BIN,7.6035,14.5599,9.8581,14.5599,9.6140,1,6.151,6.162
436,DATA_20260312_130000.BIN,9.9579,16.6773,9.7789,16.6773,4.4220,1,7.188,7.763
437,DATA_20260312_130000.BIN,9.4492,24.4148,2.7300,24.4148,3.9160,1,6.980,7.123
438,DATA_20260312_130000.BIN,6.4974,16.3633,9.3107,16.3633,4.2350,1,1.956,6.443
439,DATA_20260312_130000.BIN,9.3107,20.9572,7.0308,20.9572,3.2120,1,5.304,6.185
440,DATA_20260312_130000.BIN,7.0308,13.3668,4.8675,13.3668,6.2040,1,1.597,10.359
441,DATA_20260312_130000.BIN,10.5262,16.7029,9.1280,16.7029,6.2700,1,6.145,6.448
442,DATA_20260312_130000.BIN,11.3302,17.5467,11.2338,17.5467,8.6900,1,6.491,6.645
443,DATA_20260312_130000.BIN,10.1059,14.9880,8.9791,14.9880,5.8300,1,4.303,5.197
444,DATA_20260312_130000.BIN,2.0639,12.7077,2.9573,12.7077,6.4900,1,6.665,14.014
445,DATA_20260312_130000.BIN,4.6829,12.9112,6.3969,12.9112,2.4970,1,4.945,6.260
446,DATA_20260312_130000.BIN,6.3969,17.0546,11.4774,17.0546,6.2700,1,3.393,5.123
447,DATA_20260312_130000.BIN,1.3754,18.1971,6.7594,18.1971,3.5310,1,8.819,14.592
448,DATA_20260312_130000.BIN,6.7594,21.4385,14.7369,21.4385,2.4530,1,15.494,20.244
449,DATA_20260312_130000.BIN,11.4511,25.4004,14.1749,25.4004,6.0500,1,15.560,17.422
450,DATA_20260312_130000.BIN,11.9586,18.9249,8.0589,18.9249,2.6180,1,14.503,15.992
451,DATA_20260312_130000.BIN,9.0079,15.1111,8.7566,15.1111,2.4090,1,6.854,9.464
452,DATA_20260312_130000.BIN,8.7566,17.0590,6.4224,17.0590,3.3550,1,4.492,4.961
453,DATA_20260312_130000.BIN,10.5954,29.4310,9.0866,29.4310,8.0850,1,10.513,10.527
454,DATA_20260312_130000.BIN,11.1047,24.4863,8.1585,24.4863,1.9250,1,5.281,10.395
455,DATA_20260312_130000.BIN,8.1585,15.9712,5.4353,15.9712,3.4980,1,3.551,5.632
456,DATA_20260312_130000.BIN,5.4353,20.9112,10.4873,20.9112,7.7660,1,5.009,15.139
457,DATA_20260312_130000.BIN,10.4873,17.8266,11.5002,17.8266,5.2470,1,5.942,7.614
458,DATA_20260312_130000.BIN,11.5002,18.1462,9.9247,18.1462,1.9030,1,6.532,7.430
459,DATA_20260312_130000.BIN,9.9247,16.8303,8.6561,16.8303,3.7730,1,4.457,5.814
460,DATA_20260312_130000.BIN,8.9136,14.5355,6.4365,14.5355,2.0130,1,4.503,5.360
461,DATA_20260312_130000.BIN,8.2772,13.9686,5.7728,13.9686,4.1910,1,3.589,6.200
462,DATA_20260312_130000.BIN,3.3299,14.1000,5.9044,14.1000,4.0370,1,5.205,8.557
463,DATA_20260312_130000.BIN,12.7698,22.1068,16.1131,22.1068,2.9260,1,8.031,8.906
464,DATA_20260312_130000.BIN,5.6937,19.8777,9.3992,19.8777,6.6880,1,8.586,14.866
465,DATA_20260312_130000.BIN,4.8690,18.5394,9.9655,18.5394,3.5200,1,3.054,3.747
466,DATA_20260312_130000.BIN,7.9848,17.7338,3.4439,17.7338,1.7270,1,3.994,4.145
467,DATA_20260312_130000.BIN,6.8877,23.3274,14.6468,23.3274,4.9060,1,1.812,4.719
468,DATA_20260312_130000.BIN,14.6468,22.8897,14.9171,22.8897,5.6980,1,11.211,11.218
469,DATA_20260312_130000.BIN,14.9171,20.1843,13.7682,20.1843,7.5130,1,10.484,10.707
470,DATA_20260312_130000.BIN,13.7682,21.8727,12.0700,21.8727,5.1920,1,7.821,8.492
471,DATA_20260312_130000.BIN,12.0700,21.5801,14.5968,21.5801,5.3460,1,6.174,6.747
472,DATA_20260312_130000.BIN,6.9246,20.4140,3.8819,20.4140,9.5260,1,3.350,3.372
473,DATA_20260312_130000.BIN,3.8819,16.9371,5.6419,16.9371,7.7770,1,11.337,13.262
474,DATA_20260312_130000.BIN,5.6419,20.7649,12.1418,20.7649,3.7730,1,5.593,9.964
475,DATA_20260312_130000.BIN,16.3338,23.3307,10.8551,23.3307,9.0200,1,13.983,14.646
476,DATA_20260312_130000.BIN,21.3861,29.8973,18.2220,29.8973,4.4660,1,17.951,18.627
477,DATA_20260312_130000.BIN,12.9231,23.4902,15.9774,23.4902,7.1170,1,23.865,27.765
478,DATA_20260312_130000.BIN,21.6187,27.4115,17.1859,27.4115,2.8380,1,17.724,18.030
479,DATA_20260312_130000.BIN,17.1859,26.1833,19.3292,26.1833,4.1140,1,9.458,10.067
480,DATA_20260312_130000.BIN,17.1759,22.0985,16.0270,22.0985,7.1390,1,8.552,8.815
481,DATA_20260312_130000.BIN,16.0270,22.8006,16.7951,22.8006,4.7300,1,7.175,7.583
482,DATA_20260312_140000.BIN,10.8235,18.9822,11.5612,18.9822,4.2350,1,7.851,13.244
483,DATA_20260312_140000.BIN,10.3651,19.6849,10.3798,19.6849,6.0610,1,7.015,10.582
484,DATA_20260312_140000.BIN,10.3798,18.3443,10.3075,18.3443,2.2220,1,6.326,8.997
485,DATA_20260312_140000.BIN,9.4213,19.5376,11.3329,19.5376,4.4660,1,7.929,8.031
486,DATA_20260312_140000.BIN,11.3329,20.9964,10.4925,20.9964,2.6070,1,6.753,7.815
487,DATA_20260312_140000.BIN,10.4925,29.9818,9.8549,29.9818,7.4910,1,9.366,10.845
488,DATA_20260312_140000.BIN,7.7987,33.1385,10.0232,33.1385,3.7730,1,15.779,17.873
489,DATA_20260312_140000.BIN,10.0232,17.5568,10.9695,17.5568,4.0150,1,9.116,9.843
490,DATA_20260312_140000.BIN,12.1693,19.7203,12.4567,19.7203,3.8940,1,4.719,6.165
491,DATA_20260312_140000.BIN,12.4567,19.8802,11.5106,19.8802,7.3810,1,1.442,1.660
492,DATA_20260312_140000.BIN,10.5475,25.4848,10.5101,25.4848,3.8500,1,3.003,3.346
493,DATA_20260312_140000.BIN,10.5101,32.3602,8.5975,32.3602,6.9300,1,1.555,1.608
494,DATA_20260312_140000.BIN,7.5932,19.8634,8.6611,19.8634,8.3930,1,6.657,11.020
495,DATA_20260312_140000.BIN,8.6611,19.0124,10.4999,19.0124,5.6870,1,3.087,3.277
496,DATA_20260312_140000.BIN,5.2572,13.8154,2.0031,13.8154,1.7930,1,6.807,7.077
497,DATA_20260312_140000.BIN,2.0031,14.4177,0.5589,14.4177,2.4860,1,12.470,15.128
498,DATA_20260312_140000.BIN,3.8309,34.0107,4.9414,34.0107,5.7420,1,12.493,14.047
499,DATA_20260312_140000.BIN,4.9414,15.4904,7.0636,15.4904,7.2600,1,4.113,6.404
500,DATA_20260312_140000.BIN,7.0636,15.8323,6.4229,15.8323,6.3580,1,2.362,4.250
501,DATA_20260312_140000.BIN,6.1905,22.2263,7.5164,22.2263,6.0170,1,2.252,4.234
502,DATA_20260312_140000.BIN,12.8665,23.9217,8.6030,23.9217,2.0350,1,11.021,17.730
503,DATA_20260312_140000.BIN,4.3381,23.0372,9.5117,23.0372,5.2030,1,10.346,12.570
504,DATA_20260312_140000.BIN,9.5117,33.8620,5.5984,33.8620,3.9710,1,6.799,6.987
505,DATA_20260312_140000.BIN,7.1733,22.8766,3.7242,22.8766,8.7340,1,1.563,2.541
506,DATA_20260312_140000.BIN,4.8384,27.8603,4.8399,27.8603,2.5960,1,3.741,3.828
507,DATA_20260312_140000.BIN,3.4152,28.9327,3.7023,28.9327,4.0920,1,4.845,5.724
508,DATA_20260312_140000.BIN,1.4657,34.1890,1.0013,34.1890,6.7980,1,6.972,7.076
509,DATA_20260312_140000.BIN,1.0013,18.8811,1.7379,18.8811,3.1570,1,6.949,7.038
510,DATA_20260312_140000.BIN,2.8271,36.7962,2.3574,36.7962,5.2470,1,4.039,4.634
511,DATA_20260312_140000.BIN,8.5537,37.6573,4.4625,37.6573,5.4560,1,4.981,9.425
512,DATA_20260312_140000.BIN,4.4625,10.8035,2.1557,10.8035,4.7300,1,2.334,9.671
513,DATA_20260312_140000.BIN,2.1557,10.3553,3.3265,10.3553,6.4350,1,5.163,7.396
514,DATA_20260312_140000.BIN,5.5627,13.0670,1.7698,13.0670,5.6870,1,4.187,5.906
515,DATA_20260312_140000.BIN,1.7698,18.3938,7.5987,18.3938,2.8820,1,5.597,6.236
516,DATA_20260312_140000.BIN,25.4846,42.3280,10.3921,42.3280,7.5020,1,32.878,42.359
517,DATA_20260312_140000.BIN,10.3921,41.0457,7.4736,41.0457,6.5670,1,8.596,11.541
518,DATA_20260312_140000.BIN,4.3933,28.6377,1.7405,28.6377,6.0170,1,6.221,6.416
519,DATA_20260312_140000.BIN,1.7405,11.0811,1.6526,11.0811,3.9160,1,6.594,6.771
520,DATA_20260312_140000.BIN,1.6526,21.4484,3.7789,21.4484,5.5770,1,6.975,10.506
521,DATA_20260312_140000.BIN,3.7789,14.0726,5.2002,14.0726,1.8480,1,2.573,13.590
522,DATA_20260312_140000.BIN,5.2002,20.6868,0.6879,20.6868,5.2030,1,2.361,8.529
523,DATA_20260312_140000.BIN,0.6879,10.1025,0.9503,10.1025,2.5960,1,6.476,7.387
524,DATA_20260312_140000.BIN,0.3275,17.7703,9.9938,17.7703,4.8620,1,5.823,5.869
525,DATA_20260312_140000.BIN,9.9938,17.2850,0.5063,17.2850,2.5080,1,8.372,18.156
526,DATA_20260312_140000.BIN,1.6146,10.1155,2.6624,10.1155,3.9710,1,7.700,10.403
527,DATA_20260312_140000.BIN,2.6624,11.4100,1.6891,11.4100,3.5640,1,2.026,2.110
528,DATA_20260312_140000.BIN,1.6891,27.3150,2.6340,27.3150,3.0140,1,2.837,2.902
529,DATA_20260312_140000.BIN,3.2787,13.0333,2.6421,13.0333,4.1140,1,8.822,9.686
530,DATA_20260312_140000.BIN,2.6421,15.8336,0.7134,15.8336,4.8620,1,0.781,6.396
531,DATA_20260312_140000.BIN,2.2669,12.5418,1.1541,12.5418,2.5410,1,2.829,6.813
532,DATA_20260312_140000.BIN,0.7455,9.8069,2.0109,9.8069,2.9700,1,3.641,3.641
533,DATA_20260312_140000.BIN,3.9854,12.3042,1.6417,12.3042,4.7520,1,8.598,14.206
534,DATA_20260312_140000.BIN,3.4203,13.2217,5.7711,13.2217,5.2910,1,1.508,10.667
535,DATA_20260312_140000.BIN,5.7711,16.8065,1.1734,16.8065,2.7500,1,9.816,10.160
536,DATA_20260312_140000.BIN,1.1734,14.3972,7.7794,14.3972,1.9030,1,2.039,7.699
537,DATA_20260312_140000.BIN,7.7794,50.0033,27.3004,50.0033,3.3220,1,12.606,18.474
538,DATA_20260312_140000.BIN,27.3004,49.2218,10.7225,49.2218,5.0380,1,37.906,41.020
539,DATA_20260312_140000.BIN,10.7225,18.2153,2.5470,18.2153,3.4320,1,9.443,11.095
540,DATA_20260312_140000.BIN,0.9517,15.1860,3.0813,15.1860,4.6200,1,6.004,6.205
541,DATA_20260312_140000.BIN,3.0813,15.1196,3.6907,15.1196,2.2220,1,6.949,7.014
542,DATA_20260312_140000.BIN,0.9040,12.6805,1.7374,12.6805,2.9150,1,5.627,5.701
543,DATA_20260312_140000.BIN,1.7374,12.4102,0.5278,12.4102,8.4480,1,4.667,5.915
544,DATA_20260312_140000.BIN,0.5278,14.8286,2.3334,14.8286,6.8750,1,4.078,4.390
545,DATA_20260312_140000.BIN,2.3334,10.2242,2.3839,10.2242,1.7600,1,2.076,6.007
546,DATA_20260312_140000.BIN,1.9552,7.6842,0.3693,7.6842,2.4750,1,6.233,11.917
547,DATA_20260312_140000.BIN,0.3693,10.6010,3.4779,10.6010,8.4590,1,3.158,4.082
548,DATA_20260312_140000.BIN,1.4581,10.3367,1.0304,10.3367,6.1820,1,1.213,6.764
549,DATA_20260312_140000.BIN,1.0304,8.1765,0.6867,8.1765,3.3330,1,3.518,8.061
550,DATA_20260312_140000.BIN,0.6867,20.8817,5.1391,20.8817,5.4560,1,2.166,2.654
551,DATA_20260312_140000.BIN,5.1391,12.2573,4.4686,12.2573,2.2660,1,8.624,9.937
552,DATA_20260312_140000.BIN,2.9792,13.4116,4.3015,13.4116,7.8320,1,2.093,18.340
553,DATA_20260312_140000.BIN,4.3015,13.7127,4.9480,13.7127,9.9440,1,5.980,7.594
554,DATA_20260312_140000.BIN,7.7907,22.2058,2.1666,22.2058,2.2660,1,8.985,9.052
555,DATA_20260312_140000.BIN,2.1666,21.0034,3.8654,21.0034,1.8810,1,1.979,7.436
556,DATA_20260312_140000.BIN,3.8654,23.4794,5.9231,23.4794,2.7720,1,3.683,4.152
557,DATA_20260312_140000.BIN,10.6063,26.5985,1.8783,26.5985,3.1240,1,12.896,12.906
558,DATA_20260312_140000.BIN,7.0526,34.2042,3.7071,34.2042,9.0640,1,10.960,12.425
559,DATA_20260312_140000.BIN,3.7071,28.6060,3.5198,28.6060,4.1360,1,2.730,2.980
560,DATA_20260312_140000.BIN,8.9791,21.1033,4.9548,21.1033,5.0820,1,10.943,12.175
561,DATA_20260312_140000.BIN,3.7622,16.0872,1.3191,16.0872,4.4770,1,1.736,3.644
562,DATA_20260312_140000.BIN,1.3191,14.8537,5.4323,14.8537,6.0830,1,3.399,9.532
563,DATA_20260312_140000.BIN,4.4843,13.1166,5.2890,13.1166,3.5750,1,3.142,3.144
564,DATA_20260312_140000.BIN,5.2890,12.9504,6.5238,12.9504,2.7830,1,3.242,3.310
565,DATA_20260312_140000.BIN,6.5238,21.6427,4.6177,21.6427,6.2260,1,5.854,5.894
566,DATA_20260312_140000.BIN,6.0827,15.3752,5.2539,15.3752,6.7100,1,3.777,4.078
567,DATA_20260312_140000.BIN,4.5367,12.1727,5.1851,12.1727,4.9390,1,1.582,2.068
568,DATA_20260312_140000.BIN,4.2320,13.3005,3.2246,13.3005,1.6060,1,0.912,3.602
569,DATA_20260312_140000.BIN,3.2246,19.4588,5.2018,19.4588,1.7490,1,3.678,12.639
570,DATA_20260312_140000.BIN,9.6223,27.2932,6.6396,27.2932,2.7280,1,10.143,11.733
571,DATA_20260312_140000.BIN,6.6396,15.8923,8.9591,15.8923,7.4580,1,3.517,3.673
572,DATA_20260312_140000.BIN,8.0973,17.6845,4.1930,17.6845,5.2800,1,5.324,6.004
573,DATA_20260312_140000.BIN,4.1930,10.4912,2.3609,10.4912,8.3600,1,1.026,4.325
574,DATA_20260312_140000.BIN,2.3609,19.5827,0.2427,19.5827,2.6290,1,5.669,10.893
575,DATA_20260312_140000.BIN,6.2685,14.4718,5.5945,14.4718,5.6980,1,2.543,5.938
576,DATA_20260312_140000.BIN,5.5945,26.9132,5.5177,26.9132,3.3330,1,1.335,2.232
577,DATA_20260312_140000.BIN,4.6822,23.3558,4.7385,23.3558,3.8940,1,2.426,5.508
578,DATA_20260312_140000.BIN,4.7385,15.7933,5.9696,15.7933,7.4910,1,2.183,2.449
579,DATA_20260312_140000.BIN,5.4379,19.1787,3.8580,19.1787,8.9980,1,3.506,7.205
580,DATA_20260312_140000.BIN,4.2011,12.0436,5.5976,12.0436,3.2450,1,0.714,1.573
581,DATA_20260312_140000.BIN,6.2473,12.8039,1.8184,12.8039,6.3140,1,2.749,4.725
582,DATA_20260312_140000.BIN,1.7055,11.9805,2.7989,11.9805,1.2320,1,4.841,7.049
583,DATA_20260312_140000.BIN,2.7989,21.6139,4.0180,21.6139,2.2440,1,11.879,18.585
584,DATA_20260312_140000.BIN,4.0180,18.6318,5.8635,18.6318,7.2490,1,1.285,2.155
585,DATA_20260312_140000.BIN,5.8635,14.6283,7.6072,14.6283,3.0910,1,4.988,9.391
586,DATA_20260312_140000.BIN,7.6072,15.2356,7.2988,15.2356,5.1810,1,7.255,12.991
587,DATA_20260312_140000.BIN,3.5614,11.4191,3.8739,11.4191,6.6770,1,9.124,14.967
588,DATA_20260312_140000.BIN,3.8739,14.2141,4.2124,14.2141,4.0810,1,4.729,6.475
589,DATA_20260312_140000.BIN,4.2124,16.5278,3.7279,16.5278,7.4140,1,0.331,4.243
590,DATA_20260312_140000.BIN,3.7279,13.2532,6.1727,13.2532,4.6530,1,1.521,4.917
591,DATA_20260312_140000.BIN,6.1727,17.3053,4.9381,17.3053,4.4880,1,2.971,3.210
592,DATA_20260312_140000.BIN,4.9381,15.8779,5.9252,15.8779,2.5190,1,1.580,6.640
593,DATA_20260312_140000.BIN,5.9252,27.4114,3.8008,27.4114,2.7390,1,2.358,2.359
594,DATA_20260312_140000.BIN,3.8008,17.8271,5.6372,17.8271,1.5510,1,4.776,10.944
595,DATA_20260312_140000.BIN,7.9528,36.6370,2.9380,36.6370,5.0050,1,10.971,11.345
596,DATA_20260312_150000.BIN,1.0420,7.2894,1.7290,7.2894,2.5960,1,78.677,104.511
597,DATA_20260312_150000.BIN,1.7290,5.3504,1.9309,5.3504,1.9470,1,77.041,95.691
598,DATA_20260312_150000.BIN,1.9309,6.1542,1.6502,6.1542,1.5290,1,70.699,85.604
599,DATA_20260312_150000.BIN,2.7233,5.4327,2.4822,5.4327,1.7710,1,64.313,77.714
600,DATA_20260312_150000.BIN,1.9727,9.2814,1.8304,9.2814,1.4960,1,58.729,68.602
601,DATA_20260312_150000.BIN,1.8304,11.2799,1.9427,11.2799,1.5400,1,52.620,62.657
602,DATA_20260312_150000.BIN,1.9427,24.3183,15.5306,24.3183,6.2480,1,48.216,59.921
603,DATA_20260312_150000.BIN,15.5306,21.1206,1.8531,21.1206,3.1570,1,55.849,59.491
604,DATA_20260312_150000.BIN,1.8531,8.1099,1.8568,8.1099,1.7050,1,36.816,46.347
605,DATA_20260312_150000.BIN,1.8568,6.1934,2.3535,6.1934,1.8260,1,33.633,40.262
606,DATA_20260312_150000.BIN,2.3535,6.4742,1.8944,6.4742,1.5620,1,31.029,37.931
607,DATA_20260312_150000.BIN,1.8944,9.2278,2.6980,9.2278,1.7820,1,28.829,34.252
608,DATA_20260312_150000.BIN,1.8406,6.5419,2.7739,6.5419,1.6280,1,22.778,26.573
609,DATA_20260312_150000.BIN,2.7739,9.7790,1.9897,9.7790,2.2550,1,18.751,26.129
610,DATA_20260312_150000.BIN,1.9897,6.6406,1.5404,6.6406,1.1880,1,18.690,22.880
611,DATA_20260312_150000.BIN,1.5404,5.9030,2.1286,5.9030,1.1000,1,15.544,20.558
612,DATA_20260312_150000.BIN,2.1286,6.2492,2.0986,6.2492,1.1330,1,19.422,20.884
613,DATA_20260312_150000.BIN,2.0112,5.1108,1.5501,5.1108,2.4860,1,16.462,17.955
614,DATA_20260312_150000.BIN,1.5501,6.2427,0.6250,6.2427,1.9690,1,8.574,12.921
615,DATA_20260312_150000.BIN,0.6250,6.6941,0.5819,6.6941,1.2320,1,12.198,15.977
616,DATA_20260312_150000.BIN,0.5819,33.8231,2.2082,33.8231,5.2690,1,17.495,20.645
617,DATA_20260312_150000.BIN,2.5191,11.4918,1.7769,11.4918,2.2990,1,29.145,31.796
618,DATA_20260312_150000.BIN,1.5939,5.8903,1.7567,5.8903,2.5520,1,10.543,12.062
619,DATA_20260312_150000.BIN,1.7567,6.7071,1.7861,6.7071,1.7490,1,12.861,13.916
620,DATA_20260312_150000.BIN,1.7861,10.1159,2.4808,10.1159,1.4960,1,11.133,12.038
621,DATA_20260312_150000.BIN,2.4808,8.1730,3.2589,8.1730,1.3970,1,10.934,11.085
622,DATA_20260312_150000.BIN,3.2589,33.8288,2.4513,33.8288,4.2350,1,9.519,9.541
623,DATA_20260312_150000.BIN,2.4513,8.7247,1.0680,8.7247,1.5950,1,8.614,9.006
624,DATA_20260312_150000.BIN,1.8172,5.3118,1.7951,5.3118,2.9480,1,7.691,8.289
625,DATA_20260312_150000.BIN,1.6244,5.7603,1.8951,5.7603,4.2790,1,7.622,8.258
626,DATA_20260312_150000.BIN,2.4119,11.3473,3.5388,11.3473,1.1990,1,5.307,5.415
627,DATA_20260312_150000.BIN,3.5388,30.4778,1.6881,30.4778,8.7670,1,9.598,12.990
628,DATA_20260312_150000.BIN,1.6881,17.2678,4.3786,17.2678,3.7950,1,22.160,22.180
629,DATA_20260312_150000.BIN,1.3081,14.0894,1.5428,14.0894,3.4100,1,24.916,25.043
630,DATA_20260312_150000.BIN,1.5428,9.1093,2.3918,9.1093,2.9810,1,27.914,29.199
631,DATA_20260312_150000.BIN,2.3918,5.1359,1.9885,5.1359,2.9260,1,8.571,8.636
632,DATA_20260312_150000.BIN,1.9885,7.2981,2.2954,7.2981,3.3440,1,10.995,10.996
633,DATA_20260312_150000.BIN,2.2954,10.4196,1.9688,10.4196,2.2550,1,7.311,7.496
634,DATA_20260312_150000.BIN,1.9688,9.3915,2.4498,9.3915,1.5510,1,1.264,1.413
635,DATA_20260312_150000.BIN,2.4498,8.0804,1.7690,8.0804,6.4350,1,24.573,24.814
636,DATA_20260312_150000.BIN,1.7690,6.6239,0.8594,6.6239,2.5300,1,19.808,19.954
637,DATA_20260312_150000.BIN,1.0229,6.5116,2.2525,6.5116,1.3090,1,9.011,9.513
638,DATA_20260312_150000.BIN,2.2525,5.6570,2.6881,5.6570,2.3100,1,6.071,6.287
639,DATA_20260312_150000.BIN,2.3630,11.1784,1.7337,11.1784,3.1020,1,5.489,5.695
640,DATA_20260312_150000.BIN,1.7337,5.2815,1.9819,5.2815,1.8370,1,2.072,2.191
641,DATA_20260312_150000.BIN,1.9819,8.4982,2.1853,8.4982,1.7160,1,11.488,11.521
642,DATA_20260312_150000.BIN,2.1853,6.9955,2.2717,6.9955,2.0130,1,6.018,6.058
643,DATA_20260312_150000.BIN,2.2717,7.9399,2.4217,7.9399,1.8150,1,4.789,4.934
644,DATA_20260312_150000.BIN,2.4217,40.4809,3.4116,40.4809,2.7720,1,2.721,3.003
645,DATA_20260312_150000.BIN,3.4116,8.4761,1.8349,8.4761,1.2430,1,5.712,6.925
646,DATA_20260312_150000.BIN,1.8349,19.2839,2.1034,19.2839,2.3980,1,5.002,5.153
647,DATA_20260312_150000.BIN,2.1034,7.6686,1.7574,7.6686,1.1880,1,6.424,6.505
648,DATA_20260312_150000.BIN,1.7574,9.0896,2.0648,9.0896,2.8930,1,2.593,2.594
649,DATA_20260312_150000.BIN,2.0648,5.2276,2.5420,5.2276,2.1560,1,3.131,3.262
650,DATA_20260312_150000.BIN,2.5420,6.4344,2.0320,6.4344,1.7050,1,8.419,8.559
651,DATA_20260312_150000.BIN,2.0320,6.5303,2.5348,6.5303,1.5510,1,5.731,5.740
652,DATA_20260312_150000.BIN,2.5348,11.0394,1.7211,11.0394,3.2120,1,6.117,6.266
653,DATA_20260312_150000.BIN,1.8992,6.3344,1.6031,6.3344,1.9140,1,4.099,4.118
654,DATA_20260312_150000.BIN,1.6031,5.5714,1.9064,5.5714,1.4520,1,2.386,2.478
655,DATA_20260312_150000.BIN,1.9064,7.6098,0.9999,7.6098,2.1230,1,2.035,2.036
656,DATA_20260312_150000.BIN,0.9999,4.8532,1.7431,4.8532,2.5300,1,9.919,9.940
657,DATA_20260312_150000.BIN,1.8621,13.7874,1.0899,13.7874,1.9360,1,2.707,2.844
658,DATA_20260312_150000.BIN,1.9163,5.2828,1.9094,5.2828,2.0460,1,4.061,4.075
659,DATA_20260312_150000.BIN,1.9094,7.0008,1.8619,7.0008,1.5950,1,6.291,6.295
660,DATA_20260312_150000.BIN,1.8619,8.6425,2.1954,8.6425,1.7930,1,3.870,3.908
661,DATA_20260312_150000.BIN,2.1954,5.3646,1.8591,5.3646,1.2980,1,2.216,2.828
662,DATA_20260312_150000.BIN,1.8591,6.5017,2.1450,6.5017,2.1010,1,3.325,3.346
663,DATA_20260312_150000.BIN,2.1450,12.4486,2.1698,12.4486,4.2130,1,5.698,6.122
664,DATA_20260312_150000.BIN,2.1698,7.5762,2.0335,7.5762,2.3210,1,1.425,2.433
665,DATA_20260312_150000.BIN,2.0335,15.4945,1.0206,15.4945,4.2020,1,10.023,10.023
666,DATA_20260312_150000.BIN,1.0004,6.9957,1.4564,6.9957,2.3650,1,6.725,6.728
667,DATA_20260312_150000.BIN,1.4564,11.1197,1.8076,11.1197,2.8710,1,3.483,3.583
668,DATA_20260312_150000.BIN,1.8076,6.9993,1.9176,6.9993,2.1670,1,3.321,3.409
669,DATA_20260312_150000.BIN,1.9176,5.9256,2.1863,5.9256,2.5410,1,6.287,6.444
670,DATA_20260312_150000.BIN,0.2090,4.2621,1.8882,4.2621,4.4110,1,16.286,16.510
671,DATA_20260312_150000.BIN,1.8882,6.7390,2.9634,6.7390,1.3970,1,5.400,5.405
672,DATA_20260312_150000.BIN,2.9634,25.3039,2.2149,25.3039,3.6190,1,8.910,9.779
673,DATA_20260312_150000.BIN,2.2149,19.0038,1.2504,19.0038,1.6830,1,10.635,11.223
674,DATA_20260312_150000.BIN,1.2504,13.2873,1.3915,13.2873,2.0570,1,19.412,19.861
675,DATA_20260312_150000.BIN,1.3915,13.4170,2.0686,13.4170,1.8920,1,4.605,4.716
676,DATA_20260312_150000.BIN,2.0686,16.6430,2.0592,16.6430,2.3650,1,5.545,5.681
677,DATA_20260312_150000.BIN,2.0592,36.1161,1.8274,36.1161,3.0140,1,11.946,12.474
678,DATA_20260312_150000.BIN,1.8274,26.7611,1.2796,26.7611,3.7510,1,5.084,5.866
679,DATA_20260312_150000.BIN,1.2796,7.5983,1.7836,7.5983,1.6060,1,13.162,13.164
680,DATA_20260312_150000.BIN,1.7836,30.5599,14.1894,30.5599,2.2330,1,5.454,5.456
681,DATA_20260312_150000.BIN,14.1894,44.4417,7.8354,44.4417,3.1350,1,13.354,18.797
682,DATA_20260312_150000.BIN,7.8354,16.9563,2.8017,16.9563,1.3970,1,19.079,22.102
683,DATA_20260312_150000.BIN,2.8017,12.8240,2.8280,12.8240,1.8370,1,1.969,2.056
684,DATA_20260312_150000.BIN,2.8280,20.6125,0.9799,20.6125,1.8370,1,18.905,18.957
685,DATA_20260312_150000.BIN,0.9799,17.6768,1.0872,17.6768,2.5960,1,6.629,7.018
686,DATA_20260312_150000.BIN,1.0872,10.6040,2.6888,10.6040,2.3870,1,9.996,10.094
687,DATA_20260312_150000.BIN,2.6888,93.4346,47.6808,93.4346,8.2170,1,24.141,26.047
688,DATA_20260312_150000.BIN,47.6808,62.1335,43.7148,62.1335,2.7610,1,31.301,68.095
689,DATA_20260312_150000.BIN,43.7148,67.3077,57.6430,67.3077,1.1550,1,38.850,62.766
690,DATA_20260312_150000.BIN,57.6430,93.4594,85.0304,93.4594,2.1120,1,37.168,74.314
691,DATA_20260312_150000.BIN,10.6672,38.2180,28.1240,38.2180,2.5960,1,135.804,157.283
692,DATA_20260312_150000.BIN,28.1240,42.4655,40.0692,42.4655,2.7280,1,149.830,174.589
693,DATA_20260312_150000.BIN,40.0692,42.0912,17.2145,42.0912,3.3440,1,126.768,146.715
694,DATA_20260312_150000.BIN,37.6986,94.7928,79.4616,94.7928,3.3110,1,113.433,114.462
695,DATA_20260312_150000.BIN,79.4616,95.7193,89.0461,95.7193,2.7940,1,64.787,155.677
696,DATA_20260312_150000.BIN,90.7186,95.7747,93.6623,95.7747,5.4560,1,35.793,133.740
697,DATA_20260312_150000.BIN,75.9522,95.3551,84.4750,95.3551,2.2110,1,57.243,139.288
698,DATA_20260312_150000.BIN,24.0688,37.3362,1.5995,37.3362,2.1340,1,88.975,101.514
699,DATA_20260312_150000.BIN,1.5995,6.9395,1.4971,6.9395,1.0340,1,38.943,67.129
700,DATA_20260312_150000.BIN,1.4971,12.5909,0.9387,12.5909,1.7820,1,31.082,60.186
701,DATA_20260312_150000.BIN,0.9387,8.1210,3.1659,8.1210,2.2220,1,24.904,49.548
702,DATA_20260312_150000.BIN,3.1659,43.3095,1.6173,43.3095,5.6100,1,23.812,49.551
703,DATA_20260312_150000.BIN,1.6173,15.1244,2.2057,15.1244,2.4420,1,5.232,34.052
704,DATA_20260312_150000.BIN,2.2057,8.2411,1.9774,8.2411,2.1010,1,6.450,32.537
705,DATA_20260312_150000.BIN,1.9774,8.0936,1.9727,8.0936,7.3040,1,5.006,26.754
706,DATA_20260312_150000.BIN,1.9727,4.5870,2.0640,4.5870,1.9800,1,6.630,24.916
707,DATA_20260312_150000.BIN,2.0413,7.2041,1.7660,7.2041,1.4080,1,2.233,22.591
708,DATA_20260312_150000.BIN,1.7660,7.2147,1.7999,7.2147,1.4520,1,3.422,20.235
709,DATA_20260312_150000.BIN,1.7999,9.3957,2.1987,9.3957,2.4970,1,1.946,17.238
710,DATA_20260312_150000.BIN,2.1987,8.4880,1.9881,8.4880,2.7280,1,11.237,21.720
711,DATA_20260312_150000.BIN,1.9881,4.8240,1.5463,4.8240,1.7820,1,2.489,13.139
712,DATA_20260312_150000.BIN,1.5463,9.8792,3.5017,9.8792,2.8050,1,7.761,14.085
713,DATA_20260312_150000.BIN,3.5017,11.1446,1.0866,11.1446,1.1440,1,36.089,40.946
714,DATA_20260312_150000.BIN,2.4514,6.9449,2.3185,6.9449,1.6940,1,9.845,16.892
715,DATA_20260312_150000.BIN,2.3185,5.6734,1.6446,5.6734,1.6060,1,1.823,10.296
716,DATA_20260312_150000.BIN,1.6446,7.7708,2.0523,7.7708,1.4300,1,0.714,7.226
717,DATA_20260312_150000.BIN,2.0523,28.7092,2.1681,28.7092,3.6850,1,0.985,5.272
718,DATA_20260312_150000.BIN,2.1681,19.8804,2.5985,19.8804,7.5130,1,8.359,9.540
719,DATA_20260312_150000.BIN,2.5985,11.0509,2.9752,11.0509,3.2780,1,8.698,11.169
720,DATA_20260312_150000.BIN,2.9752,55.3476,48.3417,55.3476,4.6200,1,1.296,2.379
721,DATA_20260312_150000.BIN,48.3417,53.0369,1.2248,53.0369,4.6420,1,53.669,78.006
722,DATA_20260312_150000.BIN,1.2248,8.9001,3.5815,8.9001,2.0900,1,5.092,5.430
723,DATA_20260312_150000.BIN,3.5815,10.0330,1.7466,10.0330,1.4300,1,11.095,11.997
724,DATA_20260312_150000.BIN,1.7466,8.5082,1.9002,8.5082,1.3750,1,4.331,4.337
725,DATA_20260312_150000.BIN,1.9002,12.4512,1.8433,12.4512,1.8700,1,2.064,2.746
726,DATA_20260312_150000.BIN,1.8433,46.9281,3.0708,46.9281,5.0380,1,1.723,2.579
727,DATA_20260312_150000.BIN,3.0708,14.3592,3.9846,14.3592,3.7730,1,12.608,12.657
728,DATA_20260312_150000.BIN,3.9846,9.7545,1.1812,9.7545,1.2100,1,6.485,7.718
729,DATA_20260312_150000.BIN,1.1812,15.0278,7.1801,15.0278,2.5410,1,1.380,1.446
730,DATA_20260312_150000.BIN,7.1801,10.6152,3.6884,10.6152,1.7930,1,2.517,9.363
731,DATA_20260312_150000.BIN,3.6884,6.9876,2.5964,6.9876,2.0130,1,13.520,13.735
732,DATA_20260312_150000.BIN,2.5964,7.8319,1.9523,7.8319,1.6060,1,7.165,7.247
733,DATA_20260312_150000.BIN,1.9523,10.0513,1.8439,10.0513,3.5310,1,6.262,6.267
734,DATA_20260312_150000.BIN,1.8439,6.1517,1.7673,6.1517,1.0450,1,5.380,5.381
735,DATA_20260312_150000.BIN,1.7673,12.6891,1.9669,12.6891,2.6950,1,3.459,3.523
736,DATA_20260312_150000.BIN,2.8868,12.8828,1.9750,12.8828,1.8370,1,7.206,7.370
737,DATA_20260312_150000.BIN,1.9750,10.1555,2.0985,10.1555,1.3640,1,5.784,5.872
738,DATA_20260312_150000.BIN,2.0985,5.4759,2.6706,5.4759,1.1000,1,2.506,3.073
739,DATA_20260312_150000.BIN,2.5901,30.9444,3.2232,30.9444,7.1830,1,4.771,5.315
740,DATA_20260312_150000.BIN,3.2232,7.4970,1.9808,7.4970,1.2870,1,0.862,3.381
741,DATA_20260312_150000.BIN,1.9808,5.3662,2.0884,5.3662,1.6610,1,6.232,6.329
742,DATA_20260312_150000.BIN,2.0884,6.0004,2.1800,6.0004,1.3420,1,7.225,7.227
743,DATA_20260312_150000.BIN,2.1800,5.8939,2.6321,5.8939,1.6830,1,6.523,6.757
744,DATA_20260312_150000.BIN,2.6321,7.0797,1.7713,7.0797,1.2100,1,2.368,3.354
745,DATA_20260312_150000.BIN,1.7713,22.6076,0.9601,22.6076,4.5320,1,9.251,9.254
746,DATA_20260312_150000.BIN,0.9601,5.4574,2.0544,5.4574,1.8370,1,16.383,16.507
747,DATA_20260312_150000.BIN,1.8335,5.2616,1.8588,5.2616,1.5840,1,3.008,3.031
748,DATA_20260312_150000.BIN,1.8588,8.4051,2.1517,8.4051,3.1460,1,4.935,4.971
749,DATA_20260312_150000.BIN,2.1313,9.6927,2.3163,9.6927,2.4420,1,8.265,8.370
750,DATA_20260312_150000.BIN,2.3163,7.6774,0.4819,7.6774,1.0560,1,16.221,16.235
751,DATA_20260312_150000.BIN,0.4819,5.8460,1.3659,5.8460,1.2430,1,17.581,17.759
752,DATA_20260312_150000.BIN,1.3659,12.9139,0.7061,12.9139,5.9070,1,13.413,13.618
753,DATA_20260312_150000.BIN,0.7061,3.8208,1.9177,3.8208,2.7940,1,12.371,12.446
754,DATA_20260312_150000.BIN,1.9177,6.3285,2.5752,6.3285,2.4860,1,10.012,10.017
755,DATA_20260312_150000.BIN,2.5752,10.2222,1.1693,10.2222,2.7610,1,8.004,8.338
756,DATA_20260312_150000.BIN,1.1693,4.4797,0.9385,4.4797,2.0680,1,11.182,11.265
757,DATA_20260312_150000.BIN,0.7232,7.1577,2.6859,7.1577,2.5630,1,16.627,16.720
758,DATA_20260312_150000.BIN,2.6859,8.4158,2.8292,8.4158,1.5180,1,12.092,12.121
759,DATA_20260312_150000.BIN,2.8292,15.4575,10.2404,15.4575,1.4630,1,11.406,11.439
760,DATA_20260312_150000.BIN,10.2404,14.4835,1.3295,14.4835,2.6070,1,36.696,39.049
761,DATA_20260312_150000.BIN,1.3295,8.0553,1.6571,8.0553,2.1340,1,12.761,12.769
762,DATA_20260312_150000.BIN,14.5238,17.3247,2.9737,17.3247,1.6610,1,42.133,45.118
763,DATA_20260312_150000.BIN,2.9737,10.1887,2.3269,10.1887,1.6170,1,31.401,31.825
764,DATA_20260312_150000.BIN,2.3269,6.0581,1.7700,6.0581,1.8260,1,18.965,18.988
765,DATA_20260312_150000.BIN,4.2850,12.4201,0.8071,12.4201,3.1570,1,21.238,22.121
766,DATA_20260312_150000.BIN,1.0927,5.3309,2.0370,5.3309,1.6720,1,2.015,2.037
767,DATA_20260312_150000.BIN,2.0274,9.9521,0.9228,9.9521,1.8590,1,13.066,13.188
768,DATA_20260312_150000.BIN,1.8023,5.3186,1.3350,5.3186,4.7740,1,5.083,5.084
769,DATA_20260312_150000.BIN,1.3350,13.2548,0.9979,13.2548,6.4130,1,2.709,2.710
770,DATA_20260312_150000.BIN,0.9979,4.6450,2.2142,4.6450,1.6610,1,5.300,5.318
771,DATA_20260312_150000.BIN,2.2142,11.3433,1.1220,11.3433,2.9040,1,1.873,2.897
772,DATA_20260312_150000.BIN,1.1220,12.7290,1.9834,12.7290,1.7270,1,17.935,18.047
773,DATA_20260312_150000.BIN,1.9834,25.8332,1.6149,25.8332,3.7840,1,13.342,13.344
774,DATA_20260312_150000.BIN,2.1179,6.2087,1.7966,6.2087,3.6740,1,15.217,15.321
775,DATA_20260312_150000.BIN,1.7966,6.9699,1.9353,6.9699,9.6910,1,6.434,6.445
776,DATA_20260312_150000.BIN,1.9353,12.2476,2.4920,12.2476,1.8040,1,2.462,2.764
777,DATA_20260312_150000.BIN,2.4920,6.3204,2.1332,6.3204,1.3970,1,5.525,6.226
778,DATA_20260312_150000.BIN,1.6785,9.2751,2.2275,9.2751,2.0240,1,2.949,2.949
779,DATA_20260312_150000.BIN,2.2275,7.9041,0.5746,7.9041,2.8710,1,6.661,6.797
780,DATA_20260312_150000.BIN,0.5746,11.2835,3.9909,11.2835,2.6180,1,13.210,13.617
781,DATA_20260312_150000.BIN,3.9909,7.8612,1.8157,7.8612,2.1340,1,5.430,7.143
782,DATA_20260312_150000.BIN,1.8699,9.5081,3.7802,9.5081,1.6170,1,14.705,14.710
783,DATA_20260312_150000.BIN,3.7802,7.3365,2.5607,7.3365,1.9360,1,1.722,4.189
784,DATA_20260312_150000.BIN,2.5607,7.9130,2.5115,7.9130,1.5730,1,2.081,2.683
785,DATA_20260312_150000.BIN,2.5115,8.6251,1.3062,8.6251,1.5840,1,4.400,5.363
786,DATA_20260312_150000.BIN,5.1059,18.6533,2.8271,18.6533,2.9810,1,5.055,8.807
787,DATA_20260312_150000.BIN,2.8271,10.8513,1.9888,10.8513,5.3130,1,2.100,3.168
788,DATA_20260312_150000.BIN,2.6322,8.8471,2.2323,8.8471,1.4740,1,2.623,3.162
789,DATA_20260312_150000.BIN,2.2323,9.4512,3.1531,9.4512,1.4410,1,6.313,6.325
790,DATA_20260312_150000.BIN,3.1531,12.5770,0.9713,12.5770,1.5510,1,9.787,10.696
791,DATA_20260312_150000.BIN,0.9713,5.7836,1.1588,5.7836,1.6280,1,3.843,3.845
792,DATA_20260312_150000.BIN,1.1588,5.9673,2.1932,5.9673,1.7270,1,6.610,6.671
793,DATA_20260312_150000.BIN,2.1932,55.3669,3.4336,55.3669,3.7180,1,3.229,3.797
794,DATA_20260312_150000.BIN,3.4336,26.1899,1.7693,26.1899,9.7240,1,3.770,4.951
795,DATA_20260312_150000.BIN,2.3209,8.2621,1.9442,8.2621,1.5180,1,5.259,5.327
796,DATA_20260312_150000.BIN,1.9442,7.6879,1.9700,7.6879,2.1120,1,7.911,8.141
797,DATA_20260312_150000.BIN,1.9700,9.0618,2.6186,9.0618,1.3420,1,7.519,7.562
798,DATA_20260312_150000.BIN,2.6186,7.5198,1.9878,7.5198,1.3640,1,3.510,4.342
799,DATA_20260312_150000.BIN,1.9878,9.1809,2.0953,9.1809,1.9690,1,7.069,7.441
800,DATA_20260312_150000.BIN,1.4249,5.0835,1.3562,5.0835,3.2780,1,3.439,3.481
801,DATA_20260312_150000.BIN,1.3562,11.0226,1.0895,11.0226,2.4310,1,2.036,2.136
802,DATA_20260312_150000.BIN,1.0895,5.4079,1.8656,5.4079,0.9240,1,6.425,6.464
803,DATA_20260312_150000.BIN,1.8656,9.4223,3.3194,9.4223,3.3880,1,2.395,2.695
804,DATA_20260312_150000.BIN,3.3194,7.0668,2.5089,7.0668,3.2120,1,3.724,5.152
805,DATA_20260312_150000.BIN,2.5089,8.3531,4.3583,8.3531,1.2650,1,2.507,2.815
806,DATA_20260312_150000.BIN,4.3583,7.8626,1.4703,7.8626,2.2550,1,12.814,13.980
807,DATA_20260312_150000.BIN,1.4703,5.0051,2.0323,5.0051,7.1940,1,29.191,29.192
808,DATA_20260312_150000.BIN,2.0323,7.2208,1.8533,7.2208,1.7380,1,17.038,17.050
809,DATA_20260312_150000.BIN,1.8533,8.7621,2.5568,8.7621,2.0900,1,3.634,3.796
810,DATA_20260312_150000.BIN,2.1168,6.7930,2.0943,6.7930,0.9680,1,2.571,2.788
811,DATA_20260312_150000.BIN,2.0943,15.1980,5.0659,15.1980,3.5420,1,5.371,5.569
812,DATA_20260312_150000.BIN,5.0659,10.2442,1.9691,10.2442,1.6610,1,3.838,6.945
813,DATA_20260312_150000.BIN,1.9691,9.5461,1.9492,9.5461,1.4410,1,2.669,2.672
814,DATA_20260312_150000.BIN,1.9492,10.2523,6.4810,10.2523,1.4300,1,2.605,2.731
815,DATA_20260312_150000.BIN,6.4810,11.0717,1.6170,11.0717,1.6060,1,2.704,7.634
816,DATA_20260312_150000.BIN,1.6170,45.7625,2.8391,45.7625,3.9600,1,4.684,4.684
817,DATA_20260312_150000.BIN,2.8391,19.8384,10.3354,19.8384,3.4870,1,20.915,20.919
818,DATA_20260312_150000.BIN,10.3354,33.6122,6.8532,33.6122,3.6740,1,26.417,27.281
819,DATA_20260312_150000.BIN,6.8532,31.3826,16.2342,31.3826,2.4970,1,29.741,29.746
820,DATA_20260312_150000.BIN,16.2342,34.4233,2.6896,34.4233,3.1680,1,50.941,50.991
821,DATA_20260312_150000.BIN,2.6896,16.1162,6.9759,16.1162,2.5850,1,11.501,14.195
822,DATA_20260312_150000.BIN,6.9759,27.4547,3.4491,27.4547,4.3010,1,8.443,12.446
823,DATA_20260312_150000.BIN,3.4491,18.9090,3.6314,18.9090,3.1900,1,20.879,22.181
824,DATA_20260312_150000.BIN,3.6314,11.4142,3.8258,11.4142,1.6610,1,2.507,4.639
825,DATA_20260312_150000.BIN,3.8258,7.2368,3.2641,7.2368,1.4960,1,8.973,10.004
826,DATA_20260312_150000.BIN,3.2641,6.6084,1.8809,6.6084,2.0900,1,17.925,18.305
827,DATA_20260312_150000.BIN,1.4031,8.5396,1.6631,8.5396,1.0890,1,3.918,3.952
828,DATA_20260312_150000.BIN,1.6631,20.1390,2.5134,20.1390,3.3770,1,3.725,4.099
829,DATA_20260312_150000.BIN,2.5134,18.4516,7.1223,18.4516,1.7930,1,8.686,8.892
830,DATA_20260312_150000.BIN,7.1223,10.7370,5.8604,10.7370,1.4630,1,38.224,40.194
831,DATA_20260312_150000.BIN,5.8604,14.5085,2.1515,14.5085,6.0280,1,34.452,36.126
832,DATA_20260312_150000.BIN,2.1515,5.0808,2.3130,5.0808,6.0720,1,19.389,19.454
833,DATA_20260312_150000.BIN,2.2790,5.5190,2.0557,5.5190,2.0460,1,13.979,13.980
834,DATA_20260312_150000.BIN,2.0557,5.7605,2.1897,5.7605,1.1000,1,10.787,10.806
835,DATA_20260312_150000.BIN,2.1897,7.8740,1.9291,7.8740,1.0890,1,17.460,17.824
836,DATA_20260312_150000.BIN,1.9291,8.6721,2.7197,8.6721,1.3970,1,23.944,24.040
837,DATA_20260312_150000.BIN,2.7197,11.8697,6.2236,11.8697,1.1990,1,13.055,13.598
838,DATA_20260312_150000.BIN,6.2236,11.8853,6.7629,11.8853,2.7720,1,20.306,22.102
839,DATA_20260312_150000.BIN,6.7629,10.4151,1.1866,10.4151,3.9490,1,19.321,22.311
840,DATA_20260312_150000.BIN,1.1866,10.8168,4.7868,10.8168,3.9490,1,7.529,7.544
841,DATA_20260312_150000.BIN,11.0453,16.4836,5.4820,16.4836,2.5520,1,8.892,13.046
842,DATA_20260312_150000.BIN,5.4820,19.1893,2.0852,19.1893,5.4230,1,4.516,5.172
843,DATA_20260312_150000.BIN,2.0852,7.0613,1.3302,7.0613,2.3100,1,18.400,19.339
844,DATA_20260312_150000.BIN,1.3302,7.9917,3.6544,7.9917,1.1220,1,2.682,5.283
845,DATA_20260312_150000.BIN,2.3249,9.6619,2.7915,9.6619,2.3650,1,9.525,9.762
846,DATA_20260312_150000.BIN,4.4169,27.0241,18.2040,27.0241,4.9720,1,2.759,8.660
847,DATA_20260312_150000.BIN,2.7333,14.5021,11.6423,14.5021,3.3660,1,31.374,32.572
848,DATA_20260312_150000.BIN,11.6423,14.4330,7.1854,14.4330,1.6940,1,17.271,21.658
849,DATA_20260312_150000.BIN,1.1121,7.8280,1.5718,7.8280,1.6280,1,4.308,5.032
850,DATA_20260312_150000.BIN,1.5718,5.6635,2.0387,5.6635,1.4740,1,6.140,6.750
851,DATA_20260312_150000.BIN,2.0387,7.4439,2.0799,7.4439,1.1110,1,8.258,9.342
852,DATA_20260312_150000.BIN,2.0799,8.2695,2.2054,8.2695,1.3640,1,13.950,14.643
853,DATA_20260312_150000.BIN,2.2054,8.4125,2.6396,8.4125,1.8700,1,8.911,9.051
854,DATA_20260312_150000.BIN,2.6396,27.9923,5.4562,27.9923,2.9700,1,18.433,18.764
855,DATA_20260312_150000.BIN,5.4562,8.6995,3.0607,8.6995,1.1770,1,7.845,11.391
856,DATA_20260312_150000.BIN,3.0607,12.7817,6.1377,12.7817,1.2100,1,9.421,11.127
857,DATA_20260312_150000.BIN,6.1377,13.7725,6.9640,13.7725,1.0780,1,10.441,13.337
858,DATA_20260312_150000.BIN,6.9640,14.3406,8.5057,14.3406,0.9900,1,6.576,10.550
859,DATA_20260312_150000.BIN,8.5057,13.5986,5.3564,13.5986,1.1880,1,2.018,9.550
860,DATA_20260312_150000.BIN,5.3564,11.4910,1.1696,11.4910,1.4960,1,6.465,8.353
861,DATA_20260312_150000.BIN,1.1696,11.4331,2.4671,11.4331,1.7710,1,8.845,9.449
862,DATA_20260312_150000.BIN,9.9721,19.6812,4.2657,19.6812,1.1770,1,14.602,19.535
863,DATA_20260312_150000.BIN,4.2657,16.6335,1.5250,16.6335,1.9910,1,11.130,13.038
864,DATA_20260312_150000.BIN,1.5250,5.7032,0.7180,5.7032,3.3550,1,13.948,14.000
865,DATA_20260312_150000.BIN,0.5687,7.9306,1.3796,7.9306,3.0470,1,3.762,3.764
866,DATA_20260312_150000.BIN,1.3796,9.4570,1.6417,9.4570,2.3100,1,8.067,8.083
867,DATA_20260312_150000.BIN,1.6417,8.1093,3.2102,8.1093,1.1440,1,2.639,2.752
868,DATA_20260312_150000.BIN,3.2102,9.1432,2.0213,9.1432,1.3420,1,5.785,6.522
869,DATA_20260312_150000.BIN,0.9355,45.7738,0.8723,45.7738,4.4330,1,2.541,3.147
870,DATA_20260312_150000.BIN,1.8643,6.0874,1.6445,6.0874,1.2320,1,12.630,12.637
871,DATA_20260312_150000.BIN,1.6445,7.2134,2.6819,7.2134,1.3530,1,5.170,5.172
872,DATA_20260312_150000.BIN,2.6819,7.6545,1.4203,7.6545,1.7490,1,2.653,3.930
873,DATA_20260312_150000.BIN,1.4203,5.8886,3.2083,5.8886,1.1770,1,3.729,3.788
874,DATA_20260312_150000.BIN,3.2083,10.5851,2.7427,10.5851,1.3750,1,2.375,4.019
875,DATA_20260312_150000.BIN,2.7427,7.4365,1.3009,7.4365,1.3640,1,3.194,3.700
876,DATA_20260312_150000.BIN,1.3009,11.4781,1.9969,11.4781,2.7170,1,0.816,1.619
877,DATA_20260312_150000.BIN,1.9969,29.0392,1.7884,29.0392,3.1240,1,1.925,2.179
878,DATA_20260312_150000.BIN,1.7884,8.8998,3.2916,8.8998,3.4430,1,10.146,10.338
879,DATA_20260312_150000.BIN,3.2916,26.5200,2.9368,26.5200,2.5300,1,6.356,6.691
880,DATA_20260312_150000.BIN,1.3708,8.5882,1.6523,8.5882,1.6060,1,4.368,4.369
881,DATA_20260312_150000.BIN,1.6523,4.8854,1.3335,4.8854,1.1440,1,8.492,8.493
882,DATA_20260312_150000.BIN,1.3335,6.6251,2.0405,6.6251,2.2770,1,0.963,2.087
883,DATA_20260312_150000.BIN,2.0405,12.1451,4.5868,12.1451,1.6610,1,4.420,5.460
884,DATA_20260312_150000.BIN,4.5868,7.9969,2.1098,7.9969,2.1120,1,3.355,5.377
885,DATA_20260312_150000.BIN,1.5636,22.7147,2.8216,22.7147,6.5010,1,3.875,3.901
886,DATA_20260312_150000.BIN,2.8216,8.6698,1.1226,8.6698,4.4440,1,5.723,6.366
887,DATA_20260312_150000.BIN,1.1226,4.8593,0.9776,4.8593,1.3530,1,7.094,7.173
888,DATA_20260312_150000.BIN,0.9776,7.9889,3.6442,7.9889,1.2760,1,8.042,8.460
889,DATA_20260312_150000.BIN,3.6442,19.9619,2.8692,19.9619,2.6730,1,1.853,4.185
890,DATA_20260312_150000.BIN,2.8692,8.0495,0.7217,8.0495,1.0450,1,18.077,18.184
891,DATA_20260312_150000.BIN,0.7217,11.0857,2.7438,11.0857,2.2440,1,6.743,7.397
892,DATA_20260312_150000.BIN,2.7438,7.2123,0.3801,7.2123,0.8910,1,0.958,2.213
893,DATA_20260312_150000.BIN,4.8483,7.8381,2.7335,7.8381,4.9830,1,1.775,7.130
894,DATA_20260312_150000.BIN,2.7335,11.0584,4.2653,11.0584,2.5300,1,10.182,11.802
895,DATA_20260312_150000.BIN,1.4853,5.9301,1.4732,5.9301,2.2990,1,3.752,3.765
896,DATA_20260312_150000.BIN,1.4732,7.7757,0.7318,7.7757,1.6060,1,5.623,5.649
897,DATA_20260312_150000.BIN,0.7318,6.4429,1.7472,6.4429,6.6220,1,15.038,15.697
898,DATA_20260312_150000.BIN,1.7472,7.3213,1.6930,7.3213,1.8590,1,9.130,9.353
899,DATA_20260312_150000.BIN,1.6930,6.8998,1.4542,6.8998,1.3750,1,2.754,3.002
900,DATA_20260312_150000.BIN,1.4542,7.1682,1.7421,7.1682,1.3200,1,4.115,4.115
901,DATA_20260312_150000.BIN,1.7421,13.0988,4.2739,13.0988,2.6290,1,5.907,5.910
902,DATA_20260312_150000.BIN,4.2739,12.5780,2.1336,12.5780,1.1000,1,6.496,8.278
903,DATA_20260312_150000.BIN,2.1336,33.0680,4.1539,33.0680,2.8600,1,1.553,2.367
904,DATA_20260312_150000.BIN,4.1539,8.7251,0.9904,8.7251,1.1330,1,3.273,5.198
905,DATA_20260312_150000.BIN,1.6342,14.4582,0.5049,14.4582,1.6170,1,6.156,7.187
906,DATA_20260312_150000.BIN,0.5049,10.9243,1.9818,10.9243,3.6740,1,13.096,13.493
907,DATA_20260312_150000.BIN,1.7184,50.4688,10.4590,50.4688,1.8370,1,124.031,124.484
908,DATA_20260312_160000.BIN,10.1875,14.4854,5.6665,14.4854,5.5440,1,54.076,58.302
909,DATA_20260312_160000.BIN,5.6665,15.9697,8.5058,15.9697,4.3340,1,41.845,65.406
910,DATA_20260312_160000.BIN,5.6606,10.1902,5.3702,10.1902,2.8820,1,37.532,48.261
911,DATA_20260312_160000.BIN,5.3702,17.1163,4.5744,17.1163,4.5760,1,35.962,54.781
912,DATA_20260312_160000.BIN,7.0035,12.6605,7.1475,12.6605,4.2460,1,30.010,37.013
913,DATA_20260312_160000.BIN,6.8734,14.8381,6.5922,14.8381,3.0360,1,24.826,28.800
914,DATA_20260312_160000.BIN,6.5922,11.2077,4.8091,11.2077,2.9590,1,26.891,35.480
915,DATA_20260312_160000.BIN,4.8091,9.3829,5.7546,9.3829,1.6500,1,19.764,26.539
916,DATA_20260312_160000.BIN,5.7546,14.5346,6.8500,14.5346,2.3100,1,18.609,24.315
917,DATA_20260312_160000.BIN,1.7396,9.4735,3.4709,9.4735,3.1020,1,13.477,23.259
918,DATA_20260312_160000.BIN,6.7158,10.9727,3.9952,10.9727,6.3690,1,26.418,35.923
919,DATA_20260312_160000.BIN,3.9952,12.3559,2.8010,12.3559,5.0050,1,12.510,13.545
920,DATA_20260312_160000.BIN,1.4271,6.9997,2.0305,6.9997,2.7610,1,9.114,13.473
921,DATA_20260312_160000.BIN,7.4761,10.6620,7.0290,10.6620,1.7710,1,11.001,13.032
922,DATA_20260312_160000.BIN,7.0290,12.0731,3.9964,12.0731,5.1810,1,8.684,10.202
923,DATA_20260312_160000.BIN,3.9964,7.9507,2.7748,7.9507,1.6280,1,7.958,17.063
924,DATA_20260312_160000.BIN,3.4816,8.6485,4.0934,8.6485,3.9710,1,2.370,9.323
925,DATA_20260312_160000.BIN,3.3789,8.5991,3.4538,8.5991,4.1580,1,10.889,15.113
926,DATA_20260312_160000.BIN,3.4538,9.0741,2.1578,9.0741,3.8720,1,7.693,10.535
927,DATA_20260312_160000.BIN,5.3987,11.4738,7.3187,11.4738,5.6650,1,7.221,7.780
928,DATA_20260312_160000.BIN,7.3187,15.8421,8.2278,15.8421,3.8170,1,10.548,11.300
929,DATA_20260312_160000.BIN,8.2278,17.2964,2.9473,17.2964,4.6310,1,10.484,11.148
930,DATA_20260312_160000.BIN,5.0248,12.4175,6.1619,12.4175,5.5880,1,5.781,7.398
931,DATA_20260312_160000.BIN,2.4402,8.2160,4.3656,8.2160,3.3110,1,2.753,4.206
932,DATA_20260312_160000.BIN,4.3656,9.8167,2.9062,9.8167,6.2590,1,1.637,1.699
933,DATA_20260312_160000.BIN,2.9062,6.9726,2.9548,6.9726,3.2670,1,3.494,4.799
934,DATA_20260312_160000.BIN,2.9548,9.0054,5.2083,9.0054,5.6320,1,3.086,3.289
935,DATA_20260312_160000.BIN,5.3890,9.6324,6.5149,9.6324,2.7170,1,1.071,1.233
936,DATA_20260312_160000.BIN,6.5149,10.6246,5.8065,10.6246,1.8480,1,3.094,3.225
937,DATA_20260312_160000.BIN,5.8065,12.3190,8.0783,12.3190,1.9140,1,6.159,7.555
938,DATA_20260312_160000.BIN,5.9047,19.3965,3.2957,19.3965,6.3470,1,4.672,4.838
939,DATA_20260312_160000.BIN,4.2275,9.2714,5.9419,9.2714,2.4200,1,5.349,9.169
940,DATA_20260312_160000.BIN,3.1032,7.5320,3.7975,7.5320,3.5970,1,1.858,3.633
941,DATA_20260312_160000.BIN,3.2656,9.1512,4.5867,9.1512,2.6840,1,1.213,3.868
942,DATA_20260312_160000.BIN,4.3801,23.9642,0.6420,23.9642,4.9390,1,4.170,5.015
943,DATA_20260312_160000.BIN,0.6420,10.9969,6.2316,10.9969,9.7460,1,8.053,17.115
944,DATA_20260312_160000.BIN,6.2316,10.3084,4.6951,10.3084,2.8050,1,3.468,6.450
945,DATA_20260312_160000.BIN,1.1892,6.2366,2.7478,6.2366,2.7610,1,4.124,4.277
946,DATA_20260312_160000.BIN,2.7478,9.1734,3.4804,9.1734,2.4530,1,4.963,5.324
947,DATA_20260312_160000.BIN,3.4804,18.2631,9.1110,18.2631,8.8440,1,3.828,5.903
948,DATA_20260312_160000.BIN,9.1110,13.1995,7.4889,13.1995,3.0580,1,6.121,6.767
949,DATA_20260312_160000.BIN,7.4889,17.6320,12.2597,17.6320,1.8920,1,3.983,5.492
950,DATA_20260312_160000.BIN,4.2213,11.8526,5.5775,11.8526,3.5310,1,1.489,1.759
951,DATA_20260312_160000.BIN,9.2571,16.2765,5.1492,16.2765,2.5080,1,5.650,12.751
952,DATA_20260312_160000.BIN,5.1492,14.1631,11.2366,14.1631,9.2070,1,1.260,1.434
953,DATA_20260312_160000.BIN,11.2366,14.6150,8.8280,14.6150,4.9940,1,6.173,7.464
954,DATA_20260312_160000.BIN,8.8280,13.4718,4.9609,13.4718,3.1680,1,11.953,12.227
955,DATA_20260312_160000.BIN,4.9609,10.5733,4.3675,10.5733,2.0680,1,8.897,8.916
956,DATA_20260312_160000.BIN,4.3675,18.5048,6.8815,18.5048,6.6110,1,2.744,2.766
957,DATA_20260312_160000.BIN,4.5945,12.1860,1.7098,12.1860,6.2260,1,2.863,2.956
958,DATA_20260312_160000.BIN,5.6979,10.9563,3.5170,10.9563,6.1490,1,3.287,3.684
959,DATA_20260312_160000.BIN,1.2560,8.0462,2.0344,8.0462,3.3330,1,6.568,7.000
960,DATA_20260312_160000.BIN,2.0344,9.1427,0.9506,9.1427,3.5640,1,5.718,11.820
961,DATA_20260312_160000.BIN,0.9506,8.3378,3.2903,8.3378,4.4550,1,9.483,9.629
962,DATA_20260312_160000.BIN,3.2903,11.4410,3.1362,11.4410,4.9280,1,2.738,2.902
963,DATA_20260312_160000.BIN,4.1171,9.7033,5.5265,9.7033,1.7380,1,1.995,2.495
964,DATA_20260312_160000.BIN,6.5035,10.9606,6.3941,10.9606,5.9510,1,1.343,4.015
965,DATA_20260312_160000.BIN,6.3941,11.6669,7.7982,11.6669,6.6880,1,4.376,5.417
966,DATA_20260312_160000.BIN,7.7982,11.2605,5.8569,11.2605,4.6200,1,0.335,5.606
967,DATA_20260312_160000.BIN,4.5681,12.3078,7.2003,12.3078,5.3350,1,5.055,7.404
968,DATA_20260312_160000.BIN,5.2586,10.6825,6.2749,10.6825,4.9940,1,0.869,1.079
969,DATA_20260312_160000.BIN,6.2749,10.3015,4.8582,10.3015,8.8770,1,3.797,3.826
970,DATA_20260312_160000.BIN,5.2705,10.6415,5.7993,10.6415,1.4740,1,7.288,8.838
971,DATA_20260312_160000.BIN,2.2624,10.7623,3.7886,10.7623,5.9510,1,3.834,3.834
972,DATA_20260312_160000.BIN,5.2709,10.6355,5.8879,10.6355,1.5510,1,5.898,6.251
973,DATA_20260312_160000.BIN,7.5310,12.5576,7.5331,12.5576,1.8260,1,6.263,6.543
974,DATA_20260312_160000.BIN,7.5331,17.8680,7.6188,17.8680,5.4670,1,7.449,7.598
975,DATA_20260312_160000.BIN,11.4113,19.6081,12.9488,19.6081,9.3280,1,39.065,47.090
976,DATA_20260312_160000.BIN,12.9488,19.7787,6.7293,19.7787,5.3570,1,35.963,41.721
977,DATA_20260312_160000.BIN,6.7293,16.8830,9.9480,16.8830,2.0790,1,9.425,12.830
978,DATA_20260312_160000.BIN,9.9480,17.7774,14.0736,17.7774,3.2010,1,11.657,12.920
979,DATA_20260312_160000.BIN,14.0736,18.5585,8.6594,18.5585,8.9870,1,26.954,28.577
980,DATA_20260312_160000.BIN,8.6594,15.9902,5.3841,15.9902,8.4920,1,5.767,6.225
981,DATA_20260312_160000.BIN,3.2485,8.4231,4.4429,8.4231,2.5190,1,9.243,9.294
982,DATA_20260312_160000.BIN,4.4429,13.1848,7.8873,13.1848,5.7200,1,9.816,11.065
983,DATA_20260312_160000.BIN,3.5757,9.0280,3.9932,9.0280,3.0580,1,11.790,13.199
984,DATA_20260312_160000.BIN,4.1468,9.3843,3.8467,9.3843,3.9380,1,10.896,12.814
985,DATA_20260312_160000.BIN,4.6932,9.1131,3.6322,9.1131,7.2600,1,7.621,9.040
986,DATA_20260312_160000.BIN,3.6322,9.7917,5.6080,9.7917,4.5540,1,7.147,7.414
987,DATA_20260312_160000.BIN,5.6080,11.2332,5.6562,11.2332,4.1360,1,9.577,10.850
988,DATA_20260312_160000.BIN,6.8479,12.8305,8.2960,12.8305,7.7880,1,8.619,11.599
989,DATA_20260312_160000.BIN,8.2960,15.8873,10.9089,15.8873,1.8260,1,1.676,3.222
990,DATA_20260312_160000.BIN,5.3634,12.4774,8.0930,12.4774,2.4310,1,4.379,4.757
991,DATA_20260312_160000.BIN,5.5308,11.4032,4.6015,11.4032,1.3200,1,6.849,8.720
992,DATA_20260312_160000.BIN,9.2150,16.7465,2.8765,16.7465,3.4760,1,6.395,6.396
993,DATA_20260312_160000.BIN,0.9550,11.4808,5.5172,11.4808,5.2360,1,3.611,6.216
994,DATA_20260312_160000.BIN,4.0969,17.1105,7.6221,17.1105,5.5770,1,12.602,12.713
995,DATA_20260312_160000.BIN,7.6221,19.0220,5.0587,19.0220,4.0040,1,15.082,20.105
996,DATA_20260312_160000.BIN,5.0587,10.2837,4.4922,10.2837,1.7710,1,2.523,3.140
997,DATA_20260312_160000.BIN,4.4922,18.4068,8.4474,18.4068,5.0490,1,6.185,9.236
998,DATA_20260312_160000.BIN,8.4474,17.9321,4.1921,17.9321,2.5190,1,4.552,10.121
999,DATA_20260312_160000.BIN,4.1921,12.8728,4.9096,12.8728,4.4550,1,7.762,7.950
1000,DATA_20260312_160000.BIN,4.9096,10.8647,4.7963,10.8647,2.5080,1,7.565,8.562
1001,DATA_20260312_160000.BIN,4.7963,12.7424,3.4747,12.7424,3.7950,1,3.625,3.965
1002,DATA_20260312_160000.BIN,3.4747,11.4434,4.8005,11.4434,4.6090,1,3.897,4.242
1003,DATA_20260312_160000.BIN,4.8005,12.5419,5.5603,12.5419,1.7270,1,3.152,3.843
1004,DATA_20260312_160000.BIN,5.5603,9.5819,5.0118,9.5819,3.8940,1,3.914,5.176
1005,DATA_20260312_160000.BIN,5.0118,15.7128,3.7814,15.7128,5.4560,1,10.272,14.663
1006,DATA_20260312_160000.BIN,3.7814,14.3236,8.6325,14.3236,3.2340,1,2.952,3.216
1007,DATA_20260312_160000.BIN,8.6325,22.8738,3.1807,22.8738,7.1940,1,4.555,6.786
1008,DATA_20260312_160000.BIN,3.1807,7.6080,4.3644,7.6080,7.1170,1,6.454,7.159
1009,DATA_20260312_160000.BIN,3.5600,7.8837,1.8655,7.8837,4.2790,1,10.136,10.154
1010,DATA_20260312_160000.BIN,1.8655,6.3859,2.9442,6.3859,2.0130,1,8.580,9.240
1011,DATA_20260312_160000.BIN,1.0981,18.9225,10.1437,18.9225,2.2330,1,5.189,5.202
1012,DATA_20260312_160000.BIN,4.8953,13.7384,5.9314,13.7384,4.7520,1,3.697,6.766
1013,DATA_20260312_160000.BIN,5.9314,10.4920,3.7377,10.4920,1.9910,1,2.780,2.832
1014,DATA_20260312_160000.BIN,1.4879,11.5282,0.9312,11.5282,3.8610,1,5.678,5.678
1015,DATA_20260312_160000.BIN,0.9312,8.8134,3.7960,8.8134,3.6850,1,6.424,6.490
1016,DATA_20260312_160000.BIN,3.7960,8.5135,0.7422,8.5135,4.6860,1,3.188,3.694
1017,DATA_20260312_160000.BIN,0.7422,7.2933,4.0999,7.2933,1.8480,1,2.622,4.926
1018,DATA_20260312_160000.BIN,1.8494,8.2563,2.4581,8.2563,2.9700,1,3.444,3.549
1019,DATA_20260312_160000.BIN,2.4581,7.4001,2.8821,7.4001,4.3890,1,2.442,3.213
1020,DATA_20260312_160000.BIN,2.8821,8.7547,3.5218,8.7547,3.8830,1,7.332,9.578
1021,DATA_20260312_160000.BIN,2.0080,8.3399,3.4248,8.3399,2.5410,1,1.362,1.844
1022,DATA_20260312_160000.BIN,3.4248,8.4657,2.7954,8.4657,5.0380,1,2.940,3.162
1023,DATA_20260312_160000.BIN,2.4910,10.7686,6.1302,10.7686,3.0910,1,1.487,1.974
1024,DATA_20260312_160000.BIN,6.1302,16.2459,4.9352,16.2459,5.7640,1,9.141,9.932
1025,DATA_20260312_160000.BIN,3.9591,9.8885,4.4740,9.8885,3.3660,1,3.527,4.090
1026,DATA_20260312_160000.BIN,4.4740,12.2794,6.4148,12.2794,3.5310,1,2.898,2.946
1027,DATA_20260312_160000.BIN,6.4148,10.3172,6.1449,10.3172,3.0690,1,6.423,6.675
1028,DATA_20260312_160000.BIN,2.3734,10.4004,3.0945,10.4004,5.9510,1,3.099,3.182
1029,DATA_20260312_160000.BIN,2.1260,8.1063,1.7345,8.1063,4.6970,1,1.858,4.202
1030,DATA_20260312_160000.BIN,4.0845,10.2159,3.9922,10.2159,7.9750,1,6.167,7.766
1031,DATA_20260312_160000.BIN,7.9731,11.9223,2.5137,11.9223,3.6630,1,4.312,9.914
1032,DATA_20260312_160000.BIN,0.5694,11.1931,2.6391,11.1931,7.7440,1,2.865,4.579
1033,DATA_20260312_160000.BIN,5.4034,12.8960,3.7084,12.8960,3.2670,1,0.579,4.062
1034,DATA_20260312_160000.BIN,2.3760,11.2182,6.5204,11.2182,3.4100,1,1.840,4.291
1035,DATA_20260312_160000.BIN,3.3320,8.6866,2.4641,8.6866,1.3200,1,1.809,1.998
1036,DATA_20260312_160000.BIN,2.4641,8.6561,1.7597,8.6561,2.5190,1,2.066,2.397
1037,DATA_20260312_160000.BIN,1.7597,8.1013,2.8892,8.1013,1.3640,1,0.639,2.109
1038,DATA_20260312_160000.BIN,2.5961,7.5285,2.2586,7.5285,1.3860,1,4.634,6.240
1039,DATA_20260312_160000.BIN,3.8665,10.0246,3.4677,10.0246,5.7420,1,2.677,2.762
1040,DATA_20260312_160000.BIN,1.8524,5.6165,2.3944,5.6165,2.3430,1,6.178,6.247
1041,DATA_20260312_160000.BIN,2.3944,10.1716,0.4689,10.1716,7.9200,1,0.429,0.837
1042,DATA_20260312_160000.BIN,0.4689,10.8720,1.6888,10.8720,7.5350,1,1.152,3.062
1043,DATA_20260312_160000.BIN,1.6888,6.5634,1.2651,6.5634,4.8840,1,2.044,4.266
1044,DATA_20260312_160000.BIN,1.2651,6.2861,1.1468,6.2861,1.7050,1,2.223,4.009
1045,DATA_20260312_160000.BIN,1.5117,7.8839,3.2922,7.8839,2.5410,1,0.459,1.058
1046,DATA_20260312_160000.BIN,3.2922,7.7168,2.6997,7.7168,2.6620,1,1.728,2.598
1047,DATA_20260312_160000.BIN,1.9820,7.2064,2.4725,7.2064,1.2760,1,0.990,1.224
1048,DATA_20260312_160000.BIN,2.4725,8.5940,2.1002,8.5940,1.2980,1,1.134,1.168
1049,DATA_20260312_160000.BIN,2.1002,8.8949,3.7565,8.8949,1.5070,1,1.011,1.381
1050,DATA_20260312_160000.BIN,1.6927,13.0585,1.1815,13.0585,9.0310,1,4.866,6.598
1051,DATA_20260312_160000.BIN,1.4226,8.3428,2.2094,8.3428,1.7270,1,3.477,3.572
1052,DATA_20260312_160000.BIN,2.2094,7.9005,2.1894,7.9005,5.6430,1,1.400,1.407
1053,DATA_20260312_160000.BIN,1.3741,7.3123,0.8487,7.3123,4.2790,1,2.060,2.350
1054,DATA_20260312_160000.BIN,1.9678,6.9086,1.6969,6.9086,2.9260,1,2.775,2.779
1055,DATA_20260312_160000.BIN,0.7361,5.8904,1.1446,5.8904,1.4410,1,2.082,3.176
1056,DATA_20260312_160000.BIN,0.5447,6.4692,0.7597,6.4692,5.4230,1,1.800,2.450
1057,DATA_20260312_160000.BIN,0.2269,12.9659,3.1368,12.9659,3.8170,1,1.844,1.957
1058,DATA_20260312_160000.BIN,4.2941,7.8745,0.6678,7.8745,4.9830,1,4.398,4.810
1059,DATA_20260312_160000.BIN,0.6678,8.8564,2.8074,8.8564,5.8630,1,7.713,12.135
1060,DATA_20260312_160000.BIN,2.8074,11.8144,1.4214,11.8144,5.9840,1,2.706,4.577
1061,DATA_20260312_160000.BIN,0.6951,12.0214,4.2674,12.0214,2.4640,1,2.254,4.253
1062,DATA_20260312_160000.BIN,4.2674,19.5509,3.1512,19.5509,3.5750,1,0.810,4.401
1063,DATA_20260312_160000.BIN,3.1512,14.2637,3.8099,14.2637,6.2700,1,2.783,3.262
1064,DATA_20260312_160000.BIN,1.0879,5.4307,1.2270,5.4307,3.8500,1,4.109,7.910
1065,DATA_20260312_160000.BIN,1.2270,6.3808,0.4246,6.3808,3.1460,1,1.455,3.235
1066,DATA_20260312_160000.BIN,0.4246,4.9336,1.2957,4.9336,2.7170,1,1.112,2.915
1067,DATA_20260312_160000.BIN,1.2957,5.9507,1.8152,5.9507,1.6500,1,5.242,6.469
1068,DATA_20260312_160000.BIN,1.7688,8.2300,2.4758,8.2300,1.4740,1,4.436,7.063
1069,DATA_20260312_160000.BIN,0.8479,6.0747,0.2415,6.0747,2.6400,1,4.086,4.166
1070,DATA_20260312_160000.BIN,1.8040,5.2171,1.6044,5.2171,3.1130,1,2.519,2.931
1071,DATA_20260312_160000.BIN,0.7926,6.2693,0.5738,6.2693,3.3990,1,4.072,4.326
1072,DATA_20260312_160000.BIN,0.5738,6.8583,0.3089,6.8583,5.5000,1,1.761,1.794
1073,DATA_20260312_160000.BIN,0.3089,5.7379,0.5776,5.7379,3.9600,1,3.874,5.368
1074,DATA_20260312_160000.BIN,0.9957,18.4062,0.3000,18.4062,7.1610,1,3.823,3.987
1075,DATA_20260312_160000.BIN,0.3000,7.2804,0.3751,7.2804,7.9750,1,0.550,0.981
1076,DATA_20260312_160000.BIN,0.3751,5.6762,0.6813,5.6762,3.5640,1,0.641,1.842
1077,DATA_20260312_160000.BIN,0.3386,7.3567,1.7534,7.3567,1.9690,1,1.007,2.329
1078,DATA_20260312_160000.BIN,0.5651,5.4638,2.7404,5.4638,7.7110,1,8.430,12.144
1079,DATA_20260312_160000.BIN,2.7404,7.5098,0.4553,7.5098,4.9610,1,4.180,7.093
1080,DATA_20260312_160000.BIN,1.5758,8.7485,1.8621,8.7485,3.9380,1,0.491,1.316
1081,DATA_20260312_160000.BIN,1.8621,7.4188,1.8837,7.4188,7.3370,1,6.341,7.942
1082,DATA_20260312_160000.BIN,1.3471,9.2646,1.5410,9.2646,4.2790,1,5.266,5.917
1083,DATA_20260312_160000.BIN,2.1267,6.2668,2.6646,6.2668,1.5620,1,5.330,5.529
1084,DATA_20260312_160000.BIN,2.6646,8.2897,1.0450,8.2897,3.2780,1,4.138,4.178
1085,DATA_20260312_160000.BIN,1.0450,7.7146,1.0527,7.7146,9.2180,1,4.812,7.333
1086,DATA_20260312_160000.BIN,0.5805,6.1902,1.9488,6.1902,3.7290,1,6.327,10.397
1087,DATA_20260312_160000.BIN,1.4173,6.3849,2.7212,6.3849,1.5180,1,5.681,6.993
1088,DATA_20260312_160000.BIN,0.5632,9.3388,0.5429,9.3388,6.4570,1,4.004,5.883
1089,DATA_20260312_160000.BIN,0.6444,17.1490,2.3525,17.1490,3.1570,1,2.302,2.673
1090,DATA_20260312_160000.BIN,2.3525,5.6560,0.8575,5.6560,2.4750,1,6.575,7.119
1091,DATA_20260312_160000.BIN,1.7128,6.8272,1.2223,6.8272,3.5970,1,1.635,3.282
1092,DATA_20260312_160000.BIN,1.2196,7.3487,2.0876,7.3487,2.4420,1,1.824,1.850
1093,DATA_20260312_160000.BIN,1.2671,4.7476,1.1498,4.7476,3.5860,1,1.699,2.883
1094,DATA_20260312_160000.BIN,1.1498,5.8306,0.9289,5.8306,3.4430,1,1.321,2.294
1095,DATA_20260312_160000.BIN,0.7053,6.0057,0.8825,6.0057,4.8730,1,1.464,1.552
1096,DATA_20260312_160000.BIN,0.7833,15.4348,0.2407,15.4348,8.9540,1,2.500,5.017
1097,DATA_20260312_160000.BIN,0.2407,4.5132,1.4666,4.5132,2.9480,1,1.518,1.816
1098,DATA_20260312_160000.BIN,0.8444,6.4227,0.4609,6.4227,3.8500,1,7.375,11.163
1099,DATA_20260312_160000.BIN,0.4609,5.6492,0.8082,5.6492,3.5860,1,1.173,1.261
1100,DATA_20260312_160000.BIN,0.8082,12.5821,3.3363,12.5821,9.3940,1,1.888,2.044
1101,DATA_20260312_160000.BIN,3.3363,9.3505,0.7278,9.3505,9.0970,1,9.404,10.545
1102,DATA_20260312_160000.BIN,2.5681,8.0248,0.3899,8.0248,4.0260,1,8.977,10.694
1103,DATA_20260312_160000.BIN,2.2755,8.3777,0.9112,8.3777,1.9470,1,2.454,3.363
1104,DATA_20260312_160000.BIN,0.9112,9.4571,1.2277,9.4571,1.4080,1,2.948,4.342
1105,DATA_20260312_160000.BIN,1.2277,7.6557,0.9795,7.6557,5.1370,1,2.843,2.917
1106,DATA_20260312_160000.BIN,0.9795,9.4664,1.1480,9.4664,7.0730,1,1.035,2.986
1107,DATA_20260312_160000.BIN,0.4515,18.3838,3.7211,18.3838,3.3550,1,0.469,0.469
1108,DATA_20260312_160000.BIN,3.7211,12.3959,1.5274,12.3959,6.5560,1,6.644,8.807
1109,DATA_20260312_160000.BIN,1.5274,8.1127,0.4421,8.1127,9.3500,1,42.303,59.942
1110,DATA_20260312_160000.BIN,2.2707,6.9193,0.9050,6.9193,5.1040,1,24.103,36.034
1111,DATA_20260312_160000.BIN,0.1931,5.6592,0.4075,5.6592,5.7310,1,11.757,17.066
1112,DATA_20260312_160000.BIN,0.4075,7.5873,0.9468,7.5873,3.0250,1,1.530,1.792
1113,DATA_20260312_160000.BIN,0.5662,4.9661,0.3246,4.9661,4.5650,1,5.031,6.607
1114,DATA_20260312_160000.BIN,0.3246,5.5239,1.7981,5.5239,1.8480,1,5.919,8.767
1115,DATA_20260312_160000.BIN,1.7981,6.9827,0.9124,6.9827,3.3550,1,4.075,4.537
1116,DATA_20260312_160000.BIN,0.9124,6.3300,1.3090,6.3300,4.7960,1,2.241,2.966
1117,DATA_20260312_160000.BIN,0.5290,9.0215,0.3681,9.0215,4.3670,1,4.272,5.321
1118,DATA_20260312_160000.BIN,0.3681,13.8324,2.7835,13.8324,2.6950,1,0.741,0.965
1119,DATA_20260312_160000.BIN,1.0063,8.5114,2.6585,8.5114,4.2130,1,4.622,5.423
1120,DATA_20260312_160000.BIN,2.6585,8.8976,0.8600,8.8976,5.8520,1,11.401,14.155
1121,DATA_20260312_160000.BIN,4.8612,13.4379,0.8136,13.4379,5.7530,1,2.771,10.269
1122,DATA_20260312_160000.BIN,0.8136,6.7506,1.0542,6.7506,1.6500,1,6.843,9.727
1123,DATA_20260312_160000.BIN,1.0542,7.7211,1.3209,7.7211,4.8070,1,1.469,1.627
1124,DATA_20260312_160000.BIN,1.3209,9.4962,0.1288,9.4962,5.4890,1,1.907,1.979
1125,DATA_20260312_160000.BIN,0.8164,6.3515,0.8687,6.3515,5.4450,1,7.636,11.804
1126,DATA_20260312_160000.BIN,0.8687,6.1971,1.0851,6.1971,1.7930,1,1.648,4.305
1127,DATA_20260312_160000.BIN,1.0851,8.2809,2.5943,8.2809,1.3200,1,7.601,11.561
1128,DATA_20260312_160000.BIN,2.5943,8.1653,2.0665,8.1653,2.4750,1,4.528,8.819
1129,DATA_20260312_160000.BIN,2.0665,7.2566,1.5477,7.2566,6.4460,1,4.836,7.983
1130,DATA_20260312_160000.BIN,1.6846,8.3709,0.0803,8.3709,5.0820,1,0.679,3.470
1131,DATA_20260312_160000.BIN,0.0803,7.1047,1.5654,7.1047,3.5970,1,0.723,1.340
1132,DATA_20260312_160000.BIN,0.4575,7.0939,0.9580,7.0939,7.7330,1,1.619,3.662
1133,DATA_20260312_160000.BIN,0.9580,11.7827,0.6994,11.7827,3.2890,1,1.415,2.558
1134,DATA_20260312_160000.BIN,0.6994,11.1550,1.6607,11.1550,7.8650,1,1.585,2.602
1135,DATA_20260312_160000.BIN,1.1545,5.9474,0.6569,5.9474,3.4760,1,1.513,1.676
1136,DATA_20260312_160000.BIN,0.6569,15.6962,2.0040,15.6962,3.0910,1,3.345,4.394
1137,DATA_20260312_160000.BIN,1.6692,6.1861,0.2546,6.1861,5.9510,1,4.186,4.560
1138,DATA_20260312_160000.BIN,0.2546,9.3790,0.9161,9.3790,4.4000,1,2.340,3.459
1139,DATA_20260312_160000.BIN,0.9161,5.1160,0.2391,5.1160,3.4320,1,4.170,7.475
1140,DATA_20260312_160000.BIN,0.3777,7.1115,2.9095,7.1115,1.5400,1,3.213,4.723
1141,DATA_20260312_160000.BIN,2.9095,6.2741,0.8549,6.2741,5.5770,1,3.233,3.481
1142,DATA_20260312_160000.BIN,0.8549,5.7920,1.0810,5.7920,4.6090,1,1.683,1.776
1143,DATA_20260312_160000.BIN,1.0810,12.3725,1.3023,12.3725,2.8380,1,0.964,2.253
1144,DATA_20260312_160000.BIN,1.3023,4.6580,1.0895,4.6580,3.8940,1,3.169,5.282
1145,DATA_20260312_160000.BIN,1.0895,6.0388,0.3629,6.0388,3.2780,1,2.580,3.419
1146,DATA_20260312_160000.BIN,1.3938,7.0316,1.2802,7.0316,2.4420,1,2.007,4.239
1147,DATA_20260312_160000.BIN,1.2979,4.6872,1.2345,4.6872,2.5740,1,4.964,7.555
1148,DATA_20260312_160000.BIN,0.7903,8.2926,2.5511,8.2926,4.6750,1,25.882,37.894
1149,DATA_20260312_160000.BIN,2.5511,8.8473,0.4001,8.8473,3.8610,1,5.289,5.513
1150,DATA_20260312_160000.BIN,0.1137,6.8464,1.1002,6.8464,5.4010,1,3.954,6.233
1151,DATA_20260312_160000.BIN,1.1002,6.2085,1.0084,6.2085,2.7390,1,0.787,2.168
1152,DATA_20260312_160000.BIN,2.5430,7.0676,1.4726,7.0676,2.5740,1,4.098,4.145
1153,DATA_20260312_160000.BIN,0.2997,4.8910,0.9343,4.8910,6.3800,1,5.519,8.959
1154,DATA_20260312_160000.BIN,0.9343,6.3789,1.3791,6.3789,6.6880,1,6.170,9.510
1155,DATA_20260312_160000.BIN,2.4227,10.6877,2.1177,10.6877,4.2900,1,4.025,4.097
1156,DATA_20260312_160000.BIN,2.3577,12.1773,1.0336,12.1773,7.8980,1,4.956,8.005
1157,DATA_20260312_160000.BIN,1.0336,8.0493,1.0308,8.0493,1.3420,1,2.065,4.533
1158,DATA_20260312_160000.BIN,1.0308,9.2085,2.6586,9.2085,1.2210,1,1.013,2.634
1159,DATA_20260312_160000.BIN,0.8509,6.7406,1.6413,6.7406,8.9650,1,1.234,2.036
1160,DATA_20260312_160000.BIN,0.9750,5.8790,0.8741,5.8790,3.4210,1,2.139,2.707
1161,DATA_20260312_160000.BIN,0.8741,6.8558,0.6397,6.8558,5.5550,1,0.454,0.927
1162,DATA_20260312_160000.BIN,1.9337,9.7072,3.5305,9.7072,4.3670,1,1.272,2.581
1163,DATA_20260312_160000.BIN,3.5305,8.6739,3.2759,8.6739,4.0260,1,3.923,4.007
1164,DATA_20260312_160000.BIN,2.4500,7.1310,0.1585,7.1310,3.3550,1,4.348,5.385
1165,DATA_20260312_160000.BIN,0.1585,5.2915,0.6382,5.2915,2.2990,1,2.587,4.310
1166,DATA_20260312_160000.BIN,3.4583,11.2199,0.8489,11.2199,4.8510,1,7.010,7.011
1167,DATA_20260312_160000.BIN,0.9369,10.1730,1.9675,10.1730,8.4920,1,2.779,4.391
1168,DATA_20260312_160000.BIN,1.9675,6.9405,0.5329,6.9405,2.7500,1,1.098,2.572
1169,DATA_20260312_160000.BIN,1.0776,5.6151,0.4024,5.6151,2.6510,1,2.884,4.669
1170,DATA_20260312_160000.BIN,4.1764,12.4982,1.0043,12.4982,3.2560,1,1.100,6.700
1171,DATA_20260312_160000.BIN,4.3649,9.3903,1.0078,9.3903,2.5850,1,3.625,5.909
1172,DATA_20260312_160000.BIN,1.0078,6.3768,1.5865,6.3768,3.3770,1,1.839,2.217
1173,DATA_20260312_160000.BIN,1.5865,6.6628,0.1808,6.6628,1.6060,1,7.480,12.678
1174,DATA_20260312_160000.BIN,0.1808,6.0333,0.9024,6.0333,2.6950,1,3.742,6.110
1175,DATA_20260312_160000.BIN,1.4059,9.4901,3.4787,9.4901,2.0680,1,2.469,3.682
1176,DATA_20260312_160000.BIN,3.4787,9.8560,2.0819,9.8560,4.3120,1,1.755,6.048
1177,DATA_20260312_160000.BIN,2.7577,6.2441,2.7220,6.2441,1.6610,1,6.356,7.683
1178,DATA_20260312_160000.BIN,2.6884,6.2780,2.1141,6.2780,2.7280,1,5.256,6.101
1179,DATA_20260312_160000.BIN,2.1141,8.2987,0.7584,8.2987,1.5180,1,0.839,1.488
1180,DATA_20260312_160000.BIN,0.7584,6.8345,1.5130,6.8345,1.2650,1,2.551,3.870
1181,DATA_20260312_160000.BIN,1.5130,6.8312,1.6181,6.8312,1.5290,1,1.362,2.296
1182,DATA_20260312_160000.BIN,3.8127,7.7003,2.7896,7.7003,1.6500,1,4.625,5.064
1183,DATA_20260312_160000.BIN,2.9782,8.2522,3.1242,8.2522,1.5290,1,2.017,2.049
1184,DATA_20260312_160000.BIN,3.1242,8.6721,3.3120,8.6721,1.5290,1,3.035,3.117
1185,DATA_20260312_160000.BIN,2.9485,8.3516,2.7622,8.3516,1.6500,1,3.205,3.384
1186,DATA_20260312_160000.BIN,3.4093,11.6438,3.8513,11.6438,1.6830,1,1.601,1.935
1187,DATA_20260312_160000.BIN,3.8513,9.1526,3.7949,9.1526,1.6060,1,2.527,2.599
1188,DATA_20260312_160000.BIN,3.7949,10.6720,5.4218,10.6720,1.6390,1,5.594,6.200
1189,DATA_20260312_160000.BIN,5.4218,9.4922,4.9014,9.4922,1.7050,1,3.833,4.114
1190,DATA_20260312_160000.BIN,1.2696,8.5702,1.1054,8.5702,3.6520,1,0.972,3.358
1191,DATA_20260312_160000.BIN,1.1054,9.8396,2.1102,9.8396,3.5860,1,2.948,3.000
1192,DATA_20260312_160000.BIN,1.3048,12.0189,2.1024,12.0189,6.9190,1,1.975,2.326
1193,DATA_20260312_160000.BIN,3.5341,8.0207,1.9185,8.0207,5.3570,1,1.674,1.857
1194,DATA_20260312_160000.BIN,1.9185,7.5277,3.7331,7.5277,6.7320,1,1.704,1.725
1195,DATA_20260312_160000.BIN,1.8493,7.8303,0.9288,7.8303,5.6760,1,1.375,2.552
1196,DATA_20260312_160000.BIN,2.5557,14.4878,1.7725,14.4878,8.9320,1,2.398,3.715
1197,DATA_20260312_160000.BIN,2.5138,10.5742,2.1165,10.5742,2.4310,1,1.671,2.102
1198,DATA_20260312_160000.BIN,2.1488,5.5520,1.1309,5.5520,1.4080,1,4.155,4.249
1199,DATA_20260312_160000.BIN,1.1309,8.6958,3.0425,8.6958,4.7960,1,8.639,9.706
1200,DATA_20260312_160000.BIN,4.2662,8.3494,3.7348,8.3494,2.4530,1,1.944,3.524
1201,DATA_20260312_160000.BIN,3.7348,8.9581,1.1710,8.9581,4.1690,1,4.158,6.693
1202,DATA_20260312_160000.BIN,1.1710,6.7195,1.7064,6.7195,4.4000,1,0.662,2.149
1203,DATA_20260312_160000.BIN,1.1076,9.1978,4.4165,9.1978,5.5330,1,2.699,5.462
1204,DATA_20260312_160000.BIN,4.4165,9.9632,1.2250,9.9632,5.8410,1,6.953,7.421
1205,DATA_20260312_160000.BIN,5.2007,10.4786,1.3792,10.4786,1.8480,1,4.176,6.988
1206,DATA_20260312_160000.BIN,3.0918,9.2957,2.7321,9.2957,6.0610,1,8.287,11.497
1207,DATA_20260312_160000.BIN,1.7367,8.1444,1.9314,8.1444,3.3110,1,2.358,2.385
1208,DATA_20260312_160000.BIN,2.4920,9.4802,2.8086,9.4802,2.2990,1,4.499,5.713
1209,DATA_20260312_160000.BIN,3.9226,9.3846,5.9768,9.3846,3.5200,1,5.576,5.814
1210,DATA_20260312_160000.BIN,5.9768,12.0363,4.5959,12.0363,4.9170,1,6.560,6.563
1211,DATA_20260312_160000.BIN,4.5959,10.8579,3.4244,10.8579,2.9810,1,5.335,5.403
1212,DATA_20260312_160000.BIN,3.4244,10.4793,3.1294,10.4793,5.9290,1,3.811,4.732
1213,DATA_20260312_160000.BIN,3.1294,8.4005,3.6096,8.4005,1.5510,1,0.599,0.602
1214,DATA_20260312_160000.BIN,3.6096,7.6800,3.2470,7.6800,1.4630,1,0.541,1.533
1215,DATA_20260312_160000.BIN,4.5516,9.8563,3.4887,9.8563,3.3110,1,1.350,3.057
1216,DATA_20260312_160000.BIN,3.4887,12.3322,1.9587,12.3322,9.1960,1,1.603,1.616
1217,DATA_20260312_160000.BIN,1.9587,5.0946,0.8124,5.0946,5.1260,1,11.306,14.707
1218,DATA_20260312_160000.BIN,3.2058,8.2069,5.2548,8.2069,7.2930,1,2.175,2.680
1219,DATA_20260312_160000.BIN,5.4113,10.1597,4.9854,10.1597,3.3880,1,5.142,10.510
1220,DATA_20260312_160000.BIN,4.9854,11.5144,3.5466,11.5144,2.5960,1,8.303,9.620
1221,DATA_20260312_160000.BIN,0.8213,11.8763,6.5153,11.8763,6.7210,1,2.808,6.758
1222,DATA_20260312_160000.BIN,8.3202,13.8626,5.3801,13.8626,1.8810,1,9.557,9.560
1223,DATA_20260312_160000.BIN,5.3801,9.2726,5.9351,9.2726,3.2230,1,9.514,11.430
1224,DATA_20260312_160000.BIN,6.4834,11.3296,5.8507,11.3296,1.7270,1,1.665,4.926
1225,DATA_20260312_160000.BIN,5.7974,13.1575,5.3983,13.1575,6.9080,1,3.521,3.521
1226,DATA_20260312_160000.BIN,5.0862,11.1065,5.4305,11.1065,3.8940,1,6.664,8.323
1227,DATA_20260312_160000.BIN,5.4305,10.5001,6.3248,10.5001,3.5090,1,3.347,3.579
1228,DATA_20260312_160000.BIN,6.3248,11.5917,6.1709,11.5917,2.8270,1,6.175,6.313
1229,DATA_20260312_160000.BIN,5.5811,9.7123,2.6228,9.7123,2.9810,1,2.695,3.305
1230,DATA_20260312_160000.BIN,4.3135,10.3918,3.8675,10.3918,5.9950,1,0.864,0.879
1231,DATA_20260312_160000.BIN,4.4030,10.3025,4.3042,10.3025,6.3470,1,2.795,3.808
1232,DATA_20260312_160000.BIN,4.3042,10.2886,4.7021,10.2886,3.4980,1,2.206,2.929
1233,DATA_20260312_160000.BIN,4.2572,9.2431,3.8488,9.2431,2.7280,1,6.726,9.732
1234,DATA_20260312_160000.BIN,3.5290,8.4134,3.3167,8.4134,2.5520,1,3.514,3.559
1235,DATA_20260312_160000.BIN,0.7447,7.5233,2.1739,7.5233,2.6620,1,1.738,4.963
1236,DATA_20260312_160000.BIN,2.1739,7.7256,1.1906,7.7256,2.5850,1,4.622,9.249
1237,DATA_20260312_160000.BIN,1.1906,7.6105,3.8065,7.6105,4.5430,1,8.086,8.091
1238,DATA_20260312_160000.BIN,3.8065,8.3623,3.8482,8.3623,3.1020,1,3.620,5.318
1239,DATA_20260312_160000.BIN,5.0836,9.8043,4.2893,9.8043,2.1560,1,3.344,3.550
1240,DATA_20260312_160000.BIN,4.6903,10.5510,6.7244,10.5510,4.8510,1,2.960,2.975
1241,DATA_20260312_160000.BIN,5.4784,9.1430,5.2208,9.1430,1.7710,1,3.465,3.556
1242,DATA_20260312_160000.BIN,8.3752,19.5683,7.9179,19.5683,3.0250,1,3.781,7.704
1243,DATA_20260312_160000.BIN,10.4195,14.2344,8.8002,14.2344,2.3650,1,1.853,9.477
1244,DATA_20260312_160000.BIN,5.8796,16.8170,8.0506,16.8170,6.3690,1,7.234,9.086
1245,DATA_20260312_160000.BIN,8.2734,13.6449,9.0891,13.6449,2.5960,1,4.439,4.641
1246,DATA_20260312_160000.BIN,9.0891,13.1788,8.6571,13.1788,5.3130,1,4.959,6.523
1247,DATA_20260312_160000.BIN,5.7087,10.1638,6.0123,10.1638,3.3550,1,1.171,1.797
1248,DATA_20260312_160000.BIN,6.0123,11.6965,8.2823,11.6965,4.4440,1,5.368,8.029
1249,DATA_20260312_160000.BIN,7.5516,13.1264,7.4448,13.1264,7.4030,1,15.094,16.838
1250,DATA_20260312_160000.BIN,7.4448,11.7964,6.1552,11.7964,2.2660,1,11.436,13.636
1251,DATA_20260312_160000.BIN,6.1552,14.6745,5.5352,14.6745,4.8730,1,11.319,12.088
1252,DATA_20260312_160000.BIN,5.5352,13.9297,7.2223,13.9297,7.3700,1,5.412,5.413
1253,DATA_20260312_160000.BIN,7.2223,13.9527,7.9285,13.9527,4.2020,1,27.574,42.007
1254,DATA_20260312_160000.BIN,7.9285,12.4538,5.5547,12.4538,2.2110,1,14.301,23.272
1255,DATA_20260312_160000.BIN,5.5547,13.7413,8.4245,13.7413,4.8290,1,4.377,6.959
1256,DATA_20260312_160000.BIN,3.4326,10.0730,4.9925,10.0730,7.6890,1,4.806,8.381
1257,DATA_20260312_160000.BIN,5.7858,10.5100,4.3702,10.5100,1.8590,1,0.727,1.468
1258,DATA_20260312_160000.BIN,4.3702,9.6080,4.5821,9.6080,1.5180,1,6.457,9.704
1259,DATA_20260312_160000.BIN,6.2162,10.6330,5.7185,10.6330,3.4210,1,5.872,8.192
1260,DATA_20260312_160000.BIN,5.7185,11.7871,7.3098,11.7871,3.0580,1,10.107,12.524
1261,DATA_20260312_160000.BIN,7.3098,14.2002,7.0027,14.2002,4.6200,1,9.138,9.307
1262,DATA_20260312_160000.BIN,7.0027,13.6158,7.9288,13.6158,2.2110,1,12.060,14.167
1263,DATA_20260312_160000.BIN,5.8469,14.0954,9.3324,14.0954,5.7310,1,11.776,15.966
1264,DATA_20260312_160000.BIN,4.0140,10.5705,5.8664,10.5705,5.5000,1,2.346,5.221
1265,DATA_20260312_160000.BIN,5.8664,11.9061,5.7046,11.9061,6.3800,1,1.781,1.782
1266,DATA_20260312_160000.BIN,4.1888,11.5879,5.6102,11.5879,3.2670,1,2.138,2.138
1267,DATA_20260312_160000.BIN,4.8218,10.0964,3.7236,10.0964,2.6840,1,6.168,8.745
1268,DATA_20260312_160000.BIN,3.7236,13.3248,4.8680,13.3248,4.2130,1,1.941,4.451
1269,DATA_20260312_160000.BIN,4.8680,11.1999,5.2285,11.1999,2.7280,1,4.410,6.014
1270,DATA_20260312_160000.BIN,5.2285,10.6238,5.9006,10.6238,1.3310,1,3.622,4.089
1271,DATA_20260312_160000.BIN,6.3252,11.8968,1.1218,11.8968,4.4220,1,3.642,3.879
1272,DATA_20260312_160000.BIN,1.1218,8.1438,3.3736,8.1438,1.6830,1,3.076,5.781
1273,DATA_20260312_160000.BIN,4.9457,10.0608,3.9509,10.0608,1.4960,1,5.226,6.671
1274,DATA_20260312_160000.BIN,3.9509,10.0977,2.8913,10.0977,1.2100,1,5.178,7.622
1275,DATA_20260312_160000.BIN,2.8913,9.5928,4.9272,9.5928,2.7280,1,1.932,4.861
1276,DATA_20260312_160000.BIN,5.3579,9.1722,4.7682,9.1722,2.7390,1,3.213,3.352
1277,DATA_20260312_160000.BIN,5.9919,16.3064,7.1523,16.3064,6.4020,1,7.036,8.438
1278,DATA_20260312_160000.BIN,7.1523,13.1562,8.7526,13.1562,4.2570,1,11.766,12.447
1279,DATA_20260312_160000.BIN,8.7526,13.3493,8.1762,13.3493,4.7630,1,7.672,7.913
1280,DATA_20260312_160000.BIN,8.1762,14.0809,6.1162,14.0809,2.3760,1,2.550,4.358
1281,DATA_20260312_160000.BIN,6.1162,11.5632,7.7131,11.5632,5.7420,1,3.468,4.825
1282,DATA_20260312_160000.BIN,8.4472,12.8109,7.6493,12.8109,1.7600,1,6.746,7.084
1283,DATA_20260312_160000.BIN,4.8876,9.7129,5.8464,9.7129,1.4080,1,2.441,4.447
1284,DATA_20260312_160000.BIN,5.8464,10.1059,4.6369,10.1059,5.9950,1,5.691,7.565
1285,DATA_20260312_160000.BIN,4.6369,12.6853,6.5869,12.6853,3.2120,1,1.053,2.808
1286,DATA_20260312_160000.BIN,7.4514,12.8899,3.5589,12.8899,4.1250,1,5.586,5.601
1287,DATA_20260312_160000.BIN,3.5589,11.2542,5.1718,11.2542,2.3540,1,2.613,5.810
1288,DATA_20260312_160000.BIN,5.1718,16.4194,7.6921,16.4194,5.3680,1,1.078,1.324
1289,DATA_20260312_160000.BIN,8.1735,12.4853,7.4777,12.4853,1.5730,1,6.783,7.037
1290,DATA_20260312_160000.BIN,7.4777,12.3408,7.7893,12.3408,2.5850,1,14.055,21.511
1291,DATA_20260312_160000.BIN,7.7893,13.6815,8.3003,13.6815,7.0400,1,7.839,13.853
1292,DATA_20260312_160000.BIN,8.3003,14.0717,6.9732,14.0717,1.3420,1,7.273,7.466
1293,DATA_20260312_160000.BIN,6.9732,12.7645,6.3775,12.7645,2.5850,1,7.374,7.510
1294,DATA_20260312_160000.BIN,6.3775,11.9028,5.1275,11.9028,1.2320,1,2.510,3.141
1295,DATA_20260312_160000.BIN,5.5185,13.6135,8.3813,13.6135,4.1140,1,1.257,2.570
1296,DATA_20260312_160000.BIN,8.3813,13.8754,5.0541,13.8754,3.1900,1,0.513,4.518
1297,DATA_20260312_160000.BIN,5.0500,10.9416,6.9234,10.9416,2.8270,1,7.452,8.807
1298,DATA_20260312_160000.BIN,6.9234,11.5811,4.2567,11.5811,1.9690,1,7.754,12.171
1299,DATA_20260312_160000.BIN,5.4043,11.0719,6.7882,11.0719,4.6640,1,6.824,8.589
1300,DATA_20260312_160000.BIN,2.6151,10.4401,4.0687,10.4401,2.7830,1,2.499,4.224
1301,DATA_20260312_160000.BIN,4.0687,17.0475,13.0959,17.0475,6.2260,1,4.649,4.973
1302,DATA_20260312_160000.BIN,13.0959,16.5514,4.6328,16.5514,6.0280,1,4.218,10.784
1303,DATA_20260312_160000.BIN,8.6471,13.1116,9.3923,13.1116,3.8500,1,10.701,16.338
1304,DATA_20260312_160000.BIN,9.3923,14.3958,5.3018,14.3958,6.7760,1,8.926,8.962
1305,DATA_20260312_160000.BIN,5.3018,11.4538,6.0499,11.4538,1.6390,1,7.170,12.464
1306,DATA_20260312_160000.BIN,6.0499,17.1523,7.1752,17.1523,5.0160,1,4.003,4.906
1307,DATA_20260312_160000.BIN,6.9427,12.1256,6.9867,12.1256,2.6950,1,3.015,3.519
1308,DATA_20260312_170000.BIN,4.3356,13.0448,0.6052,13.0448,4.0480,1,2.786,5.102
1309,DATA_20260312_170000.BIN,0.6052,7.4391,0.5145,7.4391,2.7170,1,7.546,11.448
1310,DATA_20260312_170000.BIN,0.5145,5.5766,0.2254,5.5766,3.7400,1,6.300,9.777
1311,DATA_20260312_170000.BIN,0.2254,5.0884,0.3944,5.0884,6.3470,1,6.150,7.087
1312,DATA_20260312_170000.BIN,1.2917,10.9860,2.2920,10.9860,4.8620,1,6.754,9.344
1313,DATA_20260312_170000.BIN,2.2920,8.8874,2.8623,8.8874,2.3320,1,7.107,7.987
1314,DATA_20260312_170000.BIN,1.2890,4.0886,0.1973,4.0886,3.7070,1,2.804,3.761
1315,DATA_20260312_170000.BIN,0.1973,5.5567,0.8928,5.5567,3.0250,1,3.878,8.810
1316,DATA_20260312_170000.BIN,0.2784,7.7807,0.7860,7.7807,1.8040,1,3.716,5.711
1317,DATA_20260312_170000.BIN,0.7860,5.3386,1.2090,5.3386,3.7510,1,3.725,3.902
1318,DATA_20260312_170000.BIN,1.8309,14.2055,0.7051,14.2055,3.6740,1,1.599,4.175
1319,DATA_20260312_170000.BIN,0.7051,7.0048,1.0975,7.0048,1.4080,1,2.835,3.319
1320,DATA_20260312_170000.BIN,1.0975,7.7356,1.3501,7.7356,1.6390,1,1.730,6.317
1321,DATA_20260312_170000.BIN,1.3501,5.2339,0.3047,5.2339,1.3530,1,1.411,7.772
1322,DATA_20260312_170000.BIN,0.3047,5.4117,1.1389,5.4117,2.8820,1,2.180,7.574
1323,DATA_20260312_170000.BIN,3.0210,11.6194,0.6093,11.6194,4.9610,1,2.173,3.387
1324,DATA_20260312_170000.BIN,0.6093,7.4273,3.3039,7.4273,2.5190,1,2.807,3.470
1325,DATA_20260312_170000.BIN,3.3039,6.8072,2.4477,6.8072,1.6830,1,1.975,2.876
1326,DATA_20260312_170000.BIN,1.3168,9.9093,3.4814,9.9093,1.2540,1,0.714,2.753
1327,DATA_20260312_170000.BIN,3.4814,9.3132,5.7440,9.3132,2.8710,1,3.550,6.462
1328,DATA_20260312_170000.BIN,5.7440,23.8263,0.9628,23.8263,4.3780,1,6.204,10.447
1329,DATA_20260312_170000.BIN,1.7238,4.9338,0.1006,4.9338,2.3870,1,0.962,6.712
1330,DATA_20260312_170000.BIN,0.1006,4.9257,0.4312,4.9257,4.0920,1,2.405,5.159
1331,DATA_20260312_170000.BIN,0.4312,9.5734,1.7339,9.5734,5.5880,1,1.503,1.626
1332,DATA_20260312_170000.BIN,1.1951,8.5434,0.9043,8.5434,4.0150,1,2.932,5.102
1333,DATA_20260312_170000.BIN,1.9192,7.8010,2.0510,7.8010,2.6950,1,1.621,5.107
1334,DATA_20260312_170000.BIN,2.0510,7.7276,0.9639,7.7276,1.5070,1,1.561,2.064
1335,DATA_20260312_170000.BIN,0.9639,5.5407,1.2065,5.5407,1.2870,1,2.215,3.421
1336,DATA_20260312_170000.BIN,0.9179,9.6735,1.0680,9.6735,3.2010,1,2.762,5.085
1337,DATA_20260312_170000.BIN,1.0680,41.7394,8.1979,41.7394,8.9870,1,1.367,1.369
1338,DATA_20260312_170000.BIN,8.1979,11.8171,2.7202,11.8171,1.8590,1,10.176,10.752
1339,DATA_20260312_170000.BIN,0.6279,11.5374,1.0361,11.5374,4.0700,1,1.514,4.399
1340,DATA_20260312_170000.BIN,1.0361,8.6924,0.6278,8.6924,2.5410,1,1.086,3.534
1341,DATA_20260312_170000.BIN,0.3867,7.9236,2.3893,7.9236,4.3890,1,0.812,1.623
1342,DATA_20260312_170000.BIN,2.3893,5.7508,0.5717,5.7508,5.6980,1,2.589,2.685
1343,DATA_20260312_170000.BIN,1.3134,8.6410,4.9949,8.6410,4.6640,1,1.673,2.819
1344,DATA_20260312_170000.BIN,4.9949,10.3102,3.6558,10.3102,2.7060,1,6.115,6.642
1345,DATA_20260312_170000.BIN,5.8267,10.0764,6.0444,10.0764,3.0140,1,6.758,10.023
1346,DATA_20260312_170000.BIN,2.2830,6.9516,2.5324,6.9516,2.9040,1,1.614,2.557
1347,DATA_20260312_170000.BIN,1.0829,4.5484,1.7203,4.5484,6.3910,1,1.741,6.069
1348,DATA_20260312_170000.BIN,1.7203,8.3466,1.2499,8.3466,6.6770,1,2.662,5.002
1349,DATA_20260312_170000.BIN,1.2499,12.1323,0.6900,12.1323,3.7400,1,1.799,1.852
1350,DATA_20260312_170000.BIN,0.6900,7.6060,2.0666,7.6060,3.6410,1,0.520,8.364
1351,DATA_20260312_170000.BIN,2.0666,6.3192,2.0563,6.3192,6.4570,1,2.918,4.237
1352,DATA_20260312_170000.BIN,2.0563,9.5264,2.1889,9.5264,2.1560,1,4.359,12.095
1353,DATA_20260312_170000.BIN,1.2006,6.5661,1.9045,6.5661,4.8070,1,1.891,2.256
1354,DATA_20260312_170000.BIN,1.9045,6.0638,1.1641,6.0638,2.4310,1,2.303,2.467
1355,DATA_20260312_170000.BIN,1.1641,4.7490,1.1196,4.7490,1.5400,1,1.567,2.152
1356,DATA_20260312_170000.BIN,1.1196,5.8891,0.9298,5.8891,5.0490,1,1.006,1.617
1357,DATA_20260312_170000.BIN,0.9298,5.5056,0.4128,5.5056,7.9530,1,0.926,0.936
1358,DATA_20260312_170000.BIN,0.4128,7.5018,1.3061,7.5018,4.9390,1,0.520,2.457
1359,DATA_20260312_170000.BIN,1.3061,6.6200,0.9621,6.6200,2.8600,1,1.565,4.081
1360,DATA_20260312_170000.BIN,0.3364,5.4686,0.8290,5.4686,2.0460,1,0.587,0.796
1361,DATA_20260312_170000.BIN,0.8290,5.6401,1.5602,5.6401,4.4440,1,0.452,1.809
1362,DATA_20260312_170000.BIN,1.6127,5.6505,2.0482,5.6505,8.8990,1,1.356,2.312
1363,DATA_20260312_170000.BIN,3.9020,9.2938,1.7252,9.2938,2.2880,1,4.401,6.434
1364,DATA_20260312_170000.BIN,1.7252,8.2395,0.9687,8.2395,1.3750,1,1.349,1.551
1365,DATA_20260312_170000.BIN,0.9687,9.8610,3.6469,9.8610,2.9810,1,1.301,2.646
1366,DATA_20260312_170000.BIN,3.6469,7.9058,2.9785,7.9058,1.6500,1,4.003,5.485
1367,DATA_20260312_170000.BIN,2.9785,6.8668,4.4588,6.8668,1.5620,1,3.429,4.579
1368,DATA_20260312_170000.BIN,4.4588,12.1710,3.2101,12.1710,1.8920,1,4.943,6.457
1369,DATA_20260312_170000.BIN,3.2101,11.4209,2.9168,11.4209,1.0450,1,2.541,2.659
1370,DATA_20260312_170000.BIN,2.9168,9.5233,3.6750,9.5233,2.9810,1,3.056,3.406
1371,DATA_20260312_170000.BIN,3.6750,7.8284,0.5345,7.8284,3.9490,1,3.256,5.613
1372,DATA_20260312_170000.BIN,0.5345,6.7136,2.3772,6.7136,1.9690,1,2.679,6.385
1373,DATA_20260312_170000.BIN,2.3772,9.1496,3.8558,9.1496,5.4450,1,3.659,7.037
1374,DATA_20260312_170000.BIN,3.8558,8.6379,1.5880,8.6379,1.2320,1,3.503,4.394
1375,DATA_20260312_170000.BIN,1.5880,8.9243,0.6904,8.9243,5.1920,1,0.473,7.795
1376,DATA_20260312_170000.BIN,1.4660,6.3719,0.7347,6.3719,3.8830,1,0.954,5.820
1377,DATA_20260312_170000.BIN,0.7347,7.1479,2.5078,7.1479,2.6290,1,1.037,2.758
1378,DATA_20260312_170000.BIN,2.5078,6.4908,2.0701,6.4908,3.7400,1,3.287,3.333
1379,DATA_20260312_170000.BIN,2.0701,8.3483,5.1665,8.3483,2.8600,1,3.460,11.498
1380,DATA_20260312_170000.BIN,5.1665,8.5251,0.2526,8.5251,2.1560,1,6.870,6.885
1381,DATA_20260312_170000.BIN,0.2526,10.1982,4.4342,10.1982,1.8040,1,1.361,13.933
1382,DATA_20260312_170000.BIN,4.4342,9.5473,4.7252,9.5473,1.7270,1,4.790,6.967
1383,DATA_20260312_170000.BIN,4.7252,12.7121,1.4517,12.7121,2.9590,1,4.443,4.575
1384,DATA_20260312_170000.BIN,1.4517,6.9165,2.3695,6.9165,1.4190,1,3.884,9.509
1385,DATA_20260312_170000.BIN,2.3695,19.4348,1.7003,19.4348,6.7210,1,2.935,7.683
1386,DATA_20260312_170000.BIN,1.7003,7.0413,0.2812,7.0413,2.1010,1,0.735,4.918
1387,DATA_20260312_170000.BIN,0.2812,16.9062,2.0745,16.9062,5.8850,1,1.048,1.068
1388,DATA_20260312_170000.BIN,2.0745,8.0690,1.5605,8.0690,2.2550,1,3.713,5.138
1389,DATA_20260312_170000.BIN,1.5605,15.7206,1.0173,15.7206,5.6870,1,3.454,8.642
1390,DATA_20260312_170000.BIN,1.0173,4.7064,0.8421,4.7064,3.7070,1,1.798,2.727
1391,DATA_20260312_170000.BIN,0.8421,6.8593,3.2496,6.8593,3.6410,1,0.715,3.928
1392,DATA_20260312_170000.BIN,3.2496,30.2882,7.0945,30.2882,6.2810,1,3.527,4.429
1393,DATA_20260312_170000.BIN,7.0945,10.7477,2.7266,10.7477,2.9150,1,6.747,20.548
1394,DATA_20260312_170000.BIN,2.7266,9.7542,2.0762,9.7542,2.9150,1,5.029,16.180
1395,DATA_20260312_170000.BIN,2.0762,9.1254,1.7749,9.1254,3.1240,1,3.402,4.294
1396,DATA_20260312_170000.BIN,7.4563,22.2298,17.0458,22.2298,2.6290,1,7.609,12.258
1397,DATA_20260312_170000.BIN,17.0458,37.3914,4.4605,37.3914,4.6640,1,17.313,31.445
1398,DATA_20260312_170000.BIN,4.4605,8.0444,3.2832,8.0444,1.6280,1,6.755,11.892
1399,DATA_20260312_170000.BIN,3.2832,35.7015,8.6094,35.7015,3.6630,1,6.516,6.916
1400,DATA_20260312_170000.BIN,8.6094,40.0701,0.5861,40.0701,6.2150,1,9.248,9.393
1401,DATA_20260312_170000.BIN,1.3912,10.0188,4.8563,10.0188,4.7300,1,2.473,8.302
1402,DATA_20260312_170000.BIN,3.1284,24.7942,5.9653,24.7942,6.6220,1,3.694,5.521
1403,DATA_20260312_170000.BIN,2.2360,5.1178,1.4503,5.1178,1.3420,1,2.004,2.466
1404,DATA_20260312_170000.BIN,1.4503,38.3987,0.5492,38.3987,6.4790,1,2.297,2.298
1405,DATA_20260312_170000.BIN,0.5492,12.0783,1.5132,12.0783,3.1680,1,2.029,4.021
1406,DATA_20260312_170000.BIN,1.8143,6.8687,0.5463,6.8687,4.1360,1,2.050,2.072
1407,DATA_20260312_170000.BIN,0.5463,8.7370,1.6845,8.7370,3.1240,1,1.434,3.348
1408,DATA_20260312_170000.BIN,1.6845,11.5988,1.6816,11.5988,6.7650,1,1.589,1.829
1409,DATA_20260312_170000.BIN,1.6816,11.1655,1.7079,11.1655,7.4140,1,2.712,6.987
1410,DATA_20260312_170000.BIN,1.7079,7.5972,0.0675,7.5972,3.6740,1,3.401,5.359
1411,DATA_20260312_170000.BIN,0.0675,6.2604,1.8881,6.2604,2.4090,1,2.242,10.256
1412,DATA_20260312_170000.BIN,1.8881,21.0996,7.6097,21.0996,2.3100,1,3.642,6.708
1413,DATA_20260312_170000.BIN,1.8797,4.8631,1.3131,4.8631,2.4420,1,2.587,5.842
1414,DATA_20260312_170000.BIN,1.3131,39.5134,0.3691,39.5134,5.6320,1,1.766,5.538
1415,DATA_20260312_170000.BIN,2.1253,7.2638,2.0018,7.2638,1.4410,1,3.447,4.834
1416,DATA_20260312_170000.BIN,2.0018,7.6920,3.7995,7.6920,2.0240,1,2.264,2.628
1417,DATA_20260312_170000.BIN,3.7995,12.1890,2.3604,12.1890,1.7380,1,5.077,11.626
1418,DATA_20260312_170000.BIN,3.1772,15.5663,2.2700,15.5663,4.4330,1,3.339,5.083
1419,DATA_20260312_170000.BIN,2.2700,23.2223,6.2667,23.2223,3.4870,1,4.817,12.716
1420,DATA_20260312_170000.BIN,11.0670,21.7573,2.9875,21.7573,5.0270,1,13.259,23.315
1421,DATA_20260312_170000.BIN,2.9875,15.5547,1.0736,15.5547,3.0140,1,1.713,2.467
1422,DATA_20260312_170000.BIN,1.0736,23.5858,11.9222,23.5858,3.5200,1,1.158,4.778
1423,DATA_20260312_170000.BIN,11.9222,19.0717,1.6745,19.0717,2.9150,1,17.193,22.723
1424,DATA_20260312_170000.BIN,1.6745,7.8350,1.3215,7.8350,1.4300,1,2.386,5.793
1425,DATA_20260312_170000.BIN,1.3215,15.3239,7.3133,15.3239,3.9490,1,1.372,8.152
1426,DATA_20260312_170000.BIN,7.3133,19.1447,3.8803,19.1447,4.4770,1,7.819,8.091
1427,DATA_20260312_170000.BIN,3.8803,10.4109,5.2925,10.4109,1.5290,1,2.890,3.196
1428,DATA_20260312_170000.BIN,5.2925,30.1114,10.6903,30.1114,4.2680,1,6.367,9.385
1429,DATA_20260312_170000.BIN,10.6903,27.6252,12.3809,27.6252,7.2820,1,9.880,16.248
1430,DATA_20260312_170000.BIN,12.3809,23.3965,3.2234,23.3965,3.2120,1,11.759,11.871
1431,DATA_20260312_170000.BIN,3.2234,36.2434,1.5464,36.2434,5.0050,1,5.406,7.704
1432,DATA_20260312_170000.BIN,1.5464,37.7344,30.7078,37.7344,7.2050,1,3.950,6.418
1433,DATA_20260312_170000.BIN,10.1815,26.2785,1.2428,26.2785,7.3920,1,11.712,15.444
1434,DATA_20260312_170000.BIN,1.2428,28.5006,4.7827,28.5006,5.4780,1,2.559,6.503
1435,DATA_20260312_170000.BIN,4.7827,26.9355,1.9121,26.9355,3.8610,1,4.403,7.612
1436,DATA_20260312_170000.BIN,1.9121,30.2349,4.2057,30.2349,3.3660,1,3.863,4.613
1437,DATA_20260312_170000.BIN,4.2057,35.0579,2.5896,35.0579,2.8710,1,4.108,12.732
1438,DATA_20260312_170000.BIN,2.5896,38.3976,20.6620,38.3976,2.2550,1,2.241,3.633
1439,DATA_20260312_170000.BIN,20.6620,30.3056,25.1420,30.3056,1.3750,1,22.259,22.295
1440,DATA_20260312_170000.BIN,25.1420,37.6219,17.8898,37.6219,2.9480,1,27.516,29.287
1441,DATA_20260312_170000.BIN,17.8898,29.5146,3.3707,29.5146,4.9170,1,15.272,17.722
1442,DATA_20260312_170000.BIN,3.3707,29.9230,9.0172,29.9230,5.5330,1,11.056,12.018
1443,DATA_20260312_170000.BIN,9.0172,23.6271,0.1753,23.6271,3.2120,1,3.821,7.712
1444,DATA_20260312_170000.BIN,0.1753,8.7700,2.5788,8.7700,2.2880,1,8.413,9.427
1445,DATA_20260312_170000.BIN,2.5788,10.9261,4.9028,10.9261,2.8710,1,10.322,10.689
1446,DATA_20260312_170000.BIN,4.9028,18.5427,9.9389,18.5427,9.4050,1,12.898,17.107
1447,DATA_20260312_170000.BIN,9.9389,13.4624,0.6829,13.4624,3.5420,1,17.764,19.659
1448,DATA_20260312_170000.BIN,0.6829,17.4975,1.8469,17.4975,2.4530,1,5.086,11.016
1449,DATA_20260312_170000.BIN,1.8469,27.2344,17.9429,27.2344,5.8740,1,6.010,8.680
1450,DATA_20260312_170000.BIN,17.9429,24.2537,18.7095,24.2537,2.3980,1,21.193,26.930
1451,DATA_20260312_170000.BIN,18.7095,32.3904,20.4279,32.3904,6.0060,1,19.158,21.453
1452,DATA_20260312_170000.BIN,20.4279,31.7407,9.7890,31.7407,2.2110,1,19.855,22.856
1453,DATA_20260312_170000.BIN,15.4482,22.3560,16.2319,22.3560,3.9270,1,10.234,10.465
1454,DATA_20260312_170000.BIN,16.2319,26.5391,2.5812,26.5391,2.6620,1,10.386,11.480
1455,DATA_20260312_170000.BIN,3.7063,7.4391,4.2052,7.4391,1.6170,1,11.997,12.008
1456,DATA_20260312_170000.BIN,4.2052,15.7874,7.4637,15.7874,2.1450,1,11.588,14.144
1457,DATA_20260312_170000.BIN,7.4637,30.5058,1.6628,30.5058,2.8710,1,7.368,14.388
1458,DATA_20260312_170000.BIN,1.6628,7.9506,2.1976,7.9506,2.9480,1,9.897,9.961
1459,DATA_20260312_170000.BIN,2.1976,7.1491,0.7790,7.1491,4.6970,1,4.931,6.270
1460,DATA_20260312_170000.BIN,0.7790,21.7743,2.0428,21.7743,4.9390,1,6.380,7.936
1461,DATA_20260312_170000.BIN,2.0428,45.9219,4.1208,45.9219,7.5570,1,6.184,7.023
1462,DATA_20260312_170000.BIN,4.1208,6.7062,2.2623,6.7062,4.6420,1,8.871,9.349
1463,DATA_20260312_170000.BIN,2.2623,9.9563,4.0541,9.9563,2.4860,1,6.336,6.543
1464,DATA_20260312_170000.BIN,4.0541,9.3045,4.3509,9.3045,3.6080,1,7.829,7.873
1465,DATA_20260312_170000.BIN,8.8777,13.0422,2.3845,13.0422,7.4800,1,10.739,13.675
1466,DATA_20260312_170000.BIN,2.3845,6.4220,1.4127,6.4220,1.6060,1,0.949,1.716
1467,DATA_20260312_170000.BIN,1.4127,5.4950,2.0515,5.4950,3.4210,1,2.203,2.378
