cycle_idx,source_file,p0_r,p3_r,p7_r,amplitude,duration_s,validated,tilt_deg,q_error_deg
0,DATA_20260311_070000.BIN,4.4088,11.2194,1.8579,11.2194,2.8160,1,26.890,27.608
1,DATA_20260311_070000.BIN,1.8579,16.7802,5.1509,16.7802,4.5210,1,20.210,22.039
2,DATA_20260311_070000.BIN,5.1509,14.5391,2.5082,14.5391,3.4100,1,15.698,16.387
3,DATA_20260311_070000.BIN,2.5082,11.8494,2.6417,11.8494,3.7620,1,13.800,17.113
4,DATA_20260311_070000.BIN,5.0451,16.7194,5.3182,16.7194,2.7500,1,11.351,15.248
5,DATA_20260311_070000.BIN,3.6658,13.1792,2.5778,13.1792,2.0790,1,10.334,14.827
6,DATA_20260311_070000.BIN,11.9309,41.2808,7.8175,41.2808,6.2150,1,9.343,10.591
7,DATA_20260311_070000.BIN,9.7511,28.9557,2.0117,28.9557,6.2480,1,4.119,5.124
8,DATA_20260311_070000.BIN,2.0117,28.3483,13.3947,28.3483,2.7720,1,11.195,11.347
9,DATA_20260311_070000.BIN,23.8670,29.7991,7.3362,29.7991,4.0150,1,17.553,18.026
10,DATA_20260311_070000.BIN,7.3362,14.5584,2.7974,14.5584,5.2250,1,11.310,14.932
11,DATA_20260311_070000.BIN,2.7974,16.4079,4.8832,16.4079,3.5310,1,12.673,20.852
12,DATA_20260311_070000.BIN,4.8832,15.8498,3.8675,15.8498,1.0230,1,4.510,4.776
13,DATA_20260311_070000.BIN,2.7190,18.4501,0.5884,18.4501,2.8930,1,6.628,7.944
14,DATA_20260311_070000.BIN,0.5884,12.6690,3.0278,12.6690,2.5190,1,9.758,9.871
15,DATA_20260311_070000.BIN,3.0278,41.5291,35.2946,41.5291,7.1610,1,7.848,8.391
16,DATA_20260311_070000.BIN,35.2946,44.2575,1.2437,44.2575,7.9200,1,48.730,50.846
17,DATA_20260311_070000.BIN,1.2437,29.1564,5.8713,29.1564,3.2670,1,7.465,7.467
18,DATA_20260311_070000.BIN,5.8713,19.7011,8.9513,19.7011,1.2980,1,6.023,6.024
19,DATA_20260311_070000.BIN,8.9513,18.1856,10.2347,18.1856,1.1550,1,7.501,7.548
20,DATA_20260311_070000.BIN,8.8911,16.2551,7.8903,16.2551,1.2760,1,10.185,10.185
21,DATA_20260311_070000.BIN,7.8903,15.2241,7.3106,15.2241,1.2980,1,9.277,9.277
22,DATA_20260311_070000.BIN,1.3046,15.3830,0.8944,15.3830,4.8950,1,4.416,4.802
23,DATA_20260311_070000.BIN,0.8944,12.1553,1.6810,12.1553,2.5080,1,5.506,5.975
24,DATA_20260311_070000.BIN,2.4629,11.2566,2.1722,11.2566,3.3770,1,6.817,7.590
25,DATA_20260311_070000.BIN,2.1722,10.5424,4.7727,10.5424,1.9360,1,1.561,1.603
26,DATA_20260311_070000.BIN,4.7727,13.0278,3.7561,13.0278,3.9490,1,2.782,4.668
27,DATA_20260311_070000.BIN,3.7561,17.0638,5.1806,17.0638,6.0390,1,1.078,3.966
28,DATA_20260311_070000.BIN,5.1806,12.7859,1.0199,12.7859,5.1480,1,4.317,4.788
29,DATA_20260311_070000.BIN,1.0199,24.5535,13.9327,24.5535,6.6990,1,3.365,3.437
30,DATA_20260311_070000.BIN,1.9811,11.1853,0.5548,11.1853,5.4890,1,5.553,6.691
31,DATA_20260311_070000.BIN,0.5548,28.3225,11.3203,28.3225,3.6850,1,3.042,4.170
32,DATA_20260311_070000.BIN,10.1832,34.9286,2.0321,34.9286,3.4760,1,11.654,14.417
33,DATA_20260311_070000.BIN,2.0321,12.2524,4.1099,12.2524,2.5630,1,4.075,5.725
34,DATA_20260311_070000.BIN,4.1099,12.5333,1.0570,12.5333,3.1790,1,6.610,7.484
35,DATA_20260311_070000.BIN,1.1698,37.0247,3.6809,37.0247,5.2360,1,3.048,5.126
36,DATA_20260311_070000.BIN,3.6809,12.4769,2.0964,12.4769,2.5410,1,3.994,4.310
37,DATA_20260311_070000.BIN,4.2102,17.5366,7.6247,17.5366,1.1990,1,10.698,15.242
38,DATA_20260311_070000.BIN,7.6247,15.7997,3.5666,15.7997,2.6620,1,8.800,9.014
39,DATA_20260311_070000.BIN,3.5666,9.0615,0.8198,9.0615,1.7490,1,4.244,6.387
40,DATA_20260311_070000.BIN,1.6409,14.5937,1.5185,14.5937,4.5320,1,2.287,4.447
41,DATA_20260311_070000.BIN,4.8014,16.3334,7.5601,16.3334,4.8620,1,8.091,8.865
42,DATA_20260311_070000.BIN,7.5601,15.5314,1.3033,15.5314,9.4820,1,12.052,13.623
43,DATA_20260311_070000.BIN,1.3033,12.4555,5.1116,12.4555,3.6410,1,1.668,2.274
44,DATA_20260311_070000.BIN,1.9193,11.5233,3.2614,11.5233,3.0140,1,3.360,6.293
45,DATA_20260311_070000.BIN,3.2614,10.4403,0.6204,10.4403,3.7180,1,4.099,4.242
46,DATA_20260311_070000.BIN,0.6204,11.1156,4.0725,11.1156,2.5410,1,5.197,13.165
47,DATA_20260311_070000.BIN,4.0725,18.5095,11.0016,18.5095,3.2230,1,7.511,10.349
48,DATA_20260311_070000.BIN,11.0016,43.8360,13.7685,43.8360,9.8670,1,11.428,13.134
49,DATA_20260311_070000.BIN,13.7685,26.6104,6.5685,26.6104,3.0580,1,17.339,17.579
50,DATA_20260311_070000.BIN,6.5685,41.1331,25.1697,41.1331,5.4670,1,6.569,7.219
51,DATA_20260311_070000.BIN,25.1697,43.5818,36.2526,43.5818,2.9700,1,30.627,30.747
52,DATA_20260311_070000.BIN,38.4711,43.9029,0.7008,43.9029,4.0810,1,106.221,106.221
53,DATA_20260311_070000.BIN,2.6823,17.3208,2.3107,17.3208,3.7180,1,14.750,15.067
54,DATA_20260311_070000.BIN,2.3107,10.5600,3.9408,10.5600,4.0260,1,13.780,13.780
55,DATA_20260311_070000.BIN,2.4906,10.2062,3.2453,10.2062,3.3330,1,15.581,15.652
56,DATA_20260311_070000.BIN,1.6342,10.9402,0.7019,10.9402,3.7400,1,9.229,9.924
57,DATA_20260311_070000.BIN,0.2416,13.0468,3.6641,13.0468,5.8630,1,8.074,11.951
58,DATA_20260311_070000.BIN,3.6641,40.8611,2.5058,40.8611,5.3680,1,10.989,14.068
59,DATA_20260311_070000.BIN,35.7958,41.5473,26.4324,41.5473,2.2660,1,106.554,107.918
60,DATA_20260311_070000.BIN,26.4324,41.9894,25.4055,41.9894,3.6630,1,14.962,15.374
61,DATA_20260311_070000.BIN,25.4055,38.5906,5.0150,38.5906,2.9700,1,13.656,13.745
62,DATA_20260311_070000.BIN,5.0150,12.3408,2.8886,12.3408,5.0160,1,27.274,27.285
63,DATA_20260311_070000.BIN,2.8886,12.7388,2.0638,12.7388,9.4710,1,15.246,15.286
64,DATA_20260311_070000.BIN,2.0638,10.0773,1.8613,10.0773,4.6750,1,14.792,16.865
65,DATA_20260311_070000.BIN,1.8613,19.4054,14.0034,19.4054,7.9090,1,12.601,12.754
66,DATA_20260311_070000.BIN,8.8145,18.7957,2.8414,18.7957,6.0060,1,8.000,8.417
67,DATA_20260311_070000.BIN,2.8414,19.7583,2.7750,19.7583,4.4880,1,11.399,11.596
68,DATA_20260311_070000.BIN,2.7750,21.0533,0.9642,21.0533,6.1380,1,12.093,13.903
69,DATA_20260311_070000.BIN,0.9642,26.3739,7.1042,26.3739,8.5140,1,6.950,11.039
70,DATA_20260311_070000.BIN,6.3162,37.1429,8.1983,37.1429,3.9600,1,10.524,10.953
71,DATA_20260311_070000.BIN,5.2054,11.3143,0.5943,11.3143,2.8270,1,3.078,3.199
72,DATA_20260311_070000.BIN,2.4509,11.7424,4.0162,11.7424,1.3200,1,12.045,12.055
73,DATA_20260311_070000.BIN,5.4798,14.2344,0.6693,14.2344,2.9150,1,14.825,15.020
74,DATA_20260311_070000.BIN,0.6693,12.4335,2.0060,12.4335,2.4420,1,3.479,16.502
75,DATA_20260311_070000.BIN,2.0060,14.5293,0.2674,14.5293,6.9630,1,8.120,8.190
76,DATA_20260311_070000.BIN,0.2674,9.9801,0.9515,9.9801,2.4970,1,3.899,6.038
77,DATA_20260311_070000.BIN,8.2383,21.6756,3.9343,21.6756,3.3880,1,13.043,13.126
78,DATA_20260311_070000.BIN,4.7523,24.0172,3.2396,24.0172,1.5510,1,5.195,12.446
79,DATA_20260311_070000.BIN,0.9524,16.0652,4.8465,16.0652,2.8380,1,1.470,2.932
80,DATA_20260311_070000.BIN,4.8465,16.4244,7.7482,16.4244,3.0800,1,10.912,13.083
81,DATA_20260311_070000.BIN,7.7482,31.9376,10.1779,31.9376,2.4970,1,8.511,9.499
82,DATA_20260311_070000.BIN,6.2243,33.2597,6.5911,33.2597,5.0380,1,5.407,6.327
83,DATA_20260311_070000.BIN,6.5911,23.3395,9.6564,23.3395,4.6640,1,6.381,6.954
84,DATA_20260311_070000.BIN,15.3279,22.0133,2.1465,22.0133,2.6950,1,17.295,17.333
85,DATA_20260311_070000.BIN,2.1465,13.7044,5.0099,13.7044,1.5620,1,2.060,8.417
86,DATA_20260311_070000.BIN,5.0099,11.0341,2.6317,11.0341,6.0390,1,9.742,9.748
87,DATA_20260311_070000.BIN,2.6317,24.4835,0.9204,24.4835,1.5730,1,3.087,3.129
88,DATA_20260311_070000.BIN,0.9204,24.6548,3.2267,24.6548,2.1120,1,4.774,4.954
89,DATA_20260311_070000.BIN,7.5268,34.0003,1.3716,34.0003,2.3430,1,12.871,13.519
90,DATA_20260311_070000.BIN,6.4248,30.1050,3.4146,30.1050,3.2560,1,6.405,17.702
91,DATA_20260311_070000.BIN,3.4146,17.4044,7.1107,17.4044,2.8050,1,7.019,7.480
92,DATA_20260311_070000.BIN,7.1107,15.0719,5.2474,15.0719,3.7400,1,13.080,14.483
93,DATA_20260311_070000.BIN,5.2474,10.7041,3.5182,10.7041,3.3000,1,8.801,10.184
94,DATA_20260311_070000.BIN,6.4880,19.6450,3.0676,19.6450,4.4000,1,5.992,8.205
95,DATA_20260311_070000.BIN,0.8648,28.8420,0.6996,28.8420,3.1350,1,3.684,7.745
96,DATA_20260311_070000.BIN,0.6996,11.7740,3.8178,11.7740,6.3910,1,2.678,2.698
97,DATA_20260311_070000.BIN,3.8178,9.9938,2.6317,9.9938,1.6060,1,3.672,8.689
98,DATA_20260311_070000.BIN,2.6317,9.3325,3.9891,9.3325,2.7390,1,1.391,2.515
99,DATA_20260311_070000.BIN,3.9891,10.4255,2.4536,10.4255,1.2540,1,4.302,4.826
100,DATA_20260311_070000.BIN,1.2632,15.1132,2.9748,15.1132,2.2550,1,3.181,8.307
101,DATA_20260311_070000.BIN,3.0075,11.1548,2.1243,11.1548,1.9360,1,3.190,3.538
102,DATA_20260311_070000.BIN,2.1243,22.4143,6.7725,22.4143,3.0580,1,2.661,5.521
103,DATA_20260311_070000.BIN,6.7725,21.8937,1.1435,21.8937,1.4960,1,10.080,10.164
104,DATA_20260311_070000.BIN,5.0566,41.4824,3.7655,41.4824,5.0710,1,6.502,6.678
105,DATA_20260311_070000.BIN,3.0205,10.8141,1.8517,10.8141,5.6540,1,4.873,9.927
106,DATA_20260311_070000.BIN,1.8517,9.6227,0.6116,9.6227,4.4330,1,1.013,6.729
107,DATA_20260311_070000.BIN,12.6741,27.0601,11.6144,27.0601,4.4330,1,13.009,16.072
108,DATA_20260311_070000.BIN,11.6144,20.4336,1.7596,20.4336,5.2580,1,10.990,12.968
109,DATA_20260311_070000.BIN,1.7596,10.8025,3.5272,10.8025,1.5290,1,1.359,3.275
110,DATA_20260311_070000.BIN,3.8929,19.1826,3.9949,19.1826,4.5100,1,8.022,12.302
111,DATA_20260311_070000.BIN,0.5978,36.0655,0.7307,36.0655,7.7110,1,2.504,4.369
112,DATA_20260311_070000.BIN,0.7307,11.9720,2.9704,11.9720,3.8830,1,3.301,5.497
113,DATA_20260311_070000.BIN,2.8157,13.1590,1.2796,13.1590,4.1690,1,3.527,3.950
114,DATA_20260311_070000.BIN,1.2796,14.7784,8.3432,14.7784,5.0710,1,5.120,7.391
115,DATA_20260311_070000.BIN,8.3432,20.9171,3.0644,20.9171,1.7270,1,10.106,10.109
116,DATA_20260311_070000.BIN,0.4981,8.4621,1.5269,8.4621,2.6070,1,3.573,6.654
117,DATA_20260311_070000.BIN,1.5269,7.3664,0.3649,7.3664,1.5290,1,3.632,3.875
118,DATA_20260311_070000.BIN,0.3649,13.5683,6.6416,13.5683,5.6980,1,1.856,2.901
119,DATA_20260311_070000.BIN,6.6416,14.8422,5.9854,14.8422,2.0570,1,7.280,7.280
120,DATA_20260311_070000.BIN,5.9854,42.6388,5.0991,42.6388,6.0170,1,7.013,9.498
121,DATA_20260311_070000.BIN,5.0991,14.4197,4.3903,14.4197,3.6960,1,5.787,6.012
122,DATA_20260311_070000.BIN,4.4944,13.2893,3.8984,13.2893,1.5840,1,4.331,4.603
123,DATA_20260311_070000.BIN,3.8984,12.0657,3.5625,12.0657,3.0360,1,5.138,6.143
124,DATA_20260311_070000.BIN,0.5208,16.4993,2.8010,16.4993,6.3690,1,3.949,4.677
125,DATA_20260311_070000.BIN,2.8010,11.4761,2.5453,11.4761,4.9940,1,2.353,6.028
126,DATA_20260311_070000.BIN,2.5453,11.9503,2.0422,11.9503,2.3980,1,2.333,5.172
127,DATA_20260311_070000.BIN,2.0422,8.0851,0.4785,8.0851,5.0600,1,2.170,6.632
128,DATA_20260311_070000.BIN,4.0285,18.4077,6.3174,18.4077,5.4780,1,6.087,6.376
129,DATA_20260311_070000.BIN,6.3174,12.7515,3.6314,12.7515,3.5970,1,9.416,9.703
130,DATA_20260311_070000.BIN,3.6314,14.1492,3.1802,14.1492,3.3000,1,6.399,6.656
131,DATA_20260311_070000.BIN,3.1802,10.3190,1.7417,10.3190,3.8500,1,5.563,5.686
132,DATA_20260311_070000.BIN,1.0985,12.9958,1.3950,12.9958,7.1610,1,2.420,4.423
133,DATA_20260311_070000.BIN,1.0998,8.7843,1.1084,8.7843,7.9200,1,0.655,1.694
134,DATA_20260311_070000.BIN,1.1084,8.1773,1.0736,8.1773,3.4210,1,2.135,2.242
135,DATA_20260311_070000.BIN,3.6090,14.5589,2.1774,14.5589,2.9150,1,5.741,7.109
136,DATA_20260311_070000.BIN,2.1774,10.4588,4.9086,10.4588,1.7820,1,2.592,2.592
137,DATA_20260311_070000.BIN,4.9086,11.3850,2.8837,11.3850,2.0900,1,7.416,8.897
138,DATA_20260311_070000.BIN,2.8837,10.7478,4.6574,10.7478,1.6720,1,2.467,2.785
139,DATA_20260311_070000.BIN,4.6574,30.4177,2.7239,30.4177,9.7570,1,5.209,6.542
140,DATA_20260311_070000.BIN,4.5834,29.6762,19.0810,29.6762,4.9280,1,4.200,5.126
141,DATA_20260311_070000.BIN,19.0810,31.5455,25.7842,31.5455,7.1280,1,21.550,30.295
142,DATA_20260311_070000.BIN,0.9561,13.8813,2.1572,13.8813,1.3750,1,3.735,6.790
143,DATA_20260311_070000.BIN,2.1572,14.3602,1.9928,14.3602,2.8270,1,5.712,6.190
144,DATA_20260311_070000.BIN,1.9928,13.5351,0.8832,13.5351,8.3490,1,4.081,4.649
145,DATA_20260311_070000.BIN,2.0586,9.5436,3.1896,9.5436,1.8040,1,5.740,6.594
146,DATA_20260311_070000.BIN,2.0598,27.9504,4.2456,27.9504,5.4010,1,4.927,7.742
147,DATA_20260311_070000.BIN,4.2456,36.3668,2.6533,36.3668,7.0840,1,7.576,7.840
148,DATA_20260311_070000.BIN,3.0152,18.4970,5.7497,18.4970,3.8940,1,5.843,10.411
149,DATA_20260311_070000.BIN,1.4974,17.2230,8.2359,17.2230,3.6960,1,5.036,9.109
150,DATA_20260311_070000.BIN,8.2359,20.4115,3.7876,20.4115,3.1900,1,11.821,11.999
151,DATA_20260311_070000.BIN,3.7876,27.5398,5.9517,27.5398,5.6540,1,4.218,4.606
152,DATA_20260311_070000.BIN,5.9517,31.6990,4.5605,31.6990,3.9490,1,6.179,6.715
153,DATA_20260311_070000.BIN,34.0402,41.0735,9.5599,41.0735,2.0790,1,52.791,52.976
154,DATA_20260311_070000.BIN,9.5599,23.7266,1.7260,23.7266,4.2350,1,14.020,14.916
155,DATA_20260311_070000.BIN,1.7260,12.6678,1.5820,12.6678,2.1890,1,4.481,7.802
156,DATA_20260311_070000.BIN,1.4529,14.4923,0.6949,14.4923,3.3110,1,4.992,6.367
157,DATA_20260311_070000.BIN,2.2188,18.8546,3.8075,18.8546,6.5890,1,7.622,10.063
158,DATA_20260311_070000.BIN,0.3518,11.6165,1.1191,11.6165,1.7820,1,2.560,3.965
159,DATA_20260311_070000.BIN,2.4215,11.4195,4.3825,11.4195,2.6950,1,0.702,1.983
160,DATA_20260311_070000.BIN,4.3825,19.3407,2.3249,19.3407,2.8270,1,5.770,5.860
161,DATA_20260311_070000.BIN,6.6021,12.3411,3.0398,12.3411,1.9360,1,7.095,7.095
162,DATA_20260311_070000.BIN,3.0398,50.4149,39.8898,50.4149,3.4430,1,2.770,2.995
163,DATA_20260311_070000.BIN,9.5532,34.6220,28.0894,34.6220,4.7520,1,12.513,12.620
164,DATA_20260311_070000.BIN,30.6673,44.8344,32.4453,44.8344,6.0280,1,44.889,44.980
165,DATA_20260311_080000.BIN,33.4835,45.6615,39.5439,45.6615,4.3120,1,15.250,18.636
166,DATA_20260311_080000.BIN,36.5157,60.5865,23.5192,60.5865,7.3150,1,1.290,1.336
167,DATA_20260311_080000.BIN,40.2737,44.2659,38.2578,44.2659,2.0790,1,7.987,8.043
168,DATA_20260311_080000.BIN,38.2578,42.6492,31.7970,42.6492,3.1020,1,13.126,13.754
169,DATA_20260311_080000.BIN,37.4596,49.9045,45.1735,49.9045,1.4630,1,7.827,7.958
170,DATA_20260311_080000.BIN,1.6314,6.6678,0.9174,6.6678,2.6070,1,48.321,49.081
171,DATA_20260311_080000.BIN,0.6782,7.9253,2.5340,7.9253,2.3430,1,40.962,41.148
172,DATA_20260311_080000.BIN,0.7439,7.5469,1.1573,7.5469,2.0900,1,37.375,37.384
173,DATA_20260311_080000.BIN,1.1573,13.8212,1.9091,13.8212,2.2440,1,32.168,32.323
174,DATA_20260311_080000.BIN,1.9091,8.6776,3.2378,8.6776,1.9690,1,28.051,28.060
175,DATA_20260311_080000.BIN,3.3452,8.5755,4.2809,8.5755,1.1990,1,23.486,23.520
176,DATA_20260311_080000.BIN,4.2809,8.8403,3.4341,8.8403,2.0130,1,18.999,19.457
177,DATA_20260311_080000.BIN,2.2504,8.8134,2.7194,8.8134,1.0120,1,20.096,20.141
178,DATA_20260311_080000.BIN,2.7194,8.6566,3.5035,8.6566,1.0450,1,17.388,17.413
179,DATA_20260311_080000.BIN,3.5035,9.7135,3.2534,9.7135,1.1000,1,14.782,14.888
180,DATA_20260311_080000.BIN,2.9544,14.4088,5.9292,14.4088,2.1120,1,14.154,14.194
181,DATA_20260311_080000.BIN,5.9292,15.4413,2.0854,15.4413,4.0920,1,10.359,10.636
182,DATA_20260311_080000.BIN,2.0854,6.7638,2.9617,6.7638,4.8730,1,15.354,15.683
183,DATA_20260311_080000.BIN,2.9617,7.5272,1.1400,7.5272,1.0340,1,14.001,14.484
184,DATA_20260311_080000.BIN,1.1400,7.2782,3.0999,7.2782,2.4420,1,12.423,12.425
185,DATA_20260311_080000.BIN,3.0999,18.1157,0.4195,18.1157,2.7170,1,8.693,9.344
186,DATA_20260311_080000.BIN,0.4195,4.6255,0.9147,4.6255,3.0250,1,11.832,11.873
187,DATA_20260311_080000.BIN,2.7863,8.7727,3.0689,8.7727,1.5620,1,9.339,9.986
188,DATA_20260311_080000.BIN,6.4924,10.6525,2.3969,10.6525,3.3330,1,4.754,14.081
189,DATA_20260311_080000.BIN,2.3969,6.1475,1.1180,6.1475,3.3110,1,5.835,5.997
190,DATA_20260311_080000.BIN,1.1180,5.8329,1.0856,5.8329,5.4010,1,7.425,7.451
191,DATA_20260311_080000.BIN,1.0856,6.6111,1.3292,6.6111,1.2650,1,7.281,7.611
192,DATA_20260311_080000.BIN,1.3292,6.5767,0.7354,6.5767,6.4900,1,6.858,7.109
193,DATA_20260311_080000.BIN,0.7354,10.3488,0.6448,10.3488,7.0290,1,5.361,5.375
194,DATA_20260311_080000.BIN,0.6448,5.8182,1.9976,5.8182,8.3380,1,6.771,6.976
195,DATA_20260311_080000.BIN,1.9976,9.8231,3.3517,9.8231,5.9070,1,4.826,5.427
196,DATA_20260311_080000.BIN,3.3517,6.2525,0.5130,6.2525,6.9410,1,3.290,3.503
197,DATA_20260311_080000.BIN,0.5130,10.8590,0.8339,10.8590,3.6300,1,5.032,5.513
198,DATA_20260311_080000.BIN,1.3789,5.4871,0.6816,5.4871,2.0130,1,7.934,8.832
199,DATA_20260311_080000.BIN,0.6816,5.2692,1.0240,5.2692,9.0860,1,4.657,6.160
200,DATA_20260311_080000.BIN,1.0240,5.4912,0.3672,5.4912,1.7710,1,2.727,3.409
201,DATA_20260311_080000.BIN,3.6771,10.9707,4.1600,10.9707,4.3340,1,10.441,10.716
202,DATA_20260311_080000.BIN,2.9587,8.0832,0.5150,8.0832,3.3330,1,3.905,4.615
203,DATA_20260311_080000.BIN,0.5150,4.5650,0.4144,4.5650,3.3110,1,3.823,3.951
204,DATA_20260311_080000.BIN,0.4144,5.8256,0.7774,5.8256,4.3780,1,1.976,2.497
205,DATA_20260311_080000.BIN,0.7774,7.2104,0.9045,7.2104,5.0270,1,2.414,2.616
206,DATA_20260311_080000.BIN,0.9045,10.3430,5.7427,10.3430,5.8850,1,3.633,4.469
207,DATA_20260311_080000.BIN,4.8560,9.5817,3.7170,9.5817,2.2660,1,5.972,6.832
208,DATA_20260311_080000.BIN,2.8934,10.4759,5.1395,10.4759,2.5410,1,1.182,3.110
209,DATA_20260311_080000.BIN,0.4981,4.0172,0.9512,4.0172,5.1810,1,2.365,2.365
210,DATA_20260311_080000.BIN,0.9512,4.4118,0.6478,4.4118,1.5840,1,4.587,6.202
211,DATA_20260311_080000.BIN,0.6478,9.2559,2.4517,9.2559,1.1990,1,3.095,3.213
212,DATA_20260311_080000.BIN,2.4517,16.3699,11.4384,16.3699,2.4420,1,12.814,15.572
213,DATA_20260311_080000.BIN,11.4384,24.0735,1.5629,24.0735,4.0150,1,15.900,16.418
214,DATA_20260311_080000.BIN,2.7888,7.9561,2.4077,7.9561,4.1250,1,3.191,6.374
215,DATA_20260311_080000.BIN,2.4077,8.2444,2.9892,8.2444,2.7940,1,2.814,5.232
216,DATA_20260311_080000.BIN,2.9892,7.1264,1.5789,7.1264,2.4750,1,2.602,2.720
217,DATA_20260311_080000.BIN,1.7353,7.3244,2.4371,7.3244,2.8490,1,3.924,4.962
218,DATA_20260311_080000.BIN,2.4371,6.2450,2.4022,6.2450,1.3640,1,4.543,6.236
219,DATA_20260311_080000.BIN,2.4022,7.1513,2.9858,7.1513,2.8050,1,1.704,3.500
220,DATA_20260311_080000.BIN,2.5670,6.7055,1.1618,6.7055,2.1450,1,9.081,10.804
221,DATA_20260311_080000.BIN,1.1618,7.5381,0.9301,7.5381,6.1380,1,3.178,3.748
222,DATA_20260311_080000.BIN,1.4088,6.1088,2.1108,6.1088,1.4410,1,3.945,4.232
223,DATA_20260311_080000.BIN,2.1108,8.7402,4.4992,8.7402,4.4110,1,0.763,1.267
224,DATA_20260311_080000.BIN,4.4992,11.0613,5.9042,11.0613,1.5290,1,1.076,4.465
225,DATA_20260311_080000.BIN,5.9042,17.4413,1.5520,17.4413,7.5350,1,5.038,5.419
226,DATA_20260311_080000.BIN,3.5722,8.7068,4.0830,8.7068,1.2320,1,2.240,5.207
227,DATA_20260311_080000.BIN,4.0830,8.2338,2.8843,8.2338,1.3750,1,1.676,4.160
228,DATA_20260311_080000.BIN,0.9436,3.8096,0.7957,3.8096,3.4540,1,3.778,3.925
229,DATA_20260311_080000.BIN,0.7957,8.6329,0.8536,8.6329,9.3610,1,3.119,3.217
230,DATA_20260311_080000.BIN,0.8536,4.5493,0.5580,4.5493,3.1130,1,3.788,3.887
231,DATA_20260311_080000.BIN,0.5580,10.1181,1.6498,10.1181,4.0150,1,4.860,5.131
232,DATA_20260311_080000.BIN,3.4813,8.2981,1.2560,8.2981,2.9480,1,2.685,2.752
233,DATA_20260311_080000.BIN,2.9658,7.1978,1.3506,7.1978,2.7940,1,2.373,2.479
234,DATA_20260311_080000.BIN,2.9837,5.9420,2.6765,5.9420,5.1150,1,6.520,6.778
235,DATA_20260311_080000.BIN,2.6765,10.7341,2.7803,10.7341,4.0150,1,4.356,5.095
236,DATA_20260311_080000.BIN,1.6588,5.1693,0.8611,5.1693,5.0160,1,2.181,2.393
237,DATA_20260311_080000.BIN,0.3471,12.2440,2.1736,12.2440,6.2480,1,2.677,2.690
238,DATA_20260311_080000.BIN,3.0248,7.7359,2.3226,7.7359,2.2220,1,4.065,4.185
239,DATA_20260311_080000.BIN,2.3226,10.5179,3.8545,10.5179,1.3310,1,3.236,3.949
240,DATA_20260311_080000.BIN,3.8545,9.0465,2.8444,9.0465,1.0670,1,3.732,3.757
241,DATA_20260311_080000.BIN,2.8444,9.2670,4.0620,9.2670,1.1880,1,1.320,1.454
242,DATA_20260311_080000.BIN,4.0620,10.5862,4.0963,10.5862,1.1880,1,2.860,3.092
243,DATA_20260311_080000.BIN,4.0963,9.0899,3.3674,9.0899,1.2100,1,2.315,2.551
244,DATA_20260311_080000.BIN,3.3674,9.2981,2.2878,9.2981,1.2650,1,1.251,1.391
245,DATA_20260311_080000.BIN,2.2878,8.1468,2.1247,8.1468,1.1660,1,1.563,1.597
246,DATA_20260311_080000.BIN,3.8833,10.0623,4.9427,10.0623,2.2660,1,2.293,2.345
247,DATA_20260311_080000.BIN,4.9427,10.0689,0.4541,10.0689,2.3430,1,3.845,3.845
248,DATA_20260311_080000.BIN,2.0857,9.2792,3.7927,9.2792,1.2320,1,3.818,4.086
249,DATA_20260311_080000.BIN,3.7927,10.7070,6.7156,10.7070,3.4430,1,1.518,3.970
250,DATA_20260311_080000.BIN,6.7156,12.3123,4.2713,12.3123,3.5640,1,8.165,8.255
251,DATA_20260311_080000.BIN,4.2713,10.4377,4.7594,10.4377,1.2870,1,2.371,2.485
252,DATA_20260311_080000.BIN,4.7594,11.4594,7.4182,11.4594,3.0580,1,1.331,1.881
253,DATA_20260311_080000.BIN,7.4182,13.1401,4.3177,13.1401,3.1020,1,10.223,10.972
254,DATA_20260311_080000.BIN,4.3177,9.0400,3.7849,9.0400,1.2100,1,4.596,5.791
255,DATA_20260311_080000.BIN,2.6694,7.1159,2.0955,7.1159,3.3880,1,9.063,14.350
256,DATA_20260311_080000.BIN,2.0955,7.6554,0.5527,7.6554,4.0920,1,2.720,4.675
257,DATA_20260311_080000.BIN,0.5527,7.8289,3.1714,7.8289,4.0040,1,2.200,3.670
258,DATA_20260311_080000.BIN,1.1664,11.5507,5.0272,11.5507,3.4540,1,2.588,2.733
259,DATA_20260311_080000.BIN,5.0272,12.0041,1.8652,12.0041,2.1780,1,0.842,4.688
260,DATA_20260311_080000.BIN,1.8652,12.7081,4.9148,12.7081,1.1000,1,2.574,2.604
261,DATA_20260311_080000.BIN,4.9148,11.5516,3.7024,11.5516,1.0560,1,4.280,4.285
262,DATA_20260311_080000.BIN,3.7024,10.9407,3.1768,10.9407,1.0560,1,2.707,2.916
263,DATA_20260311_080000.BIN,3.1768,9.6129,3.8107,9.6129,1.0230,1,2.053,2.939
264,DATA_20260311_080000.BIN,3.6870,8.2471,4.1244,8.2471,1.1330,1,3.118,3.343
265,DATA_20260311_080000.BIN,3.9646,11.6551,5.3881,11.6551,3.1240,1,3.676,3.684
266,DATA_20260311_080000.BIN,1.4786,8.6388,2.2343,8.6388,0.9900,1,1.586,2.366
267,DATA_20260311_080000.BIN,2.2343,8.1422,2.6635,8.1422,1.0780,1,2.031,2.376
268,DATA_20260311_080000.BIN,2.6635,9.2192,1.6487,9.2192,1.0670,1,0.730,1.650
269,DATA_20260311_080000.BIN,1.6487,7.9770,1.8846,7.9770,2.0130,1,1.195,2.179
270,DATA_20260311_080000.BIN,4.2174,10.5314,2.4650,10.5314,1.0890,1,2.380,2.435
271,DATA_20260311_080000.BIN,2.4650,9.0486,2.5491,9.0486,1.0120,1,2.156,2.266
272,DATA_20260311_080000.BIN,2.5491,9.2947,3.2415,9.2947,1.0340,1,2.289,2.801
273,DATA_20260311_080000.BIN,1.5769,9.5863,3.0756,9.5863,1.0560,1,3.062,3.455
274,DATA_20260311_080000.BIN,3.0756,9.0096,2.5297,9.0096,1.0120,1,0.705,0.711
275,DATA_20260311_080000.BIN,2.5297,9.6589,0.8100,9.6589,1.0890,1,1.833,1.833
276,DATA_20260311_080000.BIN,0.8100,8.8730,1.9471,8.8730,1.0230,1,2.642,2.672
277,DATA_20260311_080000.BIN,1.9471,9.3136,2.1021,9.3136,1.0120,1,2.587,2.621
278,DATA_20260311_080000.BIN,2.1021,9.6037,2.2957,9.6037,1.0340,1,4.418,4.739
279,DATA_20260311_080000.BIN,2.2957,8.6415,2.2734,8.6415,0.9790,1,2.496,2.956
280,DATA_20260311_080000.BIN,2.2734,9.8151,2.4042,9.8151,1.0890,1,1.098,1.175
281,DATA_20260311_080000.BIN,2.4042,9.0814,2.7624,9.0814,1.0560,1,0.569,0.583
282,DATA_20260311_080000.BIN,2.7624,9.4716,1.7952,9.4716,1.0670,1,1.929,2.246
283,DATA_20260311_080000.BIN,1.7952,9.0630,1.9423,9.0630,1.0230,1,1.570,1.712
284,DATA_20260311_080000.BIN,1.9423,8.7251,1.9469,8.7251,1.0120,1,0.149,0.310
285,DATA_20260311_080000.BIN,1.9469,10.4399,3.3311,10.4399,1.0450,1,1.564,1.811
286,DATA_20260311_080000.BIN,3.3311,10.5458,2.6356,10.5458,1.0340,1,2.390,2.402
287,DATA_20260311_080000.BIN,2.6356,9.5463,2.1825,9.5463,1.0120,1,0.932,1.012
288,DATA_20260311_080000.BIN,2.1825,8.3264,1.9491,8.3264,1.0010,1,2.603,2.770
289,DATA_20260311_080000.BIN,1.9491,9.6035,2.1585,9.6035,1.0670,1,1.703,1.972
290,DATA_20260311_080000.BIN,2.1585,9.9700,1.8938,9.9700,1.0670,1,1.042,1.050
291,DATA_20260311_080000.BIN,1.8938,10.3514,2.5740,10.3514,1.0670,1,0.445,0.831
292,DATA_20260311_080000.BIN,2.5740,9.4096,3.2824,9.4096,0.9570,1,1.899,1.928
293,DATA_20260311_080000.BIN,3.2824,10.2641,3.0877,10.2641,1.0780,1,0.420,1.861
294,DATA_20260311_080000.BIN,3.0877,9.9550,2.2940,9.9550,1.0230,1,0.617,1.158
295,DATA_20260311_080000.BIN,2.2940,10.0752,2.1223,10.0752,1.1330,1,1.009,1.299
296,DATA_20260311_080000.BIN,2.1223,7.9633,1.3459,7.9633,0.9790,1,1.072,1.288
297,DATA_20260311_080000.BIN,1.3459,10.8959,1.6507,10.8959,1.1110,1,2.392,2.466
298,DATA_20260311_080000.BIN,1.6507,9.2460,2.2150,9.2460,0.9790,1,1.484,1.589
299,DATA_20260311_080000.BIN,2.2150,9.2129,2.4645,9.2129,0.9680,1,0.213,0.228
300,DATA_20260311_080000.BIN,2.4645,10.7014,2.9076,10.7014,2.7610,1,1.965,2.308
301,DATA_20260311_080000.BIN,5.7456,15.8616,4.7964,15.8616,3.3770,1,6.341,6.875
302,DATA_20260311_080000.BIN,4.7964,19.1040,11.3351,19.1040,3.5640,1,11.232,11.364
303,DATA_20260311_080000.BIN,11.3351,61.3949,15.7065,61.3949,3.3330,1,27.382,28.767
304,DATA_20260311_080000.BIN,15.7065,40.6036,31.1157,40.6036,9.9110,1,51.201,61.155
305,DATA_20260311_080000.BIN,31.1157,38.8101,33.6550,38.8101,3.6080,1,36.225,37.710
306,DATA_20260311_080000.BIN,33.6550,44.7337,36.5792,44.7337,5.9730,1,34.777,36.136
307,DATA_20260311_080000.BIN,37.1208,42.7091,39.0785,42.7091,3.4100,1,30.647,37.357
308,DATA_20260311_080000.BIN,39.0785,43.2498,37.7603,43.2498,2.6730,1,30.556,34.964
309,DATA_20260311_080000.BIN,37.0712,41.8752,18.2047,41.8752,4.5320,1,29.596,29.732
310,DATA_20260311_080000.BIN,30.9862,42.3511,37.8112,42.3511,4.7190,1,22.558,22.744
311,DATA_20260311_080000.BIN,37.8112,46.6523,32.9557,46.6523,4.1250,1,31.028,31.297
312,DATA_20260311_080000.BIN,34.5969,54.5102,11.4199,54.5102,2.1560,1,22.503,23.199
313,DATA_20260311_080000.BIN,1.9928,17.9011,0.5111,17.9011,3.4100,1,21.802,23.173
314,DATA_20260311_080000.BIN,0.5111,8.5989,1.3584,8.5989,0.9680,1,23.548,24.462
315,DATA_20260311_080000.BIN,3.5324,8.1786,1.3116,8.1786,1.0560,1,25.171,25.229
316,DATA_20260311_080000.BIN,1.3116,8.2344,4.8794,8.2344,1.9250,1,19.919,20.024
317,DATA_20260311_080000.BIN,4.8794,10.3089,0.7687,10.3089,1.9910,1,19.662,20.885
318,DATA_20260311_080000.BIN,0.7687,8.7437,2.9454,8.7437,1.0340,1,14.769,15.162
319,DATA_20260311_080000.BIN,1.5888,10.4403,2.4458,10.4403,1.0230,1,12.964,13.285
320,DATA_20260311_080000.BIN,2.4458,9.5429,2.6782,9.5429,0.9350,1,8.188,8.655
321,DATA_20260311_080000.BIN,2.0191,9.2845,2.2267,9.2845,1.0120,1,11.037,11.225
322,DATA_20260311_080000.BIN,2.2267,8.6571,2.1504,8.6571,1.0010,1,6.912,7.428
323,DATA_20260311_080000.BIN,1.7640,8.3981,2.2286,8.3981,0.9790,1,7.953,8.227
324,DATA_20260311_080000.BIN,2.2286,8.0610,1.5980,8.0610,0.9790,1,5.738,5.855
325,DATA_20260311_080000.BIN,1.5980,9.4720,2.9739,9.4720,1.0780,1,6.122,6.253
326,DATA_20260311_080000.BIN,3.2960,9.7641,2.1184,9.7641,0.9790,1,2.639,2.665
327,DATA_20260311_080000.BIN,2.1184,10.4953,1.2483,10.4953,1.0010,1,4.083,5.940
328,DATA_20260311_080000.BIN,1.2483,9.3212,1.7296,9.3212,0.9680,1,5.202,6.196
329,DATA_20260311_080000.BIN,1.7296,11.1632,1.7585,11.1632,1.0450,1,3.780,3.792
330,DATA_20260311_080000.BIN,1.7585,9.4725,2.1765,9.4725,2.8160,1,3.219,3.670
331,DATA_20260311_080000.BIN,2.1765,9.3421,0.2741,9.3421,1.5510,1,4.177,5.016
332,DATA_20260311_080000.BIN,3.1755,8.6203,2.5212,8.6203,2.5410,1,4.638,5.655
333,DATA_20260311_080000.BIN,3.3432,9.4341,1.4271,9.4341,0.9680,1,0.732,1.775
334,DATA_20260311_080000.BIN,1.4271,10.3151,2.7389,10.3151,1.0010,1,2.644,2.731
335,DATA_20260311_080000.BIN,2.7389,8.3301,2.3944,8.3301,0.9130,1,2.062,2.290
336,DATA_20260311_080000.BIN,2.3944,9.2408,2.7494,9.2408,1.0010,1,1.054,1.793
337,DATA_20260311_080000.BIN,2.7494,9.6306,1.7004,9.6306,1.0120,1,1.187,1.866
338,DATA_20260311_080000.BIN,1.7004,10.2423,1.6025,10.2423,0.9570,1,2.657,2.661
339,DATA_20260311_080000.BIN,1.6025,9.4631,2.5409,9.4631,1.9030,1,2.197,2.199
340,DATA_20260311_080000.BIN,2.5409,8.9205,1.1960,8.9205,1.9470,1,3.533,3.642
341,DATA_20260311_080000.BIN,1.1960,9.4966,3.0550,9.4966,1.0560,1,2.083,2.267
342,DATA_20260311_080000.BIN,2.3094,8.5846,1.4672,8.5846,0.9570,1,0.974,1.838
343,DATA_20260311_080000.BIN,1.4672,7.3034,2.3279,7.3034,1.8700,1,1.878,1.880
344,DATA_20260311_080000.BIN,2.3279,7.6178,1.5989,7.6178,1.0340,1,6.367,6.805
345,DATA_20260311_080000.BIN,1.9184,8.6671,1.3804,8.6671,1.0010,1,2.731,2.743
346,DATA_20260311_080000.BIN,1.3804,10.7979,2.9440,10.7979,1.9470,1,4.192,4.555
347,DATA_20260311_080000.BIN,2.9440,10.0817,1.4474,10.0817,0.9900,1,3.717,4.326
348,DATA_20260311_080000.BIN,1.4474,10.4312,1.4612,10.4312,1.0010,1,2.839,3.946
349,DATA_20260311_080000.BIN,3.1217,8.1103,2.0985,8.1103,1.9250,1,1.679,1.907
350,DATA_20260311_080000.BIN,2.0985,15.3048,5.1686,15.3048,1.3200,1,4.087,4.234
351,DATA_20260311_080000.BIN,5.1686,12.0943,1.1649,12.0943,0.9900,1,8.742,8.893
352,DATA_20260311_080000.BIN,2.6446,17.2157,1.0856,17.2157,5.0490,1,2.180,2.191
353,DATA_20260311_080000.BIN,1.0856,10.7216,2.2944,10.7216,0.9900,1,2.080,2.285
354,DATA_20260311_080000.BIN,2.2944,11.0719,1.2226,11.0719,1.0560,1,1.036,3.148
355,DATA_20260311_080000.BIN,1.2226,9.1822,1.4538,9.1822,0.9790,1,1.859,1.866
356,DATA_20260311_080000.BIN,1.4538,7.7427,1.9668,7.7427,1.0230,1,4.326,4.538
357,DATA_20260311_080000.BIN,2.6250,16.6243,10.9461,16.6243,2.3870,1,5.792,5.792
358,DATA_20260311_080000.BIN,10.9461,15.1452,1.1643,15.1452,5.4340,1,14.640,14.678
359,DATA_20260311_080000.BIN,1.1643,8.5637,1.2656,8.5637,1.0780,1,4.162,4.773
360,DATA_20260311_080000.BIN,1.2656,7.2072,0.6304,7.2072,0.9460,1,1.851,2.505
361,DATA_20260311_080000.BIN,0.6304,7.4636,1.6945,7.4636,1.1880,1,2.432,2.519
362,DATA_20260311_080000.BIN,1.6945,8.3078,3.2596,8.3078,1.1880,1,4.567,5.015
363,DATA_20260311_080000.BIN,3.4828,9.2048,3.4346,9.2048,1.4300,1,1.951,2.470
364,DATA_20260311_080000.BIN,2.1125,9.5243,2.4869,9.5243,5.0600,1,9.436,10.210
365,DATA_20260311_080000.BIN,2.1898,12.7058,0.3061,12.7058,2.6840,1,1.841,1.877
366,DATA_20260311_080000.BIN,0.3061,7.7124,0.5190,7.7124,3.7290,1,8.931,11.060
367,DATA_20260311_080000.BIN,5.0343,10.5858,0.3176,10.5858,5.2140,1,2.447,4.876
368,DATA_20260311_080000.BIN,0.3176,5.7673,0.3245,5.7673,1.3860,1,5.197,5.808
369,DATA_20260311_080000.BIN,0.3245,8.4176,2.5363,8.4176,3.1020,1,6.032,7.209
370,DATA_20260311_080000.BIN,2.5363,5.4318,1.0359,5.4318,3.2450,1,16.506,21.823
371,DATA_20260311_080000.BIN,1.0359,6.3291,1.2226,6.3291,6.1930,1,6.494,8.954
372,DATA_20260311_080000.BIN,1.2226,8.0480,1.4104,8.0480,2.0130,1,2.031,2.524
373,DATA_20260311_080000.BIN,1.4104,6.3107,2.5773,6.3107,2.9370,1,2.968,4.970
374,DATA_20260311_080000.BIN,1.4997,10.2538,2.9919,10.2538,5.7640,1,0.490,1.273
375,DATA_20260311_080000.BIN,1.3489,11.5089,1.8976,11.5089,3.7070,1,1.162,3.590
376,DATA_20260311_080000.BIN,1.8976,10.5749,4.4356,10.5749,1.8590,1,1.451,1.893
377,DATA_20260311_080000.BIN,4.4356,10.7272,3.4370,10.7272,4.6860,1,7.996,8.120
378,DATA_20260311_080000.BIN,3.4370,19.1925,1.4109,19.1925,6.7210,1,3.866,4.526
379,DATA_20260311_080000.BIN,3.4211,7.5581,0.1959,7.5581,5.8300,1,4.942,4.977
380,DATA_20260311_080000.BIN,4.3935,7.3916,3.4692,7.3916,2.3100,1,6.553,6.580
381,DATA_20260311_080000.BIN,2.7382,8.5105,1.8069,8.5105,6.8310,1,7.452,9.966
382,DATA_20260311_080000.BIN,0.8954,8.1146,0.8184,8.1146,5.3020,1,9.234,12.363
383,DATA_20260311_080000.BIN,0.8184,9.6599,3.6340,9.6599,5.3570,1,2.638,2.752
384,DATA_20260311_080000.BIN,3.6340,7.6227,2.2307,7.6227,3.0910,1,4.576,4.583
385,DATA_20260311_080000.BIN,1.0681,35.0814,9.1807,35.0814,4.1580,1,4.192,5.898
386,DATA_20260311_080000.BIN,0.4711,6.5705,1.7645,6.5705,3.3440,1,3.454,4.381
387,DATA_20260311_080000.BIN,10.9084,18.3757,3.4790,18.3757,7.8870,1,15.384,15.451
388,DATA_20260311_080000.BIN,3.4790,9.9148,3.2780,9.9148,2.6950,1,4.818,4.936
389,DATA_20260311_080000.BIN,2.2290,5.1231,2.1413,5.1231,3.8060,1,0.741,3.748
390,DATA_20260311_080000.BIN,2.4585,6.7928,2.4442,6.7928,1.0670,1,0.964,4.210
391,DATA_20260311_080000.BIN,2.2601,6.0652,0.7368,6.0652,1.0450,1,1.571,3.226
392,DATA_20260311_080000.BIN,1.5157,8.2694,1.3815,8.2694,2.1450,1,3.209,3.360
393,DATA_20260311_080000.BIN,1.3815,7.5656,2.5745,7.5656,3.5530,1,1.871,1.978
394,DATA_20260311_080000.BIN,2.5745,9.7083,3.7652,9.7083,3.3000,1,3.287,5.524
395,DATA_20260311_080000.BIN,3.2293,8.9341,1.9188,8.9341,7.9860,1,6.087,6.644
396,DATA_20260311_080000.BIN,1.9188,23.4727,5.8338,23.4727,5.4560,1,2.472,5.236
397,DATA_20260311_080000.BIN,5.8338,10.2514,5.3419,10.2514,4.0810,1,8.531,15.116
398,DATA_20260311_080000.BIN,5.3419,9.7894,5.0188,9.7894,1.9470,1,1.567,6.105
399,DATA_20260311_080000.BIN,5.0188,9.2089,5.4361,9.2089,2.0130,1,1.489,4.339
400,DATA_20260311_080000.BIN,5.4361,11.9040,6.5334,11.9040,3.8060,1,4.527,4.546
401,DATA_20260311_080000.BIN,4.8715,8.5746,3.5545,8.5746,4.9390,1,5.295,7.149
402,DATA_20260311_080000.BIN,2.2914,11.6494,1.7729,11.6494,7.0180,1,4.433,4.664
403,DATA_20260311_080000.BIN,0.9169,6.8439,3.2187,6.8439,4.5210,1,6.343,10.944
404,DATA_20260311_080000.BIN,1.6688,5.4463,1.1620,5.4463,7.9090,1,1.788,5.261
405,DATA_20260311_080000.BIN,1.7890,8.1711,0.2269,8.1711,2.1450,1,3.104,4.647
406,DATA_20260311_080000.BIN,3.2843,6.9542,2.4939,6.9542,2.8710,1,4.218,6.975
407,DATA_20260311_080000.BIN,2.4939,7.3195,1.8494,7.3195,2.2220,1,2.810,6.289
408,DATA_20260311_080000.BIN,1.8494,8.9277,1.0162,8.9277,2.2000,1,4.525,5.169
409,DATA_20260311_080000.BIN,1.0162,7.7641,1.0566,7.7641,6.3800,1,5.261,6.406
410,DATA_20260311_080000.BIN,0.8654,6.7621,1.0297,6.7621,1.0340,1,4.274,5.097
411,DATA_20260311_080000.BIN,1.0297,6.8181,0.8284,6.8181,1.1000,1,2.847,2.925
412,DATA_20260311_080000.BIN,0.8284,9.5282,2.2402,9.5282,8.9870,1,3.601,4.184
413,DATA_20260311_080000.BIN,2.2402,5.9587,1.5034,5.9587,2.7720,1,5.971,6.369
414,DATA_20260311_080000.BIN,1.5034,11.2162,2.1295,11.2162,3.3000,1,3.567,4.626
415,DATA_20260311_080000.BIN,3.8584,29.3515,0.1837,29.3515,3.1900,1,8.507,8.847
416,DATA_20260311_080000.BIN,1.7508,7.9075,4.3595,7.9075,2.7390,1,6.838,7.825
417,DATA_20260311_080000.BIN,0.7587,12.7400,3.6365,12.7400,1.8150,1,3.037,4.078
418,DATA_20260311_080000.BIN,3.6365,43.3394,17.3382,43.3394,2.6730,1,19.535,24.359
419,DATA_20260311_080000.BIN,17.3382,38.0518,31.9188,38.0518,3.3330,1,45.855,60.864
420,DATA_20260311_080000.BIN,31.9188,36.6618,25.9827,36.6618,3.0910,1,40.932,41.549
421,DATA_20260311_080000.BIN,25.9827,42.3709,38.9289,42.3709,7.3260,1,31.330,31.356
422,DATA_20260311_080000.BIN,38.9289,50.4533,41.9414,50.4533,4.2130,1,40.681,40.971
423,DATA_20260311_080000.BIN,41.9414,48.8582,28.3054,48.8582,6.2040,1,39.948,40.155
424,DATA_20260311_080000.BIN,28.3054,38.2862,31.4191,38.2862,5.4120,1,19.427,20.881
425,DATA_20260311_080000.BIN,31.4191,44.6924,33.7778,44.6924,7.0950,1,21.346,22.161
426,DATA_20260311_080000.BIN,33.7778,36.5824,33.0450,36.5824,3.0470,1,22.254,22.643
427,DATA_20260311_080000.BIN,33.0450,37.1485,30.0901,37.1485,3.5090,1,17.766,20.385
428,DATA_20260311_080000.BIN,31.6598,56.3691,31.0537,56.3691,7.4250,1,19.723,23.412
429,DATA_20260311_080000.BIN,33.1140,49.0039,38.7230,49.0039,3.3220,1,15.159,19.973
430,DATA_20260311_080000.BIN,38.7230,49.8744,7.3007,49.8744,2.4750,1,22.368,26.983
431,DATA_20260311_080000.BIN,7.3007,19.7095,1.2990,19.7095,2.3210,1,49.734,71.290
432,DATA_20260311_080000.BIN,1.2990,10.2382,5.8340,10.2382,1.7050,1,24.408,24.611
433,DATA_20260311_080000.BIN,1.2299,15.8901,2.9564,15.8901,3.5530,1,23.968,24.039
434,DATA_20260311_080000.BIN,2.9564,7.9648,3.5291,7.9648,2.8050,1,24.088,24.244
435,DATA_20260311_080000.BIN,2.9262,6.5892,3.6411,6.5892,4.2020,1,23.781,24.318
436,DATA_20260311_080000.BIN,4.1543,8.8614,3.0550,8.8614,3.7070,1,18.373,18.548
437,DATA_20260311_080000.BIN,3.0550,8.7917,2.7989,8.7917,1.8260,1,21.539,21.597
438,DATA_20260311_080000.BIN,2.7989,10.1350,2.6056,10.1350,2.4750,1,18.662,18.672
439,DATA_20260311_080000.BIN,2.6056,5.6052,1.9519,5.6052,1.8590,1,16.108,16.121
440,DATA_20260311_080000.BIN,1.9519,6.5649,1.2411,6.5649,2.3100,1,8.704,9.086
441,DATA_20260311_080000.BIN,1.0585,8.2870,2.9041,8.2870,2.2440,1,10.219,10.329
442,DATA_20260311_080000.BIN,2.9041,27.9712,1.6219,27.9712,6.8420,1,5.912,6.241
443,DATA_20260311_080000.BIN,1.6219,11.5702,6.6591,11.5702,3.0470,1,10.081,10.605
444,DATA_20260311_080000.BIN,6.6591,25.8035,3.9570,25.8035,6.3580,1,15.793,16.165
445,DATA_20260311_080000.BIN,3.9570,12.6289,2.6052,12.6289,2.8600,1,10.915,16.540
446,DATA_20260311_080000.BIN,2.6052,9.6723,1.5670,9.6723,1.7050,1,18.802,21.608
447,DATA_20260311_080000.BIN,1.5670,6.7085,1.4111,6.7085,1.2210,1,5.236,6.379
448,DATA_20260311_080000.BIN,1.4111,8.3780,0.5778,8.3780,2.5410,1,3.032,3.174
449,DATA_20260311_080000.BIN,0.5778,5.7162,0.7322,5.7162,3.2780,1,5.262,7.113
450,DATA_20260311_080000.BIN,0.7322,12.7980,2.6417,12.7980,3.9270,1,3.443,3.579
451,DATA_20260311_080000.BIN,2.6417,7.4538,1.3684,7.4538,3.1570,1,1.499,6.489
452,DATA_20260311_080000.BIN,1.3684,5.1321,1.1651,5.1321,1.4190,1,5.837,6.888
453,DATA_20260311_080000.BIN,1.1651,6.8816,1.0898,6.8816,3.7400,1,5.967,7.469
454,DATA_20260311_080000.BIN,1.0898,7.6769,1.2839,7.6769,7.6010,1,3.802,5.720
455,DATA_20260311_080000.BIN,1.4804,5.3584,1.6881,5.3584,3.0030,1,5.137,5.251
456,DATA_20260311_080000.BIN,1.6881,8.3667,2.4686,8.3667,3.9380,1,6.428,7.504
457,DATA_20260311_080000.BIN,2.4686,7.7313,0.6789,7.7313,4.1030,1,3.079,3.636
458,DATA_20260311_080000.BIN,0.3077,8.3332,0.4242,8.3332,4.4220,1,2.281,2.530
459,DATA_20260311_080000.BIN,3.4113,9.6179,2.8109,9.6179,3.4980,1,7.690,7.690
460,DATA_20260311_080000.BIN,2.8109,7.3708,1.8450,7.3708,1.2540,1,4.594,5.271
461,DATA_20260311_080000.BIN,1.8450,9.4244,2.5321,9.4244,1.4410,1,4.274,4.325
462,DATA_20260311_080000.BIN,2.5321,8.5106,4.0149,8.5106,2.4640,1,5.673,5.800
463,DATA_20260311_080000.BIN,4.0149,15.4938,0.2843,15.4938,7.3810,1,8.935,10.240
464,DATA_20260311_080000.BIN,0.2843,9.3220,2.4021,9.3220,2.1010,1,0.754,1.426
465,DATA_20260311_080000.BIN,2.4021,20.0461,1.1443,20.0461,6.2040,1,4.891,4.897
466,DATA_20260311_080000.BIN,1.1443,8.3926,0.1834,8.3926,1.8480,1,12.075,15.654
467,DATA_20260311_080000.BIN,0.1834,5.6149,0.4384,5.6149,3.9380,1,1.994,2.321
468,DATA_20260311_080000.BIN,2.6346,8.1205,0.4041,8.1205,2.7610,1,5.347,5.405
469,DATA_20260311_080000.BIN,2.8602,11.4459,1.1016,11.4459,3.0800,1,5.354,5.423
470,DATA_20260311_080000.BIN,0.9989,3.7859,0.6210,3.7859,2.1340,1,1.957,3.576
471,DATA_20260311_080000.BIN,2.9653,13.2232,0.8467,13.2232,2.5300,1,3.145,4.733
472,DATA_20260311_080000.BIN,0.8467,7.3581,2.4567,7.3581,3.8830,1,2.737,3.296
473,DATA_20260311_080000.BIN,1.7645,7.2691,1.1900,7.2691,1.8810,1,1.167,2.672
474,DATA_20260311_080000.BIN,0.6499,7.2440,3.1553,7.2440,2.6290,1,1.764,2.367
475,DATA_20260311_080000.BIN,2.5136,6.1095,1.2193,6.1095,3.1680,1,3.403,3.778
476,DATA_20260311_080000.BIN,2.2233,7.8587,1.9574,7.8587,2.6290,1,4.750,5.541
477,DATA_20260311_080000.BIN,1.9574,6.2386,0.5603,6.2386,3.4760,1,0.594,3.149
478,DATA_20260311_080000.BIN,0.5603,9.2580,1.0338,9.2580,3.4540,1,1.339,1.701
479,DATA_20260311_080000.BIN,1.0338,5.5398,0.9231,5.5398,1.6830,1,1.835,2.082
480,DATA_20260311_080000.BIN,0.9231,6.5830,0.5424,6.5830,1.6830,1,4.645,6.401
481,DATA_20260311_080000.BIN,1.0612,11.4562,1.8929,11.4562,6.4020,1,2.079,2.217
482,DATA_20260311_080000.BIN,1.8929,10.3191,1.5856,10.3191,4.3560,1,8.276,10.132
483,DATA_20260311_080000.BIN,1.5856,14.8102,4.9207,14.8102,5.7750,1,7.068,8.931
484,DATA_20260311_080000.BIN,2.7383,11.6109,1.6800,11.6109,1.6170,1,4.746,4.748
485,DATA_20260311_080000.BIN,1.6800,7.2988,2.4409,7.2988,1.9690,1,4.346,4.764
486,DATA_20260311_080000.BIN,2.4409,9.1489,1.1031,9.1489,2.4200,1,1.245,2.449
487,DATA_20260311_080000.BIN,1.1031,6.2822,1.0585,6.2822,1.4960,1,2.058,4.539
488,DATA_20260311_080000.BIN,1.0585,8.0162,1.9087,8.0162,1.6500,1,5.911,8.205
489,DATA_20260311_080000.BIN,3.2584,9.9084,3.1715,9.9084,3.5090,1,6.069,6.386
490,DATA_20260311_080000.BIN,3.1715,12.2448,1.2211,12.2448,2.1780,1,3.354,4.245
491,DATA_20260311_080000.BIN,1.2211,15.1906,1.4978,15.1906,4.7520,1,1.659,1.764
492,DATA_20260311_080000.BIN,1.4978,7.6730,1.5432,7.6730,1.4080,1,2.187,2.363
493,DATA_20260311_080000.BIN,1.5432,7.0490,2.6152,7.0490,1.5620,1,4.313,4.706
494,DATA_20260311_080000.BIN,3.0204,8.2931,4.0183,8.2931,1.5400,1,5.620,6.062
495,DATA_20260311_080000.BIN,6.4332,10.3942,3.6475,10.3942,1.5180,1,8.429,10.047
496,DATA_20260311_080000.BIN,0.8714,9.3072,4.6614,9.3072,3.3220,1,1.792,3.842
497,DATA_20260311_080000.BIN,4.6614,12.1138,5.7135,12.1138,1.7930,1,4.626,6.277
498,DATA_20260311_080000.BIN,5.7135,10.4714,2.8540,10.4714,2.9920,1,5.745,7.708
499,DATA_20260311_080000.BIN,2.8540,9.4579,1.3154,9.4579,1.3970,1,1.536,3.887
500,DATA_20260311_080000.BIN,1.3154,9.9454,2.2713,9.9454,2.8710,1,2.586,3.380
501,DATA_20260311_080000.BIN,1.9921,9.4146,2.1275,9.4146,2.1230,1,2.905,3.172
502,DATA_20260311_080000.BIN,2.1275,9.8865,0.4411,9.8865,4.4000,1,1.159,1.178
503,DATA_20260311_080000.BIN,0.4411,11.3014,1.3254,11.3014,3.7070,1,7.813,8.939
504,DATA_20260311_080000.BIN,1.3254,6.2758,1.1192,6.2758,2.5960,1,1.357,2.512
505,DATA_20260311_080000.BIN,1.1192,7.9422,1.8104,7.9422,1.5730,1,2.345,2.428
506,DATA_20260311_080000.BIN,1.8104,12.1877,0.7557,12.1877,6.1710,1,2.656,3.007
507,DATA_20260311_080000.BIN,0.7557,6.4808,2.0816,6.4808,6.1490,1,1.064,2.129
508,DATA_20260311_080000.BIN,2.0816,13.6329,2.0794,13.6329,4.7080,1,1.391,1.650
509,DATA_20260311_080000.BIN,0.3214,5.0329,1.6114,5.0329,1.5620,1,4.913,5.595
510,DATA_20260311_080000.BIN,2.3591,8.6885,2.9752,8.6885,1.1330,1,5.488,5.585
511,DATA_20260311_080000.BIN,2.9752,10.9403,3.1094,10.9403,1.2650,1,5.031,5.063
512,DATA_20260311_080000.BIN,0.3431,8.7451,1.6101,8.7451,1.2760,1,3.067,5.560
513,DATA_20260311_080000.BIN,1.9008,7.1875,2.3137,7.1875,1.5180,1,3.024,4.024
514,DATA_20260311_080000.BIN,2.6264,9.3692,1.6488,9.3692,2.3870,1,3.807,3.813
515,DATA_20260311_080000.BIN,1.6488,8.2452,1.5248,8.2452,1.1770,1,4.375,4.494
516,DATA_20260311_080000.BIN,1.5248,7.5342,2.7981,7.5342,2.5080,1,0.585,1.175
517,DATA_20260311_080000.BIN,2.7981,7.6829,1.1202,7.6829,4.0810,1,6.710,7.574
518,DATA_20260311_080000.BIN,0.8230,6.1303,0.7720,6.1303,3.3880,1,2.223,2.369
519,DATA_20260311_080000.BIN,4.1393,12.3057,1.8282,12.3057,4.3560,1,7.667,7.939
520,DATA_20260311_080000.BIN,2.6639,13.6839,8.6209,13.6839,3.4320,1,3.381,8.897
521,DATA_20260311_080000.BIN,3.9008,9.2692,4.9455,9.2692,2.1780,1,8.531,8.872
522,DATA_20260311_080000.BIN,4.9455,13.4674,2.9594,13.4674,4.3560,1,4.564,6.485
523,DATA_20260311_080000.BIN,2.9594,12.0021,4.8457,12.0021,6.1820,1,3.762,3.792
524,DATA_20260311_080000.BIN,1.4192,9.7684,2.3213,9.7684,6.0060,1,1.408,2.703
525,DATA_20260311_080000.BIN,2.3213,5.0370,1.5269,5.0370,1.2980,1,3.892,4.229
526,DATA_20260311_080000.BIN,1.1788,8.6565,0.6417,8.6565,4.9940,1,1.320,1.664
527,DATA_20260311_080000.BIN,0.6417,6.3427,0.3494,6.3427,7.7000,1,17.215,23.203
528,DATA_20260311_080000.BIN,0.3494,6.6834,0.6208,6.6834,2.9920,1,1.570,1.578
529,DATA_20260311_080000.BIN,0.6208,14.2699,2.0167,14.2699,5.5880,1,3.881,5.904
530,DATA_20260311_080000.BIN,2.0167,9.5970,0.3724,9.5970,6.3580,1,0.933,3.855
531,DATA_20260311_080000.BIN,0.3724,5.3637,0.7942,5.3637,2.8930,1,1.245,1.705
532,DATA_20260311_080000.BIN,0.7942,11.5311,0.7029,11.5311,3.5750,1,1.564,1.724
533,DATA_20260311_080000.BIN,0.7029,11.9775,6.8351,11.9775,1.9360,1,6.360,8.417
534,DATA_20260311_080000.BIN,6.8351,12.2954,2.4790,12.2954,2.5960,1,12.821,16.516
535,DATA_20260311_080000.BIN,2.4790,7.0695,2.1797,7.0695,1.4520,1,8.704,12.563
536,DATA_20260311_080000.BIN,2.1797,6.8842,0.5654,6.8842,2.8160,1,4.175,4.643
537,DATA_20260311_080000.BIN,0.5654,10.6100,4.0101,10.6100,8.0740,1,3.159,4.256
538,DATA_20260311_080000.BIN,1.3511,5.4590,2.0559,5.4590,1.6610,1,2.882,3.886
539,DATA_20260311_080000.BIN,1.6089,5.9502,1.3724,5.9502,1.1990,1,2.430,3.645
540,DATA_20260311_080000.BIN,1.3724,7.2250,2.2501,7.2250,2.5960,1,3.047,3.793
541,DATA_20260311_080000.BIN,2.2501,7.7883,1.6525,7.7883,1.3420,1,4.830,5.333
542,DATA_20260311_080000.BIN,2.2011,6.5651,0.2962,6.5651,1.5290,1,3.742,3.956
543,DATA_20260311_080000.BIN,1.0671,6.8695,1.4750,6.8695,1.3750,1,1.374,1.544
544,DATA_20260311_080000.BIN,1.4750,7.5303,2.0402,7.5303,1.2760,1,2.395,2.497
545,DATA_20260311_080000.BIN,0.4475,4.4591,2.3073,4.4591,3.6960,1,1.116,1.348
546,DATA_20260311_080000.BIN,1.3482,6.1648,0.1924,6.1648,3.5860,1,2.916,3.624
547,DATA_20260311_080000.BIN,0.2934,6.3740,0.9149,6.3740,2.2000,1,4.332,6.037
548,DATA_20260311_080000.BIN,0.9149,6.5342,1.6830,6.5342,1.7710,1,5.460,6.678
549,DATA_20260311_080000.BIN,1.6830,7.0639,1.9998,7.0639,1.4740,1,2.931,2.973
550,DATA_20260311_080000.BIN,1.9998,8.7279,0.8320,8.7279,1.5730,1,3.705,3.785
551,DATA_20260311_080000.BIN,0.8320,4.8628,0.2604,4.8628,2.1560,1,2.494,4.575
552,DATA_20260311_080000.BIN,0.2604,9.3992,5.7350,9.3992,4.0370,1,1.949,2.538
553,DATA_20260311_080000.BIN,5.7350,13.1421,4.0163,13.1421,3.8610,1,8.223,8.434
554,DATA_20260311_080000.BIN,4.0163,11.2869,6.4093,11.2869,1.6390,1,10.537,11.935
555,DATA_20260311_080000.BIN,6.0520,10.5409,3.4185,10.5409,1.5290,1,12.633,13.036
556,DATA_20260311_080000.BIN,3.4185,8.1443,2.1432,8.1443,3.4540,1,1.769,4.497
557,DATA_20260311_080000.BIN,2.1432,6.1991,1.7320,6.1991,1.2760,1,7.262,7.343
558,DATA_20260311_080000.BIN,1.7320,11.9235,1.5138,11.9235,9.8450,1,4.174,4.261
559,DATA_20260311_080000.BIN,1.5138,12.0819,5.0680,12.0819,3.7070,1,4.750,6.820
560,DATA_20260311_080000.BIN,5.0680,9.2017,1.8252,9.2017,2.0020,1,12.362,13.108
561,DATA_20260311_080000.BIN,1.8252,11.4410,4.8380,11.4410,3.3660,1,9.317,11.659
562,DATA_20260311_080000.BIN,4.8380,15.0287,10.5407,15.0287,4.8950,1,13.699,15.140
563,DATA_20260311_080000.BIN,0.8095,5.2774,1.3649,5.2774,4.0370,1,7.950,9.301
564,DATA_20260311_080000.BIN,1.3649,16.9046,8.9379,16.9046,5.5880,1,5.087,7.134
565,DATA_20260311_080000.BIN,8.9379,16.0856,1.3898,16.0856,3.2340,1,8.478,14.311
566,DATA_20260311_080000.BIN,1.3898,7.5013,1.7783,7.5013,5.6980,1,1.542,1.684
567,DATA_20260311_080000.BIN,1.7783,6.7934,1.4095,6.7934,2.6730,1,4.041,4.105
568,DATA_20260311_080000.BIN,1.4095,5.2097,1.2934,5.2097,1.6720,1,2.068,4.170
569,DATA_20260311_080000.BIN,1.2934,8.1435,0.5004,8.1435,1.2540,1,1.885,3.469
570,DATA_20260311_080000.BIN,0.5004,7.3208,0.8149,7.3208,1.2430,1,0.110,2.263
571,DATA_20260311_080000.BIN,0.8149,6.8881,1.4025,6.8881,1.3750,1,0.618,1.709
572,DATA_20260311_080000.BIN,0.3263,7.4039,1.1379,7.4039,1.3420,1,1.031,2.062
573,DATA_20260311_080000.BIN,1.1379,5.5261,1.7832,5.5261,1.1000,1,3.977,4.014
574,DATA_20260311_080000.BIN,1.7832,7.8810,0.5447,7.8810,1.3530,1,1.609,2.807
575,DATA_20260311_080000.BIN,0.5447,6.2703,0.5060,6.2703,1.1550,1,1.116,1.961
576,DATA_20260311_080000.BIN,0.9658,5.7764,0.8526,5.7764,1.2540,1,4.726,5.246
577,DATA_20260311_080000.BIN,0.8526,9.2761,3.1927,9.2761,1.1550,1,3.293,3.685
578,DATA_20260311_080000.BIN,3.1927,13.1757,2.9972,13.1757,1.4740,1,4.668,4.719
579,DATA_20260311_080000.BIN,2.9972,9.1164,1.2668,9.1164,1.2430,1,3.205,3.349
580,DATA_20260311_080000.BIN,1.2668,6.4784,0.9298,6.4784,1.2100,1,1.279,1.284
581,DATA_20260311_080000.BIN,0.9298,5.5961,1.4860,5.5961,1.1770,1,1.321,2.193
582,DATA_20260311_080000.BIN,1.4860,9.9276,3.6814,9.9276,1.6610,1,3.337,3.930
583,DATA_20260311_080000.BIN,3.6814,14.8961,2.5839,14.8961,4.2130,1,3.389,3.785
584,DATA_20260311_080000.BIN,1.6532,13.0966,3.1601,13.0966,1.1990,1,1.686,3.584
585,DATA_20260311_080000.BIN,3.1601,13.2141,5.1900,13.2141,7.9420,1,13.936,15.671
586,DATA_20260311_080000.BIN,5.1900,15.5122,3.6255,15.5122,2.2880,1,9.379,11.769
587,DATA_20260311_080000.BIN,3.2358,7.8354,2.3753,7.8354,1.2540,1,2.398,4.326
588,DATA_20260311_080000.BIN,2.3753,22.6724,17.8870,22.6724,3.1680,1,6.798,7.889
589,DATA_20260311_080000.BIN,0.9187,6.3099,1.9041,6.3099,1.9580,1,1.978,2.793
590,DATA_20260311_080000.BIN,7.8307,17.9092,11.6201,17.9092,3.2450,1,13.275,13.480
591,DATA_20260311_080000.BIN,10.7223,25.0463,7.4877,25.0463,3.7290,1,12.263,13.301
592,DATA_20260311_080000.BIN,7.4877,20.3998,2.9967,20.3998,3.9820,1,7.948,10.763
593,DATA_20260311_080000.BIN,2.9967,10.5242,5.5912,10.5242,2.7280,1,5.292,5.329
594,DATA_20260311_080000.BIN,1.6414,9.0845,0.9001,9.0845,1.2100,1,1.081,1.260
595,DATA_20260311_080000.BIN,0.9001,8.7164,2.0186,8.7164,1.1880,1,1.377,2.123
596,DATA_20260311_080000.BIN,2.0186,9.5013,4.2856,9.5013,1.1110,1,2.892,3.293
597,DATA_20260311_080000.BIN,4.2856,15.1639,2.5857,15.1639,2.3870,1,4.932,4.939
598,DATA_20260311_080000.BIN,2.5857,9.8657,3.0543,9.8657,1.1440,1,2.353,2.354
599,DATA_20260311_080000.BIN,3.0543,8.3530,2.1627,8.3530,1.1990,1,3.144,3.316
600,DATA_20260311_080000.BIN,2.1627,6.1426,1.6358,6.1426,1.1880,1,2.156,3.677
601,DATA_20260311_080000.BIN,1.6358,9.8225,2.2923,9.8225,1.2540,1,0.901,2.077
602,DATA_20260311_080000.BIN,2.2923,8.6692,3.0471,8.6692,1.1440,1,2.349,2.487
603,DATA_20260311_080000.BIN,3.0471,8.3233,3.0107,8.3233,1.1220,1,3.614,3.619
604,DATA_20260311_080000.BIN,3.0107,8.0723,3.6486,8.0723,1.1330,1,2.633,2.931
605,DATA_20260311_080000.BIN,2.7189,9.0108,3.0619,9.0108,1.5510,1,3.236,3.337
606,DATA_20260311_080000.BIN,0.6822,12.0636,4.5656,12.0636,2.6180,1,9.319,11.198
607,DATA_20260311_080000.BIN,4.5656,16.4448,9.4462,16.4448,5.5770,1,6.458,6.978
608,DATA_20260311_080000.BIN,9.4462,15.6186,9.0365,15.6186,4.7080,1,19.808,19.817
609,DATA_20260311_080000.BIN,9.0365,15.7779,10.2168,15.7779,5.2800,1,17.231,17.278
610,DATA_20260311_080000.BIN,10.2168,15.5429,8.1955,15.5429,4.7410,1,17.696,17.701
611,DATA_20260311_080000.BIN,8.1955,13.9783,10.6348,13.9783,3.8170,1,11.548,11.564
612,DATA_20260311_080000.BIN,10.6348,13.3922,6.3905,13.3922,3.3770,1,17.704,18.633
613,DATA_20260311_080000.BIN,6.3905,14.9478,8.9680,14.9478,5.2360,1,5.467,5.482
614,DATA_20260311_080000.BIN,8.9680,15.4331,7.7250,15.4331,5.5770,1,11.081,11.109
615,DATA_20260311_080000.BIN,7.7250,13.9825,5.7887,13.9825,5.4780,1,7.009,7.051
616,DATA_20260311_080000.BIN,5.7887,13.4736,8.0393,13.4736,8.1950,1,4.685,5.545
617,DATA_20260311_080000.BIN,8.0393,13.6991,7.7450,13.6991,6.2370,1,4.462,5.061
618,DATA_20260311_080000.BIN,7.7450,12.7520,5.7857,12.7520,2.8490,1,5.698,5.702
619,DATA_20260311_080000.BIN,5.7857,14.4329,10.0192,14.4329,2.6290,1,4.228,4.266
620,DATA_20260311_080000.BIN,5.3735,9.4476,6.6774,9.4476,4.9720,1,4.517,6.164
621,DATA_20260311_080000.BIN,6.6774,14.5067,8.9875,14.5067,4.6970,1,2.383,4.138
622,DATA_20260311_080000.BIN,8.9875,23.2137,1.6525,23.2137,7.9640,1,3.115,9.151
623,DATA_20260311_080000.BIN,1.6525,13.4136,7.1537,13.4136,4.9390,1,7.452,7.520
624,DATA_20260311_080000.BIN,7.1537,13.9421,8.6633,13.9421,1.7380,1,2.906,6.047
625,DATA_20260311_080000.BIN,8.6633,18.7231,7.1013,18.7231,1.9580,1,9.094,9.582
626,DATA_20260311_080000.BIN,7.1013,14.5175,1.4313,14.5175,6.6550,1,9.305,9.310
627,DATA_20260311_080000.BIN,1.4313,11.6780,8.2460,11.6780,5.2690,1,9.555,9.706
628,DATA_20260311_080000.BIN,2.4763,6.1588,0.8445,6.1588,5.7530,1,14.236,14.490
629,DATA_20260311_080000.BIN,0.8445,10.8071,6.5730,10.8071,7.3590,1,10.553,11.316
630,DATA_20260311_080000.BIN,5.1741,8.3835,0.6072,8.3835,4.2460,1,7.532,7.627
631,DATA_20260311_080000.BIN,0.6072,9.5703,2.7521,9.5703,2.2110,1,5.569,6.256
632,DATA_20260311_080000.BIN,5.7737,12.9851,6.6244,12.9851,2.3100,1,7.277,7.299
633,DATA_20260311_080000.BIN,6.6244,14.2876,3.4230,14.2876,2.7940,1,9.564,10.524
634,DATA_20260311_080000.BIN,8.8688,14.1507,7.1868,14.1507,2.2880,1,3.959,6.966
635,DATA_20260311_080000.BIN,7.1868,13.3324,5.1694,13.3324,2.0460,1,9.407,10.217
636,DATA_20260311_080000.BIN,8.3113,12.7731,4.5973,12.7731,2.3430,1,7.221,9.779
637,DATA_20260311_080000.BIN,4.5973,8.1132,2.4582,8.1132,1.8590,1,3.900,11.852
638,DATA_20260311_080000.BIN,1.7028,6.4392,0.9405,6.4392,4.9830,1,4.107,4.380
639,DATA_20260311_080000.BIN,0.9405,7.6928,3.4852,7.6928,1.6940,1,5.323,5.900
640,DATA_20260311_080000.BIN,3.4852,10.0989,2.1879,10.0989,3.1020,1,3.738,6.211
641,DATA_20260311_080000.BIN,2.1879,15.2784,6.2542,15.2784,4.7960,1,9.086,9.105
642,DATA_20260311_080000.BIN,6.2542,16.5676,2.8403,16.5676,3.6300,1,10.532,12.918
643,DATA_20260311_080000.BIN,2.8403,15.4643,6.8982,15.4643,3.6190,1,3.985,6.241
644,DATA_20260311_080000.BIN,6.8982,13.7736,10.0879,13.7736,3.2010,1,8.927,9.774
645,DATA_20260311_080000.BIN,10.0879,13.7819,4.3265,13.7819,7.0180,1,15.619,15.622
646,DATA_20260311_080000.BIN,4.3265,15.2432,11.7246,15.2432,3.7070,1,5.425,5.809
647,DATA_20260311_080000.BIN,11.7246,15.4421,9.8091,15.4421,5.4010,1,21.466,21.763
648,DATA_20260311_080000.BIN,9.8091,14.8204,10.7328,14.8204,3.4540,1,12.210,13.085
649,DATA_20260311_080000.BIN,10.7328,15.3426,1.9482,15.3426,4.9500,1,14.172,14.472
650,DATA_20260311_080000.BIN,1.9482,9.7005,2.7250,9.7005,2.4970,1,11.639,13.098
651,DATA_20260311_080000.BIN,2.8368,8.3204,1.2090,8.3204,2.3100,1,6.594,6.792
652,DATA_20260311_080000.BIN,1.1328,16.1135,8.1505,16.1135,2.7830,1,9.034,9.072
653,DATA_20260311_080000.BIN,8.1505,12.6972,1.6778,12.6972,3.8830,1,13.105,13.673
654,DATA_20260311_080000.BIN,2.2671,6.8974,1.8449,6.8974,1.3970,1,9.256,9.510
655,DATA_20260311_080000.BIN,1.8449,7.5618,1.0495,7.5618,3.0360,1,9.763,10.620
656,DATA_20260311_080000.BIN,1.0495,5.3038,0.2454,5.3038,2.1780,1,6.847,6.982
657,DATA_20260311_080000.BIN,0.2454,6.3131,0.4547,6.3131,7.4360,1,6.855,9.588
658,DATA_20260311_080000.BIN,1.7537,6.7174,0.7839,6.7174,2.2440,1,2.847,5.097
659,DATA_20260311_080000.BIN,0.7839,6.0242,1.5681,6.0242,1.4080,1,3.518,4.362
660,DATA_20260311_080000.BIN,0.5338,6.7291,1.1947,6.7291,2.9590,1,5.536,5.540
661,DATA_20260311_080000.BIN,3.0716,7.7781,2.5822,7.7781,3.7950,1,3.096,5.122
662,DATA_20260311_080000.BIN,2.3843,6.8053,0.7827,6.8053,4.6640,1,7.366,8.064
663,DATA_20260311_080000.BIN,2.6946,8.2255,2.3597,8.2255,1.2650,1,8.756,9.239
664,DATA_20260311_080000.BIN,1.4306,10.0880,4.8534,10.0880,3.2010,1,6.623,7.088
665,DATA_20260311_080000.BIN,4.8534,10.0371,0.9909,10.0371,2.5190,1,7.631,7.715
666,DATA_20260311_080000.BIN,0.9909,9.8224,4.4547,9.8224,1.7710,1,5.542,6.747
667,DATA_20260311_080000.BIN,1.5426,10.3935,0.5689,10.3935,3.2230,1,2.370,3.036
668,DATA_20260311_080000.BIN,0.5689,7.2357,3.3112,7.2357,2.4420,1,3.296,4.328
669,DATA_20260311_080000.BIN,3.3112,10.6867,2.5427,10.6867,3.3000,1,7.963,8.870
670,DATA_20260311_080000.BIN,2.5427,12.0903,0.5344,12.0903,3.8610,1,6.646,6.651
671,DATA_20260311_080000.BIN,0.5344,14.9380,7.1945,14.9380,7.7990,1,2.817,3.680
672,DATA_20260311_080000.BIN,12.3722,15.4003,12.3037,15.4003,6.8970,1,62.440,63.617
673,DATA_20260311_080000.BIN,14.3320,21.5333,14.2094,21.5333,2.6620,1,21.400,22.901
674,DATA_20260311_080000.BIN,7.0118,15.6065,12.8241,15.6065,4.3450,1,3.923,4.227
675,DATA_20260311_080000.BIN,12.8241,15.6394,6.5781,15.6394,4.0810,1,56.682,57.175
676,DATA_20260311_080000.BIN,6.5781,10.9033,3.6003,10.9033,2.3650,1,2.364,4.474
677,DATA_20260311_080000.BIN,10.2826,14.2565,5.8018,14.2565,2.9920,1,53.246,53.249
678,DATA_20260311_080000.BIN,6.9490,13.5898,8.2900,13.5898,7.3480,1,6.661,7.179
679,DATA_20260311_080000.BIN,8.2900,12.1808,6.1279,12.1808,2.8820,1,6.100,6.375
680,DATA_20260311_080000.BIN,6.1279,13.5125,10.3924,13.5125,7.1500,1,13.971,14.035
681,DATA_20260311_080000.BIN,10.3924,13.7664,3.0664,13.7664,5.4780,1,47.884,47.993
682,DATA_20260311_080000.BIN,3.0664,27.5840,3.0491,27.5840,2.8050,1,21.479,21.995
683,DATA_20260311_080000.BIN,3.0491,16.0705,10.5772,16.0705,3.0690,1,15.620,15.721
684,DATA_20260311_080000.BIN,10.5772,15.6710,10.0165,15.6710,1.1880,1,15.262,16.673
685,DATA_20260311_080000.BIN,10.0165,15.9242,11.3769,15.9242,1.1000,1,16.130,17.452
686,DATA_20260311_080000.BIN,9.1916,15.4256,3.3586,15.4256,2.2110,1,10.137,11.328
687,DATA_20260311_080000.BIN,3.3586,7.4803,3.6586,7.4803,2.0680,1,13.233,14.768
688,DATA_20260311_090000.BIN,32.6128,42.3671,32.0048,42.3671,2.2770,1,3.260,3.911
689,DATA_20260311_090000.BIN,32.0048,41.6448,6.8142,41.6448,5.9620,1,3.459,3.829
690,DATA_20260311_090000.BIN,6.8142,49.6383,24.6847,49.6383,6.4900,1,41.530,42.242
691,DATA_20260311_090000.BIN,24.6847,31.5023,19.8843,31.5023,4.7410,1,10.835,11.835
692,DATA_20260311_090000.BIN,19.8843,29.1564,23.2129,29.1564,5.3900,1,12.574,12.930
693,DATA_20260311_090000.BIN,17.0987,34.6632,24.8158,34.6632,3.9160,1,15.337,15.657
694,DATA_20260311_090000.BIN,24.8158,57.8373,35.7356,57.8373,4.7520,1,8.662,9.024
695,DATA_20260311_090000.BIN,35.7356,57.4662,15.6467,57.4662,2.5410,1,46.324,49.430
696,DATA_20260311_090000.BIN,15.6467,24.1299,2.9663,24.1299,1.8590,1,29.827,32.872
697,DATA_20260311_090000.BIN,2.9663,14.8670,6.3554,14.8670,1.1000,1,30.263,34.003
698,DATA_20260311_090000.BIN,17.2039,24.3264,13.8672,24.3264,3.6850,1,32.800,35.428
699,DATA_20260311_090000.BIN,13.8672,27.0753,17.5233,27.0753,9.8010,1,26.982,35.621
700,DATA_20260311_090000.BIN,27.7006,36.0478,26.7687,36.0478,2.7830,1,30.021,34.831
701,DATA_20260311_090000.BIN,26.7687,72.8714,7.6399,72.8714,9.3060,1,27.682,29.973
702,DATA_20260311_090000.BIN,33.5106,43.9166,33.2653,43.9166,4.0920,1,42.386,46.929
703,DATA_20260311_090000.BIN,33.2653,39.0116,12.5691,39.0116,9.0200,1,34.302,37.975
704,DATA_20260311_090000.BIN,12.5691,34.4338,22.1970,34.4338,4.7630,1,15.743,22.328
705,DATA_20260311_090000.BIN,20.7202,28.6609,22.1055,28.6609,1.4410,1,25.407,25.877
706,DATA_20260311_090000.BIN,17.9823,32.6250,17.7885,32.6250,4.7300,1,15.158,16.741
707,DATA_20260311_090000.BIN,17.7885,26.1527,18.4534,26.1527,5.1150,1,15.568,15.601
708,DATA_20260311_090000.BIN,19.7205,25.5807,17.6715,25.5807,6.6220,1,17.226,17.984
709,DATA_20260311_090000.BIN,17.6715,24.4024,19.9640,24.4024,5.3460,1,11.903,15.031
710,DATA_20260311_090000.BIN,20.4528,27.3487,19.9848,27.3487,7.5130,1,17.372,18.232
711,DATA_20260311_090000.BIN,19.9848,26.3266,18.3008,26.3266,4.4550,1,14.589,14.794
712,DATA_20260311_090000.BIN,17.0634,25.2369,19.0653,25.2369,3.4210,1,10.504,11.726
713,DATA_20260311_090000.BIN,18.3730,31.6860,21.0578,31.6860,8.9540,1,8.575,9.864
714,DATA_20260311_090000.BIN,21.0578,52.7583,15.5939,52.7583,4.1360,1,14.073,14.074
715,DATA_20260311_090000.BIN,15.2338,52.2546,43.8188,52.2546,1.6940,1,19.433,20.641
716,DATA_20260311_090000.BIN,43.7425,57.4614,18.7884,57.4614,2.4530,1,38.850,39.683
717,DATA_20260311_090000.BIN,18.7884,56.2406,46.8617,56.2406,4.2020,1,15.316,18.978
718,DATA_20260311_090000.BIN,52.9623,68.2921,25.4001,68.2921,7.0290,1,47.087,47.087
719,DATA_20260311_090000.BIN,60.3789,70.8606,51.7322,70.8606,4.9720,1,60.707,60.986
720,DATA_20260311_090000.BIN,65.8078,71.3206,17.7441,71.3206,4.8620,1,87.896,88.166
721,DATA_20260311_090000.BIN,28.3103,64.7271,19.6203,64.7271,4.8950,1,10.006,15.919
722,DATA_20260311_090000.BIN,20.8817,57.1776,30.6192,57.1776,5.5660,1,7.685,12.840
723,DATA_20260311_090000.BIN,30.6192,60.7632,34.1714,60.7632,4.7300,1,6.341,9.032
724,DATA_20260311_090000.BIN,34.1714,67.1967,27.0309,67.1967,6.1600,1,8.169,9.476
725,DATA_20260311_090000.BIN,27.0309,52.3074,12.8587,52.3074,5.6540,1,5.877,13.781
726,DATA_20260311_090000.BIN,19.9682,70.5802,36.7190,70.5802,3.6300,1,9.773,11.818
727,DATA_20260311_090000.BIN,36.7190,43.0758,34.7040,43.0758,2.1670,1,12.837,14.451
728,DATA_20260311_090000.BIN,49.2284,63.9450,57.1883,63.9450,5.7530,1,28.055,29.531
729,DATA_20260311_090000.BIN,29.9782,39.9654,29.6563,39.9654,1.2650,1,6.257,8.279
730,DATA_20260311_090000.BIN,29.6563,65.7563,24.5136,65.7563,4.5760,1,15.096,15.101
731,DATA_20260311_090000.BIN,48.6149,58.2954,42.9532,58.2954,3.1020,1,24.926,26.888
732,DATA_20260311_090000.BIN,41.2954,60.5321,42.0670,60.5321,7.1280,1,14.461,17.174
733,DATA_20260311_090000.BIN,36.1809,49.7461,39.1404,49.7461,3.3000,1,12.565,16.221
734,DATA_20260311_090000.BIN,39.1404,46.3153,32.3706,46.3153,3.3000,1,9.688,12.477
735,DATA_20260311_090000.BIN,32.3706,55.1739,30.5931,55.1739,4.6640,1,2.706,4.174
736,DATA_20260311_090000.BIN,50.6001,56.5716,42.6875,56.5716,7.8870,1,24.164,27.695
737,DATA_20260311_090000.BIN,22.3086,28.6685,12.6677,28.6685,2.5740,1,17.132,17.164
738,DATA_20260311_090000.BIN,12.6677,62.1286,12.7522,62.1286,5.1040,1,27.808,27.854
739,DATA_20260311_090000.BIN,33.8298,44.5975,36.9180,44.5975,3.0910,1,4.349,6.383
740,DATA_20260311_090000.BIN,36.9180,47.8104,39.4347,47.8104,4.4330,1,8.620,8.945
741,DATA_20260311_090000.BIN,39.4347,48.6931,35.4067,48.6931,3.8390,1,10.396,10.447
742,DATA_20260311_090000.BIN,35.4067,54.6287,27.3296,54.6287,4.3010,1,8.692,10.611
743,DATA_20260311_090000.BIN,35.9678,61.3975,38.8519,61.3975,6.1820,1,9.320,10.333
744,DATA_20260311_090000.BIN,38.8519,60.4578,44.1299,60.4578,2.4090,1,12.477,14.431
745,DATA_20260311_090000.BIN,44.1299,62.2624,48.9984,62.2624,3.0580,1,16.479,16.552
746,DATA_20260311_090000.BIN,48.9984,62.7268,52.8503,62.7268,4.1580,1,127.782,128.471
747,DATA_20260311_090000.BIN,52.8503,64.9847,52.1369,64.9847,5.9510,1,104.072,104.163
748,DATA_20260311_090000.BIN,52.1369,61.0028,43.4654,61.0028,2.2660,1,8.086,9.185
749,DATA_20260311_090000.BIN,43.4654,49.9149,37.1661,49.9149,7.0950,1,22.545,22.681
750,DATA_20260311_090000.BIN,37.1661,58.3091,35.4008,58.3091,3.7180,1,15.533,15.701
751,DATA_20260311_090000.BIN,35.4008,52.7024,46.9829,52.7024,3.5090,1,17.152,17.173
752,DATA_20260311_090000.BIN,46.9829,61.8398,48.2213,61.8398,3.3990,1,26.464,27.492
753,DATA_20260311_090000.BIN,48.2213,63.3876,25.2670,63.3876,3.8610,1,12.342,13.066
754,DATA_20260311_090000.BIN,25.2670,62.1112,21.8592,62.1112,4.1800,1,20.702,25.085
755,DATA_20260311_090000.BIN,21.8592,60.2317,30.6985,60.2317,2.9370,1,20.654,25.846
756,DATA_20260311_090000.BIN,24.5155,46.7266,31.5361,46.7266,5.0160,1,22.485,22.569
757,DATA_20260311_090000.BIN,31.5361,47.8072,18.4875,47.8072,9.1850,1,5.802,9.216
758,DATA_20260311_090000.BIN,18.4875,26.6114,19.8479,26.6114,3.4430,1,28.388,28.599
759,DATA_20260311_090000.BIN,20.5507,44.5081,17.7022,44.5081,5.9400,1,24.995,25.296
760,DATA_20260311_090000.BIN,17.7022,67.9152,26.9768,67.9152,6.9960,1,21.868,21.868
761,DATA_20260311_090000.BIN,26.9768,51.7738,45.8794,51.7738,5.5660,1,11.072,12.515
762,DATA_20260311_090000.BIN,45.8794,54.9103,43.5212,54.9103,8.2170,1,30.610,30.679
763,DATA_20260311_090000.BIN,18.3893,29.1859,21.1734,29.1859,2.2000,1,17.998,21.181
764,DATA_20260311_090000.BIN,21.1734,30.7567,23.6570,30.7567,1.6170,1,19.926,19.943
765,DATA_20260311_090000.BIN,23.6570,40.0395,30.8095,40.0395,3.3770,1,13.789,14.781
766,DATA_20260311_090000.BIN,30.8095,42.6568,24.1766,42.6568,1.4630,1,10.496,14.785
767,DATA_20260311_090000.BIN,24.1766,32.7583,27.6602,32.7583,1.7380,1,8.971,11.505
768,DATA_20260311_090000.BIN,27.6602,36.0048,25.0459,36.0048,4.2570,1,1.851,4.509
769,DATA_20260311_090000.BIN,25.0459,35.7368,28.0322,35.7368,4.1690,1,10.080,12.019
770,DATA_20260311_090000.BIN,28.4568,42.5219,31.5201,42.5219,2.7390,1,3.502,8.807
771,DATA_20260311_090000.BIN,31.5201,50.8136,18.7353,50.8136,9.9770,1,9.759,12.569
772,DATA_20260311_090000.BIN,18.7353,40.9225,27.6541,40.9225,6.6990,1,12.796,12.807
773,DATA_20260311_090000.BIN,27.6541,49.5379,38.7741,49.5379,5.0050,1,13.575,13.838
774,DATA_20260311_090000.BIN,38.7741,47.6366,41.6696,47.6366,6.1380,1,16.484,18.717
775,DATA_20260311_090000.BIN,42.6585,55.9087,31.0564,55.9087,8.4480,1,19.535,21.033
776,DATA_20260311_090000.BIN,31.0564,66.1174,15.8566,66.1174,3.3440,1,10.480,10.551
777,DATA_20260311_090000.BIN,15.8566,49.1876,34.7359,49.1876,5.3680,1,18.666,20.962
778,DATA_20260311_090000.BIN,36.8151,44.2338,36.6191,44.2338,5.0820,1,12.783,14.584
779,DATA_20260311_090000.BIN,36.6191,44.4703,34.7606,44.4703,4.1140,1,12.229,13.420
780,DATA_20260311_090000.BIN,34.7606,59.2503,36.4482,59.2503,5.8410,1,8.487,11.319
781,DATA_20260311_090000.BIN,36.4482,45.9161,19.6459,45.9161,3.3660,1,9.987,12.578
782,DATA_20260311_090000.BIN,19.6459,35.1647,29.1341,35.1647,2.6070,1,10.676,18.209
783,DATA_20260311_090000.BIN,29.1341,37.3035,29.1000,37.3035,4.0260,1,1.885,6.320
784,DATA_20260311_090000.BIN,29.1000,34.1252,12.0872,34.1252,4.6530,1,2.683,7.509
785,DATA_20260311_090000.BIN,12.3309,43.9290,35.5643,43.9290,2.7720,1,19.992,20.591
786,DATA_20260311_090000.BIN,35.5643,45.0465,30.9681,45.0465,6.9850,1,14.342,16.218
787,DATA_20260311_090000.BIN,30.9681,42.5314,29.3525,42.5314,8.9210,1,8.456,10.189
788,DATA_20260311_090000.BIN,29.3525,42.9381,16.7575,42.9381,2.2220,1,3.725,9.146
789,DATA_20260311_090000.BIN,21.7209,40.2176,30.6144,40.2176,3.3880,1,11.042,11.717
790,DATA_20260311_090000.BIN,30.6144,39.6493,25.4643,39.6493,7.3260,1,3.799,4.332
791,DATA_20260311_090000.BIN,29.3995,44.9352,31.3956,44.9352,5.4230,1,4.934,5.118
792,DATA_20260311_090000.BIN,36.8672,43.3476,27.9878,43.3476,5.6430,1,11.825,12.750
793,DATA_20260311_090000.BIN,27.9878,41.1314,14.3486,41.1314,7.0180,1,4.399,6.683
794,DATA_20260311_090000.BIN,14.3486,31.5519,25.7312,31.5519,3.5200,1,18.034,18.052
795,DATA_20260311_090000.BIN,25.7312,35.4605,27.1810,35.4605,7.5680,1,12.108,15.474
796,DATA_20260311_090000.BIN,27.1810,33.2359,18.0940,33.2359,2.5850,1,7.940,11.515
797,DATA_20260311_090000.BIN,18.0940,33.2130,18.6198,33.2130,3.2010,1,10.348,10.805
798,DATA_20260311_090000.BIN,18.6198,33.0813,25.5170,33.0813,1.8700,1,8.651,9.325
799,DATA_20260311_090000.BIN,25.5170,34.1886,22.6871,34.1886,3.0580,1,9.991,15.991
800,DATA_20260311_090000.BIN,22.6871,29.8574,16.8364,29.8574,3.2890,1,10.693,11.058
801,DATA_20260311_090000.BIN,16.8364,37.8138,9.1939,37.8138,8.3930,1,9.537,10.154
802,DATA_20260311_090000.BIN,24.1248,32.8481,21.8803,32.8481,1.7160,1,17.248,17.302
803,DATA_20260311_090000.BIN,21.8803,37.5769,18.8254,37.5769,5.6100,1,3.085,3.091
804,DATA_20260311_090000.BIN,18.8254,32.0118,16.8509,32.0118,3.0140,1,11.094,11.611
805,DATA_20260311_090000.BIN,16.8509,35.1228,27.2753,35.1228,5.1810,1,8.001,8.117
806,DATA_20260311_090000.BIN,28.3392,34.9958,24.9318,34.9958,2.3430,1,9.810,11.836
807,DATA_20260311_090000.BIN,24.9318,34.3351,12.8336,34.3351,4.3890,1,4.170,7.353
808,DATA_20260311_090000.BIN,14.4596,24.0802,14.4155,24.0802,2.3650,1,17.555,18.538
809,DATA_20260311_090000.BIN,6.6632,20.5615,8.2173,20.5615,6.6330,1,18.543,20.708
810,DATA_20260311_090000.BIN,8.2173,23.1079,1.2444,23.1079,2.7280,1,15.555,15.704
811,DATA_20260311_090000.BIN,1.2444,50.5730,19.2097,50.5730,5.8520,1,29.494,29.622
812,DATA_20260311_090000.BIN,19.2097,36.7008,29.5935,36.7008,3.0690,1,6.606,6.623
813,DATA_20260311_090000.BIN,29.5935,40.6656,24.4519,40.6656,2.9480,1,18.909,19.337
814,DATA_20260311_090000.BIN,24.4519,53.2404,37.1952,53.2404,4.8070,1,9.081,15.941
815,DATA_20260311_090000.BIN,37.1952,53.1626,29.0126,53.1626,1.7490,1,121.625,123.962
816,DATA_20260311_090000.BIN,29.0126,45.5768,23.2736,45.5768,2.2770,1,7.807,7.856
817,DATA_20260311_090000.BIN,23.2736,51.1833,20.9462,51.1833,7.4470,1,6.417,6.478
818,DATA_20260311_090000.BIN,20.9462,53.7568,31.1371,53.7568,4.5320,1,10.627,10.757
819,DATA_20260311_090000.BIN,31.1371,51.5659,13.4275,51.5659,4.6640,1,116.895,117.548
820,DATA_20260311_090000.BIN,13.4275,43.6013,26.7130,43.6013,5.7530,1,20.636,21.719
821,DATA_20260311_090000.BIN,10.5072,22.6418,15.4006,22.6418,3.2120,1,22.370,27.415
822,DATA_20260311_090000.BIN,15.4006,51.5331,6.3676,51.5331,5.7090,1,19.645,19.726
823,DATA_20260311_090000.BIN,6.3676,58.2783,14.2512,58.2783,8.5580,1,13.049,24.134
824,DATA_20260311_090000.BIN,14.2512,23.2474,13.4897,23.2474,2.8490,1,17.313,17.313
825,DATA_20260311_090000.BIN,13.4897,34.5967,15.5816,34.5967,4.4440,1,20.135,20.151
826,DATA_20260311_090000.BIN,11.8509,32.7136,22.0028,32.7136,1.2870,1,22.003,22.040
827,DATA_20260311_090000.BIN,22.0028,41.7179,12.9722,41.7179,2.5850,1,11.382,15.083
828,DATA_20260311_090000.BIN,15.3124,43.8259,25.3439,43.8259,5.4780,1,21.225,21.768
829,DATA_20260311_090000.BIN,25.3439,48.1153,39.7059,48.1153,1.5400,1,7.568,7.671
830,DATA_20260311_090000.BIN,11.5797,48.3674,36.2369,48.3674,3.1130,1,5.181,11.829
831,DATA_20260311_090000.BIN,36.2369,49.0679,16.3259,49.0679,3.5310,1,107.741,109.481
832,DATA_20260311_090000.BIN,16.3259,33.7174,26.9613,33.7174,2.7610,1,13.754,14.095
833,DATA_20260311_090000.BIN,16.7581,50.4515,4.9229,50.4515,7.2270,1,10.938,11.106
834,DATA_20260311_090000.BIN,4.9229,47.8411,5.4434,47.8411,7.7550,1,19.331,24.660
835,DATA_20260311_090000.BIN,5.4434,44.3944,34.2154,44.3944,4.3780,1,18.395,23.221
836,DATA_20260311_090000.BIN,0.2714,15.5928,3.9252,15.5928,9.3610,1,22.533,24.286
837,DATA_20260311_090000.BIN,4.0842,11.3241,3.5651,11.3241,9.8780,1,14.656,16.277
838,DATA_20260311_090000.BIN,2.3338,13.5429,2.0545,13.5429,4.9170,1,18.889,19.352
839,DATA_20260311_090000.BIN,1.5783,18.5976,8.3243,18.5976,6.0060,1,9.861,15.731
840,DATA_20260311_090000.BIN,8.3243,34.7557,11.0321,34.7557,5.5660,1,2.573,6.581
841,DATA_20260311_090000.BIN,11.0321,20.4531,2.3244,20.4531,5.9070,1,1.055,4.013
842,DATA_20260311_090000.BIN,2.3244,22.1510,13.2998,22.1510,4.3230,1,11.091,13.123
843,DATA_20260311_090000.BIN,15.4721,22.1476,12.7210,22.1476,3.7620,1,17.107,18.419
844,DATA_20260311_090000.BIN,36.9176,48.0580,4.1394,48.0580,6.8750,1,40.562,40.621
845,DATA_20260311_090000.BIN,2.6071,18.1030,0.7910,18.1030,7.8210,1,11.746,13.886
846,DATA_20260311_090000.BIN,5.2752,48.7626,4.3701,48.7626,7.7550,1,10.268,10.312
847,DATA_20260311_090000.BIN,10.3740,19.6351,10.4578,19.6351,1.5400,1,4.135,5.422
848,DATA_20260311_090000.BIN,13.1007,43.9003,36.7658,43.9003,3.1460,1,12.930,14.472
849,DATA_20260311_090000.BIN,11.2527,42.9684,9.6148,42.9684,9.5590,1,6.436,11.211
850,DATA_20260311_090000.BIN,9.8445,19.4630,3.0906,19.4630,6.0610,1,4.564,10.669
851,DATA_20260311_090000.BIN,3.0906,13.1854,4.4984,13.1854,3.1790,1,8.450,10.550
852,DATA_20260311_090000.BIN,14.7620,40.8229,10.0709,40.8229,3.3770,1,6.345,6.366
853,DATA_20260311_090000.BIN,10.0709,17.4145,0.5870,17.4145,3.7070,1,3.102,5.465
854,DATA_20260311_090000.BIN,0.6171,8.6138,1.3853,8.6138,6.4240,1,11.466,13.970
855,DATA_20260311_090000.BIN,1.3853,8.8751,1.0888,8.8751,5.4450,1,11.920,12.637
856,DATA_20260311_090000.BIN,6.1924,32.7826,17.9246,32.7826,7.4360,1,6.365,7.703
857,DATA_20260311_090000.BIN,23.5557,42.8380,22.3744,42.8380,5.9620,1,21.044,21.356
858,DATA_20260311_090000.BIN,19.7268,40.0555,7.5667,40.0555,4.1910,1,17.440,17.596
859,DATA_20260311_090000.BIN,7.5667,13.0727,1.5547,13.0727,5.6870,1,10.494,12.791
860,DATA_20260311_090000.BIN,1.5547,24.9552,2.4059,24.9552,8.5690,1,8.277,14.094
861,DATA_20260311_090000.BIN,4.5271,10.2611,4.9272,10.2611,7.0950,1,11.494,14.565
862,DATA_20260311_090000.BIN,4.9272,10.9851,4.1646,10.9851,5.3020,1,16.188,16.319
863,DATA_20260311_090000.BIN,3.0575,16.1782,6.3859,16.1782,9.3170,1,4.803,9.858
864,DATA_20260311_090000.BIN,2.9155,10.5402,5.7454,10.5402,3.1570,1,4.286,14.187
865,DATA_20260311_090000.BIN,5.7454,24.5144,2.8806,24.5144,2.8050,1,10.255,13.604
866,DATA_20260311_090000.BIN,2.8806,9.6980,3.4428,9.6980,3.3770,1,5.663,12.091
867,DATA_20260311_090000.BIN,3.4428,9.7952,0.8135,9.7952,4.8070,1,3.467,5.099
868,DATA_20260311_090000.BIN,0.8135,43.4954,32.2747,43.4954,4.0480,1,2.164,9.029
869,DATA_20260311_090000.BIN,32.2747,39.0170,13.1195,39.0170,2.6070,1,20.303,45.498
870,DATA_20260311_090000.BIN,13.1195,32.8987,21.3402,32.8987,8.0630,1,25.848,26.547
871,DATA_20260311_090000.BIN,25.4938,32.6054,25.0731,32.6054,5.0490,1,25.755,32.280
872,DATA_20260311_090000.BIN,21.1832,30.7378,24.2563,30.7378,7.9530,1,15.440,21.931
873,DATA_20260311_090000.BIN,23.7435,31.0324,24.9889,31.0324,9.5150,1,21.864,27.003
874,DATA_20260311_090000.BIN,24.7706,30.4008,20.0440,30.4008,5.5990,1,14.004,22.601
875,DATA_20260311_090000.BIN,18.8777,27.8277,18.9300,27.8277,5.1480,1,12.450,18.493
876,DATA_20260311_090000.BIN,17.0227,36.8519,23.4522,36.8519,3.2670,1,4.387,11.413
877,DATA_20260311_090000.BIN,23.4522,47.0997,1.5970,47.0997,5.4890,1,10.618,16.270
878,DATA_20260311_090000.BIN,1.6434,10.2449,1.1501,10.2449,4.2570,1,12.262,14.147
879,DATA_20260311_090000.BIN,1.1501,13.0489,5.4926,13.0489,6.9960,1,13.111,15.245
880,DATA_20260311_090000.BIN,5.9073,15.4655,7.3206,15.4655,6.2810,1,10.719,11.002
881,DATA_20260311_090000.BIN,3.4736,13.0221,4.9544,13.0221,8.4150,1,5.130,8.071
882,DATA_20260311_090000.BIN,1.4984,9.7359,3.1425,9.7359,3.9050,1,19.552,19.804
883,DATA_20260311_090000.BIN,4.5411,12.1271,4.2920,12.1271,6.0830,1,6.213,9.257
884,DATA_20260311_090000.BIN,4.2920,11.8310,6.2009,11.8310,7.5790,1,10.093,10.333
885,DATA_20260311_090000.BIN,6.1550,14.8226,7.4438,14.8226,2.1780,1,13.847,14.802
886,DATA_20260311_090000.BIN,4.5519,12.4393,5.2681,12.4393,4.1140,1,8.357,9.423
887,DATA_20260311_090000.BIN,5.0881,14.2302,7.7455,14.2302,4.4990,1,13.034,14.970
888,DATA_20260311_090000.BIN,7.7455,26.6480,10.8382,26.6480,4.3010,1,6.750,8.473
889,DATA_20260311_090000.BIN,10.8382,17.4926,9.1890,17.4926,4.8400,1,5.337,7.733
890,DATA_20260311_090000.BIN,7.7298,13.6166,5.1689,13.6166,3.1460,1,6.558,7.331
891,DATA_20260311_090000.BIN,2.9291,14.3833,2.9920,14.3833,3.9820,1,12.355,12.622
892,DATA_20260311_090000.BIN,3.9759,13.0059,3.1690,13.0059,2.8490,1,7.832,8.113
893,DATA_20260311_090000.BIN,3.1690,16.9332,8.2773,16.9332,2.6180,1,19.528,20.137
894,DATA_20260311_090000.BIN,13.6782,22.2831,3.6750,22.2831,4.3340,1,16.501,22.494
895,DATA_20260311_090000.BIN,5.3797,13.3073,4.8668,13.3073,8.0850,1,5.561,5.715
896,DATA_20260311_090000.BIN,4.5429,11.6085,5.5882,11.6085,7.7660,1,11.157,14.846
897,DATA_20260311_090000.BIN,5.5882,11.6409,2.2463,11.6409,3.9270,1,13.332,18.470
898,DATA_20260311_090000.BIN,2.2463,9.7456,3.3501,9.7456,3.8940,1,11.092,12.941
899,DATA_20260311_090000.BIN,3.3501,16.4504,1.8945,16.4504,7.3810,1,21.580,24.667
900,DATA_20260311_090000.BIN,0.6235,8.8549,2.7890,8.8549,2.5080,1,13.848,16.873
901,DATA_20260311_090000.BIN,2.7890,9.9653,0.5141,9.9653,3.8280,1,9.050,12.890
902,DATA_20260311_090000.BIN,0.5141,13.1259,2.2240,13.1259,2.5630,1,4.681,4.681
903,DATA_20260311_090000.BIN,3.0671,11.6430,5.9200,11.6430,2.4310,1,5.416,6.276
904,DATA_20260311_090000.BIN,5.9200,16.5697,5.2670,16.5697,6.0720,1,3.082,5.050
905,DATA_20260311_090000.BIN,2.9912,12.4404,3.4745,12.4404,5.0600,1,18.303,23.406
906,DATA_20260311_090000.BIN,3.4745,14.8039,8.1943,14.8039,5.5000,1,4.840,5.435
907,DATA_20260311_090000.BIN,5.8776,11.9493,2.1111,11.9493,1.9800,1,9.286,11.079
908,DATA_20260311_090000.BIN,2.1111,15.5127,6.3323,15.5127,6.5780,1,6.856,6.973
909,DATA_20260311_090000.BIN,6.3323,27.9673,11.5411,27.9673,7.6560,1,9.763,12.794
910,DATA_20260311_090000.BIN,3.3552,26.8920,7.2490,26.8920,7.3810,1,6.418,7.725
911,DATA_20260311_090000.BIN,10.1496,20.6463,13.6569,20.6463,5.7310,1,20.255,21.318
912,DATA_20260311_090000.BIN,13.6569,22.5734,17.6394,22.5734,7.7330,1,17.175,19.241
913,DATA_20260311_090000.BIN,17.6394,28.7495,23.5126,28.7495,8.9210,1,16.515,23.854
914,DATA_20260311_090000.BIN,14.5065,22.8756,16.0565,22.8756,6.1930,1,13.667,16.982
915,DATA_20260311_090000.BIN,16.0565,21.8856,15.2535,21.8856,4.0480,1,9.958,14.655
916,DATA_20260311_090000.BIN,15.1849,20.4864,11.3371,20.4864,2.8160,1,11.729,14.547
917,DATA_20260311_090000.BIN,16.5510,24.1126,16.7551,24.1126,4.6530,1,19.595,22.557
918,DATA_20260311_090000.BIN,15.7906,22.4446,16.6638,22.4446,3.1790,1,5.673,11.781
919,DATA_20260311_090000.BIN,16.6638,23.2907,14.3140,23.2907,2.2220,1,8.065,12.134
920,DATA_20260311_090000.BIN,14.3140,21.7360,13.5561,21.7360,7.8100,1,2.117,6.912
921,DATA_20260311_090000.BIN,12.8540,19.7485,12.9807,19.7485,5.1480,1,4.718,5.492
922,DATA_20260311_100000.BIN,8.5977,15.3947,7.0054,15.3947,2.5080,1,1.985,7.255
923,DATA_20260311_100000.BIN,7.0054,30.9118,5.4381,30.9118,5.0490,1,2.572,2.719
924,DATA_20260311_100000.BIN,6.8762,16.9873,0.8610,16.9873,3.9710,1,2.308,6.982
925,DATA_20260311_100000.BIN,1.8780,7.0199,1.5385,7.0199,6.3470,1,11.061,13.177
926,DATA_20260311_100000.BIN,1.5385,9.3612,2.0449,9.3612,6.1270,1,10.003,14.363
927,DATA_20260311_100000.BIN,2.0449,15.8392,7.0447,15.8392,5.2690,1,9.241,11.037
928,DATA_20260311_100000.BIN,2.1327,10.9418,2.5510,10.9418,5.0820,1,6.162,6.854
929,DATA_20260311_100000.BIN,1.6436,10.6880,2.6210,10.6880,1.3090,1,7.595,10.151
930,DATA_20260311_100000.BIN,2.6210,10.9692,2.4515,10.9692,3.0800,1,3.299,4.710
931,DATA_20260311_100000.BIN,2.8431,10.9751,4.4382,10.9751,1.4190,1,2.073,2.197
932,DATA_20260311_100000.BIN,4.4382,10.8617,1.5895,10.8617,4.6530,1,2.674,9.399
933,DATA_20260311_100000.BIN,0.8061,10.4670,1.4280,10.4670,6.5560,1,4.947,12.546
934,DATA_20260311_100000.BIN,1.4301,10.7568,1.8381,10.7568,6.6550,1,5.076,12.375
935,DATA_20260311_100000.BIN,1.2085,7.1085,2.9176,7.1085,7.2490,1,4.141,7.837
936,DATA_20260311_100000.BIN,7.9497,12.4830,3.8602,12.4830,7.8210,1,5.684,10.738
937,DATA_20260311_100000.BIN,0.9989,7.5111,0.6161,7.5111,2.2990,1,3.203,8.155
938,DATA_20260311_100000.BIN,0.6161,8.0336,1.7107,8.0336,1.2760,1,3.265,6.483
939,DATA_20260311_100000.BIN,3.0867,8.2039,3.9745,8.2039,2.3870,1,3.520,5.842
940,DATA_20260311_100000.BIN,3.9745,10.7392,1.7965,10.7392,6.8860,1,1.228,3.240
941,DATA_20260311_100000.BIN,1.7965,21.4319,8.5636,21.4319,7.8540,1,1.498,5.215
942,DATA_20260311_100000.BIN,8.5636,18.4075,12.9467,18.4075,4.7080,1,11.285,13.539
943,DATA_20260311_100000.BIN,0.8238,5.6790,0.8340,5.6790,3.5860,1,3.614,5.481
944,DATA_20260311_100000.BIN,0.8340,13.0498,3.5264,13.0498,3.0800,1,3.871,3.885
945,DATA_20260311_100000.BIN,1.8669,8.9803,1.3074,8.9803,3.9600,1,0.183,5.320
946,DATA_20260311_100000.BIN,1.3074,27.2756,3.2329,27.2756,7.6670,1,3.014,7.057
947,DATA_20260311_100000.BIN,3.2329,12.3284,3.8470,12.3284,3.5860,1,3.376,3.515
948,DATA_20260311_100000.BIN,3.8470,12.3128,3.4948,12.3128,4.2680,1,2.362,2.363
949,DATA_20260311_100000.BIN,45.3105,51.5197,40.1425,51.5197,6.4460,1,62.919,63.456
950,DATA_20260311_100000.BIN,40.1425,50.7018,44.5193,50.7018,2.4750,1,48.641,48.983
951,DATA_20260311_100000.BIN,44.5193,52.5875,14.9013,52.5875,3.8060,1,56.368,58.361
952,DATA_20260311_100000.BIN,3.0472,23.1417,2.9216,23.1417,1.3310,1,170.042,177.266
953,DATA_20260311_100000.BIN,2.9216,25.2634,23.6578,25.2634,1.7050,1,156.873,157.665
954,DATA_20260311_100000.BIN,23.6578,28.8919,24.2649,28.8919,3.5200,1,169.362,177.073
955,DATA_20260311_100000.BIN,32.2120,44.4179,35.7071,44.4179,1.1990,1,32.093,40.644
956,DATA_20260311_100000.BIN,35.7071,48.5503,17.4903,48.5503,3.0690,1,28.763,29.262
957,DATA_20260311_100000.BIN,17.4903,41.5665,32.0306,41.5665,1.7380,1,44.509,44.528
958,DATA_20260311_100000.BIN,32.0306,38.3849,13.7686,38.3849,4.0590,1,38.016,38.433
959,DATA_20260311_100000.BIN,13.7686,36.2712,31.2524,36.2712,1.6280,1,66.017,68.433
960,DATA_20260311_100000.BIN,31.2524,44.0721,23.3922,44.0721,1.6280,1,26.166,28.007
961,DATA_20260311_100000.BIN,23.3922,41.4327,12.3657,41.4327,6.2370,1,54.913,56.558
962,DATA_20260311_100000.BIN,5.9693,14.2234,7.2474,14.2234,2.9370,1,37.273,38.284
963,DATA_20260311_100000.BIN,7.2474,17.0494,5.1830,17.0494,3.9490,1,30.753,32.148
964,DATA_20260311_100000.BIN,5.1830,21.4117,8.0298,21.4117,5.7860,1,31.202,32.403
965,DATA_20260311_100000.BIN,11.4023,17.5821,10.4773,17.5821,1.3530,1,31.062,31.212
966,DATA_20260311_100000.BIN,7.1234,13.6195,4.3601,13.6195,7.2380,1,20.802,20.841
967,DATA_20260311_100000.BIN,5.8667,15.2521,8.2830,15.2521,4.6970,1,19.934,20.056
968,DATA_20260311_100000.BIN,1.3880,12.8657,1.3929,12.8657,7.8100,1,24.097,24.236
969,DATA_20260311_100000.BIN,0.9409,10.4933,2.9868,10.4933,2.3870,1,23.222,23.625
970,DATA_20260311_100000.BIN,2.4048,9.6439,1.0860,9.6439,2.2110,1,17.663,17.663
971,DATA_20260311_100000.BIN,3.8182,12.9556,0.6541,12.9556,3.4980,1,12.825,18.873
972,DATA_20260311_100000.BIN,4.8423,12.0782,2.3601,12.0782,3.9160,1,11.700,18.505
973,DATA_20260311_100000.BIN,4.9768,13.8858,5.2129,13.8858,8.2940,1,9.941,10.012
974,DATA_20260311_100000.BIN,5.4104,14.4906,0.7421,14.4906,6.3690,1,20.639,20.676
975,DATA_20260311_100000.BIN,1.6136,16.4894,1.3741,16.4894,8.9540,1,15.644,19.498
976,DATA_20260311_100000.BIN,4.7867,19.0593,5.2308,19.0593,9.2070,1,16.287,16.310
977,DATA_20260311_100000.BIN,5.2308,22.5415,1.9862,22.5415,8.0190,1,14.560,14.939
978,DATA_20260311_100000.BIN,1.9862,8.4291,3.3312,8.4291,1.4410,1,9.642,9.694
979,DATA_20260311_100000.BIN,3.3312,19.7795,3.1036,19.7795,4.4770,1,11.241,11.483
980,DATA_20260311_100000.BIN,2.7472,8.1328,1.3067,8.1328,3.1680,1,7.546,9.989
981,DATA_20260311_100000.BIN,1.3067,14.4149,1.1730,14.4149,7.0620,1,5.823,5.964
982,DATA_20260311_100000.BIN,1.8629,8.4411,2.8524,8.4411,4.2900,1,7.257,8.164
983,DATA_20260311_100000.BIN,1.5076,14.4803,1.6498,14.4803,8.8110,1,3.263,8.878
984,DATA_20260311_100000.BIN,2.1823,17.8758,3.4301,17.8758,3.8390,1,5.469,7.559
985,DATA_20260311_100000.BIN,3.4301,8.7088,0.3995,8.7088,2.2660,1,6.607,6.738
986,DATA_20260311_100000.BIN,0.3995,10.6021,1.4624,10.6021,2.3650,1,3.206,3.318
987,DATA_20260311_100000.BIN,0.9978,6.1094,0.4078,6.1094,4.9500,1,3.672,3.779
988,DATA_20260311_100000.BIN,0.8291,9.5677,1.0125,9.5677,5.3240,1,3.367,8.485
989,DATA_20260311_100000.BIN,1.0125,8.8214,2.9667,8.8214,2.5960,1,1.134,3.175
990,DATA_20260311_100000.BIN,2.9667,10.4445,1.7978,10.4445,3.3660,1,3.519,3.580
991,DATA_20260311_100000.BIN,0.4846,6.1092,0.3635,6.1092,7.9640,1,1.717,2.094
992,DATA_20260311_100000.BIN,1.1808,14.8741,1.1276,14.8741,5.9950,1,2.043,5.138
993,DATA_20260311_100000.BIN,1.1276,8.3883,2.1673,8.3883,9.9770,1,2.032,4.257
994,DATA_20260311_100000.BIN,2.1673,6.6904,0.7813,6.6904,2.8710,1,1.991,2.645
995,DATA_20260311_100000.BIN,0.7813,17.2391,0.9586,17.2391,7.3370,1,2.249,2.254
996,DATA_20260311_100000.BIN,0.9586,10.4934,3.0764,10.4934,4.8290,1,2.103,3.354
997,DATA_20260311_100000.BIN,2.5005,8.9406,3.5298,8.9406,3.7510,1,3.257,4.873
998,DATA_20260311_100000.BIN,3.5298,11.8833,1.5933,11.8833,1.5510,1,4.388,4.604
999,DATA_20260311_100000.BIN,1.5933,9.1754,1.5862,9.1754,6.5450,1,2.473,2.506
1000,DATA_20260311_100000.BIN,3.9847,12.2704,3.0770,12.2704,4.3010,1,4.115,4.486
1001,DATA_20260311_100000.BIN,3.0770,9.1801,1.2181,9.1801,8.3050,1,4.308,4.312
1002,DATA_20260311_100000.BIN,1.2181,8.3595,2.6943,8.3595,8.1840,1,0.881,1.005
1003,DATA_20260311_100000.BIN,2.6943,11.5101,4.4551,11.5101,7.6890,1,3.357,5.537
1004,DATA_20260311_100000.BIN,4.4551,18.6751,0.4680,18.6751,7.9090,1,4.569,5.109
1005,DATA_20260311_100000.BIN,0.4680,7.6435,0.3807,7.6435,7.2600,1,1.657,3.992
1006,DATA_20260311_100000.BIN,0.3807,14.8708,2.4490,14.8708,7.6230,1,0.506,2.957
1007,DATA_20260311_100000.BIN,2.4490,7.0841,0.6059,7.0841,3.4980,1,1.739,5.509
1008,DATA_20260311_100000.BIN,5.4568,12.8352,0.7990,12.8352,4.4990,1,6.642,6.796
1009,DATA_20260311_100000.BIN,0.7990,7.8097,1.1062,7.8097,5.7310,1,1.948,2.169
1010,DATA_20260311_100000.BIN,1.0892,10.5176,3.5818,10.5176,8.0850,1,1.182,5.941
1011,DATA_20260311_100000.BIN,3.5818,9.0006,3.6319,9.0006,2.3430,1,4.067,4.354
1012,DATA_20260311_100000.BIN,1.9318,8.7977,0.8918,8.7977,3.9160,1,2.930,2.942
1013,DATA_20260311_100000.BIN,0.8918,17.1056,4.3256,17.1056,2.2440,1,3.442,11.742
1014,DATA_20260311_100000.BIN,2.4112,19.4297,0.0757,19.4297,6.6330,1,2.854,3.859
1015,DATA_20260311_100000.BIN,0.0757,8.3433,1.7885,8.3433,9.2290,1,0.473,0.478
1016,DATA_20260311_100000.BIN,1.2182,12.9960,1.0343,12.9960,2.4750,1,1.083,1.214
1017,DATA_20260311_100000.BIN,1.0343,18.1058,1.1490,18.1058,3.4210,1,0.875,4.801
1018,DATA_20260311_100000.BIN,1.1490,12.2718,0.5397,12.2718,2.7390,1,2.037,3.570
1019,DATA_20260311_100000.BIN,2.3585,11.5270,0.8071,11.5270,6.9520,1,2.167,8.259
1020,DATA_20260311_100000.BIN,0.8071,7.8365,0.7605,7.8365,3.9160,1,1.869,5.127
1021,DATA_20260311_100000.BIN,0.7285,12.8259,0.4841,12.8259,4.9170,1,1.044,4.321
1022,DATA_20260311_100000.BIN,2.1243,13.9594,3.7280,13.9594,4.7520,1,2.083,4.890
1023,DATA_20260311_100000.BIN,5.0800,9.4533,4.8308,9.4533,4.7630,1,5.323,6.141
1024,DATA_20260311_100000.BIN,0.9569,9.6279,1.2468,9.6279,2.6730,1,0.924,3.720
1025,DATA_20260311_100000.BIN,1.2468,13.3924,6.6394,13.3924,2.7060,1,2.314,2.586
1026,DATA_20260311_100000.BIN,4.3329,9.1342,2.8222,9.1342,3.5860,1,3.460,6.805
1027,DATA_20260311_100000.BIN,3.4424,16.0900,1.9432,16.0900,8.0520,1,5.839,8.683
1028,DATA_20260311_100000.BIN,3.8033,8.9844,4.7845,8.9844,7.0730,1,6.013,8.193
1029,DATA_20260311_100000.BIN,3.5300,8.3392,3.9841,8.3392,2.6840,1,4.888,7.336
1030,DATA_20260311_100000.BIN,3.2683,8.2572,0.6463,8.2572,5.1260,1,4.318,6.582
1031,DATA_20260311_100000.BIN,0.6463,7.7592,1.0213,7.7592,2.6510,1,0.391,6.495
1032,DATA_20260311_100000.BIN,1.2448,12.7955,0.3675,12.7955,2.7390,1,0.979,6.840
1033,DATA_20260311_100000.BIN,0.6394,7.9286,0.3570,7.9286,7.4800,1,1.344,4.133
1034,DATA_20260311_100000.BIN,0.3570,6.1530,1.1254,6.1530,5.5880,1,0.964,1.668
1035,DATA_20260311_100000.BIN,2.7390,11.4204,3.4111,11.4204,6.4130,1,3.310,5.192
1036,DATA_20260311_100000.BIN,3.4111,25.7946,0.6660,25.7946,4.6090,1,4.076,4.361
1037,DATA_20260311_100000.BIN,1.7820,8.7568,2.1573,8.7568,8.4810,1,2.858,6.181
1038,DATA_20260311_100000.BIN,0.6472,5.9960,0.3698,5.9960,7.4360,1,0.978,1.879
1039,DATA_20260311_100000.BIN,0.3698,6.0554,0.5873,6.0554,9.9770,1,1.486,6.215
1040,DATA_20260311_100000.BIN,0.5873,10.8017,2.4129,10.8017,5.5990,1,0.970,2.100
1041,DATA_20260311_100000.BIN,2.4129,14.8354,2.4075,14.8354,4.2130,1,2.352,3.937
1042,DATA_20260311_100000.BIN,1.4335,10.0778,2.3024,10.0778,3.6850,1,0.817,5.713
1043,DATA_20260311_100000.BIN,2.3024,13.0107,4.8582,13.0107,1.3750,1,2.761,2.783
1044,DATA_20260311_100000.BIN,4.8582,11.5637,4.6079,11.5637,1.3750,1,5.450,5.473
1045,DATA_20260311_100000.BIN,6.1392,15.7991,10.3348,15.7991,5.5110,1,6.036,6.384
1046,DATA_20260311_100000.BIN,8.9789,15.2717,4.9929,15.2717,7.8870,1,8.247,10.254
1047,DATA_20260311_100000.BIN,4.9929,19.4500,9.6779,19.4500,7.4360,1,2.217,8.261
1048,DATA_20260311_100000.BIN,9.6779,20.3293,11.4588,20.3293,3.1240,1,9.112,11.350
1049,DATA_20260311_100000.BIN,11.4588,24.4436,5.4935,24.4436,4.8180,1,9.251,11.390
1050,DATA_20260311_100000.BIN,5.4935,20.5446,3.7923,20.5446,9.3060,1,2.656,2.696
1051,DATA_20260311_100000.BIN,3.7923,11.1225,6.1165,11.1225,3.5970,1,5.359,6.640
1052,DATA_20260311_100000.BIN,6.1165,11.5403,5.1264,11.5403,2.3320,1,5.506,5.535
1053,DATA_20260311_100000.BIN,5.1264,15.9816,0.9113,15.9816,8.0960,1,3.828,3.983
1054,DATA_20260311_100000.BIN,0.9113,9.7099,2.2229,9.7099,5.5330,1,5.222,5.223
1055,DATA_20260311_100000.BIN,2.2229,10.1371,2.4744,10.1371,4.2350,1,2.202,2.714
1056,DATA_20260311_100000.BIN,2.4744,7.4091,0.2248,7.4091,8.0190,1,7.223,13.040
1057,DATA_20260311_100000.BIN,0.6550,5.0596,0.9638,5.0596,5.3790,1,3.963,4.077
1058,DATA_20260311_100000.BIN,0.1929,15.0874,0.4600,15.0874,7.6670,1,3.034,3.232
1059,DATA_20260311_100000.BIN,0.4600,8.4340,3.8272,8.4340,3.6190,1,2.681,2.705
1060,DATA_20260311_100000.BIN,3.8272,11.5601,2.3563,11.5601,4.9720,1,3.309,4.143
1061,DATA_20260311_100000.BIN,2.3563,13.0568,6.1287,13.0568,4.2680,1,3.233,4.483
1062,DATA_20260311_100000.BIN,6.1287,19.5774,10.6942,19.5774,2.8380,1,7.774,9.300
1063,DATA_20260311_100000.BIN,3.0030,8.6941,2.6800,8.6941,4.8510,1,3.135,8.770
1064,DATA_20260311_100000.BIN,0.5141,12.0874,1.9570,12.0874,6.1160,1,2.637,4.461
1065,DATA_20260311_100000.BIN,1.9570,9.9718,1.5542,9.9718,2.2110,1,0.216,2.411
1066,DATA_20260311_100000.BIN,7.1753,16.2955,9.0610,16.2955,5.9290,1,5.065,8.952
1067,DATA_20260311_100000.BIN,4.5297,14.7435,9.5564,14.7435,3.8720,1,3.670,5.590
1068,DATA_20260311_100000.BIN,9.5564,19.1636,9.5159,19.1636,2.1560,1,9.776,9.908
1069,DATA_20260311_100000.BIN,9.5159,19.2614,9.2374,19.2614,1.8920,1,8.860,9.063
1070,DATA_20260311_100000.BIN,9.2374,15.2837,9.5157,15.2837,3.7730,1,7.997,8.000
1071,DATA_20260311_100000.BIN,12.9699,35.8414,6.3643,35.8414,5.3460,1,12.857,12.888
1072,DATA_20260311_100000.BIN,6.3643,18.8917,11.0018,18.8917,4.3780,1,2.242,2.893
1073,DATA_20260311_100000.BIN,11.0018,17.8007,7.2943,17.8007,6.4130,1,7.803,7.825
1074,DATA_20260311_100000.BIN,7.2943,17.5103,3.3913,17.5103,3.2890,1,6.776,7.460
1075,DATA_20260311_100000.BIN,3.3913,18.1187,2.9303,18.1187,5.3790,1,2.898,3.756
1076,DATA_20260311_100000.BIN,2.9303,9.0840,3.7323,9.0840,8.7230,1,3.726,6.595
1077,DATA_20260311_100000.BIN,3.7323,10.4319,1.4067,10.4319,2.5520,1,1.917,2.241
1078,DATA_20260311_100000.BIN,1.4067,15.7744,3.0916,15.7744,9.4930,1,7.968,9.356
1079,DATA_20260311_100000.BIN,3.0916,15.2161,5.8064,15.2161,4.6090,1,1.715,3.290
1080,DATA_20260311_100000.BIN,5.8064,17.7796,5.7631,17.7796,4.0370,1,6.085,6.819
1081,DATA_20260311_100000.BIN,5.7631,11.6087,3.2405,11.6087,5.1810,1,1.660,3.604
1082,DATA_20260311_100000.BIN,3.2405,10.6622,6.5606,10.6622,2.2880,1,2.087,3.392
1083,DATA_20260311_100000.BIN,6.5606,12.0067,3.0931,12.0067,2.3320,1,4.141,5.461
1084,DATA_20260311_100000.BIN,3.0931,12.5373,5.9177,12.5373,4.6530,1,3.809,3.840
1085,DATA_20260311_100000.BIN,19.4648,30.4322,19.8832,30.4322,7.5350,1,20.653,23.291
1086,DATA_20260311_100000.BIN,20.9269,26.2606,19.0539,26.2606,6.1270,1,20.259,20.855
1087,DATA_20260311_100000.BIN,19.6392,38.8565,29.9469,38.8565,4.1360,1,15.158,17.908
1088,DATA_20260311_100000.BIN,31.5188,55.6181,45.0846,55.6181,9.9000,1,30.290,30.866
1089,DATA_20260311_100000.BIN,45.0846,55.5381,6.5102,55.5381,1.9910,1,126.978,126.988
1090,DATA_20260311_100000.BIN,6.5102,27.9973,20.6338,27.9973,9.2730,1,174.386,175.884
1091,DATA_20260311_100000.BIN,24.6998,31.0913,17.6124,31.0913,2.8050,1,171.727,173.123
1092,DATA_20260311_100000.BIN,17.6124,27.7338,9.7698,27.7338,3.2120,1,165.826,177.083
1093,DATA_20260311_100000.BIN,9.7698,41.0024,29.7860,41.0024,4.6200,1,159.664,159.776
1094,DATA_20260311_100000.BIN,29.7860,40.3983,27.1325,40.3983,3.6300,1,106.845,107.087
1095,DATA_20260311_100000.BIN,26.1557,37.0078,15.2619,37.0078,2.3760,1,132.466,137.567
1096,DATA_20260311_100000.BIN,15.2619,28.1579,21.2840,28.1579,1.5510,1,110.344,110.405
1097,DATA_20260311_100000.BIN,31.4853,43.0438,37.6591,43.0438,3.6850,1,91.871,95.140
1098,DATA_20260311_100000.BIN,35.6398,41.2723,34.5597,41.2723,3.4210,1,66.205,67.758
1099,DATA_20260311_100000.BIN,34.5597,44.1366,8.1062,44.1366,2.1450,1,52.623,56.895
1100,DATA_20260311_100000.BIN,8.1062,46.8309,36.7159,46.8309,3.1680,1,60.363,78.511
1101,DATA_20260311_100000.BIN,36.7159,49.2389,27.3809,49.2389,1.0230,1,94.016,95.448
1102,DATA_20260311_100000.BIN,34.5898,46.7296,27.7495,46.7296,2.1890,1,91.506,94.606
1103,DATA_20260311_100000.BIN,27.7495,47.9237,19.5829,47.9237,2.4090,1,73.715,79.081
1104,DATA_20260311_100000.BIN,8.6226,26.9338,13.2953,26.9338,7.6560,1,41.479,48.955
1105,DATA_20260311_100000.BIN,13.2953,19.2203,11.9203,19.2203,4.4550,1,44.074,44.388
1106,DATA_20260311_110000.BIN,4.1633,17.3081,4.8173,17.3081,4.2460,1,8.072,8.096
1107,DATA_20260311_110000.BIN,7.1207,12.4744,8.4319,12.4744,2.0680,1,11.862,13.395
1108,DATA_20260311_110000.BIN,8.4319,15.4418,8.8543,15.4418,2.7940,1,8.009,12.695
1109,DATA_20260311_110000.BIN,14.3616,23.3963,12.2549,23.3963,3.1350,1,8.700,11.263
1110,DATA_20260311_110000.BIN,10.8954,19.3877,11.4080,19.3877,1.8810,1,2.960,7.029
1111,DATA_20260311_110000.BIN,11.4080,24.8852,10.2992,24.8852,7.2600,1,6.923,10.427
1112,DATA_20260311_110000.BIN,10.2992,16.2639,4.3750,16.2639,5.8520,1,5.925,8.562
1113,DATA_20260311_110000.BIN,4.3750,13.6511,7.6567,13.6511,3.3550,1,6.344,8.200
1114,DATA_20260311_110000.BIN,7.6567,14.0882,7.6981,14.0882,4.9280,1,7.112,9.227
1115,DATA_20260311_110000.BIN,5.3904,19.1676,8.9696,19.1676,7.9970,1,7.638,7.799
1116,DATA_20260311_110000.BIN,8.9696,14.4903,9.5645,14.4903,8.4260,1,5.514,5.968
1117,DATA_20260311_110000.BIN,7.0342,11.9517,6.9029,11.9517,3.8830,1,3.505,4.026
1118,DATA_20260311_110000.BIN,6.9029,14.4597,7.0875,14.4597,2.3540,1,5.587,5.833
1119,DATA_20260311_110000.BIN,10.5397,14.6674,8.8983,14.6674,5.3020,1,8.963,10.209
1120,DATA_20260311_110000.BIN,8.8983,17.1243,2.7153,17.1243,5.7090,1,11.394,12.427
1121,DATA_20260311_110000.BIN,5.7350,11.3438,5.1704,11.3438,5.3350,1,1.934,2.303
1122,DATA_20260311_110000.BIN,7.3016,12.8842,0.4318,12.8842,9.0860,1,3.110,3.111
1123,DATA_20260311_110000.BIN,6.9204,10.9227,2.4655,10.9227,8.6350,1,4.466,6.418
1124,DATA_20260311_110000.BIN,2.4655,14.0592,6.8100,14.0592,8.5580,1,3.897,6.941
1125,DATA_20260311_110000.BIN,1.9702,11.5769,2.5741,11.5769,3.2780,1,5.625,8.029
1126,DATA_20260311_110000.BIN,2.5741,8.8777,2.3475,8.8777,3.3000,1,3.772,3.883
1127,DATA_20260311_110000.BIN,2.3475,9.6028,0.0808,9.6028,3.1790,1,4.929,7.351
1128,DATA_20260311_110000.BIN,9.1757,16.8403,1.0205,16.8403,5.3020,1,6.601,9.919
1129,DATA_20260311_110000.BIN,0.7377,6.3327,1.8351,6.3327,8.3160,1,5.570,5.828
1130,DATA_20260311_110000.BIN,1.8351,8.9992,1.2254,8.9992,6.0720,1,5.654,7.656
1131,DATA_20260311_110000.BIN,1.2254,9.6935,3.6402,9.6935,5.2580,1,3.125,14.277
1132,DATA_20260311_110000.BIN,3.6402,16.1024,4.9867,16.1024,3.7180,1,5.524,7.511
1133,DATA_20260311_110000.BIN,4.9867,15.3499,4.1727,15.3499,2.9810,1,4.772,10.089
1134,DATA_20260311_110000.BIN,4.1727,12.5499,7.7274,12.5499,5.3460,1,6.775,11.696
1135,DATA_20260311_110000.BIN,1.2755,5.3652,1.9519,5.3652,3.7290,1,1.216,6.150
1136,DATA_20260311_110000.BIN,1.1106,13.7928,3.7397,13.7928,5.0050,1,3.036,3.818
1137,DATA_20260311_110000.BIN,4.0214,13.1955,8.0167,13.1955,6.9080,1,5.372,7.763
1138,DATA_20260311_110000.BIN,8.0167,15.0086,5.2075,15.0086,3.5860,1,7.692,9.441
1139,DATA_20260311_110000.BIN,2.2570,14.3789,2.4940,14.3789,7.0730,1,5.224,5.614
1140,DATA_20260311_110000.BIN,2.4940,13.7712,0.8908,13.7712,6.1380,1,3.270,3.402
1141,DATA_20260311_110000.BIN,0.8908,11.3527,3.6081,11.3527,1.2100,1,3.175,3.961
1142,DATA_20260311_110000.BIN,2.2173,11.4424,3.4268,11.4424,2.0570,1,4.764,4.806
1143,DATA_20260311_110000.BIN,0.4121,10.0994,0.7823,10.0994,2.9150,1,2.494,2.719
1144,DATA_20260311_110000.BIN,0.7823,7.9644,1.9182,7.9644,5.6430,1,1.321,2.462
1145,DATA_20260311_110000.BIN,0.4736,8.3051,1.4168,8.3051,2.9810,1,0.854,6.878
1146,DATA_20260311_110000.BIN,6.3976,11.6294,3.4576,11.6294,1.5620,1,7.478,10.375
1147,DATA_20260311_110000.BIN,3.4576,11.9646,0.5986,11.9646,7.3590,1,3.460,7.641
1148,DATA_20260311_110000.BIN,0.5986,6.6743,1.1655,6.6743,3.9380,1,0.625,11.559
1149,DATA_20260311_110000.BIN,1.1265,7.7369,2.5090,7.7369,5.2030,1,3.930,6.204
1150,DATA_20260311_110000.BIN,4.3391,7.8129,2.6839,7.8129,3.6740,1,5.633,5.979
1151,DATA_20260311_110000.BIN,2.6839,8.3709,2.6961,8.3709,3.6190,1,3.260,7.205
1152,DATA_20260311_110000.BIN,2.6961,11.1990,3.4808,11.1990,6.5670,1,3.673,3.731
1153,DATA_20260311_110000.BIN,3.4808,10.8827,4.1197,10.8827,3.4210,1,4.826,4.827
1154,DATA_20260311_110000.BIN,4.1197,22.6850,1.7402,22.6850,5.0380,1,4.730,8.435
1155,DATA_20260311_110000.BIN,0.3182,9.9808,3.7730,9.9808,2.7500,1,1.069,2.776
1156,DATA_20260311_110000.BIN,3.3202,21.8443,1.8336,21.8443,3.5970,1,4.543,5.143
1157,DATA_20260311_110000.BIN,1.7678,8.3651,1.1638,8.3651,2.7500,1,2.203,2.317
1158,DATA_20260311_110000.BIN,1.1638,6.0544,1.7954,6.0544,5.5000,1,0.967,0.970
1159,DATA_20260311_110000.BIN,1.7954,14.9801,6.6001,14.9801,2.0900,1,2.307,3.931
1160,DATA_20260311_110000.BIN,6.6001,17.9797,3.8735,17.9797,3.4980,1,7.576,7.973
1161,DATA_20260311_110000.BIN,3.8735,11.1426,4.2743,11.1426,3.3660,1,3.234,3.234
1162,DATA_20260311_110000.BIN,4.2743,12.9347,2.7502,12.9347,2.4750,1,3.338,3.342
1163,DATA_20260311_110000.BIN,4.3391,16.8001,3.6721,16.8001,7.0180,1,6.720,6.732
1164,DATA_20260311_110000.BIN,3.6721,10.9660,1.8765,10.9660,3.2450,1,5.492,5.862
1165,DATA_20260311_110000.BIN,1.8765,10.3122,2.9191,10.3122,2.5190,1,3.001,3.741
1166,DATA_20260311_110000.BIN,1.7128,7.3492,0.9997,7.3492,7.6010,1,1.156,1.561
1167,DATA_20260311_110000.BIN,2.3398,14.3572,0.9485,14.3572,6.6770,1,3.881,4.199
1168,DATA_20260311_110000.BIN,1.6938,8.1883,1.2186,8.1883,4.6310,1,2.620,3.098
1169,DATA_20260311_110000.BIN,1.0943,9.0064,0.5302,9.0064,2.7940,1,1.139,1.186
1170,DATA_20260311_110000.BIN,1.1038,8.5566,2.4356,8.5566,1.4300,1,1.655,1.684
1171,DATA_20260311_110000.BIN,1.3990,6.9403,2.2104,6.9403,6.9300,1,1.747,1.812
1172,DATA_20260311_110000.BIN,1.7148,6.1717,1.3466,6.1717,2.5740,1,2.322,2.478
1173,DATA_20260311_110000.BIN,4.3350,10.6542,4.8949,10.6542,6.8420,1,5.026,5.097
1174,DATA_20260311_110000.BIN,4.8949,9.4450,2.3686,9.4450,3.5530,1,4.570,9.204
1175,DATA_20260311_110000.BIN,4.4029,13.4294,4.2897,13.4294,5.2690,1,4.423,6.011
1176,DATA_20260311_110000.BIN,4.2897,12.6945,5.0286,12.6945,3.0140,1,3.863,4.229
1177,DATA_20260311_110000.BIN,5.0286,13.1152,6.7784,13.1152,8.8440,1,4.671,5.414
1178,DATA_20260311_110000.BIN,6.5917,16.8731,4.8578,16.8731,3.8610,1,6.352,6.399
1179,DATA_20260311_110000.BIN,4.8578,11.7167,5.4775,11.7167,1.2210,1,3.677,3.679
1180,DATA_20260311_110000.BIN,5.4775,12.4836,7.2696,12.4836,1.3420,1,3.881,3.998
1181,DATA_20260311_110000.BIN,7.2696,13.0618,3.6806,13.0618,1.4520,1,5.255,5.665
1182,DATA_20260311_110000.BIN,3.6806,12.7903,5.3189,12.7903,2.6400,1,1.730,2.288
1183,DATA_20260311_110000.BIN,5.8316,17.4223,5.2811,17.4223,2.7720,1,3.339,3.990
1184,DATA_20260311_110000.BIN,6.4056,15.3313,4.8060,15.3313,3.2010,1,3.667,3.690
1185,DATA_20260311_110000.BIN,1.4520,7.5180,2.3533,7.5180,1.7270,1,5.401,5.402
1186,DATA_20260311_110000.BIN,2.3533,9.0142,0.8965,9.0142,1.9910,1,4.606,4.671
1187,DATA_20260311_110000.BIN,0.8965,15.4136,2.6719,15.4136,2.5080,1,3.143,5.718
1188,DATA_20260311_110000.BIN,2.6719,11.6266,4.7406,11.6266,4.5980,1,5.698,8.530
1189,DATA_20260311_110000.BIN,4.7406,9.1825,4.3721,9.1825,2.8930,1,2.553,3.080
1190,DATA_20260311_110000.BIN,0.9404,11.5335,3.4016,11.5335,6.7210,1,2.941,5.802
1191,DATA_20260311_110000.BIN,3.0667,6.8748,1.8536,6.8748,1.8590,1,4.724,4.970
1192,DATA_20260311_110000.BIN,7.7187,16.9199,2.3486,16.9199,4.0260,1,6.134,19.328
1193,DATA_20260311_110000.BIN,1.8596,12.1122,6.1097,12.1122,2.2990,1,2.455,9.924
1194,DATA_20260311_110000.BIN,6.1097,12.0091,3.1031,12.0091,6.1600,1,4.844,5.919
1195,DATA_20260311_110000.BIN,2.9633,11.0337,3.0310,11.0337,5.0050,1,2.189,3.418
1196,DATA_20260311_110000.BIN,1.4997,13.6689,5.5161,13.6689,7.0840,1,1.868,3.112
1197,DATA_20260311_110000.BIN,5.5161,10.7221,3.4558,10.7221,4.4880,1,3.369,3.375
1198,DATA_20260311_110000.BIN,5.9634,12.6568,5.9858,12.6568,2.8600,1,3.786,4.139
1199,DATA_20260311_110000.BIN,3.8694,12.3101,5.1454,12.3101,8.1180,1,1.345,2.845
1200,DATA_20260311_110000.BIN,4.8251,15.3266,6.2020,15.3266,3.4870,1,2.080,3.392
1201,DATA_20260311_110000.BIN,6.2020,19.0584,5.7786,19.0584,8.6020,1,4.195,4.717
1202,DATA_20260311_110000.BIN,5.2202,10.3401,0.2849,10.3401,4.2350,1,1.852,2.482
1203,DATA_20260311_110000.BIN,0.2849,23.6024,8.6034,23.6024,2.3870,1,5.464,9.857
1204,DATA_20260311_110000.BIN,8.6034,19.5231,5.7526,19.5231,2.8270,1,15.491,18.621
1205,DATA_20260311_110000.BIN,5.7526,15.9757,1.4975,15.9757,2.0020,1,11.232,22.285
1206,DATA_20260311_110000.BIN,5.8602,12.7041,5.0674,12.7041,4.4440,1,5.759,6.624
1207,DATA_20260311_110000.BIN,6.9728,13.9727,8.9641,13.9727,6.1820,1,6.923,10.091
1208,DATA_20260311_110000.BIN,8.9641,13.9892,5.7987,13.9892,3.3330,1,8.118,8.609
1209,DATA_20260311_110000.BIN,1.5420,11.2021,4.1795,11.2021,7.9310,1,4.783,8.014
1210,DATA_20260311_110000.BIN,4.2597,12.0717,7.4663,12.0717,4.4440,1,2.151,4.310
1211,DATA_20260311_110000.BIN,1.3343,16.2568,0.7297,16.2568,1.8810,1,5.710,7.824
1212,DATA_20260311_110000.BIN,0.7297,20.9428,2.0390,20.9428,3.8170,1,3.926,6.101
1213,DATA_20260311_120000.BIN,0.5980,21.6456,5.9414,21.6456,5.2690,1,21.279,30.729
1214,DATA_20260311_120000.BIN,1.4269,11.3539,1.2712,11.3539,9.8890,1,20.030,28.359
1215,DATA_20260311_120000.BIN,1.2712,12.6451,3.7246,12.6451,5.2910,1,18.651,33.418
1216,DATA_20260311_120000.BIN,4.0578,13.0418,1.6120,13.0418,1.9140,1,20.906,31.141
1217,DATA_20260311_120000.BIN,1.6120,9.6281,4.1052,9.6281,2.0680,1,15.998,24.329
1218,DATA_20260311_120000.BIN,1.9626,11.9921,4.0793,11.9921,1.7600,1,13.366,14.914
1219,DATA_20260311_120000.BIN,1.7657,11.2259,2.0859,11.2259,1.9690,1,12.952,23.106
1220,DATA_20260311_120000.BIN,5.1339,12.0679,2.0304,12.0679,2.1890,1,16.515,29.589
1221,DATA_20260311_120000.BIN,2.0304,10.3558,1.5379,10.3558,9.6800,1,10.166,15.816
1222,DATA_20260311_120000.BIN,1.7889,5.4817,1.7822,5.4817,3.2890,1,7.027,17.100
1223,DATA_20260311_120000.BIN,1.7822,14.3261,0.9018,14.3261,6.9520,1,5.357,11.859
1224,DATA_20260311_120000.BIN,1.9857,14.9763,1.8758,14.9763,2.2110,1,4.716,16.100
1225,DATA_20260311_120000.BIN,1.8758,8.7490,2.4833,8.7490,1.1440,1,8.790,22.109
1226,DATA_20260311_120000.BIN,1.6693,8.9370,2.9690,8.9370,2.0790,1,6.718,18.869
1227,DATA_20260311_120000.BIN,0.5532,9.8353,0.1036,9.8353,3.5530,1,5.578,13.540
1228,DATA_20260311_120000.BIN,0.1036,6.4817,1.6594,6.4817,2.3870,1,5.562,17.396
1229,DATA_20260311_120000.BIN,1.6594,7.3764,1.1436,7.3764,4.8620,1,4.813,7.530
1230,DATA_20260311_120000.BIN,1.1436,14.2464,2.4473,14.2464,3.8500,1,1.196,5.959
1231,DATA_20260311_120000.BIN,1.9977,11.5830,1.7568,11.5830,1.3420,1,5.933,18.671
1232,DATA_20260311_120000.BIN,6.2401,14.5987,3.9698,14.5987,3.8720,1,10.313,17.769
1233,DATA_20260311_120000.BIN,3.9698,17.0813,5.8245,17.0813,5.3790,1,7.820,14.438
1234,DATA_20260311_120000.BIN,4.6691,9.4327,3.6895,9.4327,3.1680,1,2.015,18.710
1235,DATA_20260311_120000.BIN,3.6895,13.6263,0.2723,13.6263,3.0910,1,2.037,15.209
1236,DATA_20260311_120000.BIN,0.2723,10.0270,2.5473,10.0270,4.2460,1,3.008,7.696
1237,DATA_20260311_120000.BIN,2.5473,8.6483,1.6851,8.6483,5.2250,1,1.505,3.055
1238,DATA_20260311_120000.BIN,1.9050,10.9192,3.3503,10.9192,2.8490,1,3.717,7.720
1239,DATA_20260311_120000.BIN,3.8035,9.2830,0.7986,9.2830,3.5090,1,6.672,12.301
1240,DATA_20260311_120000.BIN,0.7986,8.0309,1.7367,8.0309,2.9260,1,2.739,6.695
1241,DATA_20260311_120000.BIN,1.7367,8.7648,4.0310,8.7648,8.9100,1,0.470,6.105
1242,DATA_20260311_120000.BIN,1.8374,9.3740,0.7562,9.3740,2.8380,1,1.301,1.325
1243,DATA_20260311_120000.BIN,0.1933,9.6617,4.5225,9.6617,4.6750,1,1.300,2.021
1244,DATA_20260311_120000.BIN,4.5225,17.5933,3.2834,17.5933,3.4760,1,6.116,12.123
1245,DATA_20260311_120000.BIN,12.2788,18.0553,9.3375,18.0553,1.4960,1,12.976,13.449
1246,DATA_20260311_120000.BIN,0.9071,9.2548,2.9258,9.2548,2.4750,1,2.295,9.284
1247,DATA_20260311_120000.BIN,7.2172,18.4046,13.7579,18.4046,2.9370,1,8.590,11.002
1248,DATA_20260311_120000.BIN,13.7579,23.4289,8.2912,23.4289,5.6870,1,12.892,13.262
1249,DATA_20260311_120000.BIN,6.9069,11.7379,2.6743,11.7379,3.3660,1,7.200,10.774
1250,DATA_20260311_120000.BIN,2.3908,12.1264,0.6797,12.1264,6.0500,1,3.682,3.781
1251,DATA_20260311_120000.BIN,0.3580,12.0555,3.4314,12.0555,4.9830,1,3.954,4.021
1252,DATA_20260311_120000.BIN,0.9290,6.2987,0.9513,6.2987,4.7960,1,3.923,3.982
1253,DATA_20260311_120000.BIN,0.9513,7.8624,2.3089,7.8624,2.0350,1,2.907,2.952
1254,DATA_20260311_120000.BIN,2.7652,20.0628,8.9858,20.0628,3.1240,1,1.625,3.658
1255,DATA_20260311_120000.BIN,4.5704,10.2291,1.9266,10.2291,4.0040,1,3.796,3.891
1256,DATA_20260311_120000.BIN,1.9266,17.5563,9.6426,17.5563,3.0690,1,4.958,6.533
1257,DATA_20260311_120000.BIN,2.9731,12.6953,4.8769,12.6953,2.0680,1,1.966,2.010
1258,DATA_20260311_120000.BIN,15.6034,22.4960,10.3311,22.4960,6.5010,1,21.669,21.884
1259,DATA_20260311_120000.BIN,1.7211,10.6199,4.7703,10.6199,3.3110,1,0.573,0.624
1260,DATA_20260311_120000.BIN,4.7703,15.8470,5.0799,15.8470,3.3990,1,3.982,3.985
1261,DATA_20260311_120000.BIN,1.7015,17.1803,3.2545,17.1803,7.7440,1,2.217,3.350
1262,DATA_20260311_120000.BIN,7.8855,15.7386,3.5520,15.7386,3.0250,1,7.139,10.611
1263,DATA_20260311_120000.BIN,2.6383,13.8937,3.9639,13.8937,3.2670,1,1.955,11.281
1264,DATA_20260311_120000.BIN,0.5794,9.3306,3.7158,9.3306,2.7830,1,2.811,3.123
1265,DATA_20260311_120000.BIN,3.7158,9.2339,3.1055,9.2339,1.3310,1,6.230,7.982
1266,DATA_20260311_120000.BIN,1.5533,13.6343,0.6416,13.6343,3.3000,1,2.733,7.631
1267,DATA_20260311_120000.BIN,1.5455,12.7204,0.5392,12.7204,2.1010,1,1.971,7.141
1268,DATA_20260311_120000.BIN,2.7142,11.3283,2.0773,11.3283,2.4860,1,5.227,7.396
1269,DATA_20260311_120000.BIN,2.0773,14.4089,2.0350,14.4089,4.3230,1,3.656,5.079
1270,DATA_20260311_120000.BIN,2.4798,19.4150,6.0802,19.4150,5.3130,1,4.341,5.211
1271,DATA_20260311_120000.BIN,3.0024,7.3849,2.6523,7.3849,6.7650,1,7.574,14.008
1272,DATA_20260311_120000.BIN,8.9423,12.6462,6.9786,12.6462,8.1950,1,13.710,16.268
1273,DATA_20260311_120000.BIN,6.9786,20.7712,9.1887,20.7712,2.4090,1,10.441,13.906
1274,DATA_20260311_120000.BIN,4.5450,19.6837,8.9725,19.6837,3.6520,1,6.721,12.115
1275,DATA_20260311_120000.BIN,8.9725,14.9252,4.7257,14.9252,6.9300,1,11.330,13.448
1276,DATA_20260311_120000.BIN,4.7257,21.9722,9.1591,21.9722,4.2680,1,4.950,9.277
1277,DATA_20260311_120000.BIN,9.1591,13.0677,5.2892,13.0677,6.6330,1,9.718,11.015
1278,DATA_20260311_120000.BIN,5.2892,20.1968,7.3893,20.1968,3.0140,1,3.983,7.032
1279,DATA_20260311_120000.BIN,7.3893,11.4205,7.3211,11.4205,5.0710,1,5.770,6.792
1280,DATA_20260311_120000.BIN,7.3211,21.4868,5.4437,21.4868,5.9510,1,4.934,5.369
1281,DATA_20260311_120000.BIN,2.2293,11.1831,1.6308,11.1831,3.5970,1,1.747,6.236
1282,DATA_20260311_120000.BIN,1.6308,13.3730,4.1864,13.3730,3.4760,1,2.372,17.702
1283,DATA_20260311_120000.BIN,4.8134,10.2273,2.0654,10.2273,3.8060,1,5.602,11.253
1284,DATA_20260311_120000.BIN,2.0654,8.6000,0.9072,8.6000,2.1230,1,9.751,24.824
1285,DATA_20260311_120000.BIN,4.4245,17.0207,4.0806,17.0207,5.2140,1,6.484,7.575
1286,DATA_20260311_130000.BIN,7.0210,14.3158,8.3385,14.3158,1.7160,1,8.082,8.108
1287,DATA_20260311_130000.BIN,9.5239,15.4670,8.7905,15.4670,1.2760,1,6.191,6.253
1288,DATA_20260311_130000.BIN,7.0855,14.3804,6.2304,14.3804,1.0670,1,7.410,7.844
1289,DATA_20260311_130000.BIN,6.2304,13.4805,4.6238,13.4805,0.9790,1,6.962,8.735
1290,DATA_20260311_130000.BIN,7.2224,12.8651,7.0168,12.8651,2.1010,1,9.026,10.769
1291,DATA_20260311_130000.BIN,7.0168,17.7960,6.6867,17.7960,4.5430,1,7.480,7.861
1292,DATA_20260311_130000.BIN,6.6867,12.5115,5.2918,12.5115,2.1230,1,4.509,5.457
1293,DATA_20260311_130000.BIN,5.2918,12.1254,2.9946,12.1254,3.6630,1,6.671,8.502
1294,DATA_20260311_130000.BIN,9.0694,14.5060,9.4944,14.5060,3.4210,1,8.290,8.614
1295,DATA_20260311_130000.BIN,9.4944,13.9863,8.6680,13.9863,1.3090,1,5.329,6.965
1296,DATA_20260311_130000.BIN,8.6680,13.9767,4.1521,13.9767,4.7630,1,7.711,11.784
1297,DATA_20260311_130000.BIN,4.1521,11.6315,5.8726,11.6315,1.9580,1,12.440,12.735
1298,DATA_20260311_130000.BIN,5.8726,19.6804,14.5164,19.6804,4.7740,1,4.127,5.606
1299,DATA_20260311_130000.BIN,14.5164,19.2127,15.3266,19.2127,1.9360,1,11.185,15.935
1300,DATA_20260311_130000.BIN,15.3266,19.3695,4.7848,19.3695,3.6080,1,8.474,9.108
1301,DATA_20260311_130000.BIN,10.8929,15.2800,10.1576,15.2800,3.2890,1,2.480,2.505
1302,DATA_20260311_130000.BIN,10.1576,13.3914,4.1717,13.3914,3.2230,1,4.785,5.017
1303,DATA_20260311_130000.BIN,4.1717,13.4910,8.5200,13.4910,3.1570,1,5.764,5.797
1304,DATA_20260311_130000.BIN,8.5200,16.2776,7.3915,16.2776,7.1170,1,2.011,3.532
1305,DATA_20260311_130000.BIN,7.3915,22.7751,6.8209,22.7751,6.4570,1,7.755,9.957
1306,DATA_20260311_130000.BIN,5.4638,13.8056,7.7195,13.8056,2.9150,1,3.257,3.443
1307,DATA_20260311_130000.BIN,7.7195,10.7699,6.5778,10.7699,1.3970,1,0.909,1.400
1308,DATA_20260311_130000.BIN,6.5778,12.0008,2.9842,12.0008,1.1000,1,3.081,3.610
1309,DATA_20260311_130000.BIN,2.9842,11.9284,4.6085,11.9284,1.0340,1,5.849,6.064
1310,DATA_20260311_130000.BIN,4.6085,11.9040,4.8001,11.9040,0.9900,1,2.866,3.971
1311,DATA_20260311_130000.BIN,4.8001,11.9927,6.7532,11.9927,3.0910,1,3.029,3.105
1312,DATA_20260311_130000.BIN,6.7532,39.3220,24.3453,39.3220,2.6400,1,4.314,4.450
1313,DATA_20260311_130000.BIN,24.3453,38.5081,17.1540,38.5081,1.2870,1,131.201,140.089
1314,DATA_20260311_130000.BIN,3.5256,11.2651,1.4556,11.2651,3.2120,1,10.186,10.196
1315,DATA_20260311_130000.BIN,0.7049,9.6944,1.6127,9.6944,1.0010,1,11.701,16.582
1316,DATA_20260311_130000.BIN,1.6127,10.9654,1.9043,10.9654,1.0890,1,10.355,16.092
1317,DATA_20260311_130000.BIN,6.8959,11.1546,4.6315,11.1546,3.6740,1,12.196,14.075
1318,DATA_20260311_130000.BIN,4.6315,9.2834,1.3270,9.2834,1.3970,1,9.246,14.198
1319,DATA_20260311_130000.BIN,4.2382,8.7561,2.7404,8.7561,7.2380,1,5.320,11.653
1320,DATA_20260311_130000.BIN,1.8127,14.4428,0.4575,14.4428,5.2360,1,1.871,4.369
1321,DATA_20260311_130000.BIN,0.5756,7.8851,1.9035,7.8851,1.0340,1,5.779,7.083
1322,DATA_20260311_130000.BIN,1.8151,7.5574,1.8010,7.5574,1.7930,1,8.291,10.725
1323,DATA_20260311_130000.BIN,1.2441,8.0040,0.0994,8.0040,1.0010,1,4.139,5.827
1324,DATA_20260311_130000.BIN,3.8295,10.4869,6.3614,10.4869,3.9270,1,3.522,4.805
1325,DATA_20260311_130000.BIN,6.3614,13.8999,8.4038,13.8999,4.8400,1,10.672,10.673
1326,DATA_20260311_130000.BIN,2.7022,8.3477,2.1992,8.3477,0.9350,1,1.088,1.190
1327,DATA_20260311_130000.BIN,2.1992,28.6428,3.7721,28.6428,5.4670,1,0.455,0.585
1328,DATA_20260311_130000.BIN,4.1408,12.3290,5.0520,12.3290,0.9460,1,3.586,4.647
1329,DATA_20260311_130000.BIN,5.0520,12.1438,1.8946,12.1438,2.1450,1,3.761,4.085
1330,DATA_20260311_130000.BIN,1.8946,28.9569,1.0993,28.9569,6.6550,1,4.056,4.350
1331,DATA_20260311_130000.BIN,1.0993,8.6097,1.5244,8.6097,1.0560,1,2.364,7.273
1332,DATA_20260311_130000.BIN,1.5244,13.6959,2.2578,13.6959,2.9590,1,1.759,1.859
1333,DATA_20260311_130000.BIN,2.2578,12.6086,8.4035,12.6086,2.3210,1,2.040,2.197
1334,DATA_20260311_130000.BIN,8.4035,14.6494,6.6920,14.6494,1.3310,1,8.185,8.570
1335,DATA_20260311_130000.BIN,6.6920,12.9424,6.9457,12.9424,1.1440,1,5.102,5.102
1336,DATA_20260311_130000.BIN,6.9457,13.8197,3.7394,13.8197,2.5740,1,4.913,4.920
1337,DATA_20260311_130000.BIN,3.7394,11.4702,5.2653,11.4702,1.1440,1,0.749,2.290
1338,DATA_20260311_130000.BIN,5.2653,13.3497,8.4436,13.3497,1.2430,1,2.664,2.698
1339,DATA_20260311_130000.BIN,8.4436,15.1499,1.7396,15.1499,4.2680,1,6.388,6.440
1340,DATA_20260311_130000.BIN,1.7396,11.3365,4.4340,11.3365,1.2320,1,4.502,5.033
1341,DATA_20260311_130000.BIN,4.4340,12.4032,4.2913,12.4032,1.0340,1,0.959,1.692
1342,DATA_20260311_130000.BIN,2.9801,10.6377,1.5097,10.6377,2.0130,1,1.856,3.780
1343,DATA_20260311_130000.BIN,1.5097,7.6063,2.0366,7.6063,1.0120,1,3.501,3.844
1344,DATA_20260311_130000.BIN,2.0366,13.7334,9.0235,13.7334,2.5850,1,2.946,4.196
1345,DATA_20260311_130000.BIN,9.0235,12.8180,1.8505,12.8180,5.3460,1,7.442,7.447
1346,DATA_20260311_130000.BIN,2.9988,40.0916,11.8243,40.0916,3.7290,1,4.995,5.126
1347,DATA_20260311_130000.BIN,2.5499,7.7890,1.0286,7.7890,1.4190,1,5.479,8.508
1348,DATA_20260311_130000.BIN,1.0286,6.8267,1.3606,6.8267,1.0340,1,4.678,7.338
1349,DATA_20260311_130000.BIN,0.9841,6.8973,0.1450,6.8973,1.0120,1,5.272,7.491
1350,DATA_20260311_130000.BIN,0.1450,10.6023,0.3134,10.6023,5.4340,1,4.119,7.485
1351,DATA_20260311_130000.BIN,0.3134,8.8449,4.7861,8.8449,8.4260,1,3.020,9.966
1352,DATA_20260311_130000.BIN,5.5712,8.9780,5.0952,8.9780,3.8060,1,5.165,5.171
1353,DATA_20260311_130000.BIN,5.0952,10.5080,6.8300,10.5080,4.4880,1,4.981,4.982
1354,DATA_20260311_130000.BIN,6.2694,12.9271,9.5172,12.9271,8.7120,1,6.451,8.947
1355,DATA_20260311_130000.BIN,9.5172,16.5872,0.5575,16.5872,4.9830,1,11.822,11.896
1356,DATA_20260311_130000.BIN,0.8164,8.0815,0.9634,8.0815,1.0230,1,3.739,6.430
1357,DATA_20260311_130000.BIN,0.9634,7.3428,0.8390,7.3428,2.1780,1,1.585,4.779
1358,DATA_20260311_130000.BIN,0.8390,5.3345,1.0836,5.3345,1.4520,1,1.644,3.421
1359,DATA_20260311_130000.BIN,0.9770,6.4373,2.1626,6.4373,2.4970,1,0.957,1.785
1360,DATA_20260311_130000.BIN,1.0790,7.1594,2.4715,7.1594,7.5130,1,3.283,5.801
1361,DATA_20260311_130000.BIN,2.8555,6.3928,1.9176,6.3928,3.3330,1,3.629,9.998
1362,DATA_20260311_130000.BIN,1.9176,5.4952,1.6758,5.4952,8.7780,1,1.333,9.463
1363,DATA_20260311_130000.BIN,1.6758,6.4947,0.8521,6.4947,2.9810,1,3.980,6.475
1364,DATA_20260311_130000.BIN,4.1039,7.5613,0.9905,7.5613,7.6230,1,4.618,5.953
1365,DATA_20260311_130000.BIN,0.9905,4.4880,1.0374,4.4880,6.0500,1,1.944,2.125
1366,DATA_20260311_130000.BIN,0.9218,6.9050,1.4905,6.9050,2.8490,1,1.852,1.926
1367,DATA_20260311_130000.BIN,0.6401,7.0471,0.8077,7.0471,6.0280,1,0.824,1.601
1368,DATA_20260311_130000.BIN,1.2667,4.4011,1.0797,4.4011,3.4760,1,0.414,2.145
1369,DATA_20260311_130000.BIN,1.0797,6.9642,0.5464,6.9642,1.5510,1,0.085,2.093
1370,DATA_20260311_130000.BIN,0.5464,7.2936,0.8695,7.2936,5.4560,1,1.027,3.939
1371,DATA_20260311_130000.BIN,0.8695,7.4047,3.6763,7.4047,1.7820,1,2.048,2.367
1372,DATA_20260311_130000.BIN,3.6763,10.8884,1.7123,10.8884,2.1560,1,4.362,7.936
1373,DATA_20260311_130000.BIN,2.1747,8.1756,1.9855,8.1756,3.0910,1,2.992,3.001
1374,DATA_20260311_130000.BIN,2.5288,8.8533,0.6486,8.8533,2.6400,1,3.545,3.679
1375,DATA_20260311_130000.BIN,1.2506,6.3914,0.3117,6.3914,1.0560,1,2.269,2.270
1376,DATA_20260311_130000.BIN,0.8142,6.2366,0.3243,6.2366,4.8070,1,0.481,1.108
1377,DATA_20260311_130000.BIN,0.3243,7.0942,0.9956,7.0942,5.0710,1,1.594,4.296
1378,DATA_20260311_130000.BIN,1.4567,10.1862,0.5156,10.1862,7.0070,1,0.496,4.482
1379,DATA_20260311_130000.BIN,0.5156,9.9461,0.7496,9.9461,3.6080,1,0.644,0.722
1380,DATA_20260311_130000.BIN,0.7496,5.3278,0.4236,5.3278,1.9800,1,1.955,2.983
1381,DATA_20260311_130000.BIN,0.4236,7.2263,4.2455,7.2263,5.8300,1,1.340,2.588
1382,DATA_20260311_130000.BIN,4.2455,8.1766,3.5904,8.1766,1.7160,1,6.295,7.195
1383,DATA_20260311_130000.BIN,3.5904,8.9612,0.7258,8.9612,2.2220,1,4.591,4.636
1384,DATA_20260311_130000.BIN,0.7258,13.6164,2.8347,13.6164,9.1520,1,0.717,1.930
1385,DATA_20260311_130000.BIN,2.8347,9.9553,3.7098,9.9553,3.1790,1,2.531,4.827
1386,DATA_20260311_130000.BIN,3.7098,7.6987,1.0396,7.6987,1.9470,1,3.308,4.727
1387,DATA_20260311_130000.BIN,1.7296,9.2239,1.5431,9.2239,2.3540,1,1.797,5.374
1388,DATA_20260311_130000.BIN,3.0400,10.6417,7.1829,10.6417,4.3890,1,1.380,6.232
1389,DATA_20260311_130000.BIN,7.1829,18.1384,8.7050,18.1384,3.8940,1,9.759,10.135
1390,DATA_20260311_130000.BIN,8.7050,15.3530,9.5976,15.3530,1.9140,1,11.351,12.559
1391,DATA_20260311_130000.BIN,9.5976,15.6595,4.7029,15.6595,2.4640,1,11.425,12.395
1392,DATA_20260311_130000.BIN,3.5461,10.7582,0.4377,10.7582,7.0290,1,2.082,4.172
1393,DATA_20260311_130000.BIN,0.4377,11.1949,5.4981,11.1949,1.5290,1,2.029,5.905
1394,DATA_20260311_130000.BIN,0.9330,5.5740,1.9793,5.5740,9.1410,1,1.923,7.358
1395,DATA_20260311_130000.BIN,2.6857,12.0354,7.7268,12.0354,5.6980,1,4.279,5.642
1396,DATA_20260311_130000.BIN,7.7268,12.0408,3.6141,12.0408,2.5960,1,6.891,9.351
1397,DATA_20260311_130000.BIN,1.7522,5.2622,1.4358,5.2622,3.5090,1,2.803,8.371
1398,DATA_20260311_130000.BIN,1.4358,5.1827,0.6072,5.1827,3.0470,1,1.152,6.416
1399,DATA_20260311_130000.BIN,0.6072,8.3543,1.6713,8.3543,2.8820,1,1.477,5.264
1400,DATA_20260311_130000.BIN,0.8352,5.4007,0.4697,5.4007,3.1350,1,2.943,2.969
1401,DATA_20260311_130000.BIN,2.5284,10.3762,6.9178,10.3762,2.9260,1,2.635,2.725
1402,DATA_20260311_130000.BIN,9.8323,15.0036,3.9968,15.0036,3.7950,1,12.609,12.610
1403,DATA_20260311_130000.BIN,3.9968,9.2298,1.6695,9.2298,2.1230,1,3.483,6.523
1404,DATA_20260311_130000.BIN,1.6695,16.7657,3.8870,16.7657,7.0510,1,0.223,0.543
1405,DATA_20260311_130000.BIN,3.8870,9.7529,2.1695,9.7529,3.8060,1,5.420,7.082
1406,DATA_20260311_130000.BIN,0.7605,4.0732,0.2009,4.0732,3.3770,1,3.032,3.067
1407,DATA_20260311_130000.BIN,0.2009,6.2235,2.4383,6.2235,2.4420,1,1.969,1.984
1408,DATA_20260311_130000.BIN,2.4076,5.3644,0.8233,5.3644,4.5210,1,1.882,2.220
1409,DATA_20260311_130000.BIN,0.8233,6.7409,0.7910,6.7409,6.3140,1,1.712,4.669
1410,DATA_20260311_130000.BIN,2.1884,7.7053,1.4774,7.7053,7.8650,1,2.930,5.279
1411,DATA_20260311_130000.BIN,1.4774,9.4340,4.3118,9.4340,5.9510,1,3.145,3.153
1412,DATA_20260311_130000.BIN,4.3118,8.5009,5.4496,8.5009,3.8720,1,5.116,7.828
1413,DATA_20260311_130000.BIN,5.4496,11.3876,3.8814,11.3876,2.7390,1,5.927,6.460
1414,DATA_20260311_130000.BIN,3.8814,13.1527,6.0217,13.1527,3.1680,1,2.657,2.759
1415,DATA_20260311_130000.BIN,4.3624,10.5166,4.1265,10.5166,2.7830,1,4.056,5.716
1416,DATA_20260311_130000.BIN,4.1265,9.5545,4.2918,9.5545,6.4460,1,2.729,3.269
1417,DATA_20260311_130000.BIN,3.2864,10.9421,4.6082,10.9421,8.9870,1,1.682,5.427
1418,DATA_20260311_130000.BIN,6.3314,11.7546,2.5014,11.7546,4.7960,1,5.676,10.198
1419,DATA_20260311_130000.BIN,2.5014,9.6718,4.3383,9.6718,4.3780,1,1.628,3.129
1420,DATA_20260311_130000.BIN,5.8287,10.4723,4.6810,10.4723,9.8780,1,4.810,7.392
1421,DATA_20260311_130000.BIN,3.4788,8.7590,3.5349,8.7590,4.6640,1,1.704,4.874
1422,DATA_20260311_130000.BIN,3.5349,10.9255,6.5237,10.9255,1.7050,1,2.578,3.899
1423,DATA_20260311_130000.BIN,6.9788,11.4970,6.7528,11.4970,1.1770,1,5.151,5.983
1424,DATA_20260311_130000.BIN,6.7528,11.7133,7.3144,11.7133,7.8320,1,4.367,4.986
1425,DATA_20260311_130000.BIN,8.2046,13.4766,7.6947,13.4766,2.0240,1,5.744,6.337
1426,DATA_20260311_130000.BIN,6.2084,15.6496,7.7309,15.6496,7.7660,1,3.097,10.341
1427,DATA_20260311_130000.BIN,7.2150,13.1903,8.3438,13.1903,2.8930,1,5.576,7.713
1428,DATA_20260311_130000.BIN,8.3438,13.3169,5.0857,13.3169,7.8100,1,5.732,5.783
1429,DATA_20260311_130000.BIN,5.0857,10.1526,4.9427,10.1526,4.3560,1,0.876,1.469
1430,DATA_20260311_130000.BIN,8.1756,10.9489,7.4694,10.9489,2.3760,1,4.199,8.371
1431,DATA_20260311_140000.BIN,7.5208,17.7534,10.3211,17.7534,6.2920,1,10.020,10.321
1432,DATA_20260311_140000.BIN,10.3211,16.8057,11.1418,16.8057,4.5760,1,5.815,6.749
1433,DATA_20260311_140000.BIN,11.1418,20.4250,10.2480,20.4250,1.8590,1,4.668,9.808
1434,DATA_20260311_140000.BIN,8.9062,13.3710,7.8123,13.3710,3.4430,1,6.421,9.136
1435,DATA_20260311_140000.BIN,7.8123,14.2137,6.4631,14.2137,7.9860,1,7.090,7.382
1436,DATA_20260311_140000.BIN,9.8737,17.9174,5.1800,17.9174,2.4530,1,4.328,6.421
1437,DATA_20260311_140000.BIN,0.6603,11.6132,6.0286,11.6132,4.6090,1,14.525,16.900
1438,DATA_20260311_140000.BIN,4.2040,23.4401,1.2367,23.4401,4.3230,1,9.822,12.533
1439,DATA_20260311_140000.BIN,7.9758,16.8481,6.6681,16.8481,1.9800,1,6.305,7.255
1440,DATA_20260311_140000.BIN,6.6681,16.3104,0.6039,16.3104,6.5340,1,8.533,10.131
1441,DATA_20260311_140000.BIN,0.8030,6.5155,0.8334,6.5155,3.8830,1,10.796,16.320
1442,DATA_20260311_140000.BIN,0.8334,11.7555,1.4275,11.7555,3.0360,1,10.244,14.985
1443,DATA_20260311_140000.BIN,0.5065,10.0862,1.6731,10.0862,8.4700,1,9.902,12.049
1444,DATA_20260311_140000.BIN,1.6731,10.9374,4.5836,10.9374,4.6200,1,10.559,12.911
1445,DATA_20260311_140000.BIN,16.5069,23.7665,8.8334,23.7665,5.4560,1,15.328,21.081
1446,DATA_20260311_140000.BIN,0.4387,8.1074,2.7274,8.1074,5.0930,1,9.078,14.383
1447,DATA_20260311_140000.BIN,2.7274,11.4407,3.4594,11.4407,5.7090,1,7.969,14.129
1448,DATA_20260311_140000.BIN,3.4594,13.3497,1.7987,13.3497,4.4990,1,5.301,12.073
1449,DATA_20260311_140000.BIN,1.7987,8.1468,2.3282,8.1468,4.9060,1,4.455,8.453
1450,DATA_20260311_140000.BIN,0.7513,15.3141,0.6968,15.3141,6.9080,1,6.421,7.894
1451,DATA_20260311_140000.BIN,6.0148,11.6930,1.6992,11.6930,4.3120,1,6.799,8.139
1452,DATA_20260311_140000.BIN,1.0255,10.7697,5.4398,10.7697,2.0680,1,4.673,8.651
1453,DATA_20260311_140000.BIN,1.2245,7.7150,2.6147,7.7150,4.6860,1,3.533,6.017
1454,DATA_20260311_140000.BIN,4.2710,21.7385,16.0448,21.7385,8.6460,1,1.344,4.105
1455,DATA_20260311_140000.BIN,16.0448,20.6460,0.7585,20.6460,4.9830,1,13.175,20.013
1456,DATA_20260311_140000.BIN,0.7585,4.9094,0.4407,4.9094,3.6410,1,5.707,5.959
1457,DATA_20260311_140000.BIN,3.3534,13.7277,1.4655,13.7277,3.1900,1,9.327,12.069
1458,DATA_20260311_140000.BIN,1.4655,7.4297,1.0750,7.4297,5.0050,1,3.837,10.022
1459,DATA_20260311_140000.BIN,1.6727,21.7206,2.5204,21.7206,3.6080,1,6.799,12.184
1460,DATA_20260311_140000.BIN,2.5204,16.1486,10.0105,16.1486,7.5570,1,5.326,11.255
1461,DATA_20260311_140000.BIN,10.0105,19.0931,6.9118,19.0931,4.9060,1,10.611,15.412
1462,DATA_20260311_140000.BIN,2.8782,8.7816,1.9680,8.7816,3.1570,1,7.458,7.484
1463,DATA_20260311_140000.BIN,1.9680,12.7443,3.0779,12.7443,2.3980,1,5.765,6.282
1464,DATA_20260311_140000.BIN,3.0779,11.0080,4.4689,11.0080,3.7400,1,1.285,2.963
1465,DATA_20260311_140000.BIN,0.2692,6.8548,1.2756,6.8548,7.7440,1,3.306,4.965
1466,DATA_20260311_140000.BIN,1.2756,12.4314,3.8653,12.4314,4.7410,1,3.429,4.941
1467,DATA_20260311_140000.BIN,3.8653,17.6788,2.9564,17.6788,4.6530,1,6.399,6.821
1468,DATA_20260311_140000.BIN,2.9564,9.1995,2.8031,9.1995,7.8870,1,4.587,4.919
1469,DATA_20260311_140000.BIN,2.8031,7.4821,0.7422,7.4821,2.3100,1,4.253,5.425
1470,DATA_20260311_140000.BIN,0.7422,7.5152,2.5278,7.5152,4.1250,1,2.176,2.177
1471,DATA_20260311_140000.BIN,2.5278,7.7875,2.7037,7.7875,4.3780,1,3.013,4.128
1472,DATA_20260311_140000.BIN,2.7037,10.6544,2.9634,10.6544,5.6870,1,2.041,8.979
1473,DATA_20260311_140000.BIN,4.3763,11.9690,2.2634,11.9690,2.3870,1,3.654,6.020
1474,DATA_20260311_140000.BIN,3.7602,10.9677,1.1719,10.9677,3.1900,1,7.356,8.784
1475,DATA_20260311_140000.BIN,2.5329,23.5684,2.1131,23.5684,4.9610,1,4.404,5.808
1476,DATA_20260311_140000.BIN,2.1147,7.8382,1.7193,7.8382,2.5520,1,4.515,8.400
1477,DATA_20260311_140000.BIN,1.7193,10.8228,2.6217,10.8228,6.2260,1,1.517,7.273
1478,DATA_20260311_140000.BIN,4.0290,8.4028,1.9666,8.4028,2.6950,1,5.151,5.152
1479,DATA_20260311_140000.BIN,2.5862,9.7881,2.7408,9.7881,2.2220,1,3.218,3.334
1480,DATA_20260311_140000.BIN,2.7408,9.3781,2.6228,9.3781,5.2910,1,4.876,6.913
1481,DATA_20260311_140000.BIN,2.6228,9.4503,1.8318,9.4503,4.9060,1,3.705,4.813
1482,DATA_20260311_140000.BIN,1.8318,8.9385,0.8556,8.9385,5.3240,1,2.351,2.580
1483,DATA_20260311_140000.BIN,1.3143,5.9072,1.2826,5.9072,2.9150,1,4.886,10.584
1484,DATA_20260311_140000.BIN,1.0478,14.9345,1.2762,14.9345,5.0380,1,1.569,1.605
1485,DATA_20260311_140000.BIN,1.2762,10.7038,2.6270,10.7038,3.8170,1,1.914,2.129
1486,DATA_20260311_140000.BIN,3.7197,10.7948,1.9022,10.7948,3.8720,1,4.079,4.284
1487,DATA_20260311_140000.BIN,1.9022,8.6362,1.2959,8.6362,4.2900,1,2.488,2.996
1488,DATA_20260311_140000.BIN,3.7995,8.7266,2.8871,8.7266,2.7390,1,3.452,4.446
1489,DATA_20260311_140000.BIN,1.9358,8.9529,2.1601,8.9529,3.2120,1,2.381,9.271
1490,DATA_20260311_140000.BIN,0.8762,7.6694,1.3412,7.6694,1.1990,1,0.878,2.029
1491,DATA_20260311_140000.BIN,1.3687,9.0315,2.2549,9.0315,1.8920,1,1.690,1.692
1492,DATA_20260311_140000.BIN,2.2549,10.0794,2.6783,10.0794,1.2980,1,3.394,3.771
1493,DATA_20260311_140000.BIN,2.6783,9.7394,1.6966,9.7394,8.3160,1,2.974,3.304
1494,DATA_20260311_140000.BIN,1.6966,8.6766,2.4165,8.6766,1.8920,1,1.885,2.639
1495,DATA_20260311_140000.BIN,2.4165,12.3392,2.6352,12.3392,9.1300,1,2.733,2.924
1496,DATA_20260311_140000.BIN,2.6352,8.1295,0.4082,8.1295,2.0020,1,2.578,2.581
1497,DATA_20260311_140000.BIN,0.4082,18.5880,5.9307,18.5880,7.7330,1,2.013,4.364
1498,DATA_20260311_140000.BIN,6.1625,20.1480,2.2215,20.1480,3.2890,1,6.962,7.307
1499,DATA_20260311_140000.BIN,2.2215,31.1291,8.6501,31.1291,6.6330,1,3.202,5.847
1500,DATA_20260311_140000.BIN,8.6501,17.6055,1.0937,17.6055,5.2910,1,12.528,13.416
1501,DATA_20260311_140000.BIN,1.0325,33.1396,12.5630,33.1396,4.7410,1,1.572,3.063
1502,DATA_20260311_140000.BIN,12.5630,45.2704,10.9487,45.2704,4.6310,1,15.202,16.587
1503,DATA_20260311_140000.BIN,10.9487,24.8677,5.2017,24.8677,2.7500,1,11.934,11.951
1504,DATA_20260311_140000.BIN,5.4771,10.4864,5.3204,10.4864,6.5230,1,4.462,4.806
1505,DATA_20260311_140000.BIN,11.3246,38.9196,31.8330,38.9196,4.8950,1,11.311,12.631
1506,DATA_20260311_140000.BIN,31.8330,43.2124,11.5889,43.2124,5.0270,1,33.719,33.756
1507,DATA_20260311_140000.BIN,11.5889,34.4625,10.5096,34.4625,8.5250,1,6.649,6.679
1508,DATA_20260311_140000.BIN,10.5096,23.6528,18.6255,23.6528,8.0960,1,4.322,5.636
1509,DATA_20260311_140000.BIN,18.6255,32.5323,11.5323,32.5323,4.3340,1,13.911,14.286
1510,DATA_20260311_140000.BIN,11.5323,17.6288,12.3165,17.6288,2.0240,1,3.964,4.645
1511,DATA_20260311_140000.BIN,12.3165,30.9735,9.4781,30.9735,2.9150,1,5.714,5.871
1512,DATA_20260311_140000.BIN,9.4781,15.5196,9.6601,15.5196,7.7990,1,0.738,4.730
1513,DATA_20260311_140000.BIN,9.6601,27.7639,23.6822,27.7639,4.0920,1,4.261,6.025
1514,DATA_20260311_140000.BIN,23.6822,30.6882,5.0509,30.6882,5.3570,1,18.643,20.129
1515,DATA_20260311_140000.BIN,1.5574,12.4480,0.7982,12.4480,9.9330,1,12.330,12.437
1516,DATA_20260311_140000.BIN,0.7982,13.1619,3.8035,13.1619,4.3560,1,9.513,10.002
1517,DATA_20260311_140000.BIN,1.8957,7.7266,1.0639,7.7266,1.4190,1,12.033,12.059
1518,DATA_20260311_140000.BIN,1.0639,8.7026,3.3505,8.7026,2.5960,1,9.893,9.916
1519,DATA_20260311_140000.BIN,3.3505,7.5960,2.5982,7.5960,4.2130,1,7.625,7.626
1520,DATA_20260311_140000.BIN,2.5982,9.7865,3.2398,9.7865,2.7060,1,8.177,8.225
1521,DATA_20260311_140000.BIN,3.2398,10.3247,2.7882,10.3247,3.2340,1,9.838,10.050
1522,DATA_20260311_140000.BIN,2.7882,11.1231,1.6658,11.1231,5.5770,1,8.024,8.030
1523,DATA_20260311_140000.BIN,1.6658,8.6246,3.5034,8.6246,8.1290,1,5.427,6.299
1524,DATA_20260311_140000.BIN,3.5034,16.4689,1.3982,16.4689,8.5470,1,5.336,6.472
1525,DATA_20260311_140000.BIN,1.3982,24.0078,2.3691,24.0078,5.7970,1,4.951,7.159
1526,DATA_20260311_140000.BIN,2.3691,8.8539,1.1292,8.8539,8.3820,1,5.215,5.268
1527,DATA_20260311_140000.BIN,4.2922,55.1801,2.2019,55.1801,6.3030,1,6.217,9.488
1528,DATA_20260311_140000.BIN,2.2019,12.6667,4.6052,12.6667,5.6210,1,4.946,5.012
1529,DATA_20260311_140000.BIN,1.7829,11.1574,3.7421,11.1574,3.7620,1,2.145,2.167
1530,DATA_20260311_140000.BIN,3.7421,11.5046,2.0601,11.5046,2.7610,1,7.232,8.037
1531,DATA_20260311_140000.BIN,2.0601,14.6786,0.4456,14.6786,6.2150,1,4.708,5.286
1532,DATA_20260311_140000.BIN,1.3957,15.2033,0.8794,15.2033,5.3020,1,1.319,2.273
1533,DATA_20260311_140000.BIN,0.7820,10.0441,0.8457,10.0441,2.9150,1,0.732,1.730
1534,DATA_20260311_140000.BIN,0.8457,6.8200,0.6530,6.8200,4.9720,1,1.840,3.692
1535,DATA_20260311_140000.BIN,0.6530,20.9399,7.2831,20.9399,4.3560,1,1.537,1.582
1536,DATA_20260311_140000.BIN,7.2831,12.5476,6.2028,12.5476,4.2130,1,9.245,9.257
1537,DATA_20260311_140000.BIN,3.6575,9.0256,1.6430,9.0256,1.4190,1,4.098,16.903
1538,DATA_20260311_140000.BIN,15.0262,24.6763,17.6036,24.6763,4.3450,1,17.904,23.676
1539,DATA_20260311_140000.BIN,3.9046,10.8686,2.4871,10.8686,1.6390,1,4.695,4.770
1540,DATA_20260311_140000.BIN,11.6470,23.9480,6.6246,23.9480,2.6510,1,15.053,15.705
1541,DATA_20260311_140000.BIN,6.6246,15.2892,2.3695,15.2892,6.0390,1,7.256,7.791
1542,DATA_20260311_140000.BIN,18.6372,27.6329,14.2399,27.6329,3.4430,1,21.957,23.306
1543,DATA_20260311_140000.BIN,16.9026,31.9175,23.0582,31.9175,2.6840,1,17.464,17.747
1544,DATA_20260311_140000.BIN,18.1626,26.2123,15.2887,26.2123,4.3890,1,17.342,18.069
1545,DATA_20260311_140000.BIN,9.3018,19.2913,1.2384,19.2913,1.8810,1,5.293,5.320
1546,DATA_20260311_140000.BIN,1.2384,13.7149,3.8304,13.7149,3.5200,1,6.635,9.170
1547,DATA_20260311_140000.BIN,2.3289,10.7201,5.0634,10.7201,8.3600,1,5.498,7.661
1548,DATA_20260311_140000.BIN,5.0634,10.7867,1.7584,10.7867,4.0370,1,11.617,11.688
1549,DATA_20260311_140000.BIN,5.9063,14.3345,5.7603,14.3345,7.2930,1,10.311,10.837
1550,DATA_20260311_140000.BIN,5.7603,9.8952,1.2776,9.8952,9.3720,1,9.687,10.156
1551,DATA_20260311_140000.BIN,7.6159,18.5145,3.7425,18.5145,4.5540,1,10.836,11.463
1552,DATA_20260311_140000.BIN,5.6307,10.1646,2.5994,10.1646,2.5630,1,7.896,8.782
1553,DATA_20260311_140000.BIN,4.9725,12.3053,6.2500,12.3053,3.4320,1,6.073,8.184
1554,DATA_20260311_140000.BIN,6.2500,14.7597,6.5802,14.7597,1.7490,1,8.026,11.947
1555,DATA_20260311_140000.BIN,6.5802,35.6661,10.5236,35.6661,6.0940,1,9.265,12.059
1556,DATA_20260311_140000.BIN,10.5236,23.3872,1.0771,23.3872,9.5700,1,11.705,12.276
1557,DATA_20260311_140000.BIN,1.0771,12.9691,3.9266,12.9691,5.1700,1,1.963,2.466
1558,DATA_20260311_140000.BIN,3.9266,12.9945,1.1323,12.9945,7.4800,1,5.053,9.343
1559,DATA_20260311_140000.BIN,1.1323,16.3981,5.3433,16.3981,3.5640,1,2.404,2.828
1560,DATA_20260311_140000.BIN,9.9029,16.8978,7.6554,16.8978,4.1360,1,14.155,14.420
1561,DATA_20260311_140000.BIN,7.6554,14.0616,8.1921,14.0616,2.1340,1,8.760,9.619
1562,DATA_20260311_140000.BIN,8.1921,14.7844,8.1634,14.7844,2.9260,1,10.406,11.304
1563,DATA_20260311_140000.BIN,6.5554,32.8369,5.1730,32.8369,2.8160,1,8.147,9.441
1564,DATA_20260311_140000.BIN,5.1730,13.3350,1.5745,13.3350,5.9180,1,5.563,6.719
1565,DATA_20260311_140000.BIN,1.5745,11.3608,4.2034,11.3608,4.1690,1,2.858,10.535
1566,DATA_20260311_140000.BIN,4.2034,12.6019,1.9992,12.6019,1.0780,1,2.696,2.737
1567,DATA_20260311_140000.BIN,7.3237,16.9892,5.8760,16.9892,4.4550,1,7.982,7.993
1568,DATA_20260311_140000.BIN,6.5779,26.6642,8.7177,26.6642,4.3890,1,5.508,6.214
1569,DATA_20260311_140000.BIN,8.7177,15.8244,4.7454,15.8244,5.3460,1,9.552,9.987
1570,DATA_20260311_140000.BIN,4.7454,24.1871,0.7333,24.1871,2.6730,1,4.152,7.847
1571,DATA_20260311_140000.BIN,0.7333,21.6972,2.4938,21.6972,2.8160,1,2.293,6.969
1572,DATA_20260311_140000.BIN,2.4938,17.0137,4.7869,17.0137,8.6350,1,0.686,3.579
1573,DATA_20260311_140000.BIN,4.7869,11.5355,4.3035,11.5355,2.5850,1,10.020,10.215
1574,DATA_20260311_140000.BIN,8.1118,14.2233,6.0342,14.2233,5.8850,1,9.277,9.334
1575,DATA_20260311_140000.BIN,6.0342,11.5147,5.5051,11.5147,6.7430,1,3.990,4.069
1576,DATA_20260311_140000.BIN,5.5051,11.8656,4.7775,11.8656,3.0250,1,9.293,9.393
1577,DATA_20260311_140000.BIN,0.4000,22.4272,11.9286,22.4272,5.1040,1,3.684,9.615
1578,DATA_20260311_140000.BIN,11.9286,18.9725,5.1521,18.9725,8.8000,1,12.695,13.008
1579,DATA_20260311_140000.BIN,5.1521,14.9718,3.9113,14.9718,8.0850,1,3.037,4.770
1580,DATA_20260311_140000.BIN,3.9113,16.5162,3.3066,16.5162,2.5190,1,0.763,5.760
1581,DATA_20260311_140000.BIN,3.3066,11.4971,2.6164,11.4971,5.8190,1,7.979,8.800
1582,DATA_20260311_140000.BIN,2.6164,10.4038,1.9733,10.4038,2.7500,1,3.470,8.790
1583,DATA_20260311_140000.BIN,1.9733,14.6769,4.7392,14.6769,3.9710,1,3.016,6.474
1584,DATA_20260311_140000.BIN,6.7678,18.8734,11.3489,18.8734,2.7830,1,4.756,9.991
1585,DATA_20260311_140000.BIN,2.3902,27.5863,13.6383,27.5863,4.2350,1,1.484,5.050
1586,DATA_20260311_140000.BIN,13.6383,21.7523,10.3680,21.7523,5.3460,1,15.967,16.519
1587,DATA_20260311_140000.BIN,10.3680,21.4942,9.2548,21.4942,2.3760,1,10.365,11.219
1588,DATA_20260311_150000.BIN,2.6043,23.6721,1.5163,23.6721,2.2550,1,30.095,34.677
1589,DATA_20260311_150000.BIN,2.9404,20.3610,1.3458,20.3610,3.8610,1,23.941,33.525
1590,DATA_20260311_150000.BIN,3.6663,23.4127,3.9474,23.4127,4.9390,1,29.279,37.715
1591,DATA_20260311_150000.BIN,3.9474,12.9653,7.9574,12.9653,1.3640,1,21.187,29.037
1592,DATA_20260311_150000.BIN,5.3981,15.0661,3.2639,15.0661,2.0130,1,21.884,30.392
1593,DATA_20260311_150000.BIN,3.2639,10.1406,2.5254,10.1406,1.0010,1,22.373,28.470
1594,DATA_20260311_150000.BIN,2.5254,9.2247,0.9104,9.2247,4.7300,1,18.516,23.505
1595,DATA_20260311_150000.BIN,0.9104,8.5395,1.6514,8.5395,4.0150,1,14.697,22.144
1596,DATA_20260311_150000.BIN,2.4032,13.8188,0.8474,13.8188,4.4110,1,12.425,25.041
1597,DATA_20260311_150000.BIN,0.8474,8.7245,0.5997,8.7245,4.1140,1,13.082,18.583
1598,DATA_20260311_150000.BIN,0.5997,5.0725,0.5316,5.0725,8.1620,1,11.372,16.555
1599,DATA_20260311_150000.BIN,3.5326,17.4504,0.8469,17.4504,5.2250,1,15.501,22.383
1600,DATA_20260311_150000.BIN,3.7146,21.0414,2.5244,21.0414,5.4670,1,11.245,16.622
1601,DATA_20260311_150000.BIN,2.1943,15.6527,2.2866,15.6527,3.9050,1,6.095,15.197
1602,DATA_20260311_150000.BIN,2.2866,9.9340,0.9055,9.9340,0.9900,1,3.910,8.084
1603,DATA_20260311_150000.BIN,0.9055,18.7792,2.1249,18.7792,2.2330,1,6.577,7.326
1604,DATA_20260311_150000.BIN,2.1249,6.2088,1.3274,6.2088,2.2330,1,3.612,10.328
1605,DATA_20260311_150000.BIN,1.3274,7.2786,3.3510,7.2786,4.3340,1,4.136,7.824
1606,DATA_20260311_150000.BIN,3.3510,8.0194,1.6966,8.0194,2.1670,1,9.794,12.600
1607,DATA_20260311_150000.BIN,1.6966,10.7388,3.3614,10.7388,5.3130,1,4.850,6.167
1608,DATA_20260311_150000.BIN,3.6375,11.5085,2.7372,11.5085,8.8440,1,1.472,2.962
1609,DATA_20260311_150000.BIN,2.7372,12.2778,3.6791,12.2778,2.8710,1,3.479,3.564
1610,DATA_20260311_150000.BIN,3.6791,25.9476,9.9183,25.9476,1.7600,1,0.417,7.646
1611,DATA_20260311_150000.BIN,9.9183,40.1137,7.5058,40.1137,3.7840,1,18.137,27.065
1612,DATA_20260311_150000.BIN,7.5058,23.1888,12.3260,23.1888,2.9810,1,13.755,17.333
1613,DATA_20260311_150000.BIN,12.3260,20.1871,5.5506,20.1871,3.2230,1,13.606,13.626
1614,DATA_20260311_150000.BIN,5.5506,10.5535,4.4335,10.5535,2.2220,1,5.669,5.669
1615,DATA_20260311_150000.BIN,4.4335,10.6703,2.0336,10.6703,9.7790,1,4.543,4.586
1616,DATA_20260311_150000.BIN,2.0336,10.9747,3.2412,10.9747,2.3210,1,6.147,8.584
1617,DATA_20260311_150000.BIN,20.6366,48.5057,35.7784,48.5057,1.4740,1,24.926,25.730
1618,DATA_20260311_150000.BIN,33.3288,55.2677,29.0104,55.2677,3.9490,1,38.076,38.614
1619,DATA_20260311_150000.BIN,29.0104,62.3199,52.6380,62.3199,2.7170,1,28.764,28.792
1620,DATA_20260311_150000.BIN,52.6380,58.7658,14.6131,58.7658,1.8260,1,119.642,156.756
1621,DATA_20260311_150000.BIN,14.6131,42.4005,15.2239,42.4005,2.2110,1,7.141,18.765
1622,DATA_20260311_150000.BIN,15.2239,25.0096,13.5465,25.0096,0.8690,1,34.817,60.592
1623,DATA_20260311_150000.BIN,13.5465,32.6247,7.3625,32.6247,1.5290,1,29.006,58.136
1624,DATA_20260311_150000.BIN,7.3625,19.0775,5.6603,19.0775,0.9790,1,132.556,132.986
