cycle_idx,source_file,p0_r,p3_r,p7_r,amplitude,duration_s,validated,tilt_deg,q_error_deg
0,DATA_20260314_060708.BIN,33.9741,48.7187,42.4090,48.7187,3.3440,1,3.314,3.849
1,DATA_20260314_060708.BIN,42.4090,44.9074,36.3193,44.9074,2.5190,1,9.249,9.388
2,DATA_20260314_060708.BIN,36.3193,48.0220,33.9282,48.0220,4.2460,1,0.310,0.339
3,DATA_20260314_060708.BIN,33.9282,42.4086,31.2188,42.4086,2.4970,1,5.900,6.172
4,DATA_20260314_060708.BIN,31.2188,48.2898,39.9872,48.2898,1.9250,1,19.164,19.815
5,DATA_20260314_060708.BIN,39.9872,48.4992,36.5944,48.4992,2.0460,1,6.169,6.372
6,DATA_20260314_060708.BIN,36.5944,49.5317,45.4520,49.5317,1.6830,1,2.177,6.440
7,DATA_20260314_060708.BIN,45.4520,47.6053,43.2080,47.6053,1.2650,1,14.602,14.671
8,DATA_20260314_060708.BIN,43.2080,48.1228,41.5841,48.1228,2.6510,1,9.951,10.212
9,DATA_20260314_060708.BIN,41.5841,61.3831,59.2071,61.3831,4.1690,1,5.295,9.108
10,DATA_20260314_060708.BIN,40.5520,53.6683,35.8601,53.6683,3.6850,1,4.002,6.127
11,DATA_20260314_060708.BIN,35.8601,46.7631,41.4575,46.7631,3.6630,1,12.317,16.425
12,DATA_20260314_060708.BIN,41.4575,56.4152,46.7010,56.4152,3.7070,1,11.424,11.466
13,DATA_20260314_060708.BIN,46.7010,56.1538,45.7381,56.1538,3.1240,1,12.038,12.638
14,DATA_20260314_060708.BIN,45.7381,75.7379,49.9339,75.7379,4.4440,1,8.602,9.850
15,DATA_20260314_060708.BIN,49.9339,58.5544,53.8163,58.5544,1.2650,1,12.520,12.527
16,DATA_20260314_060708.BIN,54.7674,84.3732,71.2836,84.3732,2.4750,1,16.811,17.257
17,DATA_20260314_060708.BIN,71.2836,82.7722,61.6558,82.7722,2.7940,1,38.009,39.362
18,DATA_20260314_060708.BIN,61.6558,66.3655,51.1311,66.3655,2.2220,1,22.242,22.281
19,DATA_20260314_060708.BIN,51.1311,77.0973,66.5437,77.0973,2.9810,1,9.805,11.510
20,DATA_20260314_060708.BIN,66.5437,72.6046,44.1117,72.6046,2.8050,1,33.644,42.857
21,DATA_20260314_060708.BIN,44.1117,48.4860,44.7745,48.4860,0.8800,1,7.589,7.785
22,DATA_20260314_060708.BIN,44.7745,48.4193,44.2367,48.4193,1.0780,1,11.352,13.275
23,DATA_20260314_060708.BIN,44.2367,58.8577,52.5232,58.8577,6.0940,1,8.092,8.150
24,DATA_20260314_060708.BIN,52.5232,58.2948,56.7391,58.2948,7.5240,1,6.048,6.048
25,DATA_20260314_060708.BIN,56.7391,57.8521,44.4100,57.8521,2.5850,1,10.527,10.694
26,DATA_20260314_060708.BIN,44.4100,64.6257,45.0052,64.6257,6.1050,1,10.442,17.582
27,DATA_20260314_060708.BIN,53.9746,55.3944,49.6232,55.3944,2.1120,1,6.637,7.168
28,DATA_20260314_060708.BIN,49.6232,61.0214,52.6614,61.0214,4.8510,1,0.902,1.487
29,DATA_20260314_060708.BIN,52.6614,59.3970,51.4625,59.3970,9.4160,1,13.107,18.693
30,DATA_20260314_060708.BIN,51.4625,54.9922,49.6206,54.9922,0.9900,1,3.351,5.601
31,DATA_20260314_060708.BIN,44.2610,56.8673,53.2731,56.8673,2.7720,1,7.367,8.543
32,DATA_20260314_060708.BIN,44.9880,55.4215,48.4566,55.4215,2.8820,1,4.596,7.834
33,DATA_20260314_060708.BIN,48.4566,84.9689,52.6459,84.9689,7.8980,1,6.242,9.126
34,DATA_20260314_060708.BIN,52.6459,56.5710,53.9921,56.5710,3.7950,1,9.888,18.510
35,DATA_20260314_060708.BIN,53.9921,58.9116,57.5795,58.9116,6.8310,1,12.006,15.019
36,DATA_20260314_060708.BIN,57.5795,59.4342,56.6398,59.4342,1.3310,1,11.955,12.396
37,DATA_20260314_060708.BIN,56.6398,60.8695,47.7090,60.8695,2.7170,1,8.273,9.351
38,DATA_20260314_060708.BIN,47.7090,51.3259,46.0461,51.3259,1.6610,1,6.738,8.261
39,DATA_20260314_060708.BIN,46.0461,61.9471,57.0170,61.9471,1.9360,1,9.365,10.150
40,DATA_20260314_060708.BIN,57.0170,61.0983,39.4215,61.0983,4.3120,1,14.198,18.031
41,DATA_20260314_060708.BIN,39.4215,53.6627,47.4512,53.6627,3.1240,1,13.243,13.244
42,DATA_20260314_060708.BIN,47.4512,55.7283,53.1777,55.7283,1.7270,1,2.427,4.346
43,DATA_20260314_060708.BIN,48.0718,55.2198,47.7909,55.2198,1.9360,1,1.500,3.079
44,DATA_20260314_060708.BIN,47.7909,66.1211,48.6798,66.1211,4.7740,1,13.607,14.470
45,DATA_20260314_060708.BIN,48.6798,55.4850,51.4159,55.4850,2.2440,1,5.562,5.563
46,DATA_20260314_060708.BIN,51.4159,55.7991,48.8302,55.7991,1.6060,1,7.365,9.280
47,DATA_20260314_060708.BIN,48.8302,53.5136,49.4317,53.5136,1.4190,1,7.076,7.395
48,DATA_20260314_060708.BIN,49.4317,53.0905,44.3477,53.0905,1.4300,1,3.430,3.683
49,DATA_20260314_060708.BIN,58.5824,65.4937,63.3342,65.4937,9.4930,1,12.047,12.406
50,DATA_20260314_060708.BIN,63.3342,72.4124,58.2623,72.4124,2.4640,1,17.425,17.723
51,DATA_20260314_060708.BIN,58.2623,60.3359,47.3958,60.3359,2.2440,1,8.563,9.996
52,DATA_20260314_060708.BIN,47.3958,52.1462,46.8837,52.1462,1.4520,1,5.648,5.726
53,DATA_20260314_060708.BIN,59.7352,63.3558,48.0925,63.3558,2.5630,1,13.638,13.753
54,DATA_20260314_060708.BIN,48.0925,66.5600,61.9868,66.5600,2.9150,1,5.332,8.737
55,DATA_20260314_060708.BIN,61.9868,72.3043,52.8931,72.3043,2.7170,1,13.181,13.181
56,DATA_20260314_060708.BIN,52.8931,78.0410,49.3395,78.0410,3.2230,1,1.157,1.664
57,DATA_20260314_060708.BIN,49.3395,56.8815,46.0635,56.8815,3.3880,1,5.011,7.072
58,DATA_20260314_060708.BIN,46.0635,65.8190,56.9623,65.8190,4.8840,1,7.773,8.349
59,DATA_20260314_060708.BIN,56.9623,64.2708,56.2416,64.2708,1.7600,1,8.302,10.133
60,DATA_20260314_060708.BIN,56.2416,66.3479,61.7524,66.3479,2.7170,1,6.224,6.225
61,DATA_20260314_060708.BIN,61.7524,64.4970,54.6111,64.4970,1.1550,1,12.124,17.665
62,DATA_20260314_060708.BIN,54.6111,60.6282,53.5623,60.6282,1.8700,1,3.184,3.184
63,DATA_20260314_060708.BIN,53.5623,82.7435,47.8910,82.7435,9.9880,1,1.656,3.051
64,DATA_20260314_060708.BIN,47.8910,61.2311,56.2788,61.2311,4.0700,1,13.183,18.887
65,DATA_20260314_060708.BIN,56.2788,64.1400,57.8102,64.1400,2.0020,1,4.193,7.406
66,DATA_20260314_060708.BIN,57.8102,67.9247,58.0972,67.9247,1.5290,1,7.754,8.191
67,DATA_20260314_060708.BIN,58.0972,73.7693,60.8127,73.7693,1.9800,1,6.337,6.433
68,DATA_20260314_060708.BIN,60.8127,75.3294,53.2214,75.3294,2.9590,1,9.629,9.638
69,DATA_20260314_060708.BIN,53.2214,63.3145,58.1136,63.3145,2.3760,1,3.695,4.557
70,DATA_20260314_060708.BIN,58.1136,64.0471,57.0405,64.0471,0.8910,1,8.668,9.015
71,DATA_20260314_060708.BIN,57.0405,72.7699,64.1681,72.7699,3.0910,1,3.588,7.865
72,DATA_20260314_060708.BIN,64.1681,85.6540,46.4417,85.6540,3.5640,1,13.145,14.054
73,DATA_20260314_060708.BIN,57.5957,66.7646,54.6404,66.7646,5.4120,1,3.779,3.791
74,DATA_20260314_060708.BIN,54.6404,59.4212,52.1122,59.4212,1.6610,1,3.843,5.195
75,DATA_20260314_060708.BIN,52.1122,56.5856,47.1021,56.5856,3.2010,1,6.710,7.156
76,DATA_20260314_060708.BIN,47.1021,85.5134,48.2593,85.5134,7.0070,1,10.970,10.970
77,DATA_20260314_060708.BIN,48.2593,53.6619,49.1312,53.6619,1.1550,1,8.995,9.344
78,DATA_20260314_060708.BIN,49.1312,56.8970,49.0837,56.8970,1.4520,1,8.155,9.983
79,DATA_20260314_060708.BIN,47.5751,50.9760,46.4167,50.9760,1.0780,1,7.435,8.480
80,DATA_20260314_060708.BIN,46.4167,53.0152,46.5976,53.0152,1.4740,1,8.168,8.978
81,DATA_20260314_060708.BIN,46.5976,53.1736,48.1922,53.1736,1.0780,1,7.305,7.319
82,DATA_20260314_060708.BIN,40.4911,59.8843,55.1940,59.8843,2.7720,1,13.660,14.220
83,DATA_20260314_060708.BIN,55.1940,60.9997,54.6425,60.9997,1.4630,1,5.534,7.105
84,DATA_20260314_060708.BIN,54.6425,58.7225,53.6569,58.7225,1.1660,1,4.363,4.399
85,DATA_20260314_060708.BIN,53.6569,82.9430,62.7559,82.9430,3.3000,1,2.595,5.060
86,DATA_20260314_060708.BIN,62.7559,70.5706,61.2456,70.5706,8.3600,1,14.473,18.844
87,DATA_20260314_060708.BIN,61.2456,79.2160,52.0094,79.2160,3.6410,1,12.343,13.638
88,DATA_20260314_060708.BIN,52.0094,60.9904,34.3080,60.9904,4.7190,1,10.276,10.313
89,DATA_20260314_060708.BIN,46.0991,48.1824,40.1729,48.1824,3.2450,1,9.686,10.279
90,DATA_20260314_060708.BIN,40.1729,46.1223,42.9434,46.1223,2.7610,1,14.887,14.887
91,DATA_20260314_060708.BIN,42.9434,45.5321,43.8348,45.5321,1.4410,1,10.924,12.010
92,DATA_20260314_060708.BIN,43.8348,49.5013,47.6646,49.5013,3.8390,1,9.209,10.242
93,DATA_20260314_060708.BIN,47.6646,55.2879,44.8248,55.2879,2.6620,1,3.701,5.235
94,DATA_20260314_060708.BIN,44.8248,52.0811,44.4788,52.0811,1.5400,1,10.455,16.760
95,DATA_20260314_060708.BIN,44.4788,81.7348,79.7306,81.7348,4.6420,1,7.587,9.974
96,DATA_20260314_060708.BIN,79.7306,81.9799,39.8218,81.9799,4.1030,1,48.281,51.419
97,DATA_20260314_060708.BIN,39.8218,56.7694,46.1725,56.7694,2.8380,1,17.270,17.807
98,DATA_20260314_060708.BIN,46.1725,53.0631,45.0432,53.0631,1.2870,1,6.117,7.033
99,DATA_20260314_060708.BIN,45.0432,54.9414,45.8667,54.9414,1.0670,1,7.315,7.757
100,DATA_20260314_060708.BIN,45.8667,57.9358,41.0805,57.9358,2.4420,1,6.429,7.644
101,DATA_20260314_060708.BIN,41.0805,84.1749,57.9252,84.1749,4.8070,1,12.414,12.685
102,DATA_20260314_060708.BIN,56.3318,60.1443,54.9586,60.1443,2.0790,1,17.014,17.664
103,DATA_20260314_060708.BIN,54.9586,57.5995,54.2210,57.5995,1.3310,1,6.556,6.604
104,DATA_20260314_060708.BIN,54.2210,61.3313,42.4078,61.3313,4.5650,1,6.019,6.026
105,DATA_20260314_060708.BIN,42.4078,50.1222,39.9124,50.1222,1.7270,1,13.852,14.457
106,DATA_20260314_060708.BIN,39.9124,41.5497,37.6688,41.5497,1.4190,1,12.556,15.013
107,DATA_20260314_060708.BIN,37.6688,41.6980,34.7306,41.6980,2.3210,1,12.776,19.760
108,DATA_20260314_060708.BIN,34.7306,44.8581,41.0836,44.8581,1.7270,1,19.840,21.285
109,DATA_20260314_060708.BIN,41.0836,45.0857,37.3915,45.0857,1.2650,1,6.938,6.953
110,DATA_20260314_060708.BIN,37.3915,48.4350,44.6617,48.4350,3.9050,1,10.600,11.997
111,DATA_20260314_060708.BIN,44.6617,57.8506,17.2038,57.8506,4.0700,1,0.885,2.663
112,DATA_20260314_060708.BIN,17.2038,38.0662,21.4576,38.0662,2.9590,1,35.199,35.225
113,DATA_20260314_060708.BIN,21.4576,41.0574,35.2446,41.0574,1.8810,1,25.637,27.980
114,DATA_20260314_060708.BIN,41.3750,54.9642,41.0836,54.9642,2.7830,1,4.416,5.754
115,DATA_20260314_060708.BIN,41.0836,58.1552,53.5104,58.1552,1.7820,1,2.604,4.140
116,DATA_20260314_060708.BIN,53.5104,58.6451,46.3988,58.6451,1.6170,1,16.228,16.328
117,DATA_20260314_060708.BIN,46.3988,59.0981,51.9652,59.0981,1.4410,1,6.665,6.669
118,DATA_20260314_060708.BIN,51.9652,56.5091,47.8584,56.5091,1.1000,1,12.606,12.723
119,DATA_20260314_060708.BIN,47.8584,53.5624,51.5135,53.5624,1.5620,1,5.966,5.971
120,DATA_20260314_060708.BIN,51.5135,70.6748,53.1868,70.6748,4.6640,1,9.635,10.611
121,DATA_20260314_060708.BIN,53.1868,72.5125,59.5580,72.5125,4.0920,1,10.769,11.204
122,DATA_20260314_060708.BIN,59.5580,69.7553,61.0018,69.7553,3.7620,1,20.093,21.368
123,DATA_20260314_060708.BIN,61.0018,71.3451,52.7721,71.3451,5.5880,1,18.145,18.145
124,DATA_20260314_060708.BIN,52.7721,57.5396,44.9530,57.5396,1.3750,1,9.863,9.896
125,DATA_20260314_060708.BIN,44.9530,48.9200,41.9143,48.9200,1.1550,1,5.331,5.783
126,DATA_20260314_060708.BIN,41.9143,48.2275,45.7684,48.2275,1.5180,1,8.579,10.462
127,DATA_20260314_060708.BIN,45.7684,52.5557,49.6829,52.5557,3.6080,1,2.124,4.051
128,DATA_20260314_060708.BIN,49.6829,53.6716,18.4690,53.6716,3.1130,1,17.722,20.988
129,DATA_20260314_060708.BIN,25.9179,59.9009,50.2597,59.9009,6.8530,1,25.147,26.364
130,DATA_20260314_060708.BIN,44.7887,53.3112,45.7063,53.3112,1.5950,1,2.577,2.577
131,DATA_20260314_060708.BIN,45.7063,65.9013,52.0745,65.9013,3.6300,1,1.185,4.294
132,DATA_20260314_060708.BIN,52.0745,57.1615,48.5673,57.1615,1.4080,1,9.753,10.567
133,DATA_20260314_060708.BIN,48.5673,54.7605,46.2834,54.7605,2.3100,1,5.576,7.211
134,DATA_20260314_060708.BIN,46.2834,50.2412,42.0813,50.2412,1.0120,1,5.974,6.152
135,DATA_20260314_060708.BIN,42.0813,49.2194,42.8113,49.2194,0.9900,1,4.946,5.373
136,DATA_20260314_060708.BIN,42.8113,46.9936,41.8244,46.9936,0.8470,1,3.243,3.850
137,DATA_20260314_060708.BIN,46.1804,48.3499,45.2443,48.3499,0.9350,1,2.117,3.331
138,DATA_20260314_060708.BIN,45.2443,74.8499,24.3029,74.8499,3.9930,1,4.493,6.122
139,DATA_20260314_060708.BIN,24.3029,60.2804,31.8447,60.2804,4.2020,1,25.949,26.063
140,DATA_20260314_060708.BIN,38.5893,76.2122,36.7955,76.2122,4.7520,1,7.372,13.645
141,DATA_20260314_060708.BIN,47.7335,54.3528,42.3887,54.3528,1.2100,1,6.688,7.828
142,DATA_20260314_060708.BIN,40.3003,46.9904,40.8542,46.9904,0.9900,1,3.945,7.343
143,DATA_20260314_060708.BIN,40.8542,46.8262,42.0575,46.8262,0.9130,1,4.969,9.256
144,DATA_20260314_060708.BIN,42.0575,46.3964,41.7971,46.3964,0.9900,1,2.701,5.756
145,DATA_20260314_060708.BIN,41.7971,84.9230,81.8061,84.9230,4.0260,1,1.064,2.939
146,DATA_20260314_060708.BIN,78.0089,82.1195,79.3668,82.1195,2.5960,1,53.864,54.338
147,DATA_20260314_060708.BIN,79.3668,85.2265,74.4357,85.2265,9.0750,1,50.736,50.795
148,DATA_20260314_060708.BIN,74.4357,84.8368,78.8613,84.8368,2.9590,1,34.841,34.861
149,DATA_20260314_060708.BIN,78.8613,82.4276,76.5412,82.4276,5.1260,1,100.229,101.996
150,DATA_20260314_060708.BIN,76.5412,84.5643,70.2229,84.5643,1.5180,1,97.261,99.908
151,DATA_20260314_060708.BIN,70.2229,78.1546,47.1921,78.1546,3.7620,1,7.374,7.555
152,DATA_20260314_060708.BIN,44.9361,59.1980,55.8191,59.1980,2.4090,1,32.623,33.099
153,DATA_20260314_060708.BIN,55.8191,61.3978,44.4597,61.3978,5.2250,1,14.072,14.603
154,DATA_20260314_060708.BIN,44.4597,49.1066,42.4913,49.1066,1.1000,1,25.918,25.918
155,DATA_20260314_060708.BIN,42.4913,55.4898,42.7814,55.4898,5.2690,1,25.423,26.014
156,DATA_20260314_060708.BIN,42.7814,57.6464,41.4798,57.6464,4.3120,1,26.971,26.997
157,DATA_20260314_060708.BIN,41.4798,53.3508,49.6589,53.3508,1.3750,1,26.408,26.411
158,DATA_20260314_060708.BIN,49.6589,57.3580,48.8256,57.3580,3.5640,1,14.227,14.307
159,DATA_20260314_060708.BIN,48.8256,54.6303,48.5762,54.6303,1.2430,1,9.385,9.890
160,DATA_20260314_060708.BIN,48.5762,56.2305,52.2981,56.2305,4.4000,1,10.020,10.493
161,DATA_20260314_060708.BIN,52.2981,85.3396,49.9408,85.3396,8.2720,1,4.506,6.257
162,DATA_20260314_060708.BIN,41.7630,46.5454,41.1595,46.5454,0.9350,1,15.206,15.919
163,DATA_20260314_060708.BIN,41.1595,51.5757,46.8936,51.5757,2.0130,1,14.340,14.982
164,DATA_20260314_060708.BIN,46.8936,85.1117,82.9231,85.1117,4.4220,1,10.753,11.716
165,DATA_20260314_060708.BIN,80.8051,82.6172,78.7928,82.6172,1.2760,1,49.990,50.397
166,DATA_20260314_060708.BIN,78.7928,84.8217,19.5176,84.8217,4.0040,1,40.702,41.229
167,DATA_20260314_060708.BIN,11.6911,15.0098,13.7530,15.0098,8.1950,1,80.905,163.434
168,DATA_20260314_060708.BIN,13.9834,15.3152,14.2223,15.3152,4.2680,1,56.414,139.546
169,DATA_20260314_060708.BIN,12.5249,14.8266,13.5045,14.8266,5.7090,1,68.212,125.840
170,DATA_20260314_060708.BIN,13.5292,15.1771,12.9093,15.1771,4.1800,1,59.389,117.989
171,DATA_20260314_060708.BIN,13.1105,14.9281,13.6897,14.9281,7.8100,1,57.006,105.720
172,DATA_20260314_060708.BIN,13.4914,15.1821,13.7121,15.1821,6.0280,1,63.727,103.365
173,DATA_20260314_060708.BIN,13.9568,15.9196,13.5711,15.9196,3.2340,1,49.240,91.644
174,DATA_20260314_060708.BIN,13.2294,15.6363,13.2186,15.6363,4.1580,1,27.231,70.968
175,DATA_20260314_060708.BIN,13.7936,17.1969,12.5169,17.1969,5.5110,1,36.812,80.495
176,DATA_20260314_060708.BIN,14.2168,15.3067,13.0812,15.3067,4.1690,1,34.152,69.454
177,DATA_20260314_060708.BIN,12.6333,14.0094,12.3314,14.0094,2.5300,1,37.546,58.906
178,DATA_20260314_070000.BIN,15.7900,26.4724,15.6307,26.4724,4.0810,1,7.262,8.528
179,DATA_20260314_070000.BIN,15.6307,27.0751,20.3395,27.0751,2.2660,1,4.419,5.147
180,DATA_20260314_070000.BIN,13.7892,24.0547,11.9769,24.0547,6.2810,1,4.651,5.529
181,DATA_20260314_070000.BIN,42.9036,49.1119,42.9350,49.1119,9.8120,1,84.074,178.947
182,DATA_20260314_070000.BIN,42.9350,49.2409,38.2496,49.2409,4.3120,1,56.252,178.261
183,DATA_20260314_070000.BIN,38.2496,46.6849,20.3069,46.6849,5.9070,1,47.032,157.568
184,DATA_20260314_070000.BIN,20.3069,55.4781,20.5065,55.4781,1.9800,1,21.428,142.216
185,DATA_20260314_070000.BIN,20.5065,32.2947,24.6583,32.2947,1.3640,1,16.476,132.344
186,DATA_20260314_070000.BIN,24.6583,46.8451,3.3082,46.8451,8.5470,1,36.013,114.498
187,DATA_20260314_070000.BIN,17.3883,38.2202,25.9997,38.2202,4.3670,1,19.347,99.286
188,DATA_20260314_070000.BIN,25.9997,38.4252,18.3991,38.4252,6.4790,1,8.875,103.026
189,DATA_20260314_070000.BIN,18.3991,44.5255,30.3987,44.5255,4.6200,1,31.377,84.036
190,DATA_20260314_070000.BIN,8.3130,15.9271,6.3055,15.9271,2.3870,1,32.439,83.409
191,DATA_20260314_070000.BIN,8.0234,34.8608,14.9907,34.8608,4.7850,1,25.142,75.304
192,DATA_20260314_070000.BIN,14.9907,41.7605,10.0857,41.7605,1.9690,1,14.589,66.138
193,DATA_20260314_070000.BIN,10.0857,51.4008,39.1125,51.4008,6.2150,1,41.301,64.617
194,DATA_20260314_070000.BIN,39.1125,47.4584,32.0264,47.4584,4.7520,1,32.768,59.303
195,DATA_20260314_070000.BIN,39.0945,44.7983,36.7905,44.7983,7.3480,1,28.085,53.823
196,DATA_20260314_070000.BIN,14.5388,32.8798,23.8410,32.8798,2.0130,1,16.514,51.029
197,DATA_20260314_070000.BIN,23.8410,39.2212,15.3109,39.2212,2.2000,1,24.613,47.070
198,DATA_20260314_070000.BIN,15.3109,47.5858,35.1271,47.5858,3.7510,1,12.945,35.813
199,DATA_20260314_070000.BIN,35.1271,42.2444,26.3921,42.2444,8.1620,1,16.830,35.099
200,DATA_20260314_070000.BIN,26.3921,47.9672,32.0167,47.9672,4.8840,1,9.878,31.120
201,DATA_20260314_070000.BIN,32.0167,42.2659,30.8602,42.2659,3.4650,1,9.604,26.429
202,DATA_20260314_070000.BIN,30.8602,42.7092,30.8030,42.7092,4.1690,1,10.979,25.031
203,DATA_20260314_070000.BIN,30.8030,47.5579,31.0106,47.5579,3.5970,1,6.134,22.206
204,DATA_20260314_070000.BIN,31.0106,48.1277,33.9233,48.1277,4.5760,1,12.013,24.940
205,DATA_20260314_070000.BIN,33.9233,41.4159,27.8595,41.4159,2.0900,1,10.339,17.907
206,DATA_20260314_070000.BIN,26.3729,40.7057,26.6848,40.7057,2.9150,1,11.053,21.206
207,DATA_20260314_070000.BIN,26.6848,43.4643,22.2450,43.4643,3.7730,1,11.481,21.242
208,DATA_20260314_070000.BIN,22.2450,38.6533,27.4555,38.6533,1.9250,1,6.598,15.044
209,DATA_20260314_070000.BIN,27.4555,41.8093,30.3708,41.8093,1.5840,1,15.375,22.933
210,DATA_20260314_070000.BIN,30.3708,48.3421,33.5540,48.3421,1.9910,1,13.587,20.250
211,DATA_20260314_070000.BIN,33.5540,41.1088,26.4267,41.1088,1.8370,1,12.042,17.605
212,DATA_20260314_070000.BIN,26.4267,45.5432,26.1451,45.5432,2.2110,1,1.823,10.676
213,DATA_20260314_070000.BIN,26.1451,39.6403,22.4120,39.6403,5.5770,1,15.400,17.002
214,DATA_20260314_070000.BIN,22.4120,40.6855,27.8010,40.6855,1.7710,1,6.811,10.281
215,DATA_20260314_070000.BIN,27.8010,43.2449,24.9087,43.2449,2.0460,1,16.764,19.982
216,DATA_20260314_070000.BIN,24.9087,42.6577,22.5917,42.6577,1.9250,1,14.013,16.774
217,DATA_20260314_070000.BIN,22.5917,40.5179,24.1362,40.5179,1.6280,1,6.818,9.087
218,DATA_20260314_070000.BIN,24.1362,41.3835,23.7508,41.3835,2.6950,1,2.072,7.351
219,DATA_20260314_070000.BIN,23.7508,49.3692,20.5934,49.3692,9.2180,1,5.919,10.533
220,DATA_20260314_070000.BIN,20.5934,48.6785,40.6012,48.6785,9.2180,1,10.463,13.378
221,DATA_20260314_070000.BIN,32.4571,40.7505,27.9265,40.7505,2.9810,1,26.129,26.329
222,DATA_20260314_070000.BIN,27.9265,36.6250,28.3584,36.6250,5.3020,1,40.670,42.713
223,DATA_20260314_070000.BIN,28.5656,47.1983,28.6052,47.1983,1.9140,1,23.734,23.734
224,DATA_20260314_070000.BIN,28.6052,53.7020,29.3676,53.7020,9.3390,1,8.458,9.143
225,DATA_20260314_070000.BIN,24.7946,33.3349,23.8863,33.3349,3.2340,1,6.082,9.543
226,DATA_20260314_070000.BIN,23.8863,34.6022,24.7812,34.6022,4.9830,1,7.359,10.542
227,DATA_20260314_070000.BIN,24.7812,43.8944,25.5297,43.8944,3.4430,1,3.348,7.278
228,DATA_20260314_070000.BIN,25.5297,47.6859,39.6347,47.6859,2.0900,1,33.278,34.383
229,DATA_20260314_070000.BIN,40.7614,46.8582,39.0962,46.8582,8.5690,1,48.320,50.028
230,DATA_20260314_070000.BIN,41.1335,48.0615,36.9909,48.0615,5.6430,1,27.449,27.464
231,DATA_20260314_070000.BIN,20.3223,42.7635,30.7469,42.7635,3.9160,1,11.073,12.672
232,DATA_20260314_070000.BIN,30.7469,42.4094,28.0894,42.4094,3.2450,1,14.687,15.702
233,DATA_20260314_070000.BIN,28.0894,45.6403,14.4978,45.6403,4.5210,1,17.716,18.125
234,DATA_20260314_070000.BIN,14.4978,28.4816,12.7739,28.4816,2.8050,1,33.041,33.076
235,DATA_20260314_070000.BIN,12.7739,41.1517,12.9542,41.1517,5.3680,1,42.218,42.229
236,DATA_20260314_070000.BIN,12.9542,46.8225,40.6396,46.8225,7.2050,1,14.753,14.941
237,DATA_20260314_070000.BIN,20.3143,49.8066,16.2319,49.8066,5.8520,1,11.255,11.458
238,DATA_20260314_070000.BIN,37.1575,45.7323,31.6761,45.7323,7.5460,1,29.937,30.333
239,DATA_20260314_070000.BIN,41.0650,47.3225,35.6549,47.3225,7.4580,1,41.257,44.670
240,DATA_20260314_070000.BIN,35.6549,43.9168,20.0689,43.9168,2.9590,1,18.326,18.332
241,DATA_20260314_070000.BIN,39.1190,46.6449,26.1401,46.6449,6.8860,1,23.465,23.467
242,DATA_20260314_070000.BIN,0.6581,9.3016,0.4329,9.3016,6.6000,1,32.711,168.709
243,DATA_20260314_070000.BIN,0.4329,13.3320,2.4564,13.3320,7.8320,1,30.833,147.842
244,DATA_20260314_070000.BIN,0.7778,10.2776,2.3554,10.2776,7.1940,1,29.326,134.524
245,DATA_20260314_070000.BIN,2.3554,8.8956,1.4000,8.8956,5.6100,1,26.340,120.551
246,DATA_20260314_070000.BIN,1.4000,18.8555,1.1438,18.8555,4.4990,1,28.723,111.790
247,DATA_20260314_070000.BIN,1.1842,15.8151,1.9195,15.8151,4.9170,1,24.553,101.840
248,DATA_20260314_070000.BIN,3.2580,11.4999,0.7626,11.4999,5.3790,1,20.536,92.611
249,DATA_20260314_070000.BIN,0.7626,11.3312,1.0474,11.3312,2.2000,1,20.968,81.795
250,DATA_20260314_070000.BIN,1.0474,12.7171,3.6289,12.7171,3.5860,1,20.863,72.496
251,DATA_20260314_070000.BIN,3.7671,21.0996,4.0880,21.0996,8.9210,1,16.168,66.302
252,DATA_20260314_070000.BIN,4.0880,23.4080,9.9632,23.4080,8.1070,1,13.097,56.632
253,DATA_20260314_070000.BIN,9.9632,22.6500,5.9119,22.6500,6.9630,1,15.854,50.187
254,DATA_20260314_070000.BIN,5.1518,20.7426,12.3351,20.7426,2.9370,1,16.231,45.825
255,DATA_20260314_070000.BIN,12.3351,19.7697,10.5616,19.7697,1.4740,1,19.324,46.787
256,DATA_20260314_070000.BIN,10.5616,20.1999,7.4401,20.1999,7.2050,1,15.571,40.892
257,DATA_20260314_070000.BIN,7.4401,15.4948,6.7461,15.4948,3.1350,1,10.089,34.594
258,DATA_20260314_070000.BIN,6.7461,20.2352,12.7349,20.2352,3.1900,1,8.071,32.115
259,DATA_20260314_070000.BIN,12.7349,19.0593,7.4492,19.0593,3.6190,1,16.256,30.573
260,DATA_20260314_070000.BIN,7.4492,17.8773,10.4632,17.8773,9.1850,1,8.357,28.681
261,DATA_20260314_070000.BIN,8.9815,16.3159,2.7130,16.3159,5.0160,1,6.209,21.906
262,DATA_20260314_070000.BIN,2.7130,9.0750,1.0830,9.0750,7.9970,1,5.625,18.235
263,DATA_20260314_070000.BIN,1.0830,18.9783,0.9634,18.9783,7.2270,1,5.993,19.258
264,DATA_20260314_070000.BIN,3.2349,13.9393,0.8642,13.9393,6.5120,1,2.643,18.038
265,DATA_20260314_070000.BIN,5.3369,10.5658,1.5073,10.5658,4.1800,1,5.699,14.787
266,DATA_20260314_070000.BIN,1.5073,13.2951,6.6923,13.2951,6.6440,1,3.879,9.008
267,DATA_20260314_070000.BIN,6.6923,14.6371,4.1572,14.6371,2.6620,1,7.782,15.447
268,DATA_20260314_070000.BIN,4.1572,21.0052,3.7342,21.0052,6.0060,1,2.819,10.260
269,DATA_20260314_070000.BIN,4.5997,22.9837,6.9230,22.9837,6.1930,1,4.749,4.909
270,DATA_20260314_070000.BIN,6.9230,31.1312,10.4372,31.1312,2.2990,1,6.307,6.638
271,DATA_20260314_070000.BIN,10.4372,21.4955,5.2302,21.4955,6.2920,1,10.744,11.102
272,DATA_20260314_070000.BIN,5.2302,22.2490,7.1444,22.2490,6.5890,1,3.748,3.754
273,DATA_20260314_070000.BIN,7.1444,18.1005,4.8849,18.1005,5.0050,1,5.286,5.479
274,DATA_20260314_070000.BIN,4.8849,17.7359,8.6396,17.7359,2.2440,1,5.125,7.132
275,DATA_20260314_070000.BIN,8.6396,23.0850,6.0797,23.0850,4.3890,1,7.673,7.810
276,DATA_20260314_070000.BIN,6.4530,14.6232,5.6743,14.6232,3.3330,1,3.354,3.356
277,DATA_20260314_070000.BIN,5.6743,12.7536,1.9938,12.7536,8.4150,1,1.711,2.365
278,DATA_20260314_070000.BIN,1.9938,15.5502,1.9254,15.5502,8.6350,1,5.281,7.616
279,DATA_20260314_070000.BIN,2.2473,12.7022,2.4269,12.7022,3.5860,1,3.783,3.954
280,DATA_20260314_070000.BIN,7.3986,15.4219,2.2593,15.4219,4.5870,1,9.301,9.532
281,DATA_20260314_070000.BIN,2.2593,34.5047,11.4382,34.5047,6.4460,1,3.164,8.085
282,DATA_20260314_070000.BIN,3.2167,14.7528,4.5893,14.7528,6.7320,1,5.411,6.945
283,DATA_20260314_070000.BIN,8.8239,18.4664,8.8670,18.4664,3.7400,1,9.817,10.238
284,DATA_20260314_070000.BIN,8.8670,18.5070,9.2855,18.5070,3.9930,1,8.551,8.609
285,DATA_20260314_070000.BIN,15.3738,21.9009,15.8439,21.9009,4.2240,1,16.960,18.959
286,DATA_20260314_070000.BIN,15.8439,23.1887,12.0002,23.1887,3.2890,1,16.589,20.017
287,DATA_20260314_070000.BIN,12.0002,23.4551,7.5520,23.4551,7.9090,1,8.196,8.356
288,DATA_20260314_070000.BIN,5.3226,14.1841,1.3978,14.1841,2.2330,1,4.405,5.297
289,DATA_20260314_070000.BIN,0.7550,13.2134,6.0609,13.2134,4.5760,1,5.947,6.451
290,DATA_20260314_070000.BIN,6.0609,17.2384,10.1440,17.2384,8.1840,1,2.207,2.761
291,DATA_20260314_070000.BIN,10.9956,17.2189,7.4563,17.2189,3.6740,1,6.185,6.472
292,DATA_20260314_070000.BIN,7.4563,19.8955,14.1440,19.8955,7.0730,1,4.776,6.921
293,DATA_20260314_070000.BIN,6.9624,16.0992,6.6389,16.0992,9.2950,1,1.991,2.221
294,DATA_20260314_070000.BIN,6.6389,19.0366,13.1326,19.0366,4.6640,1,5.036,6.736
295,DATA_20260314_070000.BIN,11.5965,24.4057,7.8621,24.4057,9.7130,1,7.776,7.777
296,DATA_20260314_070000.BIN,7.8621,17.0364,1.3876,17.0364,6.7760,1,4.632,9.079
297,DATA_20260314_070000.BIN,1.3876,14.1889,3.5470,14.1889,3.6850,1,11.065,15.155
298,DATA_20260314_070000.BIN,3.5470,12.7680,3.3065,12.7680,9.6580,1,7.853,10.899
299,DATA_20260314_070000.BIN,2.7081,13.4898,3.9691,13.4898,2.9590,1,6.565,6.962
300,DATA_20260314_070000.BIN,3.9691,11.8558,1.6945,11.8558,5.9620,1,8.247,13.142
301,DATA_20260314_070000.BIN,1.6945,10.7789,2.5716,10.7789,7.2600,1,4.473,9.589
302,DATA_20260314_070000.BIN,2.5716,13.0355,4.0054,13.0355,1.4960,1,4.440,6.419
303,DATA_20260314_070000.BIN,4.0054,13.4514,4.7898,13.4514,6.5340,1,2.554,7.263
304,DATA_20260314_070000.BIN,0.7364,14.4674,2.4255,14.4674,5.5440,1,2.459,4.919
305,DATA_20260314_070000.BIN,2.4255,11.4723,2.4270,11.4723,4.5100,1,3.714,7.619
306,DATA_20260314_070000.BIN,2.4270,12.8820,5.1438,12.8820,4.1690,1,1.662,2.313
307,DATA_20260314_070000.BIN,2.0529,14.6023,6.1219,14.6023,9.6250,1,5.551,12.611
308,DATA_20260314_070000.BIN,1.5750,14.8068,4.5226,14.8068,8.3820,1,4.354,8.341
309,DATA_20260314_070000.BIN,3.1764,19.1912,1.3577,19.1912,6.4460,1,7.970,15.654
310,DATA_20260314_070000.BIN,1.3577,10.5494,1.7184,10.5494,3.6850,1,3.710,11.291
311,DATA_20260314_070000.BIN,2.7644,14.6856,2.2320,14.6856,8.7890,1,1.009,1.012
312,DATA_20260314_070000.BIN,2.2320,10.4129,2.4618,10.4129,8.4590,1,4.288,5.265
313,DATA_20260314_070000.BIN,2.4618,9.4813,0.7355,9.4813,4.7740,1,0.601,6.877
314,DATA_20260314_070000.BIN,0.7355,17.5858,4.3784,17.5858,5.2910,1,2.855,5.975
315,DATA_20260314_070000.BIN,0.9239,15.8044,1.9406,15.8044,7.5680,1,3.932,5.901
316,DATA_20260314_070000.BIN,1.9406,18.3991,9.8901,18.3991,7.3480,1,1.970,4.574
317,DATA_20260314_070000.BIN,5.7512,13.9257,2.2095,13.9257,8.9100,1,6.037,7.076
318,DATA_20260314_070000.BIN,1.1844,10.4554,4.5157,10.4554,9.6140,1,2.343,7.662
319,DATA_20260314_070000.BIN,0.5705,15.7532,0.4461,15.7532,8.3930,1,2.896,6.141
320,DATA_20260314_070000.BIN,0.3630,18.3635,0.7950,18.3635,6.1160,1,2.764,3.738
321,DATA_20260314_070000.BIN,2.0996,10.2843,2.2528,10.2843,1.3090,1,4.633,5.957
322,DATA_20260314_070000.BIN,1.9138,13.2798,1.7481,13.2798,2.7500,1,5.883,12.801
323,DATA_20260314_070000.BIN,1.7481,9.6614,2.6405,9.6614,4.0810,1,0.877,2.826
324,DATA_20260314_070000.BIN,1.7365,11.2321,4.0316,11.2321,5.1920,1,1.121,3.498
325,DATA_20260314_070000.BIN,2.6675,11.1202,3.5150,11.1202,2.8270,1,4.977,6.332
326,DATA_20260314_070000.BIN,4.3927,20.7788,3.1306,20.7788,4.4550,1,7.133,11.307
327,DATA_20260314_070000.BIN,3.1306,8.5984,2.1109,8.5984,4.5760,1,3.643,3.965
328,DATA_20260314_070000.BIN,4.3664,11.7322,2.4614,11.7322,4.5650,1,5.374,6.881
329,DATA_20260314_070000.BIN,1.1846,9.5394,3.1403,9.5394,6.4240,1,1.181,5.262
330,DATA_20260314_070000.BIN,3.5799,10.6532,2.7915,10.6532,3.9380,1,6.716,16.435
331,DATA_20260314_070000.BIN,0.8169,9.1940,1.1408,9.1940,8.5140,1,0.711,12.252
332,DATA_20260314_070000.BIN,1.1408,9.4388,1.8943,9.4388,6.0390,1,2.637,10.747
333,DATA_20260314_070000.BIN,1.3798,12.0066,6.6597,12.0066,8.5140,1,0.316,12.708
334,DATA_20260314_070000.BIN,6.6597,12.1926,2.1132,12.1926,5.1700,1,8.572,12.471
335,DATA_20260314_070000.BIN,0.2846,9.4768,0.1326,9.4768,7.7660,1,1.333,10.797
336,DATA_20260314_070000.BIN,0.1326,8.7693,0.5466,8.7693,4.8290,1,1.183,10.249
337,DATA_20260314_070000.BIN,2.8161,9.9308,0.8467,9.9308,8.8990,1,4.263,11.111
338,DATA_20260314_080000.BIN,6.7731,14.4541,4.2331,14.4541,2.5850,1,3.744,5.015
339,DATA_20260314_080000.BIN,8.0113,15.4671,9.4845,15.4671,2.6180,1,1.791,5.224
340,DATA_20260314_080000.BIN,10.1591,17.7032,10.3506,17.7032,8.3490,1,1.595,2.515
341,DATA_20260314_080000.BIN,10.3506,18.5773,9.6468,18.5773,5.0270,1,1.208,1.390
342,DATA_20260314_080000.BIN,3.8285,14.2972,3.5233,14.2972,9.6800,1,8.630,8.674
343,DATA_20260314_080000.BIN,3.5233,15.8882,4.9972,15.8882,7.3700,1,11.348,11.417
344,DATA_20260314_080000.BIN,9.7342,18.3410,6.0009,18.3410,2.5520,1,5.656,5.757
345,DATA_20260314_080000.BIN,6.0419,14.4666,3.3865,14.4666,6.3030,1,5.445,6.310
346,DATA_20260314_080000.BIN,3.3865,14.7368,3.9313,14.7368,3.0360,1,5.910,6.054
347,DATA_20260314_080000.BIN,3.6361,9.9991,0.3436,9.9991,8.7230,1,5.218,6.143
348,DATA_20260314_080000.BIN,1.1498,7.7254,3.0806,7.7254,3.6850,1,7.754,8.912
349,DATA_20260314_080000.BIN,3.0383,12.0298,4.4972,12.0298,3.9820,1,9.455,10.210
350,DATA_20260314_080000.BIN,1.2841,6.1886,0.7511,6.1886,7.3480,1,7.994,11.322
351,DATA_20260314_080000.BIN,0.7511,10.5623,0.5655,10.5623,4.3120,1,5.257,9.368
352,DATA_20260314_080000.BIN,5.4760,34.7366,8.9424,34.7366,4.7410,1,5.761,15.005
353,DATA_20260314_080000.BIN,8.9424,24.1360,3.9034,24.1360,2.0240,1,11.672,12.000
354,DATA_20260314_080000.BIN,0.6057,9.8591,1.2048,9.8591,2.6510,1,3.654,6.785
355,DATA_20260314_080000.BIN,1.4414,10.6360,1.1259,10.6360,9.5920,1,5.255,5.262
356,DATA_20260314_080000.BIN,1.1259,13.2061,5.4868,13.2061,5.4340,1,2.316,7.064
357,DATA_20260314_080000.BIN,1.4069,9.2675,1.8096,9.2675,7.4470,1,4.533,6.423
358,DATA_20260314_080000.BIN,1.8096,14.2173,1.4884,14.2173,6.7650,1,3.396,5.025
359,DATA_20260314_080000.BIN,2.9187,9.3800,0.6770,9.3800,4.5430,1,5.276,10.002
360,DATA_20260314_080000.BIN,2.6207,11.2798,0.6412,11.2798,8.5690,1,5.023,5.054
361,DATA_20260314_080000.BIN,0.6412,8.3030,1.4929,8.3030,4.3120,1,2.998,10.280
362,DATA_20260314_080000.BIN,0.3354,6.5708,0.7341,6.5708,6.1050,1,1.835,3.146
363,DATA_20260314_080000.BIN,0.7341,8.2704,0.6473,8.2704,9.1850,1,3.106,10.562
364,DATA_20260314_080000.BIN,0.6473,13.7729,7.6936,13.7729,3.6740,1,1.494,10.006
365,DATA_20260314_080000.BIN,7.6936,15.2866,0.6262,15.2866,2.9590,1,7.732,8.607
366,DATA_20260314_080000.BIN,1.1332,8.6053,1.2272,8.6053,4.7520,1,3.223,7.448
367,DATA_20260314_080000.BIN,7.5225,12.9259,8.6357,12.9259,8.8110,1,11.064,16.137
368,DATA_20260314_080000.BIN,2.9883,55.4556,3.6164,55.4556,8.7890,1,4.907,5.588
369,DATA_20260314_080000.BIN,3.6164,12.0125,3.0904,12.0125,1.1990,1,3.726,3.740
370,DATA_20260314_080000.BIN,3.0904,14.2265,2.2670,14.2265,2.5740,1,4.597,4.868
371,DATA_20260314_080000.BIN,2.2670,8.6067,1.2321,8.6067,3.2450,1,3.097,4.381
372,DATA_20260314_080000.BIN,1.2321,6.4594,2.1146,6.4594,5.4780,1,1.524,4.592
373,DATA_20260314_080000.BIN,6.4141,16.7091,6.6534,16.7091,3.3330,1,10.400,20.457
374,DATA_20260314_080000.BIN,0.7558,41.5261,4.7766,41.5261,7.1830,1,0.384,11.582
375,DATA_20260314_080000.BIN,2.3937,8.7845,1.1351,8.7845,8.1400,1,2.819,6.906
376,DATA_20260314_080000.BIN,1.1351,54.5379,6.8360,54.5379,3.8500,1,1.058,10.644
377,DATA_20260314_080000.BIN,6.8360,13.1711,4.9662,13.1711,4.8730,1,8.214,10.118
378,DATA_20260314_080000.BIN,4.9662,10.9718,1.0019,10.9718,4.9830,1,5.863,5.974
379,DATA_20260314_080000.BIN,20.4583,26.3502,1.0986,26.3502,2.9920,1,26.657,29.011
380,DATA_20260314_080000.BIN,1.0986,8.4998,2.3817,8.4998,3.2120,1,4.493,5.044
381,DATA_20260314_080000.BIN,2.3817,33.2417,7.2938,33.2417,4.2130,1,1.766,5.792
382,DATA_20260314_080000.BIN,2.1231,14.1842,6.3479,14.1842,2.8710,1,3.129,5.405
383,DATA_20260314_080000.BIN,6.3479,28.3342,6.0413,28.3342,2.8380,1,6.691,6.778
384,DATA_20260314_080000.BIN,1.2100,25.5545,2.6680,25.5545,5.4010,1,3.878,5.694
385,DATA_20260314_080000.BIN,2.6680,26.1937,1.0577,26.1937,3.3770,1,2.488,2.702
386,DATA_20260314_080000.BIN,1.0577,11.5445,1.0492,11.5445,3.9270,1,1.262,1.271
387,DATA_20260314_080000.BIN,1.0492,33.5663,0.8134,33.5663,4.0920,1,1.503,1.505
388,DATA_20260314_080000.BIN,1.0295,34.9560,4.0929,34.9560,7.1170,1,2.249,8.943
389,DATA_20260314_080000.BIN,0.3631,23.3872,15.4719,23.3872,5.3900,1,3.705,13.111
390,DATA_20260314_080000.BIN,15.4719,38.0858,2.0158,38.0858,4.3890,1,20.098,20.223
391,DATA_20260314_080000.BIN,2.0158,22.5743,0.2531,22.5743,9.5590,1,2.811,4.296
392,DATA_20260314_080000.BIN,0.2531,19.9910,8.5287,19.9910,6.8640,1,0.562,3.448
393,DATA_20260314_080000.BIN,8.5287,20.6503,8.6945,20.6503,5.7640,1,10.086,10.452
394,DATA_20260314_080000.BIN,8.6945,31.7730,5.2883,31.7730,6.9850,1,9.519,10.421
395,DATA_20260314_080000.BIN,5.2883,42.5799,9.7257,42.5799,7.2490,1,4.799,6.873
396,DATA_20260314_080000.BIN,9.7257,47.1192,4.6931,47.1192,4.0590,1,9.304,9.576
397,DATA_20260314_080000.BIN,4.6931,40.0154,28.8399,40.0154,5.8190,1,3.086,5.344
398,DATA_20260314_080000.BIN,23.5692,38.1033,3.6865,38.1033,3.4100,1,24.814,25.164
399,DATA_20260314_080000.BIN,3.6865,11.7945,0.5602,11.7945,2.9370,1,2.977,6.069
400,DATA_20260314_080000.BIN,1.6334,12.3668,1.2321,12.3668,3.4870,1,7.386,13.051
401,DATA_20260314_080000.BIN,1.2321,19.1659,4.8266,19.1659,4.2020,1,5.157,5.207
402,DATA_20260314_080000.BIN,4.8266,18.1003,8.9137,18.1003,8.2500,1,3.991,7.859
403,DATA_20260314_080000.BIN,4.0332,15.2727,1.2415,15.2727,3.1790,1,7.445,10.453
404,DATA_20260314_080000.BIN,1.2415,22.7622,11.8390,22.7622,5.0380,1,4.907,5.420
405,DATA_20260314_080000.BIN,16.6528,44.4594,1.3829,44.4594,4.9170,1,17.046,18.833
406,DATA_20260314_080000.BIN,1.3829,9.5409,2.4004,9.5409,9.3060,1,5.055,5.662
407,DATA_20260314_080000.BIN,2.3522,12.2237,3.5157,12.2237,2.2110,1,6.971,6.994
408,DATA_20260314_080000.BIN,3.5157,12.1189,0.8249,12.1189,2.5960,1,7.787,7.788
409,DATA_20260314_080000.BIN,0.8249,8.1251,2.6372,8.1251,4.2350,1,4.355,7.189
410,DATA_20260314_080000.BIN,2.6372,8.8422,1.3813,8.8422,3.6080,1,1.060,6.505
411,DATA_20260314_080000.BIN,1.3813,7.7519,1.1531,7.7519,5.8300,1,1.115,1.758
412,DATA_20260314_080000.BIN,1.1531,15.8150,0.9566,15.8150,2.9370,1,2.647,3.105
413,DATA_20260314_080000.BIN,0.9566,14.1667,3.2861,14.1667,1.4520,1,3.294,3.352
414,DATA_20260314_080000.BIN,1.6262,17.4123,2.8283,17.4123,4.4770,1,4.116,4.672
415,DATA_20260314_080000.BIN,2.8283,17.2551,2.0196,17.2551,5.2360,1,5.052,8.364
416,DATA_20260314_080000.BIN,2.0196,12.0463,1.4216,12.0463,2.8050,1,1.791,4.651
417,DATA_20260314_080000.BIN,1.4216,13.3047,0.5484,13.3047,3.6630,1,2.992,3.074
418,DATA_20260314_080000.BIN,2.6906,13.3314,0.6776,13.3314,2.2000,1,2.582,5.618
419,DATA_20260314_080000.BIN,0.6776,15.3869,1.0564,15.3869,8.7340,1,0.841,4.773
420,DATA_20260314_080000.BIN,1.0564,8.5181,2.0627,8.5181,3.3990,1,1.040,12.582
421,DATA_20260314_080000.BIN,2.0627,11.7992,0.9266,11.7992,4.4990,1,2.597,2.647
422,DATA_20260314_080000.BIN,0.7110,7.7456,1.0291,7.7456,8.5580,1,0.521,3.543
423,DATA_20260314_080000.BIN,6.7884,15.9556,3.1982,15.9556,2.2550,1,6.169,12.742
424,DATA_20260314_080000.BIN,3.1982,11.8917,6.2415,11.8917,9.1960,1,3.774,3.778
425,DATA_20260314_080000.BIN,1.1844,10.0525,2.3232,10.0525,2.1450,1,2.667,5.409
426,DATA_20260314_080000.BIN,3.3978,15.9893,6.5142,15.9893,2.2220,1,5.928,12.642
427,DATA_20260314_080000.BIN,6.5142,24.9052,9.0164,24.9052,8.0960,1,8.919,11.917
428,DATA_20260314_080000.BIN,9.0164,19.2262,12.2138,19.2262,8.8220,1,10.574,10.639
429,DATA_20260314_080000.BIN,12.2138,19.0464,12.1908,19.0464,9.8340,1,13.504,13.659
430,DATA_20260314_080000.BIN,7.9315,20.6228,4.5238,20.6228,4.7080,1,6.486,6.560
431,DATA_20260314_080000.BIN,4.5238,23.4886,2.1191,23.4886,4.2680,1,5.536,5.823
432,DATA_20260314_080000.BIN,2.1191,11.8705,4.5686,11.8705,3.9270,1,1.403,1.932
433,DATA_20260314_080000.BIN,4.5686,11.5814,6.2964,11.5814,2.7280,1,6.638,8.967
434,DATA_20260314_080000.BIN,6.2964,15.2090,5.2089,15.2090,5.7860,1,10.712,12.033
435,DATA_20260314_080000.BIN,5.2089,15.7100,1.1974,15.7100,3.5090,1,6.988,10.461
436,DATA_20260314_080000.BIN,1.1974,16.2097,4.9461,16.2097,6.6440,1,2.493,6.791
437,DATA_20260314_080000.BIN,0.1488,15.8974,6.2860,15.8974,4.1690,1,2.372,4.771
438,DATA_20260314_080000.BIN,6.2860,57.2251,43.2894,57.2251,3.0360,1,4.794,8.705
439,DATA_20260314_080000.BIN,6.7896,31.1101,3.8562,31.1101,2.8490,1,9.181,9.285
440,DATA_20260314_080000.BIN,3.8562,14.6880,6.4160,14.6880,2.1450,1,4.381,4.900
441,DATA_20260314_080000.BIN,6.4160,16.1071,2.9987,16.1071,2.9260,1,9.368,11.871
442,DATA_20260314_080000.BIN,2.9987,15.9946,7.1483,15.9946,1.9690,1,3.124,5.141
443,DATA_20260314_080000.BIN,6.4522,13.2747,4.2293,13.2747,3.6960,1,6.679,6.862
444,DATA_20260314_080000.BIN,4.2293,14.8538,5.9898,14.8538,3.6960,1,4.591,9.366
445,DATA_20260314_080000.BIN,5.9898,27.4176,3.6794,27.4176,1.5180,1,7.516,12.549
446,DATA_20260314_080000.BIN,3.6794,17.0733,10.7310,17.0733,4.1910,1,1.992,2.572
447,DATA_20260314_080000.BIN,10.7310,17.8372,3.2032,17.8372,1.8370,1,12.129,13.829
448,DATA_20260314_080000.BIN,3.2032,12.3082,2.1109,12.3082,2.4420,1,0.369,0.622
449,DATA_20260314_080000.BIN,2.1109,23.2842,6.9064,23.2842,2.5740,1,2.573,7.702
450,DATA_20260314_080000.BIN,6.9064,16.7384,11.1696,16.7384,3.5970,1,9.387,10.171
451,DATA_20260314_080000.BIN,2.3512,13.2435,1.8275,13.2435,9.2620,1,3.950,14.613
452,DATA_20260314_080000.BIN,4.5405,24.6791,11.3998,24.6791,5.8190,1,6.554,7.808
453,DATA_20260314_080000.BIN,12.1455,19.7006,0.8561,19.7006,4.3010,1,16.630,20.155
454,DATA_20260314_080000.BIN,0.8561,40.4195,1.1415,40.4195,7.4250,1,1.809,2.635
455,DATA_20260314_080000.BIN,1.1415,15.4241,1.3437,15.4241,5.7200,1,1.179,4.272
456,DATA_20260314_080000.BIN,1.3437,26.8545,3.6752,26.8545,5.5660,1,4.168,6.418
457,DATA_20260314_080000.BIN,3.6752,14.9279,1.4607,14.9279,2.3650,1,6.556,6.759
458,DATA_20260314_080000.BIN,1.4607,32.8720,2.9834,32.8720,3.1240,1,1.552,1.847
459,DATA_20260314_080000.BIN,2.9834,15.7606,4.8472,15.7606,3.8060,1,1.240,6.065
460,DATA_20260314_080000.BIN,4.8472,15.3303,8.2099,15.3303,3.5310,1,7.296,10.707
461,DATA_20260314_080000.BIN,8.2099,15.4216,5.1702,15.4216,4.1140,1,10.701,12.348
462,DATA_20260314_080000.BIN,5.1702,17.1007,7.0877,17.1007,5.2140,1,6.579,10.226
463,DATA_20260314_080000.BIN,7.0877,18.0657,7.2334,18.0657,5.0710,1,6.958,8.658
464,DATA_20260314_080000.BIN,3.3398,32.3987,0.9847,32.3987,6.1270,1,1.101,1.804
465,DATA_20260314_080000.BIN,2.7347,12.5710,2.6626,12.5710,7.3700,1,0.793,1.485
466,DATA_20260314_080000.BIN,1.4017,17.3625,1.9449,17.3625,4.9390,1,4.240,5.791
467,DATA_20260314_080000.BIN,2.7069,7.8092,3.0713,7.8092,6.2260,1,1.659,6.679
468,DATA_20260314_080000.BIN,3.0713,35.6720,13.6961,35.6720,3.6190,1,5.867,5.906
469,DATA_20260314_080000.BIN,6.5908,22.0989,3.0826,22.0989,1.5620,1,5.671,10.088
470,DATA_20260314_080000.BIN,3.0826,12.8172,3.3071,12.8172,8.8110,1,2.039,2.120
471,DATA_20260314_080000.BIN,3.3071,25.4059,1.9744,25.4059,5.6100,1,2.333,4.193
472,DATA_20260314_080000.BIN,1.9744,10.5945,4.3581,10.5945,8.8990,1,0.750,1.532
473,DATA_20260314_080000.BIN,12.7737,19.2352,2.7344,19.2352,5.2580,1,13.627,13.919
474,DATA_20260314_080000.BIN,7.9969,19.5627,8.9316,19.5627,2.0570,1,7.146,9.532
475,DATA_20260314_080000.BIN,8.9316,23.0453,6.4733,23.0453,6.4130,1,7.130,7.153
476,DATA_20260314_080000.BIN,6.4733,23.1943,4.0746,23.1943,6.7430,1,3.058,4.088
477,DATA_20260314_080000.BIN,4.0746,26.4905,17.5058,26.4905,8.6130,1,4.118,5.094
478,DATA_20260314_080000.BIN,17.5058,24.2734,18.1903,24.2734,6.7760,1,19.711,27.182
479,DATA_20260314_080000.BIN,18.1903,23.3366,17.4057,23.3366,5.3460,1,18.782,26.042
480,DATA_20260314_080000.BIN,17.4057,25.9013,16.4946,25.9013,6.9740,1,14.331,14.340
481,DATA_20260314_080000.BIN,16.4946,22.9313,15.0141,22.9313,4.5320,1,13.163,14.320
482,DATA_20260314_080000.BIN,1.0322,9.8445,2.9295,9.8445,3.9600,1,10.103,12.451
483,DATA_20260314_080000.BIN,2.9295,12.0060,2.1488,12.0060,7.4030,1,7.389,12.711
484,DATA_20260314_080000.BIN,2.1488,42.5629,28.3168,42.5629,7.2930,1,11.761,14.749
485,DATA_20260314_080000.BIN,12.6201,44.4954,24.9427,44.4954,3.2450,1,21.968,23.712
486,DATA_20260314_080000.BIN,24.9427,59.6001,53.7943,59.6001,5.7750,1,32.970,36.071
487,DATA_20260314_080000.BIN,53.7943,59.6055,0.3993,59.6055,4.3120,1,71.078,74.619
488,DATA_20260314_080000.BIN,0.3993,16.5643,1.9121,16.5643,2.6510,1,9.293,11.016
489,DATA_20260314_080000.BIN,7.6340,28.6631,5.2453,28.6631,1.9360,1,14.612,14.762
490,DATA_20260314_080000.BIN,5.2453,48.5017,23.3525,48.5017,5.8190,1,8.170,10.187
491,DATA_20260314_080000.BIN,23.3525,39.4553,12.0767,39.4553,2.1340,1,21.830,22.209
492,DATA_20260314_080000.BIN,12.0767,44.0305,29.2885,44.0305,6.5010,1,19.480,25.082
493,DATA_20260314_080000.BIN,29.2885,42.3113,6.8869,42.3113,2.9040,1,27.548,28.368
494,DATA_20260314_080000.BIN,9.5555,22.2204,8.6614,22.2204,3.6300,1,17.839,22.048
495,DATA_20260314_080000.BIN,8.6614,19.0959,3.5155,19.0959,2.6510,1,14.596,19.698
496,DATA_20260314_080000.BIN,3.5155,18.1156,2.5589,18.1156,4.6200,1,3.029,5.501
497,DATA_20260314_080000.BIN,11.0676,29.1798,1.9658,29.1798,1.7600,1,19.171,20.886
498,DATA_20260314_080000.BIN,2.9449,11.3731,3.9073,11.3731,2.1450,1,7.265,7.613
499,DATA_20260314_080000.BIN,3.9073,14.4480,0.7025,14.4480,1.4960,1,8.173,8.173
500,DATA_20260314_080000.BIN,0.7025,9.8432,3.9778,9.8432,3.1570,1,3.207,5.352
501,DATA_20260314_080000.BIN,3.9778,42.9927,19.0530,42.9927,7.9640,1,8.548,10.405
502,DATA_20260314_080000.BIN,52.6824,59.7411,11.5017,59.7411,6.8310,1,67.809,70.307
503,DATA_20260314_080000.BIN,11.5017,54.1726,8.0093,54.1726,5.3460,1,4.679,5.199
504,DATA_20260314_080000.BIN,8.0093,13.0148,3.3902,13.0148,3.3220,1,11.871,15.386
505,DATA_20260314_080000.BIN,3.3902,11.5176,1.1672,11.5176,2.2220,1,11.325,13.779
506,DATA_20260314_080000.BIN,1.1672,17.6105,5.0355,17.6105,4.5650,1,8.161,11.499
507,DATA_20260314_080000.BIN,5.0355,12.7564,2.2026,12.7564,3.6740,1,8.459,9.799
508,DATA_20260314_080000.BIN,2.2026,17.7311,2.1527,17.7311,7.8100,1,8.762,8.953
509,DATA_20260314_080000.BIN,3.7560,27.8248,6.8360,27.8248,4.2900,1,9.824,10.027
510,DATA_20260314_080000.BIN,1.5969,15.0142,0.9216,15.0142,4.3450,1,5.292,7.389
511,DATA_20260314_080000.BIN,3.1936,12.2134,3.2357,12.2134,3.7840,1,0.479,2.352
512,DATA_20260314_080000.BIN,2.5098,15.7063,5.2467,15.7063,1.9140,1,6.902,7.180
513,DATA_20260314_080000.BIN,1.7829,13.0903,0.3338,13.0903,2.9590,1,4.564,10.348
514,DATA_20260314_080000.BIN,0.3338,15.7503,3.3333,15.7503,2.9590,1,2.108,5.177
515,DATA_20260314_080000.BIN,3.3333,18.7160,9.1031,18.7160,4.0370,1,3.848,9.747
516,DATA_20260314_080000.BIN,9.1031,15.2941,6.8476,15.2941,3.6300,1,8.535,9.651
517,DATA_20260314_080000.BIN,6.8476,14.5092,1.8160,14.5092,2.5740,1,6.169,9.128
518,DATA_20260314_080000.BIN,1.8160,11.7096,0.3587,11.7096,2.9480,1,5.635,5.805
519,DATA_20260314_080000.BIN,0.3587,12.2159,4.1630,12.2159,1.3200,1,2.789,10.806
520,DATA_20260314_080000.BIN,4.1630,15.6086,3.1280,15.6086,2.1560,1,5.541,10.368
521,DATA_20260314_080000.BIN,3.1280,16.7763,2.4796,16.7763,6.1050,1,1.227,4.119
522,DATA_20260314_080000.BIN,2.1702,44.2765,27.2811,44.2765,6.4350,1,3.703,6.777
523,DATA_20260314_080000.BIN,27.2811,35.2155,11.9683,35.2155,1.7270,1,30.033,30.582
524,DATA_20260314_080000.BIN,11.9683,28.2067,3.1378,28.2067,2.7280,1,9.398,9.448
525,DATA_20260314_080000.BIN,3.1378,22.4090,1.5196,22.4090,2.0020,1,8.260,9.270
526,DATA_20260314_080000.BIN,1.5196,11.9353,3.0693,11.9353,1.3200,1,7.341,12.596
527,DATA_20260314_080000.BIN,3.0693,25.3853,6.4027,25.3853,2.0460,1,2.747,2.749
528,DATA_20260314_080000.BIN,6.4027,21.0926,3.3342,21.0926,2.6400,1,10.028,12.661
529,DATA_20260314_080000.BIN,3.3342,43.6249,0.6522,43.6249,2.8270,1,1.789,2.065
530,DATA_20260314_080000.BIN,0.6522,27.7592,4.6367,27.7592,7.1940,1,3.173,4.045
531,DATA_20260314_080000.BIN,4.6367,27.9076,4.0212,27.9076,4.2680,1,9.061,9.991
532,DATA_20260314_080000.BIN,4.0212,17.4286,0.8047,17.4286,2.4860,1,3.273,4.916
533,DATA_20260314_080000.BIN,0.8047,18.8335,3.5463,18.8335,6.7100,1,3.428,4.895
534,DATA_20260314_080000.BIN,3.7424,9.1873,1.9105,9.1873,2.3650,1,3.713,4.102
535,DATA_20260314_080000.BIN,1.9105,59.6977,12.4015,59.6977,3.0030,1,4.367,4.560
536,DATA_20260314_080000.BIN,12.4015,56.2165,3.3932,56.2165,4.1250,1,12.680,13.296
537,DATA_20260314_080000.BIN,6.9038,14.1863,2.0058,14.1863,3.7950,1,11.908,14.317
538,DATA_20260314_080000.BIN,2.0058,10.6200,0.3763,10.6200,3.9050,1,4.453,5.789
539,DATA_20260314_080000.BIN,0.3763,21.0911,3.9026,21.0911,3.8390,1,1.187,4.557
540,DATA_20260314_080000.BIN,3.9026,12.6716,4.7651,12.6716,5.0160,1,3.886,5.917
541,DATA_20260314_080000.BIN,1.5204,39.8227,30.4033,39.8227,2.2550,1,3.323,4.325
542,DATA_20260314_080000.BIN,2.7470,10.5856,1.8492,10.5856,4.2130,1,3.776,4.766
543,DATA_20260314_080000.BIN,1.8492,52.2003,6.3410,52.2003,4.5870,1,3.192,3.310
544,DATA_20260314_080000.BIN,6.3410,42.8814,28.8540,42.8814,6.4680,1,7.465,7.572
545,DATA_20260314_080000.BIN,28.8540,39.2747,25.1197,39.2747,6.6770,1,33.894,34.645
546,DATA_20260314_080000.BIN,25.1197,38.0624,30.6082,38.0624,1.9690,1,25.844,26.292
547,DATA_20260314_080000.BIN,30.6082,55.0901,11.3572,55.0901,6.8860,1,30.036,30.329
548,DATA_20260314_080000.BIN,11.3572,55.2366,2.1777,55.2366,5.2910,1,4.881,9.885
549,DATA_20260314_080000.BIN,4.6712,14.6380,4.0795,14.6380,5.3570,1,15.980,17.630
550,DATA_20260314_080000.BIN,4.0845,11.6230,0.2089,11.6230,2.9920,1,13.737,15.194
551,DATA_20260314_080000.BIN,0.2089,10.8061,3.9439,10.8061,5.4230,1,6.782,6.788
552,DATA_20260314_080000.BIN,3.9439,13.5588,3.2590,13.5588,3.8610,1,11.184,11.761
553,DATA_20260314_080000.BIN,15.2538,20.0126,3.3605,20.0126,6.7980,1,24.654,25.772
554,DATA_20260314_080000.BIN,3.3605,13.5898,2.9905,13.5898,3.5420,1,6.316,6.871
555,DATA_20260314_080000.BIN,2.9905,12.3768,1.7822,12.3768,6.8750,1,5.839,6.881
556,DATA_20260314_080000.BIN,1.7822,29.8075,0.3782,29.8075,4.8070,1,4.751,10.110
557,DATA_20260314_080000.BIN,0.3782,8.7831,1.1352,8.7831,6.0060,1,1.693,4.274
558,DATA_20260314_080000.BIN,1.1352,34.7796,2.2195,34.7796,5.8520,1,3.196,9.036
559,DATA_20260314_080000.BIN,2.2195,10.2789,0.6486,10.2789,5.4560,1,3.353,4.947
560,DATA_20260314_080000.BIN,1.1193,8.8058,2.4731,8.8058,5.8190,1,1.146,3.188
561,DATA_20260314_080000.BIN,1.6561,8.7160,3.8710,8.7160,3.8280,1,3.244,6.576
562,DATA_20260314_080000.BIN,4.2029,10.7229,0.9902,10.7229,4.9940,1,5.472,5.825
563,DATA_20260314_080000.BIN,0.9902,9.7392,1.7715,9.7392,6.4240,1,1.449,6.117
564,DATA_20260314_080000.BIN,1.7715,12.5146,5.5334,12.5146,3.7180,1,1.388,3.489
565,DATA_20260314_080000.BIN,5.5334,13.9036,3.2978,13.9036,2.0350,1,7.359,9.373
566,DATA_20260314_080000.BIN,3.2978,32.8988,2.9050,32.8988,4.8400,1,3.601,7.769
567,DATA_20260314_080000.BIN,2.9050,9.1303,1.5034,9.1303,5.5220,1,3.670,4.320
568,DATA_20260314_080000.BIN,1.5034,9.7515,1.3704,9.7515,3.9820,1,2.941,2.996
569,DATA_20260314_080000.BIN,1.8925,17.7561,0.6763,17.7561,7.3370,1,3.452,5.444
570,DATA_20260314_080000.BIN,3.2848,13.9251,2.3523,13.9251,9.1960,1,3.252,6.003
571,DATA_20260314_080000.BIN,2.5583,47.6364,13.7241,47.6364,9.5150,1,3.336,6.793
572,DATA_20260314_080000.BIN,13.7241,46.5598,2.4414,46.5598,7.2600,1,17.375,20.684
573,DATA_20260314_080000.BIN,2.4414,10.5754,1.1098,10.5754,3.2890,1,3.387,7.746
574,DATA_20260314_080000.BIN,4.1394,15.2393,2.7614,15.2393,2.6730,1,7.644,10.780
575,DATA_20260314_080000.BIN,4.2686,45.1798,6.7750,45.1798,5.0380,1,4.141,8.666
576,DATA_20260314_080000.BIN,6.7750,50.3314,13.9753,50.3314,8.6460,1,6.948,7.233
577,DATA_20260314_080000.BIN,13.9753,45.6072,13.5705,45.6072,6.6000,1,15.512,17.289
578,DATA_20260314_080000.BIN,13.5705,45.7412,16.6908,45.7412,6.7650,1,14.047,16.022
579,DATA_20260314_080000.BIN,16.6908,48.4885,4.7430,48.4885,7.5460,1,16.472,19.025
580,DATA_20260314_080000.BIN,6.1627,14.5254,4.2843,14.5254,7.9090,1,12.898,14.445
581,DATA_20260314_080000.BIN,0.7481,10.8123,0.5442,10.8123,2.8490,1,4.728,5.005
582,DATA_20260314_080000.BIN,0.5442,47.4199,3.0847,47.4199,7.3480,1,4.635,4.787
583,DATA_20260314_080000.BIN,3.0847,15.9757,2.4963,15.9757,7.7770,1,3.601,5.903
584,DATA_20260314_080000.BIN,2.4963,11.0882,4.6375,11.0882,4.5430,1,7.368,8.376
585,DATA_20260314_080000.BIN,1.2453,13.8716,1.2391,13.8716,7.3040,1,3.776,4.522
586,DATA_20260314_080000.BIN,1.2391,13.2306,3.0127,13.2306,1.5730,1,3.685,4.284
587,DATA_20260314_080000.BIN,3.0127,15.0982,3.6336,15.0982,3.0910,1,4.896,6.515
588,DATA_20260314_080000.BIN,2.7553,11.5702,1.1234,11.5702,4.2350,1,6.298,10.536
589,DATA_20260314_080000.BIN,1.1234,13.5410,1.2137,13.5410,4.6200,1,0.745,3.378
590,DATA_20260314_080000.BIN,1.2137,16.2628,4.6922,16.2628,7.4140,1,2.106,2.161
591,DATA_20260314_080000.BIN,4.6922,18.9271,2.7616,18.9271,6.5010,1,7.116,17.124
592,DATA_20260314_080000.BIN,2.7616,49.3140,12.3121,49.3140,7.1500,1,3.516,7.098
593,DATA_20260314_080000.BIN,12.3121,45.3282,18.5949,45.3282,7.8760,1,15.388,19.464
594,DATA_20260314_080000.BIN,18.5949,47.2958,18.3286,47.2958,6.2480,1,21.222,24.053
595,DATA_20260314_080000.BIN,18.3286,46.8990,8.4163,46.8990,7.2490,1,18.229,19.332
596,DATA_20260314_080000.BIN,8.4163,17.5463,4.3738,17.5463,1.7380,1,6.391,10.446
597,DATA_20260314_080000.BIN,4.3738,14.1024,8.9090,14.1024,5.1810,1,12.177,13.664
598,DATA_20260314_080000.BIN,1.1302,15.6907,2.4291,15.6907,2.6180,1,4.387,5.150
599,DATA_20260314_080000.BIN,2.4291,52.5955,14.2688,52.5955,4.1800,1,3.466,4.668
600,DATA_20260314_080000.BIN,7.4434,47.1319,13.2874,47.1319,9.3280,1,4.723,5.153
601,DATA_20260314_080000.BIN,13.2874,44.4646,21.9021,44.4646,5.5990,1,12.383,16.278
602,DATA_20260314_080000.BIN,21.9021,44.5151,22.6725,44.5151,4.6860,1,21.389,23.253
603,DATA_20260314_080000.BIN,22.6725,56.0806,13.9578,56.0806,9.8780,1,20.155,21.627
604,DATA_20260314_080000.BIN,13.9578,52.7271,0.8455,52.7271,9.3500,1,6.573,6.573
605,DATA_20260314_080000.BIN,0.8455,14.6112,6.2545,14.6112,8.3930,1,9.580,9.772
606,DATA_20260314_080000.BIN,2.3683,18.8345,9.4347,18.8345,4.7520,1,11.454,12.184
607,DATA_20260314_080000.BIN,9.4347,20.6366,8.5743,20.6366,6.1600,1,18.948,19.305
608,DATA_20260314_080000.BIN,8.5743,17.8009,4.7984,17.8009,2.9700,1,16.836,16.995
609,DATA_20260314_080000.BIN,4.7984,20.3667,3.8731,20.3667,9.4930,1,9.652,9.652
610,DATA_20260314_080000.BIN,5.6181,15.0524,7.4872,15.0524,9.3170,1,11.122,11.997
611,DATA_20260314_080000.BIN,7.4872,18.5865,4.9190,18.5865,6.0940,1,10.249,10.251
612,DATA_20260314_080000.BIN,4.9190,14.8205,7.7344,14.8205,4.2790,1,8.627,8.965
613,DATA_20260314_080000.BIN,5.6527,17.9368,2.7839,17.9368,1.9360,1,6.427,10.209
614,DATA_20260314_080000.BIN,2.7839,10.8604,2.9826,10.8604,3.9930,1,0.170,6.677
615,DATA_20260314_080000.BIN,2.9826,35.0147,2.9094,35.0147,3.5090,1,2.114,4.205
616,DATA_20260314_090000.BIN,16.6290,22.1616,8.5123,22.1616,2.1010,1,62.034,73.984
617,DATA_20260314_090000.BIN,8.5123,21.5933,13.9755,21.5933,2.2550,1,124.684,126.613
618,DATA_20260314_090000.BIN,13.7098,21.1624,5.1775,21.1624,2.4750,1,39.426,45.477
619,DATA_20260314_090000.BIN,5.1775,19.9434,3.0882,19.9434,5.5660,1,22.080,28.834
620,DATA_20260314_090000.BIN,2.8544,23.7016,5.7996,23.7016,6.6000,1,20.243,32.977
621,DATA_20260314_090000.BIN,5.7996,21.4625,4.7088,21.4625,4.2240,1,20.321,25.634
622,DATA_20260314_090000.BIN,4.7088,11.6136,6.3622,11.6136,2.7390,1,18.520,25.387
623,DATA_20260314_090000.BIN,5.2583,14.3147,5.0518,14.3147,2.7170,1,17.586,26.670
624,DATA_20260314_090000.BIN,5.0518,22.1308,15.3236,22.1308,2.1230,1,15.376,19.663
625,DATA_20260314_090000.BIN,15.3236,22.0437,5.1689,22.0437,3.6960,1,86.706,87.821
626,DATA_20260314_090000.BIN,5.1689,10.9758,4.3566,10.9758,2.1340,1,11.419,14.922
627,DATA_20260314_090000.BIN,3.5163,24.3940,0.9245,24.3940,9.2620,1,13.314,18.848
628,DATA_20260314_090000.BIN,1.5801,12.0383,2.2210,12.0383,1.2320,1,10.279,16.886
629,DATA_20260314_090000.BIN,2.2210,11.3975,2.7601,11.3975,3.0250,1,11.539,18.079
630,DATA_20260314_090000.BIN,4.6290,12.4892,2.9819,12.4892,8.5250,1,9.368,11.183
631,DATA_20260314_090000.BIN,2.9819,14.5958,2.4785,14.5958,5.3790,1,4.887,8.065
632,DATA_20260314_090000.BIN,2.0788,18.3319,12.3211,18.3319,3.3110,1,2.068,3.005
633,DATA_20260314_090000.BIN,12.3211,22.0840,2.4523,22.0840,4.1690,1,16.105,18.085
634,DATA_20260314_090000.BIN,2.4523,11.6873,2.4113,11.6873,1.0670,1,6.451,9.149
635,DATA_20260314_090000.BIN,4.4067,21.0087,3.1251,21.0087,5.4230,1,8.903,9.544
636,DATA_20260314_090000.BIN,3.5350,10.3962,2.3906,10.3962,1.0120,1,10.214,12.737
637,DATA_20260314_090000.BIN,19.6427,26.5365,19.8515,26.5365,6.4020,1,74.528,76.454
638,DATA_20260314_090000.BIN,22.8840,29.2011,22.9837,29.2011,7.7110,1,55.792,57.200
639,DATA_20260314_090000.BIN,16.6425,26.5632,17.8927,26.5632,5.5770,1,71.503,72.728
640,DATA_20260314_090000.BIN,17.8927,26.7600,7.5778,26.7600,5.8960,1,5.847,13.874
641,DATA_20260314_090000.BIN,7.5778,25.2596,1.5779,25.2596,5.3020,1,88.651,88.669
642,DATA_20260314_090000.BIN,1.5779,11.9681,3.6951,11.9681,5.7310,1,30.006,30.056
643,DATA_20260314_090000.BIN,1.5007,23.8367,2.4676,23.8367,6.3250,1,30.880,30.880
644,DATA_20260314_090000.BIN,0.0531,7.7576,1.2067,7.7576,7.7000,1,24.769,24.939
645,DATA_20260314_090000.BIN,2.5757,19.1736,4.5738,19.1736,3.3880,1,23.962,23.966
646,DATA_20260314_090000.BIN,0.3426,7.0377,1.4119,7.0377,5.2140,1,23.258,24.026
647,DATA_20260314_090000.BIN,1.2954,7.6812,1.8252,7.6812,3.9160,1,22.331,22.740
648,DATA_20260314_090000.BIN,1.8252,17.8565,1.0798,17.8565,4.4110,1,16.464,17.246
649,DATA_20260314_090000.BIN,1.0798,16.5872,3.0789,16.5872,1.9910,1,17.625,19.030
650,DATA_20260314_090000.BIN,3.0789,21.0787,5.0354,21.0787,4.9060,1,13.635,14.568
651,DATA_20260314_090000.BIN,8.1356,25.9464,1.3290,25.9464,4.4000,1,14.352,14.990
652,DATA_20260314_090000.BIN,1.3290,6.0395,3.2388,6.0395,1.8260,1,11.123,11.374
653,DATA_20260314_090000.BIN,3.2388,11.0624,1.3560,11.0624,5.7310,1,14.458,15.996
654,DATA_20260314_090000.BIN,1.3560,9.1667,3.7886,9.1667,2.4970,1,11.795,12.039
655,DATA_20260314_090000.BIN,2.8495,8.2163,2.7100,8.2163,4.5430,1,12.143,12.156
656,DATA_20260314_090000.BIN,2.6430,17.5123,5.2704,17.5123,1.4190,1,6.758,8.262
657,DATA_20260314_090000.BIN,5.2704,19.6585,5.2390,19.6585,1.7820,1,9.792,9.976
658,DATA_20260314_090000.BIN,5.2390,31.3361,4.0196,31.3361,3.8720,1,10.865,11.776
659,DATA_20260314_090000.BIN,4.0196,23.0531,9.5674,23.0531,1.7710,1,4.214,7.058
660,DATA_20260314_090000.BIN,1.5404,9.8771,2.5722,9.8771,4.2460,1,6.167,7.160
661,DATA_20260314_090000.BIN,2.5722,25.3560,9.9789,25.3560,7.6670,1,4.967,4.978
662,DATA_20260314_090000.BIN,9.9789,18.4551,0.9458,18.4551,2.4420,1,9.909,9.953
663,DATA_20260314_090000.BIN,0.9458,14.0975,4.8526,14.0975,3.3880,1,3.338,7.431
664,DATA_20260314_090000.BIN,2.7376,17.1766,5.1649,17.1766,2.4200,1,8.859,8.859
665,DATA_20260314_090000.BIN,1.3043,8.3774,1.1346,8.3774,8.2170,1,3.990,4.764
666,DATA_20260314_090000.BIN,1.6721,20.4926,1.0926,20.4926,3.4100,1,8.704,9.690
667,DATA_20260314_090000.BIN,1.0926,10.5044,0.5328,10.5044,4.0590,1,3.440,3.440
668,DATA_20260314_090000.BIN,7.1428,23.3232,5.0236,23.3232,2.4310,1,10.698,11.034
669,DATA_20260314_090000.BIN,2.6745,9.6863,1.8877,9.6863,1.9580,1,7.776,8.065
670,DATA_20260314_090000.BIN,1.8877,9.3042,2.5357,9.3042,3.8390,1,3.482,3.516
671,DATA_20260314_090000.BIN,1.0884,27.0593,20.6225,27.0593,4.2350,1,2.200,2.761
672,DATA_20260314_090000.BIN,20.6225,27.6730,10.0164,27.6730,2.7170,1,77.978,78.732
673,DATA_20260314_090000.BIN,10.0164,28.6943,14.6639,28.6943,3.6300,1,7.862,8.425
674,DATA_20260314_090000.BIN,14.6639,27.7833,8.9156,27.7833,2.9040,1,91.713,92.941
675,DATA_20260314_090000.BIN,8.9156,13.5399,1.4862,13.5399,3.5530,1,10.789,10.850
676,DATA_20260314_090000.BIN,4.9372,10.4027,3.1566,10.4027,4.3340,1,12.917,12.989
677,DATA_20260314_090000.BIN,3.1566,9.7000,0.9434,9.7000,3.3440,1,20.239,20.268
678,DATA_20260314_090000.BIN,0.7322,10.0296,1.6375,10.0296,1.1110,1,15.181,15.529
679,DATA_20260314_090000.BIN,1.6375,10.9150,3.8080,10.9150,3.5640,1,13.993,14.255
680,DATA_20260314_090000.BIN,5.1789,29.8541,8.8467,29.8541,6.1710,1,16.632,17.210
681,DATA_20260314_090000.BIN,8.5919,14.4242,5.6463,14.4242,1.1880,1,9.779,12.795
682,DATA_20260314_090000.BIN,0.2786,12.4959,3.5669,12.4959,2.5740,1,9.555,9.597
683,DATA_20260314_090000.BIN,3.5669,12.0367,3.1776,12.0367,5.4670,1,13.403,13.541
684,DATA_20260314_090000.BIN,3.1776,19.6693,4.0994,19.6693,3.1680,1,8.185,9.072
685,DATA_20260314_090000.BIN,4.0994,12.9956,4.4869,12.9956,4.0480,1,11.589,11.616
686,DATA_20260314_090000.BIN,3.3011,12.2935,1.4627,12.2935,2.0460,1,4.964,5.035
687,DATA_20260314_090000.BIN,1.4627,7.4014,2.0545,7.4014,2.6510,1,7.088,7.552
688,DATA_20260314_090000.BIN,1.6785,8.1340,0.9877,8.1340,3.0360,1,3.594,3.962
689,DATA_20260314_090000.BIN,0.9877,11.8506,1.0814,11.8506,2.4310,1,5.848,5.885
690,DATA_20260314_090000.BIN,0.4759,6.3794,1.8876,6.3794,3.2780,1,3.833,9.177
691,DATA_20260314_090000.BIN,1.8876,10.9583,2.0034,10.9583,3.3990,1,4.177,4.545
692,DATA_20260314_090000.BIN,2.0034,11.1876,2.1187,11.1876,5.3130,1,2.584,5.627
693,DATA_20260314_090000.BIN,2.1187,8.8452,0.4695,8.8452,2.4090,1,4.406,4.682
694,DATA_20260314_090000.BIN,0.4695,6.9266,1.5452,6.9266,3.8390,1,4.557,6.047
695,DATA_20260314_090000.BIN,2.0971,12.2431,1.2141,12.2431,6.3360,1,2.324,2.731
696,DATA_20260314_090000.BIN,1.8796,6.4680,1.5148,6.4680,4.6310,1,1.717,1.783
697,DATA_20260314_090000.BIN,1.5148,16.1707,2.3813,16.1707,7.9200,1,3.195,3.473
698,DATA_20260314_090000.BIN,2.3813,12.7307,1.5664,12.7307,5.3460,1,4.917,6.606
699,DATA_20260314_090000.BIN,0.5230,6.4900,1.1465,6.4900,9.2400,1,3.537,4.040
700,DATA_20260314_090000.BIN,0.7690,6.6506,0.6260,6.6506,4.4000,1,3.270,4.804
701,DATA_20260314_090000.BIN,0.6260,7.3248,3.1144,7.3248,3.4870,1,2.459,2.655
702,DATA_20260314_090000.BIN,3.1144,8.1548,0.6821,8.1548,2.9150,1,5.760,6.486
703,DATA_20260314_090000.BIN,0.6821,14.6302,3.3598,14.6302,9.3500,1,1.408,2.732
704,DATA_20260314_090000.BIN,3.3598,25.9143,13.7723,25.9143,9.4270,1,4.552,7.228
705,DATA_20260314_090000.BIN,13.7723,20.9146,0.8591,20.9146,8.1400,1,16.158,18.899
706,DATA_20260314_090000.BIN,0.8591,8.3982,3.1171,8.3982,5.7750,1,2.394,3.720
707,DATA_20260314_090000.BIN,1.8033,6.3865,0.6255,6.3865,8.9980,1,6.327,7.960
708,DATA_20260314_090000.BIN,0.6255,9.5545,2.6249,9.5545,3.6190,1,3.691,8.151
709,DATA_20260314_090000.BIN,2.6249,16.0877,5.7469,16.0877,2.7830,1,3.538,3.742
710,DATA_20260314_090000.BIN,5.7469,26.9928,5.8594,26.9928,4.9500,1,7.656,7.656
711,DATA_20260314_090000.BIN,1.0028,14.9126,1.3605,14.9126,4.2240,1,0.153,0.350
712,DATA_20260314_090000.BIN,2.9820,26.4146,1.8481,26.4146,4.4550,1,4.838,4.863
713,DATA_20260314_090000.BIN,0.8331,26.1025,1.6215,26.1025,6.2040,1,3.245,3.600
714,DATA_20260314_090000.BIN,1.4598,21.9141,0.5475,21.9141,3.5970,1,2.851,5.657
715,DATA_20260314_090000.BIN,0.5475,11.9254,1.0551,11.9254,4.0260,1,1.873,3.206
716,DATA_20260314_090000.BIN,1.0551,23.4529,1.2200,23.4529,6.6880,1,1.527,1.967
717,DATA_20260314_090000.BIN,1.2200,19.8577,2.9888,19.8577,4.2790,1,4.164,4.723
718,DATA_20260314_090000.BIN,2.9888,8.2863,2.2254,8.2863,5.8520,1,5.156,5.373
719,DATA_20260314_090000.BIN,1.5605,5.5506,0.2196,5.5506,4.9720,1,2.040,6.143
720,DATA_20260314_090000.BIN,0.2196,10.2856,1.3520,10.2856,6.9410,1,5.762,9.824
721,DATA_20260314_090000.BIN,1.3520,8.5234,2.7302,8.5234,3.6960,1,7.348,10.706
722,DATA_20260314_090000.BIN,2.7302,10.3022,3.0328,10.3022,3.0580,1,9.813,15.028
723,DATA_20260314_090000.BIN,0.8492,10.7411,3.8662,10.7411,5.5330,1,4.615,9.203
724,DATA_20260314_090000.BIN,4.3866,10.5074,3.6460,10.5074,2.0240,1,5.851,5.912
725,DATA_20260314_090000.BIN,3.6460,12.5037,1.6079,12.5037,4.5870,1,4.562,7.808
726,DATA_20260314_090000.BIN,1.6455,13.9136,1.8036,13.9136,8.8880,1,2.675,2.683
727,DATA_20260314_090000.BIN,1.8036,18.2839,8.3262,18.2839,2.8820,1,6.316,8.331
728,DATA_20260314_090000.BIN,1.8491,14.4615,1.8561,14.4615,4.1910,1,2.828,2.833
729,DATA_20260314_090000.BIN,1.8561,6.5472,1.3989,6.5472,6.3580,1,2.619,4.298
730,DATA_20260314_090000.BIN,1.3989,10.2528,1.1366,10.2528,3.8500,1,1.019,2.777
731,DATA_20260314_090000.BIN,6.6406,15.9291,1.5640,15.9291,8.5910,1,8.885,12.034
732,DATA_20260314_090000.BIN,1.5640,9.5450,2.5177,9.5450,2.5520,1,3.497,4.108
733,DATA_20260314_090000.BIN,2.5177,10.0393,1.3548,10.0393,6.2370,1,3.189,3.979
734,DATA_20260314_090000.BIN,1.3548,10.7776,1.1261,10.7776,4.2130,1,0.654,1.343
735,DATA_20260314_090000.BIN,1.1261,15.4904,8.9565,15.4904,9.8890,1,2.941,4.154
736,DATA_20260314_090000.BIN,8.9565,15.9352,6.9287,15.9352,4.5760,1,10.210,11.619
737,DATA_20260314_090000.BIN,6.9287,11.1323,6.0501,11.1323,8.7670,1,5.006,6.932
738,DATA_20260314_090000.BIN,6.0501,11.3458,0.7755,11.3458,3.8720,1,6.476,6.551
739,DATA_20260314_090000.BIN,1.4336,15.8893,5.9563,15.8893,5.1920,1,3.866,4.078
740,DATA_20260314_090000.BIN,1.4049,8.3146,1.1136,8.3146,3.8720,1,3.848,4.096
741,DATA_20260314_090000.BIN,1.1136,20.9618,1.7067,20.9618,3.1240,1,4.829,6.051
742,DATA_20260314_090000.BIN,1.7067,16.9925,5.1775,16.9925,2.8820,1,4.948,6.453
743,DATA_20260314_090000.BIN,5.1775,22.9143,8.4832,22.9143,6.8200,1,7.759,7.848
744,DATA_20260314_090000.BIN,8.4832,15.2717,10.2598,15.2717,8.2060,1,10.848,18.010
745,DATA_20260314_090000.BIN,10.2598,17.9988,8.0069,17.9988,2.1230,1,10.795,14.621
746,DATA_20260314_090000.BIN,1.3229,19.9606,3.3537,19.9606,3.5530,1,7.099,12.673
747,DATA_20260314_090000.BIN,3.3537,25.2473,3.1625,25.2473,2.0020,1,1.423,5.258
748,DATA_20260314_090000.BIN,2.6079,16.2242,2.5328,16.2242,3.0910,1,7.055,11.435
749,DATA_20260314_090000.BIN,6.8961,16.8681,3.9042,16.8681,1.9690,1,11.622,12.091
750,DATA_20260314_090000.BIN,3.9042,21.2217,8.3938,21.2217,2.9920,1,7.354,8.012
751,DATA_20260314_090000.BIN,8.3938,20.3861,3.9393,20.3861,2.3320,1,8.814,16.661
752,DATA_20260314_090000.BIN,3.9393,12.9971,1.3734,12.9971,6.3910,1,8.664,8.884
753,DATA_20260314_090000.BIN,1.3734,10.3171,2.8686,10.3171,4.2680,1,1.736,2.127
754,DATA_20260314_090000.BIN,2.8686,8.3860,0.5215,8.3860,9.6140,1,7.066,7.608
755,DATA_20260314_090000.BIN,2.4227,10.6989,2.4514,10.6989,4.2790,1,10.124,13.128
756,DATA_20260314_090000.BIN,2.4514,10.8992,4.8323,10.8992,4.0150,1,8.426,10.428
757,DATA_20260314_090000.BIN,4.8323,9.4379,2.4778,9.4379,6.4130,1,8.013,8.595
758,DATA_20260314_090000.BIN,3.8380,24.7237,3.6164,24.7237,3.2780,1,9.108,10.341
759,DATA_20260314_090000.BIN,6.3626,20.1932,4.1136,20.1932,2.2000,1,8.741,8.921
760,DATA_20260314_090000.BIN,4.1136,10.9861,7.2395,10.9861,6.6990,1,2.068,4.304
761,DATA_20260314_090000.BIN,7.2395,12.6781,5.1619,12.6781,1.7160,1,8.903,8.933
762,DATA_20260314_090000.BIN,5.1619,16.4185,7.3564,16.4185,2.5300,1,8.590,10.176
763,DATA_20260314_090000.BIN,2.2434,25.6090,20.1977,25.6090,3.0360,1,4.933,5.296
764,DATA_20260314_090000.BIN,20.1977,26.9958,8.4140,26.9958,2.2000,1,27.934,33.452
765,DATA_20260314_090000.BIN,8.4140,14.9610,2.3722,14.9610,2.2660,1,8.659,9.901
766,DATA_20260314_090000.BIN,1.1686,7.2618,1.7393,7.2618,1.9910,1,2.846,3.797
767,DATA_20260314_090000.BIN,1.7393,9.2505,3.6552,9.2505,1.2540,1,5.587,5.954
768,DATA_20260314_090000.BIN,3.6552,9.6993,1.6371,9.6993,3.9600,1,7.953,9.405
769,DATA_20260314_090000.BIN,1.6371,9.7941,0.5885,9.7941,1.6170,1,1.305,1.620
770,DATA_20260314_090000.BIN,0.5885,11.1744,3.6038,11.1744,4.7630,1,4.904,6.336
771,DATA_20260314_090000.BIN,1.3100,8.8803,0.7034,8.8803,7.8760,1,2.777,2.836
772,DATA_20260314_090000.BIN,1.6308,8.8852,2.1124,8.8852,3.8610,1,3.593,3.643
773,DATA_20260314_090000.BIN,2.1124,7.4667,0.7436,7.4667,2.6290,1,2.592,2.595
774,DATA_20260314_090000.BIN,3.7549,10.0229,3.7181,10.0229,2.6400,1,4.143,5.986
775,DATA_20260314_090000.BIN,1.9771,11.9213,1.2948,11.9213,3.9050,1,1.268,3.446
776,DATA_20260314_090000.BIN,1.2948,12.5952,4.8198,12.5952,3.2230,1,3.095,3.370
777,DATA_20260314_090000.BIN,2.4273,15.5529,0.8282,15.5529,7.5020,1,4.690,4.969
778,DATA_20260314_090000.BIN,0.8282,20.5559,8.4639,20.5559,3.8170,1,2.472,2.889
779,DATA_20260314_090000.BIN,8.4639,18.6454,4.6049,18.6454,3.9380,1,8.103,13.898
780,DATA_20260314_090000.BIN,4.6049,25.1493,2.2353,25.1493,5.5660,1,7.721,7.949
781,DATA_20260314_090000.BIN,2.2353,12.2126,5.2700,12.2126,3.0030,1,3.088,3.480
782,DATA_20260314_090000.BIN,5.2700,13.2270,0.8779,13.2270,3.1020,1,5.468,6.669
783,DATA_20260314_090000.BIN,0.8779,12.9680,3.1013,12.9680,7.0180,1,0.771,2.369
784,DATA_20260314_090000.BIN,2.6621,10.9589,0.6283,10.9589,2.2110,1,1.657,3.028
785,DATA_20260314_090000.BIN,5.1228,11.5337,2.7226,11.5337,3.2340,1,3.710,13.404
786,DATA_20260314_090000.BIN,2.7226,14.7097,7.0250,14.7097,4.9830,1,1.507,2.481
787,DATA_20260314_090000.BIN,7.0250,12.2602,1.5442,12.2602,3.0360,1,5.380,7.786
788,DATA_20260314_090000.BIN,1.5442,21.8421,16.9161,21.8421,2.9920,1,1.679,1.738
789,DATA_20260314_090000.BIN,2.9145,23.5984,2.5704,23.5984,6.0940,1,5.260,5.320
790,DATA_20260314_090000.BIN,2.5704,8.8182,1.2314,8.8182,1.7600,1,2.971,5.224
791,DATA_20260314_090000.BIN,1.2314,9.0341,0.6915,9.0341,1.6940,1,0.546,2.798
792,DATA_20260314_090000.BIN,1.1861,8.2214,2.0107,8.2214,9.1520,1,4.846,6.409
793,DATA_20260314_090000.BIN,3.7627,24.6465,7.5475,24.6465,6.4790,1,4.165,5.049
794,DATA_20260314_090000.BIN,7.5475,25.9077,16.2272,25.9077,3.1240,1,10.620,10.661
795,DATA_20260314_090000.BIN,16.2272,26.2438,2.5955,26.2438,2.9260,1,91.852,94.117
796,DATA_20260314_090000.BIN,3.6781,11.1463,1.7108,11.1463,2.5960,1,12.114,12.376
797,DATA_20260314_090000.BIN,1.5914,9.9528,1.5699,9.9528,3.6740,1,9.988,11.814
798,DATA_20260314_090000.BIN,1.5699,18.1345,2.4419,18.1345,7.9970,1,11.340,11.492
799,DATA_20260314_090000.BIN,2.4419,11.1302,0.8246,11.1302,3.7840,1,8.179,10.171
800,DATA_20260314_090000.BIN,0.8246,8.4779,1.6185,8.4779,3.7180,1,7.377,7.635
801,DATA_20260314_090000.BIN,1.6185,25.2766,1.6685,25.2766,6.5010,1,8.251,8.453
802,DATA_20260314_090000.BIN,3.8247,8.7774,1.9480,8.7774,2.5080,1,8.076,8.190
803,DATA_20260314_090000.BIN,1.9480,9.1060,3.6064,9.1060,3.6190,1,6.157,8.200
804,DATA_20260314_090000.BIN,1.7108,11.9756,4.8121,11.9756,3.2670,1,7.268,7.372
805,DATA_20260314_090000.BIN,4.8121,24.4036,1.7019,24.4036,4.4220,1,7.252,8.214
806,DATA_20260314_090000.BIN,1.7019,11.1680,2.2110,11.1680,3.8830,1,3.477,4.047
807,DATA_20260314_090000.BIN,2.2110,37.2204,1.0978,37.2204,6.4240,1,6.835,7.066
808,DATA_20260314_090000.BIN,1.0978,9.5066,3.5738,9.5066,4.2240,1,4.219,5.546
809,DATA_20260314_090000.BIN,3.5738,9.8824,2.3713,9.8824,6.0720,1,7.171,7.177
810,DATA_20260314_090000.BIN,3.7077,9.4516,4.1265,9.4516,2.8380,1,4.291,4.506
811,DATA_20260314_090000.BIN,4.1265,13.1345,0.7731,13.1345,1.9580,1,3.877,5.150
812,DATA_20260314_090000.BIN,0.7731,15.8779,4.8527,15.8779,4.9390,1,2.410,2.629
813,DATA_20260314_090000.BIN,4.8527,11.4715,1.7494,11.4715,2.6070,1,7.092,7.160
814,DATA_20260314_090000.BIN,3.8166,22.2383,1.9992,22.2383,3.6190,1,5.700,5.785
815,DATA_20260314_090000.BIN,2.8290,22.9329,7.3674,22.9329,3.8390,1,2.889,2.889
816,DATA_20260314_090000.BIN,7.3674,25.7431,3.7027,25.7431,2.4420,1,19.115,21.206
817,DATA_20260314_090000.BIN,3.7027,35.9106,5.2679,35.9106,4.8840,1,9.183,10.328
818,DATA_20260314_090000.BIN,5.2679,20.9553,1.6783,20.9553,7.0510,1,7.785,7.815
819,DATA_20260314_090000.BIN,1.6783,12.3058,0.9881,12.3058,6.9300,1,2.768,4.790
820,DATA_20260314_090000.BIN,0.9881,8.8015,1.2470,8.8015,2.3650,1,2.453,2.642
821,DATA_20260314_090000.BIN,1.2470,6.8965,1.3517,6.8965,3.4210,1,3.205,3.965
822,DATA_20260314_090000.BIN,3.7258,24.7945,9.4609,24.7945,2.6840,1,6.426,6.545
823,DATA_20260314_090000.BIN,2.0218,24.4986,2.9827,24.4986,3.9710,1,3.461,3.563
824,DATA_20260314_090000.BIN,2.9827,8.5703,1.1512,8.5703,4.1250,1,3.911,3.959
825,DATA_20260314_090000.BIN,1.1512,10.3043,4.1495,10.3043,5.1150,1,1.419,1.427
826,DATA_20260314_090000.BIN,4.1495,12.3173,3.7507,12.3173,2.6620,1,5.528,6.652
827,DATA_20260314_090000.BIN,3.7507,11.6589,2.5398,11.6589,3.0800,1,5.598,5.674
828,DATA_20260314_090000.BIN,0.3521,21.9560,0.1006,21.9560,4.9940,1,0.419,1.244
829,DATA_20260314_090000.BIN,0.1006,10.8379,4.0942,10.8379,3.5420,1,7.797,12.870
830,DATA_20260314_090000.BIN,5.1942,19.8479,1.0370,19.8479,1.2430,1,5.934,6.236
831,DATA_20260314_090000.BIN,1.0370,10.1453,2.1046,10.1453,1.3420,1,4.056,6.214
832,DATA_20260314_090000.BIN,0.8111,9.8919,1.8547,9.8919,6.8640,1,3.554,4.068
833,DATA_20260314_090000.BIN,1.8547,6.6311,2.5626,6.6311,2.9040,1,4.156,4.298
834,DATA_20260314_090000.BIN,17.7476,24.9199,14.9355,24.9199,8.2610,1,27.923,29.027
835,DATA_20260314_090000.BIN,14.9355,24.0802,3.0756,24.0802,3.1020,1,20.577,21.799
836,DATA_20260314_090000.BIN,3.0756,7.5681,2.7418,7.5681,4.1800,1,9.776,9.809
837,DATA_20260314_090000.BIN,1.9256,24.3847,15.4600,24.3847,4.4880,1,4.883,9.289
838,DATA_20260314_090000.BIN,15.4600,25.7244,3.3151,25.7244,3.5090,1,86.585,87.587
839,DATA_20260314_090000.BIN,3.3151,8.9735,1.8289,8.9735,3.0030,1,15.836,15.875
840,DATA_20260314_090000.BIN,1.8289,24.5126,1.4915,24.5126,7.1500,1,13.235,13.803
841,DATA_20260314_090000.BIN,1.4915,9.1947,2.4885,9.1947,3.2230,1,7.454,9.754
842,DATA_20260314_090000.BIN,2.4885,9.6855,1.1955,9.6855,4.6090,1,7.787,7.787
843,DATA_20260314_090000.BIN,1.1955,24.0322,1.8889,24.0322,4.7300,1,9.045,9.928
844,DATA_20260314_090000.BIN,0.5597,8.8733,2.1882,8.8733,3.5860,1,7.955,8.518
845,DATA_20260314_090000.BIN,2.1882,10.0181,4.4012,10.0181,2.8050,1,9.553,9.937
846,DATA_20260314_090000.BIN,4.4012,11.9901,4.5501,11.9901,3.9930,1,11.830,11.830
847,DATA_20260314_090000.BIN,4.5501,22.6832,0.9224,22.6832,7.2490,1,4.244,4.762
848,DATA_20260314_090000.BIN,0.9224,9.7206,1.0610,9.7206,3.7840,1,4.578,5.855
849,DATA_20260314_090000.BIN,0.9283,8.8268,1.8802,8.8268,2.1890,1,3.873,4.096
850,DATA_20260314_090000.BIN,1.7032,26.4578,20.0797,26.4578,3.6960,1,6.042,6.504
851,DATA_20260314_090000.BIN,18.7734,27.0314,2.4965,27.0314,7.8430,1,79.572,79.685
852,DATA_20260314_090000.BIN,2.4965,25.9787,2.9814,25.9787,5.1590,1,14.222,14.378
853,DATA_20260314_090000.BIN,2.9814,7.7558,2.0419,7.7558,1.6610,1,8.939,9.172
854,DATA_20260314_090000.BIN,2.0761,11.4447,4.8154,11.4447,3.3660,1,5.856,7.419
855,DATA_20260314_090000.BIN,4.8154,23.3725,14.7176,23.3725,6.0830,1,11.275,11.679
856,DATA_20260314_090000.BIN,14.7176,20.9826,1.4100,20.9826,4.7960,1,21.482,21.553
857,DATA_20260314_090000.BIN,1.4100,13.2792,3.9775,13.2792,3.0910,1,8.627,8.648
858,DATA_20260314_090000.BIN,3.9775,10.6451,1.5610,10.6451,1.2100,1,4.114,4.185
859,DATA_20260314_090000.BIN,1.5610,11.6185,2.3556,11.6185,1.3310,1,5.288,5.441
860,DATA_20260314_090000.BIN,2.3556,12.0816,2.7398,12.0816,1.3530,1,6.244,6.917
861,DATA_20260314_090000.BIN,2.7398,8.7987,1.6674,8.7987,1.2540,1,0.763,1.445
862,DATA_20260314_090000.BIN,4.6046,9.7638,4.2273,9.7638,1.3970,1,9.950,10.019
863,DATA_20260314_090000.BIN,1.5791,9.9142,2.4599,9.9142,2.1340,1,5.789,5.884
864,DATA_20260314_090000.BIN,2.4599,12.4112,5.3648,12.4112,2.6950,1,4.667,5.138
865,DATA_20260314_090000.BIN,5.3648,9.7741,0.9727,9.7741,3.1460,1,10.622,10.824
866,DATA_20260314_090000.BIN,0.9727,8.2825,2.0340,8.2825,4.4990,1,0.312,4.110
867,DATA_20260314_090000.BIN,0.6587,24.6319,1.8227,24.6319,3.7070,1,3.374,3.392
868,DATA_20260314_100000.BIN,4.6288,23.2574,2.3794,23.2574,1.8810,1,15.562,33.467
869,DATA_20260314_100000.BIN,1.6037,28.5594,2.5994,28.5594,3.8390,1,19.872,31.796
870,DATA_20260314_100000.BIN,2.5994,15.2165,3.7736,15.2165,2.8600,1,16.165,26.065
871,DATA_20260314_100000.BIN,2.4507,16.1691,4.7653,16.1691,4.9610,1,13.742,29.268
872,DATA_20260314_100000.BIN,4.7653,11.5657,1.8570,11.5657,2.5080,1,10.494,25.456
873,DATA_20260314_100000.BIN,1.8570,13.9876,1.5385,13.9876,3.0470,1,12.281,33.943
874,DATA_20260314_100000.BIN,1.5385,10.1575,4.1653,10.1575,2.4530,1,11.738,19.458
875,DATA_20260314_100000.BIN,4.1653,13.2010,1.5600,13.2010,3.6300,1,14.512,27.476
876,DATA_20260314_100000.BIN,1.5600,8.7725,1.7415,8.7725,6.2590,1,11.337,29.186
877,DATA_20260314_100000.BIN,1.7415,12.0667,4.1304,12.0667,2.0900,1,6.953,12.831
878,DATA_20260314_100000.BIN,4.1304,12.5765,4.5111,12.5765,1.1110,1,7.212,14.575
879,DATA_20260314_100000.BIN,1.2802,32.0923,26.4998,32.0923,3.3000,1,8.258,13.770
880,DATA_20260314_100000.BIN,26.4998,32.3009,2.6374,32.3009,3.1020,1,109.611,114.100
881,DATA_20260314_100000.BIN,2.6374,11.6649,4.0088,11.6649,1.0780,1,2.787,7.651
882,DATA_20260314_100000.BIN,4.0833,14.0212,5.0088,14.0212,3.3220,1,7.404,7.762
883,DATA_20260314_100000.BIN,5.0088,32.4627,25.9417,32.4627,7.0400,1,3.562,3.591
884,DATA_20260314_100000.BIN,4.1431,14.4448,4.6303,14.4448,1.9250,1,2.014,5.564
885,DATA_20260314_100000.BIN,5.2952,32.8844,10.1964,32.8844,7.1060,1,6.664,6.724
886,DATA_20260314_100000.BIN,10.1964,17.1288,1.9820,17.1288,3.5750,1,7.521,7.526
887,DATA_20260314_100000.BIN,1.9820,11.1472,4.4037,11.1472,1.5950,1,5.223,8.936
888,DATA_20260314_100000.BIN,4.4037,14.3294,3.7132,14.3294,3.0470,1,3.399,4.181
889,DATA_20260314_100000.BIN,2.4067,31.8190,23.7524,31.8190,7.0070,1,8.283,9.518
890,DATA_20260314_100000.BIN,23.7524,31.9626,8.3617,31.9626,3.5640,1,33.820,39.393
891,DATA_20260314_100000.BIN,16.8281,31.2064,20.5831,31.2064,2.4310,1,17.539,17.793
892,DATA_20260314_100000.BIN,20.5831,32.7000,5.0281,32.7000,6.8530,1,21.774,21.895
893,DATA_20260314_100000.BIN,5.0281,15.8736,10.3228,15.8736,5.4340,1,8.094,8.391
894,DATA_20260314_100000.BIN,2.5361,14.8323,5.8434,14.8323,1.7710,1,9.852,9.891
895,DATA_20260314_100000.BIN,5.3902,12.7823,5.0872,12.7823,1.6720,1,6.534,9.423
896,DATA_20260314_100000.BIN,5.0872,14.0468,7.1784,14.0468,2.9150,1,8.892,9.663
897,DATA_20260314_100000.BIN,7.1784,14.2822,4.9009,14.2822,5.8080,1,10.910,11.061
898,DATA_20260314_100000.BIN,4.9009,23.1595,3.3829,23.1595,2.1230,1,2.374,3.723
899,DATA_20260314_100000.BIN,3.3829,27.6187,6.4657,27.6187,5.0380,1,9.746,10.718
900,DATA_20260314_100000.BIN,6.4657,19.8077,2.2807,19.8077,6.3250,1,0.622,7.027
901,DATA_20260314_100000.BIN,9.2350,16.5128,6.9927,16.5128,2.1560,1,14.686,15.610
902,DATA_20260314_100000.BIN,6.9927,25.1514,1.4336,25.1514,2.7500,1,12.181,13.030
903,DATA_20260314_100000.BIN,2.3899,12.4202,3.3682,12.4202,2.2110,1,4.050,8.026
904,DATA_20260314_100000.BIN,3.3682,13.9589,5.2243,13.9589,1.2650,1,2.877,4.249
905,DATA_20260314_100000.BIN,5.2243,13.3518,5.9715,13.3518,1.2100,1,5.017,6.393
906,DATA_20260314_100000.BIN,5.9715,13.4733,5.6412,13.4733,1.2870,1,5.089,6.277
907,DATA_20260314_100000.BIN,5.6412,18.8663,6.2645,18.8663,1.3090,1,4.731,5.167
908,DATA_20260314_100000.BIN,6.2645,16.3126,7.5743,16.3126,1.3090,1,3.931,3.947
909,DATA_20260314_100000.BIN,4.8540,17.0981,5.1582,17.0981,1.2650,1,2.926,2.928
910,DATA_20260314_100000.BIN,5.1582,16.3161,5.2341,16.3161,2.5190,1,2.873,3.271
911,DATA_20260314_100000.BIN,5.2341,14.8095,3.3943,14.8095,3.9050,1,5.960,6.669
912,DATA_20260314_100000.BIN,3.3943,30.9365,3.1404,30.9365,7.6010,1,3.925,4.044
913,DATA_20260314_100000.BIN,0.6456,11.8721,1.2752,11.8721,2.0130,1,5.052,5.274
914,DATA_20260314_100000.BIN,3.1772,9.4368,3.3038,9.4368,6.5780,1,3.097,4.597
915,DATA_20260314_100000.BIN,3.3038,13.4907,2.3992,13.4907,4.3230,1,7.790,7.792
916,DATA_20260314_100000.BIN,2.3992,13.1995,5.5585,13.1995,2.8930,1,2.049,7.715
917,DATA_20260314_100000.BIN,6.1998,11.0609,2.7493,11.0609,2.0240,1,4.640,4.640
918,DATA_20260314_100000.BIN,2.7493,15.5609,4.4451,15.5609,4.6200,1,8.029,9.380
919,DATA_20260314_100000.BIN,0.9871,32.3034,24.7794,32.3034,3.5200,1,3.015,4.038
920,DATA_20260314_100000.BIN,24.7794,32.2905,5.0475,32.2905,6.1710,1,36.439,37.860
921,DATA_20260314_100000.BIN,5.0475,11.4738,0.3610,11.4738,4.4990,1,11.005,11.288
922,DATA_20260314_100000.BIN,0.3610,14.8430,5.4347,14.8430,6.0830,1,6.153,10.010
923,DATA_20260314_100000.BIN,1.1050,10.2482,2.3901,10.2482,1.9800,1,4.390,5.090
924,DATA_20260314_100000.BIN,2.2504,13.3427,0.4679,13.3427,6.9080,1,0.470,5.931
925,DATA_20260314_100000.BIN,0.6414,7.6082,0.8370,7.6082,1.4630,1,3.698,3.822
926,DATA_20260314_100000.BIN,0.8370,13.6926,3.4554,13.6926,5.3350,1,3.712,4.025
927,DATA_20260314_100000.BIN,3.4554,31.6320,0.6299,31.6320,8.4700,1,3.221,5.161
928,DATA_20260314_100000.BIN,0.6299,15.6061,1.8992,15.6061,4.7190,1,3.264,3.600
929,DATA_20260314_100000.BIN,1.8992,8.9835,2.9049,8.9835,3.0360,1,4.552,6.721
930,DATA_20260314_100000.BIN,2.9049,14.9187,3.6188,14.9187,3.8830,1,4.814,11.587
931,DATA_20260314_100000.BIN,7.5223,18.5877,0.3521,18.5877,4.5870,1,11.187,12.135
932,DATA_20260314_100000.BIN,0.3521,12.3912,1.8475,12.3912,8.2500,1,1.540,2.332
933,DATA_20260314_100000.BIN,1.8475,9.7618,0.6048,9.7618,1.4630,1,2.897,3.101
934,DATA_20260314_100000.BIN,1.1594,10.3463,2.7698,10.3463,4.5210,1,3.771,5.986
935,DATA_20260314_100000.BIN,2.7698,8.8834,2.9404,8.8834,2.1670,1,3.271,3.581
936,DATA_20260314_100000.BIN,2.9404,18.4447,3.1990,18.4447,5.7530,1,4.254,4.738
937,DATA_20260314_100000.BIN,3.1990,15.2832,0.5715,15.2832,7.0950,1,5.671,10.451
938,DATA_20260314_100000.BIN,0.5715,8.5654,0.7108,8.5654,3.3880,1,1.061,5.144
939,DATA_20260314_100000.BIN,0.9915,10.5579,2.0981,10.5579,5.2690,1,0.691,4.325
940,DATA_20260314_100000.BIN,2.0981,12.4051,1.6407,12.4051,2.9700,1,3.079,3.079
941,DATA_20260314_100000.BIN,1.6407,8.6543,0.2710,8.6543,7.2380,1,0.747,8.047
942,DATA_20260314_100000.BIN,0.2710,11.7447,2.7726,11.7447,6.0060,1,1.542,5.057
943,DATA_20260314_100000.BIN,2.7726,15.3980,1.3880,15.3980,2.5410,1,3.126,4.786
944,DATA_20260314_100000.BIN,1.3880,32.3448,26.6983,32.3448,7.1610,1,1.844,7.732
945,DATA_20260314_100000.BIN,26.6983,32.9729,1.1188,32.9729,7.4800,1,97.248,97.558
946,DATA_20260314_100000.BIN,1.1188,32.6184,5.1360,32.6184,7.0840,1,11.362,11.733
947,DATA_20260314_100000.BIN,5.1360,32.2357,6.6076,32.2357,8.8770,1,7.499,8.050
948,DATA_20260314_100000.BIN,6.6076,32.4396,15.1239,32.4396,8.4700,1,0.341,4.479
949,DATA_20260314_100000.BIN,3.0231,18.8013,4.9770,18.8013,5.9840,1,11.701,11.925
950,DATA_20260314_100000.BIN,4.9770,19.3677,5.1076,19.3677,2.2220,1,8.519,8.904
951,DATA_20260314_100000.BIN,3.6032,18.0440,3.6074,18.0440,4.6860,1,6.975,7.294
952,DATA_20260314_100000.BIN,3.6074,29.8757,0.3365,29.8757,6.2920,1,6.289,6.828
953,DATA_20260314_100000.BIN,0.3365,12.6023,3.6095,12.6023,1.1000,1,6.025,11.760
954,DATA_20260314_100000.BIN,0.7947,15.8440,5.2030,15.8440,2.6510,1,5.775,8.014
955,DATA_20260314_100000.BIN,5.2030,19.6083,5.4951,19.6083,3.6520,1,8.234,10.158
956,DATA_20260314_100000.BIN,4.1132,14.6580,0.8765,14.6580,2.6180,1,5.937,8.405
957,DATA_20260314_100000.BIN,0.8765,30.1296,2.0490,30.1296,6.3030,1,4.491,5.710
958,DATA_20260314_100000.BIN,2.0490,11.2677,0.3538,11.2677,1.0780,1,4.374,6.682
959,DATA_20260314_100000.BIN,0.5546,10.7427,3.2299,10.7427,3.2120,1,2.724,3.950
960,DATA_20260314_100000.BIN,3.2299,27.3321,7.1716,27.3321,2.5190,1,3.939,9.904
961,DATA_20260314_100000.BIN,7.1716,17.2314,2.5530,17.2314,6.2040,1,6.563,7.229
962,DATA_20260314_100000.BIN,2.9647,12.3698,2.3906,12.3698,1.0230,1,5.651,5.669
963,DATA_20260314_100000.BIN,1.5597,9.7232,1.1116,9.7232,1.9030,1,7.516,13.520
964,DATA_20260314_100000.BIN,0.8827,18.0568,5.9521,18.0568,3.7950,1,2.537,4.223
965,DATA_20260314_100000.BIN,5.9521,35.2004,6.0816,35.2004,8.2170,1,5.390,8.406
966,DATA_20260314_100000.BIN,6.0816,20.3989,5.3848,20.3989,2.3540,1,6.014,6.250
967,DATA_20260314_100000.BIN,5.3848,21.2552,6.3244,21.2552,4.1360,1,5.171,6.236
968,DATA_20260314_100000.BIN,5.3069,20.2715,7.2894,20.2715,2.6840,1,5.560,7.286
969,DATA_20260314_100000.BIN,11.2615,26.4881,2.7377,26.4881,3.2230,1,12.608,12.622
970,DATA_20260314_100000.BIN,2.7377,12.3028,0.8727,12.3028,9.2400,1,6.595,6.657
971,DATA_20260314_100000.BIN,0.8727,8.8304,2.1019,8.8304,3.5860,1,4.901,6.141
972,DATA_20260314_100000.BIN,2.1019,8.8917,3.0943,8.8917,6.3030,1,4.569,12.555
973,DATA_20260314_100000.BIN,13.8023,27.0043,6.3773,27.0043,4.9170,1,13.382,18.384
974,DATA_20260314_100000.BIN,6.3773,31.9572,3.2126,31.9572,5.0710,1,10.748,18.693
975,DATA_20260314_100000.BIN,1.5303,8.8012,3.1448,8.8012,1.7600,1,7.343,8.475
976,DATA_20260314_100000.BIN,3.1448,11.1198,3.2870,11.1198,5.6100,1,4.129,11.266
977,DATA_20260314_100000.BIN,0.5663,25.2783,11.8389,25.2783,3.9380,1,2.878,3.399
978,DATA_20260314_100000.BIN,20.3516,27.8439,19.3971,27.8439,1.9580,1,25.159,25.166
979,DATA_20260314_100000.BIN,19.3971,31.1185,6.6593,31.1185,3.3000,1,20.864,21.025
980,DATA_20260314_100000.BIN,1.1750,31.1752,17.9528,31.1752,7.2160,1,8.182,8.759
981,DATA_20260314_100000.BIN,17.9528,28.4246,1.0626,28.4246,7.9530,1,18.211,19.138
982,DATA_20260314_100000.BIN,1.9176,25.0347,16.3465,25.0347,3.4100,1,6.805,8.762
983,DATA_20260314_100000.BIN,28.1549,32.6818,12.3215,32.6818,7.7330,1,90.994,92.018
984,DATA_20260314_100000.BIN,12.3215,31.9237,1.9308,31.9237,3.4760,1,3.878,12.344
985,DATA_20260314_100000.BIN,1.9308,31.8323,2.3626,31.8323,4.0810,1,13.954,14.029
986,DATA_20260314_100000.BIN,2.3626,10.9642,2.3179,10.9642,3.2450,1,16.093,16.515
987,DATA_20260314_100000.BIN,2.3179,12.8394,1.5711,12.8394,2.1230,1,14.945,15.599
988,DATA_20260314_100000.BIN,1.5711,9.6748,1.1869,9.6748,0.9790,1,9.606,11.682
989,DATA_20260314_100000.BIN,1.1869,10.5069,0.7753,10.5069,1.0560,1,11.603,13.325
990,DATA_20260314_100000.BIN,2.6300,14.4562,5.8495,14.4562,2.3100,1,8.135,9.119
991,DATA_20260314_100000.BIN,3.5256,14.1957,1.2681,14.1957,4.0040,1,6.256,6.619
992,DATA_20260314_100000.BIN,1.2681,9.0766,1.6430,9.0766,1.5950,1,6.559,11.241
993,DATA_20260314_100000.BIN,1.5613,33.0479,6.5313,33.0479,9.4160,1,5.854,7.253
994,DATA_20260314_100000.BIN,6.5313,12.0459,0.1325,12.0459,9.4820,1,5.556,6.001
995,DATA_20260314_100000.BIN,0.9451,7.9429,1.6291,7.9429,4.2570,1,5.558,6.372
996,DATA_20260314_100000.BIN,1.7485,31.0304,0.5516,31.0304,6.9960,1,5.736,6.672
997,DATA_20260314_100000.BIN,16.5961,24.4808,16.3912,24.4808,6.1820,1,17.182,17.731
998,DATA_20260314_100000.BIN,7.9250,20.3389,4.4357,20.3389,3.4870,1,3.355,6.383
999,DATA_20260314_100000.BIN,4.4357,15.6122,4.5311,15.6122,4.4110,1,9.433,17.711
1000,DATA_20260314_100000.BIN,4.5311,32.8919,4.3380,32.8919,8.0850,1,4.407,5.175
1001,DATA_20260314_100000.BIN,4.3380,16.4663,7.0000,16.4663,2.3650,1,6.395,11.015
1002,DATA_20260314_100000.BIN,7.0000,13.8339,4.2554,13.8339,2.5960,1,14.619,16.519
1003,DATA_20260314_100000.BIN,4.2554,11.6463,0.7003,11.6463,6.8090,1,8.492,9.381
1004,DATA_20260314_100000.BIN,0.7003,31.7071,23.5516,31.7071,5.5550,1,6.553,15.896
1005,DATA_20260314_100000.BIN,23.5516,32.8291,26.1822,32.8291,2.7720,1,30.083,32.744
1006,DATA_20260314_100000.BIN,26.1822,33.2410,0.8076,33.2410,6.2590,1,31.441,32.877
1007,DATA_20260314_100000.BIN,0.8076,12.3800,3.3188,12.3800,3.0580,1,9.766,9.816
1008,DATA_20260314_100000.BIN,6.8461,32.5459,11.7244,32.5459,4.7850,1,1.399,2.427
1009,DATA_20260314_100000.BIN,11.7244,17.8999,4.2607,17.8999,3.2340,1,5.613,6.212
1010,DATA_20260314_100000.BIN,4.4859,32.7024,5.8677,32.7024,9.2070,1,4.511,4.584
1011,DATA_20260314_100000.BIN,5.8677,14.7213,4.0322,14.7213,6.3140,1,15.922,17.360
1012,DATA_20260314_100000.BIN,4.0322,31.8283,6.9033,31.8283,2.9700,1,3.660,3.818
1013,DATA_20260314_100000.BIN,6.9033,21.3590,0.5107,21.3590,5.1920,1,15.356,15.392
1014,DATA_20260314_100000.BIN,0.5107,28.7736,1.7362,28.7736,2.2110,1,7.869,13.578
1015,DATA_20260314_100000.BIN,1.7362,11.2729,3.7730,11.2729,5.2360,1,7.555,8.573
1016,DATA_20260314_100000.BIN,3.0990,30.7523,3.9426,30.7523,8.5250,1,3.047,4.694
1017,DATA_20260314_100000.BIN,3.9426,11.9345,4.6304,11.9345,2.7390,1,3.576,6.826
1018,DATA_20260314_100000.BIN,4.6304,24.5066,5.8132,24.5066,5.3790,1,3.066,3.391
1019,DATA_20260314_100000.BIN,5.8132,26.3725,14.9213,26.3725,4.5320,1,2.766,3.210
1020,DATA_20260314_100000.BIN,14.9213,20.9270,9.7603,20.9270,5.2360,1,13.901,15.912
1021,DATA_20260314_100000.BIN,9.7603,32.2800,9.4295,32.2800,9.4270,1,5.611,7.138
1022,DATA_20260314_100000.BIN,9.4295,30.4255,3.3084,30.4255,4.1470,1,6.619,9.398
1023,DATA_20260314_100000.BIN,3.3084,23.7994,5.8948,23.7994,2.1340,1,11.095,12.020
1024,DATA_20260314_100000.BIN,5.8948,30.6281,6.9311,30.6281,3.4650,1,1.732,6.194
1025,DATA_20260314_100000.BIN,8.5800,22.9331,10.3639,22.9331,4.4990,1,17.235,21.902
1026,DATA_20260314_100000.BIN,10.3639,25.1385,7.9816,25.1385,2.2220,1,8.260,8.272
1027,DATA_20260314_100000.BIN,7.9816,19.2181,13.4778,19.2181,4.3890,1,3.723,7.150
1028,DATA_20260314_100000.BIN,13.4778,28.3425,5.5279,28.3425,3.5420,1,11.380,11.642
1029,DATA_20260314_100000.BIN,5.5279,16.4136,10.9676,16.4136,5.7970,1,13.741,13.767
1030,DATA_20260314_100000.BIN,10.9676,29.9653,13.5065,29.9653,8.2060,1,18.508,18.771
1031,DATA_20260314_100000.BIN,13.5065,21.2302,3.6453,21.2302,2.3650,1,19.076,22.981
1032,DATA_20260314_100000.BIN,3.6453,31.6101,3.6740,31.6101,6.3910,1,3.079,8.188
1033,DATA_20260314_100000.BIN,3.6740,14.8843,3.8858,14.8843,2.6180,1,5.572,10.245
1034,DATA_20260314_100000.BIN,3.8858,30.2708,13.7951,30.2708,4.1140,1,4.909,5.837
1035,DATA_20260314_100000.BIN,13.7951,20.2135,13.3061,20.2135,1.4960,1,16.682,18.627
1036,DATA_20260314_100000.BIN,13.3061,30.5050,22.8950,30.5050,5.9070,1,15.104,16.514
1037,DATA_20260314_100000.BIN,22.8950,32.4308,5.0902,32.4308,5.3240,1,27.364,30.916
1038,DATA_20260314_100000.BIN,5.0902,16.1579,11.4662,16.1579,3.0360,1,2.849,5.753
1039,DATA_20260314_100000.BIN,11.4662,32.4608,20.5242,32.4608,2.4860,1,9.994,11.169
1040,DATA_20260314_100000.BIN,20.5242,29.2049,2.3896,29.2049,1.7050,1,27.932,31.728
1041,DATA_20260314_100000.BIN,2.3896,18.3424,4.3025,18.3424,3.9050,1,11.969,13.220
1042,DATA_20260314_100000.BIN,4.3025,21.6951,0.5209,21.6951,3.0910,1,6.989,12.177
1043,DATA_20260314_100000.BIN,0.5209,15.2293,4.4651,15.2293,2.6070,1,7.241,8.858
1044,DATA_20260314_100000.BIN,4.4651,10.1744,4.7455,10.1744,4.1250,1,12.264,12.390
1045,DATA_20260314_100000.BIN,4.7455,21.6124,7.2762,21.6124,4.2570,1,11.531,11.985
1046,DATA_20260314_100000.BIN,7.2762,16.1777,0.3142,16.1777,4.3230,1,12.487,13.989
1047,DATA_20260314_100000.BIN,0.3142,12.0976,3.5737,12.0976,6.5120,1,3.805,5.239
1048,DATA_20260314_100000.BIN,3.5737,22.1941,0.8879,22.1941,7.9530,1,5.671,8.269
1049,DATA_20260314_100000.BIN,0.9755,14.4213,1.9746,14.4213,5.1150,1,1.983,4.416
1050,DATA_20260314_100000.BIN,4.8984,24.6496,1.7368,24.6496,3.7510,1,6.994,7.191
1051,DATA_20260314_100000.BIN,0.5710,7.3276,0.4940,7.3276,4.4770,1,3.311,10.133
1052,DATA_20260314_100000.BIN,0.4940,8.8314,0.7074,8.8314,3.4760,1,1.292,3.152
1053,DATA_20260314_100000.BIN,0.7074,15.2137,0.7304,15.2137,5.4340,1,2.255,2.296
1054,DATA_20260314_100000.BIN,3.9133,11.7507,2.8018,11.7507,2.3100,1,7.154,8.570
1055,DATA_20260314_100000.BIN,2.5597,10.3278,2.5417,10.3278,2.4090,1,2.286,2.581
1056,DATA_20260314_100000.BIN,2.5417,12.0724,1.2827,12.0724,2.6290,1,1.987,2.370
1057,DATA_20260314_100000.BIN,1.2827,9.4627,2.6946,9.4627,5.8300,1,2.348,3.069
1058,DATA_20260314_100000.BIN,2.6946,11.9147,1.4359,11.9147,4.0040,1,3.603,3.804
1059,DATA_20260314_100000.BIN,1.4359,10.7701,6.1321,10.7701,7.0730,1,3.382,11.136
1060,DATA_20260314_100000.BIN,6.1321,15.6859,6.0596,15.6859,3.5420,1,5.283,8.029
1061,DATA_20260314_100000.BIN,6.0596,15.4185,1.1597,15.4185,8.8880,1,5.188,6.633
1062,DATA_20260314_100000.BIN,2.2229,10.1290,1.7542,10.1290,3.0690,1,6.598,10.146
1063,DATA_20260314_100000.BIN,1.7542,11.6774,2.3741,11.6774,8.6680,1,3.333,6.815
1064,DATA_20260314_100000.BIN,2.3741,13.5293,2.9525,13.5293,5.4120,1,0.971,6.569
1065,DATA_20260314_100000.BIN,2.9525,7.7981,1.0242,7.7981,2.3100,1,3.038,6.494
1066,DATA_20260314_100000.BIN,1.0242,9.6411,0.5391,9.6411,4.1690,1,0.982,1.463
1067,DATA_20260314_100000.BIN,0.5391,31.6265,7.9305,31.6265,4.4770,1,1.755,3.164
1068,DATA_20260314_100000.BIN,7.9305,32.8458,3.2631,32.8458,3.1790,1,13.202,18.011
1069,DATA_20260314_100000.BIN,3.2631,28.5275,1.4768,28.5275,9.0090,1,7.338,8.235
1070,DATA_20260314_100000.BIN,1.4768,21.5259,7.6408,21.5259,2.5080,1,2.114,5.445
1071,DATA_20260314_100000.BIN,7.6408,15.6886,4.8955,15.6886,2.4750,1,9.490,9.870
1072,DATA_20260314_100000.BIN,4.8955,11.8108,2.7804,11.8108,1.9030,1,7.740,22.714
1073,DATA_20260314_100000.BIN,2.7804,14.6120,2.4440,14.6120,2.3650,1,0.388,1.506
1074,DATA_20260314_100000.BIN,4.8103,17.8874,1.7467,17.8874,6.8640,1,7.782,7.823
1075,DATA_20260314_100000.BIN,1.7467,11.9890,5.4263,11.9890,4.0370,1,1.644,4.956
1076,DATA_20260314_100000.BIN,0.7525,10.3746,4.2341,10.3746,3.7180,1,1.692,4.940
1077,DATA_20260314_100000.BIN,1.1758,9.4662,1.9692,9.4662,2.0020,1,3.588,3.769
1078,DATA_20260314_100000.BIN,1.9692,11.0701,5.8112,11.0701,2.6730,1,2.902,4.132
1079,DATA_20260314_100000.BIN,2.9712,32.5213,6.4103,32.5213,6.2700,1,3.464,6.312
1080,DATA_20260314_100000.BIN,6.4103,11.6917,1.0044,11.6917,4.2020,1,9.292,11.574
1081,DATA_20260314_100000.BIN,1.0044,32.4171,2.4722,32.4171,4.9390,1,2.725,3.220
1082,DATA_20260314_100000.BIN,2.4722,10.1325,3.8455,10.1325,1.7490,1,6.821,11.781
1083,DATA_20260314_100000.BIN,3.8455,29.1188,3.7454,29.1188,4.5760,1,7.025,9.354
1084,DATA_20260314_100000.BIN,3.7454,18.2764,2.4928,18.2764,5.7090,1,2.611,7.302
1085,DATA_20260314_100000.BIN,2.4928,12.4585,1.0987,12.4585,2.8820,1,3.033,3.248
1086,DATA_20260314_100000.BIN,1.0987,33.0955,5.9897,33.0955,6.9080,1,0.702,5.126
1087,DATA_20260314_100000.BIN,3.1288,13.0638,1.6910,13.0638,1.4850,1,0.228,6.917
1088,DATA_20260314_100000.BIN,1.6910,12.0624,2.7550,12.0624,3.3990,1,3.873,4.519
1089,DATA_20260314_100000.BIN,1.6521,9.3234,3.9931,9.3234,7.5240,1,1.024,1.025
1090,DATA_20260314_100000.BIN,1.3904,17.8296,2.7099,17.8296,8.8880,1,1.290,1.558
1091,DATA_20260314_100000.BIN,2.7099,9.7007,2.7052,9.7007,2.7280,1,4.151,6.056
1092,DATA_20260314_100000.BIN,2.7052,28.9526,7.1426,28.9526,6.3140,1,3.950,5.971
1093,DATA_20260314_100000.BIN,7.1426,29.0834,12.5417,29.0834,6.5890,1,7.340,7.386
1094,DATA_20260314_100000.BIN,12.5417,23.7535,13.3331,23.7535,6.7760,1,12.714,12.814
1095,DATA_20260314_100000.BIN,13.3331,19.7360,2.0227,19.7360,1.9800,1,13.784,17.830
1096,DATA_20260314_100000.BIN,7.5504,32.9358,3.6036,32.9358,5.1040,1,12.488,13.826
1097,DATA_20260314_100000.BIN,2.5946,32.6045,0.8767,32.6045,6.0170,1,7.362,7.805
1098,DATA_20260314_100000.BIN,0.8767,8.0773,2.0106,8.0773,5.2360,1,1.565,4.408
1099,DATA_20260314_100000.BIN,2.7525,13.0877,3.1218,13.0877,2.0570,1,1.114,1.592
1100,DATA_20260314_100000.BIN,1.8183,32.1016,11.0473,32.1016,5.8300,1,4.610,5.276
1101,DATA_20260314_100000.BIN,11.0473,33.0608,2.2981,33.0608,9.3280,1,14.558,14.859
1102,DATA_20260314_100000.BIN,12.3448,22.0311,3.5722,22.0311,6.9740,1,14.740,18.650
1103,DATA_20260314_100000.BIN,3.5722,33.1672,9.5212,33.1672,4.2460,1,2.118,2.750
1104,DATA_20260314_100000.BIN,6.8038,14.2614,4.7511,14.2614,5.6870,1,8.814,9.350
1105,DATA_20260314_100000.BIN,4.7511,32.4816,18.2370,32.4816,4.3120,1,7.352,11.401
1106,DATA_20260314_100000.BIN,18.2370,32.8956,1.1930,32.8956,4.9610,1,24.099,24.146
1107,DATA_20260314_100000.BIN,1.1930,39.7571,3.6407,39.7571,8.4590,1,2.929,5.966
1108,DATA_20260314_100000.BIN,9.8318,30.5200,2.5165,30.5200,6.2920,1,19.270,21.497
1109,DATA_20260314_100000.BIN,2.5165,32.7380,15.2825,32.7380,3.3660,1,3.769,5.309
1110,DATA_20260314_100000.BIN,15.2825,33.4237,5.4673,33.4237,5.9510,1,16.880,17.015
1111,DATA_20260314_100000.BIN,5.4673,32.6654,5.3972,32.6654,4.2130,1,2.483,3.130
1112,DATA_20260314_100000.BIN,0.9487,6.5285,0.9632,6.5285,3.1240,1,4.583,4.937
1113,DATA_20260314_100000.BIN,0.9632,21.8741,4.8457,21.8741,4.3340,1,6.174,8.067
1114,DATA_20260314_100000.BIN,6.7408,24.6546,2.6420,24.6546,2.6510,1,11.042,21.111
1115,DATA_20260314_100000.BIN,2.6420,12.2587,4.1591,12.2587,3.9050,1,3.651,4.082
1116,DATA_20260314_100000.BIN,4.1591,11.3634,2.3524,11.3634,4.9940,1,8.410,8.570
1117,DATA_20260314_100000.BIN,2.3524,16.4164,6.0799,16.4164,4.0370,1,3.592,4.917
1118,DATA_20260314_100000.BIN,6.0799,14.0910,1.3678,14.0910,2.7390,1,12.510,24.869
1119,DATA_20260314_100000.BIN,1.3678,11.9335,2.1886,11.9335,5.8080,1,2.460,4.059
1120,DATA_20260314_100000.BIN,2.1886,14.1521,4.8645,14.1521,3.1240,1,4.178,4.291
1121,DATA_20260314_100000.BIN,4.8645,11.9077,4.2283,11.9077,1.2870,1,5.123,5.152
1122,DATA_20260314_100000.BIN,1.0340,10.3400,3.9329,10.3400,3.6850,1,3.619,3.910
1123,DATA_20260314_100000.BIN,3.9329,11.6234,1.2122,11.6234,3.9600,1,5.315,5.576
1124,DATA_20260314_100000.BIN,1.2122,8.5800,0.9111,8.5800,2.0900,1,1.908,6.981
1125,DATA_20260314_100000.BIN,0.9111,9.0571,0.4073,9.0571,5.3460,1,1.763,2.123
1126,DATA_20260314_100000.BIN,0.4073,32.1120,1.2349,32.1120,7.4910,1,2.195,4.773
1127,DATA_20260314_100000.BIN,1.2349,9.4607,1.0849,9.4607,5.9400,1,2.324,5.138
1128,DATA_20260314_100000.BIN,3.1524,10.5143,2.7174,10.5143,1.1660,1,3.671,3.825
1129,DATA_20260314_100000.BIN,2.7174,11.2240,2.4032,11.2240,3.4650,1,2.876,3.765
1130,DATA_20260314_100000.BIN,2.4032,12.5326,3.3485,12.5326,4.4880,1,2.663,2.840
1131,DATA_20260314_100000.BIN,3.3485,13.5896,1.2727,13.5896,3.7620,1,4.480,7.030
1132,DATA_20260314_100000.BIN,1.2727,8.6395,0.8429,8.6395,3.6410,1,1.495,2.722
1133,DATA_20260314_100000.BIN,0.8429,11.1203,2.2149,11.1203,4.1360,1,0.865,5.071
1134,DATA_20260314_100000.BIN,1.6450,7.6564,1.3505,7.6564,1.5180,1,3.345,8.163
1135,DATA_20260314_100000.BIN,1.3505,10.3592,0.6819,10.3592,5.0270,1,3.447,5.446
1136,DATA_20260314_100000.BIN,0.6819,14.6894,0.2068,14.6894,7.3150,1,1.202,3.467
1137,DATA_20260314_100000.BIN,1.2662,9.9965,1.0727,9.9965,3.4650,1,2.830,4.118
1138,DATA_20260314_100000.BIN,1.3795,12.2749,4.1243,12.2749,5.4450,1,1.044,1.104
1139,DATA_20260314_100000.BIN,4.1243,9.6393,4.2238,9.6393,7.5900,1,4.561,7.004
1140,DATA_20260314_100000.BIN,4.2238,11.3704,3.1211,11.3704,9.3610,1,2.906,6.311
1141,DATA_20260314_100000.BIN,3.1211,9.2062,2.4297,9.2062,2.0020,1,5.240,10.995
1142,DATA_20260314_100000.BIN,2.4297,8.7283,2.9200,8.7283,3.1680,1,1.115,9.941
1143,DATA_20260314_100000.BIN,2.9200,18.8701,6.0729,18.8701,3.9710,1,2.722,4.347
1144,DATA_20260314_100000.BIN,6.0729,19.2284,1.7178,19.2284,1.3200,1,8.829,9.410
1145,DATA_20260314_110000.BIN,3.7438,16.6086,7.8690,16.6086,6.7980,1,9.581,10.377
1146,DATA_20260314_110000.BIN,7.8690,23.2710,6.8426,23.2710,3.6740,1,12.745,12.758
1147,DATA_20260314_110000.BIN,6.8426,22.8950,3.0351,22.8950,1.7820,1,1.616,1.623
1148,DATA_20260314_110000.BIN,3.0351,12.3315,0.6728,12.3315,1.1440,1,8.182,10.466
1149,DATA_20260314_110000.BIN,3.7779,12.0769,6.4774,12.0769,3.1680,1,7.861,9.304
1150,DATA_20260314_110000.BIN,6.4774,12.4306,0.2333,12.4306,4.2460,1,12.964,13.820
1151,DATA_20260314_110000.BIN,0.5563,24.4341,8.4413,24.4341,2.6620,1,6.760,16.491
1152,DATA_20260314_110000.BIN,5.3996,34.4673,20.6861,34.4673,2.7280,1,7.915,11.810
1153,DATA_20260314_110000.BIN,9.6492,18.7730,13.3444,18.7730,2.6400,1,11.738,16.624
1154,DATA_20260314_110000.BIN,6.6064,24.6314,11.9141,24.6314,1.4520,1,6.287,12.720
1155,DATA_20260314_110000.BIN,11.9141,30.0183,7.7288,30.0183,3.2560,1,17.637,20.028
1156,DATA_20260314_110000.BIN,2.0270,38.7010,14.3051,38.7010,9.5480,1,6.385,7.432
1157,DATA_20260314_110000.BIN,14.3051,40.0953,2.5914,40.0953,7.9750,1,16.263,18.026
1158,DATA_20260314_110000.BIN,2.0813,36.0824,3.4295,36.0824,5.8300,1,4.798,6.374
1159,DATA_20260314_110000.BIN,3.4295,38.3371,2.0646,38.3371,8.8440,1,2.969,3.497
1160,DATA_20260314_110000.BIN,1.4944,7.6735,1.3750,7.6735,5.9180,1,4.054,4.269
1161,DATA_20260314_110000.BIN,1.3750,40.2082,2.3629,40.2082,6.0500,1,4.201,5.113
1162,DATA_20260314_110000.BIN,1.4692,10.6051,2.1052,10.6051,4.0700,1,3.643,3.646
1163,DATA_20260314_110000.BIN,2.1052,26.3089,5.6332,26.3089,1.8810,1,2.474,5.647
1164,DATA_20260314_110000.BIN,18.8616,35.6094,13.7223,35.6094,6.0940,1,20.102,20.145
1165,DATA_20260314_110000.BIN,13.6534,33.6548,12.8567,33.6548,2.9480,1,11.694,12.532
1166,DATA_20260314_110000.BIN,11.8102,35.8689,11.8776,35.8689,2.1780,1,9.863,10.536
1167,DATA_20260314_110000.BIN,13.3924,34.8217,8.9620,34.8217,1.8040,1,11.398,12.897
1168,DATA_20260314_110000.BIN,8.9620,17.9166,7.9648,17.9166,2.4860,1,5.357,5.422
1169,DATA_20260314_110000.BIN,7.9648,27.1069,4.0234,27.1069,4.7300,1,6.305,6.326
1170,DATA_20260314_110000.BIN,1.1479,7.9181,0.4558,7.9181,3.7840,1,6.221,6.258
1171,DATA_20260314_110000.BIN,0.4558,5.3529,0.4271,5.3529,4.3560,1,5.922,6.027
1172,DATA_20260314_110000.BIN,0.4271,11.2005,0.9388,11.2005,8.3160,1,6.414,6.485
1173,DATA_20260314_110000.BIN,0.9388,7.6934,1.0581,7.6934,3.3880,1,6.012,6.206
1174,DATA_20260314_110000.BIN,0.2047,13.4623,4.0265,13.4623,3.9600,1,4.986,6.004
1175,DATA_20260314_110000.BIN,1.8187,11.1857,1.5520,11.1857,2.7280,1,5.039,5.501
1176,DATA_20260314_110000.BIN,1.5520,11.5163,1.9892,11.5163,2.3980,1,4.802,12.473
1177,DATA_20260314_110000.BIN,1.9892,13.0210,3.7180,13.0210,1.4410,1,2.885,2.973
1178,DATA_20260314_110000.BIN,3.7180,13.0959,3.5921,13.0959,1.0890,1,3.862,4.031
1179,DATA_20260314_110000.BIN,3.5921,13.6827,6.5924,13.6827,1.1880,1,3.019,3.877
1180,DATA_20260314_110000.BIN,6.5924,14.4554,4.7763,14.4554,1.2430,1,7.569,8.375
1181,DATA_20260314_110000.BIN,3.3597,11.6657,4.2317,11.6657,1.1110,1,5.093,6.058
1182,DATA_20260314_110000.BIN,4.2317,11.5853,1.9682,11.5853,6.1160,1,2.762,3.064
1183,DATA_20260314_110000.BIN,1.9682,8.8853,1.9578,8.8853,1.7820,1,4.408,5.296
1184,DATA_20260314_110000.BIN,1.9578,34.2197,3.6444,34.2197,6.2040,1,3.589,6.557
1185,DATA_20260314_110000.BIN,3.6444,8.1749,1.5365,8.1749,2.2440,1,2.245,3.069
1186,DATA_20260314_110000.BIN,0.9405,11.1678,1.6716,11.1678,4.6750,1,2.748,3.625
1187,DATA_20260314_110000.BIN,1.6716,6.1396,0.8194,6.1396,2.2660,1,3.201,3.995
1188,DATA_20260314_110000.BIN,0.8194,13.4069,3.0937,13.4069,8.2610,1,0.533,1.735
1189,DATA_20260314_110000.BIN,2.5029,9.0134,2.9881,9.0134,3.1460,1,3.776,3.794
1190,DATA_20260314_110000.BIN,1.2574,9.8775,2.6920,9.8775,3.4100,1,1.285,1.644
1191,DATA_20260314_110000.BIN,2.6920,10.2854,1.4718,10.2854,2.2220,1,3.312,3.342
1192,DATA_20260314_110000.BIN,1.0745,18.5423,5.8084,18.5423,1.7160,1,2.699,3.311
1193,DATA_20260314_110000.BIN,5.8084,17.8245,9.9828,17.8245,1.0670,1,5.374,5.977
1194,DATA_20260314_110000.BIN,9.6517,33.9071,14.4979,33.9071,2.5520,1,9.495,9.529
1195,DATA_20260314_110000.BIN,14.4979,33.9508,4.6767,33.9508,2.9370,1,17.444,24.323
1196,DATA_20260314_110000.BIN,4.6767,17.5494,7.5552,17.5494,3.2230,1,3.883,7.293
1197,DATA_20260314_110000.BIN,5.8422,27.7426,0.2798,27.7426,3.6190,1,6.026,10.067
1198,DATA_20260314_110000.BIN,2.8157,14.0559,0.9289,14.0559,3.1790,1,4.794,9.478
1199,DATA_20260314_110000.BIN,0.9289,12.7497,3.7635,12.7497,4.7740,1,2.707,3.237
1200,DATA_20260314_110000.BIN,3.7635,11.3347,2.7496,11.3347,4.1580,1,5.687,8.038
1201,DATA_20260314_110000.BIN,2.7496,38.5597,17.8185,38.5597,4.8400,1,3.262,7.142
1202,DATA_20260314_110000.BIN,17.8185,24.7531,18.3621,24.7531,2.3430,1,20.175,20.198
1203,DATA_20260314_110000.BIN,9.1559,21.6557,0.7598,21.6557,3.2560,1,7.710,8.839
1204,DATA_20260314_110000.BIN,0.7598,9.2012,2.5621,9.2012,5.2140,1,4.077,4.699
1205,DATA_20260314_110000.BIN,2.5621,11.7775,1.2672,11.7775,2.0130,1,6.498,7.111
1206,DATA_20260314_110000.BIN,0.3669,12.2161,1.2165,12.2161,2.7940,1,2.980,3.104
1207,DATA_20260314_110000.BIN,1.2165,14.3083,2.0673,14.3083,8.6790,1,2.611,2.663
1208,DATA_20260314_110000.BIN,2.0673,28.8695,4.6044,28.8695,4.2900,1,4.165,4.436
1209,DATA_20260314_110000.BIN,3.4715,8.7370,3.8763,8.7370,4.8950,1,5.662,9.190
1210,DATA_20260314_110000.BIN,3.8763,16.9702,0.6174,16.9702,3.7070,1,5.824,6.259
1211,DATA_20260314_110000.BIN,0.6174,11.3336,2.7728,11.3336,2.7830,1,1.268,1.738
1212,DATA_20260314_110000.BIN,2.7728,15.2616,6.4258,15.2616,4.4880,1,3.860,4.232
1213,DATA_20260314_110000.BIN,6.4258,20.6761,8.2116,20.6761,4.0920,1,6.773,6.773
1214,DATA_20260314_110000.BIN,8.2116,16.6274,7.9737,16.6274,1.1440,1,8.108,8.530
1215,DATA_20260314_110000.BIN,2.4069,22.8890,5.2405,22.8890,1.5180,1,2.742,5.258
1216,DATA_20260314_110000.BIN,5.2405,15.9245,9.2958,15.9245,3.4100,1,7.938,8.641
1217,DATA_20260314_110000.BIN,9.2958,19.5358,4.0759,19.5358,4.5320,1,9.695,10.490
1218,DATA_20260314_110000.BIN,4.0759,20.5506,5.3492,20.5506,7.9640,1,3.775,3.842
1219,DATA_20260314_110000.BIN,4.4767,14.1294,4.1238,14.1294,3.3880,1,4.737,4.741
1220,DATA_20260314_110000.BIN,4.1238,17.3687,2.1362,17.3687,6.6330,1,2.800,2.918
1221,DATA_20260314_110000.BIN,1.9273,10.3758,3.6805,10.3758,2.9590,1,3.498,3.613
1222,DATA_20260314_110000.BIN,3.6805,32.7843,5.8616,32.7843,2.7280,1,2.483,3.951
1223,DATA_20260314_110000.BIN,5.8616,13.0323,2.5217,13.0323,4.5100,1,6.024,6.341
1224,DATA_20260314_110000.BIN,2.5217,17.4854,9.8401,17.4854,1.8920,1,1.049,1.483
1225,DATA_20260314_110000.BIN,1.6495,24.0468,2.5533,24.0468,2.3100,1,3.870,5.832
1226,DATA_20260314_110000.BIN,2.5533,13.8777,2.1275,13.8777,2.5410,1,1.092,1.092
1227,DATA_20260314_110000.BIN,2.1275,28.5596,7.0526,28.5596,8.3160,1,1.741,3.550
1228,DATA_20260314_110000.BIN,7.0526,23.2481,3.4452,23.2481,3.5750,1,8.150,9.097
1229,DATA_20260314_110000.BIN,3.4452,24.9330,19.3524,24.9330,2.9700,1,4.023,4.519
1230,DATA_20260314_110000.BIN,19.3524,41.2510,4.6595,41.2510,3.8390,1,22.824,23.022
1231,DATA_20260314_110000.BIN,1.9315,10.7006,2.2916,10.7006,2.6620,1,6.782,13.812
1232,DATA_20260314_110000.BIN,2.2916,11.0094,1.5732,11.0094,1.0890,1,1.068,1.124
1233,DATA_20260314_110000.BIN,1.2400,31.2601,8.1644,31.2601,2.6620,1,1.910,1.929
1234,DATA_20260314_110000.BIN,3.7003,22.9645,8.3246,22.9645,2.0130,1,5.958,8.493
1235,DATA_20260314_110000.BIN,1.3147,10.3096,1.6555,10.3096,1.0010,1,3.865,4.233
1236,DATA_20260314_110000.BIN,1.5406,35.2579,21.6153,35.2579,4.7630,1,3.768,3.806
1237,DATA_20260314_110000.BIN,21.6153,37.3153,19.2170,37.3153,3.5420,1,25.151,26.114
1238,DATA_20260314_110000.BIN,19.2170,42.3739,9.9367,42.3739,4.2020,1,19.942,20.080
1239,DATA_20260314_110000.BIN,1.2956,14.7783,2.4807,14.7783,4.3230,1,3.658,7.455
1240,DATA_20260314_110000.BIN,0.8230,10.9097,4.4185,10.9097,8.5140,1,4.877,5.383
1241,DATA_20260314_110000.BIN,4.4185,32.9446,8.0671,32.9446,5.3130,1,6.596,8.023
1242,DATA_20260314_110000.BIN,8.0671,25.6200,3.9743,25.6200,5.8740,1,10.714,11.990
1243,DATA_20260314_110000.BIN,3.9743,11.1558,1.6379,11.1558,3.6740,1,1.232,3.227
1244,DATA_20260314_110000.BIN,1.6379,10.3657,3.7535,10.3657,8.8330,1,3.269,4.146
1245,DATA_20260314_110000.BIN,3.7535,26.4447,2.3854,26.4447,4.9390,1,4.417,4.458
1246,DATA_20260314_110000.BIN,2.3854,15.9786,4.1380,15.9786,3.0580,1,3.557,4.306
1247,DATA_20260314_110000.BIN,4.1380,25.6183,2.0227,25.6183,5.1810,1,6.697,6.786
1248,DATA_20260314_110000.BIN,2.0227,12.1471,0.4511,12.1471,3.8500,1,2.599,5.855
1249,DATA_20260314_110000.BIN,0.4511,8.4464,3.4737,8.4464,2.8930,1,2.910,3.985
1250,DATA_20260314_110000.BIN,4.4444,19.6414,1.2118,19.6414,5.3790,1,3.403,3.439
1251,DATA_20260314_110000.BIN,1.2118,8.2553,1.7192,8.2553,3.2670,1,1.546,6.114
1252,DATA_20260314_110000.BIN,1.7192,9.7990,1.4295,9.7990,1.4080,1,4.075,5.116
1253,DATA_20260314_110000.BIN,3.4703,19.5214,2.1059,19.5214,4.0590,1,4.706,7.422
1254,DATA_20260314_110000.BIN,1.4799,9.9477,2.8645,9.9477,2.8490,1,0.853,1.739
1255,DATA_20260314_110000.BIN,2.8645,8.2306,2.8381,8.2306,3.3110,1,1.848,3.751
1256,DATA_20260314_110000.BIN,2.8381,16.1563,2.1360,16.1563,4.5100,1,1.263,3.987
1257,DATA_20260314_110000.BIN,2.1360,10.4071,2.1536,10.4071,2.1560,1,3.821,6.260
1258,DATA_20260314_110000.BIN,2.1536,13.8693,2.1897,13.8693,3.0910,1,3.260,3.841
1259,DATA_20260314_110000.BIN,8.3971,26.0073,2.2876,26.0073,4.6090,1,10.852,11.160
1260,DATA_20260314_110000.BIN,2.2876,13.3533,1.9391,13.3533,4.1690,1,2.549,3.099
1261,DATA_20260314_110000.BIN,1.9391,10.7309,3.0301,10.7309,2.5960,1,2.136,2.238
1262,DATA_20260314_110000.BIN,1.7107,8.8017,0.5594,8.8017,2.9590,1,1.945,1.990
1263,DATA_20260314_110000.BIN,0.5594,40.0170,25.7383,40.0170,7.8870,1,1.247,3.333
1264,DATA_20260314_110000.BIN,9.1078,25.9153,17.1571,25.9153,5.0270,1,11.410,11.788
1265,DATA_20260314_110000.BIN,17.1571,21.7875,14.8550,21.7875,3.2450,1,19.748,21.309
1266,DATA_20260314_110000.BIN,9.2336,16.8602,11.7776,16.8602,3.3110,1,11.188,11.739
1267,DATA_20260314_110000.BIN,21.9431,35.3388,3.1846,35.3388,2.6950,1,24.038,25.360
1268,DATA_20260314_110000.BIN,3.1846,19.7069,11.7971,19.7069,2.8820,1,5.009,5.189
1269,DATA_20260314_110000.BIN,11.7971,34.3942,7.0819,34.3942,6.1490,1,13.462,16.807
1270,DATA_20260314_110000.BIN,7.0819,33.9590,4.2876,33.9590,7.9640,1,6.296,6.628
1271,DATA_20260314_110000.BIN,4.2876,19.6872,10.9706,19.6872,2.5190,1,2.678,4.095
1272,DATA_20260314_110000.BIN,10.9706,35.7839,7.1726,35.7839,5.6980,1,9.948,12.069
1273,DATA_20260314_110000.BIN,7.4496,21.5991,14.6089,21.5991,1.8700,1,4.870,6.544
1274,DATA_20260314_110000.BIN,14.6089,36.1053,6.3829,36.1053,6.7760,1,12.978,14.592
1275,DATA_20260314_110000.BIN,6.3829,22.2634,11.7402,22.2634,6.1160,1,0.248,5.405
1276,DATA_20260314_110000.BIN,11.7402,21.0259,3.5176,21.0259,2.4640,1,10.296,11.514
1277,DATA_20260314_110000.BIN,5.8248,16.1034,7.7385,16.1034,1.0780,1,4.542,5.181
1278,DATA_20260314_110000.BIN,7.7385,26.6265,2.2859,26.6265,5.2360,1,3.418,3.618
1279,DATA_20260314_110000.BIN,2.2859,14.3828,4.1399,14.3828,2.1010,1,5.027,5.038
1280,DATA_20260314_110000.BIN,4.1399,13.6788,5.6330,13.6788,1.5730,1,8.084,8.380
1281,DATA_20260314_110000.BIN,5.6330,15.2798,5.0082,15.2798,1.2430,1,0.572,0.683
1282,DATA_20260314_110000.BIN,5.0082,16.2974,4.3356,16.2974,2.3210,1,5.378,7.312
1283,DATA_20260314_110000.BIN,4.3356,15.0559,4.1549,15.0559,1.2870,1,0.868,0.985
1284,DATA_20260314_110000.BIN,4.1549,14.4058,3.4074,14.4058,1.1660,1,4.569,4.881
1285,DATA_20260314_110000.BIN,3.4074,14.6867,4.1727,14.6867,1.1770,1,5.814,5.970
1286,DATA_20260314_110000.BIN,4.1727,13.2490,1.8411,13.2490,3.1020,1,1.535,1.535
1287,DATA_20260314_110000.BIN,1.8411,9.5973,2.5867,9.5973,2.4530,1,6.209,8.132
1288,DATA_20260314_110000.BIN,2.5867,14.4433,0.9189,14.4433,4.0150,1,7.039,7.264
1289,DATA_20260314_110000.BIN,0.9189,7.0443,0.9934,7.0443,1.7600,1,3.291,4.816
1290,DATA_20260314_110000.BIN,0.9934,18.1390,4.3156,18.1390,1.9470,1,3.015,3.654
1291,DATA_20260314_110000.BIN,4.3156,20.5511,13.1153,20.5511,2.4970,1,4.303,4.306
1292,DATA_20260314_110000.BIN,10.2175,21.8481,3.9840,21.8481,1.7050,1,8.462,9.121
1293,DATA_20260314_110000.BIN,8.0278,23.6203,3.0351,23.6203,3.0030,1,10.790,11.279
1294,DATA_20260314_110000.BIN,3.0351,32.7449,18.2407,32.7449,1.9360,1,4.057,9.908
1295,DATA_20260314_120000.BIN,14.5431,22.3982,11.5540,22.3982,3.6520,1,38.306,48.764
1296,DATA_20260314_120000.BIN,13.5683,19.2722,12.8348,19.2722,7.6780,1,49.933,63.957
1297,DATA_20260314_120000.BIN,5.1347,14.1968,4.3694,14.1968,0.9790,1,41.051,64.673
1298,DATA_20260314_120000.BIN,4.3694,15.0628,3.9064,15.0628,1.0560,1,34.589,50.977
1299,DATA_20260314_120000.BIN,3.9064,13.3919,5.2783,13.3919,1.0120,1,29.631,42.859
1300,DATA_20260314_120000.BIN,7.0237,19.0283,12.3720,19.0283,9.4050,1,21.514,36.585
1301,DATA_20260314_120000.BIN,8.6168,16.9583,7.1638,16.9583,1.3200,1,27.353,40.003
1302,DATA_20260314_120000.BIN,6.9900,13.5636,6.9144,13.5636,0.9350,1,23.288,32.186
1303,DATA_20260314_120000.BIN,6.9144,15.6621,5.6136,15.6621,1.0560,1,18.763,28.059
1304,DATA_20260314_120000.BIN,5.6136,13.3534,4.4793,13.3534,0.9240,1,18.334,24.785
1305,DATA_20260314_120000.BIN,4.4793,14.6456,4.4525,14.6456,1.0010,1,16.689,22.938
1306,DATA_20260314_120000.BIN,4.4525,13.2041,4.6029,13.2041,0.9240,1,15.240,21.203
1307,DATA_20260314_120000.BIN,4.1443,11.5422,2.8898,11.5422,1.0120,1,17.725,22.561
1308,DATA_20260314_120000.BIN,2.8898,12.3328,4.5830,12.3328,0.9460,1,15.471,20.802
1309,DATA_20260314_120000.BIN,4.5830,13.6824,5.0447,13.6824,0.9900,1,9.736,14.371
1310,DATA_20260314_120000.BIN,5.0447,12.4271,5.3038,12.4271,0.9460,1,10.397,15.634
1311,DATA_20260314_120000.BIN,4.6463,12.8205,3.3557,12.8205,1.4410,1,10.258,17.063
1312,DATA_20260314_120000.BIN,3.3557,12.3717,4.8595,12.3717,0.9900,1,8.265,10.850
1313,DATA_20260314_120000.BIN,4.8595,11.9654,4.9088,11.9654,1.0560,1,4.170,5.715
1314,DATA_20260314_120000.BIN,4.3699,10.0099,4.1608,10.0099,1.0560,1,10.844,11.823
1315,DATA_20260314_120000.BIN,4.1608,25.6785,19.4748,25.6785,3.0690,1,10.274,10.621
1316,DATA_20260314_120000.BIN,9.5679,14.8166,10.6303,14.8166,1.4080,1,3.315,8.235
1317,DATA_20260314_120000.BIN,10.6303,18.6434,13.4198,18.6434,2.3430,1,7.366,14.128
1318,DATA_20260314_120000.BIN,7.8313,17.5224,2.3033,17.5224,5.1040,1,5.854,8.248
1319,DATA_20260314_120000.BIN,1.8415,8.4241,2.3564,8.4241,2.0460,1,21.928,24.902
1320,DATA_20260314_120000.BIN,3.5488,10.1737,4.2614,10.1737,1.0120,1,7.727,7.766
1321,DATA_20260314_120000.BIN,2.1487,8.4252,0.7452,8.4252,1.0340,1,2.466,3.493
1322,DATA_20260314_120000.BIN,0.7452,11.8812,4.9291,11.8812,2.6070,1,4.445,5.840
1323,DATA_20260314_120000.BIN,4.9291,12.1873,5.5258,12.1873,6.3250,1,1.401,4.672
1324,DATA_20260314_120000.BIN,5.5258,12.7661,3.5780,12.7661,2.0130,1,1.884,2.433
1325,DATA_20260314_120000.BIN,0.5354,10.8167,5.6388,10.8167,4.3120,1,6.674,9.595
1326,DATA_20260314_120000.BIN,5.6388,12.2814,2.9033,12.2814,1.9250,1,12.565,13.418
1327,DATA_20260314_120000.BIN,2.9033,9.2445,5.0096,9.2445,1.4520,1,3.318,3.388
1328,DATA_20260314_120000.BIN,3.4687,15.0777,3.0086,15.0777,5.6100,1,2.328,2.379
1329,DATA_20260314_120000.BIN,3.5101,8.8235,4.3846,8.8235,1.1770,1,0.362,1.263
1330,DATA_20260314_120000.BIN,4.3846,10.4348,3.6487,10.4348,1.5400,1,4.960,6.093
1331,DATA_20260314_120000.BIN,3.6487,8.5003,2.0363,8.5003,6.7320,1,3.154,3.158
1332,DATA_20260314_120000.BIN,2.0363,11.0226,1.2588,11.0226,1.1330,1,4.484,4.793
1333,DATA_20260314_120000.BIN,1.2588,9.7504,2.7178,9.7504,0.9350,1,6.092,6.175
1334,DATA_20260314_120000.BIN,2.7178,10.2447,2.5100,10.2447,1.9250,1,3.054,4.299
1335,DATA_20260314_120000.BIN,2.5100,9.4068,2.7855,9.4068,0.9570,1,4.417,4.418
1336,DATA_20260314_120000.BIN,2.7855,10.0824,1.7704,10.0824,0.9790,1,1.855,3.602
1337,DATA_20260314_120000.BIN,1.7704,8.8983,0.6373,8.8983,0.9900,1,0.550,2.640
1338,DATA_20260314_120000.BIN,1.1678,9.8522,0.4499,9.8522,3.5970,1,1.068,3.145
1339,DATA_20260314_120000.BIN,0.4499,9.0241,2.9017,9.0241,2.8050,1,2.431,3.579
1340,DATA_20260314_120000.BIN,2.9017,8.8938,1.4643,8.8938,1.9690,1,3.586,3.891
1341,DATA_20260314_120000.BIN,2.3316,5.9823,0.2812,5.9823,1.3310,1,3.273,3.466
1342,DATA_20260314_120000.BIN,0.2812,6.6020,1.6554,6.6020,4.2020,1,4.659,5.179
1343,DATA_20260314_120000.BIN,1.6554,8.0020,3.1145,8.0020,1.6500,1,6.096,7.582
1344,DATA_20260314_120000.BIN,3.1145,8.4218,2.6559,8.4218,1.2210,1,4.956,5.254
1345,DATA_20260314_120000.BIN,2.6559,7.9716,2.2209,7.9716,1.2540,1,4.230,4.957
1346,DATA_20260314_120000.BIN,0.3798,5.4333,0.4914,5.4333,2.0240,1,2.089,2.344
1347,DATA_20260314_120000.BIN,0.4914,8.2497,1.9324,8.2497,2.3320,1,3.325,4.466
1348,DATA_20260314_120000.BIN,1.9324,8.2798,0.3882,8.2798,4.4330,1,3.832,3.878
1349,DATA_20260314_120000.BIN,2.0986,9.6939,4.2963,9.6939,3.9270,1,5.886,6.562
1350,DATA_20260314_120000.BIN,3.1426,10.4924,1.7672,10.4924,2.8600,1,6.081,6.659
1351,DATA_20260314_120000.BIN,1.7672,7.9851,2.9869,7.9851,4.3780,1,4.250,5.154
1352,DATA_20260314_120000.BIN,1.2404,7.9695,2.9255,7.9695,1.5290,1,7.754,10.045
1353,DATA_20260314_120000.BIN,2.9255,8.2282,0.5801,8.2282,1.1000,1,6.064,6.481
1354,DATA_20260314_120000.BIN,0.5801,9.7568,1.3101,9.7568,1.9800,1,1.751,2.665
1355,DATA_20260314_120000.BIN,1.3101,7.0871,0.5043,7.0871,0.9350,1,2.660,3.821
1356,DATA_20260314_120000.BIN,0.5043,7.7519,1.0772,7.7519,1.7270,1,0.538,0.912
1357,DATA_20260314_120000.BIN,5.0198,11.1871,4.0941,11.1871,5.0490,1,7.513,7.589
1358,DATA_20260314_120000.BIN,2.3791,7.8479,1.9035,7.8479,3.9600,1,2.447,5.798
1359,DATA_20260314_120000.BIN,3.4354,13.1158,0.8613,13.1158,7.4140,1,4.026,4.029
1360,DATA_20260314_120000.BIN,0.3042,7.9369,1.9145,7.9369,1.0670,1,1.987,2.877
1361,DATA_20260314_120000.BIN,3.7555,12.3188,2.1559,12.3188,4.9060,1,3.871,4.428
1362,DATA_20260314_120000.BIN,2.1559,5.9157,1.1225,5.9157,2.4970,1,8.103,13.572
1363,DATA_20260314_120000.BIN,3.2269,10.6671,1.6676,10.6671,2.0900,1,2.483,3.090
1364,DATA_20260314_120000.BIN,1.6676,7.7482,0.9098,7.7482,5.9730,1,5.392,7.728
1365,DATA_20260314_120000.BIN,1.6726,7.4998,1.3570,7.4998,2.0900,1,2.751,2.763
1366,DATA_20260314_120000.BIN,0.9448,5.9278,2.2197,5.9278,5.3680,1,2.746,2.787
1367,DATA_20260314_120000.BIN,2.2197,9.4567,0.8866,9.4567,7.7660,1,2.998,6.770
1368,DATA_20260314_120000.BIN,0.8866,14.9617,3.6171,14.9617,3.1130,1,5.397,7.756
1369,DATA_20260314_120000.BIN,3.6171,13.7754,4.8959,13.7754,2.4750,1,8.385,8.930
1370,DATA_20260314_120000.BIN,3.9443,12.6242,3.5795,12.6242,1.7270,1,7.223,7.597
1371,DATA_20260314_120000.BIN,1.4617,13.9899,2.2381,13.9899,3.7510,1,5.242,5.847
1372,DATA_20260314_120000.BIN,0.4413,5.7276,1.6963,5.7276,6.4680,1,4.159,5.074
1373,DATA_20260314_120000.BIN,1.6963,6.6510,1.0189,6.6510,6.4570,1,9.939,15.591
1374,DATA_20260314_120000.BIN,1.0189,10.3338,0.5019,10.3338,3.0250,1,6.595,8.808
1375,DATA_20260314_120000.BIN,0.5019,8.9991,3.8595,8.9991,3.8170,1,11.226,14.637
1376,DATA_20260314_120000.BIN,3.8595,7.8082,4.0907,7.8082,1.9360,1,10.312,11.878
1377,DATA_20260314_120000.BIN,3.0004,8.4299,0.9747,8.4299,2.3320,1,6.274,7.164
1378,DATA_20260314_120000.BIN,1.2857,6.0787,1.0598,6.0787,7.2710,1,5.220,5.759
1379,DATA_20260314_120000.BIN,1.0598,9.1112,0.8120,9.1112,2.7830,1,4.270,5.899
1380,DATA_20260314_120000.BIN,3.1046,7.8291,0.2716,7.8291,2.9260,1,4.789,5.240
1381,DATA_20260314_120000.BIN,0.2716,14.5438,4.0813,14.5438,8.7120,1,0.900,1.751
1382,DATA_20260314_120000.BIN,3.7298,7.5692,2.7944,7.5692,1.8920,1,5.911,6.848
1383,DATA_20260314_120000.BIN,2.7944,8.4213,4.6166,8.4213,4.6310,1,4.988,5.251
1384,DATA_20260314_120000.BIN,1.5509,6.2102,2.0809,6.2102,6.9960,1,2.418,2.419
1385,DATA_20260314_120000.BIN,2.0809,9.9866,6.5155,9.9866,4.1250,1,1.928,2.397
1386,DATA_20260314_120000.BIN,6.5155,15.0586,2.1396,15.0586,8.5140,1,11.965,12.612
1387,DATA_20260314_120000.BIN,3.6564,8.6750,1.9357,8.6750,5.3900,1,4.435,4.471
1388,DATA_20260314_120000.BIN,3.2616,12.2003,1.6678,12.2003,4.8950,1,7.697,7.714
1389,DATA_20260314_120000.BIN,1.5234,9.8391,2.9651,9.8391,5.4670,1,5.260,5.350
1390,DATA_20260314_120000.BIN,0.7835,9.7930,1.5177,9.7930,1.0560,1,1.225,1.788
1391,DATA_20260314_120000.BIN,1.5177,10.0438,0.4993,10.0438,0.9790,1,1.580,2.914
1392,DATA_20260314_120000.BIN,0.4993,9.0082,0.4773,9.0082,0.9790,1,2.967,3.628
1393,DATA_20260314_120000.BIN,0.4773,8.4146,1.4392,8.4146,0.9790,1,3.274,4.172
1394,DATA_20260314_120000.BIN,1.4392,7.1261,1.8821,7.1261,0.9680,1,4.335,4.754
1395,DATA_20260314_120000.BIN,1.8821,9.0092,1.0660,9.0092,1.0890,1,2.030,3.676
1396,DATA_20260314_120000.BIN,1.0660,9.9064,4.3587,9.9064,2.0240,1,1.716,2.788
1397,DATA_20260314_120000.BIN,4.3587,10.0127,2.2385,10.0127,4.4660,1,5.727,6.140
1398,DATA_20260314_120000.BIN,2.2385,10.0408,2.6943,10.0408,7.3810,1,5.399,9.437
1399,DATA_20260314_120000.BIN,2.6943,7.0501,2.1210,7.0501,2.1670,1,3.601,5.932
1400,DATA_20260314_120000.BIN,2.1210,10.2538,5.4328,10.2538,2.3430,1,3.229,3.230
1401,DATA_20260314_120000.BIN,5.4328,17.4721,4.6810,17.4721,6.9740,1,9.700,9.848
1402,DATA_20260314_120000.BIN,0.8364,13.8898,5.9193,13.8898,4.1140,1,0.622,1.288
1403,DATA_20260314_120000.BIN,1.7473,13.4640,3.3182,13.4640,3.0250,1,1.622,2.240
1404,DATA_20260314_120000.BIN,3.7856,11.4815,1.2834,11.4815,2.9150,1,6.604,7.529
1405,DATA_20260314_120000.BIN,1.2834,9.1152,1.2195,9.1152,2.0570,1,2.326,4.851
1406,DATA_20260314_120000.BIN,1.2195,10.8467,2.7822,10.8467,0.9570,1,2.679,4.998
1407,DATA_20260314_120000.BIN,2.7822,10.8534,3.0057,10.8534,0.9900,1,4.595,4.757
1408,DATA_20260314_120000.BIN,3.0057,10.6335,4.1489,10.6335,1.0120,1,5.184,5.746
1409,DATA_20260314_120000.BIN,4.1489,10.2457,3.5861,10.2457,0.9460,1,5.007,5.027
1410,DATA_20260314_120000.BIN,3.5861,10.8900,3.3748,10.8900,2.9700,1,2.739,3.716
1411,DATA_20260314_120000.BIN,3.8148,10.5331,4.5457,10.5331,1.0890,1,3.197,4.971
1412,DATA_20260314_120000.BIN,4.5457,10.7338,4.1940,10.7338,1.2760,1,1.864,4.548
1413,DATA_20260314_120000.BIN,4.1940,9.7451,3.4038,9.7451,1.0780,1,3.040,3.152
1414,DATA_20260314_120000.BIN,3.4038,10.3839,3.0060,10.3839,1.0340,1,3.951,4.862
1415,DATA_20260314_120000.BIN,5.4785,14.7185,6.1592,14.7185,1.1550,1,2.396,4.902
1416,DATA_20260314_120000.BIN,6.1592,13.2755,3.5875,13.2755,2.0130,1,4.255,5.140
1417,DATA_20260314_120000.BIN,6.0398,12.9294,3.6752,12.9294,1.1440,1,3.336,3.923
1418,DATA_20260314_120000.BIN,3.6752,10.8050,4.0897,10.8050,1.1220,1,0.697,1.507
1419,DATA_20260314_120000.BIN,3.3470,9.2607,4.1089,9.2607,1.0780,1,3.191,5.092
1420,DATA_20260314_120000.BIN,4.1089,9.5602,1.7597,9.5602,1.0010,1,3.691,3.910
1421,DATA_20260314_120000.BIN,1.7597,12.6696,4.5147,12.6696,3.1460,1,3.025,3.298
1422,DATA_20260314_120000.BIN,4.5147,11.0184,4.6859,11.0184,2.0570,1,5.358,6.335
1423,DATA_20260314_120000.BIN,4.6859,11.3604,4.4254,11.3604,0.9790,1,3.005,3.022
1424,DATA_20260314_120000.BIN,4.4254,10.7297,4.1986,10.7297,1.0120,1,2.714,3.362
1425,DATA_20260314_130000.BIN,3.5651,12.5467,4.4107,12.5467,1.1110,1,26.583,44.011
1426,DATA_20260314_130000.BIN,4.4107,17.9937,0.8454,17.9937,6.5560,1,19.554,31.150
1427,DATA_20260314_130000.BIN,0.8454,14.2713,4.5881,14.2713,3.8830,1,20.973,27.819
1428,DATA_20260314_130000.BIN,4.5881,26.9957,2.1385,26.9957,4.5540,1,14.074,17.656
1429,DATA_20260314_130000.BIN,2.1385,26.8610,1.1092,26.8610,8.9540,1,18.666,20.175
1430,DATA_20260314_130000.BIN,1.1092,7.9537,2.3380,7.9537,3.1240,1,17.524,20.190
1431,DATA_20260314_130000.BIN,10.5915,19.7958,1.7297,19.7958,3.3990,1,16.544,20.108
1432,DATA_20260314_130000.BIN,1.7297,13.3769,2.5848,13.3769,0.9680,1,15.611,18.567
1433,DATA_20260314_130000.BIN,3.5907,18.5173,11.5166,18.5173,2.9700,1,8.634,10.900
1434,DATA_20260314_130000.BIN,11.5166,30.0049,12.2919,30.0049,8.4920,1,17.999,20.884
1435,DATA_20260314_130000.BIN,12.2919,22.1731,8.9776,22.1731,6.5670,1,12.255,13.518
1436,DATA_20260314_130000.BIN,8.9776,18.6640,3.3140,18.6640,1.7710,1,7.927,11.422
1437,DATA_20260314_130000.BIN,3.3140,13.5876,4.2903,13.5876,4.3120,1,8.459,9.638
1438,DATA_20260314_130000.BIN,4.2903,18.8124,1.1274,18.8124,4.8840,1,10.753,12.044
1439,DATA_20260314_130000.BIN,1.1274,13.2406,1.3012,13.2406,3.3550,1,7.524,10.233
1440,DATA_20260314_130000.BIN,1.3012,12.4168,3.0369,12.4168,1.0780,1,7.155,9.612
1441,DATA_20260314_130000.BIN,4.4456,13.5376,4.4038,13.5376,1.0560,1,4.424,5.201
1442,DATA_20260314_130000.BIN,5.1517,14.1505,8.0838,14.1505,1.9580,1,3.983,10.520
1443,DATA_20260314_130000.BIN,1.2789,15.7928,5.2899,15.7928,1.9140,1,7.256,10.716
1444,DATA_20260314_130000.BIN,5.2899,14.2282,3.5375,14.2282,0.9790,1,3.207,3.385
1445,DATA_20260314_130000.BIN,3.5375,13.7745,3.2716,13.7745,1.0450,1,1.172,1.515
1446,DATA_20260314_130000.BIN,3.2716,11.9262,3.8614,11.9262,1.0230,1,1.395,1.396
1447,DATA_20260314_130000.BIN,0.8208,22.0290,1.8212,22.0290,7.5680,1,6.586,6.799
1448,DATA_20260314_130000.BIN,7.5550,22.7211,1.8577,22.7211,4.4660,1,5.225,5.613
1449,DATA_20260314_130000.BIN,1.8577,14.3033,8.0388,14.3033,2.2550,1,5.224,6.789
1450,DATA_20260314_130000.BIN,8.0388,12.4772,4.9595,12.4772,4.7520,1,7.052,7.782
1451,DATA_20260314_130000.BIN,0.7681,21.9629,1.1705,21.9629,5.9400,1,3.527,4.114
1452,DATA_20260314_130000.BIN,6.1622,11.0593,1.8472,11.0593,6.6110,1,4.667,9.809
1453,DATA_20260314_130000.BIN,4.7400,20.6511,8.8713,20.6511,3.1350,1,3.874,6.266
1454,DATA_20260314_130000.BIN,8.8713,15.8305,7.0777,15.8305,5.3570,1,8.677,9.860
1455,DATA_20260314_130000.BIN,7.0777,12.9513,1.2330,12.9513,1.1880,1,6.951,7.093
1456,DATA_20260314_130000.BIN,1.2330,14.5573,3.6695,14.5573,7.4690,1,2.996,2.996
1457,DATA_20260314_130000.BIN,3.6695,9.2179,1.7330,9.2179,1.3640,1,4.454,6.744
1458,DATA_20260314_130000.BIN,1.7330,13.1419,1.9936,13.1419,4.1690,1,2.027,3.414
1459,DATA_20260314_130000.BIN,1.9668,8.0085,1.3720,8.0085,3.3000,1,3.630,4.868
1460,DATA_20260314_130000.BIN,1.3720,13.2958,3.0861,13.2958,2.9260,1,3.502,3.969
1461,DATA_20260314_130000.BIN,3.0861,21.9368,3.8300,21.9368,6.3690,1,6.060,6.087
1462,DATA_20260314_130000.BIN,4.4740,15.9906,8.9689,15.9906,2.6180,1,3.793,4.435
1463,DATA_20260314_130000.BIN,8.9689,20.9802,2.5600,20.9802,2.6180,1,14.691,17.658
1464,DATA_20260314_130000.BIN,1.5167,7.5983,2.7681,7.5983,2.7280,1,1.436,7.227
1465,DATA_20260314_130000.BIN,0.7475,6.0732,1.0821,6.0732,1.5620,1,1.652,5.602
1466,DATA_20260314_130000.BIN,4.0987,15.0438,1.5521,15.0438,1.9800,1,5.461,6.731
1467,DATA_20260314_130000.BIN,1.5521,11.0227,2.0242,11.0227,3.4540,1,3.804,10.071
1468,DATA_20260314_130000.BIN,2.6826,9.5198,2.8756,9.5198,1.9030,1,2.969,6.353
1469,DATA_20260314_130000.BIN,3.8504,10.4483,2.7222,10.4483,6.4020,1,2.035,9.808
1470,DATA_20260314_130000.BIN,2.7222,12.1449,4.1676,12.1449,6.6550,1,5.591,10.560
1471,DATA_20260314_130000.BIN,4.1676,9.6011,2.4745,9.6011,1.2870,1,3.953,8.120
1472,DATA_20260314_130000.BIN,3.4475,12.8278,6.7399,12.8278,6.8640,1,4.555,16.597
1473,DATA_20260314_130000.BIN,6.7399,15.1431,5.6359,15.1431,2.0460,1,6.395,7.840
1474,DATA_20260314_130000.BIN,5.5254,13.6867,5.4000,13.6867,1.0780,1,4.041,5.880
1475,DATA_20260314_130000.BIN,7.5942,13.9839,7.3395,13.9839,1.0340,1,4.917,8.406
1476,DATA_20260314_130000.BIN,8.3457,15.4110,9.2018,15.4110,5.7860,1,7.571,11.765
1477,DATA_20260314_130000.BIN,9.2018,16.8499,5.3167,16.8499,3.9490,1,7.628,9.534
1478,DATA_20260314_130000.BIN,5.3167,12.3709,1.0939,12.3709,5.0270,1,2.027,3.878
1479,DATA_20260314_130000.BIN,7.2958,13.8422,5.7415,13.8422,2.2660,1,4.921,6.486
1480,DATA_20260314_130000.BIN,5.7415,11.6172,6.4872,11.6172,6.8200,1,5.317,5.802
1481,DATA_20260314_130000.BIN,6.4872,23.1675,15.7646,23.1675,7.2490,1,2.985,5.601
1482,DATA_20260314_130000.BIN,17.2858,33.3302,16.7545,33.3302,0.9130,1,17.987,18.925
1483,DATA_20260314_130000.BIN,16.7545,40.4788,10.4914,40.4788,1.1770,1,21.392,23.629
1484,DATA_20260314_130000.BIN,10.4914,44.2914,28.5770,44.2914,1.2870,1,11.964,15.908
1485,DATA_20260314_130000.BIN,28.5770,39.8923,23.0237,39.8923,1.5950,1,58.319,74.112
1486,DATA_20260314_130000.BIN,23.0237,37.9386,15.5325,37.9386,2.7060,1,30.461,33.124
1487,DATA_20260314_130000.BIN,15.5325,53.1917,34.4023,53.1917,3.0030,1,12.243,14.928
1488,DATA_20260314_130000.BIN,35.1952,40.5859,29.5798,40.5859,1.4850,1,52.258,54.684
1489,DATA_20260314_130000.BIN,29.5798,44.4207,9.2288,44.4207,2.3650,1,17.361,20.996
1490,DATA_20260314_130000.BIN,9.2288,52.1228,27.1832,52.1228,1.6390,1,24.939,25.835
1491,DATA_20260314_130000.BIN,27.1832,67.4969,56.4415,67.4969,3.5200,1,29.906,31.116
