cycle_idx,source_file,p0_r,p3_r,p7_r,amplitude,duration_s,validated,tilt_deg,q_error_deg
0,DATA_20260322_081904.BIN,46.2450,57.8940,37.6253,57.8940,3.5640,1,8.379,11.064
1,DATA_20260322_081904.BIN,37.6253,55.1809,49.4339,55.1809,3.0360,1,19.172,21.655
2,DATA_20260322_081904.BIN,49.4339,58.2354,48.5323,58.2354,3.7180,1,12.425,12.587
3,DATA_20260322_081904.BIN,48.5323,58.7788,45.7772,58.7788,3.0030,1,9.859,11.035
4,DATA_20260322_081904.BIN,45.7772,49.5963,45.2274,49.5963,1.7930,1,12.715,12.907
5,DATA_20260322_081904.BIN,45.2274,84.4841,43.2953,84.4841,4.3230,1,5.771,7.578
6,DATA_20260322_081904.BIN,43.2953,47.0758,42.6481,47.0758,0.9680,1,6.036,6.052
7,DATA_20260322_081904.BIN,42.6481,47.0529,41.9133,47.0529,1.0120,1,1.551,1.931
8,DATA_20260322_081904.BIN,41.9133,64.2274,58.2045,64.2274,2.0900,1,2.016,3.675
9,DATA_20260322_081904.BIN,65.2848,83.9286,62.4552,83.9286,2.0350,1,29.109,31.499
10,DATA_20260322_081904.BIN,62.4552,88.3312,35.8002,88.3312,2.8710,1,22.455,24.909
11,DATA_20260322_081904.BIN,43.5199,49.4402,46.7864,49.4402,2.3210,1,34.098,35.015
12,DATA_20260322_081904.BIN,46.7864,83.2122,54.6672,83.2122,3.1350,1,23.312,24.341
13,DATA_20260322_081904.BIN,54.6672,61.8278,48.2584,61.8278,2.4090,1,23.110,23.123
14,DATA_20260322_081904.BIN,48.2584,58.4561,54.5913,58.4561,1.2210,1,3.053,6.133
15,DATA_20260322_081904.BIN,54.5913,58.6322,49.7106,58.6322,1.1770,1,12.998,13.201
16,DATA_20260322_081904.BIN,49.7106,61.4679,55.5544,61.4679,1.3750,1,3.526,7.891
17,DATA_20260322_081904.BIN,55.5544,65.5496,59.7580,65.5496,3.3000,1,10.138,10.140
18,DATA_20260322_081904.BIN,42.7138,88.2526,56.1156,88.2526,5.1590,1,9.938,11.621
19,DATA_20260322_081904.BIN,56.1156,88.5136,83.4027,88.5136,6.2370,1,18.449,19.667
20,DATA_20260322_081904.BIN,83.4027,87.9039,53.8455,87.9039,5.0380,1,108.959,108.986
21,DATA_20260322_081904.BIN,43.6286,49.2031,36.7568,49.2031,1.8480,1,14.787,14.834
22,DATA_20260322_081904.BIN,36.7568,53.7998,48.9797,53.7998,2.1010,1,22.312,24.953
23,DATA_20260322_081904.BIN,48.9797,55.2274,44.6786,55.2274,1.9030,1,5.118,6.194
24,DATA_20260322_081904.BIN,46.7132,51.1389,47.0850,51.1389,1.0670,1,7.583,7.607
25,DATA_20260322_081904.BIN,47.0850,54.2563,47.2911,54.2563,3.1020,1,5.975,6.044
26,DATA_20260322_081904.BIN,47.2911,84.7398,58.2809,84.7398,3.3770,1,5.551,5.708
27,DATA_20260322_081904.BIN,58.2809,61.4895,58.4191,61.4895,1.4520,1,14.245,15.685
28,DATA_20260322_081904.BIN,58.4191,63.2488,42.5959,63.2488,2.8820,1,8.097,8.273
29,DATA_20260322_081904.BIN,42.5959,49.4040,46.2208,49.4040,2.1230,1,15.019,15.023
30,DATA_20260322_081904.BIN,44.9678,54.7606,45.1200,54.7606,3.6850,1,7.172,10.975
31,DATA_20260322_081904.BIN,45.1200,54.7702,50.4961,54.7702,3.6520,1,8.399,8.524
32,DATA_20260322_081904.BIN,50.4961,58.4991,53.7130,58.4991,7.5900,1,10.790,19.889
33,DATA_20260322_081904.BIN,53.7130,60.7188,52.7785,60.7188,4.8510,1,4.019,5.298
34,DATA_20260322_081904.BIN,52.7785,60.1969,40.1479,60.1969,5.4010,1,11.389,12.301
35,DATA_20260322_081904.BIN,40.1479,51.0316,48.3297,51.0316,2.0350,1,13.011,14.224
36,DATA_20260322_081904.BIN,48.3297,58.7393,44.8048,58.7393,1.8260,1,4.983,4.987
37,DATA_20260322_081904.BIN,41.0726,52.9507,48.1443,52.9507,6.8310,1,10.288,10.491
38,DATA_20260322_081904.BIN,48.1443,55.0090,46.7495,55.0090,2.3430,1,16.320,21.923
39,DATA_20260322_081904.BIN,46.7495,52.2013,47.4262,52.2013,1.1110,1,4.117,4.296
40,DATA_20260322_081904.BIN,47.4262,53.6110,43.6571,53.6110,2.7060,1,1.698,3.159
41,DATA_20260322_081904.BIN,43.6571,50.8549,46.7115,50.8549,3.8500,1,7.741,7.989
42,DATA_20260322_081904.BIN,47.6139,69.3293,41.8277,69.3293,4.5650,1,6.208,6.211
43,DATA_20260322_081904.BIN,41.8277,47.5404,43.0132,47.5404,1.0560,1,9.122,10.947
44,DATA_20260322_081904.BIN,43.0132,55.0621,45.3433,55.0621,4.4880,1,7.036,7.076
45,DATA_20260322_081904.BIN,45.3433,56.0508,40.2111,56.0508,2.1010,1,5.028,5.738
46,DATA_20260322_081904.BIN,40.2111,49.5990,42.0268,49.5990,1.6060,1,10.645,11.534
47,DATA_20260322_081904.BIN,45.4754,67.3383,46.7745,67.3383,4.0920,1,3.156,5.602
48,DATA_20260322_081904.BIN,46.3428,87.9659,78.0944,87.9659,6.5120,1,5.576,6.444
49,DATA_20260322_081904.BIN,78.0944,82.5915,80.5121,82.5915,5.7750,1,56.213,77.962
50,DATA_20260322_081904.BIN,80.5121,82.6652,79.1705,82.6652,2.5630,1,53.744,69.321
51,DATA_20260322_081904.BIN,79.1705,87.9055,52.9908,87.9055,2.6070,1,39.317,50.954
52,DATA_20260322_081904.BIN,52.9908,57.3223,39.3104,57.3223,4.7630,1,13.369,17.559
53,DATA_20260322_081904.BIN,44.1481,79.7560,54.7956,79.7560,9.7680,1,12.003,13.381
54,DATA_20260322_081904.BIN,54.7956,64.6112,46.5847,64.6112,2.4200,1,8.765,9.731
55,DATA_20260322_081904.BIN,46.5847,49.7932,45.6833,49.7932,1.2100,1,5.490,10.363
56,DATA_20260322_081904.BIN,45.6833,55.5324,42.1751,55.5324,3.3110,1,11.073,11.874
57,DATA_20260322_081904.BIN,51.3363,56.8930,41.8887,56.8930,3.0800,1,5.746,10.038
58,DATA_20260322_081904.BIN,41.8887,47.7433,41.8417,47.7433,5.1040,1,11.244,11.943
59,DATA_20260322_081904.BIN,41.8417,86.3190,48.7728,86.3190,5.9620,1,14.209,15.471
60,DATA_20260322_081904.BIN,48.7728,55.6857,46.5098,55.6857,2.2550,1,6.582,7.569
61,DATA_20260322_081904.BIN,46.2038,51.6195,47.0508,51.6195,3.4430,1,7.326,12.898
62,DATA_20260322_081904.BIN,47.0508,59.4287,46.9932,59.4287,1.8810,1,2.997,3.248
63,DATA_20260322_081904.BIN,46.9932,52.3027,42.1620,52.3027,2.4530,1,3.642,5.559
64,DATA_20260322_081904.BIN,42.1620,51.2287,45.9502,51.2287,1.9910,1,7.179,8.422
65,DATA_20260322_081904.BIN,45.9502,49.5839,44.5739,49.5839,0.9570,1,0.741,9.236
66,DATA_20260322_081904.BIN,44.5739,86.4512,81.4962,86.4512,3.5530,1,3.341,8.285
67,DATA_20260322_081904.BIN,81.4962,85.4043,48.1764,85.4043,2.8820,1,104.552,110.398
68,DATA_20260322_081904.BIN,48.1764,57.0929,44.6548,57.0929,3.5530,1,10.460,13.567
69,DATA_20260322_081904.BIN,44.6548,52.2245,43.4989,52.2245,3.9820,1,12.210,12.654
70,DATA_20260322_081904.BIN,43.4989,64.1908,57.9079,64.1908,9.6800,1,12.627,12.634
71,DATA_20260322_081904.BIN,57.9079,71.4369,60.4183,71.4369,2.4860,1,5.298,6.392
72,DATA_20260322_081904.BIN,60.4183,86.5508,52.4178,86.5508,6.6110,1,8.662,10.867
73,DATA_20260322_081904.BIN,52.4178,59.2733,44.8855,59.2733,3.0140,1,5.982,7.172
74,DATA_20260322_081904.BIN,44.8855,50.5520,45.9765,50.5520,1.9800,1,13.802,16.383
75,DATA_20260322_081904.BIN,45.9765,57.6368,48.5117,57.6368,1.8700,1,9.961,10.039
76,DATA_20260322_081904.BIN,48.5117,54.8119,42.4387,54.8119,1.9690,1,3.975,5.534
77,DATA_20260322_081904.BIN,42.4387,51.4837,46.3216,51.4837,2.6290,1,10.364,11.676
78,DATA_20260322_081904.BIN,68.8262,70.5479,45.1306,70.5479,4.0480,1,23.585,23.619
79,DATA_20260322_081904.BIN,45.1306,56.0103,44.9420,56.0103,2.5520,1,8.756,9.698
80,DATA_20260322_081904.BIN,44.9420,48.5364,39.5446,48.5364,2.6510,1,13.591,15.279
81,DATA_20260322_081904.BIN,39.5446,49.9267,46.9257,49.9267,2.0900,1,15.511,15.570
82,DATA_20260322_081904.BIN,46.9257,54.7103,46.1268,54.7103,1.5730,1,3.024,4.946
83,DATA_20260322_081904.BIN,46.1268,53.2557,46.3084,53.2557,1.3200,1,9.887,11.234
84,DATA_20260322_081904.BIN,46.3084,57.0858,50.3990,57.0858,1.2870,1,4.988,6.468
85,DATA_20260322_081904.BIN,50.3990,61.5654,50.1976,61.5654,2.6950,1,2.647,5.692
86,DATA_20260322_081904.BIN,50.1976,57.4021,50.3209,57.4021,1.3420,1,2.539,2.583
87,DATA_20260322_081904.BIN,50.3209,56.4506,48.4210,56.4506,2.4420,1,1.817,2.502
88,DATA_20260322_081904.BIN,48.4210,59.1790,45.8627,59.1790,3.1570,1,2.697,2.877
89,DATA_20260322_081904.BIN,45.8627,56.6140,50.2240,56.6140,1.6170,1,5.310,5.602
90,DATA_20260322_081904.BIN,50.2240,55.1442,41.3655,55.1442,1.8040,1,2.119,2.457
91,DATA_20260322_081904.BIN,41.3655,47.8472,40.2810,47.8472,2.7940,1,15.575,15.832
92,DATA_20260322_081904.BIN,40.2810,47.7145,45.2315,47.7145,1.5620,1,9.457,9.463
93,DATA_20260322_081904.BIN,40.3202,56.1554,40.2337,56.1554,2.8160,1,8.242,8.292
94,DATA_20260322_081904.BIN,40.2337,43.8767,34.5096,43.8767,1.5730,1,8.542,9.501
95,DATA_20260322_081904.BIN,34.5096,44.9219,35.1930,44.9219,1.9470,1,16.324,17.551
96,DATA_20260322_081904.BIN,35.1930,52.8060,46.7010,52.8060,3.5420,1,13.531,14.008
97,DATA_20260322_081904.BIN,46.7010,52.7651,44.6455,52.7651,2.2330,1,3.675,8.614
98,DATA_20260322_081904.BIN,39.4433,57.8438,43.2067,57.8438,1.8040,1,13.727,13.970
99,DATA_20260322_081904.BIN,54.0638,60.6122,39.9752,60.6122,3.2010,1,14.666,14.917
100,DATA_20260322_081904.BIN,42.2550,57.7658,44.4191,57.7658,3.0580,1,5.516,5.731
101,DATA_20260322_081904.BIN,44.4191,54.5820,38.5595,54.5820,3.2670,1,4.133,5.057
102,DATA_20260322_081904.BIN,38.5595,47.4840,43.9172,47.4840,1.9690,1,6.899,7.123
103,DATA_20260322_081904.BIN,43.9172,51.7436,43.3734,51.7436,3.2890,1,7.516,7.570
104,DATA_20260322_081904.BIN,43.3734,51.0841,44.7793,51.0841,3.3770,1,6.597,8.150
105,DATA_20260322_081904.BIN,44.7793,50.7186,41.2273,50.7186,3.3660,1,4.209,9.393
106,DATA_20260322_081904.BIN,41.2273,52.5468,42.0176,52.5468,2.6400,1,5.290,11.491
107,DATA_20260322_081904.BIN,42.0176,50.0077,44.0423,50.0077,2.4090,1,3.278,7.856
108,DATA_20260322_081904.BIN,44.0423,51.9603,43.7582,51.9603,3.6410,1,3.436,5.315
109,DATA_20260322_081904.BIN,43.4166,47.1907,43.4341,47.1907,0.9900,1,1.423,4.091
110,DATA_20260322_081904.BIN,43.4341,55.5312,40.9279,55.5312,5.0270,1,6.043,6.193
111,DATA_20260322_081904.BIN,40.9279,47.8697,42.1500,47.8697,2.7610,1,12.246,12.338
112,DATA_20260322_081904.BIN,42.1500,46.2020,40.8223,46.2020,1.1110,1,2.633,3.668
113,DATA_20260322_081904.BIN,40.8223,43.0533,41.0553,43.0533,1.4960,1,1.947,7.371
114,DATA_20260322_081904.BIN,43.7526,86.9513,38.6323,86.9513,4.5210,1,7.631,16.933
115,DATA_20260322_081904.BIN,39.7219,55.4632,45.1167,55.4632,2.9700,1,3.272,6.050
116,DATA_20260322_081904.BIN,45.1167,48.6825,44.4388,48.6825,2.9920,1,5.245,6.155
117,DATA_20260322_081904.BIN,44.4388,48.1323,43.7621,48.1323,5.3130,1,3.041,4.049
118,DATA_20260322_081904.BIN,42.0740,86.8808,77.1034,86.8808,3.1240,1,1.352,2.459
119,DATA_20260322_081904.BIN,77.1034,85.6351,48.0173,85.6351,3.6190,1,125.325,134.780
120,DATA_20260322_081904.BIN,48.0173,60.2351,46.3618,60.2351,3.3440,1,11.192,12.546
121,DATA_20260322_081904.BIN,46.3618,81.6309,41.6238,81.6309,7.4140,1,8.412,8.603
122,DATA_20260322_081904.BIN,53.1360,61.6135,57.3127,61.6135,1.1220,1,0.896,4.471
123,DATA_20260322_081904.BIN,57.3127,65.3968,43.9775,65.3968,2.1010,1,17.604,17.793
124,DATA_20260322_081904.BIN,43.9775,47.5787,42.0925,47.5787,1.9360,1,10.751,10.765
125,DATA_20260322_081904.BIN,42.0925,63.2773,55.6368,63.2773,2.8050,1,11.072,11.544
126,DATA_20260322_081904.BIN,55.6368,86.0063,71.7468,86.0063,3.7290,1,8.818,10.709
127,DATA_20260322_081904.BIN,71.7468,73.8533,66.9411,73.8533,3.7070,1,31.741,34.856
128,DATA_20260322_081904.BIN,66.9411,86.4404,56.0639,86.4404,2.3100,1,20.770,24.594
129,DATA_20260322_081904.BIN,56.0639,60.1944,43.9765,60.1944,2.9150,1,13.357,13.470
130,DATA_20260322_081904.BIN,52.6554,59.4712,51.6577,59.4712,0.9240,1,4.583,8.104
131,DATA_20260322_081904.BIN,51.6577,64.3776,57.2590,64.3776,1.3090,1,3.542,3.542
132,DATA_20260322_081904.BIN,57.2590,62.0984,50.8485,62.0984,2.5960,1,5.762,6.620
133,DATA_20260322_081904.BIN,50.8485,62.1010,55.6746,62.1010,1.8260,1,5.845,5.897
134,DATA_20260322_081904.BIN,53.5286,60.1682,53.0100,60.1682,1.2980,1,5.792,6.891
135,DATA_20260322_081904.BIN,53.0100,58.6122,50.7139,58.6122,1.2650,1,4.347,4.347
136,DATA_20260322_081904.BIN,50.7139,58.5330,39.6295,58.5330,1.7710,1,5.162,5.407
137,DATA_20260322_081904.BIN,39.6295,51.4794,36.1121,51.4794,1.8920,1,15.779,16.913
138,DATA_20260322_081904.BIN,36.1121,47.9361,41.8362,47.9361,2.4310,1,18.782,24.005
139,DATA_20260322_081904.BIN,41.8362,47.1563,43.4808,47.1563,0.9130,1,8.858,10.978
140,DATA_20260322_081904.BIN,43.4808,51.1165,40.2071,51.1165,3.2230,1,6.427,10.669
141,DATA_20260322_081904.BIN,40.2071,56.7564,44.8069,56.7564,1.7270,1,11.958,12.591
142,DATA_20260322_081904.BIN,38.1597,46.8051,42.7434,46.8051,2.0460,1,10.084,12.153
143,DATA_20260322_081904.BIN,42.7434,47.3484,43.2391,47.3484,0.9680,1,3.101,9.969
144,DATA_20260322_081904.BIN,44.3521,56.8963,42.2674,56.8963,2.6620,1,2.498,7.520
145,DATA_20260322_081904.BIN,42.2674,47.2028,42.5769,47.2028,2.0350,1,6.728,6.730
146,DATA_20260322_081904.BIN,42.5769,76.6603,29.5855,76.6603,3.0910,1,6.729,6.795
147,DATA_20260322_081904.BIN,24.2313,72.8518,28.2021,72.8518,3.9050,1,55.586,56.264
148,DATA_20260322_081904.BIN,9.0321,12.3920,9.5457,12.3920,5.5660,1,83.410,133.726
149,DATA_20260322_081904.BIN,9.5457,11.3008,8.9721,11.3008,2.2110,1,77.194,114.008
150,DATA_20260322_081904.BIN,8.9721,15.5324,9.7318,15.5324,4.3010,1,77.662,111.874
151,DATA_20260322_081904.BIN,9.7318,13.9737,9.8279,13.9737,2.2000,1,63.111,97.200
152,DATA_20260322_081904.BIN,9.8279,14.0065,9.5326,14.0065,0.9680,1,61.820,88.171
153,DATA_20260322_081904.BIN,9.5326,14.9104,9.3906,14.9104,1.0010,1,51.106,74.909
154,DATA_20260322_081904.BIN,9.3906,14.4839,10.1312,14.4839,0.9790,1,46.963,67.339
155,DATA_20260322_081904.BIN,10.1312,16.0441,10.5127,16.0441,1.0230,1,40.944,61.297
156,DATA_20260322_081904.BIN,10.5127,15.8958,8.8025,15.8958,6.0610,1,38.420,57.363
157,DATA_20260322_081904.BIN,9.8872,14.3676,10.3144,14.3676,1.1330,1,32.127,48.571
158,DATA_20260322_081904.BIN,10.7202,13.3126,8.7086,13.3126,2.6950,1,36.725,50.913
159,DATA_20260322_081904.BIN,8.7086,13.4613,9.6669,13.4613,6.1160,1,43.888,51.508
160,DATA_20260322_081904.BIN,9.6669,12.7570,5.2061,12.7570,5.2360,1,30.594,39.559
161,DATA_20260322_081904.BIN,5.2061,10.4647,7.2402,10.4647,6.3800,1,49.055,50.382
162,DATA_20260322_081904.BIN,7.2402,11.2409,6.0306,11.2409,1.5180,1,36.573,37.922
163,DATA_20260322_081904.BIN,8.8869,13.2615,7.0038,13.2615,5.3020,1,7.192,15.857
164,DATA_20260322_081904.BIN,8.2434,12.4851,8.1889,12.4851,5.3900,1,31.134,31.370
165,DATA_20260322_081904.BIN,8.1889,11.9545,9.4099,11.9545,4.4770,1,24.584,25.670
166,DATA_20260322_081904.BIN,9.4099,12.1327,8.2377,12.1327,4.2570,1,22.815,23.404
167,DATA_20260322_081904.BIN,7.7262,11.2536,8.7599,11.2536,7.4910,1,14.783,21.005
168,DATA_20260322_081904.BIN,9.1102,16.6488,8.7498,16.6488,5.5440,1,19.916,21.805
169,DATA_20260322_081904.BIN,8.7498,10.4917,7.9261,10.4917,7.3260,1,7.995,13.631
170,DATA_20260322_081904.BIN,7.9261,12.7140,8.6248,12.7140,5.4670,1,26.682,27.688
171,DATA_20260322_081904.BIN,8.6248,11.5875,6.4124,11.5875,1.5950,1,10.183,15.527
172,DATA_20260322_081904.BIN,6.4124,11.4092,8.6049,11.4092,2.1010,1,25.274,25.290
173,DATA_20260322_081904.BIN,6.0564,12.5903,8.2686,12.5903,6.9630,1,25.499,25.506
174,DATA_20260322_081904.BIN,9.7969,12.5001,8.2668,12.5001,2.6180,1,9.849,16.103
175,DATA_20260322_081904.BIN,8.2668,11.1884,8.6810,11.1884,2.3320,1,27.314,27.464
176,DATA_20260322_081904.BIN,8.6810,11.5751,8.9212,11.5751,1.3530,1,12.583,15.311
177,DATA_20260322_081904.BIN,9.0929,11.6098,8.9963,11.6098,3.9930,1,3.145,4.862
178,DATA_20260322_081904.BIN,8.7976,11.3656,8.9673,11.3656,5.0160,1,1.954,5.417
179,DATA_20260322_081904.BIN,9.5755,14.2879,9.3328,14.2879,1.0560,1,8.324,12.321
180,DATA_20260322_081904.BIN,9.2866,12.9180,9.9124,12.9180,2.6290,1,7.943,11.215
181,DATA_20260322_081904.BIN,9.9124,13.9321,10.5669,13.9321,5.7310,1,6.386,11.798
182,DATA_20260322_081904.BIN,10.1682,17.4957,9.5084,17.4957,9.3390,1,4.278,9.240
183,DATA_20260322_081904.BIN,9.5084,20.2782,8.9072,20.2782,7.8320,1,0.997,5.736
184,DATA_20260322_081904.BIN,10.7965,17.5895,8.9248,17.5895,7.0510,1,5.217,9.976
185,DATA_20260322_081904.BIN,9.0497,11.8236,9.0148,11.8236,3.4980,1,6.947,7.112
186,DATA_20260322_081904.BIN,9.0148,11.4036,8.7324,11.4036,5.8300,1,3.098,3.344
187,DATA_20260322_081904.BIN,8.0079,10.5451,8.6163,10.5451,1.4740,1,15.039,15.041
188,DATA_20260322_081904.BIN,8.6163,11.1289,8.9523,11.1289,7.0620,1,11.991,11.996
189,DATA_20260322_081904.BIN,9.0164,12.6783,8.6067,12.6783,2.5630,1,6.231,6.352
190,DATA_20260322_081904.BIN,10.4340,13.0238,8.7471,13.0238,8.7560,1,12.952,14.396
191,DATA_20260322_081904.BIN,8.9428,12.1376,9.0788,12.1376,1.9360,1,3.559,3.737
192,DATA_20260322_081904.BIN,8.9915,11.1227,9.1166,11.1227,6.1930,1,3.586,3.593
193,DATA_20260322_081904.BIN,9.1166,10.8652,8.2743,10.8652,3.6520,1,7.248,7.576
194,DATA_20260322_081904.BIN,8.2743,11.2667,9.2687,11.2667,2.0900,1,9.927,10.195
195,DATA_20260322_081904.BIN,9.2687,12.2547,9.5630,12.2547,2.7060,1,3.915,4.986
196,DATA_20260322_081904.BIN,9.5630,14.3264,9.4842,14.3264,9.8010,1,1.916,3.511
197,DATA_20260322_081904.BIN,9.4842,12.8799,9.4703,12.8799,1.3310,1,2.364,3.284
198,DATA_20260322_081904.BIN,9.4703,13.3391,8.5376,13.3391,2.9040,1,5.038,5.387
199,DATA_20260322_081904.BIN,9.2915,12.6136,9.3448,12.6136,2.4200,1,5.387,5.509
200,DATA_20260322_081904.BIN,8.9768,12.7180,9.2683,12.7180,1.8590,1,5.898,6.003
201,DATA_20260322_081904.BIN,9.3866,14.3934,9.8725,14.3934,1.0340,1,5.677,5.868
202,DATA_20260322_081904.BIN,8.4930,10.4916,7.1820,10.4916,3.5860,1,16.927,17.297
203,DATA_20260322_081904.BIN,8.8483,12.1596,8.5999,12.1596,2.1890,1,10.495,11.050
204,DATA_20260322_081904.BIN,8.3763,11.6920,9.0124,11.6920,3.0910,1,11.775,11.866
205,DATA_20260322_081904.BIN,9.0124,13.0114,9.2447,13.0114,1.1110,1,0.664,0.834
206,DATA_20260322_081904.BIN,9.1615,12.0359,9.0385,12.0359,2.0570,1,6.540,6.582
207,DATA_20260322_081904.BIN,9.0385,11.2709,9.0231,11.2709,4.6420,1,3.255,4.445
208,DATA_20260322_081904.BIN,7.4153,11.0489,8.8155,11.0489,4.3230,1,29.827,31.823
209,DATA_20260322_081904.BIN,9.0220,11.4073,8.8850,11.4073,8.2280,1,2.495,3.357
210,DATA_20260322_081904.BIN,8.8850,13.4285,8.0555,13.4285,4.5870,1,11.835,11.959
211,DATA_20260322_081904.BIN,8.0555,12.7026,8.2690,12.7026,1.2650,1,12.663,13.080
212,DATA_20260322_081904.BIN,8.8115,16.8527,6.9260,16.8527,8.6020,1,7.708,7.709
213,DATA_20260322_081904.BIN,6.9260,20.9991,11.9404,20.9991,2.3980,1,19.948,19.966
214,DATA_20260322_081904.BIN,11.9404,17.4733,8.5946,17.4733,4.2020,1,5.752,12.062
215,DATA_20260322_081904.BIN,8.5946,10.9203,8.6820,10.9203,6.3580,1,6.857,6.876
216,DATA_20260322_081904.BIN,8.6820,11.2089,9.3087,11.2089,4.8510,1,10.841,10.843
217,DATA_20260322_081904.BIN,9.3087,12.0787,8.9286,12.0787,3.3000,1,5.445,6.345
218,DATA_20260322_081904.BIN,8.9286,10.9094,8.9547,10.9094,3.5750,1,5.238,5.310
219,DATA_20260322_081904.BIN,8.9547,13.9467,8.4805,13.9467,3.7070,1,7.952,8.216
220,DATA_20260322_081904.BIN,8.0477,10.3662,8.3966,10.3662,2.1340,1,10.924,11.107
221,DATA_20260322_081904.BIN,8.3966,12.1763,8.7911,12.1763,3.9050,1,6.542,6.545
222,DATA_20260322_081904.BIN,8.7911,10.5590,5.4544,10.5590,2.3430,1,5.708,5.722
223,DATA_20260322_081904.BIN,5.7495,19.2659,8.6067,19.2659,6.4020,1,23.130,23.876
224,DATA_20260322_081904.BIN,9.0037,11.5240,8.8102,11.5240,5.5000,1,7.593,7.614
225,DATA_20260322_081904.BIN,8.7244,15.6595,9.9219,15.6595,9.3390,1,5.807,6.077
226,DATA_20260322_081904.BIN,9.9219,12.0991,8.1619,12.0991,6.6880,1,3.763,7.591
227,DATA_20260322_081904.BIN,10.1435,12.6368,10.4359,12.6368,2.6510,1,0.474,5.426
228,DATA_20260322_081904.BIN,10.4359,12.1591,8.6501,12.1591,3.6960,1,2.713,6.769
229,DATA_20260322_081904.BIN,11.5824,16.4380,7.9970,16.4380,4.1580,1,9.516,11.992
230,DATA_20260322_081904.BIN,7.9970,11.5991,7.7983,11.5991,3.4100,1,6.430,8.657
231,DATA_20260322_081904.BIN,5.9719,12.5500,10.0695,12.5500,1.4960,1,37.604,38.139
232,DATA_20260322_081904.BIN,10.0695,15.9528,8.7904,15.9528,5.8190,1,30.644,32.052
233,DATA_20260322_081904.BIN,7.7912,16.5493,9.0386,16.5493,5.3240,1,11.406,11.871
234,DATA_20260322_081904.BIN,9.0386,14.6630,8.9505,14.6630,2.1890,1,1.829,3.563
235,DATA_20260322_081904.BIN,8.9505,13.8482,10.1438,13.8482,1.9470,1,49.725,51.842
236,DATA_20260322_081904.BIN,10.1438,14.3600,7.9565,14.3600,3.0030,1,13.709,14.192
237,DATA_20260322_081904.BIN,7.9565,15.2738,9.6026,15.2738,2.4310,1,10.144,10.166
238,DATA_20260322_081904.BIN,9.6026,18.0853,9.6738,18.0853,3.0910,1,13.115,13.996
239,DATA_20260322_081904.BIN,9.6738,17.1409,7.8216,17.1409,2.9700,1,9.601,10.410
240,DATA_20260322_081904.BIN,7.8216,15.0751,9.1215,15.0751,7.2050,1,9.564,10.881
241,DATA_20260322_081904.BIN,8.9339,13.1707,7.3953,13.1707,1.2430,1,16.377,16.868
242,DATA_20260322_081904.BIN,7.3953,22.8326,5.7145,22.8326,4.5210,1,16.896,16.900
243,DATA_20260322_081904.BIN,8.5371,10.9980,8.7847,10.9980,3.3660,1,5.722,5.771
244,DATA_20260322_081904.BIN,7.8022,12.5025,8.8990,12.5025,3.5090,1,6.393,7.148
245,DATA_20260322_081904.BIN,8.8990,18.2979,8.0278,18.2979,6.3030,1,6.748,6.749
246,DATA_20260322_081904.BIN,5.5966,13.4756,7.5592,13.4756,6.6550,1,24.860,24.923
247,DATA_20260322_081904.BIN,6.3173,9.0699,5.4627,9.0699,5.5880,1,13.680,13.781
248,DATA_20260322_081904.BIN,5.4627,13.3381,5.8578,13.3381,6.2260,1,14.361,14.672
249,DATA_20260322_081904.BIN,7.2286,10.1980,6.4141,10.1980,1.6720,1,6.921,6.923
250,DATA_20260322_081904.BIN,6.4141,8.5581,4.6494,8.5581,4.4990,1,12.181,12.673
251,DATA_20260322_081904.BIN,4.6494,13.9701,6.0885,13.9701,6.4350,1,15.823,15.998
252,DATA_20260322_081904.BIN,6.7426,8.7618,6.6712,8.7618,3.3990,1,6.401,7.657
253,DATA_20260322_081904.BIN,6.6712,11.6697,5.7017,11.6697,7.9200,1,5.245,5.286
254,DATA_20260322_081904.BIN,5.7017,10.2820,6.5653,10.2820,6.0720,1,8.375,9.165
255,DATA_20260322_081904.BIN,6.5653,12.1379,6.7940,12.1379,5.0380,1,2.451,2.453
256,DATA_20260322_081904.BIN,6.7940,8.7589,6.1894,8.7589,1.7490,1,3.640,3.733
257,DATA_20260322_081904.BIN,6.4061,15.1749,7.6605,15.1749,5.3350,1,3.531,3.584
258,DATA_20260322_081904.BIN,6.1098,8.9760,6.5971,8.9760,5.1370,1,7.202,7.204
259,DATA_20260322_081904.BIN,6.5971,22.3291,16.2355,22.3291,2.8050,1,9.622,9.829
260,DATA_20260322_081904.BIN,16.2355,26.5914,10.5573,26.5914,6.1050,1,4.275,18.164
261,DATA_20260322_081904.BIN,8.8275,14.9844,9.0466,14.9844,1.9140,1,10.203,10.826
262,DATA_20260322_081904.BIN,8.4291,18.4941,12.3383,18.4941,2.2000,1,6.748,6.937
263,DATA_20260322_081904.BIN,9.4051,22.8422,7.5526,22.8422,3.4430,1,7.367,9.092
264,DATA_20260322_081904.BIN,7.5526,14.4499,7.0622,14.4499,7.6120,1,4.557,4.754
265,DATA_20260322_081904.BIN,7.0622,14.4073,6.4402,14.4073,2.1340,1,2.258,2.263
266,DATA_20260322_081904.BIN,6.4402,19.8161,7.2174,19.8161,3.5640,1,8.485,9.632
267,DATA_20260322_081904.BIN,7.2174,12.0205,7.4933,12.0205,4.7410,1,3.673,4.150
268,DATA_20260322_081904.BIN,7.4933,11.8485,6.6773,11.8485,4.4220,1,10.174,10.535
269,DATA_20260322_081904.BIN,6.6773,10.8962,7.9425,10.8962,4.5430,1,5.238,5.573
270,DATA_20260322_081904.BIN,7.9425,12.0217,7.6609,12.0217,5.6980,1,10.313,10.337
271,DATA_20260322_081904.BIN,7.6609,10.9202,8.1318,10.9202,1.8260,1,6.514,7.427
272,DATA_20260322_081904.BIN,8.1318,12.1309,7.8078,12.1309,7.3480,1,8.146,8.159
273,DATA_20260322_081904.BIN,6.6398,12.5326,7.7349,12.5326,9.6470,1,7.984,8.199
274,DATA_20260322_081904.BIN,7.7349,10.3303,8.0171,10.3303,5.1260,1,11.302,11.448
275,DATA_20260322_081904.BIN,5.6185,11.8240,7.2000,11.8240,4.7190,1,9.445,10.150
276,DATA_20260322_081904.BIN,7.2000,11.3895,7.0598,11.3895,2.5190,1,2.230,2.231
277,DATA_20260322_090000.BIN,4.8517,13.6440,3.5725,13.6440,7.8540,1,0.784,1.257
278,DATA_20260322_090000.BIN,3.5725,18.0067,3.4398,18.0067,5.5000,1,2.169,2.177
279,DATA_20260322_090000.BIN,3.4398,11.7003,4.9988,11.7003,5.5330,1,2.237,3.084
280,DATA_20260322_090000.BIN,4.6953,11.9863,3.4495,11.9863,8.2610,1,2.403,4.873
281,DATA_20260322_090000.BIN,3.4495,20.0639,3.4376,20.0639,2.5520,1,3.286,8.583
282,DATA_20260322_090000.BIN,3.4376,24.8536,2.6811,24.8536,4.4110,1,6.761,8.925
283,DATA_20260322_090000.BIN,1.3619,9.3233,0.3329,9.3233,8.9870,1,3.884,5.362
284,DATA_20260322_090000.BIN,1.8890,10.3163,0.7321,10.3163,4.0920,1,3.297,5.613
285,DATA_20260322_090000.BIN,5.5187,11.0912,1.6846,11.0912,2.8160,1,4.432,6.303
286,DATA_20260322_090000.BIN,1.4381,16.7470,0.7944,16.7470,4.7410,1,2.984,3.570
287,DATA_20260322_090000.BIN,2.1955,12.0198,4.6026,12.0198,1.4410,1,4.816,5.647
288,DATA_20260322_090000.BIN,4.6026,14.7257,7.6648,14.7257,6.0610,1,3.194,5.495
289,DATA_20260322_090000.BIN,7.6648,15.0159,0.5368,15.0159,3.5750,1,6.390,8.681
290,DATA_20260322_090000.BIN,0.5368,14.2453,2.8503,14.2453,2.3540,1,3.465,3.489
291,DATA_20260322_090000.BIN,2.8503,13.9356,7.0555,13.9356,7.4690,1,3.195,5.945
292,DATA_20260322_090000.BIN,7.0555,19.3290,9.4559,19.3290,8.2940,1,5.155,5.449
293,DATA_20260322_090000.BIN,9.4559,17.7564,3.6911,17.7564,2.0020,1,6.829,12.834
294,DATA_20260322_090000.BIN,3.6911,27.0095,2.5578,27.0095,2.6070,1,4.628,9.679
295,DATA_20260322_090000.BIN,2.5578,42.8290,5.6928,42.8290,3.1130,1,2.790,17.786
296,DATA_20260322_090000.BIN,5.6928,11.3562,2.7937,11.3562,3.6960,1,4.704,6.707
297,DATA_20260322_090000.BIN,2.7393,14.8313,0.9165,14.8313,7.9970,1,2.459,2.552
298,DATA_20260322_090000.BIN,0.9165,8.2262,0.5493,8.2262,3.9380,1,3.843,4.502
299,DATA_20260322_090000.BIN,0.5493,12.7432,1.4477,12.7432,7.8100,1,3.987,4.716
300,DATA_20260322_090000.BIN,1.4477,13.2877,2.7578,13.2877,7.6340,1,4.719,5.872
301,DATA_20260322_090000.BIN,2.7578,9.3333,0.7145,9.3333,4.7630,1,0.447,1.199
302,DATA_20260322_090000.BIN,1.7216,11.9057,3.1475,11.9057,4.9720,1,3.076,6.197
303,DATA_20260322_090000.BIN,3.1475,18.2902,2.3258,18.2902,3.7510,1,6.093,6.289
304,DATA_20260322_090000.BIN,2.3258,21.1677,5.7057,21.1677,2.9590,1,1.838,13.607
305,DATA_20260322_090000.BIN,0.5254,18.0823,5.4470,18.0823,8.6350,1,1.672,9.303
306,DATA_20260322_090000.BIN,5.4470,14.6245,0.5628,14.6245,3.2450,1,4.325,4.520
307,DATA_20260322_090000.BIN,1.4150,18.2229,7.2761,18.2229,5.3350,1,2.309,2.943
308,DATA_20260322_090000.BIN,0.6398,13.9714,0.6231,13.9714,3.4870,1,1.981,6.035
309,DATA_20260322_090000.BIN,1.8194,14.7883,0.8028,14.7883,4.8290,1,4.205,5.094
310,DATA_20260322_090000.BIN,0.8028,7.3263,0.1615,7.3263,2.2550,1,2.323,4.013
311,DATA_20260322_090000.BIN,0.1615,14.2921,0.5068,14.2921,8.0410,1,1.468,4.081
312,DATA_20260322_090000.BIN,4.2567,10.6579,2.1369,10.6579,5.1150,1,4.854,9.367
313,DATA_20260322_090000.BIN,0.4006,12.6382,0.2540,12.6382,9.6140,1,1.817,2.641
314,DATA_20260322_090000.BIN,1.8938,14.6302,2.2534,14.6302,2.4970,1,2.994,3.586
315,DATA_20260322_090000.BIN,2.2534,16.6780,0.8563,16.6780,6.8640,1,1.481,4.266
316,DATA_20260322_090000.BIN,0.8563,11.7482,1.5464,11.7482,2.3430,1,1.357,1.426
317,DATA_20260322_090000.BIN,1.5464,21.7627,2.6616,21.7627,5.6870,1,1.954,10.384
318,DATA_20260322_090000.BIN,1.0223,27.9785,6.3919,27.9785,4.2020,1,2.100,2.148
319,DATA_20260322_090000.BIN,6.3919,20.4867,1.4654,20.4867,5.2140,1,8.123,9.144
320,DATA_20260322_090000.BIN,1.9083,8.6146,1.8711,8.6146,1.5620,1,2.461,5.262
321,DATA_20260322_090000.BIN,1.1820,10.9624,2.2737,10.9624,2.7280,1,1.074,7.943
322,DATA_20260322_090000.BIN,2.2737,51.2672,1.5633,51.2672,5.1040,1,3.469,10.046
323,DATA_20260322_090000.BIN,1.5847,22.1268,6.7495,22.1268,1.7600,1,1.643,10.834
324,DATA_20260322_090000.BIN,6.7495,15.1603,7.4438,15.1603,2.2990,1,7.870,8.116
325,DATA_20260322_090000.BIN,1.5197,11.1812,0.5587,11.1812,5.4120,1,2.210,2.985
326,DATA_20260322_090000.BIN,1.3520,8.2511,1.2350,8.2511,4.9060,1,2.288,10.741
327,DATA_20260322_090000.BIN,1.2350,14.4864,1.2427,14.4864,9.4600,1,1.103,2.111
328,DATA_20260322_090000.BIN,1.2427,10.3277,0.7538,10.3277,2.5740,1,1.764,4.718
329,DATA_20260322_090000.BIN,0.7538,10.4462,1.1901,10.4462,8.3600,1,2.022,12.566
330,DATA_20260322_090000.BIN,12.5431,18.6427,2.4091,18.6427,5.1040,1,14.563,14.922
331,DATA_20260322_090000.BIN,2.4091,11.4872,0.6603,11.4872,6.6110,1,3.402,3.560
332,DATA_20260322_090000.BIN,0.6603,16.4994,4.1646,16.4994,8.7010,1,1.107,4.867
333,DATA_20260322_090000.BIN,4.1646,15.9362,2.0867,15.9362,3.2340,1,4.713,5.039
334,DATA_20260322_090000.BIN,2.0867,20.6753,0.6639,20.6753,3.8830,1,2.509,16.482
335,DATA_20260322_090000.BIN,0.6639,8.4697,3.3688,8.4697,5.6210,1,1.706,11.406
336,DATA_20260322_090000.BIN,3.4737,9.4117,2.7771,9.4117,5.1040,1,3.344,5.405
337,DATA_20260322_090000.BIN,1.4115,16.4964,1.5592,16.4964,8.3820,1,0.963,4.232
338,DATA_20260322_090000.BIN,0.9046,11.0952,1.1178,11.0952,4.8620,1,0.597,1.010
339,DATA_20260322_090000.BIN,0.4746,15.2411,3.9445,15.2411,7.3590,1,1.413,1.970
340,DATA_20260322_090000.BIN,0.7806,11.2287,0.5201,11.2287,3.1900,1,1.068,3.319
341,DATA_20260322_090000.BIN,0.5201,16.0936,0.4641,16.0936,6.1930,1,1.152,1.330
342,DATA_20260322_090000.BIN,0.4641,14.9629,3.8935,14.9629,4.7190,1,0.315,1.031
343,DATA_20260322_090000.BIN,3.8935,11.0374,0.7934,11.0374,2.0350,1,4.155,4.519
344,DATA_20260322_090000.BIN,0.7934,12.4023,0.9925,12.4023,4.1140,1,2.598,9.558
345,DATA_20260322_090000.BIN,1.4568,12.3206,2.4369,12.3206,9.4160,1,2.417,4.359
346,DATA_20260322_090000.BIN,2.4369,14.3604,1.8012,14.3604,7.0180,1,2.244,7.231
347,DATA_20260322_090000.BIN,1.8012,9.2347,1.4639,9.2347,3.0800,1,2.979,4.802
348,DATA_20260322_090000.BIN,1.4639,10.7684,3.5287,10.7684,5.9180,1,2.107,2.267
349,DATA_20260322_090000.BIN,6.3511,12.4812,4.6822,12.4812,4.4880,1,7.136,7.438
350,DATA_20260322_090000.BIN,4.6822,14.4071,0.3597,14.4071,4.2790,1,5.313,8.048
351,DATA_20260322_090000.BIN,0.3597,14.3130,2.8857,14.3130,8.2390,1,0.477,1.024
352,DATA_20260322_090000.BIN,4.1572,17.3943,6.4377,17.3943,3.4870,1,4.053,4.933
353,DATA_20260322_090000.BIN,6.4377,54.5851,6.3489,54.5851,3.9050,1,8.174,15.737
354,DATA_20260322_090000.BIN,6.3489,27.6543,3.0739,27.6543,1.6720,1,6.565,7.514
355,DATA_20260322_090000.BIN,3.0739,29.2880,4.0135,29.2880,4.8840,1,2.480,2.483
356,DATA_20260322_090000.BIN,0.9448,17.1096,0.9040,17.1096,5.4120,1,1.361,2.001
357,DATA_20260322_090000.BIN,0.9445,11.8903,2.2215,11.8903,3.4760,1,2.128,2.132
358,DATA_20260322_090000.BIN,2.2215,13.4182,0.2049,13.4182,4.5210,1,2.834,3.690
359,DATA_20260322_090000.BIN,0.2049,10.1793,3.5719,10.1793,2.5520,1,0.892,1.419
360,DATA_20260322_090000.BIN,3.5719,16.2318,2.5325,16.2318,4.1250,1,3.521,4.655
361,DATA_20260322_090000.BIN,2.5325,12.4840,5.3084,12.4840,1.7930,1,2.298,3.939
362,DATA_20260322_090000.BIN,5.3084,15.3972,1.9480,15.3972,3.9050,1,3.843,11.380
363,DATA_20260322_090000.BIN,1.9480,18.8589,2.3037,18.8589,5.9730,1,1.714,6.029
364,DATA_20260322_090000.BIN,1.8575,18.4967,2.0965,18.4967,7.1060,1,0.459,0.471
365,DATA_20260322_090000.BIN,2.0965,15.2335,8.9243,15.2335,2.4310,1,3.198,3.286
366,DATA_20260322_090000.BIN,8.9243,20.1830,1.8688,20.1830,4.0150,1,8.772,9.558
367,DATA_20260322_090000.BIN,2.7039,16.4393,2.9428,16.4393,2.8820,1,2.794,2.934
368,DATA_20260322_090000.BIN,2.9428,9.7495,2.5984,9.7495,3.2450,1,3.183,5.101
369,DATA_20260322_090000.BIN,3.6776,12.3950,2.9495,12.3950,3.6190,1,5.328,6.156
370,DATA_20260322_090000.BIN,2.9495,11.4372,1.7168,11.4372,4.0700,1,1.740,2.567
371,DATA_20260322_090000.BIN,1.7168,18.1525,6.8427,18.1525,9.4050,1,3.439,5.328
372,DATA_20260322_090000.BIN,8.4337,14.9990,2.0104,14.9990,7.2930,1,8.715,8.723
373,DATA_20260322_090000.BIN,2.0104,40.9028,6.3312,40.9028,2.6730,1,2.025,12.003
374,DATA_20260322_090000.BIN,6.3312,15.6318,0.8756,15.6318,2.0680,1,7.101,16.187
375,DATA_20260322_090000.BIN,1.2002,9.2888,1.2801,9.2888,7.5020,1,0.710,3.443
376,DATA_20260322_090000.BIN,1.2801,10.6621,3.1463,10.6621,6.3800,1,1.772,15.395
377,DATA_20260322_090000.BIN,3.1463,18.7735,0.1308,18.7735,9.0750,1,4.155,4.688
378,DATA_20260322_090000.BIN,0.1308,9.4654,2.8442,9.4654,7.1060,1,1.378,1.925
379,DATA_20260322_090000.BIN,2.3890,11.4568,0.5783,11.4568,5.9730,1,1.558,1.809
380,DATA_20260322_090000.BIN,0.5783,16.0177,2.2022,16.0177,8.9540,1,2.117,2.282
381,DATA_20260322_090000.BIN,2.2022,15.1212,2.3509,15.1212,4.2900,1,2.507,3.657
382,DATA_20260322_090000.BIN,2.3509,13.0425,1.2443,13.0425,3.2450,1,2.004,3.461
383,DATA_20260322_090000.BIN,1.2443,12.5753,2.8684,12.5753,3.7510,1,2.313,2.462
384,DATA_20260322_090000.BIN,2.8684,19.5753,3.9738,19.5753,4.3120,1,2.587,6.458
385,DATA_20260322_090000.BIN,3.9738,39.2178,2.2866,39.2178,9.0090,1,4.683,18.859
386,DATA_20260322_090000.BIN,2.2866,8.2284,0.8040,8.2284,7.8100,1,2.087,8.592
387,DATA_20260322_090000.BIN,0.8040,12.2895,1.2835,12.2895,5.3570,1,0.938,6.510
388,DATA_20260322_090000.BIN,1.2835,22.6639,2.8241,22.6639,3.4320,1,1.817,4.032
389,DATA_20260322_090000.BIN,1.1404,18.9527,0.7535,18.9527,6.8420,1,1.666,1.746
390,DATA_20260322_090000.BIN,0.7535,9.7374,2.1659,9.7374,8.9430,1,2.277,12.003
391,DATA_20260322_090000.BIN,1.3698,17.3399,2.6780,17.3399,7.3370,1,1.498,1.559
392,DATA_20260322_090000.BIN,2.6780,17.8446,5.0270,17.8446,5.6540,1,3.073,5.507
393,DATA_20260322_090000.BIN,0.7140,15.0916,1.9722,15.0916,9.1740,1,1.471,8.707
394,DATA_20260322_090000.BIN,1.9722,17.5651,5.4445,17.5651,1.4740,1,1.812,2.488
395,DATA_20260322_090000.BIN,5.4445,14.7546,2.0504,14.7546,4.1580,1,5.485,6.485
396,DATA_20260322_090000.BIN,2.0504,9.1756,1.4125,9.1756,6.0500,1,2.845,3.578
397,DATA_20260322_090000.BIN,1.4125,9.0896,0.6161,9.0896,2.1340,1,1.030,1.063
398,DATA_20260322_090000.BIN,6.9284,24.7576,2.3047,24.7576,5.8740,1,7.076,8.488
399,DATA_20260322_090000.BIN,0.9114,7.1343,1.5603,7.1343,2.9040,1,1.233,5.166
400,DATA_20260322_090000.BIN,1.9255,9.7972,2.6050,9.7972,2.4090,1,0.806,2.054
401,DATA_20260322_090000.BIN,3.7757,13.6339,1.0943,13.6339,4.0810,1,3.298,6.018
402,DATA_20260322_090000.BIN,2.3279,11.9868,5.1046,11.9868,8.2500,1,2.357,2.359
403,DATA_20260322_090000.BIN,5.1046,16.5895,0.5136,16.5895,7.1280,1,5.102,9.669
404,DATA_20260322_090000.BIN,0.5136,45.1664,0.2743,45.1664,5.6650,1,1.294,5.114
405,DATA_20260322_090000.BIN,0.2743,11.3933,5.2477,11.3933,3.4430,1,1.037,9.927
406,DATA_20260322_090000.BIN,2.6718,8.6887,2.0617,8.6887,2.7830,1,4.671,6.559
407,DATA_20260322_090000.BIN,1.8809,9.5151,0.3706,9.5151,2.5520,1,2.538,4.838
408,DATA_20260322_090000.BIN,1.3960,17.6901,1.7350,17.6901,3.1460,1,1.087,3.702
409,DATA_20260322_090000.BIN,1.6016,14.4281,2.0503,14.4281,4.8070,1,3.569,7.077
410,DATA_20260322_090000.BIN,4.8440,17.4159,4.8320,17.4159,7.3810,1,4.622,12.077
411,DATA_20260322_090000.BIN,1.1143,11.1737,3.5611,11.1737,9.3170,1,1.571,14.244
412,DATA_20260322_090000.BIN,5.7578,12.6556,4.2878,12.6556,4.2680,1,5.392,9.325
413,DATA_20260322_090000.BIN,7.7715,16.1148,6.7392,16.1148,6.0830,1,9.237,12.474
414,DATA_20260322_090000.BIN,1.3858,16.5138,2.7696,16.5138,4.3890,1,2.062,2.238
415,DATA_20260322_090000.BIN,2.7696,14.9609,6.6570,14.9609,5.9510,1,2.580,2.725
416,DATA_20260322_090000.BIN,8.0329,22.8395,1.5414,22.8395,2.7280,1,8.497,8.802
417,DATA_20260322_090000.BIN,1.5414,16.5965,3.4873,16.5965,1.0780,1,1.331,2.205
418,DATA_20260322_090000.BIN,3.4873,20.9679,1.4021,20.9679,8.2610,1,3.842,12.571
419,DATA_20260322_090000.BIN,1.4021,16.2470,6.2728,16.2470,6.8530,1,2.865,6.742
420,DATA_20260322_090000.BIN,6.2728,12.1343,1.3337,12.1343,6.3580,1,5.488,7.602
421,DATA_20260322_090000.BIN,1.3337,10.6749,0.3258,10.6749,3.7620,1,0.343,3.689
422,DATA_20260322_090000.BIN,0.3258,9.0579,2.4813,9.0579,2.2770,1,1.748,2.014
423,DATA_20260322_090000.BIN,2.4813,15.4932,5.4070,15.4932,9.9330,1,2.233,4.220
424,DATA_20260322_090000.BIN,5.4070,15.0950,6.7042,15.0950,1.4300,1,6.169,7.736
425,DATA_20260322_090000.BIN,6.7042,42.2769,0.9415,42.2769,3.9820,1,9.130,15.306
426,DATA_20260322_090000.BIN,0.9415,9.2288,0.8355,9.2288,4.1140,1,1.343,3.769
427,DATA_20260322_090000.BIN,2.4725,55.2784,10.3926,55.2784,3.5860,1,3.555,8.691
428,DATA_20260322_090000.BIN,10.3926,31.7251,6.3248,31.7251,3.2340,1,12.488,14.413
429,DATA_20260322_090000.BIN,6.3248,32.5926,3.0380,32.5926,3.6300,1,6.479,9.659
430,DATA_20260322_090000.BIN,3.0380,14.3725,2.3282,14.3725,6.7540,1,4.050,6.041
431,DATA_20260322_090000.BIN,8.4005,16.6420,6.3981,16.6420,2.9480,1,10.510,10.513
432,DATA_20260322_090000.BIN,6.3981,19.4031,6.7431,19.4031,9.1740,1,6.934,9.496
433,DATA_20260322_090000.BIN,6.7431,14.0639,6.1382,14.0639,5.7420,1,8.560,9.344
434,DATA_20260322_090000.BIN,7.3254,19.3517,12.1507,19.3517,8.7340,1,9.492,10.022
435,DATA_20260322_090000.BIN,8.6448,16.9466,2.9063,16.9466,2.6290,1,10.055,10.058
436,DATA_20260322_090000.BIN,4.3455,18.0643,10.6376,18.0643,5.2030,1,2.921,15.999
437,DATA_20260322_090000.BIN,10.6376,17.1777,7.2980,17.1777,5.3570,1,11.129,11.174
438,DATA_20260322_090000.BIN,3.4409,48.4110,18.7451,48.4110,3.1460,1,6.295,21.223
439,DATA_20260322_090000.BIN,18.7451,35.4080,5.1424,35.4080,1.6610,1,23.462,25.383
440,DATA_20260322_090000.BIN,4.0675,33.2480,15.2050,33.2480,5.0820,1,5.176,5.186
441,DATA_20260322_090000.BIN,15.2050,36.5313,3.2134,36.5313,5.7970,1,16.787,16.860
442,DATA_20260322_090000.BIN,3.2134,12.1993,4.6654,12.1993,7.5240,1,3.834,3.843
443,DATA_20260322_090000.BIN,4.6654,21.6295,6.8699,21.6295,5.8850,1,8.314,11.897
444,DATA_20260322_090000.BIN,4.6265,13.0779,4.3580,13.0779,1.2980,1,6.767,8.822
445,DATA_20260322_090000.BIN,0.5566,30.1328,2.4834,30.1328,6.9410,1,0.659,2.741
446,DATA_20260322_090000.BIN,8.6307,17.4560,0.5859,17.4560,7.2270,1,9.033,9.034
447,DATA_20260322_090000.BIN,0.5859,13.7366,1.8402,13.7366,9.0530,1,1.269,2.090
448,DATA_20260322_090000.BIN,2.4247,13.3817,6.2232,13.3817,6.8310,1,3.770,4.828
449,DATA_20260322_090000.BIN,6.2232,14.6171,3.4979,14.6171,2.3540,1,5.942,7.260
450,DATA_20260322_090000.BIN,0.4999,11.3779,2.1926,11.3779,2.2550,1,2.073,8.392
451,DATA_20260322_090000.BIN,2.1926,16.6375,7.5106,16.6375,3.2670,1,3.218,3.867
452,DATA_20260322_090000.BIN,7.5106,46.6731,4.6596,46.6731,7.7880,1,6.989,8.805
453,DATA_20260322_090000.BIN,19.7218,29.3601,13.3275,29.3601,3.7400,1,20.542,20.669
454,DATA_20260322_090000.BIN,13.3275,30.6696,2.2556,30.6696,3.7510,1,11.262,11.637
455,DATA_20260322_090000.BIN,3.4676,14.4339,3.2150,14.4339,2.0900,1,4.805,5.616
456,DATA_20260322_090000.BIN,3.2150,36.9988,2.0061,36.9988,7.2050,1,1.474,3.543
457,DATA_20260322_090000.BIN,2.0061,17.6656,1.8373,17.6656,5.2580,1,4.060,4.069
458,DATA_20260322_090000.BIN,1.8373,14.9440,3.8124,14.9440,1.9360,1,5.686,6.907
459,DATA_20260322_090000.BIN,3.8124,14.1827,4.3521,14.1827,3.7290,1,7.072,7.438
460,DATA_20260322_090000.BIN,4.3521,34.2305,2.3493,34.2305,2.8930,1,4.442,4.581
461,DATA_20260322_090000.BIN,1.0288,10.3904,2.3038,10.3904,2.7170,1,4.555,4.777
462,DATA_20260322_090000.BIN,1.8792,21.7922,3.1391,21.7922,3.5420,1,4.327,5.091
463,DATA_20260322_090000.BIN,3.1391,13.7529,0.6950,13.7529,3.5860,1,4.089,4.100
464,DATA_20260322_090000.BIN,0.6950,9.7153,2.9691,9.7153,3.0250,1,2.883,4.048
465,DATA_20260322_090000.BIN,2.9691,15.1321,4.1696,15.1321,3.4870,1,5.522,5.555
466,DATA_20260322_090000.BIN,4.1696,53.6895,25.9572,53.6895,6.5560,1,6.443,14.305
467,DATA_20260322_090000.BIN,4.2202,28.1235,7.2237,28.1235,2.4860,1,3.606,4.050
468,DATA_20260322_090000.BIN,7.2237,15.0497,6.9602,15.0497,8.8440,1,6.724,9.470
469,DATA_20260322_090000.BIN,6.9602,13.6787,4.4778,13.6787,8.8220,1,5.797,6.806
470,DATA_20260322_090000.BIN,2.9289,51.4335,0.6071,51.4335,8.8330,1,2.135,3.899
471,DATA_20260322_090000.BIN,0.6071,47.3663,1.9674,47.3663,6.5560,1,3.346,9.024
472,DATA_20260322_090000.BIN,0.2437,8.7853,1.9906,8.7853,3.5090,1,2.779,4.809
473,DATA_20260322_090000.BIN,1.6747,16.2041,4.0996,16.2041,7.0070,1,1.246,16.256
474,DATA_20260322_090000.BIN,3.8808,13.4668,7.5608,13.4668,5.1700,1,4.263,7.734
475,DATA_20260322_090000.BIN,9.5612,17.9986,3.9924,17.9986,9.8780,1,12.113,15.865
476,DATA_20260322_090000.BIN,11.1324,18.4300,8.8039,18.4300,3.7510,1,10.502,10.867
477,DATA_20260322_090000.BIN,13.9018,20.8651,8.0726,20.8651,3.1570,1,13.941,18.261
478,DATA_20260322_090000.BIN,8.0726,15.2943,8.8878,15.2943,3.1350,1,5.564,9.805
479,DATA_20260322_090000.BIN,8.8878,16.3394,6.8234,16.3394,6.9520,1,6.602,13.697
480,DATA_20260322_090000.BIN,7.0311,23.5389,13.2497,23.5389,8.8000,1,3.926,14.644
481,DATA_20260322_090000.BIN,13.2540,25.2102,5.4580,25.2102,4.9720,1,11.309,15.859
482,DATA_20260322_090000.BIN,10.9993,24.7592,6.7261,24.7592,3.0910,1,7.443,15.587
483,DATA_20260322_090000.BIN,6.7261,34.4551,16.8516,34.4551,6.8640,1,2.701,6.740
484,DATA_20260322_090000.BIN,1.9104,16.6249,2.4490,16.6249,4.9060,1,5.348,6.327
485,DATA_20260322_090000.BIN,8.9334,20.1089,11.8342,20.1089,3.9380,1,4.488,7.999
486,DATA_20260322_090000.BIN,11.8342,28.9465,12.0931,28.9465,3.9490,1,7.994,8.032
487,DATA_20260322_090000.BIN,11.5097,21.6288,9.1597,21.6288,6.9410,1,11.953,34.815
488,DATA_20260322_090000.BIN,17.8586,25.8381,11.3812,25.8381,3.4320,1,15.745,16.373
489,DATA_20260322_090000.BIN,11.3812,18.3423,5.4569,18.3423,3.7290,1,6.414,7.369
490,DATA_20260322_090000.BIN,5.4569,20.9018,11.1279,20.9018,5.0930,1,2.641,3.039
491,DATA_20260322_090000.BIN,11.1279,27.5490,11.6386,27.5490,9.4490,1,5.127,6.085
492,DATA_20260322_090000.BIN,3.4984,24.4880,6.2537,24.4880,7.0840,1,3.212,23.010
493,DATA_20260322_090000.BIN,6.2537,24.5078,16.4362,24.5078,9.0530,1,1.051,12.793
494,DATA_20260322_090000.BIN,17.9160,27.8146,18.0560,27.8146,4.1360,1,16.537,32.641
495,DATA_20260322_090000.BIN,18.0560,25.6403,14.0716,25.6403,4.5540,1,12.138,13.779
496,DATA_20260322_090000.BIN,14.0716,32.0156,15.2585,32.0156,6.9410,1,6.029,6.085
497,DATA_20260322_090000.BIN,18.6053,27.6827,15.9147,27.6827,2.6510,1,12.397,12.473
498,DATA_20260322_090000.BIN,15.9147,30.6883,18.8765,30.6883,9.9000,1,6.819,7.352
499,DATA_20260322_090000.BIN,20.1938,26.8506,19.1031,26.8506,2.4310,1,11.838,14.994
500,DATA_20260322_090000.BIN,14.1097,25.4106,15.7699,25.4106,5.3460,1,3.202,7.695
501,DATA_20260322_090000.BIN,15.9360,22.2699,15.5129,22.2699,4.4110,1,5.233,6.751
502,DATA_20260322_090000.BIN,15.5129,24.7233,17.6267,24.7233,2.5410,1,3.472,3.473
503,DATA_20260322_090000.BIN,20.1437,31.1445,12.9724,31.1445,4.0810,1,9.105,9.380
504,DATA_20260322_090000.BIN,12.9724,29.6955,14.3222,29.6955,5.4010,1,1.454,3.114
505,DATA_20260322_090000.BIN,14.3222,40.7346,15.8961,40.7346,2.8820,1,2.134,6.025
506,DATA_20260322_090000.BIN,15.8961,26.4756,16.7314,26.4756,2.1340,1,6.635,7.074
507,DATA_20260322_090000.BIN,16.7314,29.4115,19.1266,29.4115,6.0940,1,3.851,3.968
508,DATA_20260322_090000.BIN,19.1266,33.7328,19.5934,33.7328,3.6300,1,6.248,6.473
509,DATA_20260322_090000.BIN,21.5531,35.4909,21.3536,35.4909,5.7200,1,9.608,10.016
510,DATA_20260322_090000.BIN,21.0392,29.9071,13.8323,29.9071,4.2020,1,7.522,9.969
511,DATA_20260322_090000.BIN,18.2551,30.4506,23.1680,30.4506,5.0380,1,2.955,3.141
512,DATA_20260322_090000.BIN,23.1680,30.7035,21.0100,30.7035,3.0800,1,10.025,15.095
513,DATA_20260322_090000.BIN,21.0100,27.6666,20.5140,27.6666,7.7660,1,6.393,6.470
514,DATA_20260322_090000.BIN,27.3132,35.6028,20.1085,35.6028,3.8830,1,13.486,13.531
515,DATA_20260322_090000.BIN,22.2665,33.7075,20.7894,33.7075,1.8480,1,4.940,4.951
516,DATA_20260322_090000.BIN,20.7894,37.1204,24.7187,37.1204,3.8830,1,4.636,7.530
517,DATA_20260322_090000.BIN,24.8632,39.0121,29.2650,39.0121,4.2790,1,9.530,20.640
518,DATA_20260322_090000.BIN,29.5481,39.4689,28.1526,39.4689,6.3140,1,14.976,22.807
519,DATA_20260322_090000.BIN,28.1526,37.2676,29.5192,37.2676,9.7020,1,11.471,20.856
520,DATA_20260322_100000.BIN,40.6431,50.0291,43.2834,50.0291,4.8620,1,7.157,7.991
521,DATA_20260322_100000.BIN,43.2834,48.4983,39.8706,48.4983,2.4750,1,8.061,8.987
522,DATA_20260322_100000.BIN,39.8706,44.3683,39.2776,44.3683,1.2320,1,16.594,16.746
523,DATA_20260322_100000.BIN,39.2776,46.1403,38.8184,46.1403,1.3420,1,9.389,9.458
524,DATA_20260322_100000.BIN,35.8143,45.7097,41.1856,45.7097,1.1550,1,8.295,8.306
525,DATA_20260322_100000.BIN,41.1856,54.1002,49.1318,54.1002,1.7270,1,1.407,1.655
526,DATA_20260322_100000.BIN,49.1318,65.3605,39.0769,65.3605,2.1670,1,10.547,10.800
527,DATA_20260322_100000.BIN,39.0769,47.4687,41.5933,47.4687,1.7820,1,9.962,11.063
528,DATA_20260322_100000.BIN,49.0718,73.9973,55.8544,73.9973,5.2030,1,9.846,16.195
529,DATA_20260322_100000.BIN,55.8544,87.0750,60.1615,87.0750,3.9820,1,20.645,20.701
530,DATA_20260322_100000.BIN,60.1615,71.0201,56.7960,71.0201,4.4880,1,23.908,24.896
531,DATA_20260322_100000.BIN,56.7960,88.5715,47.8430,88.5715,4.1360,1,12.990,12.990
532,DATA_20260322_100000.BIN,47.8430,52.0154,41.8021,52.0154,1.8260,1,2.622,7.365
533,DATA_20260322_100000.BIN,41.8021,44.4658,38.5856,44.4658,1.8810,1,8.580,10.999
534,DATA_20260322_100000.BIN,38.5856,53.5630,36.7796,53.5630,2.8270,1,10.453,10.728
535,DATA_20260322_100000.BIN,36.7796,40.0910,35.0359,40.0910,1.3310,1,12.981,13.570
536,DATA_20260322_100000.BIN,35.1357,39.3715,34.5954,39.3715,1.0120,1,11.080,11.237
537,DATA_20260322_100000.BIN,34.5954,37.6127,34.5592,37.6127,0.9570,1,10.702,10.773
538,DATA_20260322_100000.BIN,34.5592,69.2956,36.5081,69.2956,7.8210,1,9.445,9.856
539,DATA_20260322_100000.BIN,36.5081,45.0822,35.2654,45.0822,2.3870,1,9.044,9.724
540,DATA_20260322_100000.BIN,35.2654,41.1806,37.7855,41.1806,1.8590,1,8.025,8.129
541,DATA_20260322_100000.BIN,37.7855,44.4764,32.4372,44.4764,1.8370,1,6.388,7.791
542,DATA_20260322_100000.BIN,32.4372,36.7779,31.8602,36.7779,1.3970,1,11.070,11.824
543,DATA_20260322_100000.BIN,35.6936,38.4693,25.1096,38.4693,2.6070,1,7.924,8.034
544,DATA_20260322_100000.BIN,25.1096,44.7669,37.4384,44.7669,2.5410,1,24.848,25.948
545,DATA_20260322_100000.BIN,37.4384,40.9984,35.7719,40.9984,1.5290,1,0.193,2.701
546,DATA_20260322_100000.BIN,35.7719,60.6106,23.2201,60.6106,4.1580,1,5.072,7.466
547,DATA_20260322_100000.BIN,23.2201,32.2530,28.3924,32.2530,3.8940,1,19.284,27.472
548,DATA_20260322_100000.BIN,26.1336,57.4616,20.7718,57.4616,4.8400,1,18.725,26.672
549,DATA_20260322_100000.BIN,22.6576,43.6678,36.7698,43.6678,2.3210,1,18.939,32.294
550,DATA_20260322_100000.BIN,31.1408,40.9668,32.9736,40.9668,1.9580,1,21.897,33.132
551,DATA_20260322_100000.BIN,32.9736,44.7713,34.6251,44.7713,2.6180,1,18.446,24.501
552,DATA_20260322_100000.BIN,34.6251,43.5129,24.4007,43.5129,4.2790,1,20.265,32.913
553,DATA_20260322_100000.BIN,24.4007,27.6135,22.8715,27.6135,1.2760,1,21.296,22.785
554,DATA_20260322_100000.BIN,22.8715,30.2911,27.3391,30.2911,1.7050,1,12.687,12.733
555,DATA_20260322_100000.BIN,27.3391,35.2763,28.7048,35.2763,2.1120,1,8.221,8.221
556,DATA_20260322_100000.BIN,28.7048,54.3315,26.8445,54.3315,4.0920,1,2.449,3.997
557,DATA_20260322_100000.BIN,26.8445,30.4863,27.8582,30.4863,2.3100,1,5.590,6.683
558,DATA_20260322_100000.BIN,27.8582,70.7007,63.9362,70.7007,5.8960,1,3.858,3.963
559,DATA_20260322_100000.BIN,63.9362,83.9644,71.2308,83.9644,3.8610,1,51.726,51.732
560,DATA_20260322_100000.BIN,71.2308,76.0853,43.9794,76.0853,3.7510,1,57.179,59.780
561,DATA_20260322_100000.BIN,43.3221,83.5661,38.1554,83.5661,3.4320,1,15.110,15.648
562,DATA_20260322_100000.BIN,38.1554,50.3756,39.8418,50.3756,2.2660,1,6.402,14.565
563,DATA_20260322_100000.BIN,39.8418,43.4641,39.0497,43.4641,0.9350,1,10.836,24.081
564,DATA_20260322_100000.BIN,39.6528,75.7467,53.9601,75.7467,8.2280,1,9.155,12.226
565,DATA_20260322_100000.BIN,53.9601,67.3797,33.5593,67.3797,5.9180,1,27.137,30.074
566,DATA_20260322_100000.BIN,33.5593,40.2140,33.5830,40.2140,1.8810,1,5.000,14.029
567,DATA_20260322_100000.BIN,33.5830,35.9588,32.8805,35.9588,1.2210,1,3.260,12.805
568,DATA_20260322_100000.BIN,32.8805,59.2076,22.3683,59.2076,3.2890,1,9.947,15.283
569,DATA_20260322_100000.BIN,22.3683,49.6764,35.0725,49.6764,5.9730,1,19.603,19.616
570,DATA_20260322_100000.BIN,35.0725,37.5782,35.0546,37.5782,2.8270,1,14.336,21.685
571,DATA_20260322_100000.BIN,35.0546,41.2937,20.1388,41.2937,1.6390,1,20.955,24.484
572,DATA_20260322_100000.BIN,15.0765,51.2800,36.2405,51.2800,5.0490,1,26.804,26.821
573,DATA_20260322_100000.BIN,36.2405,72.4892,42.0172,72.4892,3.2230,1,10.044,12.686
574,DATA_20260322_100000.BIN,42.0172,49.2670,29.4698,49.2670,3.0800,1,15.434,18.159
575,DATA_20260322_100000.BIN,29.4698,33.2372,26.0625,33.2372,6.7210,1,7.955,13.026
576,DATA_20260322_100000.BIN,26.0625,45.6991,29.4099,45.6991,2.5850,1,23.119,26.001
577,DATA_20260322_100000.BIN,29.4099,40.9007,23.4075,40.9007,2.4970,1,33.516,34.263
578,DATA_20260322_100000.BIN,23.4075,51.4165,27.1850,51.4165,0.9900,1,66.820,66.930
579,DATA_20260322_100000.BIN,18.7914,50.2473,3.3403,50.2473,1.9250,1,72.364,111.228
580,DATA_20260322_100000.BIN,3.3403,19.9220,4.0912,19.9220,1.0340,1,101.961,119.545
581,DATA_20260322_100000.BIN,4.0912,12.9842,2.9594,12.9842,1.3200,1,26.781,33.081
582,DATA_20260322_100000.BIN,2.9594,27.1982,3.4921,27.1982,3.2670,1,35.469,44.145
583,DATA_20260322_100000.BIN,9.8245,52.9354,22.0023,52.9354,1.4520,1,26.779,29.760
584,DATA_20260322_100000.BIN,22.0023,35.5904,4.2442,35.5904,8.5030,1,10.989,45.058
585,DATA_20260322_100000.BIN,4.2442,6.8369,4.2580,6.8369,3.4540,1,44.325,53.771
586,DATA_20260322_100000.BIN,4.2580,25.0778,4.2820,25.0778,7.1610,1,41.681,50.603
587,DATA_20260322_100000.BIN,4.2820,9.6972,6.1661,9.6972,1.3860,1,38.697,46.686
588,DATA_20260322_100000.BIN,6.1661,17.8185,9.5756,17.8185,2.6620,1,32.543,41.324
589,DATA_20260322_100000.BIN,9.5756,16.2635,2.8581,16.2635,3.0470,1,21.851,38.599
590,DATA_20260322_100000.BIN,2.8581,23.8607,1.6014,23.8607,1.8920,1,24.658,35.988
591,DATA_20260322_100000.BIN,1.6014,6.7503,3.3706,6.7503,0.9020,1,28.359,37.557
592,DATA_20260322_100000.BIN,1.2648,8.0443,4.0928,8.0443,2.6180,1,15.081,22.680
593,DATA_20260322_100000.BIN,4.0928,10.9010,6.1111,10.9010,3.4210,1,22.189,30.381
594,DATA_20260322_100000.BIN,3.7865,7.5522,2.7740,7.5522,0.9680,1,21.402,24.860
595,DATA_20260322_100000.BIN,2.7740,13.9559,2.1361,13.9559,4.7960,1,18.406,21.976
596,DATA_20260322_100000.BIN,2.1361,22.6617,0.8729,22.6617,4.5210,1,18.292,23.451
597,DATA_20260322_100000.BIN,0.8729,7.3241,1.2192,7.3241,0.8800,1,9.107,13.047
598,DATA_20260322_100000.BIN,1.2192,9.4203,1.0385,9.4203,4.2130,1,7.109,11.320
599,DATA_20260322_100000.BIN,2.5556,6.0603,3.7830,6.0603,1.9580,1,9.077,11.627
600,DATA_20260322_100000.BIN,5.0759,9.1596,2.5974,9.1596,4.1030,1,10.178,12.710
601,DATA_20260322_100000.BIN,3.1623,21.4915,3.5391,21.4915,3.9490,1,8.510,8.675
602,DATA_20260322_100000.BIN,3.5391,18.1532,2.8839,18.1532,1.3640,1,21.711,22.767
603,DATA_20260322_100000.BIN,2.8839,21.1935,17.6948,21.1935,2.2880,1,12.466,14.686
604,DATA_20260322_100000.BIN,2.2629,18.2479,1.9066,18.2479,4.3230,1,5.103,5.434
605,DATA_20260322_100000.BIN,1.9066,14.2157,9.8184,14.2157,2.2990,1,8.589,9.766
606,DATA_20260322_100000.BIN,9.8184,23.4219,4.5572,23.4219,1.6060,1,24.863,24.911
607,DATA_20260322_100000.BIN,4.5572,9.5069,5.3667,9.5069,1.9690,1,2.682,9.792
608,DATA_20260322_100000.BIN,4.0532,9.3439,3.9652,9.3439,1.0010,1,11.314,11.460
609,DATA_20260322_100000.BIN,3.9652,8.6955,4.3476,8.6955,0.9020,1,10.590,10.655
610,DATA_20260322_100000.BIN,4.3476,9.7211,4.8215,9.7211,0.9900,1,4.510,5.995
611,DATA_20260322_100000.BIN,4.8215,10.6668,6.2088,10.6668,1.3970,1,3.700,5.724
612,DATA_20260322_100000.BIN,6.2088,32.4118,4.3617,32.4118,5.1260,1,5.804,9.586
613,DATA_20260322_100000.BIN,4.3617,11.5985,6.2889,11.5985,2.1890,1,3.232,5.998
614,DATA_20260322_100000.BIN,2.0791,11.3680,7.7664,11.3680,3.0470,1,5.633,6.541
615,DATA_20260322_100000.BIN,7.7664,11.5393,7.5187,11.5393,1.0230,1,5.908,8.651
616,DATA_20260322_100000.BIN,7.5187,11.5253,4.7055,11.5253,1.3090,1,6.895,9.415
617,DATA_20260322_100000.BIN,4.7055,10.5455,6.0340,10.5455,2.7390,1,12.528,12.550
618,DATA_20260322_100000.BIN,1.9519,21.6969,2.0486,21.6969,6.8090,1,5.434,5.484
619,DATA_20260322_100000.BIN,2.0486,9.9494,4.0157,9.9494,4.4770,1,8.989,9.297
620,DATA_20260322_100000.BIN,4.0157,10.4589,3.0437,10.4589,1.2320,1,7.802,7.815
621,DATA_20260322_100000.BIN,3.0437,7.9146,3.9069,7.9146,1.8810,1,2.001,2.058
622,DATA_20260322_100000.BIN,3.9069,8.6436,3.5270,8.6436,2.7720,1,10.091,10.127
623,DATA_20260322_100000.BIN,3.5270,14.9079,3.5770,14.9079,1.5510,1,0.911,1.458
624,DATA_20260322_100000.BIN,3.5770,7.0739,3.6616,7.0739,1.0120,1,8.132,9.649
625,DATA_20260322_100000.BIN,3.6616,28.5725,1.7020,28.5725,4.9610,1,11.114,11.802
626,DATA_20260322_100000.BIN,1.7020,35.2895,6.1260,35.2895,5.2030,1,10.357,10.391
627,DATA_20260322_100000.BIN,6.1260,27.4659,3.7127,27.4659,2.3100,1,18.093,18.233
628,DATA_20260322_100000.BIN,3.7127,26.2417,6.3085,26.2417,7.3370,1,9.322,9.575
629,DATA_20260322_100000.BIN,6.3085,8.6200,1.1795,8.6200,2.0130,1,10.461,11.200
630,DATA_20260322_100000.BIN,1.1795,3.8140,0.1353,3.8140,2.4750,1,4.872,5.329
631,DATA_20260322_100000.BIN,0.1353,4.3690,1.7187,4.3690,1.8920,1,4.188,4.651
632,DATA_20260322_100000.BIN,1.2243,5.6145,3.1820,5.6145,1.1880,1,7.607,8.254
633,DATA_20260322_100000.BIN,3.1820,5.8415,3.3583,5.8415,0.9570,1,4.966,5.226
634,DATA_20260322_100000.BIN,2.7647,6.1695,0.4663,6.1695,1.0450,1,4.413,4.948
635,DATA_20260322_100000.BIN,0.4663,10.7722,1.0695,10.7722,2.3430,1,3.160,3.160
636,DATA_20260322_100000.BIN,1.0695,5.9090,2.1483,5.9090,1.1770,1,3.973,4.056
637,DATA_20260322_100000.BIN,2.1483,23.6676,3.1305,23.6676,3.6740,1,6.566,6.687
638,DATA_20260322_100000.BIN,3.1305,9.2932,4.5767,9.2932,2.2990,1,5.930,6.002
639,DATA_20260322_100000.BIN,4.5767,9.4509,0.9238,9.4509,1.9360,1,7.386,7.720
640,DATA_20260322_100000.BIN,0.9238,12.9663,1.4664,12.9663,4.2570,1,7.259,8.091
641,DATA_20260322_100000.BIN,1.4664,10.7406,4.6590,10.7406,4.2130,1,1.009,1.366
642,DATA_20260322_100000.BIN,4.6590,17.3084,1.7565,17.3084,4.2020,1,7.113,7.219
643,DATA_20260322_100000.BIN,1.7565,8.5296,4.6246,8.5296,4.7190,1,7.574,7.579
644,DATA_20260322_100000.BIN,4.6246,12.7738,3.2027,12.7738,4.3120,1,9.240,9.247
645,DATA_20260322_100000.BIN,3.2027,11.2520,2.7508,11.2520,3.0030,1,3.997,4.025
646,DATA_20260322_100000.BIN,2.7508,6.2492,3.2574,6.2492,0.9350,1,1.243,1.431
647,DATA_20260322_100000.BIN,3.2574,6.8192,2.3408,6.8192,1.5620,1,4.072,4.072
648,DATA_20260322_100000.BIN,14.3267,18.3347,0.7373,18.3347,1.9690,1,12.879,18.469
649,DATA_20260322_100000.BIN,0.7373,53.5255,5.2023,53.5255,2.4090,1,8.537,8.559
650,DATA_20260322_100000.BIN,5.2023,14.5549,3.5583,14.5549,1.6060,1,20.419,20.422
651,DATA_20260322_100000.BIN,3.5583,11.3156,2.1559,11.3156,1.7160,1,3.472,4.340
652,DATA_20260322_100000.BIN,2.1559,14.9885,9.8388,14.9885,2.6070,1,4.149,4.361
653,DATA_20260322_100000.BIN,9.8388,16.1552,0.3979,16.1552,3.6740,1,18.773,19.984
654,DATA_20260322_100000.BIN,0.3979,21.3802,14.5183,21.3802,3.0470,1,2.203,3.296
655,DATA_20260322_100000.BIN,14.5183,19.2343,4.5194,19.2343,1.8810,1,32.694,37.239
656,DATA_20260322_100000.BIN,4.5194,16.6381,1.6677,16.6381,2.4860,1,19.393,19.956
657,DATA_20260322_100000.BIN,1.6677,9.8288,1.3936,9.8288,3.5310,1,12.685,14.050
658,DATA_20260322_100000.BIN,1.3936,6.3371,3.0735,6.3371,3.7400,1,16.973,18.967
659,DATA_20260322_100000.BIN,3.0735,6.5075,3.4611,6.5075,1.0450,1,8.226,8.712
660,DATA_20260322_100000.BIN,3.3265,7.2910,2.2329,7.2910,2.1120,1,6.595,7.315
661,DATA_20260322_100000.BIN,2.2329,6.8144,2.4354,6.8144,1.9910,1,2.509,4.290
662,DATA_20260322_100000.BIN,6.2679,9.4444,3.9279,9.4444,2.0790,1,7.626,8.209
663,DATA_20260322_100000.BIN,3.9279,24.6013,12.2336,24.6013,2.0020,1,14.568,15.444
664,DATA_20260322_100000.BIN,12.2336,43.5459,11.4020,43.5459,2.5740,1,17.108,21.000
665,DATA_20260322_100000.BIN,11.4020,18.1672,6.8472,18.1672,4.5540,1,6.933,14.029
666,DATA_20260322_100000.BIN,6.8472,19.9743,8.4694,19.9743,1.4630,1,14.430,15.886
667,DATA_20260322_100000.BIN,5.0523,23.5525,2.4177,23.5525,1.2320,1,2.077,2.695
668,DATA_20260322_100000.BIN,2.4177,11.5925,1.7119,11.5925,1.3860,1,7.503,8.687
669,DATA_20260322_100000.BIN,1.7119,6.4533,2.7237,6.4533,1.0120,1,9.346,11.476
670,DATA_20260322_100000.BIN,2.7237,10.8384,5.3227,10.8384,4.3120,1,15.357,17.040
671,DATA_20260322_100000.BIN,5.3227,7.5366,1.4985,7.5366,1.9580,1,8.754,8.785
672,DATA_20260322_100000.BIN,1.4985,7.5445,1.6171,7.5445,1.2760,1,6.124,10.703
673,DATA_20260322_100000.BIN,1.6171,4.9749,1.6840,4.9749,1.8150,1,11.605,15.082
674,DATA_20260322_100000.BIN,3.0914,7.1875,1.6365,7.1875,1.2650,1,7.327,7.597
675,DATA_20260322_100000.BIN,1.6365,9.8363,4.9332,9.8363,3.2450,1,5.376,5.673
676,DATA_20260322_100000.BIN,4.9332,20.8088,10.1257,20.8088,3.3110,1,24.527,25.108
677,DATA_20260322_100000.BIN,2.6310,32.0163,5.6002,32.0163,2.9040,1,5.826,6.211
678,DATA_20260322_100000.BIN,5.6002,11.9836,7.1477,11.9836,1.2760,1,14.440,14.471
679,DATA_20260322_100000.BIN,1.8022,9.7707,5.2176,9.7707,1.1000,1,9.078,9.599
680,DATA_20260322_100000.BIN,5.2176,12.1436,2.4417,12.1436,4.3010,1,6.791,6.863
681,DATA_20260322_100000.BIN,2.4417,7.0981,2.1654,7.0981,1.1880,1,5.876,5.977
682,DATA_20260322_100000.BIN,0.4891,6.7627,3.7311,6.7627,1.3750,1,5.818,7.821
683,DATA_20260322_100000.BIN,3.7311,6.0407,1.7755,6.0407,1.7820,1,11.486,11.504
684,DATA_20260322_100000.BIN,1.7755,31.0859,3.4191,31.0859,3.5860,1,7.472,7.948
685,DATA_20260322_100000.BIN,3.4191,11.1371,6.3249,11.1371,3.3770,1,6.197,6.255
686,DATA_20260322_100000.BIN,2.9297,12.6842,4.2811,12.6842,1.3420,1,8.059,8.927
687,DATA_20260322_100000.BIN,4.2811,11.0643,2.8853,11.0643,2.3210,1,9.002,9.035
688,DATA_20260322_100000.BIN,2.8853,11.8291,2.8480,11.8291,1.6170,1,3.481,4.556
689,DATA_20260322_100000.BIN,2.8480,6.8808,2.7889,6.8808,1.2320,1,1.890,2.487
690,DATA_20260322_100000.BIN,2.7889,11.0406,0.6883,11.0406,2.7280,1,3.679,3.791
691,DATA_20260322_100000.BIN,0.6883,12.8466,3.6048,12.8466,1.7050,1,9.150,10.211
692,DATA_20260322_100000.BIN,2.1993,10.3094,4.5764,10.3094,1.3200,1,6.291,6.596
693,DATA_20260322_100000.BIN,4.5764,8.5220,3.5912,8.5220,1.9030,1,8.794,9.269
694,DATA_20260322_100000.BIN,3.5912,8.1633,5.2865,8.1633,2.3320,1,0.993,3.442
695,DATA_20260322_100000.BIN,5.4269,9.4149,5.2182,9.4149,2.8270,1,6.224,6.910
696,DATA_20260322_100000.BIN,2.4535,29.9432,0.8690,29.9432,5.3460,1,2.629,2.630
697,DATA_20260322_100000.BIN,2.5413,8.6584,3.3702,8.6584,3.2230,1,8.680,10.832
698,DATA_20260322_100000.BIN,2.8444,6.1182,3.2646,6.1182,4.1690,1,4.697,4.832
699,DATA_20260322_100000.BIN,3.2646,9.4744,1.2213,9.4744,5.6210,1,6.800,7.753
700,DATA_20260322_100000.BIN,1.2213,9.5741,4.2657,9.5741,3.6410,1,28.684,30.400
701,DATA_20260322_100000.BIN,4.2657,10.4815,3.7756,10.4815,2.2220,1,6.483,6.969
702,DATA_20260322_100000.BIN,3.7756,10.1750,5.4063,10.1750,1.1220,1,8.831,8.890
703,DATA_20260322_100000.BIN,5.4063,8.6854,2.6903,8.6854,1.0670,1,10.021,10.085
704,DATA_20260322_100000.BIN,2.6903,8.4877,3.4524,8.4877,2.1120,1,3.207,3.521
705,DATA_20260322_100000.BIN,3.4524,9.3880,4.5485,9.3880,2.1120,1,5.007,5.545
706,DATA_20260322_100000.BIN,4.5485,11.6146,3.6956,11.6146,1.0890,1,6.318,6.432
707,DATA_20260322_100000.BIN,3.6956,9.0732,2.7723,9.0732,1.0120,1,6.885,6.935
708,DATA_20260322_100000.BIN,2.7723,8.5532,3.5355,8.5532,1.0340,1,4.262,4.614
709,DATA_20260322_100000.BIN,3.5355,9.6013,2.8037,9.6013,1.0450,1,3.495,3.497
710,DATA_20260322_100000.BIN,2.8037,7.8638,3.3312,7.8638,0.9680,1,2.749,3.164
711,DATA_20260322_100000.BIN,3.3312,9.4225,3.6593,9.4225,1.1440,1,3.233,3.307
712,DATA_20260322_100000.BIN,3.6593,8.2892,4.1410,8.2892,1.0230,1,5.502,5.512
713,DATA_20260322_100000.BIN,4.1410,9.4638,4.0042,9.4638,1.0780,1,4.571,4.578
714,DATA_20260322_100000.BIN,4.0042,9.8801,3.9556,9.8801,1.0670,1,2.933,2.964
715,DATA_20260322_100000.BIN,3.9556,9.4084,3.9840,9.4084,1.0890,1,3.990,3.992
716,DATA_20260322_100000.BIN,3.9840,9.5514,2.9778,9.5514,1.0340,1,2.856,2.856
717,DATA_20260322_100000.BIN,2.9778,8.9835,3.6980,8.9835,1.0340,1,0.768,0.931
718,DATA_20260322_100000.BIN,3.6980,9.4883,3.7603,9.4883,1.0560,1,1.396,1.410
719,DATA_20260322_100000.BIN,3.7603,9.0488,3.6857,9.0488,1.0010,1,2.224,2.228
720,DATA_20260322_100000.BIN,3.6857,9.3550,4.7799,9.3550,1.0340,1,1.992,2.023
721,DATA_20260322_100000.BIN,4.7799,10.3649,4.6670,10.3649,1.1330,1,1.893,2.535
722,DATA_20260322_100000.BIN,4.6670,8.7012,4.4276,8.7012,0.9460,1,2.102,2.369
723,DATA_20260322_100000.BIN,4.4276,9.6097,4.2147,9.6097,0.9900,1,2.096,2.272
724,DATA_20260322_100000.BIN,4.2147,10.5070,3.4490,10.5070,1.1220,1,2.382,2.783
725,DATA_20260322_100000.BIN,3.4490,8.8887,3.4729,8.8887,0.9790,1,0.802,0.806
726,DATA_20260322_100000.BIN,3.4729,10.4255,3.9126,10.4255,1.1000,1,1.230,1.552
727,DATA_20260322_100000.BIN,3.9126,9.5371,3.6849,9.5371,1.0120,1,1.590,1.618
728,DATA_20260322_100000.BIN,3.6849,9.6832,4.5427,9.6832,1.0230,1,2.091,2.175
729,DATA_20260322_100000.BIN,4.5427,9.6899,4.5804,9.6899,1.0670,1,0.765,1.348
730,DATA_20260322_100000.BIN,4.5804,9.5038,4.0337,9.5038,1.0560,1,1.088,1.781
731,DATA_20260322_100000.BIN,4.0337,9.1371,3.7579,9.1371,1.0120,1,0.253,0.345
732,DATA_20260322_100000.BIN,3.7579,9.5320,3.9270,9.5320,1.0890,1,0.679,0.695
733,DATA_20260322_100000.BIN,3.9270,9.3116,3.3947,9.3116,1.0340,1,1.050,1.051
734,DATA_20260322_100000.BIN,3.3947,10.0424,4.2504,10.0424,1.0780,1,1.553,1.786
735,DATA_20260322_100000.BIN,4.2504,9.6641,3.6027,9.6641,0.9900,1,0.608,1.044
736,DATA_20260322_100000.BIN,3.6027,10.1325,3.6220,10.1325,1.0230,1,0.764,0.783
737,DATA_20260322_100000.BIN,3.6220,9.6074,3.1035,9.6074,1.0340,1,1.265,1.267
738,DATA_20260322_100000.BIN,3.1035,10.0968,4.0800,10.0968,1.0780,1,1.659,2.666
739,DATA_20260322_100000.BIN,4.0800,9.9399,3.4649,9.9399,1.0670,1,2.494,2.522
740,DATA_20260322_100000.BIN,3.4649,9.2793,2.9758,9.2793,0.9790,1,1.142,1.235
741,DATA_20260322_100000.BIN,2.9758,9.9204,3.3047,9.9204,1.1000,1,1.355,2.528
742,DATA_20260322_100000.BIN,3.3047,8.7768,4.3355,8.7768,0.9130,1,1.935,2.596
743,DATA_20260322_100000.BIN,4.3355,12.5364,4.9750,12.5364,1.1770,1,0.780,1.581
744,DATA_20260322_100000.BIN,4.9750,10.3955,4.0139,10.3955,0.9790,1,3.140,3.650
745,DATA_20260322_100000.BIN,4.0139,10.5874,3.3349,10.5874,1.1110,1,1.202,1.391
746,DATA_20260322_100000.BIN,3.3349,7.6914,2.5542,7.6914,0.9570,1,1.586,1.586
747,DATA_20260322_100000.BIN,2.5542,8.3298,2.6561,8.3298,1.0010,1,0.621,2.630
748,DATA_20260322_100000.BIN,2.6561,7.7416,2.9665,7.7416,1.0450,1,2.005,2.770
749,DATA_20260322_100000.BIN,2.9665,8.2881,3.2958,8.2881,1.0010,1,2.813,3.414
750,DATA_20260322_100000.BIN,3.2958,9.6544,2.6841,9.6544,1.0890,1,1.643,1.804
751,DATA_20260322_100000.BIN,2.6841,9.3726,2.7048,9.3726,1.0560,1,1.251,1.475
752,DATA_20260322_100000.BIN,2.7048,8.5095,2.5733,8.5095,1.0010,1,0.501,1.783
753,DATA_20260322_100000.BIN,2.5733,8.8925,3.1736,8.8925,1.0120,1,0.938,1.829
754,DATA_20260322_100000.BIN,3.1736,9.5486,3.2922,9.5486,1.0340,1,1.501,1.617
755,DATA_20260322_100000.BIN,3.2922,10.0897,2.5769,10.0897,1.1000,1,2.604,3.068
756,DATA_20260322_100000.BIN,2.5769,8.2389,2.7904,8.2389,0.9570,1,0.643,1.092
757,DATA_20260322_100000.BIN,2.7904,9.4753,3.3187,9.4753,1.1110,1,2.739,2.795
758,DATA_20260322_100000.BIN,3.3187,9.6087,3.1516,9.6087,1.0120,1,2.480,2.491
759,DATA_20260322_100000.BIN,3.1516,10.5751,3.3401,10.5751,1.0560,1,0.928,0.946
760,DATA_20260322_100000.BIN,3.3401,9.6895,2.1463,9.6895,0.9900,1,2.281,2.293
761,DATA_20260322_100000.BIN,2.1463,8.9197,3.7761,8.9197,0.9680,1,2.348,2.381
762,DATA_20260322_100000.BIN,3.7761,11.1328,3.5448,11.1328,1.1110,1,2.291,2.406
763,DATA_20260322_100000.BIN,3.5448,8.0837,2.5105,8.0837,0.9900,1,0.750,1.133
764,DATA_20260322_100000.BIN,2.5105,8.9420,3.3118,8.9420,1.0230,1,1.486,1.699
765,DATA_20260322_100000.BIN,3.3118,9.1936,3.3619,9.1936,1.0010,1,2.566,2.699
766,DATA_20260322_100000.BIN,3.3619,9.5792,2.8987,9.5792,1.0670,1,3.048,3.442
767,DATA_20260322_100000.BIN,2.8987,9.8383,3.0687,9.8383,1.0010,1,2.258,2.258
768,DATA_20260322_100000.BIN,3.0687,8.7512,3.3382,8.7512,1.0450,1,2.193,2.218
769,DATA_20260322_100000.BIN,3.3382,8.8412,3.5500,8.8412,0.9680,1,2.211,2.212
770,DATA_20260322_100000.BIN,3.5500,10.2816,3.1816,10.2816,1.0560,1,1.831,1.831
771,DATA_20260322_100000.BIN,3.1816,10.0068,3.4272,10.0068,0.9900,1,0.778,0.836
772,DATA_20260322_100000.BIN,3.4272,9.3312,4.4187,9.3312,1.0340,1,2.048,2.072
773,DATA_20260322_100000.BIN,4.4187,8.9386,3.0967,8.9386,1.0230,1,5.044,5.047
774,DATA_20260322_100000.BIN,3.0967,8.7384,2.6033,8.7384,0.9900,1,1.897,1.956
775,DATA_20260322_100000.BIN,2.6033,8.1209,2.3218,8.1209,1.0120,1,1.382,1.872
776,DATA_20260322_100000.BIN,2.3218,7.8887,2.6565,7.8887,1.0230,1,1.838,2.053
777,DATA_20260322_100000.BIN,2.6565,6.4412,2.1354,6.4412,1.0120,1,3.479,4.515
778,DATA_20260322_100000.BIN,2.1354,9.6356,4.2394,9.6356,1.0120,1,1.888,1.942
779,DATA_20260322_100000.BIN,4.2394,11.5334,3.9106,11.5334,1.0340,1,1.573,2.512
780,DATA_20260322_100000.BIN,3.9106,10.2664,3.7287,10.2664,0.9680,1,2.025,2.710
781,DATA_20260322_100000.BIN,3.7287,10.2357,3.2855,10.2357,1.1110,1,0.799,1.355
782,DATA_20260322_100000.BIN,3.2855,7.7439,2.3937,7.7439,0.9570,1,1.782,1.802
783,DATA_20260322_100000.BIN,2.3937,8.6241,2.4560,8.6241,1.0450,1,0.335,1.359
784,DATA_20260322_100000.BIN,2.4560,8.1510,2.9735,8.1510,0.9900,1,1.815,2.471
785,DATA_20260322_100000.BIN,2.9735,9.1932,2.1422,9.1932,1.0560,1,1.790,1.802
786,DATA_20260322_100000.BIN,2.1422,9.2509,3.2361,9.2509,1.0120,1,4.917,5.054
787,DATA_20260322_100000.BIN,3.2361,8.7015,2.5216,8.7015,1.1220,1,2.026,2.474
788,DATA_20260322_100000.BIN,2.5216,8.4836,2.4867,8.4836,1.0230,1,1.177,1.771
789,DATA_20260322_100000.BIN,2.4867,9.2205,2.0788,9.2205,1.0560,1,1.614,2.191
790,DATA_20260322_100000.BIN,2.0788,7.0801,3.7145,7.0801,1.0230,1,0.316,1.711
791,DATA_20260322_100000.BIN,3.2509,6.9649,2.3411,6.9649,1.0010,1,6.143,6.196
792,DATA_20260322_100000.BIN,2.3411,7.6563,2.6194,7.6563,1.0340,1,1.155,1.981
793,DATA_20260322_100000.BIN,2.6194,8.5765,2.6563,8.5765,1.0560,1,1.583,1.935
794,DATA_20260322_100000.BIN,2.6563,9.2564,3.5657,9.2564,1.0890,1,0.691,0.713
795,DATA_20260322_100000.BIN,3.5657,8.6375,2.6320,8.6375,1.0120,1,1.944,2.048
796,DATA_20260322_100000.BIN,2.6320,10.2655,3.3247,10.2655,1.1330,1,1.102,1.289
797,DATA_20260322_100000.BIN,3.3247,8.9473,2.3044,8.9473,0.9570,1,1.285,2.056
798,DATA_20260322_100000.BIN,2.3044,9.0227,3.0201,9.0227,1.0450,1,2.329,2.343
799,DATA_20260322_100000.BIN,3.0201,8.7084,2.9450,8.7084,1.0010,1,1.397,1.423
800,DATA_20260322_100000.BIN,2.9450,9.5229,2.8227,9.5229,1.0560,1,2.293,2.360
801,DATA_20260322_100000.BIN,2.8227,10.0939,4.1123,10.0939,1.0340,1,1.057,1.059
802,DATA_20260322_100000.BIN,4.1123,10.1218,4.2864,10.1218,1.0120,1,1.662,3.178
803,DATA_20260322_100000.BIN,4.2864,10.2452,3.4114,10.2452,1.0120,1,2.665,3.494
804,DATA_20260322_100000.BIN,3.4114,9.3937,3.1225,9.3937,1.0010,1,0.842,0.919
805,DATA_20260322_100000.BIN,3.1225,9.8035,3.3371,9.8035,1.0120,1,2.679,2.710
806,DATA_20260322_100000.BIN,3.3371,9.5269,3.2799,9.5269,1.0120,1,1.129,1.313
807,DATA_20260322_100000.BIN,3.2799,9.7411,4.7767,9.7411,1.0010,1,1.485,1.497
808,DATA_20260322_100000.BIN,4.7767,10.7668,3.7464,10.7668,1.0670,1,2.604,3.051
809,DATA_20260322_100000.BIN,3.7464,10.9346,5.1097,10.9346,1.0450,1,2.881,3.014
810,DATA_20260322_100000.BIN,5.1097,10.4428,3.6118,10.4428,1.0340,1,4.019,4.503
811,DATA_20260322_100000.BIN,3.6118,8.4510,4.0871,8.4510,0.8910,1,2.622,2.730
812,DATA_20260322_100000.BIN,4.0871,9.5589,3.0061,9.5589,1.0890,1,2.296,2.653
813,DATA_20260322_100000.BIN,3.0061,8.7254,4.2293,8.7254,0.9900,1,0.346,0.724
814,DATA_20260322_100000.BIN,4.2293,11.5669,4.6209,11.5669,1.1440,1,0.908,1.542
815,DATA_20260322_100000.BIN,4.6209,9.6253,3.2702,9.6253,0.9460,1,1.756,2.016
816,DATA_20260322_100000.BIN,3.2702,9.9241,3.5316,9.9241,1.0230,1,0.746,0.756
817,DATA_20260322_100000.BIN,3.5316,9.9850,3.0212,9.9850,1.0340,1,1.451,1.559
818,DATA_20260322_100000.BIN,3.0212,9.3273,3.2298,9.3273,1.0010,1,3.416,3.517
819,DATA_20260322_100000.BIN,3.2298,10.6836,3.7965,10.6836,1.0340,1,1.646,1.669
820,DATA_20260322_100000.BIN,3.7965,10.0553,3.5409,10.0553,1.0780,1,0.322,0.651
821,DATA_20260322_100000.BIN,3.5409,10.7706,3.9112,10.7706,1.0670,1,2.040,2.180
822,DATA_20260322_100000.BIN,3.9112,10.4499,4.0208,10.4499,1.0890,1,2.286,2.409
823,DATA_20260322_100000.BIN,4.0208,9.0510,2.5877,9.0510,0.9350,1,0.288,0.666
824,DATA_20260322_100000.BIN,2.5877,8.4086,3.8340,8.4086,0.9680,1,3.063,3.068
825,DATA_20260322_100000.BIN,3.8340,10.1539,3.6309,10.1539,1.1220,1,1.755,1.841
826,DATA_20260322_100000.BIN,3.6309,9.3841,3.4362,9.3841,1.0450,1,0.590,0.684
827,DATA_20260322_100000.BIN,3.4362,8.5852,2.0918,8.5852,1.0560,1,1.522,1.621
828,DATA_20260322_100000.BIN,2.0918,8.8307,2.0941,8.8307,1.0890,1,0.724,2.802
829,DATA_20260322_100000.BIN,2.0941,9.2174,1.9790,9.2174,0.9680,1,1.557,3.284
830,DATA_20260322_100000.BIN,1.9790,10.1881,4.1856,10.1881,1.1000,1,1.688,2.283
831,DATA_20260322_100000.BIN,4.1856,9.9532,3.1895,9.9532,1.0010,1,1.949,2.195
832,DATA_20260322_100000.BIN,3.1895,10.9257,3.3487,10.9257,1.1000,1,1.435,1.503
833,DATA_20260322_100000.BIN,3.3487,9.1441,3.0678,9.1441,1.0670,1,0.551,0.790
834,DATA_20260322_100000.BIN,3.0678,9.0608,2.4318,9.0608,1.0450,1,1.541,1.654
835,DATA_20260322_100000.BIN,2.4318,8.1746,2.2292,8.1746,0.9790,1,2.253,2.257
836,DATA_20260322_100000.BIN,2.2292,9.4638,4.9538,9.4638,1.0340,1,2.428,2.650
837,DATA_20260322_100000.BIN,4.9538,10.5999,4.5991,10.5999,1.1110,1,1.842,2.871
838,DATA_20260322_100000.BIN,4.5991,8.9288,2.6202,8.9288,0.9460,1,1.806,3.173
839,DATA_20260322_100000.BIN,2.6202,9.2819,2.8140,9.2819,1.0450,1,1.554,2.030
840,DATA_20260322_100000.BIN,2.8140,10.0541,4.0664,10.0541,1.1000,1,2.454,2.950
841,DATA_20260322_100000.BIN,3.9107,9.4245,2.7240,9.4245,1.0450,1,0.378,1.115
842,DATA_20260322_100000.BIN,2.7240,9.3078,3.8431,9.3078,1.0340,1,0.893,0.987
843,DATA_20260322_100000.BIN,3.8431,8.8017,2.8911,8.8017,1.0670,1,1.528,1.778
844,DATA_20260322_100000.BIN,2.8911,10.2956,4.0440,10.2956,1.0120,1,0.201,0.520
845,DATA_20260322_100000.BIN,4.0440,9.9192,2.8827,9.9192,1.0340,1,0.820,1.402
846,DATA_20260322_100000.BIN,2.8827,9.3118,2.8763,9.3118,1.0010,1,0.715,1.122
847,DATA_20260322_100000.BIN,2.8763,9.4310,3.0307,9.4310,1.0010,1,0.476,0.580
848,DATA_20260322_100000.BIN,3.0307,10.8293,3.9690,10.8293,1.0670,1,3.510,3.708
849,DATA_20260322_100000.BIN,3.9690,9.5398,2.2354,9.5398,1.0230,1,1.733,1.944
850,DATA_20260322_100000.BIN,2.2354,8.7611,2.4983,8.7611,0.9900,1,1.274,1.626
851,DATA_20260322_100000.BIN,2.4983,9.7184,3.2549,9.7184,1.0560,1,1.355,1.383
852,DATA_20260322_100000.BIN,3.2549,8.9399,2.9377,8.9399,0.9570,1,0.962,1.139
853,DATA_20260322_100000.BIN,2.9377,10.3393,2.9390,10.3393,1.1110,1,0.299,0.310
854,DATA_20260322_100000.BIN,2.9390,9.3688,2.5142,9.3688,0.9570,1,1.169,1.263
855,DATA_20260322_100000.BIN,2.5142,9.1389,2.8802,9.1389,1.0010,1,3.520,3.552
856,DATA_20260322_100000.BIN,2.8802,10.1559,3.0308,10.1559,1.0560,1,2.697,2.908
857,DATA_20260322_100000.BIN,3.0308,10.0806,3.2744,10.0806,1.1770,1,3.995,4.186
858,DATA_20260322_100000.BIN,3.2744,8.3904,2.3084,8.3904,0.9240,1,1.243,1.345
859,DATA_20260322_100000.BIN,2.3084,6.7549,3.1012,6.7549,0.9460,1,2.676,4.363
860,DATA_20260322_100000.BIN,3.1012,7.6371,2.6759,7.6371,1.0670,1,5.154,5.663
861,DATA_20260322_100000.BIN,2.6759,6.9778,1.8227,6.9778,0.9900,1,3.554,3.862
862,DATA_20260322_100000.BIN,1.8227,6.9831,3.2154,6.9831,1.0230,1,2.868,4.833
863,DATA_20260322_100000.BIN,3.2154,9.4945,3.3222,9.4945,1.0890,1,3.387,3.439
864,DATA_20260322_100000.BIN,3.3222,10.6674,3.3790,10.6674,1.0670,1,3.168,3.170
865,DATA_20260322_100000.BIN,3.3790,9.8785,3.1514,9.8785,1.0340,1,1.418,1.497
866,DATA_20260322_100000.BIN,3.1514,9.6148,3.4674,9.6148,0.9900,1,1.935,1.959
867,DATA_20260322_100000.BIN,3.4674,9.6221,3.1006,9.6221,1.0670,1,1.320,1.419
868,DATA_20260322_100000.BIN,3.1006,10.1095,2.5833,10.1095,1.0670,1,1.318,1.351
869,DATA_20260322_100000.BIN,2.5833,9.9865,3.2168,9.9865,1.0230,1,2.598,2.629
870,DATA_20260322_100000.BIN,3.2168,9.1497,3.5598,9.1497,0.9900,1,0.230,0.639
871,DATA_20260322_100000.BIN,3.5598,10.5054,3.8390,10.5054,1.0560,1,0.768,1.127
872,DATA_20260322_100000.BIN,3.8390,8.9375,2.2240,8.9375,1.0340,1,2.392,2.517
873,DATA_20260322_100000.BIN,2.2240,8.3425,1.8899,8.3425,0.9790,1,1.364,2.521
874,DATA_20260322_100000.BIN,1.8899,9.0524,0.9461,9.0524,1.0890,1,3.625,4.049
875,DATA_20260322_100000.BIN,0.9461,7.3173,2.3202,7.3173,1.0340,1,9.008,9.222
876,DATA_20260322_100000.BIN,2.3202,10.7143,4.0204,10.7143,1.1110,1,4.465,4.803
877,DATA_20260322_100000.BIN,4.0204,11.7518,1.8474,11.7518,1.1000,1,2.626,3.229
878,DATA_20260322_100000.BIN,1.8474,9.8132,4.5141,9.8132,1.0670,1,2.400,2.403
879,DATA_20260322_100000.BIN,4.5141,11.5091,2.9135,11.5091,1.1000,1,2.355,3.347
880,DATA_20260322_100000.BIN,2.9135,11.0898,1.0671,11.0898,1.0890,1,0.261,0.298
881,DATA_20260322_100000.BIN,1.0671,9.4288,1.2769,9.4288,1.0560,1,5.749,5.758
882,DATA_20260322_100000.BIN,1.2769,8.2248,1.1710,8.2248,1.0780,1,4.656,4.739
883,DATA_20260322_100000.BIN,1.1710,8.7853,1.7789,8.7853,1.0890,1,3.197,3.202
884,DATA_20260322_100000.BIN,1.7789,7.3752,3.3446,7.3752,0.9680,1,1.889,2.311
885,DATA_20260322_100000.BIN,3.3446,10.7481,2.7812,10.7481,1.1110,1,2.932,3.032
886,DATA_20260322_100000.BIN,2.7812,10.3246,1.9902,10.3246,1.0560,1,2.264,2.499
887,DATA_20260322_100000.BIN,1.9902,8.8636,4.4511,8.8636,0.9900,1,1.117,2.193
888,DATA_20260322_100000.BIN,4.4511,10.5037,4.6377,10.5037,1.1550,1,3.750,4.221
889,DATA_20260322_100000.BIN,4.6377,11.7885,4.8545,11.7885,1.2210,1,4.089,4.595
890,DATA_20260322_100000.BIN,2.6586,6.4767,1.3364,6.4767,1.1660,1,13.836,15.147
891,DATA_20260322_100000.BIN,1.3364,7.5673,1.4526,7.5673,1.9800,1,5.715,6.233
892,DATA_20260322_100000.BIN,1.4526,7.4590,1.1389,7.4590,1.0670,1,0.828,3.340
893,DATA_20260322_100000.BIN,1.1389,7.8870,1.8230,7.8870,1.0560,1,1.179,2.737
894,DATA_20260322_100000.BIN,1.8230,9.3827,1.7018,9.3827,1.0560,1,1.476,1.480
895,DATA_20260322_100000.BIN,1.7018,10.1607,1.2147,10.1607,1.0450,1,1.663,1.778
896,DATA_20260322_100000.BIN,1.2147,9.2687,0.3817,9.2687,1.0670,1,2.060,2.060
897,DATA_20260322_100000.BIN,0.3817,7.3634,0.6380,7.3634,1.0560,1,5.329,5.435
898,DATA_20260322_100000.BIN,0.6380,8.0852,0.9559,8.0852,1.0230,1,4.149,4.246
899,DATA_20260322_100000.BIN,0.9559,6.3140,0.3263,6.3140,1.0010,1,1.219,1.219
900,DATA_20260322_100000.BIN,0.3263,6.8994,1.4165,6.8994,1.1110,1,2.586,2.623
901,DATA_20260322_100000.BIN,1.4165,5.6890,2.5335,5.6890,0.9130,1,2.828,3.321
902,DATA_20260322_100000.BIN,2.5335,6.5834,1.3748,6.5834,1.0560,1,5.809,5.967
903,DATA_20260322_100000.BIN,1.3748,7.0246,1.5575,7.0246,1.0450,1,0.914,0.931
904,DATA_20260322_100000.BIN,1.5575,10.1393,4.2486,10.1393,1.1660,1,1.382,1.385
905,DATA_20260322_100000.BIN,4.2486,10.2546,2.9003,10.2546,1.0890,1,6.384,6.570
906,DATA_20260322_100000.BIN,2.9003,9.8379,2.2327,9.8379,1.0230,1,3.797,3.833
907,DATA_20260322_100000.BIN,2.2327,9.2284,1.9235,9.2284,1.0120,1,2.606,2.612
908,DATA_20260322_100000.BIN,1.9235,9.2697,3.1321,9.2697,1.1000,1,2.020,2.079
909,DATA_20260322_100000.BIN,2.6514,8.7598,1.5480,8.7598,1.1770,1,1.931,2.471
910,DATA_20260322_100000.BIN,1.5480,8.1875,1.2828,8.1875,1.0560,1,2.363,2.782
911,DATA_20260322_100000.BIN,1.2828,10.2872,3.1377,10.2872,1.1770,1,1.574,1.576
912,DATA_20260322_100000.BIN,3.1377,9.2665,1.4549,9.2665,0.9900,1,1.032,2.089
913,DATA_20260322_100000.BIN,1.4549,8.4497,1.9388,8.4497,0.9900,1,1.240,1.709
914,DATA_20260322_100000.BIN,1.9388,8.9825,2.7964,8.9825,1.1440,1,0.636,0.646
915,DATA_20260322_100000.BIN,2.7964,9.8580,1.9109,9.8580,1.0230,1,1.564,1.772
916,DATA_20260322_100000.BIN,1.9109,8.2097,1.7048,8.2097,1.0890,1,1.644,1.748
917,DATA_20260322_100000.BIN,1.7048,8.0936,1.0356,8.0936,1.0670,1,2.543,2.857
918,DATA_20260322_100000.BIN,1.0356,7.5767,0.6447,7.5767,1.0450,1,0.219,1.837
919,DATA_20260322_100000.BIN,0.6447,7.2949,1.4943,7.2949,1.0670,1,3.279,3.290
920,DATA_20260322_100000.BIN,1.4943,7.5166,1.2138,7.5166,1.0120,1,2.318,2.780
921,DATA_20260322_100000.BIN,1.2138,9.6902,0.7571,9.6902,1.1550,1,2.357,2.361
922,DATA_20260322_100000.BIN,0.7571,8.2695,1.2446,8.2695,1.0560,1,3.704,3.704
923,DATA_20260322_100000.BIN,1.2446,8.6822,1.3079,8.6822,1.0670,1,1.770,1.874
924,DATA_20260322_100000.BIN,1.3079,10.3343,1.5843,10.3343,1.0120,1,2.301,2.646
925,DATA_20260322_100000.BIN,1.5843,9.4663,1.2965,9.4663,1.1110,1,1.007,2.157
926,DATA_20260322_100000.BIN,1.2965,9.0474,1.3333,9.0474,1.0230,1,1.303,1.312
927,DATA_20260322_100000.BIN,1.3333,7.2657,1.1491,7.2657,1.0120,1,1.004,1.565
928,DATA_20260322_100000.BIN,1.1491,9.8328,1.0389,9.8328,1.1440,1,0.289,1.220
929,DATA_20260322_100000.BIN,1.0389,10.1667,1.2241,10.1667,1.0450,1,2.105,2.433
930,DATA_20260322_100000.BIN,1.2241,8.8179,0.3437,8.8179,1.0010,1,1.550,1.996
931,DATA_20260322_100000.BIN,0.3437,7.7942,1.6584,7.7942,1.0230,1,3.667,3.775
932,DATA_20260322_100000.BIN,1.6584,8.5625,1.3828,8.5625,1.0230,1,2.717,3.033
933,DATA_20260322_100000.BIN,1.3828,9.3278,2.0315,9.3278,1.1000,1,2.381,2.433
934,DATA_20260322_100000.BIN,2.0315,6.6065,1.0798,6.6065,0.9020,1,0.335,1.927
935,DATA_20260322_100000.BIN,1.0798,9.1379,1.2946,9.1379,1.1770,1,1.254,1.278
936,DATA_20260322_100000.BIN,1.2946,8.3922,2.0091,8.3922,0.9790,1,1.686,1.985
937,DATA_20260322_100000.BIN,2.0091,8.6104,1.3436,8.6104,1.1000,1,1.970,2.104
938,DATA_20260322_100000.BIN,1.3436,5.1862,1.0555,5.1862,0.8800,1,1.855,2.981
939,DATA_20260322_100000.BIN,1.0555,7.3857,1.2645,7.3857,1.1550,1,0.756,0.811
940,DATA_20260322_100000.BIN,1.2645,7.5874,1.6786,7.5874,1.0560,1,1.546,1.831
941,DATA_20260322_100000.BIN,1.6786,8.1086,0.5890,8.1086,1.0670,1,1.600,1.616
942,DATA_20260322_100000.BIN,0.5890,7.6506,1.3621,7.6506,0.9680,1,1.341,1.389
943,DATA_20260322_100000.BIN,1.3621,8.0078,1.9643,8.0078,1.0670,1,1.682,1.694
944,DATA_20260322_100000.BIN,1.9643,6.7271,1.3362,6.7271,1.0450,1,3.507,3.550
945,DATA_20260322_100000.BIN,1.3362,8.5277,1.3003,8.5277,1.0450,1,0.281,0.793
946,DATA_20260322_100000.BIN,1.3003,9.1209,0.9360,9.1209,1.0670,1,2.334,2.607
947,DATA_20260322_100000.BIN,0.9360,7.5787,1.4055,7.5787,1.0780,1,2.446,2.804
948,DATA_20260322_100000.BIN,1.4055,8.7741,0.5618,8.7741,1.1110,1,2.018,2.029
949,DATA_20260322_100000.BIN,0.5618,7.7810,1.4121,7.7810,1.0230,1,2.174,2.206
950,DATA_20260322_100000.BIN,1.4121,6.7403,1.3530,6.7403,1.0010,1,3.055,3.061
951,DATA_20260322_100000.BIN,1.3530,7.7437,0.9342,7.7437,1.0670,1,1.573,1.618
952,DATA_20260322_100000.BIN,0.9342,6.9399,2.0335,6.9399,1.0450,1,2.905,2.911
953,DATA_20260322_100000.BIN,2.0335,6.4001,1.4526,6.4001,1.0780,1,3.284,3.324
954,DATA_20260322_100000.BIN,1.4526,6.7833,1.8004,6.7833,1.0450,1,0.184,1.252
955,DATA_20260322_100000.BIN,1.8004,6.6498,0.9786,6.6498,1.1220,1,2.577,2.578
956,DATA_20260322_100000.BIN,0.9786,7.5449,1.4481,7.5449,0.9570,1,1.475,1.559
957,DATA_20260322_100000.BIN,1.4481,7.0914,1.2662,7.0914,1.0450,1,1.086,1.455
958,DATA_20260322_100000.BIN,1.2662,7.9436,1.3291,7.9436,1.0450,1,2.025,2.027
959,DATA_20260322_100000.BIN,1.3291,7.2904,1.1139,7.2904,1.0780,1,1.893,2.087
960,DATA_20260322_100000.BIN,1.1139,8.5686,1.1720,8.5686,1.1110,1,2.685,2.729
961,DATA_20260322_100000.BIN,1.1720,7.9753,1.6531,7.9753,1.1220,1,2.858,2.892
962,DATA_20260322_100000.BIN,1.6531,7.1345,1.3418,7.1345,1.0670,1,2.207,2.221
963,DATA_20260322_100000.BIN,1.3418,6.8065,1.2556,6.8065,1.0890,1,4.084,4.084
964,DATA_20260322_100000.BIN,1.2556,5.2746,1.8915,5.2746,0.9900,1,1.160,1.198
965,DATA_20260322_100000.BIN,1.8915,5.8719,1.9395,5.8719,1.1550,1,2.533,2.611
966,DATA_20260322_100000.BIN,1.9395,8.1460,1.5778,8.1460,1.0450,1,1.907,2.076
967,DATA_20260322_100000.BIN,1.5778,6.9818,1.1779,6.9818,1.0560,1,4.953,5.041
968,DATA_20260322_100000.BIN,1.1779,9.1422,0.6954,9.1422,1.1330,1,1.257,2.300
969,DATA_20260322_100000.BIN,1.7210,5.2171,1.1068,5.2171,1.0450,1,3.220,3.223
970,DATA_20260322_100000.BIN,1.1068,6.9539,1.4664,6.9539,1.1330,1,5.028,5.028
971,DATA_20260322_100000.BIN,1.4664,7.4881,1.8627,7.4881,1.1220,1,2.982,3.452
972,DATA_20260322_100000.BIN,1.8627,5.7728,1.6389,5.7728,1.0670,1,3.347,4.279
973,DATA_20260322_100000.BIN,1.6389,5.1373,2.4893,5.1373,1.1000,1,2.954,3.015
974,DATA_20260322_100000.BIN,2.4893,7.4772,2.6411,7.4772,2.0460,1,0.381,3.069
975,DATA_20260322_100000.BIN,2.6411,7.4046,3.8285,7.4046,1.0780,1,2.484,3.661
976,DATA_20260322_100000.BIN,3.8285,8.2615,1.4193,8.2615,2.8820,1,4.578,5.211
977,DATA_20260322_100000.BIN,1.4193,7.0589,2.0326,7.0589,1.3310,1,3.905,4.021
978,DATA_20260322_100000.BIN,2.0326,9.8233,4.2077,9.8233,1.1110,1,4.749,4.892
979,DATA_20260322_100000.BIN,4.2077,8.5026,5.4630,8.5026,1.0120,1,7.901,7.922
980,DATA_20260322_100000.BIN,5.4630,9.5581,4.4102,9.5581,1.0450,1,5.616,6.275
981,DATA_20260322_100000.BIN,4.4102,8.6347,5.0429,8.6347,1.1550,1,5.516,5.608
982,DATA_20260322_100000.BIN,1.9738,5.1567,2.3459,5.1567,0.9790,1,1.105,1.169
983,DATA_20260322_100000.BIN,2.3459,6.6233,2.3367,6.6233,1.0230,1,2.950,3.066
984,DATA_20260322_100000.BIN,2.3367,8.7822,1.3498,8.7822,1.0670,1,1.907,2.133
985,DATA_20260322_100000.BIN,1.3498,6.8752,1.2832,6.8752,1.0780,1,4.480,4.498
986,DATA_20260322_100000.BIN,1.2832,7.1679,3.1087,7.1679,1.1330,1,1.822,1.904
987,DATA_20260322_100000.BIN,3.1087,7.6048,2.3127,7.6048,1.0560,1,3.602,3.602
988,DATA_20260322_100000.BIN,2.3127,7.1068,2.9324,7.1068,1.0890,1,0.347,0.397
989,DATA_20260322_100000.BIN,2.9324,8.9136,1.6708,8.9136,1.1220,1,2.735,2.735
990,DATA_20260322_100000.BIN,1.6708,6.7413,2.8802,6.7413,1.0670,1,2.729,2.761
991,DATA_20260322_100000.BIN,2.8802,7.0293,2.5210,7.0293,1.0670,1,2.965,3.157
992,DATA_20260322_100000.BIN,2.5210,6.7270,2.6841,6.7270,1.0450,1,2.485,2.544
993,DATA_20260322_100000.BIN,2.6841,6.5056,2.2728,6.5056,1.0230,1,2.218,2.247
994,DATA_20260322_100000.BIN,2.2728,7.0164,2.6216,7.0164,1.1110,1,2.660,2.918
995,DATA_20260322_100000.BIN,2.6216,6.9333,2.7291,6.9333,0.9680,1,0.312,0.495
996,DATA_20260322_100000.BIN,2.7291,8.5882,2.3494,8.5882,1.1220,1,2.514,2.514
997,DATA_20260322_100000.BIN,2.3494,4.8869,0.6981,4.8869,0.9350,1,1.051,1.062
998,DATA_20260322_100000.BIN,0.6981,7.1658,0.6596,7.1658,2.1890,1,1.749,2.771
999,DATA_20260322_100000.BIN,0.6596,6.7764,2.8519,6.7764,1.1330,1,1.691,2.069
1000,DATA_20260322_100000.BIN,2.8519,6.8246,1.1419,6.8246,0.9680,1,1.254,1.520
1001,DATA_20260322_100000.BIN,1.1419,7.6785,4.0553,7.6785,1.0670,1,1.741,2.198
1002,DATA_20260322_100000.BIN,4.0553,7.0185,2.7246,7.0185,1.0340,1,0.660,2.581
1003,DATA_20260322_100000.BIN,2.7246,8.3519,2.2664,8.3519,1.0340,1,3.959,4.284
1004,DATA_20260322_100000.BIN,2.2664,7.1615,2.3335,7.1615,1.0010,1,2.094,2.335
1005,DATA_20260322_100000.BIN,2.3335,8.0633,4.4820,8.0633,1.0230,1,5.384,5.500
1006,DATA_20260322_100000.BIN,4.4820,9.8321,5.0362,9.8321,1.0670,1,6.475,7.703
1007,DATA_20260322_100000.BIN,5.0362,10.1322,3.8041,10.1322,1.1000,1,3.233,5.630
1008,DATA_20260322_100000.BIN,3.8041,7.6328,2.6358,7.6328,1.0450,1,3.408,3.408
1009,DATA_20260322_100000.BIN,2.6358,7.8165,2.3950,7.8165,1.1220,1,2.843,3.212
1010,DATA_20260322_100000.BIN,2.3950,5.6868,2.4883,5.6868,1.0780,1,1.181,1.181
1011,DATA_20260322_100000.BIN,2.4883,6.6792,2.7165,6.6792,1.1110,1,1.621,1.935
1012,DATA_20260322_100000.BIN,2.7165,7.1348,1.3514,7.1348,1.0010,1,1.642,1.662
1013,DATA_20260322_100000.BIN,1.3514,5.9866,2.7848,5.9866,1.0340,1,1.983,2.226
1014,DATA_20260322_100000.BIN,2.7848,7.9282,2.3568,7.9282,1.1110,1,0.185,0.304
1015,DATA_20260322_100000.BIN,0.9719,5.9708,1.5565,5.9708,1.0450,1,3.812,4.241
1016,DATA_20260322_100000.BIN,1.5565,8.1171,0.2404,8.1171,1.2430,1,3.501,6.249
1017,DATA_20260322_100000.BIN,2.1540,6.0012,2.0318,6.0012,1.1220,1,1.931,6.256
1018,DATA_20260322_100000.BIN,2.0318,5.0840,1.7450,5.0840,1.0670,1,4.442,4.738
1019,DATA_20260322_100000.BIN,1.7450,5.4766,2.1162,5.4766,1.1330,1,1.763,1.896
1020,DATA_20260322_100000.BIN,2.1162,6.3059,2.5700,6.3059,1.1880,1,3.256,3.358
1021,DATA_20260322_100000.BIN,0.7459,4.9452,0.5327,4.9452,2.0240,1,1.673,1.754
1022,DATA_20260322_100000.BIN,0.5327,7.5052,3.5533,7.5052,1.2870,1,3.920,4.006
1023,DATA_20260322_100000.BIN,3.5533,9.3234,4.3169,9.3234,1.1770,1,5.730,5.754
1024,DATA_20260322_100000.BIN,4.3169,8.1676,4.8347,8.1676,1.1330,1,5.921,6.072
1025,DATA_20260322_100000.BIN,4.8347,7.7611,3.4434,7.7611,1.1220,1,5.090,5.477
1026,DATA_20260322_100000.BIN,3.4434,6.4179,2.5575,6.4179,1.0890,1,1.090,1.664
1027,DATA_20260322_100000.BIN,2.5575,5.5201,2.3171,5.5201,1.1000,1,1.015,1.054
1028,DATA_20260322_100000.BIN,2.3171,5.6622,3.2032,5.6622,1.0670,1,3.032,3.069
1029,DATA_20260322_100000.BIN,3.2032,5.9622,3.8778,5.9622,1.1880,1,2.069,2.154
1030,DATA_20260322_100000.BIN,3.8778,5.6306,2.7487,5.6306,1.0890,1,3.952,4.055
1031,DATA_20260322_100000.BIN,2.7487,6.6934,3.0026,6.6934,1.2320,1,0.930,0.953
1032,DATA_20260322_100000.BIN,3.0026,5.4563,2.8567,5.4563,1.1550,1,3.142,3.166
1033,DATA_20260322_100000.BIN,2.3298,5.0895,2.5132,5.0895,1.1110,1,1.100,1.438
1034,DATA_20260322_100000.BIN,2.5132,6.4527,2.7195,6.4527,1.2760,1,1.873,1.945
1035,DATA_20260322_100000.BIN,2.7195,5.4150,2.1815,5.4150,1.0890,1,2.819,2.842
1036,DATA_20260322_100000.BIN,2.1815,5.4736,2.2542,5.4736,1.1550,1,2.544,2.556
1037,DATA_20260322_100000.BIN,2.2542,5.6692,1.6396,5.6692,1.1220,1,0.255,0.470
1038,DATA_20260322_100000.BIN,1.6396,4.4632,1.6830,4.4632,1.0340,1,3.203,3.220
1039,DATA_20260322_100000.BIN,1.6830,6.0677,2.1725,6.0677,1.1220,1,1.161,1.825
1040,DATA_20260322_100000.BIN,2.1725,5.8999,0.9209,5.8999,1.0450,1,2.436,2.580
1041,DATA_20260322_100000.BIN,0.9209,5.3403,1.7624,5.3403,1.1880,1,2.643,2.844
1042,DATA_20260322_100000.BIN,1.7624,5.4592,1.3328,5.4592,1.1440,1,2.257,2.271
1043,DATA_20260322_100000.BIN,1.3328,4.4283,1.8162,4.4283,1.1440,1,1.952,2.158
1044,DATA_20260322_100000.BIN,1.4479,5.3129,2.6200,5.3129,1.2430,1,0.314,2.068
1045,DATA_20260322_100000.BIN,2.6200,6.4740,2.8673,6.4740,1.3200,1,2.069,2.128
1046,DATA_20260322_100000.BIN,2.8673,5.4674,1.3065,5.4674,1.0780,1,3.277,3.391
1047,DATA_20260322_100000.BIN,1.3065,4.2613,1.3156,4.2613,1.1000,1,4.013,4.121
1048,DATA_20260322_100000.BIN,1.3156,4.5669,1.4556,4.5669,1.1110,1,2.123,2.123
1049,DATA_20260322_100000.BIN,1.4556,4.4960,2.2005,4.4960,1.1440,1,1.990,2.109
1050,DATA_20260322_100000.BIN,2.2005,4.7222,1.7330,4.7222,1.1440,1,0.931,0.998
1051,DATA_20260322_100000.BIN,1.7330,4.6312,2.0777,4.6312,1.1440,1,0.685,0.962
1052,DATA_20260322_100000.BIN,2.0777,5.6701,2.1959,5.6701,1.2430,1,0.862,0.862
1053,DATA_20260322_100000.BIN,2.1959,4.1378,1.3106,4.1378,1.0450,1,1.494,1.503
1054,DATA_20260322_100000.BIN,1.3106,4.3875,1.4222,4.3875,1.1440,1,2.045,2.055
1055,DATA_20260322_100000.BIN,1.4222,4.2923,1.5332,4.2923,1.1880,1,0.884,1.506
1056,DATA_20260322_100000.BIN,1.5332,3.8481,1.2009,3.8481,1.1000,1,2.699,2.700
1057,DATA_20260322_100000.BIN,1.2009,5.0683,1.5760,5.0683,1.2430,1,3.080,3.099
1058,DATA_20260322_100000.BIN,1.5760,4.4876,1.9378,4.4876,1.2210,1,2.041,2.042
1059,DATA_20260322_100000.BIN,1.9378,4.3698,1.2018,4.3698,1.0670,1,1.521,1.536
1060,DATA_20260322_100000.BIN,1.2018,7.8125,4.1389,7.8125,3.9820,1,1.383,1.496
1061,DATA_20260322_100000.BIN,4.1389,11.6652,0.8701,11.6652,1.3090,1,15.161,16.195
1062,DATA_20260322_100000.BIN,0.8701,5.5701,3.6206,5.5701,1.1220,1,2.981,2.987
1063,DATA_20260322_100000.BIN,3.6206,6.2044,1.4757,6.2044,1.6060,1,5.121,5.261
1064,DATA_20260322_100000.BIN,1.6805,6.9583,1.6636,6.9583,1.4850,1,0.839,0.887
1065,DATA_20260322_100000.BIN,1.6636,7.9749,0.4021,7.9749,1.0890,1,5.003,5.502
1066,DATA_20260322_100000.BIN,0.4021,6.1471,1.5045,6.1471,0.9900,1,3.955,4.188
1067,DATA_20260322_100000.BIN,1.5045,6.9005,1.3278,6.9005,1.1000,1,1.086,2.612
1068,DATA_20260322_100000.BIN,1.3278,7.2488,1.3750,7.2488,1.0780,1,2.356,2.662
1069,DATA_20260322_100000.BIN,1.3750,6.4995,0.8098,6.4995,1.0780,1,1.594,2.497
1070,DATA_20260322_100000.BIN,0.8098,4.7821,1.2154,4.7821,0.9680,1,2.118,2.121
1071,DATA_20260322_100000.BIN,1.2154,5.8805,2.5341,5.8805,1.2540,1,2.662,2.707
1072,DATA_20260322_100000.BIN,2.5341,5.5635,2.9473,5.5635,1.0780,1,1.614,4.260
1073,DATA_20260322_100000.BIN,2.9473,6.0120,1.8625,6.0120,1.0340,1,2.114,3.526
1074,DATA_20260322_100000.BIN,1.8625,7.6577,3.5398,7.6577,1.1440,1,5.525,5.538
1075,DATA_20260322_100000.BIN,3.5398,8.5755,1.8279,8.5755,1.1220,1,5.894,6.245
1076,DATA_20260322_100000.BIN,1.8279,6.2357,0.8833,6.2357,1.0010,1,3.291,3.456
1077,DATA_20260322_100000.BIN,0.8833,5.0638,0.5575,5.0638,1.0890,1,3.757,3.767
1078,DATA_20260322_100000.BIN,0.5575,6.4295,1.0743,6.4295,1.1110,1,2.639,2.746
1079,DATA_20260322_100000.BIN,1.0743,5.7334,0.6398,5.7334,1.1000,1,1.760,2.816
1080,DATA_20260322_100000.BIN,0.6398,6.6686,1.6273,6.6686,1.1880,1,2.337,2.689
1081,DATA_20260322_100000.BIN,1.6273,4.5103,2.3460,4.5103,2.4970,1,2.435,2.448
1082,DATA_20260322_100000.BIN,2.3460,5.4116,0.3777,5.4116,1.9690,1,4.206,4.634
1083,DATA_20260322_100000.BIN,0.3777,8.5213,2.3876,8.5213,2.9150,1,5.847,6.509
1084,DATA_20260322_100000.BIN,2.3876,8.2187,0.8645,8.2187,1.1000,1,10.339,11.745
1085,DATA_20260322_100000.BIN,0.8645,5.9456,1.7178,5.9456,1.7710,1,6.145,6.256
1086,DATA_20260322_100000.BIN,1.7178,7.1147,0.7919,7.1147,1.5400,1,3.531,3.889
1087,DATA_20260322_100000.BIN,0.7919,4.1469,1.9885,4.1469,1.2540,1,7.314,7.573
1088,DATA_20260322_100000.BIN,1.9885,7.1924,0.3780,7.1924,1.1880,1,0.756,2.314
1089,DATA_20260322_100000.BIN,0.3780,4.7538,1.1892,4.7538,1.1880,1,3.057,3.096
1090,DATA_20260322_100000.BIN,1.1892,6.2842,0.7782,6.2842,2.0350,1,3.125,3.155
1091,DATA_20260322_100000.BIN,0.7782,5.4937,2.0956,5.4937,1.4080,1,3.458,3.729
1092,DATA_20260322_100000.BIN,2.0956,5.3811,1.0981,5.3811,2.1230,1,2.863,3.028
1093,DATA_20260322_100000.BIN,1.0981,3.4975,1.3939,3.4975,1.1550,1,4.021,5.141
1094,DATA_20260322_100000.BIN,1.3939,3.9691,1.1778,3.9691,1.4740,1,5.223,5.549
1095,DATA_20260322_100000.BIN,1.1778,4.8619,1.2204,4.8619,1.3640,1,1.438,2.094
1096,DATA_20260322_100000.BIN,1.2204,4.1841,1.1550,4.1841,1.1770,1,0.618,1.332
1097,DATA_20260322_100000.BIN,2.0309,8.5483,1.1650,8.5483,1.4410,1,11.154,11.631
1098,DATA_20260322_100000.BIN,1.4954,17.9253,3.5426,17.9253,1.5180,1,5.634,6.115
1099,DATA_20260322_100000.BIN,2.0069,18.4297,0.8594,18.4297,2.8270,1,2.761,2.903
1100,DATA_20260322_100000.BIN,1.1138,6.8328,2.8463,6.8328,1.4080,1,3.929,4.086
1101,DATA_20260322_100000.BIN,2.8463,53.8842,45.4691,53.8842,6.6770,1,8.175,8.257
1102,DATA_20260322_100000.BIN,46.1672,49.3792,4.3298,49.3792,3.3660,1,82.354,82.900
1103,DATA_20260322_100000.BIN,4.3298,6.7394,2.6528,6.7394,4.0370,1,9.032,11.482
1104,DATA_20260322_100000.BIN,46.8967,50.7191,0.8847,50.7191,3.9490,1,73.313,73.890
1105,DATA_20260322_100000.BIN,0.8847,4.0155,0.8871,4.0155,0.9460,1,17.197,17.243
1106,DATA_20260322_100000.BIN,3.7151,38.5464,4.2875,38.5464,4.0260,1,13.023,13.453
1107,DATA_20260322_100000.BIN,3.6452,18.7245,6.4523,18.7245,1.6720,1,34.209,34.564
1108,DATA_20260322_100000.BIN,6.4523,10.6554,2.7623,10.6554,1.6610,1,16.539,17.288
1109,DATA_20260322_100000.BIN,2.4854,4.4708,1.1574,4.4708,1.3970,1,15.622,15.690
1110,DATA_20260322_100000.BIN,1.1574,3.8924,1.1253,3.8924,2.1230,1,15.107,15.406
1111,DATA_20260322_100000.BIN,1.1253,10.7713,0.4918,10.7713,2.7610,1,6.115,7.048
1112,DATA_20260322_100000.BIN,0.4918,4.5779,0.8935,4.5779,2.4750,1,7.695,7.757
1113,DATA_20260322_100000.BIN,0.8935,6.8374,1.4275,6.8374,1.6610,1,5.309,5.466
1114,DATA_20260322_100000.BIN,1.4275,5.7769,0.8176,5.7769,1.0560,1,9.025,9.049
1115,DATA_20260322_100000.BIN,0.8176,4.5729,0.8512,4.5729,1.2210,1,9.581,9.703
1116,DATA_20260322_100000.BIN,0.8512,6.9879,1.2192,6.9879,2.3320,1,7.043,7.045
1117,DATA_20260322_100000.BIN,1.2192,5.1095,2.4044,5.1095,1.2100,1,8.199,8.431
1118,DATA_20260322_100000.BIN,1.1792,4.7847,2.1606,4.7847,1.1550,1,8.649,8.869
1119,DATA_20260322_100000.BIN,2.1606,4.9519,1.2921,4.9519,1.2210,1,8.271,8.626
1120,DATA_20260322_100000.BIN,1.2921,4.8962,1.1163,4.8962,1.1220,1,7.202,7.365
1121,DATA_20260322_100000.BIN,1.1163,4.3910,1.3726,4.3910,1.1330,1,6.821,7.022
1122,DATA_20260322_100000.BIN,1.3726,4.9720,1.6426,4.9720,1.2100,1,6.186,6.448
1123,DATA_20260322_100000.BIN,1.6426,5.2408,1.2975,5.2408,1.1220,1,6.279,6.280
1124,DATA_20260322_100000.BIN,1.2975,5.6105,0.8295,5.6105,1.1880,1,4.476,4.524
1125,DATA_20260322_100000.BIN,0.8295,4.3013,1.2558,4.3013,1.0450,1,3.853,4.096
1126,DATA_20260322_100000.BIN,1.2558,5.0296,0.5442,5.0296,2.0900,1,3.596,3.985
1127,DATA_20260322_100000.BIN,0.5442,3.8662,1.0087,3.8662,1.3420,1,5.263,5.437
1128,DATA_20260322_100000.BIN,1.5596,6.6586,1.3691,6.6586,9.4710,1,8.565,9.431
1129,DATA_20260322_100000.BIN,1.3691,5.0928,1.9768,5.0928,1.1880,1,2.683,3.173
1130,DATA_20260322_100000.BIN,1.9768,5.2715,1.6530,5.2715,1.1110,1,6.512,6.881
1131,DATA_20260322_100000.BIN,1.6530,4.7965,0.5475,4.7965,1.1330,1,4.933,4.963
1132,DATA_20260322_100000.BIN,0.5475,6.4953,0.8954,6.4953,1.2100,1,2.226,2.266
1133,DATA_20260322_100000.BIN,0.4457,5.2988,1.0000,5.2988,1.3090,1,1.862,1.938
1134,DATA_20260322_100000.BIN,1.0000,5.4305,0.7131,5.4305,1.1330,1,0.500,0.799
1135,DATA_20260322_100000.BIN,0.7131,6.0080,2.3086,6.0080,1.1990,1,1.971,2.083
1136,DATA_20260322_100000.BIN,1.6382,5.9827,1.3070,5.9827,1.1660,1,1.220,1.750
1137,DATA_20260322_100000.BIN,1.3070,7.8383,1.8754,7.8383,1.1440,1,1.694,1.887
1138,DATA_20260322_100000.BIN,1.8754,7.5727,0.7338,7.5727,1.0560,1,2.380,2.836
1139,DATA_20260322_100000.BIN,0.7338,6.0895,1.1038,6.0895,1.0450,1,2.974,3.139
1140,DATA_20260322_100000.BIN,1.1038,7.0789,2.2238,7.0789,1.2320,1,1.133,1.317
1141,DATA_20260322_100000.BIN,2.2238,5.3454,1.7416,5.3454,1.1550,1,3.084,3.336
1142,DATA_20260322_100000.BIN,1.7416,5.3938,1.2712,5.3938,1.0230,1,1.345,2.534
1143,DATA_20260322_100000.BIN,1.2712,5.5007,1.0016,5.5007,1.0230,1,2.920,2.953
1144,DATA_20260322_100000.BIN,1.0016,6.8815,0.3558,6.8815,1.2320,1,1.105,1.134
1145,DATA_20260322_100000.BIN,0.3558,5.9808,0.8042,5.9808,1.2540,1,4.226,4.685
1146,DATA_20260322_100000.BIN,0.8042,4.6607,0.2680,4.6607,1.1330,1,0.893,1.244
1147,DATA_20260322_100000.BIN,0.2680,5.1642,0.7440,5.1642,1.1440,1,2.189,2.220
1148,DATA_20260322_100000.BIN,0.7440,5.0034,1.2216,5.0034,1.1110,1,0.889,0.889
1149,DATA_20260322_100000.BIN,1.2216,4.3315,0.3982,4.3315,1.1330,1,0.408,1.369
1150,DATA_20260322_100000.BIN,0.3982,3.9445,1.2234,3.9445,3.0910,1,2.133,2.430
1151,DATA_20260322_100000.BIN,1.2234,4.0320,1.7626,4.0320,1.5290,1,1.722,2.337
1152,DATA_20260322_100000.BIN,1.3041,4.5744,1.9238,4.5744,1.1770,1,1.476,2.664
1153,DATA_20260322_100000.BIN,1.9238,5.0177,1.2844,5.0177,1.1110,1,1.127,2.621
1154,DATA_20260322_100000.BIN,1.2844,5.7107,0.4125,5.7107,1.2540,1,1.747,1.896
1155,DATA_20260322_100000.BIN,0.4125,6.5487,0.5217,6.5487,1.1550,1,2.179,2.666
1156,DATA_20260322_100000.BIN,0.5217,5.1338,0.8866,5.1338,0.9680,1,2.708,3.230
1157,DATA_20260322_100000.BIN,1.1605,4.8134,1.8331,4.8134,1.3200,1,5.899,6.545
1158,DATA_20260322_100000.BIN,1.8331,5.7542,2.1969,5.7542,1.2100,1,3.033,3.771
1159,DATA_20260322_100000.BIN,1.2840,4.6778,1.4320,4.6778,1.1110,1,1.424,2.163
1160,DATA_20260322_100000.BIN,1.4320,5.3854,1.1085,5.3854,1.1220,1,1.005,1.673
1161,DATA_20260322_100000.BIN,1.1085,3.8725,1.7115,3.8725,1.0890,1,2.408,2.708
1162,DATA_20260322_100000.BIN,1.7115,5.2372,1.5508,5.2372,1.2430,1,2.371,2.455
1163,DATA_20260322_100000.BIN,1.5508,4.8978,1.3142,4.8978,1.0780,1,1.283,1.517
1164,DATA_20260322_100000.BIN,1.3142,5.0114,2.3817,5.0114,1.0450,1,3.168,3.188
1165,DATA_20260322_100000.BIN,2.3817,5.1993,2.7214,5.1993,1.0560,1,1.586,2.145
1166,DATA_20260322_100000.BIN,2.7214,4.6942,1.0380,4.6942,1.1990,1,1.891,2.461
1167,DATA_20260322_100000.BIN,1.0380,4.9399,1.6209,4.9399,1.0670,1,1.790,1.853
1168,DATA_20260322_100000.BIN,1.6209,4.4817,1.7234,4.4817,1.0670,1,0.309,0.608
1169,DATA_20260322_100000.BIN,1.7234,5.4254,1.7933,5.4254,1.1330,1,1.723,1.731
1170,DATA_20260322_100000.BIN,1.7933,5.1543,0.5201,5.1543,1.2100,1,2.004,2.021
1171,DATA_20260322_100000.BIN,1.5846,4.9115,1.8176,4.9115,1.1550,1,2.244,2.287
1172,DATA_20260322_100000.BIN,1.8176,5.2793,1.0407,5.2793,1.2210,1,2.377,2.410
1173,DATA_20260322_100000.BIN,1.0407,4.8700,1.8766,4.8700,1.1550,1,1.559,1.868
1174,DATA_20260322_100000.BIN,0.6323,5.8612,0.3633,5.8612,2.3320,1,2.930,3.574
1175,DATA_20260322_100000.BIN,0.3633,6.2513,3.1808,6.2513,1.5290,1,9.416,10.809
1176,DATA_20260322_100000.BIN,3.1808,31.7683,1.2646,31.7683,4.2680,1,9.478,9.621
1177,DATA_20260322_100000.BIN,1.2646,5.6892,2.8975,5.6892,0.9900,1,5.870,7.164
1178,DATA_20260322_100000.BIN,2.8975,54.1050,24.6603,54.1050,6.4790,1,7.779,10.119
1179,DATA_20260322_100000.BIN,24.6603,52.4155,45.6479,52.4155,3.3220,1,46.243,46.375
1180,DATA_20260322_100000.BIN,45.6479,47.6451,41.2729,47.6451,2.1230,1,80.797,80.822
1181,DATA_20260322_100000.BIN,41.2729,62.0965,13.7717,62.0965,3.3330,1,67.534,67.545
1182,DATA_20260322_100000.BIN,39.6864,44.8025,7.3983,44.8025,2.7610,1,54.120,54.221
1183,DATA_20260322_100000.BIN,5.8686,11.7832,4.8841,11.7832,1.4630,1,17.947,17.947
1184,DATA_20260322_100000.BIN,4.8841,33.1432,4.6027,33.1432,4.1250,1,19.018,19.425
1185,DATA_20260322_100000.BIN,4.6027,28.1363,2.1147,28.1363,2.5850,1,36.723,37.141
1186,DATA_20260322_100000.BIN,0.9906,4.4413,1.4887,4.4413,1.2980,1,11.731,12.361
1187,DATA_20260322_100000.BIN,1.4887,6.6137,3.9539,6.6137,1.3310,1,16.343,16.348
1188,DATA_20260322_100000.BIN,3.9539,6.5161,1.2053,6.5161,1.1770,1,12.805,13.041
1189,DATA_20260322_100000.BIN,1.2053,12.3642,1.0206,12.3642,4.0040,1,13.782,13.783
1190,DATA_20260322_100000.BIN,1.0206,8.0016,0.3724,8.0016,4.3340,1,17.213,17.214
1191,DATA_20260322_100000.BIN,0.3724,4.7952,1.6054,4.7952,1.2320,1,11.233,11.270
1192,DATA_20260322_100000.BIN,1.6054,8.1384,4.2074,8.1384,6.4350,1,8.985,9.536
1193,DATA_20260322_100000.BIN,4.2074,10.3287,1.6669,10.3287,1.4300,1,3.155,3.616
1194,DATA_20260322_100000.BIN,1.6669,48.1282,31.3983,48.1282,7.0730,1,1.145,5.289
1195,DATA_20260322_100000.BIN,31.3983,33.7383,24.4077,33.7383,4.9060,1,23.604,33.669
1196,DATA_20260322_100000.BIN,13.2205,39.1804,6.1757,39.1804,2.2330,1,4.923,11.115
1197,DATA_20260322_100000.BIN,6.1757,18.9970,0.8525,18.9970,3.7840,1,0.484,1.707
1198,DATA_20260322_100000.BIN,1.1340,5.3014,0.6312,5.3014,1.0340,1,16.462,16.594
1199,DATA_20260322_100000.BIN,0.6312,5.5269,0.7247,5.5269,1.6390,1,6.389,8.578
1200,DATA_20260322_100000.BIN,0.7247,7.8197,1.3803,7.8197,2.6180,1,8.220,8.843
1201,DATA_20260322_100000.BIN,1.3803,6.7652,2.3300,6.7652,1.2870,1,4.300,5.925
1202,DATA_20260322_100000.BIN,0.3611,5.2621,1.2132,5.2621,2.4750,1,11.447,11.450
1203,DATA_20260322_100000.BIN,1.2132,4.8818,0.5458,4.8818,3.3330,1,7.982,8.207
1204,DATA_20260322_100000.BIN,0.5458,7.3450,0.5945,7.3450,1.3200,1,5.331,6.070
1205,DATA_20260322_100000.BIN,0.5945,5.4664,1.2808,5.4664,2.4530,1,5.947,6.228
1206,DATA_20260322_100000.BIN,2.6039,6.2447,2.3543,6.2447,1.1880,1,8.456,8.693
1207,DATA_20260322_100000.BIN,2.3543,5.3811,1.5994,5.3811,1.1990,1,6.452,6.456
1208,DATA_20260322_100000.BIN,1.0259,3.3049,1.0498,3.3049,1.2100,1,4.751,4.829
1209,DATA_20260322_100000.BIN,1.0498,3.9708,0.7008,3.9708,1.1550,1,6.439,6.439
1210,DATA_20260322_100000.BIN,1.4797,3.4790,1.2442,3.4790,1.1550,1,4.800,4.813
1211,DATA_20260322_100000.BIN,1.2442,4.6402,1.4636,4.6402,1.2650,1,1.934,2.131
1212,DATA_20260322_100000.BIN,1.2497,5.7393,1.2169,5.7393,1.2760,1,6.469,6.504
1213,DATA_20260322_100000.BIN,1.2169,7.2840,0.9420,7.2840,1.2100,1,8.464,8.686
1214,DATA_20260322_100000.BIN,0.9420,5.9715,1.1934,5.9715,1.1770,1,5.439,5.439
1215,DATA_20260322_100000.BIN,1.6507,5.7592,1.4198,5.7592,1.2650,1,4.857,4.999
1216,DATA_20260322_100000.BIN,1.4198,4.2159,1.1336,4.2159,1.1110,1,5.229,5.850
1217,DATA_20260322_100000.BIN,1.1336,4.8632,1.7376,4.8632,1.1770,1,3.952,4.185
1218,DATA_20260322_100000.BIN,1.7376,4.8823,0.2087,4.8823,1.0890,1,3.586,4.173
1219,DATA_20260322_100000.BIN,0.2087,3.3419,1.0708,3.3419,2.2880,1,5.321,5.410
1220,DATA_20260322_100000.BIN,0.4318,3.7342,0.4738,3.7342,1.1880,1,0.420,1.150
1221,DATA_20260322_100000.BIN,0.4738,5.0273,0.6692,5.0273,1.2320,1,1.022,1.175
1222,DATA_20260322_100000.BIN,0.6692,5.2907,1.2160,5.2907,1.1330,1,0.815,0.853
1223,DATA_20260322_100000.BIN,1.2160,3.8548,1.3564,3.8548,1.0780,1,2.389,2.746
1224,DATA_20260322_100000.BIN,1.3564,5.3484,0.4653,5.3484,1.2870,1,3.126,3.128
1225,DATA_20260322_100000.BIN,0.4653,6.6066,0.7512,6.6066,0.9350,1,1.691,2.546
1226,DATA_20260322_100000.BIN,0.7512,4.3203,1.9407,4.3203,3.0580,1,2.531,2.575
1227,DATA_20260322_100000.BIN,0.4278,3.1095,1.6023,3.1095,3.4980,1,2.363,2.412
1228,DATA_20260322_100000.BIN,1.6023,4.3137,1.1980,4.3137,1.0340,1,0.216,0.936
1229,DATA_20260322_100000.BIN,0.8988,5.6408,2.0867,5.6408,1.2100,1,0.913,1.037
1230,DATA_20260322_100000.BIN,2.0867,6.0477,1.8080,6.0477,1.1990,1,3.252,3.370
1231,DATA_20260322_100000.BIN,1.0096,5.3646,0.9661,5.3646,1.2650,1,1.155,1.165
1232,DATA_20260322_100000.BIN,0.9661,5.2704,1.9724,5.2704,1.0450,1,3.868,4.281
1233,DATA_20260322_100000.BIN,0.4911,4.2284,0.4696,4.2284,2.1340,1,3.145,4.010
1234,DATA_20260322_100000.BIN,0.4699,3.7608,0.3195,3.7608,2.2330,1,2.013,2.754
1235,DATA_20260322_100000.BIN,0.3195,2.3979,1.4638,2.3979,3.4320,1,1.462,1.868
1236,DATA_20260322_100000.BIN,0.8932,3.1105,0.5085,3.1105,2.4310,1,4.324,4.794
1237,DATA_20260322_100000.BIN,0.5085,3.3786,0.8568,3.3786,2.2330,1,1.668,1.677
1238,DATA_20260322_100000.BIN,1.3695,4.4205,1.9367,4.4205,1.2100,1,8.194,8.673
1239,DATA_20260322_100000.BIN,0.4695,3.2254,0.4769,3.2254,2.2880,1,4.408,5.090
1240,DATA_20260322_100000.BIN,0.4769,2.2687,0.7453,2.2687,1.2320,1,3.465,4.001
1241,DATA_20260322_100000.BIN,1.1099,4.8590,1.0835,4.8590,2.3100,1,4.345,4.626
1242,DATA_20260322_100000.BIN,1.0835,5.0412,0.4579,5.0412,1.1000,1,2.923,3.032
1243,DATA_20260322_100000.BIN,0.4579,3.8357,0.4231,3.8357,1.1770,1,2.577,2.987
1244,DATA_20260322_100000.BIN,1.2815,2.6392,0.8533,2.6392,1.1880,1,3.001,3.035
1245,DATA_20260322_100000.BIN,0.8533,2.6273,1.2650,2.6273,2.2770,1,0.909,0.922
1246,DATA_20260322_100000.BIN,0.6448,3.6654,0.1746,3.6654,1.5290,1,2.607,2.607
1247,DATA_20260322_100000.BIN,0.1746,4.5844,0.2082,4.5844,1.4190,1,4.194,5.104
1248,DATA_20260322_100000.BIN,0.3173,2.7033,0.4260,2.7033,2.3210,1,3.584,3.672
1249,DATA_20260322_100000.BIN,0.4260,2.4424,0.2761,2.4424,1.1330,1,2.420,2.438
1250,DATA_20260322_100000.BIN,0.6826,3.4144,1.8445,3.4144,2.2660,1,3.532,3.542
1251,DATA_20260322_100000.BIN,1.8445,2.9868,0.9737,2.9868,1.1550,1,6.354,6.438
1252,DATA_20260322_100000.BIN,0.9737,4.4709,0.7875,4.4709,1.1990,1,6.101,6.682
1253,DATA_20260322_100000.BIN,0.7875,3.2089,0.3169,3.2089,1.0340,1,2.789,3.110
1254,DATA_20260322_100000.BIN,0.3169,3.6436,1.0314,3.6436,1.1440,1,5.799,6.483
1255,DATA_20260322_100000.BIN,1.0314,4.5178,1.3385,4.5178,1.2650,1,2.080,2.116
1256,DATA_20260322_100000.BIN,1.3385,3.9325,0.7639,3.9325,1.1660,1,1.934,2.082
1257,DATA_20260322_100000.BIN,0.3223,2.7681,0.7705,2.7681,2.2550,1,2.416,2.416
1258,DATA_20260322_100000.BIN,0.7705,2.4429,0.1798,2.4429,1.1440,1,1.236,1.252
1259,DATA_20260322_100000.BIN,0.1798,4.0932,1.5325,4.0932,2.4420,1,3.814,4.075
1260,DATA_20260322_100000.BIN,1.6196,3.4194,1.8589,3.4194,2.3210,1,8.697,9.162
1261,DATA_20260322_100000.BIN,1.0133,2.3756,0.9705,2.3756,1.2210,1,1.954,2.182
1262,DATA_20260322_100000.BIN,0.9705,3.9906,0.8923,3.9906,2.4640,1,0.937,1.097
1263,DATA_20260322_100000.BIN,0.8923,3.0214,0.2390,3.0214,2.4750,1,0.922,1.108
1264,DATA_20260322_100000.BIN,0.2390,5.2806,0.6585,5.2806,2.6840,1,2.664,3.399
1265,DATA_20260322_100000.BIN,0.6585,8.8328,1.5566,8.8328,2.9040,1,7.471,7.776
1266,DATA_20260322_100000.BIN,1.5566,8.4519,2.2173,8.4519,2.8380,1,5.139,5.301
1267,DATA_20260322_100000.BIN,2.2173,11.7799,0.6216,11.7799,3.4540,1,6.293,7.976
1268,DATA_20260322_100000.BIN,0.6216,8.6551,1.4248,8.6551,2.3320,1,1.539,1.544
1269,DATA_20260322_100000.BIN,1.4248,7.6912,1.3878,7.6912,1.2540,1,3.812,3.940
1270,DATA_20260322_100000.BIN,1.3878,4.3641,1.2347,4.3641,1.1440,1,0.527,1.131
1271,DATA_20260322_100000.BIN,1.2347,3.5113,0.9341,3.5113,1.1880,1,2.330,2.472
1272,DATA_20260322_100000.BIN,0.9341,2.1820,0.6640,2.1820,3.5200,1,2.521,2.618
1273,DATA_20260322_100000.BIN,0.6640,3.3669,0.3535,3.3669,2.4310,1,2.349,2.563
1274,DATA_20260322_100000.BIN,0.2045,5.0389,1.1386,5.0389,1.2210,1,5.291,6.112
1275,DATA_20260322_100000.BIN,1.1386,4.0209,0.0736,4.0209,1.2320,1,1.844,1.845
1276,DATA_20260322_100000.BIN,0.0736,2.1817,0.4873,2.1817,1.1330,1,1.325,1.326
1277,DATA_20260322_100000.BIN,0.4873,3.6020,0.2353,3.6020,1.0780,1,2.045,2.050
1278,DATA_20260322_100000.BIN,0.3455,4.1105,1.5793,4.1105,1.2650,1,3.209,3.704
1279,DATA_20260322_100000.BIN,1.5793,3.5794,1.0168,3.5794,1.1220,1,1.455,1.754
1280,DATA_20260322_100000.BIN,1.0168,3.7884,0.7327,3.7884,1.2320,1,2.057,2.070
1281,DATA_20260322_100000.BIN,0.7327,2.7079,1.1982,2.7079,1.1440,1,2.088,2.116
1282,DATA_20260322_100000.BIN,2.1460,4.9134,2.1550,4.9134,1.3530,1,4.065,4.078
1283,DATA_20260322_100000.BIN,2.1550,4.8296,0.4270,4.8296,1.1770,1,1.265,2.891
1284,DATA_20260322_100000.BIN,0.4270,3.3466,0.7483,3.3466,1.2210,1,5.153,5.610
1285,DATA_20260322_100000.BIN,0.6970,3.3950,1.5311,3.3950,4.3450,1,5.787,5.974
1286,DATA_20260322_100000.BIN,1.2911,4.1546,1.8073,4.1546,1.1550,1,6.074,6.175
1287,DATA_20260322_100000.BIN,0.3691,5.6025,1.6627,5.6025,1.2760,1,3.068,3.202
1288,DATA_20260322_100000.BIN,1.6627,5.5281,1.5856,5.5281,1.1440,1,2.741,3.116
1289,DATA_20260322_100000.BIN,1.5856,6.1873,1.5086,6.1873,1.0230,1,0.273,1.313
1290,DATA_20260322_100000.BIN,1.5086,6.6280,2.9544,6.6280,1.1990,1,3.943,4.046
1291,DATA_20260322_100000.BIN,1.3327,3.6641,0.6138,3.6641,1.6830,1,8.551,9.682
1292,DATA_20260322_100000.BIN,0.6138,4.2900,1.6861,4.2900,1.0560,1,4.909,5.174
1293,DATA_20260322_100000.BIN,1.7816,4.3034,1.9016,4.3034,2.3210,1,6.090,7.540
1294,DATA_20260322_100000.BIN,1.9016,5.7768,0.8000,5.7768,1.1660,1,4.769,5.438
1295,DATA_20260322_100000.BIN,0.8000,5.2095,1.4049,5.2095,4.2350,1,3.221,3.333
1296,DATA_20260322_100000.BIN,1.9710,3.6713,0.9915,3.6713,1.2650,1,3.488,3.852
1297,DATA_20260322_100000.BIN,0.9730,3.3592,1.2903,3.3592,3.5970,1,2.235,2.434
1298,DATA_20260322_100000.BIN,0.8317,2.7732,1.0124,2.7732,1.1110,1,1.586,1.631
1299,DATA_20260322_100000.BIN,1.3738,3.7345,0.6701,3.7345,1.7820,1,2.042,2.054
1300,DATA_20260322_100000.BIN,1.6445,3.7754,1.6928,3.7754,3.4100,1,3.356,4.437
1301,DATA_20260322_100000.BIN,1.6928,4.0994,1.3002,4.0994,1.8590,1,2.626,3.504
1302,DATA_20260322_100000.BIN,1.3002,4.0841,1.3448,4.0841,1.2980,1,2.946,3.460
1303,DATA_20260322_100000.BIN,1.3448,3.7388,1.7143,3.7388,0.9680,1,2.925,3.047
1304,DATA_20260322_100000.BIN,1.7143,3.7512,2.0843,3.7512,1.5510,1,4.086,4.220
1305,DATA_20260322_100000.BIN,2.0843,3.6981,0.8993,3.6981,2.0130,1,1.794,3.166
1306,DATA_20260322_100000.BIN,1.3335,3.3424,1.1297,3.3424,2.3100,1,2.640,2.664
1307,DATA_20260322_100000.BIN,1.1297,3.5620,1.3052,3.5620,1.1550,1,0.447,1.386
1308,DATA_20260322_100000.BIN,1.3052,3.0761,0.9506,3.0761,1.1330,1,1.107,1.465
1309,DATA_20260322_100000.BIN,0.9506,4.1839,1.0643,4.1839,1.0890,1,0.677,0.752
1310,DATA_20260322_100000.BIN,1.0643,3.6487,1.2624,3.6487,1.1990,1,0.879,0.919
1311,DATA_20260322_100000.BIN,1.2624,3.9524,0.8789,3.9524,1.1990,1,0.594,1.330
1312,DATA_20260322_100000.BIN,1.2341,4.9209,1.1115,4.9209,2.3320,1,1.351,1.937
1313,DATA_20260322_100000.BIN,1.1115,3.6280,1.8671,3.6280,1.2210,1,2.081,2.083
1314,DATA_20260322_100000.BIN,1.8671,4.0069,1.3446,4.0069,1.1000,1,1.854,2.161
1315,DATA_20260322_100000.BIN,1.3446,3.0595,0.7651,3.0595,1.1660,1,0.947,1.032
1316,DATA_20260322_100000.BIN,0.7651,3.3454,1.1537,3.3454,1.2100,1,2.001,2.056
1317,DATA_20260322_100000.BIN,1.1537,3.3685,0.8067,3.3685,1.1660,1,1.170,1.257
1318,DATA_20260322_100000.BIN,0.7504,3.0377,1.0789,3.0377,1.2870,1,1.911,2.014
1319,DATA_20260322_100000.BIN,1.0789,3.8775,1.4941,3.8775,2.4640,1,0.486,0.488
1320,DATA_20260322_100000.BIN,1.5137,3.1928,0.8977,3.1928,1.1990,1,1.861,2.112
1321,DATA_20260322_100000.BIN,0.4883,14.2311,4.1950,14.2311,6.0280,1,3.496,3.833
1322,DATA_20260322_100000.BIN,4.1950,6.9633,3.3028,6.9633,1.0670,1,5.653,6.399
1323,DATA_20260322_100000.BIN,1.1812,3.4694,0.9997,3.4694,1.1660,1,1.369,1.375
1324,DATA_20260322_100000.BIN,1.6968,5.0041,1.7638,5.0041,1.2100,1,6.482,6.866
1325,DATA_20260322_100000.BIN,0.7518,4.7024,1.5943,4.7024,2.2440,1,1.543,1.691
1326,DATA_20260322_100000.BIN,1.5943,6.0703,2.3594,6.0703,9.8560,1,3.164,3.261
1327,DATA_20260322_100000.BIN,2.3594,4.7391,1.9312,4.7391,2.2330,1,4.486,4.490
1328,DATA_20260322_100000.BIN,1.9312,5.7619,1.1702,5.7619,1.4850,1,10.217,12.478
1329,DATA_20260322_100000.BIN,1.0034,4.6154,0.9056,4.6154,1.0670,1,8.386,9.667
1330,DATA_20260322_100000.BIN,0.9056,4.4139,1.3153,4.4139,1.0670,1,6.945,7.970
1331,DATA_20260322_100000.BIN,1.3153,4.6822,1.2255,4.6822,2.0900,1,4.951,6.007
1332,DATA_20260322_100000.BIN,0.8825,8.3840,3.8076,8.3840,1.7820,1,1.482,2.232
1333,DATA_20260322_100000.BIN,3.8076,28.5913,5.4210,28.5913,1.7710,1,7.183,7.282
1334,DATA_20260322_100000.BIN,5.4210,11.6579,5.0528,11.6579,1.6390,1,23.225,23.227
1335,DATA_20260322_100000.BIN,4.0737,28.1983,0.6851,28.1983,3.9490,1,14.986,15.620
1336,DATA_20260322_100000.BIN,0.6851,2.9325,1.5522,2.9325,1.9250,1,4.359,4.656
1337,DATA_20260322_100000.BIN,0.5862,3.3725,1.6057,3.3725,2.2990,1,3.585,3.596
1338,DATA_20260322_100000.BIN,1.6057,3.1116,0.1947,3.1116,3.0580,1,5.200,6.125
1339,DATA_20260322_100000.BIN,1.1836,4.2940,2.2632,4.2940,1.0780,1,4.333,4.842
1340,DATA_20260322_100000.BIN,2.2632,4.7956,2.1874,4.7956,1.0890,1,3.797,4.999
1341,DATA_20260322_100000.BIN,2.1874,4.8291,0.8789,4.8291,1.9910,1,3.567,4.678
1342,DATA_20260322_100000.BIN,0.1235,3.3324,1.7334,3.3324,1.2650,1,2.902,3.222
1343,DATA_20260322_100000.BIN,1.7334,3.4345,0.5834,3.4345,1.8260,1,3.149,3.506
1344,DATA_20260322_100000.BIN,0.5834,6.0062,0.1786,6.0062,6.3580,1,1.810,2.622
1345,DATA_20260322_100000.BIN,1.8102,4.3945,1.3841,4.3945,3.0910,1,3.804,4.155
1346,DATA_20260322_100000.BIN,1.0060,2.8354,1.3270,2.8354,4.1910,1,2.203,2.484
1347,DATA_20260322_100000.BIN,1.6590,4.8569,1.1099,4.8569,2.5080,1,8.565,9.880
1348,DATA_20260322_100000.BIN,1.9783,5.7130,1.3659,5.7130,1.0230,1,7.308,7.985
1349,DATA_20260322_100000.BIN,1.3659,6.5901,0.6957,6.5901,1.0230,1,6.141,7.481
1350,DATA_20260322_100000.BIN,0.6957,4.9668,1.2967,4.9668,1.2980,1,1.965,1.975
1351,DATA_20260322_100000.BIN,1.2967,5.5510,1.6462,5.5510,2.9370,1,5.435,5.436
1352,DATA_20260322_100000.BIN,1.6462,4.8939,1.4782,4.8939,1.1990,1,2.844,2.844
1353,DATA_20260322_100000.BIN,0.5841,6.1471,0.9514,6.1471,5.3130,1,3.460,3.827
1354,DATA_20260322_100000.BIN,0.1499,4.2133,0.2040,4.2133,5.2030,1,1.988,2.005
1355,DATA_20260322_100000.BIN,1.6379,2.8198,1.5874,2.8198,1.3200,1,2.647,2.838
1356,DATA_20260322_100000.BIN,0.5641,10.4627,1.6999,10.4627,6.2370,1,3.735,4.226
1357,DATA_20260322_100000.BIN,1.6999,3.7779,1.5725,3.7779,2.2660,1,6.652,6.991
1358,DATA_20260322_100000.BIN,1.5725,4.6359,0.2046,4.6359,4.1580,1,2.888,3.997
1359,DATA_20260322_100000.BIN,0.2046,3.2940,1.2741,3.2940,1.9690,1,2.221,2.276
1360,DATA_20260322_100000.BIN,1.2741,4.3942,1.5622,4.3942,2.0240,1,2.821,3.053
1361,DATA_20260322_100000.BIN,1.5622,3.6155,0.2085,3.6155,1.3420,1,5.696,6.316
1362,DATA_20260322_100000.BIN,0.2085,3.7303,0.9513,3.7303,3.0580,1,2.424,2.433
1363,DATA_20260322_100000.BIN,2.1809,7.6293,0.6404,7.6293,1.2650,1,10.316,10.781
1364,DATA_20260322_100000.BIN,0.6404,8.4876,2.6861,8.4876,1.2650,1,2.625,3.161
1365,DATA_20260322_100000.BIN,2.6861,6.5746,1.1475,6.5746,1.0890,1,11.474,11.705
1366,DATA_20260322_100000.BIN,1.1475,6.7493,1.9954,6.7493,1.1220,1,4.808,5.001
1367,DATA_20260322_100000.BIN,1.9954,8.6742,0.4444,8.6742,1.3750,1,6.350,6.435
1368,DATA_20260322_100000.BIN,0.4444,4.2050,1.4533,4.2050,1.0670,1,0.970,1.029
1369,DATA_20260322_100000.BIN,1.4533,5.7517,0.6485,5.7517,1.2100,1,5.837,6.077
1370,DATA_20260322_100000.BIN,0.6485,6.0239,1.6682,6.0239,1.1110,1,6.631,7.373
1371,DATA_20260322_100000.BIN,3.6672,8.0930,6.3417,8.0930,1.3640,1,8.735,8.736
1372,DATA_20260322_100000.BIN,6.3417,27.4238,2.7854,27.4238,2.6840,1,12.305,12.335
1373,DATA_20260322_100000.BIN,1.3914,4.2663,2.0554,4.2663,2.5740,1,6.419,6.425
1374,DATA_20260322_100000.BIN,2.0554,8.6587,0.6478,8.6587,2.0570,1,9.339,9.745
1375,DATA_20260322_100000.BIN,0.6478,7.9648,1.1543,7.9648,1.0890,1,7.180,7.302
1376,DATA_20260322_100000.BIN,1.1543,16.8720,4.2319,16.8720,2.7830,1,19.300,20.462
1377,DATA_20260322_100000.BIN,2.5903,21.2595,10.5637,21.2595,3.8280,1,3.838,5.732
1378,DATA_20260322_100000.BIN,2.0645,5.7290,2.2976,5.7290,2.6620,1,5.627,5.774
1379,DATA_20260322_100000.BIN,0.5266,4.7202,1.6003,4.7202,1.1880,1,5.425,6.416
1380,DATA_20260322_100000.BIN,1.6003,7.3288,0.9933,7.3288,1.5950,1,9.341,10.486
1381,DATA_20260322_100000.BIN,0.9933,5.5812,1.5077,5.5812,1.1110,1,3.817,4.460
1382,DATA_20260322_100000.BIN,1.5077,4.9488,1.6299,4.9488,1.0560,1,4.366,6.090
1383,DATA_20260322_100000.BIN,1.6299,13.5735,0.4861,13.5735,3.5530,1,6.499,7.282
1384,DATA_20260322_100000.BIN,0.4861,4.6610,2.4291,4.6610,1.2540,1,4.639,5.152
1385,DATA_20260322_100000.BIN,2.4291,5.2762,0.6365,5.2762,2.8600,1,2.600,4.597
1386,DATA_20260322_100000.BIN,0.6365,7.1078,3.3374,7.1078,1.3860,1,3.052,3.785
1387,DATA_20260322_100000.BIN,3.3374,14.5246,3.1876,14.5246,2.3760,1,6.755,7.844
1388,DATA_20260322_100000.BIN,3.1876,11.0270,1.1096,11.0270,2.7830,1,8.509,8.514
1389,DATA_20260322_100000.BIN,1.1096,6.5308,1.1824,6.5308,3.1020,1,13.584,15.396
1390,DATA_20260322_100000.BIN,1.1824,11.1150,0.9462,11.1150,2.2990,1,5.888,6.417
1391,DATA_20260322_100000.BIN,0.7468,4.5073,1.7418,4.5073,4.4330,1,8.772,9.465
1392,DATA_20260322_100000.BIN,1.7418,6.1715,1.5029,6.1715,3.4650,1,8.624,8.873
1393,DATA_20260322_100000.BIN,1.5029,4.3090,2.1633,4.3090,3.0140,1,9.746,11.353
1394,DATA_20260322_100000.BIN,2.1633,4.7906,1.6683,4.7906,1.1440,1,10.120,11.923
1395,DATA_20260322_100000.BIN,1.7100,4.9186,1.4323,4.9186,1.1330,1,4.737,5.510
1396,DATA_20260322_100000.BIN,1.4323,3.9417,1.6902,3.9417,2.0020,1,3.227,3.233
1397,DATA_20260322_100000.BIN,1.6902,4.8078,1.4880,4.8078,2.0240,1,2.946,3.045
1398,DATA_20260322_100000.BIN,1.4880,4.9018,1.3268,4.9018,1.0670,1,3.136,3.245
1399,DATA_20260322_100000.BIN,1.3268,4.8129,1.5189,4.8129,0.9460,1,2.287,2.389
1400,DATA_20260322_100000.BIN,1.5189,6.0900,2.3392,6.0900,1.1110,1,3.458,4.013
1401,DATA_20260322_100000.BIN,2.3392,5.2501,0.8475,5.2501,1.0670,1,2.764,2.946
1402,DATA_20260322_100000.BIN,1.8545,6.9228,1.6782,6.9228,1.1220,1,3.808,4.373
1403,DATA_20260322_100000.BIN,1.6782,5.2771,1.0251,5.2771,1.0890,1,2.172,2.186
1404,DATA_20260322_100000.BIN,1.0251,4.2768,0.9382,4.2768,1.0560,1,2.162,2.196
1405,DATA_20260322_100000.BIN,0.9382,4.5602,0.6801,4.5602,1.0120,1,1.685,1.692
1406,DATA_20260322_100000.BIN,0.6801,3.3433,0.3373,3.3433,1.1880,1,1.660,1.666
1407,DATA_20260322_100000.BIN,0.3373,5.7440,1.1880,5.7440,2.0570,1,4.389,4.474
1408,DATA_20260322_100000.BIN,1.1880,5.2124,1.4642,5.2124,1.8700,1,1.572,1.613
1409,DATA_20260322_100000.BIN,1.4642,6.5155,0.9784,6.5155,1.0230,1,1.957,2.549
1410,DATA_20260322_100000.BIN,0.9784,5.3973,1.0497,5.3973,1.0230,1,1.148,1.254
1411,DATA_20260322_100000.BIN,1.0497,5.3118,3.7200,5.3118,0.9460,1,1.763,2.740
1412,DATA_20260322_100000.BIN,3.7200,6.0470,0.4985,6.0470,2.1450,1,2.450,5.582
1413,DATA_20260322_100000.BIN,0.4985,6.5404,3.0436,6.5404,1.0340,1,3.966,4.120
1414,DATA_20260322_100000.BIN,3.0436,7.3200,0.7625,7.3200,2.1010,1,4.119,4.606
1415,DATA_20260322_100000.BIN,1.7080,7.2869,3.6467,7.2869,1.7930,1,9.780,10.165
1416,DATA_20260322_100000.BIN,1.9642,4.8523,0.1264,4.8523,1.0230,1,3.749,5.509
1417,DATA_20260322_100000.BIN,0.1264,3.7506,0.6549,3.7506,0.9790,1,5.198,5.627
1418,DATA_20260322_100000.BIN,0.6549,4.0297,0.3514,4.0297,1.0120,1,1.248,1.535
1419,DATA_20260322_100000.BIN,0.3514,3.9830,0.2034,3.9830,2.1340,1,2.567,2.618
1420,DATA_20260322_100000.BIN,0.2034,4.4935,1.1938,4.4935,1.9800,1,3.416,3.537
1421,DATA_20260322_100000.BIN,1.1938,5.2342,0.3092,5.2342,2.0130,1,2.804,2.919
1422,DATA_20260322_100000.BIN,0.3092,4.4713,1.8104,4.4713,1.1770,1,1.923,1.950
1423,DATA_20260322_100000.BIN,0.2108,4.3955,1.9107,4.3955,1.8370,1,4.693,5.143
1424,DATA_20260322_100000.BIN,1.9107,6.8721,0.7131,6.8721,1.3200,1,5.584,7.209
1425,DATA_20260322_100000.BIN,0.3859,4.0520,0.4299,4.0520,1.0230,1,0.264,0.403
1426,DATA_20260322_100000.BIN,0.4299,5.5926,0.9893,5.5926,1.1330,1,0.396,0.583
1427,DATA_20260322_100000.BIN,1.1358,5.0443,0.0779,5.0443,3.1680,1,8.258,9.798
1428,DATA_20260322_100000.BIN,1.6917,3.6530,0.1934,3.6530,1.1990,1,8.520,10.413
1429,DATA_20260322_100000.BIN,1.2718,3.6323,0.6152,3.6323,1.1440,1,2.100,3.567
1430,DATA_20260322_100000.BIN,0.5271,5.5120,1.4109,5.5120,2.0680,1,1.349,1.434
1431,DATA_20260322_100000.BIN,1.4109,5.0719,0.7561,5.0719,0.9680,1,2.842,3.424
1432,DATA_20260322_100000.BIN,0.7561,5.1548,0.4509,5.1548,1.1770,1,3.031,3.744
1433,DATA_20260322_100000.BIN,0.4509,5.2348,1.5476,5.2348,4.0700,1,0.571,0.623
1434,DATA_20260322_100000.BIN,1.5476,5.1731,0.8090,5.1731,1.1330,1,2.794,3.597
1435,DATA_20260322_100000.BIN,0.8090,4.6461,1.3064,4.6461,1.7270,1,3.350,3.750
1436,DATA_20260322_100000.BIN,1.3064,4.8054,0.5809,4.8054,4.4110,1,5.310,6.646
1437,DATA_20260322_100000.BIN,0.5809,6.1037,1.1545,6.1037,3.4650,1,2.422,2.423
1438,DATA_20260322_100000.BIN,0.7242,5.0542,0.9870,5.0542,1.0120,1,3.082,3.111
1439,DATA_20260322_100000.BIN,0.9870,7.3651,1.4175,7.3651,1.2760,1,3.196,3.227
1440,DATA_20260322_100000.BIN,1.6102,6.1666,1.9451,6.1666,1.2210,1,3.981,4.036
1441,DATA_20260322_100000.BIN,1.9451,5.5252,0.8377,5.5252,1.0780,1,3.038,3.216
1442,DATA_20260322_100000.BIN,0.8377,4.8112,0.9655,4.8112,1.0230,1,2.000,2.103
1443,DATA_20260322_100000.BIN,0.9655,6.5234,1.5773,6.5234,1.1990,1,2.410,2.561
1444,DATA_20260322_100000.BIN,1.3124,5.3020,1.1785,5.3020,1.1770,1,1.902,2.561
1445,DATA_20260322_100000.BIN,1.0735,5.0864,1.0306,5.0864,1.1110,1,1.833,1.846
1446,DATA_20260322_100000.BIN,1.0306,5.2335,1.2348,5.2335,1.0670,1,1.900,2.015
1447,DATA_20260322_100000.BIN,1.2348,4.5111,1.0880,4.5111,1.0340,1,2.168,2.197
1448,DATA_20260322_100000.BIN,1.0880,5.0358,2.0811,5.0358,2.3210,1,1.664,1.664
1449,DATA_20260322_100000.BIN,2.0811,5.1091,1.6226,5.1091,2.2550,1,2.197,3.080
1450,DATA_20260322_100000.BIN,1.6226,5.5385,0.6655,5.5385,1.1550,1,0.137,1.810
1451,DATA_20260322_100000.BIN,0.6655,3.3683,1.1635,3.3683,1.0450,1,4.860,5.480
1452,DATA_20260322_100000.BIN,0.2481,4.1961,1.3284,4.1961,3.1350,1,6.297,6.987
1453,DATA_20260322_100000.BIN,1.3284,4.4688,0.7188,4.4688,1.1220,1,4.783,4.809
1454,DATA_20260322_100000.BIN,0.7188,4.1183,0.4489,4.1183,1.1990,1,3.129,3.334
1455,DATA_20260322_100000.BIN,0.4489,4.8533,0.8868,4.8533,3.1460,1,5.974,6.480
1456,DATA_20260322_100000.BIN,1.2441,4.2144,1.1645,4.2144,1.0560,1,3.576,3.580
1457,DATA_20260322_100000.BIN,1.1645,4.5034,0.8692,4.5034,1.1440,1,3.377,3.379
1458,DATA_20260322_100000.BIN,2.0706,5.6412,2.4319,5.6412,1.0780,1,3.958,4.620
1459,DATA_20260322_100000.BIN,2.4319,5.2551,1.5320,5.2551,1.0780,1,4.209,4.673
1460,DATA_20260322_100000.BIN,1.5320,5.7868,0.8811,5.7868,1.1990,1,5.331,5.628
1461,DATA_20260322_100000.BIN,0.6037,3.8602,1.2800,3.8602,1.9140,1,3.472,4.194
1462,DATA_20260322_100000.BIN,1.8404,5.4514,1.5518,5.4514,1.1550,1,2.677,3.009
1463,DATA_20260322_100000.BIN,1.5518,5.1481,1.0356,5.1481,2.1560,1,3.141,3.456
1464,DATA_20260322_100000.BIN,1.0356,4.6049,0.5772,4.6049,1.2100,1,2.044,2.144
1465,DATA_20260322_100000.BIN,0.8141,3.4069,1.0718,3.4069,1.0780,1,0.620,0.676
1466,DATA_20260322_100000.BIN,1.3384,6.1393,0.9682,6.1393,1.0010,1,2.504,2.729
1467,DATA_20260322_100000.BIN,0.9682,6.2552,0.8409,6.2552,1.1000,1,0.795,1.051
1468,DATA_20260322_100000.BIN,0.8409,5.2564,1.6275,5.2564,1.1000,1,2.276,2.483
1469,DATA_20260322_100000.BIN,1.6275,4.9504,1.3171,4.9504,1.0340,1,1.995,2.351
1470,DATA_20260322_100000.BIN,1.3171,5.6187,1.1196,5.6187,1.0340,1,1.490,1.529
1471,DATA_20260322_100000.BIN,1.1196,4.3025,0.7772,4.3025,1.1330,1,0.924,1.274
1472,DATA_20260322_100000.BIN,0.7772,3.9137,1.0491,3.9137,1.0010,1,1.743,1.903
1473,DATA_20260322_100000.BIN,1.0491,4.5713,1.0889,4.5713,1.0120,1,1.853,2.208
1474,DATA_20260322_100000.BIN,1.0889,5.6141,1.3393,5.6141,1.1770,1,4.200,4.217
1475,DATA_20260322_100000.BIN,1.3393,4.2581,1.2885,4.2581,1.0780,1,2.229,2.426
1476,DATA_20260322_100000.BIN,1.4709,9.6530,3.6680,9.6530,1.9800,1,1.532,1.574
1477,DATA_20260322_100000.BIN,3.6680,9.2438,2.1180,9.2438,2.1890,1,4.011,5.059
1478,DATA_20260322_100000.BIN,2.1180,5.8361,1.7258,5.8361,0.9680,1,1.703,3.237
1479,DATA_20260322_100000.BIN,1.7258,6.4868,1.8923,6.4868,1.1220,1,2.088,2.094
1480,DATA_20260322_100000.BIN,0.3615,4.4061,2.1689,4.4061,4.0590,1,6.344,6.703
1481,DATA_20260322_100000.BIN,2.3413,4.8841,0.5416,4.8841,1.2320,1,2.053,3.158
1482,DATA_20260322_100000.BIN,0.5416,4.6288,0.9077,4.6288,3.0690,1,2.926,3.028
1483,DATA_20260322_100000.BIN,0.9077,4.4270,0.7190,4.4270,1.1770,1,0.738,0.776
1484,DATA_20260322_100000.BIN,0.7190,4.6899,0.5797,4.6899,2.0680,1,3.325,3.389
1485,DATA_20260322_100000.BIN,0.5797,4.0642,0.7129,4.0642,2.1010,1,1.472,1.485
1486,DATA_20260322_100000.BIN,0.8517,3.6721,0.7801,3.6721,1.0780,1,1.361,1.408
1487,DATA_20260322_100000.BIN,0.7801,3.7071,0.9217,3.7071,1.0670,1,1.356,1.523
1488,DATA_20260322_100000.BIN,0.9217,3.5369,1.2614,3.5369,1.0010,1,3.464,3.586
1489,DATA_20260322_100000.BIN,1.2614,4.7368,0.5518,4.7368,1.1770,1,1.788,1.843
1490,DATA_20260322_100000.BIN,0.5518,3.2317,0.4328,3.2317,2.1780,1,3.345,3.456
1491,DATA_20260322_100000.BIN,0.4328,4.5074,0.9848,4.5074,4.1800,1,1.940,2.072
1492,DATA_20260322_100000.BIN,0.9848,3.5921,0.6843,3.5921,1.0780,1,4.758,4.869
1493,DATA_20260322_100000.BIN,0.6843,4.2917,1.2689,4.2917,4.1800,1,2.426,2.629
1494,DATA_20260322_100000.BIN,0.9940,24.9060,0.6771,24.9060,6.7100,1,1.930,2.274
1495,DATA_20260322_100000.BIN,0.6771,2.8862,1.4982,2.8862,2.4200,1,3.136,3.150
1496,DATA_20260322_100000.BIN,1.4982,8.6843,0.8534,8.6843,2.6620,1,5.912,5.973
1497,DATA_20260322_100000.BIN,1.2625,3.8962,1.1807,3.8962,1.1440,1,4.210,4.214
1498,DATA_20260322_100000.BIN,1.1807,5.1631,1.6967,5.1631,2.2550,1,3.359,3.427
1499,DATA_20260322_100000.BIN,1.6967,5.1503,0.4758,5.1503,1.0010,1,4.215,4.957
1500,DATA_20260322_100000.BIN,0.4758,5.2818,1.6133,5.2818,1.1660,1,1.967,2.025
1501,DATA_20260322_100000.BIN,1.4399,5.6609,1.5933,5.6609,1.1660,1,3.364,3.385
1502,DATA_20260322_100000.BIN,1.5933,4.8589,1.2017,4.8589,0.9790,1,2.300,2.778
1503,DATA_20260322_100000.BIN,0.5402,3.3305,0.8841,3.3305,2.1010,1,0.917,0.968
1504,DATA_20260322_100000.BIN,0.8841,4.1333,1.1569,4.1333,1.0450,1,2.168,2.507
1505,DATA_20260322_100000.BIN,1.1569,4.1220,1.5875,4.1220,2.0460,1,1.971,2.193
1506,DATA_20260322_100000.BIN,1.5875,4.0706,1.5494,4.0706,1.2540,1,2.614,2.923
1507,DATA_20260322_100000.BIN,1.4899,5.1922,0.9603,5.1922,1.1220,1,2.913,3.250
1508,DATA_20260322_100000.BIN,1.6929,3.5789,0.4059,3.5789,1.9800,1,2.059,2.252
1509,DATA_20260322_100000.BIN,1.0647,4.8172,1.5330,4.8172,1.1000,1,1.536,1.556
1510,DATA_20260322_100000.BIN,1.5330,5.2551,2.6319,5.2551,2.0790,1,3.205,3.205
1511,DATA_20260322_100000.BIN,2.6319,6.0553,1.0911,6.0553,2.4970,1,4.150,4.797
1512,DATA_20260322_100000.BIN,0.6839,8.6465,3.3561,8.6465,1.9030,1,8.365,9.033
1513,DATA_20260322_100000.BIN,3.3561,8.5427,3.4066,8.5427,1.1110,1,6.427,6.708
1514,DATA_20260322_100000.BIN,3.4066,7.8252,0.6152,7.8252,1.1990,1,5.539,5.866
1515,DATA_20260322_100000.BIN,0.6152,5.4759,1.6686,5.4759,1.9140,1,6.026,6.836
1516,DATA_20260322_100000.BIN,1.6686,5.8007,1.0347,5.8007,1.1550,1,3.615,5.439
1517,DATA_20260322_100000.BIN,1.0347,4.5093,1.0367,4.5093,2.1010,1,0.905,1.098
1518,DATA_20260322_100000.BIN,1.0568,3.0046,1.4967,3.0046,1.1880,1,6.952,7.516
1519,DATA_20260322_100000.BIN,1.4967,3.6561,0.2951,3.6561,1.0890,1,4.436,4.466
1520,DATA_20260322_100000.BIN,0.2951,2.5605,0.4735,2.5605,1.0450,1,6.191,6.711
1521,DATA_20260322_100000.BIN,0.4735,4.3329,0.2782,4.3329,1.1440,1,0.775,0.796
1522,DATA_20260322_100000.BIN,0.2782,3.3271,1.1745,3.3271,1.0450,1,2.288,2.368
1523,DATA_20260322_100000.BIN,1.1745,6.5091,3.0222,6.5091,1.1550,1,3.636,3.704
1524,DATA_20260322_100000.BIN,3.0222,6.3891,1.8544,6.3891,1.1770,1,6.301,6.317
1525,DATA_20260322_100000.BIN,1.8544,4.3955,1.1004,4.3955,1.0890,1,1.413,2.517
1526,DATA_20260322_100000.BIN,1.1004,4.6183,1.2044,4.6183,1.1220,1,2.338,2.840
1527,DATA_20260322_100000.BIN,1.3962,3.2437,0.9991,3.2437,1.0230,1,4.918,4.929
1528,DATA_20260322_100000.BIN,0.9991,5.4349,2.7358,5.4349,1.2100,1,1.398,1.400
1529,DATA_20260322_100000.BIN,2.7358,4.6934,0.0562,4.6934,1.1330,1,0.242,2.683
1530,DATA_20260322_100000.BIN,0.0562,3.6575,1.4432,3.6575,1.0670,1,2.933,2.967
1531,DATA_20260322_100000.BIN,2.5835,4.6448,0.7900,4.6448,1.1770,1,2.789,3.042
1532,DATA_20260322_100000.BIN,0.7900,3.7160,0.7864,3.7160,1.0780,1,3.749,3.784
1533,DATA_20260322_100000.BIN,0.7864,3.9440,0.4196,3.9440,1.1440,1,3.330,3.430
1534,DATA_20260322_100000.BIN,0.4196,4.5466,0.8809,4.5466,1.1880,1,2.021,2.115
1535,DATA_20260322_100000.BIN,0.8809,4.0426,0.3800,4.0426,1.1110,1,4.558,4.843
1536,DATA_20260322_100000.BIN,0.3800,3.9473,1.0998,3.9473,1.0560,1,0.801,1.064
1537,DATA_20260322_100000.BIN,1.0998,5.1593,3.4547,5.1593,1.1220,1,1.665,1.666
1538,DATA_20260322_100000.BIN,3.4547,6.1132,2.5921,6.1132,1.1770,1,5.039,5.204
1539,DATA_20260322_100000.BIN,2.5921,5.4485,1.5957,5.4485,1.1660,1,3.819,3.853
1540,DATA_20260322_100000.BIN,1.5957,4.0737,0.8423,4.0737,1.0010,1,2.871,2.885
1541,DATA_20260322_100000.BIN,0.8423,5.7532,0.9831,5.7532,1.1440,1,1.893,2.243
1542,DATA_20260322_100000.BIN,0.9831,4.0787,0.9333,4.0787,1.0780,1,1.422,1.507
1543,DATA_20260322_100000.BIN,0.9333,5.1345,2.3550,5.1345,1.0340,1,0.557,0.577
1544,DATA_20260322_100000.BIN,2.3550,5.4572,1.8684,5.4572,1.1330,1,3.188,3.207
1545,DATA_20260322_100000.BIN,1.8684,4.9759,0.6351,4.9759,1.0560,1,0.916,1.130
1546,DATA_20260322_100000.BIN,0.6351,4.1921,0.3823,4.1921,1.1110,1,1.127,1.175
1547,DATA_20260322_100000.BIN,0.3823,3.3841,1.1145,3.3841,3.1790,1,1.602,1.901
1548,DATA_20260322_100000.BIN,1.1145,9.6859,4.4517,9.6859,2.2000,1,1.460,2.818
1549,DATA_20260322_100000.BIN,4.4517,8.6511,3.4441,8.6511,1.1330,1,9.582,12.620
1550,DATA_20260322_100000.BIN,3.4441,5.5258,3.0134,5.5258,1.0230,1,13.307,13.825
1551,DATA_20260322_100000.BIN,3.0134,11.8843,2.6130,11.8843,2.6180,1,5.765,5.858
1552,DATA_20260322_100000.BIN,2.6130,5.7451,1.2318,5.7451,0.9790,1,5.407,7.903
1553,DATA_20260322_100000.BIN,1.2318,4.5531,1.8588,4.5531,1.0010,1,2.639,4.303
1554,DATA_20260322_100000.BIN,1.8588,8.6147,2.1725,8.6147,1.9250,1,3.733,4.357
1555,DATA_20260322_100000.BIN,2.1725,8.1362,1.5120,8.1362,1.0560,1,8.099,8.175
1556,DATA_20260322_100000.BIN,1.5120,6.3095,1.2630,6.3095,0.9570,1,4.209,4.314
1557,DATA_20260322_100000.BIN,1.2630,5.9931,0.6755,5.9931,1.0780,1,5.614,5.880
1558,DATA_20260322_100000.BIN,0.6755,4.5383,0.8875,4.5383,0.9900,1,1.820,1.863
1559,DATA_20260322_100000.BIN,0.8875,5.3006,1.0035,5.3006,0.9900,1,3.436,4.346
1560,DATA_20260322_100000.BIN,1.0035,6.9710,0.7322,6.9710,1.0670,1,3.423,3.703
1561,DATA_20260322_100000.BIN,1.3241,7.3631,0.4654,7.3631,1.0670,1,3.430,3.459
1562,DATA_20260322_100000.BIN,0.4654,6.7750,1.0137,6.7750,1.0560,1,3.989,4.675
1563,DATA_20260322_100000.BIN,1.0137,4.2300,1.8422,4.2300,1.9470,1,1.596,1.596
1564,DATA_20260322_100000.BIN,1.8422,6.2749,1.5132,6.2749,1.0780,1,4.264,5.176
1565,DATA_20260322_100000.BIN,1.5132,6.7164,1.2229,6.7164,1.0780,1,4.771,4.810
1566,DATA_20260322_100000.BIN,1.2229,5.9433,0.9945,5.9433,0.9240,1,3.121,3.165
1567,DATA_20260322_100000.BIN,0.9945,6.5191,0.5845,6.5191,1.1000,1,2.514,3.414
1568,DATA_20260322_100000.BIN,0.5845,5.3807,0.7091,5.3807,1.0340,1,4.933,5.278
1569,DATA_20260322_100000.BIN,0.7091,6.5428,1.1536,6.5428,0.9240,1,1.816,2.756
1570,DATA_20260322_100000.BIN,1.1536,9.9718,0.7226,9.9718,1.1110,1,2.644,2.649
1571,DATA_20260322_100000.BIN,0.7226,7.5613,0.4442,7.5613,1.0340,1,4.406,4.649
1572,DATA_20260322_100000.BIN,0.4442,5.8372,0.4999,5.8372,1.1110,1,0.518,0.519
1573,DATA_20260322_100000.BIN,0.4999,4.2491,0.9282,4.2491,0.9790,1,4.043,4.184
1574,DATA_20260322_100000.BIN,0.9282,4.3394,0.8116,4.3394,1.0450,1,0.452,1.537
1575,DATA_20260322_100000.BIN,0.8116,7.6759,5.1761,7.6759,1.7490,1,1.454,1.508
1576,DATA_20260322_100000.BIN,5.1761,7.4197,4.8918,7.4197,2.3980,1,15.757,18.102
1577,DATA_20260322_100000.BIN,4.8918,8.2863,1.4757,8.2863,2.3980,1,5.792,9.100
1578,DATA_20260322_100000.BIN,0.2683,4.1042,0.2648,4.1042,2.4750,1,5.585,5.757
1579,DATA_20260322_100000.BIN,0.2648,4.9789,0.7295,4.9789,1.0120,1,3.396,3.775
1580,DATA_20260322_100000.BIN,0.9526,3.2355,1.1799,3.2355,1.7490,1,5.011,5.013
1581,DATA_20260322_100000.BIN,2.0091,3.9993,0.4057,3.9993,3.1680,1,1.653,4.031
1582,DATA_20260322_100000.BIN,0.2418,3.5908,0.8126,3.5908,2.9370,1,2.391,2.465
1583,DATA_20260322_100000.BIN,0.8126,3.7274,0.9542,3.7274,1.1330,1,5.270,5.587
1584,DATA_20260322_100000.BIN,0.9542,3.4828,0.4922,3.4828,1.2430,1,3.948,4.046
1585,DATA_20260322_100000.BIN,0.6579,4.0651,2.2618,4.0651,3.3660,1,3.991,4.761
1586,DATA_20260322_100000.BIN,0.7478,6.6046,0.5547,6.6046,5.1040,1,11.033,12.430
1587,DATA_20260322_100000.BIN,1.3452,4.4445,0.2527,4.4445,2.0350,1,2.778,4.290
1588,DATA_20260322_100000.BIN,2.3188,4.1740,1.6646,4.1740,2.1560,1,3.284,5.560
1589,DATA_20260322_100000.BIN,2.1022,4.4660,0.6876,4.4660,1.1660,1,6.907,7.027
1590,DATA_20260322_100000.BIN,0.7611,4.1572,1.1312,4.1572,1.1000,1,1.217,2.270
1591,DATA_20260322_100000.BIN,1.6647,4.5766,1.5172,4.5766,3.1020,1,4.023,4.322
1592,DATA_20260322_100000.BIN,1.5172,4.0524,1.6723,4.0524,2.5190,1,2.440,2.649
1593,DATA_20260322_100000.BIN,1.6723,4.1348,1.5734,4.1348,2.8930,1,3.245,3.282
1594,DATA_20260322_100000.BIN,1.5905,4.0607,1.7026,4.0607,1.1330,1,2.984,2.994
1595,DATA_20260322_100000.BIN,1.6128,4.2238,1.5413,4.2238,2.3100,1,2.378,2.738
1596,DATA_20260322_100000.BIN,1.5413,5.0777,1.6366,5.0777,1.1550,1,1.614,1.772
1597,DATA_20260322_100000.BIN,1.3258,4.8892,2.1616,4.8892,1.1550,1,0.926,1.241
1598,DATA_20260322_100000.BIN,2.1616,5.2333,2.3680,5.2333,1.9360,1,1.845,2.999
1599,DATA_20260322_100000.BIN,2.3680,4.7517,1.8160,4.7517,1.3530,1,1.072,3.069
1600,DATA_20260322_100000.BIN,0.4178,5.7377,2.0698,5.7377,1.1000,1,1.289,1.343
1601,DATA_20260322_100000.BIN,2.0698,9.2416,3.8231,9.2416,2.6400,1,9.344,11.296
1602,DATA_20260322_100000.BIN,3.8231,7.8946,1.5902,7.8946,1.1330,1,6.246,6.323
1603,DATA_20260322_100000.BIN,1.5902,5.0879,1.2029,5.0879,1.0450,1,0.813,2.027
1604,DATA_20260322_100000.BIN,1.2029,4.2095,1.7195,4.2095,1.1000,1,3.716,3.732
1605,DATA_20260322_100000.BIN,1.7195,7.1793,0.8173,7.1793,1.1770,1,4.292,4.483
1606,DATA_20260322_100000.BIN,0.8173,4.7653,0.1494,4.7653,2.9590,1,1.379,1.810
1607,DATA_20260322_100000.BIN,0.1494,6.0976,1.0434,6.0976,4.8290,1,2.567,2.623
1608,DATA_20260322_100000.BIN,1.0434,9.4364,1.6366,9.4364,1.7600,1,14.542,16.205
1609,DATA_20260322_100000.BIN,1.6366,5.1813,0.5931,5.1813,1.0780,1,4.077,4.081
1610,DATA_20260322_100000.BIN,0.5931,3.4225,0.0321,3.4225,1.0890,1,1.617,1.661
1611,DATA_20260322_100000.BIN,0.0321,4.6107,1.1420,4.6107,1.0670,1,2.208,2.264
1612,DATA_20260322_100000.BIN,1.1420,4.7847,0.8794,4.7847,1.1220,1,4.251,4.279
1613,DATA_20260322_100000.BIN,0.8794,3.9326,0.9694,3.9326,1.0780,1,3.955,3.973
1614,DATA_20260322_100000.BIN,1.0424,5.3269,2.0449,5.3269,1.0230,1,3.507,4.661
1615,DATA_20260322_100000.BIN,2.0449,6.6353,0.4740,6.6353,1.1880,1,5.350,6.815
1616,DATA_20260322_100000.BIN,0.4740,4.6789,1.8505,4.6789,0.9900,1,2.837,3.377
1617,DATA_20260322_100000.BIN,1.8505,5.2238,0.7655,5.2238,1.1110,1,4.718,5.893
1618,DATA_20260322_100000.BIN,0.7655,4.8470,2.2615,4.8470,1.0340,1,2.683,2.690
1619,DATA_20260322_100000.BIN,2.2615,5.5159,1.2665,5.5159,1.0560,1,3.774,4.330
1620,DATA_20260322_100000.BIN,1.2665,5.3188,1.2112,5.3188,1.1330,1,2.571,3.146
1621,DATA_20260322_100000.BIN,1.9674,5.3384,1.7006,5.3384,0.9460,1,1.818,2.260
1622,DATA_20260322_100000.BIN,1.7006,6.1239,0.9538,6.1239,1.1330,1,2.315,2.671
1623,DATA_20260322_100000.BIN,0.9538,5.6781,2.0657,5.6781,1.0340,1,1.196,1.200
1624,DATA_20260322_100000.BIN,2.0657,5.6069,1.6371,5.6069,1.1220,1,1.872,2.735
1625,DATA_20260322_100000.BIN,1.6371,5.0363,0.3666,5.0363,1.1440,1,1.511,1.553
1626,DATA_20260322_100000.BIN,1.3588,4.5279,1.3208,4.5279,1.0780,1,1.987,2.272
1627,DATA_20260322_100000.BIN,1.3208,5.3461,2.4782,5.3461,0.9570,1,1.845,1.951
1628,DATA_20260322_100000.BIN,2.4782,7.3189,0.9409,7.3189,1.0890,1,0.707,2.048
1629,DATA_20260322_100000.BIN,0.9409,9.2312,1.9533,9.2312,1.1440,1,1.536,1.615
1630,DATA_20260322_100000.BIN,1.9533,7.5397,1.6548,7.5397,1.1110,1,1.343,3.246
1631,DATA_20260322_100000.BIN,1.6548,5.6678,0.6104,5.6678,1.1550,1,2.575,2.947
1632,DATA_20260322_100000.BIN,1.0885,5.6368,1.2312,5.6368,1.1550,1,1.642,1.889
1633,DATA_20260322_100000.BIN,1.2312,5.8055,1.8172,5.8055,1.3750,1,0.725,1.972
1634,DATA_20260322_100000.BIN,1.8172,9.3868,2.1111,9.3868,1.7160,1,4.355,4.694
1635,DATA_20260322_100000.BIN,2.1111,13.1124,3.8200,13.1124,1.0230,1,3.999,4.077
1636,DATA_20260322_100000.BIN,3.8200,8.2843,1.6073,8.2843,0.9130,1,0.817,4.467
1637,DATA_20260322_100000.BIN,1.6073,7.7495,1.5017,7.7495,1.0560,1,2.768,2.824
1638,DATA_20260322_100000.BIN,1.5017,6.1404,1.9957,6.1404,0.9680,1,0.820,1.517
1639,DATA_20260322_100000.BIN,1.9957,6.2438,3.0843,6.2438,1.0450,1,3.314,5.581
1640,DATA_20260322_100000.BIN,3.0843,6.9300,1.8589,6.9300,1.0450,1,1.323,3.722
1641,DATA_20260322_100000.BIN,1.8589,6.4644,1.6384,6.4644,1.1000,1,3.167,3.909
1642,DATA_20260322_100000.BIN,1.6384,5.7772,2.8685,5.7772,0.9570,1,1.062,1.921
1643,DATA_20260322_100000.BIN,0.4025,5.1657,1.9687,5.1657,1.1990,1,4.330,4.416
1644,DATA_20260322_100000.BIN,1.9687,9.8791,1.7251,9.8791,1.1440,1,10.259,10.443
1645,DATA_20260322_100000.BIN,1.7251,8.2681,3.2078,8.2681,1.0560,1,3.601,3.661
1646,DATA_20260322_100000.BIN,3.2078,7.9277,2.4521,7.9277,1.1000,1,2.649,4.952
1647,DATA_20260322_100000.BIN,2.4521,10.1366,3.1910,10.1366,1.1550,1,8.590,8.630
1648,DATA_20260322_100000.BIN,3.1910,7.9135,2.3870,7.9135,0.9350,1,5.036,5.626
1649,DATA_20260322_100000.BIN,2.3870,8.3793,1.8271,8.3793,1.1000,1,4.713,4.741
1650,DATA_20260322_100000.BIN,1.8271,7.6548,1.9213,7.6548,1.1000,1,2.778,3.525
1651,DATA_20260322_100000.BIN,1.9213,7.3903,0.5751,7.3903,1.1220,1,1.912,3.348
1652,DATA_20260322_100000.BIN,0.5751,6.1063,1.4814,6.1063,1.1330,1,0.758,1.151
1653,DATA_20260322_100000.BIN,1.4814,5.4549,1.5859,5.4549,1.0780,1,3.794,3.814
1654,DATA_20260322_100000.BIN,1.5859,5.1125,0.7292,5.1125,1.0450,1,4.288,4.291
1655,DATA_20260322_100000.BIN,0.7292,4.7935,0.8035,4.7935,1.1550,1,1.871,1.925
1656,DATA_20260322_100000.BIN,0.8035,4.7590,0.1671,4.7590,1.0670,1,4.643,5.745
1657,DATA_20260322_100000.BIN,0.1671,6.5677,0.4981,6.5677,1.1110,1,1.553,1.712
1658,DATA_20260322_100000.BIN,0.4981,3.5892,1.7644,3.5892,2.0020,1,1.076,1.453
1659,DATA_20260322_100000.BIN,1.7644,4.2259,1.1300,4.2259,1.1880,1,2.998,3.112
1660,DATA_20260322_100000.BIN,1.1300,3.9495,0.8698,3.9495,1.1330,1,2.526,2.528
1661,DATA_20260322_100000.BIN,0.8698,4.8483,1.0574,4.8483,1.1330,1,0.624,0.807
1662,DATA_20260322_100000.BIN,1.0574,5.3674,1.3647,5.3674,1.1880,1,3.296,4.122
1663,DATA_20260322_100000.BIN,1.3647,4.4293,1.9922,4.4293,1.0670,1,1.989,2.404
1664,DATA_20260322_100000.BIN,1.9922,4.6997,1.4927,4.6997,1.0340,1,2.946,3.809
1665,DATA_20260322_100000.BIN,1.4927,5.0331,0.6529,5.0331,1.1330,1,0.807,1.808
1666,DATA_20260322_100000.BIN,0.6529,4.7012,1.4056,4.7012,1.1550,1,0.145,0.582
1667,DATA_20260322_100000.BIN,1.7189,5.9545,0.3945,5.9545,1.3090,1,0.938,1.892
1668,DATA_20260322_100000.BIN,0.3945,4.5252,0.6214,4.5252,1.1220,1,3.848,4.133
1669,DATA_20260322_100000.BIN,0.6214,6.6355,2.3675,6.6355,1.1550,1,3.565,3.863
1670,DATA_20260322_100000.BIN,2.3675,5.7803,1.1348,5.7803,1.1000,1,4.887,4.901
1671,DATA_20260322_100000.BIN,1.1348,5.8915,1.4650,5.8915,1.0890,1,1.576,1.587
1672,DATA_20260322_100000.BIN,1.4650,6.7752,1.3172,6.7752,1.1440,1,1.668,2.237
1673,DATA_20260322_100000.BIN,1.3172,6.1988,1.5699,6.1988,1.1440,1,2.001,2.031
1674,DATA_20260322_100000.BIN,1.5699,6.6960,3.0436,6.6960,1.1110,1,2.085,2.086
1675,DATA_20260322_100000.BIN,3.0436,8.2371,3.2098,8.2371,1.1000,1,3.127,3.783
1676,DATA_20260322_100000.BIN,3.2098,6.7966,2.6378,6.7966,1.0780,1,1.776,3.374
1677,DATA_20260322_100000.BIN,2.6378,9.1589,0.5814,9.1589,1.2100,1,2.609,3.010
1678,DATA_20260322_100000.BIN,0.5814,7.2081,0.1312,7.2081,1.1110,1,1.807,2.174
1679,DATA_20260322_100000.BIN,0.1312,6.4663,0.8056,6.4663,1.1000,1,1.820,1.905
1680,DATA_20260322_100000.BIN,0.8056,6.6008,1.1154,6.6008,1.0890,1,1.361,2.072
1681,DATA_20260322_100000.BIN,1.1154,6.3708,3.4263,6.3708,1.1000,1,2.249,2.398
1682,DATA_20260322_100000.BIN,3.4263,8.2981,2.6581,8.2981,1.2430,1,5.659,6.799
1683,DATA_20260322_100000.BIN,2.6581,7.4777,1.2963,7.4777,1.1770,1,4.585,4.651
1684,DATA_20260322_100000.BIN,1.2963,6.7058,2.0841,6.7058,1.1770,1,1.318,1.968
1685,DATA_20260322_100000.BIN,2.0841,7.0775,2.1033,7.0775,1.1660,1,2.739,2.783
1686,DATA_20260322_100000.BIN,2.1033,6.5242,3.3513,6.5242,1.1660,1,2.163,2.164
1687,DATA_20260322_100000.BIN,3.3513,8.8769,2.4011,8.8769,1.2430,1,3.544,3.986
1688,DATA_20260322_100000.BIN,2.4011,7.7714,2.1214,7.7714,1.1770,1,1.563,1.919
1689,DATA_20260322_100000.BIN,2.1214,7.0656,1.4844,7.0656,1.1660,1,1.887,1.956
1690,DATA_20260322_100000.BIN,1.4844,6.0086,2.2780,6.0086,1.2650,1,1.587,1.597
1691,DATA_20260322_100000.BIN,2.2780,6.8584,2.3821,6.8584,1.2100,1,1.445,1.538
1692,DATA_20260322_100000.BIN,2.3821,5.6076,3.3298,5.6076,1.1440,1,2.192,2.339
1693,DATA_20260322_100000.BIN,3.3298,6.6997,2.1904,6.6997,1.2980,1,2.083,2.579
1694,DATA_20260322_100000.BIN,2.1904,6.5784,1.9453,6.5784,1.1660,1,0.841,0.923
1695,DATA_20260322_100000.BIN,1.9453,7.4727,4.3328,7.4727,1.2100,1,1.166,1.322
1696,DATA_20260322_100000.BIN,4.3328,8.3588,5.0957,8.3588,1.1660,1,3.577,3.920
1697,DATA_20260322_100000.BIN,5.0957,8.4871,3.3171,8.4871,1.2320,1,3.968,4.454
1698,DATA_20260322_100000.BIN,3.3171,8.9442,5.0375,8.9442,1.2210,1,2.431,2.434
1699,DATA_20260322_100000.BIN,5.0375,8.6724,3.3994,8.6724,1.1990,1,4.020,4.226
1700,DATA_20260322_100000.BIN,3.3994,7.6803,2.9650,7.6803,1.1990,1,1.120,1.188
1701,DATA_20260322_100000.BIN,2.9650,7.5142,4.5692,7.5142,1.1770,1,0.413,0.707
1702,DATA_20260322_100000.BIN,4.5692,7.2522,1.8473,7.2522,1.2210,1,2.151,2.889
1703,DATA_20260322_100000.BIN,1.8473,7.3245,2.4697,7.3245,1.1990,1,1.220,1.509
1704,DATA_20260322_100000.BIN,2.4697,8.3436,2.4282,8.3436,1.2100,1,1.172,1.462
1705,DATA_20260322_100000.BIN,2.4282,9.1429,2.1075,9.1429,1.2320,1,0.161,0.637
1706,DATA_20260322_100000.BIN,2.1075,8.6695,3.1264,8.6695,1.1550,1,1.725,2.291
1707,DATA_20260322_100000.BIN,3.1264,7.7452,2.8379,7.7452,1.1770,1,1.961,2.038
1708,DATA_20260322_100000.BIN,2.8379,8.0686,3.6435,8.0686,1.2320,1,0.991,0.991
1709,DATA_20260322_100000.BIN,3.6435,8.1672,4.2124,8.1672,1.2100,1,1.845,1.857
1710,DATA_20260322_100000.BIN,4.2124,10.1264,4.9428,10.1264,1.2650,1,3.674,3.696
1711,DATA_20260322_100000.BIN,4.9428,9.8937,5.0401,9.8937,1.2760,1,4.501,4.501
1712,DATA_20260322_100000.BIN,5.0401,8.8579,4.0311,8.8579,1.1440,1,2.625,2.880
1713,DATA_20260322_100000.BIN,4.0311,7.3494,3.0854,7.3494,1.1770,1,1.069,1.129
1714,DATA_20260322_100000.BIN,3.0854,8.7929,3.2864,8.7929,1.2760,1,1.401,1.643
1715,DATA_20260322_100000.BIN,3.2864,7.8516,2.6501,7.8516,1.1770,1,0.529,0.536
1716,DATA_20260322_100000.BIN,5.2713,10.0289,4.7654,10.0289,4.6090,1,16.556,18.003
1717,DATA_20260322_100000.BIN,4.7654,9.4997,3.6638,9.4997,1.1990,1,3.785,4.163
1718,DATA_20260322_100000.BIN,3.6638,7.2295,1.2161,7.2295,1.0780,1,7.018,8.247
1719,DATA_20260322_100000.BIN,1.2161,5.3232,1.5403,5.3232,1.0890,1,6.442,6.442
1720,DATA_20260322_100000.BIN,1.5403,7.4500,0.9585,7.4500,1.1660,1,1.613,2.057
1721,DATA_20260322_100000.BIN,0.9585,5.8402,2.7689,5.8402,1.2320,1,2.551,3.109
1722,DATA_20260322_100000.BIN,2.7689,4.9014,1.3721,4.9014,1.2100,1,0.853,0.914
1723,DATA_20260322_100000.BIN,1.3721,5.4711,2.1408,5.4711,1.1330,1,1.527,2.057
1724,DATA_20260322_100000.BIN,2.1408,5.6579,2.2138,5.6579,1.1440,1,1.901,3.700
1725,DATA_20260322_100000.BIN,2.2138,7.3850,2.9431,7.3850,1.2760,1,0.882,1.123
1726,DATA_20260322_100000.BIN,2.9431,7.5375,1.6125,7.5375,1.2320,1,1.050,1.266
1727,DATA_20260322_100000.BIN,2.5497,6.5175,1.8947,6.5175,1.2430,1,2.149,2.483
1728,DATA_20260322_100000.BIN,1.8947,6.1724,2.0865,6.1724,1.1550,1,0.361,0.887
1729,DATA_20260322_100000.BIN,2.0865,6.8066,1.7416,6.8066,1.1220,1,0.743,0.749
1730,DATA_20260322_100000.BIN,1.7416,6.9340,0.5889,6.9340,1.2320,1,3.376,3.454
1731,DATA_20260322_100000.BIN,0.5889,5.6669,1.2559,5.6669,1.1990,1,4.786,4.802
1732,DATA_20260322_100000.BIN,1.2559,5.0576,2.6043,5.0576,1.0560,1,0.845,1.737
1733,DATA_20260322_100000.BIN,2.6043,6.3034,2.7438,6.3034,1.1990,1,2.619,4.348
1734,DATA_20260322_100000.BIN,2.7438,7.2163,2.6660,7.2163,1.2760,1,2.977,4.306
1735,DATA_20260322_100000.BIN,2.6660,5.2491,2.4162,5.2491,1.1660,1,2.923,3.185
1736,DATA_20260322_100000.BIN,2.4162,6.3137,1.6089,6.3137,1.2100,1,1.435,1.435
1737,DATA_20260322_100000.BIN,1.6089,4.8696,1.3281,4.8696,1.2210,1,2.279,2.279
1738,DATA_20260322_100000.BIN,1.3281,4.7850,1.7148,4.7850,1.1330,1,2.474,2.481
1739,DATA_20260322_100000.BIN,1.7148,5.0974,1.4273,5.0974,1.1770,1,1.370,1.714
1740,DATA_20260322_100000.BIN,1.4273,4.2469,1.7681,4.2469,1.0780,1,2.539,2.576
1741,DATA_20260322_100000.BIN,1.7681,7.0316,0.9933,7.0316,1.3090,1,0.559,1.237
1742,DATA_20260322_100000.BIN,0.9933,4.0499,2.1239,4.0499,1.0120,1,2.656,2.809
1743,DATA_20260322_100000.BIN,2.1239,6.2964,2.4826,6.2964,1.2210,1,1.029,2.102
1744,DATA_20260322_100000.BIN,2.4826,6.0887,2.4160,6.0887,1.0010,1,2.998,3.349
1745,DATA_20260322_100000.BIN,2.4160,7.6422,3.2813,7.6422,2.9370,1,2.363,4.299
1746,DATA_20260322_100000.BIN,3.2813,9.9865,3.0335,9.9865,2.1120,1,16.750,21.272
1747,DATA_20260322_100000.BIN,3.0335,7.1116,3.0489,7.1116,1.6610,1,11.903,13.753
1748,DATA_20260322_100000.BIN,3.0489,7.1263,4.3588,7.1263,1.6610,1,9.127,10.751
1749,DATA_20260322_100000.BIN,4.3588,8.2838,3.6963,8.2838,1.5510,1,6.845,7.950
1750,DATA_20260322_100000.BIN,3.6963,8.8703,4.4712,8.8703,1.2870,1,6.418,6.920
1751,DATA_20260322_100000.BIN,4.4712,10.6231,3.8303,10.6231,1.9470,1,3.444,7.477
1752,DATA_20260322_100000.BIN,3.8303,14.7082,3.5957,14.7082,1.9690,1,2.885,4.970
1753,DATA_20260322_100000.BIN,3.5957,7.9032,3.2359,7.9032,1.2980,1,5.465,5.972
1754,DATA_20260322_100000.BIN,3.2359,10.2235,0.5978,10.2235,2.6840,1,7.720,8.536
1755,DATA_20260322_100000.BIN,0.5978,7.4459,3.8498,7.4459,1.4960,1,7.645,7.939
1756,DATA_20260322_100000.BIN,4.4779,11.2420,2.0875,11.2420,1.9360,1,7.202,9.593
1757,DATA_20260322_100000.BIN,2.0875,7.6383,2.7478,7.6383,1.5510,1,9.676,10.696
1758,DATA_20260322_100000.BIN,2.7478,10.6647,6.1949,10.6647,1.9470,1,5.603,7.060
1759,DATA_20260322_100000.BIN,6.1949,14.2450,2.5686,14.2450,3.4320,1,8.413,8.431
1760,DATA_20260322_100000.BIN,2.5686,9.2230,2.7243,9.2230,1.5510,1,4.773,4.839
1761,DATA_20260322_100000.BIN,2.7243,9.8015,3.8798,9.8015,1.6060,1,1.826,2.092
1762,DATA_20260322_100000.BIN,3.8798,9.3002,3.1376,9.3002,1.6390,1,3.100,3.702
1763,DATA_20260322_100000.BIN,3.1376,12.1862,6.3821,12.1862,1.7930,1,1.082,1.989
1764,DATA_20260322_100000.BIN,6.3821,9.7027,2.9104,9.7027,2.1670,1,11.653,12.272
1765,DATA_20260322_100000.BIN,2.9104,6.3112,2.4406,6.3112,0.9240,1,11.742,12.542
1766,DATA_20260322_100000.BIN,5.5753,8.7970,4.4304,8.7970,2.4750,1,7.001,10.092
1767,DATA_20260322_100000.BIN,4.4304,7.3718,2.9163,7.3718,1.5180,1,5.989,6.744
1768,DATA_20260322_100000.BIN,2.9163,10.1732,5.4223,10.1732,1.5510,1,2.661,2.718
1769,DATA_20260322_100000.BIN,5.4223,11.1442,6.2232,11.1442,1.3860,1,5.094,5.112
1770,DATA_20260322_100000.BIN,6.2232,12.5947,2.5332,12.5947,1.8260,1,6.432,6.466
1771,DATA_20260322_100000.BIN,2.5332,9.0910,1.5249,9.0910,1.2870,1,3.642,8.964
1772,DATA_20260322_100000.BIN,1.5249,7.5739,2.7060,7.5739,1.0670,1,7.902,10.071
1773,DATA_20260322_100000.BIN,2.7060,5.5516,1.9844,5.5516,1.1660,1,4.224,8.513
1774,DATA_20260322_100000.BIN,1.9844,5.0105,2.7334,5.0105,1.0890,1,5.430,8.882
1775,DATA_20260322_100000.BIN,2.7334,4.8440,1.4369,4.8440,1.2430,1,3.309,6.897
1776,DATA_20260322_100000.BIN,1.4369,4.9688,1.4311,4.9688,1.1550,1,3.824,5.926
1777,DATA_20260322_100000.BIN,1.4311,6.3465,1.9852,6.3465,1.1770,1,3.884,5.884
1778,DATA_20260322_100000.BIN,1.9852,5.6845,1.2486,5.6845,1.1110,1,3.426,5.866
1779,DATA_20260322_100000.BIN,1.2486,7.1493,0.1046,7.1493,1.1440,1,2.591,3.914
1780,DATA_20260322_100000.BIN,0.1046,5.5578,2.4217,5.5578,1.1440,1,4.518,5.003
1781,DATA_20260322_100000.BIN,2.4217,6.1343,1.2144,6.1343,1.1990,1,2.791,4.781
1782,DATA_20260322_100000.BIN,1.2144,5.9387,1.1733,5.9387,1.1000,1,4.106,5.046
1783,DATA_20260322_100000.BIN,1.1733,7.1950,1.5151,7.1950,1.1990,1,3.100,3.944
1784,DATA_20260322_100000.BIN,1.5151,5.6743,1.7052,5.6743,1.1550,1,2.460,3.241
1785,DATA_20260322_100000.BIN,1.7052,6.6955,1.6997,6.6955,1.1880,1,2.223,2.451
1786,DATA_20260322_100000.BIN,1.6997,5.1847,1.4436,5.1847,1.1880,1,2.038,2.268
1787,DATA_20260322_100000.BIN,1.4436,6.9277,1.7753,6.9277,1.1330,1,2.104,2.200
1788,DATA_20260322_100000.BIN,1.7753,6.3911,1.0237,6.3911,1.1660,1,3.106,4.253
1789,DATA_20260322_100000.BIN,1.0237,7.3321,0.8840,7.3321,1.1550,1,1.056,1.448
1790,DATA_20260322_100000.BIN,0.8840,5.6416,1.2998,5.6416,1.2320,1,2.507,2.981
1791,DATA_20260322_100000.BIN,1.2998,5.5274,1.4196,5.5274,1.1550,1,1.455,1.457
1792,DATA_20260322_100000.BIN,1.4196,5.4328,2.3326,5.4328,1.2320,1,0.882,1.776
1793,DATA_20260322_100000.BIN,2.3326,5.6391,2.3940,5.6391,1.1220,1,0.420,2.880
1794,DATA_20260322_100000.BIN,2.3940,5.4844,1.7213,5.4844,1.2210,1,2.059,2.603
1795,DATA_20260322_100000.BIN,1.7213,5.2043,1.1475,5.2043,1.1770,1,0.995,1.779
1796,DATA_20260322_100000.BIN,1.1475,4.5536,0.7657,4.5536,1.1660,1,0.310,0.311
1797,DATA_20260322_100000.BIN,0.7657,5.3393,1.5877,5.3393,1.1660,1,1.679,2.044
1798,DATA_20260322_100000.BIN,1.5877,5.0035,2.2946,5.0035,1.2870,1,0.886,1.532
1799,DATA_20260322_100000.BIN,2.2946,5.8426,0.5096,5.8426,1.1770,1,3.180,3.236
1800,DATA_20260322_100000.BIN,0.5096,4.9089,0.3695,4.9089,1.1770,1,1.709,1.739
1801,DATA_20260322_100000.BIN,0.3695,5.4111,1.1131,5.4111,1.2320,1,1.988,2.139
1802,DATA_20260322_100000.BIN,1.1131,5.9801,1.6263,5.9801,1.2210,1,0.460,0.524
1803,DATA_20260322_100000.BIN,1.6263,4.6256,1.3960,4.6256,1.1990,1,1.777,2.149
1804,DATA_20260322_100000.BIN,1.3960,5.2253,1.4277,5.2253,1.0890,1,2.603,2.762
1805,DATA_20260322_100000.BIN,1.4277,7.0895,1.7913,7.0895,1.1660,1,1.225,1.228
1806,DATA_20260322_100000.BIN,1.7913,6.1727,1.7243,6.1727,1.1660,1,1.874,1.966
1807,DATA_20260322_100000.BIN,1.7243,5.2649,1.3782,5.2649,1.1330,1,1.951,3.124
1808,DATA_20260322_100000.BIN,1.3782,6.5353,1.5185,6.5353,1.2430,1,0.788,0.792
1809,DATA_20260322_100000.BIN,1.5185,5.1524,2.2856,5.1524,1.2100,1,1.032,1.390
1810,DATA_20260322_100000.BIN,2.2856,4.8863,2.5859,4.8863,1.1550,1,3.079,3.094
1811,DATA_20260322_100000.BIN,2.5859,6.8275,2.7619,6.8275,1.2870,1,1.558,2.172
1812,DATA_20260322_100000.BIN,2.7619,6.6643,3.0753,6.6643,1.1330,1,1.832,4.144
1813,DATA_20260322_100000.BIN,3.0753,7.3296,4.2814,7.3296,1.2320,1,2.862,3.076
1814,DATA_20260322_100000.BIN,4.2814,8.5737,2.7506,8.5737,1.2980,1,3.583,4.531
1815,DATA_20260322_100000.BIN,2.7506,6.0897,2.6800,6.0897,1.1330,1,2.488,2.934
1816,DATA_20260322_100000.BIN,2.6800,6.0428,2.3936,6.0428,1.2430,1,1.760,1.764
1817,DATA_20260322_100000.BIN,2.3936,5.1817,1.7307,5.1817,1.2320,1,2.388,2.482
1818,DATA_20260322_100000.BIN,1.7307,6.9301,1.0756,6.9301,1.2320,1,5.065,5.103
1819,DATA_20260322_100000.BIN,1.0756,6.6796,2.7030,6.6796,1.1990,1,2.608,2.661
1820,DATA_20260322_100000.BIN,2.7030,6.8131,3.1024,6.8131,1.2980,1,0.157,1.803
1821,DATA_20260322_100000.BIN,3.1024,6.5320,2.5517,6.5320,1.1110,1,3.759,4.802
1822,DATA_20260322_100000.BIN,2.5517,7.7922,3.7990,7.7922,1.1660,1,2.287,2.317
1823,DATA_20260322_100000.BIN,3.7990,9.4373,3.5787,9.4373,1.3640,1,3.540,3.825
1824,DATA_20260322_100000.BIN,3.5787,5.7037,2.5510,5.7037,1.1440,1,1.405,3.080
1825,DATA_20260322_100000.BIN,2.5510,6.6522,2.2976,6.6522,1.2100,1,1.572,2.071
1826,DATA_20260322_100000.BIN,2.2976,6.2043,2.1389,6.2043,1.2100,1,0.924,1.054
1827,DATA_20260322_100000.BIN,2.1389,5.5941,1.8179,5.5941,1.2100,1,2.197,2.242
1828,DATA_20260322_100000.BIN,1.8179,6.6548,2.3965,6.6548,1.2650,1,1.173,1.173
1829,DATA_20260322_100000.BIN,2.3965,6.4626,1.4378,6.4626,1.2650,1,0.802,1.087
1830,DATA_20260322_100000.BIN,1.4378,4.3402,1.9598,4.3402,1.1440,1,1.042,2.394
1831,DATA_20260322_100000.BIN,1.9598,5.9028,1.5240,5.9028,1.2320,1,1.001,3.252
1832,DATA_20260322_100000.BIN,1.5240,5.5408,2.2776,5.5408,1.1550,1,0.546,1.879
1833,DATA_20260322_100000.BIN,2.2776,7.8906,2.1987,7.8906,1.3310,1,2.202,2.240
1834,DATA_20260322_100000.BIN,2.1987,6.4548,1.7464,6.4548,1.1660,1,1.372,1.407
1835,DATA_20260322_100000.BIN,0.9799,6.3930,1.2729,6.3930,1.3860,1,2.039,3.333
1836,DATA_20260322_100000.BIN,1.2729,6.9914,1.6539,6.9914,1.3310,1,2.210,2.624
1837,DATA_20260322_100000.BIN,1.6539,4.8602,2.3620,4.8602,1.2540,1,1.528,2.140
1838,DATA_20260322_100000.BIN,2.3620,6.0603,2.3187,6.0603,1.1770,1,2.274,2.445
1839,DATA_20260322_100000.BIN,2.3187,7.9737,2.2614,7.9737,1.2320,1,1.395,1.507
1840,DATA_20260322_100000.BIN,2.2614,5.4596,2.2651,5.4596,1.1550,1,0.537,1.163
1841,DATA_20260322_100000.BIN,2.2651,6.3469,2.4268,6.3469,1.2650,1,1.462,1.462
1842,DATA_20260322_100000.BIN,2.4268,6.1948,2.1729,6.1948,1.3090,1,1.082,2.180
1843,DATA_20260322_100000.BIN,2.1729,5.8740,2.2454,5.8740,1.2210,1,1.342,2.234
1844,DATA_20260322_100000.BIN,2.2454,4.8892,1.8657,4.8892,1.2100,1,1.758,2.166
1845,DATA_20260322_100000.BIN,1.8657,5.5773,2.2427,5.5773,1.2540,1,0.096,0.163
1846,DATA_20260322_100000.BIN,2.2427,5.7429,2.5469,5.7429,1.2870,1,1.495,1.556
1847,DATA_20260322_100000.BIN,2.5469,6.3208,1.6419,6.3208,1.3530,1,1.764,1.816
1848,DATA_20260322_100000.BIN,1.6419,5.3196,2.7673,5.3196,1.2540,1,1.756,1.989
1849,DATA_20260322_100000.BIN,2.7673,5.7569,1.9930,5.7569,1.2100,1,2.128,2.128
1850,DATA_20260322_100000.BIN,1.9930,4.9650,1.4409,4.9650,1.2320,1,2.419,2.762
1851,DATA_20260322_100000.BIN,1.4409,5.6120,3.3229,5.6120,1.1880,1,0.820,2.499
1852,DATA_20260322_100000.BIN,3.3229,8.3472,1.9134,8.3472,1.3640,1,2.749,3.482
1853,DATA_20260322_100000.BIN,1.9134,5.3344,2.6053,5.3344,1.1330,1,2.807,2.964
1854,DATA_20260322_100000.BIN,1.0200,5.7870,1.5094,5.7870,1.3530,1,3.444,4.450
1855,DATA_20260322_100000.BIN,1.5094,4.5596,1.1255,4.5596,2.3980,1,1.509,1.851
1856,DATA_20260322_100000.BIN,1.1255,4.4900,1.2490,4.4900,1.2760,1,1.206,1.744
1857,DATA_20260322_100000.BIN,1.2490,4.1767,1.5531,4.1767,1.3090,1,1.731,2.233
1858,DATA_20260322_100000.BIN,1.5531,4.5926,1.3795,4.5926,1.2320,1,2.512,2.560
1859,DATA_20260322_100000.BIN,1.3795,5.8494,1.7851,5.8494,1.2540,1,1.269,1.274
1860,DATA_20260322_100000.BIN,1.7851,5.0556,2.7140,5.0556,1.2650,1,0.580,0.645
1861,DATA_20260322_100000.BIN,2.7140,5.6533,2.3628,5.6533,1.2870,1,1.240,2.515
1862,DATA_20260322_100000.BIN,2.3628,4.4877,1.6858,4.4877,1.2430,1,0.316,1.599
1863,DATA_20260322_100000.BIN,1.6858,5.3609,2.7751,5.3609,1.1880,1,2.037,2.044
1864,DATA_20260322_100000.BIN,2.7751,6.8343,2.4043,6.8343,1.3310,1,1.305,1.850
1865,DATA_20260322_100000.BIN,2.4043,5.1369,1.7341,5.1369,1.1880,1,1.307,2.185
1866,DATA_20260322_100000.BIN,1.7341,5.0980,1.8215,5.0980,1.2870,1,1.341,1.409
1867,DATA_20260322_100000.BIN,1.8215,6.0839,1.8468,6.0839,1.2980,1,1.163,1.565
1868,DATA_20260322_100000.BIN,1.8468,5.5538,2.7868,5.5538,1.1770,1,0.641,1.057
1869,DATA_20260322_100000.BIN,2.7868,5.3985,2.2532,5.3985,1.3420,1,1.332,3.440
1870,DATA_20260322_100000.BIN,2.2532,5.1075,2.1359,5.1075,1.2760,1,1.398,1.672
1871,DATA_20260322_100000.BIN,2.1359,7.9057,2.8969,7.9057,1.2980,1,2.568,2.860
1872,DATA_20260322_100000.BIN,2.8969,7.6555,3.6935,7.6555,1.2320,1,2.458,2.467
1873,DATA_20260322_100000.BIN,3.6935,8.5603,4.5466,8.5603,1.2760,1,6.418,6.418
1874,DATA_20260322_100000.BIN,6.8132,16.0136,5.1224,16.0136,2.2880,1,6.827,11.953
1875,DATA_20260322_100000.BIN,5.1224,10.7925,3.5877,10.7925,1.3640,1,6.015,6.088
1876,DATA_20260322_100000.BIN,1.9982,6.9869,1.0063,6.9869,1.5070,1,4.886,6.677
1877,DATA_20260322_100000.BIN,1.0063,5.0346,0.8782,5.0346,2.2660,1,5.724,6.460
1878,DATA_20260322_100000.BIN,0.8782,5.8410,1.5961,5.8410,1.1440,1,5.854,5.894
1879,DATA_20260322_100000.BIN,1.5961,4.9677,1.1043,4.9677,1.1990,1,5.156,5.156
1880,DATA_20260322_100000.BIN,1.1043,6.2417,3.1787,6.2417,1.1660,1,5.608,5.904
1881,DATA_20260322_100000.BIN,1.0827,6.1456,1.1678,6.1456,1.1990,1,2.709,3.655
1882,DATA_20260322_100000.BIN,1.5647,4.1598,1.9192,4.1598,1.1660,1,3.748,4.068
1883,DATA_20260322_100000.BIN,1.9192,6.8279,0.6307,6.8279,1.2540,1,2.455,3.754
1884,DATA_20260322_100000.BIN,0.6307,4.3301,1.1480,4.3301,1.0780,1,3.600,3.652
1885,DATA_20260322_100000.BIN,1.1480,4.7217,1.2355,4.7217,1.1000,1,1.375,2.212
1886,DATA_20260322_100000.BIN,1.2355,5.7484,1.0958,5.7484,1.1220,1,2.904,2.944
1887,DATA_20260322_100000.BIN,1.0958,5.4074,0.8271,5.4074,1.1440,1,3.192,3.440
1888,DATA_20260322_100000.BIN,0.8271,5.0994,0.6231,5.0994,1.1880,1,2.607,2.656
1889,DATA_20260322_100000.BIN,0.6231,5.4723,0.3734,5.4723,1.2430,1,2.113,2.122
1890,DATA_20260322_100000.BIN,0.3734,4.8593,1.0545,4.8593,2.1890,1,4.552,5.384
1891,DATA_20260322_100000.BIN,1.0545,4.9694,0.7305,4.9694,1.0780,1,2.813,2.818
1892,DATA_20260322_100000.BIN,0.7305,4.4716,0.8620,4.4716,1.1330,1,1.531,1.672
1893,DATA_20260322_100000.BIN,0.8620,4.6972,1.1447,4.6972,1.1330,1,1.858,1.860
1894,DATA_20260322_100000.BIN,1.1447,4.5335,0.4796,4.5335,1.1110,1,1.978,2.001
1895,DATA_20260322_100000.BIN,0.4796,4.0315,0.9769,4.0315,1.1660,1,0.823,0.832
1896,DATA_20260322_100000.BIN,0.9769,5.4051,0.4545,5.4051,1.1770,1,1.935,1.954
1897,DATA_20260322_100000.BIN,0.5211,4.7397,1.0621,4.7397,1.2210,1,1.496,1.752
1898,DATA_20260322_100000.BIN,1.0621,6.0106,1.8040,6.0106,1.3530,1,5.840,6.943
1899,DATA_20260322_100000.BIN,1.8040,5.5714,1.4237,5.5714,1.1330,1,2.161,2.746
1900,DATA_20260322_100000.BIN,1.4237,7.8842,4.0405,7.8842,1.4740,1,4.913,4.923
1901,DATA_20260322_100000.BIN,4.0405,13.2154,6.3932,13.2154,2.2990,1,7.891,8.582
1902,DATA_20260322_100000.BIN,6.3932,15.9137,3.8206,15.9137,1.8370,1,18.499,19.325
1903,DATA_20260322_100000.BIN,3.8206,33.4661,14.1776,33.4661,3.1570,1,10.726,11.787
1904,DATA_20260322_100000.BIN,14.1776,16.9410,4.1115,16.9410,2.1890,1,10.239,16.739
1905,DATA_20260322_100000.BIN,4.1115,9.6303,7.6678,9.6303,1.7490,1,10.640,13.088
1906,DATA_20260322_100000.BIN,11.1592,43.0791,24.7054,43.0791,2.0020,1,4.369,10.950
1907,DATA_20260322_100000.BIN,24.7054,27.5501,3.7431,27.5501,1.5620,1,38.118,38.932
1908,DATA_20260322_100000.BIN,3.7431,12.5987,4.3499,12.5987,2.6400,1,12.425,15.810
1909,DATA_20260322_100000.BIN,4.3499,33.3240,13.3058,33.3240,3.4210,1,1.765,1.892
1910,DATA_20260322_100000.BIN,18.2063,35.4969,3.1063,35.4969,2.5740,1,1.816,17.350
1911,DATA_20260322_100000.BIN,3.1063,7.6748,1.2463,7.6748,1.3310,1,11.081,11.273
1912,DATA_20260322_100000.BIN,1.2463,14.6999,8.0903,14.6999,3.5530,1,9.922,10.760
1913,DATA_20260322_100000.BIN,8.0903,12.8715,2.0833,12.8715,2.4200,1,7.735,9.539
1914,DATA_20260322_100000.BIN,2.0833,5.1732,0.9697,5.1732,1.1880,1,4.206,8.456
1915,DATA_20260322_100000.BIN,0.9697,6.3110,2.8091,6.3110,1.1220,1,5.002,6.491
1916,DATA_20260322_100000.BIN,2.8091,8.2027,2.2382,8.2027,1.1000,1,6.281,6.511
1917,DATA_20260322_100000.BIN,2.2382,8.2629,2.2977,8.2629,1.1770,1,7.138,7.805
1918,DATA_20260322_100000.BIN,2.2977,7.0655,1.5580,7.0655,1.1220,1,4.399,4.638
1919,DATA_20260322_100000.BIN,1.5580,6.9072,1.2135,6.9072,1.1330,1,4.314,5.179
1920,DATA_20260322_100000.BIN,1.2135,5.9259,1.2012,5.9259,1.1220,1,3.596,4.490
1921,DATA_20260322_100000.BIN,1.2012,6.0734,0.6631,6.0734,1.1440,1,4.341,6.173
1922,DATA_20260322_100000.BIN,0.6631,6.2080,1.0772,6.2080,1.1440,1,3.370,3.891
1923,DATA_20260322_100000.BIN,1.0772,5.3439,1.1720,5.3439,1.1000,1,2.541,3.065
1924,DATA_20260322_100000.BIN,1.1720,7.3773,0.2713,7.3773,1.2210,1,3.312,4.385
1925,DATA_20260322_100000.BIN,0.2713,4.3542,1.0120,4.3542,1.1330,1,0.430,2.260
1926,DATA_20260322_100000.BIN,1.0120,4.1602,0.8638,4.1602,1.0010,1,1.452,3.476
1927,DATA_20260322_100000.BIN,0.8638,6.6199,1.0384,6.6199,1.1550,1,3.091,4.557
1928,DATA_20260322_100000.BIN,1.0384,6.3332,0.8291,6.3332,1.1220,1,1.940,4.289
1929,DATA_20260322_100000.BIN,0.8291,5.6065,1.1214,5.6065,1.0890,1,0.439,0.635
1930,DATA_20260322_100000.BIN,1.1214,6.5371,0.9441,6.5371,1.0780,1,2.196,2.356
1931,DATA_20260322_100000.BIN,0.9441,6.9239,0.5949,6.9239,1.1110,1,1.594,1.747
1932,DATA_20260322_100000.BIN,0.5949,5.5827,0.5898,5.5827,1.0890,1,1.631,2.383
1933,DATA_20260322_100000.BIN,0.5898,4.5140,1.6103,4.5140,1.0340,1,2.071,2.212
1934,DATA_20260322_100000.BIN,1.6103,6.2610,1.5248,6.2610,1.1330,1,3.621,3.864
1935,DATA_20260322_100000.BIN,1.5248,7.5794,1.8195,7.5794,1.1660,1,2.085,2.088
1936,DATA_20260322_100000.BIN,1.8195,6.1185,1.0396,6.1185,1.0780,1,1.651,1.740
1937,DATA_20260322_100000.BIN,1.0396,5.6152,0.9360,5.6152,1.1110,1,1.389,1.618
1938,DATA_20260322_100000.BIN,0.9360,5.4972,1.5109,5.4972,1.1770,1,0.916,1.433
1939,DATA_20260322_100000.BIN,1.5109,4.6955,1.4321,4.6955,1.1220,1,2.450,2.864
1940,DATA_20260322_100000.BIN,1.4321,5.4217,1.8505,5.4217,1.0670,1,1.035,1.197
1941,DATA_20260322_100000.BIN,1.8505,7.1704,1.8512,7.1704,1.1770,1,0.471,1.366
1942,DATA_20260322_100000.BIN,1.8512,7.3809,1.3456,7.3809,1.1990,1,1.621,1.659
1943,DATA_20260322_100000.BIN,2.1722,7.2147,1.9949,7.2147,1.2650,1,2.794,2.821
1944,DATA_20260322_100000.BIN,1.9949,5.6378,1.3372,5.6378,1.0010,1,0.543,1.013
1945,DATA_20260322_100000.BIN,1.3372,16.6083,0.9820,16.6083,6.2260,1,2.293,2.375
1946,DATA_20260322_100000.BIN,0.9820,4.2565,1.7298,4.2565,1.0670,1,6.804,6.858
1947,DATA_20260322_100000.BIN,1.7298,6.2664,1.2284,6.2664,1.0670,1,3.587,3.695
1948,DATA_20260322_100000.BIN,1.2284,6.7915,1.9631,6.7915,1.1330,1,1.355,2.307
1949,DATA_20260322_100000.BIN,1.9631,6.4667,1.7576,6.4667,1.0890,1,1.191,1.917
1950,DATA_20260322_100000.BIN,1.7576,6.1843,1.0273,6.1843,1.1440,1,1.306,1.326
1951,DATA_20260322_100000.BIN,1.0273,6.1064,0.8195,6.1064,1.1770,1,0.627,0.931
1952,DATA_20260322_100000.BIN,0.8195,4.8115,1.2258,4.8115,1.0120,1,0.282,1.083
1953,DATA_20260322_100000.BIN,1.2258,7.1236,1.3386,7.1236,1.1660,1,1.940,2.662
1954,DATA_20260322_100000.BIN,1.3386,6.9577,0.7312,6.9577,1.0230,1,2.004,2.069
1955,DATA_20260322_100000.BIN,0.7312,7.8798,0.4341,7.8798,1.1990,1,3.824,4.138
1956,DATA_20260322_100000.BIN,0.4341,7.6236,0.9590,7.6236,1.2540,1,2.971,3.325
1957,DATA_20260322_100000.BIN,0.9590,5.5689,1.6055,5.5689,1.1000,1,2.718,2.839
1958,DATA_20260322_100000.BIN,1.6055,7.1474,3.0526,7.1474,1.1990,1,1.377,2.791
1959,DATA_20260322_100000.BIN,3.0526,6.5494,1.2549,6.5494,1.1660,1,3.634,3.945
1960,DATA_20260322_100000.BIN,1.2549,5.9109,2.0934,5.9109,1.1000,1,1.225,1.369
1961,DATA_20260322_100000.BIN,2.0934,6.6342,1.4872,6.6342,1.1330,1,1.975,2.376
1962,DATA_20260322_100000.BIN,1.4872,6.4268,2.6618,6.4268,1.1220,1,2.074,2.082
1963,DATA_20260322_100000.BIN,2.6618,7.4731,3.1988,7.4731,1.1770,1,5.305,5.305
1964,DATA_20260322_100000.BIN,3.1988,8.2237,3.5224,8.2237,1.1990,1,3.963,4.057
1965,DATA_20260322_100000.BIN,3.5224,7.3947,1.3636,7.3947,1.0780,1,1.390,2.688
1966,DATA_20260322_100000.BIN,1.3636,5.4524,0.8049,5.4524,1.0560,1,3.570,3.834
1967,DATA_20260322_100000.BIN,0.8049,7.9383,0.2054,7.9383,1.1770,1,0.183,1.182
1968,DATA_20260322_110000.BIN,3.9475,6.7254,0.8688,6.7254,6.0720,1,1.567,4.118
1969,DATA_20260322_110000.BIN,1.6274,7.2730,0.9731,7.2730,1.3310,1,2.979,8.516
1970,DATA_20260322_110000.BIN,3.2200,6.8160,2.2684,6.8160,3.0470,1,3.801,7.267
1971,DATA_20260322_110000.BIN,2.2684,10.0982,3.6968,10.0982,3.5090,1,4.314,4.416
1972,DATA_20260322_110000.BIN,3.3529,9.4407,4.7810,9.4407,2.6950,1,1.436,1.506
1973,DATA_20260322_110000.BIN,3.3244,6.9382,1.4774,6.9382,1.2430,1,5.840,6.448
1974,DATA_20260322_110000.BIN,1.4774,5.9041,1.6032,5.9041,1.1440,1,2.818,4.578
1975,DATA_20260322_110000.BIN,1.6032,7.0021,2.6399,7.0021,1.1990,1,2.604,3.808
1976,DATA_20260322_110000.BIN,2.2718,52.2844,19.0116,52.2844,7.1610,1,2.205,2.952
1977,DATA_20260322_110000.BIN,19.0116,52.3167,20.9694,52.3167,2.5190,1,20.650,20.890
1978,DATA_20260322_110000.BIN,20.9694,46.5864,5.6281,46.5864,4.3670,1,20.954,21.545
1979,DATA_20260322_110000.BIN,5.6281,52.3089,17.4523,52.3089,4.6420,1,1.660,7.327
1980,DATA_20260322_110000.BIN,17.4523,23.9291,13.6559,23.9291,0.9020,1,14.162,18.600
1981,DATA_20260322_110000.BIN,13.6559,37.3150,21.4111,37.3150,3.3770,1,8.370,11.404
1982,DATA_20260322_110000.BIN,21.4111,40.3407,25.3246,40.3407,6.1710,1,16.848,17.850
1983,DATA_20260322_110000.BIN,25.3246,52.4290,49.8467,52.4290,5.1150,1,20.093,21.096
1984,DATA_20260322_110000.BIN,34.1304,51.9870,48.4802,51.9870,3.2560,1,30.825,30.981
1985,DATA_20260322_110000.BIN,48.4802,52.3755,38.8108,52.3755,5.3240,1,55.101,55.615
1986,DATA_20260322_110000.BIN,38.8108,52.4285,44.2947,52.4285,5.6210,1,29.290,29.655
1987,DATA_20260322_110000.BIN,44.2947,52.3922,49.0862,52.3922,2.3430,1,36.513,36.757
1988,DATA_20260322_110000.BIN,24.9245,52.3991,29.2285,52.3991,7.9970,1,16.568,16.724
1989,DATA_20260322_110000.BIN,29.2285,34.0777,22.9245,34.0777,3.7070,1,9.316,9.323
1990,DATA_20260322_110000.BIN,22.9245,52.3756,5.9966,52.3756,6.8530,1,0.576,2.771
1991,DATA_20260322_110000.BIN,5.9966,14.2244,7.0924,14.2244,3.2340,1,28.805,28.981
1992,DATA_20260322_110000.BIN,7.0924,52.2949,43.0122,52.2949,3.1460,1,20.197,20.980
1993,DATA_20260322_110000.BIN,43.0122,52.3201,49.6404,52.3201,4.6090,1,35.050,35.061
1994,DATA_20260322_110000.BIN,49.6404,52.2109,3.2225,52.2109,5.5000,1,85.682,85.682
1995,DATA_20260322_110000.BIN,2.2459,9.7869,1.9830,9.7869,2.2550,1,32.118,32.223
1996,DATA_20260322_110000.BIN,1.9830,8.4721,3.3197,8.4721,1.1770,1,29.243,29.826
1997,DATA_20260322_110000.BIN,3.3197,51.7178,42.1125,51.7178,2.8050,1,31.586,32.765
1998,DATA_20260322_110000.BIN,42.1125,49.0520,0.7579,49.0520,2.8160,1,108.558,113.614
1999,DATA_20260322_110000.BIN,0.7579,9.0281,0.8153,9.0281,3.3770,1,36.197,36.544
2000,DATA_20260322_110000.BIN,6.0682,17.5622,6.4623,17.5622,1.8150,1,25.597,26.064
2001,DATA_20260322_110000.BIN,6.4623,13.7156,7.0906,13.7156,1.7050,1,23.542,26.347
2002,DATA_20260322_110000.BIN,7.0906,36.8617,19.7163,36.8617,2.9810,1,20.013,20.522
2003,DATA_20260322_110000.BIN,19.7163,26.1104,3.7316,26.1104,4.1360,1,7.820,9.853
2004,DATA_20260322_110000.BIN,3.7316,9.8485,2.8624,9.8485,3.8940,1,21.873,21.889
2005,DATA_20260322_110000.BIN,2.8624,9.0825,2.6382,9.0825,1.8260,1,20.480,21.345
2006,DATA_20260322_110000.BIN,2.6382,13.8219,2.3170,13.8219,2.1340,1,18.911,18.924
2007,DATA_20260322_110000.BIN,2.3170,52.2150,8.5690,52.2150,5.3350,1,16.890,17.340
2008,DATA_20260322_110000.BIN,8.5690,22.0449,1.3778,22.0449,4.2900,1,10.401,11.157
2009,DATA_20260322_110000.BIN,1.3778,51.2999,48.7021,51.2999,3.0470,1,15.067,15.544
2010,DATA_20260322_110000.BIN,48.7021,52.1494,48.4386,52.1494,9.0970,1,100.579,103.240
2011,DATA_20260322_110000.BIN,43.6097,52.1765,34.4939,52.1765,1.6500,1,34.235,34.332
2012,DATA_20260322_110000.BIN,34.4939,52.1511,42.3634,52.1511,2.8600,1,14.926,17.419
2013,DATA_20260322_110000.BIN,42.3634,51.6425,42.5416,51.6425,2.9590,1,101.574,106.486
2014,DATA_20260322_110000.BIN,42.5416,50.9842,39.7752,50.9842,4.6970,1,90.735,94.424
2015,DATA_20260322_110000.BIN,39.7752,50.4854,9.2751,50.4854,4.8620,1,88.394,92.126
2016,DATA_20260322_110000.BIN,9.2751,51.5926,47.1477,51.5926,3.2670,1,47.001,50.912
2017,DATA_20260322_110000.BIN,48.4011,52.1769,48.7454,52.1769,6.3580,1,19.255,19.321
2018,DATA_20260322_110000.BIN,48.7454,52.0057,41.3648,52.0057,5.9180,1,61.830,62.961
2019,DATA_20260322_110000.BIN,41.3648,51.8817,12.5840,51.8817,2.5740,1,9.507,12.359
2020,DATA_20260322_110000.BIN,4.3916,23.5960,9.7970,23.5960,3.9710,1,54.861,58.134
2021,DATA_20260322_110000.BIN,9.7970,51.1157,16.9760,51.1157,2.8050,1,45.391,47.730
2022,DATA_20260322_110000.BIN,16.9760,23.4235,4.7861,23.4235,1.5840,1,31.517,33.036
2023,DATA_20260322_110000.BIN,4.7861,14.1887,3.4673,14.1887,1.3090,1,42.246,43.168
2024,DATA_20260322_110000.BIN,3.4673,10.0463,3.6525,10.0463,2.4530,1,38.774,39.916
2025,DATA_20260322_110000.BIN,4.5248,14.9674,10.1185,14.9674,3.4100,1,40.299,41.737
2026,DATA_20260322_110000.BIN,10.1185,13.9997,7.3868,13.9997,1.9140,1,33.242,35.475
2027,DATA_20260322_110000.BIN,7.3868,15.0982,9.4008,15.0982,3.6410,1,29.583,30.343
2028,DATA_20260322_110000.BIN,9.4008,18.3193,7.6915,18.3193,2.2440,1,20.309,22.406
2029,DATA_20260322_110000.BIN,7.6915,52.0092,9.0622,52.0092,8.6790,1,24.560,25.085
2030,DATA_20260322_110000.BIN,5.0904,52.1905,3.5004,52.1905,6.3690,1,23.095,25.960
2031,DATA_20260322_110000.BIN,3.5004,8.6176,4.3481,8.6176,2.5740,1,26.454,26.555
2032,DATA_20260322_110000.BIN,4.3481,13.6578,7.0949,13.6578,5.5440,1,19.806,19.926
2033,DATA_20260322_110000.BIN,7.0949,21.0176,8.8425,21.0176,2.1230,1,14.053,16.059
2034,DATA_20260322_110000.BIN,8.8425,50.8176,44.9025,50.8176,4.0260,1,6.262,8.066
2035,DATA_20260322_110000.BIN,44.9025,50.4446,10.3414,50.4446,2.7060,1,45.138,46.942
2036,DATA_20260322_110000.BIN,10.3414,43.6197,8.1067,43.6197,2.6950,1,8.931,11.748
2037,DATA_20260322_110000.BIN,2.5428,12.7107,8.0376,12.7107,2.1890,1,21.986,22.326
2038,DATA_20260322_110000.BIN,8.0376,11.8703,6.9324,11.8703,1.0560,1,13.915,14.448
2039,DATA_20260322_110000.BIN,6.9324,13.9500,4.6805,13.9500,1.2210,1,8.417,8.616
2040,DATA_20260322_110000.BIN,4.6805,8.7101,2.6971,8.7101,1.0560,1,10.637,10.746
2041,DATA_20260322_110000.BIN,2.6971,10.6808,2.0488,10.6808,1.1550,1,11.080,11.438
2042,DATA_20260322_110000.BIN,2.0488,7.8140,2.6213,7.8140,1.1220,1,15.386,15.633
2043,DATA_20260322_110000.BIN,2.6213,9.2022,2.2598,9.2022,1.1550,1,14.391,15.447
2044,DATA_20260322_110000.BIN,2.2598,8.7229,1.5457,8.7229,1.1330,1,12.411,13.050
2045,DATA_20260322_110000.BIN,1.5457,7.4474,0.7434,7.4474,1.1110,1,10.471,11.144
2046,DATA_20260322_110000.BIN,0.7434,9.6119,2.8935,9.6119,1.1770,1,8.466,9.044
2047,DATA_20260322_110000.BIN,2.8935,8.4761,1.4592,8.4761,1.1000,1,6.876,6.939
2048,DATA_20260322_110000.BIN,1.4592,9.3027,1.3006,9.3027,1.1880,1,5.479,6.021
2049,DATA_20260322_110000.BIN,1.3006,7.9635,2.7437,7.9635,1.0670,1,6.598,6.613
2050,DATA_20260322_110000.BIN,2.7437,8.8387,1.5881,8.8387,1.1880,1,3.061,3.728
2051,DATA_20260322_110000.BIN,1.5881,7.9137,1.2124,7.9137,1.1000,1,4.413,4.810
2052,DATA_20260322_110000.BIN,1.2124,9.0975,3.1177,9.0975,1.1770,1,3.467,4.409
2053,DATA_20260322_110000.BIN,3.1177,9.7667,1.0902,9.7667,1.1330,1,0.617,0.693
2054,DATA_20260322_110000.BIN,1.0902,8.7225,3.3766,8.7225,1.1440,1,3.018,3.320
2055,DATA_20260322_110000.BIN,3.3766,9.6895,3.1248,9.6895,1.0890,1,3.669,3.743
2056,DATA_20260322_110000.BIN,3.1248,11.1878,1.8278,11.1878,1.1770,1,2.621,2.633
2057,DATA_20260322_110000.BIN,1.8278,8.6683,3.1690,8.6683,1.0560,1,2.663,2.740
2058,DATA_20260322_110000.BIN,3.1690,11.1889,3.1597,11.1889,1.2210,1,1.918,2.346
2059,DATA_20260322_110000.BIN,4.0056,11.2759,5.8484,11.2759,1.1770,1,1.360,2.007
2060,DATA_20260322_110000.BIN,5.8484,12.3953,2.9078,12.3953,2.4530,1,3.465,3.475
2061,DATA_20260322_110000.BIN,2.9078,10.0327,4.1140,10.0327,1.2210,1,0.333,2.209
2062,DATA_20260322_110000.BIN,4.1140,10.0779,3.8583,10.0779,1.0120,1,3.320,5.491
2063,DATA_20260322_110000.BIN,3.8583,12.3870,5.4278,12.3870,1.3860,1,3.317,4.432
2064,DATA_20260322_110000.BIN,0.9190,6.7179,1.5016,6.7179,1.6170,1,2.377,4.858
2065,DATA_20260322_110000.BIN,1.5016,12.3990,3.9948,12.3990,3.0250,1,3.587,3.815
2066,DATA_20260322_110000.BIN,2.9370,6.9958,2.5076,6.9958,3.7730,1,4.511,5.016
2067,DATA_20260322_110000.BIN,2.5076,6.3552,0.9363,6.3552,1.8480,1,2.725,3.555
2068,DATA_20260322_110000.BIN,0.9363,5.6577,2.0676,5.6577,1.1770,1,3.616,4.235
2069,DATA_20260322_110000.BIN,2.4663,9.5946,2.5448,9.5946,2.2550,1,3.797,4.783
2070,DATA_20260322_110000.BIN,2.0693,5.9700,0.6003,5.9700,1.1440,1,3.408,4.117
2071,DATA_20260322_110000.BIN,0.6003,6.3174,1.7734,6.3174,2.2440,1,1.323,1.725
2072,DATA_20260322_110000.BIN,1.3847,8.8628,1.0911,8.8628,2.3430,1,1.767,2.692
2073,DATA_20260322_110000.BIN,1.0911,6.9332,2.0487,6.9332,1.1000,1,0.725,1.168
2074,DATA_20260322_110000.BIN,2.9815,9.0117,1.4397,9.0117,1.2980,1,2.518,2.562
2075,DATA_20260322_110000.BIN,1.4397,7.2739,0.9669,7.2739,1.1550,1,0.614,1.526
2076,DATA_20260322_110000.BIN,0.6055,7.6177,0.8287,7.6177,1.1770,1,1.660,2.038
2077,DATA_20260322_110000.BIN,0.8287,6.2272,0.5206,6.2272,0.9900,1,1.975,2.000
2078,DATA_20260322_110000.BIN,0.5206,6.9870,1.4653,6.9870,2.2220,1,1.195,1.596
2079,DATA_20260322_110000.BIN,1.4653,7.0190,1.1453,7.0190,2.2000,1,1.719,1.804
2080,DATA_20260322_110000.BIN,1.1453,10.2311,4.0055,10.2311,1.1880,1,1.191,1.798
2081,DATA_20260322_110000.BIN,1.1450,6.8397,1.5082,6.8397,3.3000,1,1.012,1.895
2082,DATA_20260322_110000.BIN,0.4022,13.0459,7.0167,13.0459,5.1700,1,1.355,3.635
2083,DATA_20260322_110000.BIN,8.6376,17.5678,1.9723,17.5678,4.6090,1,8.412,13.524
2084,DATA_20260322_110000.BIN,1.9723,11.5275,2.1129,11.5275,1.1000,1,2.900,3.611
2085,DATA_20260322_110000.BIN,2.1129,11.0848,1.3361,11.0848,1.0670,1,0.725,2.285
2086,DATA_20260322_110000.BIN,1.3361,10.7780,3.2326,10.7780,1.1770,1,0.838,1.104
2087,DATA_20260322_110000.BIN,3.2326,10.2350,1.7536,10.2350,1.1440,1,5.021,5.262
2088,DATA_20260322_110000.BIN,1.7536,10.9474,1.6151,10.9474,1.1770,1,0.717,2.407
2089,DATA_20260322_110000.BIN,1.6151,8.9130,2.8552,8.9130,1.1550,1,0.935,2.348
2090,DATA_20260322_110000.BIN,2.8552,9.8115,1.6421,9.8115,1.0890,1,4.862,4.869
2091,DATA_20260322_110000.BIN,1.6421,15.7662,4.7355,15.7662,2.4750,1,0.866,0.882
2092,DATA_20260322_110000.BIN,4.7355,11.6221,3.2661,11.6221,1.0560,1,4.436,4.555
2093,DATA_20260322_110000.BIN,3.2661,9.8645,2.7447,9.8645,1.1330,1,2.231,2.243
2094,DATA_20260322_110000.BIN,2.7447,10.2701,3.5488,10.2701,1.1880,1,3.430,4.252
2095,DATA_20260322_110000.BIN,3.5488,10.9978,3.0783,10.9978,1.2210,1,2.561,2.670
2096,DATA_20260322_110000.BIN,3.0783,9.7451,4.5971,9.7451,1.1110,1,1.663,1.897
2097,DATA_20260322_110000.BIN,4.5971,11.8309,2.8799,11.8309,1.2870,1,3.264,3.265
2098,DATA_20260322_110000.BIN,2.8799,9.1908,3.4468,9.1908,1.1330,1,1.248,2.811
2099,DATA_20260322_110000.BIN,3.4468,12.8763,6.1190,12.8763,1.3640,1,2.265,3.861
2100,DATA_20260322_110000.BIN,6.1190,13.0481,5.8970,13.0481,1.1990,1,4.665,5.173
2101,DATA_20260322_110000.BIN,5.8970,11.9849,5.1657,11.9849,1.1000,1,3.905,3.961
2102,DATA_20260322_110000.BIN,5.1657,13.8883,0.9573,13.8883,2.5080,1,2.629,2.664
2103,DATA_20260322_110000.BIN,0.9573,8.2439,0.9134,8.2439,1.1660,1,4.456,4.490
2104,DATA_20260322_110000.BIN,2.1609,6.3873,2.0354,6.3873,1.2650,1,5.438,5.443
2105,DATA_20260322_110000.BIN,2.0354,7.0520,3.0455,7.0520,1.0780,1,2.803,2.810
2106,DATA_20260322_110000.BIN,4.0279,8.7257,3.2006,8.7257,1.2980,1,4.073,4.228
2107,DATA_20260322_110000.BIN,3.2006,8.3733,0.9899,8.3733,1.1000,1,1.557,1.972
2108,DATA_20260322_110000.BIN,0.9899,8.4956,2.4850,8.4956,1.1330,1,2.240,2.494
2109,DATA_20260322_110000.BIN,2.4850,8.7347,1.6767,8.7347,2.4200,1,2.210,2.730
2110,DATA_20260322_110000.BIN,1.6767,9.7061,2.8827,9.7061,1.2320,1,2.199,2.207
2111,DATA_20260322_110000.BIN,2.8827,9.7490,4.5647,9.7490,1.2980,1,1.134,1.312
2112,DATA_20260322_110000.BIN,4.5647,9.3233,4.9317,9.3233,1.1880,1,2.908,2.937
2113,DATA_20260322_110000.BIN,4.9317,9.6604,5.5676,9.6604,1.2760,1,3.149,3.150
2114,DATA_20260322_110000.BIN,5.5676,11.1019,2.3646,11.1019,3.7290,1,3.466,3.481
2115,DATA_20260322_110000.BIN,2.3646,7.9888,3.6605,7.9888,2.3980,1,1.677,1.871
2116,DATA_20260322_110000.BIN,4.8839,10.7741,3.5880,10.7741,2.5960,1,2.584,2.745
2117,DATA_20260322_110000.BIN,2.8535,8.8370,4.2874,8.8370,1.2980,1,1.063,2.096
2118,DATA_20260322_110000.BIN,4.2874,8.6136,2.7308,8.6136,1.2980,1,1.611,1.619
2119,DATA_20260322_110000.BIN,5.9249,10.3098,3.0641,10.3098,2.3870,1,3.303,4.226
2120,DATA_20260322_110000.BIN,3.0641,9.0264,2.0352,9.0264,1.1440,1,2.734,2.741
2121,DATA_20260322_110000.BIN,2.0352,8.8269,2.8733,8.8269,2.5960,1,1.629,2.015
2122,DATA_20260322_110000.BIN,2.8733,8.3616,4.3165,8.3616,1.2430,1,2.571,2.711
2123,DATA_20260322_110000.BIN,4.3165,12.9761,7.4896,12.9761,1.3200,1,2.308,2.389
2124,DATA_20260322_110000.BIN,7.4896,13.0734,6.2787,13.0734,1.2650,1,5.130,5.273
2125,DATA_20260322_110000.BIN,6.2787,11.8477,3.6379,11.8477,2.6730,1,4.199,4.410
2126,DATA_20260322_110000.BIN,3.8184,9.3763,3.3897,9.3763,1.3420,1,1.411,1.618
2127,DATA_20260322_110000.BIN,3.3897,9.0743,3.5297,9.0743,1.3860,1,0.532,0.558
2128,DATA_20260322_110000.BIN,5.2823,12.6917,8.6802,12.6917,2.7060,1,1.807,1.848
2129,DATA_20260322_110000.BIN,8.6461,13.0549,7.8405,13.0549,1.5620,1,5.500,5.554
2130,DATA_20260322_110000.BIN,7.8405,51.8352,35.9018,51.8352,4.5980,1,3.982,4.264
2131,DATA_20260322_110000.BIN,35.9018,52.1521,49.5892,52.1521,3.2120,1,39.567,39.702
2132,DATA_20260322_110000.BIN,20.5057,29.7344,7.6371,29.7344,2.3650,1,15.008,15.181
2133,DATA_20260322_110000.BIN,7.6371,43.6777,7.1868,43.6777,3.0470,1,2.204,2.292
2134,DATA_20260322_110000.BIN,7.1868,19.0177,2.2232,19.0177,2.5300,1,2.002,8.575
2135,DATA_20260322_110000.BIN,1.2850,10.6334,5.8052,10.6334,2.2770,1,11.102,11.637
2136,DATA_20260322_110000.BIN,5.8052,13.0879,2.2181,13.0879,2.1120,1,7.327,7.598
2137,DATA_20260322_110000.BIN,2.2181,9.3637,2.6305,9.3637,1.3310,1,8.376,9.002
2138,DATA_20260322_110000.BIN,2.6305,7.2434,1.5118,7.2434,1.1660,1,6.735,6.818
2139,DATA_20260322_110000.BIN,1.5118,8.6655,2.1280,8.6655,1.1660,1,9.039,9.391
2140,DATA_20260322_110000.BIN,2.1280,9.3549,4.9831,9.3549,1.2650,1,6.585,7.265
2141,DATA_20260322_110000.BIN,4.9831,10.0166,4.6418,10.0166,1.2210,1,4.640,4.816
2142,DATA_20260322_110000.BIN,4.6418,10.2543,3.2130,10.2543,1.2210,1,3.738,4.200
2143,DATA_20260322_110000.BIN,3.2130,7.9360,1.9422,7.9360,1.1990,1,3.484,4.013
2144,DATA_20260322_110000.BIN,1.9422,8.4772,2.1238,8.4772,1.2650,1,3.015,3.109
2145,DATA_20260322_110000.BIN,2.1238,7.8507,1.9918,7.8507,1.1990,1,2.796,3.382
2146,DATA_20260322_110000.BIN,1.9918,8.5024,2.8906,8.5024,1.3420,1,3.414,3.520
2147,DATA_20260322_110000.BIN,2.8906,7.5691,1.7770,7.5691,1.1110,1,1.966,2.621
2148,DATA_20260322_110000.BIN,1.7770,8.5764,4.2670,8.5764,1.3090,1,2.525,2.526
2149,DATA_20260322_110000.BIN,4.2670,8.7611,1.0349,8.7611,2.3320,1,2.338,2.969
2150,DATA_20260322_110000.BIN,1.0349,8.7080,4.5265,8.7080,1.3530,1,3.045,3.065
2151,DATA_20260322_110000.BIN,4.5265,21.8173,5.5600,21.8173,8.1620,1,2.302,4.069
2152,DATA_20260322_110000.BIN,6.3634,13.2780,8.1184,13.2780,1.5400,1,6.425,7.583
2153,DATA_20260322_110000.BIN,8.1184,34.7121,6.3972,34.7121,2.7390,1,8.082,8.196
2154,DATA_20260322_110000.BIN,6.3972,22.3817,9.0289,22.3817,1.4520,1,6.052,6.360
2155,DATA_20260322_110000.BIN,2.4380,9.5834,1.7709,9.5834,1.1550,1,2.982,5.053
2156,DATA_20260322_110000.BIN,1.7709,10.5135,2.0384,10.5135,1.1330,1,5.725,5.740
2157,DATA_20260322_110000.BIN,2.0384,9.5844,3.5588,9.5844,2.2330,1,2.206,3.371
2158,DATA_20260322_110000.BIN,3.5588,8.6305,1.3187,8.6305,0.9570,1,6.738,8.393
2159,DATA_20260322_110000.BIN,1.3187,9.5458,1.5922,9.5458,1.0780,1,4.182,4.343
2160,DATA_20260322_110000.BIN,1.5922,8.2101,0.6691,8.2101,1.0890,1,3.446,3.459
2161,DATA_20260322_110000.BIN,0.6691,8.8541,1.1508,8.8541,1.1220,1,2.722,2.987
2162,DATA_20260322_110000.BIN,1.1508,7.8619,1.9713,7.8619,1.0560,1,2.861,2.994
2163,DATA_20260322_110000.BIN,1.9713,8.9366,2.0874,8.9366,1.0890,1,3.341,3.345
2164,DATA_20260322_110000.BIN,2.0874,9.5508,0.4190,9.5508,1.0450,1,2.985,3.005
2165,DATA_20260322_110000.BIN,0.4190,8.6933,1.7439,8.6933,1.1110,1,1.248,1.565
2166,DATA_20260322_110000.BIN,1.7439,8.6905,4.6502,8.6905,1.1110,1,1.902,2.106
2167,DATA_20260322_110000.BIN,4.6502,9.6857,0.2975,9.6857,1.0230,1,4.598,4.628
2168,DATA_20260322_110000.BIN,0.2975,10.0110,1.5000,10.0110,1.0560,1,1.543,1.998
2169,DATA_20260322_110000.BIN,1.5000,9.7078,0.1994,9.7078,1.0560,1,2.756,2.774
2170,DATA_20260322_110000.BIN,0.1994,9.4001,2.1598,9.4001,1.0450,1,0.765,0.765
2171,DATA_20260322_110000.BIN,2.1598,10.1158,0.5445,10.1158,1.0450,1,1.640,1.770
2172,DATA_20260322_110000.BIN,0.5445,9.2735,2.5555,9.2735,1.0450,1,1.601,1.995
2173,DATA_20260322_110000.BIN,2.5555,10.0886,0.9329,10.0886,1.1110,1,2.243,2.245
2174,DATA_20260322_110000.BIN,0.9329,9.5309,0.8913,9.5309,1.0560,1,1.695,2.722
2175,DATA_20260322_110000.BIN,0.8913,9.5954,1.4600,9.5954,1.0670,1,0.544,1.016
2176,DATA_20260322_110000.BIN,1.4600,9.1882,2.0016,9.1882,1.0010,1,1.068,1.475
2177,DATA_20260322_110000.BIN,2.0016,10.5098,1.7861,10.5098,1.1220,1,1.469,1.845
2178,DATA_20260322_110000.BIN,1.7861,9.1537,1.2774,9.1537,1.0560,1,1.080,1.385
2179,DATA_20260322_110000.BIN,1.2774,11.1153,1.6246,11.1153,1.1770,1,0.342,1.011
2180,DATA_20260322_110000.BIN,1.6246,8.6698,2.3693,8.6698,0.9680,1,0.824,0.930
2181,DATA_20260322_110000.BIN,2.3693,8.5595,1.5604,8.5595,1.0670,1,3.563,3.897
2182,DATA_20260322_110000.BIN,1.5604,7.9707,3.4393,7.9707,1.1220,1,1.270,1.532
2183,DATA_20260322_110000.BIN,1.5080,9.1799,3.5055,9.1799,1.2540,1,0.880,2.700
2184,DATA_20260322_110000.BIN,3.5055,10.9218,2.7241,10.9218,1.0670,1,2.900,3.326
2185,DATA_20260322_110000.BIN,2.7241,10.3620,2.5853,10.3620,1.1220,1,2.205,2.293
2186,DATA_20260322_110000.BIN,2.5853,8.5530,1.9676,8.5530,1.0230,1,1.447,2.468
2187,DATA_20260322_110000.BIN,1.9676,7.3643,2.1202,7.3643,1.0230,1,2.198,2.278
2188,DATA_20260322_110000.BIN,2.1202,8.6666,2.7293,8.6666,1.1330,1,1.153,1.666
2189,DATA_20260322_110000.BIN,2.7293,9.6928,4.6334,9.6928,1.1220,1,1.439,2.275
2190,DATA_20260322_110000.BIN,4.6334,10.9074,3.8292,10.9074,1.1000,1,4.442,4.472
2191,DATA_20260322_110000.BIN,3.8292,8.2200,2.4411,8.2200,1.0780,1,2.398,2.399
2192,DATA_20260322_110000.BIN,2.4411,7.1502,2.0825,7.1502,2.1230,1,1.512,1.885
2193,DATA_20260322_110000.BIN,2.0825,7.0281,3.4863,7.0281,1.1000,1,1.192,1.997
2194,DATA_20260322_110000.BIN,2.0091,9.0488,2.5304,9.0488,1.1880,1,1.292,1.806
2195,DATA_20260322_110000.BIN,2.5304,7.5595,3.0462,7.5595,1.0560,1,1.617,2.042
2196,DATA_20260322_110000.BIN,3.0462,10.4625,2.4544,10.4625,1.1770,1,1.680,1.680
2197,DATA_20260322_110000.BIN,2.4544,8.0716,2.1390,8.0716,1.0010,1,0.481,2.189
2198,DATA_20260322_110000.BIN,2.1390,8.8822,3.4890,8.8822,1.1330,1,1.893,2.001
2199,DATA_20260322_110000.BIN,3.4890,7.4792,3.0207,7.4792,1.0230,1,2.284,2.301
2200,DATA_20260322_110000.BIN,3.0207,8.0520,3.1801,8.0520,1.2650,1,2.180,3.420
2201,DATA_20260322_110000.BIN,3.1801,8.4979,3.7233,8.4979,1.0230,1,1.156,2.239
2202,DATA_20260322_110000.BIN,3.7233,8.6981,4.6126,8.6981,1.1000,1,1.706,2.263
2203,DATA_20260322_110000.BIN,4.6126,8.5964,1.9533,8.5964,1.0890,1,2.545,3.044
2204,DATA_20260322_110000.BIN,1.9533,9.2821,4.0101,9.2821,1.1990,1,1.282,1.420
2205,DATA_20260322_110000.BIN,4.0101,8.7115,3.3303,8.7115,1.0010,1,1.789,1.899
2206,DATA_20260322_110000.BIN,3.3303,10.7248,5.0767,10.7248,1.2650,1,1.142,3.221
2207,DATA_20260322_110000.BIN,5.0767,9.9003,5.1216,9.9003,1.1220,1,4.747,5.551
2208,DATA_20260322_110000.BIN,5.1216,10.3136,4.1075,10.3136,1.1000,1,3.544,3.760
2209,DATA_20260322_110000.BIN,4.1075,10.1965,2.5019,10.1965,1.1660,1,3.160,3.368
2210,DATA_20260322_110000.BIN,2.5019,7.4468,2.6644,7.4468,1.0340,1,1.267,1.371
2211,DATA_20260322_110000.BIN,2.6644,9.1965,2.0535,9.1965,1.2430,1,0.860,2.323
2212,DATA_20260322_110000.BIN,2.0535,9.4361,0.8631,9.4361,1.1880,1,1.056,1.254
2213,DATA_20260322_110000.BIN,0.8631,7.2757,2.4180,7.2757,1.1330,1,2.288,2.332
2214,DATA_20260322_110000.BIN,2.4180,9.7686,2.7328,9.7686,1.3530,1,0.217,3.150
2215,DATA_20260322_110000.BIN,5.1539,15.4179,8.0291,15.4179,2.6950,1,3.089,4.790
2216,DATA_20260322_110000.BIN,8.0291,46.9618,16.3586,46.9618,3.8830,1,6.409,7.475
2217,DATA_20260322_110000.BIN,16.3586,30.5659,23.5913,30.5659,3.3000,1,14.912,17.604
2218,DATA_20260322_110000.BIN,23.5913,38.6474,33.8349,38.6474,3.3550,1,22.293,24.748
2219,DATA_20260322_110000.BIN,18.4744,51.7099,3.6131,51.7099,3.5200,1,14.279,14.323
2220,DATA_20260322_110000.BIN,4.6220,8.6334,2.8665,8.6334,2.4310,1,13.939,14.149
2221,DATA_20260322_110000.BIN,2.8665,9.8503,1.4481,9.8503,3.5200,1,10.779,10.831
2222,DATA_20260322_110000.BIN,1.4481,8.0722,4.3576,8.0722,1.6280,1,4.841,4.889
2223,DATA_20260322_110000.BIN,1.0997,8.9906,0.5973,8.9906,1.2430,1,7.249,7.307
2224,DATA_20260322_110000.BIN,0.5973,8.4017,1.6592,8.4017,0.9790,1,4.691,5.384
2225,DATA_20260322_110000.BIN,1.6592,8.0668,1.8254,8.0668,5.1150,1,6.351,6.559
2226,DATA_20260322_110000.BIN,2.8230,8.1349,2.1675,8.1349,1.0340,1,7.463,7.608
2227,DATA_20260322_110000.BIN,2.1675,6.8968,3.0366,6.8968,1.0890,1,5.669,5.724
2228,DATA_20260322_110000.BIN,3.0366,7.1875,2.3346,7.1875,1.0560,1,6.258,6.258
2229,DATA_20260322_110000.BIN,2.3346,6.9578,2.0866,6.9578,1.0670,1,4.706,4.753
2230,DATA_20260322_110000.BIN,1.4871,8.3588,2.3783,8.3588,5.7530,1,1.534,9.216
2231,DATA_20260322_110000.BIN,2.3783,9.7452,2.9146,9.7452,1.1110,1,4.057,4.103
2232,DATA_20260322_110000.BIN,2.9146,7.0733,2.9537,7.0733,1.1000,1,4.214,4.476
2233,DATA_20260322_110000.BIN,3.1467,7.5768,2.0624,7.5768,0.9020,1,4.071,4.074
2234,DATA_20260322_110000.BIN,2.0624,8.9579,0.8043,8.9579,1.1660,1,1.875,5.309
2235,DATA_20260322_110000.BIN,0.8043,10.3044,2.8700,10.3044,1.1880,1,1.432,1.437
2236,DATA_20260322_110000.BIN,2.8700,8.5664,2.6652,8.5664,0.9900,1,2.241,3.027
2237,DATA_20260322_110000.BIN,2.6652,10.9273,3.6950,10.9273,1.3090,1,2.692,5.085
2238,DATA_20260322_110000.BIN,3.6950,11.8603,1.7951,11.8603,1.0560,1,3.450,3.765
2239,DATA_20260322_110000.BIN,1.7951,11.7873,4.0105,11.7873,1.1990,1,0.671,1.711
2240,DATA_20260322_110000.BIN,4.0105,11.8609,3.3875,11.8609,1.1660,1,3.234,3.269
2241,DATA_20260322_110000.BIN,3.3875,11.9680,3.8194,11.9680,1.2320,1,3.340,3.399
2242,DATA_20260322_110000.BIN,3.8194,12.9190,1.6810,12.9190,1.1660,1,3.586,4.620
2243,DATA_20260322_110000.BIN,1.6810,8.9099,2.7744,8.9099,1.3970,1,1.392,2.867
2244,DATA_20260322_110000.BIN,2.7744,8.1036,2.8265,8.1036,1.3750,1,4.381,5.024
2245,DATA_20260322_110000.BIN,2.8265,29.8398,0.3429,29.8398,6.0170,1,4.296,4.551
2246,DATA_20260322_110000.BIN,0.3429,4.2680,1.2305,4.2680,3.4210,1,1.639,1.758
2247,DATA_20260322_110000.BIN,1.2305,10.3061,1.8044,10.3061,4.6860,1,2.232,3.054
2248,DATA_20260322_110000.BIN,1.8044,11.5900,5.9145,11.5900,2.2220,1,0.843,7.287
2249,DATA_20260322_110000.BIN,5.9145,12.1084,2.7025,12.1084,1.8590,1,6.012,9.810
2250,DATA_20260322_110000.BIN,2.7025,8.6390,3.6012,8.6390,2.1010,1,4.553,4.559
2251,DATA_20260322_110000.BIN,3.6012,9.4961,1.4513,9.4961,1.6830,1,5.167,5.875
2252,DATA_20260322_110000.BIN,1.7789,11.8836,5.5030,11.8836,2.9370,1,1.427,1.564
2253,DATA_20260322_110000.BIN,1.0439,9.5538,2.9906,9.5538,4.7520,1,1.505,2.890
2254,DATA_20260322_110000.BIN,2.9906,17.2251,5.5415,17.2251,4.8840,1,3.487,3.572
2255,DATA_20260322_110000.BIN,5.5415,15.8590,6.2737,15.8590,5.1590,1,7.155,7.156
2256,DATA_20260322_110000.BIN,6.2737,10.2467,3.2957,10.2467,1.3750,1,6.950,7.300
2257,DATA_20260322_110000.BIN,3.2957,15.6701,2.4921,15.6701,2.7280,1,3.216,3.543
2258,DATA_20260322_110000.BIN,2.4921,10.5674,0.3448,10.5674,2.4310,1,3.505,5.542
2259,DATA_20260322_110000.BIN,0.3448,42.7209,16.6436,42.7209,5.1810,1,0.773,2.316
2260,DATA_20260322_110000.BIN,16.6436,31.5786,24.9541,31.5786,2.5080,1,18.396,20.765
2261,DATA_20260322_110000.BIN,24.9541,36.4632,22.9599,36.4632,5.4230,1,26.724,29.716
2262,DATA_20260322_110000.BIN,22.9599,30.0965,12.4417,30.0965,3.4760,1,21.897,29.329
2263,DATA_20260322_110000.BIN,12.4417,37.6390,25.2155,37.6390,6.6330,1,7.060,7.254
2264,DATA_20260322_110000.BIN,5.8021,15.9108,5.8007,15.9108,1.5400,1,3.897,5.126
2265,DATA_20260322_110000.BIN,5.8007,51.9458,36.6352,51.9458,6.8970,1,1.707,6.443
2266,DATA_20260322_110000.BIN,36.6352,50.7603,11.3793,50.7603,2.7940,1,39.350,39.536
2267,DATA_20260322_110000.BIN,11.3793,15.1777,2.7512,15.1777,2.4860,1,12.957,13.314
2268,DATA_20260322_110000.BIN,2.7512,11.9089,2.8302,11.9089,1.1110,1,9.877,10.735
2269,DATA_20260322_110000.BIN,2.8302,10.1377,4.1452,10.1377,0.9790,1,9.354,9.541
2270,DATA_20260322_110000.BIN,4.1452,9.9291,1.9487,9.9291,2.1120,1,11.974,12.876
2271,DATA_20260322_110000.BIN,1.9487,8.4182,3.1468,8.4182,1.1000,1,8.088,9.779
2272,DATA_20260322_110000.BIN,3.1468,8.8183,2.9908,8.8183,1.0120,1,9.862,10.468
2273,DATA_20260322_110000.BIN,2.9908,12.8730,3.0933,12.8730,1.0560,1,5.632,6.612
2274,DATA_20260322_110000.BIN,3.0933,15.0128,2.3767,15.0128,2.1340,1,2.537,3.289
2275,DATA_20260322_110000.BIN,2.3767,8.6424,1.1109,8.6424,1.0010,1,6.845,6.936
2276,DATA_20260322_110000.BIN,1.1109,9.8710,4.7115,9.8710,1.0230,1,3.614,3.947
2277,DATA_20260322_110000.BIN,4.7115,11.9716,3.9725,11.9716,1.1440,1,2.252,3.125
2278,DATA_20260322_110000.BIN,3.9725,10.0099,3.8046,10.0099,1.0340,1,0.466,0.660
2279,DATA_20260322_110000.BIN,3.8046,10.7637,5.3453,10.7637,1.0780,1,0.082,2.275
2280,DATA_20260322_110000.BIN,5.3453,11.8060,3.8569,11.8060,1.1220,1,2.027,2.256
2281,DATA_20260322_110000.BIN,3.8569,12.1922,7.5306,12.1922,2.1010,1,1.639,2.776
2282,DATA_20260322_110000.BIN,6.8505,13.6559,4.3485,13.6559,1.1000,1,3.806,4.511
2283,DATA_20260322_110000.BIN,4.3485,9.5395,4.5028,9.5395,0.9570,1,2.646,4.908
2284,DATA_20260322_110000.BIN,4.5028,16.0615,1.5704,16.0615,1.2980,1,0.869,3.606
2285,DATA_20260322_110000.BIN,1.5704,7.3787,2.4959,7.3787,0.9680,1,5.360,5.378
2286,DATA_20260322_110000.BIN,2.4959,9.8015,1.4436,9.8015,1.0450,1,7.281,7.608
2287,DATA_20260322_110000.BIN,1.4436,7.6197,1.2309,7.6197,1.1110,1,1.966,2.154
2288,DATA_20260322_110000.BIN,1.2309,7.4662,2.8905,7.4662,1.0780,1,3.112,3.457
2289,DATA_20260322_110000.BIN,2.8905,8.9824,3.9046,8.9824,1.2760,1,2.114,7.267
2290,DATA_20260322_110000.BIN,3.7697,11.4094,2.4452,11.4094,2.3210,1,1.776,6.964
2291,DATA_20260322_110000.BIN,1.8953,8.9465,2.9155,8.9465,2.0680,1,2.587,2.963
2292,DATA_20260322_110000.BIN,2.9155,7.2353,2.6414,7.2353,2.3760,1,1.237,4.346
2293,DATA_20260322_110000.BIN,3.0399,6.3884,3.0617,6.3884,1.4630,1,2.859,3.714
2294,DATA_20260322_110000.BIN,3.0617,6.8347,0.5239,6.8347,5.9180,1,2.175,2.317
2295,DATA_20260322_110000.BIN,0.5239,6.8208,2.6105,6.8208,5.3900,1,2.470,3.928
2296,DATA_20260322_110000.BIN,0.5763,5.0580,0.7880,5.0580,1.1220,1,1.980,4.020
2297,DATA_20260322_110000.BIN,2.4321,8.5744,2.7809,8.5744,6.8310,1,4.971,5.548
2298,DATA_20260322_110000.BIN,2.7809,13.4902,8.7215,13.4902,3.8170,1,4.570,5.032
2299,DATA_20260322_110000.BIN,1.9786,8.6540,1.2326,8.6540,1.4630,1,1.370,7.232
2300,DATA_20260322_110000.BIN,1.2326,9.4048,5.1059,9.4048,1.3860,1,2.474,2.950
2301,DATA_20260322_110000.BIN,5.1059,11.6870,3.9511,11.6870,2.4200,1,4.405,4.481
2302,DATA_20260322_110000.BIN,3.9511,14.3117,4.2198,14.3117,1.3310,1,4.063,4.295
2303,DATA_20260322_110000.BIN,4.2198,11.9546,0.7077,11.9546,1.3420,1,2.968,3.017
2304,DATA_20260322_110000.BIN,0.7077,12.0448,1.1320,12.0448,2.4200,1,2.796,3.171
2305,DATA_20260322_110000.BIN,3.2113,7.0279,2.4034,7.0279,1.1660,1,2.518,7.759
2306,DATA_20260322_110000.BIN,2.4034,7.8436,2.8572,7.8436,2.8710,1,1.171,6.626
2307,DATA_20260322_110000.BIN,1.3222,9.7277,5.0169,9.7277,3.5530,1,3.125,4.076
2308,DATA_20260322_110000.BIN,4.4448,7.8588,2.8451,7.8588,6.9630,1,5.707,7.280
2309,DATA_20260322_110000.BIN,3.7171,7.5442,4.1911,7.5442,7.2820,1,5.430,8.884
2310,DATA_20260322_110000.BIN,4.1911,15.2189,2.1764,15.2189,5.7200,1,5.455,9.123
2311,DATA_20260322_110000.BIN,2.1764,12.8405,8.2282,12.8405,2.2880,1,3.187,3.522
2312,DATA_20260322_110000.BIN,2.9606,7.9034,2.3819,7.9034,2.4090,1,2.337,2.899
2313,DATA_20260322_110000.BIN,2.3819,6.7812,2.3689,6.7812,4.9280,1,1.510,4.941
2314,DATA_20260322_110000.BIN,1.8364,7.8589,2.4787,7.8589,3.9160,1,0.809,2.283
2315,DATA_20260322_110000.BIN,3.3804,8.6600,3.8429,8.6600,1.3970,1,2.300,3.031
2316,DATA_20260322_110000.BIN,1.1606,7.0224,1.2350,7.0224,1.3420,1,0.880,2.143
2317,DATA_20260322_110000.BIN,1.6482,5.2546,1.8243,5.2546,2.0020,1,3.595,7.854
2318,DATA_20260322_110000.BIN,1.8243,5.2999,1.2545,5.2999,1.2980,1,1.847,2.549
2319,DATA_20260322_110000.BIN,1.2545,5.7438,0.7815,5.7438,1.2430,1,2.546,3.868
2320,DATA_20260322_110000.BIN,0.7815,4.5624,1.6205,4.5624,3.7180,1,1.532,3.813
2321,DATA_20260322_110000.BIN,2.0493,5.1956,1.5167,5.1956,2.8050,1,3.333,4.465
2322,DATA_20260322_110000.BIN,1.1329,7.4271,3.2842,7.4271,1.7050,1,2.263,5.908
2323,DATA_20260322_110000.BIN,2.1007,7.5226,3.8262,7.5226,1.1770,1,2.524,5.095
2324,DATA_20260322_110000.BIN,1.6521,7.6669,1.8191,7.6669,2.1670,1,1.550,3.695
2325,DATA_20260322_110000.BIN,1.8191,11.5471,0.8438,11.5471,6.5780,1,1.403,2.390
2326,DATA_20260322_110000.BIN,0.8438,8.1427,2.4073,8.1427,1.3640,1,0.609,1.009
2327,DATA_20260322_110000.BIN,1.5570,6.3210,2.0230,6.3210,1.3750,1,1.391,1.425
2328,DATA_20260322_110000.BIN,2.0230,6.8294,0.5366,6.8294,4.6640,1,2.975,3.035
2329,DATA_20260322_110000.BIN,0.5366,6.9815,3.2065,6.9815,2.9700,1,0.269,2.857
2330,DATA_20260322_110000.BIN,3.2065,7.6736,1.9810,7.6736,1.4190,1,2.953,5.212
2331,DATA_20260322_110000.BIN,1.9810,6.2903,1.5192,6.2903,2.3100,1,1.687,2.235
2332,DATA_20260322_110000.BIN,1.5192,13.7548,4.6255,13.7548,7.4030,1,0.837,1.744
2333,DATA_20260322_110000.BIN,4.1902,9.6257,1.2745,9.6257,2.6070,1,3.679,4.958
2334,DATA_20260322_110000.BIN,1.2745,7.1323,1.0102,7.1323,2.4200,1,0.042,0.061
2335,DATA_20260322_110000.BIN,1.0102,5.8085,2.0840,5.8085,1.2760,1,0.646,0.752
2336,DATA_20260322_110000.BIN,1.2446,6.6184,1.7070,6.6184,1.8040,1,0.273,0.286
2337,DATA_20260322_110000.BIN,1.4917,6.5147,0.6286,6.5147,1.3860,1,1.770,3.876
2338,DATA_20260322_110000.BIN,0.6286,4.5799,0.4854,4.5799,1.2320,1,1.571,1.762
2339,DATA_20260322_110000.BIN,0.4854,10.5570,0.1944,10.5570,6.5890,1,1.574,1.622
2340,DATA_20260322_110000.BIN,0.1944,14.8076,4.3882,14.8076,4.8510,1,1.328,2.196
2341,DATA_20260322_110000.BIN,0.8947,8.8196,3.0008,8.8196,3.0580,1,0.676,0.989
2342,DATA_20260322_110000.BIN,0.6451,8.6142,2.0867,8.6142,1.6720,1,0.676,1.481
2343,DATA_20260322_110000.BIN,2.0867,7.0054,1.3545,7.0054,1.4740,1,2.140,3.691
2344,DATA_20260322_110000.BIN,1.3545,11.4100,1.6236,11.4100,5.1920,1,1.366,5.234
2345,DATA_20260322_110000.BIN,3.1336,6.6261,1.7112,6.6261,2.5960,1,2.934,2.971
2346,DATA_20260322_110000.BIN,1.7112,8.0630,1.8133,8.0630,1.4960,1,1.134,1.138
2347,DATA_20260322_110000.BIN,1.8133,7.5273,2.3825,7.5273,5.4010,1,1.679,2.313
2348,DATA_20260322_110000.BIN,0.7132,13.8317,1.1703,13.8317,9.6800,1,1.989,2.861
2349,DATA_20260322_110000.BIN,1.1703,8.4367,4.1245,8.4367,2.2000,1,0.322,0.858
2350,DATA_20260322_110000.BIN,3.3755,8.6988,0.9851,8.6988,1.6390,1,3.151,3.227
2351,DATA_20260322_110000.BIN,0.9851,5.4561,1.4550,5.4561,1.8370,1,1.991,2.031
2352,DATA_20260322_110000.BIN,1.4550,6.6597,1.5016,6.6597,1.6060,1,1.458,4.357
2353,DATA_20260322_110000.BIN,1.5016,6.0063,1.0570,6.0063,2.8820,1,2.082,3.484
2354,DATA_20260322_110000.BIN,1.0570,8.6930,1.2036,8.6930,2.7170,1,0.850,1.315
2355,DATA_20260322_110000.BIN,1.2036,6.4444,2.0315,6.4444,2.4750,1,2.452,3.714
2356,DATA_20260322_110000.BIN,2.0315,5.9422,2.5094,5.9422,1.2870,1,1.618,1.840
2357,DATA_20260322_110000.BIN,2.3111,14.6731,1.8213,14.6731,5.2470,1,1.973,3.925
2358,DATA_20260322_110000.BIN,1.8213,7.7399,3.0771,7.7399,3.2670,1,1.789,1.865
2359,DATA_20260322_110000.BIN,3.0645,7.5820,0.3854,7.5820,4.2900,1,2.421,3.036
2360,DATA_20260322_110000.BIN,3.0496,6.0380,3.0090,6.0380,4.1910,1,3.368,4.557
2361,DATA_20260322_110000.BIN,1.1381,7.0176,2.1508,7.0176,3.0140,1,1.509,1.821
2362,DATA_20260322_110000.BIN,2.1508,5.4449,0.8268,5.4449,3.8280,1,1.576,5.773
2363,DATA_20260322_110000.BIN,0.8268,12.3762,0.3056,12.3762,6.4240,1,0.631,3.206
2364,DATA_20260322_110000.BIN,0.3056,9.5718,5.4025,9.5718,1.9910,1,1.024,1.092
2365,DATA_20260322_110000.BIN,4.1346,9.2060,3.1249,9.2060,1.1110,1,3.849,5.801
2366,DATA_20260322_110000.BIN,3.1249,8.6504,1.3184,8.6504,2.5960,1,2.243,2.244
2367,DATA_20260322_110000.BIN,0.8788,6.8072,1.7747,6.8072,4.4440,1,2.217,4.013
2368,DATA_20260322_110000.BIN,0.8615,9.5884,1.9579,9.5884,1.6170,1,2.435,2.484
2369,DATA_20260322_110000.BIN,0.0824,5.4343,1.7873,5.4343,5.2910,1,1.262,6.648
2370,DATA_20260322_110000.BIN,1.2055,14.0253,8.6215,14.0253,1.9910,1,0.804,3.339
2371,DATA_20260322_110000.BIN,3.0884,8.0312,3.5038,8.0312,1.3420,1,2.434,3.439
2372,DATA_20260322_110000.BIN,3.5038,8.0635,3.4907,8.0635,1.5950,1,2.627,5.369
2373,DATA_20260322_110000.BIN,3.4907,8.9766,1.4153,8.9766,1.4740,1,2.420,4.125
2374,DATA_20260322_110000.BIN,1.4153,5.9291,2.9259,5.9291,1.1990,1,0.726,1.753
2375,DATA_20260322_110000.BIN,2.9259,6.3116,0.8515,6.3116,1.4850,1,2.414,2.453
2376,DATA_20260322_110000.BIN,0.8515,8.8265,3.9285,8.8265,2.3870,1,1.662,1.664
2377,DATA_20260322_110000.BIN,3.9285,8.5275,2.8562,8.5275,1.2540,1,3.495,5.203
2378,DATA_20260322_110000.BIN,2.8562,9.4168,4.7045,9.4168,1.1770,1,1.965,5.119
2379,DATA_20260322_110000.BIN,3.6939,7.0206,4.5094,7.0206,1.1880,1,2.634,5.242
2380,DATA_20260322_110000.BIN,3.0467,7.9209,3.6872,7.9209,1.1880,1,1.506,3.715
2381,DATA_20260322_110000.BIN,3.6872,9.4687,3.2009,9.4687,1.1770,1,2.110,5.826
2382,DATA_20260322_110000.BIN,1.7248,8.7334,3.1424,8.7334,2.9810,1,2.300,3.257
2383,DATA_20260322_110000.BIN,3.1424,8.3137,3.6400,8.3137,3.3770,1,1.562,2.561
2384,DATA_20260322_110000.BIN,3.6400,7.1943,3.8768,7.1943,1.2650,1,1.936,2.324
2385,DATA_20260322_110000.BIN,2.8041,6.3197,2.0851,6.3197,3.3550,1,1.234,2.875
2386,DATA_20260322_110000.BIN,2.6439,7.6878,2.5782,7.6878,4.2570,1,0.409,1.855
2387,DATA_20260322_110000.BIN,2.5782,5.7480,1.0212,5.7480,4.6970,1,4.314,4.416
2388,DATA_20260322_110000.BIN,1.6706,13.6496,3.1330,13.6496,3.0140,1,4.282,4.297
2389,DATA_20260322_110000.BIN,3.1330,15.8310,3.0930,15.8310,1.5730,1,5.337,6.440
2390,DATA_20260322_110000.BIN,3.0930,6.6960,3.1857,6.6960,1.3420,1,3.237,3.338
2391,DATA_20260322_110000.BIN,2.1258,8.7689,2.2937,8.7689,1.1770,1,1.672,3.797
2392,DATA_20260322_110000.BIN,2.2937,7.4344,2.1526,7.4344,1.1110,1,1.601,2.755
2393,DATA_20260322_110000.BIN,2.1526,11.7160,5.6936,11.7160,1.2540,1,3.169,3.303
2394,DATA_20260322_110000.BIN,5.4101,11.8419,7.0637,11.8419,1.3640,1,5.175,5.835
2395,DATA_20260322_110000.BIN,7.0637,11.7531,0.8207,11.7531,2.2990,1,6.437,6.538
2396,DATA_20260322_110000.BIN,0.8207,14.1713,5.9887,14.1713,5.9400,1,1.411,7.831
2397,DATA_20260322_110000.BIN,5.9887,12.8952,0.5236,12.8952,2.3650,1,5.304,5.980
2398,DATA_20260322_110000.BIN,0.5236,19.4513,0.2324,19.4513,5.1040,1,2.894,3.450
2399,DATA_20260322_110000.BIN,0.2324,14.1145,5.3487,14.1145,3.3220,1,2.535,4.393
2400,DATA_20260322_110000.BIN,5.3487,14.2228,2.6101,14.2228,4.3120,1,5.636,7.433
2401,DATA_20260322_110000.BIN,2.6101,8.5232,1.5879,8.5232,3.7950,1,4.587,4.865
2402,DATA_20260322_110000.BIN,1.5879,5.0669,1.2493,5.0669,1.1770,1,0.512,3.266
2403,DATA_20260322_110000.BIN,3.1496,7.3737,3.6006,7.3737,2.0790,1,2.326,6.819
2404,DATA_20260322_110000.BIN,3.6006,6.9380,3.2316,6.9380,2.2990,1,3.880,7.451
2405,DATA_20260322_110000.BIN,2.2782,5.4182,2.6514,5.4182,1.4740,1,2.370,6.310
2406,DATA_20260322_110000.BIN,2.6514,7.1853,3.4066,7.1853,3.4870,1,4.145,4.151
2407,DATA_20260322_110000.BIN,2.0266,10.5104,1.7994,10.5104,3.0580,1,2.955,3.844
2408,DATA_20260322_110000.BIN,1.7994,7.1466,0.7940,7.1466,3.3110,1,3.187,4.061
2409,DATA_20260322_110000.BIN,4.8362,7.7411,3.8738,7.7411,3.1790,1,4.396,7.592
2410,DATA_20260322_110000.BIN,1.2752,8.1809,2.8536,8.1809,2.6180,1,3.217,5.604
2411,DATA_20260322_110000.BIN,2.8536,8.6927,3.8886,8.6927,4.4220,1,2.345,6.201
2412,DATA_20260322_110000.BIN,2.9968,6.4142,3.8884,6.4142,1.8260,1,2.102,3.281
2413,DATA_20260322_110000.BIN,2.7413,7.1386,4.5541,7.1386,5.4010,1,3.389,4.758
2414,DATA_20260322_110000.BIN,3.4480,7.9876,3.5866,7.9876,7.0840,1,4.486,6.776
2415,DATA_20260322_110000.BIN,3.5732,6.6647,3.5191,6.6647,2.1670,1,4.109,5.453
2416,DATA_20260322_110000.BIN,2.9180,7.2605,2.9288,7.2605,3.3330,1,3.454,5.427
2417,DATA_20260322_110000.BIN,3.5069,6.3253,3.1132,6.3253,3.3330,1,3.975,4.102
2418,DATA_20260322_110000.BIN,3.1132,6.8093,2.4786,6.8093,1.4190,1,3.246,4.836
2419,DATA_20260322_110000.BIN,2.4786,15.0640,5.3259,15.0640,3.0030,1,4.010,5.112
2420,DATA_20260322_110000.BIN,1.3807,8.2270,2.8569,8.2270,1.1330,1,1.827,5.012
2421,DATA_20260322_110000.BIN,2.8569,6.3519,2.5247,6.3519,4.0810,1,2.985,5.679
2422,DATA_20260322_110000.BIN,2.5247,6.3971,2.1131,6.3971,2.0350,1,1.685,3.358
2423,DATA_20260322_110000.BIN,2.1131,6.3598,1.5882,6.3598,2.1230,1,1.384,3.746
2424,DATA_20260322_110000.BIN,2.0932,10.5991,3.2100,10.5991,2.4310,1,1.197,1.306
2425,DATA_20260322_110000.BIN,3.2100,10.3788,3.0465,10.3788,2.4970,1,2.116,2.740
2426,DATA_20260322_110000.BIN,3.0465,7.6219,1.1185,7.6219,3.8500,1,5.225,8.043
2427,DATA_20260322_110000.BIN,4.4956,7.4710,1.8355,7.4710,2.2990,1,4.936,5.921
2428,DATA_20260322_110000.BIN,1.8355,7.8725,1.0332,7.8725,1.1770,1,1.966,4.806
2429,DATA_20260322_110000.BIN,0.9885,7.2965,1.7180,7.2965,1.1440,1,1.267,3.610
2430,DATA_20260322_110000.BIN,1.7180,5.7092,1.9481,5.7092,2.7390,1,0.693,3.782
2431,DATA_20260322_110000.BIN,4.1752,6.5502,0.9731,6.5502,1.0890,1,6.250,6.251
2432,DATA_20260322_110000.BIN,0.9731,9.4187,0.4147,9.4187,1.1440,1,1.388,1.404
2433,DATA_20260322_110000.BIN,0.4147,7.3655,1.5110,7.3655,1.1220,1,1.294,1.404
2434,DATA_20260322_110000.BIN,1.5110,8.7247,0.6650,8.7247,1.2540,1,2.339,3.296
2435,DATA_20260322_110000.BIN,0.6650,5.0774,2.5657,5.0774,1.0120,1,0.656,2.145
2436,DATA_20260322_110000.BIN,2.5657,8.1498,0.6049,8.1498,1.1000,1,3.306,3.956
2437,DATA_20260322_110000.BIN,0.6049,10.3360,2.2958,10.3360,1.2650,1,0.843,2.390
2438,DATA_20260322_110000.BIN,2.2958,6.0418,1.9975,6.0418,1.1110,1,2.760,2.893
2439,DATA_20260322_110000.BIN,1.9975,7.2790,1.6937,7.2790,1.1550,1,2.183,3.080
2440,DATA_20260322_110000.BIN,1.0261,9.1012,1.1663,9.1012,1.1770,1,1.185,2.378
2441,DATA_20260322_110000.BIN,1.1663,8.5797,2.5066,8.5797,1.1440,1,1.614,1.884
2442,DATA_20260322_110000.BIN,2.5066,7.2763,1.3199,7.2763,1.0230,1,2.649,2.741
2443,DATA_20260322_110000.BIN,1.3199,7.9767,0.3472,7.9767,1.1990,1,0.977,1.033
2444,DATA_20260322_110000.BIN,0.3472,7.4423,0.2022,7.4423,0.9900,1,0.892,1.326
2445,DATA_20260322_110000.BIN,0.2022,9.2027,0.4836,9.2027,1.1990,1,0.583,0.904
2446,DATA_20260322_110000.BIN,1.7096,9.6060,2.0305,9.6060,1.2100,1,2.164,2.966
2447,DATA_20260322_110000.BIN,2.0305,7.4304,1.2397,7.4304,1.1330,1,2.008,2.833
2448,DATA_20260322_110000.BIN,1.2397,7.5983,0.5136,7.5983,1.2100,1,0.896,1.500
2449,DATA_20260322_110000.BIN,0.5136,7.0707,0.5294,7.0707,2.0680,1,0.060,2.892
2450,DATA_20260322_110000.BIN,0.5294,8.9405,2.9308,8.9405,1.0340,1,1.033,2.117
2451,DATA_20260322_110000.BIN,2.9308,19.1312,1.9289,19.1312,4.9060,1,3.349,6.897
2452,DATA_20260322_110000.BIN,1.9289,10.2807,3.7922,10.2807,2.0680,1,2.711,3.011
2453,DATA_20260322_110000.BIN,4.2054,9.3798,2.3527,9.3798,1.1770,1,4.522,6.545
2454,DATA_20260322_110000.BIN,2.3527,8.6604,1.7398,8.6604,1.2210,1,2.267,5.591
2455,DATA_20260322_110000.BIN,1.7538,7.4497,2.4476,7.4497,1.2430,1,1.154,3.529
2456,DATA_20260322_110000.BIN,2.2475,8.0146,2.9760,8.0146,1.1550,1,2.037,3.167
2457,DATA_20260322_110000.BIN,2.9760,5.7938,1.2048,5.7938,1.6060,1,2.629,2.739
2458,DATA_20260322_110000.BIN,1.2048,7.6073,2.2867,7.6073,5.5220,1,2.905,5.773
2459,DATA_20260322_110000.BIN,2.1397,10.6610,1.0145,10.6610,1.2320,1,1.987,2.173
2460,DATA_20260322_110000.BIN,1.0145,7.6661,1.2584,7.6661,1.1550,1,1.472,1.962
2461,DATA_20260322_110000.BIN,1.2584,5.4548,1.3545,5.4548,1.1330,1,0.805,2.207
2462,DATA_20260322_110000.BIN,1.3545,7.3393,0.3599,7.3393,1.1110,1,0.690,0.704
2463,DATA_20260322_110000.BIN,0.3599,9.5568,2.0145,9.5568,1.1220,1,0.917,1.129
2464,DATA_20260322_110000.BIN,2.0145,10.3091,0.6786,10.3091,1.0890,1,2.776,2.990
2465,DATA_20260322_110000.BIN,0.6786,9.5715,0.9215,9.5715,1.3090,1,0.207,2.286
2466,DATA_20260322_110000.BIN,1.7831,6.1041,1.3395,6.1041,1.1660,1,1.933,1.959
2467,DATA_20260322_110000.BIN,1.3395,6.3975,1.8865,6.3975,1.1000,1,1.289,1.381
2468,DATA_20260322_110000.BIN,1.8865,7.1596,4.0116,7.1596,1.1440,1,1.972,2.547
2469,DATA_20260322_110000.BIN,1.7460,5.9718,2.9811,5.9718,1.0560,1,1.079,1.430
2470,DATA_20260322_110000.BIN,2.9811,6.8411,3.9750,6.8411,1.1550,1,2.674,3.643
2471,DATA_20260322_110000.BIN,1.4735,10.5377,2.1102,10.5377,1.3420,1,1.439,2.485
2472,DATA_20260322_110000.BIN,3.0691,6.5989,2.9019,6.5989,1.1000,1,2.771,2.816
2473,DATA_20260322_110000.BIN,1.4393,8.2782,1.0661,8.2782,1.3090,1,2.715,3.711
2474,DATA_20260322_110000.BIN,1.0661,6.1296,0.6890,6.1296,1.1330,1,1.518,1.551
2475,DATA_20260322_110000.BIN,0.6890,6.2785,1.6754,6.2785,1.1660,1,0.313,0.354
2476,DATA_20260322_110000.BIN,1.6754,6.5750,1.9117,6.5750,1.0780,1,1.403,1.483
2477,DATA_20260322_110000.BIN,1.9117,6.8970,0.5909,6.8970,1.2430,1,1.432,1.588
2478,DATA_20260322_110000.BIN,0.5909,11.4359,2.0818,11.4359,4.2460,1,0.655,1.398
2479,DATA_20260322_110000.BIN,2.0818,12.0461,3.9443,12.0461,2.8490,1,1.100,6.580
2480,DATA_20260322_110000.BIN,3.9443,11.4209,1.6742,11.4209,1.2320,1,5.106,5.110
2481,DATA_20260322_110000.BIN,1.6742,10.0655,3.0574,10.0655,1.1110,1,1.222,2.698
2482,DATA_20260322_110000.BIN,3.0574,9.9617,0.9487,9.9617,1.2100,1,3.457,3.457
2483,DATA_20260322_110000.BIN,3.2447,10.1882,1.3551,10.1882,1.2650,1,3.112,3.556
2484,DATA_20260322_110000.BIN,1.3551,8.2417,1.4185,8.2417,1.0780,1,0.880,1.354
2485,DATA_20260322_110000.BIN,1.4185,8.7337,1.6193,8.7337,1.1220,1,0.634,1.168
2486,DATA_20260322_110000.BIN,1.6193,7.5013,2.1293,7.5013,1.2320,1,0.800,0.806
2487,DATA_20260322_110000.BIN,2.1293,6.8820,1.9570,6.8820,1.1220,1,1.130,1.215
2488,DATA_20260322_110000.BIN,1.9570,5.7267,1.4125,5.7267,1.1330,1,1.972,1.995
2489,DATA_20260322_110000.BIN,1.4125,6.8207,0.8968,6.8207,1.0890,1,0.344,0.564
2490,DATA_20260322_110000.BIN,0.8968,7.6613,3.4269,7.6613,1.2430,1,0.776,0.807
2491,DATA_20260322_110000.BIN,3.4269,7.4566,0.9334,7.4566,1.0890,1,4.021,4.026
2492,DATA_20260322_110000.BIN,0.9334,8.7068,2.0657,8.7068,1.1440,1,0.549,0.733
2493,DATA_20260322_110000.BIN,2.0657,9.4976,0.8078,9.4976,1.1770,1,1.898,2.406
2494,DATA_20260322_110000.BIN,0.8078,7.2425,1.1601,7.2425,1.0780,1,0.823,0.823
2495,DATA_20260322_110000.BIN,1.1601,8.5017,1.4599,8.5017,1.2650,1,0.481,1.124
2496,DATA_20260322_110000.BIN,2.5814,7.4701,0.3749,7.4701,1.1660,1,3.395,3.397
2497,DATA_20260322_110000.BIN,0.3749,6.8030,0.7645,6.8030,1.2430,1,0.881,0.999
2498,DATA_20260322_110000.BIN,0.7645,8.6021,0.3538,8.6021,2.2000,1,1.453,2.100
2499,DATA_20260322_110000.BIN,1.5520,7.8228,1.4939,7.8228,1.3310,1,2.101,4.094
2500,DATA_20260322_110000.BIN,1.4939,6.1055,2.6227,6.1055,1.0670,1,1.857,1.908
2501,DATA_20260322_110000.BIN,2.6227,7.8792,1.1589,7.8792,1.1880,1,2.896,3.221
2502,DATA_20260322_110000.BIN,1.1589,7.5706,1.7508,7.5706,2.2220,1,1.083,1.177
2503,DATA_20260322_110000.BIN,1.7508,6.8143,1.1546,6.8143,1.2870,1,1.081,2.360
2504,DATA_20260322_110000.BIN,1.1546,7.5905,1.2848,7.5905,1.1330,1,1.228,1.439
2505,DATA_20260322_110000.BIN,1.2848,7.7280,1.3052,7.7280,1.0450,1,1.298,1.372
2506,DATA_20260322_110000.BIN,1.3052,6.5653,0.1523,6.5653,1.2980,1,0.877,1.047
2507,DATA_20260322_110000.BIN,0.1523,8.2195,3.1181,8.2195,1.4630,1,0.732,4.834
2508,DATA_20260322_110000.BIN,3.1181,9.8621,2.8151,9.8621,1.8700,1,3.330,4.094
2509,DATA_20260322_110000.BIN,2.8151,14.0622,6.8517,14.0622,2.1890,1,3.820,3.820
2510,DATA_20260322_110000.BIN,6.8517,12.3263,5.5845,12.3263,1.0560,1,7.591,7.610
2511,DATA_20260322_110000.BIN,5.5845,11.9743,3.9637,11.9743,1.1880,1,5.318,5.400
2512,DATA_20260322_110000.BIN,3.9637,11.2464,1.2042,11.2464,1.1550,1,2.856,3.534
2513,DATA_20260322_110000.BIN,1.2042,8.4312,1.9003,8.4312,1.1880,1,0.636,0.805
2514,DATA_20260322_110000.BIN,1.9003,8.2261,0.2242,8.2261,1.0560,1,4.097,4.432
2515,DATA_20260322_110000.BIN,0.2242,9.7267,1.6833,9.7267,1.1550,1,1.617,1.838
2516,DATA_20260322_110000.BIN,1.6833,8.2184,1.9176,8.2184,1.2430,1,3.160,3.586
2517,DATA_20260322_110000.BIN,1.9176,5.9364,0.9314,5.9364,1.2870,1,1.677,1.786
2518,DATA_20260322_110000.BIN,0.9314,12.3358,2.3336,12.3358,2.0020,1,1.756,2.831
2519,DATA_20260322_110000.BIN,2.3336,10.0156,2.6136,10.0156,1.2210,1,1.911,1.911
2520,DATA_20260322_110000.BIN,1.7724,8.4325,1.5705,8.4325,1.1660,1,1.601,3.277
2521,DATA_20260322_110000.BIN,1.5705,7.2182,0.7038,7.2182,1.1770,1,1.469,2.169
2522,DATA_20260322_110000.BIN,0.7038,6.9174,1.0181,6.9174,1.1880,1,1.174,1.181
2523,DATA_20260322_110000.BIN,1.0181,8.1832,0.6816,8.1832,1.0670,1,0.438,0.750
2524,DATA_20260322_110000.BIN,0.6816,9.7561,2.3005,9.7561,1.2650,1,0.930,2.375
2525,DATA_20260322_110000.BIN,2.4626,6.3283,1.1162,6.3283,1.0670,1,3.194,3.372
2526,DATA_20260322_110000.BIN,1.1162,8.5812,0.7439,8.5812,1.2320,1,0.944,2.022
2527,DATA_20260322_110000.BIN,0.7439,6.6437,2.5618,6.6437,1.0670,1,1.036,1.372
2528,DATA_20260322_110000.BIN,2.5618,8.5985,1.2103,8.5985,1.1330,1,3.174,3.193
2529,DATA_20260322_110000.BIN,1.2103,7.8909,0.8938,7.8909,1.2320,1,1.300,1.399
2530,DATA_20260322_110000.BIN,0.8938,5.7170,1.8015,5.7170,1.0890,1,1.651,1.678
2531,DATA_20260322_110000.BIN,1.8015,5.5886,1.0284,5.5886,1.1110,1,1.515,1.697
2532,DATA_20260322_110000.BIN,1.0284,8.0852,2.4133,8.0852,1.1440,1,0.540,1.041
2533,DATA_20260322_110000.BIN,2.4133,7.5733,2.3793,7.5733,1.1770,1,2.402,2.420
2534,DATA_20260322_110000.BIN,2.3793,9.1163,1.0848,9.1163,1.2210,1,2.059,2.192
2535,DATA_20260322_110000.BIN,1.0848,7.1479,1.3614,7.1479,1.1000,1,2.016,2.047
2536,DATA_20260322_110000.BIN,1.3614,8.0195,1.1914,8.0195,1.2760,1,1.073,1.085
2537,DATA_20260322_110000.BIN,1.1914,6.9690,2.0170,6.9690,1.0890,1,0.841,1.696
2538,DATA_20260322_110000.BIN,2.0170,6.5678,2.3103,6.5678,1.1660,1,1.744,1.859
2539,DATA_20260322_110000.BIN,2.3103,9.3246,2.5638,9.3246,1.1110,1,2.514,2.567
2540,DATA_20260322_110000.BIN,2.5638,10.0653,2.5930,10.0653,2.3650,1,3.702,3.997
2541,DATA_20260322_110000.BIN,2.5930,7.3125,2.2994,7.3125,1.1550,1,2.605,3.818
2542,DATA_20260322_110000.BIN,2.2994,6.5792,0.9265,6.5792,1.1440,1,2.369,2.800
2543,DATA_20260322_110000.BIN,0.9265,7.6314,0.9852,7.6314,1.1220,1,0.316,1.067
2544,DATA_20260322_110000.BIN,0.9852,8.2500,1.1805,8.2500,2.6840,1,0.365,0.508
2545,DATA_20260322_110000.BIN,1.4312,13.2544,0.7317,13.2544,8.6240,1,3.006,7.845
2546,DATA_20260322_110000.BIN,0.5500,6.1966,1.7427,6.1966,2.2000,1,1.519,4.138
2547,DATA_20260322_110000.BIN,1.7427,6.1434,1.7151,6.1434,3.3880,1,2.053,2.716
2548,DATA_20260322_110000.BIN,1.7151,17.6613,9.6920,17.6613,3.0470,1,2.299,2.300
2549,DATA_20260322_110000.BIN,9.6920,19.1785,3.7593,19.1785,1.1440,1,12.197,19.040
2550,DATA_20260322_110000.BIN,3.7593,12.5689,1.8014,12.5689,1.0560,1,3.110,7.022
2551,DATA_20260322_110000.BIN,1.8014,9.2211,1.8243,9.2211,1.0010,1,3.230,5.551
2552,DATA_20260322_110000.BIN,1.8243,8.1881,1.5495,8.1881,1.5730,1,3.157,3.159
2553,DATA_20260322_110000.BIN,1.2101,8.4713,1.6901,8.4713,1.5180,1,2.140,2.242
2554,DATA_20260322_110000.BIN,1.6901,8.0387,1.9986,8.0387,2.0900,1,2.165,4.903
2555,DATA_20260322_110000.BIN,1.9986,5.9938,0.6072,5.9938,1.9250,1,1.998,2.655
2556,DATA_20260322_110000.BIN,0.6072,5.9663,3.1034,5.9663,1.1000,1,1.050,3.536
2557,DATA_20260322_110000.BIN,3.1034,6.7762,1.2583,6.7762,1.2100,1,4.288,5.347
2558,DATA_20260322_110000.BIN,2.1912,6.9296,1.9205,6.9296,1.2320,1,2.779,2.847
2559,DATA_20260322_110000.BIN,1.4490,8.5889,1.1425,8.5889,1.2760,1,1.663,1.663
2560,DATA_20260322_110000.BIN,1.1425,7.2883,1.5299,7.2883,1.0890,1,1.382,3.807
2561,DATA_20260322_110000.BIN,1.5299,8.2735,0.1367,8.2735,1.1880,1,1.635,1.635
2562,DATA_20260322_110000.BIN,0.1367,8.6900,0.9243,8.6900,1.1990,1,0.122,2.353
2563,DATA_20260322_110000.BIN,2.5559,7.4692,1.5217,7.4692,1.1550,1,2.763,3.144
2564,DATA_20260322_110000.BIN,1.5217,6.1558,2.0365,6.1558,2.1560,1,1.667,2.809
2565,DATA_20260322_110000.BIN,2.0365,7.7274,0.4949,7.7274,1.3090,1,1.740,2.332
2566,DATA_20260322_110000.BIN,0.4949,7.4792,2.3208,7.4792,2.1340,1,0.297,1.952
2567,DATA_20260322_110000.BIN,2.3208,6.6916,1.3901,6.6916,1.0450,1,2.156,3.436
2568,DATA_20260322_110000.BIN,1.3901,5.5667,2.1298,5.5667,1.1330,1,0.781,2.268
2569,DATA_20260322_110000.BIN,2.1298,7.1347,0.6254,7.1347,1.1770,1,1.709,3.425
2570,DATA_20260322_110000.BIN,0.6254,6.1076,1.4556,6.1076,1.0010,1,0.744,2.117
2571,DATA_20260322_110000.BIN,1.4556,9.0882,2.2987,9.0882,1.1990,1,1.378,1.930
2572,DATA_20260322_110000.BIN,2.2987,7.0707,2.6008,7.0707,1.0560,1,1.781,1.806
2573,DATA_20260322_110000.BIN,2.6008,7.9101,2.8245,7.9101,2.1450,1,1.843,2.205
2574,DATA_20260322_110000.BIN,2.8245,9.6042,0.9243,9.6042,2.3980,1,3.165,4.897
2575,DATA_20260322_110000.BIN,0.3890,5.9548,1.0232,5.9548,5.2250,1,1.271,1.347
2576,DATA_20260322_110000.BIN,1.0232,11.2409,6.7953,11.2409,4.4110,1,1.757,4.199
2577,DATA_20260322_110000.BIN,0.6274,5.3887,1.2686,5.3887,6.9740,1,1.683,6.385
2578,DATA_20260322_110000.BIN,1.8609,14.7137,1.2226,14.7137,9.2620,1,1.973,3.093
2579,DATA_20260322_110000.BIN,2.6333,5.6415,1.2555,5.6415,2.1230,1,2.086,3.036
2580,DATA_20260322_110000.BIN,1.2555,6.2581,0.4442,6.2581,2.4750,1,2.818,4.614
2581,DATA_20260322_110000.BIN,0.4442,6.5890,2.2572,6.5890,4.6530,1,1.398,2.827
2582,DATA_20260322_110000.BIN,1.0312,6.2314,2.2626,6.2314,5.4890,1,2.040,2.185
2583,DATA_20260322_110000.BIN,2.2626,5.4017,3.1657,5.4017,3.5970,1,2.218,4.367
2584,DATA_20260322_110000.BIN,3.1657,8.3601,2.8622,8.3601,2.3760,1,2.986,3.280
2585,DATA_20260322_110000.BIN,1.6637,6.8748,2.0906,6.8748,1.0450,1,1.265,7.223
2586,DATA_20260322_110000.BIN,2.0906,8.1891,1.6216,8.1891,1.2980,1,1.894,5.178
2587,DATA_20260322_110000.BIN,2.8530,6.5905,2.7001,6.5905,1.2210,1,2.233,3.737
2588,DATA_20260322_110000.BIN,2.7001,7.4592,2.0186,7.4592,1.1550,1,2.043,6.124
2589,DATA_20260322_110000.BIN,2.0186,6.2776,2.6593,6.2776,1.1330,1,1.001,5.391
2590,DATA_20260322_110000.BIN,2.0223,7.4183,2.1826,7.4183,2.1120,1,1.033,2.188
2591,DATA_20260322_110000.BIN,2.1826,6.9372,2.1792,6.9372,1.1660,1,1.127,6.696
2592,DATA_20260322_110000.BIN,3.0371,7.1565,3.7820,7.1565,2.2000,1,2.014,5.536
2593,DATA_20260322_110000.BIN,3.7820,6.7069,3.4511,6.7069,1.1550,1,2.573,4.399
2594,DATA_20260322_110000.BIN,3.9656,6.1665,3.0093,6.1665,1.1440,1,2.787,3.935
2595,DATA_20260322_110000.BIN,3.0093,6.5953,4.0142,6.5953,1.1000,1,1.315,3.491
2596,DATA_20260322_110000.BIN,4.0142,7.2770,2.2510,7.2770,1.1550,1,2.778,3.967
2597,DATA_20260322_110000.BIN,2.2510,5.7162,2.2698,5.7162,2.2990,1,0.341,1.744
2598,DATA_20260322_110000.BIN,2.5798,5.5753,2.7026,5.5753,2.2990,1,0.426,0.935
2599,DATA_20260322_110000.BIN,2.7026,6.2629,2.8224,6.2629,1.1770,1,0.947,2.601
2600,DATA_20260322_110000.BIN,2.8224,6.7002,1.1606,6.7002,1.2650,1,0.669,1.786
2601,DATA_20260322_110000.BIN,3.4049,6.6457,2.1713,6.6457,1.2210,1,1.227,2.267
2602,DATA_20260322_110000.BIN,3.2732,6.7909,1.0311,6.7909,1.3090,1,0.912,1.001
2603,DATA_20260322_110000.BIN,1.0311,7.0164,1.8055,7.0164,2.2330,1,2.246,2.256
2604,DATA_20260322_110000.BIN,1.8055,12.2129,3.7579,12.2129,3.4210,1,1.206,1.523
2605,DATA_20260322_110000.BIN,3.7579,12.7650,2.3056,12.7650,5.5440,1,2.803,5.455
2606,DATA_20260322_110000.BIN,2.3056,9.4911,2.6065,9.4911,2.2770,1,1.191,1.530
2607,DATA_20260322_110000.BIN,2.6065,11.8339,1.9267,11.8339,1.4080,1,3.477,6.077
2608,DATA_20260322_110000.BIN,1.9267,6.6526,2.5526,6.6526,1.0120,1,0.489,1.274
2609,DATA_20260322_110000.BIN,2.5526,8.8646,3.3057,8.8646,1.1110,1,0.787,1.180
2610,DATA_20260322_110000.BIN,3.3057,8.6944,3.8242,8.6944,1.2760,1,2.847,2.877
2611,DATA_20260322_110000.BIN,3.8242,7.0890,4.5228,7.0890,2.2330,1,1.725,2.063
2612,DATA_20260322_110000.BIN,4.5228,7.4867,3.4178,7.4867,1.2760,1,3.588,3.766
2613,DATA_20260322_110000.BIN,3.3946,7.3082,4.0508,7.3082,1.2650,1,1.673,3.148
2614,DATA_20260322_110000.BIN,1.8764,7.1891,3.5571,7.1891,1.2870,1,1.348,4.893
2615,DATA_20260322_110000.BIN,3.5571,8.8489,4.3399,8.8489,1.1440,1,3.187,3.366
2616,DATA_20260322_110000.BIN,3.8160,7.2177,0.7929,7.2177,1.5400,1,1.999,4.630
2617,DATA_20260322_110000.BIN,0.7929,8.9832,6.0115,8.9832,4.4330,1,2.094,2.140
2618,DATA_20260322_110000.BIN,3.8453,8.1098,2.2532,8.1098,2.3540,1,3.289,5.851
2619,DATA_20260322_110000.BIN,2.2532,11.3907,2.5887,11.3907,1.3970,1,4.378,5.539
2620,DATA_20260322_110000.BIN,2.5887,6.9322,2.4519,6.9322,1.0230,1,0.741,0.795
2621,DATA_20260322_110000.BIN,2.4519,8.0516,4.5531,8.0516,1.3090,1,0.267,4.141
2622,DATA_20260322_110000.BIN,2.5254,7.0054,0.7138,7.0054,4.3450,1,2.087,3.620
2623,DATA_20260322_110000.BIN,0.7138,8.8187,2.8274,8.8187,3.0250,1,1.951,5.994
2624,DATA_20260322_110000.BIN,2.8274,12.8384,3.4656,12.8384,3.7840,1,2.858,2.993
2625,DATA_20260322_110000.BIN,2.9708,8.0978,2.4508,8.0978,1.0670,1,1.953,4.317
2626,DATA_20260322_110000.BIN,2.4508,10.9830,2.8874,10.9830,1.3090,1,4.427,4.806
2627,DATA_20260322_110000.BIN,2.8874,7.3642,1.1783,7.3642,1.1220,1,4.387,5.386
2628,DATA_20260322_110000.BIN,1.1783,8.6589,1.5933,8.6589,1.0670,1,0.953,4.449
2629,DATA_20260322_110000.BIN,1.5933,14.4547,7.6341,14.4547,2.3980,1,1.599,6.629
2630,DATA_20260322_110000.BIN,7.6341,13.6234,6.7260,13.6234,1.1880,1,9.091,13.462
2631,DATA_20260322_110000.BIN,6.7260,11.5755,6.4016,11.5755,1.1440,1,7.024,12.465
2632,DATA_20260322_110000.BIN,6.4016,12.8275,7.9153,12.8275,1.2540,1,6.438,11.534
2633,DATA_20260322_110000.BIN,7.9153,12.2680,7.5589,12.2680,1.1330,1,7.038,10.032
2634,DATA_20260322_110000.BIN,7.5589,12.6792,7.0458,12.6792,1.2320,1,6.221,9.953
2635,DATA_20260322_110000.BIN,7.0458,13.1881,6.0620,13.1881,1.2320,1,5.098,9.106
2636,DATA_20260322_110000.BIN,6.0270,12.4882,7.1238,12.4882,1.3860,1,3.751,7.252
2637,DATA_20260322_110000.BIN,4.4905,11.8340,5.1108,11.8340,1.2320,1,4.408,6.757
2638,DATA_20260322_110000.BIN,5.1108,11.9920,5.4138,11.9920,1.0780,1,2.351,2.845
2639,DATA_20260322_110000.BIN,5.4138,12.1788,2.7261,12.1788,2.1010,1,2.248,3.183
2640,DATA_20260322_110000.BIN,2.7261,9.0264,3.8317,9.0264,1.2650,1,1.769,3.953
2641,DATA_20260322_110000.BIN,3.8317,10.8862,4.6077,10.8862,1.1770,1,0.438,0.751
2642,DATA_20260322_110000.BIN,3.3416,8.5642,4.3059,8.5642,2.2000,1,1.316,3.419
2643,DATA_20260322_110000.BIN,4.3059,12.0254,4.9350,12.0254,1.0560,1,1.088,5.110
2644,DATA_20260322_110000.BIN,4.9350,12.2336,1.5021,12.2336,6.3360,1,7.036,10.423
2645,DATA_20260322_110000.BIN,1.5021,11.5899,2.7516,11.5899,1.6280,1,5.421,6.792
2646,DATA_20260322_110000.BIN,2.7516,8.8921,1.8977,8.8921,1.1000,1,3.561,3.668
2647,DATA_20260322_110000.BIN,1.8977,9.2075,1.5210,9.2075,1.2210,1,4.006,4.006
2648,DATA_20260322_110000.BIN,1.5210,13.4186,5.6736,13.4186,1.2210,1,1.943,2.405
2649,DATA_20260322_110000.BIN,5.8492,10.7665,5.4190,10.7665,1.1110,1,5.811,5.822
2650,DATA_20260322_110000.BIN,5.4190,11.3280,6.2016,11.3280,1.2320,1,4.183,5.053
2651,DATA_20260322_110000.BIN,6.2016,12.5970,4.2882,12.5970,2.3980,1,5.153,5.243
2652,DATA_20260322_110000.BIN,4.2882,10.2409,4.6058,10.2409,1.0890,1,4.220,4.774
2653,DATA_20260322_110000.BIN,4.6058,10.0648,3.9731,10.0648,1.1440,1,3.279,3.701
2654,DATA_20260322_110000.BIN,3.9731,9.5852,2.9616,9.5852,1.3090,1,2.277,2.353
2655,DATA_20260322_110000.BIN,2.9616,8.3977,3.7488,8.3977,1.1220,1,2.759,4.451
2656,DATA_20260322_110000.BIN,3.7488,7.1533,2.6021,7.1533,1.1330,1,3.176,4.439
2657,DATA_20260322_110000.BIN,4.1165,8.8624,3.4732,8.8624,2.5190,1,2.327,2.457
2658,DATA_20260322_110000.BIN,3.4732,8.3882,3.9891,8.3882,2.3540,1,1.428,1.896
2659,DATA_20260322_110000.BIN,3.9891,8.4288,4.5865,8.4288,1.1220,1,1.184,1.662
2660,DATA_20260322_110000.BIN,0.4989,7.5915,1.1452,7.5915,1.1880,1,3.011,3.055
2661,DATA_20260322_110000.BIN,1.1452,8.3559,3.2263,8.3559,1.1000,1,1.953,1.994
2662,DATA_20260322_110000.BIN,3.2263,9.4251,4.6001,9.4251,1.1440,1,1.223,1.239
2663,DATA_20260322_110000.BIN,4.6001,9.0745,4.0984,9.0745,1.1330,1,2.838,4.491
2664,DATA_20260322_110000.BIN,4.0984,8.3217,3.4325,8.3217,2.1670,1,1.405,1.473
2665,DATA_20260322_110000.BIN,3.4325,9.1441,3.1466,9.1441,3.4870,1,0.844,3.218
2666,DATA_20260322_110000.BIN,1.8008,12.2698,4.6296,12.2698,2.3210,1,5.004,5.756
2667,DATA_20260322_110000.BIN,5.1606,12.4369,3.7304,12.4369,3.9820,1,4.198,6.483
2668,DATA_20260322_110000.BIN,3.7304,7.6846,0.8499,7.6846,2.1120,1,1.234,2.847
2669,DATA_20260322_110000.BIN,0.8499,8.2159,1.4035,8.2159,2.1340,1,3.239,3.459
2670,DATA_20260322_110000.BIN,1.4035,6.9722,1.8228,6.9722,1.2760,1,3.486,5.524
2671,DATA_20260322_110000.BIN,2.2569,8.9789,3.2122,8.9789,4.5870,1,0.640,1.263
2672,DATA_20260322_110000.BIN,3.2122,8.3295,3.8663,8.3295,1.9690,1,1.802,1.922
2673,DATA_20260322_110000.BIN,3.8663,10.0195,2.2436,10.0195,1.4520,1,6.674,6.771
2674,DATA_20260322_110000.BIN,2.2436,7.5867,1.3248,7.5867,1.2100,1,0.600,4.169
2675,DATA_20260322_110000.BIN,0.8185,7.8118,2.9556,7.8118,1.1770,1,2.806,2.913
2676,DATA_20260322_110000.BIN,0.7784,6.8989,2.1196,6.8989,1.1880,1,1.694,2.157
2677,DATA_20260322_110000.BIN,0.9646,6.2121,1.1120,6.2121,1.1880,1,0.663,2.131
2678,DATA_20260322_110000.BIN,0.8272,9.1181,0.6767,9.1181,2.3760,1,1.767,2.130
2679,DATA_20260322_110000.BIN,0.6767,7.8562,0.9150,7.8562,2.1780,1,1.486,1.957
2680,DATA_20260322_110000.BIN,0.9150,10.5430,3.1210,10.5430,1.2430,1,2.540,2.596
2681,DATA_20260322_110000.BIN,3.1210,10.8060,2.3469,10.8060,1.1550,1,3.679,3.691
2682,DATA_20260322_110000.BIN,2.3469,7.9113,2.4752,7.9113,1.0450,1,1.860,3.345
2683,DATA_20260322_110000.BIN,2.4752,7.5262,2.2552,7.5262,1.1000,1,1.617,2.593
2684,DATA_20260322_110000.BIN,2.2552,8.5375,0.6916,8.5375,2.2440,1,1.283,2.107
2685,DATA_20260322_110000.BIN,0.6916,7.1772,1.8552,7.1772,1.2870,1,1.827,3.599
2686,DATA_20260322_110000.BIN,1.8552,7.4673,3.0760,7.4673,1.1440,1,0.764,3.155
2687,DATA_20260322_110000.BIN,3.0760,8.1388,2.1422,8.1388,1.1770,1,2.147,2.287
2688,DATA_20260322_110000.BIN,2.1422,7.2323,2.3706,7.2323,1.1220,1,1.584,6.727
2689,DATA_20260322_110000.BIN,2.3706,9.5788,4.3625,9.5788,2.1450,1,1.148,1.553
2690,DATA_20260322_110000.BIN,2.2591,7.0777,3.5888,7.0777,2.4310,1,1.449,5.136
2691,DATA_20260322_110000.BIN,3.5888,14.6370,2.4328,14.6370,2.3870,1,2.376,3.901
2692,DATA_20260322_110000.BIN,2.4328,7.2292,2.3832,7.2292,1.0450,1,1.895,2.723
2693,DATA_20260322_110000.BIN,4.0208,11.7888,3.2978,11.7888,1.2980,1,3.134,5.902
2694,DATA_20260322_110000.BIN,1.4773,6.6659,1.8111,6.6659,1.0780,1,2.451,2.452
2695,DATA_20260322_110000.BIN,1.8111,8.9176,2.3309,8.9176,1.1550,1,1.614,1.663
2696,DATA_20260322_110000.BIN,2.3309,9.4994,0.8723,9.4994,1.2320,1,1.302,2.273
2697,DATA_20260322_110000.BIN,0.8723,8.8822,1.6721,8.8822,1.1770,1,1.335,2.014
2698,DATA_20260322_110000.BIN,1.9429,8.5176,2.8246,8.5176,1.1770,1,0.502,2.788
2699,DATA_20260322_110000.BIN,2.8246,8.6070,1.6153,8.6070,1.1110,1,1.256,1.387
2700,DATA_20260322_110000.BIN,1.6153,9.2185,2.0042,9.2185,1.1990,1,1.891,2.043
2701,DATA_20260322_110000.BIN,2.0042,8.6835,1.9023,8.6835,1.0890,1,0.800,2.578
2702,DATA_20260322_110000.BIN,1.9023,10.9442,2.0585,10.9442,1.1770,1,0.663,1.971
2703,DATA_20260322_110000.BIN,2.0585,11.0254,0.9554,11.0254,1.1880,1,0.533,2.423
2704,DATA_20260322_110000.BIN,0.9554,8.9513,1.5462,8.9513,1.1000,1,1.473,4.688
2705,DATA_20260322_110000.BIN,1.5462,10.5226,2.8020,10.5226,1.1770,1,1.547,2.398
2706,DATA_20260322_110000.BIN,2.8020,8.4247,2.1575,8.4247,1.1330,1,1.420,1.680
2707,DATA_20260322_110000.BIN,2.1575,16.7475,2.1258,16.7475,7.3920,1,1.215,1.352
2708,DATA_20260322_110000.BIN,2.1258,7.7157,3.1733,7.7157,1.4520,1,3.998,6.753
2709,DATA_20260322_110000.BIN,5.8936,11.4447,0.7445,11.4447,1.2210,1,7.979,8.029
2710,DATA_20260322_110000.BIN,0.7445,8.9416,1.0281,8.9416,1.1220,1,1.508,2.571
2711,DATA_20260322_110000.BIN,1.0281,9.2442,1.1653,9.2442,1.1330,1,1.806,1.869
2712,DATA_20260322_110000.BIN,1.1653,8.7370,1.0753,8.7370,1.1110,1,1.087,1.177
2713,DATA_20260322_110000.BIN,1.0753,9.3550,4.2963,9.3550,1.0670,1,0.464,0.492
2714,DATA_20260322_110000.BIN,4.2963,10.1003,1.6009,10.1003,1.1880,1,4.582,4.632
2715,DATA_20260322_110000.BIN,1.6009,8.7908,3.0356,8.7908,1.1110,1,2.558,2.575
2716,DATA_20260322_110000.BIN,3.0356,7.5542,0.6663,7.5542,1.0670,1,3.067,3.264
2717,DATA_20260322_110000.BIN,0.6663,10.1095,2.4288,10.1095,1.1880,1,0.491,1.131
2718,DATA_20260322_110000.BIN,2.4288,8.8703,2.0468,8.8703,1.1000,1,1.642,2.162
2719,DATA_20260322_110000.BIN,2.0468,8.9974,2.3048,8.9974,1.0670,1,1.135,1.145
2720,DATA_20260322_110000.BIN,2.3048,7.9040,2.6670,7.9040,1.1660,1,1.720,1.809
2721,DATA_20260322_110000.BIN,2.6670,7.7006,4.1980,7.7006,1.0670,1,1.667,6.642
2722,DATA_20260322_110000.BIN,0.8603,10.2609,1.5601,10.2609,1.3310,1,0.612,1.421
2723,DATA_20260322_110000.BIN,1.5601,6.4895,1.8822,6.4895,0.9900,1,1.085,2.572
2724,DATA_20260322_110000.BIN,1.8822,10.3384,1.8490,10.3384,1.1880,1,1.398,1.893
2725,DATA_20260322_110000.BIN,1.8490,9.2700,2.2189,9.2700,1.1220,1,0.992,0.997
2726,DATA_20260322_110000.BIN,2.2189,10.7640,2.5149,10.7640,1.2430,1,1.864,1.936
2727,DATA_20260322_110000.BIN,2.5149,9.0402,3.1955,9.0402,1.1880,1,1.293,1.409
2728,DATA_20260322_110000.BIN,3.1955,7.3765,0.2021,7.3765,1.1440,1,2.181,2.207
2729,DATA_20260322_110000.BIN,0.2021,9.6766,2.8682,9.6766,1.1770,1,1.902,2.005
2730,DATA_20260322_110000.BIN,2.8682,9.2285,1.7854,9.2285,1.1990,1,1.578,2.229
2731,DATA_20260322_110000.BIN,2.2531,9.5869,1.8328,9.5869,1.3090,1,0.680,3.305
2732,DATA_20260322_110000.BIN,1.8328,9.1241,1.9118,9.1241,1.1440,1,0.873,0.930
2733,DATA_20260322_110000.BIN,1.9118,9.3008,1.6858,9.3008,1.0890,1,1.000,1.589
2734,DATA_20260322_110000.BIN,1.6858,8.2108,0.8578,8.2108,1.1440,1,0.711,0.938
2735,DATA_20260322_110000.BIN,0.8578,8.9873,4.3912,8.9873,1.1550,1,1.141,1.559
2736,DATA_20260322_110000.BIN,4.3912,7.7060,2.1170,7.7060,1.1220,1,4.007,4.055
2737,DATA_20260322_110000.BIN,2.1170,9.1559,1.2352,9.1559,1.2540,1,0.428,1.961
2738,DATA_20260322_110000.BIN,1.2352,9.4288,1.7841,9.4288,1.1000,1,3.404,4.844
2739,DATA_20260322_110000.BIN,1.7841,9.0562,1.4528,9.0562,1.1330,1,1.014,1.280
2740,DATA_20260322_110000.BIN,1.4528,6.1538,0.6718,6.1538,1.1000,1,1.022,1.713
2741,DATA_20260322_110000.BIN,0.6718,7.1049,2.2932,7.1049,1.1660,1,1.200,1.641
2742,DATA_20260322_110000.BIN,2.2932,7.0392,1.0392,7.0392,1.0890,1,1.081,1.586
2743,DATA_20260322_110000.BIN,1.0392,10.0961,2.3596,10.0961,1.2320,1,2.308,3.068
2744,DATA_20260322_110000.BIN,0.5943,8.4921,2.0375,8.4921,1.2540,1,0.826,2.419
2745,DATA_20260322_110000.BIN,2.0375,6.6434,1.7221,6.6434,1.1330,1,1.525,1.715
2746,DATA_20260322_110000.BIN,1.7221,6.1103,0.7767,6.1103,1.1440,1,0.699,1.111
2747,DATA_20260322_110000.BIN,0.7767,6.0093,1.9612,6.0093,1.1660,1,0.726,1.310
2748,DATA_20260322_110000.BIN,2.7466,7.2291,1.0681,7.2291,1.1880,1,3.009,11.219
2749,DATA_20260322_110000.BIN,1.0681,10.3264,1.5289,10.3264,3.2230,1,1.206,9.951
2750,DATA_20260322_110000.BIN,1.5289,6.0796,2.5148,6.0796,1.5620,1,2.763,6.743
2751,DATA_20260322_110000.BIN,3.9327,10.8219,0.9160,10.8219,1.1990,1,5.272,6.798
2752,DATA_20260322_110000.BIN,0.9160,8.2540,3.2967,8.2540,1.0670,1,1.624,6.599
2753,DATA_20260322_110000.BIN,3.2967,7.3751,3.2434,7.3751,1.1110,1,3.203,5.579
2754,DATA_20260322_110000.BIN,3.2434,8.8485,1.9205,8.8485,2.4090,1,2.731,3.547
2755,DATA_20260322_110000.BIN,5.0784,6.9598,3.4852,6.9598,1.3640,1,4.757,6.348
2756,DATA_20260322_110000.BIN,3.9276,8.4597,0.7464,8.4597,6.0170,1,5.532,7.398
2757,DATA_20260322_110000.BIN,0.7464,8.7891,1.9838,8.7891,2.3760,1,0.756,1.212
2758,DATA_20260322_110000.BIN,1.9838,9.3022,2.1199,9.3022,2.1890,1,2.001,8.074
2759,DATA_20260322_110000.BIN,2.1199,9.6175,2.0780,9.6175,1.2100,1,1.202,5.334
2760,DATA_20260322_110000.BIN,2.0780,11.1466,3.7804,11.1466,2.0240,1,1.165,5.386
2761,DATA_20260322_110000.BIN,3.7804,10.1274,3.7732,10.1274,1.3530,1,3.066,3.170
2762,DATA_20260322_110000.BIN,3.7732,9.2748,5.1637,9.2748,0.9790,1,3.075,6.751
2763,DATA_20260322_110000.BIN,2.8007,8.2776,4.8571,8.2776,1.0450,1,1.293,3.341
2764,DATA_20260322_110000.BIN,4.8571,8.3964,2.8791,8.3964,1.1550,1,3.781,3.804
2765,DATA_20260322_110000.BIN,2.8791,9.2904,3.7437,9.2904,2.1010,1,1.276,1.712
2766,DATA_20260322_110000.BIN,3.7437,11.8560,3.1322,11.8560,2.2220,1,1.630,4.686
2767,DATA_20260322_110000.BIN,3.1322,11.6525,6.5531,11.6525,1.2980,1,0.957,2.829
2768,DATA_20260322_110000.BIN,6.5531,12.6364,6.9774,12.6364,2.2440,1,5.582,6.358
2769,DATA_20260322_110000.BIN,6.9774,12.3889,6.4439,12.3889,2.4970,1,5.803,7.180
2770,DATA_20260322_110000.BIN,6.4439,12.2095,5.1982,12.2095,1.6060,1,4.537,4.674
2771,DATA_20260322_110000.BIN,5.1982,18.9016,0.4669,18.9016,2.4200,1,2.006,10.682
2772,DATA_20260322_110000.BIN,0.4669,21.1752,2.5444,21.1752,4.4990,1,3.901,5.868
2773,DATA_20260322_110000.BIN,2.5444,10.5423,0.6707,10.5423,1.9030,1,4.739,4.861
2774,DATA_20260322_110000.BIN,0.6707,9.3863,4.0718,9.3863,2.3760,1,3.347,5.729
2775,DATA_20260322_110000.BIN,4.0718,14.4907,0.9668,14.4907,2.7830,1,5.703,6.028
2776,DATA_20260322_110000.BIN,0.9668,15.4198,3.9102,15.4198,1.4410,1,3.692,4.924
2777,DATA_20260322_110000.BIN,3.9102,8.6764,4.5563,8.6764,2.6950,1,5.727,9.062
2778,DATA_20260322_110000.BIN,4.5563,10.5421,6.2541,10.5421,3.3440,1,6.836,9.554
2779,DATA_20260322_110000.BIN,6.2541,11.7652,5.9900,11.7652,1.6610,1,7.574,8.721
2780,DATA_20260322_110000.BIN,5.9900,9.1691,4.7830,9.1691,1.3750,1,5.448,6.399
2781,DATA_20260322_110000.BIN,2.0443,7.3743,3.2033,7.3743,2.9920,1,4.484,6.636
2782,DATA_20260322_110000.BIN,3.2033,6.9456,1.2692,6.9456,1.1330,1,4.283,5.654
2783,DATA_20260322_110000.BIN,1.2692,8.5463,1.1854,8.5463,1.1110,1,2.233,5.855
2784,DATA_20260322_110000.BIN,1.1854,8.6044,1.8685,8.6044,1.1220,1,0.327,6.174
2785,DATA_20260322_110000.BIN,1.8685,9.8774,2.9859,9.8774,2.0460,1,2.533,4.740
2786,DATA_20260322_110000.BIN,2.9859,7.9490,1.2506,7.9490,3.2560,1,2.202,2.220
2787,DATA_20260322_110000.BIN,1.2506,7.0404,1.4333,7.0404,1.7600,1,1.664,2.007
2788,DATA_20260322_110000.BIN,1.4333,7.6330,2.3307,7.6330,0.9900,1,2.340,4.248
2789,DATA_20260322_110000.BIN,2.3307,8.7270,2.6712,8.7270,2.7170,1,3.626,3.992
2790,DATA_20260322_110000.BIN,0.7799,5.5215,2.5443,5.5215,1.2430,1,1.212,2.698
2791,DATA_20260322_110000.BIN,2.5443,19.2350,5.0383,19.2350,4.3340,1,2.544,4.134
2792,DATA_20260322_110000.BIN,5.0383,22.6400,3.8466,22.6400,3.9930,1,6.687,10.982
2793,DATA_20260322_110000.BIN,14.3960,20.8182,1.0988,20.8182,2.3980,1,16.177,16.751
2794,DATA_20260322_110000.BIN,1.0988,8.0983,1.1765,8.0983,1.9800,1,2.896,4.931
2795,DATA_20260322_110000.BIN,3.0524,8.2668,2.4864,8.2668,1.2650,1,1.942,4.364
2796,DATA_20260322_110000.BIN,2.4864,20.6000,10.5286,20.6000,5.8630,1,1.360,5.840
2797,DATA_20260322_110000.BIN,10.5286,25.2252,14.1906,25.2252,3.1460,1,10.187,10.233
2798,DATA_20260322_110000.BIN,3.2724,7.1348,3.3221,7.1348,2.0240,1,2.291,2.328
2799,DATA_20260322_110000.BIN,8.3374,16.6561,9.9732,16.6561,2.1010,1,8.869,10.183
2800,DATA_20260322_110000.BIN,14.3888,17.7930,13.4870,17.7930,1.9140,1,17.918,17.926
2801,DATA_20260322_110000.BIN,13.4870,18.5296,9.0095,18.5296,2.8820,1,16.039,17.321
2802,DATA_20260322_110000.BIN,9.0095,14.5762,6.8898,14.5762,9.6690,1,7.535,18.291
2803,DATA_20260322_110000.BIN,6.8898,12.7163,3.9825,12.7163,2.2660,1,5.725,5.732
2804,DATA_20260322_110000.BIN,1.3293,7.4117,1.1930,7.4117,1.5510,1,5.157,6.056
2805,DATA_20260322_110000.BIN,11.3258,15.2412,4.4937,15.2412,1.2980,1,10.598,11.813
2806,DATA_20260322_110000.BIN,0.9467,5.8005,1.9003,5.8005,2.4090,1,3.943,5.063
2807,DATA_20260322_110000.BIN,2.8899,8.5886,1.2869,8.5886,1.0780,1,6.516,8.559
2808,DATA_20260322_110000.BIN,1.2869,7.0907,1.8003,7.0907,0.9900,1,2.127,7.261
2809,DATA_20260322_110000.BIN,1.8003,7.0584,0.7895,7.0584,1.0340,1,4.098,7.197
2810,DATA_20260322_110000.BIN,0.7895,6.7375,2.2293,6.7375,0.9790,1,2.553,6.877
2811,DATA_20260322_110000.BIN,2.2293,6.9817,2.4794,6.9817,1.0230,1,3.999,7.464
2812,DATA_20260322_110000.BIN,2.4794,7.1258,0.6501,7.1258,1.0560,1,2.259,3.190
2813,DATA_20260322_110000.BIN,0.6501,6.7884,2.1566,6.7884,0.9900,1,1.614,5.133
2814,DATA_20260322_110000.BIN,2.1566,7.6628,2.6256,7.6628,1.0340,1,2.571,2.880
2815,DATA_20260322_110000.BIN,2.6256,8.3376,3.0835,8.3376,1.1110,1,3.876,3.992
2816,DATA_20260322_110000.BIN,3.0835,8.1726,1.8284,8.1726,3.1350,1,4.406,5.449
2817,DATA_20260322_110000.BIN,1.8284,7.6166,3.1381,7.6166,1.1220,1,2.482,4.468
2818,DATA_20260322_110000.BIN,3.1381,8.2447,4.8825,8.2447,2.9590,1,2.704,5.155
2819,DATA_20260322_110000.BIN,4.7367,7.5085,2.7561,7.5085,3.2560,1,4.255,4.282
2820,DATA_20260322_110000.BIN,2.7561,8.1354,4.4118,8.1354,1.0120,1,1.386,3.180
2821,DATA_20260322_110000.BIN,3.8925,7.2887,3.4142,7.2887,4.2680,1,2.612,2.646
2822,DATA_20260322_110000.BIN,4.7065,6.4360,3.8081,6.4360,4.2240,1,3.194,3.443
2823,DATA_20260322_110000.BIN,3.8081,8.0485,2.5027,8.0485,1.8480,1,1.937,2.651
2824,DATA_20260322_110000.BIN,3.9036,7.6390,3.0961,7.6390,2.2440,1,1.793,1.949
2825,DATA_20260322_110000.BIN,2.1142,8.0445,3.1554,8.0445,2.0570,1,0.589,1.060
2826,DATA_20260322_110000.BIN,3.3124,8.8554,3.6980,8.8554,4.3010,1,1.149,1.461
2827,DATA_20260322_110000.BIN,3.2113,7.4400,2.0973,7.4400,1.0890,1,0.831,1.550
2828,DATA_20260322_110000.BIN,2.0973,7.0286,2.9248,7.0286,2.0570,1,1.536,1.955
2829,DATA_20260322_110000.BIN,2.6405,6.4918,3.6081,6.4918,3.2780,1,0.496,0.504
2830,DATA_20260322_110000.BIN,3.6081,6.9500,2.6446,6.9500,1.1660,1,1.539,1.607
2831,DATA_20260322_110000.BIN,3.7681,8.3068,2.1656,8.3068,2.2550,1,1.286,1.369
2832,DATA_20260322_110000.BIN,2.1656,7.8237,2.6426,7.8237,1.1000,1,1.013,1.542
2833,DATA_20260322_110000.BIN,2.6426,6.8830,2.9886,6.8830,1.0120,1,1.112,1.242
2834,DATA_20260322_110000.BIN,2.9886,7.5362,2.6484,7.5362,1.0670,1,1.638,1.740
2835,DATA_20260322_110000.BIN,3.9934,7.4537,2.7657,7.4537,1.0560,1,1.767,2.316
2836,DATA_20260322_110000.BIN,2.7657,8.0636,3.8312,8.0636,1.1880,1,0.756,1.129
2837,DATA_20260322_110000.BIN,3.7250,9.0955,1.5734,9.0955,4.3120,1,1.056,1.748
2838,DATA_20260322_110000.BIN,2.6375,8.6596,3.7561,8.6596,1.1880,1,0.995,3.619
2839,DATA_20260322_110000.BIN,1.6901,7.0801,1.7547,7.0801,1.0340,1,2.683,3.325
2840,DATA_20260322_110000.BIN,4.6230,8.7968,2.6162,8.7968,1.1220,1,2.313,2.651
2841,DATA_20260322_110000.BIN,2.6162,9.6844,5.4945,9.6844,2.0790,1,3.834,3.966
2842,DATA_20260322_110000.BIN,1.5303,8.5411,2.1918,8.5411,1.2870,1,3.268,7.791
2843,DATA_20260322_110000.BIN,2.1918,9.7087,2.6038,9.7087,1.0450,1,1.647,2.065
2844,DATA_20260322_110000.BIN,2.6038,8.9624,3.0483,8.9624,1.0780,1,0.861,1.761
2845,DATA_20260322_110000.BIN,5.2930,9.2534,3.8308,9.2534,1.1440,1,3.586,3.702
2846,DATA_20260322_110000.BIN,4.2191,8.7095,3.1037,8.7095,1.1550,1,1.947,3.560
2847,DATA_20260322_110000.BIN,3.1037,8.0337,3.1075,8.0337,1.1000,1,1.085,1.660
2848,DATA_20260322_110000.BIN,3.1075,9.2739,2.7646,9.2739,1.0670,1,0.698,3.050
2849,DATA_20260322_110000.BIN,2.7646,8.8481,3.4263,8.8481,1.0670,1,0.814,0.944
2850,DATA_20260322_110000.BIN,3.4263,8.7732,1.6906,8.7732,1.1880,1,1.124,2.185
2851,DATA_20260322_110000.BIN,3.3159,8.6970,3.9227,8.6970,1.1330,1,1.464,2.577
2852,DATA_20260322_110000.BIN,3.9227,7.8335,3.7193,7.8335,1.0890,1,1.529,1.906
2853,DATA_20260322_110000.BIN,3.7193,9.5634,4.0204,9.5634,1.0890,1,1.122,2.850
2854,DATA_20260322_110000.BIN,3.8756,8.3020,4.1639,8.3020,1.1660,1,1.207,2.385
2855,DATA_20260322_110000.BIN,4.0254,8.2677,3.0741,8.2677,2.1890,1,0.973,3.736
2856,DATA_20260322_110000.BIN,3.0741,8.1354,2.0364,8.1354,2.2440,1,0.683,1.986
2857,DATA_20260322_110000.BIN,2.0364,8.6201,4.3151,8.6201,2.3650,1,2.648,5.383
2858,DATA_20260322_110000.BIN,2.9547,8.9906,5.7368,8.9906,2.4860,1,0.275,0.790
2859,DATA_20260322_110000.BIN,5.7368,9.4225,3.3047,9.4225,2.0790,1,4.304,4.819
2860,DATA_20260322_110000.BIN,3.3047,9.3350,4.2312,9.3350,1.1220,1,0.098,0.947
2861,DATA_20260322_110000.BIN,4.2312,9.1511,4.3701,9.1511,2.1560,1,1.328,1.556
2862,DATA_20260322_110000.BIN,4.3701,9.2395,3.2449,9.2395,2.4200,1,2.472,6.974
2863,DATA_20260322_110000.BIN,3.4515,7.8721,3.2922,7.8721,1.2320,1,0.812,6.034
2864,DATA_20260322_110000.BIN,1.8842,10.3182,2.8791,10.3182,2.3540,1,3.106,3.677
2865,DATA_20260322_110000.BIN,2.8791,7.3731,2.1447,7.3731,1.0670,1,0.384,4.467
2866,DATA_20260322_110000.BIN,1.6894,7.5781,2.1771,7.5781,1.1440,1,2.890,3.118
2867,DATA_20260322_110000.BIN,2.1771,9.1735,0.9811,9.1735,1.0780,1,0.865,2.548
2868,DATA_20260322_110000.BIN,0.9811,7.8971,1.8274,7.8971,1.1550,1,2.471,2.795
2869,DATA_20260322_110000.BIN,1.8274,7.5459,2.5106,7.5459,1.1110,1,3.044,3.577
2870,DATA_20260322_110000.BIN,2.5106,7.2539,2.6203,7.2539,1.0230,1,0.721,1.259
2871,DATA_20260322_110000.BIN,2.6203,7.2903,2.2456,7.2903,1.1550,1,1.465,2.750
2872,DATA_20260322_110000.BIN,3.5458,9.9392,4.2994,9.9392,1.2320,1,1.256,1.880
2873,DATA_20260322_110000.BIN,4.2994,9.5644,3.6904,9.5644,1.0560,1,3.098,3.752
2874,DATA_20260322_110000.BIN,3.7918,10.7450,1.5028,10.7450,1.6060,1,1.504,2.411
2875,DATA_20260322_110000.BIN,1.5028,20.2243,3.6248,20.2243,5.3790,1,2.147,5.785
2876,DATA_20260322_110000.BIN,3.6248,12.9295,3.4004,12.9295,2.2990,1,3.340,4.244
2877,DATA_20260322_110000.BIN,3.4004,7.5519,2.1987,7.5519,1.2870,1,2.191,3.972
2878,DATA_20260322_110000.BIN,2.1987,5.6346,0.5520,5.6346,3.1900,1,1.105,6.432
2879,DATA_20260322_110000.BIN,0.5520,6.1634,1.6963,6.1634,1.5730,1,3.781,9.001
2880,DATA_20260322_110000.BIN,1.6963,15.6028,11.2309,15.6028,5.7530,1,1.705,1.857
2881,DATA_20260322_110000.BIN,3.8677,13.8320,3.5853,13.8320,2.0570,1,6.314,10.054
2882,DATA_20260322_110000.BIN,3.5853,10.1591,0.4017,10.1591,1.7270,1,5.589,6.769
2883,DATA_20260322_110000.BIN,0.4017,10.4526,3.2037,10.4526,2.2000,1,1.789,4.964
2884,DATA_20260322_110000.BIN,3.2037,11.1232,4.9775,11.1232,2.9480,1,2.461,2.705
2885,DATA_20260322_110000.BIN,4.9775,11.9085,6.3053,11.9085,1.2430,1,4.679,7.466
2886,DATA_20260322_110000.BIN,6.3053,19.5138,2.0827,19.5138,5.2360,1,5.549,8.230
2887,DATA_20260322_110000.BIN,2.0827,15.9856,3.5601,15.9856,6.2040,1,1.032,1.192
2888,DATA_20260322_110000.BIN,3.5601,10.5646,5.1860,10.5646,2.1670,1,3.377,4.023
2889,DATA_20260322_110000.BIN,5.1860,20.2719,2.7239,20.2719,8.2170,1,3.864,8.868
2890,DATA_20260322_110000.BIN,1.7863,15.0785,1.9516,15.0785,2.6290,1,4.534,6.356
2891,DATA_20260322_110000.BIN,1.9516,9.0493,4.3633,9.0493,2.1560,1,3.103,4.482
2892,DATA_20260322_110000.BIN,4.3633,25.8833,1.0113,25.8833,2.5740,1,4.742,5.773
2893,DATA_20260322_110000.BIN,1.0113,17.0989,3.4748,17.0989,1.7160,1,1.459,2.840
2894,DATA_20260322_110000.BIN,3.4748,40.0042,4.9733,40.0042,4.4220,1,4.082,5.281
2895,DATA_20260322_110000.BIN,4.9733,27.7044,2.4777,27.7044,3.7070,1,7.198,7.670
2896,DATA_20260322_110000.BIN,2.4777,6.7556,1.8808,6.7556,2.3210,1,4.143,8.031
2897,DATA_20260322_110000.BIN,1.8808,27.5868,3.0115,27.5868,3.7400,1,3.297,7.376
2898,DATA_20260322_110000.BIN,3.0115,14.8543,6.4255,14.8543,4.0920,1,3.348,5.471
2899,DATA_20260322_110000.BIN,6.4255,15.2925,2.5425,15.2925,4.0260,1,7.004,7.180
2900,DATA_20260322_110000.BIN,2.5425,12.0609,4.5592,12.0609,0.7810,1,2.172,9.054
2901,DATA_20260322_110000.BIN,4.5592,44.0552,6.8419,44.0552,5.1700,1,5.637,11.707
2902,DATA_20260322_110000.BIN,6.8419,12.8191,3.6469,12.8191,1.5730,1,7.999,9.540
2903,DATA_20260322_110000.BIN,3.6469,14.6646,5.5258,14.6646,2.7170,1,5.513,5.673
2904,DATA_20260322_110000.BIN,1.0160,7.3248,0.1527,7.3248,1.6170,1,0.813,3.086
2905,DATA_20260322_110000.BIN,2.6595,28.2854,1.5745,28.2854,3.4980,1,2.709,5.496
2906,DATA_20260322_110000.BIN,1.5745,7.2198,1.9445,7.2198,1.7490,1,0.904,3.031
2907,DATA_20260322_110000.BIN,1.9445,12.3785,8.8033,12.3785,3.5970,1,3.179,3.882
2908,DATA_20260322_110000.BIN,22.5463,27.5952,23.9411,27.5952,4.0810,1,26.095,26.350
2909,DATA_20260322_110000.BIN,23.9411,29.3168,22.1552,29.3168,4.1140,1,25.217,25.949
2910,DATA_20260322_110000.BIN,22.1552,25.3030,16.7073,25.3030,3.1020,1,20.929,22.615
2911,DATA_20260322_110000.BIN,2.0374,10.5831,0.5261,10.5831,2.2440,1,9.854,9.894
2912,DATA_20260322_110000.BIN,0.5261,9.7648,1.8905,9.7648,3.2780,1,6.039,6.143
2913,DATA_20260322_110000.BIN,8.7478,17.3499,11.6976,17.3499,2.9370,1,4.495,8.542
2914,DATA_20260322_110000.BIN,11.6976,15.1237,8.6914,15.1237,3.2560,1,7.095,7.097
2915,DATA_20260322_110000.BIN,8.6914,25.8918,3.0103,25.8918,4.2900,1,16.140,16.414
2916,DATA_20260322_110000.BIN,3.0103,25.9529,5.6273,25.9529,7.0180,1,8.756,8.794
2917,DATA_20260322_110000.BIN,5.6273,10.3733,6.9099,10.3733,1.1660,1,4.208,4.752
2918,DATA_20260322_110000.BIN,6.9099,19.6319,13.5771,19.6319,7.4250,1,3.140,7.350
2919,DATA_20260322_110000.BIN,13.5771,20.7031,11.7714,20.7031,6.2260,1,11.052,19.004
2920,DATA_20260322_110000.BIN,11.7714,17.0899,2.5251,17.0899,3.1460,1,8.384,16.280
2921,DATA_20260322_110000.BIN,8.1988,52.0557,45.5013,52.0557,4.2900,1,3.043,3.755
2922,DATA_20260322_110000.BIN,45.5013,49.5139,41.9016,49.5139,1.3970,1,120.096,129.013
2923,DATA_20260322_110000.BIN,41.9016,51.6889,3.1413,51.6889,4.2790,1,115.098,120.900
2924,DATA_20260322_110000.BIN,3.1413,6.9192,0.8736,6.9192,1.1770,1,30.263,30.269
2925,DATA_20260322_110000.BIN,0.8736,14.1496,1.5143,14.1496,3.6080,1,26.140,29.087
2926,DATA_20260322_110000.BIN,1.5143,8.5485,2.9004,8.5485,0.9570,1,25.805,25.854
2927,DATA_20260322_110000.BIN,2.9004,5.8737,0.8340,5.8737,1.8370,1,24.779,24.967
2928,DATA_20260322_110000.BIN,0.8340,12.7997,2.3143,12.7997,3.6740,1,18.521,18.993
2929,DATA_20260322_110000.BIN,2.3143,9.5924,2.8797,9.5924,1.1110,1,15.682,18.664
2930,DATA_20260322_110000.BIN,5.1188,38.0757,8.0071,38.0757,2.1120,1,13.304,13.620
2931,DATA_20260322_110000.BIN,8.0071,22.8477,8.8706,22.8477,2.0790,1,13.631,19.604
2932,DATA_20260322_110000.BIN,8.8706,16.6159,12.8697,16.6159,1.8040,1,16.429,20.472
2933,DATA_20260322_110000.BIN,14.9734,36.3650,16.7691,36.3650,1.0230,1,23.229,27.756
2934,DATA_20260322_110000.BIN,11.7395,44.4289,3.0758,44.4289,3.3880,1,15.536,16.318
2935,DATA_20260322_110000.BIN,3.0758,11.0967,3.5062,11.0967,0.9790,1,8.513,10.592
2936,DATA_20260322_110000.BIN,3.5062,8.0400,2.9163,8.0400,0.9790,1,11.294,11.821
2937,DATA_20260322_110000.BIN,2.3503,7.9034,4.1345,7.9034,1.1000,1,9.508,10.061
2938,DATA_20260322_110000.BIN,1.7517,16.6751,8.0703,16.6751,1.7050,1,5.345,7.719
2939,DATA_20260322_110000.BIN,8.0703,50.1107,42.8716,50.1107,2.8050,1,4.352,5.828
2940,DATA_20260322_110000.BIN,42.8716,50.6732,43.6122,50.6732,1.8700,1,123.135,129.483
2941,DATA_20260322_110000.BIN,43.6122,51.2313,0.3272,51.2313,3.2450,1,109.789,114.582
2942,DATA_20260322_110000.BIN,8.3538,13.1913,8.9156,13.1913,1.1770,1,27.032,30.264
2943,DATA_20260322_110000.BIN,6.6954,51.2810,45.5566,51.2810,2.9700,1,28.021,28.051
2944,DATA_20260322_110000.BIN,42.1621,51.6686,3.5337,51.6686,4.3340,1,107.588,112.638
2945,DATA_20260322_110000.BIN,3.5337,8.8185,4.0851,8.8185,3.9930,1,36.403,36.766
2946,DATA_20260322_110000.BIN,3.2630,7.8971,4.5613,7.8971,1.5290,1,29.534,30.268
2947,DATA_20260322_110000.BIN,4.5613,51.6372,14.8520,51.6372,6.7870,1,25.363,25.759
2948,DATA_20260322_110000.BIN,14.8520,19.2904,5.6982,19.2904,1.4410,1,9.876,10.196
2949,DATA_20260322_110000.BIN,5.6982,8.7370,2.4599,8.7370,1.1110,1,22.701,24.878
2950,DATA_20260322_110000.BIN,2.4599,37.3633,2.7510,37.3633,7.4250,1,20.957,21.635
2951,DATA_20260322_110000.BIN,2.7510,8.5843,2.9565,8.5843,1.0780,1,18.721,21.967
2952,DATA_20260322_110000.BIN,2.5987,44.6298,16.9646,44.6298,2.9480,1,16.866,16.866
2953,DATA_20260322_110000.BIN,16.9646,23.3572,5.8147,23.3572,1.2870,1,23.703,23.746
2954,DATA_20260322_110000.BIN,10.0952,23.4913,4.2400,23.4913,3.1130,1,16.154,19.437
2955,DATA_20260322_110000.BIN,27.6744,46.5095,8.6187,46.5095,1.2430,1,17.492,18.979
2956,DATA_20260322_110000.BIN,8.6187,40.2042,23.0869,40.2042,2.5410,1,23.206,23.275
2957,DATA_20260322_120000.BIN,5.7908,18.6753,4.5848,18.6753,1.1330,1,22.969,24.325
2958,DATA_20260322_120000.BIN,4.5848,16.6831,4.6629,16.6831,1.9030,1,13.520,13.735
2959,DATA_20260322_120000.BIN,6.0023,42.6849,34.9644,42.6849,8.1620,1,10.729,11.601
2960,DATA_20260322_120000.BIN,34.9644,44.0808,33.2001,44.0808,2.4750,1,51.829,51.890
2961,DATA_20260322_120000.BIN,33.2001,44.1043,18.6399,44.1043,7.8760,1,121.462,123.310
2962,DATA_20260322_120000.BIN,18.6399,25.6738,16.5553,25.6738,5.3020,1,12.348,14.976
2963,DATA_20260322_120000.BIN,24.8252,43.8968,33.6852,43.8968,4.1690,1,12.633,12.828
2964,DATA_20260322_120000.BIN,33.6852,45.1800,1.2161,45.1800,3.1570,1,107.826,111.815
2965,DATA_20260322_120000.BIN,4.5541,23.8137,5.2607,23.8137,4.8400,1,39.294,40.274
2966,DATA_20260322_120000.BIN,5.2607,14.1449,2.1828,14.1449,1.6720,1,26.698,26.939
2967,DATA_20260322_120000.BIN,2.1828,44.7393,3.4817,44.7393,7.3260,1,25.848,28.027
2968,DATA_20260322_120000.BIN,3.4817,12.8527,1.0295,12.8527,4.4330,1,20.830,20.863
2969,DATA_20260322_120000.BIN,1.0295,10.5849,1.6488,10.5849,3.9050,1,20.936,20.943
2970,DATA_20260322_120000.BIN,1.6488,17.8968,1.5472,17.8968,2.2990,1,17.274,18.218
2971,DATA_20260322_120000.BIN,1.5472,53.9913,14.2064,53.9913,8.5580,1,13.367,13.717
2972,DATA_20260322_120000.BIN,14.2064,23.0577,2.2174,23.0577,2.8820,1,23.948,25.991
2973,DATA_20260322_120000.BIN,5.1012,24.4687,1.1232,24.4687,6.2040,1,18.114,18.229
2974,DATA_20260322_120000.BIN,5.8501,16.8127,2.2288,16.8127,3.3330,1,12.799,12.923
2975,DATA_20260322_120000.BIN,4.3986,11.9739,3.7594,11.9739,1.7270,1,5.558,6.532
2976,DATA_20260322_120000.BIN,3.7594,20.5872,0.7937,20.5872,4.8730,1,10.411,10.578
2977,DATA_20260322_120000.BIN,3.6309,17.4367,3.1728,17.4367,3.0140,1,11.168,11.320
2978,DATA_20260322_120000.BIN,4.3803,12.7599,0.4355,12.7599,5.5880,1,8.144,10.604
2979,DATA_20260322_120000.BIN,0.4355,16.8245,5.6682,16.8245,2.5960,1,9.977,11.560
2980,DATA_20260322_120000.BIN,5.6682,25.9617,3.3270,25.9617,3.1350,1,2.426,7.460
2981,DATA_20260322_120000.BIN,3.3270,41.4890,9.6593,41.4890,1.8260,1,9.915,23.848
2982,DATA_20260322_120000.BIN,9.6593,37.5493,29.7956,37.5493,1.6940,1,12.080,13.989
2983,DATA_20260322_120000.BIN,29.7956,56.2995,10.4303,56.2995,7.5240,1,39.682,39.815
2984,DATA_20260322_120000.BIN,10.4303,34.2771,16.7813,34.2771,7.7660,1,18.787,22.925
2985,DATA_20260322_120000.BIN,9.4443,32.8809,13.2980,32.8809,4.6640,1,14.210,16.085
2986,DATA_20260322_120000.BIN,13.2980,21.2047,4.9092,21.2047,2.3760,1,18.064,18.394
2987,DATA_20260322_120000.BIN,4.9092,41.6232,3.3681,41.6232,3.3330,1,5.047,6.772
2988,DATA_20260322_120000.BIN,3.3681,43.2950,11.5228,43.2950,7.2820,1,1.646,2.250
2989,DATA_20260322_120000.BIN,11.5228,34.3777,10.9538,34.3777,1.1110,1,9.406,9.584
2990,DATA_20260322_120000.BIN,10.9538,25.8164,7.7978,25.8164,2.8600,1,8.169,8.665
2991,DATA_20260322_120000.BIN,7.7978,22.7180,7.4065,22.7180,2.7830,1,8.345,9.907
2992,DATA_20260322_120000.BIN,7.4065,27.6479,4.4232,27.6479,2.6180,1,6.984,9.527
2993,DATA_20260322_120000.BIN,4.4232,13.3804,0.3273,13.3804,5.6760,1,2.738,6.631
2994,DATA_20260322_120000.BIN,0.3273,29.9323,1.0682,29.9323,6.3030,1,6.191,7.351
2995,DATA_20260322_120000.BIN,1.0682,16.8964,2.0114,16.8964,5.2580,1,7.565,10.989
2996,DATA_20260322_120000.BIN,13.3354,25.4187,8.3572,25.4187,1.3530,1,10.597,11.809
2997,DATA_20260322_120000.BIN,8.3572,18.1766,5.1536,18.1766,2.1670,1,8.114,12.320
2998,DATA_20260322_120000.BIN,5.1536,18.3308,3.2841,18.3308,1.1990,1,1.508,7.785
2999,DATA_20260322_120000.BIN,32.3918,47.5254,23.4378,47.5254,2.8490,1,31.997,32.460
3000,DATA_20260322_120000.BIN,23.4378,45.8366,22.7609,45.8366,3.0030,1,18.100,18.363
3001,DATA_20260322_120000.BIN,22.7609,47.1508,23.6617,47.1508,3.4210,1,18.112,18.402
3002,DATA_20260322_120000.BIN,15.7040,32.8112,25.7429,32.8112,2.2770,1,37.704,89.668
3003,DATA_20260322_120000.BIN,25.7429,58.9672,6.4383,58.9672,3.2450,1,45.908,50.260
3004,DATA_20260322_120000.BIN,6.4383,18.7957,7.1904,18.7957,1.1330,1,4.059,6.426
3005,DATA_20260322_120000.BIN,7.1904,23.7629,6.2002,23.7629,4.1800,1,8.143,9.479
3006,DATA_20260322_120000.BIN,6.2002,21.3107,4.9206,21.3107,4.9830,1,4.896,9.538
3007,DATA_20260322_120000.BIN,4.9206,16.1310,8.4539,16.1310,3.4100,1,7.487,12.767
3008,DATA_20260322_120000.BIN,8.4539,16.4157,4.8970,16.4157,4.2570,1,5.358,7.632
3009,DATA_20260322_120000.BIN,4.8970,13.8836,6.6137,13.8836,4.9720,1,9.458,10.607
3010,DATA_20260322_120000.BIN,6.6137,15.0974,2.9376,15.0974,3.7620,1,3.482,9.226
3011,DATA_20260322_120000.BIN,2.9376,17.4770,1.9045,17.4770,4.0260,1,11.017,11.105
3012,DATA_20260322_120000.BIN,1.9045,12.3221,1.6415,12.3221,1.8480,1,11.340,14.384
3013,DATA_20260322_120000.BIN,5.9238,22.4054,3.2348,22.4054,6.6660,1,3.278,4.683
3014,DATA_20260322_120000.BIN,3.2348,13.4422,3.2482,13.4422,2.9150,1,6.717,10.776
3015,DATA_20260322_120000.BIN,3.2482,26.7982,4.4315,26.7982,9.0090,1,0.989,1.884
3016,DATA_20260322_120000.BIN,4.4315,38.2621,2.8349,38.2621,3.4870,1,9.696,9.870
3017,DATA_20260322_120000.BIN,2.8349,43.9158,1.7882,43.9158,5.2580,1,5.522,12.177
3018,DATA_20260322_120000.BIN,1.7882,13.7955,3.2613,13.7955,2.9480,1,6.387,12.146
3019,DATA_20260322_120000.BIN,3.2613,42.4150,4.1735,42.4150,6.9410,1,2.570,4.148
3020,DATA_20260322_120000.BIN,0.5369,13.8660,3.4023,13.8660,1.5180,1,9.453,16.279
3021,DATA_20260322_120000.BIN,0.7028,10.9470,3.7995,10.9470,7.6890,1,4.940,5.270
3022,DATA_20260322_120000.BIN,3.7995,10.4552,3.1889,10.4552,3.6960,1,8.833,18.365
3023,DATA_20260322_120000.BIN,3.1889,15.7032,4.1429,15.7032,8.0850,1,7.128,10.035
3024,DATA_20260322_120000.BIN,0.2767,10.1064,3.3962,10.1064,2.0240,1,6.460,11.568
3025,DATA_20260322_120000.BIN,3.3962,16.2130,2.8411,16.2130,8.3490,1,5.530,5.847
3026,DATA_20260322_120000.BIN,2.8411,9.6077,0.8117,9.6077,2.2000,1,2.208,3.591
3027,DATA_20260322_120000.BIN,4.7155,34.4522,14.9423,34.4522,8.5800,1,9.381,11.123
3028,DATA_20260322_120000.BIN,14.9423,40.6148,9.9464,40.6148,5.8960,1,17.101,18.572
3029,DATA_20260322_120000.BIN,0.5586,10.0019,3.4460,10.0019,1.5070,1,0.918,2.968
3030,DATA_20260322_120000.BIN,3.4460,21.1703,1.8101,21.1703,3.1680,1,2.845,2.888
3031,DATA_20260322_120000.BIN,1.8101,15.4985,0.5115,15.4985,4.6640,1,0.571,6.424
3032,DATA_20260322_120000.BIN,0.7572,18.7675,5.9448,18.7675,1.9250,1,1.572,1.758
3033,DATA_20260322_120000.BIN,5.9448,17.4808,1.9612,17.4808,6.5560,1,5.373,7.394
3034,DATA_20260322_120000.BIN,1.9612,13.8123,3.4004,13.8123,8.5140,1,2.873,4.897
3035,DATA_20260322_120000.BIN,3.4004,16.2287,4.6753,16.2287,6.4900,1,3.190,5.978
3036,DATA_20260322_120000.BIN,4.6753,21.6575,9.3665,21.6575,4.3890,1,5.046,5.458
3037,DATA_20260322_120000.BIN,9.3665,40.2957,25.5036,40.2957,6.6110,1,9.023,9.378
3038,DATA_20260322_120000.BIN,28.2193,41.3688,28.3675,41.3688,5.9510,1,34.402,36.163
3039,DATA_20260322_120000.BIN,8.0869,41.9611,30.5250,41.9611,5.1150,1,3.849,4.411
3040,DATA_20260322_120000.BIN,2.9861,18.3527,8.2691,18.3527,8.4260,1,5.822,8.728
3041,DATA_20260322_120000.BIN,3.1080,22.6747,0.9701,22.6747,5.4340,1,5.004,5.623
3042,DATA_20260322_120000.BIN,0.9701,12.4175,2.4296,12.4175,4.6860,1,6.058,6.178
3043,DATA_20260322_120000.BIN,2.4296,21.6114,1.8010,21.6114,6.4130,1,7.542,7.566
3044,DATA_20260322_120000.BIN,1.8010,21.7739,3.7749,21.7739,2.0350,1,0.651,10.451
3045,DATA_20260322_120000.BIN,15.3866,22.4371,3.5031,22.4371,4.3010,1,13.707,15.292
3046,DATA_20260322_120000.BIN,3.5031,14.6193,2.5451,14.6193,5.0600,1,2.279,3.069
3047,DATA_20260322_120000.BIN,2.5451,9.9572,1.8811,9.9572,3.3880,1,2.315,2.441
3048,DATA_20260322_120000.BIN,1.8811,13.2789,3.6278,13.2789,4.8290,1,2.668,6.369
3049,DATA_20260322_120000.BIN,3.6278,15.5361,7.2423,15.5361,3.9930,1,5.229,10.118
3050,DATA_20260322_120000.BIN,7.2423,16.3107,5.8656,16.3107,2.5520,1,4.790,4.819
3051,DATA_20260322_120000.BIN,2.6759,14.0618,8.1341,14.0618,2.4310,1,5.965,7.383
3052,DATA_20260322_120000.BIN,8.1341,20.6581,4.9398,20.6581,6.3030,1,7.874,7.901
3053,DATA_20260322_120000.BIN,4.9398,11.3366,1.3726,11.3366,2.4860,1,2.745,9.998
3054,DATA_20260322_120000.BIN,3.4697,16.6050,1.2081,16.6050,6.9630,1,5.162,11.636
3055,DATA_20260322_120000.BIN,4.1491,19.4285,2.1082,19.4285,2.6400,1,5.362,14.473
3056,DATA_20260322_120000.BIN,1.8599,19.4437,5.6745,19.4437,7.4250,1,6.998,10.546
3057,DATA_20260322_120000.BIN,5.6745,20.9560,1.4837,20.9560,3.3990,1,5.488,5.647
3058,DATA_20260322_120000.BIN,1.4837,9.1529,2.5237,9.1529,3.2780,1,4.110,8.571
3059,DATA_20260322_120000.BIN,2.5237,10.9767,3.8814,10.9767,6.0830,1,7.190,10.932
3060,DATA_20260322_120000.BIN,3.8814,14.7535,7.2697,14.7535,2.3980,1,9.726,11.639
3061,DATA_20260322_120000.BIN,7.2697,37.8712,5.0933,37.8712,4.0370,1,10.968,11.092
3062,DATA_20260322_120000.BIN,5.0933,17.9162,2.0384,17.9162,7.8210,1,6.227,6.600
3063,DATA_20260322_120000.BIN,2.3858,12.3483,4.5738,12.3483,5.9730,1,2.834,8.749
3064,DATA_20260322_120000.BIN,4.5738,19.6967,1.6655,19.6967,2.2770,1,5.941,5.941
3065,DATA_20260322_120000.BIN,1.6655,26.4542,4.7998,26.4542,9.4050,1,0.904,1.280
3066,DATA_20260322_120000.BIN,4.7998,14.2729,4.4629,14.2729,4.4330,1,5.701,5.851
3067,DATA_20260322_120000.BIN,4.4629,26.7271,5.0750,26.7271,3.2340,1,6.200,6.610
3068,DATA_20260322_120000.BIN,5.0750,35.5973,14.4004,35.5973,4.7080,1,6.370,7.272
3069,DATA_20260322_120000.BIN,14.4004,33.7993,4.2520,33.7993,8.3380,1,19.001,19.043
3070,DATA_20260322_120000.BIN,4.2520,16.6437,3.9136,16.6437,5.3570,1,5.909,6.886
3071,DATA_20260322_120000.BIN,4.6778,39.8348,28.4925,39.8348,5.9510,1,8.660,9.748
3072,DATA_20260322_120000.BIN,28.4925,38.2130,0.2457,38.2130,5.9620,1,120.259,124.478
3073,DATA_20260322_120000.BIN,4.8372,15.7169,1.0401,15.7169,3.9930,1,19.423,19.428
3074,DATA_20260322_120000.BIN,1.0401,27.0988,1.3850,27.0988,3.7510,1,14.598,17.615
3075,DATA_20260322_120000.BIN,3.4455,9.8206,0.0398,9.8206,4.9390,1,14.165,14.171
3076,DATA_20260322_120000.BIN,5.9977,17.3460,2.8947,17.3460,3.6190,1,15.821,16.157
3077,DATA_20260322_120000.BIN,2.8947,9.7010,3.5820,9.7010,5.3460,1,2.970,6.767
3078,DATA_20260322_120000.BIN,2.8214,18.5349,0.8302,18.5349,3.2890,1,6.700,6.719
3079,DATA_20260322_120000.BIN,0.8302,7.4652,0.9430,7.4652,4.0260,1,6.402,7.004
3080,DATA_20260322_120000.BIN,0.2999,19.0233,0.9464,19.0233,7.4910,1,6.579,6.711
3081,DATA_20260322_120000.BIN,1.5073,9.5030,1.8869,9.5030,6.6880,1,6.217,12.055
3082,DATA_20260322_120000.BIN,0.8623,40.3006,3.4743,40.3006,4.1690,1,3.598,4.061
3083,DATA_20260322_120000.BIN,3.4743,12.0426,1.7677,12.0426,5.1480,1,5.784,5.896
3084,DATA_20260322_120000.BIN,1.7677,11.9878,4.6661,11.9878,2.7940,1,5.505,5.610
3085,DATA_20260322_120000.BIN,4.6661,20.9756,4.2951,20.9756,7.6230,1,7.889,9.876
3086,DATA_20260322_120000.BIN,1.2676,16.5891,5.9346,16.5891,2.2000,1,2.303,6.931
3087,DATA_20260322_120000.BIN,1.5946,10.0010,0.9370,10.0010,5.6210,1,3.845,4.011
3088,DATA_20260322_120000.BIN,0.9370,10.9812,1.6585,10.9812,4.1140,1,2.137,2.164
3089,DATA_20260322_120000.BIN,4.2336,11.0943,2.9465,11.0943,7.1940,1,6.219,6.291
3090,DATA_20260322_120000.BIN,2.9465,40.7853,5.1634,40.7853,3.6520,1,4.720,5.625
3091,DATA_20260322_120000.BIN,5.1634,36.2104,3.0161,36.2104,1.7930,1,6.169,6.292
3092,DATA_20260322_120000.BIN,3.0161,36.4836,1.9043,36.4836,2.7060,1,3.324,3.589
3093,DATA_20260322_120000.BIN,1.9043,37.0173,8.8599,37.0173,2.7720,1,2.063,4.325
3094,DATA_20260322_120000.BIN,46.4100,51.2492,5.6530,51.2492,2.6950,1,54.923,57.284
3095,DATA_20260322_120000.BIN,18.6236,40.3034,1.8252,40.3034,2.8930,1,28.048,28.289
3096,DATA_20260322_120000.BIN,1.8252,13.5098,6.1009,13.5098,5.5110,1,3.194,5.960
3097,DATA_20260322_120000.BIN,6.1009,12.3882,0.7956,12.3882,3.7070,1,6.584,8.407
3098,DATA_20260322_120000.BIN,2.6498,9.1852,2.1422,9.1852,3.4320,1,9.066,11.794
3099,DATA_20260322_120000.BIN,2.1422,13.6746,2.7568,13.6746,2.8270,1,2.979,3.304
3100,DATA_20260322_120000.BIN,2.7568,42.7572,6.4880,42.7572,4.7080,1,1.143,1.864
3101,DATA_20260322_120000.BIN,6.4880,12.8346,1.0661,12.8346,2.9260,1,8.215,8.250
3102,DATA_20260322_120000.BIN,0.7043,9.6984,0.8472,9.6984,6.2810,1,2.953,2.966
3103,DATA_20260322_120000.BIN,4.2745,38.7368,10.6558,38.7368,3.8170,1,3.684,3.847
3104,DATA_20260322_120000.BIN,4.4582,23.8490,14.6140,23.8490,4.6310,1,10.303,15.411
3105,DATA_20260322_120000.BIN,1.5642,35.6238,8.5929,35.6238,2.5410,1,5.807,7.698
3106,DATA_20260322_120000.BIN,2.5487,28.2424,5.8418,28.2424,2.2770,1,3.414,13.836
3107,DATA_20260322_120000.BIN,6.4203,16.1403,3.4772,16.1403,5.3680,1,11.960,15.878
3108,DATA_20260322_120000.BIN,21.7835,33.3264,1.6067,33.3264,6.0060,1,34.719,36.293
3109,DATA_20260322_120000.BIN,1.4313,17.4806,7.4444,17.4806,7.2050,1,1.064,8.472
3110,DATA_20260322_120000.BIN,9.1407,15.9634,3.7937,15.9634,1.9580,1,9.609,17.443
3111,DATA_20260322_120000.BIN,3.7937,23.2271,7.0904,23.2271,7.7550,1,3.682,5.041
3112,DATA_20260322_120000.BIN,7.0904,16.8712,2.1049,16.8712,4.4660,1,6.353,14.288
3113,DATA_20260322_120000.BIN,2.1049,16.5776,3.0612,16.5776,7.5240,1,2.521,4.040
3114,DATA_20260322_120000.BIN,3.0612,10.7320,1.8393,10.7320,7.7330,1,3.935,17.973
3115,DATA_20260322_120000.BIN,4.7336,19.6841,7.2884,19.6841,4.2020,1,1.261,9.520
3116,DATA_20260322_120000.BIN,7.2884,16.5810,5.7165,16.5810,3.5530,1,10.157,12.315
3117,DATA_20260322_120000.BIN,5.7165,18.9300,6.9026,18.9300,5.8740,1,2.449,6.564
3118,DATA_20260322_120000.BIN,6.9026,22.8490,4.9551,22.8490,7.1060,1,2.456,9.015
3119,DATA_20260322_120000.BIN,4.9551,17.8740,3.0309,17.8740,4.1250,1,3.673,8.221
3120,DATA_20260322_120000.BIN,3.0309,11.2209,1.6257,11.2209,3.8390,1,1.107,2.803
3121,DATA_20260322_120000.BIN,1.6257,22.4919,7.4575,22.4919,2.7720,1,2.193,2.641
3122,DATA_20260322_120000.BIN,7.4575,36.1566,1.9619,36.1566,3.2230,1,14.380,15.246
3123,DATA_20260322_120000.BIN,1.9619,26.9529,10.5625,26.9529,5.8630,1,2.501,2.921
3124,DATA_20260322_120000.BIN,10.5625,18.3739,8.7696,18.3739,2.0900,1,13.525,14.917
3125,DATA_20260322_120000.BIN,8.7696,27.8214,13.2777,27.8214,3.2780,1,9.179,9.735
3126,DATA_20260322_120000.BIN,4.7193,15.4820,5.7487,15.4820,2.2220,1,5.481,11.207
3127,DATA_20260322_120000.BIN,5.7487,25.9557,19.0416,25.9557,3.9380,1,4.673,4.830
3128,DATA_20260322_120000.BIN,19.0416,32.5031,13.4245,32.5031,9.0860,1,19.085,19.214
3129,DATA_20260322_120000.BIN,5.9708,31.4843,5.7185,31.4843,5.0160,1,2.549,6.531
3130,DATA_20260322_120000.BIN,4.0694,16.5220,10.4885,16.5220,4.3340,1,9.214,9.262
3131,DATA_20260322_120000.BIN,13.2312,28.0766,14.2493,28.0766,1.8700,1,12.843,13.256
3132,DATA_20260322_120000.BIN,14.2493,25.6219,10.6306,25.6219,9.8450,1,12.091,12.097
3133,DATA_20260322_120000.BIN,10.6306,18.4287,10.7652,18.4287,8.3160,1,2.021,10.764
3134,DATA_20260322_120000.BIN,12.8431,23.7199,15.0610,23.7199,7.8100,1,10.531,11.569
3135,DATA_20260322_120000.BIN,3.9585,24.1722,7.0722,24.1722,1.0010,1,14.514,20.447
3136,DATA_20260322_120000.BIN,13.1583,30.9882,10.5019,30.9882,2.0790,1,9.859,9.866
3137,DATA_20260322_120000.BIN,10.5019,30.2884,17.3593,30.2884,1.5950,1,8.481,11.216
3138,DATA_20260322_130000.BIN,15.0321,27.7039,8.8664,27.7039,4.3890,1,51.091,59.085
3139,DATA_20260322_130000.BIN,5.2452,15.1278,5.0946,15.1278,0.9350,1,56.144,64.974
3140,DATA_20260322_130000.BIN,5.0946,16.8712,5.3192,16.8712,1.0670,1,51.659,60.411
3141,DATA_20260322_130000.BIN,5.3192,14.5054,4.4843,14.5054,1.0230,1,45.798,51.681
3142,DATA_20260322_130000.BIN,4.4843,13.4401,7.9527,13.4401,8.5140,1,40.147,44.753
3143,DATA_20260322_130000.BIN,7.9527,18.1701,10.0153,18.1701,8.4260,1,32.954,33.921
3144,DATA_20260322_130000.BIN,5.7643,17.0308,5.3079,17.0308,1.0120,1,37.547,41.968
3145,DATA_20260322_130000.BIN,5.3079,16.1609,4.8681,16.1609,1.0450,1,28.762,32.978
3146,DATA_20260322_130000.BIN,4.8681,15.5723,6.1354,15.5723,1.0560,1,26.736,30.505
3147,DATA_20260322_130000.BIN,8.1513,15.0437,7.3285,15.0437,1.4960,1,25.162,30.082
3148,DATA_20260322_130000.BIN,7.3285,12.9927,5.9556,12.9927,3.6080,1,22.311,24.184
3149,DATA_20260322_130000.BIN,5.9556,22.2080,10.5634,22.2080,7.5680,1,31.342,32.071
3150,DATA_20260322_130000.BIN,10.5634,42.7939,38.0326,42.7939,1.6720,1,21.629,24.019
3151,DATA_20260322_130000.BIN,4.7206,12.6536,2.9197,12.6536,2.0020,1,21.188,21.825
3152,DATA_20260322_130000.BIN,2.9197,13.4831,4.0442,13.4831,1.0560,1,16.727,17.814
3153,DATA_20260322_130000.BIN,4.0442,13.2365,2.6360,13.2365,1.0230,1,13.148,14.431
3154,DATA_20260322_130000.BIN,2.1900,15.6817,3.8411,15.6817,4.6640,1,25.312,25.347
3155,DATA_20260322_130000.BIN,2.2677,12.2355,3.2436,12.2355,1.0450,1,11.823,11.923
3156,DATA_20260322_130000.BIN,3.2436,12.2654,2.3842,12.2654,1.0670,1,8.954,9.729
3157,DATA_20260322_130000.BIN,2.3842,15.7222,4.3413,15.7222,2.5410,1,10.110,10.668
3158,DATA_20260322_130000.BIN,4.3413,11.5861,4.5765,11.5861,3.2780,1,8.819,10.627
3159,DATA_20260322_130000.BIN,3.1180,12.1174,2.7478,12.1174,0.9680,1,12.357,12.627
3160,DATA_20260322_130000.BIN,2.7478,11.7503,2.6761,11.7503,0.9680,1,6.351,6.454
3161,DATA_20260322_130000.BIN,2.9352,9.7049,3.2576,9.7049,1.9030,1,8.897,8.907
3162,DATA_20260322_130000.BIN,3.2576,8.0965,2.2452,8.0965,5.0820,1,6.534,6.821
3163,DATA_20260322_130000.BIN,2.2452,10.2463,3.6570,10.2463,9.2510,1,9.591,10.090
3164,DATA_20260322_130000.BIN,3.6570,26.3717,0.7087,26.3717,6.6660,1,14.797,14.876
3165,DATA_20260322_130000.BIN,4.7369,11.5501,1.7506,11.5501,1.5620,1,7.697,7.710
3166,DATA_20260322_130000.BIN,1.7506,16.2972,0.8979,16.2972,6.2480,1,5.490,6.082
3167,DATA_20260322_130000.BIN,2.3408,9.5950,1.4040,9.5950,2.1340,1,13.491,13.494
3168,DATA_20260322_130000.BIN,1.4040,8.7166,0.7550,8.7166,3.0580,1,11.220,11.360
3169,DATA_20260322_130000.BIN,0.7550,8.6037,2.7855,8.6037,2.2000,1,5.258,5.295
3170,DATA_20260322_130000.BIN,2.7855,6.9898,0.7419,6.9898,4.7190,1,6.242,6.382
3171,DATA_20260322_130000.BIN,0.7419,8.4993,1.4449,8.4993,5.5990,1,3.861,3.870
3172,DATA_20260322_130000.BIN,1.4449,9.7733,2.6253,9.7733,2.7170,1,17.881,19.137
3173,DATA_20260322_130000.BIN,4.6533,11.2128,4.1464,11.2128,2.5410,1,10.637,11.870
3174,DATA_20260322_130000.BIN,4.1464,12.8567,0.3995,12.8567,5.1260,1,28.919,28.920
3175,DATA_20260322_130000.BIN,0.3995,7.7646,2.1564,7.7646,6.7980,1,3.308,3.382
3176,DATA_20260322_130000.BIN,2.1564,11.3722,1.8861,11.3722,4.0370,1,21.042,22.460
3177,DATA_20260322_130000.BIN,1.8861,8.0703,1.0594,8.0703,2.0900,1,3.019,3.019
3178,DATA_20260322_130000.BIN,1.5968,7.4710,0.4102,7.4710,3.7400,1,8.200,8.769
3179,DATA_20260322_130000.BIN,0.8028,6.0334,2.3795,6.0334,4.3670,1,8.240,8.327
3180,DATA_20260322_130000.BIN,2.3795,8.4960,0.7788,8.4960,3.6960,1,8.070,8.260
3181,DATA_20260322_130000.BIN,0.4896,7.6488,0.6542,7.6488,2.2440,1,8.359,8.626
3182,DATA_20260322_130000.BIN,0.6542,37.8468,19.5575,37.8468,3.5530,1,10.840,11.655
3183,DATA_20260322_130000.BIN,19.5575,51.1421,45.6182,51.1421,3.1900,1,36.699,36.699
3184,DATA_20260322_130000.BIN,6.0166,20.6954,1.3232,20.6954,2.9150,1,6.898,7.931
3185,DATA_20260322_130000.BIN,3.0512,23.0619,0.9570,23.0619,4.6310,1,7.982,9.345
3186,DATA_20260322_130000.BIN,0.9570,7.7384,0.8051,7.7384,5.9510,1,3.675,4.286
3187,DATA_20260322_130000.BIN,0.8051,8.9001,3.6061,8.9001,4.4770,1,8.999,9.100
3188,DATA_20260322_130000.BIN,3.6061,29.5234,6.7256,29.5234,4.5760,1,34.126,34.465
3189,DATA_20260322_130000.BIN,6.7256,11.7745,2.2847,11.7745,3.6740,1,64.718,64.729
3190,DATA_20260322_130000.BIN,2.2847,8.2622,0.6822,8.2622,2.9040,1,11.238,11.662
3191,DATA_20260322_130000.BIN,0.4669,6.0828,0.8607,6.0828,1.8370,1,8.661,8.672
3192,DATA_20260322_130000.BIN,2.0011,13.9529,0.5486,13.9529,5.0160,1,34.210,34.359
3193,DATA_20260322_130000.BIN,0.5486,10.7210,1.6643,10.7210,4.2240,1,12.003,12.007
3194,DATA_20260322_130000.BIN,1.6882,12.9570,0.7492,12.9570,1.8480,1,14.067,14.305
3195,DATA_20260322_130000.BIN,2.5394,14.3524,5.4638,14.3524,3.1130,1,6.523,7.136
3196,DATA_20260322_130000.BIN,0.6701,5.6615,1.2023,5.6615,6.8530,1,7.175,7.188
3197,DATA_20260322_130000.BIN,1.9454,28.3292,6.2970,28.3292,6.8860,1,40.638,40.751
3198,DATA_20260322_130000.BIN,10.0252,14.4269,9.1419,14.4269,8.9210,1,12.007,15.270
3199,DATA_20260322_130000.BIN,9.1419,16.1623,10.9083,16.1623,9.4380,1,39.044,40.266
3200,DATA_20260322_130000.BIN,10.9083,22.0621,13.0550,22.0621,2.5740,1,7.926,11.193
3201,DATA_20260322_130000.BIN,10.1795,15.3307,4.7645,15.3307,9.0200,1,9.114,11.002
3202,DATA_20260322_130000.BIN,4.7645,35.8707,24.1599,35.8707,2.3760,1,19.800,19.853
3203,DATA_20260322_130000.BIN,24.1599,31.8562,9.6874,31.8562,2.4970,1,71.765,71.976
3204,DATA_20260322_130000.BIN,9.6874,15.8116,6.6603,15.8116,3.4980,1,12.438,14.043
3205,DATA_20260322_130000.BIN,6.6603,15.1883,8.8088,15.1883,3.7730,1,10.043,10.095
3206,DATA_20260322_130000.BIN,8.8088,21.4662,5.4756,21.4662,4.0700,1,7.923,8.537
3207,DATA_20260322_130000.BIN,6.0310,46.6383,30.0826,46.6383,3.7510,1,11.014,11.017
3208,DATA_20260322_130000.BIN,30.0826,45.3617,3.6754,45.3617,3.1240,1,68.594,69.577
3209,DATA_20260322_130000.BIN,3.6754,12.4406,3.4962,12.4406,3.7180,1,23.460,23.562
3210,DATA_20260322_130000.BIN,5.2196,12.1492,1.7357,12.1492,2.8710,1,34.183,34.304
3211,DATA_20260322_130000.BIN,6.5838,11.0594,7.0332,11.0594,3.0910,1,10.611,10.706
3212,DATA_20260322_130000.BIN,1.7876,9.5675,2.7363,9.5675,2.9480,1,29.552,29.974
3213,DATA_20260322_130000.BIN,1.2380,13.7972,4.5459,13.7972,2.9260,1,24.820,24.914
3214,DATA_20260322_130000.BIN,1.5660,10.0439,3.1962,10.0439,1.8260,1,23.975,24.056
3215,DATA_20260322_130000.BIN,1.7846,5.4038,0.8914,5.4038,3.4870,1,22.638,24.797
3216,DATA_20260322_130000.BIN,0.5868,24.2708,1.3880,24.2708,3.8720,1,22.040,22.048
3217,DATA_20260322_130000.BIN,4.8044,23.3431,2.4821,23.3431,2.1230,1,20.472,21.189
3218,DATA_20260322_130000.BIN,4.8863,11.7965,2.2790,11.7965,1.4300,1,4.718,10.692
3219,DATA_20260322_130000.BIN,9.0904,17.2772,7.3210,17.2772,1.0670,1,20.719,24.237
3220,DATA_20260322_130000.BIN,7.3210,16.3579,3.7361,16.3579,3.9820,1,11.605,14.420
3221,DATA_20260322_130000.BIN,3.7361,15.5759,8.2221,15.5759,3.8610,1,21.850,21.868
3222,DATA_20260322_130000.BIN,8.2221,15.2789,1.7541,15.2789,3.9710,1,20.424,20.987
3223,DATA_20260322_130000.BIN,6.3591,13.2792,4.3573,13.2792,1.6390,1,24.273,25.108
3224,DATA_20260322_130000.BIN,4.3573,19.4225,11.4841,19.4225,3.5970,1,10.836,10.926
3225,DATA_20260322_130000.BIN,11.4841,18.8239,8.0555,18.8239,1.8810,1,12.525,18.283
3226,DATA_20260322_130000.BIN,8.0555,16.3242,6.7776,16.3242,2.2440,1,5.283,8.361
3227,DATA_20260322_130000.BIN,5.8696,18.5176,9.5572,18.5176,2.2660,1,14.958,14.959
3228,DATA_20260322_130000.BIN,9.5572,18.7563,9.6924,18.7563,3.0360,1,17.788,18.261
3229,DATA_20260322_130000.BIN,9.6924,18.3034,6.1783,18.3034,1.1550,1,12.106,13.277
3230,DATA_20260322_130000.BIN,11.5958,18.1421,9.8936,18.1421,3.3330,1,11.543,13.730
3231,DATA_20260322_130000.BIN,9.8936,15.5771,2.7640,15.5771,2.4640,1,7.056,8.198
3232,DATA_20260322_130000.BIN,10.3973,16.7573,4.7967,16.7573,3.3440,1,9.944,10.720
3233,DATA_20260322_130000.BIN,4.7967,53.2956,23.9681,53.2956,5.4450,1,27.201,27.280
3234,DATA_20260322_130000.BIN,23.9681,36.3570,5.3418,36.3570,3.1790,1,77.280,77.520
3235,DATA_20260322_130000.BIN,5.3418,15.7735,8.5138,15.7735,7.0840,1,11.366,11.369
3236,DATA_20260322_130000.BIN,8.5138,17.0888,3.8235,17.0888,3.3990,1,17.731,17.888
3237,DATA_20260322_130000.BIN,4.5135,42.8729,1.5902,42.8729,3.2670,1,24.818,24.823
3238,DATA_20260322_130000.BIN,10.8219,43.2981,2.4330,43.2981,2.6840,1,15.967,17.255
3239,DATA_20260322_130000.BIN,2.4330,18.9299,11.6849,18.9299,4.1580,1,22.953,23.399
3240,DATA_20260322_130000.BIN,8.7353,19.4102,11.6704,19.4102,2.3100,1,11.406,11.923
3241,DATA_20260322_130000.BIN,12.7863,23.5074,15.0248,23.5074,5.2800,1,12.614,14.643
3242,DATA_20260322_130000.BIN,15.0248,20.0001,9.9450,20.0001,4.0920,1,15.849,18.139
3243,DATA_20260322_130000.BIN,15.6370,25.7913,14.6928,25.7913,4.4770,1,20.925,22.706
3244,DATA_20260322_130000.BIN,17.8619,24.3160,12.4193,24.3160,3.2670,1,15.361,18.667
3245,DATA_20260322_130000.BIN,20.3610,29.9277,15.7456,29.9277,2.9040,1,16.627,20.260
3246,DATA_20260322_130000.BIN,14.3466,24.6741,17.2268,24.6741,3.0030,1,7.559,8.593
3247,DATA_20260322_130000.BIN,17.2268,25.9345,14.7866,25.9345,2.2330,1,12.368,14.148
3248,DATA_20260322_130000.BIN,14.7866,25.1455,9.2567,25.1455,3.1680,1,9.764,10.830
3249,DATA_20260322_130000.BIN,9.2567,42.4031,11.3826,42.4031,3.3990,1,19.115,19.342
3250,DATA_20260322_130000.BIN,11.4525,22.6116,15.5220,22.6116,2.1670,1,20.261,20.578
3251,DATA_20260322_130000.BIN,15.5220,25.1072,19.7071,25.1072,6.0610,1,23.433,23.468
3252,DATA_20260322_130000.BIN,19.7071,26.7349,12.3247,26.7349,2.5190,1,5.623,12.185
3253,DATA_20260322_130000.BIN,12.3247,21.7043,14.1526,21.7043,1.9250,1,19.205,19.210
3254,DATA_20260322_130000.BIN,13.0288,19.4190,12.1543,19.4190,4.3560,1,22.950,22.954
3255,DATA_20260322_130000.BIN,12.1543,20.7481,10.6399,20.7481,4.1910,1,14.301,14.316
3256,DATA_20260322_130000.BIN,20.7723,24.6743,15.3148,24.6743,3.4320,1,55.978,55.985
3257,DATA_20260322_130000.BIN,15.3148,23.4779,5.0733,23.4779,5.1810,1,11.784,12.154
3258,DATA_20260322_130000.BIN,5.0733,28.2381,15.9923,28.2381,2.4530,1,14.379,17.421
3259,DATA_20260322_130000.BIN,9.8533,28.5892,18.7700,28.5892,6.5780,1,1.869,3.435
3260,DATA_20260322_140000.BIN,3.2406,22.2142,2.7233,22.2142,1.4520,1,12.985,13.039
3261,DATA_20260322_140000.BIN,12.4123,34.0043,11.2057,34.0043,3.9490,1,1.890,2.321
3262,DATA_20260322_140000.BIN,21.2991,34.2469,2.1372,34.2469,3.7950,1,23.363,25.987
3263,DATA_20260322_140000.BIN,1.6775,10.8122,1.2671,10.8122,4.4990,1,14.274,14.373
3264,DATA_20260322_140000.BIN,1.2671,15.5135,1.5048,15.5135,8.0630,1,13.349,16.519
3265,DATA_20260322_140000.BIN,1.5048,7.5879,0.4258,7.5879,2.7060,1,12.381,12.561
3266,DATA_20260322_140000.BIN,0.4258,10.0525,2.1741,10.0525,2.9370,1,9.074,9.083
3267,DATA_20260322_140000.BIN,2.9701,20.2958,4.0042,20.2958,5.1040,1,11.515,13.669
3268,DATA_20260322_140000.BIN,5.3295,13.7936,6.6214,13.7936,3.9710,1,11.876,14.695
3269,DATA_20260322_140000.BIN,6.6214,16.0181,2.3682,16.0181,4.5870,1,12.098,12.164
3270,DATA_20260322_140000.BIN,2.3682,13.1463,9.8840,13.1463,3.2780,1,7.391,9.922
3271,DATA_20260322_140000.BIN,9.8840,38.4315,17.1731,38.4315,5.8740,1,8.818,14.472
