cycle_idx,source_file,p0_r,p3_r,p7_r,amplitude,duration_s,validated,tilt_deg,q_error_deg
0,DATA_20260324_065122.BIN,3.2255,14.6523,2.8637,14.6523,3.4650,1,7.198,7.984
1,DATA_20260324_065122.BIN,5.9282,21.3291,4.3611,21.3291,6.1050,1,2.561,2.808
2,DATA_20260324_065122.BIN,4.3611,18.7131,7.9940,18.7131,2.7390,1,7.652,8.580
3,DATA_20260324_065122.BIN,7.9940,17.5013,4.6952,17.5013,4.3120,1,13.821,17.755
4,DATA_20260324_065122.BIN,4.6952,22.6007,2.2513,22.6007,4.2900,1,5.488,8.203
5,DATA_20260324_065122.BIN,2.2513,16.4769,2.3103,16.4769,4.9060,1,4.770,7.126
6,DATA_20260324_065122.BIN,2.3103,20.8412,0.6888,20.8412,5.2250,1,5.363,8.318
7,DATA_20260324_065122.BIN,0.6888,18.6612,8.4035,18.6612,6.8420,1,5.038,7.531
8,DATA_20260324_065122.BIN,8.4035,17.7447,6.1331,17.7447,3.3110,1,8.609,8.737
9,DATA_20260324_065122.BIN,6.1331,16.5264,1.3853,16.5264,3.3770,1,4.631,5.235
10,DATA_20260324_065122.BIN,1.3853,22.2415,0.6890,22.2415,2.7170,1,4.074,4.195
11,DATA_20260324_065122.BIN,0.6890,17.4730,4.3080,17.4730,6.0170,1,5.830,6.224
12,DATA_20260324_065122.BIN,4.3080,15.3523,2.6524,15.3523,3.2780,1,1.017,10.229
13,DATA_20260324_065122.BIN,4.2947,29.9535,5.9531,29.9535,6.0940,1,5.441,5.668
14,DATA_20260324_065122.BIN,6.8419,16.8313,2.6859,16.8313,7.9640,1,4.126,5.728
15,DATA_20260324_065122.BIN,18.3588,35.1768,12.9110,35.1768,6.1270,1,25.412,25.482
16,DATA_20260324_065122.BIN,23.2825,44.2210,1.2738,44.2210,5.7530,1,30.022,30.991
17,DATA_20260324_065122.BIN,1.2738,20.7012,1.0665,20.7012,9.6690,1,4.371,9.189
18,DATA_20260324_065122.BIN,1.0665,17.6493,1.2732,17.6493,8.4590,1,1.540,1.562
19,DATA_20260324_065122.BIN,2.1604,18.1101,3.8699,18.1101,8.6460,1,3.051,4.527
20,DATA_20260324_065122.BIN,3.8699,44.2105,33.6409,44.2105,3.7510,1,6.506,6.636
21,DATA_20260324_065122.BIN,33.6409,44.3825,4.4392,44.3825,4.1030,1,45.221,45.888
22,DATA_20260324_065122.BIN,3.2161,25.9315,7.9665,25.9315,1.6280,1,7.716,9.748
23,DATA_20260324_065122.BIN,7.9665,39.1445,7.5386,39.1445,1.7050,1,12.228,12.418
24,DATA_20260324_065122.BIN,7.5386,43.3058,14.4611,43.3058,7.1610,1,6.812,6.812
25,DATA_20260324_065122.BIN,14.4611,30.3706,3.4176,30.3706,4.0700,1,13.832,13.902
26,DATA_20260324_065122.BIN,3.4176,20.1602,1.8060,20.1602,4.8620,1,6.951,7.797
27,DATA_20260324_065122.BIN,1.8060,12.8073,2.1428,12.8073,3.3000,1,6.591,6.693
28,DATA_20260324_065122.BIN,2.1428,12.9539,2.8347,12.9539,7.2600,1,5.479,6.096
29,DATA_20260324_065122.BIN,2.8347,20.0189,9.9369,20.0189,3.7400,1,4.877,5.029
30,DATA_20260324_065122.BIN,2.0823,22.9140,12.9005,22.9140,2.9260,1,5.320,5.649
31,DATA_20260324_065122.BIN,12.9005,26.3956,3.4538,26.3956,5.0600,1,12.415,12.640
32,DATA_20260324_065122.BIN,3.4538,37.2631,7.1279,37.2631,7.8760,1,3.613,4.353
33,DATA_20260324_065122.BIN,7.0451,33.4032,10.6838,33.4032,4.0040,1,5.270,7.037
34,DATA_20260324_065122.BIN,10.6838,23.8866,12.4782,23.8866,2.1890,1,7.665,9.473
35,DATA_20260324_065122.BIN,3.2034,14.4228,2.5103,14.4228,4.4000,1,8.253,10.752
36,DATA_20260324_065122.BIN,17.2128,33.4855,7.7488,33.4855,6.9850,1,17.699,18.820
37,DATA_20260324_065122.BIN,7.7488,24.3915,7.2468,24.3915,7.5240,1,3.363,5.525
38,DATA_20260324_065122.BIN,1.5380,17.5120,5.2057,17.5120,8.6240,1,4.396,4.549
39,DATA_20260324_065122.BIN,5.2057,25.9807,11.9841,25.9807,3.9270,1,10.240,10.473
40,DATA_20260324_065122.BIN,11.9841,42.0546,14.6755,42.0546,7.1060,1,10.231,10.490
41,DATA_20260324_065122.BIN,14.6755,40.1902,1.5974,40.1902,4.1800,1,16.872,21.764
42,DATA_20260324_065122.BIN,1.5974,18.6842,7.6851,18.6842,2.8160,1,6.246,6.529
43,DATA_20260324_065122.BIN,7.6851,35.3174,7.5475,35.3174,2.4970,1,12.715,12.951
44,DATA_20260324_065122.BIN,7.5475,31.7113,2.2883,31.7113,5.4340,1,7.042,7.246
45,DATA_20260324_065122.BIN,2.2883,26.5577,12.3478,26.5577,2.9700,1,2.595,12.673
46,DATA_20260324_065122.BIN,7.7579,44.4374,1.7617,44.4374,5.2030,1,10.288,14.506
47,DATA_20260324_065122.BIN,1.7617,41.1036,8.3395,41.1036,1.7270,1,2.396,5.755
48,DATA_20260324_065122.BIN,21.8917,31.7562,8.9835,31.7562,5.4560,1,29.759,35.841
49,DATA_20260324_065122.BIN,8.9835,37.8915,9.1709,37.8915,1.9250,1,15.599,17.618
50,DATA_20260324_065122.BIN,9.1709,25.0585,7.3004,25.0585,1.8150,1,10.464,11.627
51,DATA_20260324_065122.BIN,7.3004,44.0556,8.3762,44.0556,7.0950,1,12.295,17.934
52,DATA_20260324_065122.BIN,8.3762,37.6755,11.1094,37.6755,1.8590,1,10.561,13.626
53,DATA_20260324_065122.BIN,11.1094,31.2891,9.2322,31.2891,8.5470,1,12.785,13.513
54,DATA_20260324_065122.BIN,11.1794,29.2441,4.3090,29.2441,3.1790,1,15.435,21.247
55,DATA_20260324_065122.BIN,19.2003,30.0135,16.4863,30.0135,2.5630,1,19.874,19.875
56,DATA_20260324_065122.BIN,16.4863,40.9623,9.5771,40.9623,2.3430,1,17.997,21.598
57,DATA_20260324_070000.BIN,8.3141,20.7752,7.2554,20.7752,3.6410,1,11.696,12.803
58,DATA_20260324_070000.BIN,7.2554,14.1636,0.7438,14.1636,5.7530,1,12.051,13.893
59,DATA_20260324_070000.BIN,0.7438,12.9391,2.5427,12.9391,7.6340,1,3.809,5.821
60,DATA_20260324_070000.BIN,2.5427,12.7054,5.0064,12.7054,4.4220,1,2.527,3.830
61,DATA_20260324_070000.BIN,5.0064,13.1309,1.7928,13.1309,2.8490,1,7.687,9.759
62,DATA_20260324_070000.BIN,1.7928,13.6868,2.5754,13.6868,6.7540,1,1.506,5.424
63,DATA_20260324_070000.BIN,10.4848,27.4117,5.0809,27.4117,5.5220,1,13.312,20.106
64,DATA_20260324_070000.BIN,3.6278,11.9896,4.9955,11.9896,2.1780,1,3.952,5.228
65,DATA_20260324_070000.BIN,3.3279,13.4494,5.1110,13.4494,7.7550,1,3.705,13.007
66,DATA_20260324_070000.BIN,5.1110,20.9239,8.3247,20.9239,2.9370,1,3.209,3.692
67,DATA_20260324_070000.BIN,8.3247,26.6069,12.1248,26.6069,1.3970,1,7.311,10.880
68,DATA_20260324_070000.BIN,2.8910,12.2832,5.1304,12.2832,2.3760,1,4.960,6.284
69,DATA_20260324_070000.BIN,5.2453,12.7928,0.9840,12.7928,4.7960,1,5.022,6.990
70,DATA_20260324_070000.BIN,0.9840,12.8652,3.6271,12.8652,8.2720,1,3.850,12.573
71,DATA_20260324_070000.BIN,3.6271,21.5941,3.7155,21.5941,3.7730,1,3.951,8.977
72,DATA_20260324_070000.BIN,1.1455,11.3324,0.2635,11.3324,3.0470,1,2.818,3.938
73,DATA_20260324_070000.BIN,0.5891,11.0837,4.9557,11.0837,3.0360,1,3.115,3.857
74,DATA_20260324_070000.BIN,0.4898,11.9436,1.1038,11.9436,4.9610,1,1.631,4.587
75,DATA_20260324_070000.BIN,9.3386,29.2324,12.3295,29.2324,1.6170,1,8.025,10.672
76,DATA_20260324_070000.BIN,12.3295,26.6817,4.4143,26.6817,2.3210,1,13.203,22.626
77,DATA_20260324_070000.BIN,4.4143,12.0782,1.9863,12.0782,3.8500,1,2.561,2.762
78,DATA_20260324_070000.BIN,1.9863,20.0552,1.6268,20.0552,2.5520,1,2.116,2.117
79,DATA_20260324_070000.BIN,1.6268,9.4517,1.4676,9.4517,4.0480,1,3.095,3.187
80,DATA_20260324_070000.BIN,0.4185,20.6146,5.4121,20.6146,4.9500,1,4.389,7.809
81,DATA_20260324_070000.BIN,5.4121,13.8112,1.3363,13.8112,2.0020,1,5.716,6.866
82,DATA_20260324_070000.BIN,6.5335,16.0298,3.3041,16.0298,2.0020,1,8.590,25.265
83,DATA_20260324_070000.BIN,3.3041,9.5835,1.8409,9.5835,4.9610,1,5.841,6.404
84,DATA_20260324_070000.BIN,1.8409,13.0532,3.8335,13.0532,3.4210,1,3.183,4.243
85,DATA_20260324_070000.BIN,3.8335,12.5141,1.2883,12.5141,5.0490,1,4.141,6.560
86,DATA_20260324_070000.BIN,1.2883,10.6166,2.1420,10.6166,3.6630,1,1.052,5.430
87,DATA_20260324_070000.BIN,2.1420,19.8493,12.3729,19.8493,7.6560,1,5.596,17.328
88,DATA_20260324_070000.BIN,12.3729,30.4006,13.5815,30.4006,1.5950,1,13.444,16.462
89,DATA_20260324_070000.BIN,13.5815,23.4023,5.4539,23.4023,2.7940,1,14.034,18.767
90,DATA_20260324_070000.BIN,5.4539,18.8655,4.8862,18.8655,2.9040,1,3.023,4.690
91,DATA_20260324_070000.BIN,4.8862,17.3687,4.6979,17.3687,4.5540,1,2.534,4.620
92,DATA_20260324_070000.BIN,1.4957,9.1994,2.7590,9.1994,6.6880,1,3.040,3.069
93,DATA_20260324_070000.BIN,2.7590,8.9559,1.5883,8.9559,3.4320,1,8.166,20.633
94,DATA_20260324_070000.BIN,5.4162,14.6053,1.9860,14.6053,4.5540,1,1.983,10.307
95,DATA_20260324_070000.BIN,3.3564,10.1491,1.4287,10.1491,2.9700,1,3.838,8.450
96,DATA_20260324_070000.BIN,1.4287,11.1113,3.1356,11.1113,5.9950,1,2.749,7.805
97,DATA_20260324_070000.BIN,6.6364,28.5369,14.9065,28.5369,1.4630,1,6.390,15.969
98,DATA_20260324_070000.BIN,14.9065,31.8842,3.8322,31.8842,6.5120,1,16.205,30.530
99,DATA_20260324_070000.BIN,3.8322,10.8418,0.6911,10.8418,2.9370,1,6.672,6.762
100,DATA_20260324_070000.BIN,0.6911,10.0049,1.0117,10.0049,6.7210,1,6.628,16.532
101,DATA_20260324_070000.BIN,1.4500,19.7392,3.0386,19.7392,1.5070,1,2.247,3.131
102,DATA_20260324_070000.BIN,3.0386,11.3594,1.4012,11.3594,1.9690,1,0.509,4.064
103,DATA_20260324_070000.BIN,1.4012,16.8759,6.5548,16.8759,4.8290,1,6.098,18.911
104,DATA_20260324_070000.BIN,0.6383,10.7360,2.1323,10.7360,2.8270,1,3.114,6.771
105,DATA_20260324_070000.BIN,2.1323,9.6290,2.0295,9.6290,4.8180,1,0.586,5.953
106,DATA_20260324_070000.BIN,2.0295,10.6060,3.9677,10.6060,2.3870,1,5.718,10.302
107,DATA_20260324_070000.BIN,3.3396,24.8220,8.9928,24.8220,6.3030,1,3.391,5.717
108,DATA_20260324_070000.BIN,8.9928,31.7015,9.8112,31.7015,1.6940,1,8.874,12.069
109,DATA_20260324_070000.BIN,3.0023,32.7537,4.7844,32.7537,2.0570,1,6.281,8.236
110,DATA_20260324_070000.BIN,4.7844,39.6227,0.8422,39.6227,3.2670,1,4.463,4.569
111,DATA_20260324_070000.BIN,0.8422,23.2741,3.3936,23.2741,3.0140,1,2.004,2.180
112,DATA_20260324_070000.BIN,2.0146,11.9467,1.5410,11.9467,6.3470,1,6.136,20.413
113,DATA_20260324_070000.BIN,1.5410,8.5433,0.8133,8.5433,4.2570,1,2.565,2.888
114,DATA_20260324_070000.BIN,0.8133,17.4346,3.4159,17.4346,3.3220,1,1.137,5.801
115,DATA_20260324_070000.BIN,3.4159,14.2343,4.1628,14.2343,7.4140,1,1.735,6.974
116,DATA_20260324_070000.BIN,1.7511,8.1939,1.8888,8.1939,2.9040,1,1.093,7.696
117,DATA_20260324_070000.BIN,1.8888,8.8042,1.9198,8.8042,1.9580,1,4.489,12.624
118,DATA_20260324_070000.BIN,1.1140,29.2175,1.0860,29.2175,7.1060,1,1.564,6.643
119,DATA_20260324_070000.BIN,8.1930,27.3502,14.8604,27.3502,1.6170,1,9.173,17.393
120,DATA_20260324_070000.BIN,14.8604,31.3035,1.8336,31.3035,8.9210,1,18.638,38.141
121,DATA_20260324_070000.BIN,1.8941,8.8169,1.9550,8.8169,8.4260,1,5.807,21.502
122,DATA_20260324_070000.BIN,1.9550,16.8695,2.8014,16.8695,1.8260,1,1.248,3.875
123,DATA_20260324_070000.BIN,2.8014,27.1002,12.5517,27.1002,2.9920,1,2.750,7.474
124,DATA_20260324_070000.BIN,12.5517,20.0599,12.8418,20.0599,2.9150,1,15.006,24.925
125,DATA_20260324_070000.BIN,2.5758,9.3518,2.1209,9.3518,2.7720,1,0.951,9.948
126,DATA_20260324_070000.BIN,3.6792,29.7361,3.0178,29.7361,3.8060,1,7.752,14.986
127,DATA_20260324_070000.BIN,8.0313,30.9319,16.4747,30.9319,1.5950,1,8.512,18.554
128,DATA_20260324_070000.BIN,16.4747,28.4718,1.3020,28.4718,4.5210,1,20.330,40.252
129,DATA_20260324_070000.BIN,2.1037,18.7441,5.5860,18.7441,3.0470,1,4.953,5.159
130,DATA_20260324_070000.BIN,5.5860,17.6721,6.5243,17.6721,2.8600,1,9.785,9.956
131,DATA_20260324_070000.BIN,6.5243,16.8970,4.4563,16.8970,2.8710,1,5.968,9.802
132,DATA_20260324_070000.BIN,4.4563,13.2564,2.3764,13.2564,6.2920,1,10.922,29.556
133,DATA_20260324_070000.BIN,1.5207,16.9908,1.8399,16.9908,1.9580,1,2.217,3.659
134,DATA_20260324_070000.BIN,1.8399,18.1704,2.8646,18.1704,6.8200,1,0.659,5.569
135,DATA_20260324_070000.BIN,2.8646,10.5523,0.5830,10.5523,5.0270,1,2.579,11.020
136,DATA_20260324_070000.BIN,0.5830,23.7752,3.7518,23.7752,3.5420,1,1.000,5.220
137,DATA_20260324_070000.BIN,1.7446,12.2431,2.0792,12.2431,1.5620,1,5.048,16.700
138,DATA_20260324_070000.BIN,3.6307,9.4665,3.5152,9.4665,4.1250,1,4.813,13.306
139,DATA_20260324_070000.BIN,3.5152,14.0019,6.7020,14.0019,5.9070,1,3.666,12.336
140,DATA_20260324_070000.BIN,6.7020,16.0951,4.5739,16.0951,3.2340,1,7.536,12.085
141,DATA_20260324_070000.BIN,4.5739,33.4039,4.8605,33.4039,3.6410,1,4.819,17.549
142,DATA_20260324_070000.BIN,4.8605,16.3106,4.3154,16.3106,4.3560,1,3.406,4.464
143,DATA_20260324_070000.BIN,0.7413,15.4229,6.4455,15.4229,6.0280,1,1.579,7.358
144,DATA_20260324_070000.BIN,6.4455,19.8858,4.2603,19.8858,5.2470,1,6.076,6.982
145,DATA_20260324_070000.BIN,4.2603,10.6684,2.9345,10.6684,3.9710,1,5.850,11.892
146,DATA_20260324_070000.BIN,2.9345,12.4244,3.2571,12.4244,2.1230,1,5.359,7.448
147,DATA_20260324_070000.BIN,3.2571,14.9306,2.6611,14.9306,7.1060,1,4.566,8.569
148,DATA_20260324_070000.BIN,7.9737,32.6546,24.8978,32.6546,1.9030,1,7.229,9.051
149,DATA_20260324_070000.BIN,24.8978,46.9970,13.1774,46.9970,7.8430,1,33.320,33.524
150,DATA_20260324_070000.BIN,13.1774,26.3557,4.8847,26.3557,2.3760,1,14.018,14.517
151,DATA_20260324_070000.BIN,5.5855,19.0525,5.6252,19.0525,4.1360,1,6.960,6.977
152,DATA_20260324_070000.BIN,5.6252,19.9597,10.1637,19.9597,3.2010,1,5.162,5.231
153,DATA_20260324_070000.BIN,10.1637,17.7915,2.1536,17.7915,2.4860,1,9.267,9.291
154,DATA_20260324_070000.BIN,2.1536,30.2988,11.4349,30.2988,2.5410,1,2.889,12.596
155,DATA_20260324_070000.BIN,11.4349,42.7290,9.4256,42.7290,3.6740,1,11.693,13.071
156,DATA_20260324_070000.BIN,9.4256,38.7665,8.2008,38.7665,3.8720,1,12.624,12.832
157,DATA_20260324_070000.BIN,7.5765,27.7260,6.6363,27.7260,2.9700,1,7.718,7.797
158,DATA_20260324_070000.BIN,6.6363,18.0146,3.4048,18.0146,6.8860,1,4.443,4.562
159,DATA_20260324_070000.BIN,2.8893,12.0953,4.5662,12.0953,2.6400,1,1.059,2.023
160,DATA_20260324_070000.BIN,4.5662,19.5260,12.4990,19.5260,1.9910,1,1.195,1.197
161,DATA_20260324_070000.BIN,12.4990,22.1430,5.6619,22.1430,7.4690,1,15.457,15.902
162,DATA_20260324_070000.BIN,5.6619,11.5825,0.6749,11.5825,2.8380,1,8.636,14.171
163,DATA_20260324_070000.BIN,0.6749,24.7505,2.6178,24.7505,6.4350,1,5.837,23.882
164,DATA_20260324_070000.BIN,2.6178,13.4333,7.4264,13.4333,5.7310,1,6.284,12.007
165,DATA_20260324_070000.BIN,1.8312,11.6023,3.1100,11.6023,5.2470,1,2.107,3.247
166,DATA_20260324_070000.BIN,3.1100,19.0592,0.5447,19.0592,6.2370,1,1.420,4.640
167,DATA_20260324_070000.BIN,7.3148,32.4189,10.3579,32.4189,4.4000,1,9.662,14.886
168,DATA_20260324_070000.BIN,0.3841,17.5551,1.3215,17.5551,4.9830,1,2.996,3.201
169,DATA_20260324_070000.BIN,1.3215,15.7415,3.1940,15.7415,3.3220,1,0.355,9.873
170,DATA_20260324_070000.BIN,3.1940,20.8740,1.1909,20.8740,5.2140,1,3.470,3.488
171,DATA_20260324_070000.BIN,1.1909,8.6950,2.2769,8.6950,4.9280,1,0.373,11.394
172,DATA_20260324_070000.BIN,2.2769,9.0555,1.2330,9.0555,3.7290,1,4.583,4.591
173,DATA_20260324_070000.BIN,1.2330,9.6794,1.0691,9.6794,6.1380,1,1.558,7.701
174,DATA_20260324_070000.BIN,4.7974,38.1728,9.4705,38.1728,4.5760,1,4.654,5.822
175,DATA_20260324_070000.BIN,9.1714,21.1475,8.3781,21.1475,3.0030,1,9.195,16.435
176,DATA_20260324_070000.BIN,1.6299,12.9569,7.6189,12.9569,1.8590,1,3.942,4.489
177,DATA_20260324_070000.BIN,7.6189,28.2491,3.1048,28.2491,2.5520,1,7.144,7.200
178,DATA_20260324_070000.BIN,3.1048,20.1283,3.2093,20.1283,3.2340,1,4.503,4.515
179,DATA_20260324_070000.BIN,3.2093,15.5981,6.0285,15.5981,1.6830,1,4.146,15.001
180,DATA_20260324_070000.BIN,6.0285,13.8178,0.8023,13.8178,2.4200,1,4.638,4.939
181,DATA_20260324_070000.BIN,0.8023,17.5743,5.9965,17.5743,4.2240,1,5.051,21.030
182,DATA_20260324_070000.BIN,5.9965,24.4997,8.3011,24.4997,2.1230,1,4.725,6.193
183,DATA_20260324_070000.BIN,8.3011,26.9872,8.3648,26.9872,3.4650,1,6.908,13.413
184,DATA_20260324_070000.BIN,8.3648,17.9736,0.8112,17.9736,4.2130,1,6.886,7.590
185,DATA_20260324_070000.BIN,6.0380,16.2668,7.6737,16.2668,1.3860,1,4.168,11.086
186,DATA_20260324_070000.BIN,7.6737,14.0560,4.7035,14.0560,1.6940,1,6.293,8.720
187,DATA_20260324_070000.BIN,4.7035,21.6871,1.7079,21.6871,3.9930,1,6.611,6.824
188,DATA_20260324_070000.BIN,1.7079,19.3564,3.1301,19.3564,2.1010,1,4.450,5.561
189,DATA_20260324_070000.BIN,3.1301,30.0974,4.4736,30.0974,5.5880,1,6.603,8.491
190,DATA_20260324_070000.BIN,2.1029,16.2571,1.7772,16.2571,5.6870,1,5.666,10.187
191,DATA_20260324_070000.BIN,1.7772,22.1834,9.9848,22.1834,5.4010,1,2.610,9.916
192,DATA_20260324_070000.BIN,9.9848,35.2500,11.0775,35.2500,3.1240,1,12.918,16.900
193,DATA_20260324_070000.BIN,11.0775,24.6833,4.9569,24.6833,4.0260,1,11.165,11.959
194,DATA_20260324_070000.BIN,4.9569,17.2417,6.8009,17.2417,4.0810,1,8.544,10.786
195,DATA_20260324_070000.BIN,2.5595,14.4631,2.2203,14.4631,4.8950,1,5.823,6.961
196,DATA_20260324_070000.BIN,2.2203,15.7304,3.6581,15.7304,3.6520,1,3.233,4.832
197,DATA_20260324_070000.BIN,3.6581,17.7683,1.3225,17.7683,6.7540,1,2.294,2.313
198,DATA_20260324_070000.BIN,1.3225,10.5338,2.8417,10.5338,4.1690,1,1.737,9.564
199,DATA_20260324_070000.BIN,2.8417,20.6057,2.1405,20.6057,6.3580,1,3.571,6.081
200,DATA_20260324_070000.BIN,2.1405,14.7752,1.4253,14.7752,3.4650,1,1.848,3.477
201,DATA_20260324_070000.BIN,1.4253,18.1414,0.5038,18.1414,4.3450,1,3.916,7.990
202,DATA_20260324_070000.BIN,0.5038,10.7209,2.5251,10.7209,1.7160,1,1.231,4.586
203,DATA_20260324_070000.BIN,2.5251,11.0461,3.5695,11.0461,3.7950,1,3.946,3.955
204,DATA_20260324_070000.BIN,3.5695,16.6973,6.0568,16.6973,3.6080,1,4.601,5.390
205,DATA_20260324_070000.BIN,6.0568,12.2658,3.5788,12.2658,2.7060,1,6.983,12.223
206,DATA_20260324_070000.BIN,3.5788,14.8234,1.9901,14.8234,4.7410,1,3.086,3.576
207,DATA_20260324_070000.BIN,7.5410,39.0872,9.5664,39.0872,3.4650,1,8.019,8.483
208,DATA_20260324_070000.BIN,9.5664,22.5995,1.9768,22.5995,3.2120,1,10.258,12.356
209,DATA_20260324_070000.BIN,1.9768,18.9285,1.5970,18.9285,6.8970,1,2.357,3.272
210,DATA_20260324_070000.BIN,1.5970,11.5560,3.3050,11.5560,5.6760,1,4.353,4.873
211,DATA_20260324_070000.BIN,3.3050,13.5194,2.0036,13.5194,4.7630,1,5.884,6.321
212,DATA_20260324_070000.BIN,2.0036,17.2758,1.8860,17.2758,8.1070,1,0.539,1.707
213,DATA_20260324_070000.BIN,1.8860,9.1325,0.4233,9.1325,5.7640,1,4.325,14.809
214,DATA_20260324_070000.BIN,0.4233,28.7615,1.4528,28.7615,5.1150,1,0.990,1.498
215,DATA_20260324_070000.BIN,1.4528,12.9612,1.1916,12.9612,6.0720,1,0.760,7.730
216,DATA_20260324_070000.BIN,6.4460,13.4192,1.0255,13.4192,4.4220,1,6.382,8.292
217,DATA_20260324_070000.BIN,1.0255,16.7127,7.5997,16.7127,4.9390,1,1.964,2.152
218,DATA_20260324_070000.BIN,7.5997,35.1450,8.7291,35.1450,3.6960,1,9.139,9.339
219,DATA_20260324_070000.BIN,8.7291,28.8130,1.7281,28.8130,4.3560,1,9.009,10.139
220,DATA_20260324_070000.BIN,8.1032,15.4395,3.6555,15.4395,1.3860,1,9.896,12.162
221,DATA_20260324_070000.BIN,8.8586,15.9059,6.8286,15.9059,4.7960,1,14.121,27.358
222,DATA_20260324_070000.BIN,0.3719,13.9562,2.2197,13.9562,3.9270,1,1.008,11.336
223,DATA_20260324_070000.BIN,2.2197,9.8878,2.0013,9.8878,4.4660,1,3.361,15.906
224,DATA_20260324_070000.BIN,2.0013,16.0338,1.1764,16.0338,2.5630,1,2.789,3.295
225,DATA_20260324_070000.BIN,0.9678,33.6893,1.4737,33.6893,4.5650,1,0.936,9.623
226,DATA_20260324_070000.BIN,1.4737,24.3060,6.0307,24.3060,4.0370,1,2.132,7.688
227,DATA_20260324_070000.BIN,6.0307,13.2420,6.0972,13.2420,1.9360,1,6.124,14.696
228,DATA_20260324_070000.BIN,1.7069,9.5683,2.3489,9.5683,3.5750,1,2.800,9.716
229,DATA_20260324_070000.BIN,2.3489,9.1680,2.9903,9.1680,3.3440,1,3.374,9.557
230,DATA_20260324_070000.BIN,9.5992,37.5862,3.8756,37.5862,4.0480,1,11.277,11.278
231,DATA_20260324_070000.BIN,3.8756,14.5170,0.5604,14.5170,9.2400,1,3.645,3.819
232,DATA_20260324_070000.BIN,4.9457,19.1056,1.4384,19.1056,6.9960,1,6.411,6.538
233,DATA_20260324_070000.BIN,1.4384,17.6892,1.3158,17.6892,7.7660,1,1.664,6.944
234,DATA_20260324_070000.BIN,1.3158,9.5902,0.7602,9.5902,5.9400,1,2.873,10.505
235,DATA_20260324_070000.BIN,0.7602,12.8075,2.6855,12.8075,3.2450,1,0.088,0.276
236,DATA_20260324_070000.BIN,4.8014,18.6569,1.1057,18.6569,4.3230,1,5.559,9.196
237,DATA_20260324_070000.BIN,1.1057,9.4670,1.5439,9.4670,3.0910,1,1.145,3.245
238,DATA_20260324_070000.BIN,1.5439,14.6420,1.3602,14.6420,9.7350,1,2.313,4.251
239,DATA_20260324_070000.BIN,1.3602,25.6908,3.9123,25.6908,7.4360,1,1.192,2.913
240,DATA_20260324_070000.BIN,1.7102,11.5208,3.3751,11.5208,4.3010,1,1.376,4.845
241,DATA_20260324_070000.BIN,3.3751,16.5593,1.3603,16.5593,7.9970,1,3.483,3.503
242,DATA_20260324_070000.BIN,1.3603,16.0070,2.9429,16.0070,2.7060,1,1.835,1.905
243,DATA_20260324_070000.BIN,2.9429,10.8973,0.1130,10.8973,3.4540,1,4.087,5.008
244,DATA_20260324_070000.BIN,0.1130,15.3536,3.4423,15.3536,5.6100,1,0.625,4.996
245,DATA_20260324_070000.BIN,5.3683,13.4013,3.1679,13.4013,3.7730,1,6.791,7.664
246,DATA_20260324_070000.BIN,3.1906,15.0426,4.5530,15.0426,3.9380,1,3.764,4.343
247,DATA_20260324_070000.BIN,4.5530,15.9108,9.6344,15.9108,2.5960,1,5.705,5.815
248,DATA_20260324_070000.BIN,9.6344,25.3542,17.1458,25.3542,2.8820,1,12.330,18.710
249,DATA_20260324_070000.BIN,17.1458,25.2869,1.0936,25.2869,5.1920,1,21.258,33.703
250,DATA_20260324_070000.BIN,1.0936,11.1717,1.6583,11.1717,2.6950,1,4.726,6.789
251,DATA_20260324_070000.BIN,1.6583,9.7054,4.6194,9.7054,3.2120,1,2.471,3.804
252,DATA_20260324_070000.BIN,4.6194,16.5121,5.4217,16.5121,7.1940,1,3.943,11.935
253,DATA_20260324_070000.BIN,5.4217,16.3795,5.1005,16.3795,3.6850,1,8.677,11.681
254,DATA_20260324_070000.BIN,5.1005,30.2057,11.1853,30.2057,1.7490,1,8.377,9.002
255,DATA_20260324_070000.BIN,11.1853,23.3562,3.3007,23.3562,4.4880,1,13.117,13.506
256,DATA_20260324_070000.BIN,3.3007,22.1149,2.4997,22.1149,5.3020,1,5.470,6.773
257,DATA_20260324_070000.BIN,2.4997,14.1735,1.8400,14.1735,1.0670,1,0.961,5.414
258,DATA_20260324_070000.BIN,5.6961,13.4029,6.0668,13.4029,2.3430,1,8.346,9.716
259,DATA_20260324_070000.BIN,6.0668,13.7779,1.8105,13.7779,1.1880,1,6.857,8.027
260,DATA_20260324_070000.BIN,4.0717,35.0158,5.2801,35.0158,5.1370,1,5.682,7.085
261,DATA_20260324_070000.BIN,5.2801,14.0334,2.4571,14.0334,9.9330,1,5.328,5.566
262,DATA_20260324_070000.BIN,2.4571,21.9229,8.3275,21.9229,4.6090,1,0.896,8.837
263,DATA_20260324_070000.BIN,8.3275,43.3142,0.8837,43.3142,3.0800,1,10.560,10.573
264,DATA_20260324_070000.BIN,0.8837,16.9910,2.3315,16.9910,7.8320,1,1.418,4.201
265,DATA_20260324_070000.BIN,2.3315,38.8275,2.7423,38.8275,4.3340,1,3.323,15.170
266,DATA_20260324_070000.BIN,1.1952,9.3857,2.8974,9.3857,2.4090,1,1.983,3.122
267,DATA_20260324_070000.BIN,2.8974,10.5413,1.1045,10.5413,1.4080,1,2.525,2.613
268,DATA_20260324_070000.BIN,2.9207,37.8565,10.0167,37.8565,4.1800,1,3.872,4.837
269,DATA_20260324_070000.BIN,10.0167,19.3695,11.4091,19.3695,7.4140,1,10.563,10.578
270,DATA_20260324_070000.BIN,11.4091,42.4554,12.0105,42.4554,2.8050,1,11.204,11.206
271,DATA_20260324_070000.BIN,12.0105,43.4480,10.4636,43.4480,3.1130,1,11.248,11.394
272,DATA_20260324_070000.BIN,10.4636,45.7114,4.0817,45.7114,4.1250,1,8.764,12.599
273,DATA_20260324_070000.BIN,4.0817,21.2875,9.9298,21.2875,4.1910,1,5.931,13.253
274,DATA_20260324_070000.BIN,8.3645,14.5137,3.5733,14.5137,1.6610,1,7.742,7.743
275,DATA_20260324_070000.BIN,3.5733,16.5154,1.7012,16.5154,4.2240,1,0.743,0.855
276,DATA_20260324_070000.BIN,1.7012,18.6109,1.4645,18.6109,3.9710,1,6.522,8.267
277,DATA_20260324_070000.BIN,1.4645,17.1956,9.6685,17.1956,2.4970,1,4.497,5.112
278,DATA_20260324_070000.BIN,9.6685,15.9881,4.6933,15.9881,2.5850,1,7.657,7.658
279,DATA_20260324_070000.BIN,4.6933,17.6954,4.2999,17.6954,2.6840,1,5.435,7.598
280,DATA_20260324_070000.BIN,4.2999,16.4218,5.7688,16.4218,2.2000,1,8.874,9.338
281,DATA_20260324_070000.BIN,5.7688,29.2201,1.3863,29.2201,2.6180,1,4.301,23.462
282,DATA_20260324_070000.BIN,1.3863,14.6573,1.7808,14.6573,2.4750,1,4.702,6.573
283,DATA_20260324_070000.BIN,1.7808,16.8652,2.5862,16.8652,3.9270,1,2.555,3.271
284,DATA_20260324_070000.BIN,4.2244,15.4881,2.4636,15.4881,2.5850,1,2.384,2.691
285,DATA_20260324_070000.BIN,2.4636,18.9317,6.0320,18.9317,4.1470,1,2.741,4.782
286,DATA_20260324_070000.BIN,2.7439,16.5696,9.7920,16.5696,1.8590,1,5.479,5.856
287,DATA_20260324_070000.BIN,9.7920,25.6567,5.9464,25.6567,1.8260,1,9.518,9.548
288,DATA_20260324_070000.BIN,3.2398,28.1330,4.1298,28.1330,3.8390,1,8.305,25.557
289,DATA_20260324_070000.BIN,4.1298,15.3368,4.0751,15.3368,2.6620,1,2.604,4.707
290,DATA_20260324_070000.BIN,4.0751,16.3230,9.1892,16.3230,2.5850,1,9.059,19.283
291,DATA_20260324_070000.BIN,9.1892,16.1080,9.7536,16.1080,3.0800,1,13.475,20.570
292,DATA_20260324_070000.BIN,9.7536,19.9368,4.0765,19.9368,2.9480,1,13.723,21.634
293,DATA_20260324_070000.BIN,4.0765,24.9960,1.9286,24.9960,2.4420,1,6.436,8.362
294,DATA_20260324_070000.BIN,1.9286,19.3224,4.7226,19.3224,1.5620,1,2.537,15.895
295,DATA_20260324_070000.BIN,4.7226,44.9680,4.9262,44.9680,5.1920,1,4.038,7.034
296,DATA_20260324_070000.BIN,4.9262,11.0203,0.8088,11.0203,3.1570,1,5.017,13.950
297,DATA_20260324_070000.BIN,0.8088,14.4150,1.9705,14.4150,5.6980,1,1.061,2.459
298,DATA_20260324_070000.BIN,1.9705,15.7925,4.6859,15.7925,4.0370,1,4.149,6.829
299,DATA_20260324_070000.BIN,4.6859,20.9631,0.7818,20.9631,6.5560,1,6.436,9.365
300,DATA_20260324_070000.BIN,0.7818,12.0084,4.3799,12.0084,2.4750,1,2.479,12.891
301,DATA_20260324_070000.BIN,4.3799,18.5312,10.2092,18.5312,2.0570,1,6.344,9.742
302,DATA_20260324_070000.BIN,10.2092,16.4145,6.7964,16.4145,3.3550,1,12.760,18.525
303,DATA_20260324_070000.BIN,6.7964,14.6309,1.6262,14.6309,1.8700,1,6.551,7.200
304,DATA_20260324_070000.BIN,4.4110,13.5150,3.1967,13.5150,4.1470,1,3.560,5.554
305,DATA_20260324_070000.BIN,3.1967,34.3044,3.9234,34.3044,4.3670,1,2.749,11.209
306,DATA_20260324_070000.BIN,3.9234,14.5435,3.4339,14.5435,3.7180,1,2.771,16.665
307,DATA_20260324_070000.BIN,3.4339,12.2775,0.8102,12.2775,2.5850,1,3.025,8.933
308,DATA_20260324_070000.BIN,0.8102,15.9040,1.7453,15.9040,7.5900,1,2.259,2.442
309,DATA_20260324_070000.BIN,1.7453,24.0574,16.1864,24.0574,5.2800,1,4.522,14.840
310,DATA_20260324_070000.BIN,16.1864,46.7435,6.6675,46.7435,5.4670,1,17.436,19.633
311,DATA_20260324_070000.BIN,6.6675,16.2463,4.6799,16.2463,7.4030,1,4.975,7.253
312,DATA_20260324_070000.BIN,4.6799,19.4022,1.0510,19.4022,3.8830,1,5.138,11.726
313,DATA_20260324_070000.BIN,1.0510,31.4600,9.2344,31.4600,2.1670,1,3.407,10.121
314,DATA_20260324_070000.BIN,9.2344,46.6844,12.8479,46.6844,2.3320,1,7.245,9.504
315,DATA_20260324_070000.BIN,9.3457,18.0707,7.7037,18.0707,1.2540,1,11.919,14.398
316,DATA_20260324_070000.BIN,10.4235,29.5749,2.4063,29.5749,5.7640,1,11.119,13.357
317,DATA_20260324_070000.BIN,2.4063,17.7047,1.3816,17.7047,4.9500,1,2.372,2.881
318,DATA_20260324_070000.BIN,1.3816,18.3882,11.0706,18.3882,2.7940,1,4.987,7.259
319,DATA_20260324_070000.BIN,11.0706,37.3911,5.0883,37.3911,3.4100,1,10.375,11.248
320,DATA_20260324_070000.BIN,2.5338,21.0301,1.0375,21.0301,8.4370,1,1.930,2.283
321,DATA_20260324_070000.BIN,1.0375,9.3854,1.7376,9.3854,3.2670,1,4.883,5.075
322,DATA_20260324_070000.BIN,1.7376,9.0302,1.8085,9.0302,2.6290,1,6.067,9.639
323,DATA_20260324_070000.BIN,1.8085,15.3766,4.3650,15.3766,2.2770,1,0.651,3.840
324,DATA_20260324_070000.BIN,0.8673,31.3512,4.9411,31.3512,6.3140,1,1.920,2.281
325,DATA_20260324_070000.BIN,4.9411,24.0916,1.2917,24.0916,3.7290,1,6.457,8.434
326,DATA_20260324_070000.BIN,1.2917,16.1943,3.0586,16.1943,4.0920,1,2.214,4.031
327,DATA_20260324_070000.BIN,3.0586,14.2868,2.4370,14.2868,4.7080,1,3.624,4.816
328,DATA_20260324_070000.BIN,2.4370,17.5940,3.6161,17.5940,7.6780,1,4.654,5.181
329,DATA_20260324_070000.BIN,1.8482,20.0107,1.5668,20.0107,6.6990,1,4.147,7.468
330,DATA_20260324_070000.BIN,1.5668,23.9124,5.0047,23.9124,4.5760,1,1.568,6.288
331,DATA_20260324_070000.BIN,3.2170,11.7211,2.4949,11.7211,3.5530,1,2.090,13.104
332,DATA_20260324_070000.BIN,2.4949,9.0286,0.8644,9.0286,2.2000,1,5.414,12.327
333,DATA_20260324_070000.BIN,0.8644,22.9985,0.8748,22.9985,5.3130,1,1.373,5.228
334,DATA_20260324_070000.BIN,4.3844,13.3281,6.9315,13.3281,2.1670,1,6.245,6.879
335,DATA_20260324_070000.BIN,6.9315,19.0571,1.3356,19.0571,2.5850,1,9.134,11.889
336,DATA_20260324_070000.BIN,2.5978,12.2582,2.6204,12.2582,6.4350,1,3.984,24.028
337,DATA_20260324_070000.BIN,2.6204,13.5106,0.6675,13.5106,5.4560,1,3.663,4.664
338,DATA_20260324_070000.BIN,0.6675,22.2802,1.9170,22.2802,2.6950,1,1.596,10.070
339,DATA_20260324_070000.BIN,5.9957,40.7015,27.6647,40.7015,3.2450,1,4.999,22.269
340,DATA_20260324_070000.BIN,27.6647,45.3865,10.7177,45.3865,3.8830,1,33.858,52.564
341,DATA_20260324_070000.BIN,3.7706,10.3856,2.4296,10.3856,2.1010,1,7.289,7.739
342,DATA_20260324_070000.BIN,2.4296,39.4927,17.4773,39.4927,6.4020,1,5.510,10.560
343,DATA_20260324_070000.BIN,17.4773,28.2618,7.8379,28.2618,2.0460,1,22.814,40.604
344,DATA_20260324_070000.BIN,9.6778,16.8777,3.8591,16.8777,4.0370,1,11.907,13.222
345,DATA_20260324_070000.BIN,3.8591,16.6470,1.6500,16.6470,4.4660,1,3.593,3.593
346,DATA_20260324_070000.BIN,1.6500,16.9674,8.0376,16.9674,6.6770,1,3.876,10.949
347,DATA_20260324_070000.BIN,2.8086,13.0056,2.2883,13.0056,1.9030,1,3.667,10.176
348,DATA_20260324_070000.BIN,2.2883,10.2113,3.5318,10.2113,1.7380,1,0.778,1.035
349,DATA_20260324_070000.BIN,3.5318,13.7832,1.3950,13.7832,5.2140,1,4.942,10.025
350,DATA_20260324_070000.BIN,1.3950,16.9470,0.3504,16.9470,9.7790,1,1.234,4.885
351,DATA_20260324_070000.BIN,1.0513,11.4374,4.2119,11.4374,5.9400,1,1.171,3.897
352,DATA_20260324_070000.BIN,4.2119,14.3135,2.8131,14.3135,1.9690,1,4.458,9.574
353,DATA_20260324_070000.BIN,4.0609,11.5386,1.5541,11.5386,4.7520,1,2.828,5.652
354,DATA_20260324_070000.BIN,1.5541,31.4514,3.9431,31.4514,3.6740,1,0.285,7.334
355,DATA_20260324_070000.BIN,3.9431,12.0749,3.1484,12.0749,5.4780,1,4.628,5.570
356,DATA_20260324_070000.BIN,3.1484,10.3554,1.4207,10.3554,5.2140,1,6.383,9.748
357,DATA_20260324_070000.BIN,1.4207,23.1532,5.1538,23.1532,4.1910,1,1.484,5.469
358,DATA_20260324_070000.BIN,4.4857,24.6686,0.7391,24.6686,6.6330,1,6.174,8.650
359,DATA_20260324_070000.BIN,2.0074,22.0560,1.2439,22.0560,1.9030,1,3.046,3.212
360,DATA_20260324_070000.BIN,1.0878,23.8488,1.8448,23.8488,5.3460,1,0.664,2.740
361,DATA_20260324_070000.BIN,2.7387,26.8605,4.4037,26.8605,3.4210,1,2.572,3.019
362,DATA_20260324_070000.BIN,4.4037,17.8682,0.8189,17.8682,2.7390,1,5.587,7.903
363,DATA_20260324_070000.BIN,0.8189,17.9337,3.7858,17.9337,5.2470,1,0.469,0.703
364,DATA_20260324_070000.BIN,1.2537,18.5362,4.6825,18.5362,2.6510,1,1.813,5.447
365,DATA_20260324_070000.BIN,4.6825,15.4090,6.2667,15.4090,4.1140,1,5.362,6.355
366,DATA_20260324_070000.BIN,6.2667,14.1555,3.5837,14.1555,1.1220,1,4.649,26.248
367,DATA_20260324_070000.BIN,3.5837,29.6283,18.9191,29.6283,1.6720,1,3.763,5.569
368,DATA_20260324_070000.BIN,11.2040,26.4194,2.1898,26.4194,5.9620,1,11.339,11.717
369,DATA_20260324_070000.BIN,1.1309,15.2312,0.6046,15.2312,4.4330,1,1.534,12.188
370,DATA_20260324_070000.BIN,0.6046,12.6793,0.1963,12.6793,2.5630,1,1.134,9.366
371,DATA_20260324_070000.BIN,2.4241,25.2606,6.2522,25.2606,5.7860,1,3.686,11.380
372,DATA_20260324_070000.BIN,5.8801,21.1160,4.8530,21.1160,6.7430,1,6.239,6.295
373,DATA_20260324_070000.BIN,4.8530,14.7331,1.2629,14.7331,4.4880,1,4.764,7.318
374,DATA_20260324_070000.BIN,1.2629,35.7059,13.1800,35.7059,5.8630,1,2.640,4.217
375,DATA_20260324_070000.BIN,13.1800,37.5823,12.8531,37.5823,2.7170,1,16.389,18.334
376,DATA_20260324_070000.BIN,12.8531,30.0293,1.5965,30.0293,3.0800,1,15.847,16.972
377,DATA_20260324_070000.BIN,1.6258,20.7512,6.0949,20.7512,3.5200,1,3.129,9.813
378,DATA_20260324_070000.BIN,3.1834,14.9609,0.9436,14.9609,2.5740,1,2.722,3.757
379,DATA_20260324_070000.BIN,0.9436,17.0942,5.3833,17.0942,5.4120,1,2.527,7.141
380,DATA_20260324_070000.BIN,5.3833,13.8858,5.3187,13.8858,2.4530,1,7.490,12.081
381,DATA_20260324_070000.BIN,3.0456,44.7635,4.7438,44.7635,5.6980,1,2.748,3.879
382,DATA_20260324_070000.BIN,4.7438,24.0143,9.9148,24.0143,2.9150,1,6.492,10.634
383,DATA_20260324_070000.BIN,9.9148,26.5709,5.9758,26.5709,1.8150,1,11.172,11.179
384,DATA_20260324_070000.BIN,5.9758,40.4127,7.6642,40.4127,1.9030,1,7.173,7.177
385,DATA_20260324_070000.BIN,7.6642,18.6012,5.1532,18.6012,1.6500,1,8.688,11.167
386,DATA_20260324_070000.BIN,2.3252,16.9863,7.9028,16.9863,3.5090,1,4.246,10.031
387,DATA_20260324_070000.BIN,7.9028,15.9367,9.4035,15.9367,3.3220,1,7.354,8.241
388,DATA_20260324_070000.BIN,9.4035,16.7875,4.3896,16.7875,3.1130,1,8.379,8.386
389,DATA_20260324_070000.BIN,4.3896,14.3029,4.6496,14.3029,3.7180,1,3.187,5.277
390,DATA_20260324_070000.BIN,4.6496,19.8733,4.6640,19.8733,5.7090,1,9.412,17.428
391,DATA_20260324_070000.BIN,7.5449,30.3695,2.6154,30.3695,3.1240,1,8.544,8.778
392,DATA_20260324_070000.BIN,0.0885,20.3658,10.6373,20.3658,4.7960,1,2.894,4.500
393,DATA_20260324_070000.BIN,10.6373,19.6607,7.6018,19.6607,7.2600,1,13.746,14.041
394,DATA_20260324_070000.BIN,7.6018,14.6467,4.7390,14.6467,6.1160,1,11.909,24.495
395,DATA_20260324_070000.BIN,4.7390,13.9053,6.3403,13.9053,1.6390,1,5.241,7.731
396,DATA_20260324_070000.BIN,6.3403,23.3379,2.8859,23.3379,1.8150,1,6.275,8.069
397,DATA_20260324_070000.BIN,2.8859,20.7621,2.5641,20.7621,3.7620,1,3.047,4.359
398,DATA_20260324_070000.BIN,2.5641,12.3479,1.5340,12.3479,3.0360,1,1.297,4.685
399,DATA_20260324_070000.BIN,1.5340,17.7180,3.3457,17.7180,5.8080,1,3.318,16.954
400,DATA_20260324_070000.BIN,3.3457,10.3205,2.4482,10.3205,6.0280,1,5.140,6.634
401,DATA_20260324_070000.BIN,2.4482,12.2407,2.7405,12.2407,3.1240,1,4.211,4.695
402,DATA_20260324_070000.BIN,2.7405,11.6742,1.3747,11.6742,2.4860,1,4.642,5.894
403,DATA_20260324_070000.BIN,1.3747,28.8727,1.4975,28.8727,7.0620,1,2.198,3.861
404,DATA_20260324_070000.BIN,1.4975,14.7419,7.1853,14.7419,2.6510,1,1.546,5.290
405,DATA_20260324_070000.BIN,4.8728,11.2065,4.4054,11.2065,3.3440,1,5.252,9.509
406,DATA_20260324_070000.BIN,3.6489,20.3391,8.7244,20.3391,2.9150,1,2.878,4.349
407,DATA_20260324_070000.BIN,8.7244,15.7445,2.1532,15.7445,6.4020,1,8.999,13.930
408,DATA_20260324_070000.BIN,2.1532,12.8300,4.6243,12.8300,8.3710,1,4.638,10.337
409,DATA_20260324_070000.BIN,4.6243,22.0255,12.4480,22.0255,3.5200,1,5.450,6.246
410,DATA_20260324_070000.BIN,12.4480,43.1043,19.1467,43.1043,3.2890,1,12.082,23.138
411,DATA_20260324_070000.BIN,19.1467,27.6763,1.8603,27.6763,5.3680,1,19.337,21.861
412,DATA_20260324_070000.BIN,1.8603,46.3234,28.3626,46.3234,3.4540,1,6.589,8.622
413,DATA_20260324_070000.BIN,28.3626,46.8188,12.9262,46.8188,2.1010,1,136.122,145.533
414,DATA_20260324_070000.BIN,12.9262,31.9001,14.1202,31.9001,2.2220,1,9.581,12.873
415,DATA_20260324_070000.BIN,14.1202,26.5745,10.8855,26.5745,2.1670,1,26.802,26.817
416,DATA_20260324_070000.BIN,10.8855,23.7317,2.1317,23.7317,6.4570,1,23.884,24.034
417,DATA_20260324_070000.BIN,2.1317,13.6080,0.7194,13.6080,3.4980,1,12.651,12.786
418,DATA_20260324_070000.BIN,0.7194,18.8460,12.1964,18.8460,4.2900,1,11.674,30.306
419,DATA_20260324_070000.BIN,12.1964,20.3688,8.2190,20.3688,2.4860,1,16.192,20.344
420,DATA_20260324_070000.BIN,8.2190,14.2825,5.2628,14.2825,4.2240,1,8.235,24.396
421,DATA_20260324_070000.BIN,5.2628,16.8356,7.4313,16.8356,4.1690,1,5.222,5.567
422,DATA_20260324_070000.BIN,7.4313,16.6785,7.1859,16.6785,2.9260,1,9.322,13.667
423,DATA_20260324_070000.BIN,3.3375,24.2822,1.8123,24.2822,6.2480,1,7.347,17.877
424,DATA_20260324_070000.BIN,2.9856,9.1309,2.5119,9.1309,2.8820,1,11.867,12.298
425,DATA_20260324_070000.BIN,1.9825,18.1295,1.3047,18.1295,4.7080,1,6.825,6.863
426,DATA_20260324_070000.BIN,2.8541,19.7530,4.3574,19.7530,5.4780,1,10.995,25.276
427,DATA_20260324_070000.BIN,4.3574,11.7716,0.7902,11.7716,2.7720,1,8.997,23.772
428,DATA_20260324_070000.BIN,0.7902,10.8824,3.5195,10.8824,2.5850,1,6.528,11.096
429,DATA_20260324_070000.BIN,3.5195,17.3628,2.8245,17.3628,2.6510,1,7.116,17.899
430,DATA_20260324_070000.BIN,2.8245,16.9607,5.3983,16.9607,6.9520,1,2.135,9.237
431,DATA_20260324_070000.BIN,2.0927,15.8378,4.3318,15.8378,6.4020,1,5.273,9.143
432,DATA_20260324_070000.BIN,4.3318,17.6160,1.8285,17.6160,4.1800,1,1.630,5.568
433,DATA_20260324_070000.BIN,2.2245,17.4488,3.1734,17.4488,2.9150,1,3.543,3.561
434,DATA_20260324_070000.BIN,3.1734,10.2680,1.3433,10.2680,3.3550,1,3.420,11.560
435,DATA_20260324_070000.BIN,1.5715,30.5609,21.5485,30.5609,3.1790,1,5.034,11.935
436,DATA_20260324_070000.BIN,21.5485,47.2859,5.0038,47.2859,5.3460,1,22.654,26.205
437,DATA_20260324_070000.BIN,1.3062,45.8369,11.1679,45.8369,3.7290,1,6.807,6.921
438,DATA_20260324_070000.BIN,11.1679,20.5825,1.2256,20.5825,2.5190,1,9.049,10.572
439,DATA_20260324_070000.BIN,1.3798,46.6023,1.5031,46.6023,5.6760,1,5.885,5.886
440,DATA_20260324_070000.BIN,1.5031,46.3773,2.3299,46.3773,4.2460,1,5.704,6.262
441,DATA_20260324_070000.BIN,2.3299,12.7148,0.9601,12.7148,3.9490,1,6.795,6.803
442,DATA_20260324_070000.BIN,0.9601,41.5383,2.2768,41.5383,5.0380,1,3.217,8.642
443,DATA_20260324_070000.BIN,2.2768,11.9211,2.5657,11.9211,2.0020,1,2.905,5.230
444,DATA_20260324_070000.BIN,2.5657,15.9001,1.9386,15.9001,2.3210,1,5.985,6.033
445,DATA_20260324_070000.BIN,1.9386,20.7778,1.3590,20.7778,4.7630,1,1.584,2.035
446,DATA_20260324_070000.BIN,28.4786,46.7552,0.5760,46.7552,3.5420,1,33.458,33.463
447,DATA_20260324_070000.BIN,1.3377,43.7180,1.8871,43.7180,4.3890,1,5.130,5.145
448,DATA_20260324_070000.BIN,1.8871,16.0614,1.3583,16.0614,3.4210,1,6.373,7.933
449,DATA_20260324_070000.BIN,1.3583,16.8929,2.6606,16.8929,4.3780,1,3.395,3.440
450,DATA_20260324_070000.BIN,2.6606,12.3205,0.6513,12.3205,7.2160,1,4.420,5.052
451,DATA_20260324_070000.BIN,0.6513,24.3436,5.2625,24.3436,5.1040,1,3.828,4.901
452,DATA_20260324_070000.BIN,5.2625,12.6947,4.0129,12.6947,1.4300,1,6.120,8.247
453,DATA_20260324_070000.BIN,4.0129,12.0228,0.8773,12.0228,4.7300,1,1.893,3.614
454,DATA_20260324_070000.BIN,3.8104,46.5377,30.7441,46.5377,5.9730,1,4.030,4.962
455,DATA_20260324_070000.BIN,30.7441,46.8275,12.1869,46.8275,2.0790,1,131.999,136.649
456,DATA_20260324_070000.BIN,12.1869,28.2269,9.4710,28.2269,2.1890,1,3.189,4.439
457,DATA_20260324_070000.BIN,9.4710,32.1808,12.6562,32.1808,2.8600,1,10.394,10.637
458,DATA_20260324_070000.BIN,12.6562,30.6324,7.7121,30.6324,4.6090,1,6.939,7.150
459,DATA_20260324_070000.BIN,4.3882,21.3833,3.1993,21.3833,2.6070,1,17.177,17.253
460,DATA_20260324_070000.BIN,3.1993,23.4181,6.5097,23.4181,8.0410,1,11.112,11.152
461,DATA_20260324_070000.BIN,4.4996,13.4700,2.8589,13.4700,1.1330,1,15.511,15.604
462,DATA_20260324_070000.BIN,2.8589,16.4757,5.5130,16.4757,1.8590,1,13.055,13.121
463,DATA_20260324_070000.BIN,5.5130,15.2446,4.4902,15.2446,1.1000,1,7.719,7.993
464,DATA_20260324_070000.BIN,4.4902,16.7849,5.2080,16.7849,3.6630,1,10.054,10.147
465,DATA_20260324_070000.BIN,5.2080,26.3815,10.4811,26.3815,1.9360,1,2.375,10.408
466,DATA_20260324_070000.BIN,10.4811,24.4068,0.8257,24.4068,4.0480,1,10.568,11.209
467,DATA_20260324_070000.BIN,0.8257,13.4212,3.2477,13.4212,5.2800,1,7.789,11.386
468,DATA_20260324_070000.BIN,3.2477,18.2731,8.8441,18.2731,3.1240,1,5.197,9.158
469,DATA_20260324_070000.BIN,8.8441,27.5295,10.2476,27.5295,2.2660,1,4.675,8.575
470,DATA_20260324_070000.BIN,23.0800,33.2630,4.6568,33.2630,2.4200,1,20.938,20.960
471,DATA_20260324_070000.BIN,7.2299,34.3071,1.3939,34.3071,6.0280,1,3.004,6.137
472,DATA_20260324_070000.BIN,1.3939,16.1847,5.2184,16.1847,3.0690,1,10.751,10.921
473,DATA_20260324_070000.BIN,5.2184,14.1371,7.3668,14.1371,1.1440,1,8.224,8.330
474,DATA_20260324_070000.BIN,7.3668,27.0549,18.1662,27.0549,3.1460,1,5.057,5.262
475,DATA_20260324_070000.BIN,18.1662,43.9648,12.8949,43.9648,2.1780,1,14.724,17.094
476,DATA_20260324_070000.BIN,12.8949,25.9151,9.9674,25.9151,1.4410,1,7.837,13.098
477,DATA_20260324_070000.BIN,10.0070,39.9032,15.2198,39.9032,3.7510,1,4.072,4.445
478,DATA_20260324_070000.BIN,15.2198,27.4891,4.7539,27.4891,3.9160,1,10.204,14.494
479,DATA_20260324_070000.BIN,4.7539,16.5726,5.7924,16.5726,3.0690,1,11.968,11.987
480,DATA_20260324_070000.BIN,5.7924,36.9075,8.7292,36.9075,3.0580,1,3.582,3.654
481,DATA_20260324_070000.BIN,1.6656,40.0232,7.9974,40.0232,3.0580,1,9.668,17.929
482,DATA_20260324_070000.BIN,6.5185,33.6391,6.4075,33.6391,2.9260,1,9.394,9.859
483,DATA_20260324_070000.BIN,1.8360,11.9320,2.9035,11.9320,2.2330,1,9.051,14.284
484,DATA_20260324_070000.BIN,2.9035,17.5344,4.8558,17.5344,2.7500,1,9.587,9.709
485,DATA_20260324_070000.BIN,4.8558,26.5396,10.7717,26.5396,4.8620,1,6.635,6.877
486,DATA_20260324_070000.BIN,3.1990,46.9527,7.6080,46.9527,4.5870,1,3.683,5.720
487,DATA_20260324_070000.BIN,15.8867,31.8703,6.0856,31.8703,2.7830,1,15.322,16.037
488,DATA_20260324_070000.BIN,6.0856,18.6069,10.7205,18.6069,4.5760,1,1.109,1.157
489,DATA_20260324_070000.BIN,10.7205,26.7627,1.5381,26.7627,5.1810,1,7.905,16.408
490,DATA_20260324_070000.BIN,1.5381,16.9223,6.6282,16.9223,4.3450,1,5.038,9.535
491,DATA_20260324_070000.BIN,6.6282,18.6871,2.0891,18.6871,4.5980,1,9.243,9.292
492,DATA_20260324_070000.BIN,12.6968,28.9439,4.2318,28.9439,3.2890,1,10.615,10.615
493,DATA_20260324_070000.BIN,4.2318,23.2448,10.7555,23.2448,5.1590,1,1.886,8.372
494,DATA_20260324_070000.BIN,10.7555,21.9101,4.3639,21.9101,4.3120,1,7.703,8.210
495,DATA_20260324_070000.BIN,4.3639,23.8671,3.6325,23.8671,4.3120,1,1.688,7.800
496,DATA_20260324_070000.BIN,3.6325,16.1522,1.5184,16.1522,5.5110,1,5.526,7.055
497,DATA_20260324_070000.BIN,4.7309,16.6566,8.4950,16.6566,3.0910,1,9.477,9.732
498,DATA_20260324_070000.BIN,1.7298,16.0501,4.8213,16.0501,3.3110,1,3.302,6.326
499,DATA_20260324_070000.BIN,4.8213,43.8224,8.5095,43.8224,4.9610,1,3.796,4.302
500,DATA_20260324_070000.BIN,6.4448,46.7812,38.0111,46.7812,1.5510,1,12.121,14.383
501,DATA_20260324_070000.BIN,38.0111,47.1562,8.5134,47.1562,2.8820,1,48.437,51.490
502,DATA_20260324_070000.BIN,4.9567,46.7175,36.6973,46.7175,3.8390,1,7.454,8.184
503,DATA_20260324_070000.BIN,36.6973,46.1606,3.7037,46.1606,4.5100,1,43.630,43.727
504,DATA_20260324_070000.BIN,3.7037,10.6940,4.4934,10.6940,2.0570,1,14.844,16.105
505,DATA_20260324_070000.BIN,4.4934,26.2866,5.1419,26.2866,5.1040,1,13.335,14.951
506,DATA_20260324_070000.BIN,5.7530,47.3224,1.7797,47.3224,5.7090,1,5.467,8.692
507,DATA_20260324_070000.BIN,1.7797,11.1733,1.2796,11.1733,3.8280,1,9.526,9.952
508,DATA_20260324_070000.BIN,1.2796,12.7948,1.6250,12.7948,2.8600,1,5.957,5.985
509,DATA_20260324_070000.BIN,1.2910,47.4658,38.7492,47.4658,4.6200,1,4.507,5.529
510,DATA_20260324_070000.BIN,38.7492,47.4841,2.3220,47.4841,3.4760,1,46.606,48.728
511,DATA_20260324_070000.BIN,2.3220,8.7758,1.4288,8.7758,2.1120,1,8.106,8.113
512,DATA_20260324_070000.BIN,1.4288,16.9408,2.8777,16.9408,4.2240,1,9.792,11.689
513,DATA_20260324_070000.BIN,2.5670,47.7814,3.4078,47.7814,6.7870,1,9.620,12.975
514,DATA_20260324_070000.BIN,3.4078,12.8479,1.8684,12.8479,3.0470,1,11.026,13.042
515,DATA_20260324_070000.BIN,1.8684,14.6450,0.7013,14.6450,3.3440,1,6.694,6.751
516,DATA_20260324_070000.BIN,0.7013,47.0784,3.1076,47.0784,7.0950,1,6.632,6.647
517,DATA_20260324_070000.BIN,3.1076,10.3575,3.7766,10.3575,3.5090,1,1.705,2.762
518,DATA_20260324_070000.BIN,3.7766,21.2870,1.3187,21.2870,7.3590,1,9.192,9.655
519,DATA_20260324_070000.BIN,1.3187,38.9835,9.9262,38.9835,3.4210,1,2.710,2.716
520,DATA_20260324_070000.BIN,18.7623,35.8362,22.9373,35.8362,3.3770,1,24.347,33.027
521,DATA_20260324_070000.BIN,22.9373,42.0105,34.1758,42.0105,2.6290,1,27.854,38.478
522,DATA_20260324_070000.BIN,34.1758,44.7063,8.7286,44.7063,2.5630,1,39.940,43.378
523,DATA_20260324_070000.BIN,8.7286,44.1599,3.4619,44.1599,2.4420,1,17.665,21.951
524,DATA_20260324_070000.BIN,3.4619,15.3596,3.3225,15.3596,2.3650,1,12.007,13.925
525,DATA_20260324_070000.BIN,3.3225,18.4019,3.6190,18.4019,4.8730,1,11.122,15.184
526,DATA_20260324_070000.BIN,3.6190,48.3502,4.6352,48.3502,5.2800,1,2.462,9.368
527,DATA_20260324_070000.BIN,4.6352,11.6794,1.3256,11.6794,2.2990,1,1.997,10.846
528,DATA_20260324_070000.BIN,1.3256,12.3184,1.8044,12.3184,4.0810,1,5.625,7.593
529,DATA_20260324_070000.BIN,0.4622,27.6565,7.8985,27.6565,3.6410,1,5.083,5.152
530,DATA_20260324_070000.BIN,7.8985,27.7934,2.9691,27.7934,5.8630,1,5.103,7.566
531,DATA_20260324_070000.BIN,2.9691,47.0946,37.5769,47.0946,5.5990,1,2.118,6.109
532,DATA_20260324_070000.BIN,4.9189,48.1005,4.5904,48.1005,5.8080,1,0.113,7.939
533,DATA_20260324_070000.BIN,2.1637,25.3544,2.9765,25.3544,6.2150,1,3.003,4.359
534,DATA_20260324_070000.BIN,2.2452,9.7897,3.8144,9.7897,2.5850,1,6.760,7.816
535,DATA_20260324_070000.BIN,3.8144,10.0483,0.4061,10.0483,2.4640,1,6.988,12.384
536,DATA_20260324_070000.BIN,1.2500,10.0793,0.3715,10.0793,1.8260,1,2.733,5.014
537,DATA_20260324_070000.BIN,0.3715,13.1352,3.3957,13.1352,4.4440,1,2.701,4.977
538,DATA_20260324_070000.BIN,3.9769,20.1614,2.9253,20.1614,5.9730,1,2.155,2.174
539,DATA_20260324_070000.BIN,2.9253,16.4983,3.0179,16.4983,3.6520,1,0.224,1.226
540,DATA_20260324_070000.BIN,3.0179,16.6937,1.8292,16.6937,4.6970,1,3.154,3.620
541,DATA_20260324_070000.BIN,1.8292,7.9967,1.6979,7.9967,2.4310,1,1.315,3.272
542,DATA_20260324_070000.BIN,1.6979,34.3070,10.5589,34.3070,1.7160,1,3.104,6.229
543,DATA_20260324_070000.BIN,9.0752,40.2175,1.4363,40.2175,5.1810,1,9.155,9.427
544,DATA_20260324_070000.BIN,1.4363,18.1751,5.0869,18.1751,2.1890,1,5.000,5.245
545,DATA_20260324_070000.BIN,5.0869,15.0886,2.0774,15.0886,2.9590,1,7.202,7.827
546,DATA_20260324_070000.BIN,0.8907,34.3986,5.6815,34.3986,2.9040,1,2.738,2.776
547,DATA_20260324_070000.BIN,7.7628,33.8046,6.7228,33.8046,3.4870,1,8.193,11.520
548,DATA_20260324_070000.BIN,8.7920,41.3669,4.1685,41.3669,5.2360,1,9.746,11.510
549,DATA_20260324_070000.BIN,3.7365,11.9987,0.5312,11.9987,4.6310,1,6.625,8.524
550,DATA_20260324_070000.BIN,0.5312,21.5990,4.1937,21.5990,3.9930,1,1.729,7.183
551,DATA_20260324_070000.BIN,4.1937,15.2477,3.1835,15.2477,6.5780,1,4.598,5.199
552,DATA_20260324_070000.BIN,1.8590,10.8947,1.8020,10.8947,2.2220,1,1.274,4.236
553,DATA_20260324_070000.BIN,1.8020,21.7570,2.0596,21.7570,2.1560,1,4.687,17.722
554,DATA_20260324_070000.BIN,2.0596,11.9354,1.8492,11.9354,1.8700,1,3.782,3.786
555,DATA_20260324_070000.BIN,2.8010,10.7639,1.6296,10.7639,1.3310,1,2.197,5.854
556,DATA_20260324_070000.BIN,10.9556,29.1819,11.9866,29.1819,5.7530,1,11.299,13.546
557,DATA_20260324_070000.BIN,11.9866,26.2975,13.2288,26.2975,2.9920,1,11.429,12.714
558,DATA_20260324_070000.BIN,13.2288,22.8438,14.7054,22.8438,2.5850,1,11.720,12.517
559,DATA_20260324_070000.BIN,7.5340,40.0000,0.9364,40.0000,3.1020,1,4.150,4.445
560,DATA_20260324_070000.BIN,0.9364,9.3576,3.3220,9.3576,3.0800,1,3.816,5.435
561,DATA_20260324_070000.BIN,1.1929,9.6839,2.9865,9.6839,6.4350,1,3.260,3.463
562,DATA_20260324_070000.BIN,3.1332,10.9513,0.3365,10.9513,1.0340,1,4.124,6.764
563,DATA_20260324_070000.BIN,2.2833,12.6615,5.2996,12.6615,3.8720,1,6.089,6.985
564,DATA_20260324_070000.BIN,5.2996,29.6576,4.2544,29.6576,2.4640,1,9.749,9.815
565,DATA_20260324_070000.BIN,4.2544,22.4770,4.7150,22.4770,3.3220,1,2.215,7.970
566,DATA_20260324_070000.BIN,1.0665,12.0670,1.1913,12.0670,4.7630,1,3.371,3.373
567,DATA_20260324_070000.BIN,1.1913,16.7751,5.1649,16.7751,5.3460,1,3.282,3.295
568,DATA_20260324_070000.BIN,8.5171,19.3300,10.0816,19.3300,1.1440,1,10.081,11.473
569,DATA_20260324_070000.BIN,10.0816,21.7825,1.0596,21.7825,7.2380,1,12.593,13.210
570,DATA_20260324_070000.BIN,1.0596,8.1161,3.0420,8.1161,2.0350,1,1.113,1.450
571,DATA_20260324_070000.BIN,3.0420,13.4772,1.3277,13.4772,5.7420,1,3.575,6.528
572,DATA_20260324_070000.BIN,1.3277,47.3103,2.2370,47.3103,4.5320,1,1.740,3.918
573,DATA_20260324_070000.BIN,2.3753,14.9706,1.0012,14.9706,8.0520,1,0.143,17.268
574,DATA_20260324_070000.BIN,1.0012,18.7546,2.7201,18.7546,7.6780,1,2.097,3.925
575,DATA_20260324_070000.BIN,2.7201,14.0585,2.4608,14.0585,3.1240,1,5.789,20.057
576,DATA_20260324_070000.BIN,2.4608,11.4267,0.3384,11.4267,2.4420,1,2.714,9.761
577,DATA_20260324_070000.BIN,0.3384,11.4551,0.3995,11.4551,0.9680,1,0.772,2.131
578,DATA_20260324_070000.BIN,0.3995,12.2141,1.1790,12.2141,0.9900,1,0.798,3.913
579,DATA_20260324_070000.BIN,0.8503,24.0838,13.9156,24.0838,4.9940,1,1.819,2.897
580,DATA_20260324_070000.BIN,13.9156,32.3620,10.6637,32.3620,3.4980,1,15.364,15.941
581,DATA_20260324_070000.BIN,10.6637,45.9304,8.9743,45.9304,4.3670,1,10.140,11.720
582,DATA_20260324_070000.BIN,8.9743,17.8889,7.7403,17.8889,1.0670,1,10.169,10.343
583,DATA_20260324_070000.BIN,7.7403,19.9115,6.3639,19.9115,1.9690,1,5.714,6.095
584,DATA_20260324_070000.BIN,6.3639,20.5029,13.2510,20.5029,3.7400,1,4.681,6.293
585,DATA_20260324_070000.BIN,13.2510,23.6740,14.2158,23.6740,4.2130,1,11.238,11.849
586,DATA_20260324_070000.BIN,14.2158,28.4678,4.8595,28.4678,5.3570,1,11.237,11.589
587,DATA_20260324_070000.BIN,4.8595,19.3158,3.9884,19.3158,2.3430,1,2.774,12.375
588,DATA_20260324_070000.BIN,5.5710,16.5478,3.6070,16.5478,4.4110,1,5.502,10.067
589,DATA_20260324_070000.BIN,3.6070,49.2066,3.3782,49.2066,7.8540,1,7.495,16.803
590,DATA_20260324_070000.BIN,11.1849,20.6238,10.8837,20.6238,1.3420,1,13.509,13.525
591,DATA_20260324_070000.BIN,10.8837,17.4623,4.1524,17.4623,5.3680,1,7.978,8.936
592,DATA_20260324_070000.BIN,4.1524,20.5540,1.8062,20.5540,2.8490,1,4.171,6.969
593,DATA_20260324_070000.BIN,1.8062,13.7893,4.2212,13.7893,3.3440,1,4.089,4.174
594,DATA_20260324_070000.BIN,4.2212,12.9193,1.2614,12.9193,4.7520,1,2.277,3.188
595,DATA_20260324_070000.BIN,7.4016,17.8544,8.3339,17.8544,4.6970,1,6.128,6.770
596,DATA_20260324_070000.BIN,12.9446,20.8517,11.6961,20.8517,2.2770,1,13.513,19.341
597,DATA_20260324_070000.BIN,11.6961,47.5815,10.7193,47.5815,3.1460,1,8.367,8.415
598,DATA_20260324_070000.BIN,10.7193,23.2801,8.8215,23.2801,3.3110,1,5.776,15.601
599,DATA_20260324_070000.BIN,8.8215,22.0516,11.4794,22.0516,5.7640,1,5.144,7.438
600,DATA_20260324_070000.BIN,2.7805,25.2635,15.8804,25.2635,1.9030,1,8.958,9.355
601,DATA_20260324_070000.BIN,15.8804,25.5133,6.5146,25.5133,4.3890,1,13.841,13.841
602,DATA_20260324_070000.BIN,6.5146,32.7169,9.6280,32.7169,3.9820,1,3.002,4.762
603,DATA_20260324_070000.BIN,9.6280,20.8666,10.9375,20.8666,1.0450,1,4.206,5.365
604,DATA_20260324_070000.BIN,17.4516,25.4523,11.5541,25.4523,1.5400,1,14.194,14.234
605,DATA_20260324_070000.BIN,11.5541,44.6501,20.3857,44.6501,3.5420,1,9.839,10.112
606,DATA_20260324_070000.BIN,20.3857,29.1564,10.5853,29.1564,4.6090,1,18.684,19.539
607,DATA_20260324_070000.BIN,10.5853,17.6265,7.1574,17.6265,6.1820,1,3.599,8.894
608,DATA_20260324_070000.BIN,7.1574,16.6093,6.1085,16.6093,4.6640,1,1.871,1.887
609,DATA_20260324_070000.BIN,6.1085,14.6286,5.9482,14.6286,2.7060,1,5.724,7.079
610,DATA_20260324_070000.BIN,5.0588,19.4437,8.6276,19.4437,1.9800,1,3.477,3.996
611,DATA_20260324_070000.BIN,13.2385,20.8954,7.4417,20.8954,3.3220,1,5.991,7.352
612,DATA_20260324_070000.BIN,7.0673,17.6730,0.4833,17.6730,4.7960,1,3.758,3.857
613,DATA_20260324_070000.BIN,6.7845,25.2248,10.4556,25.2248,4.5870,1,2.571,4.321
614,DATA_20260324_070000.BIN,10.4556,49.9038,6.5915,49.9038,5.1370,1,2.421,6.526
615,DATA_20260324_070000.BIN,6.5915,19.7054,3.1068,19.7054,2.0130,1,2.127,2.397
616,DATA_20260324_070000.BIN,2.9389,13.8765,2.9280,13.8765,1.0230,1,5.339,9.150
617,DATA_20260324_070000.BIN,8.8683,15.7054,7.5973,15.7054,1.7710,1,11.922,11.938
618,DATA_20260324_070000.BIN,7.5973,16.4612,6.9488,16.4612,2.4090,1,1.643,3.688
619,DATA_20260324_070000.BIN,6.9488,15.3115,2.6665,15.3115,1.7930,1,8.872,8.915
620,DATA_20260324_070000.BIN,7.5006,33.7781,5.5520,33.7781,3.2120,1,8.493,10.356
621,DATA_20260324_070000.BIN,5.5520,33.6622,4.7692,33.6622,8.1400,1,1.237,3.526
622,DATA_20260324_070000.BIN,8.0784,19.6735,3.7750,19.6735,2.4310,1,2.463,6.539
623,DATA_20260324_070000.BIN,5.5550,33.2373,4.3586,33.2373,3.8280,1,6.727,6.728
624,DATA_20260324_070000.BIN,2.8596,11.7951,0.9949,11.7951,3.7510,1,5.116,5.300
625,DATA_20260324_070000.BIN,0.9949,15.4589,3.3134,15.4589,2.2330,1,5.831,5.905
626,DATA_20260324_070000.BIN,3.3134,13.1482,1.9149,13.1482,2.8930,1,7.293,7.568
627,DATA_20260324_070000.BIN,18.3970,25.8032,9.9391,25.8032,4.3560,1,18.710,23.321
628,DATA_20260324_070000.BIN,9.9391,18.7754,1.4089,18.7754,5.2800,1,5.058,5.084
629,DATA_20260324_070000.BIN,1.4089,18.7075,3.7844,18.7075,2.7500,1,4.662,7.979
630,DATA_20260324_070000.BIN,3.7844,11.9095,3.5765,11.9095,2.4860,1,5.705,6.893
631,DATA_20260324_070000.BIN,3.5765,12.6234,1.2930,12.6234,5.3460,1,8.430,8.901
632,DATA_20260324_070000.BIN,1.2930,11.0759,2.2561,11.0759,6.6110,1,5.336,12.776
633,DATA_20260324_070000.BIN,2.2561,36.5033,16.1154,36.5033,6.0170,1,2.726,4.927
634,DATA_20260324_070000.BIN,16.1154,42.3295,32.2199,42.3295,5.6760,1,15.615,18.298
635,DATA_20260324_070000.BIN,32.2199,45.8923,22.0659,45.8923,6.7870,1,36.519,38.317
636,DATA_20260324_070000.BIN,22.0659,47.8581,20.5055,47.8581,9.8560,1,18.226,18.238
637,DATA_20260324_070000.BIN,20.5055,46.3957,27.5560,46.3957,6.4130,1,15.863,20.264
638,DATA_20260324_070000.BIN,27.5560,44.4983,11.6917,44.4983,9.5700,1,22.645,24.343
639,DATA_20260324_070000.BIN,11.6917,29.1946,7.8536,29.1946,4.3010,1,1.215,1.717
640,DATA_20260324_070000.BIN,6.4397,22.1094,1.7752,22.1094,4.3780,1,7.247,7.407
641,DATA_20260324_070000.BIN,1.7752,14.8385,5.4242,14.8385,1.0120,1,14.012,14.086
642,DATA_20260324_070000.BIN,6.4411,16.2308,6.2157,16.2308,2.8820,1,5.734,6.390
643,DATA_20260324_070000.BIN,6.2157,16.7817,5.2639,16.7817,6.9520,1,4.804,5.807
644,DATA_20260324_070000.BIN,6.1834,46.4476,31.4425,46.4476,5.6650,1,3.976,4.066
645,DATA_20260324_070000.BIN,31.4425,49.1203,4.4123,49.1203,4.2900,1,28.998,34.604
646,DATA_20260324_070000.BIN,5.6408,14.8733,7.9884,14.8733,9.0970,1,7.259,8.062
647,DATA_20260324_070000.BIN,7.9884,18.5235,8.1832,18.5235,1.4300,1,10.746,11.208
648,DATA_20260324_070000.BIN,5.1026,18.6289,3.3607,18.6289,1.4410,1,9.683,12.227
649,DATA_20260324_070000.BIN,3.3607,18.3804,7.1952,18.3804,1.4080,1,7.882,9.428
650,DATA_20260324_070000.BIN,8.1104,40.2005,15.9230,40.2005,7.6120,1,2.588,6.493
651,DATA_20260324_070000.BIN,37.1402,48.4642,29.7578,48.4642,5.4120,1,38.720,38.776
652,DATA_20260324_070000.BIN,29.7578,47.8721,37.9261,47.8721,6.2040,1,22.796,22.803
653,DATA_20260324_070000.BIN,37.9261,48.6476,40.2340,48.6476,4.1140,1,33.620,33.694
654,DATA_20260324_070000.BIN,40.2340,48.6970,36.5406,48.6970,6.8640,1,37.539,38.777
655,DATA_20260324_080000.BIN,38.1455,57.5321,34.8254,57.5321,7.7440,1,13.672,13.672
656,DATA_20260324_080000.BIN,34.8254,57.7570,42.8817,57.7570,4.2240,1,11.667,12.241
657,DATA_20260324_080000.BIN,42.8817,59.3996,5.7456,59.3996,8.9980,1,15.571,15.909
658,DATA_20260324_080000.BIN,3.6396,17.8483,5.7031,17.8483,8.7560,1,65.932,66.172
659,DATA_20260324_080000.BIN,6.6087,34.1276,18.8055,34.1276,1.7710,1,67.685,67.775
660,DATA_20260324_080000.BIN,18.8055,30.5666,22.3845,30.5666,4.1030,1,34.810,35.384
661,DATA_20260324_080000.BIN,19.0707,34.0523,24.3211,34.0523,4.0040,1,37.285,37.304
662,DATA_20260324_080000.BIN,24.3211,35.0428,21.7744,35.0428,2.5850,1,3.491,6.427
663,DATA_20260324_080000.BIN,21.7744,34.3720,6.9103,34.3720,5.2690,1,6.252,11.913
664,DATA_20260324_080000.BIN,6.9103,28.3246,8.9428,28.3246,5.8850,1,28.674,28.762
665,DATA_20260324_080000.BIN,8.9428,28.3759,18.0225,28.3759,4.4550,1,27.159,27.319
666,DATA_20260324_080000.BIN,18.0225,30.2919,18.8147,30.2919,3.8940,1,25.366,25.415
667,DATA_20260324_080000.BIN,18.8147,32.8132,22.0181,32.8132,3.5310,1,23.584,24.028
668,DATA_20260324_080000.BIN,16.6712,46.7924,2.8480,46.7924,3.5970,1,5.023,9.534
669,DATA_20260324_080000.BIN,2.8480,66.1648,8.5774,66.1648,3.0910,1,34.422,36.077
670,DATA_20260324_080000.BIN,8.5774,71.4097,46.0014,71.4097,8.4040,1,15.998,20.366
671,DATA_20260324_080000.BIN,46.0014,68.1851,55.1086,68.1851,3.2120,1,40.470,40.470
672,DATA_20260324_080000.BIN,55.1086,66.0259,55.5675,66.0259,1.5180,1,53.396,53.464
673,DATA_20260324_080000.BIN,55.5675,66.8692,19.3606,66.8692,4.9280,1,45.586,45.586
674,DATA_20260324_080000.BIN,19.3606,79.8745,3.2087,79.8745,5.4230,1,6.564,6.844
675,DATA_20260324_080000.BIN,3.2087,56.4855,16.0284,56.4855,2.8820,1,29.363,29.375
676,DATA_20260324_080000.BIN,27.5073,34.2565,12.7485,34.2565,5.8850,1,10.131,10.296
677,DATA_20260324_080000.BIN,12.7485,46.8099,8.5966,46.8099,9.8450,1,12.438,12.439
678,DATA_20260324_080000.BIN,8.5966,72.9079,1.3839,72.9079,4.3780,1,17.819,17.898
679,DATA_20260324_080000.BIN,1.3839,30.8461,5.7534,30.8461,4.3120,1,31.471,31.806
680,DATA_20260324_080000.BIN,5.7534,12.5811,1.7820,12.5811,4.0040,1,42.991,43.281
681,DATA_20260324_080000.BIN,1.7820,29.7912,3.7336,29.7912,3.1680,1,27.412,27.631
682,DATA_20260324_080000.BIN,3.7336,22.7403,0.5527,22.7403,7.1390,1,28.792,28.959
683,DATA_20260324_080000.BIN,0.5527,14.7294,4.6668,14.7294,4.1030,1,17.737,18.328
684,DATA_20260324_080000.BIN,5.5293,22.4077,0.0327,22.4077,1.5510,1,28.465,28.508
685,DATA_20260324_080000.BIN,0.0327,43.2242,2.5517,43.2242,7.1390,1,12.309,12.390
686,DATA_20260324_080000.BIN,2.5517,19.1090,3.4387,19.1090,4.0480,1,20.277,21.835
687,DATA_20260324_080000.BIN,3.4387,12.0065,2.8634,12.0065,2.4200,1,15.436,16.294
688,DATA_20260324_080000.BIN,2.8634,16.1051,0.9141,16.1051,3.2560,1,13.754,13.796
689,DATA_20260324_080000.BIN,0.9141,23.2103,3.3096,23.2103,3.6740,1,8.532,8.680
690,DATA_20260324_080000.BIN,3.3096,21.5248,9.2693,21.5248,6.7870,1,7.391,7.980
691,DATA_20260324_080000.BIN,9.2693,42.3055,3.6012,42.3055,3.1790,1,11.285,16.220
692,DATA_20260324_080000.BIN,3.6012,76.2000,28.5323,76.2000,4.4330,1,5.079,6.041
693,DATA_20260324_080000.BIN,28.5323,53.9787,4.3898,53.9787,1.7600,1,38.720,38.900
694,DATA_20260324_080000.BIN,3.9614,30.5619,13.0374,30.5619,8.2060,1,20.901,21.612
695,DATA_20260324_080000.BIN,13.0374,24.2189,7.3238,24.2189,1.8920,1,13.582,16.353
696,DATA_20260324_080000.BIN,7.3238,52.8217,37.1007,52.8217,5.5440,1,6.450,6.549
697,DATA_20260324_080000.BIN,37.1007,44.5935,4.6970,44.5935,3.3990,1,43.573,44.143
698,DATA_20260324_080000.BIN,4.6970,15.6224,1.2307,15.6224,2.4640,1,10.717,12.351
699,DATA_20260324_080000.BIN,1.2307,64.7122,54.7376,64.7122,5.6870,1,9.281,9.315
700,DATA_20260324_080000.BIN,54.7376,67.4076,1.2315,67.4076,5.4450,1,62.660,63.421
701,DATA_20260324_080000.BIN,1.2315,17.5222,7.7561,17.5222,2.9480,1,18.710,20.697
702,DATA_20260324_080000.BIN,7.7561,42.3299,1.5320,42.3299,9.5370,1,48.612,48.692
703,DATA_20260324_080000.BIN,1.5320,29.0262,10.9086,29.0262,6.0060,1,12.771,13.555
704,DATA_20260324_080000.BIN,10.9086,37.9364,14.3235,37.9364,4.4440,1,10.263,11.803
705,DATA_20260324_080000.BIN,14.3235,26.7635,13.6046,26.7635,3.3000,1,14.742,14.748
706,DATA_20260324_080000.BIN,13.6046,23.4829,14.8192,23.4829,1.9360,1,11.932,11.954
707,DATA_20260324_080000.BIN,14.8192,28.2681,17.7382,28.2681,7.0180,1,10.701,13.394
708,DATA_20260324_080000.BIN,17.7382,36.5938,14.7894,36.5938,8.7230,1,15.136,15.785
709,DATA_20260324_080000.BIN,30.6210,42.2572,32.4399,42.2572,4.3340,1,35.295,39.695
710,DATA_20260324_080000.BIN,32.4399,52.9748,4.5333,52.9748,2.3100,1,39.718,40.331
711,DATA_20260324_080000.BIN,5.1390,31.8179,10.4956,31.8179,1.5840,1,28.352,28.608
712,DATA_20260324_080000.BIN,27.1174,39.8672,14.1088,39.8672,1.8810,1,48.252,52.659
713,DATA_20260324_080000.BIN,14.1088,71.2084,18.4698,71.2084,4.4990,1,39.891,40.569
714,DATA_20260324_080000.BIN,0.9370,70.0774,3.9825,70.0774,6.9410,1,9.534,11.514
715,DATA_20260324_080000.BIN,3.9825,69.1973,3.1383,69.1973,5.5330,1,13.838,13.844
716,DATA_20260324_080000.BIN,3.8141,76.0288,1.5678,76.0288,4.2570,1,9.682,11.614
717,DATA_20260324_080000.BIN,1.5678,28.6868,5.2899,28.6868,4.5760,1,8.631,9.704
718,DATA_20260324_080000.BIN,5.2899,14.2720,2.2536,14.2720,1.4300,1,19.608,20.242
719,DATA_20260324_080000.BIN,2.2536,17.8385,1.8264,17.8385,3.6740,1,10.371,12.237
720,DATA_20260324_080000.BIN,1.8264,16.9499,3.8121,16.9499,6.7980,1,8.265,8.590
721,DATA_20260324_080000.BIN,3.8121,26.2520,3.3420,26.2520,4.0590,1,7.673,8.197
722,DATA_20260324_080000.BIN,3.3420,21.4871,1.4300,21.4871,7.8870,1,4.422,4.493
723,DATA_20260324_080000.BIN,14.1679,24.8508,8.8206,24.8508,4.2020,1,3.964,16.536
724,DATA_20260324_080000.BIN,8.8206,24.6533,14.7774,24.6533,2.9260,1,15.031,16.346
725,DATA_20260324_080000.BIN,14.7774,29.4033,4.2473,29.4033,4.3450,1,19.755,19.982
726,DATA_20260324_080000.BIN,17.6081,30.6551,24.0708,30.6551,9.0200,1,26.834,26.879
727,DATA_20260324_080000.BIN,24.0708,62.7042,2.0193,62.7042,7.4910,1,29.437,29.995
728,DATA_20260324_080000.BIN,2.0193,29.1566,3.8576,29.1566,3.3110,1,15.819,16.578
729,DATA_20260324_080000.BIN,3.8576,58.2494,8.0685,58.2494,3.1900,1,16.123,16.348
730,DATA_20260324_080000.BIN,8.0685,53.1580,14.3957,53.1580,2.6400,1,13.746,13.881
731,DATA_20260324_080000.BIN,14.3957,44.4923,2.3556,44.4923,5.6210,1,17.798,17.811
732,DATA_20260324_080000.BIN,2.3556,62.2796,3.5668,62.2796,6.9190,1,11.047,12.715
733,DATA_20260324_080000.BIN,6.6431,26.6497,9.9330,26.6497,1.6940,1,6.178,6.361
734,DATA_20260324_080000.BIN,9.9330,32.9936,20.2774,32.9936,6.8200,1,10.041,10.513
735,DATA_20260324_080000.BIN,20.2774,64.1777,18.2885,64.1777,8.8990,1,24.587,24.599
736,DATA_20260324_080000.BIN,18.2885,64.0893,27.1121,64.0893,6.4680,1,21.661,21.690
737,DATA_20260324_080000.BIN,10.1237,29.4075,13.2205,29.4075,2.9590,1,8.808,9.678
738,DATA_20260324_080000.BIN,13.2205,33.8673,5.3231,33.8673,3.1130,1,10.379,12.076
739,DATA_20260324_080000.BIN,5.3231,24.4160,13.5030,24.4160,3.0360,1,16.894,17.831
740,DATA_20260324_080000.BIN,13.5030,33.0760,15.6521,33.0760,6.1600,1,7.911,16.892
741,DATA_20260324_080000.BIN,15.6521,31.8844,22.9296,31.8844,4.3450,1,9.423,16.456
742,DATA_20260324_080000.BIN,7.9004,34.0693,11.3335,34.0693,3.7730,1,3.920,4.188
743,DATA_20260324_080000.BIN,11.3335,42.0851,34.4773,42.0851,5.6980,1,9.148,9.764
744,DATA_20260324_080000.BIN,34.4773,52.6454,36.8217,52.6454,4.4880,1,35.389,36.614
745,DATA_20260324_080000.BIN,12.0796,20.5489,12.2316,20.5489,4.3560,1,7.788,10.565
746,DATA_20260324_080000.BIN,19.9407,44.6031,35.9770,44.6031,2.9480,1,17.475,17.830
747,DATA_20260324_080000.BIN,47.2449,55.3204,26.7952,55.3204,4.4660,1,47.615,48.027
748,DATA_20260324_080000.BIN,26.7952,40.9542,6.4735,40.9542,6.4020,1,16.956,25.211
749,DATA_20260324_080000.BIN,6.4735,50.6824,6.5107,50.6824,4.9830,1,10.929,12.271
750,DATA_20260324_080000.BIN,6.5107,19.1824,12.2394,19.1824,4.0810,1,11.430,14.125
751,DATA_20260324_080000.BIN,12.2394,45.6313,17.9679,45.6313,2.0680,1,13.306,16.123
752,DATA_20260324_080000.BIN,17.9679,70.2549,5.5086,70.2549,2.3870,1,13.514,16.324
753,DATA_20260324_080000.BIN,5.5086,80.6773,8.3797,80.6773,9.2950,1,13.751,14.502
754,DATA_20260324_080000.BIN,8.3797,43.8871,31.2177,43.8871,2.4090,1,9.400,11.865
755,DATA_20260324_080000.BIN,36.2834,53.4029,42.6191,53.4029,6.4790,1,34.412,36.053
756,DATA_20260324_080000.BIN,42.6191,54.5535,39.9637,54.5535,4.8510,1,35.727,39.855
757,DATA_20260324_080000.BIN,33.0259,46.3241,19.6188,46.3241,6.3250,1,19.213,22.409
758,DATA_20260324_080000.BIN,19.6188,41.5857,23.3368,41.5857,4.9610,1,12.161,12.183
759,DATA_20260324_080000.BIN,23.3368,45.4628,11.0386,45.4628,2.1230,1,10.379,10.389
760,DATA_20260324_080000.BIN,7.9901,23.2591,10.7485,23.2591,1.6060,1,28.726,29.043
761,DATA_20260324_080000.BIN,10.7485,54.8656,30.9533,54.8656,3.8500,1,29.380,29.578
762,DATA_20260324_080000.BIN,30.9533,44.8127,32.5760,44.8127,3.3550,1,33.312,33.604
763,DATA_20260324_080000.BIN,32.5760,70.7803,29.6847,70.7803,2.2990,1,33.365,34.582
764,DATA_20260324_080000.BIN,29.6847,85.6874,14.0243,85.6874,3.7950,1,21.983,22.878
765,DATA_20260324_080000.BIN,14.0243,80.3478,16.7412,80.3478,3.5750,1,1.961,5.714
766,DATA_20260324_080000.BIN,16.7412,84.4620,13.2502,84.4620,8.6020,1,6.043,9.267
767,DATA_20260324_080000.BIN,13.2502,33.4637,22.5866,33.4637,4.5870,1,6.106,6.315
768,DATA_20260324_080000.BIN,22.5866,36.9732,6.7653,36.9732,2.4640,1,8.580,10.066
769,DATA_20260324_080000.BIN,3.1060,13.1720,1.0246,13.1720,4.5760,1,32.435,32.674
770,DATA_20260324_080000.BIN,7.3093,13.2388,3.4440,13.2388,8.9430,1,47.738,48.293
771,DATA_20260324_080000.BIN,3.4440,63.8871,3.8278,63.8871,4.4220,1,18.484,19.431
772,DATA_20260324_080000.BIN,3.8278,69.3966,34.3191,69.3966,6.0500,1,23.466,24.201
773,DATA_20260324_080000.BIN,34.3191,51.8623,23.7701,51.8623,1.2980,1,38.094,38.109
774,DATA_20260324_080000.BIN,23.7701,35.2083,24.6725,35.2083,2.6400,1,15.444,19.200
775,DATA_20260324_080000.BIN,29.5906,54.3769,38.3888,54.3769,7.4470,1,25.610,26.352
776,DATA_20260324_080000.BIN,38.3888,46.9853,11.5154,46.9853,5.0820,1,28.870,31.608
777,DATA_20260324_080000.BIN,11.5154,35.1359,23.4454,35.1359,4.5320,1,29.498,32.232
778,DATA_20260324_080000.BIN,23.3441,62.7736,18.0429,62.7736,4.2020,1,12.746,14.731
779,DATA_20260324_080000.BIN,18.0429,60.5337,20.7814,60.5337,5.6210,1,7.343,7.566
780,DATA_20260324_080000.BIN,20.7814,37.0161,19.5690,37.0161,6.5670,1,11.220,11.326
781,DATA_20260324_080000.BIN,19.5690,48.7985,15.8795,48.7985,3.4980,1,16.843,16.931
782,DATA_20260324_080000.BIN,15.8795,32.8929,14.7733,32.8929,2.4860,1,8.483,11.900
783,DATA_20260324_080000.BIN,14.7733,50.3850,16.1974,50.3850,8.0740,1,19.140,19.143
784,DATA_20260324_080000.BIN,16.1974,53.2931,11.9497,53.2931,2.3540,1,6.660,6.663
785,DATA_20260324_080000.BIN,11.9497,51.7393,9.9959,51.7393,2.5740,1,7.533,7.747
786,DATA_20260324_080000.BIN,36.9142,66.9111,9.6838,66.9111,6.2480,1,40.279,41.252
787,DATA_20260324_080000.BIN,9.6838,45.1829,32.9043,45.1829,3.2450,1,5.621,8.166
788,DATA_20260324_080000.BIN,13.5081,33.2921,21.2922,33.2921,1.3750,1,17.811,17.854
789,DATA_20260324_080000.BIN,41.2804,52.4444,6.0612,52.4444,5.7310,1,47.431,49.728
790,DATA_20260324_080000.BIN,6.0612,55.4594,45.3956,55.4594,5.8520,1,12.245,12.250
791,DATA_20260324_080000.BIN,45.3956,65.2116,51.5706,65.2116,2.7280,1,45.493,45.558
792,DATA_20260324_080000.BIN,51.5706,65.7574,55.8323,65.7574,3.1240,1,51.477,51.804
793,DATA_20260324_080000.BIN,58.2661,77.5199,12.7474,77.5199,5.6540,1,49.709,51.346
794,DATA_20260324_080000.BIN,23.5587,49.9281,27.3309,49.9281,7.5680,1,6.204,7.189
795,DATA_20260324_080000.BIN,27.3309,48.5008,2.9786,48.5008,1.7160,1,8.091,8.271
796,DATA_20260324_080000.BIN,2.9786,14.1897,5.7431,14.1897,1.4300,1,30.708,30.750
797,DATA_20260324_080000.BIN,5.7431,40.0902,32.6717,40.0902,3.1570,1,44.003,44.950
798,DATA_20260324_080000.BIN,39.6636,54.9508,32.1128,54.9508,5.0490,1,29.288,29.296
799,DATA_20260324_080000.BIN,32.1128,53.3971,31.1111,53.3971,4.1580,1,16.745,17.135
800,DATA_20260324_080000.BIN,31.1111,48.0110,33.2626,48.0110,5.9290,1,14.227,14.227
801,DATA_20260324_080000.BIN,37.2558,65.5574,46.5634,65.5574,4.2130,1,21.344,22.176
802,DATA_20260324_080000.BIN,46.5634,69.6687,40.6347,69.6687,6.0280,1,29.072,29.083
803,DATA_20260324_080000.BIN,40.6347,50.3768,26.8922,50.3768,1.7270,1,18.715,18.842
804,DATA_20260324_080000.BIN,6.7523,17.8974,7.9392,17.8974,2.0240,1,32.445,34.431
805,DATA_20260324_080000.BIN,7.9392,65.3381,23.3180,65.3381,3.9710,1,22.145,22.611
806,DATA_20260324_080000.BIN,23.3180,68.1981,31.6948,68.1981,2.2330,1,3.739,5.890
807,DATA_20260324_080000.BIN,31.6948,46.9151,9.5783,46.9151,1.8700,1,12.694,13.015
808,DATA_20260324_080000.BIN,9.5783,38.2979,26.5881,38.2979,3.4100,1,43.210,43.505
809,DATA_20260324_080000.BIN,26.5881,59.0029,36.9218,59.0029,5.1480,1,14.731,14.762
810,DATA_20260324_080000.BIN,36.9218,64.2752,44.6645,64.2752,3.4210,1,20.519,20.547
811,DATA_20260324_080000.BIN,44.6645,60.4701,44.0802,60.4701,2.9260,1,27.371,27.595
812,DATA_20260324_080000.BIN,44.0802,56.2628,44.2721,56.2628,2.6290,1,23.522,23.596
813,DATA_20260324_080000.BIN,26.3204,68.8754,61.8945,68.8754,6.0610,1,0.755,1.064
814,DATA_20260324_080000.BIN,36.8779,64.1674,17.3704,64.1674,4.6420,1,13.800,15.446
815,DATA_20260324_080000.BIN,17.3704,39.0460,23.5092,39.0460,1.6500,1,27.086,27.086
816,DATA_20260324_080000.BIN,23.5092,80.5370,0.6077,80.5370,2.6070,1,34.297,34.421
817,DATA_20260324_080000.BIN,0.6077,14.9775,3.9127,14.9775,1.5290,1,36.836,36.949
818,DATA_20260324_080000.BIN,3.3657,34.2063,21.5213,34.2063,1.6060,1,26.240,26.240
819,DATA_20260324_080000.BIN,21.5213,41.3137,16.1154,41.3137,1.8590,1,15.484,15.502
820,DATA_20260324_080000.BIN,16.1154,39.9340,31.6539,39.9340,2.5740,1,5.452,10.677
821,DATA_20260324_080000.BIN,31.6539,52.0908,14.5705,52.0908,3.2120,1,16.136,16.297
822,DATA_20260324_080000.BIN,14.5705,29.0981,4.2794,29.0981,1.2540,1,9.381,9.947
823,DATA_20260324_080000.BIN,4.2794,19.4318,3.1669,19.4318,2.1340,1,22.309,22.314
824,DATA_20260324_080000.BIN,3.1669,12.3984,2.4933,12.3984,6.8860,1,32.647,35.435
825,DATA_20260324_080000.BIN,3.8609,42.9099,17.9694,42.9099,2.2550,1,29.202,29.411
826,DATA_20260324_080000.BIN,17.9694,36.5269,16.1986,36.5269,6.8200,1,5.261,8.372
827,DATA_20260324_080000.BIN,16.1986,29.4362,15.0661,29.4362,1.5290,1,4.870,6.814
828,DATA_20260324_080000.BIN,14.3345,24.3619,6.7687,24.3619,4.1360,1,2.553,8.999
829,DATA_20260324_080000.BIN,6.7687,55.6099,2.8875,55.6099,6.3800,1,15.040,18.614
830,DATA_20260324_080000.BIN,2.8875,24.4466,13.3946,24.4466,3.3550,1,28.053,28.750
831,DATA_20260324_080000.BIN,13.3946,73.0776,61.9727,73.0776,3.9710,1,11.296,11.772
832,DATA_20260324_080000.BIN,61.9727,69.4565,62.4219,69.4565,6.1160,1,72.581,72.702
833,DATA_20260324_080000.BIN,64.7473,76.7069,11.6690,76.7069,3.5200,1,61.556,61.636
834,DATA_20260324_080000.BIN,20.0938,36.3573,23.1979,36.3573,3.9050,1,7.106,14.543
835,DATA_20260324_080000.BIN,23.1979,30.4836,21.8469,30.4836,1.9360,1,12.111,14.203
836,DATA_20260324_080000.BIN,21.8469,40.8681,25.4783,40.8681,2.3980,1,8.492,10.552
837,DATA_20260324_080000.BIN,25.4783,47.4014,22.7411,47.4014,3.1680,1,6.201,11.814
838,DATA_20260324_080000.BIN,22.7411,37.8130,25.3451,37.8130,6.1490,1,2.794,9.658
839,DATA_20260324_080000.BIN,25.3451,60.0347,3.9788,60.0347,5.6210,1,6.540,7.597
840,DATA_20260324_080000.BIN,3.9788,71.0632,58.0473,71.0632,3.4540,1,24.194,24.475
841,DATA_20260324_080000.BIN,58.0473,76.7556,67.3316,76.7556,9.2290,1,48.348,48.858
842,DATA_20260324_080000.BIN,67.6188,75.5880,66.6735,75.5880,9.3280,1,68.966,68.968
843,DATA_20260324_080000.BIN,66.6735,74.6924,9.2812,74.6924,5.6980,1,56.945,56.970
844,DATA_20260324_080000.BIN,9.2812,40.4770,24.6006,40.4770,3.3000,1,29.194,29.729
845,DATA_20260324_080000.BIN,24.6006,39.7471,28.4655,39.7471,3.2230,1,6.383,6.386
846,DATA_20260324_080000.BIN,28.4655,55.4165,32.4721,55.4165,4.5980,1,8.326,8.354
847,DATA_20260324_080000.BIN,32.4721,47.4370,14.0837,47.4370,4.2020,1,8.427,9.343
848,DATA_20260324_080000.BIN,14.0837,35.4706,16.5349,35.4706,1.9910,1,27.332,27.446
849,DATA_20260324_080000.BIN,15.4209,66.8747,54.1693,66.8747,4.8950,1,15.095,15.214
850,DATA_20260324_080000.BIN,54.1693,67.4965,35.8134,67.4965,5.0380,1,34.892,34.946
851,DATA_20260324_080000.BIN,35.8134,53.9504,41.4851,53.9504,4.2680,1,9.286,9.362
852,DATA_20260324_080000.BIN,41.4851,63.9438,30.9088,63.9438,4.5320,1,15.995,16.793
853,DATA_20260324_080000.BIN,11.5752,28.8742,4.6382,28.8742,7.4250,1,56.377,57.159
854,DATA_20260324_080000.BIN,5.2664,79.1112,3.7775,79.1112,3.9710,1,43.300,44.121
855,DATA_20260324_080000.BIN,4.2490,81.0530,3.5887,81.0530,7.4800,1,41.162,41.346
856,DATA_20260324_080000.BIN,3.5887,11.4452,1.4934,11.4452,1.9470,1,33.934,34.080
857,DATA_20260324_080000.BIN,1.4934,14.1193,4.7733,14.1193,3.6630,1,30.578,30.855
858,DATA_20260324_080000.BIN,4.7733,12.0826,0.8410,12.0826,5.3570,1,36.061,36.105
859,DATA_20260324_080000.BIN,0.8410,44.2592,9.3150,44.2592,4.6970,1,21.117,21.165
860,DATA_20260324_080000.BIN,4.8184,12.9472,2.9566,12.9472,2.9260,1,22.784,22.867
861,DATA_20260324_080000.BIN,2.9566,15.5720,0.2427,15.5720,6.0610,1,22.679,22.790
862,DATA_20260324_080000.BIN,0.2427,15.1027,3.7391,15.1027,4.9280,1,13.565,13.987
863,DATA_20260324_080000.BIN,3.7391,20.1468,2.1032,20.1468,8.8990,1,16.754,16.933
864,DATA_20260324_080000.BIN,2.1032,29.3938,4.6052,29.3938,9.8670,1,18.067,18.940
865,DATA_20260324_080000.BIN,4.6052,12.9634,5.0264,12.9634,2.7830,1,21.275,21.309
866,DATA_20260324_080000.BIN,5.0264,20.5505,3.6409,20.5505,6.9410,1,9.791,11.584
867,DATA_20260324_080000.BIN,3.6409,14.2658,7.2865,14.2658,3.0800,1,10.511,10.926
868,DATA_20260324_080000.BIN,7.2865,18.4546,1.1874,18.4546,4.2570,1,13.350,14.310
869,DATA_20260324_080000.BIN,1.1874,13.6695,5.0459,13.6695,4.4660,1,4.273,4.704
870,DATA_20260324_080000.BIN,1.1106,12.6780,2.9906,12.6780,6.8530,1,3.177,3.238
871,DATA_20260324_080000.BIN,2.9906,13.0849,5.5139,13.0849,4.4770,1,10.753,11.206
872,DATA_20260324_080000.BIN,7.3887,19.1139,1.9148,19.1139,4.7080,1,7.804,9.988
873,DATA_20260324_080000.BIN,1.9148,76.9545,1.2147,76.9545,4.7960,1,9.600,9.976
874,DATA_20260324_080000.BIN,1.2147,35.7510,13.4540,35.7510,7.4910,1,13.620,16.267
875,DATA_20260324_080000.BIN,13.4540,52.9452,33.1821,52.9452,7.6560,1,20.353,20.880
876,DATA_20260324_080000.BIN,33.1821,43.0226,15.4132,43.0226,3.5750,1,44.024,44.055
877,DATA_20260324_080000.BIN,15.4132,60.7327,6.7297,60.7327,3.2890,1,18.818,19.260
878,DATA_20260324_080000.BIN,6.7297,61.9002,3.4823,61.9002,8.6460,1,11.467,11.632
879,DATA_20260324_080000.BIN,3.4823,25.1345,13.6634,25.1345,3.1460,1,18.536,19.053
880,DATA_20260324_080000.BIN,13.6634,27.9329,7.0402,27.9329,6.6550,1,21.347,22.564
881,DATA_20260324_080000.BIN,7.0402,14.7062,3.5992,14.7062,1.9250,1,35.651,36.334
882,DATA_20260324_080000.BIN,3.5992,16.2795,3.3329,16.2795,1.5950,1,15.395,15.652
883,DATA_20260324_080000.BIN,3.3329,17.4473,7.6592,17.4473,6.6000,1,9.424,9.479
884,DATA_20260324_080000.BIN,7.6592,20.4311,2.1966,20.4311,5.5440,1,15.616,16.481
885,DATA_20260324_080000.BIN,5.3645,33.4915,21.2755,33.4915,6.9300,1,11.815,11.866
886,DATA_20260324_080000.BIN,21.2755,34.9576,18.5730,34.9576,3.7400,1,21.974,25.836
887,DATA_20260324_080000.BIN,18.5730,39.9393,25.8227,39.9393,2.2770,1,29.925,30.110
888,DATA_20260324_080000.BIN,25.8227,41.7442,28.4311,41.7442,2.1670,1,35.326,35.334
889,DATA_20260324_080000.BIN,28.4311,64.1084,31.2594,64.1084,4.3670,1,33.807,33.969
890,DATA_20260324_080000.BIN,31.2594,55.9803,24.2944,55.9803,6.0170,1,31.291,32.235
891,DATA_20260324_080000.BIN,24.2944,45.6535,34.5492,45.6535,2.9040,1,21.000,22.378
892,DATA_20260324_080000.BIN,3.5518,30.3314,20.9277,30.3314,4.0590,1,7.934,9.161
893,DATA_20260324_080000.BIN,20.9277,65.4000,52.0494,65.4000,8.6900,1,26.253,26.691
894,DATA_20260324_080000.BIN,52.0494,57.8337,35.2539,57.8337,3.6850,1,65.266,65.491
895,DATA_20260324_080000.BIN,22.8912,42.9966,12.7567,42.9966,3.0030,1,22.746,22.756
896,DATA_20260324_080000.BIN,12.7567,40.9724,31.6050,40.9724,4.6420,1,6.621,8.129
897,DATA_20260324_080000.BIN,16.2158,49.5593,31.1524,49.5593,3.2230,1,18.325,18.334
898,DATA_20260324_080000.BIN,31.1524,52.7090,8.3633,52.7090,9.5040,1,23.301,26.779
899,DATA_20260324_080000.BIN,25.2470,73.3003,60.4625,73.3003,3.4870,1,21.313,21.316
900,DATA_20260324_080000.BIN,11.0837,33.2130,1.5081,33.2130,3.8500,1,9.327,12.646
901,DATA_20260324_080000.BIN,1.5081,12.8934,0.8625,12.8934,6.4460,1,19.637,19.642
902,DATA_20260324_080000.BIN,0.8625,57.9967,8.1007,57.9967,2.6400,1,21.740,21.941
903,DATA_20260324_080000.BIN,8.1007,68.4873,22.9445,68.4873,2.8710,1,6.260,8.993
904,DATA_20260324_080000.BIN,22.9445,43.5170,23.3969,43.5170,3.0690,1,16.808,18.756
905,DATA_20260324_080000.BIN,23.7618,38.1611,27.0352,38.1611,1.6830,1,23.014,23.759
906,DATA_20260324_080000.BIN,27.0352,53.4504,2.5822,53.4504,4.9060,1,20.224,23.040
907,DATA_20260324_080000.BIN,2.5822,36.8759,3.1873,36.8759,4.1470,1,16.336,16.664
908,DATA_20260324_080000.BIN,3.1873,51.7376,3.4224,51.7376,5.1150,1,27.349,27.450
909,DATA_20260324_080000.BIN,3.4224,59.6747,35.5939,59.6747,6.3690,1,25.271,25.328
910,DATA_20260324_080000.BIN,35.5939,45.4511,28.6597,45.4511,1.9910,1,36.448,36.585
911,DATA_20260324_080000.BIN,28.6597,55.2142,32.5117,55.2142,3.4430,1,24.635,24.875
912,DATA_20260324_080000.BIN,32.5117,45.4604,17.5300,45.4604,3.7180,1,26.469,26.473
913,DATA_20260324_080000.BIN,17.5300,51.7858,30.0696,51.7858,4.8730,1,6.015,6.135
914,DATA_20260324_080000.BIN,30.0696,63.0033,44.1226,63.0033,5.4010,1,25.682,25.721
915,DATA_20260324_080000.BIN,44.1226,55.4915,25.5156,55.4915,3.8280,1,35.023,35.203
916,DATA_20260324_080000.BIN,25.5156,33.2210,25.5117,33.2210,3.2560,1,10.234,10.234
917,DATA_20260324_080000.BIN,25.5117,70.0753,44.5829,70.0753,8.6130,1,9.406,9.593
918,DATA_20260324_080000.BIN,44.5829,71.8532,15.3070,71.8532,8.3490,1,30.781,32.167
919,DATA_20260324_080000.BIN,20.3187,28.8595,13.3522,28.8595,1.5730,1,14.270,14.302
920,DATA_20260324_080000.BIN,13.3522,27.0098,15.4681,27.0098,2.6620,1,14.523,15.587
921,DATA_20260324_080000.BIN,15.4681,57.3185,27.7092,57.3185,5.4120,1,6.174,13.091
922,DATA_20260324_080000.BIN,34.6681,64.1154,23.6709,64.1154,6.1050,1,18.814,20.503
923,DATA_20260324_080000.BIN,23.6709,75.5832,67.6018,75.5832,6.9630,1,8.280,10.252
924,DATA_20260324_080000.BIN,26.3650,44.0615,5.2126,44.0615,2.0460,1,6.540,6.675
925,DATA_20260324_080000.BIN,5.2126,54.8361,39.2451,54.8361,3.2890,1,29.930,30.174
926,DATA_20260324_080000.BIN,39.2451,48.8544,40.1166,48.8544,3.5750,1,26.741,26.741
927,DATA_20260324_080000.BIN,40.1166,64.3421,17.8864,64.3421,6.2480,1,25.414,25.924
928,DATA_20260324_080000.BIN,17.8864,69.4079,48.6951,69.4079,6.7980,1,10.814,14.339
929,DATA_20260324_080000.BIN,23.8848,36.5081,5.8616,36.5081,2.2880,1,13.673,13.875
930,DATA_20260324_080000.BIN,5.8616,32.9232,19.6273,32.9232,1.8040,1,26.091,27.042
931,DATA_20260324_080000.BIN,19.6273,49.9522,29.7940,49.9522,2.1890,1,9.805,9.987
932,DATA_20260324_080000.BIN,29.7940,43.9462,30.7289,43.9462,2.1450,1,12.749,13.557
933,DATA_20260324_080000.BIN,30.6507,57.1042,42.7827,57.1042,3.7620,1,11.609,12.536
934,DATA_20260324_080000.BIN,42.7827,64.0253,21.2398,64.0253,3.9270,1,23.915,24.856
935,DATA_20260324_080000.BIN,21.2398,46.1604,8.3641,46.1604,6.0390,1,7.944,8.170
936,DATA_20260324_080000.BIN,8.3641,35.9218,16.7455,35.9218,4.3890,1,28.645,29.439
937,DATA_20260324_080000.BIN,23.4458,40.0718,1.7798,40.0718,7.1170,1,18.384,18.594
938,DATA_20260324_080000.BIN,31.9560,54.5395,25.3630,54.5395,5.8740,1,31.110,31.933
939,DATA_20260324_080000.BIN,25.3630,37.2340,6.8303,37.2340,4.1360,1,5.502,6.991
940,DATA_20260324_080000.BIN,6.8303,36.2267,22.3949,36.2267,5.0820,1,27.046,27.758
941,DATA_20260324_080000.BIN,22.3949,37.4050,2.1501,37.4050,4.5100,1,16.864,19.106
942,DATA_20260324_080000.BIN,2.1501,55.1457,8.4682,55.1457,2.7610,1,31.694,34.582
943,DATA_20260324_080000.BIN,8.4682,38.6740,21.7470,38.6740,9.3610,1,17.616,19.045
944,DATA_20260324_080000.BIN,21.7470,34.7220,26.4371,34.7220,6.4240,1,24.123,24.463
945,DATA_20260324_080000.BIN,26.4371,34.5888,23.8544,34.5888,3.1570,1,23.266,23.761
946,DATA_20260324_080000.BIN,23.8544,34.4184,21.3845,34.4184,4.5760,1,18.407,19.759
947,DATA_20260324_080000.BIN,21.3845,44.2009,9.0046,44.2009,7.8760,1,8.483,10.098
948,DATA_20260324_080000.BIN,9.0046,19.7002,3.0475,19.7002,2.7940,1,15.272,16.007
949,DATA_20260324_080000.BIN,4.3897,31.6065,2.9241,31.6065,1.8480,1,19.753,19.759
950,DATA_20260324_080000.BIN,53.3918,69.4806,49.9907,69.4806,2.2330,1,48.433,48.479
951,DATA_20260324_080000.BIN,27.6720,64.4381,30.9889,64.4381,9.0750,1,15.300,17.216
952,DATA_20260324_080000.BIN,30.9889,42.7184,5.2159,42.7184,3.2230,1,19.713,20.040
953,DATA_20260324_080000.BIN,5.2159,47.3946,0.5843,47.3946,3.6740,1,28.585,28.609
954,DATA_20260324_080000.BIN,0.5843,27.4839,7.6333,27.4839,2.1890,1,26.498,26.571
955,DATA_20260324_080000.BIN,7.6333,41.3648,3.1948,41.3648,7.9970,1,10.538,13.915
956,DATA_20260324_080000.BIN,3.1948,17.0997,2.2849,17.0997,3.0470,1,28.941,29.093
957,DATA_20260324_080000.BIN,2.2849,41.6863,6.1118,41.6863,2.6290,1,25.559,26.885
958,DATA_20260324_080000.BIN,5.7027,71.3582,12.1717,71.3582,4.1360,1,36.733,37.044
959,DATA_20260324_080000.BIN,12.1717,34.5197,5.6695,34.5197,6.0390,1,6.411,6.879
960,DATA_20260324_080000.BIN,5.6695,48.5346,1.3763,48.5346,2.2660,1,29.749,30.378
961,DATA_20260324_080000.BIN,3.6174,11.8864,1.9146,11.8864,6.7210,1,10.784,10.826
962,DATA_20260324_080000.BIN,1.9146,83.8118,2.3238,83.8118,7.8320,1,15.089,15.122
963,DATA_20260324_080000.BIN,2.3238,33.7928,17.4544,33.7928,2.0570,1,11.360,12.310
964,DATA_20260324_080000.BIN,17.4544,43.8029,10.6364,43.8029,4.5760,1,18.252,20.221
965,DATA_20260324_080000.BIN,10.6364,49.0427,6.5397,49.0427,4.4110,1,14.353,15.103
966,DATA_20260324_080000.BIN,6.5397,22.7254,9.5263,22.7254,1.5950,1,1.121,4.648
967,DATA_20260324_080000.BIN,9.5263,41.3255,13.3262,41.3255,4.3780,1,7.287,7.306
968,DATA_20260324_080000.BIN,13.3262,47.4361,6.5684,47.4361,5.2360,1,10.974,11.290
969,DATA_20260324_080000.BIN,6.5684,51.4751,4.4535,51.4751,2.0460,1,20.554,22.138
970,DATA_20260324_080000.BIN,4.9015,30.5680,1.5523,30.5680,2.9370,1,17.145,19.668
971,DATA_20260324_080000.BIN,1.5523,14.0919,1.7916,14.0919,3.4320,1,8.469,8.489
972,DATA_20260324_080000.BIN,1.7916,59.8978,28.3416,59.8978,2.3980,1,9.905,11.314
973,DATA_20260324_080000.BIN,28.3416,38.1355,12.0289,38.1355,5.1590,1,25.563,31.111
974,DATA_20260324_080000.BIN,12.0289,25.6386,2.8548,25.6386,1.4520,1,5.680,13.283
975,DATA_20260324_080000.BIN,2.8548,60.0722,49.9405,60.0722,4.4550,1,15.447,15.736
976,DATA_20260324_080000.BIN,49.9405,59.6127,29.2014,59.6127,7.8760,1,55.887,56.315
977,DATA_20260324_080000.BIN,29.2014,45.1106,24.6438,45.1106,4.1800,1,27.169,27.673
978,DATA_20260324_080000.BIN,24.6438,44.2529,9.4589,44.2529,1.7820,1,19.277,20.666
979,DATA_20260324_080000.BIN,9.4589,21.8257,2.8179,21.8257,1.8810,1,10.026,12.783
980,DATA_20260324_080000.BIN,2.8179,31.9717,17.8813,31.9717,4.9280,1,26.609,27.260
981,DATA_20260324_080000.BIN,17.8813,37.4251,26.9009,37.4251,7.8320,1,18.169,18.519
982,DATA_20260324_080000.BIN,14.7094,29.6865,22.1833,29.6865,3.7290,1,7.274,7.333
983,DATA_20260324_080000.BIN,22.1833,36.8595,1.2788,36.8595,9.6470,1,17.551,18.199
984,DATA_20260324_080000.BIN,29.5046,51.9331,43.6870,51.9331,2.7280,1,21.713,27.406
985,DATA_20260324_080000.BIN,10.1404,51.1452,5.1062,51.1452,5.3350,1,16.748,16.789
986,DATA_20260324_080000.BIN,5.1062,45.7260,34.5357,45.7260,3.7730,1,11.989,13.976
987,DATA_20260324_080000.BIN,34.5357,46.5920,26.6946,46.5920,3.3110,1,32.436,33.791
988,DATA_20260324_080000.BIN,26.6946,43.5331,32.7081,43.5331,3.6080,1,25.652,25.664
989,DATA_20260324_080000.BIN,32.7081,41.0628,28.0435,41.0628,2.1340,1,28.063,29.479
990,DATA_20260324_080000.BIN,28.0435,38.2618,15.1552,38.2618,2.1450,1,20.948,20.984
991,DATA_20260324_080000.BIN,15.1552,59.2652,44.5280,59.2652,5.7640,1,11.300,13.634
992,DATA_20260324_080000.BIN,44.5280,69.2516,5.6947,69.2516,6.6990,1,45.364,45.853
993,DATA_20260324_080000.BIN,5.6947,26.9502,15.9378,26.9502,3.2120,1,21.399,22.978
994,DATA_20260324_080000.BIN,15.9378,34.8207,20.6388,34.8207,2.7720,1,17.901,18.346
995,DATA_20260324_080000.BIN,20.6388,61.6687,50.0801,61.6687,5.3240,1,14.030,14.698
996,DATA_20260324_080000.BIN,50.0801,60.6657,36.0721,60.6657,5.3460,1,44.146,46.340
997,DATA_20260324_080000.BIN,6.3938,49.9226,3.1518,49.9226,3.3330,1,18.565,20.281
998,DATA_20260324_080000.BIN,3.1518,41.2243,9.8196,41.2243,7.0510,1,22.379,22.709
999,DATA_20260324_080000.BIN,9.8196,22.1850,3.0780,22.1850,1.4300,1,18.976,19.014
1000,DATA_20260324_080000.BIN,3.0780,32.8912,17.2175,32.8912,7.2600,1,19.664,21.236
1001,DATA_20260324_080000.BIN,17.2175,35.8806,17.1528,35.8806,3.8500,1,16.518,16.530
1002,DATA_20260324_080000.BIN,17.1528,37.6477,23.4257,37.6477,6.2370,1,32.280,33.690
1003,DATA_20260324_080000.BIN,23.4257,53.9210,9.6973,53.9210,3.6190,1,17.441,17.472
1004,DATA_20260324_080000.BIN,9.6973,21.2698,5.9613,21.2698,3.5310,1,17.474,20.950
1005,DATA_20260324_080000.BIN,5.9613,54.4417,6.2593,54.4417,2.5080,1,15.774,16.690
1006,DATA_20260324_080000.BIN,6.2593,35.6821,21.3133,35.6821,3.1790,1,20.685,21.045
1007,DATA_20260324_080000.BIN,21.3133,60.4608,32.9728,60.4608,2.2550,1,17.878,18.028
1008,DATA_20260324_080000.BIN,32.9728,44.8491,26.6104,44.8491,4.3340,1,30.958,34.777
1009,DATA_20260324_080000.BIN,26.6104,41.6118,4.6984,41.6118,2.7500,1,25.735,28.873
1010,DATA_20260324_080000.BIN,4.6984,63.9069,52.3865,63.9069,3.2780,1,9.281,11.518
1011,DATA_20260324_080000.BIN,52.3865,70.7086,5.6387,70.7086,5.5880,1,50.467,51.362
1012,DATA_20260324_080000.BIN,5.6387,63.8468,12.9950,63.8468,6.6220,1,29.238,33.163
1013,DATA_20260324_080000.BIN,12.9950,64.7525,3.6014,64.7525,9.1190,1,2.472,3.064
1014,DATA_20260324_080000.BIN,3.6014,11.1561,2.3441,11.1561,9.5480,1,20.917,26.256
1015,DATA_20260324_080000.BIN,5.5170,15.7208,5.9142,15.7208,1.8590,1,31.389,36.582
1016,DATA_20260324_080000.BIN,5.9142,23.6001,8.4201,23.6001,5.1810,1,26.802,29.291
1017,DATA_20260324_080000.BIN,8.4201,36.7132,2.2854,36.7132,6.0170,1,36.554,38.061
1018,DATA_20260324_080000.BIN,5.8926,13.7820,1.8045,13.7820,4.9170,1,24.170,24.441
1019,DATA_20260324_080000.BIN,1.8045,15.5820,2.2238,15.5820,2.8710,1,18.879,20.139
1020,DATA_20260324_080000.BIN,2.2238,11.2185,0.2939,11.2185,3.2670,1,4.642,5.647
1021,DATA_20260324_080000.BIN,3.6497,32.4099,2.1341,32.4099,5.4450,1,13.029,13.193
1022,DATA_20260324_080000.BIN,2.1341,17.9284,6.2368,17.9284,6.7980,1,3.715,4.742
1023,DATA_20260324_080000.BIN,6.2368,26.0108,2.2941,26.0108,4.5760,1,12.189,12.515
1024,DATA_20260324_080000.BIN,2.2941,62.5146,16.2453,62.5146,3.4650,1,8.976,9.688
1025,DATA_20260324_080000.BIN,16.2453,34.9853,6.5006,34.9853,7.6010,1,18.272,21.448
1026,DATA_20260324_080000.BIN,6.5006,19.6756,8.2582,19.6756,1.1660,1,11.578,11.657
1027,DATA_20260324_080000.BIN,8.2582,54.0543,14.9692,54.0543,1.7050,1,17.268,17.299
1028,DATA_20260324_080000.BIN,14.9692,25.9086,1.4355,25.9086,2.3430,1,20.948,21.194
1029,DATA_20260324_080000.BIN,1.4355,14.8146,7.4050,14.8146,2.5190,1,6.346,7.043
1030,DATA_20260324_080000.BIN,7.4050,66.0205,9.7684,66.0205,3.6410,1,11.985,12.231
1031,DATA_20260324_080000.BIN,9.7684,20.5898,2.3594,20.5898,4.4990,1,10.510,10.895
1032,DATA_20260324_080000.BIN,2.3594,19.7326,2.7348,19.7326,2.4970,1,6.897,6.938
1033,DATA_20260324_080000.BIN,2.7348,24.5144,4.8775,24.5144,6.2150,1,5.492,5.566
1034,DATA_20260324_080000.BIN,4.8775,16.0652,1.3250,16.0652,6.5560,1,12.532,12.632
1035,DATA_20260324_080000.BIN,4.3875,15.7539,8.9318,15.7539,2.7060,1,5.859,6.038
1036,DATA_20260324_080000.BIN,8.9318,66.5756,49.3182,66.5756,3.2560,1,10.091,10.383
1037,DATA_20260324_080000.BIN,49.3182,74.7158,30.0206,74.7158,2.2770,1,59.127,61.054
1038,DATA_20260324_080000.BIN,26.9530,43.0871,31.2653,43.0871,4.1140,1,26.774,28.150
1039,DATA_20260324_080000.BIN,17.2497,30.1633,11.9900,30.1633,4.9390,1,7.038,10.478
1040,DATA_20260324_080000.BIN,11.9900,22.4557,6.6556,22.4557,2.2990,1,1.294,4.176
1041,DATA_20260324_080000.BIN,9.1847,15.9954,1.2041,15.9954,5.1810,1,0.735,0.998
1042,DATA_20260324_080000.BIN,1.2041,73.2203,4.5486,73.2203,4.6750,1,13.285,14.531
1043,DATA_20260324_080000.BIN,4.5486,31.4480,4.3829,31.4480,1.6060,1,11.222,11.539
1044,DATA_20260324_080000.BIN,4.3829,16.4656,5.6721,16.4656,1.2540,1,16.117,18.396
1045,DATA_20260324_080000.BIN,5.6721,31.1576,13.8314,31.1576,3.1570,1,3.020,3.064
1046,DATA_20260324_080000.BIN,21.0207,36.4146,12.5953,36.4146,5.9620,1,30.482,31.444
1047,DATA_20260324_080000.BIN,12.5953,44.5844,8.5499,44.5844,4.4440,1,17.187,17.330
1048,DATA_20260324_080000.BIN,8.5499,50.8148,36.3005,50.8148,3.2120,1,10.314,10.381
1049,DATA_20260324_080000.BIN,48.9177,59.8006,29.7932,59.8006,2.6840,1,55.101,55.314
1050,DATA_20260324_080000.BIN,22.8501,36.9891,17.0612,36.9891,1.6610,1,20.109,21.219
1051,DATA_20260324_080000.BIN,17.0612,65.7204,19.6360,65.7204,7.1060,1,10.468,10.494
1052,DATA_20260324_080000.BIN,19.6360,58.3198,2.0104,58.3198,6.1820,1,20.258,23.392
1053,DATA_20260324_080000.BIN,2.0104,23.5764,1.3777,23.5764,2.3320,1,23.100,23.411
1054,DATA_20260324_080000.BIN,1.3777,27.7169,1.7138,27.7169,2.8160,1,15.664,17.534
1055,DATA_20260324_080000.BIN,1.7138,20.2494,4.8083,20.2494,1.8260,1,14.374,16.755
1056,DATA_20260324_080000.BIN,4.8083,15.9886,1.8918,15.9886,1.8150,1,11.867,16.012
1057,DATA_20260324_080000.BIN,1.8918,45.3882,4.0568,45.3882,2.4750,1,9.730,9.784
1058,DATA_20260324_080000.BIN,4.0568,19.4931,3.1509,19.4931,3.5200,1,21.968,22.012
1059,DATA_20260324_080000.BIN,3.1509,21.4693,5.1931,21.4693,3.1020,1,12.576,12.691
1060,DATA_20260324_080000.BIN,4.7410,33.5041,1.0872,33.5041,2.5410,1,8.830,11.435
1061,DATA_20260324_080000.BIN,1.0872,76.1345,31.8425,76.1345,9.6580,1,8.816,10.401
1062,DATA_20260324_080000.BIN,31.8425,40.3526,17.4054,40.3526,9.3830,1,32.139,36.688
1063,DATA_20260324_080000.BIN,27.4373,33.5633,27.1308,33.5633,2.7720,1,32.717,32.729
1064,DATA_20260324_080000.BIN,27.1308,40.3660,18.5328,40.3660,3.0910,1,24.283,26.118
1065,DATA_20260324_080000.BIN,18.5328,68.4597,13.2227,68.4597,2.3320,1,20.666,20.782
1066,DATA_20260324_080000.BIN,15.4382,82.7977,3.4214,82.7977,2.8710,1,10.968,11.247
1067,DATA_20260324_080000.BIN,3.4214,61.1145,2.1443,61.1145,5.5220,1,23.341,27.985
1068,DATA_20260324_080000.BIN,2.1443,14.9813,0.5058,14.9813,2.0130,1,13.447,13.447
1069,DATA_20260324_080000.BIN,0.5058,26.3259,7.3375,26.3259,4.4880,1,12.278,13.167
1070,DATA_20260324_080000.BIN,7.3375,24.0505,1.7246,24.0505,4.1800,1,19.034,19.602
1071,DATA_20260324_080000.BIN,1.7246,23.7017,4.8630,23.7017,9.4160,1,8.236,8.285
1072,DATA_20260324_080000.BIN,2.1449,36.6805,2.9768,36.6805,2.9700,1,4.866,5.239
1073,DATA_20260324_080000.BIN,3.5222,40.1829,16.5551,40.1829,4.2900,1,14.837,14.938
1074,DATA_20260324_080000.BIN,16.5551,34.9152,22.6510,34.9152,3.4320,1,16.455,17.197
1075,DATA_20260324_080000.BIN,22.6510,46.1025,17.2639,46.1025,4.4550,1,27.007,27.434
1076,DATA_20260324_080000.BIN,17.2639,33.7032,13.1081,33.7032,5.3900,1,17.154,18.560
1077,DATA_20260324_080000.BIN,8.6059,31.0733,7.0970,31.0733,9.7130,1,4.936,6.414
1078,DATA_20260324_080000.BIN,7.0970,14.9297,1.6940,14.9297,7.2160,1,51.987,51.988
1079,DATA_20260324_080000.BIN,1.6940,79.8305,68.3693,79.8305,2.5410,1,12.572,14.873
1080,DATA_20260324_080000.BIN,68.3693,80.7755,27.9511,80.7755,1.8150,1,81.685,83.590
1081,DATA_20260324_080000.BIN,27.9511,85.3646,6.0015,85.3646,5.8960,1,27.658,27.722
1082,DATA_20260324_080000.BIN,4.4003,14.1767,3.2451,14.1767,2.5190,1,30.631,32.183
1083,DATA_20260324_080000.BIN,3.2451,29.2023,17.3650,29.2023,3.6850,1,10.431,14.493
1084,DATA_20260324_080000.BIN,17.3650,31.8258,18.8011,31.8258,2.6730,1,15.286,16.672
1085,DATA_20260324_080000.BIN,18.8011,27.7114,20.3809,27.7114,2.4640,1,16.494,16.550
1086,DATA_20260324_080000.BIN,20.3809,31.3795,19.4158,31.3795,5.5440,1,15.492,16.120
1087,DATA_20260324_080000.BIN,19.4158,45.5254,34.9909,45.5254,3.8280,1,12.002,12.731
1088,DATA_20260324_080000.BIN,5.6711,20.1281,1.0773,20.1281,3.2670,1,33.226,33.305
1089,DATA_20260324_080000.BIN,3.2042,68.4988,15.8539,68.4988,3.1130,1,21.997,22.315
1090,DATA_20260324_080000.BIN,15.8539,84.2377,14.1754,84.2377,4.4550,1,14.375,14.619
1091,DATA_20260324_080000.BIN,14.1754,45.1440,8.6454,45.1440,2.9480,1,10.814,11.543
1092,DATA_20260324_080000.BIN,8.6454,79.2518,16.0542,79.2518,5.7860,1,1.615,1.619
1093,DATA_20260324_080000.BIN,16.0542,32.9184,4.3428,32.9184,2.9040,1,11.105,12.404
1094,DATA_20260324_080000.BIN,4.3428,40.9241,2.1329,40.9241,4.5210,1,28.176,28.305
1095,DATA_20260324_080000.BIN,2.1329,54.1346,16.3228,54.1346,7.0730,1,19.180,19.375
1096,DATA_20260324_080000.BIN,16.3228,29.5465,15.3179,29.5465,2.8380,1,15.831,15.949
1097,DATA_20260324_080000.BIN,15.3179,30.9711,10.9057,30.9711,8.0410,1,13.178,13.385
1098,DATA_20260324_080000.BIN,10.9057,33.5054,5.0789,33.5054,2.5410,1,8.105,8.606
1099,DATA_20260324_080000.BIN,15.1478,64.1094,36.1427,64.1094,6.2260,1,9.960,11.178
1100,DATA_20260324_080000.BIN,51.9301,68.0703,13.4963,68.0703,9.7570,1,54.026,56.684
1101,DATA_20260324_080000.BIN,13.4963,54.9120,18.7436,54.9120,3.6630,1,5.648,9.289
1102,DATA_20260324_080000.BIN,18.7436,34.2203,7.3515,34.2203,7.6890,1,8.924,8.956
1103,DATA_20260324_080000.BIN,7.3515,22.0092,11.0066,22.0092,2.3100,1,12.001,16.680
1104,DATA_20260324_080000.BIN,11.0066,59.7716,7.1374,59.7716,5.7200,1,11.254,13.719
1105,DATA_20260324_080000.BIN,7.1374,58.5888,3.7424,58.5888,3.0910,1,9.134,10.305
1106,DATA_20260324_080000.BIN,3.7424,37.5808,17.7631,37.5808,6.3580,1,13.730,13.834
1107,DATA_20260324_080000.BIN,17.7631,39.1144,17.9860,39.1144,2.2660,1,9.456,10.193
1108,DATA_20260324_080000.BIN,17.9860,41.0955,18.9884,41.0955,2.1010,1,11.319,11.937
1109,DATA_20260324_080000.BIN,18.9884,39.0073,21.1315,39.0073,1.9140,1,11.891,12.181
1110,DATA_20260324_080000.BIN,21.1315,37.0181,16.1168,37.0181,4.0040,1,11.966,12.635
1111,DATA_20260324_080000.BIN,16.1168,32.7456,16.4814,32.7456,2.3760,1,4.360,4.574
1112,DATA_20260324_080000.BIN,16.4814,27.0679,11.9530,27.0679,1.8370,1,5.120,6.318
1113,DATA_20260324_080000.BIN,11.9530,32.9214,13.9059,32.9214,5.1480,1,3.688,4.199
1114,DATA_20260324_080000.BIN,13.9059,44.8054,18.6819,44.8054,5.4560,1,0.960,1.313
1115,DATA_20260324_080000.BIN,18.6819,30.3441,9.5398,30.3441,2.2000,1,7.423,9.084
1116,DATA_20260324_080000.BIN,9.5398,37.1179,16.4695,37.1179,2.8160,1,8.032,10.147
1117,DATA_20260324_080000.BIN,16.4695,31.9378,15.7083,31.9378,2.2330,1,8.338,11.982
1118,DATA_20260324_080000.BIN,15.7083,34.2392,14.2491,34.2392,2.8710,1,5.900,9.828
1119,DATA_20260324_080000.BIN,14.2491,26.5947,15.1074,26.5947,2.0020,1,5.905,8.359
1120,DATA_20260324_080000.BIN,15.1074,36.0556,24.0223,36.0556,3.4650,1,4.537,4.635
1121,DATA_20260324_080000.BIN,24.0223,47.8347,23.9749,47.8347,2.5520,1,12.202,13.200
1122,DATA_20260324_080000.BIN,23.9749,38.2149,11.7498,38.2149,2.2220,1,12.260,13.722
1123,DATA_20260324_080000.BIN,11.7498,29.3565,16.9795,29.3565,2.5300,1,14.575,14.656
1124,DATA_20260324_080000.BIN,16.9795,31.7036,22.5851,31.7036,2.3320,1,2.898,5.573
1125,DATA_20260324_080000.BIN,22.5851,32.5215,2.8441,32.5215,2.5410,1,9.582,9.974
1126,DATA_20260324_080000.BIN,28.5497,49.3051,24.3726,49.3051,6.7540,1,19.401,19.807
1127,DATA_20260324_080000.BIN,17.7904,34.8343,18.0185,34.8343,1.9360,1,2.727,4.343
1128,DATA_20260324_080000.BIN,18.0185,36.3044,22.6113,36.3044,2.1230,1,1.193,7.096
1129,DATA_20260324_080000.BIN,22.6113,39.9340,21.8265,39.9340,2.1010,1,7.803,7.843
1130,DATA_20260324_080000.BIN,21.8265,46.1369,25.2349,46.1369,3.9930,1,6.487,6.640
1131,DATA_20260324_080000.BIN,25.2349,46.8530,22.2823,46.8530,2.5520,1,9.011,9.565
1132,DATA_20260324_080000.BIN,22.2823,46.7704,32.5896,46.7704,2.4860,1,4.107,6.719
1133,DATA_20260324_080000.BIN,32.5896,54.3499,19.5124,54.3499,3.2670,1,17.265,19.543
1134,DATA_20260324_080000.BIN,19.5124,41.7466,14.6434,41.7466,2.9700,1,1.218,2.608
1135,DATA_20260324_080000.BIN,14.6434,50.7121,34.5861,50.7121,4.8400,1,7.633,7.764
1136,DATA_20260324_080000.BIN,34.5861,48.2531,31.5534,48.2531,5.2250,1,21.081,22.116
1137,DATA_20260324_080000.BIN,31.5534,54.4182,2.0252,54.4182,2.4310,1,23.664,23.680
1138,DATA_20260324_080000.BIN,10.5894,30.6728,17.8358,30.6728,3.2450,1,14.877,15.108
1139,DATA_20260324_080000.BIN,4.0110,53.0774,25.6410,53.0774,3.2890,1,23.944,23.964
1140,DATA_20260324_080000.BIN,38.4083,48.6110,18.5075,48.6110,4.4000,1,23.609,25.949
1141,DATA_20260324_080000.BIN,18.5075,46.5244,17.0778,46.5244,3.5090,1,12.331,13.120
1142,DATA_20260324_080000.BIN,17.0778,40.5451,14.8482,40.5451,1.7050,1,6.472,6.472
1143,DATA_20260324_080000.BIN,14.8482,44.3697,19.3660,44.3697,2.0130,1,6.404,11.171
1144,DATA_20260324_080000.BIN,19.3660,46.7987,17.5297,46.7987,1.9360,1,8.012,10.571
1145,DATA_20260324_080000.BIN,17.5297,52.7892,21.4358,52.7892,2.1340,1,7.408,9.347
1146,DATA_20260324_080000.BIN,21.4358,54.0886,19.6095,54.0886,2.2660,1,9.844,10.411
1147,DATA_20260324_080000.BIN,19.6095,42.3973,21.6741,42.3973,1.7930,1,5.833,5.881
1148,DATA_20260324_080000.BIN,21.6741,51.7396,12.1160,51.7396,2.7610,1,8.097,8.097
1149,DATA_20260324_080000.BIN,45.5332,59.0850,27.1044,59.0850,6.7210,1,30.125,32.002
1150,DATA_20260324_080000.BIN,27.1044,53.7848,28.1714,53.7848,1.8700,1,11.384,11.391
1151,DATA_20260324_080000.BIN,28.1714,54.0449,32.6930,54.0449,1.5840,1,7.557,7.566
1152,DATA_20260324_080000.BIN,32.6930,61.1381,34.6467,61.1381,2.1340,1,12.283,12.286
1153,DATA_20260324_080000.BIN,34.6467,50.0408,26.4689,50.0408,2.5630,1,13.866,13.866
1154,DATA_20260324_080000.BIN,26.4689,57.8234,29.9710,57.8234,6.5670,1,2.500,4.290
1155,DATA_20260324_080000.BIN,29.9710,56.4847,26.7272,56.4847,1.5840,1,8.200,8.826
1156,DATA_20260324_080000.BIN,26.7272,53.0397,1.5546,53.0397,3.0470,1,5.225,6.042
1157,DATA_20260324_080000.BIN,1.5546,63.7147,1.6423,63.7147,2.8820,1,35.374,37.548
1158,DATA_20260324_080000.BIN,1.6423,68.8819,1.8736,68.8819,3.6080,1,32.069,32.554
1159,DATA_20260324_080000.BIN,1.8736,15.4175,4.9525,15.4175,5.3130,1,31.264,31.349
1160,DATA_20260324_080000.BIN,4.9525,16.6053,7.4179,16.6053,7.0290,1,38.803,39.128
1161,DATA_20260324_080000.BIN,13.4042,39.2449,26.2365,39.2449,4.6530,1,18.974,19.286
1162,DATA_20260324_080000.BIN,26.2365,36.9090,5.4315,36.9090,3.3660,1,17.972,19.503
1163,DATA_20260324_080000.BIN,25.7483,45.0851,24.7157,45.0851,4.4880,1,10.530,22.195
1164,DATA_20260324_080000.BIN,24.7157,45.5237,34.8638,45.5237,6.0390,1,22.046,26.160
1165,DATA_20260324_080000.BIN,12.6810,43.3869,26.1740,43.3869,3.1570,1,12.486,13.200
1166,DATA_20260324_080000.BIN,26.1740,59.9904,26.4987,59.9904,5.9070,1,17.698,18.141
1167,DATA_20260324_080000.BIN,30.9988,47.1083,29.3562,47.1083,1.5840,1,26.672,27.811
1168,DATA_20260324_080000.BIN,29.3562,58.2764,28.1803,58.2764,4.5100,1,21.034,21.628
1169,DATA_20260324_080000.BIN,28.1803,46.1352,28.6313,46.1352,2.0790,1,19.856,21.279
1170,DATA_20260324_080000.BIN,28.6313,58.3152,32.7927,58.3152,4.9060,1,16.584,17.234
1171,DATA_20260324_080000.BIN,32.7927,44.0760,18.1689,44.0760,2.4750,1,16.424,17.807
1172,DATA_20260324_080000.BIN,18.1689,51.3729,17.8611,51.3729,8.7230,1,0.541,8.275
1173,DATA_20260324_080000.BIN,17.8611,61.8309,5.6532,61.8309,5.4890,1,20.635,21.894
1174,DATA_20260324_080000.BIN,27.2069,73.6185,59.0535,73.6185,9.3060,1,10.493,10.869
1175,DATA_20260324_080000.BIN,59.0535,69.8194,30.9350,69.8194,8.0080,1,49.321,50.088
1176,DATA_20260324_080000.BIN,30.9350,46.3419,34.2738,46.3419,1.6280,1,9.036,10.415
1177,DATA_20260324_080000.BIN,34.2738,51.9049,31.2100,51.9049,4.9060,1,12.323,12.493
1178,DATA_20260324_080000.BIN,31.2100,45.8689,35.1057,45.8689,2.2990,1,9.303,12.255
1179,DATA_20260324_080000.BIN,18.3826,38.1125,22.4309,38.1125,2.5300,1,15.738,16.173
1180,DATA_20260324_080000.BIN,22.4309,36.1472,22.2432,36.1472,1.7050,1,13.771,14.339
1181,DATA_20260324_080000.BIN,22.2432,40.6119,25.4628,40.6119,1.9800,1,10.096,10.570
1182,DATA_20260324_080000.BIN,25.4628,52.4864,34.0138,52.4864,2.5850,1,12.314,12.574
1183,DATA_20260324_080000.BIN,34.0138,48.8303,31.7360,48.8303,1.7380,1,11.071,12.331
1184,DATA_20260324_080000.BIN,31.7360,45.0421,29.3439,45.0421,6.9520,1,15.563,15.693
1185,DATA_20260324_080000.BIN,29.3439,41.6658,29.4915,41.6658,1.6940,1,9.623,10.212
1186,DATA_20260324_080000.BIN,29.4915,55.5497,31.8890,55.5497,2.6620,1,6.230,6.276
1187,DATA_20260324_080000.BIN,31.8890,66.2645,22.0746,66.2645,8.6350,1,12.007,12.263
1188,DATA_20260324_080000.BIN,22.0746,59.7347,22.5914,59.7347,5.8740,1,25.974,26.717
1189,DATA_20260324_080000.BIN,22.5914,52.2972,23.5693,52.2972,5.3240,1,3.753,9.310
1190,DATA_20260324_080000.BIN,23.5693,32.8127,15.5562,32.8127,2.0130,1,10.989,11.187
1191,DATA_20260324_080000.BIN,15.5562,29.4119,16.0628,29.4119,3.9820,1,12.035,12.062
1192,DATA_20260324_080000.BIN,16.0628,50.8311,2.9400,50.8311,3.4760,1,21.090,21.614
1193,DATA_20260324_080000.BIN,2.9400,14.0061,0.3002,14.0061,1.5070,1,33.374,33.396
1194,DATA_20260324_080000.BIN,0.3002,66.8913,2.3528,66.8913,3.3110,1,31.332,31.337
1195,DATA_20260324_080000.BIN,4.9571,39.3173,19.4949,39.3173,2.2880,1,35.450,35.563
1196,DATA_20260324_080000.BIN,19.4949,55.0397,14.1218,55.0397,4.0920,1,10.437,10.498
1197,DATA_20260324_080000.BIN,14.1218,27.6501,15.4917,27.6501,2.6510,1,6.942,8.066
1198,DATA_20260324_080000.BIN,37.4773,47.8887,37.5367,47.8887,4.3120,1,33.704,38.300
1199,DATA_20260324_080000.BIN,37.5367,50.4688,40.2945,50.4688,2.5630,1,37.293,38.742
1200,DATA_20260324_080000.BIN,40.2945,49.9937,40.9192,49.9937,2.1560,1,36.868,38.400
1201,DATA_20260324_080000.BIN,40.9192,53.1898,40.4553,53.1898,2.7500,1,33.987,35.033
1202,DATA_20260324_080000.BIN,40.4553,59.7714,40.5190,59.7714,7.6560,1,27.913,30.124
1203,DATA_20260324_080000.BIN,40.5190,53.2531,36.4499,53.2531,7.5790,1,25.588,27.968
1204,DATA_20260324_080000.BIN,37.6185,47.2150,18.9196,47.2150,4.6970,1,18.144,19.752
1205,DATA_20260324_080000.BIN,18.9196,44.7521,12.4476,44.7521,4.0260,1,6.596,7.118
1206,DATA_20260324_080000.BIN,12.4476,63.2271,2.1396,63.2271,8.9980,1,14.276,14.584
1207,DATA_20260324_080000.BIN,6.2360,33.2590,8.5361,33.2590,2.5080,1,44.508,49.463
1208,DATA_20260324_080000.BIN,5.4216,34.9514,18.2731,34.9514,9.1520,1,37.720,40.579
1209,DATA_20260324_080000.BIN,18.2731,29.3046,6.5165,29.3046,3.1240,1,26.724,27.298
1210,DATA_20260324_080000.BIN,6.5165,27.3431,8.6770,27.3431,5.9180,1,27.073,31.661
1211,DATA_20260324_080000.BIN,8.2763,15.9221,4.6695,15.9221,2.2880,1,55.551,56.613
1212,DATA_20260324_080000.BIN,4.6695,20.0805,8.3798,20.0805,2.4200,1,19.524,22.547
1213,DATA_20260324_080000.BIN,8.3798,58.4853,1.1209,58.4853,5.8410,1,33.405,34.697
1214,DATA_20260324_080000.BIN,7.9602,19.4093,7.0779,19.4093,4.8950,1,50.539,51.354
1215,DATA_20260324_080000.BIN,6.9829,19.5594,9.9729,19.5594,5.6760,1,27.901,28.994
1216,DATA_20260324_080000.BIN,9.0454,28.5678,15.3247,28.5678,6.4570,1,28.896,30.005
1217,DATA_20260324_080000.BIN,9.7084,51.2480,17.6467,51.2480,3.4100,1,18.957,19.743
1218,DATA_20260324_080000.BIN,17.6467,56.4321,6.5774,56.4321,9.1410,1,29.668,29.993
1219,DATA_20260324_080000.BIN,7.5451,24.4918,8.7426,24.4918,8.2720,1,37.436,37.436
1220,DATA_20260324_080000.BIN,8.7426,21.5889,9.3242,21.5889,3.1240,1,40.836,40.994
1221,DATA_20260324_080000.BIN,7.9186,72.1308,8.0878,72.1308,2.4750,1,5.017,9.602
1222,DATA_20260324_090000.BIN,9.6153,25.8108,11.6784,25.8108,6.9960,1,14.624,19.253
1223,DATA_20260324_090000.BIN,11.6784,20.1231,2.1459,20.1231,3.0580,1,12.597,17.231
1224,DATA_20260324_090000.BIN,2.1459,11.6046,0.8320,11.6046,1.0120,1,19.912,22.452
1225,DATA_20260324_090000.BIN,0.8320,10.4217,1.5895,10.4217,1.0450,1,19.290,21.722
1226,DATA_20260324_090000.BIN,1.5895,34.4728,6.0679,34.4728,6.1930,1,20.226,20.610
1227,DATA_20260324_090000.BIN,22.7307,40.4605,2.6506,40.4605,5.0600,1,37.808,38.046
1228,DATA_20260324_090000.BIN,2.6506,40.7828,0.3922,40.7828,5.7860,1,17.810,18.261
1229,DATA_20260324_090000.BIN,0.3922,15.3188,1.9250,15.3188,3.3550,1,13.354,14.015
1230,DATA_20260324_090000.BIN,1.9250,23.7678,4.6744,23.7678,4.6310,1,11.372,11.477
1231,DATA_20260324_090000.BIN,4.6744,15.0311,4.1641,15.0311,2.2660,1,12.934,19.698
1232,DATA_20260324_090000.BIN,4.1641,43.0319,6.0096,43.0319,3.1790,1,15.182,16.591
1233,DATA_20260324_090000.BIN,6.0096,14.7796,2.7700,14.7796,5.2030,1,13.716,15.400
1234,DATA_20260324_090000.BIN,7.3779,23.3050,3.1130,23.3050,6.0830,1,1.342,12.307
1235,DATA_20260324_090000.BIN,3.1130,10.4245,2.0843,10.4245,1.1000,1,10.419,10.521
1236,DATA_20260324_090000.BIN,2.0843,18.4945,2.1494,18.4945,3.6300,1,7.477,7.592
1237,DATA_20260324_090000.BIN,2.1494,14.2705,1.1069,14.2705,1.4740,1,2.431,3.302
1238,DATA_20260324_090000.BIN,1.1069,15.0209,2.7757,15.0209,1.3090,1,5.529,8.923
1239,DATA_20260324_090000.BIN,5.4669,16.2711,3.6678,16.2711,5.1920,1,9.337,11.054
1240,DATA_20260324_090000.BIN,3.6678,12.7993,3.0298,12.7993,1.4300,1,6.719,8.780
1241,DATA_20260324_090000.BIN,3.0298,9.6831,3.3750,9.6831,1.2100,1,4.904,6.085
1242,DATA_20260324_090000.BIN,3.3750,12.9375,3.2065,12.9375,1.8590,1,6.607,7.751
1243,DATA_20260324_090000.BIN,3.2065,9.3606,1.8703,9.3606,6.6440,1,5.763,7.595
1244,DATA_20260324_090000.BIN,1.8703,10.1746,2.8511,10.1746,1.8480,1,1.110,6.496
1245,DATA_20260324_090000.BIN,2.8511,12.5867,3.2704,12.5867,2.2440,1,3.104,9.882
1246,DATA_20260324_090000.BIN,3.2704,21.2422,2.5039,21.2422,3.0140,1,5.666,5.760
1247,DATA_20260324_090000.BIN,2.5039,11.4722,1.3253,11.4722,2.5190,1,5.745,7.541
1248,DATA_20260324_090000.BIN,1.3253,9.5125,2.3942,9.5125,1.0340,1,1.208,4.895
1249,DATA_20260324_090000.BIN,2.3942,16.0571,4.1220,16.0571,3.1900,1,2.552,2.703
1250,DATA_20260324_090000.BIN,4.1220,10.2856,0.6771,10.2856,4.4550,1,5.845,5.862
1251,DATA_20260324_090000.BIN,0.6771,39.0999,7.8899,39.0999,4.2020,1,1.184,3.595
1252,DATA_20260324_090000.BIN,0.9820,35.7954,2.9108,35.7954,3.2450,1,1.281,1.342
1253,DATA_20260324_090000.BIN,4.5785,14.7416,1.1437,14.7416,9.0200,1,6.078,8.264
1254,DATA_20260324_090000.BIN,1.1437,15.5396,1.5200,15.5396,9.2950,1,2.156,5.983
1255,DATA_20260324_090000.BIN,1.5200,10.6484,4.4587,10.6484,3.2120,1,6.803,15.741
1256,DATA_20260324_090000.BIN,2.2446,9.8160,1.7166,9.8160,3.0470,1,1.709,4.167
1257,DATA_20260324_090000.BIN,1.7166,10.3735,4.4692,10.3735,1.3200,1,2.446,2.831
1258,DATA_20260324_090000.BIN,4.4692,11.4089,3.8340,11.4089,2.4310,1,7.755,8.871
1259,DATA_20260324_090000.BIN,3.8340,10.7009,1.0957,10.7009,1.2430,1,4.335,6.515
1260,DATA_20260324_090000.BIN,1.0957,14.6660,2.3469,14.6660,1.3310,1,3.101,6.531
1261,DATA_20260324_090000.BIN,2.3469,11.2725,1.8580,11.2725,1.2540,1,4.518,6.751
1262,DATA_20260324_090000.BIN,1.8580,12.8513,2.3786,12.8513,1.3310,1,3.276,3.417
1263,DATA_20260324_090000.BIN,2.3786,13.5080,1.6880,13.5080,1.3420,1,3.168,3.745
1264,DATA_20260324_090000.BIN,1.1697,22.9683,4.0805,22.9683,4.8070,1,1.756,4.230
1265,DATA_20260324_090000.BIN,4.0805,15.0600,2.3114,15.0600,1.4740,1,3.746,4.275
1266,DATA_20260324_090000.BIN,1.3705,9.9161,1.7226,9.9161,4.7190,1,1.246,3.393
1267,DATA_20260324_090000.BIN,3.1412,44.3998,26.0494,44.3998,4.6970,1,3.243,3.259
1268,DATA_20260324_091013.BIN,49.5755,55.3119,49.0597,55.3119,2.2770,1,8.868,15.291
1269,DATA_20260324_091013.BIN,49.0597,88.5260,80.6604,88.5260,2.0680,1,13.522,24.530
1270,DATA_20260324_091013.BIN,80.6604,88.6308,62.9708,88.6308,1.5180,1,110.165,124.314
1271,DATA_20260324_091013.BIN,62.9708,79.7590,42.0218,79.7590,6.3250,1,14.337,15.284
1272,DATA_20260324_091013.BIN,42.0218,57.2640,48.2384,57.2640,2.1010,1,15.750,16.319
1273,DATA_20260324_091013.BIN,42.0273,61.1049,45.0855,61.1049,2.7940,1,13.925,14.558
1274,DATA_20260324_091013.BIN,40.8453,56.5537,47.3544,56.5537,2.0570,1,13.194,14.310
1275,DATA_20260324_091013.BIN,47.3544,71.5165,58.7007,71.5165,2.4200,1,11.755,11.997
1276,DATA_20260324_091013.BIN,51.7768,66.7763,52.6862,66.7763,1.1770,1,4.880,7.658
1277,DATA_20260324_091013.BIN,52.6862,63.3212,39.6142,63.3212,2.7390,1,5.445,5.651
1278,DATA_20260324_091013.BIN,39.6142,63.7046,50.0112,63.7046,2.1560,1,18.724,18.818
1279,DATA_20260324_091013.BIN,50.0112,78.2524,54.3073,78.2524,3.2890,1,4.963,4.964
1280,DATA_20260324_091013.BIN,54.3073,70.9215,60.3633,70.9215,1.2650,1,6.583,7.102
1281,DATA_20260324_091013.BIN,60.3633,88.9710,26.7026,88.9710,7.4250,1,18.674,19.108
1282,DATA_20260324_091013.BIN,26.7026,58.3997,30.2372,58.3997,4.5100,1,39.171,39.397
1283,DATA_20260324_091013.BIN,26.3947,49.2492,32.5709,49.2492,4.7630,1,25.873,31.843
1284,DATA_20260324_091013.BIN,32.5709,46.6177,24.3509,46.6177,4.4220,1,22.696,22.781
1285,DATA_20260324_091013.BIN,24.3509,28.7234,24.8919,28.7234,1.7160,1,25.636,26.620
1286,DATA_20260324_091013.BIN,24.8919,28.2202,19.5401,28.2202,5.3570,1,22.007,22.022
1287,DATA_20260324_091013.BIN,19.5401,41.0245,37.4641,41.0245,7.7440,1,34.281,34.301
1288,DATA_20260324_091013.BIN,37.4641,53.1426,42.3905,53.1426,5.3350,1,18.699,24.861
1289,DATA_20260324_091013.BIN,39.4390,44.8253,35.1843,44.8253,3.0250,1,21.616,22.304
1290,DATA_20260324_091013.BIN,35.1843,49.3314,24.1340,49.3314,7.4470,1,27.526,29.552
1291,DATA_20260324_091013.BIN,24.1340,31.3206,25.0550,31.3206,1.9250,1,16.192,17.309
1292,DATA_20260324_091013.BIN,25.0550,36.5952,30.9065,36.5952,6.4130,1,9.758,14.171
1293,DATA_20260324_091013.BIN,30.9065,59.2212,34.0759,59.2212,4.5980,1,10.174,10.298
1294,DATA_20260324_091013.BIN,34.0759,41.0580,33.4673,41.0580,1.5290,1,4.379,4.540
1295,DATA_20260324_091013.BIN,33.4673,43.4935,39.9489,43.4935,3.4430,1,0.782,1.945
1296,DATA_20260324_091013.BIN,39.9489,48.8567,28.2917,48.8567,6.8310,1,5.095,13.950
1297,DATA_20260324_091013.BIN,28.2917,70.8165,46.0405,70.8165,6.4240,1,4.630,13.448
1298,DATA_20260324_091013.BIN,46.0405,89.0194,42.0621,89.0194,5.3350,1,17.044,17.063
1299,DATA_20260324_091013.BIN,42.0621,55.3393,45.5856,55.3393,2.1560,1,18.832,18.833
1300,DATA_20260324_091013.BIN,26.7528,43.3431,37.3220,43.3431,1.2980,1,16.225,16.627
1301,DATA_20260324_091013.BIN,33.9699,42.4717,36.1484,42.4717,1.2540,1,6.278,8.889
1302,DATA_20260324_091013.BIN,34.1743,38.2633,32.2018,38.2633,1.1770,1,3.797,4.028
1303,DATA_20260324_091013.BIN,45.3656,53.7305,39.5317,53.7305,1.5400,1,17.476,17.654
1304,DATA_20260324_091013.BIN,35.7533,46.6812,40.0311,46.6812,1.0450,1,3.724,4.662
1305,DATA_20260324_091013.BIN,40.0311,47.8153,43.2455,47.8153,1.1220,1,6.214,7.852
1306,DATA_20260324_091013.BIN,43.2455,67.7298,33.9614,67.7298,1.7270,1,8.488,10.447
1307,DATA_20260324_091013.BIN,33.9614,82.0280,40.9613,82.0280,2.2440,1,5.762,5.764
1308,DATA_20260324_091013.BIN,40.0439,73.9950,39.1865,73.9950,4.4220,1,5.246,7.936
1309,DATA_20260324_091013.BIN,39.1865,70.1741,44.6504,70.1741,2.0460,1,7.349,7.962
1310,DATA_20260324_091013.BIN,44.6504,57.2815,40.2747,57.2815,1.1550,1,11.836,12.432
1311,DATA_20260324_091013.BIN,40.2747,50.8217,36.3993,50.8217,0.9680,1,8.702,8.766
1312,DATA_20260324_091013.BIN,36.3993,48.1569,36.3075,48.1569,1.0010,1,3.764,3.780
1313,DATA_20260324_091013.BIN,36.3075,47.2845,40.0752,47.2845,0.9240,1,2.598,2.941
1314,DATA_20260324_091013.BIN,40.0752,50.0395,41.5412,50.0395,0.9680,1,3.376,3.382
1315,DATA_20260324_091013.BIN,41.5412,55.7199,45.5558,55.7199,1.0120,1,4.291,8.897
1316,DATA_20260324_091013.BIN,45.5558,54.5018,45.9508,54.5018,0.9900,1,8.275,10.242
1317,DATA_20260324_091013.BIN,45.9508,52.1787,37.3010,52.1787,2.1780,1,8.316,9.303
1318,DATA_20260324_091013.BIN,37.3010,46.0667,36.9890,46.0667,2.4310,1,2.296,4.919
1319,DATA_20260324_091013.BIN,36.9890,51.6544,44.8444,51.6544,2.4640,1,6.445,6.779
1320,DATA_20260324_091013.BIN,32.8125,51.4303,41.9066,51.4303,3.4760,1,7.979,9.477
1321,DATA_20260324_091013.BIN,41.9066,57.2254,36.7712,57.2254,2.1780,1,3.768,7.604
1322,DATA_20260324_091013.BIN,36.7712,86.2054,80.9755,86.2054,6.5120,1,2.735,4.843
1323,DATA_20260324_091013.BIN,80.9755,84.7436,50.2433,84.7436,3.0030,1,120.517,120.651
1324,DATA_20260324_091013.BIN,50.2433,61.6523,36.2061,61.6523,3.9050,1,9.592,10.228
1325,DATA_20260324_091013.BIN,36.2061,64.8811,52.1033,64.8811,2.5410,1,20.022,20.022
1326,DATA_20260324_091013.BIN,52.1033,69.4751,59.0609,69.4751,1.4190,1,7.793,7.814
1327,DATA_20260324_091013.BIN,59.0609,70.1912,57.2664,70.1912,1.1990,1,15.466,15.547
1328,DATA_20260324_091013.BIN,57.2664,68.8540,58.6158,68.8540,1.1660,1,11.914,11.921
1329,DATA_20260324_091013.BIN,58.6158,68.1489,53.2973,68.1489,1.1770,1,12.107,12.178
1330,DATA_20260324_091013.BIN,53.2973,66.2995,56.1187,66.2995,1.1220,1,6.086,6.183
1331,DATA_20260324_091013.BIN,56.1187,68.6883,57.2697,68.6883,1.3090,1,7.581,8.019
1332,DATA_20260324_091013.BIN,57.2697,67.5551,47.7725,67.5551,2.4090,1,8.834,8.866
1333,DATA_20260324_091013.BIN,47.7725,60.6034,51.8485,60.6034,2.1120,1,13.168,13.244
1334,DATA_20260324_091013.BIN,46.9153,54.2071,46.7076,54.2071,0.9680,1,10.393,10.612
1335,DATA_20260324_091013.BIN,44.7179,54.1608,47.8873,54.1608,1.0670,1,9.956,10.328
1336,DATA_20260324_091013.BIN,47.8873,54.5230,49.0170,54.5230,1.0010,1,6.325,6.327
1337,DATA_20260324_091013.BIN,49.0170,62.9810,53.3944,62.9810,3.8940,1,11.742,11.919
1338,DATA_20260324_091013.BIN,53.3944,61.4869,49.9567,61.4869,2.8600,1,5.902,6.154
1339,DATA_20260324_091013.BIN,49.9567,65.1518,48.9527,65.1518,3.5310,1,1.932,3.282
1340,DATA_20260324_091013.BIN,48.9527,62.3399,54.6829,62.3399,6.2590,1,1.608,1.818
1341,DATA_20260324_091013.BIN,54.6829,60.5979,47.6352,60.5979,2.0350,1,6.976,9.062
1342,DATA_20260324_091013.BIN,47.6352,56.8222,40.2501,56.8222,2.0350,1,3.375,3.385
1343,DATA_20260324_091013.BIN,40.2501,49.6058,43.0316,49.6058,0.9570,1,12.753,12.980
1344,DATA_20260324_091013.BIN,43.0316,54.0635,46.4969,54.0635,1.9800,1,7.901,7.997
1345,DATA_20260324_091013.BIN,46.4969,51.3969,46.0569,51.3969,1.2980,1,8.497,10.507
1346,DATA_20260324_091013.BIN,41.7572,60.3894,53.4274,60.3894,2.2550,1,7.727,8.634
1347,DATA_20260324_091013.BIN,53.4274,60.2452,38.0377,60.2452,2.8600,1,6.935,7.800
1348,DATA_20260324_091013.BIN,38.0377,45.8201,41.4226,45.8201,1.6060,1,11.527,12.001
1349,DATA_20260324_091013.BIN,41.4226,88.9219,69.7626,88.9219,5.5000,1,12.406,15.120
1350,DATA_20260324_091013.BIN,69.7626,87.7126,41.0716,87.7126,1.6390,1,128.884,135.392
1351,DATA_20260324_091013.BIN,41.0716,55.6971,38.5300,55.6971,2.1670,1,33.115,35.163
1352,DATA_20260324_091013.BIN,38.5300,75.0518,41.1500,75.0518,6.9960,1,20.305,21.508
1353,DATA_20260324_091013.BIN,41.1500,65.0037,42.9583,65.0037,4.8950,1,13.841,18.134
1354,DATA_20260324_091013.BIN,47.1655,50.8423,12.6312,50.8423,2.8930,1,17.605,20.503
1355,DATA_20260324_091013.BIN,12.6312,45.6778,22.7026,45.6778,4.0480,1,55.027,57.855
1356,DATA_20260324_091013.BIN,22.7026,46.7439,25.2494,46.7439,1.9470,1,39.978,42.208
1357,DATA_20260324_091013.BIN,25.2494,48.3349,30.1645,48.3349,8.7120,1,22.704,25.143
1358,DATA_20260324_091013.BIN,30.1645,43.6269,34.2243,43.6269,2.4310,1,13.428,18.842
1359,DATA_20260324_091013.BIN,34.2243,41.3738,33.4250,41.3738,1.0780,1,9.895,9.906
1360,DATA_20260324_091013.BIN,33.4250,53.0656,38.0487,53.0656,5.0050,1,7.478,7.743
1361,DATA_20260324_091013.BIN,38.0487,55.1836,34.1454,55.1836,1.2650,1,5.335,5.433
1362,DATA_20260324_091013.BIN,34.1454,42.8616,32.6539,42.8616,0.9020,1,6.640,6.911
1363,DATA_20260324_091013.BIN,32.6539,45.0460,34.6588,45.0460,0.9570,1,6.740,6.752
1364,DATA_20260324_091013.BIN,34.6588,46.7964,38.1143,46.7964,1.0670,1,5.669,6.048
1365,DATA_20260324_091013.BIN,38.1143,67.2293,57.6168,67.2293,5.0270,1,1.905,2.432
1366,DATA_20260324_091013.BIN,57.6168,68.8485,56.7587,68.8485,2.5520,1,25.544,25.590
1367,DATA_20260324_091013.BIN,41.6902,52.3652,27.0716,52.3652,3.0580,1,3.213,6.243
1368,DATA_20260324_091013.BIN,27.0716,51.6153,46.2732,51.6153,1.7270,1,15.972,16.609
1369,DATA_20260324_091013.BIN,46.2732,53.9394,47.3735,53.9394,2.2550,1,9.328,11.500
1370,DATA_20260324_091013.BIN,47.1555,55.0618,34.5710,55.0618,1.7380,1,14.479,14.742
1371,DATA_20260324_091013.BIN,34.5710,55.2066,44.7751,55.2066,2.0020,1,13.158,13.218
1372,DATA_20260324_091013.BIN,50.9621,55.4334,45.4276,55.4334,2.2880,1,13.593,14.358
1373,DATA_20260324_091013.BIN,45.4276,58.7632,45.9046,58.7632,2.4750,1,5.785,5.825
1374,DATA_20260324_091013.BIN,45.9046,53.8235,47.4017,53.8235,1.1880,1,10.806,12.268
1375,DATA_20260324_091013.BIN,47.4017,58.5350,47.3420,58.5350,4.1030,1,13.201,13.241
1376,DATA_20260324_091013.BIN,47.3420,75.4471,53.6510,75.4471,3.1570,1,8.732,8.774
1377,DATA_20260324_091013.BIN,49.0768,59.8267,45.3237,59.8267,2.9480,1,10.170,12.620
1378,DATA_20260324_091013.BIN,45.3237,88.0754,63.2272,88.0754,5.4010,1,6.570,6.662
1379,DATA_20260324_091013.BIN,63.2272,69.8488,46.4413,69.8488,2.0130,1,23.319,24.024
1380,DATA_20260324_091013.BIN,46.4413,55.2127,47.2058,55.2127,2.8270,1,5.856,7.139
1381,DATA_20260324_091013.BIN,47.2058,73.0731,66.0570,73.0731,4.3560,1,7.387,10.189
1382,DATA_20260324_091013.BIN,66.0570,73.8949,48.5543,73.8949,6.9850,1,29.992,30.787
1383,DATA_20260324_091013.BIN,52.7675,88.3850,79.4631,88.3850,2.9150,1,15.052,16.198
1384,DATA_20260324_091013.BIN,79.4631,86.5381,29.3609,86.5381,3.7290,1,106.825,120.821
1385,DATA_20260324_091013.BIN,29.3609,51.2852,39.0126,51.2852,1.9800,1,31.450,38.791
1386,DATA_20260324_091013.BIN,39.2573,56.6705,44.5387,56.6705,1.9030,1,22.266,22.846
1387,DATA_20260324_091013.BIN,44.5387,54.3502,44.8030,54.3502,1.1440,1,9.447,11.761
1388,DATA_20260324_091013.BIN,44.8030,53.4122,41.2387,53.4122,1.0120,1,7.622,7.826
1389,DATA_20260324_091013.BIN,41.2387,47.8187,41.7534,47.8187,0.9020,1,11.264,11.276
1390,DATA_20260324_091013.BIN,41.7534,64.7877,51.1159,64.7877,3.2340,1,9.346,9.659
1391,DATA_20260324_091013.BIN,51.1159,55.3459,49.7333,55.3459,1.4960,1,5.386,9.119
1392,DATA_20260324_091013.BIN,40.0359,56.0334,42.8599,56.0334,1.9910,1,15.136,16.224
1393,DATA_20260324_091013.BIN,42.8599,51.4735,41.5998,51.4735,1.1990,1,6.269,9.619
1394,DATA_20260324_091013.BIN,41.5998,50.6979,40.0072,50.6979,1.0780,1,6.953,7.007
1395,DATA_20260324_091013.BIN,40.0072,48.2007,41.4571,48.2007,0.9130,1,8.550,8.878
1396,DATA_20260324_091013.BIN,41.4571,51.2318,42.8786,51.2318,1.1550,1,6.162,6.162
1397,DATA_20260324_091013.BIN,42.8786,49.2360,42.1222,49.2360,1.0340,1,3.464,6.168
1398,DATA_20260324_091013.BIN,42.1222,60.2859,50.1046,60.2859,2.4200,1,8.812,9.247
1399,DATA_20260324_091013.BIN,50.1046,54.4873,47.2743,54.4873,1.1550,1,6.504,6.749
1400,DATA_20260324_091013.BIN,47.2743,54.5323,49.0368,54.5323,1.1330,1,3.406,3.906
1401,DATA_20260324_091013.BIN,49.0368,54.4910,48.5586,54.4910,1.5180,1,4.402,4.884
1402,DATA_20260324_091013.BIN,44.1652,57.2603,28.3733,57.2603,4.1580,1,5.976,8.663
1403,DATA_20260324_091013.BIN,28.3733,55.8429,39.7463,55.8429,3.6300,1,20.445,28.278
1404,DATA_20260324_091013.BIN,40.3055,50.1623,43.0001,50.1623,1.0560,1,6.794,7.111
1405,DATA_20260324_091013.BIN,43.7916,54.9986,45.3502,54.9986,1.0560,1,8.116,8.133
1406,DATA_20260324_091013.BIN,45.3502,54.8460,43.4813,54.8460,0.9900,1,4.784,5.901
1407,DATA_20260324_091013.BIN,43.7868,53.2149,38.4977,53.2149,2.0570,1,6.328,7.180
1408,DATA_20260324_091013.BIN,38.4977,56.8388,18.7310,56.8388,2.9700,1,6.253,8.025
1409,DATA_20260324_091013.BIN,18.7310,54.0766,19.8142,54.0766,1.3310,1,29.520,32.314
1410,DATA_20260324_091013.BIN,14.0101,78.8479,37.4893,78.8479,2.9260,1,37.753,47.569
1411,DATA_20260324_091013.BIN,37.4893,44.1655,21.0129,44.1655,4.1360,1,40.047,41.627
1412,DATA_20260324_091013.BIN,41.5370,49.3619,45.3178,49.3619,3.9490,1,40.639,41.424
1413,DATA_20260324_091013.BIN,43.6905,48.8356,34.6586,48.8356,1.8040,1,26.170,32.171
1414,DATA_20260324_091013.BIN,34.6586,52.1453,35.6574,52.1453,8.4370,1,25.048,27.163
1415,DATA_20260324_091013.BIN,46.6247,54.2892,50.8511,54.2892,4.5210,1,26.588,30.132
1416,DATA_20260324_091013.BIN,47.9775,53.1648,47.5082,53.1648,2.0240,1,21.500,23.685
1417,DATA_20260324_091013.BIN,37.6859,41.5632,37.7385,41.5632,2.2880,1,26.340,28.218
1418,DATA_20260324_091013.BIN,28.7449,64.1474,40.9727,64.1474,8.5580,1,23.306,23.338
1419,DATA_20260324_091013.BIN,10.6263,16.3939,11.4647,16.3939,5.5330,1,88.078,134.609
1420,DATA_20260324_091013.BIN,11.4647,27.8265,2.4167,27.8265,8.4700,1,78.799,115.524
1421,DATA_20260324_091013.BIN,16.6263,20.4283,16.0222,20.4283,1.3200,1,56.565,103.528
1422,DATA_20260324_091013.BIN,15.0261,18.1595,12.8491,18.1595,4.7630,1,52.998,84.524
1423,DATA_20260324_091013.BIN,12.8491,17.2921,8.4445,17.2921,3.9490,1,64.148,82.639
1424,DATA_20260324_091013.BIN,7.2631,20.3368,13.1546,20.3368,3.3770,1,47.345,63.294
1425,DATA_20260324_091013.BIN,13.1546,16.5771,12.7592,16.5771,2.6950,1,51.698,87.036
1426,DATA_20260324_091013.BIN,12.7592,18.1373,10.0620,18.1373,1.3640,1,48.940,80.540
1427,DATA_20260324_091013.BIN,10.0620,18.5517,9.3405,18.5517,3.2670,1,57.972,85.007
1428,DATA_20260324_091013.BIN,4.5149,19.2725,7.7085,19.2725,3.3880,1,39.592,50.070
1429,DATA_20260324_091013.BIN,7.7085,16.1577,2.9598,16.1577,1.5400,1,30.691,36.179
1430,DATA_20260324_091013.BIN,2.9598,18.9244,3.8006,18.9244,5.8080,1,30.096,30.104
1431,DATA_20260324_091013.BIN,3.5990,8.8007,2.4266,8.8007,1.8700,1,37.003,40.348
1432,DATA_20260324_091013.BIN,1.7916,12.1461,3.2856,12.1461,7.0620,1,30.451,32.531
1433,DATA_20260324_091013.BIN,3.2856,7.9809,2.0480,7.9809,5.3680,1,29.361,31.295
1434,DATA_20260324_091013.BIN,1.8680,7.3764,1.6189,7.3764,1.1330,1,19.121,19.620
1435,DATA_20260324_091013.BIN,1.6124,8.0722,2.7637,8.0722,5.3020,1,18.866,19.761
1436,DATA_20260324_091013.BIN,2.9096,8.7755,2.0854,8.7755,4.2460,1,18.250,19.845
1437,DATA_20260324_091013.BIN,2.0854,8.8029,2.1317,8.8029,1.0120,1,16.221,16.993
1438,DATA_20260324_091013.BIN,2.1317,9.0785,2.0724,9.0785,1.1110,1,15.968,16.618
1439,DATA_20260324_091013.BIN,2.0724,8.4386,3.0183,8.4386,1.0450,1,11.691,12.959
1440,DATA_20260324_091013.BIN,2.3062,7.4575,2.6779,7.4575,1.1330,1,10.311,12.612
1441,DATA_20260324_091013.BIN,2.6779,7.1465,2.5635,7.1465,2.2000,1,10.231,11.717
1442,DATA_20260324_091013.BIN,0.5987,6.3421,0.6069,6.3421,3.8170,1,5.527,6.124
1443,DATA_20260324_091013.BIN,0.5739,8.5630,0.6924,8.5630,6.6880,1,11.720,13.249
1444,DATA_20260324_091013.BIN,0.7033,6.7820,2.0554,6.7820,1.1770,1,5.195,5.812
1445,DATA_20260324_091013.BIN,1.4108,6.6895,0.9810,6.6895,1.2210,1,5.784,5.788
1446,DATA_20260324_091013.BIN,0.9810,6.5853,1.9183,6.5853,3.2780,1,3.167,3.437
1447,DATA_20260324_091013.BIN,1.0253,6.2194,0.7979,6.2194,1.1550,1,3.564,3.750
1448,DATA_20260324_091013.BIN,0.7979,7.0882,0.6487,7.0882,1.2980,1,2.388,2.903
1449,DATA_20260324_091013.BIN,3.2204,8.5837,1.6930,8.5837,3.9490,1,10.053,10.090
1450,DATA_20260324_091013.BIN,1.6930,7.0980,0.2772,7.0980,1.5840,1,2.267,2.280
1451,DATA_20260324_091013.BIN,0.2772,5.8989,1.2074,5.8989,1.8920,1,0.357,0.797
1452,DATA_20260324_091013.BIN,1.0600,6.8683,1.1840,6.8683,2.0020,1,2.986,2.993
1453,DATA_20260324_091013.BIN,1.1840,10.5707,1.1030,10.5707,7.9090,1,3.402,3.832
1454,DATA_20260324_091013.BIN,0.4395,6.4959,0.5566,6.4959,4.0150,1,4.124,5.192
1455,DATA_20260324_091013.BIN,0.5566,6.4344,1.3055,6.4344,5.5220,1,6.471,7.358
1456,DATA_20260324_091013.BIN,1.3055,13.0923,7.7496,13.0923,4.0810,1,3.597,4.440
1457,DATA_20260324_091013.BIN,2.7164,14.0949,10.7408,14.0949,2.9150,1,9.071,9.780
1458,DATA_20260324_091013.BIN,10.7408,18.6974,3.1618,18.6974,3.0580,1,47.043,47.734
1459,DATA_20260324_091013.BIN,7.3311,12.0482,5.9571,12.0482,2.8600,1,8.685,14.862
1460,DATA_20260324_091013.BIN,5.9571,10.5040,0.4219,10.5040,3.9380,1,15.988,16.925
1461,DATA_20260324_091013.BIN,0.4219,4.4851,0.3650,4.4851,6.1380,1,7.936,8.686
1462,DATA_20260324_091013.BIN,0.3650,10.1104,1.5756,10.1104,6.4790,1,8.244,9.257
1463,DATA_20260324_091013.BIN,1.5756,7.3953,1.7842,7.3953,2.3430,1,6.304,6.754
1464,DATA_20260324_091013.BIN,1.7842,6.6069,1.7970,6.6069,6.0830,1,4.111,4.563
1465,DATA_20260324_091013.BIN,1.7970,6.8002,2.5666,6.8002,3.6300,1,2.659,2.822
1466,DATA_20260324_091013.BIN,2.5666,7.7672,0.7068,7.7672,2.8490,1,11.393,11.746
1467,DATA_20260324_091013.BIN,0.7068,9.1400,1.6246,9.1400,2.5740,1,4.735,5.981
1468,DATA_20260324_091013.BIN,1.6246,9.1767,4.3797,9.1767,2.5080,1,3.743,3.808
1469,DATA_20260324_091013.BIN,4.3797,9.4099,4.6555,9.4099,2.4310,1,6.063,8.086
1470,DATA_20260324_091013.BIN,6.3595,13.6542,4.3081,13.6542,3.2890,1,8.159,10.328
1471,DATA_20260324_091013.BIN,4.3081,9.0661,3.2036,9.0661,2.0240,1,4.085,4.520
1472,DATA_20260324_091013.BIN,3.2036,10.5706,3.9234,10.5706,2.4970,1,2.667,3.731
1473,DATA_20260324_091013.BIN,3.9234,12.0820,2.0599,12.0820,3.2450,1,6.049,6.125
1474,DATA_20260324_091013.BIN,2.0599,8.5057,2.3136,8.5057,1.4300,1,2.503,2.688
1475,DATA_20260324_091013.BIN,2.3136,7.5003,1.7862,7.5003,4.1690,1,2.896,3.582
1476,DATA_20260324_091013.BIN,1.7862,9.6902,3.3076,9.6902,3.9270,1,4.744,5.407
1477,DATA_20260324_091013.BIN,3.3076,7.9050,2.8788,7.9050,1.3860,1,5.215,7.664
1478,DATA_20260324_091013.BIN,1.2372,7.8984,0.5139,7.8984,4.3120,1,3.685,4.067
1479,DATA_20260324_091013.BIN,0.5139,4.4291,0.0842,4.4291,5.6870,1,4.499,5.673
1480,DATA_20260324_091013.BIN,1.0199,7.1375,0.5683,7.1375,5.1480,1,3.508,3.882
1481,DATA_20260324_091013.BIN,0.5683,4.7780,1.4219,4.7780,2.0680,1,1.109,1.573
1482,DATA_20260324_091013.BIN,1.4219,6.8247,2.3337,6.8247,1.2650,1,5.284,7.518
1483,DATA_20260324_091013.BIN,2.3337,9.9753,2.1499,9.9753,2.0570,1,3.547,3.551
1484,DATA_20260324_091013.BIN,1.5603,7.6539,2.5941,7.6539,1.1660,1,3.036,5.141
1485,DATA_20260324_091013.BIN,2.3882,6.3799,0.7539,6.3799,1.2650,1,2.451,5.351
1486,DATA_20260324_091013.BIN,0.5957,5.8981,0.9552,5.8981,1.2650,1,2.088,2.295
1487,DATA_20260324_091013.BIN,0.9552,7.0252,0.4888,7.0252,1.4410,1,3.014,3.711
1488,DATA_20260324_091013.BIN,0.4888,6.0993,1.7333,6.0993,1.5840,1,2.246,2.363
1489,DATA_20260324_091013.BIN,0.9748,5.8910,0.6961,5.8910,2.8820,1,0.841,2.133
1490,DATA_20260324_091013.BIN,0.6961,3.8736,0.5856,3.8736,3.8280,1,4.204,5.091
1491,DATA_20260324_091013.BIN,0.5856,7.4309,1.5164,7.4309,7.7110,1,1.215,1.306
1492,DATA_20260324_091013.BIN,1.6577,18.8361,0.8049,18.8361,6.6220,1,5.276,5.316
1493,DATA_20260324_091013.BIN,0.8049,14.2851,4.2768,14.2851,8.3600,1,5.696,6.135
1494,DATA_20260324_091013.BIN,4.2768,12.4954,5.0142,12.4954,4.6310,1,6.510,11.047
1495,DATA_20260324_091013.BIN,5.0142,13.9402,8.3384,13.9402,7.9750,1,6.016,6.768
1496,DATA_20260324_091013.BIN,8.3384,23.2759,0.4944,23.2759,8.4480,1,5.542,9.268
1497,DATA_20260324_091013.BIN,0.4944,7.1363,1.0290,7.1363,3.4100,1,3.294,4.625
1498,DATA_20260324_091013.BIN,1.0290,8.5031,1.9777,8.5031,1.4410,1,2.810,3.584
1499,DATA_20260324_091013.BIN,1.9777,7.0115,0.5490,7.0115,2.2550,1,4.693,4.964
1500,DATA_20260324_091013.BIN,0.5490,7.4465,1.5055,7.4465,2.6730,1,4.308,5.396
1501,DATA_20260324_091013.BIN,1.5055,6.8477,2.4018,6.8477,2.4310,1,3.249,3.342
1502,DATA_20260324_091013.BIN,5.1983,15.6455,2.8860,15.6455,6.1490,1,12.453,12.888
1503,DATA_20260324_091013.BIN,2.8860,6.3273,0.1574,6.3273,5.7310,1,6.544,8.194
1504,DATA_20260324_091013.BIN,1.5359,6.3783,1.5213,6.3783,1.3750,1,6.657,7.804
1505,DATA_20260324_091013.BIN,1.5213,6.3649,1.4247,6.3649,2.7830,1,7.997,8.200
1506,DATA_20260324_091013.BIN,1.4247,6.0831,2.4284,6.0831,1.7490,1,4.462,4.700
1507,DATA_20260324_091013.BIN,2.4284,6.6446,2.5782,6.6446,1.9800,1,6.878,7.094
1508,DATA_20260324_091013.BIN,2.5782,7.0675,1.4777,7.0675,1.3310,1,3.867,5.444
1509,DATA_20260324_091013.BIN,1.4777,6.5153,1.1782,6.5153,3.0030,1,1.055,1.169
1510,DATA_20260324_091013.BIN,1.1782,7.5092,0.8291,7.5092,7.8870,1,3.025,3.207
1511,DATA_20260324_091013.BIN,0.8291,7.5174,1.5591,7.5174,3.4320,1,7.340,9.818
1512,DATA_20260324_091013.BIN,1.5591,6.2247,1.2437,6.2247,2.4200,1,8.137,8.920
1513,DATA_20260324_091013.BIN,1.4043,11.4136,0.8653,11.4136,4.1250,1,10.971,12.579
1514,DATA_20260324_091013.BIN,0.8653,7.4434,0.3060,7.4434,1.9250,1,6.551,6.641
1515,DATA_20260324_091013.BIN,7.5520,13.3610,5.8732,13.3610,1.7820,1,1.849,9.479
1516,DATA_20260324_091013.BIN,3.1823,8.1839,4.0701,8.1839,7.8540,1,9.724,11.106
1517,DATA_20260324_091013.BIN,4.0701,15.9591,3.0660,15.9591,2.3650,1,10.287,11.075
1518,DATA_20260324_091013.BIN,3.0660,9.3887,0.7162,9.3887,4.2460,1,6.205,10.108
1519,DATA_20260324_091013.BIN,2.4262,7.1929,0.7803,7.1929,3.0360,1,1.632,5.505
1520,DATA_20260324_091013.BIN,0.7803,5.4082,0.6540,5.4082,2.4860,1,5.766,6.599
1521,DATA_20260324_091013.BIN,0.7198,7.5539,2.3737,7.5539,3.4320,1,2.132,2.153
1522,DATA_20260324_091013.BIN,2.3737,5.7740,0.6036,5.7740,1.4850,1,2.784,4.759
1523,DATA_20260324_091013.BIN,0.6036,6.2221,2.8567,6.2221,7.7440,1,3.930,4.371
1524,DATA_20260324_091013.BIN,2.8567,8.9795,1.7805,8.9795,6.2700,1,9.177,9.178
1525,DATA_20260324_091013.BIN,1.7805,9.5660,0.6168,9.5660,4.1910,1,5.113,6.552
1526,DATA_20260324_091013.BIN,0.4439,5.1993,1.3988,5.1993,6.8200,1,2.609,2.670
1527,DATA_20260324_091013.BIN,1.3988,15.3544,0.9239,15.3544,4.9610,1,4.119,4.137
1528,DATA_20260324_091013.BIN,0.9239,4.7038,0.2466,4.7038,1.3860,1,2.108,2.219
1529,DATA_20260324_091013.BIN,0.2466,12.9863,4.3058,12.9863,7.5790,1,2.679,2.747
1530,DATA_20260324_091013.BIN,4.3058,9.8154,0.7594,9.8154,4.8950,1,8.281,10.307
1531,DATA_20260324_091013.BIN,0.7594,5.9927,1.8866,5.9927,2.1340,1,5.099,6.387
1532,DATA_20260324_091013.BIN,1.8866,6.0842,2.7688,6.0842,4.1690,1,6.607,6.668
1533,DATA_20260324_091013.BIN,2.7688,8.5708,1.4783,8.5708,5.0710,1,13.000,13.465
1534,DATA_20260324_091013.BIN,3.4671,8.7262,2.5237,8.7262,1.8590,1,10.443,10.682
1535,DATA_20260324_091013.BIN,0.2405,4.7814,1.4178,4.7814,3.3990,1,4.106,4.617
1536,DATA_20260324_091013.BIN,1.3305,6.1697,0.6202,6.1697,3.2340,1,4.551,5.420
1537,DATA_20260324_091013.BIN,1.5942,11.4604,5.8163,11.4604,4.9060,1,1.090,2.589
1538,DATA_20260324_091013.BIN,5.8163,13.5023,7.2083,13.5023,2.2330,1,40.836,44.394
1539,DATA_20260324_091013.BIN,7.2083,12.8283,7.4027,12.8283,3.7070,1,20.357,20.376
1540,DATA_20260324_091013.BIN,5.4739,11.0825,6.1740,11.0825,3.2230,1,19.384,19.769
1541,DATA_20260324_091013.BIN,6.1740,13.7218,1.0897,13.7218,2.7390,1,17.943,18.201
1542,DATA_20260324_091013.BIN,1.0897,9.8660,3.4890,9.8660,3.0470,1,2.825,6.094
1543,DATA_20260324_091013.BIN,3.4890,16.1266,4.4109,16.1266,4.0260,1,3.031,5.874
1544,DATA_20260324_091013.BIN,4.4109,7.5885,0.3438,7.5885,6.0060,1,18.701,18.956
1545,DATA_20260324_091013.BIN,0.3438,5.0407,0.9307,5.0407,7.8210,1,9.087,9.611
1546,DATA_20260324_091013.BIN,0.9307,5.9130,0.7257,5.9130,8.1950,1,10.393,11.253
1547,DATA_20260324_091013.BIN,0.7092,4.5632,0.4873,4.5632,5.7750,1,11.021,12.317
1548,DATA_20260324_091013.BIN,1.5737,11.8126,0.8275,11.8126,6.6440,1,2.477,2.592
1549,DATA_20260324_091013.BIN,0.8275,6.0155,1.6669,6.0155,1.7270,1,0.453,1.322
1550,DATA_20260324_091013.BIN,1.6669,7.7191,2.8237,7.7191,3.5310,1,3.874,3.894
1551,DATA_20260324_091013.BIN,2.8237,11.7635,8.8000,11.7635,5.8630,1,8.928,9.806
1552,DATA_20260324_091013.BIN,8.8000,12.8593,5.9985,12.8593,4.2020,1,8.740,11.572
1553,DATA_20260324_091013.BIN,5.9985,12.0962,8.6200,12.0962,2.4090,1,6.090,6.896
1554,DATA_20260324_091013.BIN,8.6200,14.6924,5.2245,14.6924,4.5760,1,8.254,9.727
1555,DATA_20260324_091013.BIN,5.2245,16.2253,1.0408,16.2253,5.5220,1,5.845,5.917
1556,DATA_20260324_091013.BIN,1.0408,6.0114,3.1085,6.0114,4.3120,1,1.727,3.997
1557,DATA_20260324_091013.BIN,2.8046,7.3083,2.3268,7.3083,1.0340,1,7.640,7.802
1558,DATA_20260324_091013.BIN,2.3268,7.2694,3.5169,7.2694,1.5070,1,6.332,6.612
1559,DATA_20260324_091013.BIN,3.5169,7.2383,3.6043,7.2383,1.2540,1,4.479,7.040
1560,DATA_20260324_091013.BIN,2.4982,8.5442,2.7155,8.5442,1.2760,1,6.855,6.869
1561,DATA_20260324_091013.BIN,2.7155,9.1174,1.3285,9.1174,3.1130,1,2.466,3.679
1562,DATA_20260324_091013.BIN,2.9939,18.3690,2.5480,18.3690,6.6440,1,0.838,4.156
1563,DATA_20260324_091013.BIN,2.5480,9.9938,1.2944,9.9938,3.7840,1,9.630,9.787
1564,DATA_20260324_091013.BIN,3.0009,5.8948,1.4386,5.8948,2.8710,1,3.264,3.693
1565,DATA_20260324_091013.BIN,1.4386,5.5485,1.1317,5.5485,2.3540,1,3.686,4.234
1566,DATA_20260324_091013.BIN,1.1317,11.0941,2.9255,11.0941,3.4100,1,5.956,6.102
1567,DATA_20260324_091013.BIN,1.4618,8.9350,2.9256,8.9350,1.9580,1,8.621,9.009
1568,DATA_20260324_091013.BIN,2.9256,8.9617,3.7947,8.9617,3.0580,1,7.510,7.582
1569,DATA_20260324_091013.BIN,3.7947,11.7508,4.5736,11.7508,3.1460,1,7.697,8.420
1570,DATA_20260324_091013.BIN,1.1625,8.8007,2.1577,8.8007,1.6060,1,2.512,2.555
1571,DATA_20260324_091013.BIN,2.1577,12.4642,1.5743,12.4642,6.5230,1,1.586,3.263
1572,DATA_20260324_091013.BIN,1.5743,7.3973,2.2515,7.3973,1.3090,1,6.743,7.215
1573,DATA_20260324_091013.BIN,3.4183,10.0026,6.4606,10.0026,1.5070,1,2.850,3.809
1574,DATA_20260324_091013.BIN,3.1356,12.6319,1.2574,12.6319,2.2330,1,4.324,4.767
1575,DATA_20260324_091013.BIN,1.2574,7.4533,3.4443,7.4533,2.0020,1,1.930,2.301
1576,DATA_20260324_091013.BIN,1.7634,9.1222,1.7813,9.1222,2.2880,1,4.668,4.699
1577,DATA_20260324_091013.BIN,2.8549,7.5582,2.1676,7.5582,6.6000,1,1.850,3.588
1578,DATA_20260324_091013.BIN,2.1676,6.8128,2.8291,6.8128,5.3240,1,4.092,5.274
1579,DATA_20260324_091013.BIN,2.8291,7.0489,2.7396,7.0489,3.4100,1,2.898,3.168
1580,DATA_20260324_091013.BIN,0.9264,7.1138,1.9865,7.1138,3.2780,1,3.627,3.809
1581,DATA_20260324_091013.BIN,3.0623,9.5083,3.2433,9.5083,2.7060,1,4.936,5.025
1582,DATA_20260324_091013.BIN,3.2433,7.3396,1.3918,7.3396,3.5530,1,0.853,3.221
1583,DATA_20260324_091013.BIN,1.3918,5.3692,1.7296,5.3692,8.8220,1,3.305,4.176
1584,DATA_20260324_091013.BIN,2.5636,12.3805,3.3383,12.3805,4.4220,1,4.059,5.989
1585,DATA_20260324_091013.BIN,3.3383,8.2884,4.7183,8.2884,1.8150,1,8.587,8.671
1586,DATA_20260324_091013.BIN,2.2196,5.9932,1.3232,5.9932,5.1040,1,11.313,11.811
1587,DATA_20260324_091013.BIN,1.3232,7.7761,0.9319,7.7761,1.1000,1,4.738,6.034
1588,DATA_20260324_091013.BIN,0.2057,7.5375,0.3520,7.5375,4.1910,1,1.946,1.965
1589,DATA_20260324_091013.BIN,0.3520,4.0048,0.3595,4.0048,9.3610,1,7.600,8.327
1590,DATA_20260324_091013.BIN,0.7959,4.5206,0.4322,4.5206,3.4870,1,3.552,3.808
1591,DATA_20260324_091013.BIN,2.3268,7.3659,2.2007,7.3659,4.3340,1,4.577,4.585
1592,DATA_20260324_091013.BIN,2.2007,7.3123,0.7255,7.3123,8.0740,1,5.853,7.165
1593,DATA_20260324_091013.BIN,0.7255,5.6906,1.1580,5.6906,5.2910,1,2.661,2.733
1594,DATA_20260324_091013.BIN,0.8505,6.2346,1.2246,6.2346,6.5780,1,3.539,3.569
1595,DATA_20260324_091013.BIN,1.2246,6.1854,0.3755,6.1854,4.7630,1,5.071,6.052
1596,DATA_20260324_091013.BIN,0.3755,7.1716,1.0802,7.1716,3.5310,1,0.958,0.988
1597,DATA_20260324_091013.BIN,1.6305,9.1987,4.4920,9.1987,9.0420,1,4.165,4.345
1598,DATA_20260324_091013.BIN,1.7163,8.7973,3.4645,8.7973,6.4240,1,3.742,4.049
1599,DATA_20260324_091013.BIN,0.8924,6.7619,1.5806,6.7619,4.9940,1,0.445,0.449
1600,DATA_20260324_091013.BIN,1.5806,5.7348,2.3654,5.7348,3.2010,1,1.900,2.345
1601,DATA_20260324_091013.BIN,2.3654,9.0041,1.5749,9.0041,4.4990,1,0.935,3.204
1602,DATA_20260324_091013.BIN,0.6043,5.2542,0.0477,5.2542,5.7860,1,2.026,2.142
1603,DATA_20260324_091013.BIN,0.0477,5.4442,1.0087,5.4442,4.0370,1,1.751,1.848
1604,DATA_20260324_091013.BIN,1.4729,5.9423,1.1432,5.9423,9.6030,1,7.421,8.347
1605,DATA_20260324_091013.BIN,1.1432,4.5482,1.0037,4.5482,4.6860,1,1.442,1.556
1606,DATA_20260324_091013.BIN,0.6899,5.5145,1.4929,5.5145,8.1290,1,1.710,2.127
1607,DATA_20260324_091013.BIN,1.4929,6.3216,0.4411,6.3216,3.2340,1,3.978,4.025
1608,DATA_20260324_091013.BIN,1.1674,4.3825,1.0588,4.3825,4.3340,1,4.117,4.653
1609,DATA_20260324_091013.BIN,1.2679,9.5887,2.4533,9.5887,4.7190,1,4.079,4.401
1610,DATA_20260324_091013.BIN,0.4532,4.7872,1.8297,4.7872,4.0370,1,0.263,0.472
1611,DATA_20260324_091013.BIN,2.0303,7.7268,2.5308,7.7268,4.8950,1,4.556,5.048
1612,DATA_20260324_091013.BIN,2.5308,7.3620,2.6571,7.3620,1.5950,1,4.136,6.363
1613,DATA_20260324_091013.BIN,2.6571,7.8123,1.5186,7.8123,2.8600,1,4.688,4.771
1614,DATA_20260324_091013.BIN,0.2864,5.5458,1.3712,5.5458,3.0470,1,2.400,2.585
1615,DATA_20260324_091013.BIN,0.3093,6.3054,0.0965,6.3054,1.1110,1,7.875,8.870
1616,DATA_20260324_091013.BIN,0.0965,7.0098,2.0376,7.0098,1.0780,1,8.324,9.166
1617,DATA_20260324_091013.BIN,1.4723,7.1927,1.8450,7.1927,1.0890,1,2.473,3.265
1618,DATA_20260324_091013.BIN,1.8450,8.4778,3.5977,8.4778,1.0340,1,1.138,2.660
1619,DATA_20260324_091013.BIN,3.5977,9.5156,2.3077,9.5156,1.0780,1,0.991,5.184
1620,DATA_20260324_091013.BIN,2.3623,7.4675,1.8480,7.4675,1.1550,1,7.559,8.150
1621,DATA_20260324_091013.BIN,0.4960,14.8825,4.8005,14.8825,3.9490,1,2.213,2.919
1622,DATA_20260324_091013.BIN,4.8005,12.0677,5.3849,12.0677,1.3860,1,19.238,19.704
1623,DATA_20260324_091013.BIN,5.3849,33.9060,12.9092,33.9060,2.8930,1,12.123,12.239
1624,DATA_20260324_091013.BIN,12.9092,22.0956,4.8242,22.0956,5.3350,1,5.588,15.576
1625,DATA_20260324_091013.BIN,4.8242,28.7890,21.0305,28.7890,3.5200,1,12.083,12.156
1626,DATA_20260324_091013.BIN,6.1009,22.8834,14.9344,22.8834,8.2830,1,18.188,23.544
1627,DATA_20260324_091013.BIN,14.9344,18.7512,16.0229,18.7512,3.6960,1,18.031,20.466
1628,DATA_20260324_091013.BIN,12.1142,17.3822,13.1450,17.3822,2.3980,1,19.238,19.531
1629,DATA_20260324_091013.BIN,13.1450,17.1180,6.5145,17.1180,4.9720,1,16.146,16.907
1630,DATA_20260324_091013.BIN,13.2501,18.9822,10.5542,18.9822,4.6090,1,5.819,11.494
1631,DATA_20260324_091013.BIN,14.2405,17.3729,4.2564,17.3729,5.0380,1,8.272,10.950
1632,DATA_20260324_091013.BIN,12.8505,17.4751,11.1300,17.4751,4.3780,1,13.692,13.775
1633,DATA_20260324_091013.BIN,9.3323,12.7530,4.5994,12.7530,1.8260,1,11.491,12.129
1634,DATA_20260324_091013.BIN,4.5994,16.5275,8.9341,16.5275,3.6190,1,12.620,12.797
1635,DATA_20260324_091013.BIN,8.9341,13.6479,8.3508,13.6479,4.5540,1,4.617,6.354
1636,DATA_20260324_091013.BIN,8.3508,15.4671,4.1951,15.4671,2.1340,1,15.040,18.327
1637,DATA_20260324_091013.BIN,4.1951,23.4583,6.9768,23.4583,2.1780,1,21.243,21.646
1638,DATA_20260324_091013.BIN,4.5874,13.9551,7.1608,13.9551,1.0340,1,0.997,13.229
1639,DATA_20260324_091013.BIN,7.1608,12.0425,4.4666,12.0425,1.8700,1,12.235,14.198
1640,DATA_20260324_091013.BIN,4.4666,9.9592,1.6140,9.9592,2.1670,1,2.688,12.395
1641,DATA_20260324_091013.BIN,1.6140,8.6567,1.0321,8.6567,3.1350,1,8.303,9.480
1642,DATA_20260324_091013.BIN,1.0321,8.5958,1.9120,8.5958,1.0890,1,6.068,7.731
1643,DATA_20260324_091013.BIN,1.9120,8.8742,2.0878,8.8742,1.0560,1,5.207,7.586
1644,DATA_20260324_091013.BIN,2.0878,9.0609,2.4002,9.0609,1.0890,1,4.838,6.499
1645,DATA_20260324_091013.BIN,2.4002,9.3907,2.6016,9.3907,3.1020,1,4.732,6.273
1646,DATA_20260324_091013.BIN,2.0392,7.8779,3.4656,7.8779,2.0680,1,3.506,4.565
1647,DATA_20260324_091013.BIN,3.4656,10.2033,1.3017,10.2033,1.0890,1,13.827,13.893
1648,DATA_20260324_091013.BIN,1.3017,9.6977,1.5023,9.6977,1.0890,1,3.795,3.909
1649,DATA_20260324_091013.BIN,3.4620,9.6084,4.1660,9.6084,1.1110,1,1.255,4.887
1650,DATA_20260324_091013.BIN,2.2847,8.8464,1.9336,8.8464,1.1110,1,5.600,5.883
1651,DATA_20260324_091013.BIN,1.9336,8.5091,2.8417,8.5091,1.0670,1,2.091,3.128
1652,DATA_20260324_091013.BIN,2.8417,9.3383,2.4616,9.3383,1.1660,1,0.313,3.700
1653,DATA_20260324_091013.BIN,2.4616,8.3637,2.2660,8.3637,1.0230,1,4.740,7.066
1654,DATA_20260324_091013.BIN,3.0026,9.6325,2.7725,9.6325,1.0120,1,6.323,6.447
1655,DATA_20260324_091013.BIN,2.6175,9.3138,2.3664,9.3138,1.1110,1,6.122,6.301
1656,DATA_20260324_091013.BIN,2.3664,8.7334,1.2965,8.7334,1.0780,1,2.911,2.962
1657,DATA_20260324_091013.BIN,1.2965,8.1752,0.8526,8.1752,1.0450,1,0.407,0.421
1658,DATA_20260324_091013.BIN,0.8526,8.7852,1.6045,8.7852,1.1220,1,1.277,1.278
1659,DATA_20260324_091013.BIN,1.6045,8.4561,2.6307,8.4561,1.1000,1,0.880,1.545
1660,DATA_20260324_091013.BIN,2.6307,9.2349,2.5213,9.2349,1.0670,1,0.787,2.082
1661,DATA_20260324_091013.BIN,2.4069,10.2682,2.5759,10.2682,1.1880,1,1.460,2.174
1662,DATA_20260324_091013.BIN,2.9332,9.9396,2.0188,9.9396,1.1330,1,1.706,2.383
1663,DATA_20260324_091013.BIN,2.0188,9.0728,2.7866,9.0728,1.0340,1,1.309,1.951
1664,DATA_20260324_091013.BIN,2.7866,10.3957,2.5031,10.3957,1.1000,1,1.357,2.040
1665,DATA_20260324_091013.BIN,1.7608,8.9214,2.1920,8.9214,1.0450,1,1.040,1.135
1666,DATA_20260324_091013.BIN,2.1920,9.3496,2.0891,9.3496,1.1770,1,2.134,2.174
1667,DATA_20260324_091013.BIN,3.1453,9.6454,3.5580,9.6454,1.1110,1,0.483,1.840
1668,DATA_20260324_091013.BIN,3.5580,9.5279,2.7504,9.5279,1.0780,1,1.554,2.333
1669,DATA_20260324_091013.BIN,2.7504,9.1933,2.2958,9.1933,1.1000,1,1.427,1.768
1670,DATA_20260324_091013.BIN,2.2958,9.1084,2.9171,9.1084,1.1110,1,1.026,1.080
1671,DATA_20260324_091013.BIN,2.9171,10.7253,3.3535,10.7253,1.2100,1,1.831,2.127
1672,DATA_20260324_091013.BIN,1.1632,8.8927,3.0190,8.8927,1.1000,1,1.398,1.532
1673,DATA_20260324_091013.BIN,1.0315,10.3026,3.3842,10.3026,1.1330,1,3.742,5.150
1674,DATA_20260324_091013.BIN,3.3842,11.3189,3.9216,11.3189,2.4420,1,4.263,4.391
1675,DATA_20260324_091013.BIN,3.9216,9.4861,2.8091,9.4861,1.1110,1,4.351,5.271
1676,DATA_20260324_091013.BIN,2.8091,9.4731,2.4239,9.4731,1.1770,1,0.783,1.475
1677,DATA_20260324_091013.BIN,2.4239,8.3424,1.4925,8.3424,1.1220,1,0.830,1.079
1678,DATA_20260324_091013.BIN,1.8474,9.9990,1.1966,9.9990,3.7510,1,3.078,3.305
1679,DATA_20260324_091013.BIN,1.1966,5.1226,0.7868,5.1226,3.8280,1,4.902,8.433
1680,DATA_20260324_091013.BIN,0.7868,9.3041,0.8945,9.3041,1.3530,1,5.179,6.598
1681,DATA_20260324_091013.BIN,0.8945,8.1795,0.9352,8.1795,1.1550,1,3.040,3.793
1682,DATA_20260324_091013.BIN,0.9352,8.9368,3.1586,8.9368,1.4190,1,4.529,4.534
1683,DATA_20260324_091013.BIN,3.1586,10.0132,2.4929,10.0132,3.3220,1,5.970,7.104
1684,DATA_20260324_091013.BIN,2.8415,8.6137,4.5190,8.6137,2.8930,1,5.258,5.345
1685,DATA_20260324_091013.BIN,4.5190,16.2745,5.4278,16.2745,1.6720,1,6.761,6.762
1686,DATA_20260324_091013.BIN,1.7580,6.8272,1.9960,6.8272,3.0580,1,3.977,4.047
1687,DATA_20260324_091013.BIN,1.9960,24.5233,3.4226,24.5233,5.5550,1,5.351,5.818
1688,DATA_20260324_091013.BIN,3.9623,13.2701,3.6317,13.2701,3.2780,1,3.510,3.747
1689,DATA_20260324_091013.BIN,3.6317,9.4437,4.2694,9.4437,1.4190,1,4.745,4.749
1690,DATA_20260324_091013.BIN,3.4087,8.7702,3.2162,8.7702,2.5190,1,8.125,8.157
1691,DATA_20260324_091013.BIN,3.2162,8.6696,3.1963,8.6696,1.1990,1,8.806,9.219
1692,DATA_20260324_091013.BIN,3.5205,12.0510,4.3269,12.0510,1.3640,1,7.813,7.842
1693,DATA_20260324_091013.BIN,4.3269,12.6002,5.0191,12.6002,2.8050,1,9.017,9.073
1694,DATA_20260324_091013.BIN,5.0191,12.3661,6.5964,12.3661,1.4630,1,8.004,8.173
1695,DATA_20260324_091013.BIN,6.5964,11.2772,5.7590,11.2772,1.2210,1,3.990,6.849
1696,DATA_20260324_091013.BIN,5.7590,12.8456,4.3487,12.8456,1.3750,1,8.853,8.999
1697,DATA_20260324_091013.BIN,4.3487,11.0015,3.8958,11.0015,1.1990,1,6.119,6.121
1698,DATA_20260324_091013.BIN,3.8958,10.0081,5.7445,10.0081,1.1990,1,2.844,2.850
1699,DATA_20260324_091013.BIN,4.1864,9.0602,3.3732,9.0602,1.5730,1,7.474,8.087
1700,DATA_20260324_091013.BIN,3.3732,10.9999,4.6148,10.9999,4.2790,1,1.514,1.682
1701,DATA_20260324_091013.BIN,4.6353,9.2055,4.5319,9.2055,3.4430,1,7.693,7.853
1702,DATA_20260324_091013.BIN,3.8119,9.7060,3.0317,9.7060,1.7490,1,4.612,5.150
1703,DATA_20260324_091013.BIN,3.0317,8.7599,4.3879,8.7599,1.9580,1,8.645,9.243
1704,DATA_20260324_091013.BIN,5.4187,9.7702,3.4895,9.7702,1.9360,1,3.684,4.014
1705,DATA_20260324_091013.BIN,3.4895,7.1566,1.3645,7.1566,2.2770,1,3.595,3.605
1706,DATA_20260324_091013.BIN,1.3645,5.8649,1.4820,5.8649,4.8070,1,5.533,5.545
1707,DATA_20260324_091013.BIN,1.4820,8.8882,3.8139,8.8882,1.9470,1,7.085,8.245
1708,DATA_20260324_091013.BIN,3.8139,12.8417,4.1475,12.8417,3.8940,1,9.504,9.766
1709,DATA_20260324_091013.BIN,4.1475,9.2394,2.6447,9.2394,1.6720,1,0.978,2.367
1710,DATA_20260324_091013.BIN,2.6447,8.1296,4.4692,8.1296,2.6290,1,4.330,4.799
1711,DATA_20260324_091013.BIN,4.4692,8.0463,0.9664,8.0463,8.3160,1,3.188,3.520
1712,DATA_20260324_091013.BIN,1.5521,9.9697,2.5659,9.9697,4.9060,1,1.979,3.428
1713,DATA_20260324_091013.BIN,1.7067,8.8589,2.9783,8.8589,4.3670,1,3.260,4.510
1714,DATA_20260324_091013.BIN,5.2592,12.1626,3.9571,12.1626,1.9250,1,5.678,5.944
1715,DATA_20260324_091013.BIN,4.0904,10.0059,4.4840,10.0059,1.7270,1,5.943,5.943
1716,DATA_20260324_091013.BIN,4.8599,9.9037,4.9028,9.9037,1.3640,1,10.553,10.553
1717,DATA_20260324_091013.BIN,4.9711,10.7541,5.2398,10.7541,1.4190,1,9.127,9.157
1718,DATA_20260324_091013.BIN,4.1550,11.0101,4.8646,11.0101,4.0590,1,5.473,5.474
1719,DATA_20260324_091013.BIN,4.9547,10.0762,4.9205,10.0762,1.3750,1,7.820,7.845
1720,DATA_20260324_091013.BIN,4.9205,10.4498,4.9292,10.4498,1.4960,1,4.850,4.864
1721,DATA_20260324_091013.BIN,4.2175,10.6208,5.1956,10.6208,3.4980,1,2.389,2.708
1722,DATA_20260324_091013.BIN,5.1956,15.9035,7.2754,15.9035,2.8160,1,12.876,13.234
1723,DATA_20260324_100000.BIN,14.0112,22.9977,15.4818,22.9977,1.2980,1,20.307,24.880
1724,DATA_20260324_100000.BIN,15.4818,25.2060,14.2788,25.2060,1.4850,1,15.988,21.055
1725,DATA_20260324_100000.BIN,14.2788,24.1641,14.4674,24.1641,1.4080,1,15.500,21.870
1726,DATA_20260324_100000.BIN,14.4674,24.1477,14.0082,24.1477,1.4740,1,13.675,20.247
1727,DATA_20260324_100000.BIN,14.0082,22.7358,14.3959,22.7358,3.3220,1,12.725,17.055
1728,DATA_20260324_100000.BIN,16.8059,25.2805,16.9185,25.2805,1.3640,1,7.916,9.976
1729,DATA_20260324_100000.BIN,16.9185,26.8323,18.2863,26.8323,1.3750,1,7.243,12.853
1730,DATA_20260324_100000.BIN,16.5463,25.8843,17.0542,25.8843,1.3860,1,6.977,12.685
1731,DATA_20260324_100000.BIN,16.9636,25.4854,15.2005,25.4854,2.7390,1,6.532,10.280
1732,DATA_20260324_100000.BIN,15.2005,24.2419,16.9544,24.2419,1.3640,1,7.540,10.897
1733,DATA_20260324_100000.BIN,19.2794,28.7550,19.8899,28.7550,1.6060,1,2.119,4.182
1734,DATA_20260324_100000.BIN,15.8356,24.2354,14.7303,24.2354,1.3420,1,5.531,7.598
1735,DATA_20260324_100000.BIN,16.4907,25.0632,15.5458,25.0632,1.4410,1,4.230,5.909
1736,DATA_20260324_100000.BIN,17.9737,25.2357,18.1574,25.2357,1.6500,1,2.605,2.744
1737,DATA_20260324_100000.BIN,18.1574,24.5653,14.7436,24.5653,4.6530,1,1.876,2.912
1738,DATA_20260324_100000.BIN,14.7436,25.5003,12.1843,25.5003,8.1400,1,14.192,14.718
1739,DATA_20260324_100000.BIN,12.1843,18.0715,9.1374,18.0715,4.8180,1,9.118,15.102
1740,DATA_20260324_100000.BIN,9.1374,16.0104,9.2739,16.0104,1.9690,1,14.824,15.783
1741,DATA_20260324_100000.BIN,9.2739,23.3458,12.4340,23.3458,4.0260,1,12.492,12.587
1742,DATA_20260324_100000.BIN,12.4340,19.2175,11.9468,19.2175,5.5330,1,4.693,5.641
1743,DATA_20260324_100000.BIN,14.3376,22.6181,8.8193,22.6181,3.5200,1,3.675,4.052
1744,DATA_20260324_100000.BIN,3.8330,21.9564,12.2450,21.9564,3.8720,1,15.093,17.236
1745,DATA_20260324_100000.BIN,12.4883,20.3347,12.2254,20.3347,1.2980,1,2.199,7.525
1746,DATA_20260324_100000.BIN,12.8333,21.9397,12.9619,21.9397,2.6180,1,4.476,4.564
1747,DATA_20260324_100000.BIN,12.9619,20.2730,12.1040,20.2730,1.4190,1,1.383,5.639
1748,DATA_20260324_100000.BIN,15.6630,24.2851,13.6861,24.2851,1.8040,1,3.502,3.740
1749,DATA_20260324_100000.BIN,13.6861,23.0977,14.0793,23.0977,4.8950,1,8.246,11.179
1750,DATA_20260324_100000.BIN,14.0793,23.9027,16.7201,23.9027,2.9810,1,3.349,4.684
1751,DATA_20260324_100000.BIN,16.7201,24.1890,16.3794,24.1890,1.6830,1,4.450,5.141
1752,DATA_20260324_100000.BIN,21.2028,27.3033,16.5371,27.3033,1.8040,1,11.110,14.567
1753,DATA_20260324_100000.BIN,16.5371,23.5162,17.1716,23.5162,1.6390,1,7.152,8.833
1754,DATA_20260324_100000.BIN,17.1716,24.5075,12.5011,24.5075,6.3360,1,9.177,10.088
1755,DATA_20260324_100000.BIN,10.9668,18.1256,12.6067,18.1256,1.5290,1,5.320,6.417
1756,DATA_20260324_100000.BIN,9.9295,22.3579,16.8136,22.3579,1.7600,1,8.797,9.111
1757,DATA_20260324_100000.BIN,16.8136,22.9379,12.2514,22.9379,5.8080,1,3.872,3.873
1758,DATA_20260324_100000.BIN,12.2514,19.8897,10.3640,19.8897,3.6300,1,2.602,2.868
1759,DATA_20260324_100000.BIN,10.3640,23.4731,14.4794,23.4731,2.8270,1,7.024,7.773
1760,DATA_20260324_100000.BIN,14.4794,21.7935,14.9121,21.7935,1.6610,1,1.109,6.432
1761,DATA_20260324_100000.BIN,14.9121,21.5262,13.5933,21.5262,1.5180,1,2.991,7.418
1762,DATA_20260324_100000.BIN,13.5933,23.3066,10.9575,23.3066,9.9220,1,0.211,0.757
1763,DATA_20260324_100000.BIN,15.9893,24.0875,15.6344,24.0875,1.3200,1,4.582,6.374
1764,DATA_20260324_100000.BIN,15.1036,23.0759,14.3610,23.0759,1.4080,1,1.225,3.744
1765,DATA_20260324_100000.BIN,14.3610,25.0033,16.3386,25.0033,2.6620,1,0.108,5.940
1766,DATA_20260324_100000.BIN,16.6769,24.2120,15.8120,24.2120,1.3860,1,3.147,3.233
1767,DATA_20260324_100000.BIN,16.5771,24.5936,15.6540,24.5936,1.3530,1,2.672,3.179
1768,DATA_20260324_100000.BIN,8.7137,21.9372,13.6104,21.9372,5.0820,1,17.947,18.565
1769,DATA_20260324_100000.BIN,13.6104,20.5689,9.8628,20.5689,5.8850,1,12.435,12.460
1770,DATA_20260324_100000.BIN,9.8628,28.4980,12.0668,28.4980,4.2680,1,6.888,10.532
1771,DATA_20260324_100000.BIN,12.0668,28.2098,10.9744,28.2098,7.9420,1,11.543,13.667
1772,DATA_20260324_100000.BIN,11.4509,37.0888,27.9315,37.0888,7.1170,1,9.807,11.390
1773,DATA_20260324_100000.BIN,32.8806,44.9876,12.4094,44.9876,5.9620,1,29.893,30.629
1774,DATA_20260324_100000.BIN,12.4094,22.0672,13.6428,22.0672,3.5530,1,11.216,11.379
1775,DATA_20260324_100000.BIN,13.6428,24.2463,10.3576,24.2463,2.6510,1,6.912,6.930
1776,DATA_20260324_100000.BIN,10.3576,33.1685,7.8341,33.1685,6.4460,1,3.884,4.810
1777,DATA_20260324_100000.BIN,7.8341,16.6349,5.5291,16.6349,3.1240,1,6.613,6.753
1778,DATA_20260324_100000.BIN,6.7984,15.2065,3.8715,15.2065,3.5420,1,6.776,6.874
1779,DATA_20260324_100000.BIN,3.8715,13.7756,4.3235,13.7756,1.9690,1,11.277,11.279
1780,DATA_20260324_100000.BIN,6.5048,15.5857,6.4078,15.5857,4.4990,1,5.883,5.931
1781,DATA_20260324_100000.BIN,6.4078,15.9743,6.9092,15.9743,2.2660,1,8.089,8.232
1782,DATA_20260324_100000.BIN,8.0116,19.0757,8.1528,19.0757,3.4210,1,2.561,2.563
1783,DATA_20260324_100000.BIN,5.3244,12.5161,4.5426,12.5161,3.4870,1,6.917,7.989
1784,DATA_20260324_100000.BIN,4.5426,15.5101,10.2763,15.5101,3.4320,1,4.904,8.617
1785,DATA_20260324_100000.BIN,6.2397,23.1088,8.3303,23.1088,6.6550,1,3.064,3.181
1786,DATA_20260324_100000.BIN,8.3303,13.9229,8.4777,13.9229,4.8950,1,3.721,5.700
1787,DATA_20260324_100000.BIN,8.4777,16.4513,11.2188,16.4513,8.1950,1,1.295,4.416
1788,DATA_20260324_100000.BIN,11.2188,19.1539,3.9360,19.1539,7.0730,1,5.447,6.514
1789,DATA_20260324_100000.BIN,3.9360,14.2687,5.7659,14.2687,6.4900,1,7.438,7.438
1790,DATA_20260324_100000.BIN,3.1371,11.0338,3.0036,11.0338,2.5850,1,6.689,7.927
1791,DATA_20260324_100000.BIN,3.0036,13.7956,5.8902,13.7956,9.3610,1,11.396,11.494
1792,DATA_20260324_100000.BIN,5.8902,12.3898,6.1587,12.3898,5.6430,1,9.982,16.529
1793,DATA_20260324_100000.BIN,3.0055,22.3753,13.5548,22.3753,5.7310,1,5.812,5.821
1794,DATA_20260324_100000.BIN,13.5548,19.5549,3.5004,19.5549,4.8400,1,8.096,10.883
1795,DATA_20260324_100000.BIN,4.4129,10.3575,3.7516,10.3575,1.4960,1,5.644,8.675
1796,DATA_20260324_100000.BIN,3.7516,11.4362,5.6243,11.4362,2.8270,1,3.420,6.817
1797,DATA_20260324_100000.BIN,5.6243,12.4196,6.8747,12.4196,4.2020,1,0.817,3.979
1798,DATA_20260324_100000.BIN,6.8747,13.0659,5.2626,13.0659,3.0140,1,2.244,3.345
1799,DATA_20260324_100000.BIN,5.2626,12.9275,6.6129,12.9275,1.3970,1,0.731,2.016
1800,DATA_20260324_100000.BIN,7.8501,13.3199,5.6675,13.3199,7.3590,1,6.061,6.776
1801,DATA_20260324_100000.BIN,4.3194,10.2253,5.2142,10.2253,2.5520,1,2.972,3.779
1802,DATA_20260324_100000.BIN,4.9207,12.3145,5.1863,12.3145,5.1260,1,0.506,1.771
1803,DATA_20260324_100000.BIN,4.4650,16.3222,6.6442,16.3222,6.3580,1,5.560,7.887
1804,DATA_20260324_100000.BIN,6.6442,14.0909,5.4000,14.0909,1.1990,1,2.878,3.120
1805,DATA_20260324_100000.BIN,5.4000,12.8358,5.0504,12.8358,1.2100,1,4.973,5.000
1806,DATA_20260324_100000.BIN,6.2000,15.1577,6.6868,15.1577,1.2540,1,1.003,1.268
1807,DATA_20260324_100000.BIN,6.6868,13.4976,6.4545,13.4976,2.4640,1,2.084,2.749
1808,DATA_20260324_100000.BIN,7.2509,14.3131,6.9901,14.3131,1.2540,1,3.182,3.614
1809,DATA_20260324_100000.BIN,4.5437,15.7947,7.4583,15.7947,6.0280,1,2.789,3.055
1810,DATA_20260324_100000.BIN,2.5243,12.4033,4.9100,12.4033,1.5840,1,7.687,7.794
1811,DATA_20260324_100000.BIN,4.9100,20.0425,8.6150,20.0425,9.6580,1,0.136,1.078
1812,DATA_20260324_100000.BIN,7.1892,13.7717,8.3724,13.7717,9.4600,1,6.922,11.064
1813,DATA_20260324_100000.BIN,4.9663,13.6797,4.7050,13.6797,1.1330,1,0.692,1.047
1814,DATA_20260324_100000.BIN,3.8426,15.3165,6.2341,15.3165,2.0790,1,3.752,4.651
1815,DATA_20260324_100000.BIN,6.2341,16.2978,5.9933,16.2978,1.0560,1,3.554,4.462
1816,DATA_20260324_100000.BIN,6.3856,16.5670,5.8924,16.5670,1.1110,1,2.396,3.020
1817,DATA_20260324_100000.BIN,3.5783,20.6603,6.3467,20.6603,5.1370,1,5.509,7.046
1818,DATA_20260324_100000.BIN,8.0748,15.5511,6.1626,15.5511,2.1670,1,4.147,4.158
1819,DATA_20260324_100000.BIN,6.1626,21.9745,9.7495,21.9745,4.1800,1,3.824,5.360
1820,DATA_20260324_100000.BIN,6.4063,15.7068,4.7572,15.7068,1.1330,1,2.029,3.242
1821,DATA_20260324_100000.BIN,4.1611,13.3783,4.8548,13.3783,1.0780,1,2.314,4.835
1822,DATA_20260324_100000.BIN,4.8548,14.7679,6.1166,14.7679,1.0560,1,0.725,5.885
1823,DATA_20260324_100000.BIN,6.1166,15.3415,5.4328,15.3415,1.1110,1,1.543,5.817
1824,DATA_20260324_100000.BIN,7.6747,16.4963,6.7505,16.4963,1.0890,1,3.864,4.182
1825,DATA_20260324_100000.BIN,6.7242,15.2111,6.5976,15.2111,1.0560,1,2.430,2.719
1826,DATA_20260324_100000.BIN,6.5976,15.5670,6.3115,15.5670,1.1000,1,1.307,1.627
1827,DATA_20260324_100000.BIN,6.7060,16.0454,6.5110,16.0454,1.1110,1,1.932,2.060
1828,DATA_20260324_100000.BIN,6.7782,15.9592,6.4966,15.9592,1.0670,1,1.537,1.618
1829,DATA_20260324_100000.BIN,6.4872,15.8474,6.3203,15.8474,1.1110,1,1.027,2.429
1830,DATA_20260324_100000.BIN,5.4044,15.2855,5.8340,15.2855,2.0680,1,5.127,5.164
1831,DATA_20260324_100000.BIN,7.6285,18.6891,9.0039,18.6891,1.1660,1,2.050,3.243
1832,DATA_20260324_100000.BIN,9.0039,20.5164,5.5851,20.5164,3.9050,1,4.134,5.119
1833,DATA_20260324_100000.BIN,3.9887,14.8844,4.6043,14.8844,1.0450,1,3.191,3.492
1834,DATA_20260324_100000.BIN,4.6043,16.0028,5.5436,16.0028,1.0450,1,2.848,3.191
1835,DATA_20260324_100000.BIN,5.5436,16.4787,6.3764,16.4787,1.0780,1,1.813,1.998
1836,DATA_20260324_100000.BIN,6.3764,16.3445,4.5969,16.3445,1.0890,1,3.725,3.775
1837,DATA_20260324_100000.BIN,6.3015,16.6709,5.5377,16.6709,1.1000,1,3.292,3.333
1838,DATA_20260324_100000.BIN,5.5377,15.2247,5.0854,15.2247,1.0670,1,1.428,2.633
1839,DATA_20260324_100000.BIN,6.7029,17.4070,7.2884,17.4070,1.0670,1,2.213,2.240
1840,DATA_20260324_100000.BIN,4.8612,15.8895,6.1600,15.8895,1.0890,1,3.646,5.413
1841,DATA_20260324_100000.BIN,6.1600,15.6307,5.6576,15.6307,1.0890,1,1.776,2.075
1842,DATA_20260324_100000.BIN,7.2792,18.3835,7.2295,18.3835,1.1110,1,1.901,2.754
1843,DATA_20260324_100000.BIN,7.2295,19.8465,7.4394,19.8465,1.1110,1,2.405,3.074
1844,DATA_20260324_100000.BIN,6.0315,16.3518,5.8486,16.3518,1.0560,1,0.543,2.302
1845,DATA_20260324_100000.BIN,5.8486,16.9494,7.6545,16.9494,1.1110,1,1.521,2.714
1846,DATA_20260324_100000.BIN,6.5507,13.4447,6.5959,13.4447,1.2650,1,2.297,2.540
1847,DATA_20260324_100000.BIN,6.5959,16.1612,8.5576,16.1612,2.3650,1,6.344,6.954
1848,DATA_20260324_100000.BIN,8.2432,17.1581,9.7171,17.1581,2.3650,1,4.684,9.533
1849,DATA_20260324_100000.BIN,9.7171,31.5941,7.9594,31.5941,1.8590,1,3.304,9.311
1850,DATA_20260324_100000.BIN,7.9594,14.6230,8.1221,14.6230,2.4750,1,3.968,7.887
1851,DATA_20260324_100000.BIN,8.1221,20.4818,10.4058,20.4818,2.7830,1,6.643,6.820
1852,DATA_20260324_100000.BIN,8.2915,36.1680,3.1150,36.1680,2.0130,1,6.767,13.897
1853,DATA_20260324_100000.BIN,3.1150,18.5565,5.9789,18.5565,1.0450,1,7.763,9.163
1854,DATA_20260324_100000.BIN,5.9789,32.8554,3.1910,32.8554,4.9390,1,5.413,6.411
1855,DATA_20260324_100000.BIN,3.1910,14.6950,4.3410,14.6950,5.1260,1,9.689,15.310
1856,DATA_20260324_100000.BIN,4.3410,15.7394,8.7165,15.7394,5.0160,1,8.680,13.752
1857,DATA_20260324_100000.BIN,8.7165,23.6583,11.5930,23.6583,6.8640,1,16.970,22.667
1858,DATA_20260324_100000.BIN,11.5930,18.8842,8.5535,18.8842,2.8820,1,5.309,24.363
1859,DATA_20260324_100000.BIN,8.5535,18.6899,11.8277,18.6899,4.9720,1,12.946,16.987
1860,DATA_20260324_100000.BIN,11.8277,19.6620,10.2187,19.6620,8.0190,1,2.089,11.621
1861,DATA_20260324_100000.BIN,2.3888,29.4006,17.3704,29.4006,8.7780,1,20.104,27.520
1862,DATA_20260324_100000.BIN,12.2532,17.8750,3.9682,17.8750,9.7790,1,14.205,18.321
1863,DATA_20260324_100000.BIN,10.4211,23.2804,9.6188,23.2804,5.6650,1,16.727,17.242
1864,DATA_20260324_100000.BIN,5.2765,31.1434,5.5702,31.1434,3.5420,1,11.399,12.212
1865,DATA_20260324_100000.BIN,5.5702,17.0391,5.0219,17.0391,3.8940,1,7.832,21.161
1866,DATA_20260324_100000.BIN,5.0219,17.4047,7.6589,17.4047,2.9590,1,7.326,27.622
1867,DATA_20260324_100000.BIN,2.9697,8.7079,2.6863,8.7079,2.0900,1,11.666,27.097
1868,DATA_20260324_100000.BIN,4.1044,10.2860,1.8991,10.2860,3.2450,1,18.638,29.020
1869,DATA_20260324_100000.BIN,1.8991,11.8251,1.1276,11.8251,3.2120,1,5.302,13.891
1870,DATA_20260324_100000.BIN,1.1276,13.6145,0.2740,13.6145,7.5020,1,6.820,15.869
1871,DATA_20260324_100000.BIN,0.2740,11.0486,3.5975,11.0486,6.8750,1,2.227,6.137
1872,DATA_20260324_100000.BIN,3.5975,14.1372,8.6059,14.1372,3.3880,1,8.717,13.737
1873,DATA_20260324_100000.BIN,9.0415,18.8616,5.9041,18.8616,3.9600,1,16.245,19.336
1874,DATA_20260324_100000.BIN,19.8211,51.4039,9.0591,51.4039,7.8320,1,27.203,27.525
1875,DATA_20260324_100000.BIN,9.0591,55.9098,40.8419,55.9098,4.8950,1,14.229,14.269
1876,DATA_20260324_100000.BIN,40.8419,62.7403,18.9056,62.7403,3.4760,1,53.763,53.939
1877,DATA_20260324_100000.BIN,18.9056,67.6947,14.8717,67.6947,6.1490,1,16.337,16.338
1878,DATA_20260324_100000.BIN,14.8717,24.4610,10.8603,24.4610,4.6530,1,10.781,10.996
1879,DATA_20260324_100000.BIN,10.8603,16.9328,6.5345,16.9328,4.9720,1,7.265,8.171
1880,DATA_20260324_100000.BIN,19.3883,54.6622,13.5712,54.6622,3.1680,1,18.049,19.028
1881,DATA_20260324_100000.BIN,13.5712,57.5336,11.4628,57.5336,4.7740,1,4.604,4.628
1882,DATA_20260324_100000.BIN,0.8650,6.4640,0.9219,6.4640,8.5140,1,9.916,11.511
1883,DATA_20260324_100000.BIN,0.9219,7.9204,2.6097,7.9204,1.4740,1,14.166,14.208
1884,DATA_20260324_100000.BIN,1.4381,7.7689,1.5027,7.7689,2.3430,1,10.263,11.258
1885,DATA_20260324_100000.BIN,4.5143,21.6908,1.4918,21.6908,5.8740,1,1.564,8.896
1886,DATA_20260324_100000.BIN,1.4918,7.7548,2.4055,7.7548,4.0700,1,6.343,7.356
1887,DATA_20260324_100000.BIN,3.8685,11.6745,3.7664,11.6745,4.1140,1,14.366,14.842
1888,DATA_20260324_100000.BIN,1.4987,16.3129,0.6457,16.3129,4.9940,1,8.798,9.044
1889,DATA_20260324_100000.BIN,2.1404,9.1100,3.5633,9.1100,6.6110,1,4.533,4.536
1890,DATA_20260324_100000.BIN,1.4598,21.8923,4.5781,21.8923,9.8780,1,2.339,6.227
1891,DATA_20260324_100000.BIN,4.5781,15.9747,9.5459,15.9747,3.8280,1,5.850,5.950
1892,DATA_20260324_100000.BIN,9.5459,25.2177,2.2061,25.2177,6.2370,1,13.391,13.511
1893,DATA_20260324_100000.BIN,0.5589,9.7311,0.9342,9.7311,2.8380,1,9.082,9.333
1894,DATA_20260324_100000.BIN,1.6320,9.4817,1.2274,9.4817,4.7960,1,4.187,4.264
1895,DATA_20260324_100000.BIN,1.2274,7.4131,0.6625,7.4131,2.9260,1,5.939,6.459
1896,DATA_20260324_100000.BIN,0.6625,8.6995,2.7663,8.6995,4.7080,1,3.522,3.644
1897,DATA_20260324_100000.BIN,2.2271,10.0326,2.5010,10.0326,1.9250,1,4.054,4.820
1898,DATA_20260324_100000.BIN,1.3543,8.2386,2.7518,8.2386,5.9730,1,0.175,2.922
1899,DATA_20260324_100000.BIN,2.7518,9.7454,1.2498,9.7454,2.9810,1,2.519,4.288
1900,DATA_20260324_100000.BIN,1.7753,10.4504,1.0189,10.4504,5.2030,1,2.280,4.312
1901,DATA_20260324_100000.BIN,1.0189,10.3170,1.1094,10.3170,3.8170,1,1.180,8.601
1902,DATA_20260324_100000.BIN,1.1094,8.8339,1.0182,8.8339,2.7610,1,0.307,2.270
1903,DATA_20260324_100000.BIN,1.0182,17.4737,1.8871,17.4737,3.7070,1,1.507,1.604
1904,DATA_20260324_100000.BIN,3.9330,16.4462,3.1765,16.4462,9.9330,1,5.685,7.550
1905,DATA_20260324_100000.BIN,3.1765,12.5495,1.7066,12.5495,2.6840,1,5.172,6.743
1906,DATA_20260324_100000.BIN,1.7066,17.9488,2.9857,17.9488,2.2440,1,2.138,6.122
1907,DATA_20260324_100000.BIN,7.4400,19.8065,1.8817,19.8065,2.1560,1,7.316,9.847
1908,DATA_20260324_100000.BIN,3.2723,10.6589,2.1033,10.6589,3.3770,1,9.263,9.536
1909,DATA_20260324_100000.BIN,2.4056,9.4514,1.8470,9.4514,5.0710,1,1.666,1.701
1910,DATA_20260324_100000.BIN,2.2612,9.2798,2.4869,9.2798,5.0490,1,4.321,4.401
1911,DATA_20260324_100000.BIN,2.2129,9.2773,1.5474,9.2773,2.9150,1,2.052,2.476
1912,DATA_20260324_100000.BIN,1.5474,9.2812,2.3880,9.2812,3.0360,1,1.118,1.386
1913,DATA_20260324_100000.BIN,3.9452,10.7477,1.4794,10.7477,5.9400,1,4.235,4.401
1914,DATA_20260324_100000.BIN,2.6987,10.7807,2.4152,10.7807,2.8050,1,2.640,3.306
1915,DATA_20260324_100000.BIN,2.0432,10.1438,1.8361,10.1438,5.6870,1,3.979,4.909
1916,DATA_20260324_100000.BIN,1.7169,13.8313,6.8024,13.8313,3.5420,1,1.091,1.159
1917,DATA_20260324_100000.BIN,6.8024,12.3736,4.0986,12.3736,1.5730,1,10.728,16.087
1918,DATA_20260324_100000.BIN,3.2849,8.9873,3.5377,8.9873,3.1350,1,6.501,7.594
1919,DATA_20260324_100000.BIN,2.6316,11.9363,1.6332,11.9363,1.6830,1,3.600,7.490
1920,DATA_20260324_100000.BIN,1.6332,16.2472,3.1855,16.2472,6.0830,1,6.454,7.234
1921,DATA_20260324_100000.BIN,4.5194,11.8402,3.6937,11.8402,5.2250,1,5.307,5.316
1922,DATA_20260324_100000.BIN,8.4384,12.6555,5.2129,12.6555,7.5570,1,13.154,13.974
1923,DATA_20260324_100000.BIN,1.0552,15.6628,1.2529,15.6628,3.2780,1,6.796,10.440
1924,DATA_20260324_100000.BIN,1.2529,15.6641,2.7501,15.6641,3.5530,1,0.818,1.577
1925,DATA_20260324_100000.BIN,2.7501,11.8891,1.3266,11.8891,3.0030,1,2.846,2.883
1926,DATA_20260324_100000.BIN,1.7224,10.0035,0.9113,10.0035,1.1000,1,3.731,3.892
1927,DATA_20260324_100000.BIN,1.3600,10.5095,1.1697,10.5095,3.1350,1,0.856,0.865
1928,DATA_20260324_100000.BIN,1.6027,10.4907,2.6906,10.4907,3.1020,1,0.333,0.333
1929,DATA_20260324_100000.BIN,3.0864,10.0683,1.3065,10.0683,2.9700,1,4.410,4.412
1930,DATA_20260324_100000.BIN,1.7381,8.2110,0.4708,8.2110,2.9590,1,0.465,1.083
1931,DATA_20260324_100000.BIN,3.8094,15.5287,3.8897,15.5287,3.2230,1,6.281,6.300
1932,DATA_20260324_100000.BIN,2.0670,8.4181,2.4817,8.4181,4.8840,1,4.667,4.938
1933,DATA_20260324_100000.BIN,2.4817,9.3256,1.6475,9.3256,3.9930,1,5.178,5.612
1934,DATA_20260324_100000.BIN,1.1976,10.3476,1.0627,10.3476,1.0230,1,1.145,2.557
1935,DATA_20260324_100000.BIN,1.8608,10.6694,1.0365,10.6694,2.8930,1,0.509,2.906
1936,DATA_20260324_100000.BIN,2.2275,11.4907,0.8499,11.4907,4.0040,1,5.078,5.776
1937,DATA_20260324_100000.BIN,1.9284,12.1565,3.0133,12.1565,2.1120,1,3.467,4.382
1938,DATA_20260324_100000.BIN,1.2068,9.9851,0.2393,9.9851,2.1230,1,3.005,3.754
1939,DATA_20260324_100000.BIN,0.6376,18.9065,3.4804,18.9065,8.3490,1,1.545,1.913
1940,DATA_20260324_100000.BIN,3.4804,11.8043,4.4308,11.8043,1.1550,1,3.915,5.120
1941,DATA_20260324_100000.BIN,0.5817,9.7193,1.5741,9.7193,2.0240,1,0.432,0.577
1942,DATA_20260324_100000.BIN,3.4149,14.5011,2.6219,14.5011,2.2220,1,4.730,6.793
1943,DATA_20260324_100000.BIN,2.6219,12.3346,4.4011,12.3346,1.4190,1,1.368,3.653
1944,DATA_20260324_100000.BIN,4.4011,14.8114,1.6003,14.8114,2.7060,1,1.308,10.047
1945,DATA_20260324_100000.BIN,1.6003,22.3767,6.9869,22.3767,1.2540,1,8.340,14.483
1946,DATA_20260324_100000.BIN,7.1244,31.9265,12.3356,31.9265,2.4420,1,11.874,15.056
1947,DATA_20260324_100000.BIN,8.9454,18.2188,9.8145,18.2188,3.3990,1,19.825,24.111
1948,DATA_20260324_100000.BIN,9.8145,18.3743,9.3979,18.3743,7.4140,1,18.125,21.295
1949,DATA_20260324_100000.BIN,9.3979,15.9948,8.5750,15.9948,5.5550,1,14.856,25.610
1950,DATA_20260324_100000.BIN,11.3617,17.4804,10.8936,17.4804,5.7530,1,13.357,13.579
1951,DATA_20260324_100000.BIN,10.8936,17.1440,11.3677,17.1440,2.8380,1,10.755,11.285
1952,DATA_20260324_100000.BIN,13.7897,32.1998,1.6041,32.1998,4.0810,1,16.457,17.058
1953,DATA_20260324_100000.BIN,1.6041,8.1555,0.5601,8.1555,2.1340,1,16.406,23.668
1954,DATA_20260324_100000.BIN,0.5601,10.2559,2.5288,10.2559,5.6540,1,18.534,25.839
1955,DATA_20260324_100000.BIN,5.4388,18.1672,6.9154,18.1672,5.4780,1,4.117,10.320
1956,DATA_20260324_100000.BIN,6.9154,14.4874,7.3011,14.4874,3.2780,1,7.667,9.620
1957,DATA_20260324_100000.BIN,7.3011,14.9565,5.9586,14.9565,7.0510,1,20.773,23.206
1958,DATA_20260324_100000.BIN,5.9586,30.2267,5.2893,30.2267,3.1570,1,10.160,16.224
1959,DATA_20260324_100000.BIN,5.2893,15.7885,8.5891,15.7885,5.9290,1,10.278,16.353
1960,DATA_20260324_100000.BIN,5.0685,20.7275,4.2768,20.7275,8.0190,1,8.315,15.195
1961,DATA_20260324_100000.BIN,0.3254,14.7704,8.0532,14.7704,4.2680,1,11.386,13.639
1962,DATA_20260324_100000.BIN,8.0701,20.1537,4.1440,20.1537,3.0800,1,18.534,19.610
1963,DATA_20260324_100000.BIN,4.1440,10.1648,4.4551,10.1648,2.2110,1,12.609,22.931
1964,DATA_20260324_100000.BIN,5.6231,12.8881,4.0874,12.8881,2.0460,1,5.382,5.648
1965,DATA_20260324_100000.BIN,4.0874,17.1446,11.7663,17.1446,6.9740,1,3.919,7.695
1966,DATA_20260324_100000.BIN,1.8057,7.1347,1.5069,7.1347,3.2890,1,9.825,13.390
1967,DATA_20260324_100000.BIN,5.7469,18.1118,8.1746,18.1118,4.0810,1,3.092,4.764
1968,DATA_20260324_100000.BIN,5.8609,39.1033,7.2099,39.1033,3.2450,1,4.764,4.856
1969,DATA_20260324_100000.BIN,7.2099,17.7563,10.3681,17.7563,2.9920,1,9.133,9.135
1970,DATA_20260324_100000.BIN,10.3681,22.2372,2.2514,22.2372,3.3550,1,11.764,12.381
1971,DATA_20260324_100000.BIN,2.2514,40.4497,9.4272,40.4497,7.7880,1,6.412,7.700
1972,DATA_20260324_100000.BIN,9.4272,17.8058,6.3538,17.8058,3.5640,1,5.003,7.509
1973,DATA_20260324_100000.BIN,0.5130,10.3167,4.2346,10.3167,2.3760,1,11.823,14.588
1974,DATA_20260324_100000.BIN,4.2346,24.3554,8.3315,24.3554,3.1680,1,4.869,5.233
1975,DATA_20260324_100000.BIN,8.3315,17.7435,9.3304,17.7435,4.0700,1,7.393,7.526
1976,DATA_20260324_100000.BIN,8.4844,15.9921,5.0958,15.9921,4.9610,1,13.874,15.679
1977,DATA_20260324_100000.BIN,5.0958,13.3030,6.0944,13.3030,4.9500,1,4.041,8.173
1978,DATA_20260324_100000.BIN,9.1488,14.4234,6.1726,14.4234,6.1600,1,3.213,9.358
1979,DATA_20260324_100000.BIN,6.1726,16.8005,5.0432,16.8005,2.3430,1,7.967,9.303
1980,DATA_20260324_100000.BIN,5.0432,10.7878,5.8653,10.7878,4.2570,1,5.313,5.600
1981,DATA_20260324_100000.BIN,5.8653,19.7905,2.1510,19.7905,2.2220,1,2.411,4.603
1982,DATA_20260324_100000.BIN,2.1510,22.5728,11.7733,22.5728,5.9510,1,17.472,20.357
1983,DATA_20260324_100000.BIN,11.7733,21.9498,5.3307,21.9498,8.6680,1,11.845,11.878
1984,DATA_20260324_100000.BIN,5.3307,16.3630,10.9356,16.3630,3.4650,1,8.191,14.415
1985,DATA_20260324_100000.BIN,7.7691,29.0858,15.5641,29.0858,6.1270,1,7.584,14.485
1986,DATA_20260324_100000.BIN,15.5641,21.8854,5.9226,21.8854,3.7730,1,6.405,14.864
1987,DATA_20260324_100000.BIN,5.9226,31.4721,7.0876,31.4721,4.4660,1,7.892,12.221
1988,DATA_20260324_100000.BIN,7.0876,56.3371,9.5353,56.3371,4.8510,1,11.330,12.347
1989,DATA_20260324_100000.BIN,9.5353,19.8483,11.3170,19.8483,3.9270,1,8.737,9.875
1990,DATA_20260324_100000.BIN,11.3170,21.0317,4.4766,21.0317,4.3340,1,12.360,12.618
1991,DATA_20260324_100000.BIN,4.4766,14.2667,4.6341,14.2667,1.2870,1,8.135,10.080
1992,DATA_20260324_100000.BIN,4.6341,19.6269,6.1082,19.6269,1.6060,1,10.770,11.223
1993,DATA_20260324_100000.BIN,1.2849,24.5257,11.2398,24.5257,5.0380,1,16.797,20.274
1994,DATA_20260324_100000.BIN,2.9650,19.0351,13.2118,19.0351,9.8450,1,11.267,14.642
1995,DATA_20260324_100000.BIN,8.6750,19.7261,9.6706,19.7261,5.9510,1,6.895,7.161
1996,DATA_20260324_100000.BIN,13.6348,24.3685,5.7913,24.3685,4.3450,1,12.235,12.335
1997,DATA_20260324_100000.BIN,5.7913,17.8910,4.0535,17.8910,1.8590,1,13.621,20.383
1998,DATA_20260324_100000.BIN,4.0535,19.4745,5.6667,19.4745,5.4120,1,16.932,23.377
1999,DATA_20260324_100000.BIN,5.6667,18.4322,11.2481,18.4322,2.4640,1,1.813,1.827
2000,DATA_20260324_100000.BIN,11.2481,21.0622,1.8195,21.0622,5.4010,1,11.064,11.145
2001,DATA_20260324_100000.BIN,1.8195,16.8954,7.4703,16.8954,5.9290,1,10.776,11.972
2002,DATA_20260324_100000.BIN,7.4703,19.2196,12.1388,19.2196,2.9590,1,6.320,12.165
2003,DATA_20260324_100000.BIN,12.1388,35.5514,26.1374,35.5514,8.8440,1,9.780,9.781
2004,DATA_20260324_100000.BIN,26.1374,31.4146,9.1057,31.4146,8.6900,1,11.136,27.279
2005,DATA_20260324_100000.BIN,12.9989,19.7739,11.7940,19.7739,1.5730,1,7.454,7.615
2006,DATA_20260324_100000.BIN,11.7940,23.3821,13.2130,23.3821,3.5750,1,8.643,10.052
2007,DATA_20260324_100000.BIN,13.2130,24.3300,9.9422,24.3300,6.8530,1,7.669,18.768
2008,DATA_20260324_100000.BIN,9.9422,71.4933,11.2923,71.4933,1.9030,1,3.598,3.626
2009,DATA_20260324_100000.BIN,14.3020,22.4084,3.6105,22.4084,7.2600,1,11.468,11.758
2010,DATA_20260324_100000.BIN,3.6105,19.7590,6.2317,19.7590,5.3460,1,12.255,12.538
2011,DATA_20260324_100000.BIN,6.2317,23.5457,5.2542,23.5457,1.4850,1,6.979,12.262
2012,DATA_20260324_100000.BIN,5.2542,22.9437,11.5980,22.9437,6.3800,1,2.078,8.310
2013,DATA_20260324_100000.BIN,11.5980,18.6786,11.3044,18.6786,3.1680,1,6.560,6.742
2014,DATA_20260324_100000.BIN,17.9919,25.1199,6.5824,25.1199,6.4240,1,14.060,14.485
2015,DATA_20260324_100000.BIN,6.5824,21.8290,13.3130,21.8290,6.4240,1,12.035,13.350
2016,DATA_20260324_100000.BIN,13.3130,27.8892,10.1730,27.8892,7.2820,1,0.216,8.943
2017,DATA_20260324_100000.BIN,10.1730,21.5309,3.0234,21.5309,7.4360,1,2.737,5.751
2018,DATA_20260324_100000.BIN,16.1189,28.7444,18.7582,28.7444,5.3570,1,18.949,19.004
2019,DATA_20260324_100000.BIN,13.8937,19.8543,10.4892,19.8543,3.7730,1,3.046,5.710
2020,DATA_20260324_100000.BIN,10.4892,18.5507,7.6689,18.5507,5.2910,1,1.986,3.380
2021,DATA_20260324_100000.BIN,7.6689,15.9707,2.4287,15.9707,3.1020,1,13.161,16.527
2022,DATA_20260324_100000.BIN,2.4287,36.9415,6.2351,36.9415,2.6620,1,21.035,22.112
2023,DATA_20260324_100000.BIN,5.1139,11.2609,2.2912,11.2609,1.8040,1,12.750,14.287
2024,DATA_20260324_100000.BIN,2.2912,30.0921,4.1315,30.0921,4.5100,1,22.016,23.339
2025,DATA_20260324_100000.BIN,4.1315,55.2746,0.6315,55.2746,6.2810,1,18.928,19.033
2026,DATA_20260324_100000.BIN,1.6824,9.0533,0.5439,9.0533,7.1940,1,4.379,7.352
2027,DATA_20260324_100000.BIN,0.5439,61.7597,10.2203,61.7597,3.1570,1,11.398,12.035
2028,DATA_20260324_100000.BIN,10.2203,24.4415,17.2786,24.4415,3.7840,1,7.981,8.522
2029,DATA_20260324_100000.BIN,17.2786,24.4925,18.7407,24.4925,4.9060,1,18.388,18.422
2030,DATA_20260324_100000.BIN,18.7407,24.3764,17.7361,24.3764,1.7600,1,21.282,21.732
2031,DATA_20260324_100000.BIN,17.7361,25.6123,15.1763,25.6123,1.8810,1,21.072,21.211
2032,DATA_20260324_100000.BIN,15.1763,23.1996,16.5601,23.1996,2.6180,1,10.002,10.856
2033,DATA_20260324_100000.BIN,16.5601,27.0115,18.5553,27.0115,4.2460,1,11.816,13.077
2034,DATA_20260324_100000.BIN,18.5553,26.0983,14.0620,26.0983,5.4120,1,23.128,24.375
2035,DATA_20260324_100000.BIN,14.0620,26.9504,7.8433,26.9504,9.0310,1,7.384,8.022
2036,DATA_20260324_100000.BIN,7.8433,28.2962,13.2273,28.2962,1.5180,1,22.173,22.239
2037,DATA_20260324_100000.BIN,13.2273,27.8566,7.8511,27.8566,5.2030,1,25.927,28.082
2038,DATA_20260324_100000.BIN,12.3963,33.7880,18.4422,33.7880,5.1040,1,9.445,12.269
2039,DATA_20260324_100000.BIN,6.5381,29.6740,17.9167,29.6740,8.3600,1,19.596,24.706
2040,DATA_20260324_100000.BIN,22.6924,30.0325,20.3191,30.0325,3.4320,1,26.615,26.615
2041,DATA_20260324_100000.BIN,20.3191,25.5662,17.4983,25.5662,9.8890,1,18.658,18.662
2042,DATA_20260324_100000.BIN,15.1974,34.3219,13.5957,34.3219,7.9640,1,9.758,11.881
2043,DATA_20260324_110000.BIN,20.6317,33.3092,25.6240,33.3092,2.2220,1,114.205,130.510
2044,DATA_20260324_110000.BIN,25.6240,33.7014,27.3947,33.7014,1.4960,1,110.964,129.024
2045,DATA_20260324_110000.BIN,27.3947,39.9191,26.9518,39.9191,6.4570,1,91.608,108.105
2046,DATA_20260324_110000.BIN,26.9518,33.8938,22.9816,33.8938,1.6940,1,79.270,90.776
2047,DATA_20260324_110000.BIN,32.7465,41.1101,28.7715,41.1101,7.5460,1,80.517,94.463
2048,DATA_20260324_110000.BIN,35.2360,46.8201,31.5229,46.8201,2.8270,1,81.439,93.440
2049,DATA_20260324_110000.BIN,31.0641,42.3952,30.4394,42.3952,5.2690,1,54.537,65.915
2050,DATA_20260324_110000.BIN,34.1214,42.0516,36.8311,42.0516,1.9800,1,56.711,68.142
2051,DATA_20260324_110000.BIN,36.8311,46.4681,36.3025,46.4681,7.8540,1,79.968,86.638
2052,DATA_20260324_110000.BIN,23.9282,42.0219,32.6583,42.0219,5.3240,1,61.879,63.519
2053,DATA_20260324_110000.BIN,32.6583,41.3655,32.8729,41.3655,2.6950,1,54.585,60.212
2054,DATA_20260324_110000.BIN,32.8729,40.2664,31.6310,40.2664,3.8940,1,38.882,46.736
2055,DATA_20260324_110000.BIN,31.6310,44.2342,29.5780,44.2342,2.7170,1,45.542,48.558
2056,DATA_20260324_110000.BIN,18.2952,27.1852,18.0836,27.1852,2.3760,1,52.976,61.341
2057,DATA_20260324_110000.BIN,18.0836,28.9409,14.2485,28.9409,3.6740,1,37.106,48.323
2058,DATA_20260324_110000.BIN,17.9904,39.4010,6.9728,39.4010,2.7720,1,49.165,53.361
2059,DATA_20260324_110000.BIN,6.5549,28.0235,9.2675,28.0235,4.7080,1,32.553,35.323
2060,DATA_20260324_110000.BIN,9.8685,19.3605,9.7486,19.3605,1.9800,1,11.902,23.082
2061,DATA_20260324_110000.BIN,8.3862,15.7179,8.5829,15.7179,3.0250,1,19.239,22.860
2062,DATA_20260324_110000.BIN,6.2402,19.1610,6.7175,19.1610,1.9910,1,9.800,17.436
2063,DATA_20260324_110000.BIN,6.7175,15.6959,5.8442,15.6959,2.0460,1,13.154,16.369
2064,DATA_20260324_110000.BIN,11.6607,17.5695,11.0285,17.5695,2.5960,1,13.336,18.013
2065,DATA_20260324_110000.BIN,11.0285,17.6710,9.7040,17.6710,3.9160,1,12.808,16.104
2066,DATA_20260324_110000.BIN,3.9582,16.7872,4.3044,16.7872,4.2020,1,9.134,9.673
2067,DATA_20260324_110000.BIN,4.3044,10.1121,2.0369,10.1121,2.8600,1,1.187,2.406
2068,DATA_20260324_110000.BIN,0.8928,12.9687,2.5951,12.9687,3.6080,1,9.856,10.024
2069,DATA_20260324_110000.BIN,7.5522,22.9297,7.5308,22.9297,8.6790,1,9.350,15.087
2070,DATA_20260324_110000.BIN,7.1574,15.2964,4.3369,15.2964,1.9360,1,12.745,12.954
2071,DATA_20260324_110000.BIN,3.5644,16.4613,1.6421,16.4613,4.8950,1,0.228,0.444
2072,DATA_20260324_110000.BIN,1.6421,10.9150,3.1353,10.9150,3.0580,1,7.113,7.147
2073,DATA_20260324_110000.BIN,3.1353,15.8500,1.7070,15.8500,1.4190,1,4.944,4.954
2074,DATA_20260324_110000.BIN,4.5073,13.2355,4.6153,13.2355,3.1350,1,2.372,3.225
2075,DATA_20260324_110000.BIN,4.6153,13.5133,1.3280,13.5133,8.3380,1,8.636,9.442
2076,DATA_20260324_110000.BIN,1.3280,8.1634,0.5746,8.1634,6.4460,1,7.816,8.102
2077,DATA_20260324_110000.BIN,0.5746,9.3837,2.1017,9.3837,6.9300,1,4.761,5.517
2078,DATA_20260324_110000.BIN,2.1017,19.8151,0.9976,19.8151,8.3490,1,3.114,3.132
2079,DATA_20260324_110000.BIN,0.9976,17.8668,4.2630,17.8668,1.3860,1,17.280,18.961
2080,DATA_20260324_110000.BIN,4.2630,15.1799,9.8344,15.1799,2.1780,1,11.979,13.970
2081,DATA_20260324_110000.BIN,9.8344,17.7322,6.9979,17.7322,1.8700,1,7.236,14.604
2082,DATA_20260324_110000.BIN,6.3024,18.7542,3.2678,18.7542,2.9040,1,18.743,21.603
2083,DATA_20260324_110000.BIN,3.2678,15.0990,1.9142,15.0990,6.6440,1,15.370,19.077
2084,DATA_20260324_110000.BIN,1.9142,10.0257,4.3834,10.0257,1.9140,1,5.504,6.740
2085,DATA_20260324_110000.BIN,4.3834,15.9436,3.7175,15.9436,3.2560,1,5.632,5.664
2086,DATA_20260324_110000.BIN,3.7175,18.9491,5.4700,18.9491,4.5320,1,8.562,9.271
2087,DATA_20260324_110000.BIN,1.9636,20.3877,3.5920,20.3877,8.5030,1,2.070,3.169
2088,DATA_20260324_110000.BIN,2.7727,18.6044,1.7447,18.6044,9.4050,1,4.742,5.635
2089,DATA_20260324_110000.BIN,1.7447,10.1109,2.5645,10.1109,2.7390,1,4.400,7.776
2090,DATA_20260324_110000.BIN,2.5645,11.1285,1.1386,11.1285,4.6860,1,10.425,10.867
2091,DATA_20260324_110000.BIN,7.5863,19.4174,7.6855,19.4174,3.1680,1,6.071,7.511
2092,DATA_20260324_110000.BIN,7.6855,19.4130,3.2732,19.4130,5.6650,1,27.882,28.535
2093,DATA_20260324_110000.BIN,3.2732,10.2828,1.3215,10.2828,4.1360,1,11.028,12.618
2094,DATA_20260324_110000.BIN,1.3215,10.1925,2.2557,10.1925,3.2450,1,4.139,6.995
2095,DATA_20260324_110000.BIN,2.1348,11.8467,0.8343,11.8467,5.1920,1,5.936,5.985
2096,DATA_20260324_110000.BIN,1.8381,19.1687,1.2481,19.1687,9.4820,1,10.560,10.918
2097,DATA_20260324_110000.BIN,1.9805,10.4596,3.1839,10.4596,8.1290,1,9.255,9.592
2098,DATA_20260324_110000.BIN,3.1839,8.0886,1.4026,8.0886,5.3680,1,12.422,12.507
2099,DATA_20260324_110000.BIN,3.9512,16.3605,9.2697,16.3605,3.8390,1,6.985,7.278
2100,DATA_20260324_110000.BIN,3.6889,13.2524,1.0837,13.2524,8.8880,1,4.292,6.878
2101,DATA_20260324_110000.BIN,1.4561,7.5649,1.0489,7.5649,2.9700,1,4.069,4.775
2102,DATA_20260324_110000.BIN,2.2875,10.2535,3.6440,10.2535,2.2110,1,13.968,17.152
2103,DATA_20260324_110000.BIN,3.6440,17.8000,7.1583,17.8000,9.1410,1,5.984,6.039
2104,DATA_20260324_110000.BIN,1.3491,11.2889,4.2782,11.2889,3.5530,1,7.384,8.137
2105,DATA_20260324_110000.BIN,4.2782,10.9720,5.7037,10.9720,8.2060,1,13.065,13.128
2106,DATA_20260324_110000.BIN,5.7037,29.3454,14.3460,29.3454,2.6840,1,12.755,12.756
2107,DATA_20260324_110000.BIN,14.3460,56.0475,2.3078,56.0475,2.7830,1,26.435,27.029
2108,DATA_20260324_110000.BIN,6.6597,51.9101,9.3872,51.9101,2.0130,1,66.574,70.141
2109,DATA_20260324_110000.BIN,9.3872,35.8951,6.7775,35.8951,1.6390,1,8.629,14.420
