cycle_idx,source_file,p0_r,p3_r,p7_r,amplitude,duration_s,validated,tilt_deg,q_error_deg
0,DATA_20260321_091210.BIN,32.6294,45.5306,6.1179,45.5306,2.0790,1,1.426,1.613
1,DATA_20260321_091210.BIN,6.1179,23.4783,4.2822,23.4783,1.7160,1,40.917,43.245
2,DATA_20260321_091210.BIN,4.2822,21.5075,0.6776,21.5075,3.0910,1,32.195,33.708
3,DATA_20260321_091210.BIN,0.6776,18.0482,6.8363,18.0482,2.8820,1,35.629,36.853
4,DATA_20260321_091210.BIN,6.8363,16.1516,6.7432,16.1516,3.8940,1,41.219,43.388
5,DATA_20260321_091210.BIN,6.7432,15.0104,3.5149,15.0104,2.0240,1,38.619,39.591
6,DATA_20260321_091210.BIN,3.5149,27.2315,7.6067,27.2315,4.7190,1,26.644,27.590
7,DATA_20260321_091210.BIN,7.6067,31.0699,5.9314,31.0699,6.0280,1,30.190,30.897
8,DATA_20260321_091210.BIN,2.7026,16.1472,2.4723,16.1472,3.9490,1,21.547,23.480
9,DATA_20260321_091210.BIN,4.9628,15.2174,4.2889,15.2174,3.8610,1,15.620,16.411
10,DATA_20260321_091210.BIN,4.2889,11.8937,2.5821,11.8937,4.8620,1,19.313,21.941
11,DATA_20260321_091210.BIN,2.5821,11.8794,6.0699,11.8794,4.2900,1,14.221,17.534
12,DATA_20260321_091210.BIN,6.0699,13.2465,2.6598,13.2465,6.3360,1,13.923,19.519
13,DATA_20260321_091210.BIN,2.6598,33.2507,8.2511,33.2507,4.2790,1,12.817,14.055
14,DATA_20260321_091210.BIN,6.9305,15.1217,8.2068,15.1217,2.6950,1,20.941,23.028
15,DATA_20260321_091210.BIN,8.2068,20.7517,9.9145,20.7517,5.8300,1,20.147,20.692
16,DATA_20260321_091210.BIN,1.1960,16.0891,1.7947,16.0891,3.8060,1,3.695,3.745
17,DATA_20260321_091210.BIN,1.7947,11.5699,2.2096,11.5699,4.5320,1,6.397,8.281
18,DATA_20260321_091210.BIN,1.8388,10.5443,2.2803,10.5443,2.2990,1,6.006,7.138
19,DATA_20260321_091210.BIN,2.2803,23.7159,2.6093,23.7159,5.5770,1,2.175,2.221
20,DATA_20260321_091210.BIN,2.6093,15.7922,6.9621,15.7922,6.3360,1,1.556,5.547
21,DATA_20260321_091210.BIN,12.1198,18.8008,4.1644,18.8008,4.9940,1,15.964,16.102
22,DATA_20260321_091210.BIN,6.4289,62.8300,0.3179,62.8300,6.6660,1,13.582,15.202
23,DATA_20260321_091210.BIN,4.9044,15.6943,5.1350,15.6943,2.5960,1,10.167,12.735
24,DATA_20260321_091210.BIN,5.1350,22.7676,2.1609,22.7676,2.0790,1,7.366,8.635
25,DATA_20260321_091210.BIN,26.2195,43.3188,17.6037,43.3188,1.9580,1,32.809,33.513
26,DATA_20260321_091210.BIN,17.6037,46.8183,21.2125,46.8183,7.7990,1,17.524,19.468
27,DATA_20260321_091210.BIN,21.2125,60.2468,37.0156,60.2468,3.3660,1,21.648,22.414
28,DATA_20260321_091210.BIN,37.0156,50.6287,37.8629,50.6287,3.0470,1,39.153,39.730
29,DATA_20260321_091210.BIN,37.8629,57.9679,11.6438,57.9679,2.0900,1,36.515,37.833
30,DATA_20260321_091210.BIN,11.6438,64.2930,33.0831,64.2930,6.2260,1,5.909,6.580
31,DATA_20260321_091210.BIN,33.0831,59.9126,41.4770,59.9126,4.6090,1,27.589,27.863
32,DATA_20260321_091210.BIN,51.5295,65.2064,44.3775,65.2064,3.1900,1,50.477,50.809
33,DATA_20260321_091210.BIN,44.3775,62.6147,55.3279,62.6147,2.5850,1,32.808,33.703
34,DATA_20260321_091210.BIN,55.3279,64.9328,56.2867,64.9328,2.6840,1,48.921,50.039
35,DATA_20260321_091210.BIN,56.2867,63.6941,46.1292,63.6941,4.4110,1,46.394,47.099
36,DATA_20260321_091210.BIN,56.0159,65.8750,2.7858,65.8750,6.3030,1,40.335,41.046
37,DATA_20260321_091210.BIN,2.7858,64.0855,44.6057,64.0855,4.9280,1,38.964,38.968
38,DATA_20260321_091210.BIN,44.6057,66.4052,33.1610,66.4052,6.2810,1,23.032,23.794
39,DATA_20260321_091210.BIN,33.1610,63.9850,54.2352,63.9850,4.2680,1,5.528,6.540
40,DATA_20260321_091210.BIN,54.2352,64.4618,3.2452,64.4618,5.5220,1,36.498,36.733
41,DATA_20260321_091210.BIN,3.2452,66.9415,3.4649,66.9415,6.8090,1,31.609,35.288
42,DATA_20260321_091210.BIN,3.4649,60.7928,11.6669,60.7928,5.2360,1,31.070,32.961
43,DATA_20260321_091210.BIN,7.1913,25.4599,1.2480,25.4599,3.2340,1,29.698,29.942
44,DATA_20260321_091210.BIN,1.2480,32.3902,18.2306,32.3902,3.9930,1,36.738,36.920
45,DATA_20260321_091210.BIN,18.2306,30.6261,21.8372,30.6261,2.6840,1,21.077,21.121
46,DATA_20260321_091210.BIN,21.8372,35.1065,24.0041,35.1065,2.4970,1,14.483,14.560
47,DATA_20260321_091210.BIN,24.0041,38.8272,20.0800,38.8272,4.0150,1,18.500,18.523
48,DATA_20260321_091210.BIN,20.0800,39.6414,25.5612,39.6414,2.9480,1,14.155,14.718
49,DATA_20260321_091210.BIN,20.0066,41.6741,9.8398,41.6741,4.3010,1,17.999,18.294
50,DATA_20260321_091210.BIN,9.8398,48.7127,23.7128,48.7127,4.1470,1,8.371,12.877
51,DATA_20260321_091210.BIN,23.7128,37.9406,21.4535,37.9406,5.6870,1,5.516,10.160
52,DATA_20260321_091210.BIN,21.4535,43.1510,31.6297,43.1510,6.8310,1,29.163,31.269
53,DATA_20260321_091210.BIN,31.6297,60.5394,5.3974,60.5394,3.7070,1,33.039,36.872
54,DATA_20260321_091210.BIN,5.3974,41.2644,7.6428,41.2644,1.6170,1,21.233,21.517
55,DATA_20260321_091210.BIN,7.6428,27.0146,3.9780,27.0146,1.6170,1,17.438,17.475
56,DATA_20260321_091210.BIN,3.9780,35.2720,0.6479,35.2720,6.0940,1,26.744,27.874
57,DATA_20260321_091210.BIN,0.6479,22.6099,1.7186,22.6099,4.6420,1,20.624,20.882
58,DATA_20260321_091210.BIN,1.7186,24.0679,1.3231,24.0679,9.4930,1,22.465,22.541
59,DATA_20260321_091210.BIN,1.3231,18.2984,6.0147,18.2984,3.6850,1,15.458,16.607
60,DATA_20260321_091210.BIN,6.0147,21.0979,8.2111,21.0979,4.4660,1,20.497,21.483
61,DATA_20260321_091210.BIN,3.4345,66.5312,4.8307,66.5312,4.6530,1,11.291,12.942
62,DATA_20260321_091210.BIN,4.8307,23.6070,13.7087,23.6070,3.2340,1,14.282,16.098
63,DATA_20260321_091210.BIN,2.0294,56.7216,23.5031,56.7216,8.1180,1,5.830,6.307
64,DATA_20260321_091210.BIN,23.5031,39.2600,30.2593,39.2600,6.5120,1,24.855,24.856
65,DATA_20260321_091210.BIN,26.1142,36.5007,16.6923,36.5007,3.0140,1,16.273,20.926
66,DATA_20260321_091210.BIN,16.6923,38.8978,20.8189,38.8978,2.9480,1,17.513,19.874
67,DATA_20260321_091210.BIN,34.5263,53.1229,12.9796,53.1229,7.2160,1,29.107,30.929
68,DATA_20260321_091210.BIN,12.9796,53.7402,10.5296,53.7402,3.2560,1,10.049,14.655
69,DATA_20260321_091210.BIN,10.5296,37.1383,2.5746,37.1383,2.8710,1,5.550,5.761
70,DATA_20260321_091210.BIN,2.5746,29.1446,3.3921,29.1446,6.9080,1,23.183,23.561
71,DATA_20260321_091210.BIN,9.0966,45.4051,2.6343,45.4051,2.8710,1,24.580,24.871
72,DATA_20260321_091210.BIN,3.9387,21.5740,3.0026,21.5740,4.2680,1,12.006,14.751
73,DATA_20260321_091210.BIN,3.0026,27.4154,4.2297,27.4154,7.2820,1,15.841,15.876
74,DATA_20260321_091210.BIN,4.2297,26.2619,4.9770,26.2619,5.5110,1,13.397,13.403
75,DATA_20260321_091210.BIN,4.9770,36.1207,0.7079,36.1207,4.5760,1,12.618,12.769
76,DATA_20260321_091210.BIN,0.7079,31.0895,1.6101,31.0895,6.1270,1,11.804,12.367
77,DATA_20260321_091210.BIN,1.6101,65.0576,12.3680,65.0576,3.7400,1,7.481,7.799
78,DATA_20260321_091210.BIN,12.3680,50.2644,1.4021,50.2644,7.6230,1,13.043,13.147
79,DATA_20260321_091210.BIN,1.4021,12.4255,1.9379,12.4255,6.3140,1,2.939,5.375
80,DATA_20260321_091210.BIN,1.9379,61.2492,28.0876,61.2492,6.0720,1,8.622,8.933
81,DATA_20260321_091210.BIN,28.0876,44.1929,2.9899,44.1929,2.4090,1,31.146,31.247
82,DATA_20260321_091210.BIN,2.9899,21.4837,4.6016,21.4837,2.4860,1,5.665,7.433
83,DATA_20260321_091210.BIN,4.6016,56.6338,3.3694,56.6338,5.7310,1,11.379,11.437
84,DATA_20260321_091210.BIN,1.4331,12.1671,2.4401,12.1671,5.2800,1,8.336,8.390
85,DATA_20260321_091210.BIN,2.4401,11.4752,1.2791,11.4752,3.0030,1,10.245,10.258
86,DATA_20260321_091210.BIN,1.2791,15.3029,2.2199,15.3029,2.6400,1,7.212,7.212
87,DATA_20260321_091210.BIN,1.8203,12.0893,2.1781,12.0893,1.8810,1,4.762,6.732
88,DATA_20260321_091210.BIN,2.1781,14.8734,6.4869,14.8734,2.0900,1,3.473,7.212
89,DATA_20260321_091210.BIN,6.4869,16.7502,5.4132,16.7502,2.4090,1,13.528,13.619
90,DATA_20260321_091210.BIN,0.0855,10.9984,1.8890,10.9984,7.1610,1,5.770,10.115
91,DATA_20260321_091210.BIN,1.8890,30.0998,4.0367,30.0998,3.8280,1,4.488,4.493
92,DATA_20260321_091210.BIN,4.0367,24.6337,8.6540,24.6337,5.6760,1,8.885,9.007
93,DATA_20260321_091210.BIN,8.6540,26.5680,0.9755,26.5680,5.6430,1,11.820,11.829
94,DATA_20260321_091210.BIN,0.9755,12.7615,3.3495,12.7615,4.3230,1,0.649,3.307
95,DATA_20260321_091210.BIN,7.4052,23.3303,1.3733,23.3303,7.3370,1,15.356,15.434
96,DATA_20260321_091210.BIN,0.6068,9.6788,1.0289,9.6788,6.9520,1,3.344,3.910
97,DATA_20260321_091210.BIN,17.1330,23.5465,15.7730,23.5465,6.3360,1,61.544,61.975
98,DATA_20260321_091210.BIN,15.7730,23.6397,9.4578,23.6397,9.6360,1,23.945,23.969
99,DATA_20260321_091210.BIN,12.9448,36.4211,5.8442,36.4211,6.5560,1,15.305,15.327
100,DATA_20260321_091210.BIN,5.8442,38.5303,3.7288,38.5303,5.0820,1,15.247,15.253
101,DATA_20260321_091210.BIN,3.7288,17.5125,5.3935,17.5125,3.1460,1,9.782,9.784
102,DATA_20260321_091210.BIN,5.3935,22.5086,15.6858,22.5086,5.3680,1,1.908,2.989
103,DATA_20260321_091210.BIN,15.6858,23.5939,10.3060,23.5939,3.0250,1,20.925,24.270
104,DATA_20260321_091210.BIN,10.3060,32.7942,17.6303,32.7942,6.8640,1,11.249,11.501
105,DATA_20260321_091210.BIN,3.4686,14.8506,5.7810,14.8506,6.4240,1,11.295,13.506
106,DATA_20260321_091210.BIN,5.7810,64.9761,22.0287,64.9761,2.9150,1,6.979,7.159
107,DATA_20260321_091210.BIN,22.0287,37.5012,5.4772,37.5012,5.7750,1,29.919,32.420
108,DATA_20260321_091210.BIN,2.9875,12.7909,1.8510,12.7909,4.9830,1,4.066,5.243
109,DATA_20260321_091210.BIN,1.8510,16.6129,2.1760,16.6129,5.7420,1,3.203,6.315
110,DATA_20260321_091210.BIN,2.1760,71.8978,3.4980,71.8978,4.7520,1,3.745,5.170
111,DATA_20260321_091210.BIN,3.4980,14.7267,1.2192,14.7267,9.5810,1,7.848,8.442
112,DATA_20260321_091210.BIN,6.3069,19.2946,1.9634,19.2946,1.7050,1,7.595,10.623
113,DATA_20260321_091210.BIN,1.9634,52.5416,44.0119,52.5416,7.0070,1,5.424,5.546
114,DATA_20260321_091210.BIN,44.0119,55.8230,9.7718,55.8230,7.1720,1,59.496,60.748
115,DATA_20260321_091210.BIN,9.7718,22.9807,14.3701,22.9807,3.9380,1,7.879,9.936
116,DATA_20260321_091210.BIN,14.3701,49.0549,20.1077,49.0549,3.0140,1,16.444,16.444
117,DATA_20260321_091210.BIN,4.8248,43.6986,17.5385,43.6986,7.6560,1,7.555,7.740
118,DATA_20260321_091210.BIN,17.5385,30.0534,6.8110,30.0534,1.9250,1,18.922,18.940
119,DATA_20260321_091210.BIN,6.8110,39.2233,13.8010,39.2233,5.0160,1,9.146,10.247
120,DATA_20260321_091210.BIN,13.8010,34.6598,2.4635,34.6598,3.6080,1,9.305,11.002
121,DATA_20260321_091210.BIN,2.4635,31.3430,17.6678,31.3430,4.8180,1,9.236,9.375
122,DATA_20260321_091210.BIN,17.6678,57.9683,4.4230,57.9683,6.8090,1,19.837,20.060
123,DATA_20260321_091210.BIN,4.4230,16.2976,6.4941,16.2976,5.9290,1,1.281,2.775
124,DATA_20260321_091210.BIN,6.4941,27.5619,1.5181,27.5619,5.9290,1,18.014,18.091
125,DATA_20260321_091210.BIN,1.5181,17.6773,5.5599,17.6773,3.8830,1,6.973,7.195
126,DATA_20260321_091210.BIN,5.5599,19.8934,1.5957,19.8934,3.3440,1,3.476,4.601
127,DATA_20260321_091210.BIN,1.9572,30.0267,13.5583,30.0267,4.6090,1,13.397,14.881
128,DATA_20260321_091210.BIN,13.5583,30.6052,22.8404,30.6052,4.6530,1,14.890,15.017
129,DATA_20260321_091210.BIN,21.9757,40.3050,15.6683,40.3050,4.2240,1,21.106,21.603
130,DATA_20260321_091210.BIN,15.6683,22.9178,0.9084,22.9178,4.1800,1,11.424,11.770
131,DATA_20260321_091210.BIN,3.0888,12.3503,4.1978,12.3503,7.5350,1,13.416,13.869
132,DATA_20260321_091210.BIN,4.1978,50.9621,33.2357,50.9621,2.1230,1,2.755,3.373
133,DATA_20260321_091210.BIN,33.2357,57.2534,48.4956,57.2534,6.0280,1,37.598,37.612
134,DATA_20260321_091210.BIN,48.4956,60.2910,33.6895,60.2910,5.8520,1,56.643,57.789
135,DATA_20260321_091210.BIN,33.6895,53.6443,33.6055,53.6443,2.4530,1,27.528,27.574
136,DATA_20260321_091210.BIN,49.3813,63.9162,56.9421,63.9162,3.1240,1,47.659,48.667
137,DATA_20260321_091210.BIN,56.9421,64.6973,40.6284,64.6973,8.1290,1,61.238,61.346
138,DATA_20260321_091210.BIN,40.6284,49.9542,2.1964,49.9542,4.5430,1,24.311,24.334
139,DATA_20260321_091210.BIN,2.1964,11.6320,3.2183,11.6320,1.6720,1,34.975,35.472
140,DATA_20260321_091210.BIN,4.2393,19.8607,4.2770,19.8607,6.4570,1,28.882,29.199
141,DATA_20260321_091210.BIN,4.2770,14.7064,5.6619,14.7064,5.8850,1,32.221,32.641
142,DATA_20260321_091210.BIN,5.6619,38.4372,2.5457,38.4372,4.2680,1,24.477,26.330
143,DATA_20260321_091210.BIN,2.2337,17.4544,1.4717,17.4544,8.0410,1,23.767,23.879
144,DATA_20260321_091210.BIN,3.3263,12.3818,0.8345,12.3818,3.7400,1,14.321,16.023
145,DATA_20260321_091210.BIN,0.8345,10.7161,1.5306,10.7161,3.6850,1,15.059,15.729
146,DATA_20260321_091210.BIN,0.6332,67.7098,6.5615,67.7098,6.8860,1,11.302,13.659
147,DATA_20260321_091210.BIN,2.8789,60.4550,0.4329,60.4550,8.5360,1,10.680,10.680
148,DATA_20260321_091210.BIN,0.4329,29.0357,2.1644,29.0357,4.0040,1,17.208,17.568
149,DATA_20260321_091210.BIN,7.0646,54.8154,16.0878,54.8154,5.8080,1,0.909,1.950
150,DATA_20260321_091210.BIN,16.0878,37.7712,16.2839,37.7712,6.8310,1,9.323,9.832
151,DATA_20260321_091210.BIN,16.2839,54.9958,18.4338,54.9958,3.2670,1,10.115,10.122
152,DATA_20260321_091210.BIN,18.4338,58.0238,9.9083,58.0238,6.2040,1,9.082,10.312
153,DATA_20260321_091210.BIN,9.9083,24.8254,16.1976,24.8254,6.9190,1,5.147,5.151
154,DATA_20260321_091210.BIN,16.1976,53.0718,12.8105,53.0718,3.2890,1,6.106,6.720
155,DATA_20260321_091210.BIN,12.8105,46.9540,26.0937,46.9540,2.7610,1,7.635,7.792
156,DATA_20260321_091210.BIN,23.0570,38.4773,25.8161,38.4773,4.3890,1,14.199,14.583
157,DATA_20260321_091210.BIN,25.8161,34.3234,10.0119,34.3234,7.3590,1,16.595,16.916
158,DATA_20260321_091210.BIN,9.0360,17.7882,2.3899,17.7882,4.6200,1,8.920,9.367
159,DATA_20260321_091210.BIN,2.3899,20.4617,9.7070,20.4617,3.3110,1,11.262,12.912
160,DATA_20260321_091210.BIN,9.7070,20.1704,10.0691,20.1704,3.0140,1,11.803,11.898
161,DATA_20260321_091210.BIN,10.0691,21.6035,6.4844,21.6035,5.9730,1,1.839,1.841
162,DATA_20260321_091210.BIN,6.4844,22.7425,10.9659,22.7425,3.3220,1,10.894,12.665
163,DATA_20260321_091210.BIN,20.6708,63.5912,4.0277,63.5912,7.0950,1,12.834,12.881
164,DATA_20260321_091210.BIN,8.1482,71.6004,5.0157,71.6004,5.2690,1,2.881,6.399
165,DATA_20260321_091210.BIN,6.4712,15.6901,6.3248,15.6901,4.8070,1,29.138,29.575
166,DATA_20260321_091210.BIN,6.3248,62.1331,2.7066,62.1331,5.1810,1,25.064,25.148
167,DATA_20260321_091210.BIN,14.4379,22.0480,6.2132,22.0480,3.8390,1,27.904,28.334
168,DATA_20260321_091210.BIN,3.2542,67.5699,1.5613,67.5699,7.8650,1,5.330,5.880
169,DATA_20260321_091210.BIN,1.5613,16.0245,1.7804,16.0245,7.1060,1,8.580,8.598
170,DATA_20260321_091210.BIN,1.8233,20.7073,1.7074,20.7073,6.6220,1,7.147,11.869
171,DATA_20260321_091210.BIN,1.7074,65.9705,6.3076,65.9705,4.0150,1,6.062,6.063
172,DATA_20260321_091210.BIN,6.3076,21.4452,3.6711,21.4452,8.5800,1,16.182,16.206
173,DATA_20260321_091210.BIN,3.6711,24.5447,1.4287,24.5447,6.7870,1,2.855,3.252
174,DATA_20260321_091210.BIN,1.4287,17.4506,1.4289,17.4506,5.8190,1,5.679,5.695
175,DATA_20260321_091210.BIN,1.4289,21.2838,2.3313,21.2838,1.9580,1,5.404,5.579
176,DATA_20260321_091210.BIN,2.3313,19.1970,4.1338,19.1970,7.2490,1,7.092,7.230
177,DATA_20260321_091210.BIN,2.2201,20.9388,0.6183,20.9388,1.7160,1,1.612,2.619
178,DATA_20260321_091210.BIN,1.5879,21.6704,2.4275,21.6704,3.6850,1,5.834,7.570
179,DATA_20260321_091210.BIN,0.6156,59.6438,7.0302,59.6438,8.1950,1,3.830,3.928
180,DATA_20260321_091210.BIN,7.0302,15.4770,0.1768,15.4770,7.1940,1,10.905,11.765
181,DATA_20260321_091210.BIN,0.1768,31.6328,5.2651,31.6328,5.5770,1,3.087,4.376
182,DATA_20260321_091210.BIN,7.0719,55.2957,10.9078,55.2957,3.3330,1,7.768,8.370
183,DATA_20260321_091210.BIN,17.5327,34.8839,20.7389,34.8839,7.8540,1,24.934,25.164
184,DATA_20260321_091210.BIN,9.4178,23.9600,9.7179,23.9600,4.0700,1,11.186,12.064
185,DATA_20260321_091210.BIN,9.7179,47.6542,28.0512,47.6542,3.1240,1,8.890,9.011
186,DATA_20260321_091210.BIN,28.0512,40.2727,8.6903,40.2727,3.7620,1,35.094,41.090
187,DATA_20260321_091210.BIN,8.6903,18.2762,7.0485,18.2762,3.1460,1,23.607,23.657
188,DATA_20260321_091210.BIN,3.8013,27.2427,18.2858,27.2427,4.2900,1,10.809,10.810
189,DATA_20260321_091210.BIN,18.2858,46.2474,23.2191,46.2474,2.2110,1,29.065,29.551
190,DATA_20260321_091210.BIN,23.2191,67.9840,6.6127,67.9840,5.9950,1,28.840,29.097
191,DATA_20260321_091210.BIN,6.6127,17.0775,1.7925,17.0775,6.0390,1,13.205,13.283
192,DATA_20260321_091210.BIN,1.7925,12.1687,0.5546,12.1687,3.3770,1,6.003,9.432
193,DATA_20260321_091210.BIN,0.8317,19.0355,1.6711,19.0355,7.9310,1,4.547,4.971
194,DATA_20260321_091210.BIN,1.6711,11.2242,0.4578,11.2242,3.7180,1,7.299,7.738
195,DATA_20260321_091210.BIN,2.1790,64.2113,1.9248,64.2113,4.4660,1,7.561,8.138
196,DATA_20260321_091210.BIN,1.8697,11.8050,2.2426,11.8050,5.1810,1,2.896,4.078
197,DATA_20260321_091210.BIN,8.4845,64.6311,9.8970,64.6311,5.7970,1,13.466,14.566
198,DATA_20260321_091210.BIN,9.8970,38.7625,9.3443,38.7625,4.8400,1,18.046,18.384
199,DATA_20260321_091210.BIN,9.3443,31.0146,21.0107,31.0146,2.3760,1,8.273,12.778
200,DATA_20260321_091210.BIN,24.5285,38.7072,18.8546,38.7072,3.2120,1,33.570,35.195
201,DATA_20260321_091210.BIN,18.8546,34.4692,22.5593,34.4692,2.2000,1,22.480,23.178
202,DATA_20260321_091210.BIN,22.5593,38.1598,21.7033,38.1598,3.3000,1,23.814,25.034
203,DATA_20260321_091210.BIN,21.7033,45.2023,10.1066,45.2023,6.1600,1,23.890,24.172
204,DATA_20260321_091210.BIN,4.1504,30.5780,21.3780,30.5780,5.7750,1,1.618,7.549
205,DATA_20260321_091210.BIN,21.3780,56.9415,46.1000,56.9415,6.9740,1,34.455,35.909
206,DATA_20260321_091210.BIN,46.1000,66.0093,37.9012,66.0093,7.9860,1,60.119,64.738
207,DATA_20260321_091210.BIN,37.9012,64.8172,13.6293,64.8172,8.6460,1,45.479,48.088
208,DATA_20260321_091210.BIN,13.6293,21.5090,0.8735,21.5090,9.3060,1,11.677,12.146
209,DATA_20260321_091210.BIN,0.8735,32.9756,10.6944,32.9756,2.5410,1,6.260,6.315
210,DATA_20260321_091210.BIN,10.6944,44.7077,8.2737,44.7077,4.8620,1,18.744,23.588
211,DATA_20260321_091210.BIN,8.2737,29.5771,8.8880,29.5771,6.2370,1,20.269,20.275
212,DATA_20260321_091210.BIN,8.8880,31.7505,16.7943,31.7505,3.4650,1,13.620,16.246
213,DATA_20260321_091210.BIN,16.7943,52.8896,14.0730,52.8896,2.9480,1,17.837,18.078
214,DATA_20260321_091210.BIN,14.0730,40.7876,6.6609,40.7876,4.3560,1,15.940,16.230
215,DATA_20260321_091210.BIN,6.6609,18.2911,6.6387,18.2911,4.6310,1,10.539,14.260
216,DATA_20260321_091210.BIN,6.6387,29.3761,5.4366,29.3761,3.4430,1,6.432,15.792
217,DATA_20260321_091210.BIN,5.4366,31.8264,19.5606,31.8264,2.3870,1,9.393,9.518
218,DATA_20260321_091210.BIN,19.5606,32.9298,3.4848,32.9298,8.5690,1,24.027,24.029
219,DATA_20260321_091210.BIN,3.4848,25.0354,10.5842,25.0354,1.8370,1,14.692,15.958
220,DATA_20260321_091210.BIN,10.5842,51.6170,10.0553,51.6170,2.3430,1,11.776,17.950
221,DATA_20260321_091210.BIN,10.0553,47.1796,22.6481,47.1796,5.3460,1,10.701,10.896
222,DATA_20260321_091210.BIN,3.3187,11.0110,1.2634,11.0110,3.0470,1,11.535,11.606
223,DATA_20260321_091210.BIN,1.2634,13.7445,1.2553,13.7445,8.0850,1,6.430,7.636
224,DATA_20260321_091210.BIN,1.2553,15.3817,4.7515,15.3817,3.4980,1,5.557,5.924
225,DATA_20260321_091210.BIN,4.7515,16.6640,0.4969,16.6640,1.7160,1,6.493,7.012
226,DATA_20260321_091210.BIN,0.4969,15.7465,3.7723,15.7465,5.2030,1,3.021,3.233
227,DATA_20260321_091210.BIN,3.7723,11.3125,2.7213,11.3125,3.1350,1,3.408,3.524
228,DATA_20260321_091210.BIN,2.8171,17.2496,5.7884,17.2496,3.6190,1,1.641,2.099
229,DATA_20260321_091210.BIN,5.7884,24.0348,1.0774,24.0348,3.3770,1,5.716,5.716
230,DATA_20260321_091210.BIN,6.2879,23.9364,4.3755,23.9364,9.1960,1,5.610,5.613
231,DATA_20260321_091210.BIN,4.3755,12.6319,3.9332,12.6319,5.1920,1,3.311,3.461
232,DATA_20260321_091210.BIN,2.0723,14.9578,0.9519,14.9578,3.2890,1,4.872,7.421
233,DATA_20260321_091210.BIN,0.9519,12.8744,3.6282,12.8744,3.3660,1,4.921,5.035
234,DATA_20260321_091210.BIN,3.6282,71.8943,19.6848,71.8943,9.2620,1,2.847,3.003
235,DATA_20260321_091210.BIN,19.6848,28.4281,17.4104,28.4281,4.4440,1,16.240,20.331
236,DATA_20260321_091210.BIN,17.4104,43.3253,3.2609,43.3253,4.1030,1,17.373,17.868
237,DATA_20260321_091210.BIN,6.5464,16.7102,4.0492,16.7102,5.6430,1,16.447,16.556
238,DATA_20260321_091210.BIN,4.0492,17.8415,7.9854,17.8415,3.8830,1,14.879,18.300
239,DATA_20260321_091210.BIN,9.4235,17.6378,5.0971,17.6378,2.5300,1,15.925,15.966
240,DATA_20260321_091210.BIN,5.0971,20.8773,1.4987,20.8773,3.7180,1,9.229,10.166
241,DATA_20260321_091210.BIN,1.4987,21.5946,3.2947,21.5946,6.2700,1,6.445,6.889
242,DATA_20260321_091210.BIN,3.2947,11.9824,3.0258,11.9824,3.0470,1,8.711,8.824
243,DATA_20260321_091210.BIN,4.0036,51.7608,4.8212,51.7608,4.7190,1,8.041,8.042
244,DATA_20260321_091210.BIN,4.8212,17.5643,2.3963,17.5643,4.1250,1,7.102,7.385
245,DATA_20260321_091210.BIN,0.7225,10.2510,2.4005,10.2510,2.5630,1,2.290,2.991
246,DATA_20260321_091210.BIN,2.4005,9.5335,2.4343,9.5335,2.7940,1,4.033,4.089
247,DATA_20260321_091210.BIN,2.4343,60.0721,2.8842,60.0721,9.8450,1,3.978,4.235
248,DATA_20260321_091210.BIN,2.0667,11.7673,0.5217,11.7673,7.1720,1,3.517,4.882
249,DATA_20260321_091210.BIN,0.5217,26.2427,5.3881,26.2427,7.3810,1,2.452,3.826
250,DATA_20260321_091210.BIN,5.3881,30.2005,22.0434,30.2005,4.1470,1,5.029,6.773
251,DATA_20260321_091210.BIN,22.0434,69.1893,3.8412,69.1893,5.3020,1,27.254,27.748
252,DATA_20260321_091210.BIN,3.8412,20.9432,8.0917,20.9432,8.9100,1,3.779,4.486
253,DATA_20260321_091210.BIN,8.0917,19.2047,2.3489,19.2047,5.2800,1,10.364,11.222
254,DATA_20260321_091210.BIN,2.3489,22.0636,10.4371,22.0636,4.8840,1,1.957,4.051
255,DATA_20260321_091210.BIN,10.4371,18.8972,2.1830,18.8972,2.1450,1,10.515,10.564
256,DATA_20260321_091210.BIN,3.7669,15.3432,0.4872,15.3432,3.4650,1,1.421,1.808
257,DATA_20260321_091210.BIN,0.4872,10.6099,0.8395,10.6099,2.9040,1,3.395,4.861
258,DATA_20260321_091210.BIN,2.5118,19.5989,5.5072,19.5989,8.0630,1,5.925,7.218
259,DATA_20260321_091210.BIN,5.5072,30.8094,11.6597,30.8094,5.3130,1,4.336,4.873
260,DATA_20260321_091210.BIN,11.6597,25.5401,8.2775,25.5401,5.0930,1,9.341,10.566
261,DATA_20260321_091210.BIN,8.2775,22.9638,14.5104,22.9638,3.0800,1,7.915,9.986
262,DATA_20260321_091210.BIN,14.5104,29.3584,21.1980,29.3584,6.2700,1,12.409,13.183
263,DATA_20260321_091210.BIN,21.1980,30.5727,14.2564,30.5727,6.3690,1,22.093,22.094
264,DATA_20260321_091210.BIN,14.2564,22.2158,12.2636,22.2158,3.7620,1,11.167,11.201
265,DATA_20260321_091210.BIN,12.2636,24.5162,5.6181,24.5162,4.0260,1,7.339,7.363
266,DATA_20260321_091210.BIN,5.6181,35.7557,27.0244,35.7557,8.2940,1,9.373,9.386
267,DATA_20260321_091210.BIN,27.0244,64.6897,4.5153,64.6897,5.0380,1,21.736,23.409
268,DATA_20260321_091210.BIN,4.5153,17.2409,3.2250,17.2409,9.5920,1,18.049,18.531
269,DATA_20260321_091210.BIN,3.2250,13.2324,4.6712,13.2324,2.1230,1,13.307,13.533
270,DATA_20260321_091210.BIN,4.6712,12.8313,4.5083,12.8313,3.4430,1,2.108,2.360
271,DATA_20260321_091210.BIN,0.4908,11.3060,2.7815,11.3060,4.4330,1,18.406,23.651
272,DATA_20260321_091210.BIN,2.7815,15.9335,1.5041,15.9335,6.8860,1,15.335,16.254
273,DATA_20260321_091210.BIN,1.5041,19.6562,8.9474,19.6562,9.6030,1,11.187,12.998
274,DATA_20260321_091210.BIN,8.9474,23.6729,2.4745,23.6729,3.5090,1,11.777,11.798
275,DATA_20260321_091210.BIN,2.4745,13.4718,1.9758,13.4718,7.7000,1,8.861,9.731
276,DATA_20260321_091210.BIN,0.5505,10.0354,0.9612,10.0354,2.2990,1,11.891,15.391
277,DATA_20260321_091210.BIN,0.9612,9.5713,0.7237,9.5713,8.7780,1,9.348,10.606
278,DATA_20260321_091210.BIN,1.3571,13.1531,2.3798,13.1531,6.0280,1,6.022,6.128
279,DATA_20260321_091210.BIN,1.6359,13.2578,1.8083,13.2578,6.0720,1,3.643,3.812
280,DATA_20260321_091210.BIN,1.8083,10.7825,2.3080,10.7825,2.9150,1,8.838,10.176
281,DATA_20260321_091210.BIN,2.3080,14.3443,3.2684,14.3443,5.9730,1,5.943,6.307
282,DATA_20260321_091210.BIN,3.2684,61.9293,14.2125,61.9293,4.2240,1,7.411,7.566
283,DATA_20260321_091210.BIN,14.2125,39.6245,7.2477,39.6245,3.6520,1,16.940,17.674
284,DATA_20260321_091210.BIN,7.2477,16.9390,2.4432,16.9390,3.4320,1,5.592,5.967
285,DATA_20260321_091210.BIN,2.4432,25.3741,4.7995,25.3741,4.1360,1,1.631,6.827
286,DATA_20260321_091210.BIN,4.7995,12.2342,3.6041,12.2342,7.2160,1,9.435,10.801
287,DATA_20260321_091210.BIN,12.6088,23.6826,6.3205,23.6826,3.8280,1,14.311,16.890
288,DATA_20260321_091210.BIN,6.3205,16.2395,1.9935,16.2395,5.4010,1,8.311,9.821
289,DATA_20260321_091210.BIN,1.9935,26.9566,6.2577,26.9566,5.6650,1,8.571,10.724
290,DATA_20260321_091210.BIN,3.8834,57.9634,4.1040,57.9634,3.5310,1,6.989,9.480
291,DATA_20260321_091210.BIN,3.5997,16.5814,8.2041,16.5814,1.8700,1,5.480,5.762
292,DATA_20260321_091210.BIN,8.2041,14.0962,5.6970,14.0962,5.2030,1,21.274,23.875
293,DATA_20260321_091210.BIN,3.9813,13.4663,0.2509,13.4663,4.5430,1,10.181,12.586
294,DATA_20260321_091210.BIN,1.7894,13.5893,2.6871,13.5893,5.1810,1,4.012,4.379
295,DATA_20260321_091210.BIN,2.6871,55.4265,2.1308,55.4265,3.1240,1,0.507,6.340
296,DATA_20260321_091210.BIN,2.1308,11.5442,1.7561,11.5442,3.3440,1,3.306,7.550
297,DATA_20260321_091210.BIN,3.6388,19.1715,4.7401,19.1715,8.9430,1,5.951,6.255
298,DATA_20260321_091210.BIN,4.7401,72.1527,2.8684,72.1527,5.9400,1,0.944,8.613
299,DATA_20260321_091210.BIN,2.8684,63.2938,5.5194,63.2938,7.4360,1,3.238,3.409
300,DATA_20260321_091210.BIN,5.5194,44.7773,31.8539,44.7773,4.7410,1,9.275,11.684
301,DATA_20260321_091210.BIN,31.8539,44.8390,1.5679,44.8390,2.4200,1,42.274,45.651
302,DATA_20260321_091210.BIN,1.5679,20.6927,4.1636,20.6927,3.5640,1,0.690,6.435
303,DATA_20260321_091210.BIN,4.1636,15.9463,3.5717,15.9463,2.5410,1,6.603,6.963
304,DATA_20260321_091210.BIN,3.5717,12.9371,3.2837,12.9371,4.2570,1,7.979,8.012
305,DATA_20260321_091210.BIN,3.2837,11.0856,1.8070,11.0856,6.7430,1,2.723,6.777
306,DATA_20260321_091210.BIN,1.8070,12.0267,3.1404,12.0267,4.6090,1,5.105,5.105
307,DATA_20260321_091210.BIN,3.1404,59.6306,13.8786,59.6306,2.8930,1,3.139,10.071
308,DATA_20260321_091210.BIN,13.8786,67.4837,2.8459,67.4837,2.8160,1,20.326,20.334
309,DATA_20260321_091210.BIN,20.5194,42.3304,24.4160,42.3304,3.5200,1,24.611,24.909
310,DATA_20260321_091210.BIN,50.0456,63.9733,20.6807,63.9733,5.1150,1,63.538,64.056
311,DATA_20260321_091210.BIN,26.2481,53.2233,24.0389,53.2233,2.9700,1,24.953,24.992
312,DATA_20260321_091210.BIN,24.0389,44.4382,29.4500,44.4382,3.4430,1,19.449,19.561
313,DATA_20260321_091210.BIN,35.0210,47.7167,27.1072,47.7167,5.6540,1,32.287,32.620
314,DATA_20260321_091210.BIN,27.1072,48.8805,25.3292,48.8805,3.1460,1,16.956,17.224
315,DATA_20260321_091210.BIN,25.3292,38.5887,25.2985,38.5887,2.8050,1,13.367,13.486
316,DATA_20260321_091210.BIN,24.2776,36.0793,15.6858,36.0793,2.4750,1,12.468,12.502
317,DATA_20260321_091210.BIN,15.6858,25.5519,15.4036,25.5519,1.3530,1,2.906,3.027
318,DATA_20260321_091210.BIN,15.4036,47.0951,37.2584,47.0951,5.1920,1,5.219,6.275
319,DATA_20260321_091210.BIN,37.2584,46.6149,33.8065,46.6149,2.6840,1,26.946,27.758
320,DATA_20260321_091210.BIN,30.1557,38.6313,15.0616,38.6313,3.2450,1,19.801,20.004
321,DATA_20260321_091210.BIN,15.0616,37.8601,12.5706,37.8601,4.0480,1,11.087,11.087
322,DATA_20260321_091210.BIN,40.9244,68.2696,22.2009,68.2696,5.9290,1,29.062,29.371
323,DATA_20260321_091210.BIN,22.2009,34.6529,6.6857,34.6529,3.5420,1,6.587,6.628
324,DATA_20260321_091210.BIN,6.6857,64.7412,24.5109,64.7412,8.7010,1,19.208,20.172
325,DATA_20260321_091210.BIN,24.5109,38.5763,24.1955,38.5763,2.3100,1,9.479,9.829
326,DATA_20260321_091210.BIN,24.1955,38.7591,15.2726,38.7591,4.9390,1,6.064,6.123
327,DATA_20260321_091210.BIN,7.2322,25.6669,14.3100,25.6669,3.7400,1,16.744,17.167
328,DATA_20260321_091210.BIN,17.4815,29.1236,1.3738,29.1236,4.0260,1,1.255,3.411
329,DATA_20260321_091210.BIN,1.3738,27.7333,3.8739,27.7333,5.2800,1,24.903,25.116
330,DATA_20260321_091210.BIN,3.8739,30.4269,9.1662,30.4269,9.6360,1,18.182,18.262
331,DATA_20260321_091210.BIN,9.1662,33.1214,0.6512,33.1214,6.1710,1,15.669,17.592
332,DATA_20260321_091210.BIN,18.3298,42.1959,4.6335,42.1959,8.4700,1,6.349,6.514
333,DATA_20260321_091210.BIN,4.6335,13.5973,3.5123,13.5973,2.2440,1,10.028,13.179
334,DATA_20260321_091210.BIN,3.5123,13.6592,2.5369,13.6592,3.1350,1,17.559,18.801
335,DATA_20260321_091210.BIN,0.6765,18.0422,3.5957,18.0422,3.1790,1,14.545,16.277
336,DATA_20260321_091210.BIN,3.5957,27.3247,0.9118,27.3247,4.4000,1,17.268,18.075
337,DATA_20260321_091210.BIN,4.9984,19.6179,1.2896,19.6179,3.8170,1,3.454,6.911
338,DATA_20260321_091210.BIN,2.5836,16.3670,1.9129,16.3670,3.3770,1,11.960,13.054
339,DATA_20260321_091210.BIN,1.9129,18.3385,6.1453,18.3385,3.4760,1,7.480,8.104
340,DATA_20260321_091210.BIN,7.1393,33.2363,7.8455,33.2363,2.0570,1,4.039,8.130
341,DATA_20260321_091210.BIN,26.2043,35.0834,16.7983,35.0834,3.2670,1,21.288,22.508
342,DATA_20260321_091210.BIN,24.0328,55.7422,1.1128,55.7422,2.2770,1,17.862,18.451
343,DATA_20260321_091210.BIN,1.1128,62.9765,5.0803,62.9765,6.9410,1,17.041,17.069
344,DATA_20260321_091210.BIN,4.0616,12.8939,4.4475,12.8939,5.2360,1,17.090,17.735
345,DATA_20260321_091210.BIN,4.0478,54.4061,3.9029,54.4061,6.7760,1,13.949,14.276
346,DATA_20260321_091210.BIN,3.9029,59.6215,7.8964,59.6215,3.7290,1,12.073,12.915
347,DATA_20260321_091210.BIN,7.8964,36.5704,3.3955,36.5704,4.4770,1,7.002,8.658
348,DATA_20260321_091210.BIN,3.3955,22.8479,4.4473,22.8479,6.5450,1,7.573,7.994
349,DATA_20260321_091210.BIN,8.2992,17.1474,2.8963,17.1474,3.6520,1,15.065,16.051
350,DATA_20260321_091210.BIN,42.6479,51.3640,33.7971,51.3640,2.2440,1,48.904,49.381
351,DATA_20260321_091210.BIN,43.6872,54.4172,33.0964,54.4172,9.3940,1,48.834,49.291
352,DATA_20260321_091210.BIN,24.5841,68.6179,59.9810,68.6179,7.6450,1,16.322,16.404
353,DATA_20260321_091210.BIN,12.7877,69.4391,10.4889,69.4391,4.6530,1,10.139,10.145
354,DATA_20260321_091210.BIN,10.4889,20.0904,4.5390,20.0904,1.7270,1,27.765,28.104
355,DATA_20260321_100000.BIN,35.9094,43.0209,30.3221,43.0209,1.2540,1,5.022,5.035
356,DATA_20260321_100000.BIN,30.3221,44.5514,32.4689,44.5514,1.4520,1,11.554,12.035
357,DATA_20260321_100000.BIN,32.4689,37.6778,30.6519,37.6778,1.0780,1,8.206,10.904
358,DATA_20260321_100000.BIN,30.6519,39.2959,34.2596,39.2959,1.4300,1,8.367,8.387
359,DATA_20260321_100000.BIN,31.0252,47.8822,39.7073,47.8822,1.8480,1,7.209,9.554
360,DATA_20260321_100000.BIN,39.7073,85.8804,57.3371,85.8804,5.3350,1,3.831,10.410
361,DATA_20260321_100000.BIN,57.3371,73.1725,39.4957,73.1725,4.0150,1,25.781,25.788
362,DATA_20260321_100000.BIN,39.4957,47.9256,43.0994,47.9256,2.2440,1,3.313,5.350
363,DATA_20260321_100000.BIN,43.0994,53.3132,45.1674,53.3132,2.8820,1,6.923,7.056
364,DATA_20260321_100000.BIN,46.8799,53.8355,46.0848,53.8355,1.2760,1,9.057,10.699
365,DATA_20260321_100000.BIN,77.9461,88.1773,51.7696,88.1773,2.3430,1,52.557,52.820
366,DATA_20260321_100000.BIN,39.2219,74.1652,67.2187,74.1652,2.9700,1,9.905,10.354
367,DATA_20260321_100000.BIN,71.8930,77.3859,65.3688,77.3859,3.6190,1,36.848,37.369
368,DATA_20260321_100000.BIN,65.3688,81.8352,69.8242,81.8352,6.8860,1,22.326,23.759
369,DATA_20260321_100000.BIN,69.8242,76.7046,58.4055,76.7046,3.5200,1,27.042,27.153
370,DATA_20260321_100000.BIN,42.8932,52.6006,38.1918,52.6006,4.1800,1,14.343,18.239
371,DATA_20260321_100000.BIN,31.6280,50.1676,31.2440,50.1676,5.0600,1,22.428,22.561
372,DATA_20260321_100000.BIN,31.2440,46.9898,42.2696,46.9898,2.1120,1,21.941,21.974
373,DATA_20260321_100000.BIN,42.2696,48.7521,36.8853,48.7521,1.1660,1,8.623,10.092
374,DATA_20260321_100000.BIN,36.8853,59.3625,47.7968,59.3625,1.7270,1,13.461,13.491
375,DATA_20260321_100000.BIN,47.7968,57.9869,49.6504,57.9869,2.6950,1,4.575,4.834
376,DATA_20260321_100000.BIN,49.6504,57.4441,51.1745,57.4441,1.4300,1,7.441,10.753
377,DATA_20260321_100000.BIN,51.1745,58.3763,49.5788,58.3763,2.8490,1,6.743,7.652
378,DATA_20260321_100000.BIN,49.5788,57.8994,37.7557,57.8994,4.6860,1,3.721,6.692
379,DATA_20260321_100000.BIN,37.7557,46.5832,36.9625,46.5832,2.5630,1,13.343,14.087
380,DATA_20260321_100000.BIN,36.9625,53.9524,42.6624,53.9524,1.9140,1,15.029,15.196
381,DATA_20260321_100000.BIN,42.3525,87.6300,55.9077,87.6300,4.4000,1,3.182,3.234
382,DATA_20260321_100000.BIN,55.9077,62.4226,56.9034,62.4226,2.5630,1,17.393,19.177
383,DATA_20260321_100000.BIN,56.9034,61.8155,59.3518,61.8155,5.2470,1,16.756,17.690
384,DATA_20260321_100000.BIN,59.3518,64.0817,48.1069,64.0817,2.6730,1,16.346,16.819
385,DATA_20260321_100000.BIN,48.1069,65.3284,36.4323,65.3284,3.7510,1,2.390,6.554
386,DATA_20260321_100000.BIN,38.2930,74.8417,59.0820,74.8417,5.9180,1,14.262,14.423
387,DATA_20260321_100000.BIN,59.0820,72.1346,65.6258,72.1346,1.2650,1,19.541,22.763
388,DATA_20260321_100000.BIN,65.6258,71.8518,64.8578,71.8518,2.0900,1,23.355,25.514
389,DATA_20260321_100000.BIN,70.2377,75.0826,69.5978,75.0826,1.8150,1,29.232,30.769
390,DATA_20260321_100000.BIN,69.5978,75.2704,71.4983,75.2704,1.7490,1,24.356,25.054
391,DATA_20260321_100000.BIN,71.4983,75.2200,69.7724,75.2200,2.1670,1,24.174,24.956
392,DATA_20260321_100000.BIN,69.7724,76.0360,69.3639,76.0360,1.9030,1,20.355,20.987
393,DATA_20260321_100000.BIN,69.3639,87.3196,80.3867,87.3196,2.7830,1,20.329,21.036
394,DATA_20260321_100000.BIN,80.3867,88.5330,68.3803,88.5330,2.9810,1,32.587,33.695
395,DATA_20260321_100000.BIN,68.3803,75.4500,66.8325,75.4500,1.8480,1,12.970,14.872
396,DATA_20260321_100000.BIN,66.8325,75.2929,68.4854,75.2929,1.8040,1,9.238,9.282
397,DATA_20260321_100000.BIN,70.0261,79.5876,68.6157,79.5876,2.6840,1,11.845,11.896
398,DATA_20260321_100000.BIN,68.6157,81.8265,66.5812,81.8265,1.8700,1,9.642,10.131
399,DATA_20260321_100000.BIN,71.9296,81.4722,69.0937,81.4722,2.7720,1,12.683,13.040
400,DATA_20260321_100000.BIN,69.0937,77.6500,67.9571,77.6500,2.0130,1,5.926,6.375
401,DATA_20260321_100000.BIN,67.9571,75.7977,68.3758,75.7977,1.0670,1,3.971,4.090
402,DATA_20260321_100000.BIN,68.3758,75.0500,65.1686,75.0500,1.0670,1,8.059,8.644
403,DATA_20260321_100000.BIN,65.1686,75.8346,66.4200,75.8346,2.2110,1,5.749,5.761
404,DATA_20260321_100000.BIN,66.4200,75.1530,67.1791,75.1530,2.2550,1,1.301,1.312
405,DATA_20260321_100000.BIN,67.1791,79.8088,67.8713,79.8088,2.0790,1,3.026,3.036
406,DATA_20260321_100000.BIN,67.8713,76.9629,48.9270,76.9629,5.4120,1,5.492,5.680
407,DATA_20260321_100000.BIN,48.9270,56.3601,49.8513,56.3601,3.3990,1,21.355,21.789
408,DATA_20260321_100000.BIN,49.8513,65.7265,53.0497,65.7265,3.5640,1,28.139,29.760
409,DATA_20260321_100000.BIN,53.0497,62.5991,51.3136,62.5991,2.0900,1,22.136,22.269
410,DATA_20260321_100000.BIN,51.3136,68.5278,61.2053,68.5278,2.6510,1,26.479,30.079
411,DATA_20260321_100000.BIN,37.8983,49.1362,42.7509,49.1362,1.1110,1,26.516,27.012
412,DATA_20260321_100000.BIN,42.7509,50.2888,45.2040,50.2888,1.2320,1,18.894,19.295
413,DATA_20260321_100000.BIN,45.2040,52.5004,41.8031,52.5004,2.3650,1,21.264,21.266
414,DATA_20260321_100000.BIN,41.8031,84.8196,63.9969,84.8196,4.0810,1,18.131,18.540
415,DATA_20260321_100000.BIN,63.9969,72.3072,57.2031,72.3072,4.0700,1,12.050,13.795
416,DATA_20260321_100000.BIN,57.2031,71.7238,61.4611,71.7238,4.5430,1,4.301,6.023
417,DATA_20260321_100000.BIN,61.4611,68.5773,61.5158,68.5773,1.3860,1,8.937,9.003
418,DATA_20260321_100000.BIN,61.5158,68.8864,61.1250,68.8864,1.5510,1,7.587,7.651
419,DATA_20260321_100000.BIN,61.1250,71.3051,47.4237,71.3051,4.1360,1,5.962,5.962
420,DATA_20260321_100000.BIN,47.4237,71.4457,54.1456,71.4457,2.9260,1,12.293,12.340
421,DATA_20260321_100000.BIN,54.1456,75.0690,63.9850,75.0690,2.2880,1,3.254,4.447
422,DATA_20260321_100000.BIN,63.9850,69.0088,63.7559,69.0088,2.6180,1,9.808,10.195
423,DATA_20260321_100000.BIN,63.7559,69.4136,63.9077,69.4136,1.6610,1,9.815,10.096
424,DATA_20260321_100000.BIN,63.9077,72.1425,65.5128,72.1425,2.2110,1,9.268,9.724
425,DATA_20260321_100000.BIN,65.5128,72.2087,62.4143,72.2087,2.1010,1,8.857,9.933
426,DATA_20260321_100000.BIN,62.4143,68.8584,62.0165,68.8584,1.9030,1,3.323,7.314
427,DATA_20260321_100000.BIN,62.0165,67.8474,61.3993,67.8474,2.0570,1,2.839,4.373
428,DATA_20260321_100000.BIN,61.3993,67.5569,58.8330,67.5569,2.1560,1,3.786,5.729
429,DATA_20260321_100000.BIN,58.8330,64.9599,56.9278,64.9599,1.2430,1,2.936,6.216
430,DATA_20260321_100000.BIN,56.9278,74.5102,59.7279,74.5102,2.6730,1,3.587,3.771
431,DATA_20260321_100000.BIN,59.7279,71.0431,64.2881,71.0431,2.1230,1,5.869,6.913
432,DATA_20260321_100000.BIN,64.2881,75.6493,70.0676,75.6493,1.2100,1,5.774,6.724
433,DATA_20260321_100000.BIN,70.0676,74.8137,68.6819,74.8137,1.0560,1,14.077,14.206
434,DATA_20260321_100000.BIN,68.6819,75.6890,68.9034,75.6890,1.1440,1,10.188,10.403
435,DATA_20260321_100000.BIN,68.9034,75.5924,63.0648,75.5924,1.4080,1,10.144,10.190
436,DATA_20260321_100000.BIN,63.0648,78.9391,62.1597,78.9391,1.5180,1,1.059,1.538
437,DATA_20260321_100000.BIN,62.1597,78.6611,64.1859,78.6611,2.2000,1,4.664,5.028
438,DATA_20260321_100000.BIN,64.1859,78.7351,64.3275,78.7351,2.4860,1,3.650,5.290
439,DATA_20260321_100000.BIN,64.7817,71.7941,64.1033,71.7941,1.2210,1,3.284,3.347
440,DATA_20260321_100000.BIN,64.1033,73.9487,64.7850,73.9487,1.1880,1,1.956,2.316
441,DATA_20260321_100000.BIN,64.7850,69.6878,63.9903,69.6878,1.0780,1,3.384,3.876
442,DATA_20260321_100000.BIN,63.9903,69.8613,64.9653,69.8613,1.0670,1,1.050,1.353
443,DATA_20260321_100000.BIN,64.9653,71.7465,64.2545,71.7465,1.2870,1,2.606,2.872
444,DATA_20260321_100000.BIN,64.2545,69.1803,64.8733,69.1803,2.1780,1,0.578,2.561
445,DATA_20260321_100000.BIN,64.8733,71.2473,40.6498,71.2473,5.3350,1,1.915,1.928
446,DATA_20260321_100000.BIN,40.6498,61.7473,48.9392,61.7473,5.0490,1,27.456,27.888
447,DATA_20260321_100000.BIN,48.9392,58.2446,54.4715,58.2446,3.6080,1,16.074,16.113
448,DATA_20260321_100000.BIN,54.4715,61.3913,41.3490,61.3913,6.4350,1,9.194,10.551
449,DATA_20260321_100000.BIN,41.3490,50.2816,41.4022,50.2816,4.4440,1,23.689,24.137
450,DATA_20260321_100000.BIN,41.4022,55.7098,44.0109,55.7098,2.2660,1,20.053,20.056
451,DATA_20260321_100000.BIN,44.0109,83.5892,78.7410,83.5892,3.9160,1,14.839,15.074
452,DATA_20260321_100000.BIN,78.7410,88.4655,74.6641,88.4655,2.8710,1,35.790,35.804
453,DATA_20260321_100000.BIN,74.6641,79.3382,58.7207,79.3382,3.5860,1,24.827,24.862
454,DATA_20260321_100000.BIN,59.0964,76.7789,58.0135,76.7789,2.9480,1,8.062,8.434
455,DATA_20260321_100000.BIN,58.0135,78.1134,63.1608,78.1134,2.3650,1,2.234,2.253
456,DATA_20260321_100000.BIN,63.1608,68.3868,62.8135,68.3868,1.9470,1,6.594,6.713
457,DATA_20260321_100000.BIN,62.8135,69.3590,63.3758,69.3590,1.9690,1,5.712,5.818
458,DATA_20260321_100000.BIN,63.3758,68.6938,63.5388,68.6938,2.3100,1,5.066,5.134
459,DATA_20260321_100000.BIN,63.5388,74.4774,64.2624,74.4774,3.4320,1,4.414,4.414
460,DATA_20260321_100000.BIN,64.2624,75.5764,65.2751,75.5764,2.2440,1,4.898,5.094
461,DATA_20260321_100000.BIN,65.2751,77.2295,67.7243,77.2295,1.5840,1,5.699,5.719
462,DATA_20260321_100000.BIN,67.7243,79.7282,66.6708,79.7282,2.4640,1,9.690,10.088
463,DATA_20260321_100000.BIN,66.6708,80.3811,67.5947,80.3811,3.5970,1,4.878,7.816
464,DATA_20260321_100000.BIN,67.5947,75.6149,66.9970,75.6149,2.1010,1,7.125,7.443
465,DATA_20260321_100000.BIN,66.9970,76.1541,68.6405,76.1541,1.9140,1,4.632,6.112
466,DATA_20260321_100000.BIN,71.4741,79.8385,71.5159,79.8385,2.1560,1,11.101,12.820
467,DATA_20260321_100000.BIN,71.5159,84.4628,73.0105,84.4628,3.3330,1,10.805,10.812
468,DATA_20260321_100000.BIN,73.0105,78.5627,74.6916,78.5627,2.2440,1,13.428,13.439
469,DATA_20260321_100000.BIN,74.6916,80.7108,70.8537,80.7108,4.5320,1,15.675,15.687
470,DATA_20260321_100000.BIN,73.1467,77.0429,48.4750,77.0429,5.3350,1,9.344,9.441
471,DATA_20260321_100000.BIN,48.4750,66.9603,59.3544,66.9603,4.5430,1,24.810,24.831
472,DATA_20260321_100000.BIN,39.6043,55.6865,50.0344,55.6865,2.0570,1,32.791,32.798
473,DATA_20260321_100000.BIN,50.0344,55.7150,51.6610,55.7150,3.7950,1,29.864,29.923
474,DATA_20260321_100000.BIN,51.6610,88.8620,74.5995,88.8620,1.8920,1,17.008,18.109
475,DATA_20260321_100000.BIN,74.5995,80.3586,75.2987,80.3586,1.1000,1,108.941,109.612
476,DATA_20260321_100000.BIN,75.2987,83.4693,80.3206,83.4693,1.7490,1,99.560,99.586
477,DATA_20260321_100000.BIN,80.3206,89.0802,74.1883,89.0802,2.9260,1,78.111,78.784
478,DATA_20260321_100000.BIN,74.1883,78.1666,62.5003,78.1666,2.6510,1,15.145,15.595
479,DATA_20260321_100000.BIN,62.5003,68.9486,47.7082,68.9486,3.3550,1,26.977,27.405
480,DATA_20260321_100000.BIN,47.7082,89.3412,83.3492,89.3412,3.6520,1,41.493,41.582
481,DATA_20260321_100000.BIN,83.3492,87.8985,61.6041,87.8985,3.1900,1,17.735,17.764
482,DATA_20260321_100000.BIN,61.6041,71.5580,65.1756,71.5580,2.7060,1,27.144,27.453
483,DATA_20260321_100000.BIN,68.7180,88.8793,59.0496,88.8793,2.5300,1,8.768,10.840
484,DATA_20260321_100000.BIN,59.0496,74.6294,66.7123,74.6294,1.3970,1,114.388,114.492
485,DATA_20260321_100000.BIN,66.7123,88.8332,69.5583,88.8332,3.9270,1,91.029,91.032
486,DATA_20260321_100000.BIN,69.5583,74.7924,55.1434,74.7924,2.5960,1,29.018,29.072
487,DATA_20260321_100000.BIN,55.1434,80.1411,66.4794,80.1411,2.3540,1,43.888,44.571
488,DATA_20260321_100000.BIN,66.4794,80.1106,67.1280,80.1106,2.1890,1,26.213,27.531
489,DATA_20260321_100000.BIN,67.1280,89.0224,57.8033,89.0224,3.3660,1,24.532,24.767
490,DATA_20260321_100000.BIN,57.8033,88.7310,45.1331,88.7310,2.8600,1,31.864,31.932
491,DATA_20260321_100000.BIN,45.1331,77.6301,64.1329,77.6301,4.8180,1,42.528,43.181
492,DATA_20260321_100000.BIN,64.1329,70.1942,64.0904,70.1942,1.6940,1,15.877,15.879
493,DATA_20260321_100000.BIN,64.0904,71.7305,64.7345,71.7305,2.2110,1,14.844,14.844
494,DATA_20260321_100000.BIN,64.7345,73.9415,60.5824,73.9415,3.3000,1,11.975,12.923
495,DATA_20260321_100000.BIN,60.5824,67.1580,59.6922,67.1580,1.2870,1,22.599,22.600
496,DATA_20260321_100000.BIN,59.6922,72.6201,63.2120,72.6201,2.7500,1,16.139,16.331
497,DATA_20260321_100000.BIN,63.2120,73.5039,65.2094,73.5039,2.6950,1,9.304,9.471
498,DATA_20260321_100000.BIN,65.2094,88.3467,48.5784,88.3467,4.9280,1,5.189,6.734
499,DATA_20260321_100000.BIN,48.5784,87.3512,48.9015,87.3512,3.3220,1,26.834,26.836
500,DATA_20260321_100000.BIN,48.9015,58.3357,51.5452,58.3357,3.6520,1,23.259,23.287
501,DATA_20260321_100000.BIN,51.5452,63.5488,48.8058,63.5488,2.5520,1,18.879,19.412
502,DATA_20260321_100000.BIN,48.8058,58.3243,53.8479,58.3243,1.9690,1,17.245,20.383
503,DATA_20260321_100000.BIN,49.0660,57.1123,32.5341,57.1123,3.2890,1,17.576,18.433
504,DATA_20260321_100000.BIN,32.5341,48.5251,41.3035,48.5251,1.8700,1,34.764,34.961
505,DATA_20260321_100000.BIN,41.3035,55.4285,47.1336,55.4285,1.6610,1,22.966,23.486
506,DATA_20260321_100000.BIN,47.1336,53.6340,45.9649,53.6340,1.1550,1,14.592,14.672
507,DATA_20260321_100000.BIN,45.9649,79.4896,53.6485,79.4896,6.2150,1,14.349,14.402
508,DATA_20260321_100000.BIN,53.6485,89.2914,41.8659,89.2914,5.9840,1,6.547,7.590
509,DATA_20260321_100000.BIN,41.8659,88.1293,81.0756,88.1293,3.3330,1,15.518,15.691
510,DATA_20260321_100000.BIN,81.0756,88.2808,81.1186,88.2808,1.6060,1,44.209,45.075
511,DATA_20260321_100000.BIN,81.1186,88.3593,54.8319,88.3593,1.5290,1,113.132,120.386
512,DATA_20260321_100000.BIN,54.8319,89.4886,48.2299,89.4886,8.0850,1,12.956,13.014
513,DATA_20260321_100000.BIN,48.2299,88.6459,60.5873,88.6459,2.9260,1,19.156,19.706
514,DATA_20260321_100000.BIN,60.5873,88.9427,47.0571,88.9427,5.0270,1,132.363,138.563
515,DATA_20260321_100000.BIN,47.0571,54.4772,44.4714,54.4772,9.5370,1,31.497,32.042
516,DATA_20260321_100000.BIN,44.4714,51.6721,35.6190,51.6721,5.7970,1,32.083,32.547
517,DATA_20260321_100000.BIN,35.6190,86.7012,77.2761,86.7012,2.8820,1,54.423,56.243
518,DATA_20260321_100000.BIN,77.2761,88.7771,63.3383,88.7771,1.1220,1,106.721,112.993
519,DATA_20260321_100000.BIN,63.3383,76.3511,64.6950,76.3511,2.8930,1,26.997,29.702
520,DATA_20260321_100000.BIN,64.6950,73.1467,68.3896,73.1467,1.5400,1,22.062,22.220
521,DATA_20260321_100000.BIN,68.3896,73.3149,62.0392,73.3149,2.1340,1,28.443,29.742
522,DATA_20260321_100000.BIN,63.9757,70.3242,56.6635,70.3242,2.8050,1,23.521,24.045
523,DATA_20260321_100000.BIN,56.6635,64.1222,46.9045,64.1222,1.4300,1,17.141,17.314
524,DATA_20260321_100000.BIN,46.9045,56.3312,47.5106,56.3312,2.7170,1,26.181,26.193
525,DATA_20260321_100000.BIN,47.5106,65.1679,56.5656,65.1679,2.7610,1,24.254,24.946
526,DATA_20260321_100000.BIN,56.5656,72.3229,60.6927,72.3229,3.3990,1,13.041,13.056
527,DATA_20260321_100000.BIN,60.6927,67.1238,59.9931,67.1238,3.0690,1,13.718,13.914
528,DATA_20260321_100000.BIN,59.9931,66.2283,60.2880,66.2283,1.2870,1,10.827,10.974
529,DATA_20260321_100000.BIN,60.2880,64.1798,51.5622,64.1798,2.2990,1,18.251,18.475
530,DATA_20260321_100000.BIN,51.5622,71.8222,64.0236,71.8222,3.6850,1,15.752,16.988
531,DATA_20260321_100000.BIN,63.3833,74.6302,68.0248,74.6302,1.3200,1,16.711,16.745
532,DATA_20260321_100000.BIN,68.0248,77.3696,72.6755,77.3696,1.3640,1,13.452,13.453
533,DATA_20260321_100000.BIN,72.6755,80.5484,68.8849,80.5484,2.6950,1,16.483,16.562
534,DATA_20260321_100000.BIN,68.8849,75.2572,68.6923,75.2572,2.4970,1,7.119,9.043
535,DATA_20260321_100000.BIN,68.6923,75.8698,69.7318,75.8698,3.0140,1,10.284,11.916
536,DATA_20260321_100000.BIN,69.7318,89.2505,74.6489,89.2505,5.6760,1,7.514,8.632
537,DATA_20260321_100000.BIN,75.9325,83.0361,51.6751,83.0361,5.4340,1,16.490,17.734
538,DATA_20260321_100000.BIN,51.6751,74.4435,68.9815,74.4435,3.6080,1,26.230,26.247
539,DATA_20260321_100000.BIN,68.9815,74.5786,68.2031,74.5786,1.1220,1,9.842,9.857
540,DATA_20260321_100000.BIN,69.4129,74.3634,59.7921,74.3634,2.7170,1,7.163,7.615
541,DATA_20260321_100000.BIN,59.7921,68.8835,49.9260,68.8835,1.5290,1,7.700,7.796
542,DATA_20260321_100000.BIN,49.9260,72.9658,62.2159,72.9658,2.4750,1,19.247,19.250
543,DATA_20260321_100000.BIN,62.2159,74.3687,70.7645,74.3687,3.3770,1,2.166,2.167
544,DATA_20260321_100000.BIN,70.7645,79.5864,72.6249,79.5864,2.2220,1,9.617,11.192
545,DATA_20260321_100000.BIN,72.6249,83.1269,68.2267,83.1269,2.7610,1,11.029,13.257
546,DATA_20260321_100000.BIN,70.8031,77.6660,43.5803,77.6660,6.0170,1,9.177,9.345
547,DATA_20260321_100000.BIN,43.5803,51.8523,41.6126,51.8523,2.1560,1,26.891,27.720
548,DATA_20260321_100000.BIN,41.6126,67.1587,54.1884,67.1587,3.2010,1,30.483,30.550
549,DATA_20260321_100000.BIN,54.1884,69.8005,56.0428,69.8005,2.9150,1,16.506,16.568
550,DATA_20260321_100000.BIN,56.0428,69.1355,58.6928,69.1355,5.8300,1,8.450,8.494
551,DATA_20260321_100000.BIN,58.6928,63.5590,57.1225,63.5590,1.3970,1,2.461,2.947
552,DATA_20260321_100000.BIN,51.1054,52.8613,48.2438,52.8613,5.7530,1,13.407,15.109
553,DATA_20260321_100000.BIN,48.2438,54.8742,44.8880,54.8742,3.3000,1,15.054,16.164
554,DATA_20260321_100000.BIN,44.8880,88.1482,80.0656,88.1482,3.5310,1,13.434,19.024
555,DATA_20260321_100000.BIN,80.0656,88.9568,60.3384,88.9568,1.4410,1,113.071,116.448
556,DATA_20260321_100000.BIN,60.3384,72.3476,64.1899,72.3476,2.5080,1,15.725,21.042
557,DATA_20260321_100000.BIN,64.1899,88.3813,45.2545,88.3813,5.7860,1,1.751,5.952
558,DATA_20260321_100000.BIN,45.7052,53.7626,43.0733,53.7626,1.8810,1,23.842,23.954
559,DATA_20260321_100000.BIN,43.9303,55.6222,38.5915,55.6222,1.6390,1,23.101,23.621
560,DATA_20260321_100000.BIN,38.5915,49.1168,42.0577,49.1168,1.3860,1,26.413,26.445
561,DATA_20260321_100000.BIN,42.0577,87.6213,45.5675,87.6213,3.5090,1,20.272,20.307
562,DATA_20260321_100000.BIN,45.5675,54.4566,35.5666,54.4566,2.7500,1,18.370,19.764
563,DATA_20260321_100000.BIN,35.5666,59.0515,55.8605,59.0515,6.5890,1,23.433,24.174
564,DATA_20260321_100000.BIN,55.8605,62.5492,42.3108,62.5492,4.2570,1,2.922,4.883
565,DATA_20260321_100000.BIN,42.3108,51.7338,44.6283,51.7338,1.3530,1,16.250,17.044
566,DATA_20260321_100000.BIN,44.6283,50.6108,46.0314,50.6108,1.3420,1,9.390,9.960
567,DATA_20260321_100000.BIN,46.0314,56.2800,46.3865,56.2800,2.9920,1,9.649,10.417
568,DATA_20260321_100000.BIN,46.3865,59.2841,47.8573,59.2841,2.6290,1,6.926,8.071
569,DATA_20260321_100000.BIN,47.8573,67.6589,53.7513,67.6589,4.9500,1,8.553,8.557
570,DATA_20260321_100000.BIN,57.3565,69.9881,58.9486,69.9881,3.3880,1,16.190,16.474
571,DATA_20260321_100000.BIN,60.5684,77.6492,58.9832,77.6492,3.3550,1,22.213,22.986
572,DATA_20260321_100000.BIN,58.9832,63.5396,58.4405,63.5396,1.1110,1,15.658,16.143
573,DATA_20260321_100000.BIN,58.4405,73.2128,53.3598,73.2128,1.6280,1,14.407,16.333
574,DATA_20260321_100000.BIN,53.3598,89.0085,80.1829,89.0085,4.5650,1,3.959,3.988
575,DATA_20260321_100000.BIN,65.3483,83.2393,69.6730,83.2393,3.5640,1,16.021,16.021
576,DATA_20260321_100000.BIN,69.6730,81.0430,75.1693,81.0430,3.3990,1,21.252,23.181
577,DATA_20260321_100000.BIN,75.1693,84.3574,69.2479,84.3574,4.3560,1,26.894,27.440
578,DATA_20260321_100000.BIN,69.2479,75.3203,68.7944,75.3203,2.4090,1,16.225,16.262
579,DATA_20260321_100000.BIN,69.5426,77.7580,64.0691,77.7580,1.4410,1,14.785,15.017
580,DATA_20260321_100000.BIN,64.0691,81.9223,70.2741,81.9223,4.8950,1,7.156,7.615
581,DATA_20260321_100000.BIN,70.2741,84.9585,72.9370,84.9585,3.2230,1,16.254,16.900
582,DATA_20260321_100000.BIN,72.9370,82.9056,68.9529,82.9056,2.3650,1,23.030,24.750
583,DATA_20260321_100000.BIN,68.9529,80.3177,68.1937,80.3177,4.2680,1,10.451,10.451
584,DATA_20260321_100000.BIN,68.1937,79.7983,60.5929,79.7983,3.5420,1,9.230,9.230
585,DATA_20260321_100000.BIN,60.5929,81.2850,76.8178,81.2850,3.3440,1,6.611,6.922
586,DATA_20260321_100000.BIN,76.8178,81.5154,76.7424,81.5154,1.8700,1,20.758,20.784
587,DATA_20260321_100000.BIN,76.7424,81.8532,75.6905,81.8532,3.5640,1,27.143,27.157
588,DATA_20260321_100000.BIN,71.5721,83.1511,39.3129,83.1511,6.1820,1,12.104,13.063
589,DATA_20260321_100000.BIN,39.3129,76.3574,60.8021,76.3574,2.4970,1,30.303,34.629
590,DATA_20260321_100000.BIN,60.8021,75.5903,48.0039,75.5903,3.2560,1,7.129,7.174
591,DATA_20260321_100000.BIN,48.0039,72.8770,57.3798,72.8770,2.0790,1,31.156,35.443
592,DATA_20260321_100000.BIN,57.3798,65.8808,56.7089,65.8808,2.1780,1,4.957,8.034
593,DATA_20260321_100000.BIN,56.7089,70.3560,57.5907,70.3560,4.0920,1,5.790,6.471
594,DATA_20260321_100000.BIN,57.5907,64.6248,53.7558,64.6248,1.5070,1,6.937,6.963
595,DATA_20260321_100000.BIN,53.7558,62.9360,52.7639,62.9360,1.3200,1,7.679,10.638
596,DATA_20260321_100000.BIN,52.7639,73.3264,54.7897,73.3264,5.0490,1,12.245,13.895
597,DATA_20260321_100000.BIN,60.1454,65.7595,55.2990,65.7595,2.6620,1,0.270,2.963
598,DATA_20260321_100000.BIN,55.2990,61.8541,53.5413,61.8541,1.1440,1,7.018,9.125
599,DATA_20260321_100000.BIN,53.5413,63.0693,57.8488,63.0693,2.2990,1,7.889,8.231
600,DATA_20260321_100000.BIN,57.8488,62.3282,59.1384,62.3282,5.2580,1,10.127,10.259
601,DATA_20260321_100000.BIN,59.1384,87.9935,70.7257,87.9935,2.3210,1,4.412,5.022
602,DATA_20260321_100000.BIN,70.7257,88.7613,52.2565,88.7613,3.0140,1,128.646,130.454
603,DATA_20260321_100000.BIN,52.2565,79.7197,45.6676,79.7197,2.4750,1,19.976,21.504
604,DATA_20260321_100000.BIN,45.6676,51.1947,34.9693,51.1947,2.6290,1,28.131,28.376
605,DATA_20260321_100000.BIN,34.9693,55.1885,47.4468,55.1885,2.2330,1,35.266,35.285
606,DATA_20260321_100000.BIN,50.8855,71.3260,65.6978,71.3260,1.9910,1,13.265,13.393
607,DATA_20260321_100000.BIN,65.6978,74.4186,61.6027,74.4186,2.3980,1,5.878,12.840
608,DATA_20260321_100000.BIN,50.3379,80.2934,72.6374,80.2934,2.1780,1,15.587,16.558
609,DATA_20260321_100000.BIN,72.6374,76.7811,68.1433,76.7811,3.1570,1,19.072,20.283
610,DATA_20260321_100000.BIN,62.9117,73.2124,51.5829,73.2124,2.4200,1,9.896,9.896
611,DATA_20260321_100000.BIN,51.5829,79.7521,59.3466,79.7521,4.7630,1,14.696,15.155
612,DATA_20260321_100000.BIN,59.3466,71.4509,59.4901,71.4509,3.8610,1,13.950,14.690
613,DATA_20260321_100000.BIN,59.4901,75.5165,58.2952,75.5165,3.8940,1,0.781,3.662
614,DATA_20260321_100000.BIN,58.2952,72.0611,59.9852,72.0611,1.3640,1,5.880,6.414
615,DATA_20260321_100000.BIN,62.9016,68.4527,54.2889,68.4527,3.5310,1,8.217,13.694
616,DATA_20260321_100000.BIN,54.2889,87.8200,60.3389,87.8200,4.1580,1,8.446,8.775
617,DATA_20260321_100000.BIN,60.3389,74.6426,52.0550,74.6426,2.1230,1,5.757,5.757
618,DATA_20260321_100000.BIN,52.0550,63.1595,59.3627,63.1595,1.8150,1,10.390,10.846
619,DATA_20260321_100000.BIN,65.3815,72.0051,60.1382,72.0051,4.2900,1,12.969,13.140
620,DATA_20260321_100000.BIN,60.1382,71.1145,54.7794,71.1145,3.3220,1,4.294,4.338
621,DATA_20260321_100000.BIN,54.7794,77.9093,43.8942,77.9093,3.6960,1,5.465,8.238
622,DATA_20260321_100000.BIN,43.8942,64.9255,46.1056,64.9255,3.2230,1,24.412,26.232
623,DATA_20260321_100000.BIN,46.1056,56.8060,51.8858,56.8060,1.4190,1,13.334,13.627
624,DATA_20260321_100000.BIN,51.8858,87.8040,82.9579,87.8040,2.9040,1,7.510,8.018
625,DATA_20260321_100000.BIN,82.9579,87.2885,56.8356,87.2885,2.5960,1,44.571,44.629
626,DATA_20260321_100000.BIN,56.8356,88.5833,49.2845,88.5833,6.4900,1,19.955,20.130
627,DATA_20260321_100000.BIN,49.2845,53.7567,41.1773,53.7567,2.3430,1,20.167,20.227
628,DATA_20260321_100000.BIN,41.1773,47.9069,43.3016,47.9069,2.4970,1,22.480,22.695
629,DATA_20260321_100000.BIN,43.3016,52.6063,42.3202,52.6063,2.7060,1,18.753,19.258
630,DATA_20260321_100000.BIN,42.3202,45.1584,34.7655,45.1584,2.9700,1,20.216,20.399
631,DATA_20260321_100000.BIN,34.7655,48.7003,42.0775,48.7003,1.7490,1,22.976,23.597
632,DATA_20260321_100000.BIN,42.0775,49.9219,33.1169,49.9219,1.7820,1,13.555,13.857
633,DATA_20260321_100000.BIN,33.1169,59.6403,46.3412,59.6403,3.7620,1,26.370,26.885
634,DATA_20260321_100000.BIN,32.7642,77.3786,33.3701,77.3786,3.5200,1,19.268,20.534
635,DATA_20260321_100000.BIN,33.3701,50.0442,38.5662,50.0442,2.0570,1,15.330,16.338
636,DATA_20260321_100000.BIN,50.4334,58.1202,51.0345,58.1202,1.2540,1,5.628,5.686
637,DATA_20260321_100000.BIN,51.0345,58.2283,46.7073,58.2283,2.0460,1,6.839,7.063
638,DATA_20260321_100000.BIN,51.8487,61.7369,47.7573,61.7369,2.5300,1,6.683,7.258
639,DATA_20260321_100000.BIN,47.7573,55.4299,44.5319,55.4299,1.2870,1,3.233,3.650
640,DATA_20260321_100000.BIN,44.5319,57.0334,38.0043,57.0334,2.4970,1,4.350,5.476
641,DATA_20260321_100000.BIN,38.0043,48.1406,38.0094,48.1406,1.9030,1,10.529,10.582
642,DATA_20260321_100000.BIN,38.0094,52.9090,36.9831,52.9090,3.0470,1,13.247,17.455
643,DATA_20260321_100000.BIN,36.9831,45.7751,39.0799,45.7751,2.8820,1,9.604,9.605
644,DATA_20260321_100000.BIN,39.0799,55.0319,37.6983,55.0319,4.8730,1,7.080,7.321
645,DATA_20260321_100000.BIN,37.6983,45.9013,42.0231,45.9013,2.2110,1,7.248,8.020
646,DATA_20260321_100000.BIN,42.0231,45.5792,38.8627,45.5792,3.1900,1,1.825,1.872
647,DATA_20260321_100000.BIN,45.0579,54.8362,48.8482,54.8362,6.0500,1,12.250,16.158
648,DATA_20260321_100000.BIN,48.8482,57.2585,45.2969,57.2585,1.4850,1,10.750,10.756
649,DATA_20260321_100000.BIN,47.2444,78.9884,74.9006,78.9884,5.8080,1,3.889,6.253
650,DATA_20260321_100000.BIN,74.9006,88.8143,83.9864,88.8143,3.5090,1,40.837,40.872
651,DATA_20260321_100000.BIN,83.9864,88.4642,74.4611,88.4642,4.5650,1,55.030,55.503
652,DATA_20260321_100000.BIN,74.4611,87.6647,42.4855,87.6647,3.6850,1,120.696,122.567
653,DATA_20260321_100000.BIN,42.4855,57.0621,46.0108,57.0621,1.9140,1,23.852,23.964
654,DATA_20260321_100000.BIN,46.0108,70.6307,49.0582,70.6307,3.6300,1,17.817,18.296
655,DATA_20260321_100000.BIN,49.0582,56.8312,48.5885,56.8312,1.4410,1,12.451,14.884
656,DATA_20260321_100000.BIN,41.2152,57.8896,38.1304,57.8896,6.5120,1,23.375,23.380
657,DATA_20260321_100000.BIN,11.2712,69.0686,16.7482,69.0686,6.3030,1,55.400,56.251
658,DATA_20260321_100000.BIN,10.1146,14.7252,10.0991,14.7252,2.4860,1,64.713,163.180
659,DATA_20260321_100000.BIN,9.5845,14.4281,10.1051,14.4281,5.9950,1,63.290,146.549
660,DATA_20260321_100000.BIN,10.6223,17.2856,10.0519,17.2856,7.3370,1,57.917,135.076
661,DATA_20260321_100000.BIN,8.7936,12.8468,7.9261,12.8468,8.5470,1,54.251,120.076
662,DATA_20260321_100000.BIN,9.9120,12.4786,9.9516,12.4786,6.9850,1,48.491,97.913
663,DATA_20260321_100000.BIN,10.8261,14.6644,10.7900,14.6644,4.8400,1,47.155,101.620
664,DATA_20260321_100000.BIN,10.4912,15.3402,11.1267,15.3402,3.1680,1,41.237,86.072
665,DATA_20260321_100000.BIN,7.7186,13.3574,5.4599,13.3574,5.1370,1,39.194,88.496
666,DATA_20260321_100000.BIN,5.4599,12.0665,8.9520,12.0665,8.9210,1,34.231,75.536
667,DATA_20260321_100000.BIN,7.6945,9.9276,6.6379,9.9276,9.8560,1,29.143,61.912
668,DATA_20260321_100000.BIN,7.5750,11.3198,5.3507,11.3198,4.7300,1,30.686,61.966
669,DATA_20260321_100000.BIN,7.3420,11.5517,7.5989,11.5517,3.6190,1,28.654,53.777
670,DATA_20260321_100000.BIN,8.5724,14.1412,8.1231,14.1412,6.9300,1,31.162,53.706
671,DATA_20260321_100000.BIN,8.1231,12.7637,7.8809,12.7637,9.0750,1,26.446,47.362
672,DATA_20260321_100000.BIN,7.8809,14.7013,8.4660,14.7013,2.9480,1,23.797,41.713
673,DATA_20260321_100000.BIN,10.6239,14.0564,10.2070,14.0564,5.2470,1,21.595,34.570
674,DATA_20260321_100000.BIN,9.5831,13.5547,9.5281,13.5547,8.3050,1,9.752,19.610
675,DATA_20260321_100000.BIN,9.7629,12.3681,7.6705,12.3681,2.9920,1,47.267,51.114
676,DATA_20260321_100000.BIN,7.6705,13.2998,9.8731,13.2998,5.0160,1,6.575,19.184
677,DATA_20260321_100000.BIN,9.8731,14.5768,9.6078,14.5768,5.4560,1,29.789,33.740
678,DATA_20260321_100000.BIN,8.4585,12.6807,9.5530,12.6807,6.7980,1,7.429,16.256
679,DATA_20260321_100000.BIN,9.5530,11.6940,8.6747,11.6940,4.8510,1,2.941,13.670
680,DATA_20260321_100000.BIN,8.6747,11.2321,9.0989,11.2321,7.0730,1,6.199,12.975
681,DATA_20260321_100000.BIN,9.0989,12.6595,9.2589,12.6595,8.9320,1,2.486,14.369
682,DATA_20260321_100000.BIN,7.5385,11.3458,4.8463,11.3458,2.0020,1,15.464,19.595
683,DATA_20260321_100000.BIN,8.7921,11.7860,9.3503,11.7860,7.1500,1,30.926,32.999
684,DATA_20260321_100000.BIN,7.4819,11.6204,7.4117,11.6204,7.6010,1,13.362,17.032
685,DATA_20260321_100000.BIN,7.1603,10.9249,7.2180,10.9249,6.7320,1,13.399,17.049
686,DATA_20260321_100000.BIN,7.2180,9.5884,6.4182,9.5884,8.3380,1,15.796,17.957
687,DATA_20260321_100000.BIN,11.0226,13.3913,9.1313,13.3913,6.6770,1,5.668,15.361
688,DATA_20260321_100000.BIN,9.1313,13.5321,10.9897,13.5321,5.5990,1,5.225,6.612
689,DATA_20260321_100000.BIN,9.2005,14.7589,11.3851,14.7589,8.3820,1,7.315,9.209
690,DATA_20260321_100000.BIN,10.0016,15.1561,10.2298,15.1561,2.2000,1,5.615,8.902
691,DATA_20260321_100000.BIN,10.1401,13.4372,10.3739,13.4372,2.9260,1,6.937,7.675
692,DATA_20260321_100000.BIN,10.3739,15.4618,11.3606,15.4618,8.6350,1,6.078,8.684
693,DATA_20260321_100000.BIN,11.2766,15.7647,10.4646,15.7647,2.6400,1,1.109,9.010
694,DATA_20260321_100000.BIN,12.2528,23.6981,14.3645,23.6981,5.2360,1,4.166,11.493
695,DATA_20260321_100000.BIN,14.3645,19.6070,14.3104,19.6070,3.6630,1,16.348,19.578
696,DATA_20260321_100000.BIN,14.3104,18.1008,11.5530,18.1008,6.1930,1,12.452,15.582
697,DATA_20260321_100000.BIN,11.5530,18.4918,11.8146,18.4918,6.4460,1,12.338,12.504
698,DATA_20260321_100000.BIN,13.4446,16.0752,13.2702,16.0752,3.0250,1,24.274,25.820
699,DATA_20260321_100000.BIN,10.6363,13.9569,9.6834,13.9569,7.4580,1,8.669,9.467
700,DATA_20260321_100000.BIN,9.4594,16.0660,10.6359,16.0660,6.2480,1,4.952,5.478
701,DATA_20260321_100000.BIN,10.6359,20.3570,10.4124,20.3570,8.9320,1,5.319,5.596
702,DATA_20260321_100000.BIN,10.4124,17.2751,9.4705,17.2751,5.2030,1,9.181,10.460
703,DATA_20260321_100000.BIN,9.5822,14.3834,9.5800,14.3834,8.6130,1,9.276,9.362
704,DATA_20260321_100000.BIN,7.5595,11.3148,8.3396,11.3148,1.7160,1,12.205,12.681
705,DATA_20260321_100000.BIN,8.4731,17.0048,8.1839,17.0048,6.1270,1,13.877,14.440
706,DATA_20260321_100000.BIN,7.9670,10.7816,5.0016,10.7816,4.6640,1,31.080,31.257
707,DATA_20260321_100000.BIN,9.1745,12.0761,9.0970,12.0761,4.1800,1,9.411,10.271
708,DATA_20260321_100000.BIN,9.0970,12.6414,9.9071,12.6414,5.0490,1,14.354,14.422
709,DATA_20260321_100000.BIN,9.9071,13.7287,8.9428,13.7287,6.4570,1,8.162,8.336
710,DATA_20260321_100000.BIN,7.1325,11.7294,8.6489,11.7294,7.1830,1,11.813,13.039
711,DATA_20260321_100000.BIN,8.6489,13.6374,10.0603,13.6374,6.0390,1,9.443,9.792
712,DATA_20260321_100000.BIN,8.4607,13.4641,9.0585,13.4641,7.6780,1,12.275,16.292
713,DATA_20260321_100000.BIN,10.2946,13.8522,10.5727,13.8522,5.5330,1,4.404,7.758
714,DATA_20260321_100000.BIN,10.5727,14.1639,10.4429,14.1639,4.7410,1,5.615,9.682
715,DATA_20260321_100000.BIN,10.4429,13.4573,8.4064,13.4573,6.7980,1,13.301,13.631
716,DATA_20260321_100000.BIN,11.0885,16.0269,10.4910,16.0269,7.6010,1,7.185,12.796
717,DATA_20260321_100000.BIN,10.4910,13.2400,8.9969,13.2400,5.3680,1,12.580,12.800
718,DATA_20260321_100000.BIN,11.6457,15.7270,11.2017,15.7270,3.0030,1,10.523,12.886
719,DATA_20260321_100000.BIN,11.2017,15.5182,11.4385,15.5182,2.5520,1,2.619,6.500
720,DATA_20260321_100000.BIN,10.6910,14.0382,10.3081,14.0382,4.6530,1,3.487,6.620
721,DATA_20260321_100000.BIN,10.3081,16.4705,10.4875,16.4705,9.6580,1,6.452,7.827
722,DATA_20260321_100000.BIN,10.4875,13.4482,10.4091,13.4482,1.9140,1,1.520,3.515
723,DATA_20260321_100000.BIN,10.4091,14.1002,11.0797,14.1002,5.0710,1,12.164,12.186
724,DATA_20260321_100000.BIN,10.6215,13.4999,10.3235,13.4999,1.5400,1,12.011,12.074
725,DATA_20260321_110000.BIN,8.9292,14.2276,3.9600,14.2276,2.9590,1,59.066,140.936
726,DATA_20260321_110000.BIN,12.2453,17.0139,8.9802,17.0139,6.0060,1,68.045,127.864
727,DATA_20260321_110000.BIN,6.4369,16.7383,4.9459,16.7383,3.6300,1,46.285,108.634
728,DATA_20260321_110000.BIN,4.9459,12.6786,4.9783,12.6786,5.1040,1,49.750,103.355
729,DATA_20260321_110000.BIN,4.9783,18.3317,9.6039,18.3317,8.7670,1,41.517,90.425
730,DATA_20260321_110000.BIN,7.7768,10.6005,7.3780,10.6005,3.9270,1,56.673,92.789
731,DATA_20260321_110000.BIN,7.3780,12.9741,4.3505,12.9741,5.6870,1,49.569,81.107
732,DATA_20260321_110000.BIN,4.3505,10.0235,5.7318,10.0235,5.1260,1,29.889,67.340
733,DATA_20260321_110000.BIN,5.7318,11.4829,4.0445,11.4829,1.8260,1,29.634,64.045
734,DATA_20260321_110000.BIN,4.0445,10.7961,6.2972,10.7961,6.9080,1,31.556,61.493
735,DATA_20260321_110000.BIN,6.2972,9.4199,5.4623,9.4199,1.8810,1,15.214,45.211
736,DATA_20260321_110000.BIN,5.4623,12.9533,3.0640,12.9533,4.0260,1,27.834,49.454
737,DATA_20260321_110000.BIN,3.0640,10.7048,3.9037,10.7048,4.6090,1,40.476,59.111
738,DATA_20260321_110000.BIN,5.7162,9.9704,5.7300,9.9704,2.5300,1,32.163,43.854
739,DATA_20260321_110000.BIN,5.7300,12.1107,5.0119,12.1107,1.7600,1,27.749,40.125
740,DATA_20260321_110000.BIN,5.0119,15.1473,4.8417,15.1473,7.7880,1,15.622,31.988
741,DATA_20260321_110000.BIN,7.0536,9.7414,5.4754,9.7414,6.0060,1,29.606,36.770
742,DATA_20260321_110000.BIN,5.4754,14.9567,6.4303,14.9567,2.3980,1,23.276,32.650
743,DATA_20260321_110000.BIN,6.4303,11.6314,3.3492,11.6314,1.8480,1,19.568,27.384
744,DATA_20260321_110000.BIN,6.5937,12.2370,5.1191,12.2370,2.0350,1,28.475,31.990
745,DATA_20260321_110000.BIN,5.1191,13.3664,3.5470,13.3664,3.6960,1,19.853,26.066
746,DATA_20260321_110000.BIN,3.5470,10.2750,4.1548,10.2750,3.1240,1,35.558,37.915
747,DATA_20260321_110000.BIN,6.5970,13.2393,7.1215,13.2393,0.9350,1,25.000,28.138
748,DATA_20260321_110000.BIN,9.0981,11.4611,4.9551,11.4611,2.7610,1,19.701,21.108
749,DATA_20260321_110000.BIN,4.9551,12.1266,8.3181,12.1266,2.1450,1,16.644,21.589
750,DATA_20260321_110000.BIN,8.3181,12.4089,7.7798,12.4089,2.2000,1,21.305,23.301
751,DATA_20260321_110000.BIN,7.7798,10.4449,6.6132,10.4449,1.2430,1,15.669,17.531
752,DATA_20260321_110000.BIN,6.6132,10.0042,3.9358,10.0042,4.2570,1,19.908,21.663
753,DATA_20260321_110000.BIN,3.9358,8.7931,3.1864,8.7931,1.9690,1,20.167,23.103
754,DATA_20260321_110000.BIN,3.1864,12.8110,6.1151,12.8110,1.8590,1,11.057,15.308
755,DATA_20260321_110000.BIN,6.7512,9.8563,4.4680,9.8563,2.5190,1,12.076,12.664
756,DATA_20260321_110000.BIN,4.4680,18.4258,6.7395,18.4258,4.6640,1,19.884,20.863
757,DATA_20260321_110000.BIN,3.8242,10.5639,8.6084,10.5639,6.2480,1,9.844,11.352
758,DATA_20260321_110000.BIN,8.6084,10.8988,4.9814,10.8988,7.1500,1,8.028,8.057
759,DATA_20260321_110000.BIN,4.2113,8.7571,3.6405,8.7571,4.5870,1,3.856,5.424
760,DATA_20260321_110000.BIN,3.6405,7.3734,3.9388,7.3734,5.0710,1,1.997,5.472
761,DATA_20260321_110000.BIN,3.9388,7.2097,3.2936,7.2097,5.4890,1,4.594,5.691
762,DATA_20260321_110000.BIN,3.2936,9.3585,4.2944,9.3585,5.7860,1,5.274,7.485
763,DATA_20260321_110000.BIN,9.3103,13.4659,2.3824,13.4659,8.3380,1,10.612,11.085
764,DATA_20260321_110000.BIN,2.3824,5.3660,0.9482,5.3660,1.5290,1,0.258,5.283
765,DATA_20260321_110000.BIN,0.9482,5.1807,0.5877,5.1807,3.1350,1,6.186,9.803
766,DATA_20260321_110000.BIN,6.5545,15.1965,1.8242,15.1965,3.0910,1,11.127,11.232
767,DATA_20260321_110000.BIN,1.8242,10.6778,5.9622,10.6778,3.3990,1,10.005,11.474
768,DATA_20260321_110000.BIN,4.2627,10.8038,4.1219,10.8038,0.9790,1,12.599,12.999
769,DATA_20260321_110000.BIN,2.6094,8.2185,2.0336,8.2185,0.9680,1,7.787,9.043
770,DATA_20260321_110000.BIN,2.0336,9.1738,4.7166,9.1738,2.1450,1,9.537,10.982
771,DATA_20260321_110000.BIN,4.7166,7.8466,2.3275,7.8466,1.5400,1,4.895,4.972
772,DATA_20260321_110000.BIN,2.3275,12.3277,2.4718,12.3277,4.7850,1,10.245,10.426
773,DATA_20260321_110000.BIN,2.4718,11.4087,7.1561,11.4087,4.6750,1,8.755,8.868
774,DATA_20260321_110000.BIN,7.1561,11.8205,0.9583,11.8205,1.8040,1,7.582,8.058
775,DATA_20260321_110000.BIN,0.9583,8.2663,4.0449,8.2663,2.4310,1,24.252,25.072
776,DATA_20260321_110000.BIN,4.0449,13.4829,1.3874,13.4829,6.3140,1,12.382,12.467
777,DATA_20260321_110000.BIN,1.3874,12.3001,7.9783,12.3001,3.7730,1,25.662,25.961
778,DATA_20260321_110000.BIN,7.9783,12.1246,8.6863,12.1246,4.3120,1,12.242,13.276
779,DATA_20260321_110000.BIN,8.6863,12.4950,9.9006,12.4950,2.9150,1,11.953,12.769
780,DATA_20260321_110000.BIN,9.9006,15.3650,3.3552,15.3650,2.9150,1,10.740,12.021
781,DATA_20260321_110000.BIN,2.8250,10.0287,2.6913,10.0287,1.8810,1,7.889,8.675
782,DATA_20260321_110000.BIN,2.6913,9.8852,2.2073,9.8852,0.8690,1,4.178,4.966
783,DATA_20260321_110000.BIN,1.2667,9.7945,1.8548,9.7945,0.9680,1,5.907,8.940
784,DATA_20260321_110000.BIN,1.8548,10.5338,3.1025,10.5338,3.4650,1,7.010,7.839
785,DATA_20260321_110000.BIN,3.1025,9.6711,3.8681,9.6711,2.3760,1,14.066,14.070
786,DATA_20260321_110000.BIN,3.6570,9.2323,3.3161,9.2323,2.0130,1,3.350,3.410
787,DATA_20260321_110000.BIN,4.0044,8.7229,5.2851,8.7229,1.2540,1,6.951,6.974
788,DATA_20260321_110000.BIN,5.2851,8.8924,0.5825,8.8924,7.8760,1,7.747,7.795
789,DATA_20260321_110000.BIN,0.5825,3.9648,1.5435,3.9648,8.2830,1,4.861,7.131
790,DATA_20260321_110000.BIN,1.5435,5.1642,2.8747,5.1642,5.5770,1,9.833,10.238
791,DATA_20260321_110000.BIN,1.4380,6.2269,1.5154,6.2269,1.7600,1,4.338,4.760
792,DATA_20260321_110000.BIN,1.5154,9.4092,1.6880,9.4092,3.3000,1,8.002,8.401
793,DATA_20260321_110000.BIN,0.5970,12.7821,1.6991,12.7821,5.1920,1,9.449,10.185
794,DATA_20260321_110000.BIN,1.7348,7.8188,3.0780,7.8188,1.2320,1,5.508,5.876
795,DATA_20260321_110000.BIN,3.0780,6.4842,1.8178,6.4842,1.6720,1,7.512,7.836
796,DATA_20260321_110000.BIN,1.8178,8.2502,2.4436,8.2502,1.5840,1,13.198,13.833
797,DATA_20260321_110000.BIN,2.4436,7.8947,1.3603,7.8947,1.8920,1,5.672,5.729
798,DATA_20260321_110000.BIN,1.3603,6.9768,2.2267,6.9768,1.5620,1,7.376,7.399
799,DATA_20260321_110000.BIN,2.2267,8.0795,2.8840,8.0795,2.6070,1,3.177,3.205
800,DATA_20260321_110000.BIN,2.8840,12.4817,0.5842,12.4817,2.9260,1,10.950,11.040
801,DATA_20260321_110000.BIN,0.5842,8.3027,1.3459,8.3027,1.0010,1,5.384,6.292
802,DATA_20260321_110000.BIN,1.3459,8.0682,0.9257,8.0682,0.9240,1,6.029,6.354
803,DATA_20260321_110000.BIN,0.9257,8.5088,1.6267,8.5088,1.0450,1,4.805,6.030
804,DATA_20260321_110000.BIN,1.4028,8.1661,0.7008,8.1661,2.4310,1,4.281,4.501
805,DATA_20260321_110000.BIN,0.7008,5.8474,0.6750,5.8474,2.2880,1,7.639,7.687
806,DATA_20260321_110000.BIN,0.6750,13.1056,2.4669,13.1056,3.2890,1,8.154,8.184
807,DATA_20260321_110000.BIN,2.4669,8.5385,2.0085,8.5385,1.1220,1,4.331,4.384
808,DATA_20260321_110000.BIN,2.0085,7.0622,1.8435,7.0622,2.8050,1,4.412,4.414
809,DATA_20260321_110000.BIN,1.8435,18.8232,0.1380,18.8232,5.8850,1,6.995,7.471
810,DATA_20260321_110000.BIN,0.1380,6.7507,1.1869,6.7507,4.4660,1,3.348,3.521
811,DATA_20260321_110000.BIN,1.6532,6.7505,0.6770,6.7505,2.9040,1,10.048,10.051
812,DATA_20260321_110000.BIN,0.6770,5.1252,0.3925,5.1252,4.2240,1,3.863,4.354
813,DATA_20260321_110000.BIN,0.3925,19.6085,3.9380,19.6085,3.1350,1,3.663,3.677
814,DATA_20260321_110000.BIN,3.9380,6.0681,1.1491,6.0681,2.3210,1,13.343,13.732
815,DATA_20260321_110000.BIN,1.1491,8.5495,0.4390,8.5495,5.0490,1,4.066,4.068
816,DATA_20260321_110000.BIN,0.4390,6.5342,0.9987,6.5342,1.8920,1,5.209,5.210
817,DATA_20260321_110000.BIN,1.8939,9.5753,0.4300,9.5753,4.3340,1,13.545,13.552
818,DATA_20260321_110000.BIN,0.4300,5.2230,1.6086,5.2230,8.4590,1,4.144,4.157
819,DATA_20260321_110000.BIN,1.6086,6.7767,1.1587,6.7767,1.8700,1,7.739,7.787
820,DATA_20260321_110000.BIN,1.1587,7.0070,0.8162,7.0070,1.3090,1,5.676,5.686
821,DATA_20260321_110000.BIN,0.8041,6.8664,1.8744,6.8664,5.0270,1,6.157,6.295
822,DATA_20260321_110000.BIN,1.8744,11.3057,0.5282,11.3057,4.2020,1,3.938,5.147
823,DATA_20260321_110000.BIN,1.5796,5.9070,0.3102,5.9070,3.2890,1,6.354,6.769
824,DATA_20260321_110000.BIN,0.3102,9.0186,1.8001,9.0186,9.8010,1,2.196,2.215
825,DATA_20260321_110000.BIN,5.0150,10.5548,1.0684,10.5548,4.4110,1,8.457,9.859
826,DATA_20260321_110000.BIN,1.0684,10.6926,0.6663,10.6926,4.9940,1,5.271,5.376
827,DATA_20260321_110000.BIN,0.6663,4.5122,1.2758,4.5122,3.6300,1,2.836,3.266
828,DATA_20260321_110000.BIN,1.2758,4.2910,1.3309,4.2910,3.6300,1,4.986,5.194
829,DATA_20260321_110000.BIN,1.3309,11.5287,1.8375,11.5287,4.2570,1,1.843,3.076
830,DATA_20260321_110000.BIN,1.8375,7.6348,1.4615,7.6348,4.1360,1,7.220,7.243
831,DATA_20260321_110000.BIN,1.4615,6.0839,0.8172,6.0839,7.2050,1,11.295,11.439
832,DATA_20260321_110000.BIN,0.8172,11.4791,4.1825,11.4791,1.6720,1,3.663,3.750
833,DATA_20260321_110000.BIN,4.1825,12.4469,9.4955,12.4469,3.6960,1,5.215,6.690
834,DATA_20260321_110000.BIN,9.4955,15.6461,1.3892,15.6461,3.1240,1,6.450,11.420
835,DATA_20260321_110000.BIN,1.3892,7.6905,3.4794,7.6905,3.2230,1,7.429,7.633
836,DATA_20260321_110000.BIN,3.4794,9.1022,2.1131,9.1022,2.3980,1,6.451,6.893
837,DATA_20260321_110000.BIN,1.7432,5.3950,1.2397,5.3950,4.3340,1,5.124,5.797
838,DATA_20260321_110000.BIN,1.2397,7.8326,0.2515,7.8326,4.7520,1,1.404,1.434
839,DATA_20260321_110000.BIN,2.6099,6.8158,3.7604,6.8158,1.9360,1,10.466,10.553
840,DATA_20260321_110000.BIN,5.4435,9.1806,0.4418,9.1806,3.4320,1,11.347,11.511
841,DATA_20260321_110000.BIN,0.4418,29.9655,0.9627,29.9655,6.2480,1,3.047,3.486
842,DATA_20260321_110000.BIN,1.0834,16.5467,0.7704,16.5467,2.5740,1,4.338,4.350
843,DATA_20260321_110000.BIN,3.1092,14.4259,0.3063,14.4259,1.6720,1,2.191,5.562
844,DATA_20260321_110000.BIN,0.3063,9.9299,0.2691,9.9299,2.9590,1,5.816,5.819
845,DATA_20260321_110000.BIN,0.2691,4.5994,0.6714,4.5994,1.8150,1,6.264,6.277
846,DATA_20260321_110000.BIN,0.6714,3.8414,1.3362,3.8414,4.9060,1,3.126,3.364
847,DATA_20260321_110000.BIN,1.3362,6.6299,1.6619,6.6299,1.7160,1,5.501,5.952
848,DATA_20260321_110000.BIN,1.6619,10.6751,2.5881,10.6751,3.2230,1,16.093,16.099
849,DATA_20260321_110000.BIN,2.5881,13.4265,1.5294,13.4265,9.5370,1,3.141,4.325
850,DATA_20260321_110000.BIN,1.5294,4.6686,1.5419,4.6686,2.2110,1,6.722,6.786
851,DATA_20260321_110000.BIN,1.5419,6.2577,2.2012,6.2577,3.7510,1,5.396,5.484
852,DATA_20260321_110000.BIN,1.1803,5.6296,1.2425,5.6296,4.9500,1,5.050,5.067
853,DATA_20260321_110000.BIN,2.9074,26.9923,3.9854,26.9923,7.3700,1,9.190,9.197
854,DATA_20260321_110000.BIN,3.9854,18.1598,2.7459,18.1598,7.1060,1,13.651,13.773
855,DATA_20260321_110000.BIN,2.7459,10.4833,4.8674,10.4833,7.1280,1,10.172,10.634
856,DATA_20260321_110000.BIN,4.8674,24.3142,3.6507,24.3142,9.3280,1,12.041,12.042
857,DATA_20260321_110000.BIN,2.9057,19.5089,1.2207,19.5089,7.1830,1,9.070,9.742
858,DATA_20260321_110000.BIN,2.7671,12.4800,0.6944,12.4800,5.5880,1,4.665,4.670
859,DATA_20260321_110000.BIN,0.6944,11.9560,0.5786,11.9560,7.9640,1,5.309,5.691
860,DATA_20260321_110000.BIN,0.5786,4.5465,1.5297,4.5465,3.4980,1,5.581,5.581
861,DATA_20260321_110000.BIN,1.6740,9.1233,0.4460,9.1233,0.9680,1,14.431,14.473
862,DATA_20260321_110000.BIN,1.3326,5.1184,0.0416,5.1184,3.4320,1,13.499,14.480
863,DATA_20260321_110000.BIN,0.0416,4.4498,0.6870,4.4498,2.9040,1,2.934,2.941
864,DATA_20260321_110000.BIN,0.6870,6.7312,1.3171,6.7312,3.0250,1,12.146,12.455
865,DATA_20260321_110000.BIN,1.3171,5.9296,1.0198,5.9296,2.3100,1,23.658,23.662
866,DATA_20260321_110000.BIN,1.1997,8.0254,2.1076,8.0254,2.6730,1,8.404,8.451
867,DATA_20260321_110000.BIN,1.6304,8.1483,1.3457,8.1483,3.6410,1,5.990,6.343
868,DATA_20260321_110000.BIN,1.3457,7.5685,1.3941,7.5685,4.0920,1,7.270,7.280
869,DATA_20260321_110000.BIN,1.1171,6.8418,0.5703,6.8418,1.0120,1,2.905,3.606
870,DATA_20260321_110000.BIN,0.7389,27.1572,4.0832,27.1572,4.1030,1,4.390,4.518
871,DATA_20260321_110000.BIN,4.0832,8.2851,0.7528,8.2851,4.9170,1,8.297,9.202
872,DATA_20260321_110000.BIN,0.7528,5.4996,1.1986,5.4996,1.1660,1,9.408,9.496
873,DATA_20260321_110000.BIN,1.1986,7.0709,1.0068,7.0709,4.5980,1,7.418,7.626
874,DATA_20260321_110000.BIN,1.5910,5.3101,1.0095,5.3101,3.1570,1,9.585,9.774
875,DATA_20260321_110000.BIN,1.0095,11.0348,3.2730,11.0348,5.7640,1,2.948,3.417
876,DATA_20260321_110000.BIN,3.2730,5.3709,0.3064,5.3709,3.1240,1,12.321,12.346
877,DATA_20260321_110000.BIN,0.3064,4.8814,0.1803,4.8814,1.5620,1,8.361,8.471
878,DATA_20260321_110000.BIN,0.1803,4.9495,1.1419,4.9495,6.6440,1,0.693,0.697
879,DATA_20260321_110000.BIN,1.1419,5.6977,0.9056,5.6977,1.5510,1,9.027,9.538
880,DATA_20260321_110000.BIN,0.9056,7.0626,0.3778,7.0626,7.2600,1,0.900,1.607
881,DATA_20260321_110000.BIN,0.3778,5.2056,0.9711,5.2056,3.1460,1,5.777,5.990
882,DATA_20260321_110000.BIN,0.9711,6.1773,1.7538,6.1773,2.4530,1,10.060,10.186
883,DATA_20260321_110000.BIN,1.7538,6.0988,0.2304,6.0988,3.3550,1,1.491,2.576
884,DATA_20260321_110000.BIN,15.9898,23.0184,1.9128,23.0184,3.3990,1,37.125,38.753
885,DATA_20260321_110000.BIN,0.8280,4.9779,0.4679,4.9779,5.1040,1,6.013,6.178
886,DATA_20260321_110000.BIN,0.7824,7.3650,1.0187,7.3650,0.9680,1,9.929,10.783
887,DATA_20260321_110000.BIN,2.1016,23.3556,1.1074,23.3556,8.8110,1,7.620,7.620
888,DATA_20260321_110000.BIN,1.1074,7.7206,0.2736,7.7206,3.4540,1,1.769,2.360
889,DATA_20260321_110000.BIN,0.2736,4.4937,0.4369,4.4937,1.9140,1,2.515,2.892
890,DATA_20260321_110000.BIN,3.2316,9.3682,5.1894,9.3682,3.1240,1,7.044,8.941
891,DATA_20260321_110000.BIN,0.4294,9.0808,1.3711,9.0808,6.0390,1,2.715,2.718
892,DATA_20260321_110000.BIN,1.3711,5.1442,0.3387,5.1442,1.4520,1,5.493,6.352
893,DATA_20260321_110000.BIN,0.3387,7.8858,0.5406,7.8858,7.9860,1,5.582,5.743
894,DATA_20260321_110000.BIN,0.5406,5.3934,0.8053,5.3934,5.2580,1,3.875,3.886
895,DATA_20260321_110000.BIN,0.8053,7.0155,1.9989,7.0155,2.4310,1,0.702,1.004
896,DATA_20260321_110000.BIN,1.9989,16.2629,0.4097,16.2629,2.1230,1,6.738,6.780
897,DATA_20260321_110000.BIN,0.4097,15.6810,1.0824,15.6810,2.6620,1,1.996,2.004
898,DATA_20260321_110000.BIN,1.0824,5.0205,0.6234,5.0205,2.6290,1,1.135,1.494
899,DATA_20260321_110000.BIN,0.6234,3.6834,0.7900,3.6834,1.4630,1,5.573,5.722
900,DATA_20260321_110000.BIN,0.7900,5.7492,0.9704,5.7492,3.8720,1,4.382,4.392
901,DATA_20260321_110000.BIN,0.9704,3.7232,0.2439,3.7232,3.9050,1,3.810,3.876
902,DATA_20260321_110000.BIN,0.2439,14.3488,0.4172,14.3488,6.2480,1,5.121,5.284
903,DATA_20260321_110000.BIN,0.6022,5.4048,0.9377,5.4048,2.9810,1,3.124,3.279
904,DATA_20260321_110000.BIN,0.9377,5.0510,2.4022,5.0510,4.3780,1,2.780,3.337
905,DATA_20260321_110000.BIN,2.4022,6.8823,0.3698,6.8823,1.0340,1,8.247,9.650
906,DATA_20260321_110000.BIN,1.3710,7.8037,0.9349,7.8037,9.0530,1,6.207,6.345
907,DATA_20260321_110000.BIN,0.9349,5.7951,0.5001,5.7951,4.0370,1,5.664,5.831
908,DATA_20260321_110000.BIN,0.5001,4.6223,0.6720,4.6223,2.8380,1,4.788,4.951
909,DATA_20260321_110000.BIN,0.6720,9.1567,1.2566,9.1567,3.3220,1,3.450,3.452
910,DATA_20260321_110000.BIN,1.2566,4.6045,0.8093,4.6045,2.2990,1,6.959,6.975
911,DATA_20260321_110000.BIN,0.8093,4.1610,1.1102,4.1610,2.1670,1,6.011,6.026
912,DATA_20260321_110000.BIN,1.1102,4.4221,0.7943,4.4221,1.2870,1,3.402,3.424
913,DATA_20260321_110000.BIN,1.2374,4.9759,0.9467,4.9759,3.1020,1,5.424,5.433
914,DATA_20260321_110000.BIN,1.4632,16.2062,1.4538,16.2062,2.6620,1,1.836,2.427
915,DATA_20260321_110000.BIN,1.4538,4.5235,1.1804,4.5235,1.7710,1,2.201,3.060
916,DATA_20260321_110000.BIN,1.1804,5.8957,1.2426,5.8957,1.3420,1,7.634,7.639
917,DATA_20260321_110000.BIN,1.2426,5.6848,1.4427,5.6848,1.8480,1,8.188,8.286
918,DATA_20260321_110000.BIN,1.3448,4.4544,0.9998,4.4544,8.4040,1,4.801,4.827
919,DATA_20260321_110000.BIN,1.9586,4.9924,1.5488,4.9924,1.9030,1,5.380,5.570
920,DATA_20260321_110000.BIN,1.5488,10.5812,1.5960,10.5812,5.1590,1,7.772,8.222
921,DATA_20260321_110000.BIN,1.5960,6.4899,2.0683,6.4899,2.9590,1,9.992,10.091
922,DATA_20260321_110000.BIN,0.5934,4.4424,0.5445,4.4424,2.4420,1,6.061,6.235
923,DATA_20260321_110000.BIN,0.5445,7.2768,0.0421,7.2768,2.8380,1,1.469,1.519
924,DATA_20260321_110000.BIN,0.0421,7.3991,2.9022,7.3991,2.8160,1,3.873,3.877
925,DATA_20260321_110000.BIN,2.9022,6.5810,3.1834,6.5810,1.6610,1,3.427,5.048
926,DATA_20260321_110000.BIN,1.1593,3.8436,1.3468,3.8436,2.2660,1,7.375,7.769
927,DATA_20260321_110000.BIN,1.3468,9.0385,0.0867,9.0385,4.0040,1,7.926,7.934
928,DATA_20260321_110000.BIN,0.0867,7.9202,3.0601,7.9202,8.0630,1,3.861,3.863
929,DATA_20260321_110000.BIN,3.0601,7.1414,0.9398,7.1414,4.0150,1,13.029,13.066
930,DATA_20260321_110000.BIN,0.9398,7.6198,2.6306,7.6198,5.8630,1,7.665,8.051
931,DATA_20260321_110000.BIN,2.1532,6.2795,2.7894,6.2795,3.8060,1,12.835,13.225
932,DATA_20260321_110000.BIN,2.7894,8.9530,1.9951,8.9530,6.1160,1,11.621,11.785
933,DATA_20260321_110000.BIN,1.9951,6.1910,0.8804,6.1910,6.1270,1,3.402,4.239
934,DATA_20260321_110000.BIN,0.8804,8.1547,0.2009,8.1547,1.2210,1,3.700,3.729
935,DATA_20260321_110000.BIN,0.9908,8.1635,2.8919,8.1635,1.9800,1,7.695,7.696
936,DATA_20260321_110000.BIN,2.8919,9.8959,2.3344,9.8959,1.5510,1,7.167,8.555
937,DATA_20260321_110000.BIN,2.3344,18.1624,0.1620,18.1624,4.3340,1,7.451,7.616
938,DATA_20260321_110000.BIN,3.8824,9.5666,4.7948,9.5666,6.0280,1,4.747,6.354
939,DATA_20260321_110000.BIN,4.7948,9.0497,4.1397,9.0497,1.6390,1,9.485,10.941
940,DATA_20260321_110000.BIN,4.1397,9.0378,1.8111,9.0378,3.1790,1,7.385,8.011
941,DATA_20260321_110000.BIN,1.8111,8.9937,0.8769,8.9937,1.6170,1,5.538,5.686
942,DATA_20260321_110000.BIN,0.8769,5.1680,1.1824,5.1680,2.6400,1,7.536,7.539
943,DATA_20260321_110000.BIN,3.8859,22.8490,5.9395,22.8490,9.2950,1,9.669,9.685
944,DATA_20260321_110000.BIN,5.9395,14.2666,1.0612,14.2666,2.4750,1,12.986,13.582
945,DATA_20260321_110000.BIN,1.0612,6.4387,0.5628,6.4387,3.6410,1,4.451,4.503
946,DATA_20260321_110000.BIN,0.5628,4.3061,0.9495,4.3061,5.0160,1,7.720,7.720
947,DATA_20260321_110000.BIN,0.9495,13.7987,0.7189,13.7987,4.0700,1,6.390,6.698
948,DATA_20260321_110000.BIN,0.7189,8.7085,1.2760,8.7085,3.8280,1,5.911,6.017
949,DATA_20260321_110000.BIN,16.4445,24.4021,1.6901,24.4021,1.9470,1,28.409,30.310
950,DATA_20260321_110000.BIN,1.6901,21.7708,9.6850,21.7708,6.6550,1,9.329,9.346
951,DATA_20260321_110000.BIN,9.6850,13.5008,1.7734,13.5008,1.6720,1,11.680,13.528
952,DATA_20260321_110000.BIN,1.7734,6.3824,2.9172,6.3824,2.6070,1,1.144,3.907
953,DATA_20260321_110000.BIN,1.2865,16.5179,11.9786,16.5179,2.5740,1,4.372,5.546
954,DATA_20260321_110000.BIN,2.3136,25.1012,3.7381,25.1012,1.8040,1,17.401,18.047
955,DATA_20260321_110000.BIN,3.7381,12.1133,1.6692,12.1133,3.0800,1,7.790,8.842
956,DATA_20260321_110000.BIN,1.6692,7.4294,0.5603,7.4294,1.9910,1,15.634,16.452
957,DATA_20260321_110000.BIN,0.5603,9.4725,0.9297,9.4725,5.8520,1,5.454,5.724
958,DATA_20260321_110000.BIN,0.9297,5.3749,1.9543,5.3749,2.1560,1,7.206,7.207
959,DATA_20260321_110000.BIN,1.2808,5.1344,0.7631,5.1344,2.0790,1,9.231,9.570
960,DATA_20260321_110000.BIN,1.1995,21.2595,15.0330,21.2595,3.1570,1,7.572,7.847
961,DATA_20260321_110000.BIN,2.9345,22.9769,1.4378,22.9769,2.4860,1,6.224,7.906
962,DATA_20260321_110000.BIN,4.3192,11.0499,2.2228,11.0499,2.2000,1,10.052,11.187
963,DATA_20260321_110000.BIN,2.2228,31.0222,0.8299,31.0222,4.6530,1,8.304,8.503
964,DATA_20260321_110000.BIN,0.8299,3.6964,1.0711,3.6964,2.3650,1,2.523,2.603
965,DATA_20260321_110000.BIN,1.0711,5.0250,1.0751,5.0250,3.6850,1,6.106,6.443
966,DATA_20260321_110000.BIN,1.6261,6.6374,1.1623,6.6374,2.7170,1,4.803,4.876
967,DATA_20260321_110000.BIN,1.1623,7.4837,1.4702,7.4837,3.3110,1,2.727,2.820
968,DATA_20260321_110000.BIN,1.4702,7.1831,1.5747,7.1831,3.5310,1,21.037,21.079
969,DATA_20260321_110000.BIN,1.5747,7.6834,0.6767,7.6834,2.8490,1,6.214,6.241
970,DATA_20260321_110000.BIN,0.7458,20.1746,1.5666,20.1746,5.3900,1,5.549,5.558
971,DATA_20260321_110000.BIN,1.5666,6.4084,1.1951,6.4084,3.0470,1,6.216,6.234
972,DATA_20260321_110000.BIN,1.1951,4.8890,0.4024,4.8890,3.4650,1,4.778,5.060
973,DATA_20260321_110000.BIN,0.4024,7.0378,2.4454,7.0378,1.3750,1,12.598,12.760
974,DATA_20260321_110000.BIN,2.4454,7.1701,2.6651,7.1701,2.5410,1,6.376,6.590
975,DATA_20260321_110000.BIN,2.6651,9.7488,3.7715,9.7488,1.4080,1,8.917,8.982
976,DATA_20260321_110000.BIN,3.7715,9.0824,2.2129,9.0824,1.3970,1,5.763,6.870
977,DATA_20260321_110000.BIN,2.2129,6.8666,1.1590,6.8666,4.3560,1,1.814,2.579
978,DATA_20260321_110000.BIN,1.1590,7.8430,1.5727,7.8430,2.0790,1,14.748,14.768
979,DATA_20260321_110000.BIN,1.3075,6.6462,1.0588,6.6462,2.1340,1,4.334,4.352
980,DATA_20260321_110000.BIN,0.8996,4.2471,0.4582,4.2471,1.4850,1,6.483,6.490
981,DATA_20260321_110000.BIN,0.4582,9.3497,1.5259,9.3497,2.3540,1,4.318,4.322
982,DATA_20260321_110000.BIN,1.5259,23.3055,16.4683,23.3055,4.8730,1,1.318,2.413
983,DATA_20260321_110000.BIN,16.4683,20.9035,1.0730,20.9035,4.0150,1,38.510,38.768
984,DATA_20260321_110000.BIN,1.0730,8.2743,0.7712,8.2743,2.7720,1,12.004,12.105
985,DATA_20260321_110000.BIN,0.7712,10.7710,7.4183,10.7710,1.9250,1,6.030,6.066
986,DATA_20260321_110000.BIN,7.4183,10.4714,0.8790,10.4714,3.8830,1,4.817,8.429
987,DATA_20260321_110000.BIN,1.2256,9.2336,2.7229,9.2336,7.9640,1,6.409,6.874
988,DATA_20260321_110000.BIN,2.7229,6.6782,2.4916,6.6782,1.8150,1,9.885,10.097
989,DATA_20260321_110000.BIN,2.4916,11.4930,1.6459,11.4930,4.2130,1,7.029,7.056
990,DATA_20260321_110000.BIN,1.6459,9.0295,5.3890,9.0295,2.0680,1,7.259,7.312
991,DATA_20260321_110000.BIN,5.3890,16.6206,13.5480,16.6206,7.7440,1,0.273,4.869
992,DATA_20260321_110000.BIN,13.5480,16.9778,11.0802,16.9778,2.3980,1,14.751,17.753
993,DATA_20260321_110000.BIN,11.0802,15.2364,5.0179,15.2364,7.3150,1,12.494,14.105
994,DATA_20260321_110000.BIN,2.2550,9.4307,0.7761,9.4307,5.2250,1,6.238,7.030
995,DATA_20260321_110000.BIN,0.7761,4.5995,0.3507,4.5995,1.7380,1,8.284,8.883
996,DATA_20260321_110000.BIN,2.1679,11.1587,6.4010,11.1587,3.6080,1,7.669,7.830
997,DATA_20260321_110000.BIN,6.4010,12.4229,8.8141,12.4229,2.3980,1,1.682,4.340
998,DATA_20260321_110000.BIN,8.8141,12.0496,4.6718,12.0496,3.8280,1,5.334,9.029
999,DATA_20260321_110000.BIN,4.6718,11.1874,8.0459,11.1874,3.6300,1,9.392,9.768
1000,DATA_20260321_110000.BIN,5.7253,11.1143,2.9701,11.1143,6.0720,1,2.550,3.418
1001,DATA_20260321_110000.BIN,2.4991,8.5384,1.5338,8.5384,2.6840,1,1.590,2.086
1002,DATA_20260321_110000.BIN,6.4556,17.6709,8.7539,17.6709,6.1600,1,1.671,3.432
1003,DATA_20260321_110000.BIN,1.7805,7.4771,3.6101,7.4771,3.2560,1,1.903,3.823
1004,DATA_20260321_110000.BIN,3.6101,9.7131,3.7364,9.7131,2.6730,1,5.006,5.339
1005,DATA_20260321_110000.BIN,0.3177,24.1343,15.3031,24.1343,4.5760,1,9.708,9.796
1006,DATA_20260321_110000.BIN,15.3031,21.8125,1.3032,21.8125,2.4310,1,18.985,20.482
1007,DATA_20260321_110000.BIN,1.3032,4.7742,0.6176,4.7742,2.3980,1,9.807,9.919
1008,DATA_20260321_110000.BIN,0.6176,12.3309,2.7430,12.3309,8.5690,1,6.313,7.720
1009,DATA_20260321_110000.BIN,0.6423,4.0633,1.3077,4.0633,2.9590,1,7.032,7.642
1010,DATA_20260321_110000.BIN,1.3077,6.9168,2.6955,6.9168,1.4850,1,3.550,3.808
1011,DATA_20260321_110000.BIN,2.6955,12.5429,1.2659,12.5429,4.6970,1,7.709,8.017
1012,DATA_20260321_110000.BIN,1.2659,9.3191,1.2916,9.3191,2.5960,1,5.305,6.482
1013,DATA_20260321_110000.BIN,1.2916,5.9064,0.5043,5.9064,2.2440,1,10.706,10.959
1014,DATA_20260321_110000.BIN,0.5043,7.4487,1.0715,7.4487,2.3650,1,1.631,3.686
1015,DATA_20260321_110000.BIN,1.4308,13.8391,1.2447,13.8391,2.9150,1,5.612,5.674
1016,DATA_20260321_110000.BIN,1.2447,13.4263,7.1694,13.4263,3.5090,1,9.773,9.911
1017,DATA_20260321_110000.BIN,1.8106,18.5046,1.3423,18.5046,3.9490,1,12.713,13.066
1018,DATA_20260321_110000.BIN,1.3423,7.4483,1.5738,7.4483,1.0010,1,7.016,7.286
1019,DATA_20260321_110000.BIN,2.0132,10.3460,4.7191,10.3460,2.8820,1,0.842,1.196
1020,DATA_20260321_110000.BIN,4.7191,28.6279,11.8033,28.6279,8.1510,1,9.941,10.881
1021,DATA_20260321_110000.BIN,11.8033,21.7132,13.4359,21.7132,2.8050,1,31.559,31.835
1022,DATA_20260321_110000.BIN,13.4359,18.8489,12.6886,18.8489,2.1670,1,22.445,23.660
1023,DATA_20260321_110000.BIN,12.6886,23.7312,16.6008,23.7312,5.9400,1,24.176,24.253
1024,DATA_20260321_110000.BIN,16.4008,28.7170,3.9084,28.7170,4.0040,1,28.050,28.082
1025,DATA_20260321_110000.BIN,3.9084,8.2676,4.4352,8.2676,5.2360,1,8.241,8.428
1026,DATA_20260321_110000.BIN,4.4352,13.4610,7.7504,13.4610,5.9950,1,5.570,6.035
1027,DATA_20260321_110000.BIN,7.7504,35.8311,20.3967,35.8311,5.7750,1,5.163,6.519
1028,DATA_20260321_110000.BIN,20.3967,29.2242,23.8602,29.2242,2.9920,1,30.391,30.940
1029,DATA_20260321_110000.BIN,23.8602,34.2921,1.0255,34.2921,2.6400,1,28.825,30.145
1030,DATA_20260321_110000.BIN,1.0255,7.9629,1.7080,7.9629,2.7170,1,18.994,19.253
1031,DATA_20260321_110000.BIN,1.7080,23.8831,1.7285,23.8831,4.7520,1,14.253,14.562
1032,DATA_20260321_110000.BIN,1.7285,7.2749,0.9961,7.2749,1.5180,1,11.835,12.046
1033,DATA_20260321_110000.BIN,0.9961,8.9797,1.6157,8.9797,4.4000,1,16.457,16.457
1034,DATA_20260321_110000.BIN,1.6157,7.2193,2.3180,7.2193,5.8630,1,23.932,24.347
1035,DATA_20260321_110000.BIN,2.3180,6.3689,1.8917,6.3689,2.8930,1,11.949,11.951
1036,DATA_20260321_110000.BIN,0.4924,20.4130,2.4896,20.4130,2.6180,1,11.291,11.515
1037,DATA_20260321_110000.BIN,2.4896,14.1396,1.2729,14.1396,1.5510,1,14.440,15.143
1038,DATA_20260321_120000.BIN,3.5505,21.8478,4.0132,21.8478,1.6610,1,12.836,12.875
1039,DATA_20260321_120000.BIN,8.9470,22.1368,13.2346,22.1368,1.3420,1,20.492,20.837
1040,DATA_20260321_120000.BIN,13.2346,29.4552,4.3519,29.4552,3.9270,1,9.445,12.270
1041,DATA_20260321_120000.BIN,10.1899,23.1924,14.9643,23.1924,2.1450,1,17.473,27.247
1042,DATA_20260321_120000.BIN,4.1446,32.1167,5.2406,32.1167,2.3870,1,5.343,5.351
1043,DATA_20260321_120000.BIN,5.2406,15.3700,3.2357,15.3700,7.6340,1,12.194,12.915
1044,DATA_20260321_120000.BIN,4.3869,36.1632,4.3242,36.1632,2.8490,1,0.924,6.178
1045,DATA_20260321_120000.BIN,3.2561,22.2243,3.5843,22.2243,1.4630,1,6.234,6.552
1046,DATA_20260321_120000.BIN,3.5843,18.0218,11.5558,18.0218,7.9640,1,6.320,6.323
1047,DATA_20260321_120000.BIN,9.4872,20.6844,10.5001,20.6844,7.6670,1,15.231,17.373
1048,DATA_20260321_120000.BIN,8.4399,20.7357,10.3898,20.7357,9.2620,1,12.523,12.523
1049,DATA_20260321_120000.BIN,10.3898,21.1728,8.5410,21.1728,3.7290,1,13.549,13.634
1050,DATA_20260321_120000.BIN,8.5410,34.0666,8.0043,34.0666,6.2370,1,9.913,10.349
1051,DATA_20260321_120000.BIN,8.0043,45.3814,10.0557,45.3814,5.7970,1,9.839,10.356
1052,DATA_20260321_120000.BIN,10.0557,17.2261,4.4499,17.2261,7.8210,1,10.691,12.101
1053,DATA_20260321_120000.BIN,4.4499,26.4177,2.8359,26.4177,2.3210,1,2.673,4.835
1054,DATA_20260321_120000.BIN,2.8359,20.4067,3.2080,20.4067,6.3250,1,0.699,1.757
1055,DATA_20260321_120000.BIN,3.2080,23.5737,2.0412,23.5737,1.5620,1,7.271,11.033
1056,DATA_20260321_120000.BIN,2.0412,23.1617,9.3998,23.1617,4.0150,1,4.779,6.474
1057,DATA_20260321_120000.BIN,9.3998,20.2457,6.6243,20.2457,5.2250,1,10.235,12.012
1058,DATA_20260321_120000.BIN,6.6243,26.3965,6.6428,26.3965,2.7280,1,5.875,6.330
1059,DATA_20260321_120000.BIN,6.6428,19.2701,9.1836,19.2701,9.9550,1,6.493,6.982
1060,DATA_20260321_120000.BIN,9.1836,14.6597,7.8538,14.6597,2.8490,1,10.181,11.019
1061,DATA_20260321_120000.BIN,7.8538,20.2862,1.5059,20.2862,8.5360,1,4.901,14.452
1062,DATA_20260321_120000.BIN,1.5059,15.4577,5.3668,15.4577,5.8960,1,4.204,5.455
1063,DATA_20260321_120000.BIN,5.3668,24.6988,5.0044,24.6988,5.9510,1,5.747,5.985
1064,DATA_20260321_120000.BIN,5.0044,20.7199,6.4853,20.7199,7.5680,1,2.780,3.081
1065,DATA_20260321_120000.BIN,9.2220,21.2135,10.5175,21.2135,4.7080,1,8.926,10.556
1066,DATA_20260321_120000.BIN,11.7313,19.1956,6.8900,19.1956,6.3140,1,11.524,15.100
1067,DATA_20260321_120000.BIN,6.8900,45.0471,4.9422,45.0471,6.8970,1,4.467,4.785
1068,DATA_20260321_120000.BIN,4.9422,17.0608,9.6497,17.0608,6.5120,1,5.002,5.378
1069,DATA_20260321_120000.BIN,9.6497,21.5921,3.2898,21.5921,2.7390,1,8.255,8.343
1070,DATA_20260321_120000.BIN,4.0349,29.3642,5.0653,29.3642,2.9150,1,8.397,8.521
1071,DATA_20260321_120000.BIN,5.0653,18.1765,2.3734,18.1765,6.6880,1,3.988,7.717
1072,DATA_20260321_120000.BIN,1.9730,12.1723,3.1230,12.1723,2.5520,1,2.770,5.137
1073,DATA_20260321_120000.BIN,4.5940,18.5682,10.3264,18.5682,7.5900,1,2.286,5.275
1074,DATA_20260321_120000.BIN,10.3264,20.6453,6.9872,20.6453,7.0620,1,9.143,12.807
1075,DATA_20260321_120000.BIN,6.9872,18.5902,8.4651,18.5902,3.7950,1,5.742,10.431
1076,DATA_20260321_120000.BIN,8.4651,15.3743,7.2000,15.3743,3.1680,1,4.536,5.324
1077,DATA_20260321_120000.BIN,3.5846,12.7987,2.3208,12.7987,2.2000,1,6.955,8.257
1078,DATA_20260321_120000.BIN,2.3208,13.4221,3.0181,13.4221,5.5000,1,7.562,7.621
1079,DATA_20260321_120000.BIN,2.6678,13.7994,4.0475,13.7994,9.6140,1,7.143,7.247
1080,DATA_20260321_120000.BIN,0.5073,19.7241,2.7621,19.7241,4.5760,1,3.927,4.354
1081,DATA_20260321_120000.BIN,8.5131,36.6218,29.8266,36.6218,2.9370,1,13.088,13.185
1082,DATA_20260321_120000.BIN,29.8266,45.2377,3.8803,45.2377,5.3020,1,37.283,38.143
1083,DATA_20260321_120000.BIN,9.0285,41.8092,9.2397,41.8092,3.1020,1,10.657,10.796
1084,DATA_20260321_120000.BIN,9.2397,19.3466,5.1108,19.3466,4.7630,1,9.227,9.289
1085,DATA_20260321_120000.BIN,4.5492,19.0282,5.1520,19.0282,1.7600,1,6.105,7.123
1086,DATA_20260321_120000.BIN,12.9561,31.4722,6.7969,31.4722,4.4220,1,13.155,13.175
1087,DATA_20260321_120000.BIN,6.7969,19.3216,2.8413,19.3216,5.8630,1,11.474,13.359
1088,DATA_20260321_120000.BIN,2.8413,24.2458,4.6104,24.2458,3.8940,1,6.320,8.643
1089,DATA_20260321_120000.BIN,4.6104,11.7369,1.5052,11.7369,3.3990,1,7.371,8.080
1090,DATA_20260321_120000.BIN,6.4130,17.1790,2.1515,17.1790,1.4850,1,8.886,9.072
1091,DATA_20260321_120000.BIN,2.1515,42.9811,1.1142,42.9811,7.9530,1,3.072,4.380
1092,DATA_20260321_120000.BIN,1.1142,17.7925,0.6383,17.7925,6.4570,1,1.529,1.575
1093,DATA_20260321_120000.BIN,0.6383,9.7755,3.2621,9.7755,3.7840,1,0.924,2.357
1094,DATA_20260321_120000.BIN,3.0924,13.2992,7.0239,13.2992,5.1370,1,3.769,4.909
1095,DATA_20260321_120000.BIN,9.5623,20.8857,9.9618,20.8857,1.7490,1,10.538,10.539
1096,DATA_20260321_120000.BIN,9.9618,17.9952,3.7334,17.9952,7.0620,1,9.950,10.147
1097,DATA_20260321_120000.BIN,3.7334,13.1944,2.1241,13.1944,4.0150,1,3.762,4.168
1098,DATA_20260321_120000.BIN,2.1241,9.8582,3.5016,9.8582,8.0740,1,2.653,4.581
1099,DATA_20260321_120000.BIN,4.5544,12.9891,5.4058,12.9891,5.7310,1,3.340,3.372
1100,DATA_20260321_120000.BIN,0.4695,17.0682,5.6656,17.0682,2.5080,1,2.612,3.243
1101,DATA_20260321_120000.BIN,0.6998,10.9424,3.4101,10.9424,5.6320,1,3.014,3.816
1102,DATA_20260321_120000.BIN,5.2872,15.2814,7.9818,15.2814,4.1140,1,3.993,4.072
1103,DATA_20260321_120000.BIN,7.9818,21.4670,2.2413,21.4670,4.9390,1,6.216,8.488
1104,DATA_20260321_120000.BIN,2.2413,24.3448,18.8781,24.3448,9.9660,1,2.818,3.600
1105,DATA_20260321_120000.BIN,5.5613,16.4831,7.5132,16.4831,8.5910,1,3.561,3.628
1106,DATA_20260321_120000.BIN,3.7321,25.3502,0.7972,25.3502,5.4230,1,0.873,3.452
1107,DATA_20260321_120000.BIN,5.3246,24.9125,4.3438,24.9125,7.6340,1,5.420,5.759
1108,DATA_20260321_120000.BIN,2.0022,13.8285,5.0416,13.8285,9.6800,1,3.192,4.584
1109,DATA_20260321_120000.BIN,5.0416,14.4166,4.4956,14.4166,7.0070,1,7.323,13.623
1110,DATA_20260321_120000.BIN,3.0624,18.7301,3.6292,18.7301,1.5950,1,1.160,2.890
1111,DATA_20260321_120000.BIN,3.7734,20.7134,5.5746,20.7134,3.3000,1,3.600,3.790
1112,DATA_20260321_120000.BIN,5.5746,26.3859,2.9395,26.3859,8.6570,1,4.446,4.447
1113,DATA_20260321_120000.BIN,2.9395,13.1222,0.3862,13.1222,4.1250,1,1.609,1.895
1114,DATA_20260321_120000.BIN,8.6631,17.5464,1.4966,17.5464,8.8000,1,13.223,14.046
1115,DATA_20260321_120000.BIN,1.8419,25.8102,5.5240,25.8102,2.6290,1,4.345,4.906
1116,DATA_20260321_120000.BIN,13.4893,26.1294,2.2238,26.1294,6.1930,1,16.346,17.657
1117,DATA_20260321_120000.BIN,2.2238,17.5939,7.8424,17.5939,4.4660,1,2.447,2.995
1118,DATA_20260321_120000.BIN,3.2767,16.1428,2.4068,16.1428,4.5430,1,3.970,5.142
1119,DATA_20260321_120000.BIN,2.4068,12.2209,3.3426,12.2209,3.0140,1,2.739,2.756
1120,DATA_20260321_120000.BIN,3.3426,13.1403,1.6150,13.1403,4.6640,1,4.163,4.181
1121,DATA_20260321_120000.BIN,1.6150,18.3741,8.0744,18.3741,7.2490,1,2.451,4.161
1122,DATA_20260321_120000.BIN,5.6076,49.9168,9.7324,49.9168,4.9170,1,7.707,9.145
1123,DATA_20260321_120000.BIN,9.7324,31.0342,0.9082,31.0342,4.8510,1,11.527,12.042
1124,DATA_20260321_120000.BIN,0.9082,24.7472,3.1902,24.7472,2.1120,1,0.407,3.600
1125,DATA_20260321_120000.BIN,6.0405,15.8291,7.7182,15.8291,4.4330,1,5.703,9.300
1126,DATA_20260321_120000.BIN,3.9158,25.7219,14.4136,25.7219,2.0350,1,3.203,3.204
1127,DATA_20260321_120000.BIN,14.4136,52.6944,5.7656,52.6944,1.9250,1,18.491,19.357
1128,DATA_20260321_120000.BIN,5.7656,16.6478,7.8037,16.6478,9.2070,1,6.811,7.069
1129,DATA_20260321_120000.BIN,2.5741,44.7908,4.7097,44.7908,2.9040,1,2.646,2.650
1130,DATA_20260321_120000.BIN,6.3022,15.6959,5.0230,15.6959,3.9710,1,6.907,13.506
1131,DATA_20260321_120000.BIN,5.0230,12.0874,2.2084,12.0874,4.3230,1,5.826,7.631
1132,DATA_20260321_120000.BIN,8.3665,18.0608,5.1039,18.0608,9.0310,1,10.521,15.958
1133,DATA_20260321_120000.BIN,5.1039,31.5017,3.3790,31.5017,4.3120,1,3.659,8.981
1134,DATA_20260321_120000.BIN,2.3992,13.3729,2.6310,13.3729,9.4380,1,3.069,6.276
1135,DATA_20260321_120000.BIN,2.6310,17.7185,1.8623,17.7185,3.7070,1,4.669,4.693
1136,DATA_20260321_120000.BIN,1.8623,27.5245,8.9986,27.5245,7.7440,1,1.917,15.280
1137,DATA_20260321_120000.BIN,8.9986,23.5189,5.2720,23.5189,3.6850,1,9.318,9.566
1138,DATA_20260321_120000.BIN,5.2720,16.3108,2.2264,16.3108,8.1510,1,3.771,10.210
1139,DATA_20260321_120000.BIN,2.2264,10.1253,1.2574,10.1253,2.0130,1,0.830,13.527
1140,DATA_20260321_120000.BIN,1.2574,25.9815,6.4735,25.9815,7.5570,1,4.083,4.127
1141,DATA_20260321_120000.BIN,6.4735,40.3061,28.1324,40.3061,8.2610,1,8.883,8.884
1142,DATA_20260321_120000.BIN,28.1324,38.0941,3.0418,38.0941,2.9260,1,33.313,33.781
1143,DATA_20260321_120000.BIN,3.0418,9.4691,0.2984,9.4691,3.8390,1,0.836,2.550
1144,DATA_20260321_120000.BIN,0.2984,31.6809,3.6589,31.6809,5.0380,1,2.054,7.980
1145,DATA_20260321_120000.BIN,3.6589,20.2195,3.5272,20.2195,1.1660,1,4.457,6.805
1146,DATA_20260321_120000.BIN,3.5272,21.8592,0.8381,21.8592,4.1140,1,5.041,6.280
1147,DATA_20260321_120000.BIN,0.8381,15.5033,4.4086,15.5033,5.3680,1,0.988,11.243
1148,DATA_20260321_120000.BIN,4.4086,17.1261,5.4263,17.1261,3.2230,1,6.188,7.814
1149,DATA_20260321_120000.BIN,5.4263,13.9767,5.3063,13.9767,3.1350,1,6.345,9.517
1150,DATA_20260321_120000.BIN,5.3063,11.7425,2.9066,11.7425,7.1940,1,5.864,10.000
1151,DATA_20260321_120000.BIN,2.9066,26.2771,4.0515,26.2771,8.5250,1,2.184,10.003
1152,DATA_20260321_120000.BIN,4.0515,14.1168,0.9161,14.1168,8.0080,1,3.355,7.846
1153,DATA_20260321_120000.BIN,0.6160,43.2197,27.3440,43.2197,3.7290,1,2.659,4.020
1154,DATA_20260321_120000.BIN,27.3440,40.5788,28.5144,40.5788,2.1120,1,32.791,33.053
1155,DATA_20260321_120000.BIN,27.8521,40.4937,26.8746,40.4937,5.9620,1,29.995,30.383
1156,DATA_20260321_120000.BIN,26.8746,39.5117,28.9946,39.5117,4.7080,1,25.930,26.731
1157,DATA_20260321_120000.BIN,28.9946,38.4174,26.0336,38.4174,2.3870,1,26.010,26.053
1158,DATA_20260321_120000.BIN,26.9591,36.7823,2.9756,36.7823,3.4760,1,21.027,21.063
1159,DATA_20260321_120000.BIN,1.7094,48.9957,18.8795,48.9957,4.2240,1,14.091,15.331
1160,DATA_20260321_120000.BIN,18.8795,41.8463,16.5850,41.8463,2.3430,1,14.353,14.932
1161,DATA_20260321_120000.BIN,16.5850,42.6093,2.8011,42.6093,2.7280,1,17.158,17.299
1162,DATA_20260321_120000.BIN,2.8011,11.2831,2.3524,11.2831,4.9280,1,10.413,10.413
1163,DATA_20260321_120000.BIN,2.3524,10.3203,0.5836,10.3203,7.0950,1,7.524,11.520
1164,DATA_20260321_120000.BIN,0.5836,8.3822,0.8472,8.3822,5.2030,1,9.913,10.098
1165,DATA_20260321_120000.BIN,5.5940,16.8251,2.7981,16.8251,5.6650,1,4.845,5.763
1166,DATA_20260321_120000.BIN,2.7981,10.1531,1.3613,10.1531,2.7500,1,4.704,9.692
1167,DATA_20260321_120000.BIN,1.1201,13.9899,0.3536,13.9899,7.0950,1,6.632,7.132
1168,DATA_20260321_120000.BIN,1.0519,17.0737,4.4369,17.0737,2.9260,1,6.392,7.148
1169,DATA_20260321_120000.BIN,4.4369,12.3449,4.3276,12.3449,3.0580,1,0.952,5.782
1170,DATA_20260321_120000.BIN,4.3276,13.2191,3.2446,13.2191,9.8120,1,2.743,3.877
1171,DATA_20260321_120000.BIN,3.2446,16.9503,1.8247,16.9503,8.5910,1,2.993,4.884
1172,DATA_20260321_120000.BIN,2.8720,11.3174,1.7263,11.3174,1.2980,1,2.635,4.061
1173,DATA_20260321_120000.BIN,1.7263,38.7840,21.3597,38.7840,7.7440,1,4.764,5.171
1174,DATA_20260321_120000.BIN,20.1012,38.8074,1.4325,38.8074,4.2790,1,17.856,19.294
1175,DATA_20260321_120000.BIN,1.4325,10.4518,0.3118,10.4518,3.0580,1,8.913,9.122
1176,DATA_20260321_120000.BIN,0.3118,14.9980,1.2485,14.9980,3.7180,1,5.301,9.464
1177,DATA_20260321_120000.BIN,1.2485,53.1743,37.1077,53.1743,8.5250,1,5.352,5.419
1178,DATA_20260321_120000.BIN,37.1077,44.7338,19.8824,44.7338,4.5430,1,40.631,40.724
1179,DATA_20260321_120000.BIN,19.8824,36.5827,18.5822,36.5827,6.4460,1,15.038,15.103
1180,DATA_20260321_120000.BIN,18.5822,27.7447,18.1295,27.7447,4.0260,1,10.598,15.286
1181,DATA_20260321_120000.BIN,18.1295,47.2512,27.0782,47.2512,6.3580,1,10.089,10.095
1182,DATA_20260321_120000.BIN,27.0782,51.6906,45.6985,51.6906,7.4030,1,18.896,20.054
1183,DATA_20260321_120000.BIN,45.6985,51.2877,1.3994,51.2877,3.2010,1,45.561,46.147
1184,DATA_20260321_120000.BIN,1.3994,31.9582,11.2506,31.9582,6.5340,1,19.606,20.231
1185,DATA_20260321_120000.BIN,11.2506,23.2376,12.1306,23.2376,5.8960,1,13.270,13.981
1186,DATA_20260321_120000.BIN,12.1306,33.7903,12.8494,33.7903,7.4910,1,9.346,9.637
1187,DATA_20260321_120000.BIN,12.8494,41.2369,19.3341,41.2369,2.9920,1,2.352,8.669
1188,DATA_20260321_120000.BIN,3.4343,17.7650,1.2178,17.7650,2.2220,1,16.800,17.425
1189,DATA_20260321_120000.BIN,30.5220,40.4128,12.5786,40.4128,2.3320,1,21.781,22.699
1190,DATA_20260321_120000.BIN,28.7170,35.3253,4.8184,35.3253,6.2920,1,16.924,18.867
1191,DATA_20260321_120000.BIN,27.9612,33.7727,12.5752,33.7727,4.5210,1,15.849,15.894
1192,DATA_20260321_120000.BIN,12.5752,24.0837,17.9352,24.0837,8.0740,1,7.641,8.581
1193,DATA_20260321_120000.BIN,24.6203,35.5438,4.8191,35.5438,4.3010,1,11.220,11.614
1194,DATA_20260321_120000.BIN,4.8191,35.6335,18.3298,35.6335,6.7100,1,24.943,25.178
1195,DATA_20260321_120000.BIN,0.4663,12.4524,1.8591,12.4524,5.4780,1,16.294,19.526
1196,DATA_20260321_120000.BIN,1.8591,15.4065,1.4100,15.4065,8.9650,1,13.594,14.172
1197,DATA_20260321_120000.BIN,1.4100,7.4453,1.2729,7.4453,6.5450,1,13.500,13.561
1198,DATA_20260321_120000.BIN,1.2729,10.5009,0.7040,10.5009,4.1690,1,11.266,12.696
1199,DATA_20260321_120000.BIN,1.5066,17.6891,1.5207,17.6891,3.9490,1,9.596,11.635
1200,DATA_20260321_120000.BIN,1.5207,17.8627,2.3739,17.8627,9.4050,1,8.324,8.911
1201,DATA_20260321_120000.BIN,10.3117,34.9443,2.1808,34.9443,3.0580,1,13.375,13.592
1202,DATA_20260321_120000.BIN,3.7595,47.2705,25.6831,47.2705,6.9960,1,7.180,8.807
1203,DATA_20260321_120000.BIN,25.6831,37.5585,3.4057,37.5585,2.9810,1,28.627,28.636
1204,DATA_20260321_120000.BIN,5.3531,12.2908,3.1963,12.2908,6.1820,1,8.976,9.007
1205,DATA_20260321_120000.BIN,3.3792,9.5627,0.6571,9.5627,5.6870,1,7.594,8.411
1206,DATA_20260321_120000.BIN,0.8306,37.8832,20.3985,37.8832,5.4340,1,8.943,9.022
1207,DATA_20260321_120000.BIN,20.1000,37.4591,18.5701,37.4591,4.8730,1,19.625,20.130
1208,DATA_20260321_120000.BIN,18.5701,38.8256,28.9368,38.8256,6.6220,1,18.488,18.743
1209,DATA_20260321_120000.BIN,28.9368,36.9905,29.4962,36.9905,5.7860,1,25.757,25.770
1210,DATA_20260321_120000.BIN,29.4962,38.3499,29.0018,38.3499,3.9050,1,23.498,24.498
1211,DATA_20260321_120000.BIN,29.0018,38.3836,12.7223,38.3836,6.9520,1,21.515,21.519
1212,DATA_20260321_120000.BIN,12.7223,43.3393,35.8385,43.3393,5.1370,1,6.766,7.716
1213,DATA_20260321_120000.BIN,35.8385,41.7957,1.3675,41.7957,6.4350,1,28.041,28.252
1214,DATA_20260321_120000.BIN,1.3675,52.1665,3.0900,52.1665,4.4440,1,17.258,17.326
1215,DATA_20260321_120000.BIN,0.5953,45.1534,2.2346,45.1534,8.7560,1,15.417,15.429
1216,DATA_20260321_120000.BIN,1.7554,16.7112,1.7407,16.7112,5.5000,1,16.697,16.727
1217,DATA_20260321_120000.BIN,1.7407,9.4491,0.9201,9.4491,6.1930,1,11.077,11.139
1218,DATA_20260321_120000.BIN,0.9201,10.1938,0.9101,10.1938,3.4760,1,12.243,12.939
1219,DATA_20260321_120000.BIN,3.9051,18.6445,0.4791,18.6445,5.2140,1,14.910,14.982
1220,DATA_20260321_120000.BIN,0.4791,9.0107,3.0705,9.0107,3.6080,1,9.645,9.698
1221,DATA_20260321_120000.BIN,1.9964,9.8251,0.1889,9.8251,3.0800,1,10.297,10.447
1222,DATA_20260321_120000.BIN,27.3730,41.5042,7.4313,41.5042,1.7930,1,28.715,29.178
1223,DATA_20260321_120000.BIN,7.4313,16.3118,7.0560,16.3118,3.2340,1,3.106,6.412
1224,DATA_20260321_120000.BIN,7.0560,15.2301,0.9998,15.2301,5.7420,1,8.313,8.771
1225,DATA_20260321_120000.BIN,0.9998,21.3315,5.2911,21.3315,3.4100,1,7.802,8.114
1226,DATA_20260321_120000.BIN,5.2911,16.0790,2.3098,16.0790,3.2890,1,3.930,14.098
1227,DATA_20260321_120000.BIN,2.3098,14.3951,2.9708,14.3951,1.7050,1,7.186,7.741
1228,DATA_20260321_120000.BIN,1.9811,8.1595,0.9017,8.1595,9.4270,1,4.218,5.233
1229,DATA_20260321_120000.BIN,3.8749,13.5367,3.8749,13.5367,2.8820,1,8.783,11.230
1230,DATA_20260321_120000.BIN,4.5927,13.9061,2.3312,13.9061,5.3020,1,9.121,13.960
1231,DATA_20260321_120000.BIN,2.3312,13.3754,0.4196,13.3754,6.2150,1,6.227,7.533
1232,DATA_20260321_120000.BIN,0.4196,9.4728,3.6464,9.4728,4.1690,1,3.034,5.183
1233,DATA_20260321_120000.BIN,3.6464,15.1178,0.4129,15.1178,3.9380,1,6.341,9.001
1234,DATA_20260321_120000.BIN,0.4129,9.0095,1.2733,9.0095,5.0820,1,2.596,2.696
1235,DATA_20260321_120000.BIN,1.2733,19.3946,3.1408,19.3946,4.5760,1,3.782,4.619
1236,DATA_20260321_120000.BIN,3.1408,12.4284,2.2114,12.4284,4.2900,1,1.927,2.278
1237,DATA_20260321_120000.BIN,1.0312,9.5278,0.7986,9.5278,1.4410,1,2.909,3.377
1238,DATA_20260321_120000.BIN,3.1263,15.9981,1.2968,15.9981,3.8060,1,3.092,6.438
1239,DATA_20260321_120000.BIN,1.2968,12.2540,2.8891,12.2540,2.4970,1,1.971,6.790
1240,DATA_20260321_120000.BIN,2.8891,11.1192,1.3707,11.1192,8.2720,1,2.564,3.061
1241,DATA_20260321_120000.BIN,1.3707,7.9578,1.0322,7.9578,2.9260,1,2.816,3.152
1242,DATA_20260321_120000.BIN,2.7678,32.0094,9.0281,32.0094,4.2130,1,3.596,4.009
1243,DATA_20260321_120000.BIN,9.0281,36.6611,16.3381,36.6611,4.6090,1,8.700,9.048
1244,DATA_20260321_120000.BIN,16.3381,30.9836,9.8527,30.9836,3.0910,1,15.549,17.878
1245,DATA_20260321_120000.BIN,9.8527,38.0342,15.3515,38.0342,5.1810,1,7.635,7.983
1246,DATA_20260321_120000.BIN,15.3515,26.9318,17.9080,26.9318,2.1340,1,13.057,13.122
1247,DATA_20260321_120000.BIN,17.9080,36.4489,22.0689,36.4489,4.6970,1,14.464,14.605
1248,DATA_20260321_120000.BIN,22.0689,30.2887,20.4901,30.2887,1.4080,1,17.872,18.031
1249,DATA_20260321_120000.BIN,20.4901,35.5291,0.9307,35.5291,7.0400,1,14.981,15.381
1250,DATA_20260321_120000.BIN,0.9307,14.3413,6.6930,14.3413,5.1590,1,11.059,12.346
1251,DATA_20260321_120000.BIN,3.0986,9.3200,2.2736,9.3200,2.0460,1,12.811,14.402
1252,DATA_20260321_120000.BIN,2.2736,15.1296,6.1128,15.1296,7.2710,1,9.737,11.473
1253,DATA_20260321_120000.BIN,6.1128,15.6363,1.7471,15.6363,7.6560,1,14.281,14.789
1254,DATA_20260321_120000.BIN,11.4287,17.8988,1.1224,17.8988,3.5200,1,19.312,22.871
1255,DATA_20260321_120000.BIN,1.1224,10.2539,3.2410,10.2539,5.3240,1,2.555,10.991
1256,DATA_20260321_120000.BIN,3.2410,12.5336,5.1081,12.5336,2.4420,1,1.477,4.237
1257,DATA_20260321_120000.BIN,2.8013,8.3589,2.5916,8.3589,7.4030,1,2.445,2.846
1258,DATA_20260321_120000.BIN,0.4306,51.7061,5.0849,51.7061,4.5980,1,3.101,3.270
1259,DATA_20260321_120000.BIN,5.0849,44.9460,0.2690,44.9460,2.6840,1,3.128,3.160
1260,DATA_20260321_120000.BIN,0.2690,12.6928,6.0214,12.6928,8.7890,1,3.169,4.471
1261,DATA_20260321_120000.BIN,0.7187,14.1901,3.9252,14.1901,9.1410,1,2.374,2.545
1262,DATA_20260321_120000.BIN,3.9252,45.1755,1.3543,45.1755,3.4540,1,3.439,3.857
1263,DATA_20260321_120000.BIN,0.1597,11.8644,1.2369,11.8644,4.4000,1,3.163,3.434
1264,DATA_20260321_120000.BIN,1.2369,9.3201,1.0519,9.3201,2.2330,1,1.748,1.949
1265,DATA_20260321_120000.BIN,1.0519,10.2634,1.1115,10.2634,3.1570,1,3.641,8.117
1266,DATA_20260321_120000.BIN,1.1115,9.7853,1.7418,9.7853,3.5420,1,2.338,7.392
1267,DATA_20260321_120000.BIN,0.6446,7.6694,1.5018,7.6694,2.1120,1,2.005,2.058
1268,DATA_20260321_120000.BIN,1.5018,39.1874,1.2642,39.1874,6.7980,1,3.324,3.435
1269,DATA_20260321_120000.BIN,14.5433,33.8041,3.3852,33.8041,5.0600,1,15.218,15.246
1270,DATA_20260321_120000.BIN,9.6422,15.9935,2.9448,15.9935,4.2240,1,12.796,21.148
1271,DATA_20260321_120000.BIN,2.9448,13.3853,2.0867,13.3853,1.6720,1,4.426,4.613
1272,DATA_20260321_120000.BIN,10.4991,38.5794,20.5226,38.5794,5.7310,1,11.068,11.076
1273,DATA_20260321_120000.BIN,20.5226,32.8315,5.7091,32.8315,2.2330,1,20.890,23.122
1274,DATA_20260321_120000.BIN,5.7091,34.2426,12.8444,34.2426,6.6660,1,4.788,13.777
1275,DATA_20260321_120000.BIN,12.8444,22.7056,6.7177,22.7056,3.8720,1,10.519,10.712
1276,DATA_20260321_120000.BIN,6.7177,37.9162,6.2499,37.9162,4.5650,1,3.861,8.858
1277,DATA_20260321_120000.BIN,6.2499,20.3816,4.5943,20.3816,4.9720,1,5.268,9.953
1278,DATA_20260321_120000.BIN,4.5943,20.2862,10.2261,20.2862,5.9730,1,5.228,5.648
1279,DATA_20260321_130000.BIN,12.0281,24.6067,17.3630,24.6067,6.4020,1,24.353,30.277
1280,DATA_20260321_130000.BIN,17.3630,27.6331,18.6767,27.6331,5.9510,1,14.334,19.196
1281,DATA_20260321_130000.BIN,14.8731,30.8039,10.1284,30.8039,9.9110,1,20.638,23.726
1282,DATA_20260321_130000.BIN,10.1284,20.2178,11.5630,20.2178,3.8720,1,25.511,33.022
1283,DATA_20260321_130000.BIN,9.2017,21.4878,7.3583,21.4878,2.9810,1,24.586,27.615
1284,DATA_20260321_130000.BIN,10.7906,25.3234,17.8549,25.3234,5.6430,1,14.709,23.823
1285,DATA_20260321_130000.BIN,9.7119,20.0973,12.3619,20.0973,3.4320,1,18.541,21.086
1286,DATA_20260321_130000.BIN,20.8734,27.9964,21.0536,27.9964,2.4530,1,60.211,60.421
1287,DATA_20260321_130000.BIN,21.0536,31.0296,21.4532,31.0296,5.4780,1,48.859,48.879
1288,DATA_20260321_130000.BIN,21.4532,30.7287,22.8356,30.7287,3.9160,1,45.001,45.095
1289,DATA_20260321_130000.BIN,22.8356,31.9104,11.5495,31.9104,5.9180,1,40.368,40.370
1290,DATA_20260321_130000.BIN,20.5716,29.6442,24.0406,29.6442,5.9180,1,16.613,16.651
1291,DATA_20260321_130000.BIN,20.9553,30.8359,11.8446,30.8359,8.9210,1,12.061,12.093
1292,DATA_20260321_130000.BIN,10.8886,23.1466,11.4149,23.1466,4.5870,1,0.410,6.020
1293,DATA_20260321_130000.BIN,16.3102,26.0381,20.0737,26.0381,2.8600,1,5.467,7.180
1294,DATA_20260321_130000.BIN,20.0737,26.8189,20.0487,26.8189,8.3160,1,6.159,7.574
1295,DATA_20260321_130000.BIN,20.0487,29.3255,22.3415,29.3255,5.0600,1,5.317,7.892
1296,DATA_20260321_130000.BIN,13.5676,25.3201,10.5290,25.3201,6.7540,1,5.772,8.333
1297,DATA_20260321_130000.BIN,7.4523,29.3246,13.7297,29.3246,4.4990,1,10.096,11.078
1298,DATA_20260321_130000.BIN,10.7743,22.8311,12.1733,22.8311,4.7080,1,3.960,7.214
1299,DATA_20260321_130000.BIN,19.7706,26.2737,19.9408,26.2737,1.7710,1,5.194,8.303
1300,DATA_20260321_130000.BIN,12.7378,26.7910,20.3306,26.7910,4.6090,1,7.266,8.751
1301,DATA_20260321_130000.BIN,18.8002,26.6253,13.0280,26.6253,3.1350,1,7.530,8.288
1302,DATA_20260321_130000.BIN,13.0280,21.2333,12.4955,21.2333,1.3420,1,6.409,7.607
1303,DATA_20260321_130000.BIN,14.5320,23.8997,14.5483,23.8997,4.6530,1,3.931,8.223
1304,DATA_20260321_130000.BIN,14.0644,24.5194,17.0202,24.5194,7.4030,1,8.111,8.135
1305,DATA_20260321_130000.BIN,17.0202,24.1259,14.7355,24.1259,3.6520,1,9.148,9.634
1306,DATA_20260321_130000.BIN,14.7355,22.8443,13.2138,22.8443,3.6410,1,5.243,10.870
1307,DATA_20260321_130000.BIN,20.3663,26.2809,16.1780,26.2809,7.8650,1,23.867,24.030
1308,DATA_20260321_130000.BIN,20.5578,27.2456,17.5873,27.2456,2.9810,1,9.797,9.798
1309,DATA_20260321_130000.BIN,17.8797,23.9292,18.7577,23.9292,7.6890,1,3.496,6.725
1310,DATA_20260321_130000.BIN,18.7577,26.0526,15.7994,26.0526,4.2900,1,5.610,5.635
1311,DATA_20260321_130000.BIN,8.7719,20.9656,12.0664,20.9656,4.0700,1,11.295,14.700
1312,DATA_20260321_130000.BIN,4.0257,17.2458,4.3935,17.2458,2.0680,1,8.854,13.510
1313,DATA_20260321_130000.BIN,4.3935,14.4675,7.4622,14.4675,8.1070,1,6.645,14.502
1314,DATA_20260321_130000.BIN,7.4622,21.7723,7.8565,21.7723,7.8760,1,7.451,8.566
1315,DATA_20260321_130000.BIN,7.8565,15.6650,5.0179,15.6650,7.1610,1,6.835,11.822
1316,DATA_20260321_130000.BIN,7.4234,20.1992,9.9240,20.1992,7.8430,1,7.910,15.531
1317,DATA_20260321_130000.BIN,9.9240,18.7022,9.5118,18.7022,8.7450,1,1.148,1.275
1318,DATA_20260321_130000.BIN,9.5118,14.9942,1.9960,14.9942,8.6790,1,4.908,6.795
1319,DATA_20260321_130000.BIN,1.9960,11.7945,1.6160,11.7945,4.5980,1,7.514,13.357
1320,DATA_20260321_130000.BIN,1.6160,9.4863,2.5999,9.4863,7.9420,1,7.759,11.377
1321,DATA_20260321_130000.BIN,2.5999,8.5131,1.1168,8.5131,3.4870,1,5.060,8.945
1322,DATA_20260321_130000.BIN,1.1168,14.4634,3.3444,14.4634,3.0250,1,14.326,14.462
1323,DATA_20260321_130000.BIN,6.4754,19.0218,2.2063,19.0218,5.2140,1,7.793,10.763
1324,DATA_20260321_130000.BIN,7.4740,16.3141,8.0876,16.3141,2.0900,1,4.183,7.473
1325,DATA_20260321_130000.BIN,8.0876,15.1640,1.8444,15.1640,7.3040,1,3.415,3.453
1326,DATA_20260321_130000.BIN,1.5741,12.3062,4.4827,12.3062,5.4780,1,6.066,11.853
1327,DATA_20260321_130000.BIN,4.4827,15.7170,5.5692,15.7170,3.6630,1,7.553,10.800
1328,DATA_20260321_130000.BIN,5.9544,11.6273,3.6112,11.6273,3.0580,1,4.933,11.520
1329,DATA_20260321_130000.BIN,3.6112,11.2337,0.2626,11.2337,8.6240,1,8.719,9.105
1330,DATA_20260321_130000.BIN,0.2626,11.7763,4.0918,11.7763,5.7640,1,3.452,10.157
1331,DATA_20260321_130000.BIN,3.1571,8.9062,2.3903,8.9062,4.6530,1,2.916,9.018
1332,DATA_20260321_130000.BIN,1.4880,8.8449,1.1206,8.8449,4.5980,1,4.806,10.546
1333,DATA_20260321_130000.BIN,1.2489,11.1629,1.3625,11.1629,4.2130,1,3.310,6.234
1334,DATA_20260321_130000.BIN,1.3625,12.6595,5.5822,12.6595,6.0170,1,1.166,7.142
1335,DATA_20260321_130000.BIN,4.0162,15.0199,5.5647,15.0199,8.3050,1,6.693,8.891
1336,DATA_20260321_130000.BIN,5.5647,17.4693,6.1838,17.4693,2.4640,1,5.073,5.700
1337,DATA_20260321_130000.BIN,6.1838,13.2912,4.6540,13.2912,1.5510,1,6.804,8.046
1338,DATA_20260321_130000.BIN,4.6540,14.0369,2.8011,14.0369,3.7070,1,4.304,4.753
1339,DATA_20260321_130000.BIN,4.3791,16.4375,5.9472,16.4375,2.7170,1,3.345,3.598
1340,DATA_20260321_130000.BIN,2.7902,11.7147,2.9145,11.7147,6.4020,1,4.754,4.965
1341,DATA_20260321_130000.BIN,2.1002,9.6590,2.2647,9.6590,2.4200,1,1.350,1.698
1342,DATA_20260321_130000.BIN,2.2647,9.4912,1.8074,9.4912,1.4300,1,0.384,1.602
1343,DATA_20260321_130000.BIN,1.8074,9.5692,0.6943,9.5692,2.6510,1,0.442,2.453
1344,DATA_20260321_130000.BIN,1.0573,14.4682,6.1312,14.4682,6.8200,1,4.264,4.906
1345,DATA_20260321_130000.BIN,1.5609,10.3247,3.0543,10.3247,6.1380,1,11.641,16.028
1346,DATA_20260321_130000.BIN,3.0543,12.9386,0.3901,12.9386,6.1600,1,3.087,4.493
1347,DATA_20260321_130000.BIN,2.9797,9.0652,1.1803,9.0652,6.6880,1,6.092,8.884
1348,DATA_20260321_130000.BIN,0.7927,14.1714,0.9903,14.1714,6.9190,1,1.163,3.545
1349,DATA_20260321_130000.BIN,0.0731,5.8833,0.5578,5.8833,8.6570,1,3.496,8.429
1350,DATA_20260321_130000.BIN,0.2572,12.4379,1.6400,12.4379,6.5450,1,3.253,7.182
1351,DATA_20260321_130000.BIN,0.4093,8.7426,1.0406,8.7426,2.8050,1,3.042,7.160
1352,DATA_20260321_130000.BIN,0.1098,25.9974,0.3480,25.9974,8.9320,1,5.262,6.574
1353,DATA_20260321_130000.BIN,1.9125,20.7484,2.4508,20.7484,3.2340,1,6.678,8.666
1354,DATA_20260321_130000.BIN,2.4508,19.2672,0.1331,19.2672,6.9300,1,3.446,10.288
1355,DATA_20260321_130000.BIN,2.0322,9.8836,0.0585,9.8836,6.9850,1,4.323,5.015
1356,DATA_20260321_130000.BIN,0.0585,10.4911,5.2093,10.4911,5.3460,1,3.019,5.853
1357,DATA_20260321_130000.BIN,0.6073,15.5466,0.5500,15.5466,5.9070,1,4.202,7.041
1358,DATA_20260321_130000.BIN,0.5500,14.2467,4.0223,14.2467,4.4330,1,1.066,3.458
1359,DATA_20260321_130000.BIN,4.0223,14.6202,3.5296,14.6202,3.7180,1,6.213,6.258
1360,DATA_20260321_130000.BIN,3.5296,12.6181,1.5183,12.6181,1.7380,1,7.117,8.010
1361,DATA_20260321_130000.BIN,4.4317,13.8518,2.6776,13.8518,6.4460,1,6.438,6.634
1362,DATA_20260321_130000.BIN,1.5316,9.1995,0.8167,9.1995,7.3370,1,2.247,5.666
1363,DATA_20260321_130000.BIN,2.1985,10.9150,2.7475,10.9150,6.3470,1,4.236,7.948
1364,DATA_20260321_130000.BIN,1.5063,9.3927,0.5889,9.3927,7.2270,1,2.611,3.088
1365,DATA_20260321_130000.BIN,0.5889,7.8567,1.5273,7.8567,2.1230,1,4.220,6.935
1366,DATA_20260321_130000.BIN,1.5273,8.8059,0.9303,8.8059,3.2120,1,4.171,4.299
1367,DATA_20260321_130000.BIN,1.0881,7.7354,2.0227,7.7354,2.7610,1,2.023,2.356
1368,DATA_20260321_130000.BIN,4.5316,11.8023,4.5504,11.8023,6.1710,1,5.397,7.114
1369,DATA_20260321_130000.BIN,5.0128,11.9868,4.3545,11.9868,2.9700,1,4.897,6.588
1370,DATA_20260321_130000.BIN,18.1485,27.6404,13.0977,27.6404,2.0350,1,57.032,60.924
1371,DATA_20260321_130000.BIN,13.0977,26.4444,21.6532,26.4444,3.2560,1,22.473,23.157
1372,DATA_20260321_130000.BIN,21.6532,37.8256,12.3125,37.8256,1.8260,1,23.828,26.701
1373,DATA_20260321_130000.BIN,12.3125,39.9243,7.3221,39.9243,1.7270,1,21.948,23.419
1374,DATA_20260321_130000.BIN,7.3221,23.3021,11.2677,23.3021,2.3430,1,13.051,14.703
1375,DATA_20260321_130000.BIN,6.2256,14.3206,1.8750,14.3206,8.5360,1,6.281,10.659
1376,DATA_20260321_130000.BIN,10.5994,22.6252,14.6057,22.6252,6.7100,1,8.624,10.413
1377,DATA_20260321_130000.BIN,14.6057,22.2634,9.1220,22.2634,7.3370,1,11.982,12.903
1378,DATA_20260321_130000.BIN,10.0109,19.1295,7.5888,19.1295,8.9320,1,8.572,8.622
1379,DATA_20260321_130000.BIN,7.5888,18.4488,12.3743,18.4488,3.8170,1,2.467,2.472
1380,DATA_20260321_130000.BIN,12.3743,19.9910,11.0111,19.9910,6.6110,1,8.638,9.713
1381,DATA_20260321_130000.BIN,11.0111,19.4736,9.2889,19.4736,6.2260,1,5.654,6.629
1382,DATA_20260321_130000.BIN,9.2889,15.7990,6.6970,15.7990,4.2900,1,2.480,3.591
1383,DATA_20260321_130000.BIN,4.2983,15.3099,7.2521,15.3099,7.2270,1,8.989,8.998
1384,DATA_20260321_130000.BIN,10.0162,16.6007,3.3831,16.6007,4.8730,1,12.641,17.484
1385,DATA_20260321_130000.BIN,3.3831,11.0635,1.8730,11.0635,5.2030,1,4.697,5.746
1386,DATA_20260321_130000.BIN,1.7451,9.3597,0.9681,9.3597,1.4190,1,6.858,8.450
1387,DATA_20260321_130000.BIN,2.8080,11.3730,3.6045,11.3730,5.1260,1,4.920,5.242
