cycle_idx,source_file,p0_r,p3_r,p7_r,amplitude,duration_s,validated,tilt_deg,q_error_deg
0,DATA_20260213_085005.BIN,8.5572,20.2670,5.9044,20.2670,2.6840,1,25.268,25.268
1,DATA_20260213_085005.BIN,5.9044,23.3138,5.8060,23.3138,2.6950,1,26.299,26.351
2,DATA_20260213_085005.BIN,5.8060,22.8696,7.0984,22.8696,2.6180,1,22.089,22.901
3,DATA_20260213_085005.BIN,7.0984,21.4238,5.6683,21.4238,4.2570,1,18.284,19.456
4,DATA_20260213_085005.BIN,9.5996,25.5261,1.2833,25.5261,2.8710,1,13.145,13.148
5,DATA_20260213_085005.BIN,1.0275,17.8951,0.8173,17.8951,5.7200,1,23.930,24.038
6,DATA_20260213_085005.BIN,4.0975,19.8528,0.7069,19.8528,3.0030,1,27.460,27.644
7,DATA_20260213_085005.BIN,0.3498,16.2412,1.0212,16.2412,6.5780,1,18.894,18.996
8,DATA_20260213_085005.BIN,8.4793,28.4892,12.8389,28.4892,4.7190,1,8.244,11.211
9,DATA_20260213_085005.BIN,12.8389,23.7014,9.6701,23.7014,4.4660,1,3.308,3.326
10,DATA_20260213_085005.BIN,0.4984,21.4650,9.7542,21.4650,2.4860,1,17.072,19.928
11,DATA_20260213_085005.BIN,1.1835,8.7306,1.1222,8.7306,3.3660,1,15.524,16.249
12,DATA_20260213_085005.BIN,2.5413,30.7578,0.7672,30.7578,6.1600,1,11.681,12.077
13,DATA_20260213_085005.BIN,0.7672,14.1911,0.7615,14.1911,7.7110,1,12.888,12.900
14,DATA_20260213_085005.BIN,0.7615,22.9244,3.5523,22.9244,4.4990,1,12.434,14.842
15,DATA_20260213_085005.BIN,3.5523,22.5212,6.4525,22.5212,2.0020,1,129.868,129.956
16,DATA_20260213_085005.BIN,6.4525,26.8974,6.0255,26.8974,4.1910,1,10.790,14.227
17,DATA_20260213_085005.BIN,6.0255,18.1440,4.6481,18.1440,3.4210,1,10.398,10.404
18,DATA_20260213_085005.BIN,4.9438,18.5090,7.5754,18.5090,2.6400,1,13.364,14.556
19,DATA_20260213_085005.BIN,7.5754,17.1822,2.8641,17.1822,4.8950,1,10.601,12.367
20,DATA_20260213_085005.BIN,2.8641,19.8800,8.5285,19.8800,4.4550,1,11.674,15.452
21,DATA_20260213_085005.BIN,8.5285,22.4812,0.5886,22.4812,1.7160,1,9.608,9.996
22,DATA_20260213_085005.BIN,0.5886,21.7200,6.3388,21.7200,4.5650,1,4.422,9.109
23,DATA_20260213_085005.BIN,6.3388,23.0521,0.1606,23.0521,4.1140,1,8.521,8.937
24,DATA_20260213_085005.BIN,0.1606,19.2760,1.5999,19.2760,4.1470,1,3.089,3.494
25,DATA_20260213_085005.BIN,1.5999,15.3491,3.2600,15.3491,3.7950,1,4.620,5.465
26,DATA_20260213_085005.BIN,3.2600,10.9004,1.8997,10.9004,2.9590,1,6.032,7.835
27,DATA_20260213_085005.BIN,1.8997,12.6114,3.1035,12.6114,2.6620,1,3.369,4.383
28,DATA_20260213_085005.BIN,3.1035,24.2562,6.6646,24.2562,4.4770,1,10.226,13.653
29,DATA_20260213_085005.BIN,6.6646,18.2090,3.8731,18.2090,5.5880,1,9.701,11.623
30,DATA_20260213_085005.BIN,3.8731,14.9109,5.0429,14.9109,4.5870,1,1.494,3.499
31,DATA_20260213_085005.BIN,8.5687,24.1400,5.2895,24.1400,2.1340,1,9.509,10.035
32,DATA_20260213_085005.BIN,4.0297,19.1065,3.1880,19.1065,5.1590,1,7.247,7.932
33,DATA_20260213_085005.BIN,3.1880,16.0416,2.7085,16.0416,6.7540,1,3.898,6.290
34,DATA_20260213_085005.BIN,0.8294,23.7973,6.6974,23.7973,7.7880,1,5.691,6.848
35,DATA_20260213_085005.BIN,8.9533,17.1156,2.1494,17.1156,9.6470,1,14.267,14.709
36,DATA_20260213_085005.BIN,1.3835,23.7352,5.4733,23.7352,6.2150,1,3.736,6.821
37,DATA_20260213_085005.BIN,5.4733,15.5458,2.3318,15.5458,3.8280,1,14.426,16.165
38,DATA_20260213_085005.BIN,2.3318,17.1268,3.6375,17.1268,1.7600,1,9.413,14.572
39,DATA_20260213_085005.BIN,3.6375,19.8283,2.6860,19.8283,2.9260,1,5.606,10.384
40,DATA_20260213_085005.BIN,2.6860,13.8740,3.4527,13.8740,3.6190,1,4.370,6.354
41,DATA_20260213_085005.BIN,3.4527,18.3182,9.9122,18.3182,2.6840,1,8.477,9.832
42,DATA_20260213_085005.BIN,9.9122,19.8271,5.7680,19.8271,3.1240,1,11.244,14.519
43,DATA_20260213_085005.BIN,5.7680,20.7221,2.0238,20.7221,2.8710,1,3.382,9.129
44,DATA_20260213_085005.BIN,2.0238,28.4546,1.3565,28.4546,4.8950,1,0.151,2.852
45,DATA_20260213_085005.BIN,3.4903,16.2087,8.9357,16.2087,3.2670,1,8.665,9.984
46,DATA_20260213_085005.BIN,8.9357,18.6753,3.7337,18.6753,5.2470,1,18.724,22.255
47,DATA_20260213_085005.BIN,3.7337,33.7087,23.1759,33.7087,8.3380,1,10.198,14.086
48,DATA_20260213_085005.BIN,2.9786,27.3718,7.5154,27.3718,7.0950,1,7.169,9.602
49,DATA_20260213_085005.BIN,7.5154,27.3240,4.6673,27.3240,2.7390,1,7.286,10.196
50,DATA_20260213_085005.BIN,4.6673,27.8722,14.1528,27.8722,7.2600,1,9.587,19.696
51,DATA_20260213_085005.BIN,14.1528,26.9860,6.6869,26.9860,3.5200,1,18.814,21.283
52,DATA_20260213_085005.BIN,8.7684,16.3244,2.1429,16.3244,4.2790,1,7.981,10.631
53,DATA_20260213_085005.BIN,2.1429,17.6446,3.9541,17.6446,1.2870,1,6.825,16.111
54,DATA_20260213_085005.BIN,3.9541,15.0532,6.7277,15.0532,1.7820,1,2.302,2.378
55,DATA_20260213_085005.BIN,6.7277,18.4433,3.4040,18.4433,3.3330,1,8.169,8.848
56,DATA_20260213_085005.BIN,0.8023,19.1550,2.5391,19.1550,4.0370,1,9.462,15.114
57,DATA_20260213_085005.BIN,0.9831,11.8250,2.2630,11.8250,5.5110,1,8.365,12.867
58,DATA_20260213_085005.BIN,2.2630,11.1055,1.2728,11.1055,7.7110,1,7.202,10.048
59,DATA_20260213_085005.BIN,1.2728,13.9685,1.3125,13.9685,1.8920,1,7.827,13.710
60,DATA_20260213_085005.BIN,2.6040,26.0866,1.6101,26.0866,5.4780,1,5.434,5.445
61,DATA_20260213_085005.BIN,1.6101,16.3326,4.9948,16.3326,2.8930,1,2.624,7.092
62,DATA_20260213_085005.BIN,4.9948,18.6155,12.1003,18.6155,2.8820,1,8.712,8.948
63,DATA_20260213_085005.BIN,4.0187,13.2226,6.1310,13.2226,5.7310,1,12.405,16.729
64,DATA_20260213_090000.BIN,32.4377,40.2028,30.7509,40.2028,4.7740,1,8.511,9.632
65,DATA_20260213_090000.BIN,15.7790,26.2851,20.7765,26.2851,1.9140,1,28.630,29.223
66,DATA_20260213_090000.BIN,20.7765,34.4600,6.7913,34.4600,7.1280,1,20.560,20.712
67,DATA_20260213_090000.BIN,6.7913,23.6400,6.1583,23.6400,5.1480,1,35.788,35.857
68,DATA_20260213_090000.BIN,11.1711,32.4309,23.6576,32.4309,1.7600,1,27.007,27.995
69,DATA_20260213_090000.BIN,12.6683,31.7662,16.7145,31.7662,9.7900,1,24.879,26.107
70,DATA_20260213_090000.BIN,16.7145,25.5396,10.0150,25.5396,3.0030,1,17.591,22.620
71,DATA_20260213_090000.BIN,19.5546,27.9500,18.7128,27.9500,1.6060,1,12.967,13.887
72,DATA_20260213_090000.BIN,18.7128,33.6522,17.6275,33.6522,3.9160,1,10.454,10.588
73,DATA_20260213_090000.BIN,17.6275,48.9834,29.6245,48.9834,6.8530,1,8.868,9.018
74,DATA_20260213_090000.BIN,29.6245,40.9676,24.1388,40.9676,2.6290,1,8.622,8.634
75,DATA_20260213_090000.BIN,24.1388,37.5529,17.8397,37.5529,2.5190,1,3.458,3.841
76,DATA_20260213_090000.BIN,17.8397,22.6451,11.7972,22.6451,4.2570,1,8.875,9.281
77,DATA_20260213_090000.BIN,11.7972,21.4632,2.7341,21.4632,1.5400,1,15.335,15.504
78,DATA_20260213_090000.BIN,8.3984,33.5689,13.2450,33.5689,7.2490,1,18.750,18.757
79,DATA_20260213_090000.BIN,13.2450,71.9894,63.5992,71.9894,4.7300,1,10.064,10.084
80,DATA_20260213_090000.BIN,63.5992,72.5546,67.2650,72.5546,1.3750,1,51.673,51.738
81,DATA_20260213_090000.BIN,67.2650,72.4394,16.7557,72.4394,6.4460,1,51.410,51.901
82,DATA_20260213_090000.BIN,16.7557,27.8640,15.3404,27.8640,2.5630,1,15.868,15.869
83,DATA_20260213_090000.BIN,15.3404,34.6359,15.6439,34.6359,2.8270,1,16.591,21.032
84,DATA_20260213_090000.BIN,15.6439,23.7265,18.3636,23.7265,1.1660,1,12.752,13.236
85,DATA_20260213_090000.BIN,18.3636,27.2043,12.0333,27.2043,2.1230,1,12.176,12.343
86,DATA_20260213_090000.BIN,12.0333,48.3697,17.4470,48.3697,2.9810,1,22.272,24.385
87,DATA_20260213_090000.BIN,17.4470,89.4838,9.5014,89.4838,3.3330,1,6.101,7.331
88,DATA_20260213_090000.BIN,9.5014,27.8498,22.2164,27.8498,1.8480,1,23.244,23.519
89,DATA_20260213_090000.BIN,17.7750,29.4789,15.6302,29.4789,3.7400,1,10.078,11.556
90,DATA_20260213_090000.BIN,15.6302,31.8915,24.2350,31.8915,2.5410,1,7.975,9.092
91,DATA_20260213_090000.BIN,40.8997,77.8277,29.6572,77.8277,2.1670,1,25.711,25.912
92,DATA_20260213_090000.BIN,29.6572,67.6732,15.5838,67.6732,2.2330,1,11.007,11.024
93,DATA_20260213_090000.BIN,16.2731,74.0047,11.4054,74.0047,6.4570,1,7.560,8.346
94,DATA_20260213_090000.BIN,11.4054,29.5019,18.0120,29.5019,2.8050,1,13.342,13.654
95,DATA_20260213_090000.BIN,18.0120,32.2178,16.0980,32.2178,2.0570,1,7.447,13.443
96,DATA_20260213_090000.BIN,10.7410,19.4708,3.3600,19.4708,3.6080,1,12.169,12.552
97,DATA_20260213_090000.BIN,11.7339,27.7328,15.2722,27.7328,2.7940,1,13.115,13.145
98,DATA_20260213_090000.BIN,15.2722,26.5131,16.1097,26.5131,1.2430,1,5.684,5.750
99,DATA_20260213_090000.BIN,16.1097,27.6621,9.8482,27.6621,2.0130,1,4.188,4.189
100,DATA_20260213_090000.BIN,9.8482,31.8300,11.7030,31.8300,4.6310,1,16.005,17.465
101,DATA_20260213_090000.BIN,11.7030,25.0264,19.7633,25.0264,1.8040,1,8.200,8.328
102,DATA_20260213_090000.BIN,19.7633,27.9276,19.9724,27.9276,1.6830,1,5.169,5.840
103,DATA_20260213_090000.BIN,19.9724,31.1505,16.0802,31.1505,3.5090,1,7.563,7.568
104,DATA_20260213_090000.BIN,16.0802,60.4550,16.2110,60.4550,3.2010,1,4.502,5.675
105,DATA_20260213_090000.BIN,16.2110,30.3427,16.5275,30.3427,1.9690,1,1.167,1.550
106,DATA_20260213_090000.BIN,16.5275,25.1769,12.5954,25.1769,1.9910,1,0.386,1.362
107,DATA_20260213_090000.BIN,17.2763,23.0495,14.1558,23.0495,2.9370,1,2.308,2.613
108,DATA_20260213_090000.BIN,14.1558,29.8342,10.3614,29.8342,3.3660,1,6.509,8.571
109,DATA_20260213_090000.BIN,10.3614,32.5446,16.6180,32.5446,3.0140,1,8.767,9.396
110,DATA_20260213_090000.BIN,16.6180,33.1142,21.8902,33.1142,3.1790,1,5.554,6.402
111,DATA_20260213_090000.BIN,21.8902,27.4223,16.2186,27.4223,4.2350,1,9.035,11.022
112,DATA_20260213_090000.BIN,16.2186,62.4148,12.8469,62.4148,3.0800,1,5.523,7.958
113,DATA_20260213_090000.BIN,12.8469,30.6636,20.7410,30.6636,2.1560,1,11.342,14.222
114,DATA_20260213_090000.BIN,20.7410,29.5846,14.5510,29.5846,6.8200,1,7.160,8.885
115,DATA_20260213_090000.BIN,14.5510,70.5849,8.9302,70.5849,5.2250,1,4.646,9.645
116,DATA_20260213_090000.BIN,8.9302,55.6470,51.0961,55.6470,4.9940,1,9.596,9.655
117,DATA_20260213_090000.BIN,29.0752,77.3856,22.4019,77.3856,4.4880,1,17.459,17.619
118,DATA_20260213_090000.BIN,22.4019,29.7045,13.7068,29.7045,1.7160,1,6.777,9.865
119,DATA_20260213_090000.BIN,24.6238,70.1219,10.9522,70.1219,3.7290,1,12.263,12.755
120,DATA_20260213_090000.BIN,10.9522,23.9868,16.2770,23.9868,1.8260,1,9.169,9.169
121,DATA_20260213_090000.BIN,16.2770,29.8510,22.1078,29.8510,1.2320,1,9.499,9.502
122,DATA_20260213_090000.BIN,22.1078,52.1695,14.9074,52.1695,3.8060,1,8.657,10.252
123,DATA_20260213_090000.BIN,14.9074,78.0728,15.1340,78.0728,4.0810,1,9.326,9.420
124,DATA_20260213_090000.BIN,15.1340,27.5107,15.1415,27.5107,5.1040,1,11.148,15.301
125,DATA_20260213_090000.BIN,21.3795,30.2808,25.4869,30.2808,3.1570,1,5.926,13.119
126,DATA_20260213_090000.BIN,19.3609,68.7257,8.2350,68.7257,1.9140,1,4.945,11.102
127,DATA_20260213_090000.BIN,0.0411,9.2102,2.5096,9.2102,3.2780,1,80.657,176.500
128,DATA_20260213_090000.BIN,5.1803,12.2263,1.1346,12.2263,4.9830,1,83.010,151.625
129,DATA_20260213_090000.BIN,0.3657,11.2975,2.2548,11.2975,3.1790,1,71.291,133.765
130,DATA_20260213_090000.BIN,2.2548,7.6544,4.0065,7.6544,2.2660,1,71.653,121.942
131,DATA_20260213_090000.BIN,4.0065,8.9627,2.3347,8.9627,6.3580,1,67.202,106.018
132,DATA_20260213_090000.BIN,2.3347,19.1193,3.3845,19.1193,2.9920,1,58.880,95.584
133,DATA_20260213_090000.BIN,3.5694,9.8000,1.2646,9.8000,7.3810,1,54.705,89.577
134,DATA_20260213_090000.BIN,0.9840,10.7279,2.5169,10.7279,2.2990,1,55.775,88.086
135,DATA_20260213_090000.BIN,3.1509,8.2051,1.8694,8.2051,2.5080,1,53.862,79.675
136,DATA_20260213_090000.BIN,2.6845,14.4606,3.2510,14.4606,4.1580,1,42.395,71.974
137,DATA_20260213_090000.BIN,3.2510,8.0798,2.7497,8.0798,6.1380,1,38.092,65.167
138,DATA_20260213_090000.BIN,4.4512,8.3910,2.2008,8.3910,5.8740,1,48.499,68.562
139,DATA_20260213_090000.BIN,2.5388,8.8610,2.4004,8.8610,9.0860,1,42.555,63.759
140,DATA_20260213_090000.BIN,18.6824,66.2025,12.8622,66.2025,7.5900,1,69.206,122.799
141,DATA_20260213_090000.BIN,38.0885,47.3061,39.9169,47.3061,2.4530,1,42.301,105.479
142,DATA_20260213_090000.BIN,39.9169,47.0193,21.4572,47.0193,5.1480,1,38.065,96.382
143,DATA_20260213_100000.BIN,3.0648,64.5728,19.4717,64.5728,5.1700,1,33.902,45.433
144,DATA_20260213_100000.BIN,10.8662,26.0573,8.8446,26.0573,2.6510,1,22.775,32.718
145,DATA_20260213_100000.BIN,8.8446,57.5353,15.1485,57.5353,6.6550,1,19.034,28.194
146,DATA_20260213_100000.BIN,14.0527,75.6614,58.7710,75.6614,6.8860,1,14.474,23.841
147,DATA_20260213_100000.BIN,58.7710,75.2901,21.6716,75.2901,3.1570,1,129.434,157.078
148,DATA_20260213_100000.BIN,21.6716,74.5148,14.1864,74.5148,5.0710,1,14.761,15.403
149,DATA_20260213_100000.BIN,14.1864,46.6773,19.7172,46.6773,4.5650,1,20.660,23.370
150,DATA_20260213_100000.BIN,19.7172,76.3347,15.6212,76.3347,3.5750,1,12.743,17.300
151,DATA_20260213_100000.BIN,15.6212,45.8081,12.9109,45.8081,2.1890,1,16.056,17.093
152,DATA_20260213_100000.BIN,12.9109,39.4629,12.2682,39.4629,8.2060,1,17.430,18.154
153,DATA_20260213_100000.BIN,61.1251,75.5057,10.1206,75.5057,4.7630,1,122.966,146.992
154,DATA_20260213_100000.BIN,21.3452,43.6462,18.2584,43.6462,2.7610,1,19.075,19.101
155,DATA_20260213_100000.BIN,14.1958,25.7910,10.3506,25.7910,5.2470,1,32.337,33.826
156,DATA_20260213_100000.BIN,10.3506,25.7726,12.1979,25.7726,1.5180,1,26.427,27.800
157,DATA_20260213_100000.BIN,10.8153,27.5440,10.9797,27.5440,4.0260,1,23.795,23.800
158,DATA_20260213_100000.BIN,10.9797,28.4368,15.7813,28.4368,5.4560,1,24.776,27.245
159,DATA_20260213_100000.BIN,11.7525,39.1952,9.4344,39.1952,3.7510,1,18.292,18.387
160,DATA_20260213_100000.BIN,9.4344,23.7207,7.5539,23.7207,1.5180,1,18.917,18.988
161,DATA_20260213_100000.BIN,7.5539,21.4884,5.9889,21.4884,3.3990,1,19.799,20.571
162,DATA_20260213_100000.BIN,5.9889,26.4960,11.4471,26.4960,2.4420,1,21.188,21.270
163,DATA_20260213_100000.BIN,13.3442,29.0577,8.4763,29.0577,2.5960,1,15.846,18.002
164,DATA_20260213_100000.BIN,8.4763,31.5064,7.1597,31.5064,2.1230,1,14.556,15.758
165,DATA_20260213_100000.BIN,7.1597,42.1987,15.6196,42.1987,6.8640,1,14.446,17.899
166,DATA_20260213_100000.BIN,15.6196,33.3725,7.1957,33.3725,7.1280,1,4.062,5.896
167,DATA_20260213_100000.BIN,5.2658,62.3736,12.9680,62.3736,5.4340,1,13.766,13.766
168,DATA_20260213_100000.BIN,12.9680,60.1956,3.2684,60.1956,6.1380,1,5.250,5.445
169,DATA_20260213_100000.BIN,3.2684,23.9225,6.5056,23.9225,7.5900,1,15.347,16.945
170,DATA_20260213_100000.BIN,1.6740,26.4168,0.3679,26.4168,2.2000,1,16.708,17.940
171,DATA_20260213_100000.BIN,0.3679,26.0300,8.0066,26.0300,9.1850,1,15.524,17.299
172,DATA_20260213_100000.BIN,8.0066,68.2998,7.4861,68.2998,3.6850,1,6.608,9.164
173,DATA_20260213_100000.BIN,7.4861,20.7572,4.3136,20.7572,8.2940,1,7.637,7.659
174,DATA_20260213_100000.BIN,4.3136,20.6333,3.1467,20.6333,5.4560,1,7.403,8.685
175,DATA_20260213_100000.BIN,3.1467,39.6314,15.8620,39.6314,7.7550,1,8.380,8.451
176,DATA_20260213_100000.BIN,15.8620,41.3656,16.7484,41.3656,5.0050,1,10.640,11.336
177,DATA_20260213_100000.BIN,16.7484,31.1340,9.4721,31.1340,3.3550,1,9.719,15.303
178,DATA_20260213_100000.BIN,9.4721,34.7386,7.3376,34.7386,5.6870,1,1.931,12.363
179,DATA_20260213_100000.BIN,7.9060,71.4511,5.4940,71.4511,6.4240,1,4.850,9.487
180,DATA_20260213_100000.BIN,2.4241,60.6662,10.6664,60.6662,6.3360,1,9.625,9.895
181,DATA_20260213_100000.BIN,10.6664,39.2732,18.3685,39.2732,4.6970,1,2.381,3.197
182,DATA_20260213_100000.BIN,18.3685,54.5872,5.8091,54.5872,9.6910,1,12.722,15.432
183,DATA_20260213_100000.BIN,7.6132,25.2291,8.7539,25.2291,2.1560,1,3.071,3.520
184,DATA_20260213_100000.BIN,8.7539,31.3888,12.9738,31.3888,2.0570,1,4.227,6.671
185,DATA_20260213_100000.BIN,11.3727,49.0439,31.8146,49.0439,1.9690,1,4.852,5.064
186,DATA_20260213_100000.BIN,31.8146,65.9814,1.6060,65.9814,4.9280,1,25.784,25.859
187,DATA_20260213_100000.BIN,1.6060,27.8539,3.1653,27.8539,4.0480,1,17.482,18.193
188,DATA_20260213_100000.BIN,3.1653,68.6372,28.4768,68.6372,4.7630,1,9.455,9.491
189,DATA_20260213_100000.BIN,28.4768,66.5215,8.5193,66.5215,7.7550,1,23.210,23.210
190,DATA_20260213_100000.BIN,40.3333,63.1898,32.0484,63.1898,2.7280,1,34.559,34.564
191,DATA_20260213_100000.BIN,32.0484,68.2731,12.4174,68.2731,4.1360,1,24.068,24.857
192,DATA_20260213_100000.BIN,12.4174,59.4308,14.6569,59.4308,4.4330,1,9.880,11.726
193,DATA_20260213_100000.BIN,14.6569,42.3717,30.3708,42.3717,2.6180,1,0.839,1.087
194,DATA_20260213_100000.BIN,30.3708,66.2481,10.9803,66.2481,4.4880,1,20.359,20.866
195,DATA_20260213_100000.BIN,10.9803,26.5759,2.9811,26.5759,2.9480,1,27.297,27.297
196,DATA_20260213_100000.BIN,2.9811,35.0682,8.0471,35.0682,1.9800,1,19.122,20.087
197,DATA_20260213_100000.BIN,8.0471,69.3467,24.1912,69.3467,6.0940,1,12.456,12.489
198,DATA_20260213_100000.BIN,24.1912,70.3575,17.2756,70.3575,7.1500,1,15.097,15.101
199,DATA_20260213_100000.BIN,17.2756,69.1634,35.0891,69.1634,7.1500,1,7.034,10.231
200,DATA_20260213_100000.BIN,35.0891,71.4825,18.8562,71.4825,6.8750,1,26.218,26.239
201,DATA_20260213_100000.BIN,16.3474,73.3167,11.2101,73.3167,8.3160,1,8.756,10.147
202,DATA_20260213_100000.BIN,14.2561,53.7432,20.6201,53.7432,2.5080,1,7.202,7.202
203,DATA_20260213_100000.BIN,20.6201,50.0407,23.2989,50.0407,2.2550,1,9.343,10.760
204,DATA_20260213_100000.BIN,23.2989,58.6671,14.3161,58.6671,4.5100,1,9.999,10.310
205,DATA_20260213_100000.BIN,14.3161,29.3809,7.0052,29.3809,2.9150,1,5.802,7.363
206,DATA_20260213_100000.BIN,7.0052,68.1940,17.4108,68.1940,6.3910,1,11.395,11.422
207,DATA_20260213_100000.BIN,9.7698,31.7548,18.2468,31.7548,2.8380,1,5.266,14.191
208,DATA_20260213_100000.BIN,18.2468,63.7299,6.2133,63.7299,8.4920,1,7.336,12.299
209,DATA_20260213_100000.BIN,6.2133,21.8269,6.2662,21.8269,3.2670,1,8.534,12.217
210,DATA_20260213_100000.BIN,13.7471,26.4179,9.9856,26.4179,3.0910,1,8.668,11.074
211,DATA_20260213_100000.BIN,12.6734,61.8872,11.8656,61.8872,7.6670,1,5.566,8.010
212,DATA_20260213_100000.BIN,2.7820,16.7966,1.5688,16.7966,2.9040,1,13.078,15.271
213,DATA_20260213_100000.BIN,14.4614,34.5113,8.8134,34.5113,2.9260,1,11.126,14.779
214,DATA_20260213_100000.BIN,7.0955,23.3786,1.1333,23.3786,6.0390,1,17.086,18.657
215,DATA_20260213_100000.BIN,1.1333,44.3305,3.8125,44.3305,6.0610,1,14.483,14.516
216,DATA_20260213_100000.BIN,3.8125,21.4493,7.6306,21.4493,2.3980,1,9.002,9.018
217,DATA_20260213_100000.BIN,7.6306,25.1424,6.7463,25.1424,7.2600,1,4.084,4.084
218,DATA_20260213_100000.BIN,10.3310,29.6471,5.4822,29.6471,4.5210,1,6.280,6.384
219,DATA_20260213_100000.BIN,0.7051,21.5448,4.1100,21.5448,8.2170,1,10.719,13.559
220,DATA_20260213_100000.BIN,4.1100,23.7271,5.1530,23.7271,2.6070,1,4.874,4.957
221,DATA_20260213_100000.BIN,5.1530,23.7220,4.4094,23.7220,8.1070,1,2.357,3.011
222,DATA_20260213_100000.BIN,10.6660,43.9644,3.1399,43.9644,4.3780,1,14.621,19.152
223,DATA_20260213_100000.BIN,15.8656,43.0279,26.1921,43.0279,5.2800,1,11.375,19.632
224,DATA_20260213_100000.BIN,7.9545,54.7566,38.7523,54.7566,3.4980,1,4.248,12.106
225,DATA_20260213_100000.BIN,38.7523,71.9575,6.2503,71.9575,5.5110,1,40.750,40.908
226,DATA_20260213_100000.BIN,6.2503,67.6736,14.2627,67.6736,7.0400,1,3.312,3.394
227,DATA_20260213_100000.BIN,9.5732,67.9897,43.7303,67.9897,5.0820,1,4.400,5.934
228,DATA_20260213_100000.BIN,43.7303,70.2034,5.1638,70.2034,3.6410,1,42.139,43.002
229,DATA_20260213_100000.BIN,5.1638,69.4222,5.7128,69.4222,4.6310,1,9.017,9.561
230,DATA_20260213_100000.BIN,5.7128,70.7228,9.0172,70.7228,7.0070,1,11.338,11.841
231,DATA_20260213_100000.BIN,11.0987,25.9935,10.7842,25.9935,9.8010,1,1.735,4.620
232,DATA_20260213_100000.BIN,10.7842,69.8989,5.1874,69.8989,7.2710,1,3.657,8.215
233,DATA_20260213_100000.BIN,5.1874,71.0212,15.0610,71.0212,5.7530,1,11.149,11.229
234,DATA_20260213_100000.BIN,15.0610,69.8005,12.3566,69.8005,4.4770,1,7.223,7.326
235,DATA_20260213_100000.BIN,10.3850,34.4449,8.0381,34.4449,5.6650,1,2.136,4.495
236,DATA_20260213_100000.BIN,8.0381,45.2049,10.8378,45.2049,3.7510,1,6.213,12.721
237,DATA_20260213_100000.BIN,21.9672,35.8322,4.3118,35.8322,3.9490,1,40.849,49.104
238,DATA_20260213_100000.BIN,6.1798,46.5276,15.8383,46.5276,4.1360,1,15.735,16.093
239,DATA_20260213_100000.BIN,15.7120,31.2196,1.2235,31.2196,2.9480,1,11.839,13.542
240,DATA_20260213_100000.BIN,1.2235,26.7437,13.0864,26.7437,7.3370,1,8.090,14.230
241,DATA_20260213_100000.BIN,13.0864,23.8320,10.4414,23.8320,8.6350,1,9.199,10.244
242,DATA_20260213_100000.BIN,10.4414,45.7297,7.5537,45.7297,8.7340,1,6.134,6.145
243,DATA_20260213_100000.BIN,11.9667,25.2315,13.9746,25.2315,3.1350,1,73.338,144.438
244,DATA_20260213_100000.BIN,13.9746,25.3570,2.1672,25.3570,4.9940,1,75.782,135.202
245,DATA_20260213_100000.BIN,2.1672,22.3664,7.1517,22.3664,9.2950,1,52.114,120.384
246,DATA_20260213_100000.BIN,10.7070,26.3513,13.5017,26.3513,7.4910,1,65.006,118.170
247,DATA_20260213_100000.BIN,11.4554,26.3717,6.4397,26.3717,2.5740,1,55.850,101.831
248,DATA_20260213_100000.BIN,6.4397,27.8516,12.0257,27.8516,3.1900,1,51.779,100.757
249,DATA_20260213_110000.BIN,11.4852,39.4228,13.7856,39.4228,3.1790,1,12.596,12.720
250,DATA_20260213_110000.BIN,13.7856,30.0114,2.6085,30.0114,4.0150,1,29.714,32.671
251,DATA_20260213_110000.BIN,1.5547,12.8936,5.9780,12.8936,2.0570,1,16.050,16.451
252,DATA_20260213_110000.BIN,5.9780,15.8059,5.3337,15.8059,3.0800,1,18.532,23.699
253,DATA_20260213_110000.BIN,5.3337,21.6555,9.3318,21.6555,4.3120,1,18.583,24.331
254,DATA_20260213_110000.BIN,9.3318,37.2560,3.4764,37.2560,7.6450,1,21.436,25.219
255,DATA_20260213_110000.BIN,5.7825,15.9142,10.7774,15.9142,1.7050,1,11.275,11.534
256,DATA_20260213_110000.BIN,10.7774,18.7284,4.1046,18.7284,3.6740,1,13.420,15.441
257,DATA_20260213_110000.BIN,4.1046,8.9605,0.4262,8.9605,3.1240,1,10.290,11.353
258,DATA_20260213_110000.BIN,0.4262,13.8270,8.6438,13.8270,8.1400,1,7.429,7.711
259,DATA_20260213_110000.BIN,32.4467,37.3294,7.4883,37.3294,2.9920,1,46.747,49.210
260,DATA_20260213_110000.BIN,7.4883,30.1730,18.6671,30.1730,6.5890,1,2.977,3.507
261,DATA_20260213_110000.BIN,18.6671,27.4697,9.6210,27.4697,2.4420,1,16.946,17.167
262,DATA_20260213_110000.BIN,9.6210,18.4176,9.9462,18.4176,2.4860,1,5.276,7.788
263,DATA_20260213_110000.BIN,9.9462,27.5853,0.6300,27.5853,7.4470,1,5.512,8.237
264,DATA_20260213_110000.BIN,0.6300,23.0299,12.0567,23.0299,3.8390,1,7.552,7.813
265,DATA_20260213_110000.BIN,12.0567,24.8215,6.3825,24.8215,3.6410,1,5.810,6.834
266,DATA_20260213_110000.BIN,6.1284,18.8607,2.6331,18.8607,3.9490,1,6.822,7.651
267,DATA_20260213_110000.BIN,2.6331,7.4912,3.1196,7.4912,2.1890,1,7.841,8.742
268,DATA_20260213_110000.BIN,3.1196,12.1526,0.7108,12.1526,2.3870,1,7.368,7.826
269,DATA_20260213_110000.BIN,0.7108,13.6952,1.8914,13.6952,4.3450,1,8.480,10.572
270,DATA_20260213_110000.BIN,1.8914,13.5003,3.5455,13.5003,3.0030,1,7.406,9.030
271,DATA_20260213_110000.BIN,3.5455,12.3830,1.0656,12.3830,3.7840,1,9.532,11.002
272,DATA_20260213_110000.BIN,1.0656,12.3257,6.1414,12.3257,3.9490,1,6.238,6.323
273,DATA_20260213_110000.BIN,6.1414,13.1974,0.6461,13.1974,3.8060,1,4.937,8.461
274,DATA_20260213_110000.BIN,0.6461,7.8846,0.6051,7.8846,1.2540,1,5.394,6.692
275,DATA_20260213_110000.BIN,0.6051,11.4919,3.2355,11.4919,4.0260,1,3.996,4.114
276,DATA_20260213_110000.BIN,3.2355,6.6908,1.7204,6.6908,1.6500,1,9.265,12.290
277,DATA_20260213_110000.BIN,1.7204,43.1526,32.9186,43.1526,5.0710,1,6.048,7.380
278,DATA_20260213_110000.BIN,32.9186,44.7347,31.9422,44.7347,1.7600,1,37.514,37.518
279,DATA_20260213_110000.BIN,31.9422,42.4224,36.5206,42.4224,1.9250,1,30.460,31.676
280,DATA_20260213_110000.BIN,36.5206,41.3487,36.6463,41.3487,4.4110,1,35.142,35.155
281,DATA_20260213_110000.BIN,3.1519,18.4589,3.8435,18.4589,9.1080,1,10.319,11.522
282,DATA_20260213_110000.BIN,3.8435,37.1583,0.2899,37.1583,5.7090,1,13.804,15.115
283,DATA_20260213_110000.BIN,0.2899,6.2071,0.8205,6.2071,1.8700,1,12.707,14.809
284,DATA_20260213_110000.BIN,0.8205,6.4552,1.4601,6.4552,1.7160,1,10.688,11.564
285,DATA_20260213_110000.BIN,1.4601,10.7134,2.1721,10.7134,2.4970,1,9.792,10.353
286,DATA_20260213_110000.BIN,2.1721,13.5372,6.7084,13.5372,1.8810,1,8.865,8.959
287,DATA_20260213_110000.BIN,1.4237,8.1378,1.2318,8.1378,1.2320,1,7.488,9.388
288,DATA_20260213_110000.BIN,1.2318,11.3839,0.5985,11.3839,4.2020,1,8.276,8.885
289,DATA_20260213_110000.BIN,0.5985,9.6422,1.8267,9.6422,7.1720,1,7.306,8.193
290,DATA_20260213_110000.BIN,1.8267,7.1223,0.5523,7.1223,4.4880,1,3.144,3.146
291,DATA_20260213_110000.BIN,2.8976,7.2137,1.9239,7.2137,2.1560,1,7.652,7.924
292,DATA_20260213_110000.BIN,1.9239,8.0763,0.7969,8.0763,6.5010,1,7.588,8.652
293,DATA_20260213_110000.BIN,0.7969,12.6545,1.2083,12.6545,6.0830,1,3.096,8.726
294,DATA_20260213_110000.BIN,1.2083,8.0025,1.7006,8.0025,3.6520,1,2.634,3.026
295,DATA_20260213_110000.BIN,1.7006,11.7755,0.4477,11.7755,9.4930,1,4.309,4.421
296,DATA_20260213_110000.BIN,0.4477,9.8515,1.3305,9.8515,4.1580,1,2.025,6.095
297,DATA_20260213_110000.BIN,4.1530,10.8247,1.1555,10.8247,2.0460,1,8.187,9.498
298,DATA_20260213_110000.BIN,1.1555,7.0894,2.0921,7.0894,2.3100,1,2.680,6.482
299,DATA_20260213_110000.BIN,2.0921,6.3707,3.5167,6.3707,2.1560,1,4.368,5.456
300,DATA_20260213_110000.BIN,3.5167,7.7663,1.8158,7.7663,2.2440,1,2.136,8.992
301,DATA_20260213_110000.BIN,1.8158,9.0245,0.1807,9.0245,3.9490,1,2.889,3.260
302,DATA_20260213_110000.BIN,0.1807,5.6414,2.2921,5.6414,2.5520,1,2.244,5.423
303,DATA_20260213_110000.BIN,2.4510,10.1758,5.5507,10.1758,2.8710,1,5.711,8.251
304,DATA_20260213_110000.BIN,5.5507,9.8214,1.0569,9.8214,4.0920,1,7.237,7.475
305,DATA_20260213_110000.BIN,5.1962,8.8958,2.8717,8.8958,2.3100,1,7.145,8.280
306,DATA_20260213_110000.BIN,5.4023,14.7124,3.9543,14.7124,1.9580,1,8.574,11.865
307,DATA_20260213_110000.BIN,3.9543,18.9609,6.6518,18.9609,2.6620,1,4.746,4.773
308,DATA_20260213_110000.BIN,6.6518,15.7812,0.9398,15.7812,5.2250,1,6.399,6.810
309,DATA_20260213_110000.BIN,4.2248,8.6455,0.2677,8.6455,1.8700,1,9.392,12.006
310,DATA_20260213_110000.BIN,0.2677,7.9329,0.5703,7.9329,1.8260,1,2.064,2.991
311,DATA_20260213_110000.BIN,0.5703,17.9481,10.4575,17.9481,4.5430,1,1.960,1.986
312,DATA_20260213_110000.BIN,6.3180,17.3176,6.8223,17.3176,6.4900,1,5.576,8.739
313,DATA_20260213_110000.BIN,6.8223,13.0053,1.0627,13.0053,5.8080,1,6.445,7.725
314,DATA_20260213_110000.BIN,1.0627,5.8028,0.1150,5.8028,4.5210,1,2.550,7.220
315,DATA_20260213_110000.BIN,0.1150,8.4809,2.5535,8.4809,6.7650,1,1.588,6.432
316,DATA_20260213_110000.BIN,2.5535,9.5584,0.2701,9.5584,3.1900,1,1.844,4.608
317,DATA_20260213_110000.BIN,0.2701,8.6783,0.7276,8.6783,1.8150,1,1.544,6.261
318,DATA_20260213_110000.BIN,0.7276,23.7354,1.8097,23.7354,5.0050,1,1.024,7.420
319,DATA_20260213_110000.BIN,1.8097,7.8395,1.9244,7.8395,4.4330,1,2.504,3.223
320,DATA_20260213_110000.BIN,1.9244,9.0276,0.6014,9.0276,2.2550,1,3.519,5.913
321,DATA_20260213_110000.BIN,0.6014,7.6813,4.2569,7.6813,2.0240,1,1.411,1.597
322,DATA_20260213_110000.BIN,2.1918,10.1035,1.2779,10.1035,4.8290,1,3.443,5.448
323,DATA_20260213_110000.BIN,1.2779,6.8999,2.0558,6.8999,4.2900,1,2.150,2.349
324,DATA_20260213_110000.BIN,2.0558,8.8343,2.4186,8.8343,1.2100,1,5.160,9.619
325,DATA_20260213_110000.BIN,2.4186,10.4331,4.1461,10.4331,2.2550,1,4.776,5.892
326,DATA_20260213_110000.BIN,4.1461,11.4880,2.2384,11.4880,6.4130,1,7.222,11.994
327,DATA_20260213_110000.BIN,2.2384,7.3423,1.5917,7.3423,2.4530,1,2.864,4.175
328,DATA_20260213_110000.BIN,1.5917,5.9078,1.7430,5.9078,3.5200,1,1.901,1.903
329,DATA_20260213_110000.BIN,1.5285,8.8016,0.8915,8.8016,6.5780,1,3.315,5.157
330,DATA_20260213_110000.BIN,0.8915,8.1083,1.1423,8.1083,1.7820,1,2.092,7.298
331,DATA_20260213_110000.BIN,0.5706,6.2173,1.3827,6.2173,7.5570,1,2.398,4.538
332,DATA_20260213_110000.BIN,1.3827,18.1174,5.5787,18.1174,3.2780,1,1.572,1.572
333,DATA_20260213_110000.BIN,5.5787,12.9229,5.0540,12.9229,6.7210,1,7.018,7.593
334,DATA_20260213_110000.BIN,5.0540,15.6659,3.6823,15.6659,2.9040,1,4.346,6.882
335,DATA_20260213_110000.BIN,3.5597,9.0809,2.3720,9.0809,2.8270,1,5.525,9.576
336,DATA_20260213_110000.BIN,2.3720,6.7609,1.5796,6.7609,1.6610,1,2.495,5.283
337,DATA_20260213_110000.BIN,1.5796,29.3239,16.8296,29.3239,5.5550,1,2.165,4.493
338,DATA_20260213_110000.BIN,16.8296,26.3235,1.9705,26.3235,3.9490,1,17.159,19.841
339,DATA_20260213_110000.BIN,1.9705,6.3006,2.4603,6.3006,3.8610,1,2.206,2.236
340,DATA_20260213_110000.BIN,11.2508,18.4401,10.4522,18.4401,7.1390,1,14.299,15.255
341,DATA_20260213_110000.BIN,11.0504,16.6223,13.1704,16.6223,2.4420,1,10.728,10.793
342,DATA_20260213_110000.BIN,2.3155,34.6629,5.9877,34.6629,4.4440,1,7.654,7.714
343,DATA_20260213_110000.BIN,5.9877,13.9467,4.1121,13.9467,4.5760,1,1.893,6.788
344,DATA_20260213_110000.BIN,4.1121,7.3823,1.9901,7.3823,2.5410,1,0.611,3.976
345,DATA_20260213_110000.BIN,1.9901,35.3576,0.9627,35.3576,6.4130,1,2.496,3.013
346,DATA_20260213_110000.BIN,3.7634,14.0085,0.9325,14.0085,3.9270,1,9.103,13.005
347,DATA_20260213_110000.BIN,0.9325,8.2555,3.9627,8.2555,1.4960,1,2.520,2.539
348,DATA_20260213_110000.BIN,3.9627,30.6151,7.8942,30.6151,5.0490,1,4.427,6.845
349,DATA_20260213_110000.BIN,7.4241,32.9613,1.0206,32.9613,5.3460,1,6.364,7.310
350,DATA_20260213_110000.BIN,1.0206,9.6843,2.7263,9.6843,3.4650,1,4.920,5.705
351,DATA_20260213_110000.BIN,5.9783,11.2454,4.2089,11.2454,2.2000,1,6.451,8.096
352,DATA_20260213_110000.BIN,4.2089,12.0630,5.7838,12.0630,1.3750,1,4.150,4.784
353,DATA_20260213_110000.BIN,5.7838,11.9629,1.4280,11.9629,2.3650,1,2.959,8.594
354,DATA_20260213_110000.BIN,1.4280,28.4763,8.3587,28.4763,3.5970,1,1.599,4.163
355,DATA_20260213_110000.BIN,8.3587,39.8197,5.9420,39.8197,6.0500,1,6.956,8.380
356,DATA_20260213_110000.BIN,5.9420,24.6737,10.8139,24.6737,2.0460,1,2.856,7.622
357,DATA_20260213_110000.BIN,10.8139,27.6102,14.4884,27.6102,5.4230,1,11.522,12.288
358,DATA_20260213_110000.BIN,14.4884,31.6788,27.8225,31.6788,4.0480,1,15.904,17.549
359,DATA_20260213_110000.BIN,14.5575,18.3762,11.5484,18.3762,2.7390,1,14.510,15.594
360,DATA_20260213_110000.BIN,11.5484,19.6042,6.1685,19.6042,2.6510,1,8.717,8.740
361,DATA_20260213_110000.BIN,6.1685,29.7881,24.6659,29.7881,8.2060,1,5.037,5.393
362,DATA_20260213_110000.BIN,24.6659,31.6435,27.7932,31.6435,5.1480,1,22.661,22.957
363,DATA_20260213_110000.BIN,27.7932,31.4507,27.5480,31.4507,5.0270,1,24.666,25.169
364,DATA_20260213_110000.BIN,20.3541,34.2306,14.1325,34.2306,5.0160,1,15.007,15.158
365,DATA_20260213_110000.BIN,14.1325,38.9207,34.4439,38.9207,2.5740,1,7.817,8.038
366,DATA_20260213_110000.BIN,34.4439,41.6962,13.5926,41.6962,4.1690,1,90.531,90.987
367,DATA_20260213_110000.BIN,13.5926,18.7058,4.1285,18.7058,2.3210,1,3.803,8.010
368,DATA_20260213_110000.BIN,4.1285,19.2359,4.3512,19.2359,3.1460,1,11.390,11.727
369,DATA_20260213_110000.BIN,4.3512,14.0190,6.5403,14.0190,1.4300,1,13.676,15.127
370,DATA_20260213_110000.BIN,6.5403,17.5055,1.4741,17.5055,5.4670,1,11.522,13.193
371,DATA_20260213_110000.BIN,1.4741,11.6921,7.4674,11.6921,6.7540,1,15.163,16.627
372,DATA_20260213_110000.BIN,7.5742,14.6504,6.5635,14.6504,2.5960,1,6.673,9.456
373,DATA_20260213_110000.BIN,6.5635,13.5969,2.0731,13.5969,1.6720,1,6.899,6.915
374,DATA_20260213_110000.BIN,2.0731,6.2769,1.0301,6.2769,2.3760,1,16.365,17.007
375,DATA_20260213_110000.BIN,1.0301,21.0739,2.7066,21.0739,4.6970,1,13.362,14.189
376,DATA_20260213_110000.BIN,2.7066,18.0644,7.6753,18.0644,2.7170,1,12.916,12.925
377,DATA_20260213_110000.BIN,7.6753,11.9315,3.4082,11.9315,3.7180,1,2.996,7.271
378,DATA_20260213_110000.BIN,3.4082,8.6212,4.1701,8.6212,1.2540,1,8.464,8.467
379,DATA_20260213_110000.BIN,3.6210,24.8116,4.4317,24.8116,2.6510,1,9.897,10.251
380,DATA_20260213_110000.BIN,1.7513,11.6211,2.9617,11.6211,2.5410,1,9.593,10.152
381,DATA_20260213_110000.BIN,2.9617,17.5095,0.9481,17.5095,6.4900,1,8.060,8.061
382,DATA_20260213_110000.BIN,0.9481,6.6970,1.0560,6.6970,3.7620,1,4.968,5.399
383,DATA_20260213_110000.BIN,1.0560,6.4627,2.8949,6.4627,2.1010,1,2.985,6.416
384,DATA_20260213_110000.BIN,2.8949,10.1658,5.9066,10.1658,3.5090,1,2.029,3.539
385,DATA_20260213_110000.BIN,3.2739,8.5428,0.7961,8.5428,2.4640,1,5.665,6.255
386,DATA_20260213_110000.BIN,0.7961,9.3062,1.9982,9.3062,1.2760,1,0.366,8.290
387,DATA_20260213_110000.BIN,1.9982,10.4377,0.9340,10.4377,2.1120,1,2.471,7.678
388,DATA_20260213_110000.BIN,2.5752,13.6167,3.3589,13.6167,3.3770,1,7.097,7.637
389,DATA_20260213_110000.BIN,3.3589,9.1581,3.9582,9.1581,2.0020,1,7.647,8.188
390,DATA_20260213_110000.BIN,3.9582,9.9817,0.6737,9.9817,3.1020,1,5.363,9.286
391,DATA_20260213_110000.BIN,0.6737,6.8602,2.4768,6.8602,3.5530,1,3.661,6.312
392,DATA_20260213_110000.BIN,2.4768,7.2098,2.3387,7.2098,1.5070,1,3.255,4.340
393,DATA_20260213_110000.BIN,2.3387,7.5583,1.7117,7.5583,3.1130,1,2.491,3.343
394,DATA_20260213_110000.BIN,1.7117,7.0278,1.0280,7.0278,1.4630,1,1.633,1.788
395,DATA_20260213_110000.BIN,1.0280,7.7087,1.7259,7.7087,1.3530,1,2.872,3.086
396,DATA_20260213_110000.BIN,1.7259,7.8059,1.0761,7.8059,1.5510,1,2.151,2.312
397,DATA_20260213_110000.BIN,1.0761,6.5377,1.3043,6.5377,1.4410,1,1.210,1.584
398,DATA_20260213_110000.BIN,1.3043,16.4850,9.6336,16.4850,3.0030,1,3.183,4.521
399,DATA_20260213_110000.BIN,9.6336,19.1106,1.6736,19.1106,5.6760,1,8.398,11.450
400,DATA_20260213_110000.BIN,1.6736,13.6354,1.3712,13.6354,3.3000,1,5.722,8.355
401,DATA_20260213_110000.BIN,1.5279,9.1270,0.2448,9.1270,2.7170,1,1.013,3.543
402,DATA_20260213_110000.BIN,0.2448,6.4857,1.9844,6.4857,1.3640,1,0.988,1.213
403,DATA_20260213_110000.BIN,1.9844,6.6747,2.6460,6.6747,1.8040,1,1.966,5.444
404,DATA_20260213_110000.BIN,2.6460,14.6757,1.4461,14.6757,3.0470,1,1.656,1.854
405,DATA_20260213_110000.BIN,1.4461,28.8508,13.7366,28.8508,2.8820,1,2.456,2.471
406,DATA_20260213_110000.BIN,13.7366,32.7381,23.3692,32.7381,1.5070,1,16.242,16.770
407,DATA_20260213_110000.BIN,23.3692,29.7529,7.6325,29.7529,3.4760,1,25.449,33.602
408,DATA_20260213_110000.BIN,7.6325,27.6683,8.7369,27.6683,4.8180,1,9.205,12.647
409,DATA_20260213_110000.BIN,10.4737,35.1256,31.6932,35.1256,4.1580,1,10.026,32.930
410,DATA_20260213_110000.BIN,31.6932,34.8790,13.8077,34.8790,8.4370,1,31.242,34.545
411,DATA_20260213_110000.BIN,24.9693,36.6350,27.0230,36.6350,4.0810,1,20.313,25.016
412,DATA_20260213_110000.BIN,27.0230,30.4207,22.6474,30.4207,4.1140,1,19.552,27.175
413,DATA_20260213_110000.BIN,28.7549,33.3743,19.2819,33.3743,9.5040,1,20.676,24.220
414,DATA_20260213_110000.BIN,22.6273,27.1199,19.6914,27.1199,3.3000,1,11.424,31.363
415,DATA_20260213_110000.BIN,17.1327,47.7206,12.8572,47.7206,4.2570,1,4.754,14.628
416,DATA_20260213_110000.BIN,12.8572,32.3072,3.9243,32.3072,4.0590,1,24.424,28.719
417,DATA_20260213_110000.BIN,1.2348,18.5787,12.1647,18.5787,1.6940,1,10.975,13.524
418,DATA_20260213_110000.BIN,12.1647,18.2231,2.7794,18.2231,2.2660,1,20.285,24.104
419,DATA_20260213_110000.BIN,2.7794,10.1674,1.9728,10.1674,1.1990,1,10.795,16.319
420,DATA_20260213_110000.BIN,1.9728,10.8166,3.8456,10.8166,4.8400,1,6.947,11.687
421,DATA_20260213_110000.BIN,3.8456,10.1058,2.6778,10.1058,1.4960,1,7.782,13.601
422,DATA_20260213_110000.BIN,2.6778,7.5299,3.1859,7.5299,2.2550,1,7.249,11.806
423,DATA_20260213_110000.BIN,3.1859,7.4364,2.6606,7.4364,1.1990,1,9.512,13.179
424,DATA_20260213_110000.BIN,1.9363,8.2611,1.6372,8.2611,2.4530,1,7.635,9.668
425,DATA_20260213_110000.BIN,1.6372,8.6127,3.2015,8.6127,1.0560,1,4.807,11.257
426,DATA_20260213_110000.BIN,3.3856,8.9046,1.3272,8.9046,2.3540,1,6.420,10.277
427,DATA_20260213_110000.BIN,1.3272,6.1434,0.2862,6.1434,1.3310,1,5.538,9.893
428,DATA_20260213_110000.BIN,0.2862,7.0239,0.9755,7.0239,1.2100,1,2.964,4.603
429,DATA_20260213_110000.BIN,1.1940,9.2416,3.3779,9.2416,4.7630,1,2.559,3.405
430,DATA_20260213_110000.BIN,2.9988,7.5645,3.5754,7.5645,1.2210,1,3.916,4.091
431,DATA_20260213_110000.BIN,3.5754,9.3651,2.9356,9.3651,2.4970,1,3.170,4.265
432,DATA_20260213_110000.BIN,0.9174,6.5547,2.0278,6.5547,2.1230,1,1.794,1.808
433,DATA_20260213_110000.BIN,4.8237,10.6542,4.1122,10.6542,3.6520,1,5.442,5.652
434,DATA_20260213_110000.BIN,3.0468,8.4409,2.4456,8.4409,3.8830,1,4.127,5.695
435,DATA_20260213_110000.BIN,3.4685,7.6703,0.7876,7.6703,3.6960,1,3.271,5.216
436,DATA_20260213_110000.BIN,0.7876,10.1105,2.3358,10.1105,3.5750,1,1.553,2.335
437,DATA_20260213_110000.BIN,2.3358,11.3293,0.5863,11.3293,7.5240,1,3.832,3.879
438,DATA_20260213_110000.BIN,1.4151,8.6399,2.1662,8.6399,2.0240,1,3.261,3.831
439,DATA_20260213_110000.BIN,2.1662,5.9251,1.1764,5.9251,6.7980,1,0.431,4.699
440,DATA_20260213_110000.BIN,1.1764,14.4694,8.5059,14.4694,6.7210,1,2.608,2.646
441,DATA_20260213_110000.BIN,8.5059,20.0047,5.1281,20.0047,5.3240,1,10.040,11.536
442,DATA_20260213_110000.BIN,5.1281,12.5556,5.3236,12.5556,1.6830,1,5.430,6.392
443,DATA_20260213_110000.BIN,5.3236,14.5663,2.4107,14.5663,5.4780,1,5.493,6.646
444,DATA_20260213_110000.BIN,2.4107,13.8217,1.5561,13.8217,6.1710,1,2.294,3.535
445,DATA_20260213_110000.BIN,0.6815,9.3699,4.5119,9.3699,2.0350,1,3.664,11.245
446,DATA_20260213_110000.BIN,4.5119,8.5913,1.8043,8.5913,1.6720,1,4.145,4.599
447,DATA_20260213_110000.BIN,2.1404,8.8045,2.1518,8.8045,2.4310,1,0.868,4.104
448,DATA_20260213_110000.BIN,2.1518,12.2981,1.2219,12.2981,5.1480,1,0.869,1.470
449,DATA_20260213_110000.BIN,1.2219,5.5200,1.3422,5.5200,3.0690,1,3.185,3.219
450,DATA_20260213_110000.BIN,1.8125,5.3198,0.9632,5.3198,4.0920,1,1.770,1.895
451,DATA_20260213_110000.BIN,0.9632,8.5693,1.9971,8.5693,1.5290,1,2.765,6.696
452,DATA_20260213_110000.BIN,1.9971,7.9391,1.6889,7.9391,2.1120,1,3.002,3.163
453,DATA_20260213_110000.BIN,1.6889,7.0734,1.6180,7.0734,3.0030,1,2.328,2.861
454,DATA_20260213_110000.BIN,1.6180,5.8701,1.9752,5.8701,6.2480,1,2.418,2.453
455,DATA_20260213_110000.BIN,1.9752,5.5433,2.0458,5.5433,1.9470,1,3.337,5.445
456,DATA_20260213_110000.BIN,2.0458,6.0265,1.0361,6.0265,4.1470,1,0.818,3.791
457,DATA_20260213_110000.BIN,1.4119,6.2002,1.1451,6.2002,1.4960,1,3.472,8.940
458,DATA_20260213_110000.BIN,1.1451,8.4365,1.4387,8.4365,3.0910,1,3.493,5.597
459,DATA_20260213_110000.BIN,1.7895,6.3932,0.8070,6.3932,4.0700,1,3.348,6.384
460,DATA_20260213_110000.BIN,0.8070,5.7497,0.9263,5.7497,1.2760,1,0.911,2.594
461,DATA_20260213_110000.BIN,0.9263,5.5798,0.5801,5.5798,1.3420,1,1.373,3.158
462,DATA_20260213_110000.BIN,1.2511,7.1207,0.8141,7.1207,1.3530,1,1.505,2.882
463,DATA_20260213_110000.BIN,0.8141,6.4526,1.0371,6.4526,1.3970,1,0.862,1.285
464,DATA_20260213_110000.BIN,1.0371,6.8562,1.7480,6.8562,2.3100,1,0.893,1.591
465,DATA_20260213_110000.BIN,1.7480,7.7734,0.2382,7.7734,1.3530,1,1.625,2.533
466,DATA_20260213_110000.BIN,0.7918,7.8992,2.1574,7.8992,2.7720,1,0.902,2.222
467,DATA_20260213_110000.BIN,2.1574,7.3325,0.6309,7.3325,1.3530,1,2.421,2.645
468,DATA_20260213_110000.BIN,0.6309,8.2031,3.0628,8.2031,1.4080,1,0.333,0.641
469,DATA_20260213_110000.BIN,1.6445,10.3155,1.3912,10.3155,1.2760,1,2.179,2.443
470,DATA_20260213_110000.BIN,1.3912,7.5086,1.0959,7.5086,1.2100,1,1.415,2.918
471,DATA_20260213_110000.BIN,1.0959,6.7479,0.9227,6.7479,1.1550,1,1.063,1.138
472,DATA_20260213_110000.BIN,0.9227,6.2239,1.8583,6.2239,5.3790,1,1.950,2.360
473,DATA_20260213_110000.BIN,2.1946,7.1095,2.5741,7.1095,3.7510,1,2.281,3.062
474,DATA_20260213_110000.BIN,2.5741,8.9210,0.5822,8.9210,2.7170,1,3.531,3.531
475,DATA_20260213_110000.BIN,0.9589,5.7846,0.9612,5.7846,1.5730,1,1.124,1.554
476,DATA_20260213_110000.BIN,0.9612,6.7133,0.4752,6.7133,1.4850,1,1.669,3.274
477,DATA_20260213_110000.BIN,0.4752,6.2202,1.3154,6.2202,2.3760,1,2.112,4.758
478,DATA_20260213_110000.BIN,0.5911,6.2534,0.8322,6.2534,1.3970,1,0.941,1.162
479,DATA_20260213_110000.BIN,0.8322,6.6431,0.4134,6.6431,1.2760,1,0.697,0.785
480,DATA_20260213_110000.BIN,0.4134,7.4628,0.8174,7.4628,2.4970,1,0.567,0.878
481,DATA_20260213_110000.BIN,0.8174,7.4993,0.4815,7.4993,1.5070,1,1.314,1.607
482,DATA_20260213_110000.BIN,0.4815,5.5894,1.5903,5.5894,1.3860,1,0.006,1.667
483,DATA_20260213_110000.BIN,1.5903,6.1670,0.9952,6.1670,1.3970,1,1.782,2.159
484,DATA_20260213_110000.BIN,0.9952,7.0655,1.1947,7.0655,1.6610,1,1.629,2.262
485,DATA_20260213_110000.BIN,1.1947,6.5927,1.5590,6.5927,1.3860,1,0.577,2.737
486,DATA_20260213_110000.BIN,1.5590,7.5162,1.3744,7.5162,1.4740,1,0.929,3.006
487,DATA_20260213_110000.BIN,1.3744,6.7388,0.7101,6.7388,1.4190,1,2.285,4.907
488,DATA_20260213_110000.BIN,0.6370,11.3676,3.5782,11.3676,6.8090,1,0.651,4.003
489,DATA_20260213_110000.BIN,3.5782,7.6167,1.2330,7.6167,1.9360,1,4.293,4.295
490,DATA_20260213_110000.BIN,1.2330,8.8506,1.5658,8.8506,1.4630,1,0.268,2.135
491,DATA_20260213_110000.BIN,0.4985,6.0868,0.7846,6.0868,1.3970,1,0.497,2.612
492,DATA_20260213_110000.BIN,1.7734,8.2871,1.4423,8.2871,1.4190,1,3.206,3.725
493,DATA_20260213_110000.BIN,1.4423,18.5955,6.6285,18.5955,1.6500,1,4.153,6.966
494,DATA_20260213_110000.BIN,6.6285,38.8030,2.9027,38.8030,5.6870,1,6.872,10.124
495,DATA_20260213_110000.BIN,1.7259,6.3540,0.6703,6.3540,3.6740,1,1.678,3.348
496,DATA_20260213_110000.BIN,0.6703,5.2274,0.3072,5.2274,2.2330,1,1.867,3.761
497,DATA_20260213_110000.BIN,0.3072,6.1554,0.6591,6.1554,1.6610,1,0.505,1.296
498,DATA_20260213_110000.BIN,0.6591,5.8696,0.0748,5.8696,1.5620,1,1.133,1.230
499,DATA_20260213_110000.BIN,0.0748,6.1332,1.9940,6.1332,4.2460,1,1.463,3.295
500,DATA_20260213_110000.BIN,1.2583,7.7377,0.8798,7.7377,4.1140,1,1.232,5.400
501,DATA_20260213_110000.BIN,0.8798,14.3882,2.3644,14.3882,2.4310,1,0.741,0.749
502,DATA_20260213_110000.BIN,2.3644,7.9677,0.3209,7.9677,9.0970,1,2.944,3.198
503,DATA_20260213_110000.BIN,3.0379,26.0975,19.9622,26.0975,3.5640,1,3.768,3.811
504,DATA_20260213_110000.BIN,19.9622,24.9944,4.5354,24.9944,3.0140,1,21.437,25.278
505,DATA_20260213_110000.BIN,1.1874,18.1987,3.2529,18.1987,2.1780,1,4.555,4.703
506,DATA_20260213_110000.BIN,3.2529,11.2562,2.3227,11.2562,1.8920,1,2.029,4.107
507,DATA_20260213_110000.BIN,2.3227,6.4078,1.8476,6.4078,2.5520,1,4.476,8.707
508,DATA_20260213_110000.BIN,1.8476,7.8347,1.1797,7.8347,3.5530,1,3.533,4.955
509,DATA_20260213_110000.BIN,1.1797,7.6116,1.6414,7.6116,2.6290,1,4.239,5.005
510,DATA_20260213_110000.BIN,1.6414,8.2881,2.2250,8.2881,3.9050,1,4.705,6.488
511,DATA_20260213_110000.BIN,3.0313,6.8243,1.4084,6.8243,3.0360,1,2.859,2.877
512,DATA_20260213_110000.BIN,1.4084,12.4990,5.6054,12.4990,1.6280,1,0.716,1.080
513,DATA_20260213_110000.BIN,5.6054,13.7432,2.0200,13.7432,3.6740,1,5.619,5.726
514,DATA_20260213_110000.BIN,2.0200,5.4976,1.4689,5.4976,3.0360,1,4.049,5.615
515,DATA_20260213_110000.BIN,1.9486,5.9157,2.2619,5.9157,1.1990,1,3.007,3.990
516,DATA_20260213_110000.BIN,2.2619,10.1986,3.6398,10.1986,3.1350,1,3.966,4.531
517,DATA_20260213_110000.BIN,3.6398,10.7977,0.4263,10.7977,1.8260,1,3.020,7.997
518,DATA_20260213_110000.BIN,0.4263,11.1555,0.4545,11.1555,2.5080,1,1.226,5.090
519,DATA_20260213_110000.BIN,0.4545,16.4690,1.2565,16.4690,7.5350,1,0.776,2.321
520,DATA_20260213_110000.BIN,1.2565,8.5021,1.3541,8.5021,1.3640,1,0.647,6.294
521,DATA_20260213_110000.BIN,1.3541,8.1521,3.3396,8.1521,3.6190,1,1.216,1.972
522,DATA_20260213_110000.BIN,0.8843,12.4806,0.4051,12.4806,4.9610,1,0.700,0.733
523,DATA_20260213_110000.BIN,0.4051,7.9124,1.5589,7.9124,1.8700,1,0.975,2.545
524,DATA_20260213_110000.BIN,1.5589,10.2894,2.4683,10.2894,2.5520,1,2.625,4.071
525,DATA_20260213_110000.BIN,2.4683,9.1404,4.3583,9.1404,1.6280,1,1.630,4.598
526,DATA_20260213_110000.BIN,4.3583,8.0996,1.2750,8.0996,4.6420,1,4.184,4.785
527,DATA_20260213_110000.BIN,1.2750,8.1274,3.0291,8.1274,7.3370,1,3.367,10.190
528,DATA_20260213_110000.BIN,3.0291,37.8199,2.2109,37.8199,6.0170,1,4.751,9.073
529,DATA_20260213_110000.BIN,2.2109,8.5016,4.0039,8.5016,4.5320,1,3.459,5.309
530,DATA_20260213_110000.BIN,4.0039,13.2355,6.1039,13.2355,4.4330,1,5.422,5.779
531,DATA_20260213_110000.BIN,6.1039,9.8874,0.9175,9.8874,7.6120,1,8.055,9.331
532,DATA_20260213_110000.BIN,0.9175,5.6707,1.3862,5.6707,4.1800,1,2.396,2.659
533,DATA_20260213_110000.BIN,1.3862,6.2071,1.4360,6.2071,1.8370,1,2.209,2.247
534,DATA_20260213_110000.BIN,1.3945,8.5092,3.1492,8.5092,1.5510,1,3.553,3.585
535,DATA_20260213_110000.BIN,3.1492,9.5140,4.5990,9.5140,2.9260,1,0.207,6.927
536,DATA_20260213_110000.BIN,0.3048,14.5182,2.1326,14.5182,6.5560,1,2.393,3.563
537,DATA_20260213_110000.BIN,2.1326,8.2114,1.0559,8.2114,5.2030,1,0.964,4.746
538,DATA_20260213_110000.BIN,1.0559,9.5265,1.1218,9.5265,4.2460,1,2.345,5.253
539,DATA_20260213_110000.BIN,1.1218,7.4118,2.0861,7.4118,4.3340,1,1.239,5.802
540,DATA_20260213_110000.BIN,1.7661,12.3349,3.2398,12.3349,1.7710,1,2.523,4.582
541,DATA_20260213_110000.BIN,2.0092,8.3180,3.8009,8.3180,2.9590,1,2.624,3.672
542,DATA_20260213_110000.BIN,3.8009,10.7328,1.9236,10.7328,2.8380,1,4.328,4.570
543,DATA_20260213_110000.BIN,1.9236,21.8926,2.3995,21.8926,3.4210,1,2.139,3.670
544,DATA_20260213_110000.BIN,2.3995,8.4419,3.0130,8.4419,4.9390,1,2.347,5.174
545,DATA_20260213_110000.BIN,3.0130,8.9312,2.1639,8.9312,2.9810,1,4.396,5.065
546,DATA_20260213_110000.BIN,2.1639,8.0125,1.4696,8.0125,6.2590,1,3.416,5.797
547,DATA_20260213_110000.BIN,2.2370,8.7266,3.3951,8.7266,7.3370,1,2.799,4.850
548,DATA_20260213_110000.BIN,1.9491,8.6436,1.0650,8.6436,1.8810,1,2.108,3.346
549,DATA_20260213_110000.BIN,2.0769,8.6608,0.8372,8.6608,2.7830,1,0.931,1.691
550,DATA_20260213_110000.BIN,0.8372,7.6838,1.8031,7.6838,1.9690,1,3.328,4.513
551,DATA_20260213_110000.BIN,1.8031,7.1141,1.8529,7.1141,1.8810,1,2.474,4.246
552,DATA_20260213_110000.BIN,1.8529,7.5901,1.6969,7.5901,1.2650,1,2.134,2.142
553,DATA_20260213_110000.BIN,1.6969,8.3757,3.9143,8.3757,3.0800,1,1.722,3.791
554,DATA_20260213_110000.BIN,1.0307,18.1253,2.6268,18.1253,5.9840,1,0.671,2.350
555,DATA_20260213_110000.BIN,2.6268,9.0593,0.6448,9.0593,5.2580,1,3.116,4.334
556,DATA_20260213_110000.BIN,1.5748,14.2109,1.0716,14.2109,7.7330,1,2.052,2.860
557,DATA_20260213_110000.BIN,1.0716,13.1086,2.4622,13.1086,4.5870,1,0.957,1.198
558,DATA_20260213_110000.BIN,2.4622,9.8510,1.7729,9.8510,6.9740,1,2.813,2.833
559,DATA_20260213_110000.BIN,1.7729,12.3743,4.7455,12.3743,1.9580,1,3.292,4.629
560,DATA_20260213_110000.BIN,4.7455,20.4745,2.4285,20.4745,5.0380,1,5.986,8.370
561,DATA_20260213_110000.BIN,0.7587,8.2050,1.5014,8.2050,5.4450,1,0.545,1.584
562,DATA_20260213_110000.BIN,1.5014,7.4219,0.6312,7.4219,1.8040,1,2.206,4.541
563,DATA_20260213_110000.BIN,0.6312,7.6539,1.8823,7.6539,1.9360,1,0.920,3.883
564,DATA_20260213_110000.BIN,1.5635,6.7544,0.9328,6.7544,5.3130,1,2.187,3.444
565,DATA_20260213_110000.BIN,0.9328,8.2327,2.4927,8.2327,3.4650,1,1.798,3.732
566,DATA_20260213_110000.BIN,2.4927,16.8105,1.7062,16.8105,3.7400,1,3.395,3.941
567,DATA_20260213_110000.BIN,1.7062,6.6782,1.0054,6.6782,2.5740,1,2.019,2.421
568,DATA_20260213_110000.BIN,1.0054,7.3930,3.3912,7.3930,3.4210,1,2.606,9.289
569,DATA_20260213_110000.BIN,3.3912,33.8456,2.2233,33.8456,5.1590,1,3.119,3.587
570,DATA_20260213_110000.BIN,1.7520,8.1828,1.6735,8.1828,3.2890,1,3.040,3.056
571,DATA_20260213_110000.BIN,1.6735,7.4387,2.4093,7.4387,1.9800,1,1.843,2.397
572,DATA_20260213_110000.BIN,2.4093,7.2133,1.9557,7.2133,3.4650,1,3.073,3.338
573,DATA_20260213_110000.BIN,1.9557,5.9211,1.6350,5.9211,1.6170,1,3.310,4.078
574,DATA_20260213_110000.BIN,1.6350,5.7766,1.3675,5.7766,5.1260,1,1.718,2.064
575,DATA_20260213_110000.BIN,1.3675,7.9671,3.2752,7.9671,3.5200,1,3.387,4.799
576,DATA_20260213_110000.BIN,3.2752,8.2016,3.1114,8.2016,1.5070,1,2.870,5.142
577,DATA_20260213_110000.BIN,3.1114,11.4922,5.5169,11.4922,3.6630,1,4.512,4.865
578,DATA_20260213_110000.BIN,0.9658,8.0849,2.1672,8.0849,1.6940,1,1.220,2.782
579,DATA_20260213_110000.BIN,2.1672,7.2260,2.5417,7.2260,1.4080,1,2.569,3.255
580,DATA_20260213_110000.BIN,2.8813,8.5012,1.7717,8.5012,1.3530,1,2.025,6.646
581,DATA_20260213_110000.BIN,3.7442,8.7316,3.0328,8.7316,1.5950,1,6.431,7.967
582,DATA_20260213_110000.BIN,3.0328,11.6323,1.9546,11.6323,3.0030,1,4.149,4.152
583,DATA_20260213_110000.BIN,1.5571,6.8158,2.1896,6.8158,1.4850,1,4.063,7.040
584,DATA_20260213_110000.BIN,2.1896,6.8908,1.4911,6.8908,3.7070,1,3.215,10.768
585,DATA_20260213_110000.BIN,2.3400,6.7081,2.0328,6.7081,3.1460,1,2.768,2.792
586,DATA_20260213_110000.BIN,2.2739,8.3019,2.9697,8.3019,1.5510,1,1.978,4.131
587,DATA_20260213_110000.BIN,1.3699,6.3110,0.9475,6.3110,3.8500,1,4.191,7.705
588,DATA_20260213_110000.BIN,0.9475,5.6938,1.1551,5.6938,3.1900,1,1.663,3.044
589,DATA_20260213_110000.BIN,1.0920,9.1667,1.9165,9.1667,5.5220,1,0.721,1.719
590,DATA_20260213_110000.BIN,4.2360,10.2343,5.7908,10.2343,3.2780,1,4.230,4.782
591,DATA_20260213_110000.BIN,1.2373,8.1751,2.3588,8.1751,1.4410,1,0.963,1.004
592,DATA_20260213_110000.BIN,2.3588,9.1874,4.5483,9.1874,2.2440,1,2.731,3.727
593,DATA_20260213_110000.BIN,1.1188,7.4380,2.7482,7.4380,6.6990,1,2.116,2.175
594,DATA_20260213_110000.BIN,0.9374,8.6817,3.2336,8.6817,1.7270,1,2.710,8.704
595,DATA_20260213_110000.BIN,3.2336,8.3369,1.4820,8.3369,3.3880,1,4.233,6.133
596,DATA_20260213_110000.BIN,1.4820,8.8585,1.0736,8.8585,7.9200,1,0.379,6.013
597,DATA_20260213_110000.BIN,1.1350,8.7267,1.6028,8.7267,2.1450,1,2.517,4.484
598,DATA_20260213_110000.BIN,6.2361,27.5820,2.0486,27.5820,5.8960,1,6.588,9.634
599,DATA_20260213_110000.BIN,3.7267,8.3265,5.1255,8.3265,3.0030,1,5.569,5.648
600,DATA_20260213_110000.BIN,3.2375,10.5015,3.3946,10.5015,1.4520,1,3.676,4.416
601,DATA_20260213_110000.BIN,3.3946,9.1300,2.4223,9.1300,1.4080,1,4.018,4.135
602,DATA_20260213_110000.BIN,2.4223,11.8331,2.5404,11.8331,1.5290,1,2.619,2.692
603,DATA_20260213_110000.BIN,0.9306,8.0223,1.4432,8.0223,2.4970,1,1.285,3.300
604,DATA_20260213_110000.BIN,1.6234,8.2304,2.6970,8.2304,1.6720,1,0.794,2.143
605,DATA_20260213_110000.BIN,2.6970,10.5818,2.8513,10.5818,1.3530,1,4.996,6.006
606,DATA_20260213_110000.BIN,2.8513,10.1182,2.8951,10.1182,2.4750,1,3.715,3.834
607,DATA_20260213_110000.BIN,3.0296,8.6094,1.6901,8.6094,1.4960,1,3.834,4.057
608,DATA_20260213_110000.BIN,2.7425,7.5352,3.4993,7.5352,1.3090,1,3.816,4.221
609,DATA_20260213_110000.BIN,3.4993,8.2183,2.5102,8.2183,1.4080,1,4.041,4.874
610,DATA_20260213_110000.BIN,2.5102,8.2371,1.1131,8.2371,1.3200,1,2.433,2.467
611,DATA_20260213_110000.BIN,1.1131,9.8334,1.1400,9.8334,1.3750,1,2.165,2.508
612,DATA_20260213_110000.BIN,1.1400,6.3945,2.7546,6.3945,1.1660,1,0.877,2.406
613,DATA_20260213_110000.BIN,2.7546,7.1137,1.6393,7.1137,2.3430,1,3.185,5.012
614,DATA_20260213_110000.BIN,2.2715,7.0018,3.2441,7.0018,1.2540,1,1.696,4.282
615,DATA_20260213_110000.BIN,3.2441,7.8592,2.5340,7.8592,3.4540,1,3.791,3.915
616,DATA_20260213_110000.BIN,2.5340,8.3803,1.1174,8.3803,3.3220,1,3.204,3.485
617,DATA_20260213_110000.BIN,1.1174,7.1791,1.3718,7.1791,1.1440,1,0.310,2.609
618,DATA_20260213_110000.BIN,1.3718,7.7376,1.9228,7.7376,1.1220,1,0.574,1.982
619,DATA_20260213_110000.BIN,1.9228,8.8670,0.3637,8.8670,1.2320,1,2.872,3.234
620,DATA_20260213_110000.BIN,0.3637,8.6024,2.8217,8.6024,1.2320,1,1.322,2.598
621,DATA_20260213_110000.BIN,2.8217,8.2137,3.2864,8.2137,1.1990,1,2.525,4.077
622,DATA_20260213_110000.BIN,3.2864,9.3667,2.5116,9.3667,1.1770,1,2.968,3.362
623,DATA_20260213_110000.BIN,2.5116,10.2605,2.2939,10.2605,2.5740,1,1.726,2.671
624,DATA_20260213_110000.BIN,2.2939,8.3159,2.4500,8.3159,2.2880,1,1.384,2.285
625,DATA_20260213_110000.BIN,2.4500,6.6144,1.6771,6.6144,1.1110,1,1.263,2.565
626,DATA_20260213_110000.BIN,2.1905,8.6522,1.5923,8.6522,1.1880,1,2.824,2.832
627,DATA_20260213_110000.BIN,1.5923,11.4724,0.4788,11.4724,1.3090,1,2.930,3.019
628,DATA_20260213_110000.BIN,0.4788,6.4318,1.9695,6.4318,2.5080,1,2.042,2.132
629,DATA_20260213_110000.BIN,1.9695,7.4254,2.2747,7.4254,3.2230,1,1.222,1.224
630,DATA_20260213_110000.BIN,2.2747,7.4311,0.9311,7.4311,3.8500,1,2.270,2.385
631,DATA_20260213_110000.BIN,0.9311,8.1274,2.1577,8.1274,1.1550,1,0.757,1.546
632,DATA_20260213_110000.BIN,3.5601,15.8539,11.0365,15.8539,2.9260,1,2.905,3.251
633,DATA_20260213_110000.BIN,11.0365,17.1234,3.0456,17.1234,2.9040,1,11.913,12.243
634,DATA_20260213_110000.BIN,3.0456,8.7490,1.9462,8.7490,2.2220,1,1.731,1.752
635,DATA_20260213_110000.BIN,1.9462,7.1619,0.9756,7.1619,1.6060,1,6.200,7.644
636,DATA_20260213_110000.BIN,0.9756,8.2278,1.5831,8.2278,1.4080,1,1.539,2.218
637,DATA_20260213_110000.BIN,1.5831,7.0986,1.6900,7.0986,1.4410,1,0.543,2.078
638,DATA_20260213_110000.BIN,3.1321,9.0724,2.8985,9.0724,3.9380,1,1.550,5.161
639,DATA_20260213_110000.BIN,2.8985,9.9952,0.6129,9.9952,2.4090,1,1.968,1.977
640,DATA_20260213_110000.BIN,0.6129,10.0053,1.7715,10.0053,3.3880,1,3.154,3.172
641,DATA_20260213_110000.BIN,1.7715,21.8723,1.1148,21.8723,4.9500,1,3.822,4.332
642,DATA_20260213_110000.BIN,2.8770,8.6895,1.8175,8.6895,1.3310,1,1.989,2.811
643,DATA_20260213_110000.BIN,1.8175,9.5669,1.6752,9.5669,2.2110,1,1.145,2.586
644,DATA_20260213_110000.BIN,1.6752,7.0545,2.7518,7.0545,3.1570,1,3.452,5.239
645,DATA_20260213_110000.BIN,2.7518,10.3652,3.8198,10.3652,2.3980,1,4.674,5.246
646,DATA_20260213_110000.BIN,3.8198,11.0329,2.7139,11.0329,1.3860,1,3.944,3.945
647,DATA_20260213_110000.BIN,2.3451,30.8606,8.2722,30.8606,3.7840,1,3.167,4.189
648,DATA_20260213_110000.BIN,8.2722,25.5287,1.8390,25.5287,9.8890,1,9.404,9.412
649,DATA_20260213_110000.BIN,1.4813,8.1594,1.2133,8.1594,2.4750,1,4.579,5.111
650,DATA_20260213_110000.BIN,5.9893,11.8096,5.2522,11.8096,2.2220,1,7.720,8.111
651,DATA_20260213_110000.BIN,5.2522,10.6481,4.3519,10.6481,1.5620,1,7.940,7.942
652,DATA_20260213_110000.BIN,4.3519,12.7500,0.7367,12.7500,1.6390,1,6.674,6.882
653,DATA_20260213_110000.BIN,7.7179,11.4661,6.1735,11.4661,1.4520,1,11.062,12.852
654,DATA_20260213_110000.BIN,6.1735,11.3626,1.4706,11.3626,1.6940,1,8.129,11.426
655,DATA_20260213_110000.BIN,1.4706,10.1087,3.9864,10.1087,1.5290,1,3.289,6.988
656,DATA_20260213_110000.BIN,3.9864,9.1944,2.9516,9.1944,2.4420,1,5.684,7.313
657,DATA_20260213_110000.BIN,1.3317,11.4777,3.3097,11.4777,1.1660,1,1.505,1.738
658,DATA_20260213_110000.BIN,3.3097,18.4939,5.5556,18.4939,2.9700,1,4.291,4.291
659,DATA_20260213_110000.BIN,5.5556,19.2709,5.3353,19.2709,3.9930,1,5.556,8.254
660,DATA_20260213_110000.BIN,5.3353,26.8579,11.6393,26.8579,4.7080,1,5.994,6.724
661,DATA_20260213_110000.BIN,11.6393,20.9131,9.7033,20.9131,3.0030,1,14.193,14.369
662,DATA_20260213_110000.BIN,7.7250,12.2720,6.0248,12.2720,4.8730,1,5.335,8.215
663,DATA_20260213_110000.BIN,6.0248,13.2479,2.7574,13.2479,1.9690,1,9.505,12.963
664,DATA_20260213_110000.BIN,2.7574,11.6285,2.8333,11.6285,1.3420,1,5.212,5.360
665,DATA_20260213_110000.BIN,2.8333,9.3288,4.1323,9.3288,1.5180,1,4.608,4.949
666,DATA_20260213_110000.BIN,4.1323,11.4036,0.6941,11.4036,1.7050,1,4.162,7.397
667,DATA_20260213_110000.BIN,0.6941,11.0279,3.9066,11.0279,2.8930,1,1.575,1.766
668,DATA_20260213_110000.BIN,3.9066,8.2861,3.2444,8.2861,4.6530,1,3.948,5.617
669,DATA_20260213_110000.BIN,1.0314,14.2135,6.8100,14.2135,9.0860,1,1.789,2.227
670,DATA_20260213_110000.BIN,5.5327,12.5499,0.3540,12.5499,2.1340,1,5.930,6.175
671,DATA_20260213_110000.BIN,0.3540,10.0414,2.7828,10.0414,3.7400,1,1.888,6.625
672,DATA_20260213_110000.BIN,2.7828,6.9517,0.6240,6.9517,2.2110,1,2.329,4.624
673,DATA_20260213_110000.BIN,3.0000,11.3961,0.9392,11.3961,2.0900,1,3.819,5.865
674,DATA_20260213_110000.BIN,0.9392,12.7378,1.8822,12.7378,1.7820,1,0.763,3.468
675,DATA_20260213_110000.BIN,1.8822,13.5972,1.5119,13.5972,1.9910,1,1.486,2.433
676,DATA_20260213_110000.BIN,1.5119,13.1753,2.2464,13.1753,1.9030,1,0.363,0.561
677,DATA_20260213_110000.BIN,2.2464,11.7006,5.2179,11.7006,1.4850,1,1.153,2.980
678,DATA_20260213_110000.BIN,0.7640,11.8197,0.9766,11.8197,4.3560,1,1.121,3.628
679,DATA_20260213_110000.BIN,0.9766,13.2194,3.7747,13.2194,1.9580,1,2.343,4.416
680,DATA_20260213_110000.BIN,3.7747,10.1269,2.5342,10.1269,1.6170,1,3.172,3.345
681,DATA_20260213_110000.BIN,2.5342,13.5283,4.4566,13.5283,2.0020,1,0.962,3.083
682,DATA_20260213_110000.BIN,4.4566,12.9582,1.6850,12.9582,1.9030,1,2.896,6.010
683,DATA_20260213_110000.BIN,1.6850,11.0859,2.1715,11.0859,1.6390,1,0.223,5.433
684,DATA_20260213_110000.BIN,2.1715,27.9557,6.7194,27.9557,2.2550,1,1.978,4.335
685,DATA_20260213_110000.BIN,11.2766,16.8423,3.3480,16.8423,8.0960,1,10.608,12.026
686,DATA_20260213_110000.BIN,3.3480,15.4668,3.5472,15.4668,2.8160,1,2.462,4.701
687,DATA_20260213_110000.BIN,1.8721,37.5253,3.6645,37.5253,6.8200,1,0.777,4.416
688,DATA_20260213_110000.BIN,3.6645,9.8539,3.9044,9.8539,9.2510,1,1.580,2.683
689,DATA_20260213_110000.BIN,3.9044,24.4833,1.0256,24.4833,2.4090,1,2.643,5.081
690,DATA_20260213_110000.BIN,1.0256,11.2468,3.8168,11.2468,1.1330,1,2.304,2.942
691,DATA_20260213_110000.BIN,3.8168,10.6332,2.8865,10.6332,2.2550,1,3.433,3.782
692,DATA_20260213_110000.BIN,2.8865,7.7813,2.2678,7.7813,1.6610,1,2.200,2.720
693,DATA_20260213_110000.BIN,2.2678,10.1383,1.3878,10.1383,1.3420,1,2.522,2.764
694,DATA_20260213_110000.BIN,1.3878,16.2064,3.9718,16.2064,6.3470,1,1.255,1.569
695,DATA_20260213_110000.BIN,3.9718,10.6184,0.9815,10.6184,1.3750,1,3.805,4.363
696,DATA_20260213_110000.BIN,0.9815,8.8811,0.7928,8.8811,2.9810,1,2.948,6.406
697,DATA_20260213_110000.BIN,0.7928,18.0277,10.0195,18.0277,5.3130,1,2.460,6.917
698,DATA_20260213_110000.BIN,10.0195,16.1810,7.8822,16.1810,1.8480,1,7.568,13.692
699,DATA_20260213_110000.BIN,7.8822,14.5710,5.3230,14.5710,3.9160,1,9.005,9.816
700,DATA_20260213_110000.BIN,3.0893,8.8895,3.7882,8.8895,1.3860,1,7.430,9.208
701,DATA_20260213_110000.BIN,3.7882,11.3034,6.5723,11.3034,2.2440,1,5.656,5.903
702,DATA_20260213_110000.BIN,9.5490,30.3100,11.8632,30.3100,5.2140,1,10.549,11.417
703,DATA_20260213_110000.BIN,11.8632,27.0395,6.3227,27.0395,4.2680,1,12.848,13.986
704,DATA_20260213_110000.BIN,6.3227,14.6116,2.1735,14.6116,1.7380,1,6.631,8.294
705,DATA_20260213_110000.BIN,2.1735,8.6308,4.8050,8.6308,2.8490,1,3.371,6.494
706,DATA_20260213_110000.BIN,3.4969,12.2652,3.2655,12.2652,1.7270,1,4.432,5.818
707,DATA_20260213_110000.BIN,3.2655,11.3660,2.1401,11.3660,1.7380,1,1.225,3.889
708,DATA_20260213_110000.BIN,2.1401,12.6109,3.1415,12.6109,1.5840,1,2.597,4.752
709,DATA_20260213_110000.BIN,3.1415,15.5055,2.6320,15.5055,2.2000,1,2.105,5.403
710,DATA_20260213_110000.BIN,2.6320,10.6465,1.7046,10.6465,1.4080,1,5.164,5.184
711,DATA_20260213_110000.BIN,1.7046,11.5852,1.1552,11.5852,1.5620,1,0.352,0.970
712,DATA_20260213_110000.BIN,1.1552,11.7997,1.2648,11.7997,1.8150,1,2.503,2.965
713,DATA_20260213_110000.BIN,1.2648,11.3725,2.9850,11.3725,1.7820,1,2.327,2.327
714,DATA_20260213_110000.BIN,2.9850,10.1325,5.2129,10.1325,1.8370,1,3.495,4.105
715,DATA_20260213_110000.BIN,4.1132,10.2852,2.6944,10.2852,1.2540,1,6.303,6.492
716,DATA_20260213_110000.BIN,2.6944,10.5403,5.7072,10.5403,1.1220,1,2.142,2.171
717,DATA_20260213_110000.BIN,5.7072,12.0232,1.5298,12.0232,1.4520,1,6.935,7.694
718,DATA_20260213_110000.BIN,4.3270,9.9956,6.3060,9.9956,1.2650,1,2.748,9.239
719,DATA_20260213_110000.BIN,6.3060,14.0290,6.7382,14.0290,1.2980,1,6.399,7.323
720,DATA_20260213_110000.BIN,6.7382,16.8863,2.0757,16.8863,3.1790,1,6.050,7.662
721,DATA_20260213_110000.BIN,2.0757,12.4080,3.8464,12.4080,1.9690,1,2.985,4.661
722,DATA_20260213_110000.BIN,7.1232,12.0402,7.2771,12.0402,1.2430,1,6.142,6.843
723,DATA_20260213_110000.BIN,7.2771,10.8978,6.9316,10.8978,1.2210,1,5.960,6.326
724,DATA_20260213_110000.BIN,6.9316,12.3643,5.4485,12.3643,1.3530,1,5.285,5.575
725,DATA_20260213_110000.BIN,5.4485,11.0362,5.2650,11.0362,1.1550,1,2.949,3.743
726,DATA_20260213_110000.BIN,5.2650,9.9911,4.8068,9.9911,1.2210,1,2.776,2.782
727,DATA_20260213_110000.BIN,4.8068,10.6363,2.8287,10.6363,1.2430,1,1.888,1.890
728,DATA_20260213_110000.BIN,2.8287,13.1615,4.7344,13.1615,1.2320,1,1.845,1.845
729,DATA_20260213_110000.BIN,4.7344,12.0642,4.5743,12.0642,1.2100,1,2.017,2.027
730,DATA_20260213_110000.BIN,4.5743,11.8665,3.1665,11.8665,1.1550,1,1.529,1.661
731,DATA_20260213_110000.BIN,3.1665,10.8736,4.5447,10.8736,1.1000,1,2.832,3.465
732,DATA_20260213_110000.BIN,4.5447,14.0029,6.9306,14.0029,1.2650,1,3.692,4.020
733,DATA_20260213_110000.BIN,6.9306,14.9698,9.4677,14.9698,1.3420,1,4.231,7.528
734,DATA_20260213_120000.BIN,5.6562,13.0033,7.0609,13.0033,1.3750,1,3.137,4.185
735,DATA_20260213_120000.BIN,7.0609,13.0037,6.1370,13.0037,6.8640,1,5.561,6.949
736,DATA_20260213_120000.BIN,3.5024,13.1840,6.0020,13.1840,2.7060,1,5.383,7.576
737,DATA_20260213_120000.BIN,8.0290,14.1184,9.2999,14.1184,8.5690,1,5.322,5.656
738,DATA_20260213_120000.BIN,9.2999,13.5418,4.4855,13.5418,3.1680,1,7.385,8.044
739,DATA_20260213_120000.BIN,4.4855,12.3329,6.7429,12.3329,4.6860,1,5.813,6.161
740,DATA_20260213_120000.BIN,6.7429,13.0795,5.4039,13.0795,7.0730,1,4.598,4.868
741,DATA_20260213_120000.BIN,5.4039,15.3595,7.8977,15.3595,6.8090,1,2.278,4.286
742,DATA_20260213_120000.BIN,7.8977,15.1607,5.8875,15.1607,2.2880,1,3.828,4.943
743,DATA_20260213_120000.BIN,5.8875,17.5126,10.0005,17.5126,2.3540,1,2.143,2.295
744,DATA_20260213_120000.BIN,10.0005,18.1618,7.2475,18.1618,4.6090,1,5.403,5.494
745,DATA_20260213_120000.BIN,5.3657,17.0210,7.6483,17.0210,9.1850,1,1.485,2.203
746,DATA_20260213_120000.BIN,7.6483,14.9630,4.6345,14.9630,6.9410,1,1.942,2.071
747,DATA_20260213_120000.BIN,7.4156,13.2147,7.0225,13.2147,3.2890,1,2.013,4.153
748,DATA_20260213_120000.BIN,4.1837,13.1019,6.6761,13.1019,4.5540,1,4.464,4.483
749,DATA_20260213_120000.BIN,6.6761,15.6127,5.6209,15.6127,3.4870,1,2.885,4.529
750,DATA_20260213_120000.BIN,8.8701,17.4868,3.9720,17.4868,5.5770,1,6.104,6.525
751,DATA_20260213_120000.BIN,6.5110,15.5615,5.8582,15.5615,1.2320,1,3.546,3.645
752,DATA_20260213_120000.BIN,8.2161,16.4253,8.8811,16.4253,4.6970,1,2.574,2.756
753,DATA_20260213_120000.BIN,8.8811,19.5984,9.7223,19.5984,3.5420,1,3.134,5.309
754,DATA_20260213_120000.BIN,9.7223,21.0579,11.2697,21.0579,1.2320,1,3.609,3.746
755,DATA_20260213_120000.BIN,8.1084,15.9722,4.4264,15.9722,4.8400,1,1.715,2.554
756,DATA_20260213_120000.BIN,7.9410,18.3378,7.6318,18.3378,3.4320,1,0.905,1.684
757,DATA_20260213_120000.BIN,7.6318,15.1143,8.6638,15.1143,3.8170,1,0.690,3.356
758,DATA_20260213_120000.BIN,3.5152,16.6476,5.6561,16.6476,2.6730,1,6.313,7.116
759,DATA_20260213_120000.BIN,5.6561,15.3998,7.3712,15.3998,2.0790,1,1.423,2.436
760,DATA_20260213_120000.BIN,7.3712,19.9334,10.4325,19.9334,5.4120,1,1.823,9.471
761,DATA_20260213_120000.BIN,4.4443,16.3617,7.4306,16.3617,2.5080,1,3.693,4.442
762,DATA_20260213_120000.BIN,5.9882,17.4441,4.3477,17.4441,7.7330,1,9.228,9.237
763,DATA_20260213_120000.BIN,4.6822,12.9097,4.3260,12.9097,2.5300,1,4.139,4.225
764,DATA_20260213_120000.BIN,4.3260,14.4199,3.7220,14.4199,3.8170,1,4.253,4.454
765,DATA_20260213_120000.BIN,20.9013,56.5610,6.1764,56.5610,5.2580,1,18.708,18.719
766,DATA_20260213_120000.BIN,6.1764,56.8543,3.9597,56.8543,6.9190,1,8.945,14.517
767,DATA_20260213_120000.BIN,3.9597,15.8307,6.3631,15.8307,3.4430,1,8.831,9.269
768,DATA_20260213_120000.BIN,10.9216,18.2021,8.3548,18.2021,2.9040,1,5.766,7.596
769,DATA_20260213_120000.BIN,3.2995,14.5229,5.9789,14.5229,5.7860,1,10.005,10.626
770,DATA_20260213_120000.BIN,5.9789,11.6082,5.7927,11.6082,7.4470,1,5.959,9.890
771,DATA_20260213_120000.BIN,4.4148,12.9545,5.3283,12.9545,3.3220,1,5.158,8.469
772,DATA_20260213_120000.BIN,5.3283,16.4018,5.4672,16.4018,7.3810,1,1.088,4.677
773,DATA_20260213_120000.BIN,1.1630,10.1938,3.3355,10.1938,2.6400,1,4.202,4.661
774,DATA_20260213_120000.BIN,3.3355,11.1852,2.4070,11.1852,1.9360,1,4.084,6.340
775,DATA_20260213_120000.BIN,2.4070,11.0660,4.9038,11.0660,3.6520,1,3.353,4.149
776,DATA_20260213_120000.BIN,0.7378,51.6581,4.0521,51.6581,9.3060,1,4.979,5.284
777,DATA_20260213_120000.BIN,4.0521,11.5706,4.0793,11.5706,1.8590,1,0.625,1.967
778,DATA_20260213_120000.BIN,2.9038,10.6186,1.7444,10.6186,7.9530,1,0.944,2.262
779,DATA_20260213_120000.BIN,1.5633,10.8371,5.2696,10.8371,7.6450,1,3.534,5.384
780,DATA_20260213_120000.BIN,1.5892,20.4221,2.9967,20.4221,6.2370,1,5.219,6.776
781,DATA_20260213_120000.BIN,4.4230,11.4787,1.7540,11.4787,3.0910,1,2.233,9.726
782,DATA_20260213_120000.BIN,2.4422,17.3290,2.1039,17.3290,5.7310,1,3.802,5.188
783,DATA_20260213_120000.BIN,1.9178,10.6544,1.2109,10.6544,6.0390,1,4.170,4.180
784,DATA_20260213_120000.BIN,1.2719,9.8645,2.7728,9.8645,2.1450,1,4.118,6.945
785,DATA_20260213_120000.BIN,4.1372,32.7294,9.3216,32.7294,3.0140,1,6.452,7.937
786,DATA_20260213_120000.BIN,9.3216,32.0094,8.1329,32.0094,8.7450,1,9.710,9.728
787,DATA_20260213_120000.BIN,2.1041,10.3668,3.4113,10.3668,3.4100,1,0.294,0.307
788,DATA_20260213_120000.BIN,3.4113,11.0523,3.1856,11.0523,5.9730,1,2.018,2.089
789,DATA_20260213_120000.BIN,3.1856,12.5502,3.1242,12.5502,3.5750,1,1.972,2.127
790,DATA_20260213_120000.BIN,2.4264,21.8687,5.0622,21.8687,5.6320,1,3.933,4.502
791,DATA_20260213_120000.BIN,6.4307,10.7577,2.2740,10.7577,4.5540,1,4.721,12.653
792,DATA_20260213_120000.BIN,2.2740,13.1817,3.0339,13.1817,8.6240,1,1.061,8.780
793,DATA_20260213_120000.BIN,3.0339,12.9493,3.5215,12.9493,5.1810,1,0.450,8.313
794,DATA_20260213_120000.BIN,3.5215,10.8396,3.7217,10.8396,8.0080,1,1.298,7.166
795,DATA_20260213_120000.BIN,0.5337,10.2514,1.8274,10.2514,4.5320,1,3.291,4.575
796,DATA_20260213_120000.BIN,1.8274,26.8145,3.8271,26.8145,6.5560,1,1.614,2.618
797,DATA_20260213_120000.BIN,3.8271,13.9447,7.8080,13.9447,4.4330,1,3.161,3.221
798,DATA_20260213_120000.BIN,7.8080,13.4006,4.6172,13.4006,3.1130,1,6.111,9.323
799,DATA_20260213_120000.BIN,2.9658,11.2476,4.3858,11.2476,9.6800,1,1.530,2.717
800,DATA_20260213_120000.BIN,4.3858,16.3354,8.1211,16.3354,2.7830,1,2.319,2.325
801,DATA_20260213_120000.BIN,3.0198,12.2222,3.0651,12.2222,2.8490,1,1.893,2.060
802,DATA_20260213_120000.BIN,3.0651,13.6036,2.0478,13.6036,5.2140,1,2.580,2.878
803,DATA_20260213_120000.BIN,2.0478,11.6319,1.1635,11.6319,3.9380,1,3.355,4.707
804,DATA_20260213_120000.BIN,1.1635,15.2681,7.7332,15.2681,5.8850,1,3.538,3.650
805,DATA_20260213_120000.BIN,2.4428,13.4719,1.3745,13.4719,3.6960,1,2.530,5.487
806,DATA_20260213_120000.BIN,1.3745,25.1126,0.6271,25.1126,6.8750,1,4.253,4.261
807,DATA_20260213_120000.BIN,0.6271,11.3504,3.1132,11.3504,1.9470,1,2.078,2.203
808,DATA_20260213_120000.BIN,1.0438,15.0923,4.7438,15.0923,2.2660,1,2.111,7.133
809,DATA_20260213_120000.BIN,4.7438,15.6057,2.5495,15.6057,2.4860,1,3.615,3.653
810,DATA_20260213_120000.BIN,2.5495,19.0060,1.2503,19.0060,2.7060,1,3.349,7.990
811,DATA_20260213_120000.BIN,1.2503,11.3186,1.8130,11.3186,1.8810,1,1.453,3.607
812,DATA_20260213_120000.BIN,1.8130,8.5343,2.9197,8.5343,2.0680,1,3.910,5.779
813,DATA_20260213_120000.BIN,2.9197,8.9404,1.7975,8.9404,3.5310,1,2.478,11.597
814,DATA_20260213_120000.BIN,0.3464,7.7202,1.6380,7.7202,5.0820,1,3.033,14.573
815,DATA_20260213_120000.BIN,0.3091,11.1798,2.4633,11.1798,1.8590,1,1.908,2.120
816,DATA_20260213_120000.BIN,2.4633,11.8067,2.5114,11.8067,2.8270,1,2.599,3.057
817,DATA_20260213_120000.BIN,2.5114,13.4798,4.5521,13.4798,1.6500,1,3.897,6.470
818,DATA_20260213_120000.BIN,4.5521,14.3440,6.1820,14.3440,1.2540,1,4.120,4.145
819,DATA_20260213_120000.BIN,6.1820,16.6272,6.9610,16.6272,1.6280,1,6.058,6.160
820,DATA_20260213_120000.BIN,6.9610,14.1022,2.0909,14.1022,2.9700,1,7.101,9.127
821,DATA_20260213_120000.BIN,2.0134,9.1051,1.2175,9.1051,1.2760,1,3.354,9.333
822,DATA_20260213_120000.BIN,1.2175,10.7216,1.4300,10.7216,1.1000,1,4.109,5.670
823,DATA_20260213_120000.BIN,1.6643,35.1139,3.4831,35.1139,7.6340,1,2.915,5.575
824,DATA_20260213_120000.BIN,3.4831,17.3475,3.4294,17.3475,1.7050,1,5.616,5.773
825,DATA_20260213_120000.BIN,1.1830,9.5351,1.6097,9.5351,5.8740,1,2.516,2.516
826,DATA_20260213_120000.BIN,2.0956,9.2856,2.0216,9.2856,2.5960,1,2.511,5.055
827,DATA_20260213_120000.BIN,2.0216,14.7756,0.7089,14.7756,1.5290,1,1.348,8.468
828,DATA_20260213_120000.BIN,2.3522,10.5396,2.6289,10.5396,1.3750,1,1.689,1.836
829,DATA_20260213_120000.BIN,0.6644,9.0880,3.6906,9.0880,3.7840,1,0.947,3.352
830,DATA_20260213_120000.BIN,2.2278,10.7177,1.8086,10.7177,2.0680,1,3.529,3.632
831,DATA_20260213_120000.BIN,1.8086,8.9265,1.8990,8.9265,2.9260,1,1.881,7.201
832,DATA_20260213_120000.BIN,1.8990,9.9212,0.9200,9.9212,1.3200,1,2.323,2.336
833,DATA_20260213_120000.BIN,2.5333,12.0370,3.2181,12.0370,3.7620,1,3.113,5.068
834,DATA_20260213_120000.BIN,3.2181,9.4150,1.9720,9.4150,1.3750,1,3.682,4.685
835,DATA_20260213_120000.BIN,0.4891,11.7683,4.0004,11.7683,1.2650,1,0.791,1.191
836,DATA_20260213_120000.BIN,3.6518,12.9117,4.2179,12.9117,4.6530,1,4.620,6.285
837,DATA_20260213_120000.BIN,4.2179,9.8941,1.3261,9.8941,4.8840,1,4.537,5.238
838,DATA_20260213_120000.BIN,2.0671,10.5483,1.3484,10.5483,1.3530,1,1.733,2.360
839,DATA_20260213_120000.BIN,2.2964,10.3811,2.7729,10.3811,5.0160,1,3.025,3.051
840,DATA_20260213_120000.BIN,3.6972,12.0123,1.4546,12.0123,2.5630,1,3.963,4.105
841,DATA_20260213_120000.BIN,2.7262,16.0065,0.8469,16.0065,3.4650,1,2.691,3.190
842,DATA_20260213_120000.BIN,3.6986,9.5025,2.3254,9.5025,7.3590,1,3.722,3.724
843,DATA_20260213_120000.BIN,2.3254,11.8413,3.3128,11.8413,1.3420,1,2.025,2.072
844,DATA_20260213_120000.BIN,3.3128,15.4456,3.1486,15.4456,1.2430,1,4.649,4.956
845,DATA_20260213_120000.BIN,3.1486,11.7160,3.2966,11.7160,1.2430,1,3.008,4.942
846,DATA_20260213_120000.BIN,3.2966,13.9428,1.5757,13.9428,3.9930,1,2.957,3.658
847,DATA_20260213_120000.BIN,1.5757,17.1412,6.6046,17.1412,1.6940,1,1.358,6.737
848,DATA_20260213_120000.BIN,6.6046,12.9983,4.7519,12.9983,1.4300,1,7.906,11.641
849,DATA_20260213_120000.BIN,4.7519,41.5003,11.5632,41.5003,3.9160,1,4.436,4.521
850,DATA_20260213_120000.BIN,11.5632,30.9558,15.8047,30.9558,3.5530,1,12.387,15.511
851,DATA_20260213_120000.BIN,14.8198,19.9363,12.9041,19.9363,3.4430,1,21.726,37.416
852,DATA_20260213_120000.BIN,12.9041,29.7348,13.8125,29.7348,2.5410,1,17.805,27.026
853,DATA_20260213_120000.BIN,18.2241,24.5818,15.7908,24.5818,9.3830,1,21.521,30.739
854,DATA_20260213_120000.BIN,15.0637,31.0999,21.1323,31.0999,6.0830,1,13.926,16.915
855,DATA_20260213_120000.BIN,21.1323,31.3637,17.2708,31.3637,7.1720,1,20.526,23.104
856,DATA_20260213_120000.BIN,17.2708,23.6860,12.4715,23.6860,6.1930,1,14.035,24.700
857,DATA_20260213_120000.BIN,18.8460,41.8926,17.0416,41.8926,5.8520,1,15.425,18.470
858,DATA_20260213_120000.BIN,17.0416,43.2816,4.9420,43.2816,3.2890,1,29.352,31.864
859,DATA_20260213_120000.BIN,4.9420,15.0256,5.7694,15.0256,4.3010,1,14.977,22.816
860,DATA_20260213_120000.BIN,5.7694,15.3703,6.3381,15.3703,2.0900,1,7.574,13.913
861,DATA_20260213_120000.BIN,3.6716,16.3348,3.0043,16.3348,1.5730,1,3.131,13.680
862,DATA_20260213_120000.BIN,3.0043,10.6256,2.5556,10.6256,1.5290,1,10.652,19.417
863,DATA_20260213_120000.BIN,2.6715,14.9374,3.6184,14.9374,1.1880,1,7.412,15.268
864,DATA_20260213_120000.BIN,3.6184,12.0123,1.1338,12.0123,1.2650,1,9.272,16.236
865,DATA_20260213_120000.BIN,1.1338,10.9467,1.2090,10.9467,1.2100,1,5.637,10.463
866,DATA_20260213_120000.BIN,3.6095,14.4308,4.0054,14.4308,1.3090,1,7.350,11.350
867,DATA_20260213_120000.BIN,4.0054,14.9527,2.8511,14.9527,2.4860,1,5.625,7.746
868,DATA_20260213_120000.BIN,2.8511,13.5584,4.4291,13.5584,1.2100,1,3.087,7.750
869,DATA_20260213_120000.BIN,4.4291,13.2614,2.7572,13.2614,1.2320,1,5.289,15.566
870,DATA_20260213_120000.BIN,2.7572,13.9545,0.6548,13.9545,1.2210,1,1.388,6.399
871,DATA_20260213_120000.BIN,0.6548,10.8008,1.5508,10.8008,1.1550,1,3.264,5.883
872,DATA_20260213_120000.BIN,1.5508,15.3503,7.3574,15.3503,1.2870,1,4.299,6.422
873,DATA_20260213_120000.BIN,7.3574,16.9106,9.4995,16.9106,1.2210,1,9.656,11.851
874,DATA_20260213_120000.BIN,9.4995,17.8048,8.1003,17.8048,1.1880,1,11.356,13.001
875,DATA_20260213_120000.BIN,8.1003,16.1587,7.1118,16.1587,1.3310,1,8.477,9.541
876,DATA_20260213_120000.BIN,7.1118,14.9917,4.0721,14.9917,1.2650,1,7.418,10.424
877,DATA_20260213_120000.BIN,4.0721,12.9042,6.7526,12.9042,1.4080,1,4.202,7.463
878,DATA_20260213_120000.BIN,0.1092,14.0348,3.5755,14.0348,3.0690,1,2.744,4.610
879,DATA_20260213_120000.BIN,3.5755,10.1020,3.9895,10.1020,2.6950,1,3.062,3.481
880,DATA_20260213_120000.BIN,4.3613,9.7635,3.3059,9.7635,1.4190,1,2.800,3.081
881,DATA_20260213_120000.BIN,1.1938,11.2056,0.6735,11.2056,1.3310,1,2.707,4.331
882,DATA_20260213_120000.BIN,0.6735,12.7277,2.7567,12.7277,1.3970,1,3.463,3.708
883,DATA_20260213_120000.BIN,1.7153,11.3763,3.1614,11.3763,1.5070,1,3.263,4.312
884,DATA_20260213_120000.BIN,3.1614,12.0601,1.8393,12.0601,1.3090,1,4.437,6.300
885,DATA_20260213_120000.BIN,1.8393,33.9131,3.4873,33.9131,4.4110,1,0.410,1.579
886,DATA_20260213_120000.BIN,3.4873,10.6182,3.4260,10.6182,1.4520,1,5.390,5.675
887,DATA_20260213_120000.BIN,3.4260,9.5664,4.0280,9.5664,2.0020,1,4.859,5.016
888,DATA_20260213_120000.BIN,5.8150,11.7878,1.7283,11.7878,2.9590,1,5.579,5.631
889,DATA_20260213_120000.BIN,1.7283,7.5918,0.8454,7.5918,2.5080,1,4.178,6.778
890,DATA_20260213_120000.BIN,0.8454,11.0796,1.8272,11.0796,1.4300,1,2.175,2.194
891,DATA_20260213_120000.BIN,1.8272,11.2157,1.4439,11.2157,1.6610,1,1.367,4.586
892,DATA_20260213_120000.BIN,2.8999,16.2755,2.8908,16.2755,1.5840,1,4.334,4.581
893,DATA_20260213_120000.BIN,2.8908,25.6904,0.7143,25.6904,2.6950,1,3.138,3.718
894,DATA_20260213_120000.BIN,1.2659,13.9406,2.2854,13.9406,3.4100,1,2.475,2.535
895,DATA_20260213_120000.BIN,2.2854,15.4168,2.5884,15.4168,2.1340,1,2.793,5.883
896,DATA_20260213_120000.BIN,2.5884,12.7837,0.8693,12.7837,1.5840,1,2.610,2.807
897,DATA_20260213_120000.BIN,0.8693,10.8271,2.2596,10.8271,1.6720,1,0.667,2.822
898,DATA_20260213_120000.BIN,2.2596,13.5436,1.9160,13.5436,1.4850,1,2.029,3.528
899,DATA_20260213_120000.BIN,1.9160,12.8282,4.1924,12.8282,1.6830,1,1.369,1.539
900,DATA_20260213_120000.BIN,8.2394,15.7132,0.1169,15.7132,2.2000,1,8.690,11.245
901,DATA_20260213_120000.BIN,3.2111,11.0709,3.1733,11.0709,2.1890,1,5.907,6.299
902,DATA_20260213_120000.BIN,3.1733,13.8178,1.3653,13.8178,2.1340,1,5.207,5.230
903,DATA_20260213_120000.BIN,1.3653,31.4703,12.6506,31.4703,5.1700,1,0.702,4.390
904,DATA_20260213_120000.BIN,12.6506,18.7495,11.0525,18.7495,3.0250,1,14.722,20.497
905,DATA_20260213_120000.BIN,2.1521,11.1940,2.9763,11.1940,6.5780,1,4.162,4.269
906,DATA_20260213_120000.BIN,2.9763,11.6277,3.1963,11.6277,1.1110,1,5.801,6.843
907,DATA_20260213_120000.BIN,3.1963,12.3957,4.7839,12.3957,4.3560,1,4.798,5.130
908,DATA_20260213_120000.BIN,4.7839,13.8758,3.4548,13.8758,1.2540,1,4.073,5.727
909,DATA_20260213_120000.BIN,3.4548,12.2734,0.4692,12.2734,3.1460,1,2.849,3.471
910,DATA_20260213_120000.BIN,0.4692,12.1812,3.4591,12.1812,3.1130,1,2.242,2.247
911,DATA_20260213_120000.BIN,3.4591,13.7682,1.7228,13.7682,1.7160,1,4.555,4.645
912,DATA_20260213_120000.BIN,1.7228,10.4905,2.2521,10.4905,1.3420,1,1.051,2.224
913,DATA_20260213_120000.BIN,2.6264,24.5008,0.8084,24.5008,3.1020,1,4.379,4.571
914,DATA_20260213_120000.BIN,0.8084,12.9580,5.4347,12.9580,4.0480,1,1.668,6.261
915,DATA_20260213_120000.BIN,4.3941,8.7920,2.0529,8.7920,1.8260,1,6.022,6.032
916,DATA_20260213_120000.BIN,2.0529,17.7552,6.3635,17.7552,2.6510,1,2.984,5.309
917,DATA_20260213_120000.BIN,6.3635,18.9880,2.5886,18.9880,3.9490,1,7.408,7.410
918,DATA_20260213_120000.BIN,1.6778,12.7705,3.0622,12.7705,1.7380,1,3.429,5.211
919,DATA_20260213_120000.BIN,3.0622,10.5430,2.2332,10.5430,1.8260,1,4.013,5.475
920,DATA_20260213_120000.BIN,2.2332,12.4922,3.7044,12.4922,1.2430,1,2.928,3.766
921,DATA_20260213_120000.BIN,3.7044,17.7479,3.1105,17.7479,6.0610,1,4.604,7.085
922,DATA_20260213_120000.BIN,0.5641,10.2086,1.0505,10.2086,5.7200,1,0.865,1.503
923,DATA_20260213_120000.BIN,1.0505,16.4723,1.0723,16.4723,6.6550,1,0.845,3.326
924,DATA_20260213_120000.BIN,1.0723,13.1537,1.1901,13.1537,3.3660,1,1.432,1.456
925,DATA_20260213_120000.BIN,1.1901,13.6196,4.1162,13.6196,1.3860,1,1.116,5.649
926,DATA_20260213_120000.BIN,4.1162,14.8194,0.9461,14.8194,1.3530,1,4.746,5.641
927,DATA_20260213_120000.BIN,0.9461,11.6508,0.8795,11.6508,2.3540,1,1.782,5.761
928,DATA_20260213_120000.BIN,0.8795,11.1836,1.8861,11.1836,3.2890,1,1.458,5.812
929,DATA_20260213_120000.BIN,1.8861,11.3813,0.5432,11.3813,2.6620,1,2.096,5.742
930,DATA_20260213_120000.BIN,1.1529,10.7446,0.6454,10.7446,2.2330,1,1.252,7.902
931,DATA_20260213_120000.BIN,0.6454,8.6529,2.3411,8.6529,1.2210,1,0.764,4.391
932,DATA_20260213_120000.BIN,2.3411,18.3896,2.4378,18.3896,3.7400,1,2.225,4.358
933,DATA_20260213_120000.BIN,2.4378,10.6135,3.6460,10.6135,1.3310,1,3.318,3.326
934,DATA_20260213_120000.BIN,3.6460,17.6458,3.4315,17.6458,3.3440,1,3.744,4.496
935,DATA_20260213_120000.BIN,4.7938,28.3509,8.1747,28.3509,6.7980,1,4.367,6.276
936,DATA_20260213_120000.BIN,8.1747,35.0178,4.8236,35.0178,8.0850,1,10.619,11.151
937,DATA_20260213_120000.BIN,4.8236,32.1277,3.1370,32.1277,3.4430,1,4.582,6.039
938,DATA_20260213_120000.BIN,3.1411,13.3262,4.6104,13.3262,3.1570,1,3.831,4.099
939,DATA_20260213_120000.BIN,4.6104,10.9832,1.0276,10.9832,5.1810,1,6.011,6.036
940,DATA_20260213_120000.BIN,1.0276,33.0395,7.9699,33.0395,5.5440,1,2.254,3.399
941,DATA_20260213_120000.BIN,4.6024,10.1919,0.6825,10.1919,4.2460,1,4.287,6.097
942,DATA_20260213_120000.BIN,0.6825,12.7651,2.0873,12.7651,5.5000,1,1.222,7.793
943,DATA_20260213_120000.BIN,2.0873,11.9130,3.0044,11.9130,2.1120,1,1.409,1.464
944,DATA_20260213_120000.BIN,2.6476,11.3157,0.5660,11.3157,3.9820,1,2.324,6.289
945,DATA_20260213_120000.BIN,0.5660,8.4898,1.6215,8.4898,7.0070,1,0.734,1.136
946,DATA_20260213_120000.BIN,1.6215,25.6685,10.0579,25.6685,2.8380,1,2.255,2.304
947,DATA_20260213_120000.BIN,6.4958,28.6188,8.5788,28.6188,3.2780,1,6.745,7.299
948,DATA_20260213_120000.BIN,5.1698,15.8873,6.4983,15.8873,1.7160,1,6.351,7.987
949,DATA_20260213_120000.BIN,6.4983,42.4874,20.2069,42.4874,3.5310,1,6.148,6.595
950,DATA_20260213_120000.BIN,8.5581,16.9538,6.9634,16.9538,2.1560,1,8.721,10.659
951,DATA_20260213_120000.BIN,6.9634,19.7137,8.3671,19.7137,1.6390,1,8.145,11.477
952,DATA_20260213_120000.BIN,8.3671,43.2409,32.4128,43.2409,5.3900,1,7.856,10.533
953,DATA_20260213_120000.BIN,32.4128,43.7599,7.9303,43.7599,4.4110,1,37.640,37.647
954,DATA_20260213_120000.BIN,0.7456,26.5279,9.2788,26.5279,4.5870,1,5.228,5.671
955,DATA_20260213_120000.BIN,3.2393,26.2162,4.9268,26.2162,4.9390,1,3.200,14.595
956,DATA_20260213_120000.BIN,1.2664,12.0037,3.7020,12.0037,3.0910,1,4.063,6.347
957,DATA_20260213_120000.BIN,3.7020,12.4381,3.6444,12.4381,1.2540,1,9.541,9.642
958,DATA_20260213_120000.BIN,1.4854,15.8896,1.7965,15.8896,9.0200,1,5.063,7.334
959,DATA_20260213_120000.BIN,6.9741,34.7573,22.1725,34.7573,2.8600,1,10.038,11.803
960,DATA_20260213_120000.BIN,22.1725,40.6787,5.0099,40.6787,5.2360,1,26.347,33.224
961,DATA_20260213_120000.BIN,5.0099,14.5805,3.7550,14.5805,1.3640,1,1.989,3.490
962,DATA_20260213_120000.BIN,3.7550,11.3741,3.9690,11.3741,2.7610,1,5.338,6.906
963,DATA_20260213_120000.BIN,3.9690,13.5712,2.8779,13.5712,1.8370,1,7.179,9.413
964,DATA_20260213_120000.BIN,2.8779,10.3636,5.3082,10.3636,2.3980,1,4.818,4.863
965,DATA_20260213_120000.BIN,5.3082,54.9649,1.3729,54.9649,3.9050,1,7.213,7.231
966,DATA_20260213_120000.BIN,2.6640,12.1260,5.5160,12.1260,3.6190,1,4.746,5.685
967,DATA_20260213_120000.BIN,5.5160,12.1380,1.9333,12.1380,2.2110,1,4.310,5.311
968,DATA_20260213_120000.BIN,1.9333,13.7353,4.9358,13.7353,1.2760,1,1.167,1.428
969,DATA_20260213_120000.BIN,4.9358,11.2783,5.0102,11.2783,1.2650,1,7.984,7.984
970,DATA_20260213_120000.BIN,1.5670,8.0313,1.5615,8.0313,5.6210,1,4.145,4.308
971,DATA_20260213_120000.BIN,1.5615,11.4322,1.5080,11.4322,3.3660,1,2.991,5.142
972,DATA_20260213_120000.BIN,2.9303,11.2084,2.8302,11.2084,8.4150,1,4.589,5.768
973,DATA_20260213_120000.BIN,2.8302,12.3200,1.7716,12.3200,1.6060,1,3.993,4.450
974,DATA_20260213_120000.BIN,1.7716,18.4252,2.0235,18.4252,1.6280,1,1.652,5.597
975,DATA_20260213_120000.BIN,2.0235,15.0816,6.8989,15.0816,6.4020,1,1.435,7.115
976,DATA_20260213_120000.BIN,4.1165,11.7261,2.1563,11.7261,1.7710,1,5.425,5.425
977,DATA_20260213_120000.BIN,0.7531,9.3336,2.8011,9.3336,6.6550,1,1.814,4.920
978,DATA_20260213_120000.BIN,2.8011,11.5276,3.5749,11.5276,3.2010,1,3.441,3.469
979,DATA_20260213_120000.BIN,2.0783,8.5646,1.2632,8.5646,1.8590,1,2.615,5.563
980,DATA_20260213_120000.BIN,1.2632,12.4643,6.1695,12.4643,3.9930,1,1.049,5.413
981,DATA_20260213_120000.BIN,4.1325,17.0672,9.6302,17.0672,9.6250,1,4.278,4.278
982,DATA_20260213_120000.BIN,9.6302,32.5506,3.9062,32.5506,3.4980,1,11.563,12.631
983,DATA_20260213_120000.BIN,3.9062,11.8326,6.1529,11.8326,6.5780,1,4.387,4.391
984,DATA_20260213_120000.BIN,6.1529,11.1528,2.1711,11.1528,1.8260,1,8.818,9.676
985,DATA_20260213_120000.BIN,2.1711,10.2718,3.4147,10.2718,1.8590,1,3.044,5.203
986,DATA_20260213_120000.BIN,3.4147,9.5027,1.4289,9.5027,2.9040,1,3.391,4.994
987,DATA_20260213_120000.BIN,1.4289,13.1679,2.2325,13.1679,3.2010,1,2.535,6.066
988,DATA_20260213_120000.BIN,2.2325,10.5923,3.3247,10.5923,1.4960,1,2.116,2.825
989,DATA_20260213_120000.BIN,1.6808,11.0345,1.6133,11.0345,4.1800,1,0.831,1.582
990,DATA_20260213_120000.BIN,1.6133,9.8647,1.0465,9.8647,2.7390,1,2.629,2.669
991,DATA_20260213_120000.BIN,1.0465,11.5560,1.6777,11.5560,2.9370,1,1.875,1.899
992,DATA_20260213_120000.BIN,1.6777,13.3998,0.4591,13.3998,2.0350,1,2.560,2.901
993,DATA_20260213_120000.BIN,0.4591,9.4536,4.0451,9.4536,5.7310,1,0.872,0.872
994,DATA_20260213_120000.BIN,1.0677,11.6211,1.5996,11.6211,2.6950,1,1.086,2.534
995,DATA_20260213_120000.BIN,1.5996,10.9712,2.6176,10.9712,7.0620,1,1.613,2.461
996,DATA_20260213_120000.BIN,0.8556,9.7703,1.7538,9.7703,9.3280,1,1.262,2.140
997,DATA_20260213_120000.BIN,1.7538,12.7112,2.5905,12.7112,1.3750,1,2.336,2.826
998,DATA_20260213_120000.BIN,8.0184,12.8004,7.2778,12.8004,8.8550,1,9.890,11.393
999,DATA_20260213_120000.BIN,7.2778,13.8911,4.5905,13.8911,5.5660,1,7.451,7.664
1000,DATA_20260213_120000.BIN,4.5905,14.8762,0.9456,14.8762,3.1240,1,4.934,7.726
1001,DATA_20260213_120000.BIN,3.0472,11.9490,1.9802,11.9490,5.5440,1,3.865,4.406
1002,DATA_20260213_120000.BIN,1.9802,11.3738,1.5986,11.3738,4.5760,1,0.400,1.392
1003,DATA_20260213_120000.BIN,1.5986,11.0723,2.6804,11.0723,5.0270,1,1.848,4.098
1004,DATA_20260213_120000.BIN,2.2179,10.6713,0.7524,10.6713,1.7600,1,3.682,5.757
1005,DATA_20260213_120000.BIN,0.7524,9.3720,0.4341,9.3720,1.7160,1,1.796,2.797
1006,DATA_20260213_120000.BIN,0.4341,11.3872,3.8136,11.3872,8.6130,1,1.601,2.702
1007,DATA_20260213_120000.BIN,3.8136,12.8264,1.5354,12.8264,7.9530,1,5.211,7.305
1008,DATA_20260213_120000.BIN,5.1226,25.8107,2.3291,25.8107,7.1280,1,4.791,4.945
1009,DATA_20260213_120000.BIN,2.3291,11.4721,3.1938,11.4721,6.8750,1,0.990,1.247
1010,DATA_20260213_120000.BIN,0.7371,11.6462,3.9401,11.6462,1.5950,1,2.685,2.826
1011,DATA_20260213_120000.BIN,1.4313,16.5397,2.6743,16.5397,2.0460,1,3.123,3.938
1012,DATA_20260213_120000.BIN,2.6743,14.5333,6.8581,14.5333,6.3250,1,2.299,5.229
1013,DATA_20260213_120000.BIN,6.8581,12.0764,3.1530,12.0764,2.0680,1,7.571,12.857
1014,DATA_20260213_120000.BIN,3.1530,11.2224,4.9127,11.2224,1.9140,1,2.409,2.409
1015,DATA_20260213_120000.BIN,4.9127,15.3808,3.7206,15.3808,5.3020,1,3.788,5.073
1016,DATA_20260213_120000.BIN,3.7206,13.4703,1.7003,13.4703,1.6280,1,2.622,4.459
1017,DATA_20260213_120000.BIN,1.7003,13.1660,7.3187,13.1660,4.5100,1,2.755,2.838
1018,DATA_20260213_120000.BIN,7.3187,17.6519,7.6629,17.6519,5.7200,1,7.211,8.586
1019,DATA_20260213_120000.BIN,4.2212,11.2877,3.7475,11.2877,4.1030,1,2.311,2.527
1020,DATA_20260213_120000.BIN,3.7475,10.1155,2.0576,10.1155,1.8150,1,1.584,1.987
1021,DATA_20260213_120000.BIN,2.3080,10.2376,3.3719,10.2376,3.3440,1,1.596,4.508
1022,DATA_20260213_120000.BIN,3.3719,10.2908,2.9703,10.2908,1.5620,1,1.630,2.307
1023,DATA_20260213_120000.BIN,6.1760,12.4373,5.5295,12.4373,2.0130,1,5.688,9.549
1024,DATA_20260213_120000.BIN,3.5276,11.9991,4.2412,11.9991,3.3990,1,1.561,4.710
1025,DATA_20260213_120000.BIN,4.2412,10.0104,3.0510,10.0104,1.6060,1,4.442,5.038
1026,DATA_20260213_120000.BIN,2.4787,14.6058,4.0033,14.6058,1.5840,1,3.858,4.237
1027,DATA_20260213_120000.BIN,4.0033,13.9910,1.9010,13.9910,6.9520,1,6.686,9.908
1028,DATA_20260213_120000.BIN,2.6635,10.8923,0.8529,10.8923,7.2160,1,4.810,4.955
1029,DATA_20260213_120000.BIN,0.8529,10.1256,2.7181,10.1256,2.1560,1,1.714,4.720
1030,DATA_20260213_120000.BIN,7.5332,18.5604,2.2642,18.5604,2.1010,1,7.121,7.377
1031,DATA_20260213_120000.BIN,9.1577,18.7014,11.8820,18.7014,3.9490,1,9.689,11.023
1032,DATA_20260213_120000.BIN,10.6126,22.4720,11.8673,22.4720,4.4660,1,9.899,9.903
1033,DATA_20260213_120000.BIN,11.8673,18.1673,5.6185,18.1673,2.8820,1,10.849,17.481
1034,DATA_20260213_120000.BIN,5.6185,13.5669,2.9604,13.5669,3.0030,1,1.816,2.122
1035,DATA_20260213_120000.BIN,2.9604,12.5240,2.1146,12.5240,4.3120,1,4.673,4.927
1036,DATA_20260213_120000.BIN,2.0022,10.3545,1.4246,10.3545,9.1960,1,6.556,8.130
1037,DATA_20260213_120000.BIN,3.6696,11.1601,1.2755,11.1601,2.7170,1,4.066,4.167
1038,DATA_20260213_120000.BIN,1.2755,10.5149,4.4871,10.5149,2.1670,1,4.247,5.446
1039,DATA_20260213_120000.BIN,3.5456,11.2013,3.4410,11.2013,1.8700,1,1.519,1.656
1040,DATA_20260213_120000.BIN,4.0214,11.0783,1.2735,11.0783,9.3060,1,2.948,3.012
1041,DATA_20260213_120000.BIN,1.2735,12.6496,0.4222,12.6496,1.4630,1,2.182,2.266
1042,DATA_20260213_120000.BIN,0.4222,9.8894,2.5771,9.8894,3.1900,1,2.985,3.065
1043,DATA_20260213_120000.BIN,2.5771,10.6988,0.7353,10.6988,1.9580,1,0.290,0.390
1044,DATA_20260213_120000.BIN,1.2777,8.7931,1.7891,8.7931,4.5650,1,4.045,5.622
1045,DATA_20260213_120000.BIN,1.7891,11.1294,0.5728,11.1294,7.8650,1,0.634,1.101
1046,DATA_20260213_120000.BIN,0.5728,9.2258,1.0375,9.2258,2.6620,1,3.466,8.234
1047,DATA_20260213_120000.BIN,1.0375,9.2756,3.5446,9.2756,4.7960,1,1.589,3.424
1048,DATA_20260213_120000.BIN,4.6363,16.3018,3.8750,16.3018,3.5530,1,4.216,6.294
1049,DATA_20260213_120000.BIN,3.8750,10.7539,4.6587,10.7539,2.3980,1,3.940,4.047
1050,DATA_20260213_120000.BIN,4.6587,12.3364,5.1867,12.3364,3.4650,1,3.291,3.379
1051,DATA_20260213_120000.BIN,5.1867,14.2016,4.3909,14.2016,4.7630,1,5.109,6.104
1052,DATA_20260213_120000.BIN,1.3636,17.6252,3.2294,17.6252,3.8060,1,0.359,11.742
1053,DATA_20260213_120000.BIN,3.2294,18.0443,2.3760,18.0443,1.7160,1,2.739,9.720
1054,DATA_20260213_120000.BIN,2.3760,10.4113,5.1042,10.4113,4.9610,1,1.968,7.167
1055,DATA_20260213_120000.BIN,5.1042,12.6787,6.3037,12.6787,5.8960,1,6.641,6.641
1056,DATA_20260213_120000.BIN,6.3037,12.2959,5.2559,12.2959,2.4970,1,7.162,7.219
1057,DATA_20260213_120000.BIN,5.2559,15.6774,1.6611,15.6774,3.1790,1,6.188,6.211
1058,DATA_20260213_120000.BIN,1.6611,17.3502,2.1057,17.3502,2.2770,1,3.820,4.350
1059,DATA_20260213_120000.BIN,2.1057,10.9314,2.1177,10.9314,2.1230,1,3.611,3.651
1060,DATA_20260213_120000.BIN,2.1177,12.6355,2.9972,12.6355,1.8150,1,3.662,3.738
1061,DATA_20260213_120000.BIN,2.9972,32.3772,2.7126,32.3772,4.8180,1,4.387,4.731
1062,DATA_20260213_120000.BIN,1.7835,12.1554,2.0335,12.1554,2.4970,1,2.269,2.299
1063,DATA_20260213_120000.BIN,2.0335,15.2033,7.5364,15.2033,4.0040,1,3.707,10.064
1064,DATA_20260213_120000.BIN,0.6606,12.6033,6.3583,12.6033,2.3760,1,1.249,3.828
1065,DATA_20260213_120000.BIN,6.3583,11.6285,2.6064,11.6285,2.3210,1,7.282,7.282
1066,DATA_20260213_120000.BIN,2.6064,10.3992,2.1248,10.3992,2.3430,1,2.882,2.884
1067,DATA_20260213_120000.BIN,1.5187,9.1467,1.9198,9.1467,5.5770,1,2.508,3.755
1068,DATA_20260213_120000.BIN,1.9198,11.3867,3.8859,11.3867,5.0490,1,2.139,5.020
1069,DATA_20260213_120000.BIN,3.7681,11.5991,1.1137,11.5991,1.7930,1,4.963,5.393
1070,DATA_20260213_120000.BIN,1.1137,10.0953,3.4022,10.0953,3.5970,1,1.312,2.403
1071,DATA_20260213_120000.BIN,3.4022,11.6542,2.6050,11.6542,1.3970,1,3.808,3.846
1072,DATA_20260213_120000.BIN,2.7207,13.5198,4.0619,13.5198,2.3430,1,3.202,3.867
1073,DATA_20260213_120000.BIN,4.0619,11.1968,2.6700,11.1968,1.2980,1,5.082,5.254
1074,DATA_20260213_120000.BIN,2.8265,9.0425,3.6960,9.0425,1.1220,1,2.660,3.338
1075,DATA_20260213_120000.BIN,3.6960,13.5795,1.3096,13.5795,2.3320,1,3.153,4.405
1076,DATA_20260213_120000.BIN,1.3096,10.9278,2.6640,10.9278,2.2770,1,2.763,2.870
1077,DATA_20260213_120000.BIN,0.9301,10.1262,0.3602,10.1262,5.2910,1,1.405,3.635
1078,DATA_20260213_120000.BIN,2.4408,20.0517,8.3502,20.0517,1.3310,1,3.164,3.440
1079,DATA_20260213_120000.BIN,8.3502,31.6458,4.1034,31.6458,3.8830,1,9.335,9.335
1080,DATA_20260213_120000.BIN,4.1034,12.5246,2.7154,12.5246,1.3860,1,3.866,6.755
1081,DATA_20260213_120000.BIN,2.7154,18.4326,0.9733,18.4326,2.2220,1,3.111,7.518
1082,DATA_20260213_120000.BIN,0.9733,36.3126,20.7902,36.3126,4.8070,1,1.396,1.869
1083,DATA_20260213_120000.BIN,20.7902,36.4827,20.4976,36.4827,5.9070,1,25.846,25.882
1084,DATA_20260213_120000.BIN,20.4976,30.0378,19.3275,30.0378,6.8860,1,30.386,41.132
1085,DATA_20260213_120000.BIN,19.3275,26.7838,21.2832,26.7838,3.0360,1,25.620,31.795
1086,DATA_20260213_120000.BIN,22.2878,33.2204,23.3133,33.2204,6.4240,1,28.947,48.200
1087,DATA_20260213_120000.BIN,23.3133,30.9832,24.9842,30.9832,9.6690,1,25.045,36.107
1088,DATA_20260213_120000.BIN,27.3313,33.9215,28.7839,33.9215,8.2940,1,29.429,40.154
1089,DATA_20260213_120000.BIN,28.7839,34.4502,27.2528,34.4502,6.9080,1,29.925,41.582
1090,DATA_20260213_120000.BIN,6.6191,42.1386,4.3884,42.1386,3.2670,1,22.753,29.093
1091,DATA_20260213_120000.BIN,4.3884,21.9581,9.5350,21.9581,3.3550,1,15.004,23.823
1092,DATA_20260213_120000.BIN,9.5350,20.7663,6.5475,20.7663,2.8490,1,10.967,16.302
1093,DATA_20260213_120000.BIN,6.5475,53.0105,7.6162,53.0105,5.3900,1,13.978,19.794
1094,DATA_20260213_120000.BIN,7.6162,20.7516,6.9233,20.7516,1.2210,1,12.293,19.256
1095,DATA_20260213_120000.BIN,6.9233,19.7160,6.2265,19.7160,5.7420,1,7.586,13.272
1096,DATA_20260213_120000.BIN,6.2265,18.9151,6.1708,18.9151,1.5510,1,13.717,18.343
1097,DATA_20260213_120000.BIN,6.1708,21.6882,6.9166,21.6882,1.4630,1,1.597,13.936
1098,DATA_20260213_120000.BIN,6.9166,20.0555,7.1139,20.0555,1.2870,1,6.620,11.260
1099,DATA_20260213_120000.BIN,7.1139,21.4958,12.2186,21.4958,1.1440,1,3.103,8.601
1100,DATA_20260213_120000.BIN,12.2186,20.5858,14.7261,20.5858,2.0130,1,7.195,10.170
1101,DATA_20260213_120000.BIN,3.1776,15.2598,0.9325,15.2598,6.0280,1,5.840,14.206
1102,DATA_20260213_120000.BIN,0.9325,14.8350,2.7311,14.8350,2.2220,1,8.704,11.104
1103,DATA_20260213_120000.BIN,2.7311,55.0055,5.1604,55.0055,3.6850,1,6.927,7.912
1104,DATA_20260213_120000.BIN,5.1604,26.0785,11.2206,26.0785,3.4870,1,4.042,4.136
1105,DATA_20260213_120000.BIN,11.2206,55.3982,17.9142,55.3982,3.4650,1,6.887,8.187
1106,DATA_20260213_120000.BIN,17.9142,26.2816,10.3406,26.2816,0.9570,1,26.352,28.201
1107,DATA_20260213_120000.BIN,10.3406,54.3779,5.3913,54.3779,3.1460,1,16.136,19.615
1108,DATA_20260213_120000.BIN,5.3913,15.9469,8.7247,15.9469,1.2650,1,0.885,1.451
1109,DATA_20260213_120000.BIN,8.7247,19.5956,7.1100,19.5956,1.6610,1,8.676,8.765
1110,DATA_20260213_120000.BIN,7.1630,15.8606,7.4460,15.8606,1.4410,1,8.128,8.723
1111,DATA_20260213_120000.BIN,7.4460,18.2379,9.0200,18.2379,1.4520,1,4.160,4.250
1112,DATA_20260213_120000.BIN,9.0200,17.6967,7.2145,17.6967,1.3420,1,6.862,6.875
1113,DATA_20260213_120000.BIN,7.2145,20.3589,8.5065,20.3589,1.4300,1,3.018,3.849
1114,DATA_20260213_120000.BIN,8.5065,18.4752,8.1035,18.4752,1.4630,1,5.902,6.239
1115,DATA_20260213_120000.BIN,10.1035,18.1737,5.6754,18.1737,1.7820,1,6.489,8.271
1116,DATA_20260213_120000.BIN,5.1101,14.0968,4.7152,14.0968,1.3640,1,7.435,10.963
1117,DATA_20260213_120000.BIN,4.7152,15.7516,5.3965,15.7516,2.1670,1,3.082,5.983
1118,DATA_20260213_120000.BIN,4.4879,21.5199,1.9999,21.5199,1.3310,1,12.176,16.558
1119,DATA_20260213_120000.BIN,1.9999,22.3933,2.8244,22.3933,1.8480,1,6.024,8.584
1120,DATA_20260213_120000.BIN,2.8244,19.2770,13.7694,19.2770,1.4740,1,8.117,10.318
1121,DATA_20260213_120000.BIN,13.7694,19.4925,0.9913,19.4925,2.2990,1,13.565,14.106
1122,DATA_20260213_120000.BIN,0.9913,20.4436,9.5398,20.4436,1.9800,1,6.127,11.440
1123,DATA_20260213_120000.BIN,9.5398,19.8714,7.0862,19.8714,1.2100,1,7.878,8.794
1124,DATA_20260213_120000.BIN,7.0862,21.6806,5.8861,21.6806,1.1330,1,3.434,5.092
1125,DATA_20260213_120000.BIN,5.8861,36.5674,5.7945,36.5674,1.7270,1,11.782,13.950
1126,DATA_20260213_120000.BIN,5.7945,18.3446,9.0679,18.3446,0.9350,1,5.382,5.605
1127,DATA_20260213_120000.BIN,9.0679,19.1255,8.3662,19.1255,1.3200,1,8.925,9.214
1128,DATA_20260213_120000.BIN,8.3662,15.8472,8.2254,15.8472,1.1660,1,6.447,9.309
1129,DATA_20260213_120000.BIN,8.2254,18.8096,4.6838,18.8096,1.3530,1,7.197,7.729
1130,DATA_20260213_120000.BIN,4.6838,34.8265,11.8907,34.8265,5.2690,1,8.821,9.176
1131,DATA_20260213_120000.BIN,11.8907,18.8217,2.4878,18.8217,6.0720,1,18.958,22.456
1132,DATA_20260213_120000.BIN,2.4878,15.4757,6.7403,15.4757,1.2320,1,6.099,7.148
1133,DATA_20260213_120000.BIN,6.7403,17.1018,2.7445,17.1018,1.9140,1,6.763,6.780
1134,DATA_20260213_120000.BIN,5.1530,20.6540,7.2916,20.6540,1.6170,1,5.469,5.720
1135,DATA_20260213_120000.BIN,7.2916,19.0553,7.1582,19.0553,1.2870,1,5.345,7.227
1136,DATA_20260213_120000.BIN,7.1582,17.3348,1.8087,17.3348,1.3420,1,6.433,7.956
1137,DATA_20260213_120000.BIN,4.8116,37.8699,24.8452,37.8699,4.2570,1,4.116,6.720
1138,DATA_20260213_120000.BIN,24.8452,43.1022,5.3521,43.1022,2.4420,1,33.517,35.437
1139,DATA_20260213_120000.BIN,12.8189,24.0300,8.5717,24.0300,1.6170,1,10.911,11.871
1140,DATA_20260213_120000.BIN,8.5717,19.9165,6.6576,19.9165,1.2320,1,7.680,9.058
1141,DATA_20260213_120000.BIN,6.6576,15.3464,6.3712,15.3464,1.1880,1,7.208,8.235
1142,DATA_20260213_120000.BIN,6.3712,18.9881,6.3010,18.9881,1.3860,1,4.949,5.597
1143,DATA_20260213_120000.BIN,6.3010,21.8560,8.2889,21.8560,1.5840,1,2.259,2.275
1144,DATA_20260213_120000.BIN,8.2889,22.4144,12.1569,22.4144,1.6280,1,8.903,9.971
1145,DATA_20260213_120000.BIN,12.1569,20.9393,10.9468,20.9393,1.2320,1,11.381,11.754
1146,DATA_20260213_120000.BIN,10.9468,23.6565,9.0727,23.6565,1.3860,1,10.940,11.210
1147,DATA_20260213_120000.BIN,9.0727,34.3140,12.8720,34.3140,4.9830,1,5.597,6.709
1148,DATA_20260213_120000.BIN,12.8720,22.1065,6.6371,22.1065,1.2320,1,8.551,9.386
1149,DATA_20260213_120000.BIN,6.6371,24.2278,12.3495,24.2278,3.7840,1,1.504,5.311
1150,DATA_20260213_120000.BIN,8.1653,25.0941,12.3959,25.0941,1.3200,1,12.206,12.575
1151,DATA_20260213_120000.BIN,12.3959,19.9145,10.7747,19.9145,1.3090,1,11.695,12.113
1152,DATA_20260213_120000.BIN,10.7747,21.0951,8.2731,21.0951,1.3530,1,11.481,11.698
1153,DATA_20260213_120000.BIN,8.2731,19.3467,9.7824,19.3467,1.2430,1,7.575,7.576
1154,DATA_20260213_120000.BIN,9.7824,26.0185,2.8717,26.0185,5.2250,1,9.067,9.158
1155,DATA_20260213_120000.BIN,2.8717,20.7527,5.8130,20.7527,1.2870,1,6.866,9.411
1156,DATA_20260213_120000.BIN,5.8130,26.2120,6.3025,26.2120,1.6280,1,4.890,10.201
1157,DATA_20260213_120000.BIN,6.3025,32.6382,20.8732,32.6382,3.4430,1,7.016,8.901
1158,DATA_20260213_120000.BIN,20.8732,39.4960,28.5332,39.4960,4.3120,1,24.947,25.106
1159,DATA_20260213_120000.BIN,33.6466,44.1976,33.1033,44.1976,5.7310,1,45.694,49.098
1160,DATA_20260213_120000.BIN,33.1033,41.2977,12.6263,41.2977,7.9860,1,35.320,39.720
1161,DATA_20260213_120000.BIN,12.6263,44.8626,5.7595,44.8626,4.2790,1,20.689,20.979
1162,DATA_20260213_120000.BIN,5.7595,23.2193,17.2322,23.2193,1.8040,1,15.520,15.930
1163,DATA_20260213_120000.BIN,17.2322,25.1673,9.7684,25.1673,1.2210,1,11.127,13.041
1164,DATA_20260213_120000.BIN,9.7684,26.0182,12.4386,26.0182,1.3420,1,7.234,7.524
1165,DATA_20260213_120000.BIN,12.4386,51.6584,7.4663,51.6584,7.9860,1,4.689,4.785
1166,DATA_20260213_120000.BIN,7.4663,22.4200,11.7778,22.4200,1.0560,1,3.355,4.018
1167,DATA_20260213_120000.BIN,11.7778,25.1433,8.5704,25.1433,3.0140,1,6.144,6.266
1168,DATA_20260213_120000.BIN,30.5398,44.5421,11.7919,44.5421,4.9390,1,43.036,51.961
1169,DATA_20260213_120000.BIN,11.7919,41.3091,16.1754,41.3091,2.4860,1,20.390,21.887
1170,DATA_20260213_120000.BIN,16.1754,27.4115,18.2365,27.4115,1.4740,1,13.020,13.429
1171,DATA_20260213_120000.BIN,12.0637,35.1778,18.0556,35.1778,3.5420,1,8.929,10.968
1172,DATA_20260213_120000.BIN,18.0556,37.5482,15.6614,37.5482,2.0460,1,11.690,12.898
1173,DATA_20260213_120000.BIN,15.6614,25.3638,11.4932,25.3638,1.5620,1,6.148,6.926
1174,DATA_20260213_120000.BIN,11.4932,23.0360,11.6614,23.0360,1.3860,1,5.499,5.775
1175,DATA_20260213_120000.BIN,11.6614,23.8600,10.2511,23.8600,1.5620,1,6.843,6.846
1176,DATA_20260213_120000.BIN,10.2511,34.7472,14.5437,34.7472,3.6190,1,2.535,4.328
1177,DATA_20260213_120000.BIN,13.6417,29.7820,16.1549,29.7820,1.5950,1,19.385,25.074
1178,DATA_20260213_120000.BIN,16.1549,28.7123,16.1437,28.7123,1.2100,1,14.517,16.147
1179,DATA_20260213_120000.BIN,16.1437,22.7862,11.1774,22.7862,1.3750,1,6.643,6.737
1180,DATA_20260213_120000.BIN,11.1774,19.1978,6.9905,19.1978,1.1770,1,4.286,4.300
1181,DATA_20260213_120000.BIN,6.9905,15.5190,9.4577,15.5190,2.2880,1,4.979,11.621
1182,DATA_20260213_120000.BIN,9.4577,21.2348,11.0667,21.2348,1.3750,1,19.293,24.678
1183,DATA_20260213_120000.BIN,11.0667,24.1967,10.5701,24.1967,1.3860,1,9.686,10.060
1184,DATA_20260213_120000.BIN,10.5701,20.5039,10.6657,20.5039,1.3420,1,9.572,14.987
1185,DATA_20260213_120000.BIN,10.6657,21.0487,9.3074,21.0487,1.2760,1,5.783,6.499
1186,DATA_20260213_120000.BIN,9.3074,18.6134,6.4344,18.6134,1.2210,1,3.747,3.837
1187,DATA_20260213_120000.BIN,6.4344,23.1988,8.2304,23.1988,1.3530,1,4.292,5.535
1188,DATA_20260213_120000.BIN,8.2304,21.8290,9.5596,21.8290,1.3090,1,1.652,2.573
1189,DATA_20260213_120000.BIN,9.5596,20.7076,7.8273,20.7076,1.1770,1,0.753,0.809
1190,DATA_20260213_120000.BIN,7.8273,21.4732,11.2606,21.4732,1.2980,1,2.281,3.045
1191,DATA_20260213_120000.BIN,11.2606,21.9672,9.8069,21.9672,1.2540,1,3.164,3.248
1192,DATA_20260213_120000.BIN,9.8069,22.6392,11.5673,22.6392,1.3310,1,2.552,2.625
1193,DATA_20260213_120000.BIN,11.5673,22.0828,10.5036,22.0828,1.2980,1,4.099,4.674
1194,DATA_20260213_120000.BIN,10.5036,21.7872,11.5558,21.7872,1.3420,1,2.777,2.783
1195,DATA_20260213_120000.BIN,11.5558,21.1810,10.1777,21.1810,1.2980,1,4.338,4.617
1196,DATA_20260213_120000.BIN,10.1777,23.8205,11.9446,23.8205,1.4410,1,4.015,4.167
1197,DATA_20260213_120000.BIN,11.9446,22.8400,9.9744,22.8400,1.4740,1,3.272,3.422
1198,DATA_20260213_120000.BIN,2.9124,9.5320,3.7372,9.5320,1.2540,1,11.648,13.235
1199,DATA_20260213_120000.BIN,7.1974,20.6706,6.0382,20.6706,1.6720,1,3.290,4.772
1200,DATA_20260213_120000.BIN,6.0382,22.1754,8.3516,22.1754,1.4740,1,6.112,6.498
1201,DATA_20260213_120000.BIN,8.3516,30.0483,7.5112,30.0483,3.3000,1,2.930,3.575
1202,DATA_20260213_120000.BIN,14.5552,22.0306,15.0994,22.0306,1.3090,1,7.536,7.666
1203,DATA_20260213_120000.BIN,13.3348,52.9365,5.8825,52.9365,3.2890,1,6.661,6.850
1204,DATA_20260213_120000.BIN,5.8825,23.1781,7.4146,23.1781,1.3200,1,6.829,7.853
1205,DATA_20260213_120000.BIN,7.4146,20.0321,10.0372,20.0321,1.2100,1,3.098,4.212
1206,DATA_20260213_120000.BIN,10.0372,22.2452,7.9683,22.2452,1.4080,1,4.816,5.348
1207,DATA_20260213_120000.BIN,7.9683,23.8365,11.0473,23.8365,1.5950,1,3.357,3.576
1208,DATA_20260213_120000.BIN,11.0473,23.9286,9.9500,23.9286,1.6390,1,3.153,3.622
1209,DATA_20260213_120000.BIN,9.9500,19.4777,4.3431,19.4777,8.7450,1,1.166,1.227
1210,DATA_20260213_120000.BIN,4.3431,23.0695,6.4412,23.0695,1.3530,1,6.934,11.615
1211,DATA_20260213_120000.BIN,6.4412,26.9724,7.9422,26.9724,1.5950,1,2.548,3.165
1212,DATA_20260213_120000.BIN,7.9422,19.6634,11.1246,19.6634,5.3900,1,0.782,5.329
1213,DATA_20260213_120000.BIN,11.1246,21.0733,6.0793,21.0733,1.1880,1,4.126,5.529
1214,DATA_20260213_120000.BIN,6.0793,24.7635,9.3053,24.7635,1.7820,1,3.312,3.757
1215,DATA_20260213_120000.BIN,9.3053,18.3159,11.8612,18.3159,3.5530,1,2.041,3.353
1216,DATA_20260213_120000.BIN,11.8612,22.2167,6.9889,22.2167,1.3310,1,4.574,6.963
1217,DATA_20260213_120000.BIN,6.9889,23.6540,9.7863,23.6540,1.5070,1,2.121,2.687
1218,DATA_20260213_120000.BIN,9.7863,20.7717,6.5028,20.7717,1.4080,1,1.576,2.826
1219,DATA_20260213_120000.BIN,6.5028,24.1358,6.2565,24.1358,1.6940,1,2.669,3.404
1220,DATA_20260213_120000.BIN,6.2565,16.6852,2.6933,16.6852,1.2100,1,2.803,3.353
1221,DATA_20260213_120000.BIN,2.6933,13.1825,4.8536,13.1825,1.1880,1,7.436,14.480
1222,DATA_20260213_120000.BIN,4.8536,22.2277,11.2605,22.2277,1.4740,1,11.303,15.813
1223,DATA_20260213_120000.BIN,11.2605,20.5539,12.5223,20.5539,1.2430,1,17.390,18.866
1224,DATA_20260213_120000.BIN,12.5223,25.4926,10.8602,25.4926,1.2320,1,15.970,17.459
1225,DATA_20260213_120000.BIN,10.8602,22.2001,12.0509,22.2001,2.9590,1,6.473,7.139
1226,DATA_20260213_120000.BIN,12.0509,26.7800,12.5577,26.7800,2.2110,1,6.633,7.643
1227,DATA_20260213_120000.BIN,12.5577,19.2824,4.4528,19.2824,3.8280,1,9.900,10.019
1228,DATA_20260213_120000.BIN,4.4528,20.7730,2.4566,20.7730,2.6290,1,6.087,8.114
1229,DATA_20260213_120000.BIN,2.4566,53.9885,20.2617,53.9885,5.2580,1,6.857,6.938
1230,DATA_20260213_120000.BIN,20.2617,53.3777,7.2121,53.3777,3.3550,1,27.041,27.365
1231,DATA_20260213_120000.BIN,7.2121,32.0334,22.4236,32.0334,6.7870,1,1.314,1.387
1232,DATA_20260213_120000.BIN,22.4236,35.9799,15.3703,35.9799,4.3780,1,20.271,21.433
1233,DATA_20260213_120000.BIN,15.3703,25.3790,12.2155,25.3790,1.4520,1,11.127,13.883
1234,DATA_20260213_120000.BIN,12.2155,35.7225,12.0076,35.7225,5.8080,1,5.833,7.279
1235,DATA_20260213_120000.BIN,12.0076,21.0526,14.3089,21.0526,2.8050,1,6.193,7.836
1236,DATA_20260213_120000.BIN,14.3089,26.7179,14.2082,26.7179,2.5740,1,5.926,9.007
1237,DATA_20260213_120000.BIN,9.3410,27.1503,12.0132,27.1503,3.8610,1,6.192,6.229
1238,DATA_20260213_120000.BIN,12.0132,28.1971,11.2972,28.1971,1.3200,1,5.492,5.497
1239,DATA_20260213_120000.BIN,11.2972,53.5533,12.3608,53.5533,4.1800,1,2.452,2.486
1240,DATA_20260213_120000.BIN,12.3608,26.4344,5.6431,26.4344,3.1570,1,10.046,10.292
1241,DATA_20260213_120000.BIN,5.6431,19.9827,3.3176,19.9827,1.9470,1,9.347,9.531
1242,DATA_20260213_120000.BIN,3.3176,25.4663,2.5655,25.4663,1.8260,1,11.978,12.704
1243,DATA_20260213_120000.BIN,2.5655,24.8319,14.3606,24.8319,1.7820,1,6.570,6.895
1244,DATA_20260213_120000.BIN,14.3606,29.3619,5.4392,29.3619,2.1010,1,8.519,8.629
1245,DATA_20260213_120000.BIN,5.4392,15.1470,5.9466,15.1470,1.6280,1,12.284,13.519
1246,DATA_20260213_120000.BIN,5.9466,19.5190,6.7901,19.5190,1.6280,1,2.151,3.271
1247,DATA_20260213_120000.BIN,6.7901,22.9159,12.2137,22.9159,1.4630,1,7.462,7.951
1248,DATA_20260213_120000.BIN,12.2137,22.1658,4.7701,22.1658,5.9620,1,7.889,9.037
1249,DATA_20260213_120000.BIN,4.7701,18.0939,5.0311,18.0939,1.6280,1,12.367,13.665
1250,DATA_20260213_120000.BIN,5.0311,16.1344,6.7707,16.1344,2.1780,1,5.293,5.873
1251,DATA_20260213_120000.BIN,6.7707,15.6681,6.0645,15.6681,1.6610,1,0.747,3.954
1252,DATA_20260213_120000.BIN,6.0645,19.4274,7.0762,19.4274,1.4520,1,2.402,2.894
1253,DATA_20260213_120000.BIN,7.0762,31.8597,13.6100,31.8597,4.9500,1,3.932,4.066
1254,DATA_20260213_120000.BIN,13.6100,46.8705,39.4015,46.8705,1.5620,1,12.999,14.570
1255,DATA_20260213_120000.BIN,39.4015,47.9489,17.0798,47.9489,6.9630,1,53.414,54.360
1256,DATA_20260213_120000.BIN,17.0798,27.0224,5.2312,27.0224,7.2490,1,18.315,19.411
1257,DATA_20260213_120000.BIN,10.8301,15.5884,2.2314,15.5884,3.5640,1,11.667,12.120
1258,DATA_20260213_120000.BIN,10.2421,15.3859,8.3767,15.3859,5.8630,1,11.470,12.053
1259,DATA_20260213_120000.BIN,8.3767,19.3747,9.2946,19.3747,8.6240,1,8.665,12.414
1260,DATA_20260213_120000.BIN,9.2946,37.9775,11.8188,37.9775,2.4530,1,5.109,6.591
1261,DATA_20260213_120000.BIN,11.8188,24.4929,10.5888,24.4929,5.8080,1,5.155,5.714
1262,DATA_20260213_120000.BIN,10.5888,39.0855,6.0095,39.0855,3.6630,1,5.689,7.030
1263,DATA_20260213_120000.BIN,6.0095,35.2825,4.6069,35.2825,1.9030,1,15.587,16.762
1264,DATA_20260213_120000.BIN,4.6069,17.6155,5.8806,17.6155,1.4410,1,4.464,4.713
1265,DATA_20260213_120000.BIN,5.8806,47.7796,14.3305,47.7796,2.9920,1,9.653,10.502
1266,DATA_20260213_120000.BIN,13.2195,20.8606,11.5211,20.8606,1.9800,1,9.073,9.104
1267,DATA_20260213_120000.BIN,11.5211,19.6341,9.6125,19.6341,5.8300,1,7.388,7.892
1268,DATA_20260213_120000.BIN,9.6125,40.1314,8.4936,40.1314,6.2260,1,3.032,3.710
1269,DATA_20260213_120000.BIN,9.2722,22.0431,4.7888,22.0431,8.3380,1,8.666,10.197
1270,DATA_20260213_120000.BIN,4.7888,40.4483,9.7543,40.4483,6.7430,1,9.530,13.200
1271,DATA_20260213_120000.BIN,6.7934,31.9651,8.2406,31.9651,2.5300,1,0.829,2.723
1272,DATA_20260213_120000.BIN,8.2406,20.0432,9.1295,20.0432,9.2400,1,2.364,3.527
1273,DATA_20260213_120000.BIN,9.1295,36.1572,5.5792,36.1572,4.8400,1,5.273,5.579
1274,DATA_20260213_120000.BIN,5.5792,10.9307,3.6814,10.9307,8.1070,1,3.953,4.175
1275,DATA_20260213_120000.BIN,3.6814,53.1757,11.3553,53.1757,4.3560,1,3.580,6.449
1276,DATA_20260213_120000.BIN,1.8162,42.6242,5.3004,42.6242,4.9940,1,5.251,8.730
1277,DATA_20260213_120000.BIN,5.3004,22.3376,4.9429,22.3376,7.3700,1,1.500,1.514
1278,DATA_20260213_120000.BIN,4.9429,20.2131,5.4046,20.2131,1.2430,1,1.154,3.362
1279,DATA_20260213_120000.BIN,5.4046,21.7351,3.3885,21.7351,3.1350,1,6.815,9.420
1280,DATA_20260213_120000.BIN,3.3885,21.9714,10.3333,21.9714,1.6830,1,3.193,3.298
1281,DATA_20260213_120000.BIN,10.3333,18.3454,8.6087,18.3454,2.5850,1,8.640,9.659
1282,DATA_20260213_120000.BIN,8.6087,22.7332,5.2260,22.7332,4.7190,1,5.280,5.403
1283,DATA_20260213_120000.BIN,5.2260,24.4216,2.0955,24.4216,7.9860,1,2.253,3.970
1284,DATA_20260213_120000.BIN,2.0955,20.1497,10.3942,20.1497,1.5730,1,4.666,6.331
1285,DATA_20260213_120000.BIN,10.3942,24.5307,4.4060,24.5307,2.1010,1,10.270,11.453
1286,DATA_20260213_120000.BIN,9.5876,21.4173,10.1126,21.4173,2.6620,1,5.521,5.552
1287,DATA_20260213_120000.BIN,10.1126,37.0941,3.2286,37.0941,2.9480,1,9.386,9.481
1288,DATA_20260213_120000.BIN,3.2286,22.6814,11.8750,22.6814,1.4520,1,3.605,5.313
1289,DATA_20260213_120000.BIN,8.2110,37.9213,5.4718,37.9213,1.9360,1,9.333,9.549
1290,DATA_20260213_130000.BIN,6.1543,15.3727,4.8376,15.3727,3.4760,1,16.558,20.551
1291,DATA_20260213_130000.BIN,4.8376,21.5898,0.7643,21.5898,3.5970,1,13.154,13.689
1292,DATA_20260213_130000.BIN,0.7643,14.8070,1.2758,14.8070,2.5740,1,6.966,7.744
1293,DATA_20260213_130000.BIN,1.2758,41.0521,3.2806,41.0521,4.4550,1,5.784,9.163
1294,DATA_20260213_130000.BIN,3.2806,22.6893,5.3501,22.6893,2.9590,1,2.633,2.660
1295,DATA_20260213_130000.BIN,5.3501,14.8091,5.6564,14.8091,1.6280,1,10.971,11.837
1296,DATA_20260213_130000.BIN,5.6564,16.5123,8.8899,16.5123,1.2430,1,8.405,11.248
1297,DATA_20260213_130000.BIN,8.8899,18.9934,0.9478,18.9934,4.8510,1,14.019,19.886
1298,DATA_20260213_130000.BIN,0.9478,24.7133,4.3346,24.7133,6.7870,1,2.701,3.493
1299,DATA_20260213_130000.BIN,4.8913,15.8015,2.1815,15.8015,1.9030,1,7.568,14.300
1300,DATA_20260213_130000.BIN,2.1815,54.5625,39.7192,54.5625,5.8520,1,1.214,1.675
1301,DATA_20260213_130000.BIN,39.7192,53.6579,34.4081,53.6579,8.3710,1,53.327,55.034
1302,DATA_20260213_130000.BIN,34.4081,53.3357,2.4359,53.3357,4.8290,1,147.638,155.659
1303,DATA_20260213_130000.BIN,2.4359,20.3165,3.9972,20.3165,3.0470,1,23.354,24.134
1304,DATA_20260213_130000.BIN,1.3635,9.9524,1.6803,9.9524,2.9260,1,20.402,24.940
1305,DATA_20260213_130000.BIN,1.6803,11.3049,1.3693,11.3049,1.7050,1,17.151,17.557
1306,DATA_20260213_130000.BIN,1.3693,14.3121,4.1713,14.3121,3.1570,1,14.200,14.210
1307,DATA_20260213_130000.BIN,4.1713,29.9248,0.8920,29.9248,5.7750,1,16.860,18.204
1308,DATA_20260213_130000.BIN,0.8920,29.2904,3.9419,29.2904,6.7100,1,10.593,12.234
1309,DATA_20260213_130000.BIN,3.9419,11.2243,2.9631,11.2243,2.4750,1,14.346,14.359
1310,DATA_20260213_130000.BIN,2.9631,11.1960,2.2045,11.1960,2.6510,1,12.345,12.718
1311,DATA_20260213_130000.BIN,2.2045,30.9009,3.7185,30.9009,3.9600,1,4.770,5.237
1312,DATA_20260213_130000.BIN,3.7185,35.0017,1.4377,35.0017,4.0700,1,3.138,3.141
1313,DATA_20260213_130000.BIN,1.4377,12.6638,5.8077,12.6638,2.4970,1,6.872,6.903
1314,DATA_20260213_130000.BIN,2.0696,22.3119,3.2797,22.3119,4.5100,1,6.596,9.706
1315,DATA_20260213_130000.BIN,3.2797,20.4347,12.3743,20.4347,4.5430,1,8.563,11.818
1316,DATA_20260213_130000.BIN,5.0248,11.5364,2.8380,11.5364,3.0910,1,9.798,11.965
1317,DATA_20260213_130000.BIN,2.8380,33.9999,2.8209,33.9999,7.0620,1,6.662,6.862
1318,DATA_20260213_130000.BIN,5.7384,12.5323,3.9216,12.5323,4.6530,1,9.980,10.629
1319,DATA_20260213_130000.BIN,5.5190,15.3872,10.4813,15.3872,3.4320,1,4.617,10.857
1320,DATA_20260213_130000.BIN,3.0757,18.3269,4.7865,18.3269,5.0820,1,3.352,3.489
1321,DATA_20260213_130000.BIN,4.7865,18.9445,7.4451,18.9445,4.5430,1,7.308,9.870
1322,DATA_20260213_130000.BIN,7.4451,19.9788,0.4508,19.9788,8.9320,1,9.688,20.110
1323,DATA_20260213_130000.BIN,6.2347,17.9818,1.8670,17.9818,6.3470,1,6.106,6.228
1324,DATA_20260213_130000.BIN,1.8670,11.3354,4.3092,11.3354,2.3650,1,2.352,3.303
1325,DATA_20260213_130000.BIN,4.3092,15.2505,5.7342,15.2505,3.3770,1,6.516,9.955
1326,DATA_20260213_130000.BIN,5.7342,22.3239,8.4230,22.3239,4.1030,1,8.235,8.957
1327,DATA_20260213_130000.BIN,8.4230,18.5781,2.0623,18.5781,3.2230,1,10.030,11.291
1328,DATA_20260213_130000.BIN,6.9203,16.6704,2.7825,16.6704,3.0910,1,8.416,13.788
1329,DATA_20260213_130000.BIN,2.7825,13.4616,1.0456,13.4616,2.9810,1,4.423,7.624
1330,DATA_20260213_130000.BIN,1.0456,16.6308,2.5494,16.6308,4.4660,1,2.019,2.479
1331,DATA_20260213_130000.BIN,2.5494,12.1814,3.4829,12.1814,3.6080,1,2.749,4.839
1332,DATA_20260213_130000.BIN,3.4829,14.3850,6.0825,14.3850,2.0020,1,3.965,4.118
1333,DATA_20260213_130000.BIN,6.0825,18.6092,4.3912,18.6092,2.5960,1,7.301,7.531
1334,DATA_20260213_130000.BIN,4.3912,10.7131,5.0900,10.7131,3.3440,1,5.627,10.681
1335,DATA_20260213_130000.BIN,2.2621,16.1556,3.1820,16.1556,4.4110,1,3.462,3.681
1336,DATA_20260213_130000.BIN,4.4630,20.6615,4.3296,20.6615,4.8510,1,4.900,8.974
1337,DATA_20260213_130000.BIN,4.3296,14.0923,3.0504,14.0923,3.7840,1,4.462,4.827
1338,DATA_20260213_130000.BIN,3.0504,12.4724,1.0848,12.4724,2.5850,1,2.197,3.357
1339,DATA_20260213_130000.BIN,0.5073,14.3571,3.2140,14.3571,2.0460,1,1.255,4.618
1340,DATA_20260213_130000.BIN,3.2140,15.5800,6.1247,15.5800,3.5750,1,4.132,4.269
1341,DATA_20260213_130000.BIN,3.9885,25.1353,0.8637,25.1353,5.3570,1,4.476,4.604
1342,DATA_20260213_130000.BIN,4.7729,35.7455,5.1438,35.7455,6.0610,1,4.594,6.544
1343,DATA_20260213_130000.BIN,5.1438,12.5624,1.6383,12.5624,2.0350,1,5.164,5.409
1344,DATA_20260213_130000.BIN,1.3796,13.0461,3.0202,13.0461,1.7050,1,0.243,2.464
1345,DATA_20260213_130000.BIN,2.1481,15.5177,0.7744,15.5177,2.5300,1,3.019,7.286
1346,DATA_20260213_130000.BIN,0.7744,15.0773,4.1916,15.0773,3.1900,1,2.391,2.605
1347,DATA_20260213_130000.BIN,4.1916,13.6725,1.7607,13.6725,2.3760,1,5.595,6.152
1348,DATA_20260213_130000.BIN,1.7607,39.5427,1.3763,39.5427,3.8940,1,3.106,5.263
1349,DATA_20260213_130000.BIN,1.4112,39.2560,4.1220,39.2560,2.1340,1,2.455,2.557
1350,DATA_20260213_130000.BIN,4.1220,16.6853,6.5580,16.6853,1.2870,1,4.514,4.524
1351,DATA_20260213_130000.BIN,6.5580,21.7623,3.5843,21.7623,6.3030,1,9.598,17.107
1352,DATA_20260213_130000.BIN,4.7347,53.6621,4.8317,53.6621,4.8070,1,6.125,8.386
1353,DATA_20260213_130000.BIN,3.8655,38.7320,20.8265,38.7320,2.4090,1,6.113,9.331
1354,DATA_20260213_130000.BIN,20.8265,47.7647,7.1177,47.7647,4.9060,1,25.583,26.617
1355,DATA_20260213_130000.BIN,5.7810,47.7425,3.6458,47.7425,4.8290,1,10.156,12.764
1356,DATA_20260213_130000.BIN,3.6458,12.2932,2.6845,12.2932,1.4410,1,4.843,5.183
1357,DATA_20260213_130000.BIN,2.6845,18.5823,3.7542,18.5823,5.6650,1,2.623,4.302
1358,DATA_20260213_130000.BIN,5.0744,12.5629,2.7249,12.5629,1.3310,1,4.799,4.880
1359,DATA_20260213_130000.BIN,7.9624,41.4361,3.1674,41.4361,2.1120,1,10.448,10.461
1360,DATA_20260213_130000.BIN,3.1674,12.2577,3.1474,12.2577,7.2050,1,3.348,3.911
1361,DATA_20260213_130000.BIN,3.1474,12.3070,0.9274,12.3070,5.1260,1,4.064,9.117
1362,DATA_20260213_130000.BIN,0.9274,14.1798,5.5388,14.1798,3.4540,1,0.918,4.770
1363,DATA_20260213_130000.BIN,1.9268,11.8392,5.5842,11.8392,5.0710,1,1.055,8.431
1364,DATA_20260213_130000.BIN,5.5842,12.9885,5.8263,12.9885,3.0580,1,6.484,8.228
1365,DATA_20260213_130000.BIN,1.3571,10.4650,1.8461,10.4650,1.4850,1,0.907,2.983
1366,DATA_20260213_130000.BIN,1.8461,27.3344,3.3194,27.3344,3.9270,1,1.915,2.935
1367,DATA_20260213_130000.BIN,3.3194,18.3405,7.0794,18.3405,2.4750,1,3.328,7.277
1368,DATA_20260213_130000.BIN,0.4219,55.5783,0.4216,55.5783,7.1280,1,1.091,1.094
1369,DATA_20260213_130000.BIN,0.8822,25.8705,4.6093,25.8705,6.4900,1,1.658,4.514
1370,DATA_20260213_130000.BIN,4.6093,21.1119,1.5558,21.1119,5.6210,1,5.732,10.564
1371,DATA_20260213_130000.BIN,1.5558,12.5164,5.1674,12.5164,4.1140,1,0.454,10.234
1372,DATA_20260213_130000.BIN,5.1674,15.7724,9.0839,15.7724,9.9440,1,6.727,7.505
1373,DATA_20260213_130000.BIN,9.0839,15.7820,2.7697,15.7820,1.3200,1,10.709,12.637
1374,DATA_20260213_130000.BIN,2.7697,32.7643,6.2091,32.7643,2.4970,1,4.033,4.152
1375,DATA_20260213_130000.BIN,6.2450,24.6381,5.4189,24.6381,2.6180,1,8.534,9.815
1376,DATA_20260213_130000.BIN,5.4189,14.3134,1.6041,14.3134,4.1030,1,6.827,6.837
1377,DATA_20260213_130000.BIN,1.6041,10.3428,2.2230,10.3428,4.1140,1,2.596,5.708
1378,DATA_20260213_130000.BIN,2.2230,11.4486,1.8908,11.4486,1.6720,1,3.697,6.790
1379,DATA_20260213_130000.BIN,1.8908,8.4663,2.1591,8.4663,1.5840,1,2.885,5.200
1380,DATA_20260213_130000.BIN,2.1591,12.3576,2.7068,12.3576,2.6510,1,2.957,4.887
1381,DATA_20260213_130000.BIN,0.4290,12.2289,2.6203,12.2289,1.5180,1,0.662,0.895
1382,DATA_20260213_130000.BIN,2.6203,40.5750,4.9370,40.5750,5.4340,1,3.308,3.425
1383,DATA_20260213_130000.BIN,4.9370,10.2515,1.9496,10.2515,1.8040,1,6.380,9.306
1384,DATA_20260213_130000.BIN,3.4864,29.5406,21.5510,29.5406,5.3350,1,4.186,5.514
1385,DATA_20260213_130000.BIN,21.5510,30.0891,11.7494,30.0891,1.9470,1,27.241,34.340
1386,DATA_20260213_130000.BIN,1.3191,12.1520,2.7088,12.1520,2.7720,1,1.872,2.646
1387,DATA_20260213_130000.BIN,2.7088,15.6268,3.8033,15.6268,1.1330,1,6.006,7.335
1388,DATA_20260213_130000.BIN,3.8033,35.4915,6.5134,35.4915,2.8270,1,7.327,8.652
1389,DATA_20260213_130000.BIN,5.3110,14.3343,2.6500,14.3343,2.4420,1,4.439,7.326
1390,DATA_20260213_130000.BIN,2.6500,11.7698,2.3707,11.7698,2.3320,1,0.975,6.142
1391,DATA_20260213_130000.BIN,1.6198,19.3047,4.1411,19.3047,4.9060,1,0.218,4.306
1392,DATA_20260213_130000.BIN,4.1411,20.5387,0.5954,20.5387,2.9260,1,6.951,7.476
1393,DATA_20260213_130000.BIN,1.3253,24.0316,5.5863,24.0316,6.6990,1,3.747,8.990
1394,DATA_20260213_130000.BIN,5.5863,54.9381,4.3693,54.9381,3.9930,1,7.950,8.962
1395,DATA_20260213_130000.BIN,4.3693,21.4217,2.6469,21.4217,2.2990,1,5.682,5.783
1396,DATA_20260213_130000.BIN,3.0219,12.4223,5.3305,12.4223,3.8940,1,4.237,10.950
1397,DATA_20260213_130000.BIN,3.6199,43.1231,4.5274,43.1231,4.9830,1,3.975,4.514
1398,DATA_20260213_130000.BIN,4.5274,39.8471,1.9280,39.8471,4.9610,1,5.518,6.071
1399,DATA_20260213_130000.BIN,1.9280,53.1958,13.9063,53.1958,9.8890,1,1.007,11.536
1400,DATA_20260213_140000.BIN,1.0376,11.2274,4.7939,11.2274,6.4680,1,128.274,131.159
1401,DATA_20260213_140000.BIN,6.6221,11.7188,2.1749,11.7188,2.9700,1,47.437,57.290
1402,DATA_20260213_150000.BIN,10.6359,20.8524,6.7565,20.8524,4.2350,1,50.922,69.658
1403,DATA_20260213_150000.BIN,7.6138,19.9837,10.7262,19.9837,4.4660,1,123.003,129.931
1404,DATA_20260213_150000.BIN,10.7262,18.7200,10.2435,18.7200,2.5850,1,31.488,39.596
1405,DATA_20260213_150000.BIN,3.2926,17.9801,5.4452,17.9801,4.4660,1,20.659,28.553
1406,DATA_20260213_150000.BIN,7.2076,17.0013,7.0271,17.0013,5.6540,1,24.349,47.686
1407,DATA_20260213_150000.BIN,7.0271,18.6738,5.0762,18.6738,4.8510,1,23.259,41.005
1408,DATA_20260213_150000.BIN,0.2474,18.2979,4.3865,18.2979,7.2820,1,12.632,23.219
1409,DATA_20260213_150000.BIN,4.3865,24.0398,8.0671,24.0398,1.6830,1,113.151,116.894
1410,DATA_20260213_150000.BIN,8.0671,18.6555,11.6170,18.6555,1.4740,1,99.466,104.201
1411,DATA_20260213_150000.BIN,9.7708,18.0054,10.8063,18.0054,5.4560,1,10.363,15.475
1412,DATA_20260213_150000.BIN,5.4217,16.3366,4.7848,16.3366,2.5960,1,7.401,17.809
1413,DATA_20260213_150000.BIN,8.1401,18.8720,9.0662,18.8720,9.2400,1,5.401,19.174
1414,DATA_20260213_150000.BIN,9.0662,16.8599,8.7361,16.8599,2.3870,1,3.997,10.094
1415,DATA_20260213_150000.BIN,8.7361,19.6945,5.8796,19.6945,7.5020,1,11.048,17.228
1416,DATA_20260213_150000.BIN,5.8796,17.2782,7.3851,17.2782,4.2570,1,9.444,11.369
1417,DATA_20260213_150000.BIN,7.3851,20.7228,5.3684,20.7228,6.4680,1,2.673,7.243
1418,DATA_20260213_150000.BIN,2.8524,11.3978,4.7157,11.3978,4.1800,1,9.443,11.614
1419,DATA_20260213_150000.BIN,1.0196,16.5795,1.2127,16.5795,6.2150,1,8.782,16.320
1420,DATA_20260213_150000.BIN,1.2127,19.7310,6.3066,19.7310,6.7430,1,7.980,17.062
1421,DATA_20260213_150000.BIN,6.3066,17.9663,4.7121,17.9663,5.1150,1,3.949,4.493
1422,DATA_20260213_150000.BIN,5.1719,14.8013,8.4954,14.8013,6.2040,1,4.266,12.489
1423,DATA_20260213_150000.BIN,8.4954,14.9756,1.7725,14.9756,4.5100,1,10.384,14.614
1424,DATA_20260213_150000.BIN,5.9738,14.6661,7.2068,14.6661,8.9320,1,12.116,16.627
1425,DATA_20260213_150000.BIN,7.2068,17.5723,4.3778,17.5723,5.1480,1,9.099,10.905
1426,DATA_20260213_150000.BIN,4.3778,13.8717,4.9073,13.8717,2.4640,1,3.129,5.200
1427,DATA_20260213_150000.BIN,6.2092,20.8007,4.7262,20.8007,7.4360,1,4.718,8.957
1428,DATA_20260213_150000.BIN,4.7262,17.2505,4.0770,17.2505,7.0510,1,10.048,14.502
1429,DATA_20260213_150000.BIN,4.0770,14.1284,7.1348,14.1284,3.5200,1,4.666,4.680
1430,DATA_20260213_150000.BIN,7.1348,15.2678,6.5254,15.2678,4.1580,1,4.434,5.349
1431,DATA_20260213_150000.BIN,6.5254,18.1108,4.0386,18.1108,1.5730,1,4.810,10.082
1432,DATA_20260213_150000.BIN,4.0386,18.1358,3.2896,18.1358,1.0780,1,91.069,91.548
1433,DATA_20260213_150000.BIN,3.2896,32.0945,2.5722,32.0945,2.1560,1,15.252,15.941
1434,DATA_20260213_150000.BIN,0.0663,10.3566,0.6289,10.3566,2.9150,1,16.426,16.448
1435,DATA_20260213_150000.BIN,0.6704,17.3431,8.8109,17.3431,3.8390,1,21.525,23.709
1436,DATA_20260213_150000.BIN,8.8109,24.2874,6.8298,24.2874,6.5340,1,15.812,18.272
1437,DATA_20260213_150000.BIN,6.8298,19.5196,3.7750,19.5196,4.9280,1,16.730,18.124
1438,DATA_20260213_150000.BIN,1.7677,18.9244,3.5546,18.9244,2.9040,1,13.671,14.535
1439,DATA_20260213_150000.BIN,3.5546,17.9774,4.0987,17.9774,1.5510,1,5.939,6.240
1440,DATA_20260213_150000.BIN,4.0987,25.1640,12.4089,25.1640,3.6300,1,89.671,90.263
1441,DATA_20260213_150000.BIN,4.0667,17.9446,3.7098,17.9446,1.9360,1,13.386,14.003
1442,DATA_20260213_150000.BIN,3.5644,21.1995,5.1817,21.1995,4.2790,1,18.104,18.123
1443,DATA_20260213_150000.BIN,1.1950,22.2314,3.8903,22.2314,6.1490,1,19.967,21.055
1444,DATA_20260213_150000.BIN,3.8903,15.6504,0.5050,15.6504,5.4120,1,23.326,27.721
1445,DATA_20260213_150000.BIN,0.5050,16.8711,4.2777,16.8711,6.3580,1,20.943,24.464
1446,DATA_20260213_150000.BIN,4.2777,20.2421,8.3150,20.2421,2.6840,1,15.673,17.883
1447,DATA_20260213_150000.BIN,8.3150,19.0288,3.5478,19.0288,3.9270,1,12.405,12.410
1448,DATA_20260213_150000.BIN,3.5478,18.3398,4.4465,18.3398,2.6950,1,8.446,10.817
1449,DATA_20260213_150000.BIN,4.4465,19.7104,1.6847,19.7104,2.2770,1,14.259,14.309
1450,DATA_20260213_150000.BIN,1.6847,22.6297,9.0457,22.6297,2.9260,1,5.088,5.586
1451,DATA_20260213_150000.BIN,9.0457,25.8283,15.1151,25.8283,9.5150,1,18.547,20.009
1452,DATA_20260213_150000.BIN,15.1151,30.6175,14.1910,30.6175,8.6460,1,26.887,29.670
1453,DATA_20260213_150000.BIN,14.1910,26.4289,2.4819,26.4289,5.4670,1,19.028,19.574
1454,DATA_20260213_150000.BIN,0.6107,34.2170,1.2088,34.2170,4.7080,1,1.443,5.858
1455,DATA_20260213_150000.BIN,0.9000,10.6351,1.3844,10.6351,5.5220,1,2.366,6.331
1456,DATA_20260213_150000.BIN,0.4273,9.6826,3.1690,9.6826,9.0090,1,5.210,11.183
1457,DATA_20260213_150000.BIN,3.1690,11.5875,3.5207,11.5875,2.8930,1,8.567,12.007
1458,DATA_20260213_150000.BIN,2.7521,28.9235,0.1840,28.9235,8.1510,1,6.612,9.719
1459,DATA_20260213_150000.BIN,4.3599,28.6688,2.8553,28.6688,9.3720,1,5.844,6.328
1460,DATA_20260213_150000.BIN,2.8553,22.6653,2.8440,22.6653,4.4330,1,4.828,7.355
1461,DATA_20260213_150000.BIN,2.5345,12.2600,1.4848,12.2600,2.4090,1,3.342,4.674
1462,DATA_20260213_150000.BIN,1.4848,11.9513,2.1438,11.9513,9.0200,1,2.853,6.770
1463,DATA_20260213_150000.BIN,2.1438,24.2757,4.9223,24.2757,7.1720,1,3.917,4.420
1464,DATA_20260213_150000.BIN,0.6747,14.3310,6.0005,14.3310,9.4710,1,1.423,2.802
1465,DATA_20260213_150000.BIN,1.3045,6.8250,0.6144,6.8250,9.8340,1,6.188,11.430
1466,DATA_20260213_150000.BIN,4.3208,22.0270,2.0536,22.0270,8.9870,1,8.800,10.483
1467,DATA_20260213_150000.BIN,5.6501,21.9504,1.9051,21.9504,9.5920,1,8.122,8.675
1468,DATA_20260213_150000.BIN,0.0549,13.5344,0.8142,13.5344,8.0850,1,2.013,2.181
1469,DATA_20260213_150000.BIN,0.7157,13.7579,0.7793,13.7579,9.6360,1,0.830,3.733
1470,DATA_20260213_150000.BIN,4.1833,10.5327,1.2090,10.5327,6.2810,1,5.928,6.744
1471,DATA_20260213_150000.BIN,1.4976,8.0365,0.7127,8.0365,7.1610,1,4.042,7.264
1472,DATA_20260213_150000.BIN,0.7127,12.0188,5.2799,12.0188,5.2580,1,6.872,11.862
1473,DATA_20260213_150000.BIN,5.2799,15.6441,5.0315,15.6441,8.9540,1,6.877,7.193
1474,DATA_20260213_150000.BIN,11.9170,37.9560,14.3204,37.9560,7.4910,1,15.407,15.937
1475,DATA_20260213_150000.BIN,14.3204,21.0131,0.6384,21.0131,4.2350,1,15.966,16.308
1476,DATA_20260213_150000.BIN,0.6384,10.9310,2.9807,10.9310,2.4420,1,4.596,4.715
1477,DATA_20260213_150000.BIN,2.9807,10.0491,0.6770,10.0491,1.8370,1,10.103,11.610
1478,DATA_20260213_150000.BIN,0.6770,12.5504,4.7297,12.5504,2.6620,1,7.143,8.889
1479,DATA_20260213_150000.BIN,2.0086,10.8943,2.9784,10.8943,5.0050,1,4.941,4.943
1480,DATA_20260213_150000.BIN,2.9784,12.5066,0.8208,12.5066,4.1910,1,6.241,7.474
1481,DATA_20260213_150000.BIN,0.8208,16.4720,9.4642,16.4720,4.7960,1,3.932,4.535
1482,DATA_20260213_150000.BIN,3.5119,24.7186,6.2205,24.7186,4.9940,1,3.112,5.876
1483,DATA_20260213_150000.BIN,6.2205,18.7158,6.1918,18.7158,1.4410,1,112.170,112.172
1484,DATA_20260213_150000.BIN,6.1918,26.9836,5.5142,26.9836,6.7870,1,16.932,16.932
1485,DATA_20260213_150000.BIN,5.5142,23.0838,11.0750,23.0838,5.5440,1,16.498,17.029
1486,DATA_20260213_150000.BIN,11.0750,29.5033,16.1474,29.5033,6.1600,1,20.567,20.578
1487,DATA_20260213_150000.BIN,16.1474,27.6342,11.6806,27.6342,2.9590,1,25.461,25.632
1488,DATA_20260213_150000.BIN,11.6806,25.1036,9.2924,25.1036,1.9360,1,19.914,22.476
1489,DATA_20260213_150000.BIN,9.2924,23.6639,14.5711,23.6639,2.1670,1,12.446,12.553
1490,DATA_20260213_150000.BIN,14.5711,23.6081,1.0568,23.6081,3.7510,1,17.338,17.633
1491,DATA_20260213_150000.BIN,1.0568,18.2180,8.3024,18.2180,2.3430,1,7.950,11.040
1492,DATA_20260213_150000.BIN,8.3024,18.2434,2.8330,18.2434,1.9800,1,90.647,90.701
1493,DATA_20260213_150000.BIN,2.8330,18.8152,4.4383,18.8152,3.7950,1,9.453,9.521
1494,DATA_20260213_150000.BIN,4.4383,17.7168,2.9007,17.7168,2.2440,1,8.620,8.647
1495,DATA_20260213_150000.BIN,2.9007,30.9624,19.5568,30.9624,9.1080,1,4.290,6.311
1496,DATA_20260213_150000.BIN,0.8308,29.2590,14.4631,29.2590,3.0030,1,5.947,5.950
1497,DATA_20260213_150000.BIN,14.4631,47.2294,15.5245,47.2294,3.4430,1,24.929,25.352
1498,DATA_20260213_150000.BIN,15.5245,27.6037,3.0439,27.6037,3.2010,1,25.200,25.291
1499,DATA_20260213_150000.BIN,3.0439,21.2033,6.4842,21.2033,4.5760,1,11.522,11.819
1500,DATA_20260213_150000.BIN,3.1055,14.8995,2.9390,14.8995,4.5540,1,8.630,9.859
1501,DATA_20260213_150000.BIN,2.9390,21.7750,3.6430,21.7750,3.7510,1,10.826,10.936
1502,DATA_20260213_150000.BIN,3.6430,30.0261,11.3154,30.0261,2.2880,1,14.320,15.809
1503,DATA_20260213_150000.BIN,11.3154,35.5690,6.8349,35.5690,3.9160,1,22.647,23.930
1504,DATA_20260213_150000.BIN,6.8349,13.7142,0.9088,13.7142,3.7620,1,15.134,16.185
1505,DATA_20260213_150000.BIN,13.8850,35.9273,2.1144,35.9273,9.7460,1,20.640,21.563
1506,DATA_20260213_150000.BIN,2.1144,18.5256,4.4023,18.5256,3.6740,1,4.388,4.815
1507,DATA_20260213_150000.BIN,5.9463,18.6587,7.2044,18.6587,2.2990,1,9.726,9.894
1508,DATA_20260213_150000.BIN,7.2044,27.6677,7.6089,27.6677,3.1240,1,10.642,11.714
1509,DATA_20260213_150000.BIN,7.6089,23.2618,17.0431,23.2618,3.7840,1,9.844,10.343
1510,DATA_20260213_150000.BIN,9.3908,36.6548,11.7463,36.6548,8.3710,1,7.846,9.721
1511,DATA_20260213_150000.BIN,11.7463,31.1559,13.1152,31.1559,2.5080,1,13.548,13.866
1512,DATA_20260213_150000.BIN,13.1152,24.5717,12.0078,24.5717,3.7400,1,11.224,12.909
1513,DATA_20260213_150000.BIN,12.0078,29.7670,0.2057,29.7670,4.5650,1,10.443,10.465
1514,DATA_20260213_150000.BIN,4.5914,19.7156,3.1497,19.7156,4.2790,1,23.298,28.698
1515,DATA_20260213_150000.BIN,3.1497,30.4834,21.5063,30.4834,1.7600,1,11.004,14.378
1516,DATA_20260213_150000.BIN,21.5063,34.0557,8.8006,34.0557,7.6340,1,23.174,23.407
1517,DATA_20260213_150000.BIN,8.8006,40.0400,17.8141,40.0400,4.4660,1,10.276,11.668
1518,DATA_20260213_150000.BIN,17.8141,29.0505,16.8656,29.0505,3.1130,1,13.677,14.843
1519,DATA_20260213_150000.BIN,16.8656,32.7089,24.2187,32.7089,3.3110,1,14.088,16.448
1520,DATA_20260213_150000.BIN,24.2187,36.7226,10.6082,36.7226,5.6540,1,20.902,21.609
1521,DATA_20260213_150000.BIN,10.6082,32.9124,17.0772,32.9124,3.8610,1,2.161,5.621
1522,DATA_20260213_150000.BIN,17.0772,27.4031,12.5579,27.4031,5.2030,1,12.838,14.035
1523,DATA_20260213_150000.BIN,15.5303,31.2619,11.2279,31.2619,2.3210,1,14.426,16.041
1524,DATA_20260213_150000.BIN,6.9394,22.4414,5.6022,22.4414,6.6990,1,8.052,8.313
1525,DATA_20260213_150000.BIN,5.6022,26.3769,11.5711,26.3769,4.1360,1,8.203,11.019
1526,DATA_20260213_150000.BIN,11.5711,41.4990,32.2552,41.4990,2.9590,1,10.141,10.271
1527,DATA_20260213_150000.BIN,41.3086,58.8098,9.5003,58.8098,3.6960,1,37.016,37.348
1528,DATA_20260213_150000.BIN,9.5003,39.0005,25.1871,39.0005,2.9590,1,10.307,12.603
1529,DATA_20260213_150000.BIN,25.1871,35.7200,1.0887,35.7200,5.4560,1,17.190,17.829
1530,DATA_20260213_150000.BIN,1.0887,9.7364,1.5088,9.7364,7.7000,1,19.048,19.053
1531,DATA_20260213_150000.BIN,1.5088,14.6577,2.0938,14.6577,3.3550,1,13.070,14.165
1532,DATA_20260213_150000.BIN,2.0938,9.5060,1.2806,9.5060,3.7950,1,20.236,26.334
1533,DATA_20260213_150000.BIN,6.5644,20.1664,7.8014,20.1664,7.2820,1,17.961,32.710
1534,DATA_20260213_150000.BIN,7.8014,19.6162,6.3381,19.6162,4.4990,1,7.291,13.742
1535,DATA_20260213_150000.BIN,6.3381,13.5108,4.4861,13.5108,3.3110,1,7.413,7.717
1536,DATA_20260213_150000.BIN,4.4861,16.1878,10.1782,16.1878,4.6200,1,14.270,19.146
1537,DATA_20260213_150000.BIN,10.1782,16.9096,5.7569,16.9096,2.2330,1,8.199,12.840
1538,DATA_20260213_150000.BIN,5.7569,22.1871,4.9424,22.1871,3.3440,1,8.158,8.239
1539,DATA_20260213_150000.BIN,4.9424,15.2261,6.5102,15.2261,5.8300,1,13.843,20.905
1540,DATA_20260213_150000.BIN,6.6733,18.5467,7.0537,18.5467,3.2450,1,19.048,23.214
1541,DATA_20260213_150000.BIN,2.6472,23.7250,7.2449,23.7250,4.7080,1,17.778,24.212
1542,DATA_20260213_150000.BIN,7.2449,26.3756,6.2311,26.3756,3.5860,1,15.514,16.413
1543,DATA_20260213_150000.BIN,2.3335,14.6542,3.7611,14.6542,5.9620,1,5.685,5.702
1544,DATA_20260213_150000.BIN,3.7611,19.7475,6.3127,19.7475,4.1580,1,8.417,11.370
1545,DATA_20260213_150000.BIN,6.4428,17.5670,5.9096,17.5670,2.9480,1,5.815,9.676
1546,DATA_20260213_150000.BIN,3.9960,18.8245,6.9789,18.8245,5.1040,1,5.228,9.105
1547,DATA_20260213_150000.BIN,6.9789,14.5208,2.9105,14.5208,9.0640,1,7.148,9.125
1548,DATA_20260213_150000.BIN,2.9105,14.3774,6.7590,14.3774,5.6870,1,5.875,6.597
1549,DATA_20260213_150000.BIN,2.2769,57.5416,17.0115,57.5416,8.1950,1,15.471,22.464
1550,DATA_20260213_150000.BIN,17.0115,35.7338,17.8761,35.7338,3.8610,1,65.637,66.296
1551,DATA_20260213_150000.BIN,12.8569,33.7901,3.3809,33.7901,5.5550,1,74.370,74.370
1552,DATA_20260213_150000.BIN,5.4698,13.6501,5.6158,13.6501,5.5660,1,14.930,20.145
1553,DATA_20260213_150000.BIN,5.6158,15.7916,2.8573,15.7916,8.7780,1,11.962,15.853
1554,DATA_20260213_150000.BIN,3.2525,21.0669,11.2195,21.0669,8.2720,1,11.362,13.442
1555,DATA_20260213_150000.BIN,7.8344,13.8792,5.8363,13.8792,7.8870,1,7.287,11.357
1556,DATA_20260213_150000.BIN,5.8363,14.8158,8.2991,14.8158,3.5420,1,5.571,5.613
1557,DATA_20260213_150000.BIN,3.4497,12.4408,1.8390,12.4408,8.1070,1,11.416,11.603
1558,DATA_20260213_150000.BIN,1.8390,13.0419,4.4147,13.0419,4.4990,1,14.866,26.104
1559,DATA_20260213_150000.BIN,3.0295,10.4463,2.4001,10.4463,3.3550,1,8.565,9.464
1560,DATA_20260213_150000.BIN,2.4001,15.5640,5.2055,15.5640,8.8990,1,5.461,7.378
1561,DATA_20260213_150000.BIN,7.7482,15.7111,9.5933,15.7111,6.0940,1,7.243,7.289
1562,DATA_20260213_150000.BIN,9.5933,16.7097,9.8364,16.7097,7.5460,1,11.852,13.013
1563,DATA_20260213_150000.BIN,9.6726,19.6053,5.6059,19.6053,6.6880,1,10.351,11.246
1564,DATA_20260213_150000.BIN,5.6059,18.4704,5.1999,18.4704,8.0520,1,13.175,19.416
1565,DATA_20260213_150000.BIN,5.1999,16.2196,5.1886,16.2196,7.9530,1,8.027,11.490
1566,DATA_20260213_150000.BIN,5.1886,20.3231,6.6473,20.3231,2.7390,1,3.779,4.254
1567,DATA_20260213_150000.BIN,8.5576,17.5513,4.2848,17.5513,5.2250,1,18.966,26.880
1568,DATA_20260213_150000.BIN,4.2848,19.4410,3.3861,19.4410,2.6070,1,1.880,2.872
1569,DATA_20260213_150000.BIN,3.7125,18.8432,8.6527,18.8432,2.0900,1,93.645,93.848
1570,DATA_20260213_150000.BIN,6.5202,13.3879,7.8601,13.3879,4.5980,1,9.257,11.964
1571,DATA_20260213_150000.BIN,8.5521,24.1488,6.3793,24.1488,6.4240,1,9.550,9.841
1572,DATA_20260213_150000.BIN,6.3793,13.4245,6.9312,13.4245,7.9420,1,7.867,10.453
1573,DATA_20260213_150000.BIN,6.9312,21.0012,12.7368,21.0012,5.2800,1,8.800,9.189
1574,DATA_20260213_150000.BIN,3.6778,13.2480,5.0656,13.2480,4.6970,1,11.395,15.453
1575,DATA_20260213_150000.BIN,5.0656,13.1633,6.2774,13.1633,8.4810,1,12.280,16.550
1576,DATA_20260213_160000.BIN,5.3289,12.6837,5.4578,12.6837,2.2550,1,17.990,18.704
1577,DATA_20260213_160000.BIN,4.6502,16.3246,3.6061,16.3246,2.6730,1,15.063,15.208
1578,DATA_20260213_160000.BIN,3.6061,11.3676,1.9547,11.3676,4.6640,1,15.329,15.374
1579,DATA_20260213_160000.BIN,2.6632,18.6811,1.8596,18.6811,8.0630,1,8.934,9.246
1580,DATA_20260213_160000.BIN,0.8812,14.0834,2.3131,14.0834,4.8290,1,10.420,10.509
1581,DATA_20260213_160000.BIN,2.3131,17.7289,1.4293,17.7289,3.3990,1,7.776,7.883
1582,DATA_20260213_160000.BIN,1.8702,8.6741,0.7991,8.6741,4.0700,1,7.297,7.487
1583,DATA_20260213_160000.BIN,0.9138,20.2286,2.1968,20.2286,6.3250,1,7.502,7.598
1584,DATA_20260213_160000.BIN,2.3187,15.0270,5.6916,15.0270,7.0180,1,5.064,6.593
1585,DATA_20260213_160000.BIN,5.6916,14.5701,5.1702,14.5701,3.8170,1,4.410,5.887
1586,DATA_20260213_160000.BIN,5.1702,25.0211,1.5833,25.0211,5.3570,1,2.772,2.936
1587,DATA_20260213_160000.BIN,3.2840,10.6676,2.0948,10.6676,3.3880,1,4.553,5.324
1588,DATA_20260213_160000.BIN,2.0948,13.1859,3.2661,13.1859,8.0850,1,6.250,6.500
1589,DATA_20260213_160000.BIN,7.4202,14.9582,1.0198,14.9582,3.2450,1,12.380,14.186
1590,DATA_20260213_160000.BIN,3.9580,17.3352,1.2442,17.3352,5.7640,1,9.292,9.322
1591,DATA_20260213_160000.BIN,2.9539,16.8233,1.1268,16.8233,3.8940,1,0.680,1.171
1592,DATA_20260213_160000.BIN,0.5416,17.2176,3.2265,17.2176,7.0070,1,3.503,3.616
1593,DATA_20260213_160000.BIN,3.8527,13.7239,0.4673,13.7239,5.2360,1,6.708,6.720
1594,DATA_20260213_160000.BIN,3.8449,14.5347,5.2599,14.5347,1.8040,1,1.858,2.157
1595,DATA_20260213_160000.BIN,5.2599,14.5138,0.7208,14.5138,2.8490,1,9.267,9.766
1596,DATA_20260213_160000.BIN,3.8296,14.4250,1.0080,14.4250,3.4100,1,6.045,6.630
1597,DATA_20260213_160000.BIN,3.4568,21.9364,1.0803,21.9364,2.6620,1,3.830,4.006
1598,DATA_20260213_160000.BIN,1.0803,14.0706,1.2888,14.0706,9.7790,1,1.717,2.124
1599,DATA_20260213_160000.BIN,1.6851,15.5936,4.4583,15.5936,3.5090,1,0.311,0.865
1600,DATA_20260213_160000.BIN,4.4583,15.3263,0.7808,15.3263,4.0810,1,2.574,8.580
1601,DATA_20260213_160000.BIN,0.7808,12.9185,2.4657,12.9185,3.7180,1,1.897,4.496
1602,DATA_20260213_160000.BIN,2.4657,11.7743,4.6388,11.7743,4.9720,1,1.881,1.972
1603,DATA_20260213_160000.BIN,4.6388,28.3639,10.6235,28.3639,5.1920,1,3.241,3.954
1604,DATA_20260213_160000.BIN,10.6235,22.8064,8.4142,22.8064,3.4980,1,10.628,10.633
1605,DATA_20260213_160000.BIN,8.4142,15.1099,7.9054,15.1099,5.0160,1,6.828,6.897
1606,DATA_20260213_160000.BIN,10.1879,27.3098,4.3322,27.3098,9.6800,1,15.737,15.992
1607,DATA_20260213_160000.BIN,4.3322,19.2486,5.8200,19.2486,3.9270,1,3.322,5.599
1608,DATA_20260213_160000.BIN,5.8200,20.9308,12.4096,20.9308,3.4980,1,8.612,9.287
1609,DATA_20260213_160000.BIN,13.0208,24.5654,4.1262,24.5654,2.8710,1,17.102,17.267
1610,DATA_20260213_160000.BIN,4.1262,59.6806,8.7428,59.6806,3.0470,1,3.196,6.454
1611,DATA_20260213_160000.BIN,8.7428,22.2449,11.3571,22.2449,2.5190,1,8.988,10.933
1612,DATA_20260213_160000.BIN,11.3571,24.0367,5.1868,24.0367,7.2160,1,13.235,13.302
1613,DATA_20260213_160000.BIN,5.1868,35.3179,5.5789,35.3179,3.1790,1,6.278,7.747
1614,DATA_20260213_160000.BIN,5.5789,21.9664,12.9748,21.9664,1.7820,1,4.141,5.766
1615,DATA_20260213_160000.BIN,3.2793,21.5159,8.0527,21.5159,4.6200,1,5.147,9.593
1616,DATA_20260213_160000.BIN,8.0527,20.2153,7.5472,20.2153,2.6950,1,7.784,7.928
1617,DATA_20260213_160000.BIN,7.5472,50.5763,3.2803,50.5763,6.3690,1,6.904,6.922
1618,DATA_20260213_160000.BIN,2.0872,47.9682,6.6018,47.9682,5.1370,1,5.625,6.942
1619,DATA_20260213_160000.BIN,6.6018,22.8586,2.8395,22.8586,3.1350,1,10.343,10.358
1620,DATA_20260213_160000.BIN,2.8395,19.2011,1.7062,19.2011,4.7190,1,4.581,5.046
1621,DATA_20260213_160000.BIN,1.7062,27.2568,15.4080,27.2568,2.9810,1,2.287,2.297
1622,DATA_20260213_160000.BIN,15.4080,25.0570,11.2488,25.0570,3.0360,1,18.643,18.839
1623,DATA_20260213_160000.BIN,11.2488,21.1974,9.1214,21.1974,1.0890,1,9.834,14.042
1624,DATA_20260213_160000.BIN,9.1214,21.0838,10.4469,21.0838,1.3090,1,7.166,9.544
1625,DATA_20260213_160000.BIN,10.4469,24.1818,11.2904,24.1818,1.4740,1,8.655,8.734
1626,DATA_20260213_160000.BIN,5.1108,24.5916,7.9791,24.5916,3.4650,1,0.784,1.673
1627,DATA_20260213_160000.BIN,7.9791,62.9721,3.4566,62.9721,3.6740,1,5.318,6.713
1628,DATA_20260213_160000.BIN,3.4566,19.4590,2.9120,19.4590,1.5840,1,2.521,8.339
1629,DATA_20260213_160000.BIN,2.9120,22.4342,11.4782,22.4342,2.6070,1,2.083,2.389
1630,DATA_20260213_160000.BIN,4.3255,16.1022,3.6899,16.1022,1.8920,1,5.576,12.313
1631,DATA_20260213_160000.BIN,3.6899,21.0327,9.1594,21.0327,1.2210,1,3.576,8.521
1632,DATA_20260213_160000.BIN,9.1594,23.7574,6.9771,23.7574,1.7600,1,7.206,7.250
1633,DATA_20260213_160000.BIN,6.9771,22.0381,2.6074,22.0381,1.5950,1,3.447,6.561
1634,DATA_20260213_160000.BIN,2.6074,15.5297,4.8832,15.5297,2.2000,1,2.256,2.471
1635,DATA_20260213_160000.BIN,8.9202,64.2253,6.7482,64.2253,2.8270,1,10.070,11.180
1636,DATA_20260213_160000.BIN,6.7482,29.5321,5.1870,29.5321,3.7180,1,2.437,6.920
1637,DATA_20260213_160000.BIN,5.1870,21.4699,9.1710,21.4699,4.0150,1,1.858,4.487
1638,DATA_20260213_160000.BIN,9.1710,24.7508,11.4672,24.7508,1.3310,1,6.445,7.239
1639,DATA_20260213_160000.BIN,11.4672,21.1058,1.5625,21.1058,2.9150,1,8.791,8.855
1640,DATA_20260213_160000.BIN,8.0389,17.5133,2.0149,17.5133,5.2030,1,15.822,15.846
1641,DATA_20260213_160000.BIN,2.0149,12.1368,5.8151,12.1368,4.2570,1,5.038,5.890
1642,DATA_20260213_160000.BIN,3.5506,22.7743,8.4596,22.7743,6.4570,1,3.782,6.374
1643,DATA_20260213_160000.BIN,8.4596,19.8887,0.8175,19.8887,7.2270,1,6.288,6.467
1644,DATA_20260213_160000.BIN,0.8175,16.5879,0.2168,16.5879,1.3750,1,5.818,6.477
1645,DATA_20260213_160000.BIN,0.2168,15.7361,1.4145,15.7361,2.2880,1,4.478,4.766
1646,DATA_20260213_160000.BIN,1.4145,24.7666,10.8709,24.7666,4.7630,1,2.706,3.497
1647,DATA_20260213_160000.BIN,10.8709,18.7262,6.1695,18.7262,4.4110,1,12.611,14.659
1648,DATA_20260213_160000.BIN,6.1695,16.7701,1.9754,16.7701,2.5740,1,8.481,10.607
1649,DATA_20260213_160000.BIN,1.9754,14.9668,2.3654,14.9668,1.7270,1,5.252,6.151
1650,DATA_20260213_160000.BIN,2.3654,11.9365,1.7081,11.9365,4.8070,1,2.880,3.407
1651,DATA_20260213_160000.BIN,1.7081,23.8194,5.1485,23.8194,3.1570,1,4.410,6.987
1652,DATA_20260213_160000.BIN,5.1485,26.6068,5.7784,26.6068,1.4520,1,5.990,6.359
1653,DATA_20260213_160000.BIN,5.7784,25.4163,10.6195,25.4163,4.4220,1,6.477,6.513
1654,DATA_20260213_160000.BIN,10.6195,21.9716,5.0532,21.9716,3.8390,1,11.181,11.193
1655,DATA_20260213_160000.BIN,5.0532,17.3171,4.8716,17.3171,1.2430,1,3.411,6.255
1656,DATA_20260213_160000.BIN,4.8716,24.5869,11.9599,24.5869,3.6410,1,2.780,4.170
1657,DATA_20260213_160000.BIN,8.9484,24.5171,8.1312,24.5171,4.3780,1,6.178,11.918
1658,DATA_20260213_160000.BIN,8.1312,31.5004,6.3148,31.5004,5.4120,1,6.524,6.525
1659,DATA_20260213_160000.BIN,6.3148,26.3206,10.9431,26.3206,4.6310,1,4.808,7.034
1660,DATA_20260213_160000.BIN,10.9431,22.6869,12.2982,22.6869,1.8810,1,9.344,10.440
1661,DATA_20260213_160000.BIN,10.8215,62.8797,4.0483,62.8797,5.8630,1,8.215,8.943
1662,DATA_20260213_160000.BIN,5.9396,19.0147,4.8011,19.0147,1.6280,1,10.455,10.460
1663,DATA_20260213_160000.BIN,4.8011,14.0893,7.3661,14.0893,1.6720,1,2.827,5.315
1664,DATA_20260213_160000.BIN,7.3661,21.6026,11.2739,21.6026,2.9150,1,3.904,4.494
1665,DATA_20260213_160000.BIN,11.2739,24.4741,4.0639,24.4741,2.7830,1,9.201,9.504
1666,DATA_20260213_160000.BIN,4.0639,25.3301,17.1256,25.3301,6.8090,1,5.227,7.932
1667,DATA_20260213_160000.BIN,6.3887,25.4716,5.0487,25.4716,6.8200,1,3.123,4.025
1668,DATA_20260213_160000.BIN,16.1030,24.0701,5.3577,24.0701,4.9720,1,14.528,14.544
1669,DATA_20260213_160000.BIN,5.3577,23.4030,7.3622,23.4030,2.3100,1,1.724,3.488
1670,DATA_20260213_160000.BIN,7.3622,25.5526,3.0756,25.5526,1.2540,1,12.085,16.122
1671,DATA_20260213_160000.BIN,8.5863,24.4285,9.3891,24.4285,1.3420,1,3.515,4.947
1672,DATA_20260213_160000.BIN,11.4935,25.0124,12.5078,25.0124,1.5730,1,8.277,9.240
1673,DATA_20260213_160000.BIN,12.5078,22.7513,13.7538,22.7513,1.3750,1,8.425,8.587
1674,DATA_20260213_160000.BIN,13.7538,21.9393,8.3686,21.9393,2.6400,1,9.108,9.108
1675,DATA_20260213_160000.BIN,8.3686,22.7983,9.9713,22.7983,1.7490,1,3.374,7.693
1676,DATA_20260213_160000.BIN,9.9713,28.0497,6.3468,28.0497,1.9580,1,5.541,6.491
1677,DATA_20260213_160000.BIN,6.3468,19.8086,10.9240,19.8086,2.8380,1,2.829,3.341
1678,DATA_20260213_160000.BIN,10.9240,21.9784,5.0184,21.9784,1.0230,1,4.781,5.402
1679,DATA_20260213_160000.BIN,5.0184,37.8471,5.8962,37.8471,1.8590,1,5.539,6.937
1680,DATA_20260213_160000.BIN,5.8962,62.7330,8.1425,62.7330,4.7190,1,8.697,12.546
1681,DATA_20260213_160000.BIN,8.1425,22.2978,13.2399,22.2978,1.8260,1,3.612,7.823
1682,DATA_20260213_160000.BIN,13.2399,24.3723,2.0189,24.3723,1.4960,1,20.248,22.421
1683,DATA_20260213_160000.BIN,2.0189,57.5142,2.5014,57.5142,2.0020,1,4.611,4.709
1684,DATA_20260213_160000.BIN,12.0732,21.9541,1.3871,21.9541,2.5080,1,9.805,15.772
1685,DATA_20260213_160000.BIN,1.3871,14.4088,3.0987,14.4088,3.5860,1,7.808,7.962
1686,DATA_20260213_160000.BIN,22.5240,34.1217,14.4741,34.1217,2.0240,1,31.611,31.709
1687,DATA_20260213_160000.BIN,14.4741,29.4980,5.9083,29.4980,1.1990,1,19.374,19.585
1688,DATA_20260213_160000.BIN,5.9083,29.7350,12.5434,29.7350,2.7610,1,6.810,6.908
1689,DATA_20260213_160000.BIN,12.5434,23.7945,7.5866,23.7945,1.3970,1,14.558,14.568
1690,DATA_20260213_160000.BIN,13.3289,22.9479,8.1495,22.9479,1.9250,1,13.823,16.278
1691,DATA_20260213_160000.BIN,8.1495,39.6318,1.6729,39.6318,3.1350,1,6.283,6.313
1692,DATA_20260213_160000.BIN,1.6729,18.9618,2.7678,18.9618,4.6860,1,6.293,6.551
1693,DATA_20260213_160000.BIN,2.7678,26.2912,2.0346,26.2912,2.8710,1,3.784,10.271
1694,DATA_20260213_160000.BIN,3.1324,40.2356,1.6469,40.2356,5.2360,1,1.486,4.234
1695,DATA_20260213_160000.BIN,1.6469,47.9716,2.7676,47.9716,3.9160,1,2.873,2.947
1696,DATA_20260213_160000.BIN,14.7043,25.9814,13.4833,25.9814,3.2560,1,15.163,15.586
1697,DATA_20260213_160000.BIN,13.4833,24.1463,9.8732,24.1463,3.0250,1,12.498,12.602
1698,DATA_20260213_160000.BIN,4.7833,21.3949,10.3686,21.3949,3.3660,1,6.672,8.867
1699,DATA_20260213_160000.BIN,2.1502,25.1569,16.0003,25.1569,5.9510,1,8.157,8.189
1700,DATA_20260213_160000.BIN,4.2354,30.1947,1.5410,30.1947,2.0020,1,5.747,6.162
1701,DATA_20260213_160000.BIN,1.5410,62.1840,6.1765,62.1840,2.0680,1,3.152,4.646
1702,DATA_20260213_160000.BIN,28.7853,41.5676,33.7449,41.5676,7.8100,1,107.688,112.514
1703,DATA_20260213_170000.BIN,8.5747,59.0445,52.6500,59.0445,5.5550,1,52.822,82.306
1704,DATA_20260213_170000.BIN,3.8829,36.6090,9.0108,36.6090,2.2220,1,81.946,90.734
1705,DATA_20260213_170000.BIN,9.0108,27.9233,14.4940,27.9233,1.7490,1,111.859,118.691
1706,DATA_20260213_170000.BIN,14.4940,24.4230,2.8344,24.4230,1.8370,1,105.754,113.645
1707,DATA_20260213_170000.BIN,2.8344,9.8919,2.7067,9.8919,1.4520,1,58.220,64.638
1708,DATA_20260213_170000.BIN,2.7067,5.9877,2.2428,5.9877,2.0350,1,48.662,52.727
1709,DATA_20260213_170000.BIN,2.2428,6.2526,1.1882,6.2526,1.4960,1,36.145,47.131
1710,DATA_20260213_170000.BIN,1.1882,9.3784,2.2292,9.3784,2.2660,1,28.197,34.077
1711,DATA_20260213_170000.BIN,2.6329,9.7520,1.4965,9.7520,3.1790,1,17.864,24.163
1712,DATA_20260213_170000.BIN,1.4965,8.9275,0.7519,8.9275,7.0840,1,16.374,23.672
1713,DATA_20260213_170000.BIN,0.7519,9.8075,1.9065,9.8075,4.0700,1,21.664,26.569
1714,DATA_20260213_170000.BIN,1.9065,6.6877,1.7582,6.6877,4.4330,1,24.669,30.465
1715,DATA_20260213_170000.BIN,1.7582,7.4315,0.4441,7.4315,2.3430,1,17.678,23.824
1716,DATA_20260213_170000.BIN,2.4991,6.6071,0.7829,6.6071,1.3970,1,23.067,27.568
1717,DATA_20260213_170000.BIN,0.7829,6.5436,1.1756,6.5436,1.6390,1,19.830,23.753
1718,DATA_20260213_170000.BIN,1.1756,5.9068,1.5002,5.9068,4.7850,1,15.814,18.567
1719,DATA_20260213_170000.BIN,1.7099,5.4792,1.0720,5.4792,1.4850,1,21.277,24.073
1720,DATA_20260213_170000.BIN,2.0592,26.0446,0.9184,26.0446,4.9830,1,18.236,20.209
1721,DATA_20260213_170000.BIN,0.9184,7.4516,3.9541,7.4516,2.0240,1,2.419,6.175
1722,DATA_20260213_170000.BIN,4.7040,24.9910,19.8014,24.9910,9.1960,1,20.952,23.561
1723,DATA_20260213_170000.BIN,19.8014,25.2623,2.0576,25.2623,3.7510,1,13.706,25.543
1724,DATA_20260213_180000.BIN,2.9757,25.4181,5.8025,25.4181,2.4640,1,30.391,55.687
1725,DATA_20260213_180000.BIN,5.8025,24.9582,4.2724,24.9582,3.6080,1,34.356,51.420
1726,DATA_20260213_180000.BIN,4.2724,13.5135,3.0209,13.5135,0.9900,1,28.814,44.895
1727,DATA_20260213_180000.BIN,3.0209,24.7696,2.4483,24.7696,1.5840,1,24.640,38.094
1728,DATA_20260213_180000.BIN,8.4917,15.9828,10.7386,15.9828,2.6840,1,16.601,20.187
1729,DATA_20260213_180000.BIN,5.9085,24.5512,17.7997,24.5512,2.5740,1,19.767,26.198
1730,DATA_20260213_180000.BIN,1.4805,9.7391,4.2529,9.7391,1.5840,1,16.259,21.864
1731,DATA_20260213_180000.BIN,4.2529,10.8029,0.4674,10.8029,3.4980,1,8.106,15.864
1732,DATA_20260213_180000.BIN,0.4674,8.2106,1.9038,8.2106,1.5290,1,13.607,20.070
1733,DATA_20260213_180000.BIN,1.9038,8.2274,1.7407,8.2274,2.9370,1,8.857,12.548
1734,DATA_20260213_180000.BIN,1.7407,17.1183,4.4567,17.1183,5.7970,1,8.629,12.368
1735,DATA_20260213_180000.BIN,4.4567,10.6911,4.1780,10.6911,1.2320,1,7.369,8.975
1736,DATA_20260213_180000.BIN,4.1780,10.2144,2.7774,10.2144,3.7180,1,5.353,5.663
1737,DATA_20260213_180000.BIN,2.7774,9.6050,3.4748,9.6050,1.4520,1,8.758,17.079
1738,DATA_20260213_180000.BIN,3.4748,18.7827,9.2587,18.7827,1.9910,1,3.340,6.367
1739,DATA_20260213_180000.BIN,9.2587,16.7584,1.1412,16.7584,3.5200,1,4.894,5.981
1740,DATA_20260213_180000.BIN,1.1412,8.8483,2.8950,8.8483,1.9910,1,8.577,8.767
1741,DATA_20260213_180000.BIN,2.8950,10.1818,3.7701,10.1818,1.4850,1,6.296,9.148
1742,DATA_20260213_180000.BIN,3.7701,10.4202,1.6398,10.4202,1.5950,1,7.394,12.146
1743,DATA_20260213_180000.BIN,1.6398,12.8116,1.2892,12.8116,1.7160,1,4.623,8.073
1744,DATA_20260213_180000.BIN,1.2892,8.7542,2.8243,8.7542,1.3530,1,4.108,4.633
1745,DATA_20260213_180000.BIN,2.8243,9.9352,2.1108,9.9352,1.4190,1,8.812,9.424
1746,DATA_20260213_180000.BIN,0.6817,10.8515,1.9215,10.8515,3.2450,1,6.477,9.945
1747,DATA_20260213_180000.BIN,1.9215,8.4289,0.7891,8.4289,3.9270,1,6.512,11.240
1748,DATA_20260213_180000.BIN,3.1433,15.4941,10.2253,15.4941,2.1230,1,4.235,5.871
1749,DATA_20260213_180000.BIN,2.5084,8.5063,4.0285,8.5063,3.7730,1,2.640,11.711
1750,DATA_20260213_180000.BIN,4.0285,12.1450,2.6177,12.1450,3.4540,1,10.227,13.034
1751,DATA_20260213_180000.BIN,2.6177,17.9326,1.2668,17.9326,4.6200,1,8.929,15.052
1752,DATA_20260213_180000.BIN,1.2668,11.4460,0.9004,11.4460,2.4310,1,9.227,14.106
1753,DATA_20260213_180000.BIN,0.9004,9.3468,3.7262,9.3468,2.2110,1,1.448,1.692
1754,DATA_20260213_180000.BIN,2.7512,21.6479,3.1467,21.6479,2.2000,1,7.425,10.008
1755,DATA_20260213_180000.BIN,0.5690,11.0884,2.0119,11.0884,1.4740,1,4.035,9.505
1756,DATA_20260213_180000.BIN,2.0119,7.6203,0.7156,7.6203,1.6830,1,4.371,4.612
1757,DATA_20260213_180000.BIN,2.5963,23.9794,6.4660,23.9794,2.5630,1,2.292,3.073
1758,DATA_20260213_180000.BIN,8.1395,22.6549,4.5580,22.6549,4.0920,1,19.284,26.749
1759,DATA_20260213_180000.BIN,4.5580,8.5290,2.3569,8.5290,2.5630,1,9.074,10.554
1760,DATA_20260213_190000.BIN,32.6689,53.6393,33.4977,53.6393,1.3530,1,11.657,15.101
1761,DATA_20260213_190000.BIN,33.4977,48.8843,27.2672,48.8843,1.2980,1,9.478,12.220
1762,DATA_20260213_190000.BIN,27.2672,44.4011,31.7845,44.4011,1.6390,1,16.203,19.578
1763,DATA_20260213_190000.BIN,31.7845,41.8918,33.4121,41.8918,1.6830,1,8.881,9.902
1764,DATA_20260213_190000.BIN,33.4121,45.8909,30.3228,45.8909,1.4190,1,6.106,6.167
1765,DATA_20260213_190000.BIN,30.3228,83.1268,47.2446,83.1268,2.7500,1,9.203,11.446
1766,DATA_20260213_190000.BIN,47.2446,55.8107,41.9418,55.8107,1.1660,1,11.414,13.607
1767,DATA_20260213_190000.BIN,41.9418,58.4184,50.7442,58.4184,1.6280,1,4.178,6.407
1768,DATA_20260213_190000.BIN,50.7442,87.1578,6.0067,87.1578,4.1470,1,13.827,15.250
1769,DATA_20260213_190000.BIN,4.1786,56.0799,5.7707,56.0799,4.0370,1,67.269,86.108
1770,DATA_20260213_190000.BIN,5.7707,10.2789,3.3095,10.2789,6.8200,1,56.971,67.554
1771,DATA_20260213_190000.BIN,2.8896,4.3643,3.1557,4.3643,5.5000,1,51.750,67.235
1772,DATA_20260213_190000.BIN,1.6420,5.5795,3.9664,5.5795,3.3660,1,44.270,60.862
1773,DATA_20260213_190000.BIN,2.7842,5.6271,3.3831,5.6271,3.3880,1,45.718,77.076
1774,DATA_20260213_190000.BIN,6.3743,9.5639,6.5838,9.5639,2.4750,1,30.303,62.866
1775,DATA_20260213_190000.BIN,6.5838,45.7161,39.0056,45.7161,2.1120,1,24.033,49.119
1776,DATA_20260213_200000.BIN,3.2986,8.8151,1.8984,8.8151,6.6990,1,0.493,0.862
1777,DATA_20260213_200000.BIN,1.8984,3.9666,1.5466,3.9666,1.2320,1,6.105,41.358
1778,DATA_20260213_200000.BIN,1.5697,9.0808,4.7675,9.0808,6.7430,1,4.825,5.888
1779,DATA_20260213_200000.BIN,4.7675,42.8796,40.7709,42.8796,4.4110,1,8.143,9.010
1780,DATA_20260213_200000.BIN,40.7709,51.4217,20.9395,51.4217,4.2350,1,51.010,63.778
1781,DATA_20260213_200000.BIN,20.9395,32.8204,11.0510,32.8204,1.2320,1,21.217,27.886
1782,DATA_20260213_200000.BIN,11.0510,42.6689,33.1062,42.6689,2.9040,1,10.816,36.139
1783,DATA_20260213_200000.BIN,33.1062,52.3925,36.2996,52.3925,2.0240,1,32.522,36.190
1784,DATA_20260213_200000.BIN,36.2996,50.2984,34.5208,50.2984,1.0340,1,124.042,126.162
