cycle_idx,source_file,p0_r,p3_r,p7_r,amplitude,duration_s,validated,tilt_deg,q_error_deg
0,DATA_20260210_083913.BIN,10.1645,25.1740,4.5018,25.1740,1.9140,1,35.224,35.655
1,DATA_20260210_083913.BIN,1.5280,9.6182,1.1894,9.6182,3.4650,1,24.068,25.289
2,DATA_20260210_083913.BIN,1.1894,42.0935,14.3040,42.0935,3.3110,1,21.715,22.720
3,DATA_20260210_083913.BIN,1.6512,12.2786,1.2993,12.2786,3.1130,1,17.966,20.232
4,DATA_20260210_083913.BIN,1.2993,9.7969,1.2424,9.7969,1.5730,1,15.864,17.300
5,DATA_20260210_083913.BIN,1.2424,12.4355,1.1820,12.4355,1.5620,1,14.869,15.922
6,DATA_20260210_083913.BIN,2.3619,12.6475,2.0987,12.6475,3.1240,1,16.969,18.917
7,DATA_20260210_083913.BIN,0.9482,11.9701,0.6711,11.9701,3.1350,1,13.721,16.427
8,DATA_20260210_083913.BIN,11.1756,16.7469,0.8597,16.7469,5.2250,1,15.195,21.509
9,DATA_20260210_083913.BIN,0.8597,12.4492,0.6589,12.4492,2.7390,1,9.618,11.132
10,DATA_20260210_083913.BIN,0.6589,19.9081,1.8980,19.9081,6.3360,1,8.901,11.029
11,DATA_20260210_083913.BIN,1.0754,14.8183,0.8599,14.8183,2.7280,1,10.151,12.166
12,DATA_20260210_083913.BIN,1.2278,12.5818,0.7724,12.5818,2.1450,1,6.553,9.893
13,DATA_20260210_083913.BIN,3.0292,12.3384,1.1129,12.3384,1.8040,1,7.275,9.340
14,DATA_20260210_083913.BIN,1.1129,8.9062,0.6841,8.9062,1.8920,1,7.969,10.092
15,DATA_20260210_083913.BIN,0.6841,27.1609,3.8608,27.1609,2.7940,1,6.279,8.965
16,DATA_20260210_083913.BIN,3.8608,11.2512,3.6094,11.2512,2.7390,1,9.012,12.930
17,DATA_20260210_083913.BIN,3.9081,17.4125,4.9047,17.4125,2.3760,1,10.557,13.972
18,DATA_20260210_090000.BIN,13.0220,30.8610,5.3143,30.8610,5.9510,1,18.455,19.679
19,DATA_20260210_090000.BIN,5.3143,24.3051,3.0033,24.3051,9.4820,1,31.032,32.397
20,DATA_20260210_090000.BIN,3.0033,19.2063,2.8755,19.2063,4.7740,1,27.219,27.358
21,DATA_20260210_090000.BIN,2.8755,18.2898,3.9005,18.2898,4.9280,1,24.237,26.828
22,DATA_20260210_090000.BIN,6.3825,15.9690,6.0698,15.9690,9.2840,1,26.664,29.065
23,DATA_20260210_090000.BIN,6.0698,27.6578,2.1718,27.6578,6.9740,1,22.921,24.542
24,DATA_20260210_090000.BIN,2.9098,17.5547,8.7046,17.5547,2.8270,1,15.603,16.473
25,DATA_20260210_090000.BIN,8.7046,19.9664,3.8871,19.9664,4.6530,1,19.627,20.591
26,DATA_20260210_090000.BIN,6.2536,23.6137,13.2645,23.6137,2.4310,1,22.531,22.612
27,DATA_20260210_090000.BIN,8.4955,23.3847,10.0297,23.3847,6.9190,1,125.622,126.343
28,DATA_20260210_090000.BIN,2.4585,24.9137,4.4904,24.9137,5.4780,1,5.386,6.983
29,DATA_20260210_090000.BIN,4.4904,23.0118,4.1628,23.0118,4.2130,1,110.772,110.785
30,DATA_20260210_090000.BIN,4.1628,23.4466,3.9263,23.4466,5.9620,1,13.725,13.967
31,DATA_20260210_090000.BIN,3.9263,41.8869,19.9286,41.8869,4.2570,1,13.718,14.088
32,DATA_20260210_090000.BIN,19.9286,29.2029,6.0529,29.2029,3.7840,1,31.370,33.133
33,DATA_20260210_090000.BIN,4.7660,17.6279,5.8638,17.6279,1.5400,1,10.002,10.467
34,DATA_20260210_090000.BIN,5.8638,24.6767,9.1919,24.6767,3.1460,1,10.684,11.178
35,DATA_20260210_090000.BIN,9.1919,29.7454,9.4014,29.7454,4.0700,1,15.601,15.777
36,DATA_20260210_090000.BIN,9.4014,27.0067,8.9717,27.0067,7.4800,1,14.748,14.759
37,DATA_20260210_090000.BIN,5.1890,24.7871,15.4977,24.7871,7.7330,1,6.063,9.842
38,DATA_20260210_090000.BIN,6.6339,24.1673,1.6661,24.1673,3.5090,1,121.743,122.415
39,DATA_20260210_090000.BIN,1.6661,21.9783,5.2527,21.9783,3.6960,1,11.938,12.428
40,DATA_20260210_090000.BIN,5.2527,23.2039,9.3251,23.2039,5.4120,1,14.205,15.307
41,DATA_20260210_090000.BIN,9.3251,28.1680,8.8805,28.1680,5.2910,1,20.369,20.416
42,DATA_20260210_090000.BIN,7.1604,13.9575,5.0408,13.9575,1.7710,1,14.371,14.378
43,DATA_20260210_090000.BIN,2.9595,26.0129,9.6760,26.0129,3.1790,1,9.871,9.888
44,DATA_20260210_090000.BIN,9.6760,31.8850,15.3470,31.8850,8.7120,1,15.819,15.968
45,DATA_20260210_090000.BIN,13.7154,28.2670,8.9953,28.2670,2.7830,1,27.371,27.999
46,DATA_20260210_090000.BIN,8.9953,31.8139,4.7252,31.8139,4.6530,1,13.588,14.155
47,DATA_20260210_090000.BIN,4.7252,34.3768,17.5826,34.3768,2.2880,1,9.638,10.297
48,DATA_20260210_090000.BIN,3.3990,24.3062,3.5324,24.3062,2.2770,1,5.014,5.018
49,DATA_20260210_090000.BIN,6.4023,23.6932,4.1794,23.6932,1.1330,1,8.477,8.478
50,DATA_20260210_090000.BIN,4.1794,21.3888,8.6636,21.3888,4.0370,1,5.722,5.726
51,DATA_20260210_090000.BIN,8.6636,19.8792,5.9785,19.8792,7.0070,1,12.413,12.643
52,DATA_20260210_090000.BIN,5.9785,23.0196,11.0029,23.0196,1.7710,1,5.641,5.909
53,DATA_20260210_100000.BIN,6.3722,13.6612,8.0905,13.6612,3.0580,1,44.918,44.919
54,DATA_20260210_100000.BIN,21.4805,69.6691,1.8312,69.6691,4.7850,1,13.743,15.866
55,DATA_20260210_100000.BIN,1.8312,24.0423,7.1652,24.0423,2.9700,1,38.568,39.451
56,DATA_20260210_100000.BIN,7.1652,18.1941,6.1364,18.1941,1.3200,1,26.483,26.896
57,DATA_20260210_100000.BIN,6.1364,15.4946,7.3818,15.4946,3.2340,1,25.191,25.568
58,DATA_20260210_100000.BIN,7.3818,15.9321,6.5757,15.9321,2.5630,1,24.152,24.374
59,DATA_20260210_100000.BIN,9.1893,26.9431,5.4819,26.9431,4.5650,1,18.129,18.223
60,DATA_20260210_100000.BIN,5.4819,17.2442,4.1512,17.2442,1.5510,1,19.854,20.182
61,DATA_20260210_100000.BIN,4.1512,17.8102,1.2146,17.8102,3.5200,1,21.693,22.036
62,DATA_20260210_100000.BIN,1.2146,19.4845,4.6527,19.4845,2.7720,1,25.901,25.958
63,DATA_20260210_100000.BIN,4.6527,12.1343,4.7041,12.1343,8.4920,1,25.930,26.131
64,DATA_20260210_100000.BIN,4.7041,9.9205,2.0200,9.9205,4.2020,1,22.822,23.033
65,DATA_20260210_100000.BIN,2.0200,15.5066,0.8540,15.5066,2.6730,1,15.369,16.288
66,DATA_20260210_100000.BIN,0.8540,15.4754,5.8044,15.4754,6.2920,1,13.711,13.805
67,DATA_20260210_100000.BIN,5.8044,15.9907,4.9360,15.9907,2.8050,1,10.149,10.589
68,DATA_20260210_100000.BIN,12.7743,26.0736,8.3207,26.0736,3.3000,1,5.022,7.191
69,DATA_20260210_100000.BIN,6.4285,68.3556,3.0654,68.3556,7.2050,1,9.994,10.008
70,DATA_20260210_100000.BIN,3.0654,15.7197,4.6180,15.7197,2.5960,1,16.392,16.620
71,DATA_20260210_100000.BIN,4.6180,14.2001,5.1820,14.2001,1.4740,1,5.114,5.640
72,DATA_20260210_100000.BIN,5.1820,16.3742,2.9285,16.3742,5.9950,1,7.081,7.100
73,DATA_20260210_100000.BIN,2.9285,15.4238,6.1841,15.4238,1.5070,1,6.037,6.998
74,DATA_20260210_100000.BIN,10.1313,18.2815,7.6219,18.2815,2.2440,1,4.728,6.131
75,DATA_20260210_100000.BIN,7.6219,16.6619,4.9139,16.6619,1.8040,1,3.325,4.605
76,DATA_20260210_100000.BIN,4.9139,70.2570,7.0613,70.2570,5.6100,1,9.907,13.326
77,DATA_20260210_100000.BIN,7.9288,73.2307,4.0884,73.2307,3.4210,1,8.660,11.228
78,DATA_20260210_100000.BIN,4.0884,24.3673,5.8567,24.3673,1.7710,1,13.221,13.402
79,DATA_20260210_100000.BIN,5.8567,22.6058,4.8481,22.6058,1.6940,1,8.603,9.107
80,DATA_20260210_100000.BIN,4.8481,23.0160,5.2754,23.0160,1.5840,1,1.871,4.673
81,DATA_20260210_100000.BIN,5.2754,19.6580,5.0435,19.6580,1.4740,1,1.306,1.339
82,DATA_20260210_100000.BIN,5.0435,21.6639,3.3984,21.6639,4.7630,1,4.726,6.833
83,DATA_20260210_100000.BIN,3.3984,18.1838,12.3671,18.1838,3.5750,1,4.903,4.997
84,DATA_20260210_100000.BIN,34.5325,85.1389,9.7749,85.1389,8.5250,1,37.505,37.867
85,DATA_20260210_100000.BIN,7.6832,85.7759,80.3165,85.7759,7.6560,1,1.090,9.094
86,DATA_20260210_100000.BIN,75.9939,84.5395,60.8165,84.5395,3.7290,1,126.406,168.233
87,DATA_20260210_100000.BIN,60.8165,84.8824,76.9478,84.8824,8.8770,1,49.763,50.769
88,DATA_20260210_100000.BIN,76.9478,84.3224,32.8172,84.3224,5.0930,1,118.511,142.530
89,DATA_20260210_100000.BIN,32.8172,43.6658,7.2736,43.6658,6.9520,1,0.775,10.698
90,DATA_20260210_100000.BIN,7.2736,18.0740,11.7614,18.0740,2.5300,1,33.252,35.250
91,DATA_20260210_100000.BIN,2.5793,25.6682,15.1719,25.6682,2.9590,1,36.155,39.685
92,DATA_20260210_100000.BIN,10.0920,15.3867,4.8153,15.3867,1.7270,1,20.339,24.027
93,DATA_20260210_100000.BIN,4.8153,11.9195,1.5982,11.9195,1.4740,1,25.661,27.998
94,DATA_20260210_100000.BIN,1.5982,29.6761,15.0293,29.6761,3.5090,1,32.720,34.851
95,DATA_20260210_100000.BIN,15.0293,24.4735,1.8170,24.4735,2.3320,1,4.756,12.702
96,DATA_20260210_100000.BIN,1.8170,30.5282,5.8789,30.5282,2.9260,1,25.263,28.448
97,DATA_20260210_100000.BIN,5.8789,57.2474,47.9414,57.2474,6.4570,1,16.253,19.358
98,DATA_20260210_100000.BIN,9.2159,47.6074,19.6221,47.6074,9.3830,1,8.906,11.646
99,DATA_20260210_100000.BIN,19.6221,33.0708,17.5132,33.0708,3.5640,1,6.312,7.656
100,DATA_20260210_100000.BIN,17.5132,31.3957,11.3222,31.3957,4.0590,1,3.063,4.603
101,DATA_20260210_100000.BIN,19.9405,33.2536,2.5438,33.2536,7.4470,1,6.228,6.269
102,DATA_20260210_100000.BIN,2.5438,13.0758,6.6917,13.0758,2.4970,1,17.500,19.087
103,DATA_20260210_100000.BIN,6.6917,17.6151,5.0328,17.6151,2.4310,1,13.877,13.884
104,DATA_20260210_100000.BIN,5.0328,49.4968,26.4846,49.4968,4.2020,1,12.740,12.828
105,DATA_20260210_100000.BIN,26.4846,33.8775,15.0095,33.8775,1.3640,1,17.946,18.006
106,DATA_20260210_100000.BIN,15.0095,82.2868,1.6636,82.2868,4.7740,1,10.764,11.655
107,DATA_20260210_100000.BIN,1.6636,12.9180,6.5204,12.9180,3.4540,1,20.163,20.691
108,DATA_20260210_100000.BIN,6.5204,15.1163,7.3558,15.1163,3.3990,1,24.414,24.545
109,DATA_20260210_100000.BIN,1.3120,34.5436,1.3827,34.5436,7.5900,1,15.566,16.275
110,DATA_20260210_100000.BIN,1.3827,68.1851,15.4696,68.1851,5.9950,1,10.519,12.236
111,DATA_20260210_100000.BIN,15.4696,25.0744,14.9973,25.0744,1.7160,1,12.636,13.199
112,DATA_20260210_100000.BIN,14.9973,23.9553,5.7514,23.9553,3.1020,1,13.189,13.587
113,DATA_20260210_100000.BIN,5.7514,16.2652,3.9650,16.2652,3.8060,1,8.505,8.578
114,DATA_20260210_100000.BIN,3.2078,11.0837,4.2832,11.0837,4.5540,1,7.962,8.194
115,DATA_20260210_100000.BIN,7.3151,71.0466,59.7054,71.0466,3.0140,1,23.763,23.780
116,DATA_20260210_100000.BIN,59.7054,67.7480,24.8951,67.7480,3.9160,1,63.871,64.565
117,DATA_20260210_100000.BIN,24.8951,79.8707,5.0270,79.8707,6.6990,1,17.343,17.348
118,DATA_20260210_100000.BIN,5.0270,17.4297,7.9505,17.4297,2.6400,1,14.955,18.955
119,DATA_20260210_100000.BIN,4.6069,74.1754,12.1466,74.1754,4.9830,1,19.681,20.442
120,DATA_20260210_100000.BIN,12.1466,30.1396,12.4136,30.1396,1.6060,1,4.668,5.721
121,DATA_20260210_100000.BIN,2.8880,22.6754,2.1043,22.6754,3.8390,1,13.337,14.127
122,DATA_20260210_100000.BIN,2.1043,14.5587,8.2425,14.5587,5.7310,1,11.787,11.930
123,DATA_20260210_100000.BIN,8.2425,21.3544,7.2943,21.3544,3.9050,1,4.421,4.427
124,DATA_20260210_100000.BIN,4.2113,49.4779,5.9756,49.4779,6.8970,1,12.643,12.718
125,DATA_20260210_100000.BIN,7.7532,20.3711,2.1390,20.3711,3.1130,1,27.023,27.023
126,DATA_20260210_100000.BIN,2.1390,78.4316,0.8374,78.4316,8.4480,1,10.147,10.147
127,DATA_20260210_100000.BIN,0.8374,43.0654,4.4542,43.0654,6.2810,1,9.413,9.443
128,DATA_20260210_100000.BIN,4.4542,37.8666,9.4488,37.8666,4.0260,1,6.114,6.125
129,DATA_20260210_100000.BIN,9.4488,21.2801,0.3889,21.2801,3.2120,1,8.360,9.976
130,DATA_20260210_100000.BIN,0.3889,28.4187,0.8141,28.4187,4.4110,1,7.037,7.046
131,DATA_20260210_100000.BIN,0.8141,15.3584,5.2731,15.3584,2.6730,1,5.030,5.813
132,DATA_20260210_100000.BIN,8.2424,23.8484,2.1969,23.8484,4.7960,1,6.515,6.517
133,DATA_20260210_100000.BIN,2.1969,21.0343,3.6885,21.0343,1.4190,1,3.948,4.273
134,DATA_20260210_100000.BIN,3.6885,20.9248,10.6180,20.9248,3.6630,1,2.801,4.562
135,DATA_20260210_100000.BIN,10.6180,23.2747,0.8688,23.2747,2.5520,1,9.556,9.576
136,DATA_20260210_100000.BIN,0.8688,16.3676,3.9315,16.3676,3.3880,1,5.957,5.965
137,DATA_20260210_100000.BIN,3.9315,15.6193,4.4856,15.6193,1.1660,1,4.465,4.881
138,DATA_20260210_100000.BIN,4.4856,15.7842,4.3695,15.7842,1.1770,1,8.581,8.897
139,DATA_20260210_100000.BIN,4.3695,21.4224,9.7295,21.4224,1.6940,1,9.573,9.927
140,DATA_20260210_100000.BIN,9.7295,34.0662,24.4295,34.0662,6.8090,1,9.856,9.859
141,DATA_20260210_100000.BIN,24.4295,34.5257,1.9905,34.5257,3.4540,1,26.571,26.870
142,DATA_20260210_100000.BIN,1.9905,31.8364,16.1934,31.8364,2.1340,1,5.915,6.019
143,DATA_20260210_100000.BIN,16.1934,29.4273,5.6176,29.4273,7.1170,1,15.769,16.034
144,DATA_20260210_100000.BIN,5.6176,22.6385,8.6533,22.6385,6.4680,1,1.677,2.254
145,DATA_20260210_100000.BIN,8.6533,18.4372,7.4702,18.4372,1.1220,1,3.024,4.107
146,DATA_20260210_100000.BIN,4.8665,42.9584,4.7695,42.9584,5.4560,1,4.675,6.062
147,DATA_20260210_100000.BIN,4.7695,20.6236,5.8804,20.6236,2.3540,1,4.607,10.108
148,DATA_20260210_100000.BIN,5.8804,16.7754,3.8130,16.7754,1.2430,1,3.261,3.296
149,DATA_20260210_100000.BIN,3.8130,15.8169,2.6791,15.8169,1.1330,1,4.470,4.558
150,DATA_20260210_100000.BIN,3.3201,16.5260,5.9659,16.5260,3.7400,1,13.407,13.411
151,DATA_20260210_100000.BIN,5.5448,13.5396,1.8552,13.5396,3.9490,1,11.785,12.002
152,DATA_20260210_100000.BIN,1.8552,17.4544,8.5106,17.4544,2.5960,1,2.966,3.030
153,DATA_20260210_100000.BIN,8.5106,80.8863,1.6434,80.8863,5.7310,1,8.365,8.561
154,DATA_20260210_100000.BIN,1.6434,25.3553,10.6973,25.3553,2.5080,1,8.147,8.239
155,DATA_20260210_100000.BIN,7.2160,73.2305,6.7488,73.2305,7.2600,1,5.067,5.125
156,DATA_20260210_100000.BIN,6.7488,19.8190,5.6600,19.8190,3.3330,1,5.349,5.368
157,DATA_20260210_100000.BIN,5.6600,15.3792,8.9221,15.3792,1.4080,1,2.936,3.765
158,DATA_20260210_100000.BIN,8.9221,16.1332,7.2783,16.1332,1.6940,1,5.964,6.612
159,DATA_20260210_100000.BIN,7.2783,17.7665,2.5067,17.7665,3.2890,1,6.222,6.236
160,DATA_20260210_100000.BIN,2.5067,28.7528,2.1852,28.7528,4.5540,1,10.550,11.447
161,DATA_20260210_100000.BIN,2.1852,31.9495,7.2624,31.9495,3.0140,1,7.151,8.920
162,DATA_20260210_100000.BIN,7.2624,20.9714,5.2028,20.9714,3.6630,1,3.818,4.718
163,DATA_20260210_100000.BIN,3.3777,24.4174,4.8923,24.4174,1.8260,1,1.532,1.562
164,DATA_20260210_100000.BIN,4.8923,20.4858,4.9246,20.4858,5.0930,1,8.931,10.034
165,DATA_20260210_100000.BIN,4.9246,20.9630,5.3906,20.9630,1.9800,1,13.120,13.122
166,DATA_20260210_100000.BIN,5.3906,13.4176,4.7346,13.4176,1.2980,1,4.016,4.208
167,DATA_20260210_100000.BIN,4.7346,10.4125,0.4340,10.4125,8.0080,1,10.826,11.516
168,DATA_20260210_100000.BIN,7.4017,13.7484,1.8880,13.7484,2.3210,1,9.642,10.377
169,DATA_20260210_100000.BIN,3.2974,18.9343,5.1703,18.9343,2.8050,1,3.928,5.511
170,DATA_20260210_100000.BIN,5.1703,16.9264,1.4546,16.9264,2.5300,1,3.773,5.072
171,DATA_20260210_100000.BIN,1.4546,10.8073,1.3258,10.8073,3.5750,1,7.324,7.391
172,DATA_20260210_100000.BIN,1.3258,16.0414,5.9018,16.0414,1.9470,1,3.375,4.752
173,DATA_20260210_100000.BIN,5.9018,17.9847,4.4817,17.9847,1.4520,1,3.302,5.070
174,DATA_20260210_100000.BIN,3.7508,16.2763,1.9196,16.2763,2.6840,1,1.607,2.764
175,DATA_20260210_100000.BIN,1.9196,12.9402,4.2759,12.9402,2.5740,1,3.243,3.433
176,DATA_20260210_100000.BIN,4.2759,83.3608,65.4281,83.3608,5.4780,1,8.290,8.572
177,DATA_20260210_100000.BIN,65.4281,83.7419,8.3179,83.7419,3.1240,1,77.918,80.525
178,DATA_20260210_100000.BIN,8.3179,38.4426,3.8203,38.4426,2.0900,1,23.403,23.425
179,DATA_20260210_100000.BIN,3.8203,15.9628,1.3762,15.9628,5.4780,1,9.467,10.387
180,DATA_20260210_100000.BIN,13.5574,21.1342,14.1536,21.1342,2.5300,1,15.416,15.666
181,DATA_20260210_100000.BIN,14.1536,41.7812,11.9197,41.7812,3.8500,1,10.460,11.081
182,DATA_20260210_100000.BIN,4.9817,52.6284,11.9974,52.6284,4.1470,1,12.702,12.717
183,DATA_20260210_100000.BIN,1.4228,11.3248,2.4759,11.3248,1.3420,1,5.687,6.680
184,DATA_20260210_100000.BIN,2.4759,10.9954,3.2461,10.9954,3.2450,1,8.888,10.004
185,DATA_20260210_100000.BIN,0.9323,30.0315,4.7316,30.0315,8.3820,1,3.344,5.753
186,DATA_20260210_100000.BIN,4.7316,28.4920,5.3359,28.4920,1.6390,1,6.356,7.413
187,DATA_20260210_100000.BIN,5.3359,16.5764,2.9811,16.5764,2.2000,1,8.146,8.151
188,DATA_20260210_100000.BIN,2.9811,21.6852,3.2746,21.6852,2.4970,1,2.803,2.892
189,DATA_20260210_100000.BIN,3.2746,24.8923,2.6534,24.8923,5.9400,1,2.120,2.121
190,DATA_20260210_100000.BIN,2.6534,19.0092,3.9476,19.0092,1.3310,1,4.038,4.114
191,DATA_20260210_100000.BIN,3.9476,22.8880,2.6037,22.8880,1.7600,1,5.472,5.867
192,DATA_20260210_100000.BIN,5.5550,27.7576,9.3279,27.7576,5.2030,1,5.133,5.481
193,DATA_20260210_100000.BIN,9.3279,18.9383,1.2436,18.9383,3.8830,1,10.203,10.203
194,DATA_20260210_100000.BIN,1.2436,32.1231,8.8840,32.1231,3.2560,1,5.936,6.037
195,DATA_20260210_100000.BIN,8.8840,26.7184,7.4296,26.7184,1.6500,1,11.925,13.251
196,DATA_20260210_100000.BIN,7.4296,21.9406,10.0308,21.9406,1.4740,1,6.627,6.876
197,DATA_20260210_100000.BIN,10.0308,22.2500,8.3339,22.2500,1.4080,1,11.007,11.096
198,DATA_20260210_100000.BIN,8.3339,19.2155,6.1208,19.2155,2.4750,1,6.444,6.497
199,DATA_20260210_100000.BIN,6.1208,21.2437,6.1267,21.2437,2.2990,1,4.262,4.397
200,DATA_20260210_100000.BIN,6.1267,17.2804,3.0225,17.2804,1.1220,1,3.136,3.157
201,DATA_20260210_100000.BIN,3.0225,16.3997,8.6314,16.3997,1.2320,1,2.066,2.085
202,DATA_20260210_100000.BIN,8.6314,17.0071,8.3923,17.0071,1.3200,1,6.949,7.079
203,DATA_20260210_100000.BIN,6.5537,16.8755,7.7240,16.8755,1.5510,1,3.431,3.435
204,DATA_20260210_100000.BIN,7.7240,83.1088,0.4969,83.1088,6.0170,1,3.110,3.662
205,DATA_20260210_100000.BIN,0.4969,82.8684,14.3854,82.8684,4.7190,1,5.992,6.777
206,DATA_20260210_100000.BIN,14.3854,23.8110,2.2807,23.8110,2.4860,1,14.004,16.545
207,DATA_20260210_100000.BIN,2.2807,82.6178,11.7416,82.6178,6.3360,1,7.628,7.678
208,DATA_20260210_100000.BIN,5.2937,13.5853,3.3220,13.5853,1.3310,1,1.447,3.236
209,DATA_20260210_100000.BIN,3.3220,16.9973,2.9749,16.9973,1.3860,1,2.021,2.502
210,DATA_20260210_100000.BIN,4.8087,18.5510,7.7128,18.5510,1.2210,1,1.029,1.032
211,DATA_20260210_100000.BIN,7.7128,17.2615,6.8712,17.2615,1.2870,1,4.859,4.859
212,DATA_20260210_100000.BIN,6.8712,16.3211,7.4095,16.3211,2.2880,1,3.160,3.167
213,DATA_20260210_100000.BIN,7.4095,17.3108,4.1017,17.3108,1.4410,1,2.911,3.421
214,DATA_20260210_100000.BIN,7.2311,17.7989,11.0354,17.7989,1.2870,1,3.168,3.186
215,DATA_20260210_100000.BIN,11.0354,18.9422,6.4233,18.9422,1.3420,1,7.142,7.365
216,DATA_20260210_100000.BIN,6.4233,18.6944,6.7822,18.6944,1.3970,1,1.531,1.593
217,DATA_20260210_100000.BIN,6.7822,19.2796,8.0201,19.2796,1.8040,1,1.504,1.555
218,DATA_20260210_100000.BIN,8.0201,18.1545,3.5038,18.1545,5.1590,1,8.339,10.945
219,DATA_20260210_100000.BIN,3.5038,21.8751,12.0220,21.8751,2.8600,1,12.937,13.070
220,DATA_20260210_100000.BIN,12.0220,81.6929,4.5707,81.6929,4.7300,1,9.456,9.691
221,DATA_20260210_100000.BIN,4.5707,16.5516,2.0041,16.5516,3.0360,1,3.612,3.656
222,DATA_20260210_100000.BIN,2.0041,82.2026,6.2886,82.2026,4.8400,1,13.265,13.709
223,DATA_20260210_100000.BIN,6.2886,83.0844,6.8826,83.0844,5.5110,1,5.550,6.031
224,DATA_20260210_100000.BIN,6.8826,23.5399,13.0579,23.5399,1.7820,1,4.277,4.454
225,DATA_20260210_100000.BIN,2.3476,23.8845,14.8703,23.8845,5.4780,1,7.773,7.784
226,DATA_20260210_100000.BIN,14.8703,24.6417,5.6190,24.6417,3.4980,1,15.135,15.160
227,DATA_20260210_100000.BIN,5.6190,31.1979,5.5131,31.1979,3.1570,1,3.420,3.703
228,DATA_20260210_100000.BIN,5.5131,24.1550,11.7955,24.1550,5.6870,1,7.779,9.631
229,DATA_20260210_100000.BIN,11.7955,51.9557,9.3214,51.9557,4.1030,1,13.019,13.095
230,DATA_20260210_100000.BIN,9.3214,16.3451,8.2294,16.3451,1.5840,1,78.889,79.190
231,DATA_20260210_100000.BIN,8.2294,18.1414,5.9095,18.1414,6.8970,1,8.850,11.591
232,DATA_20260210_100000.BIN,10.7857,32.2944,6.9234,32.2944,3.8830,1,64.273,64.277
233,DATA_20260210_100000.BIN,6.9234,61.3344,15.0755,61.3344,3.9380,1,11.424,11.424
234,DATA_20260210_100000.BIN,15.0755,26.9071,3.0277,26.9071,2.5740,1,26.335,26.533
235,DATA_20260210_100000.BIN,3.0277,20.8556,8.1064,20.8556,1.3640,1,9.113,9.115
236,DATA_20260210_100000.BIN,8.1064,22.5697,12.1991,22.5697,1.8480,1,13.845,14.076
237,DATA_20260210_100000.BIN,12.1991,30.5785,13.6363,30.5785,2.6510,1,13.479,14.610
238,DATA_20260210_100000.BIN,13.6363,31.3339,6.3218,31.3339,2.6400,1,21.009,21.025
239,DATA_20260210_100000.BIN,6.3218,15.9934,6.3327,15.9934,4.2570,1,8.495,8.807
240,DATA_20260210_100000.BIN,6.3327,20.8579,8.1060,20.8579,1.5290,1,12.500,12.817
241,DATA_20260210_100000.BIN,8.1060,27.5322,5.1379,27.5322,2.9920,1,11.767,12.121
242,DATA_20260210_100000.BIN,5.1379,13.9051,7.1738,13.9051,1.9800,1,4.804,4.891
243,DATA_20260210_100000.BIN,7.1738,21.4955,5.7273,21.4955,3.0800,1,8.834,8.843
244,DATA_20260210_100000.BIN,5.7273,21.9645,4.7947,21.9645,1.6830,1,7.369,8.994
245,DATA_20260210_100000.BIN,4.7947,20.7421,9.9868,20.7421,1.3090,1,4.385,4.390
246,DATA_20260210_100000.BIN,9.9868,20.6780,8.0112,20.6780,1.3530,1,12.181,12.211
247,DATA_20260210_100000.BIN,8.0112,18.7005,3.8780,18.7005,2.1340,1,7.608,7.608
248,DATA_20260210_100000.BIN,3.8780,14.8899,2.4511,14.8899,1.2650,1,9.271,9.287
249,DATA_20260210_100000.BIN,2.4511,48.2951,9.5659,48.2951,5.7750,1,4.983,5.022
250,DATA_20260210_100000.BIN,9.5659,22.1023,13.3158,22.1023,1.3310,1,73.774,73.777
251,DATA_20260210_100000.BIN,12.5043,20.1362,12.2416,20.1362,3.5640,1,52.373,52.373
252,DATA_20260210_100000.BIN,12.2416,32.7749,13.1103,32.7749,8.4260,1,47.357,47.363
253,DATA_20260210_100000.BIN,22.3122,31.2253,1.9398,31.2253,1.3860,1,53.166,56.790
254,DATA_20260210_100000.BIN,1.9398,56.3960,12.3851,56.3960,4.5650,1,20.478,20.921
255,DATA_20260210_100000.BIN,12.3851,23.2626,9.0781,23.2626,3.1680,1,35.049,35.054
256,DATA_20260210_100000.BIN,9.0781,59.6163,16.1670,59.6163,6.1710,1,27.748,27.761
257,DATA_20260210_100000.BIN,7.1669,22.7017,9.8523,22.7017,4.2350,1,21.035,22.304
258,DATA_20260210_100000.BIN,9.8523,79.9368,8.6834,79.9368,5.1260,1,24.330,24.438
259,DATA_20260210_100000.BIN,8.6834,23.5426,3.7232,23.5426,4.2790,1,19.461,19.467
260,DATA_20260210_100000.BIN,3.7232,21.7211,11.0846,21.7211,3.8390,1,4.779,5.341
261,DATA_20260210_100000.BIN,11.0846,19.0740,7.9959,19.0740,1.3640,1,20.266,20.332
262,DATA_20260210_100000.BIN,7.9959,15.7342,2.9361,15.7342,2.3870,1,13.911,13.965
263,DATA_20260210_100000.BIN,2.9361,16.8090,1.5316,16.8090,1.3640,1,4.835,4.860
264,DATA_20260210_100000.BIN,5.0561,14.1152,3.6295,14.1152,1.1880,1,9.040,9.047
265,DATA_20260210_100000.BIN,0.9518,11.7059,1.4198,11.7059,1.3860,1,1.605,1.977
266,DATA_20260210_100000.BIN,1.4198,13.3951,5.0569,13.3951,1.4080,1,3.002,3.346
267,DATA_20260210_100000.BIN,5.0569,15.0294,1.1008,15.0294,1.2870,1,7.968,7.970
268,DATA_20260210_100000.BIN,1.1008,14.8280,4.0662,14.8280,1.4740,1,1.653,1.691
269,DATA_20260210_100000.BIN,4.0662,17.4639,3.0129,17.4639,1.6060,1,4.471,4.669
270,DATA_20260210_100000.BIN,3.0129,15.7288,3.6982,15.7288,1.4520,1,2.964,2.976
271,DATA_20260210_100000.BIN,3.6982,63.5612,20.2454,63.5612,4.7630,1,2.509,2.963
272,DATA_20260210_100000.BIN,20.2454,27.7612,5.6339,27.7612,1.9250,1,26.524,26.589
273,DATA_20260210_100000.BIN,5.6339,20.8878,1.9754,20.8878,1.2870,1,6.098,7.297
274,DATA_20260210_100000.BIN,1.9754,19.2783,2.8590,19.2783,1.7490,1,6.906,6.913
275,DATA_20260210_100000.BIN,2.8590,17.8588,3.1596,17.8588,2.2660,1,3.122,4.305
276,DATA_20260210_100000.BIN,3.1596,13.0685,7.1247,13.0685,3.5640,1,6.924,8.093
277,DATA_20260210_100000.BIN,1.9306,10.6307,3.7838,10.6307,4.1360,1,2.239,3.016
278,DATA_20260210_100000.BIN,3.7838,10.6027,4.6028,10.6027,3.0470,1,1.858,2.792
279,DATA_20260210_100000.BIN,4.6028,13.4170,3.7504,13.4170,3.7510,1,10.663,10.810
280,DATA_20260210_100000.BIN,0.6447,12.1097,4.7371,12.1097,1.3640,1,0.619,1.150
281,DATA_20260210_100000.BIN,4.7371,17.7395,2.2340,17.7395,1.2760,1,8.161,8.471
282,DATA_20260210_100000.BIN,2.2340,12.3229,2.6299,12.3229,7.8650,1,3.432,4.986
283,DATA_20260210_100000.BIN,2.6299,15.5252,3.7403,15.5252,1.1660,1,3.676,3.688
284,DATA_20260210_100000.BIN,3.7403,11.1132,5.3278,11.1132,3.3550,1,6.617,6.976
285,DATA_20260210_100000.BIN,5.3278,11.3837,2.8233,11.3837,2.0460,1,10.205,10.209
286,DATA_20260210_100000.BIN,2.8233,14.2885,2.0416,14.2885,4.7410,1,4.293,4.293
287,DATA_20260210_100000.BIN,2.0416,19.4675,4.8746,19.4675,7.0620,1,2.314,2.530
288,DATA_20260210_100000.BIN,2.5492,13.1588,1.2729,13.1588,3.2340,1,0.549,3.610
289,DATA_20260210_100000.BIN,13.5731,24.2143,1.9683,24.2143,1.6390,1,19.431,22.950
290,DATA_20260210_100000.BIN,1.9683,15.5589,2.5163,15.5589,1.3970,1,2.712,2.714
291,DATA_20260210_100000.BIN,2.5163,18.3255,4.3406,18.3255,1.9030,1,3.209,4.276
292,DATA_20260210_100000.BIN,2.9765,21.1524,4.0609,21.1524,3.9490,1,4.876,5.018
293,DATA_20260210_100000.BIN,4.0609,12.8111,2.9016,12.8111,3.0690,1,4.561,5.559
294,DATA_20260210_100000.BIN,2.9016,18.1411,6.5015,18.1411,2.3980,1,4.097,4.366
295,DATA_20260210_100000.BIN,6.5015,14.0630,4.6526,14.0630,1.7380,1,8.854,9.149
296,DATA_20260210_100000.BIN,5.6783,14.2810,4.0371,14.2810,1.8920,1,7.625,7.625
297,DATA_20260210_100000.BIN,4.0371,12.9545,4.2388,12.9545,1.6500,1,4.644,4.747
298,DATA_20260210_100000.BIN,1.7735,13.3319,2.7647,13.3319,2.3760,1,4.046,4.187
299,DATA_20260210_100000.BIN,2.7647,68.1313,3.2382,68.1313,6.7540,1,6.415,6.519
300,DATA_20260210_100000.BIN,3.2382,14.5492,1.9373,14.5492,1.1330,1,3.086,3.632
301,DATA_20260210_100000.BIN,1.9373,11.1382,0.2317,11.1382,1.6940,1,2.187,2.650
302,DATA_20260210_100000.BIN,0.2317,14.5742,4.3802,14.5742,2.4640,1,4.036,6.065
303,DATA_20260210_100000.BIN,8.3772,23.7621,0.3683,23.7621,1.4630,1,11.531,11.583
304,DATA_20260210_100000.BIN,0.3683,16.0414,4.3816,16.0414,2.8380,1,3.496,3.658
305,DATA_20260210_100000.BIN,4.3816,14.6835,3.3043,14.6835,2.2220,1,4.577,5.152
306,DATA_20260210_100000.BIN,3.3043,53.9248,19.5753,53.9248,4.4440,1,2.708,3.633
307,DATA_20260210_100000.BIN,19.5753,31.5265,1.6526,31.5265,3.6300,1,17.129,22.036
308,DATA_20260210_100000.BIN,2.1455,14.7496,2.4298,14.7496,1.7050,1,1.217,1.279
309,DATA_20260210_100000.BIN,2.4298,19.6042,5.3802,19.6042,1.9690,1,2.330,2.808
310,DATA_20260210_100000.BIN,5.3802,15.6703,1.5733,15.6703,2.3760,1,4.610,4.612
311,DATA_20260210_100000.BIN,4.0165,19.9730,1.9909,19.9730,3.0690,1,3.585,3.869
312,DATA_20260210_100000.BIN,1.9909,22.2883,2.9272,22.2883,2.0900,1,6.126,6.414
313,DATA_20260210_100000.BIN,2.9272,15.3598,2.0929,15.3598,1.3640,1,4.750,4.851
314,DATA_20260210_100000.BIN,2.0929,16.0470,1.6747,16.0470,5.4120,1,5.506,6.291
315,DATA_20260210_100000.BIN,1.6747,13.6322,2.8589,13.6322,2.6290,1,5.004,5.152
316,DATA_20260210_100000.BIN,1.8379,21.3269,16.2968,21.3269,9.3500,1,2.319,2.704
317,DATA_20260210_100000.BIN,16.2968,26.4209,7.2226,26.4209,2.7500,1,16.458,20.692
318,DATA_20260210_100000.BIN,7.2226,22.6601,3.4067,22.6601,1.4410,1,9.213,9.334
319,DATA_20260210_100000.BIN,3.4067,24.1683,6.0053,24.1683,2.3760,1,7.202,8.044
320,DATA_20260210_100000.BIN,6.0053,19.6134,5.1981,19.6134,1.2980,1,5.600,7.095
321,DATA_20260210_100000.BIN,5.1981,19.9037,3.2614,19.9037,2.2440,1,5.458,8.126
322,DATA_20260210_100000.BIN,3.2614,17.6061,4.9139,17.6061,4.1250,1,8.341,8.515
323,DATA_20260210_100000.BIN,4.9139,16.1840,5.0162,16.1840,3.1570,1,9.301,9.374
324,DATA_20260210_100000.BIN,5.0162,49.7768,3.5402,49.7768,5.5550,1,8.438,8.701
325,DATA_20260210_100000.BIN,3.5402,12.7383,1.6477,12.7383,1.4410,1,6.020,6.255
326,DATA_20260210_100000.BIN,1.6477,13.9440,4.4549,13.9440,1.1330,1,3.024,3.077
327,DATA_20260210_100000.BIN,4.4549,17.7023,3.7331,17.7023,1.6390,1,1.348,5.189
328,DATA_20260210_100000.BIN,3.7331,19.0604,3.7223,19.0604,2.0900,1,4.033,4.357
329,DATA_20260210_100000.BIN,3.7223,13.2568,2.7369,13.2568,2.1780,1,3.155,3.731
330,DATA_20260210_100000.BIN,2.7369,16.1967,3.8898,16.1967,3.2010,1,5.330,5.332
331,DATA_20260210_100000.BIN,4.3069,19.1890,1.9957,19.1890,4.3780,1,5.023,5.034
332,DATA_20260210_100000.BIN,1.9388,16.3695,2.9241,16.3695,2.2660,1,1.710,2.402
333,DATA_20260210_100000.BIN,2.9241,13.9398,4.8306,13.9398,1.2650,1,3.850,4.561
334,DATA_20260210_100000.BIN,4.8306,13.4445,2.4921,13.4445,2.3210,1,5.244,5.418
335,DATA_20260210_100000.BIN,2.4921,14.5726,2.6633,14.5726,2.5740,1,4.708,5.943
336,DATA_20260210_100000.BIN,2.6633,12.1207,2.8947,12.1207,2.0570,1,5.712,5.871
337,DATA_20260210_100000.BIN,3.5384,17.8531,2.4159,17.8531,2.3650,1,3.540,3.944
338,DATA_20260210_100000.BIN,2.4159,13.9429,5.2518,13.9429,1.6390,1,2.753,3.002
339,DATA_20260210_100000.BIN,5.2518,12.6367,1.1682,12.6367,4.1360,1,9.867,10.507
340,DATA_20260210_100000.BIN,1.1682,38.3318,9.7331,38.3318,3.2560,1,0.749,0.783
341,DATA_20260210_100000.BIN,9.7331,33.9855,4.5187,33.9855,3.4650,1,12.061,15.370
342,DATA_20260210_100000.BIN,4.5187,18.6363,4.7479,18.6363,1.6170,1,3.062,4.555
343,DATA_20260210_100000.BIN,4.7479,17.2101,4.4879,17.2101,1.5180,1,5.952,5.953
344,DATA_20260210_100000.BIN,4.4879,14.8783,4.0210,14.8783,1.7820,1,5.319,5.475
345,DATA_20260210_100000.BIN,4.0210,15.8765,2.6757,15.8765,1.4300,1,4.553,4.560
346,DATA_20260210_100000.BIN,2.6757,12.8514,4.3366,12.8514,3.5860,1,5.517,6.096
347,DATA_20260210_100000.BIN,3.8867,13.4788,1.6913,13.4788,8.0740,1,4.750,4.757
348,DATA_20260210_100000.BIN,1.6913,11.1372,4.5013,11.1372,3.4870,1,1.690,2.159
349,DATA_20260210_100000.BIN,2.2598,11.2268,3.8767,11.2268,1.7050,1,4.037,4.125
350,DATA_20260210_100000.BIN,2.4627,14.5016,4.3388,14.5016,2.8270,1,1.302,1.771
351,DATA_20260210_100000.BIN,4.3388,13.6515,1.8671,13.6515,2.3210,1,4.333,4.716
352,DATA_20260210_100000.BIN,1.8671,9.3217,1.3420,9.3217,2.4090,1,4.928,5.013
353,DATA_20260210_100000.BIN,1.3420,14.8396,3.7957,14.8396,1.0340,1,2.463,2.503
354,DATA_20260210_100000.BIN,4.2605,20.4870,3.0325,20.4870,1.5730,1,7.266,7.436
355,DATA_20260210_100000.BIN,2.6551,14.1380,2.6548,14.1380,1.1110,1,1.768,2.404
356,DATA_20260210_100000.BIN,2.6548,16.1426,5.1920,16.1426,1.3310,1,2.540,3.399
357,DATA_20260210_100000.BIN,5.1920,11.2561,2.0247,11.2561,7.1720,1,6.110,7.001
358,DATA_20260210_100000.BIN,2.0247,13.4467,0.9981,13.4467,2.0900,1,4.053,4.497
359,DATA_20260210_100000.BIN,0.9981,13.6131,3.6832,13.6131,1.8260,1,1.870,2.859
360,DATA_20260210_100000.BIN,3.6832,18.9783,2.9039,18.9783,6.3800,1,6.393,6.435
361,DATA_20260210_100000.BIN,1.9158,18.8093,5.8887,18.8093,1.2760,1,1.493,1.508
362,DATA_20260210_100000.BIN,4.9700,14.6813,2.3692,14.6813,1.7600,1,8.138,9.072
363,DATA_20260210_100000.BIN,2.3692,13.0043,2.6390,13.0043,4.6640,1,5.828,6.375
364,DATA_20260210_100000.BIN,2.6390,16.8318,2.7231,16.8318,1.3860,1,1.358,1.881
365,DATA_20260210_100000.BIN,2.7231,13.2084,5.9718,13.2084,3.4760,1,1.817,1.886
366,DATA_20260210_100000.BIN,5.9718,10.5520,3.4453,10.5520,3.8500,1,9.726,9.881
367,DATA_20260210_100000.BIN,3.4453,16.8036,2.4651,16.8036,3.9050,1,8.087,8.330
368,DATA_20260210_100000.BIN,1.4774,12.4693,3.9835,12.4693,5.4670,1,4.205,4.609
369,DATA_20260210_100000.BIN,5.1088,10.7412,3.9807,10.7412,4.7410,1,8.135,8.233
370,DATA_20260210_100000.BIN,3.9807,17.9891,1.3712,17.9891,1.9690,1,5.017,5.029
371,DATA_20260210_100000.BIN,1.3712,18.1376,2.3132,18.1376,1.2980,1,2.408,2.456
372,DATA_20260210_100000.BIN,2.3132,22.1769,2.7020,22.1769,5.2910,1,1.365,2.543
373,DATA_20260210_100000.BIN,2.7020,11.1675,2.9009,11.1675,1.8700,1,4.992,5.011
374,DATA_20260210_100000.BIN,2.9009,20.4544,0.6038,20.4544,1.7820,1,6.500,6.565
375,DATA_20260210_100000.BIN,0.6038,20.3608,7.3318,20.3608,1.9030,1,0.740,1.558
376,DATA_20260210_100000.BIN,7.3318,24.9526,6.2370,24.9526,2.0130,1,12.441,12.453
377,DATA_20260210_100000.BIN,6.2370,15.1515,4.6327,15.1515,2.5630,1,6.941,9.447
378,DATA_20260210_100000.BIN,4.6327,18.9139,9.5940,18.9139,4.1470,1,6.518,7.029
379,DATA_20260210_100000.BIN,9.5940,29.4680,1.7722,29.4680,3.4210,1,8.579,11.622
380,DATA_20260210_100000.BIN,1.7722,25.3985,2.5824,25.3985,2.9040,1,2.380,2.399
381,DATA_20260210_100000.BIN,2.5824,13.4455,0.9858,13.4455,1.3530,1,5.307,5.379
382,DATA_20260210_100000.BIN,6.3577,15.5072,4.0606,15.5072,2.1450,1,13.149,13.264
383,DATA_20260210_100000.BIN,4.0606,21.2942,2.8531,21.2942,1.8920,1,4.619,5.885
384,DATA_20260210_100000.BIN,4.6950,17.6513,2.7428,17.6513,1.7160,1,6.677,6.956
385,DATA_20260210_100000.BIN,2.7428,19.7496,1.4252,19.7496,1.8920,1,3.348,3.646
386,DATA_20260210_100000.BIN,1.4252,14.5326,2.4600,14.5326,1.1000,1,2.114,2.116
387,DATA_20260210_100000.BIN,2.4600,13.2915,2.7990,13.2915,3.5090,1,2.717,2.821
388,DATA_20260210_100000.BIN,2.7990,11.2264,0.5982,11.2264,3.1240,1,4.758,5.585
389,DATA_20260210_100000.BIN,5.2856,19.0067,7.0911,19.0067,1.6500,1,7.836,8.205
390,DATA_20260210_100000.BIN,7.0388,18.1283,3.0376,18.1283,4.6970,1,9.750,10.022
391,DATA_20260210_100000.BIN,3.0376,9.1171,2.6678,9.1171,1.9580,1,7.051,7.186
392,DATA_20260210_100000.BIN,2.6678,26.2465,2.1235,26.2465,2.0900,1,3.692,3.988
393,DATA_20260210_100000.BIN,2.1235,9.9386,1.9341,9.9386,6.7430,1,4.259,4.274
394,DATA_20260210_100000.BIN,2.7868,13.1930,2.9954,13.1930,1.6720,1,4.287,4.429
395,DATA_20260210_100000.BIN,2.9954,16.4386,1.4122,16.4386,3.2340,1,3.753,3.828
396,DATA_20260210_100000.BIN,1.4122,13.2966,2.6166,13.2966,2.5630,1,1.219,1.612
397,DATA_20260210_100000.BIN,3.3314,13.7904,4.5236,13.7904,3.7950,1,3.131,3.540
398,DATA_20260210_100000.BIN,4.5236,15.1192,4.6789,15.1192,3.0690,1,4.906,5.038
399,DATA_20260210_100000.BIN,4.6789,14.3187,4.3903,14.3187,1.1660,1,5.709,6.025
400,DATA_20260210_100000.BIN,4.3903,20.0626,3.9195,20.0626,2.5080,1,4.213,4.651
401,DATA_20260210_100000.BIN,3.9195,15.5084,2.2924,15.5084,2.2880,1,5.019,5.101
402,DATA_20260210_100000.BIN,2.2924,24.0071,1.7655,24.0071,2.5300,1,1.379,1.513
403,DATA_20260210_100000.BIN,5.4284,15.0584,0.6208,15.0584,6.5890,1,10.224,10.268
404,DATA_20260210_100000.BIN,0.6208,19.1772,4.6414,19.1772,1.8150,1,1.377,3.229
405,DATA_20260210_100000.BIN,4.6414,22.7083,2.3890,22.7083,2.3320,1,8.255,8.943
406,DATA_20260210_100000.BIN,5.6444,16.2780,0.5317,16.2780,2.0790,1,5.796,5.980
407,DATA_20260210_100000.BIN,2.7029,15.7331,2.4250,15.7331,1.9030,1,5.352,5.906
408,DATA_20260210_100000.BIN,2.4250,11.5646,2.1205,11.5646,1.4630,1,3.455,4.584
409,DATA_20260210_100000.BIN,2.1205,18.7169,5.7251,18.7169,3.0690,1,3.182,3.760
410,DATA_20260210_100000.BIN,7.8850,16.8007,5.6722,16.8007,3.5860,1,11.613,11.640
411,DATA_20260210_100000.BIN,5.6722,20.4296,5.4410,20.4296,5.4120,1,7.440,7.712
412,DATA_20260210_100000.BIN,5.4410,20.0005,5.5279,20.0005,2.4420,1,7.989,8.081
413,DATA_20260210_100000.BIN,5.5279,17.5020,3.3675,17.5020,1.6500,1,6.679,6.697
414,DATA_20260210_100000.BIN,1.6301,20.5512,4.9864,20.5512,3.0800,1,2.894,3.369
415,DATA_20260210_100000.BIN,4.9864,20.3451,2.5365,20.3451,1.3970,1,4.276,4.931
416,DATA_20260210_100000.BIN,2.5365,17.2039,3.4058,17.2039,1.6830,1,2.596,2.596
417,DATA_20260210_100000.BIN,3.4058,18.8604,1.3740,18.8604,2.2550,1,2.805,2.855
418,DATA_20260210_100000.BIN,1.1205,14.8214,2.9340,14.8214,5.8630,1,5.077,5.115
419,DATA_20260210_100000.BIN,2.9340,13.9751,2.0414,13.9751,1.7930,1,5.700,6.010
420,DATA_20260210_100000.BIN,1.4365,11.8490,3.6684,11.8490,9.1300,1,1.742,3.369
421,DATA_20260210_100000.BIN,3.6684,13.2108,3.5646,13.2108,5.4670,1,1.239,6.845
422,DATA_20260210_100000.BIN,3.5646,19.6135,6.6319,19.6135,7.1170,1,6.928,7.237
423,DATA_20260210_100000.BIN,4.0303,18.0456,1.7214,18.0456,2.9260,1,6.976,7.108
424,DATA_20260210_100000.BIN,1.7214,11.7095,2.9849,11.7095,1.6500,1,4.194,4.270
425,DATA_20260210_100000.BIN,2.9849,15.0501,2.4417,15.0501,1.7710,1,5.504,5.504
426,DATA_20260210_100000.BIN,2.4417,17.5471,3.1999,17.5471,1.1880,1,1.868,2.561
427,DATA_20260210_100000.BIN,1.4961,14.7129,7.6526,14.7129,2.9260,1,2.360,2.857
428,DATA_20260210_100000.BIN,7.6526,20.1538,0.7389,20.1538,4.2790,1,11.247,12.224
429,DATA_20260210_100000.BIN,0.7389,12.1115,3.0644,12.1115,2.8160,1,3.197,3.390
430,DATA_20260210_100000.BIN,3.0644,13.6220,0.2730,13.6220,1.4740,1,2.625,4.526
431,DATA_20260210_100000.BIN,0.2730,12.9765,3.7581,12.9765,1.8260,1,2.262,2.277
432,DATA_20260210_100000.BIN,3.7581,13.8956,3.4609,13.8956,2.7830,1,3.834,4.098
433,DATA_20260210_100000.BIN,3.4609,8.9001,0.7192,8.9001,4.9060,1,2.774,3.144
434,DATA_20260210_100000.BIN,4.7110,70.6261,3.6301,70.6261,4.4660,1,4.101,6.584
435,DATA_20260210_100000.BIN,3.6301,16.0029,1.5867,16.0029,1.1990,1,3.947,4.071
436,DATA_20260210_100000.BIN,4.5155,13.8673,3.6281,13.8673,6.1050,1,5.992,5.993
437,DATA_20260210_100000.BIN,1.9917,11.0579,1.4466,11.0579,1.6500,1,3.406,4.791
438,DATA_20260210_100000.BIN,3.4629,13.7695,1.7743,13.7695,1.8370,1,1.986,3.159
439,DATA_20260210_100000.BIN,1.7743,31.5846,2.7162,31.5846,3.4100,1,4.053,4.609
440,DATA_20260210_100000.BIN,2.2829,27.5193,11.1095,27.5193,3.0030,1,2.936,3.653
441,DATA_20260210_100000.BIN,11.1095,21.2871,1.0081,21.2871,3.3770,1,16.162,16.374
442,DATA_20260210_100000.BIN,1.0081,18.3704,3.7705,18.3704,1.3750,1,3.897,3.928
443,DATA_20260210_100000.BIN,3.7705,77.4933,4.6578,77.4933,5.2580,1,6.219,6.268
444,DATA_20260210_100000.BIN,4.6578,11.3742,2.4955,11.3742,9.1960,1,8.875,8.946
445,DATA_20260210_100000.BIN,5.5570,11.6445,3.3495,11.6445,3.6520,1,9.947,9.962
446,DATA_20260210_100000.BIN,3.3495,10.1576,2.9099,10.1576,8.2060,1,3.731,4.880
447,DATA_20260210_100000.BIN,2.9099,24.0809,3.5291,24.0809,2.4310,1,3.774,3.792
448,DATA_20260210_100000.BIN,3.0307,13.9028,4.1720,13.9028,3.5200,1,4.479,4.866
449,DATA_20260210_100000.BIN,5.7457,25.0641,0.2809,25.0641,2.9810,1,8.011,8.305
450,DATA_20260210_100000.BIN,5.1336,12.8278,2.5789,12.8278,7.5020,1,3.838,6.614
451,DATA_20260210_100000.BIN,2.2486,14.7388,3.8551,14.7388,9.5920,1,1.596,1.716
452,DATA_20260210_100000.BIN,8.2763,78.7646,9.3387,78.7646,5.4340,1,11.292,12.404
453,DATA_20260210_100000.BIN,9.3387,78.9743,5.0412,78.9743,3.4100,1,14.820,14.820
454,DATA_20260210_100000.BIN,5.0412,21.2767,1.6540,21.2767,1.6500,1,7.778,9.910
455,DATA_20260210_100000.BIN,1.6540,10.6804,3.6260,10.6804,1.5180,1,0.392,3.698
456,DATA_20260210_100000.BIN,3.6260,13.2401,1.9560,13.2401,6.5450,1,1.763,5.419
457,DATA_20260210_100000.BIN,1.9560,9.8171,0.6351,9.8171,3.0360,1,4.647,4.703
458,DATA_20260210_100000.BIN,0.6351,77.6806,4.5584,77.6806,5.7090,1,1.163,1.624
459,DATA_20260210_100000.BIN,0.7491,15.3155,3.3194,15.3155,1.2870,1,0.992,1.568
460,DATA_20260210_100000.BIN,1.0281,9.1134,1.3354,9.1134,1.8700,1,1.553,1.554
461,DATA_20260210_100000.BIN,1.3354,18.5510,3.6891,18.5510,2.8050,1,2.777,2.807
462,DATA_20260210_100000.BIN,3.6891,10.2345,0.7763,10.2345,7.3260,1,2.525,4.250
463,DATA_20260210_100000.BIN,2.3091,78.3074,3.8814,78.3074,5.7310,1,2.881,3.404
464,DATA_20260210_100000.BIN,3.8814,15.7706,4.2052,15.7706,1.3420,1,8.665,9.180
465,DATA_20260210_100000.BIN,4.2052,20.8990,3.9926,20.8990,1.2870,1,8.321,8.398
466,DATA_20260210_100000.BIN,3.9926,13.6760,1.1970,13.6760,6.0060,1,6.545,6.551
467,DATA_20260210_100000.BIN,1.1970,11.0063,3.2736,11.0063,4.2020,1,0.861,1.311
468,DATA_20260210_100000.BIN,3.2736,13.0592,2.4905,13.0592,2.2110,1,4.280,4.846
469,DATA_20260210_100000.BIN,2.4905,32.5702,5.0835,32.5702,5.3790,1,2.686,2.901
470,DATA_20260210_100000.BIN,5.0835,11.4706,3.5845,11.4706,1.9030,1,5.167,7.143
471,DATA_20260210_100000.BIN,3.5845,15.2808,3.2814,15.2808,1.7270,1,4.636,5.076
472,DATA_20260210_100000.BIN,3.2814,19.3155,4.8579,19.3155,2.7500,1,6.058,6.311
473,DATA_20260210_100000.BIN,4.4485,19.8424,12.2833,19.8424,4.7300,1,4.039,5.814
474,DATA_20260210_100000.BIN,12.2833,22.9882,2.4882,22.9882,2.2440,1,16.905,17.249
475,DATA_20260210_100000.BIN,8.9731,26.3472,2.7895,26.3472,1.7710,1,7.238,11.450
476,DATA_20260210_100000.BIN,2.7895,19.9959,4.5304,19.9959,1.4850,1,4.243,4.570
477,DATA_20260210_100000.BIN,4.5304,20.4330,3.4421,20.4330,1.5180,1,5.219,5.770
478,DATA_20260210_100000.BIN,3.4421,26.3675,2.8834,26.3675,3.2560,1,3.138,3.711
479,DATA_20260210_100000.BIN,2.8834,12.6725,4.6861,12.6725,1.8590,1,6.551,6.743
480,DATA_20260210_100000.BIN,4.6861,19.0768,9.1249,19.0768,1.7270,1,6.206,7.761
481,DATA_20260210_100000.BIN,9.1249,19.4573,4.4255,19.4573,3.4540,1,9.671,11.187
482,DATA_20260210_100000.BIN,4.4255,23.0529,3.7939,23.0529,8.6020,1,7.950,8.406
483,DATA_20260210_100000.BIN,3.7939,28.6002,3.5159,28.6002,4.4660,1,8.533,8.696
484,DATA_20260210_100000.BIN,3.5159,20.5884,4.0429,20.5884,1.5070,1,5.883,6.237
485,DATA_20260210_100000.BIN,4.0429,24.0311,4.4884,24.0311,2.5300,1,5.778,5.826
486,DATA_20260210_100000.BIN,4.4884,15.2709,4.2648,15.2709,1.6170,1,3.982,5.821
487,DATA_20260210_100000.BIN,4.2648,15.9486,2.8268,15.9486,1.3640,1,5.022,5.237
488,DATA_20260210_100000.BIN,6.0005,19.6777,6.5437,19.6777,1.7050,1,4.850,7.526
489,DATA_20260210_100000.BIN,6.5437,18.3181,5.3560,18.3181,1.1880,1,8.849,8.857
490,DATA_20260210_100000.BIN,5.3560,23.9725,10.5432,23.9725,4.4880,1,6.174,6.338
491,DATA_20260210_100000.BIN,10.5432,18.4406,10.3085,18.4406,1.9800,1,10.658,12.188
492,DATA_20260210_100000.BIN,10.3085,17.6077,2.9526,17.6077,1.4630,1,11.898,13.794
493,DATA_20260210_100000.BIN,3.7189,28.4155,2.2383,28.4155,9.4930,1,3.618,3.897
494,DATA_20260210_100000.BIN,2.2383,20.4048,4.4857,20.4048,2.3210,1,5.315,5.511
495,DATA_20260210_100000.BIN,4.5405,17.8224,5.3829,17.8224,1.4960,1,8.738,9.955
496,DATA_20260210_100000.BIN,5.3829,21.3453,1.8202,21.3453,1.6830,1,6.240,7.082
497,DATA_20260210_100000.BIN,1.8202,19.1748,6.3755,19.1748,1.7270,1,3.535,4.062
498,DATA_20260210_100000.BIN,6.3755,20.3028,1.4617,20.3028,2.0240,1,7.028,7.710
499,DATA_20260210_100000.BIN,1.4617,25.5980,3.0157,25.5980,1.9580,1,4.635,4.857
500,DATA_20260210_100000.BIN,3.0157,18.5750,4.6146,18.5750,2.1230,1,3.530,3.534
501,DATA_20260210_100000.BIN,4.6146,17.1580,3.2642,17.1580,5.7860,1,5.859,5.958
502,DATA_20260210_100000.BIN,3.2642,23.6495,1.3464,23.6495,1.7600,1,5.944,6.352
503,DATA_20260210_100000.BIN,1.3464,22.0109,4.7169,22.0109,1.7160,1,1.783,1.788
504,DATA_20260210_100000.BIN,4.7169,22.3159,4.0859,22.3159,1.2870,1,5.662,5.666
505,DATA_20260210_100000.BIN,4.0859,22.0144,4.7988,22.0144,1.5180,1,2.771,5.335
506,DATA_20260210_100000.BIN,4.7988,18.4143,2.9635,18.4143,1.2760,1,6.560,6.801
507,DATA_20260210_100000.BIN,2.9635,16.5272,3.9477,16.5272,1.1880,1,7.201,7.487
508,DATA_20260210_100000.BIN,3.9477,20.8581,2.0025,20.8581,1.6390,1,3.859,4.329
509,DATA_20260210_100000.BIN,2.0025,28.2806,1.0120,28.2806,4.7300,1,4.747,6.447
510,DATA_20260210_100000.BIN,1.0120,17.3166,1.1832,17.3166,6.0610,1,4.527,4.581
511,DATA_20260210_100000.BIN,1.1832,13.8479,3.9249,13.8479,1.2760,1,3.031,3.101
512,DATA_20260210_100000.BIN,3.9249,17.4554,2.7865,17.4554,1.4080,1,4.636,5.008
513,DATA_20260210_100000.BIN,2.7865,17.5772,5.5829,17.5772,1.5070,1,4.706,4.717
514,DATA_20260210_100000.BIN,5.5829,12.7032,0.6522,12.7032,5.0380,1,8.690,8.821
515,DATA_20260210_100000.BIN,0.6522,15.7152,3.6657,15.7152,3.1900,1,0.815,3.231
516,DATA_20260210_100000.BIN,3.6657,17.8047,8.6117,17.8047,1.6500,1,4.740,4.749
517,DATA_20260210_100000.BIN,8.6117,22.7913,2.1677,22.7913,2.6400,1,12.824,12.825
518,DATA_20260210_100000.BIN,2.1677,24.9036,7.4747,24.9036,1.6170,1,1.977,5.024
519,DATA_20260210_100000.BIN,7.4747,13.6652,3.9619,13.6652,2.7500,1,7.139,10.425
520,DATA_20260210_100000.BIN,3.9619,16.6124,2.7202,16.6124,1.1440,1,6.366,6.605
521,DATA_20260210_100000.BIN,2.7202,19.3884,1.1466,19.3884,3.7840,1,2.115,2.590
522,DATA_20260210_100000.BIN,2.6450,17.5046,1.2923,17.5046,5.7200,1,4.590,4.608
523,DATA_20260210_100000.BIN,1.2923,17.1628,1.0572,17.1628,2.6840,1,1.960,2.364
524,DATA_20260210_100000.BIN,1.0572,12.6439,4.7159,12.6439,3.4540,1,4.347,5.214
525,DATA_20260210_100000.BIN,4.7159,18.3308,6.0056,18.3308,2.6290,1,9.230,9.230
526,DATA_20260210_100000.BIN,6.0056,75.3984,7.1963,75.3984,7.1500,1,8.665,9.052
527,DATA_20260210_100000.BIN,7.1963,34.5862,10.0407,34.5862,4.9060,1,12.714,12.718
528,DATA_20260210_100000.BIN,7.6677,78.1959,2.3033,78.1959,6.4570,1,12.970,13.183
529,DATA_20260210_100000.BIN,3.5632,15.6794,1.5591,15.6794,2.9150,1,4.360,6.979
530,DATA_20260210_100000.BIN,1.5591,16.6590,1.7211,16.6590,2.4200,1,3.359,3.641
531,DATA_20260210_100000.BIN,1.6607,15.3651,2.2978,15.3651,1.8040,1,1.878,2.008
532,DATA_20260210_100000.BIN,5.8937,14.5328,1.4853,14.5328,3.1460,1,5.899,6.849
533,DATA_20260210_100000.BIN,1.4853,14.6007,2.4046,14.6007,1.5070,1,5.472,6.013
534,DATA_20260210_100000.BIN,2.4046,18.6321,3.8971,18.6321,1.4080,1,6.555,6.644
535,DATA_20260210_100000.BIN,3.8971,16.9732,7.6663,16.9732,2.6620,1,8.055,8.098
536,DATA_20260210_100000.BIN,7.6663,16.7611,8.2187,16.7611,2.8600,1,12.814,12.814
537,DATA_20260210_100000.BIN,8.2187,17.9896,9.7694,17.9896,2.2660,1,12.596,12.610
538,DATA_20260210_100000.BIN,9.7694,15.9960,9.3430,15.9960,3.1350,1,13.550,13.707
539,DATA_20260210_100000.BIN,9.3430,16.6310,8.5470,16.6310,2.4640,1,11.436,11.756
540,DATA_20260210_100000.BIN,10.7641,21.5768,9.4644,21.5768,1.4080,1,12.355,12.378
541,DATA_20260210_100000.BIN,11.0647,23.3307,11.1424,23.3307,1.9910,1,11.560,11.622
542,DATA_20260210_100000.BIN,11.1424,23.8025,8.8633,23.8025,3.0140,1,9.394,10.137
543,DATA_20260210_100000.BIN,8.8633,19.8095,12.0470,19.8095,3.3220,1,6.966,7.289
544,DATA_20260210_100000.BIN,12.0470,18.1594,8.9269,18.1594,5.2030,1,10.304,10.843
545,DATA_20260210_100000.BIN,8.9269,23.5511,4.3769,23.5511,1.7930,1,5.268,5.683
546,DATA_20260210_100000.BIN,4.3769,71.0196,0.4094,71.0196,6.4020,1,16.503,16.738
547,DATA_20260210_100000.BIN,0.4094,13.5962,6.4654,13.5962,9.4490,1,6.621,6.899
548,DATA_20260210_100000.BIN,6.4654,16.1581,5.4456,16.1581,1.7050,1,18.667,18.667
549,DATA_20260210_100000.BIN,5.4456,26.3896,5.1860,26.3896,7.9090,1,13.398,13.809
550,DATA_20260210_100000.BIN,17.0902,31.7080,1.2463,31.7080,3.4980,1,21.399,21.768
551,DATA_20260210_100000.BIN,1.2463,14.1116,3.0098,14.1116,1.5730,1,8.077,8.252
552,DATA_20260210_100000.BIN,3.0098,23.6645,4.6187,23.6645,3.2670,1,6.252,6.321
553,DATA_20260210_100000.BIN,4.6187,12.0811,3.2297,12.0811,2.3870,1,5.811,6.246
554,DATA_20260210_100000.BIN,3.2297,14.1027,2.9679,14.1027,1.2870,1,4.412,4.836
555,DATA_20260210_100000.BIN,2.9679,18.8882,1.4600,18.8882,1.3640,1,3.938,4.088
556,DATA_20260210_100000.BIN,1.4600,15.6996,2.6295,15.6996,1.2540,1,4.124,4.240
557,DATA_20260210_100000.BIN,2.6295,16.3424,4.1486,16.3424,1.2320,1,7.872,7.873
558,DATA_20260210_100000.BIN,4.1486,12.4669,4.2944,12.4669,1.4080,1,6.732,6.836
559,DATA_20260210_100000.BIN,4.2944,16.4421,2.1672,16.4421,1.4080,1,6.170,6.703
560,DATA_20260210_100000.BIN,2.1672,14.1994,4.6364,14.1994,1.3860,1,3.534,3.596
561,DATA_20260210_100000.BIN,4.6364,15.8831,2.2983,15.8831,1.3310,1,5.368,6.026
562,DATA_20260210_100000.BIN,2.2983,15.0926,0.8132,15.0926,1.2870,1,1.730,1.734
563,DATA_20260210_100000.BIN,0.8132,16.4948,1.7631,16.4948,1.4190,1,2.180,2.182
564,DATA_20260210_100000.BIN,1.7631,16.1520,2.2657,16.1520,1.4080,1,1.349,1.422
565,DATA_20260210_100000.BIN,2.2657,19.2451,2.3641,19.2451,1.4080,1,3.303,3.511
566,DATA_20260210_100000.BIN,2.3641,18.7779,0.9106,18.7779,1.3970,1,5.367,5.445
567,DATA_20260210_100000.BIN,0.9106,18.1237,0.1133,18.1237,1.3530,1,0.877,0.910
568,DATA_20260210_100000.BIN,0.1133,19.3581,2.7879,19.3581,1.5290,1,1.372,1.547
569,DATA_20260210_100000.BIN,2.7879,19.2240,1.7083,19.2240,1.4080,1,3.692,3.703
570,DATA_20260210_100000.BIN,1.7083,17.8266,5.5016,17.8266,2.5080,1,3.215,3.508
571,DATA_20260210_100000.BIN,5.5016,21.2904,7.0696,21.2904,1.5950,1,6.108,6.291
572,DATA_20260210_100000.BIN,6.5688,37.9742,4.1244,37.9742,5.1040,1,10.609,11.217
573,DATA_20260210_100000.BIN,5.2177,65.6743,1.9259,65.6743,6.2150,1,5.709,7.735
574,DATA_20260210_100000.BIN,3.5483,15.9432,3.0347,15.9432,1.0340,1,1.164,2.718
575,DATA_20260210_100000.BIN,3.0347,37.9524,4.5300,37.9524,3.4430,1,1.268,1.459
576,DATA_20260210_100000.BIN,4.5300,13.2871,3.4959,13.2871,1.5180,1,4.572,6.399
577,DATA_20260210_100000.BIN,3.4959,20.1931,13.2592,20.1931,1.9030,1,3.583,6.950
578,DATA_20260210_100000.BIN,13.2592,27.9040,8.9661,27.9040,2.9700,1,15.675,16.282
579,DATA_20260210_100000.BIN,8.9661,26.4007,7.2128,26.4007,1.8480,1,12.298,13.721
580,DATA_20260210_100000.BIN,7.2128,15.5187,0.5857,15.5187,2.4640,1,16.526,16.571
581,DATA_20260210_100000.BIN,0.5857,21.2639,2.6834,21.2639,1.8150,1,1.520,3.568
582,DATA_20260210_100000.BIN,2.6834,17.3643,2.4116,17.3643,1.7600,1,2.735,5.060
583,DATA_20260210_100000.BIN,2.4116,20.5545,8.2656,20.5545,1.4300,1,3.997,4.606
584,DATA_20260210_100000.BIN,8.2656,18.9683,3.6125,18.9683,1.1880,1,10.945,12.111
585,DATA_20260210_100000.BIN,3.6125,17.8136,4.1390,17.8136,1.2980,1,4.184,5.054
586,DATA_20260210_100000.BIN,4.1390,20.6799,2.0044,20.6799,1.3530,1,3.750,3.914
587,DATA_20260210_100000.BIN,2.0044,17.2685,2.4436,17.2685,1.3750,1,0.796,1.340
588,DATA_20260210_100000.BIN,2.4436,15.5604,4.2289,15.5604,1.4080,1,0.963,1.024
589,DATA_20260210_100000.BIN,4.2289,16.8787,4.0392,16.8787,1.4080,1,4.226,4.494
590,DATA_20260210_100000.BIN,4.0392,19.0461,2.0338,19.0461,1.4740,1,2.904,2.993
591,DATA_20260210_100000.BIN,2.0338,18.5472,3.4505,18.5472,1.1660,1,4.365,4.403
592,DATA_20260210_100000.BIN,3.4505,15.0254,1.3753,15.0254,1.6170,1,1.658,5.058
593,DATA_20260210_100000.BIN,1.3753,15.0616,4.2487,15.0616,1.2870,1,2.953,3.878
594,DATA_20260210_100000.BIN,4.2487,18.9100,2.7972,18.9100,2.6180,1,10.154,10.413
595,DATA_20260210_100000.BIN,2.7972,17.7996,5.3392,17.7996,1.5840,1,5.762,5.783
596,DATA_20260210_100000.BIN,5.3392,19.1437,3.2733,19.1437,1.7490,1,6.551,7.057
597,DATA_20260210_100000.BIN,3.3217,17.6514,2.5068,17.6514,2.0240,1,7.607,7.645
598,DATA_20260210_100000.BIN,2.5068,19.3810,4.7583,19.3810,2.4640,1,1.502,4.130
599,DATA_20260210_100000.BIN,4.7583,15.6788,7.2199,15.6788,2.0680,1,6.614,7.221
600,DATA_20260210_100000.BIN,7.2199,15.0827,0.3527,15.0827,1.6060,1,9.870,10.493
601,DATA_20260210_100000.BIN,0.3527,17.2977,7.6817,17.2977,2.8600,1,3.164,4.156
602,DATA_20260210_100000.BIN,7.6817,17.3079,2.4684,17.3079,1.2210,1,9.577,9.933
603,DATA_20260210_100000.BIN,3.2607,15.2426,4.4072,15.2426,1.2980,1,7.634,7.635
604,DATA_20260210_100000.BIN,4.4072,16.6530,6.0295,16.6530,1.8480,1,9.242,9.338
605,DATA_20260210_100000.BIN,6.0295,14.9943,3.3320,14.9943,1.6720,1,9.173,9.263
606,DATA_20260210_100000.BIN,3.3320,17.0450,4.0318,17.0450,1.6500,1,5.536,5.700
607,DATA_20260210_100000.BIN,4.0318,19.0444,3.9029,19.0444,2.0680,1,5.179,5.763
608,DATA_20260210_100000.BIN,3.9029,17.1225,2.3262,17.1225,1.3750,1,3.914,5.504
609,DATA_20260210_100000.BIN,2.3262,16.3726,4.3444,16.3726,1.9800,1,2.106,3.039
610,DATA_20260210_100000.BIN,4.3444,18.4919,3.1300,18.4919,2.0240,1,3.111,4.721
611,DATA_20260210_100000.BIN,3.1300,19.3578,3.7959,19.3578,1.5950,1,3.304,3.361
612,DATA_20260210_100000.BIN,3.7959,17.4166,3.9780,17.4166,3.0690,1,4.179,5.494
613,DATA_20260210_100000.BIN,3.9780,17.1707,3.6668,17.1707,2.0680,1,5.043,5.055
614,DATA_20260210_100000.BIN,3.6668,21.3437,0.6395,21.3437,2.0130,1,3.494,3.589
615,DATA_20260210_100000.BIN,0.6395,17.3701,4.2398,17.3701,1.4740,1,1.036,1.745
616,DATA_20260210_100000.BIN,4.2398,18.3782,3.9667,18.3782,2.3210,1,2.583,3.780
617,DATA_20260210_100000.BIN,3.9667,14.7042,1.4421,14.7042,1.3200,1,4.753,4.900
618,DATA_20260210_100000.BIN,1.4421,14.3109,3.8515,14.3109,1.5290,1,1.324,1.557
619,DATA_20260210_100000.BIN,3.8515,19.2269,4.5301,19.2269,4.5430,1,2.651,2.867
620,DATA_20260210_100000.BIN,4.5301,18.6614,6.8421,18.6614,1.4850,1,7.395,7.405
621,DATA_20260210_100000.BIN,6.8421,20.9600,2.6262,20.9600,1.3530,1,5.679,6.844
622,DATA_20260210_100000.BIN,5.4955,17.4278,3.5770,17.4278,1.2540,1,4.167,4.811
623,DATA_20260210_100000.BIN,2.7989,10.9871,3.5026,10.9871,2.4640,1,2.814,3.110
624,DATA_20260210_100000.BIN,3.5026,18.3540,4.6767,18.3540,2.8160,1,4.624,5.093
625,DATA_20260210_110000.BIN,6.9568,24.2546,9.5638,24.2546,2.5300,1,10.309,12.888
626,DATA_20260210_110000.BIN,9.5638,29.0293,11.9497,29.0293,2.3650,1,6.507,7.917
627,DATA_20260210_110000.BIN,11.9497,22.1651,8.4222,22.1651,3.7950,1,11.524,13.174
628,DATA_20260210_110000.BIN,8.4222,26.6099,13.7983,26.6099,1.7600,1,6.228,9.532
629,DATA_20260210_110000.BIN,13.7983,25.1440,7.0512,25.1440,4.3670,1,13.670,14.726
630,DATA_20260210_110000.BIN,7.0512,25.5680,9.0057,25.5680,2.7060,1,6.974,9.552
631,DATA_20260210_110000.BIN,9.0057,38.6330,14.5845,38.6330,7.4250,1,7.798,10.899
632,DATA_20260210_110000.BIN,14.5845,25.9601,10.2966,25.9601,1.6610,1,15.316,17.574
633,DATA_20260210_110000.BIN,10.2966,23.2165,8.1786,23.2165,1.7820,1,1.336,1.772
634,DATA_20260210_110000.BIN,8.1786,23.6744,6.8974,23.6744,2.2330,1,6.456,7.715
635,DATA_20260210_110000.BIN,6.8974,21.6836,7.7412,21.6836,1.5730,1,5.239,5.956
636,DATA_20260210_110000.BIN,7.7412,23.5251,7.2879,23.5251,1.7710,1,3.036,3.223
637,DATA_20260210_110000.BIN,5.1009,23.6339,14.6630,23.6339,3.0250,1,7.408,9.308
638,DATA_20260210_110000.BIN,14.6630,24.4032,12.8500,24.4032,1.6390,1,11.449,12.164
639,DATA_20260210_110000.BIN,12.8500,27.1105,11.5975,27.1105,1.8920,1,7.510,7.728
640,DATA_20260210_110000.BIN,11.5975,21.2897,8.1018,21.2897,7.1280,1,3.257,3.327
641,DATA_20260210_110000.BIN,8.1018,23.4488,7.7914,23.4488,3.7400,1,8.845,8.881
642,DATA_20260210_110000.BIN,7.7914,21.4517,11.7689,21.4517,1.8370,1,3.457,4.148
643,DATA_20260210_110000.BIN,11.7689,23.9267,9.0309,23.9267,1.7710,1,3.932,5.677
644,DATA_20260210_110000.BIN,9.0309,25.0811,8.7764,25.0811,2.4530,1,2.090,2.613
645,DATA_20260210_110000.BIN,4.0907,31.2775,13.4431,31.2775,3.1460,1,7.384,9.812
646,DATA_20260210_110000.BIN,13.4431,24.3332,8.8874,24.3332,1.8150,1,8.311,8.391
647,DATA_20260210_110000.BIN,8.8874,25.2803,11.5955,25.2803,1.7490,1,3.228,3.235
648,DATA_20260210_110000.BIN,11.5955,25.1734,14.3801,25.1734,1.5840,1,5.692,6.268
649,DATA_20260210_110000.BIN,14.3801,27.0404,7.7942,27.0404,2.7940,1,6.964,8.145
650,DATA_20260210_110000.BIN,7.7942,26.2423,10.7110,26.2423,1.6940,1,3.195,3.386
651,DATA_20260210_110000.BIN,10.7110,26.0782,5.1482,26.0782,5.5660,1,2.214,4.272
652,DATA_20260210_110000.BIN,5.1482,19.8561,4.9589,19.8561,7.0620,1,10.008,10.292
653,DATA_20260210_110000.BIN,4.9589,20.9522,6.5196,20.9522,1.7600,1,8.158,8.322
654,DATA_20260210_110000.BIN,6.5196,19.8900,4.2685,19.8900,2.2550,1,7.470,8.161
655,DATA_20260210_110000.BIN,10.4973,22.5040,14.9478,22.5040,3.5310,1,5.013,7.234
656,DATA_20260210_110000.BIN,8.5037,29.2425,6.0479,29.2425,3.1570,1,0.207,0.429
657,DATA_20260210_110000.BIN,6.0479,22.6077,7.5737,22.6077,2.5520,1,9.497,9.574
658,DATA_20260210_110000.BIN,7.5737,21.5608,10.3291,21.5608,1.4410,1,0.872,1.911
659,DATA_20260210_110000.BIN,10.3291,24.4088,10.3139,24.4088,1.7380,1,8.568,8.603
660,DATA_20260210_110000.BIN,10.3139,22.5604,5.4813,22.5604,1.6280,1,6.794,8.249
661,DATA_20260210_110000.BIN,5.4813,14.0329,4.7371,14.0329,1.9800,1,1.554,7.282
662,DATA_20260210_110000.BIN,4.7371,21.8261,7.8075,21.8261,1.5950,1,6.105,7.053
663,DATA_20260210_110000.BIN,7.8075,24.4059,10.0148,24.4059,1.6940,1,4.741,4.769
664,DATA_20260210_110000.BIN,10.0148,22.0040,6.9360,22.0040,4.4220,1,6.384,7.210
665,DATA_20260210_110000.BIN,6.9360,17.6061,8.1225,17.6061,3.1460,1,5.426,5.935
666,DATA_20260210_110000.BIN,8.1225,28.4931,11.6713,28.4931,1.5950,1,4.157,4.321
667,DATA_20260210_110000.BIN,11.6713,25.5395,9.8827,25.5395,2.0680,1,7.326,7.347
668,DATA_20260210_110000.BIN,9.8827,20.8363,9.2051,20.8363,1.6280,1,3.461,4.453
669,DATA_20260210_110000.BIN,7.8171,25.5868,5.8164,25.5868,5.0710,1,5.459,5.460
670,DATA_20260210_110000.BIN,5.8164,25.7368,11.5015,25.7368,2.0350,1,7.848,8.125
671,DATA_20260210_110000.BIN,11.5015,24.2887,14.3951,24.2887,1.7490,1,7.591,7.638
672,DATA_20260210_110000.BIN,7.2902,26.0959,14.0821,26.0959,2.3430,1,0.660,1.303
673,DATA_20260210_110000.BIN,9.8199,28.6826,17.0907,28.6826,7.5240,1,6.713,9.058
674,DATA_20260210_110000.BIN,5.0116,26.6689,5.8420,26.6689,7.4690,1,4.667,4.821
675,DATA_20260210_110000.BIN,5.8420,28.5005,5.4358,28.5005,2.7720,1,1.738,1.828
676,DATA_20260210_110000.BIN,5.4358,25.2094,10.6432,25.2094,2.1670,1,6.643,6.949
677,DATA_20260210_110000.BIN,10.6432,25.4025,7.5487,25.4025,1.6720,1,6.311,6.668
678,DATA_20260210_110000.BIN,7.5487,27.6212,9.5049,27.6212,5.8520,1,3.739,4.223
679,DATA_20260210_110000.BIN,9.5049,21.7094,9.0537,21.7094,2.3430,1,2.618,3.181
680,DATA_20260210_110000.BIN,7.7919,23.2451,7.1245,23.2451,8.4150,1,4.509,4.644
681,DATA_20260210_110000.BIN,7.1245,28.5929,6.9473,28.5929,9.7240,1,9.082,9.801
682,DATA_20260210_110000.BIN,6.9473,28.8792,8.3658,28.8792,2.3540,1,6.958,6.958
683,DATA_20260210_110000.BIN,8.3658,22.2859,11.4900,22.2859,1.6610,1,2.336,3.292
684,DATA_20260210_110000.BIN,11.4900,21.7585,9.0483,21.7585,2.8160,1,6.742,10.982
685,DATA_20260210_110000.BIN,9.0483,21.4638,9.7963,21.4638,1.6830,1,8.489,8.629
686,DATA_20260210_110000.BIN,9.7963,19.7433,8.8174,19.7433,1.7600,1,6.020,6.101
687,DATA_20260210_110000.BIN,8.8174,16.4164,5.4974,16.4164,6.3360,1,4.638,4.975
688,DATA_20260210_110000.BIN,5.4974,22.3441,8.4884,22.3441,2.2330,1,6.083,6.506
689,DATA_20260210_110000.BIN,8.4884,14.6205,4.1908,14.6205,6.5560,1,4.671,4.727
690,DATA_20260210_110000.BIN,4.1908,20.1018,7.5239,20.1018,3.1460,1,4.275,6.170
691,DATA_20260210_110000.BIN,7.5239,22.2019,8.7034,22.2019,1.6940,1,6.587,7.697
692,DATA_20260210_110000.BIN,8.7034,23.3710,12.4430,23.3710,1.5730,1,5.028,5.035
693,DATA_20260210_110000.BIN,12.4430,26.7521,11.3752,26.7521,3.6520,1,8.667,9.274
694,DATA_20260210_110000.BIN,11.3752,23.9909,15.0490,23.9909,1.6720,1,6.065,8.884
695,DATA_20260210_110000.BIN,15.0490,25.2302,15.9274,25.2302,4.4330,1,11.813,11.842
696,DATA_20260210_110000.BIN,11.6277,22.6395,9.2510,22.6395,1.5950,1,5.810,6.648
697,DATA_20260210_110000.BIN,9.2510,21.3798,7.0298,21.3798,1.6940,1,1.285,1.457
698,DATA_20260210_110000.BIN,7.0298,23.4688,9.1397,23.4688,1.8370,1,1.529,2.545
699,DATA_20260210_110000.BIN,9.1397,25.2352,11.1220,25.2352,1.7160,1,3.762,3.762
700,DATA_20260210_110000.BIN,11.1220,24.7976,14.1178,24.7976,1.9470,1,4.121,4.514
701,DATA_20260210_110000.BIN,14.1178,25.6149,13.0375,25.6149,1.8150,1,7.617,9.886
702,DATA_20260210_110000.BIN,13.0375,25.0799,9.1203,25.0799,5.1590,1,4.865,4.927
703,DATA_20260210_110000.BIN,8.6514,33.8479,8.0076,33.8479,5.4780,1,6.352,6.499
704,DATA_20260210_110000.BIN,8.0076,29.6785,6.2653,29.6785,6.5780,1,6.581,6.601
705,DATA_20260210_110000.BIN,6.2653,23.2926,8.2827,23.2926,3.3770,1,7.277,8.506
706,DATA_20260210_110000.BIN,8.2827,23.5945,10.2774,23.5945,1.8700,1,2.758,2.872
707,DATA_20260210_110000.BIN,10.2774,22.6783,10.4920,22.6783,2.0680,1,2.848,3.730
708,DATA_20260210_110000.BIN,10.4920,21.0813,7.7007,21.0813,1.8810,1,3.874,5.416
709,DATA_20260210_110000.BIN,7.7007,22.4710,9.6610,22.4710,2.0020,1,3.409,3.798
710,DATA_20260210_110000.BIN,9.6610,22.0472,8.6162,22.0472,1.6170,1,4.295,4.358
711,DATA_20260210_110000.BIN,5.7240,15.9895,5.6639,15.9895,2.7390,1,4.107,5.137
712,DATA_20260210_110000.BIN,5.6639,22.3816,7.9206,22.3816,1.7600,1,4.748,5.791
713,DATA_20260210_110000.BIN,7.9206,25.1018,10.9750,25.1018,1.7050,1,0.969,1.242
714,DATA_20260210_110000.BIN,10.9750,24.1704,12.2611,24.1704,1.6940,1,4.094,6.469
715,DATA_20260210_110000.BIN,12.2611,25.0052,12.0076,25.0052,1.5180,1,6.325,8.248
716,DATA_20260210_110000.BIN,12.0076,25.0412,12.5679,25.0412,1.4960,1,6.824,6.836
717,DATA_20260210_110000.BIN,12.5679,22.4338,7.8989,22.4338,5.7970,1,6.524,6.859
718,DATA_20260210_110000.BIN,7.8989,27.0291,5.2976,27.0291,3.6520,1,8.548,8.555
719,DATA_20260210_110000.BIN,13.4275,32.4496,12.0744,32.4496,3.1240,1,6.379,8.320
720,DATA_20260210_110000.BIN,12.0744,22.3596,9.6877,22.3596,1.7160,1,5.350,5.394
721,DATA_20260210_110000.BIN,9.6877,28.4108,8.2926,28.4108,4.0590,1,6.786,8.137
722,DATA_20260210_110000.BIN,8.2926,27.8034,16.5797,27.8034,2.2440,1,1.441,1.653
723,DATA_20260210_110000.BIN,10.6020,21.6192,9.0033,21.6192,1.5840,1,1.961,2.913
724,DATA_20260210_110000.BIN,9.0033,27.0533,12.1854,27.0533,1.9800,1,1.222,1.227
725,DATA_20260210_110000.BIN,12.1854,22.6716,6.2497,22.6716,1.4080,1,4.406,4.419
726,DATA_20260210_110000.BIN,6.2497,23.5594,9.7342,23.5594,1.6170,1,5.232,6.543
727,DATA_20260210_110000.BIN,9.7342,22.7641,9.7335,22.7641,1.6060,1,5.477,7.035
728,DATA_20260210_110000.BIN,9.7335,24.3198,10.2315,24.3198,1.6940,1,5.091,5.108
729,DATA_20260210_110000.BIN,10.2315,22.8159,9.2208,22.8159,1.6720,1,3.318,3.472
730,DATA_20260210_110000.BIN,9.2208,20.8899,9.4862,20.8899,1.8040,1,1.158,3.775
731,DATA_20260210_110000.BIN,9.4862,23.1726,10.5744,23.1726,1.5620,1,0.947,2.382
732,DATA_20260210_110000.BIN,10.5744,19.9448,11.9761,19.9448,5.6540,1,5.455,7.005
733,DATA_20260210_110000.BIN,11.9761,19.2133,12.2634,19.2133,5.1920,1,8.629,10.744
734,DATA_20260210_110000.BIN,6.1602,20.5696,14.1105,20.5696,3.3880,1,4.759,5.348
735,DATA_20260210_110000.BIN,14.1105,26.0083,8.8239,26.0083,8.9870,1,8.607,8.863
736,DATA_20260210_110000.BIN,8.8239,23.4175,5.5096,23.4175,3.3550,1,4.424,4.499
737,DATA_20260210_110000.BIN,5.5096,24.0513,12.0460,24.0513,1.9250,1,8.110,8.435
738,DATA_20260210_110000.BIN,11.8465,31.4351,6.7949,31.4351,5.9510,1,5.702,8.389
739,DATA_20260210_110000.BIN,6.8212,19.0300,5.9850,19.0300,1.9800,1,8.704,8.746
740,DATA_20260210_110000.BIN,5.9850,21.6341,10.6211,21.6341,5.3680,1,4.850,7.230
741,DATA_20260210_110000.BIN,10.6211,21.6978,12.1284,21.6978,2.4200,1,5.463,5.991
742,DATA_20260210_110000.BIN,12.1284,24.5772,10.2627,24.5772,1.8370,1,7.608,9.721
743,DATA_20260210_110000.BIN,10.2627,21.0215,10.9741,21.0215,1.8590,1,3.937,4.231
744,DATA_20260210_110000.BIN,10.9741,20.0580,0.8345,20.0580,4.4660,1,4.802,4.802
745,DATA_20260210_110000.BIN,0.8345,11.2410,4.9044,11.2410,4.3670,1,9.443,9.450
746,DATA_20260210_110000.BIN,3.3289,25.2367,5.0723,25.2367,2.5960,1,6.418,6.418
747,DATA_20260210_110000.BIN,2.7352,21.6410,2.5176,21.6410,2.3320,1,6.254,6.427
748,DATA_20260210_110000.BIN,2.5176,21.4864,6.5495,21.4864,2.0900,1,5.802,6.119
749,DATA_20260210_110000.BIN,6.5495,21.4461,5.2798,21.4461,1.6830,1,2.866,2.877
750,DATA_20260210_110000.BIN,15.5919,29.0750,10.4696,29.0750,3.4320,1,12.010,14.701
751,DATA_20260210_110000.BIN,10.4696,23.7725,13.5516,23.7725,1.6280,1,5.067,7.802
752,DATA_20260210_110000.BIN,22.7959,38.1361,12.5750,38.1361,6.2700,1,21.308,22.326
753,DATA_20260210_110000.BIN,9.3980,24.6086,6.7806,24.6086,1.6830,1,3.050,3.056
754,DATA_20260210_110000.BIN,6.7806,23.7871,5.4995,23.7871,7.4580,1,4.612,4.865
755,DATA_20260210_110000.BIN,5.4995,19.5007,4.1279,19.5007,4.7740,1,4.788,5.108
756,DATA_20260210_110000.BIN,4.1279,24.3666,12.3314,24.3666,5.3020,1,5.419,5.825
757,DATA_20260210_110000.BIN,12.3314,25.4377,8.2338,25.4377,4.1250,1,7.921,7.962
758,DATA_20260210_110000.BIN,8.2338,18.9829,5.2319,18.9829,1.7050,1,8.543,9.546
759,DATA_20260210_110000.BIN,2.9409,19.4583,11.0662,19.4583,4.5210,1,8.050,8.962
760,DATA_20260210_110000.BIN,11.0662,23.0066,7.9513,23.0066,3.8170,1,8.398,9.401
761,DATA_20260210_110000.BIN,7.9513,26.5286,4.8121,26.5286,2.8160,1,1.917,4.983
762,DATA_20260210_110000.BIN,4.8121,18.4380,7.0876,18.4380,6.1380,1,4.556,5.383
763,DATA_20260210_110000.BIN,3.5194,13.6858,2.6344,13.6858,4.2790,1,5.019,6.438
764,DATA_20260210_110000.BIN,1.9274,23.1079,10.8753,23.1079,3.2670,1,5.923,5.927
765,DATA_20260210_110000.BIN,10.8753,21.5518,9.1045,21.5518,8.7450,1,7.047,7.075
766,DATA_20260210_110000.BIN,9.1045,21.0024,13.2522,21.0024,1.8920,1,4.965,6.427
767,DATA_20260210_110000.BIN,20.5636,30.0625,16.2978,30.0625,2.9260,1,17.930,24.449
768,DATA_20260210_110000.BIN,13.1715,20.1170,8.6383,20.1170,2.2880,1,7.708,12.313
769,DATA_20260210_110000.BIN,8.6383,22.0960,9.6144,22.0960,4.5540,1,4.898,5.903
770,DATA_20260210_110000.BIN,9.5243,20.1997,11.1606,20.1997,2.1230,1,4.807,4.862
771,DATA_20260210_110000.BIN,11.1606,27.2548,2.5081,27.2548,4.0700,1,3.942,6.371
772,DATA_20260210_110000.BIN,2.5081,24.3593,9.0117,24.3593,2.1340,1,8.194,10.173
773,DATA_20260210_110000.BIN,7.3132,20.6858,2.1480,20.6858,5.4010,1,0.276,6.022
774,DATA_20260210_110000.BIN,5.1446,22.5958,9.5975,22.5958,2.8820,1,2.861,2.935
775,DATA_20260210_110000.BIN,10.3951,28.5515,16.2212,28.5515,9.4600,1,6.941,8.973
776,DATA_20260210_110000.BIN,8.3520,25.3631,4.2290,25.3631,3.3440,1,10.014,10.567
777,DATA_20260210_110000.BIN,4.2290,21.8286,7.2323,21.8286,4.3340,1,3.081,6.611
778,DATA_20260210_110000.BIN,7.2323,15.7044,7.3406,15.7044,1.5290,1,8.956,8.957
779,DATA_20260210_110000.BIN,7.6565,24.6968,6.6022,24.6968,4.2350,1,6.823,10.583
780,DATA_20260210_110000.BIN,6.6022,13.8062,6.2793,13.8062,1.9360,1,4.564,5.988
781,DATA_20260210_110000.BIN,10.1596,16.6391,3.7252,16.6391,5.3790,1,6.935,8.800
782,DATA_20260210_110000.BIN,3.7252,34.2377,7.7806,34.2377,4.6970,1,3.113,3.459
783,DATA_20260210_110000.BIN,7.7806,24.8004,12.3628,24.8004,1.7270,1,7.223,8.348
784,DATA_20260210_110000.BIN,9.4395,29.1028,9.5025,29.1028,8.1950,1,4.904,5.809
785,DATA_20260210_110000.BIN,9.5025,30.6896,23.2649,30.6896,7.0840,1,6.448,6.805
786,DATA_20260210_110000.BIN,6.0632,25.5057,7.1654,25.5057,3.9490,1,3.756,7.473
787,DATA_20260210_110000.BIN,7.1654,28.0538,11.5371,28.0538,5.7640,1,3.474,6.183
788,DATA_20260210_110000.BIN,5.0174,28.1623,4.1878,28.1623,6.6990,1,8.464,9.071
789,DATA_20260210_110000.BIN,0.8286,25.2201,3.1837,25.2201,4.7190,1,8.439,10.944
790,DATA_20260210_110000.BIN,3.1581,26.4658,14.8945,26.4658,7.9970,1,9.200,9.397
791,DATA_20260210_110000.BIN,14.8945,23.5630,11.5770,23.5630,3.5640,1,11.720,18.388
792,DATA_20260210_110000.BIN,11.5770,28.0690,1.9275,28.0690,3.3110,1,16.243,16.403
793,DATA_20260210_110000.BIN,1.9275,23.1063,2.5105,23.1063,2.1010,1,5.473,5.658
794,DATA_20260210_110000.BIN,4.7712,9.9172,1.1898,9.9172,2.8710,1,6.253,6.261
795,DATA_20260210_110000.BIN,1.1898,11.4228,2.5412,11.4228,2.4640,1,6.648,6.656
796,DATA_20260210_110000.BIN,10.4891,31.5906,5.9050,31.5906,5.9400,1,6.543,12.418
797,DATA_20260210_110000.BIN,3.0329,24.2205,1.6465,24.2205,6.1160,1,6.865,7.641
798,DATA_20260210_110000.BIN,4.1950,15.0274,2.7028,15.0274,2.0460,1,9.531,11.681
799,DATA_20260210_110000.BIN,2.3845,11.1681,1.1581,11.1681,7.1500,1,5.651,6.495
800,DATA_20260210_110000.BIN,1.1581,22.9894,3.4142,22.9894,2.6400,1,2.155,3.477
801,DATA_20260210_110000.BIN,3.4142,34.9994,11.6257,34.9994,7.1280,1,6.027,6.985
802,DATA_20260210_110000.BIN,11.6257,25.8677,16.4324,25.8677,2.5850,1,14.133,14.846
803,DATA_20260210_110000.BIN,7.7115,15.5601,0.8160,15.5601,9.3830,1,10.686,15.097
804,DATA_20260210_110000.BIN,0.8160,11.1717,4.2060,11.1717,6.6440,1,2.304,2.481
805,DATA_20260210_110000.BIN,4.2060,11.4671,1.3245,11.4671,8.3600,1,7.952,9.048
806,DATA_20260210_110000.BIN,1.7410,17.2607,1.7139,17.2607,1.7490,1,4.329,4.409
807,DATA_20260210_110000.BIN,2.9021,15.0930,1.7175,15.0930,4.3670,1,2.043,2.044
808,DATA_20260210_110000.BIN,1.7175,11.1845,2.4176,11.1845,9.3830,1,4.772,6.783
809,DATA_20260210_110000.BIN,2.4176,20.6246,9.2152,20.6246,5.8410,1,3.000,6.763
810,DATA_20260210_110000.BIN,5.3070,15.3507,5.9163,15.3507,1.5620,1,5.263,5.287
811,DATA_20260210_110000.BIN,5.9163,14.8528,3.8982,14.8528,6.9190,1,6.341,7.340
812,DATA_20260210_110000.BIN,3.8982,18.6160,2.1450,18.6160,3.1240,1,4.229,5.258
813,DATA_20260210_110000.BIN,6.2222,19.5913,1.7555,19.5913,4.7960,1,6.980,7.277
814,DATA_20260210_110000.BIN,0.1880,9.2020,1.1519,9.2020,4.2900,1,2.057,2.061
815,DATA_20260210_110000.BIN,1.1519,45.1494,0.7842,45.1494,6.1930,1,1.456,1.854
816,DATA_20260210_110000.BIN,0.7842,42.9209,3.7153,42.9209,7.8540,1,1.295,4.024
817,DATA_20260210_110000.BIN,3.7153,16.0203,1.7616,16.0203,2.1230,1,2.772,4.171
818,DATA_20260210_110000.BIN,4.7377,19.9609,1.3882,19.9609,5.6320,1,8.108,8.644
819,DATA_20260210_110000.BIN,1.3882,20.6569,2.7919,20.6569,2.6400,1,2.049,3.842
820,DATA_20260210_110000.BIN,1.6254,13.1336,3.0476,13.1336,1.4190,1,0.085,5.676
821,DATA_20260210_110000.BIN,3.5798,22.2493,1.7080,22.2493,2.5740,1,5.501,7.598
822,DATA_20260210_110000.BIN,0.0577,10.8547,1.4042,10.8547,1.9800,1,1.308,3.702
823,DATA_20260210_110000.BIN,1.4042,33.9908,0.7146,33.9908,3.5640,1,1.007,3.083
824,DATA_20260210_110000.BIN,1.4818,11.2133,1.3010,11.2133,3.2010,1,2.853,2.893
825,DATA_20260210_110000.BIN,1.3010,10.8685,1.4735,10.8685,2.8710,1,1.624,8.120
826,DATA_20260210_110000.BIN,1.4735,16.6584,3.6825,16.6584,4.0810,1,2.276,8.433
827,DATA_20260210_110000.BIN,3.6825,12.2553,3.9417,12.2553,4.2570,1,4.143,5.141
828,DATA_20260210_110000.BIN,3.9417,13.4626,0.9609,13.4626,7.9640,1,5.083,5.219
829,DATA_20260210_110000.BIN,0.4587,45.1860,3.4408,45.1860,4.6090,1,3.320,8.860
830,DATA_20260210_110000.BIN,3.4408,12.2477,0.6160,12.2477,8.0080,1,3.672,8.854
831,DATA_20260210_110000.BIN,0.9763,16.1845,1.8593,16.1845,6.3360,1,2.519,2.829
832,DATA_20260210_110000.BIN,1.1842,23.2122,1.7948,23.2122,6.8090,1,2.644,9.453
833,DATA_20260210_110000.BIN,3.8206,12.7100,1.0637,12.7100,2.1780,1,6.144,6.574
834,DATA_20260210_110000.BIN,1.0637,10.2427,1.9259,10.2427,4.4660,1,1.060,1.203
835,DATA_20260210_110000.BIN,1.9259,12.8415,1.6393,12.8415,6.3580,1,2.363,2.370
836,DATA_20260210_110000.BIN,0.6788,13.5405,4.4338,13.5405,2.0790,1,1.549,6.194
837,DATA_20260210_110000.BIN,0.5879,18.1953,1.7187,18.1953,3.5750,1,1.131,1.396
838,DATA_20260210_110000.BIN,1.7187,13.2006,3.3550,13.2006,2.3650,1,1.840,2.074
839,DATA_20260210_110000.BIN,1.9647,16.3110,2.5994,16.3110,1.8040,1,2.568,2.680
840,DATA_20260210_110000.BIN,3.1975,11.4778,1.6477,11.4778,1.9140,1,3.487,3.698
841,DATA_20260210_110000.BIN,1.6477,12.5855,0.7756,12.5855,1.8810,1,2.252,4.266
842,DATA_20260210_110000.BIN,0.7756,18.4949,1.3678,18.4949,4.2240,1,1.313,1.343
843,DATA_20260210_110000.BIN,1.3678,21.0918,7.7381,21.0918,7.2710,1,1.025,1.028
844,DATA_20260210_110000.BIN,7.7381,21.4343,5.7345,21.4343,4.8730,1,10.357,10.779
845,DATA_20260210_110000.BIN,3.7606,10.6411,0.9286,10.6411,7.7440,1,5.940,6.452
846,DATA_20260210_110000.BIN,0.9286,14.3829,3.5712,14.3829,2.5080,1,0.552,3.824
847,DATA_20260210_110000.BIN,3.5712,14.6078,4.6433,14.6078,5.5440,1,5.283,5.761
848,DATA_20260210_110000.BIN,1.5668,8.7021,0.7290,8.7021,2.4420,1,4.300,8.957
849,DATA_20260210_110000.BIN,0.6267,12.4415,3.6527,12.4415,1.3420,1,0.812,2.667
850,DATA_20260210_110000.BIN,3.6527,13.1919,1.0621,13.1919,2.9260,1,3.645,6.451
851,DATA_20260210_110000.BIN,1.0621,10.7912,1.2117,10.7912,2.3980,1,1.239,3.288
852,DATA_20260210_110000.BIN,1.2117,10.1802,0.9295,10.1802,2.6070,1,2.079,2.532
853,DATA_20260210_110000.BIN,0.9295,14.1611,5.2350,14.1611,7.9420,1,1.683,2.101
854,DATA_20260210_110000.BIN,5.2350,13.8928,3.7108,13.8928,3.7510,1,5.963,6.029
855,DATA_20260210_110000.BIN,3.7108,22.3366,4.5439,22.3366,4.3010,1,5.122,6.199
856,DATA_20260210_110000.BIN,4.5439,10.6042,1.1708,10.6042,5.4120,1,5.963,6.000
857,DATA_20260210_110000.BIN,2.2264,17.8489,4.2738,17.8489,7.9640,1,4.392,7.053
858,DATA_20260210_110000.BIN,1.4806,15.3552,0.6491,15.3552,3.1350,1,1.421,2.881
859,DATA_20260210_110000.BIN,0.6491,15.3507,3.0055,15.3507,9.8890,1,1.876,2.862
860,DATA_20260210_110000.BIN,6.5108,18.5272,1.8349,18.5272,3.0470,1,9.543,15.883
861,DATA_20260210_110000.BIN,1.8349,13.9758,4.2098,13.9758,2.8270,1,2.385,2.636
862,DATA_20260210_110000.BIN,4.2098,15.2666,4.3611,15.2666,2.3320,1,5.206,8.377
863,DATA_20260210_110000.BIN,6.9696,18.8922,2.3478,18.8922,4.2240,1,8.871,9.378
864,DATA_20260210_110000.BIN,1.6908,16.0838,3.8361,16.0838,1.6500,1,2.295,7.128
865,DATA_20260210_110000.BIN,3.8361,13.4464,2.0956,13.4464,4.4770,1,6.490,11.062
866,DATA_20260210_110000.BIN,4.2870,14.4428,3.1466,14.4428,2.6180,1,6.299,10.037
867,DATA_20260210_110000.BIN,3.1466,11.2246,2.2925,11.2246,1.8370,1,3.376,3.628
868,DATA_20260210_110000.BIN,2.2925,13.8930,2.9358,13.8930,3.7840,1,3.477,5.032
869,DATA_20260210_110000.BIN,0.6226,10.7784,3.8419,10.7784,2.6730,1,1.024,4.760
870,DATA_20260210_110000.BIN,3.8419,14.5632,3.8043,14.5632,4.1250,1,5.451,6.121
871,DATA_20260210_110000.BIN,3.8043,15.6345,5.5119,15.6345,1.2870,1,5.330,7.379
872,DATA_20260210_110000.BIN,5.5119,36.8089,8.3932,36.8089,3.8720,1,5.828,5.897
873,DATA_20260210_110000.BIN,8.3932,32.2203,4.9425,32.2203,1.9360,1,8.070,8.211
874,DATA_20260210_110000.BIN,4.9425,20.4227,11.4739,20.4227,2.1230,1,6.813,7.296
875,DATA_20260210_110000.BIN,11.4739,43.4009,3.3537,43.4009,4.4440,1,15.463,19.459
876,DATA_20260210_110000.BIN,3.3537,50.0952,19.0578,50.0952,7.0730,1,4.111,5.256
877,DATA_20260210_110000.BIN,19.0578,42.0480,30.7269,42.0480,8.1840,1,22.149,28.052
878,DATA_20260210_110000.BIN,30.7269,44.8810,31.2112,44.8810,5.9730,1,52.451,52.824
879,DATA_20260210_110000.BIN,30.9754,55.4843,3.2788,55.4843,5.9400,1,34.393,36.800
880,DATA_20260210_110000.BIN,3.2788,42.0784,5.7466,42.0784,5.3240,1,9.668,12.485
881,DATA_20260210_110000.BIN,15.6919,39.9181,17.5292,39.9181,8.0410,1,22.999,22.999
882,DATA_20260210_110000.BIN,8.8762,24.6454,5.6754,24.6454,4.5540,1,10.074,14.245
883,DATA_20260210_110000.BIN,5.6754,16.8305,8.3965,16.8305,3.0910,1,7.220,7.220
884,DATA_20260210_110000.BIN,8.3965,17.7912,3.9414,17.7912,3.0250,1,9.367,9.405
885,DATA_20260210_110000.BIN,3.9414,19.4440,9.3841,19.4440,2.9370,1,3.979,4.644
886,DATA_20260210_110000.BIN,9.3841,21.3680,5.7689,21.3680,1.7490,1,8.761,9.200
887,DATA_20260210_110000.BIN,2.8294,9.7231,1.6552,9.7231,1.9800,1,4.260,5.686
888,DATA_20260210_110000.BIN,1.6552,21.1152,3.7902,21.1152,4.5320,1,4.421,4.560
889,DATA_20260210_110000.BIN,2.7733,11.4862,2.6031,11.4862,4.7520,1,2.698,2.718
890,DATA_20260210_110000.BIN,2.6031,15.5474,1.7043,15.5474,1.8150,1,1.144,1.464
891,DATA_20260210_110000.BIN,3.9277,14.5462,4.2958,14.5462,1.9580,1,2.752,3.390
892,DATA_20260210_110000.BIN,3.2504,10.2862,4.1264,10.2862,1.8700,1,4.486,5.712
893,DATA_20260210_110000.BIN,4.1264,19.2960,1.3690,19.2960,6.5560,1,7.214,10.921
894,DATA_20260210_110000.BIN,1.3690,18.7450,2.7517,18.7450,2.1340,1,2.475,3.299
895,DATA_20260210_110000.BIN,2.7517,16.9500,2.2880,16.9500,3.9930,1,1.438,2.112
896,DATA_20260210_110000.BIN,2.2880,12.0067,1.4124,12.0067,2.4640,1,4.473,6.897
897,DATA_20260210_110000.BIN,1.4124,11.2466,1.9498,11.2466,2.3430,1,0.336,1.016
898,DATA_20260210_110000.BIN,1.9498,10.3645,3.1939,10.3645,2.4200,1,1.512,1.667
899,DATA_20260210_110000.BIN,2.6585,17.7403,7.7529,17.7403,3.6300,1,5.235,6.723
900,DATA_20260210_110000.BIN,7.7529,16.4232,1.3395,16.4232,6.4790,1,7.914,7.989
901,DATA_20260210_110000.BIN,1.3395,13.7501,2.4625,13.7501,3.4760,1,3.336,3.836
902,DATA_20260210_110000.BIN,0.3656,10.6501,2.0450,10.6501,4.2570,1,1.650,3.436
903,DATA_20260210_110000.BIN,2.2587,12.4608,1.1702,12.4608,3.2120,1,2.363,2.412
904,DATA_20260210_110000.BIN,2.0653,12.9055,2.2490,12.9055,4.7300,1,4.015,4.075
905,DATA_20260210_110000.BIN,2.2490,10.9969,0.4216,10.9969,4.1580,1,3.958,4.312
906,DATA_20260210_110000.BIN,0.4216,15.2632,3.5225,15.2632,3.1350,1,1.675,1.680
907,DATA_20260210_110000.BIN,3.5225,15.0650,6.2303,15.0650,3.2120,1,5.310,6.630
908,DATA_20260210_110000.BIN,6.2303,12.0529,2.8183,12.0529,4.8950,1,8.135,8.135
909,DATA_20260210_110000.BIN,2.8183,17.6847,2.8003,17.6847,5.0710,1,3.035,3.076
910,DATA_20260210_110000.BIN,2.5698,14.2967,1.9556,14.2967,4.0810,1,2.310,3.104
911,DATA_20260210_110000.BIN,1.9556,13.7571,1.1079,13.7571,2.0240,1,1.585,1.621
912,DATA_20260210_110000.BIN,1.1079,14.2677,3.2605,14.2677,4.4330,1,0.733,0.773
913,DATA_20260210_110000.BIN,3.2605,10.3611,1.2741,10.3611,5.1150,1,4.574,4.631
914,DATA_20260210_110000.BIN,1.2741,15.5042,3.5829,15.5042,1.8260,1,2.064,2.072
915,DATA_20260210_110000.BIN,3.5829,19.4528,6.4116,19.4528,8.4920,1,4.374,4.910
916,DATA_20260210_110000.BIN,1.5760,12.2272,1.6484,12.2272,3.3880,1,1.911,2.011
917,DATA_20260210_110000.BIN,1.6484,11.5441,1.8487,11.5441,6.1710,1,1.596,2.360
918,DATA_20260210_110000.BIN,1.3858,11.0176,2.6007,11.0176,1.3420,1,1.875,5.798
919,DATA_20260210_110000.BIN,2.4699,14.0312,5.4726,14.0312,4.4220,1,3.238,3.241
920,DATA_20260210_110000.BIN,5.4726,13.0933,3.4315,13.0933,5.3240,1,7.441,8.158
921,DATA_20260210_110000.BIN,3.4315,11.0735,1.4508,11.0735,4.8730,1,3.496,4.118
922,DATA_20260210_110000.BIN,1.4508,13.7247,4.6475,13.7247,8.6900,1,2.697,3.904
923,DATA_20260210_110000.BIN,4.6475,15.9725,5.2279,15.9725,2.4860,1,5.968,6.247
924,DATA_20260210_110000.BIN,5.2279,16.4759,3.6959,16.4759,5.8850,1,5.147,5.190
925,DATA_20260210_110000.BIN,0.2489,10.6522,2.3851,10.6522,5.3020,1,1.389,2.042
926,DATA_20260210_110000.BIN,6.8772,19.3389,0.6135,19.3389,2.7830,1,4.913,10.427
927,DATA_20260210_110000.BIN,0.6135,9.7383,0.5298,9.7383,1.5510,1,2.316,4.164
928,DATA_20260210_110000.BIN,3.4506,16.1263,1.4828,16.1263,2.5410,1,4.329,4.431
929,DATA_20260210_110000.BIN,1.4828,12.0089,2.9252,12.0089,3.8170,1,3.638,8.602
930,DATA_20260210_110000.BIN,0.8017,11.8431,2.4088,11.8431,2.6510,1,1.421,3.456
931,DATA_20260210_110000.BIN,1.9350,15.4147,0.7406,15.4147,8.0630,1,3.417,6.306
932,DATA_20260210_110000.BIN,0.7406,26.2511,9.6873,26.2511,5.0930,1,0.991,4.438
933,DATA_20260210_110000.BIN,1.3784,14.2913,0.4225,14.2913,3.4320,1,2.262,3.850
934,DATA_20260210_110000.BIN,0.4225,11.9793,1.6280,11.9793,1.7490,1,1.315,5.051
935,DATA_20260210_110000.BIN,1.6280,10.8876,0.7188,10.8876,1.8370,1,2.693,4.219
936,DATA_20260210_110000.BIN,1.1307,13.9265,2.0092,13.9265,5.8740,1,0.949,1.219
937,DATA_20260210_110000.BIN,2.0092,9.0875,2.2059,9.0875,2.0130,1,2.606,3.697
938,DATA_20260210_110000.BIN,2.2059,11.9388,0.2122,11.9388,2.1890,1,2.834,3.190
939,DATA_20260210_110000.BIN,0.5755,11.3734,3.1680,11.3734,3.1790,1,0.531,0.717
940,DATA_20260210_110000.BIN,3.1680,17.5049,8.1799,17.5049,1.8260,1,4.191,6.436
941,DATA_20260210_110000.BIN,2.1275,11.8196,2.6607,11.8196,1.7380,1,2.284,2.599
942,DATA_20260210_110000.BIN,1.9833,10.9771,2.7561,10.9771,1.8150,1,2.862,5.189
943,DATA_20260210_110000.BIN,2.7561,8.9221,2.0191,8.9221,1.8040,1,3.428,6.117
944,DATA_20260210_110000.BIN,2.0191,10.5336,1.1260,10.5336,1.8370,1,1.602,4.084
945,DATA_20260210_110000.BIN,1.1260,13.7079,1.7325,13.7079,7.7660,1,1.902,2.816
946,DATA_20260210_110000.BIN,1.7325,10.7206,1.1536,10.7206,2.7390,1,2.375,2.414
947,DATA_20260210_110000.BIN,1.1536,12.3202,1.4514,12.3202,2.2220,1,2.657,6.470
948,DATA_20260210_110000.BIN,1.4514,9.9535,1.9930,9.9535,1.8150,1,2.081,4.604
949,DATA_20260210_110000.BIN,1.9930,11.1321,0.8605,11.1321,1.8590,1,1.581,3.234
950,DATA_20260210_110000.BIN,0.8605,15.8870,4.0242,15.8870,2.1890,1,0.591,3.290
951,DATA_20260210_110000.BIN,0.8339,13.4636,1.5284,13.4636,3.2340,1,1.717,1.802
952,DATA_20260210_110000.BIN,3.9436,12.7003,0.5173,12.7003,1.9910,1,5.013,5.043
953,DATA_20260210_110000.BIN,0.5173,20.6638,5.2052,20.6638,5.4230,1,0.752,1.381
954,DATA_20260210_110000.BIN,5.2052,12.9587,0.8582,12.9587,3.0140,1,6.193,6.251
955,DATA_20260210_110000.BIN,0.8582,12.6513,0.9405,12.6513,1.6830,1,1.257,1.955
956,DATA_20260210_110000.BIN,0.9405,10.9193,2.2276,10.9193,1.4410,1,1.406,1.787
957,DATA_20260210_110000.BIN,0.3711,11.6688,1.9120,11.6688,3.7950,1,1.748,3.569
958,DATA_20260210_110000.BIN,1.9120,22.3431,8.4791,22.3431,4.3890,1,1.903,2.657
959,DATA_20260210_110000.BIN,8.4791,41.0607,26.6176,41.0607,2.8930,1,9.396,15.531
960,DATA_20260210_110000.BIN,26.6176,41.3937,23.7250,41.3937,1.9910,1,132.400,143.892
961,DATA_20260210_110000.BIN,0.8860,12.4995,1.3291,12.4995,1.4300,1,14.478,15.856
962,DATA_20260210_110000.BIN,1.3291,42.1543,19.3071,42.1543,6.7100,1,13.635,16.570
963,DATA_20260210_110000.BIN,19.3071,40.2378,31.4692,40.2378,4.8400,1,15.455,15.457
964,DATA_20260210_110000.BIN,31.4692,41.0409,4.1770,41.0409,3.5750,1,105.526,111.649
965,DATA_20260210_110000.BIN,2.7317,11.5535,4.1808,11.5535,1.5070,1,20.883,21.053
966,DATA_20260210_110000.BIN,4.1808,12.5107,0.4384,12.5107,3.2780,1,25.043,26.594
967,DATA_20260210_110000.BIN,0.4384,11.7773,1.6265,11.7773,6.4130,1,18.263,20.765
968,DATA_20260210_110000.BIN,1.6265,9.0770,1.5558,9.0770,7.0620,1,17.241,17.988
969,DATA_20260210_110000.BIN,1.5558,17.7330,6.0184,17.7330,5.7640,1,15.313,15.349
970,DATA_20260210_110000.BIN,1.9598,14.1525,3.5652,14.1525,6.2040,1,11.552,14.219
971,DATA_20260210_110000.BIN,3.0870,23.2716,17.3150,23.2716,3.7620,1,16.578,16.631
972,DATA_20260210_110000.BIN,17.3150,24.0712,12.7579,24.0712,3.0800,1,31.911,31.924
973,DATA_20260210_110000.BIN,12.7579,20.8337,3.5653,20.8337,3.3990,1,23.797,24.824
974,DATA_20260210_110000.BIN,3.5653,13.9235,4.9862,13.9235,9.5370,1,3.192,3.216
975,DATA_20260210_110000.BIN,5.3696,23.3641,14.2658,23.3641,7.6230,1,8.682,12.336
976,DATA_20260210_110000.BIN,14.2658,21.4137,9.2679,21.4137,3.9930,1,20.413,21.805
977,DATA_20260210_110000.BIN,9.3392,18.5404,4.0385,18.5404,3.3000,1,10.771,10.816
978,DATA_20260210_110000.BIN,5.0158,15.5070,7.5583,15.5070,1.4850,1,10.000,10.884
979,DATA_20260210_110000.BIN,7.5583,18.3481,1.8029,18.3481,3.1900,1,9.762,13.286
980,DATA_20260210_110000.BIN,2.0599,11.5821,4.2756,11.5821,5.3350,1,7.454,9.807
981,DATA_20260210_110000.BIN,4.2756,16.0343,3.7805,16.0343,3.1020,1,2.935,2.951
982,DATA_20260210_110000.BIN,3.7805,13.9189,3.4055,13.9189,6.8530,1,9.184,13.157
983,DATA_20260210_110000.BIN,9.4950,26.7856,5.1100,26.7856,5.2140,1,13.604,14.276
984,DATA_20260210_110000.BIN,6.2247,19.9562,3.0144,19.9562,1.6060,1,6.838,7.103
985,DATA_20260210_110000.BIN,3.0144,15.4780,1.9137,15.4780,1.6610,1,0.217,9.011
986,DATA_20260210_110000.BIN,1.9137,14.6099,4.9058,14.6099,1.6170,1,2.717,6.422
987,DATA_20260210_110000.BIN,4.9058,12.6890,2.6982,12.6890,1.4630,1,10.004,13.551
988,DATA_20260210_110000.BIN,2.6982,12.8205,2.6041,12.8205,1.5180,1,5.835,8.556
989,DATA_20260210_110000.BIN,2.6041,11.0726,2.2702,11.0726,1.7710,1,5.124,8.031
990,DATA_20260210_110000.BIN,2.2702,12.8316,1.4804,12.8316,1.8920,1,3.390,6.670
991,DATA_20260210_110000.BIN,1.4804,17.6562,2.8766,17.6562,3.1350,1,0.982,4.136
992,DATA_20260210_110000.BIN,2.8766,11.1617,0.8955,11.1617,1.3420,1,3.140,3.141
993,DATA_20260210_110000.BIN,0.8955,13.9916,2.8121,13.9916,2.2770,1,1.696,1.712
994,DATA_20260210_110000.BIN,2.8121,10.1750,2.1032,10.1750,1.5510,1,3.504,3.552
995,DATA_20260210_110000.BIN,2.1032,9.9052,0.6756,9.9052,1.7820,1,3.363,3.394
996,DATA_20260210_110000.BIN,0.6756,12.1436,1.6073,12.1436,2.7610,1,1.253,1.363
997,DATA_20260210_110000.BIN,1.6073,13.0011,4.3764,13.0011,8.8550,1,3.346,9.017
998,DATA_20260210_110000.BIN,4.3764,13.8347,3.1563,13.8347,2.2770,1,8.261,13.730
999,DATA_20260210_110000.BIN,1.7596,18.4249,0.2892,18.4249,3.2450,1,2.035,3.333
1000,DATA_20260210_110000.BIN,0.2892,17.9788,3.1644,17.9788,3.0250,1,1.316,2.628
1001,DATA_20260210_110000.BIN,3.1644,12.4325,2.5776,12.4325,1.7820,1,3.740,4.080
1002,DATA_20260210_110000.BIN,2.5776,12.1245,4.6340,12.1245,1.5950,1,1.700,4.589
1003,DATA_20260210_110000.BIN,1.4106,11.2398,1.3434,11.2398,6.2700,1,2.263,2.307
1004,DATA_20260210_110000.BIN,1.3434,14.7554,5.4181,14.7554,5.2360,1,2.045,2.179
1005,DATA_20260210_110000.BIN,5.4181,12.2418,0.7892,12.2418,2.1670,1,7.047,7.350
1006,DATA_20260210_110000.BIN,0.7892,11.8240,3.1876,11.8240,1.6720,1,1.536,4.266
1007,DATA_20260210_110000.BIN,3.1876,12.4766,2.7199,12.4766,3.2890,1,2.989,3.009
1008,DATA_20260210_110000.BIN,2.7199,14.2026,3.1539,14.2026,3.0140,1,3.296,4.621
1009,DATA_20260210_110000.BIN,3.1539,14.6320,3.7246,14.6320,3.4430,1,5.768,8.284
1010,DATA_20260210_110000.BIN,3.7246,15.3014,1.4913,15.3014,2.9590,1,3.217,4.995
1011,DATA_20260210_110000.BIN,1.4913,12.5578,1.0189,12.5578,3.0910,1,3.296,6.848
1012,DATA_20260210_110000.BIN,1.0189,17.6664,6.9421,17.6664,2.4310,1,1.095,1.668
1013,DATA_20260210_110000.BIN,6.9421,34.6478,1.8664,34.6478,5.7860,1,7.455,12.332
1014,DATA_20260210_110000.BIN,1.8664,14.2860,2.9484,14.2860,6.6110,1,1.977,2.347
1015,DATA_20260210_110000.BIN,3.1696,12.1286,1.9949,12.1286,1.9030,1,4.989,8.578
1016,DATA_20260210_110000.BIN,5.1830,15.4239,6.7299,15.4239,1.9690,1,8.087,9.511
1017,DATA_20260210_110000.BIN,1.4776,21.1450,14.2217,21.1450,5.0490,1,3.850,4.756
1018,DATA_20260210_110000.BIN,14.2217,23.6194,2.5792,23.6194,3.9820,1,16.491,21.050
1019,DATA_20260210_110000.BIN,3.9443,14.5695,2.5598,14.5695,1.5620,1,1.822,4.240
1020,DATA_20260210_110000.BIN,2.5598,12.6840,3.5225,12.6840,2.3210,1,2.222,8.780
1021,DATA_20260210_110000.BIN,3.5225,16.2485,1.7613,16.2485,3.9380,1,1.929,2.359
1022,DATA_20260210_110000.BIN,1.7613,10.7846,1.9238,10.7846,5.7310,1,4.165,8.022
1023,DATA_20260210_110000.BIN,4.2457,13.9651,2.8420,13.9651,6.5340,1,2.121,2.602
1024,DATA_20260210_110000.BIN,1.5240,13.1534,1.1376,13.1534,3.8280,1,3.063,3.173
1025,DATA_20260210_110000.BIN,1.1376,14.0025,2.5920,14.0025,3.2890,1,4.273,4.847
1026,DATA_20260210_110000.BIN,7.2376,16.0534,1.9909,16.0534,1.6500,1,8.410,8.427
1027,DATA_20260210_110000.BIN,1.9909,18.7928,2.4172,18.7928,1.7710,1,0.602,1.981
1028,DATA_20260210_110000.BIN,2.4172,15.4979,2.1512,15.4979,5.9400,1,1.910,3.176
1029,DATA_20260210_110000.BIN,2.1512,15.9265,3.1301,15.9265,3.9490,1,4.905,4.924
1030,DATA_20260210_110000.BIN,3.6428,11.4400,2.6526,11.4400,2.0790,1,6.280,8.759
1031,DATA_20260210_110000.BIN,0.1667,20.4988,4.1421,20.4988,7.2710,1,1.057,2.648
1032,DATA_20260210_110000.BIN,4.1421,13.0642,1.6115,13.0642,1.6720,1,4.019,4.299
1033,DATA_20260210_110000.BIN,1.6115,13.8400,3.4543,13.8400,3.5970,1,3.169,6.620
1034,DATA_20260210_110000.BIN,3.4543,12.4932,2.7635,12.4932,2.8270,1,5.815,8.192
1035,DATA_20260210_110000.BIN,0.7279,18.4873,3.4477,18.4873,2.8600,1,1.608,3.046
1036,DATA_20260210_110000.BIN,23.4302,41.8848,1.7343,41.8848,3.3660,1,138.254,148.691
1037,DATA_20260210_110000.BIN,1.7343,21.1213,4.9987,21.1213,3.4980,1,17.054,18.480
1038,DATA_20260210_110000.BIN,4.9987,21.9268,1.3673,21.9268,6.9300,1,8.586,9.063
1039,DATA_20260210_110000.BIN,1.3673,29.5947,2.5784,29.5947,8.3380,1,11.989,11.993
1040,DATA_20260210_110000.BIN,2.5784,15.5905,6.7794,15.5905,6.7870,1,10.544,10.912
1041,DATA_20260210_110000.BIN,1.6931,13.7659,3.1439,13.7659,2.0130,1,9.508,9.818
1042,DATA_20260210_110000.BIN,3.1439,19.1147,6.2645,19.1147,5.5110,1,11.265,11.291
1043,DATA_20260210_110000.BIN,6.2645,15.7455,3.6166,15.7455,3.2780,1,9.627,11.112
1044,DATA_20260210_110000.BIN,8.9915,28.7016,11.1367,28.7016,6.2920,1,10.992,12.066
1045,DATA_20260210_110000.BIN,11.1367,21.2323,8.8867,21.2323,3.2780,1,10.023,12.912
1046,DATA_20260210_110000.BIN,8.8867,37.4303,6.0962,37.4303,6.2480,1,8.153,10.067
1047,DATA_20260210_110000.BIN,6.0962,17.7965,3.2678,17.7965,8.3930,1,6.701,8.071
1048,DATA_20260210_110000.BIN,5.8667,40.6035,5.6693,40.6035,5.5660,1,2.064,2.445
1049,DATA_20260210_110000.BIN,2.9159,14.4823,7.3477,14.4823,4.0810,1,6.379,7.882
1050,DATA_20260210_110000.BIN,7.3477,14.5544,2.3942,14.5544,5.9510,1,1.251,1.368
1051,DATA_20260210_110000.BIN,8.2153,16.3007,4.4928,16.3007,7.9860,1,12.244,12.318
1052,DATA_20260210_110000.BIN,4.4928,15.0567,3.7895,15.0567,2.1670,1,10.327,12.997
1053,DATA_20260210_110000.BIN,3.7895,15.4500,3.2913,15.4500,5.0160,1,5.703,6.498
1054,DATA_20260210_110000.BIN,7.7867,26.0162,10.5255,26.0162,7.0950,1,6.909,7.118
1055,DATA_20260210_110000.BIN,10.5255,41.5733,21.5742,41.5733,4.6530,1,6.775,6.799
1056,DATA_20260210_110000.BIN,5.4514,15.7933,3.0414,15.7933,3.9930,1,8.632,9.605
1057,DATA_20260210_110000.BIN,3.6797,11.7448,0.5102,11.7448,1.9690,1,10.321,12.796
1058,DATA_20260210_110000.BIN,0.5102,12.9226,3.3990,12.9226,3.4760,1,6.225,7.612
1059,DATA_20260210_110000.BIN,1.2630,10.4798,0.9583,10.4798,1.3640,1,6.594,9.206
1060,DATA_20260210_110000.BIN,4.5196,16.4502,5.4137,16.4502,1.9030,1,3.985,3.985
1061,DATA_20260210_110000.BIN,3.3492,17.7249,1.3034,17.7249,1.6170,1,0.769,3.444
1062,DATA_20260210_110000.BIN,1.3034,10.9385,1.5950,10.9385,1.5290,1,6.030,8.770
1063,DATA_20260210_110000.BIN,1.5950,11.5162,3.6461,11.5162,1.5070,1,3.286,5.601
1064,DATA_20260210_110000.BIN,8.1317,40.6411,12.3262,40.6411,4.3010,1,6.436,7.193
1065,DATA_20260210_110000.BIN,12.3262,40.0254,12.2638,40.0254,5.4230,1,16.828,17.967
1066,DATA_20260210_110000.BIN,12.2638,40.6164,19.8322,40.6164,5.9070,1,12.693,15.577
1067,DATA_20260210_110000.BIN,19.8322,39.2695,4.1738,39.2695,3.6300,1,19.980,22.014
1068,DATA_20260210_110000.BIN,4.1738,22.0445,3.8231,22.0445,9.6470,1,2.466,3.468
1069,DATA_20260210_110000.BIN,6.2604,13.3173,7.5102,13.3173,5.3130,1,2.099,2.179
1070,DATA_20260210_110000.BIN,6.9717,34.9707,24.6086,34.9707,1.6610,1,7.017,8.001
1071,DATA_20260210_110000.BIN,24.6086,36.8664,6.3156,36.8664,4.6200,1,25.408,29.752
1072,DATA_20260210_110000.BIN,1.9394,11.2703,0.7964,11.2703,1.6610,1,10.521,11.268
1073,DATA_20260210_110000.BIN,0.7964,17.1807,7.8463,17.1807,2.1230,1,8.117,8.251
1074,DATA_20260210_110000.BIN,5.1517,13.1119,0.4913,13.1119,7.5350,1,6.830,7.399
1075,DATA_20260210_110000.BIN,0.4913,10.4425,2.5355,10.4425,1.2320,1,6.806,6.893
1076,DATA_20260210_110000.BIN,1.4891,14.2686,2.5092,14.2686,1.3200,1,6.255,7.021
1077,DATA_20260210_110000.BIN,3.0957,14.2208,3.5007,14.2208,1.5400,1,7.474,8.925
1078,DATA_20260210_110000.BIN,2.5655,11.7612,2.3032,11.7612,1.3860,1,7.800,8.825
1079,DATA_20260210_110000.BIN,2.4531,11.0473,2.3661,11.0473,1.8260,1,7.221,8.491
1080,DATA_20260210_110000.BIN,2.3661,13.2071,2.3223,13.2071,1.4520,1,6.086,6.171
1081,DATA_20260210_110000.BIN,3.0760,11.3513,3.1332,11.3513,2.5190,1,4.670,6.708
1082,DATA_20260210_110000.BIN,4.6569,17.3308,0.2095,17.3308,3.8060,1,3.393,4.211
1083,DATA_20260210_110000.BIN,0.2095,12.3984,0.4294,12.3984,4.8950,1,3.539,3.565
1084,DATA_20260210_110000.BIN,0.4294,11.0544,2.7706,11.0544,1.7710,1,3.768,4.687
1085,DATA_20260210_110000.BIN,2.7706,11.7973,0.5680,11.7973,1.8150,1,2.677,3.329
1086,DATA_20260210_110000.BIN,0.9987,9.5567,0.4037,9.5567,3.3440,1,2.900,4.282
1087,DATA_20260210_110000.BIN,0.4037,12.5406,4.4555,12.5406,2.2440,1,2.773,3.532
1088,DATA_20260210_110000.BIN,2.3501,15.9248,1.5503,15.9248,3.6410,1,0.822,1.444
1089,DATA_20260210_110000.BIN,1.5503,11.2936,1.3144,11.2936,2.6840,1,1.839,2.013
1090,DATA_20260210_110000.BIN,1.3144,11.5552,1.5297,11.5552,2.6070,1,3.761,4.821
1091,DATA_20260210_110000.BIN,1.5297,12.5706,1.9860,12.5706,6.3910,1,3.284,5.768
1092,DATA_20260210_110000.BIN,1.9860,13.7694,0.5498,13.7694,1.7820,1,2.686,2.701
1093,DATA_20260210_110000.BIN,0.5498,19.0944,4.7724,19.0944,6.2370,1,1.848,3.111
1094,DATA_20260210_110000.BIN,4.7724,18.2017,3.4056,18.2017,2.3650,1,5.515,5.705
1095,DATA_20260210_110000.BIN,3.4056,14.4145,1.1945,14.4145,2.5190,1,6.462,11.052
1096,DATA_20260210_120000.BIN,1.6866,15.7195,5.1395,15.7195,5.4560,1,22.587,25.019
1097,DATA_20260210_120000.BIN,5.1395,14.3928,8.6297,14.3928,3.3220,1,24.821,25.023
1098,DATA_20260210_120000.BIN,2.6536,12.4825,3.9897,12.4825,3.9820,1,18.300,21.910
1099,DATA_20260210_120000.BIN,0.7130,12.2589,2.2822,12.2589,2.9040,1,15.591,16.497
1100,DATA_20260210_120000.BIN,2.2822,9.8387,2.2971,9.8387,2.0680,1,12.358,14.719
1101,DATA_20260210_120000.BIN,2.2971,12.4759,3.2251,12.4759,1.6280,1,10.523,11.165
1102,DATA_20260210_120000.BIN,3.2251,11.6479,2.9884,11.6479,1.8260,1,7.954,8.003
1103,DATA_20260210_120000.BIN,2.9884,18.3030,9.8229,18.3030,4.9940,1,7.090,7.232
1104,DATA_20260210_120000.BIN,7.6455,18.6970,4.2103,18.6970,9.9550,1,8.099,13.046
1105,DATA_20260210_120000.BIN,2.7477,16.7760,6.4232,16.7760,7.1500,1,12.040,15.843
1106,DATA_20260210_120000.BIN,2.1496,13.3850,0.8837,13.3850,1.8480,1,6.193,7.532
1107,DATA_20260210_120000.BIN,0.8837,13.2700,2.4348,13.2700,2.4860,1,7.574,8.376
1108,DATA_20260210_120000.BIN,2.4348,19.2427,1.9557,19.2427,8.1400,1,5.787,7.466
1109,DATA_20260210_120000.BIN,1.9557,15.0415,5.4129,15.0415,5.8850,1,7.474,10.467
1110,DATA_20260210_120000.BIN,6.8545,19.1036,6.8668,19.1036,6.8640,1,12.705,18.112
1111,DATA_20260210_120000.BIN,3.6053,17.1027,1.5232,17.1027,4.5650,1,9.050,10.708
1112,DATA_20260210_120000.BIN,1.5232,14.5003,3.8837,14.5003,3.8500,1,3.356,3.356
1113,DATA_20260210_120000.BIN,3.8837,11.9002,6.0767,11.9002,4.4440,1,4.292,5.366
1114,DATA_20260210_120000.BIN,9.1706,19.9593,3.1436,19.9593,4.4880,1,8.082,8.189
1115,DATA_20260210_120000.BIN,3.1436,14.6798,5.3682,14.6798,2.9810,1,5.738,7.887
1116,DATA_20260210_120000.BIN,5.3682,12.5942,0.4117,12.5942,1.8260,1,9.739,10.590
1117,DATA_20260210_120000.BIN,0.4117,10.2094,3.9738,10.2094,1.9250,1,4.596,6.390
1118,DATA_20260210_120000.BIN,3.9738,17.2832,1.8414,17.2832,2.4420,1,1.110,2.672
1119,DATA_20260210_120000.BIN,1.8414,10.4787,4.2195,10.4787,1.6830,1,2.598,3.377
1120,DATA_20260210_120000.BIN,3.1862,11.4727,2.9619,11.4727,3.1240,1,5.331,7.178
1121,DATA_20260210_120000.BIN,3.3888,12.0876,3.0215,12.0876,2.3430,1,1.900,3.355
1122,DATA_20260210_120000.BIN,3.0215,14.1935,4.0930,14.1935,3.0030,1,1.504,1.518
1123,DATA_20260210_120000.BIN,4.0930,12.4828,2.9161,12.4828,6.5010,1,5.271,8.094
1124,DATA_20260210_120000.BIN,2.9161,18.5549,4.0182,18.5549,4.9940,1,0.629,1.508
1125,DATA_20260210_120000.BIN,4.0182,21.4289,2.9626,21.4289,3.7840,1,8.191,8.820
1126,DATA_20260210_120000.BIN,2.9626,10.4991,0.9339,10.4991,1.7710,1,6.441,6.487
1127,DATA_20260210_120000.BIN,0.9339,16.1611,1.1403,16.1611,3.6080,1,1.920,1.929
1128,DATA_20260210_120000.BIN,1.1403,16.6788,11.2107,16.6788,3.4980,1,6.265,16.863
1129,DATA_20260210_120000.BIN,11.2107,19.9938,0.4718,19.9938,1.7380,1,16.629,16.663
1130,DATA_20260210_120000.BIN,0.4718,19.4580,1.7430,19.4580,5.1700,1,0.250,0.393
1131,DATA_20260210_120000.BIN,1.7430,10.2430,0.7534,10.2430,5.0160,1,1.149,4.806
1132,DATA_20260210_120000.BIN,0.7534,22.7692,2.7981,22.7692,8.3050,1,2.808,7.219
1133,DATA_20260210_120000.BIN,2.7981,21.4252,2.0342,21.4252,3.2560,1,3.382,4.639
1134,DATA_20260210_120000.BIN,2.0342,30.9891,12.1701,30.9891,5.7970,1,2.715,4.104
1135,DATA_20260210_120000.BIN,12.1701,40.8065,14.2345,40.8065,1.6610,1,16.630,16.910
1136,DATA_20260210_120000.BIN,14.2345,51.5818,39.3383,51.5818,1.9690,1,20.207,23.486
1137,DATA_20260210_120000.BIN,39.3383,49.8930,28.6802,49.8930,4.2130,1,54.089,64.893
1138,DATA_20260210_120000.BIN,28.6802,40.2854,20.9432,40.2854,1.6390,1,29.446,32.225
1139,DATA_20260210_120000.BIN,30.4867,39.7853,27.3535,39.7853,5.4120,1,28.638,31.443
1140,DATA_20260210_120000.BIN,32.9853,44.5783,36.9254,44.5783,3.3110,1,28.621,29.880
1141,DATA_20260210_120000.BIN,27.8369,36.3248,27.5173,36.3248,6.1270,1,19.713,20.272
1142,DATA_20260210_120000.BIN,29.8387,44.9042,8.0409,44.9042,6.5780,1,20.248,22.754
1143,DATA_20260210_120000.BIN,8.0409,31.6474,1.5691,31.6474,5.2250,1,15.698,15.807
1144,DATA_20260210_120000.BIN,1.5691,17.7796,5.3133,17.7796,2.5740,1,15.248,15.296
1145,DATA_20260210_120000.BIN,5.3133,24.9388,9.5384,24.9388,2.8050,1,14.633,15.930
1146,DATA_20260210_120000.BIN,9.5384,15.8047,1.8058,15.8047,2.3430,1,24.809,24.823
1147,DATA_20260210_120000.BIN,1.8058,14.0325,6.8831,14.0325,1.4630,1,13.734,15.390
1148,DATA_20260210_120000.BIN,6.8831,17.4155,2.6029,17.4155,2.8820,1,19.313,23.015
1149,DATA_20260210_120000.BIN,3.9243,11.1770,4.1452,11.1770,1.5510,1,14.388,19.175
1150,DATA_20260210_120000.BIN,4.1452,12.6943,2.6984,12.6943,1.0670,1,10.323,10.411
1151,DATA_20260210_120000.BIN,2.6984,12.8106,3.0822,12.8106,1.3530,1,3.312,7.111
1152,DATA_20260210_120000.BIN,3.0822,11.3224,2.6739,11.3224,1.2980,1,4.196,4.207
1153,DATA_20260210_120000.BIN,2.6739,13.1520,0.8988,13.1520,2.5300,1,8.231,8.403
1154,DATA_20260210_120000.BIN,4.3725,9.3212,1.0015,9.3212,1.6170,1,4.371,5.533
1155,DATA_20260210_120000.BIN,1.0015,10.0964,1.1835,10.0964,1.3750,1,3.733,4.334
1156,DATA_20260210_120000.BIN,1.1835,11.5438,2.0381,11.5438,2.6950,1,5.690,7.949
1157,DATA_20260210_120000.BIN,2.0053,11.6499,2.0711,11.6499,1.4960,1,5.580,9.945
1158,DATA_20260210_120000.BIN,2.0711,10.7527,1.0518,10.7527,1.2980,1,6.271,7.387
1159,DATA_20260210_120000.BIN,1.0518,9.6171,0.9963,9.6171,1.5070,1,4.017,5.703
1160,DATA_20260210_120000.BIN,0.9963,8.1774,1.3886,8.1774,1.8040,1,2.524,4.317
1161,DATA_20260210_120000.BIN,1.3886,13.3799,1.7130,13.3799,5.6430,1,1.355,1.399
1162,DATA_20260210_120000.BIN,1.7130,12.2981,2.4328,12.2981,1.1440,1,3.723,6.644
1163,DATA_20260210_120000.BIN,2.4328,12.9288,1.9691,12.9288,1.1880,1,5.552,6.576
1164,DATA_20260210_120000.BIN,1.9691,11.3927,1.1931,11.3927,1.2870,1,4.125,4.430
1165,DATA_20260210_120000.BIN,2.6155,10.9708,3.7962,10.9708,1.0450,1,4.334,5.541
1166,DATA_20260210_120000.BIN,3.7962,13.4973,7.0746,13.4973,1.4960,1,6.030,6.803
1167,DATA_20260210_120000.BIN,1.3726,9.0164,2.4462,9.0164,1.3640,1,1.573,1.585
1168,DATA_20260210_120000.BIN,2.4462,10.0642,2.3634,10.0642,1.2210,1,4.009,4.993
1169,DATA_20260210_120000.BIN,2.3634,9.1549,1.1541,9.1549,1.2870,1,3.350,3.928
1170,DATA_20260210_120000.BIN,1.1541,8.8750,2.4386,8.8750,1.3530,1,1.184,1.700
1171,DATA_20260210_120000.BIN,2.4386,11.4769,1.0896,11.4769,1.6830,1,2.793,3.198
1172,DATA_20260210_120000.BIN,2.0947,9.6635,3.3185,9.6635,2.6290,1,2.343,2.708
1173,DATA_20260210_120000.BIN,3.3185,10.0260,3.2940,10.0260,2.1890,1,5.968,9.698
1174,DATA_20260210_120000.BIN,3.2940,11.5269,4.2606,11.5269,2.2660,1,5.810,7.344
1175,DATA_20260210_120000.BIN,3.8074,10.4442,2.3609,10.4442,1.3310,1,5.739,7.286
1176,DATA_20260210_120000.BIN,2.3609,11.1373,2.4864,11.1373,1.2760,1,2.916,4.087
1177,DATA_20260210_120000.BIN,2.4864,13.2623,2.3005,13.2623,1.4850,1,2.874,3.969
1178,DATA_20260210_120000.BIN,2.3005,11.0677,1.4578,11.0677,1.2650,1,2.249,3.127
1179,DATA_20260210_120000.BIN,1.4578,10.5412,1.8773,10.5412,1.4850,1,2.197,2.480
1180,DATA_20260210_120000.BIN,9.7104,24.7105,2.7280,24.7105,4.0480,1,12.197,12.613
1181,DATA_20260210_120000.BIN,2.7280,9.9495,2.1398,9.9495,2.4530,1,3.135,3.945
1182,DATA_20260210_120000.BIN,2.1398,14.3146,8.2216,14.3146,2.6180,1,1.237,3.760
1183,DATA_20260210_120000.BIN,8.2216,14.7582,5.3457,14.7582,3.8610,1,8.607,8.711
1184,DATA_20260210_120000.BIN,6.9980,13.3570,1.6075,13.3570,5.0160,1,8.772,8.960
1185,DATA_20260210_120000.BIN,1.6075,12.6287,5.7940,12.6287,3.8500,1,1.139,1.543
1186,DATA_20260210_120000.BIN,5.7940,12.2199,5.3526,12.2199,2.8270,1,5.867,7.475
1187,DATA_20260210_120000.BIN,5.3526,10.8222,3.3251,10.8222,3.3330,1,6.796,7.700
1188,DATA_20260210_120000.BIN,3.3251,10.1512,2.5961,10.1512,3.1900,1,5.736,9.772
1189,DATA_20260210_120000.BIN,2.6954,13.2785,3.0419,13.2785,2.3540,1,3.900,6.610
1190,DATA_20260210_120000.BIN,3.0419,9.8037,3.6641,9.8037,5.1920,1,2.112,8.079
1191,DATA_20260210_120000.BIN,3.6641,17.2632,9.0192,17.2632,2.0570,1,8.952,10.255
1192,DATA_20260210_120000.BIN,9.0192,15.5547,6.5244,15.5547,1.2540,1,9.893,10.107
1193,DATA_20260210_120000.BIN,6.5244,12.9232,6.1138,12.9232,1.5070,1,5.721,5.924
1194,DATA_20260210_120000.BIN,3.1490,11.8332,3.8222,11.8332,1.4740,1,2.247,4.412
1195,DATA_20260210_120000.BIN,10.1879,18.6582,4.7822,18.6582,2.8270,1,13.683,15.758
1196,DATA_20260210_120000.BIN,4.7822,12.2405,2.7916,12.2405,3.6850,1,2.323,2.480
1197,DATA_20260210_120000.BIN,2.7916,19.0510,2.2916,19.0510,2.2110,1,2.468,5.038
1198,DATA_20260210_120000.BIN,2.2916,11.7789,4.4832,11.7789,2.3760,1,2.303,5.427
1199,DATA_20260210_120000.BIN,4.4832,11.7329,5.3207,11.7329,2.0680,1,2.076,4.304
1200,DATA_20260210_120000.BIN,5.0952,11.5681,4.0659,11.5681,3.9710,1,6.340,8.566
1201,DATA_20260210_120000.BIN,4.0659,11.4176,4.3831,11.4176,2.7170,1,2.963,2.965
1202,DATA_20260210_120000.BIN,7.7208,16.9602,2.9257,16.9602,4.0040,1,6.442,7.084
1203,DATA_20260210_120000.BIN,2.9257,15.1327,9.2938,15.1327,1.6720,1,1.519,3.492
1204,DATA_20260210_120000.BIN,9.2938,15.2667,6.8619,15.2667,1.5400,1,8.601,8.653
1205,DATA_20260210_120000.BIN,6.8878,15.5996,8.4673,15.5996,1.6830,1,4.182,4.435
1206,DATA_20260210_120000.BIN,8.4673,16.5072,4.6013,16.5072,4.1690,1,5.862,6.093
1207,DATA_20260210_120000.BIN,4.6013,14.6619,6.5602,14.6619,2.8820,1,0.261,0.887
1208,DATA_20260210_120000.BIN,6.5602,16.6149,1.9622,16.6149,4.0810,1,2.208,2.432
1209,DATA_20260210_120000.BIN,7.6340,15.5566,3.6382,15.5566,2.3320,1,14.894,16.198
1210,DATA_20260210_120000.BIN,3.0602,16.0577,5.5540,16.0577,3.7400,1,7.732,8.926
1211,DATA_20260210_120000.BIN,5.5540,20.6261,15.6862,20.6261,2.5630,1,11.344,13.143
1212,DATA_20260210_120000.BIN,11.2636,23.4744,11.6999,23.4744,3.9820,1,12.096,13.544
1213,DATA_20260210_120000.BIN,11.6999,31.5801,11.0823,31.5801,4.5650,1,12.193,13.130
1214,DATA_20260210_120000.BIN,11.0823,31.8855,22.8472,31.8855,5.0930,1,18.849,25.981
1215,DATA_20260210_120000.BIN,22.8472,31.6791,8.0318,31.6791,4.8510,1,28.860,29.819
1216,DATA_20260210_120000.BIN,11.3452,25.3913,1.1093,25.3913,5.2580,1,12.313,16.781
1217,DATA_20260210_120000.BIN,1.1093,24.2852,7.7269,24.2852,9.1520,1,10.988,10.989
1218,DATA_20260210_120000.BIN,7.7269,20.1841,7.0346,20.1841,2.1450,1,3.525,4.784
1219,DATA_20260210_120000.BIN,7.0346,15.9604,7.8855,15.9604,1.0670,1,3.978,6.593
1220,DATA_20260210_120000.BIN,7.8855,20.2896,10.4194,20.2896,2.3870,1,11.654,17.981
1221,DATA_20260210_120000.BIN,10.4194,16.7246,7.5089,16.7246,1.2980,1,5.585,6.053
1222,DATA_20260210_120000.BIN,7.5089,19.0833,10.4904,19.0833,1.5180,1,1.402,5.939
1223,DATA_20260210_120000.BIN,10.4904,19.0794,5.7895,19.0794,3.2780,1,4.901,5.548
1224,DATA_20260210_120000.BIN,1.2049,8.9758,0.1800,8.9758,1.7270,1,10.275,10.429
1225,DATA_20260210_120000.BIN,0.1800,21.4536,11.4493,21.4536,5.5330,1,8.498,8.504
1226,DATA_20260210_120000.BIN,11.4493,22.4535,12.9541,22.4535,4.0590,1,8.151,9.893
1227,DATA_20260210_120000.BIN,3.6521,16.3226,4.9550,16.3226,1.6940,1,13.235,14.787
1228,DATA_20260210_120000.BIN,4.9550,14.9038,6.2318,14.9038,2.3650,1,1.485,1.669
1229,DATA_20260210_120000.BIN,1.2616,14.6492,6.7723,14.6492,4.3340,1,8.480,8.753
1230,DATA_20260210_120000.BIN,3.9810,14.6133,1.0943,14.6133,5.2250,1,2.450,4.177
1231,DATA_20260210_120000.BIN,1.0943,18.0239,6.2772,18.0239,4.2900,1,7.378,7.378
1232,DATA_20260210_120000.BIN,6.2772,16.5541,2.0887,16.5541,9.0200,1,5.255,5.640
1233,DATA_20260210_120000.BIN,2.0887,15.1857,4.7006,15.1857,3.2890,1,3.099,3.263
1234,DATA_20260210_120000.BIN,4.7006,15.5337,1.8115,15.5337,1.2210,1,10.974,13.500
1235,DATA_20260210_120000.BIN,4.1952,16.3589,7.6009,16.3589,4.0700,1,9.653,9.708
1236,DATA_20260210_120000.BIN,7.6009,12.9389,1.5371,12.9389,4.2240,1,13.018,13.115
1237,DATA_20260210_120000.BIN,1.5371,16.8305,5.2006,16.8305,3.9600,1,3.758,4.235
1238,DATA_20260210_120000.BIN,5.2006,12.4862,0.3046,12.4862,1.2980,1,4.279,4.644
1239,DATA_20260210_120000.BIN,4.2581,14.2566,4.1853,14.2566,2.5630,1,8.556,10.384
1240,DATA_20260210_120000.BIN,4.1853,13.6266,2.0579,13.6266,8.0520,1,7.064,7.119
1241,DATA_20260210_120000.BIN,2.0579,13.6422,4.0602,13.6422,1.3200,1,3.666,3.982
1242,DATA_20260210_120000.BIN,1.3373,15.3604,1.7706,15.3604,4.6640,1,4.027,6.530
1243,DATA_20260210_120000.BIN,3.5931,11.9371,1.8024,11.9371,3.8940,1,5.228,5.662
1244,DATA_20260210_120000.BIN,1.8024,14.3021,1.2031,14.3021,4.6200,1,3.595,5.585
1245,DATA_20260210_120000.BIN,1.2031,20.0894,1.2868,20.0894,5.1810,1,1.638,3.937
1246,DATA_20260210_120000.BIN,5.0313,17.1830,0.5242,17.1830,9.4710,1,6.820,7.028
1247,DATA_20260210_120000.BIN,0.5242,8.8112,3.1417,8.8112,2.3430,1,0.206,1.453
1248,DATA_20260210_120000.BIN,3.1417,15.9142,7.3955,15.9142,3.0690,1,4.746,4.750
1249,DATA_20260210_120000.BIN,1.5869,13.4006,3.2474,13.4006,5.7090,1,3.836,5.429
1250,DATA_20260210_120000.BIN,3.2474,10.1525,1.4590,10.1525,1.2980,1,3.958,5.405
1251,DATA_20260210_120000.BIN,1.4590,14.5019,4.2588,14.5019,3.8720,1,2.406,3.424
1252,DATA_20260210_120000.BIN,4.2588,12.1064,2.0530,12.1064,1.2320,1,4.815,5.447
1253,DATA_20260210_120000.BIN,2.0530,17.8755,11.5152,17.8755,2.8160,1,1.990,3.513
1254,DATA_20260210_120000.BIN,11.5152,20.1269,13.1259,20.1269,3.7510,1,14.745,15.170
1255,DATA_20260210_120000.BIN,13.1259,19.4180,7.9836,19.4180,2.6730,1,15.871,16.930
1256,DATA_20260210_120000.BIN,3.4304,14.2834,3.4657,14.2834,6.0280,1,5.572,6.094
1257,DATA_20260210_120000.BIN,3.4657,17.0106,9.8787,17.0106,3.7510,1,4.463,5.839
1258,DATA_20260210_120000.BIN,9.8787,17.1641,8.5485,17.1641,4.8950,1,15.010,20.287
1259,DATA_20260210_120000.BIN,8.5485,15.0689,6.9063,15.0689,7.0950,1,8.266,8.266
1260,DATA_20260210_120000.BIN,6.9063,14.2144,7.3449,14.2144,2.2220,1,6.567,8.521
1261,DATA_20260210_120000.BIN,7.3449,15.6285,5.9905,15.6285,4.0480,1,5.518,7.490
1262,DATA_20260210_120000.BIN,5.9905,12.2570,4.5528,12.2570,1.8920,1,4.095,4.291
1263,DATA_20260210_120000.BIN,4.5528,11.4688,3.6893,11.4688,1.7380,1,3.894,4.013
1264,DATA_20260210_120000.BIN,3.6893,15.0352,3.8748,15.0352,1.6170,1,2.499,3.244
1265,DATA_20260210_120000.BIN,3.8748,15.9787,1.5079,15.9787,2.6510,1,10.521,10.922
1266,DATA_20260210_120000.BIN,1.5079,12.6741,1.9019,12.6741,3.2450,1,5.846,6.057
1267,DATA_20260210_120000.BIN,1.9019,19.2740,3.1907,19.2740,4.1690,1,6.414,7.573
1268,DATA_20260210_120000.BIN,3.1907,31.6159,7.1047,31.6159,5.2690,1,6.849,6.892
1269,DATA_20260210_120000.BIN,7.1047,18.2951,5.5294,18.2951,4.2240,1,7.091,10.909
1270,DATA_20260210_120000.BIN,5.5294,31.5426,13.9710,31.5426,7.0620,1,3.832,7.382
1271,DATA_20260210_120000.BIN,13.9710,28.7214,5.6178,28.7214,3.7840,1,18.547,20.210
1272,DATA_20260210_120000.BIN,5.6178,15.8700,9.8796,15.8700,3.4320,1,2.149,11.233
1273,DATA_20260210_120000.BIN,9.8796,25.3474,10.1429,25.3474,3.6740,1,12.129,12.805
1274,DATA_20260210_120000.BIN,10.1429,16.4234,7.9896,16.4234,2.1010,1,7.594,8.130
1275,DATA_20260210_120000.BIN,7.9896,18.2033,1.5515,18.2033,3.1790,1,9.882,12.594
1276,DATA_20260210_120000.BIN,1.5515,12.3466,4.9275,12.3466,2.2000,1,8.323,8.325
1277,DATA_20260210_120000.BIN,4.9275,28.1391,3.1491,28.1391,4.6640,1,12.242,13.339
1278,DATA_20260210_120000.BIN,3.1491,17.1654,4.2067,17.1654,2.8710,1,4.844,5.362
1279,DATA_20260210_120000.BIN,4.2067,12.4728,0.5540,12.4728,1.7930,1,3.835,3.871
1280,DATA_20260210_120000.BIN,8.7596,17.5023,9.6637,17.5023,3.7620,1,9.339,13.290
1281,DATA_20260210_120000.BIN,2.4662,10.4164,3.5526,10.4164,1.3970,1,5.435,5.718
1282,DATA_20260210_120000.BIN,3.5526,16.9786,6.7795,16.9786,2.6730,1,3.626,5.143
1283,DATA_20260210_120000.BIN,6.7795,14.6323,1.7769,14.6323,2.7060,1,5.442,7.106
1284,DATA_20260210_120000.BIN,1.7769,14.7664,7.4398,14.7664,1.8040,1,4.072,6.332
1285,DATA_20260210_120000.BIN,7.9138,15.5153,9.5478,15.5153,1.5840,1,5.933,5.978
1286,DATA_20260210_120000.BIN,9.5478,17.5902,11.0779,17.5902,1.7490,1,6.391,6.960
1287,DATA_20260210_120000.BIN,11.0779,16.7480,7.1409,16.7480,2.6290,1,8.967,8.994
1288,DATA_20260210_120000.BIN,7.1409,23.2226,9.7735,23.2226,2.5960,1,8.174,8.806
1289,DATA_20260210_120000.BIN,9.7735,21.7173,1.8236,21.7173,6.8090,1,14.962,15.418
1290,DATA_20260210_120000.BIN,1.8236,16.0724,6.8565,16.0724,2.2110,1,7.664,9.660
1291,DATA_20260210_120000.BIN,6.8565,14.0224,2.9450,14.0224,1.2320,1,4.910,6.736
1292,DATA_20260210_120000.BIN,2.9450,11.7545,1.3983,11.7545,1.1550,1,6.113,8.865
1293,DATA_20260210_120000.BIN,1.3983,12.6959,0.2868,12.6959,1.5620,1,5.358,5.865
1294,DATA_20260210_120000.BIN,1.5921,11.4043,1.8679,11.4043,1.1550,1,6.295,6.758
1295,DATA_20260210_120000.BIN,1.8679,10.8366,2.0637,10.8366,1.3310,1,3.463,3.525
1296,DATA_20260210_120000.BIN,2.0637,9.1920,1.0550,9.1920,4.4000,1,3.838,4.475
1297,DATA_20260210_120000.BIN,1.0550,10.2175,3.2182,10.2175,4.4000,1,5.056,5.337
1298,DATA_20260210_120000.BIN,1.8997,7.7654,1.2770,7.7654,1.7710,1,4.626,4.919
1299,DATA_20260210_120000.BIN,2.7273,16.5012,0.6500,16.5012,1.7600,1,7.285,10.478
1300,DATA_20260210_120000.BIN,0.6500,9.1746,1.1713,9.1746,1.8260,1,3.440,6.253
1301,DATA_20260210_120000.BIN,2.5776,12.5737,1.3468,12.5737,3.7070,1,1.740,2.427
1302,DATA_20260210_120000.BIN,2.6776,11.3228,1.7461,11.3228,1.6060,1,5.628,6.862
1303,DATA_20260210_120000.BIN,1.7461,8.3722,2.6990,8.3722,2.3100,1,2.493,4.295
1304,DATA_20260210_120000.BIN,2.6990,8.9976,0.3954,8.9976,3.5090,1,5.814,6.363
1305,DATA_20260210_120000.BIN,0.3954,11.8977,1.8920,11.8977,1.6280,1,3.012,7.652
1306,DATA_20260210_120000.BIN,1.8920,9.2654,3.2022,9.2654,1.4960,1,4.062,5.476
1307,DATA_20260210_120000.BIN,3.2022,19.6560,3.0512,19.6560,7.2490,1,6.873,9.161
1308,DATA_20260210_120000.BIN,3.4361,13.1337,1.3412,13.1337,4.9280,1,4.115,7.152
1309,DATA_20260210_120000.BIN,1.3412,9.4048,1.0954,9.4048,1.4850,1,3.349,5.838
1310,DATA_20260210_120000.BIN,1.0954,8.7294,1.5546,8.7294,4.6640,1,2.533,3.566
1311,DATA_20260210_120000.BIN,1.5546,14.7728,4.5414,14.7728,2.3540,1,4.621,8.564
1312,DATA_20260210_120000.BIN,4.5414,14.0420,0.1497,14.0420,2.6070,1,7.573,9.834
1313,DATA_20260210_120000.BIN,2.6794,31.4848,1.9847,31.4848,7.3260,1,6.381,11.194
1314,DATA_20260210_120000.BIN,2.3660,17.7609,1.4610,17.7609,4.9170,1,2.872,3.703
1315,DATA_20260210_120000.BIN,1.4610,10.6506,1.6070,10.6506,4.9610,1,1.459,1.788
1316,DATA_20260210_120000.BIN,5.2117,19.6962,1.7496,19.6962,4.9060,1,4.640,5.006
1317,DATA_20260210_120000.BIN,1.7496,10.7720,1.3549,10.7720,1.9910,1,2.254,3.014
1318,DATA_20260210_120000.BIN,7.5630,18.3953,3.7116,18.3953,7.0510,1,9.129,11.626
1319,DATA_20260210_120000.BIN,3.7116,18.0349,1.4590,18.0349,5.8850,1,5.747,7.434
1320,DATA_20260210_120000.BIN,1.4590,19.4879,3.1178,19.4879,6.0610,1,3.589,3.736
1321,DATA_20260210_120000.BIN,2.8387,23.5661,12.4611,23.5661,5.5110,1,7.499,10.308
1322,DATA_20260210_120000.BIN,1.4120,8.3016,1.5256,8.3016,1.2210,1,3.648,5.041
1323,DATA_20260210_120000.BIN,1.5256,15.3985,4.6196,15.3985,5.5660,1,3.630,4.987
1324,DATA_20260210_120000.BIN,20.4387,31.3550,3.2218,31.3550,8.0850,1,30.874,32.692
1325,DATA_20260210_120000.BIN,4.2492,19.6224,2.8472,19.6224,3.7950,1,5.349,6.190
1326,DATA_20260210_120000.BIN,2.8472,10.8611,1.4752,10.8611,1.6720,1,6.260,8.116
1327,DATA_20260210_120000.BIN,1.4752,19.7649,3.1654,19.7649,7.3590,1,3.290,3.328
1328,DATA_20260210_120000.BIN,2.0348,8.7890,0.7127,8.7890,2.2770,1,3.607,3.870
1329,DATA_20260210_120000.BIN,0.7127,16.0311,1.7037,16.0311,5.1040,1,2.398,2.611
1330,DATA_20260210_120000.BIN,1.7037,13.3354,3.5099,13.3354,2.3870,1,1.382,1.465
1331,DATA_20260210_120000.BIN,3.5099,20.8344,2.4361,20.8344,4.5320,1,3.164,3.303
1332,DATA_20260210_120000.BIN,2.3405,15.7637,5.2688,15.7637,4.7960,1,5.154,8.568
1333,DATA_20260210_120000.BIN,5.2688,15.6581,4.0468,15.6581,9.3170,1,5.735,5.806
1334,DATA_20260210_120000.BIN,4.0468,15.1368,1.1932,15.1368,3.7070,1,6.570,7.061
1335,DATA_20260210_120000.BIN,1.1932,9.4717,2.4107,9.4717,2.4750,1,3.388,3.485
1336,DATA_20260210_120000.BIN,2.4107,11.3130,4.6753,11.3130,2.1230,1,4.600,4.610
1337,DATA_20260210_120000.BIN,1.5905,10.9846,0.9307,10.9846,3.6520,1,1.697,7.622
1338,DATA_20260210_120000.BIN,0.9307,15.3796,3.3616,15.3796,3.8610,1,1.141,1.980
1339,DATA_20260210_120000.BIN,1.0977,11.9919,1.1524,11.9919,4.0150,1,2.433,3.025
1340,DATA_20260210_120000.BIN,1.1524,13.1543,3.8494,13.1543,2.5520,1,1.802,2.113
1341,DATA_20260210_120000.BIN,3.8494,14.5901,8.3023,14.5901,2.3870,1,6.840,8.316
1342,DATA_20260210_120000.BIN,2.5573,8.5549,2.4270,8.5549,1.7380,1,4.365,5.833
1343,DATA_20260210_120000.BIN,2.4270,10.0149,0.1915,10.0149,1.5070,1,3.723,4.437
1344,DATA_20260210_120000.BIN,2.1358,15.3126,2.3089,15.3126,4.4330,1,6.233,10.291
1345,DATA_20260210_120000.BIN,2.3089,8.4184,0.8151,8.4184,3.4540,1,3.423,3.861
1346,DATA_20260210_120000.BIN,1.2351,8.0449,1.2302,8.0449,4.7850,1,3.044,5.903
1347,DATA_20260210_120000.BIN,1.2302,9.5641,0.6435,9.5641,1.6500,1,1.972,3.791
1348,DATA_20260210_120000.BIN,0.6435,13.0757,5.8347,13.0757,7.4910,1,2.830,7.085
1349,DATA_20260210_120000.BIN,7.9056,13.5414,5.4255,13.5414,6.6110,1,11.259,11.491
1350,DATA_20260210_120000.BIN,5.4255,10.4547,3.0996,10.4547,1.3200,1,7.518,7.828
1351,DATA_20260210_120000.BIN,3.0996,11.5240,2.8300,11.5240,1.5840,1,4.071,4.345
1352,DATA_20260210_120000.BIN,2.8300,18.0130,3.1604,18.0130,9.0310,1,3.815,4.513
1353,DATA_20260210_120000.BIN,3.1604,15.7797,0.4735,15.7797,2.7940,1,6.111,7.312
1354,DATA_20260210_120000.BIN,0.4735,12.1074,1.1861,12.1074,2.6070,1,1.998,5.014
1355,DATA_20260210_120000.BIN,5.7958,13.5026,1.4141,13.5026,9.1410,1,7.008,7.553
1356,DATA_20260210_120000.BIN,1.4141,20.0695,2.7402,20.0695,4.0920,1,4.358,6.776
1357,DATA_20260210_120000.BIN,2.7402,13.3100,4.4338,13.3100,3.8390,1,3.652,4.656
1358,DATA_20260210_120000.BIN,4.4338,17.9279,3.5097,17.9279,5.7750,1,7.433,8.430
1359,DATA_20260210_120000.BIN,3.5097,14.6327,6.3307,14.6327,4.9830,1,4.055,4.171
1360,DATA_20260210_120000.BIN,6.3307,17.4870,3.0440,17.4870,4.8510,1,8.961,10.263
1361,DATA_20260210_120000.BIN,1.2585,9.2495,3.7113,9.2495,2.0130,1,2.289,5.367
1362,DATA_20260210_120000.BIN,3.7113,10.9075,5.8146,10.9075,1.9910,1,5.108,7.901
1363,DATA_20260210_120000.BIN,1.9926,14.5075,1.9041,14.5075,6.3690,1,2.240,3.719
1364,DATA_20260210_120000.BIN,2.4455,11.6125,2.8827,11.6125,1.2870,1,7.449,10.944
1365,DATA_20260210_120000.BIN,2.8827,10.5558,1.9085,10.5558,3.0030,1,10.255,18.006
1366,DATA_20260210_120000.BIN,0.3732,14.3641,3.4434,14.3641,2.5080,1,3.028,7.600
1367,DATA_20260210_120000.BIN,3.4434,11.3683,2.8482,11.3683,2.9810,1,4.706,5.036
1368,DATA_20260210_120000.BIN,2.8482,10.6083,0.8467,10.6083,1.7600,1,3.586,4.080
1369,DATA_20260210_120000.BIN,0.8467,9.1950,3.4966,9.1950,1.7160,1,1.643,2.936
1370,DATA_20260210_120000.BIN,3.4966,10.0038,4.8071,10.0038,1.6280,1,4.060,4.966
1371,DATA_20260210_120000.BIN,4.8071,10.5870,1.9353,10.5870,5.1920,1,5.802,6.383
1372,DATA_20260210_120000.BIN,1.9353,12.6132,6.2634,12.6132,1.3750,1,1.658,3.930
1373,DATA_20260210_120000.BIN,0.8246,8.6306,2.5794,8.6306,3.5530,1,0.923,3.500
1374,DATA_20260210_120000.BIN,2.5794,8.0009,2.3845,8.0009,3.1680,1,5.838,10.383
1375,DATA_20260210_120000.BIN,2.3845,18.7152,0.8275,18.7152,7.1500,1,5.084,8.641
1376,DATA_20260210_120000.BIN,0.8275,9.1463,0.8156,9.1463,4.0920,1,0.425,2.039
1377,DATA_20260210_120000.BIN,0.8156,7.7971,0.5228,7.7971,7.7330,1,2.318,3.899
1378,DATA_20260210_120000.BIN,0.5228,9.1491,3.9276,9.1491,3.5750,1,1.106,2.192
1379,DATA_20260210_120000.BIN,3.9276,20.2440,1.1843,20.2440,6.2920,1,6.525,7.472
1380,DATA_20260210_120000.BIN,4.8551,14.8907,0.8167,14.8907,3.4100,1,7.347,13.650
1381,DATA_20260210_120000.BIN,0.9159,12.2240,5.8207,12.2240,1.4630,1,2.981,8.313
1382,DATA_20260210_120000.BIN,5.8207,10.4766,2.3709,10.4766,6.4240,1,9.534,11.828
1383,DATA_20260210_120000.BIN,2.3709,13.2176,2.4990,13.2176,2.0900,1,4.686,6.545
1384,DATA_20260210_120000.BIN,2.4990,15.2706,4.9847,15.2706,8.6130,1,2.314,3.015
1385,DATA_20260210_120000.BIN,1.1867,12.3092,7.4769,12.3092,3.3000,1,1.966,6.026
1386,DATA_20260210_120000.BIN,7.4769,14.2324,8.7561,14.2324,6.7100,1,8.958,10.545
1387,DATA_20260210_120000.BIN,8.7561,14.0904,3.9916,14.0904,3.5420,1,8.732,8.929
1388,DATA_20260210_120000.BIN,5.1037,9.9287,3.0540,9.9287,3.5420,1,8.266,14.068
1389,DATA_20260210_120000.BIN,1.7578,18.2994,5.4041,18.2994,3.3220,1,2.980,5.723
1390,DATA_20260210_120000.BIN,2.5895,8.6170,1.5006,8.6170,2.2440,1,2.677,5.102
1391,DATA_20260210_120000.BIN,1.5006,10.7638,0.7503,10.7638,1.5730,1,4.193,4.597
1392,DATA_20260210_120000.BIN,0.7503,9.1843,1.3376,9.1843,4.4550,1,1.741,2.530
1393,DATA_20260210_120000.BIN,1.3376,6.7208,1.7901,6.7208,1.4850,1,1.671,3.637
1394,DATA_20260210_120000.BIN,3.0225,8.5284,0.8133,8.5284,3.3880,1,4.628,6.236
1395,DATA_20260210_120000.BIN,0.8133,10.4947,0.6387,10.4947,1.6170,1,2.402,4.948
1396,DATA_20260210_120000.BIN,0.6387,15.3521,1.0355,15.3521,6.3580,1,1.522,4.064
1397,DATA_20260210_120000.BIN,1.0355,12.2443,1.1755,12.2443,4.7740,1,2.344,2.544
1398,DATA_20260210_120000.BIN,1.1755,9.9549,1.7299,9.9549,3.6520,1,2.158,4.165
1399,DATA_20260210_120000.BIN,1.7299,9.3066,1.5266,9.3066,1.2980,1,3.699,4.905
1400,DATA_20260210_120000.BIN,2.6120,10.4499,2.2617,10.4499,2.6290,1,6.677,11.405
1401,DATA_20260210_120000.BIN,2.2944,8.8670,1.7840,8.8670,2.0570,1,5.657,11.427
1402,DATA_20260210_120000.BIN,1.7840,12.4389,3.3261,12.4389,1.8920,1,4.745,7.804
1403,DATA_20260210_120000.BIN,0.6806,8.4063,0.9030,8.4063,1.9360,1,0.760,3.376
1404,DATA_20260210_120000.BIN,0.9030,8.3296,2.2671,8.3296,2.5080,1,1.187,1.350
1405,DATA_20260210_120000.BIN,1.4753,13.4747,2.5693,13.4747,1.8590,1,5.534,10.370
1406,DATA_20260210_120000.BIN,2.5693,9.3944,2.5199,9.3944,4.2570,1,5.662,8.804
1407,DATA_20260210_120000.BIN,2.5199,13.8395,1.1439,13.8395,6.1820,1,3.381,3.532
1408,DATA_20260210_120000.BIN,1.1439,10.9710,0.9781,10.9710,2.3320,1,1.064,1.361
1409,DATA_20260210_120000.BIN,0.9781,8.3882,1.8745,8.3882,3.3770,1,3.285,6.091
1410,DATA_20260210_120000.BIN,2.5815,11.5515,2.3777,11.5515,6.4350,1,3.591,3.850
1411,DATA_20260210_120000.BIN,2.3777,9.0361,0.3490,9.0361,1.1220,1,4.575,9.381
1412,DATA_20260210_120000.BIN,0.4885,9.8597,3.1840,9.8597,4.3450,1,3.168,6.662
1413,DATA_20260210_120000.BIN,3.1840,8.1680,2.0545,8.1680,2.0790,1,5.656,7.712
1414,DATA_20260210_120000.BIN,2.0545,13.4219,2.8231,13.4219,2.6510,1,3.269,4.989
1415,DATA_20260210_120000.BIN,2.8231,7.0435,2.6257,7.0435,1.9910,1,5.313,6.862
1416,DATA_20260210_120000.BIN,2.6257,8.2108,2.1546,8.2108,2.0020,1,3.411,5.648
1417,DATA_20260210_120000.BIN,2.6317,9.6408,0.7955,9.6408,1.6060,1,3.134,3.198
1418,DATA_20260210_120000.BIN,2.9016,9.2033,1.0431,9.2033,3.4540,1,3.398,3.402
1419,DATA_20260210_120000.BIN,1.0431,23.7292,3.1288,23.7292,4.1910,1,2.537,4.524
1420,DATA_20260210_120000.BIN,3.1288,11.2594,1.0591,11.2594,2.9920,1,4.540,5.220
1421,DATA_20260210_120000.BIN,1.0591,10.8327,2.9828,10.8327,1.7820,1,2.226,2.520
1422,DATA_20260210_120000.BIN,2.9828,9.1531,0.3728,9.1531,4.3230,1,3.967,3.967
1423,DATA_20260210_120000.BIN,0.3728,8.3466,1.9886,8.3466,4.5540,1,2.716,8.124
1424,DATA_20260210_120000.BIN,1.9886,9.4872,1.7495,9.4872,3.0470,1,4.760,7.063
1425,DATA_20260210_120000.BIN,1.7495,8.6322,2.6298,8.6322,1.2100,1,3.231,8.002
1426,DATA_20260210_120000.BIN,1.0719,8.4126,0.7349,8.4126,1.7600,1,2.016,3.354
1427,DATA_20260210_120000.BIN,3.0420,13.4366,8.2135,13.4366,3.3880,1,4.882,5.978
1428,DATA_20260210_120000.BIN,8.2135,13.9297,3.3546,13.9297,6.8530,1,9.931,11.150
1429,DATA_20260210_120000.BIN,2.0060,18.8454,0.7762,18.8454,5.6980,1,1.463,3.185
1430,DATA_20260210_120000.BIN,0.7762,12.0166,1.1298,12.0166,3.1570,1,1.464,1.468
1431,DATA_20260210_120000.BIN,1.1298,9.8574,1.7282,9.8574,3.0910,1,3.673,6.270
1432,DATA_20260210_120000.BIN,1.7282,19.6024,7.6851,19.6024,4.4220,1,3.775,7.695
1433,DATA_20260210_120000.BIN,1.2481,14.0225,1.3353,14.0225,2.0240,1,3.365,4.972
1434,DATA_20260210_120000.BIN,1.3353,9.8805,0.5384,9.8805,2.4750,1,2.143,2.635
1435,DATA_20260210_120000.BIN,0.5384,8.5480,3.0871,8.5480,1.4300,1,0.084,2.066
1436,DATA_20260210_120000.BIN,3.0871,11.2831,2.5659,11.2831,2.9040,1,2.677,4.382
1437,DATA_20260210_120000.BIN,3.0258,15.7987,2.5201,15.7987,7.6670,1,2.489,5.078
1438,DATA_20260210_120000.BIN,3.4064,18.6124,2.1885,18.6124,2.4310,1,6.346,7.484
1439,DATA_20260210_120000.BIN,2.1885,10.9193,2.9873,10.9193,1.2320,1,4.775,7.568
1440,DATA_20260210_120000.BIN,2.9873,9.4932,1.6307,9.4932,2.1340,1,4.969,6.028
1441,DATA_20260210_120000.BIN,1.6307,7.0397,2.4976,7.0397,1.9690,1,1.292,5.104
1442,DATA_20260210_120000.BIN,2.4976,10.1273,0.5800,10.1273,2.3870,1,3.831,4.743
1443,DATA_20260210_120000.BIN,1.0106,15.6028,2.2897,15.6028,4.4220,1,1.091,1.434
1444,DATA_20260210_120000.BIN,2.2897,15.5266,6.8879,15.5266,8.9320,1,3.618,6.021
1445,DATA_20260210_120000.BIN,6.8879,16.3037,1.7352,16.3037,8.3050,1,9.248,11.002
1446,DATA_20260210_120000.BIN,1.7352,10.9752,3.0203,10.9752,2.4090,1,3.782,4.459
1447,DATA_20260210_120000.BIN,3.0203,17.9476,2.4206,17.9476,5.6430,1,4.984,5.913
1448,DATA_20260210_120000.BIN,2.4206,13.2970,3.8006,13.2970,5.7310,1,3.145,3.216
1449,DATA_20260210_120000.BIN,3.8006,11.6472,4.3539,11.6472,1.3750,1,9.769,17.085
1450,DATA_20260210_120000.BIN,4.3539,12.8154,7.1085,12.8154,5.4670,1,7.607,10.799
1451,DATA_20260210_120000.BIN,7.1085,12.6094,4.7535,12.6094,4.0590,1,9.532,12.556
1452,DATA_20260210_120000.BIN,1.0318,17.7587,1.8494,17.7587,1.8810,1,4.065,5.755
1453,DATA_20260210_120000.BIN,1.8494,9.4590,1.4430,9.4590,1.4300,1,2.328,3.151
1454,DATA_20260210_120000.BIN,1.4430,12.2242,4.4968,12.2242,5.7860,1,7.322,13.675
1455,DATA_20260210_120000.BIN,4.4968,10.0924,2.7216,10.0924,3.2670,1,4.207,4.498
1456,DATA_20260210_120000.BIN,2.7216,12.5847,4.5020,12.5847,4.8070,1,7.139,9.287
1457,DATA_20260210_120000.BIN,4.1326,13.7345,5.2342,13.7345,6.4570,1,4.502,5.352
1458,DATA_20260210_120000.BIN,1.5468,16.3551,2.8332,16.3551,6.0280,1,2.150,5.070
1459,DATA_20260210_120000.BIN,7.4269,14.2662,3.7395,14.2662,2.5850,1,11.441,11.677
1460,DATA_20260210_120000.BIN,3.7395,16.5082,1.5189,16.5082,2.7830,1,1.571,7.538
1461,DATA_20260210_120000.BIN,1.5189,6.9561,1.8676,6.9561,2.5630,1,2.182,4.115
1462,DATA_20260210_120000.BIN,1.8676,9.7411,2.7258,9.7411,3.0470,1,2.767,3.263
1463,DATA_20260210_120000.BIN,2.7258,11.6553,1.7599,11.6553,1.2870,1,4.165,4.187
1464,DATA_20260210_120000.BIN,1.7599,8.2104,0.9012,8.2104,1.3640,1,2.276,2.493
1465,DATA_20260210_120000.BIN,4.4920,9.8152,1.5445,9.8152,2.0790,1,5.211,6.515
1466,DATA_20260210_120000.BIN,1.5445,10.6805,1.5797,10.6805,2.3320,1,4.167,7.017
1467,DATA_20260210_120000.BIN,0.9087,9.1720,4.2075,9.1720,1.8700,1,2.304,6.249
1468,DATA_20260210_120000.BIN,4.2075,15.5242,1.5237,15.5242,3.2450,1,6.703,7.378
1469,DATA_20260210_120000.BIN,1.5237,7.1622,0.6371,7.1622,2.6620,1,1.349,1.508
1470,DATA_20260210_120000.BIN,1.1414,9.7705,3.0308,9.7705,1.8480,1,1.530,2.822
1471,DATA_20260210_120000.BIN,3.0308,11.1078,1.6823,11.1078,2.0020,1,5.769,8.306
1472,DATA_20260210_120000.BIN,1.6823,9.4382,1.5490,9.4382,2.0900,1,2.949,3.032
1473,DATA_20260210_120000.BIN,1.5490,9.7009,2.6537,9.7009,3.4540,1,2.855,4.714
1474,DATA_20260210_120000.BIN,2.6537,8.2405,2.7947,8.2405,3.0910,1,3.809,4.638
1475,DATA_20260210_120000.BIN,2.7947,7.5189,1.0688,7.5189,6.7430,1,2.924,3.387
1476,DATA_20260210_120000.BIN,1.0688,8.2982,1.6941,8.2982,4.2240,1,3.502,10.896
1477,DATA_20260210_120000.BIN,1.6941,9.3520,1.8490,9.3520,2.6400,1,3.797,7.307
1478,DATA_20260210_120000.BIN,1.8490,13.2380,2.8623,13.2380,1.1000,1,2.117,5.975
1479,DATA_20260210_120000.BIN,2.8623,12.1717,3.1938,12.1717,1.4630,1,2.265,6.101
1480,DATA_20260210_120000.BIN,2.0963,10.2049,1.0997,10.2049,1.8480,1,4.415,7.617
1481,DATA_20260210_120000.BIN,1.4728,9.7240,4.0108,9.7240,2.6180,1,0.735,4.253
1482,DATA_20260210_120000.BIN,4.0108,12.1457,5.2196,12.1457,5.0930,1,6.413,7.874
1483,DATA_20260210_120000.BIN,5.2196,15.4694,3.5707,15.4694,5.2140,1,8.016,9.916
1484,DATA_20260210_120000.BIN,3.5707,10.2882,0.2775,10.2882,2.5080,1,2.478,4.060
1485,DATA_20260210_120000.BIN,3.3624,12.1001,5.7833,12.1001,5.4230,1,2.122,4.022
1486,DATA_20260210_120000.BIN,5.7833,13.6277,1.7889,13.6277,6.7760,1,7.961,9.485
1487,DATA_20260210_120000.BIN,1.7889,15.0502,6.5115,15.0502,4.1470,1,4.394,8.704
1488,DATA_20260210_120000.BIN,1.5333,17.1645,1.3885,17.1645,4.7630,1,1.364,2.584
1489,DATA_20260210_120000.BIN,1.3885,8.7683,3.3893,8.7683,6.2700,1,3.372,6.440
1490,DATA_20260210_120000.BIN,3.3893,12.4105,2.2021,12.4105,4.8400,1,6.280,7.616
1491,DATA_20260210_120000.BIN,2.2021,10.1382,4.2484,10.1382,3.6960,1,5.740,7.132
1492,DATA_20260210_120000.BIN,4.2484,8.0325,0.9191,8.0325,1.7160,1,6.167,6.819
1493,DATA_20260210_120000.BIN,0.9191,8.8803,0.7004,8.8803,1.6830,1,2.398,2.410
1494,DATA_20260210_120000.BIN,0.7004,17.0821,11.4904,17.0821,4.7630,1,1.649,2.185
1495,DATA_20260210_120000.BIN,5.5077,20.8693,8.9125,20.8693,6.5230,1,6.232,6.711
1496,DATA_20260210_120000.BIN,10.1986,26.2831,17.6881,26.2831,4.1690,1,20.100,27.714
1497,DATA_20260210_120000.BIN,14.6744,30.1331,17.3508,30.1331,4.4000,1,22.492,28.155
1498,DATA_20260210_120000.BIN,17.3508,28.6500,17.3138,28.6500,5.9730,1,23.831,26.947
1499,DATA_20260210_120000.BIN,17.3138,29.4383,15.8375,29.4383,3.4100,1,19.969,21.750
1500,DATA_20260210_120000.BIN,21.0559,28.4623,5.4589,28.4623,4.8510,1,25.270,27.804
1501,DATA_20260210_120000.BIN,5.4589,11.9044,0.7352,11.9044,3.5420,1,10.550,13.098
1502,DATA_20260210_120000.BIN,0.7352,10.4396,2.7837,10.4396,2.1340,1,12.770,16.231
1503,DATA_20260210_120000.BIN,2.7837,11.6839,3.1072,11.6839,2.4970,1,5.083,5.197
1504,DATA_20260210_120000.BIN,3.1072,28.0080,17.9638,28.0080,7.0620,1,3.897,3.900
1505,DATA_20260210_120000.BIN,17.9638,24.7634,7.9127,24.7634,2.4640,1,18.827,19.911
1506,DATA_20260210_120000.BIN,12.8845,21.9438,6.0830,21.9438,4.4550,1,19.246,20.069
1507,DATA_20260210_120000.BIN,6.0830,13.1137,5.4617,13.1137,2.5080,1,2.214,5.463
1508,DATA_20260210_120000.BIN,3.4178,14.0652,7.7843,14.0652,1.9690,1,5.528,6.788
1509,DATA_20260210_120000.BIN,7.7843,12.7518,5.3607,12.7518,2.8930,1,13.093,16.612
1510,DATA_20260210_120000.BIN,5.3607,12.2711,7.1192,12.2711,6.7320,1,5.688,6.827
1511,DATA_20260210_120000.BIN,7.1192,17.9238,3.4355,17.9238,3.9270,1,7.463,7.826
1512,DATA_20260210_120000.BIN,1.0557,15.5564,2.0689,15.5564,4.1470,1,7.424,8.314
1513,DATA_20260210_120000.BIN,2.0689,13.2498,7.1549,13.2498,9.5480,1,5.420,5.522
1514,DATA_20260210_120000.BIN,7.1549,15.7100,1.9554,15.7100,1.9910,1,9.660,11.806
1515,DATA_20260210_120000.BIN,2.9544,10.2707,2.4669,10.2707,4.1470,1,8.939,11.441
1516,DATA_20260210_120000.BIN,1.6675,11.2374,1.5236,11.2374,4.2680,1,7.812,9.022
1517,DATA_20260210_120000.BIN,1.5236,11.8106,1.1992,11.8106,1.2320,1,8.976,11.853
1518,DATA_20260210_120000.BIN,2.8242,9.2197,2.7280,9.2197,3.8830,1,9.451,11.059
1519,DATA_20260210_120000.BIN,0.3781,11.7903,1.4127,11.7903,3.4100,1,5.742,8.780
1520,DATA_20260210_120000.BIN,1.9699,10.2070,3.5395,10.2070,2.5740,1,2.907,3.116
1521,DATA_20260210_120000.BIN,3.5395,16.7532,3.3968,16.7532,1.3750,1,4.978,5.390
1522,DATA_20260210_120000.BIN,3.3968,13.9437,0.8973,13.9437,1.2430,1,5.191,7.308
1523,DATA_20260210_120000.BIN,0.8973,11.0903,2.0131,11.0903,2.2770,1,3.463,3.484
1524,DATA_20260210_120000.BIN,1.4413,7.7027,1.4783,7.7027,1.3420,1,4.743,5.501
1525,DATA_20260210_120000.BIN,1.4783,8.6044,1.1788,8.6044,2.5960,1,3.796,3.839
1526,DATA_20260210_120000.BIN,3.2548,11.6565,4.3171,11.6565,1.9470,1,4.938,7.136
1527,DATA_20260210_120000.BIN,4.3171,31.9066,10.1967,31.9066,4.5430,1,4.825,9.711
1528,DATA_20260210_120000.BIN,2.2229,22.8016,3.6505,22.8016,2.5410,1,4.651,8.366
1529,DATA_20260210_120000.BIN,3.6505,18.3816,2.8344,18.3816,1.7710,1,4.934,6.550
1530,DATA_20260210_120000.BIN,2.8344,30.4447,11.2148,30.4447,3.8060,1,2.233,2.837
1531,DATA_20260210_120000.BIN,11.2148,53.7646,38.4573,53.7646,2.6510,1,14.727,14.826
1532,DATA_20260210_120000.BIN,38.4573,51.5151,10.4297,51.5151,4.1910,1,54.330,67.042
1533,DATA_20260210_120000.BIN,10.4297,43.8427,37.7154,43.8427,1.9470,1,18.338,26.305
1534,DATA_20260210_120000.BIN,39.4437,47.2169,32.8678,47.2169,6.1160,1,43.936,48.600
1535,DATA_20260210_120000.BIN,34.0150,47.6220,35.6104,47.6220,8.4370,1,32.915,35.687
1536,DATA_20260210_120000.BIN,35.6104,43.2236,34.2226,43.2236,7.2160,1,32.723,34.725
1537,DATA_20260210_120000.BIN,30.1171,46.5211,36.6862,46.5211,3.5970,1,22.103,24.307
1538,DATA_20260210_120000.BIN,36.6862,51.8152,34.4354,51.8152,8.4040,1,28.473,32.861
1539,DATA_20260210_120000.BIN,35.9903,42.6473,35.1906,42.6473,6.6660,1,24.486,25.675
1540,DATA_20260210_120000.BIN,35.1906,43.1259,30.6488,43.1259,6.7210,1,21.106,24.758
1541,DATA_20260210_120000.BIN,1.3446,32.3240,16.1584,32.3240,3.5750,1,24.891,25.706
1542,DATA_20260210_120000.BIN,7.7656,20.2269,8.5617,20.2269,2.0460,1,30.838,32.947
1543,DATA_20260210_120000.BIN,10.0150,17.4493,1.2773,17.4493,1.6280,1,30.057,31.634
1544,DATA_20260210_120000.BIN,1.2773,19.9312,11.3681,19.9312,5.2360,1,16.144,16.550
1545,DATA_20260210_120000.BIN,5.5025,32.0224,22.2777,32.0224,3.1130,1,18.773,18.898
1546,DATA_20260210_120000.BIN,22.2777,31.6092,6.2752,31.6092,2.2110,1,128.661,145.604
1547,DATA_20260210_120000.BIN,6.2752,13.4129,7.3501,13.4129,2.3650,1,14.269,16.496
1548,DATA_20260210_120000.BIN,7.3501,32.0385,21.5613,32.0385,3.4650,1,12.692,14.675
1549,DATA_20260210_120000.BIN,21.5613,30.7582,18.6861,30.7582,1.9580,1,133.052,150.887
1550,DATA_20260210_120000.BIN,18.6861,32.1254,16.5611,32.1254,2.0240,1,29.406,29.427
1551,DATA_20260210_120000.BIN,16.5611,31.3488,5.4069,31.3488,3.1020,1,114.750,121.031
1552,DATA_20260210_120000.BIN,5.7923,11.1950,3.8600,11.1950,1.4410,1,26.868,28.327
1553,DATA_20260210_120000.BIN,3.8600,23.3972,3.4473,23.3972,4.5980,1,32.049,35.282
1554,DATA_20260210_120000.BIN,3.4473,18.8422,10.2969,18.8422,1.3420,1,28.379,28.643
1555,DATA_20260210_120000.BIN,6.9551,16.1512,7.1341,16.1512,1.2430,1,15.798,15.830
1556,DATA_20260210_120000.BIN,7.1341,16.6826,8.0272,16.6826,1.3310,1,10.937,11.117
1557,DATA_20260210_120000.BIN,8.0272,19.0477,4.3575,19.0477,5.4230,1,8.534,8.548
1558,DATA_20260210_120000.BIN,4.3575,32.7972,12.1489,32.7972,4.9830,1,14.767,14.938
1559,DATA_20260210_120000.BIN,12.1489,18.1247,11.4882,18.1247,2.4090,1,12.610,12.851
1560,DATA_20260210_120000.BIN,11.4882,18.5505,5.9803,18.5505,1.7380,1,1.862,1.862
1561,DATA_20260210_120000.BIN,5.9803,15.5193,1.7933,15.5193,2.1230,1,13.355,14.016
1562,DATA_20260210_120000.BIN,1.7933,11.4259,1.4104,11.4259,1.2650,1,18.478,21.426
1563,DATA_20260210_120000.BIN,1.4104,19.0446,1.7760,19.0446,3.6300,1,12.620,13.217
1564,DATA_20260210_120000.BIN,6.9231,22.9892,11.5368,22.9892,5.5770,1,5.346,7.464
1565,DATA_20260210_120000.BIN,11.5368,21.5890,6.3944,21.5890,1.3200,1,5.065,7.571
1566,DATA_20260210_120000.BIN,6.3944,33.0295,6.7526,33.0295,4.1250,1,6.273,6.292
1567,DATA_20260210_120000.BIN,6.7526,14.1309,5.2356,14.1309,2.5190,1,6.968,7.033
1568,DATA_20260210_120000.BIN,5.2356,22.1112,1.9824,22.1112,2.6290,1,3.771,5.256
1569,DATA_20260210_120000.BIN,1.9824,10.8617,2.0746,10.8617,2.4310,1,10.847,11.191
1570,DATA_20260210_120000.BIN,2.0746,31.6993,21.4783,31.6993,4.8950,1,9.059,9.784
1571,DATA_20260210_120000.BIN,7.9089,14.1107,3.5910,14.1107,3.9050,1,6.372,8.460
1572,DATA_20260210_120000.BIN,3.5910,11.5056,2.6182,11.5056,1.1770,1,5.101,6.124
1573,DATA_20260210_120000.BIN,2.5857,19.1979,7.0068,19.1979,6.5010,1,8.785,9.570
1574,DATA_20260210_120000.BIN,7.0068,18.0132,4.1042,18.0132,2.5630,1,3.883,7.897
1575,DATA_20260210_120000.BIN,4.1042,16.6571,7.4973,16.6571,1.5730,1,12.652,12.679
1576,DATA_20260210_120000.BIN,17.2076,23.6759,5.1784,23.6759,3.4320,1,18.465,19.620
1577,DATA_20260210_120000.BIN,5.1784,17.1317,4.3130,17.1317,2.1340,1,6.793,6.888
1578,DATA_20260210_120000.BIN,4.3130,22.8858,1.9254,22.8858,6.0720,1,10.168,12.530
1579,DATA_20260210_120000.BIN,1.7066,10.0657,4.6697,10.0657,1.1660,1,8.730,10.613
1580,DATA_20260210_120000.BIN,4.6697,31.5586,17.4782,31.5586,5.1040,1,10.866,19.186
1581,DATA_20260210_120000.BIN,17.4782,31.9107,1.4250,31.9107,8.0630,1,19.321,20.979
1582,DATA_20260210_120000.BIN,1.4250,17.8474,3.1158,17.8474,2.6730,1,7.514,8.039
1583,DATA_20260210_120000.BIN,3.1158,21.2141,7.4125,21.2141,5.2250,1,10.644,13.498
1584,DATA_20260210_120000.BIN,7.4947,15.8668,8.8297,15.8668,1.2650,1,3.536,3.976
1585,DATA_20260210_120000.BIN,8.8297,19.0667,11.7917,19.0667,3.0470,1,6.679,8.479
1586,DATA_20260210_120000.BIN,11.7917,20.6421,7.8838,20.6421,1.4960,1,8.750,9.700
1587,DATA_20260210_120000.BIN,7.8838,32.7402,7.2165,32.7402,3.3000,1,4.958,6.534
1588,DATA_20260210_120000.BIN,0.2330,18.6147,3.8323,18.6147,3.9380,1,9.792,11.721
1589,DATA_20260210_120000.BIN,3.8323,12.4816,3.7253,12.4816,1.2320,1,3.211,3.922
1590,DATA_20260210_120000.BIN,8.9237,17.9314,7.7999,17.9314,3.7180,1,4.419,4.430
1591,DATA_20260210_120000.BIN,7.6409,23.2110,4.0573,23.2110,5.9070,1,3.579,3.624
1592,DATA_20260210_120000.BIN,4.0573,15.4714,1.7717,15.4714,5.9730,1,7.321,7.327
1593,DATA_20260210_120000.BIN,1.7717,16.7091,1.3507,16.7091,3.3770,1,7.516,10.979
1594,DATA_20260210_120000.BIN,1.3507,14.2069,4.1917,14.2069,2.2990,1,7.220,7.280
1595,DATA_20260210_120000.BIN,4.1917,14.0078,5.1612,14.0078,2.9700,1,9.138,11.101
1596,DATA_20260210_120000.BIN,5.1612,14.0825,3.5848,14.0825,1.7600,1,2.193,5.967
1597,DATA_20260210_120000.BIN,3.5848,25.2363,13.2116,25.2363,3.5420,1,8.522,14.810
1598,DATA_20260210_120000.BIN,13.2116,19.8515,5.6119,19.8515,2.2550,1,16.891,22.983
1599,DATA_20260210_120000.BIN,5.6119,20.1907,1.3146,20.1907,2.4750,1,5.625,5.645
1600,DATA_20260210_120000.BIN,1.3146,30.7893,6.8125,30.7893,4.5210,1,7.130,7.219
1601,DATA_20260210_120000.BIN,6.8125,52.0978,32.6341,52.0978,2.4310,1,7.269,7.297
1602,DATA_20260210_120000.BIN,32.6341,44.7347,8.8183,44.7347,3.2560,1,54.967,65.076
1603,DATA_20260210_120000.BIN,31.7521,43.7382,8.4717,43.7382,5.8740,1,39.497,44.385
1604,DATA_20260210_120000.BIN,8.4717,31.3721,12.2935,31.3721,4.5760,1,13.136,13.155
1605,DATA_20260210_120000.BIN,10.2397,16.1970,4.6983,16.1970,3.7400,1,17.454,19.671
1606,DATA_20260210_120000.BIN,4.6983,24.3460,11.8653,24.3460,2.1230,1,9.709,13.560
1607,DATA_20260210_120000.BIN,11.8653,31.7501,17.3050,31.7501,2.9040,1,14.455,15.717
1608,DATA_20260210_120000.BIN,17.3050,31.6233,2.2426,31.6233,2.2000,1,142.268,148.051
1609,DATA_20260210_120000.BIN,2.2426,15.2444,8.9597,15.2444,1.2540,1,12.022,12.137
1610,DATA_20260210_120000.BIN,8.9597,14.3595,0.3237,14.3595,2.0130,1,5.475,7.368
1611,DATA_20260210_120000.BIN,0.3237,42.6525,1.1615,42.6525,7.6120,1,13.868,13.942
1612,DATA_20260210_120000.BIN,1.1615,13.6399,2.4954,13.6399,3.7730,1,10.253,11.204
1613,DATA_20260210_120000.BIN,2.4954,12.1229,6.0325,12.1229,1.4300,1,11.321,11.649
1614,DATA_20260210_120000.BIN,6.0325,22.1989,8.8674,22.1989,4.6090,1,9.981,10.001
1615,DATA_20260210_120000.BIN,5.5417,15.5773,6.2521,15.5773,1.4630,1,4.131,4.280
1616,DATA_20260210_120000.BIN,5.7544,15.2255,7.1091,15.2255,2.6730,1,1.485,1.600
1617,DATA_20260210_120000.BIN,6.0364,11.0832,2.3555,11.0832,2.6620,1,2.557,3.501
1618,DATA_20260210_120000.BIN,4.3781,31.8112,25.2188,31.8112,1.9800,1,3.606,3.614
1619,DATA_20260210_120000.BIN,25.2188,31.8287,8.0671,31.8287,2.2000,1,136.718,152.332
1620,DATA_20260210_120000.BIN,8.0671,18.6568,2.2612,18.6568,1.4410,1,18.324,19.547
1621,DATA_20260210_120000.BIN,25.9483,31.9359,4.0495,31.9359,4.7960,1,116.218,127.718
1622,DATA_20260210_120000.BIN,6.5567,15.5081,4.9392,15.5081,1.4190,1,24.130,25.388
1623,DATA_20260210_130000.BIN,4.2970,18.1326,3.8131,18.1326,1.3530,1,13.348,14.170
1624,DATA_20260210_130000.BIN,3.8131,16.9917,3.7324,16.9917,1.2210,1,9.663,10.136
1625,DATA_20260210_130000.BIN,3.7324,18.9318,3.3562,18.9318,1.4850,1,9.149,10.359
1626,DATA_20260210_130000.BIN,5.0618,37.3689,19.0382,37.3689,2.9260,1,6.864,7.498
1627,DATA_20260210_130000.BIN,19.0382,35.2144,9.7910,35.2144,1.7380,1,16.914,18.840
1628,DATA_20260210_130000.BIN,7.6839,32.2708,8.7269,32.2708,2.6070,1,0.582,1.079
1629,DATA_20260210_130000.BIN,8.7269,29.8320,6.0138,29.8320,2.5300,1,3.942,4.376
1630,DATA_20260210_130000.BIN,6.0138,24.7982,2.6253,24.7982,4.1140,1,5.850,6.217
1631,DATA_20260210_130000.BIN,6.2090,21.4938,4.6180,21.4938,1.7050,1,15.469,15.810
1632,DATA_20260210_130000.BIN,15.4708,32.6079,12.1151,32.6079,2.6400,1,15.159,17.722
1633,DATA_20260210_130000.BIN,12.1151,28.5055,6.9451,28.5055,2.8490,1,8.837,12.027
1634,DATA_20260210_130000.BIN,6.9451,43.9972,3.0723,43.9972,7.3920,1,10.262,12.128
1635,DATA_20260210_130000.BIN,6.1212,33.7446,3.5262,33.7446,5.5110,1,11.632,11.842
1636,DATA_20260210_130000.BIN,3.5262,33.8068,1.5397,33.8068,5.6540,1,9.473,9.905
1637,DATA_20260210_130000.BIN,1.5397,55.8512,38.8066,55.8512,2.8820,1,3.037,4.710
1638,DATA_20260210_130000.BIN,38.8066,56.8542,1.7112,56.8542,5.4120,1,141.869,147.222
1639,DATA_20260210_130000.BIN,1.7112,15.7464,3.9701,15.7464,3.6520,1,15.210,15.399
1640,DATA_20260210_130000.BIN,3.9701,17.9771,3.7578,17.9771,1.3530,1,14.340,14.342
1641,DATA_20260210_130000.BIN,3.7578,20.5737,7.5715,20.5737,1.3530,1,9.234,9.367
1642,DATA_20260210_130000.BIN,7.5715,24.0220,1.0983,24.0220,3.5750,1,10.007,10.029
1643,DATA_20260210_130000.BIN,1.0983,17.4442,4.3579,17.4442,3.0250,1,10.474,11.001
1644,DATA_20260210_130000.BIN,4.3579,22.8217,6.2586,22.8217,2.8710,1,7.168,7.244
1645,DATA_20260210_130000.BIN,6.2586,21.4371,1.6604,21.4371,3.5420,1,9.827,9.880
1646,DATA_20260210_130000.BIN,1.6604,15.5841,3.7598,15.5841,3.0030,1,11.036,11.046
1647,DATA_20260210_130000.BIN,3.4485,23.0288,10.3907,23.0288,1.2870,1,12.339,12.465
1648,DATA_20260210_130000.BIN,10.7274,22.8478,5.6362,22.8478,2.5520,1,19.941,19.997
1649,DATA_20260210_130000.BIN,5.6362,18.4846,4.2112,18.4846,4.6640,1,11.747,12.569
1650,DATA_20260210_130000.BIN,4.2112,23.8068,6.7155,23.8068,3.0250,1,9.905,13.305
1651,DATA_20260210_130000.BIN,3.7508,17.6759,4.4237,17.6759,1.8810,1,6.947,7.932
1652,DATA_20260210_130000.BIN,14.8898,51.5910,3.4251,51.5910,8.9210,1,13.906,14.273
1653,DATA_20260210_130000.BIN,3.4251,22.7648,4.7653,22.7648,7.3810,1,7.575,7.702
1654,DATA_20260210_130000.BIN,8.6881,19.6600,3.8385,19.6600,9.6140,1,13.897,13.899
1655,DATA_20260210_130000.BIN,3.8385,25.9006,11.9799,25.9006,3.0470,1,6.416,6.417
1656,DATA_20260210_130000.BIN,11.9799,34.1353,4.0882,34.1353,5.0710,1,11.927,11.954
1657,DATA_20260210_130000.BIN,4.0882,13.0076,3.8441,13.0076,3.2780,1,6.724,6.862
1658,DATA_20260210_130000.BIN,3.8441,17.4084,6.8873,17.4084,6.4020,1,4.003,4.829
1659,DATA_20260210_130000.BIN,6.8873,22.2677,11.6255,22.2677,8.8880,1,7.826,7.827
1660,DATA_20260210_130000.BIN,11.6255,24.6586,1.1897,24.6586,2.3430,1,15.265,16.346
1661,DATA_20260210_130000.BIN,7.6114,20.9206,5.7716,20.9206,1.5840,1,9.381,11.306
1662,DATA_20260210_130000.BIN,5.7716,26.7304,0.5190,26.7304,4.0810,1,5.588,6.559
1663,DATA_20260210_130000.BIN,0.5190,14.4386,2.7745,14.4386,5.0270,1,2.137,2.265
1664,DATA_20260210_130000.BIN,2.7745,51.5749,0.9872,51.5749,3.4540,1,1.954,7.326
1665,DATA_20260210_130000.BIN,1.5964,57.1253,39.2073,57.1253,6.7760,1,0.405,3.353
1666,DATA_20260210_130000.BIN,39.2073,56.9509,2.4898,56.9509,2.9700,1,142.872,148.003
1667,DATA_20260210_130000.BIN,23.8850,56.8911,10.3819,56.8911,6.3690,1,12.125,15.160
1668,DATA_20260210_130000.BIN,2.8576,16.2153,2.4031,16.2153,5.2030,1,15.106,15.128
1669,DATA_20260210_130000.BIN,2.4031,19.7036,1.1917,19.7036,4.9830,1,16.441,16.696
1670,DATA_20260210_130000.BIN,1.1917,13.0619,5.9839,13.0619,1.9910,1,10.698,11.779
1671,DATA_20260210_130000.BIN,5.9839,42.4846,1.4783,42.4846,8.2390,1,6.397,6.431
1672,DATA_20260210_130000.BIN,1.4783,9.8572,1.4579,9.8572,4.8510,1,9.853,9.932
1673,DATA_20260210_130000.BIN,1.4579,20.4593,3.3592,20.4593,6.0720,1,8.071,8.447
1674,DATA_20260210_130000.BIN,3.3592,15.7840,3.2162,15.7840,1.5290,1,6.122,7.377
1675,DATA_20260210_130000.BIN,3.2162,14.3873,2.7863,14.3873,2.3980,1,5.629,5.974
1676,DATA_20260210_130000.BIN,2.7863,16.0820,1.4712,16.0820,3.4760,1,8.226,12.381
1677,DATA_20260210_130000.BIN,1.4712,21.9391,1.5633,21.9391,4.9280,1,6.000,7.612
1678,DATA_20260210_130000.BIN,1.5633,14.7246,5.8447,14.7246,8.3270,1,5.361,5.436
1679,DATA_20260210_130000.BIN,3.8619,15.2460,3.9230,15.2460,1.3310,1,9.643,9.664
1680,DATA_20260210_130000.BIN,3.9230,11.8770,0.9888,11.8770,4.2790,1,1.167,1.227
1681,DATA_20260210_130000.BIN,4.4220,16.1195,1.4497,16.1195,4.1800,1,1.212,1.776
1682,DATA_20260210_130000.BIN,1.4497,12.9694,2.5323,12.9694,1.7600,1,6.127,7.189
1683,DATA_20260210_130000.BIN,2.5323,17.5475,3.7337,17.5475,1.6500,1,5.259,5.364
1684,DATA_20260210_130000.BIN,3.7337,15.2711,2.1243,15.2711,3.5200,1,7.259,8.689
1685,DATA_20260210_130000.BIN,2.1243,16.2945,0.4578,16.2945,2.1230,1,5.959,6.117
1686,DATA_20260210_130000.BIN,0.4578,13.2267,6.8850,13.2267,9.2510,1,3.437,5.223
1687,DATA_20260210_130000.BIN,3.0903,19.6128,2.8412,19.6128,3.2560,1,4.574,4.660
1688,DATA_20260210_130000.BIN,8.7318,18.8771,1.6026,18.8771,2.5520,1,7.491,8.192
1689,DATA_20260210_130000.BIN,1.2578,14.5439,2.0368,14.5439,3.7950,1,3.179,3.531
1690,DATA_20260210_130000.BIN,2.3656,16.8347,6.1132,16.8347,4.0920,1,4.662,5.728
1691,DATA_20260210_130000.BIN,2.3240,23.3531,4.1226,23.3531,3.1350,1,3.117,3.601
1692,DATA_20260210_130000.BIN,4.1226,14.8228,0.8954,14.8228,5.4120,1,2.780,2.794
1693,DATA_20260210_130000.BIN,24.5451,52.7793,11.4016,52.7793,3.4100,1,27.918,27.919
1694,DATA_20260210_130000.BIN,11.4016,33.3859,21.1126,33.3859,1.9910,1,14.613,14.940
1695,DATA_20260210_130000.BIN,12.7305,27.1162,5.9489,27.1162,1.7270,1,18.224,24.734
1696,DATA_20260210_130000.BIN,5.9489,30.1667,10.7327,30.1667,2.9480,1,10.068,14.582
1697,DATA_20260210_130000.BIN,10.7327,22.1664,6.0839,22.1664,1.5400,1,11.926,12.295
1698,DATA_20260210_130000.BIN,11.9284,53.8767,4.2948,53.8767,2.8930,1,15.917,15.973
1699,DATA_20260210_130000.BIN,4.2948,19.8077,1.7547,19.8077,1.2430,1,3.623,4.175
1700,DATA_20260210_130000.BIN,1.7547,22.3256,2.0888,22.3256,1.4740,1,3.545,4.341
1701,DATA_20260210_130000.BIN,4.7337,18.3156,1.9542,18.3156,1.5070,1,6.246,6.596
1702,DATA_20260210_130000.BIN,1.9542,16.1910,1.4431,16.1910,1.3640,1,3.018,3.068
1703,DATA_20260210_130000.BIN,1.4431,10.3660,3.2421,10.3660,3.0580,1,2.784,3.044
1704,DATA_20260210_130000.BIN,3.2421,24.2598,1.9280,24.2598,3.1020,1,3.511,5.270
1705,DATA_20260210_130000.BIN,1.9280,26.5856,13.7928,26.5856,1.5730,1,1.899,1.913
1706,DATA_20260210_130000.BIN,13.7928,27.8367,6.1872,27.8367,1.2320,1,15.661,15.662
1707,DATA_20260210_130000.BIN,6.1872,34.9051,22.4116,34.9051,7.1610,1,8.015,8.565
1708,DATA_20260210_130000.BIN,22.4116,46.0775,12.6109,46.0775,7.5680,1,22.969,27.233
1709,DATA_20260210_130000.BIN,12.6109,55.8486,38.8217,55.8486,3.2010,1,10.055,12.132
1710,DATA_20260210_130000.BIN,38.8217,56.4146,4.1812,56.4146,2.0240,1,134.847,146.599
1711,DATA_20260210_130000.BIN,4.1812,33.8297,8.0185,33.8297,2.9040,1,13.261,15.829
1712,DATA_20260210_130000.BIN,8.0185,24.5392,2.0970,24.5392,2.0130,1,14.238,15.403
1713,DATA_20260210_130000.BIN,2.0970,17.1663,3.6450,17.1663,1.7050,1,16.181,16.188
1714,DATA_20260210_130000.BIN,3.6450,16.5164,1.3164,16.5164,1.4300,1,14.429,14.443
1715,DATA_20260210_130000.BIN,1.3164,16.4158,5.2419,16.4158,1.3640,1,14.137,15.199
1716,DATA_20260210_130000.BIN,5.2419,20.1175,4.8536,20.1175,1.5070,1,16.659,16.985
1717,DATA_20260210_130000.BIN,4.8536,23.0808,3.2128,23.0808,1.4960,1,14.871,15.044
1718,DATA_20260210_130000.BIN,3.2128,52.3279,20.6416,52.3279,3.9490,1,6.229,6.613
1719,DATA_20260210_130000.BIN,13.8105,56.8253,7.9031,56.8253,2.7720,1,20.652,26.000
1720,DATA_20260210_130000.BIN,15.4388,55.3440,19.1918,55.3440,2.3650,1,14.323,16.282
1721,DATA_20260210_140000.BIN,4.2497,18.4959,9.4298,18.4959,2.4200,1,42.538,46.334
1722,DATA_20260210_140000.BIN,9.4298,17.6928,10.7865,17.6928,2.3210,1,120.066,120.467
1723,DATA_20260210_140000.BIN,10.7865,15.6972,8.0784,15.6972,1.5510,1,41.369,43.893
1724,DATA_20260210_140000.BIN,8.0784,15.8660,4.8935,15.8660,2.3650,1,33.620,33.735
1725,DATA_20260210_140000.BIN,4.8935,9.4414,5.0150,9.4414,1.2650,1,24.375,24.422
1726,DATA_20260210_140000.BIN,4.3018,15.7081,8.6411,15.7081,2.4420,1,16.999,17.005
1727,DATA_20260210_140000.BIN,2.5351,13.8599,9.6108,13.8599,2.0570,1,11.880,12.694
1728,DATA_20260210_140000.BIN,9.6108,18.0156,14.4929,18.0156,2.5080,1,27.877,28.381
1729,DATA_20260210_140000.BIN,9.8583,16.4754,10.3866,16.4754,1.8700,1,23.121,25.580
1730,DATA_20260210_140000.BIN,9.4810,17.6609,8.5485,17.6609,5.1040,1,22.830,24.503
1731,DATA_20260210_140000.BIN,8.5485,17.8768,4.8204,17.8768,4.3560,1,16.718,18.035
1732,DATA_20260210_140000.BIN,4.8204,28.1637,5.3342,28.1637,1.6390,1,98.854,99.733
1733,DATA_20260210_140000.BIN,5.3342,17.8264,6.3857,17.8264,1.7710,1,93.341,94.359
1734,DATA_20260210_140000.BIN,9.4017,42.5972,14.3983,42.5972,9.9880,1,8.370,8.420
1735,DATA_20260210_140000.BIN,14.3983,46.9072,7.0313,46.9072,8.1730,1,102.989,103.895
1736,DATA_20260210_140000.BIN,7.0313,47.5898,7.9884,47.5898,8.0630,1,75.097,76.096
1737,DATA_20260210_140000.BIN,7.9884,17.8730,13.1682,17.8730,2.9700,1,64.293,65.200
1738,DATA_20260210_140000.BIN,13.1682,17.8969,7.5782,17.8969,5.5440,1,17.300,17.381
1739,DATA_20260210_140000.BIN,7.5782,15.3766,9.6044,15.3766,2.0020,1,35.064,35.240
1740,DATA_20260210_140000.BIN,9.6044,12.8632,5.6781,12.8632,4.3340,1,18.621,18.723
1741,DATA_20260210_140000.BIN,5.6781,12.2811,6.3926,12.2811,2.1560,1,25.739,25.744
1742,DATA_20260210_140000.BIN,6.3926,14.5147,9.4132,14.5147,3.7400,1,24.445,24.452
1743,DATA_20260210_140000.BIN,9.4132,17.4693,7.9180,17.4693,8.4590,1,11.385,11.965
1744,DATA_20260210_140000.BIN,7.9180,12.1845,2.2885,12.1845,6.1490,1,21.896,22.346
1745,DATA_20260210_140000.BIN,8.5159,16.7605,11.8175,16.7605,3.9600,1,19.913,20.010
1746,DATA_20260210_140000.BIN,11.0672,17.2158,5.0494,17.2158,3.1020,1,10.123,10.125
1747,DATA_20260210_140000.BIN,5.0494,13.1654,5.9206,13.1654,3.4980,1,20.037,20.670
1748,DATA_20260210_140000.BIN,5.9206,11.5345,0.4168,11.5345,2.9700,1,16.838,18.479
1749,DATA_20260210_140000.BIN,2.2776,6.9537,1.6330,6.9537,2.6950,1,16.806,16.814
1750,DATA_20260210_140000.BIN,1.6330,7.4675,2.0628,7.4675,1.2980,1,22.572,22.935
1751,DATA_20260210_140000.BIN,2.0628,7.4717,2.1044,7.4717,2.3100,1,16.421,17.177
1752,DATA_20260210_140000.BIN,2.1044,10.5711,0.5053,10.5711,4.4660,1,10.957,11.626
1753,DATA_20260210_140000.BIN,0.5053,6.8890,0.2406,6.8890,1.6170,1,16.522,16.956
1754,DATA_20260210_140000.BIN,0.2406,18.8686,6.1031,18.8686,2.3980,1,16.424,17.640
1755,DATA_20260210_140000.BIN,6.1031,36.4450,29.8914,36.4450,2.6400,1,5.762,15.251
1756,DATA_20260210_140000.BIN,14.0038,22.3054,11.0430,22.3054,2.1120,1,21.319,28.258
1757,DATA_20260210_140000.BIN,11.0430,18.4844,9.0358,18.4844,2.2660,1,4.573,6.946
1758,DATA_20260210_140000.BIN,9.0358,18.4399,9.7970,18.4399,1.7490,1,80.468,80.477
1759,DATA_20260210_140000.BIN,8.0950,13.5002,10.3022,13.5002,4.9610,1,11.164,13.863
1760,DATA_20260210_140000.BIN,10.3022,15.1508,5.4651,15.1508,2.8820,1,14.765,14.766
1761,DATA_20260210_140000.BIN,5.2262,12.9693,7.0641,12.9693,1.4630,1,13.597,15.002
1762,DATA_20260210_140000.BIN,7.0641,16.4229,11.9194,16.4229,3.3550,1,16.048,17.180
1763,DATA_20260210_140000.BIN,11.9194,37.8531,12.5989,37.8531,3.3220,1,9.320,12.959
1764,DATA_20260210_140000.BIN,12.5989,24.8839,9.2486,24.8839,5.5660,1,24.601,25.089
1765,DATA_20260210_140000.BIN,9.2486,17.9181,8.4534,17.9181,1.0010,1,9.252,12.733
1766,DATA_20260210_140000.BIN,11.9199,15.7321,7.6816,15.7321,2.3760,1,10.844,11.079
1767,DATA_20260210_140000.BIN,7.6816,13.6340,9.9526,13.6340,3.2120,1,16.608,22.659
1768,DATA_20260210_140000.BIN,11.4262,15.8889,11.0505,15.8889,2.7390,1,3.172,5.346
1769,DATA_20260210_140000.BIN,11.0505,18.4456,9.9830,18.4456,2.1890,1,0.996,5.034
1770,DATA_20260210_140000.BIN,9.9830,18.5887,11.8537,18.5887,2.6620,1,98.499,100.642
1771,DATA_20260210_140000.BIN,10.8244,14.9136,9.7100,14.9136,1.5620,1,11.566,13.255
1772,DATA_20260210_140000.BIN,9.7100,15.0036,8.9995,15.0036,1.9910,1,13.993,16.454
1773,DATA_20260210_140000.BIN,5.7872,12.2539,5.3481,12.2539,1.6060,1,18.132,19.134
1774,DATA_20260210_140000.BIN,5.3481,11.7234,5.0201,11.7234,1.6060,1,17.423,18.732
1775,DATA_20260210_140000.BIN,5.0201,13.0891,6.0611,13.0891,1.5730,1,15.686,16.586
1776,DATA_20260210_140000.BIN,6.0611,12.5854,7.1742,12.5854,1.8480,1,10.739,10.909
1777,DATA_20260210_140000.BIN,9.0778,17.6516,6.6055,17.6516,3.7180,1,8.762,9.500
1778,DATA_20260210_140000.BIN,6.6055,12.3303,7.1483,12.3303,1.5070,1,12.515,13.351
1779,DATA_20260210_140000.BIN,7.1483,13.3029,6.4200,13.3029,1.8480,1,9.792,10.729
1780,DATA_20260210_140000.BIN,6.4200,15.8594,9.3933,15.8594,3.4980,1,1.982,6.461
1781,DATA_20260210_140000.BIN,9.3933,14.2037,9.0690,14.2037,1.7160,1,3.584,3.939
1782,DATA_20260210_140000.BIN,9.0690,13.4453,6.7198,13.4453,2.3540,1,5.798,7.968
1783,DATA_20260210_140000.BIN,9.6514,34.3435,7.5493,34.3435,4.4110,1,93.622,96.202
1784,DATA_20260210_140000.BIN,7.5493,18.3161,11.3896,18.3161,2.0900,1,79.525,81.047
1785,DATA_20260210_140000.BIN,11.3896,18.1734,10.6808,18.1734,1.6500,1,19.456,21.519
1786,DATA_20260210_140000.BIN,10.6808,18.6860,11.6567,18.6860,1.5400,1,72.391,73.899
1787,DATA_20260210_140000.BIN,8.9921,17.6004,6.9141,17.6004,1.8590,1,28.452,30.001
1788,DATA_20260210_140000.BIN,6.9141,14.5868,8.1237,14.5868,6.7210,1,26.682,26.840
1789,DATA_20260210_140000.BIN,8.5088,16.2407,7.3787,16.2407,3.1900,1,24.340,25.812
1790,DATA_20260210_140000.BIN,7.3787,14.8627,10.2378,14.8627,3.0470,1,24.164,24.716
1791,DATA_20260210_140000.BIN,10.2378,18.8454,8.0862,18.8454,6.1820,1,19.667,19.898
1792,DATA_20260210_140000.BIN,8.0862,15.0766,5.8023,15.0766,8.5800,1,12.932,12.932
1793,DATA_20260210_140000.BIN,5.8023,12.8684,8.1201,12.8684,1.7820,1,13.577,13.583
1794,DATA_20260210_140000.BIN,8.1201,13.1043,8.6068,13.1043,2.6620,1,16.717,19.127
1795,DATA_20260210_140000.BIN,8.8192,17.1039,12.0054,17.1039,3.5090,1,7.922,8.111
1796,DATA_20260210_140000.BIN,12.0054,16.1216,11.8624,16.1216,2.2330,1,9.394,9.722
1797,DATA_20260210_140000.BIN,11.8624,23.5501,11.8266,23.5501,5.2910,1,14.395,15.804
1798,DATA_20260210_140000.BIN,11.8266,15.9516,8.9940,15.9516,7.4030,1,13.399,13.896
1799,DATA_20260210_140000.BIN,8.9940,14.9210,10.8291,14.9210,2.4860,1,10.499,11.420
1800,DATA_20260210_140000.BIN,6.8024,18.3919,10.8982,18.3919,5.1370,1,3.601,6.457
1801,DATA_20260210_140000.BIN,10.8982,14.4413,7.7057,14.4413,8.4920,1,11.584,12.921
1802,DATA_20260210_140000.BIN,7.6743,18.9951,7.0310,18.9951,8.8000,1,5.512,5.548
1803,DATA_20260210_140000.BIN,2.9551,14.8769,4.3202,14.8769,2.4530,1,7.670,10.754
1804,DATA_20260210_140000.BIN,4.3202,11.2540,3.8311,11.2540,1.6390,1,8.513,8.525
1805,DATA_20260210_140000.BIN,3.8311,10.1194,5.3273,10.1194,1.6610,1,9.864,9.878
1806,DATA_20260210_140000.BIN,5.3273,9.2514,5.2934,9.2514,2.3980,1,11.494,11.642
1807,DATA_20260210_140000.BIN,5.2934,11.0025,6.3280,11.0025,3.4650,1,5.794,5.852
1808,DATA_20260210_140000.BIN,6.3280,14.4779,7.0247,14.4779,1.6500,1,7.995,10.435
1809,DATA_20260210_140000.BIN,7.0247,14.4453,10.6482,14.4453,2.0240,1,8.864,10.070
1810,DATA_20260210_140000.BIN,5.4718,10.0659,6.4824,10.0659,1.3310,1,8.861,11.105
1811,DATA_20260210_140000.BIN,6.4824,16.2726,5.4749,16.2726,6.0170,1,2.293,2.424
1812,DATA_20260210_140000.BIN,5.4749,17.6754,10.5915,17.6754,2.5300,1,5.034,5.571
1813,DATA_20260210_140000.BIN,3.2216,17.8802,7.1819,17.8802,2.7830,1,100.697,100.938
1814,DATA_20260210_140000.BIN,7.1819,14.2476,10.3251,14.2476,1.9910,1,12.726,13.083
1815,DATA_20260210_140000.BIN,6.3059,12.5107,8.7410,12.5107,8.2940,1,6.443,6.629
1816,DATA_20260210_140000.BIN,5.7850,17.8461,8.7259,17.8461,1.3310,1,6.335,7.032
1817,DATA_20260210_140000.BIN,8.7259,17.5991,8.9520,17.5991,1.4190,1,84.478,84.486
1818,DATA_20260210_140000.BIN,8.9520,17.7552,8.2009,17.7552,2.1010,1,8.621,11.371
1819,DATA_20260210_140000.BIN,8.2009,17.9909,5.7562,17.9909,4.4000,1,70.348,71.411
1820,DATA_20260210_140000.BIN,8.5016,14.0482,8.8700,14.0482,4.2680,1,21.768,21.769
1821,DATA_20260210_140000.BIN,8.5554,14.9304,10.2134,14.9304,3.3330,1,17.523,17.852
1822,DATA_20260210_140000.BIN,10.2134,13.8716,10.1739,13.8716,3.4980,1,20.546,21.925
1823,DATA_20260210_140000.BIN,10.1739,14.1501,7.7821,14.1501,6.1380,1,11.325,12.279
1824,DATA_20260210_140000.BIN,7.7821,21.0480,9.0951,21.0480,6.0720,1,15.963,16.986
1825,DATA_20260210_140000.BIN,8.1844,13.1564,7.4089,13.1564,2.8050,1,19.956,20.035
1826,DATA_20260210_140000.BIN,10.2756,17.8063,3.4729,17.8063,2.8490,1,25.463,26.952
1827,DATA_20260210_140000.BIN,3.4729,11.6021,4.5029,11.6021,2.8160,1,14.315,15.353
1828,DATA_20260210_140000.BIN,5.0951,11.0432,2.0028,11.0432,2.7280,1,17.875,20.453
1829,DATA_20260210_140000.BIN,2.0028,12.9843,3.2461,12.9843,3.1240,1,13.527,13.632
1830,DATA_20260210_140000.BIN,3.2740,9.3323,4.3052,9.3323,1.2210,1,10.812,10.968
1831,DATA_20260210_140000.BIN,9.0154,13.0182,6.2931,13.0182,8.7670,1,9.802,9.822
1832,DATA_20260210_140000.BIN,6.2931,11.3400,6.4038,11.3400,1.5180,1,6.778,7.202
1833,DATA_20260210_140000.BIN,5.3173,14.9182,6.9092,14.9182,3.0030,1,1.554,4.191
1834,DATA_20260210_140000.BIN,8.5051,12.0466,3.7553,12.0466,2.9810,1,7.476,7.511
1835,DATA_20260210_140000.BIN,3.7553,13.3205,7.7492,13.3205,2.3320,1,4.368,5.604
1836,DATA_20260210_140000.BIN,7.7492,11.8061,3.8078,11.8061,3.3660,1,2.523,3.310
1837,DATA_20260210_140000.BIN,3.8078,8.0571,3.7425,8.0571,3.3330,1,9.328,15.632
1838,DATA_20260210_140000.BIN,3.7425,8.5897,4.1235,8.5897,1.3200,1,8.464,8.505
1839,DATA_20260210_140000.BIN,4.1235,10.3663,6.1119,10.3663,1.3750,1,12.820,16.704
1840,DATA_20260210_140000.BIN,6.1119,18.7255,9.2144,18.7255,7.1280,1,9.688,14.336
1841,DATA_20260210_140000.BIN,9.2144,15.7973,5.2151,15.7973,7.3700,1,16.007,20.026
1842,DATA_20260210_140000.BIN,5.2151,17.7945,5.4069,17.7945,3.2780,1,6.064,7.837
1843,DATA_20260210_140000.BIN,5.4069,17.4961,7.0370,17.4961,9.0860,1,95.302,96.427
1844,DATA_20260210_140000.BIN,7.0370,14.2037,5.4427,14.2037,1.5730,1,10.670,11.012
1845,DATA_20260210_140000.BIN,5.4427,13.9761,5.8392,13.9761,2.4310,1,16.857,18.263
1846,DATA_20260210_140000.BIN,8.8478,17.3917,4.9411,17.3917,4.6200,1,0.931,3.127
1847,DATA_20260210_140000.BIN,6.5817,11.5281,2.6785,11.5281,4.0040,1,11.443,15.014
1848,DATA_20260210_140000.BIN,2.6785,9.9410,2.1229,9.9410,1.2650,1,11.590,11.664
1849,DATA_20260210_140000.BIN,2.1229,16.5476,1.5886,16.5476,2.0900,1,13.695,14.019
1850,DATA_20260210_140000.BIN,1.5886,13.9522,3.4301,13.9522,4.1140,1,11.618,11.621
1851,DATA_20260210_140000.BIN,3.4301,10.8130,3.7135,10.8130,1.9910,1,7.295,7.478
1852,DATA_20260210_140000.BIN,3.7135,10.4284,5.1371,10.4284,1.4740,1,8.225,9.311
1853,DATA_20260210_140000.BIN,5.1371,15.1598,7.1757,15.1598,2.4420,1,11.323,13.676
1854,DATA_20260210_140000.BIN,7.6044,13.4951,3.1944,13.4951,3.3660,1,10.940,12.121
1855,DATA_20260210_140000.BIN,9.9565,18.7290,7.6494,18.7290,5.3680,1,18.151,18.588
1856,DATA_20260210_140000.BIN,7.6494,26.3727,3.6095,26.3727,2.3870,1,15.157,17.644
1857,DATA_20260210_140000.BIN,6.3264,10.3198,4.1430,10.3198,2.9370,1,2.148,5.112
1858,DATA_20260210_140000.BIN,4.1430,13.4620,2.6453,13.4620,4.9940,1,12.286,20.075
1859,DATA_20260210_140000.BIN,4.7547,13.1098,3.0989,13.1098,2.9150,1,7.094,9.437
1860,DATA_20260210_140000.BIN,6.0513,15.2413,4.3033,15.2413,2.7280,1,8.339,12.420
1861,DATA_20260210_140000.BIN,4.3033,8.1463,2.2513,8.1463,2.1230,1,6.184,6.230
1862,DATA_20260210_140000.BIN,2.2513,9.8681,1.9770,9.8681,1.5180,1,7.563,8.627
1863,DATA_20260210_140000.BIN,1.0575,11.9662,6.4712,11.9662,6.1270,1,10.592,11.740
1864,DATA_20260210_140000.BIN,6.4712,10.4731,7.2256,10.4731,6.0940,1,7.723,9.041
1865,DATA_20260210_140000.BIN,7.2256,11.6038,7.7635,11.6038,4.4990,1,12.649,15.671
1866,DATA_20260210_140000.BIN,2.6540,9.1399,3.6923,9.1399,2.5960,1,4.194,4.194
1867,DATA_20260210_140000.BIN,3.6923,8.3332,4.9593,8.3332,2.4090,1,6.306,7.274
1868,DATA_20260210_140000.BIN,4.9593,9.2258,5.4073,9.2258,1.3310,1,6.970,8.337
1869,DATA_20260210_140000.BIN,5.4073,18.2983,4.0564,18.2983,2.6620,1,10.015,10.250
1870,DATA_20260210_140000.BIN,4.0564,10.8604,0.5210,10.8604,9.0310,1,5.099,6.514
1871,DATA_20260210_140000.BIN,0.5210,9.1758,1.2616,9.1758,5.3790,1,5.733,5.764
1872,DATA_20260210_140000.BIN,1.2616,6.6519,3.2061,6.6519,1.7050,1,1.362,3.018
1873,DATA_20260210_140000.BIN,3.2061,13.5729,2.2260,13.5729,3.3110,1,6.057,10.880
1874,DATA_20260210_140000.BIN,2.2260,10.2056,5.6749,10.2056,1.6610,1,2.646,2.849
1875,DATA_20260210_140000.BIN,5.6749,12.6613,5.2107,12.6613,9.7680,1,3.401,3.548
1876,DATA_20260210_140000.BIN,5.2107,8.7824,6.0359,8.7824,3.5090,1,9.302,12.966
1877,DATA_20260210_140000.BIN,1.7351,6.5885,1.8526,6.5885,2.7170,1,9.374,9.666
1878,DATA_20260210_140000.BIN,1.2010,9.9577,0.2738,9.9577,2.1230,1,9.708,11.483
1879,DATA_20260210_140000.BIN,0.2738,7.4323,2.5541,7.4323,1.8590,1,2.713,2.846
1880,DATA_20260210_140000.BIN,9.2416,12.7091,5.1025,12.7091,2.2550,1,21.096,27.262
1881,DATA_20260210_140000.BIN,5.1025,9.5271,1.5265,9.5271,2.7170,1,5.315,5.835
1882,DATA_20260210_140000.BIN,7.0532,11.5158,6.2429,11.5158,2.0350,1,6.262,7.077
1883,DATA_20260210_140000.BIN,6.2429,15.7320,4.0942,15.7320,2.5520,1,3.642,3.932
1884,DATA_20260210_140000.BIN,9.2247,15.1523,3.4783,15.1523,6.5560,1,12.470,13.199
1885,DATA_20260210_140000.BIN,3.6456,9.4400,2.9767,9.4400,4.1690,1,7.374,11.048
1886,DATA_20260210_140000.BIN,1.5102,16.3109,0.6788,16.3109,2.7280,1,6.665,7.170
1887,DATA_20260210_140000.BIN,0.6740,8.9464,2.0760,8.9464,2.2990,1,11.079,13.552
1888,DATA_20260210_140000.BIN,1.4007,8.4050,0.9944,8.4050,1.3970,1,10.135,10.841
1889,DATA_20260210_140000.BIN,1.7151,7.1004,1.6930,7.1004,3.2120,1,5.056,5.364
1890,DATA_20260210_140000.BIN,1.6930,7.4722,0.7604,7.4722,1.6610,1,10.416,11.387
1891,DATA_20260210_140000.BIN,0.7604,11.4459,1.6273,11.4459,3.6960,1,6.304,7.353
1892,DATA_20260210_140000.BIN,1.6273,8.2828,2.3434,8.2828,1.3970,1,6.327,8.372
1893,DATA_20260210_140000.BIN,2.3434,9.6656,2.3332,9.6656,1.2100,1,7.042,8.924
1894,DATA_20260210_140000.BIN,2.3332,18.0354,10.8347,18.0354,3.9380,1,4.633,7.295
1895,DATA_20260210_140000.BIN,10.8347,18.0934,3.4719,18.0934,1.8370,1,97.689,99.540
1896,DATA_20260210_140000.BIN,3.4719,19.1607,9.1791,19.1607,1.3750,1,11.812,13.029
1897,DATA_20260210_140000.BIN,9.1791,17.6866,7.7638,17.6866,1.3310,1,15.059,15.423
1898,DATA_20260210_140000.BIN,7.7638,18.5783,0.7885,18.5783,4.7080,1,17.548,17.647
1899,DATA_20260210_140000.BIN,5.3025,13.1665,5.4262,13.1665,2.7390,1,9.762,9.782
1900,DATA_20260210_140000.BIN,7.6182,21.3680,13.6307,21.3680,5.4670,1,12.643,12.755
1901,DATA_20260210_140000.BIN,10.5319,17.6274,13.7053,17.6274,7.0400,1,11.855,12.071
1902,DATA_20260210_140000.BIN,10.5511,17.5653,0.5420,17.5653,4.7080,1,15.755,15.808
1903,DATA_20260210_140000.BIN,0.5420,8.6226,4.2654,8.6226,1.0670,1,8.628,8.646
1904,DATA_20260210_140000.BIN,4.2654,36.1808,5.0591,36.1808,5.1590,1,5.450,6.463
1905,DATA_20260210_140000.BIN,5.0591,18.1451,0.9911,18.1451,1.6060,1,88.799,89.395
1906,DATA_20260210_140000.BIN,0.9911,13.1131,6.6368,13.1131,2.5410,1,18.400,18.988
1907,DATA_20260210_140000.BIN,6.6368,19.2904,4.4409,19.2904,3.8280,1,22.351,22.864
1908,DATA_20260210_140000.BIN,4.4409,12.0386,2.7997,12.0386,3.6960,1,12.965,13.283
1909,DATA_20260210_140000.BIN,2.7997,6.9033,3.7232,6.9033,1.9030,1,9.060,9.794
1910,DATA_20260210_140000.BIN,3.7232,9.6568,1.8929,9.6568,5.2800,1,9.410,11.229
1911,DATA_20260210_140000.BIN,1.8929,15.0611,4.2044,15.0611,4.2020,1,6.816,7.241
1912,DATA_20260210_140000.BIN,4.2044,8.5088,0.4277,8.5088,3.2560,1,2.804,7.573
1913,DATA_20260210_140000.BIN,0.4277,9.4463,1.8382,9.4463,2.1890,1,9.052,9.374
1914,DATA_20260210_140000.BIN,1.8382,6.8058,1.0047,6.8058,1.2870,1,7.763,8.714
1915,DATA_20260210_140000.BIN,1.0047,7.5390,3.1828,7.5390,2.3650,1,6.363,7.688
1916,DATA_20260210_140000.BIN,3.1828,12.1614,3.7919,12.1614,4.4660,1,2.630,3.973
1917,DATA_20260210_140000.BIN,3.7919,16.9356,4.3270,16.9356,2.1560,1,4.958,5.853
1918,DATA_20260210_140000.BIN,4.3270,10.1129,4.0492,10.1129,1.6940,1,1.098,2.152
1919,DATA_20260210_140000.BIN,4.0492,10.7586,1.3496,10.7586,3.8170,1,9.397,9.402
1920,DATA_20260210_140000.BIN,1.3496,9.8313,1.9308,9.8313,9.2070,1,7.570,7.578
1921,DATA_20260210_140000.BIN,1.9308,18.1813,3.0856,18.1813,4.5540,1,4.245,5.128
1922,DATA_20260210_140000.BIN,3.0856,9.7056,3.4295,9.7056,2.0020,1,8.444,8.556
1923,DATA_20260210_140000.BIN,3.4295,14.7957,1.5385,14.7957,3.1460,1,5.593,5.610
1924,DATA_20260210_140000.BIN,1.5385,7.2794,1.3304,7.2794,2.2000,1,7.858,11.034
1925,DATA_20260210_140000.BIN,1.3304,12.2376,4.9292,12.2376,2.5300,1,1.848,5.491
1926,DATA_20260210_140000.BIN,4.9292,16.1914,4.7290,16.1914,3.4430,1,3.023,7.470
1927,DATA_20260210_140000.BIN,4.7290,7.9806,1.9612,7.9806,7.2600,1,7.371,8.685
1928,DATA_20260210_140000.BIN,1.9612,8.2784,1.0032,8.2784,2.1340,1,2.865,6.222
1929,DATA_20260210_140000.BIN,1.0032,12.3615,5.5206,12.3615,1.7930,1,3.039,3.048
1930,DATA_20260210_140000.BIN,5.5206,10.7514,2.5516,10.7514,2.5960,1,9.265,9.265
1931,DATA_20260210_140000.BIN,2.5516,7.4699,2.3359,7.4699,1.3970,1,3.719,3.754
1932,DATA_20260210_140000.BIN,2.1885,18.7898,12.2758,18.7898,4.2240,1,1.892,1.949
1933,DATA_20260210_140000.BIN,12.2758,19.4638,6.3422,19.4638,2.7720,1,17.396,17.455
1934,DATA_20260210_140000.BIN,6.3422,12.3399,1.3075,12.3399,3.7950,1,8.799,8.881
1935,DATA_20260210_140000.BIN,1.3075,7.2604,1.2913,7.2604,1.5730,1,2.649,4.639
1936,DATA_20260210_140000.BIN,2.4887,10.0299,5.9450,10.0299,2.3210,1,0.754,4.621
1937,DATA_20260210_140000.BIN,5.9450,13.9486,0.4530,13.9486,2.1670,1,10.298,13.202
1938,DATA_20260210_140000.BIN,0.4530,8.2537,2.0463,8.2537,2.2110,1,5.766,8.535
1939,DATA_20260210_140000.BIN,2.0463,15.5955,1.5591,15.5955,3.1130,1,5.922,6.268
1940,DATA_20260210_140000.BIN,1.5591,8.2659,1.8522,8.2659,1.1660,1,4.138,4.349
1941,DATA_20260210_140000.BIN,1.8522,11.0528,0.9277,11.0528,2.9040,1,4.176,4.641
1942,DATA_20260210_140000.BIN,0.9277,11.4457,2.1786,11.4457,6.4460,1,3.163,6.328
1943,DATA_20260210_140000.BIN,3.0348,16.2362,1.7732,16.2362,3.8280,1,3.185,3.187
1944,DATA_20260210_140000.BIN,1.7732,10.5041,3.8877,10.5041,4.2020,1,5.102,7.038
1945,DATA_20260210_140000.BIN,2.4066,6.0890,1.2401,6.0890,2.0680,1,2.351,4.822
1946,DATA_20260210_140000.BIN,0.6398,6.3931,1.1236,6.3931,5.8740,1,1.647,2.155
1947,DATA_20260210_140000.BIN,1.1236,7.0325,2.0102,7.0325,1.6940,1,3.060,3.162
1948,DATA_20260210_140000.BIN,2.0102,8.4810,2.4226,8.4810,6.8090,1,3.840,3.909
1949,DATA_20260210_140000.BIN,2.4226,7.0218,1.6892,7.0218,3.0250,1,5.048,5.445
1950,DATA_20260210_140000.BIN,1.6892,6.0370,0.8887,6.0370,3.3000,1,2.485,2.598
1951,DATA_20260210_140000.BIN,0.9019,6.8322,0.3878,6.8322,5.9070,1,0.978,0.998
1952,DATA_20260210_140000.BIN,0.3878,13.8747,1.4669,13.8747,2.9260,1,4.221,6.259
1953,DATA_20260210_140000.BIN,0.7522,6.2091,1.9095,6.2091,1.6940,1,0.262,0.988
1954,DATA_20260210_140000.BIN,3.0518,9.1306,1.6353,9.1306,1.5620,1,3.550,3.550
1955,DATA_20260210_140000.BIN,1.6353,6.0431,2.1068,6.0431,1.8590,1,3.682,4.442
1956,DATA_20260210_140000.BIN,2.1068,6.5418,0.2902,6.5418,1.3420,1,2.569,2.602
1957,DATA_20260210_140000.BIN,0.2902,7.9702,0.8158,7.9702,3.1350,1,2.059,3.284
1958,DATA_20260210_140000.BIN,0.3093,7.0187,2.4774,7.0187,1.3090,1,1.928,2.723
1959,DATA_20260210_140000.BIN,2.7881,9.4190,2.7503,9.4190,4.4990,1,6.383,7.367
1960,DATA_20260210_140000.BIN,3.1545,10.8449,2.6299,10.8449,1.5950,1,2.237,4.046
1961,DATA_20260210_140000.BIN,2.6299,6.8954,0.1021,6.8954,1.7490,1,2.796,2.811
1962,DATA_20260210_140000.BIN,0.1021,6.4719,1.3325,6.4719,1.5840,1,1.608,1.679
1963,DATA_20260210_140000.BIN,2.5285,7.6581,1.7001,7.6581,4.5650,1,1.927,5.300
1964,DATA_20260210_140000.BIN,1.7001,7.8389,1.0774,7.8389,4.4220,1,4.552,5.016
1965,DATA_20260210_140000.BIN,1.1992,5.9222,0.3562,5.9222,1.3640,1,4.563,5.761
1966,DATA_20260210_140000.BIN,0.3562,7.8975,1.5233,7.8975,1.5510,1,3.566,5.932
1967,DATA_20260210_140000.BIN,1.5233,8.9753,4.6398,8.9753,4.8290,1,1.175,4.178
1968,DATA_20260210_140000.BIN,4.2565,9.6782,4.8426,9.6782,3.1900,1,5.629,5.936
1969,DATA_20260210_140000.BIN,2.5647,7.8904,3.7847,7.8904,1.6500,1,1.213,3.292
1970,DATA_20260210_140000.BIN,2.2048,5.7988,1.6741,5.7988,6.1050,1,1.761,1.887
1971,DATA_20260210_140000.BIN,1.8949,7.7022,3.5508,7.7022,2.5850,1,2.060,2.091
1972,DATA_20260210_140000.BIN,3.5508,7.8277,1.6142,7.8277,1.4850,1,3.229,3.404
1973,DATA_20260210_140000.BIN,3.3761,6.0559,0.9698,6.0559,3.1680,1,1.513,3.400
1974,DATA_20260210_140000.BIN,0.9698,5.7380,1.3997,5.7380,2.1120,1,2.294,3.569
1975,DATA_20260210_140000.BIN,1.3997,6.8961,2.3094,6.8961,3.0690,1,3.993,5.228
1976,DATA_20260210_140000.BIN,1.0446,6.9208,1.6124,6.9208,3.5860,1,7.101,11.471
1977,DATA_20260210_140000.BIN,3.6558,7.6443,2.0533,7.6443,3.0140,1,4.139,4.402
1978,DATA_20260210_140000.BIN,2.0533,7.3546,0.9905,7.3546,1.1440,1,3.041,3.231
1979,DATA_20260210_140000.BIN,0.9905,5.4445,1.9019,5.4445,2.8600,1,1.837,2.963
1980,DATA_20260210_140000.BIN,1.9019,7.8025,2.9683,7.8025,2.9480,1,0.597,1.728
1981,DATA_20260210_140000.BIN,2.9683,8.9696,0.2605,8.9696,1.9030,1,3.016,3.024
1982,DATA_20260210_140000.BIN,2.0302,6.1386,1.1062,6.1386,1.7380,1,1.211,1.284
1983,DATA_20260210_140000.BIN,1.1062,6.0985,2.2180,6.0985,1.5070,1,1.597,1.950
1984,DATA_20260210_140000.BIN,2.2180,6.0216,1.6431,6.0216,1.5840,1,1.406,1.806
1985,DATA_20260210_140000.BIN,1.6431,8.1678,1.4095,8.1678,1.5510,1,1.365,1.636
1986,DATA_20260210_140000.BIN,1.4095,6.2735,0.8596,6.2735,1.5840,1,2.224,3.042
1987,DATA_20260210_140000.BIN,0.8596,5.7587,2.7092,5.7587,2.9700,1,0.336,1.581
1988,DATA_20260210_140000.BIN,1.0286,13.2214,3.7974,13.2214,1.9580,1,1.634,1.725
1989,DATA_20260210_140000.BIN,3.7974,9.2830,3.5601,9.2830,1.2320,1,8.276,9.105
1990,DATA_20260210_140000.BIN,3.5601,11.6337,2.2903,11.6337,1.7050,1,7.384,8.561
1991,DATA_20260210_140000.BIN,2.2903,9.4141,5.0723,9.4141,1.4190,1,4.217,4.989
1992,DATA_20260210_140000.BIN,5.0723,12.5287,5.5439,12.5287,1.8150,1,7.620,7.620
1993,DATA_20260210_140000.BIN,5.5439,11.6563,3.9681,11.6563,1.6830,1,8.990,9.671
1994,DATA_20260210_140000.BIN,3.9681,12.2196,4.5634,12.2196,1.6060,1,5.673,6.557
1995,DATA_20260210_140000.BIN,4.5634,12.6659,8.0707,12.6659,1.5840,1,4.245,4.791
1996,DATA_20260210_140000.BIN,8.0707,12.5603,4.9862,12.5603,1.6940,1,10.585,10.828
1997,DATA_20260210_140000.BIN,4.9862,11.3096,3.9148,11.3096,1.3860,1,5.322,5.925
1998,DATA_20260210_140000.BIN,3.9148,7.4375,3.4530,7.4375,1.5400,1,1.568,1.996
1999,DATA_20260210_140000.BIN,3.4530,10.1116,3.0160,10.1116,1.7270,1,3.788,4.008
2000,DATA_20260210_140000.BIN,3.0160,10.2059,3.1484,10.2059,1.7820,1,1.729,2.755
2001,DATA_20260210_140000.BIN,2.6355,8.9089,3.4209,8.9089,1.6170,1,6.007,6.148
2002,DATA_20260210_140000.BIN,4.0436,9.0323,3.2642,9.0323,1.8150,1,7.366,7.401
2003,DATA_20260210_140000.BIN,5.4736,11.2381,4.5311,11.2381,1.6720,1,9.890,10.007
2004,DATA_20260210_140000.BIN,4.5311,10.2032,5.9341,10.2032,1.7820,1,7.283,7.355
2005,DATA_20260210_140000.BIN,6.5767,13.2951,1.6068,13.2951,1.8370,1,10.122,10.628
2006,DATA_20260210_140000.BIN,1.6068,8.8920,3.0087,8.8920,2.8600,1,1.745,1.965
2007,DATA_20260210_140000.BIN,3.0087,10.1508,3.8402,10.1508,1.5070,1,5.164,5.175
2008,DATA_20260210_140000.BIN,3.8402,9.5352,5.0887,9.5352,1.8260,1,3.331,3.639
2009,DATA_20260210_140000.BIN,5.0887,10.9759,2.2939,10.9759,2.8930,1,6.934,6.991
2010,DATA_20260210_140000.BIN,4.2422,8.7160,5.5880,8.7160,3.2890,1,5.490,6.103
2011,DATA_20260210_140000.BIN,5.5880,12.0721,4.5598,12.0721,1.4740,1,6.131,6.168
2012,DATA_20260210_140000.BIN,4.5598,11.8647,3.2875,11.8647,3.2890,1,4.145,4.249
2013,DATA_20260210_140000.BIN,3.2875,9.0203,5.6912,9.0203,1.6500,1,1.945,3.217
2014,DATA_20260210_140000.BIN,5.6912,12.6136,4.7521,12.6136,1.3970,1,4.841,5.065
2015,DATA_20260210_140000.BIN,2.1056,12.8862,2.8824,12.8862,2.9700,1,1.793,2.898
2016,DATA_20260210_140000.BIN,2.8824,12.2826,7.1105,12.2826,1.4960,1,3.648,7.089
2017,DATA_20260210_140000.BIN,7.1105,12.1911,2.2253,12.1911,4.7190,1,7.253,9.002
2018,DATA_20260210_140000.BIN,2.2436,13.1251,4.4975,13.1251,4.7960,1,2.166,2.880
2019,DATA_20260210_140000.BIN,4.4975,13.3332,4.4252,13.3332,1.6610,1,2.435,2.445
2020,DATA_20260210_140000.BIN,4.4252,12.2000,5.1153,12.2000,1.5510,1,2.892,3.237
2021,DATA_20260210_140000.BIN,5.1153,12.2084,3.4328,12.2084,1.7710,1,4.372,4.733
2022,DATA_20260210_140000.BIN,3.4328,9.7440,1.7768,9.7440,1.9360,1,1.053,2.348
2023,DATA_20260210_140000.BIN,6.8706,11.5228,2.5710,11.5228,2.0350,1,7.275,8.511
2024,DATA_20260210_140000.BIN,2.5710,9.2127,4.0401,9.2127,1.5840,1,3.708,3.881
2025,DATA_20260210_140000.BIN,4.0401,11.4104,2.2982,11.4104,3.2670,1,2.317,2.416
2026,DATA_20260210_140000.BIN,2.2982,10.1534,6.4673,10.1534,2.6950,1,2.026,2.286
2027,DATA_20260210_140000.BIN,6.4673,12.7029,4.8200,12.7029,1.6720,1,4.223,4.223
2028,DATA_20260210_140000.BIN,4.8200,11.3580,3.6377,11.3580,2.1560,1,1.689,2.162
2029,DATA_20260210_140000.BIN,3.6377,14.5133,5.7027,14.5133,4.5980,1,3.281,3.309
2030,DATA_20260210_140000.BIN,5.7027,10.9108,2.8494,10.9108,1.8150,1,2.821,2.824
2031,DATA_20260210_140000.BIN,2.8494,15.1625,4.3330,15.1625,4.8950,1,1.525,2.221
2032,DATA_20260210_140000.BIN,4.3330,10.6379,2.4290,10.6379,1.7270,1,1.550,2.154
2033,DATA_20260210_140000.BIN,5.1695,12.7958,6.6633,12.7958,4.4000,1,3.025,3.068
2034,DATA_20260210_140000.BIN,7.3819,14.4806,3.5375,14.4806,3.0800,1,4.869,5.339
2035,DATA_20260210_140000.BIN,3.5375,9.5134,1.3531,9.5134,3.5640,1,1.802,3.393
2036,DATA_20260210_140000.BIN,3.3313,8.7293,2.7587,8.7293,1.8370,1,0.993,1.070
2037,DATA_20260210_140000.BIN,2.7587,9.2116,2.3661,9.2116,4.6310,1,2.523,2.525
2038,DATA_20260210_140000.BIN,1.6317,9.6828,4.4197,9.6828,3.5860,1,4.861,5.359
2039,DATA_20260210_140000.BIN,7.7890,18.5642,4.9522,18.5642,6.8750,1,19.688,20.909
2040,DATA_20260210_140000.BIN,4.9522,10.4704,2.0425,10.4704,5.0930,1,14.471,15.898
2041,DATA_20260210_140000.BIN,2.0425,9.4446,2.7565,9.4446,1.8150,1,6.009,6.080
2042,DATA_20260210_140000.BIN,2.7565,10.3272,2.7115,10.3272,1.9690,1,7.199,7.916
2043,DATA_20260210_140000.BIN,2.7115,9.3752,3.0896,9.3752,1.8040,1,5.666,5.710
2044,DATA_20260210_140000.BIN,3.0896,11.4304,6.4272,11.4304,1.7710,1,5.641,5.699
2045,DATA_20260210_140000.BIN,6.4272,14.2507,6.9546,14.2507,1.7490,1,10.800,10.805
2046,DATA_20260210_140000.BIN,6.9546,16.0064,9.1859,16.0064,1.8150,1,10.631,10.712
2047,DATA_20260210_140000.BIN,9.1859,15.1126,6.5688,15.1126,1.3310,1,12.810,12.964
2048,DATA_20260210_140000.BIN,6.5688,16.1091,7.4438,16.1091,1.8700,1,9.495,9.924
2049,DATA_20260210_140000.BIN,7.4438,15.1608,8.3438,15.1608,1.6720,1,8.521,8.552
2050,DATA_20260210_140000.BIN,8.3438,15.4550,4.9141,15.4550,2.1010,1,8.790,8.845
2051,DATA_20260210_140000.BIN,4.9141,11.6339,3.6054,11.6339,1.5180,1,2.043,2.792
2052,DATA_20260210_140000.BIN,3.6054,11.1573,2.5933,11.1573,1.8370,1,1.583,2.030
2053,DATA_20260210_140000.BIN,2.5933,16.3385,9.4374,16.3385,1.8150,1,1.917,1.933
2054,DATA_20260210_140000.BIN,7.7329,11.8358,2.2491,11.8358,1.8480,1,7.344,7.348
2055,DATA_20260210_140000.BIN,2.2491,13.3767,4.0220,13.3767,2.4750,1,6.108,7.663
2056,DATA_20260210_140000.BIN,4.0220,11.1869,4.5295,11.1869,1.9470,1,3.645,4.610
2057,DATA_20260210_140000.BIN,4.5295,13.3329,2.8137,13.3329,2.1450,1,7.346,7.853
2058,DATA_20260210_140000.BIN,2.8137,14.8052,5.8007,14.8052,4.3340,1,6.610,6.615
2059,DATA_20260210_140000.BIN,4.1859,11.0952,3.9214,11.0952,1.6280,1,6.686,6.969
2060,DATA_20260210_140000.BIN,3.9214,11.4323,5.9696,11.4323,1.5180,1,1.299,1.313
2061,DATA_20260210_140000.BIN,5.9696,9.4916,1.0628,9.4916,1.5290,1,4.338,4.341
2062,DATA_20260210_140000.BIN,1.0628,6.5427,1.4660,6.5427,1.6390,1,7.583,7.909
2063,DATA_20260210_140000.BIN,1.4660,7.6207,3.1741,7.6207,4.5650,1,3.541,3.966
2064,DATA_20260210_140000.BIN,3.1741,7.6707,3.8042,7.6707,2.3980,1,9.491,9.629
2065,DATA_20260210_140000.BIN,0.4460,7.9065,1.0500,7.9065,1.5950,1,4.792,4.848
2066,DATA_20260210_140000.BIN,1.0500,11.8616,1.2683,11.8616,3.4870,1,5.064,5.121
2067,DATA_20260210_140000.BIN,1.0221,5.7669,1.8271,5.7669,1.6720,1,3.812,6.189
2068,DATA_20260210_140000.BIN,0.7783,5.0577,1.7884,5.0577,1.9360,1,2.601,2.604
2069,DATA_20260210_140000.BIN,1.7884,5.6437,2.2397,5.6437,1.8920,1,5.154,5.252
2070,DATA_20260210_140000.BIN,1.2632,11.9550,0.4937,11.9550,1.8590,1,5.177,6.769
2071,DATA_20260210_140000.BIN,0.4937,10.2909,0.6578,10.2909,5.3020,1,2.430,2.438
2072,DATA_20260210_140000.BIN,0.6578,5.9824,1.3655,5.9824,1.7600,1,2.265,2.269
2073,DATA_20260210_140000.BIN,1.3655,5.6502,0.9138,5.6502,1.7930,1,0.963,1.627
2074,DATA_20260210_140000.BIN,0.9138,8.8159,2.0404,8.8159,1.8040,1,0.448,0.473
2075,DATA_20260210_140000.BIN,2.0404,8.0317,1.5937,8.0317,3.3550,1,4.742,5.617
2076,DATA_20260210_140000.BIN,1.5937,7.3813,0.1374,7.3813,1.7820,1,3.117,3.128
2077,DATA_20260210_140000.BIN,0.1374,5.6428,0.1702,5.6428,7.4030,1,0.611,0.614
2078,DATA_20260210_140000.BIN,0.1702,3.9810,0.7039,3.9810,1.6500,1,0.700,0.706
2079,DATA_20260210_140000.BIN,0.7039,5.5845,0.7957,5.5845,5.1480,1,0.926,1.589
2080,DATA_20260210_140000.BIN,0.7957,10.1828,0.3553,10.1828,4.4110,1,1.845,2.417
2081,DATA_20260210_140000.BIN,0.3553,8.3534,0.2048,8.3534,4.2570,1,0.657,1.388
2082,DATA_20260210_140000.BIN,0.8093,5.5651,0.8547,5.5651,1.8040,1,1.276,1.305
2083,DATA_20260210_140000.BIN,0.8547,7.7723,1.5042,7.7723,3.7620,1,1.336,1.398
2084,DATA_20260210_140000.BIN,1.5042,8.6065,2.7566,8.6065,7.4250,1,3.397,5.061
2085,DATA_20260210_140000.BIN,1.3049,6.6228,1.9762,6.6228,1.6170,1,2.579,6.088
2086,DATA_20260210_140000.BIN,1.9762,6.3014,1.0048,6.3014,1.5730,1,3.862,3.991
2087,DATA_20260210_140000.BIN,0.8559,6.7758,0.2378,6.7758,1.8370,1,0.939,1.226
2088,DATA_20260210_140000.BIN,0.2378,6.9724,0.6375,6.9724,2.0240,1,0.326,0.900
2089,DATA_20260210_140000.BIN,1.4812,8.1135,3.3179,8.1135,2.2440,1,5.924,7.025
2090,DATA_20260210_140000.BIN,1.1781,5.5192,2.0484,5.5192,1.9580,1,6.081,7.994
2091,DATA_20260210_140000.BIN,2.0484,6.9662,3.1076,6.9662,2.9040,1,9.842,12.920
2092,DATA_20260210_140000.BIN,2.7806,6.7427,1.4715,6.7427,4.0260,1,5.026,8.231
2093,DATA_20260210_140000.BIN,1.5030,6.8488,0.7404,6.8488,3.3770,1,5.749,6.846
2094,DATA_20260210_140000.BIN,0.7404,7.0003,1.1124,7.0003,2.0350,1,1.938,3.844
2095,DATA_20260210_140000.BIN,2.2894,6.8387,1.3595,6.8387,3.9600,1,3.817,3.909
2096,DATA_20260210_140000.BIN,1.3595,7.1592,0.7354,7.1592,1.9690,1,3.137,4.101
2097,DATA_20260210_140000.BIN,0.7354,6.9487,1.6894,6.9487,1.9250,1,1.760,2.211
2098,DATA_20260210_140000.BIN,1.6894,5.3128,0.5928,5.3128,1.7160,1,2.837,2.912
2099,DATA_20260210_140000.BIN,1.1798,10.0957,1.5138,10.0957,1.8700,1,3.131,4.258
2100,DATA_20260210_140000.BIN,1.5138,8.8919,1.2975,8.8919,2.4420,1,3.342,3.696
2101,DATA_20260210_140000.BIN,1.2975,7.6634,3.1296,7.6634,1.5070,1,2.806,3.059
2102,DATA_20260210_140000.BIN,2.6248,7.3180,2.9677,7.3180,1.6610,1,2.759,4.335
2103,DATA_20260210_140000.BIN,1.2127,7.8905,1.7786,7.8905,1.7490,1,4.288,4.852
2104,DATA_20260210_140000.BIN,1.7786,6.6024,2.1649,6.6024,1.5290,1,2.569,2.662
2105,DATA_20260210_140000.BIN,2.0340,6.0786,1.0080,6.0786,2.3980,1,2.216,3.543
2106,DATA_20260210_140000.BIN,1.0080,8.1907,1.3719,8.1907,2.1780,1,1.383,3.530
2107,DATA_20260210_140000.BIN,1.3719,7.2374,1.8540,7.2374,3.3880,1,2.762,4.011
2108,DATA_20260210_140000.BIN,1.8540,5.3093,0.4694,5.3093,3.4540,1,2.307,2.443
2109,DATA_20260210_140000.BIN,0.0580,6.8292,0.7238,6.8292,1.7820,1,1.112,1.242
2110,DATA_20260210_140000.BIN,0.7238,10.2748,3.5775,10.2748,1.6500,1,2.106,2.640
2111,DATA_20260210_140000.BIN,3.5775,16.5896,2.5403,16.5896,4.3010,1,5.821,6.052
2112,DATA_20260210_140000.BIN,2.5403,6.7728,3.0664,6.7728,3.1900,1,3.531,3.690
2113,DATA_20260210_140000.BIN,1.9839,6.0266,0.7885,6.0266,1.5290,1,4.184,6.695
2114,DATA_20260210_140000.BIN,0.7885,7.3493,0.7723,7.3493,1.7270,1,2.034,2.152
2115,DATA_20260210_140000.BIN,0.7723,6.0135,2.3653,6.0135,1.7820,1,2.104,3.565
2116,DATA_20260210_140000.BIN,2.3653,6.9747,2.1622,6.9747,1.8150,1,4.078,4.287
2117,DATA_20260210_140000.BIN,2.1622,7.1467,0.5784,7.1467,1.8590,1,3.083,3.852
2118,DATA_20260210_140000.BIN,0.5784,8.5905,1.6810,8.5905,1.9140,1,0.588,0.826
2119,DATA_20260210_140000.BIN,2.7866,6.2142,1.3060,6.2142,2.0570,1,6.610,7.711
2120,DATA_20260210_140000.BIN,1.3060,5.6690,2.6930,5.6690,1.7710,1,2.608,3.282
2121,DATA_20260210_140000.BIN,2.7029,6.7226,2.6534,6.7226,1.8370,1,3.948,4.209
2122,DATA_20260210_140000.BIN,2.6534,6.3633,0.6033,6.3633,2.2550,1,3.189,3.304
2123,DATA_20260210_140000.BIN,0.6033,5.9445,1.3925,5.9445,1.4740,1,4.619,6.543
2124,DATA_20260210_140000.BIN,1.3925,6.1309,0.8017,6.1309,2.0020,1,3.384,3.605
2125,DATA_20260210_140000.BIN,0.6192,7.8282,0.7853,7.8282,1.9800,1,1.665,1.922
2126,DATA_20260210_140000.BIN,0.7853,8.5608,0.5838,8.5608,1.8370,1,1.696,1.721
2127,DATA_20260210_140000.BIN,0.5838,5.3409,0.9627,5.3409,1.6500,1,2.224,2.410
2128,DATA_20260210_140000.BIN,0.9627,10.1524,0.5506,10.1524,2.5410,1,1.749,2.064
2129,DATA_20260210_140000.BIN,0.5506,12.1164,1.7481,12.1164,1.4080,1,1.941,2.901
2130,DATA_20260210_140000.BIN,1.7481,10.6339,4.1595,10.6339,1.7270,1,2.915,2.930
2131,DATA_20260210_140000.BIN,4.1595,8.0322,0.5348,8.0322,1.7490,1,7.366,7.440
2132,DATA_20260210_140000.BIN,0.5348,6.9243,1.1803,6.9243,2.4640,1,0.668,0.888
2133,DATA_20260210_140000.BIN,1.1803,11.6800,2.4989,11.6800,1.3530,1,7.150,9.558
2134,DATA_20260210_140000.BIN,2.4989,10.2776,0.7134,10.2776,1.1770,1,9.133,12.042
2135,DATA_20260210_140000.BIN,0.7134,6.8001,0.9545,6.8001,1.7710,1,2.294,2.983
2136,DATA_20260210_140000.BIN,0.9545,5.9231,1.5784,5.9231,3.1460,1,1.882,2.319
2137,DATA_20260210_140000.BIN,1.5784,5.6606,2.8175,5.6606,1.8810,1,3.852,4.546
2138,DATA_20260210_140000.BIN,2.8175,8.0303,2.1378,8.0303,4.3670,1,4.320,5.214
2139,DATA_20260210_140000.BIN,2.1378,6.2724,2.2272,6.2724,1.3310,1,2.406,3.161
2140,DATA_20260210_140000.BIN,2.2272,7.3037,1.2622,7.3037,1.1770,1,4.524,4.813
2141,DATA_20260210_140000.BIN,1.2622,11.3848,3.2995,11.3848,2.5190,1,2.340,5.138
2142,DATA_20260210_140000.BIN,0.1294,7.6808,0.8121,7.6808,1.7160,1,0.307,0.640
2143,DATA_20260210_140000.BIN,0.8121,6.2655,0.5058,6.2655,1.8700,1,1.370,1.457
2144,DATA_20260210_140000.BIN,0.5058,7.6432,2.4800,7.6432,1.7380,1,1.179,1.785
2145,DATA_20260210_140000.BIN,2.7776,7.1302,1.3358,7.1302,2.1890,1,5.121,5.282
2146,DATA_20260210_140000.BIN,1.3358,6.9179,1.4836,6.9179,2.0020,1,2.645,3.901
2147,DATA_20260210_140000.BIN,1.4836,8.0792,1.2662,8.0792,1.7820,1,2.812,3.310
2148,DATA_20260210_140000.BIN,1.2662,5.8847,1.9147,5.8847,1.7710,1,1.307,1.368
2149,DATA_20260210_140000.BIN,1.9147,5.5773,1.4631,5.5773,1.6610,1,2.149,2.155
2150,DATA_20260210_140000.BIN,1.4631,6.2191,1.5624,6.2191,1.6170,1,1.158,1.352
2151,DATA_20260210_140000.BIN,1.5624,5.6438,0.7846,5.6438,1.8920,1,4.052,4.932
2152,DATA_20260210_140000.BIN,0.7846,10.4297,1.5744,10.4297,1.7820,1,2.050,2.070
2153,DATA_20260210_140000.BIN,1.5744,6.2165,0.5682,6.2165,1.8700,1,1.519,2.171
2154,DATA_20260210_140000.BIN,0.5682,6.2830,0.5744,6.2830,1.7930,1,1.243,2.171
2155,DATA_20260210_140000.BIN,0.5744,6.8262,1.6004,6.8262,1.5400,1,2.420,2.833
2156,DATA_20260210_140000.BIN,1.6004,5.5928,0.2872,5.5928,1.8810,1,1.103,2.176
2157,DATA_20260210_140000.BIN,0.2872,6.3574,0.2842,6.3574,1.9250,1,1.751,2.681
2158,DATA_20260210_140000.BIN,0.2842,5.8319,2.3487,5.8319,1.8370,1,2.292,3.096
2159,DATA_20260210_140000.BIN,2.3487,4.9557,1.4409,4.9557,1.6940,1,2.460,2.637
2160,DATA_20260210_140000.BIN,1.4409,6.0341,2.1146,6.0341,2.0460,1,1.348,1.628
2161,DATA_20260210_140000.BIN,2.1146,7.5155,1.3881,7.5155,2.6620,1,4.412,4.578
2162,DATA_20260210_140000.BIN,0.7605,5.3253,1.7553,5.3253,5.6540,1,0.615,0.769
2163,DATA_20260210_140000.BIN,1.7553,7.3180,2.7182,7.3180,1.7600,1,3.141,4.060
2164,DATA_20260210_140000.BIN,2.7182,13.1959,1.9603,13.1959,3.0910,1,3.945,4.245
2165,DATA_20260210_140000.BIN,1.9603,7.9032,2.3523,7.9032,2.2110,1,4.000,4.110
2166,DATA_20260210_140000.BIN,2.3523,7.9546,1.2557,7.9546,4.5980,1,5.211,5.922
2167,DATA_20260210_140000.BIN,1.7074,6.1405,2.6307,6.1405,4.5980,1,2.733,2.842
2168,DATA_20260210_140000.BIN,1.0292,6.3016,0.6993,6.3016,1.4190,1,7.918,10.389
2169,DATA_20260210_140000.BIN,0.6993,5.6087,2.4188,5.6087,1.6060,1,2.387,3.331
2170,DATA_20260210_140000.BIN,2.4188,8.7039,2.0079,8.7039,2.1670,1,5.669,6.590
2171,DATA_20260210_140000.BIN,2.0079,5.4858,1.5529,5.4858,1.7600,1,3.755,4.768
2172,DATA_20260210_140000.BIN,1.5529,7.4363,0.4807,7.4363,3.6410,1,1.758,1.796
2173,DATA_20260210_140000.BIN,0.4807,7.7854,0.8506,7.7854,3.4980,1,2.566,3.973
2174,DATA_20260210_140000.BIN,0.8506,5.2419,0.6790,5.2419,3.9160,1,6.561,9.790
2175,DATA_20260210_140000.BIN,0.6790,7.7930,0.6540,7.7930,5.2800,1,5.778,7.461
2176,DATA_20260210_140000.BIN,0.6540,7.4026,1.4971,7.4026,5.4450,1,1.081,1.881
2177,DATA_20260210_140000.BIN,1.4971,6.8318,0.2465,6.8318,3.3660,1,4.478,5.710
2178,DATA_20260210_140000.BIN,0.2465,7.3286,2.7913,7.3286,2.4310,1,1.988,4.218
2179,DATA_20260210_140000.BIN,2.7913,7.0018,2.7793,7.0018,2.0130,1,5.300,5.836
2180,DATA_20260210_140000.BIN,3.2648,10.9683,5.9281,10.9683,1.8700,1,3.110,3.369
2181,DATA_20260210_140000.BIN,2.8183,7.5305,2.5375,7.5305,2.5630,1,4.412,4.896
2182,DATA_20260210_140000.BIN,2.5375,6.9911,0.5529,6.9911,2.1010,1,2.498,2.552
2183,DATA_20260210_140000.BIN,0.5529,6.0163,1.1565,6.0163,2.6180,1,1.902,2.637
2184,DATA_20260210_140000.BIN,1.1565,6.3843,1.1792,6.3843,1.9250,1,2.858,3.359
2185,DATA_20260210_140000.BIN,1.1792,5.9990,2.5855,5.9990,1.7380,1,1.949,3.087
2186,DATA_20260210_140000.BIN,2.5855,7.7371,0.9331,7.7371,4.1030,1,3.614,3.957
2187,DATA_20260210_140000.BIN,0.9331,5.4139,0.3833,5.4139,1.8260,1,3.372,4.371
2188,DATA_20260210_140000.BIN,3.0535,5.9076,0.8604,5.9076,1.8480,1,4.477,4.879
2189,DATA_20260210_140000.BIN,1.0247,5.8423,0.3924,5.8423,1.6280,1,7.794,11.920
2190,DATA_20260210_140000.BIN,0.3924,6.1468,0.5705,6.1468,4.0150,1,3.091,3.537
2191,DATA_20260210_140000.BIN,0.5705,4.1396,0.4449,4.1396,3.2670,1,3.583,4.054
2192,DATA_20260210_140000.BIN,0.4449,6.1541,0.4347,6.1541,3.4870,1,1.110,3.465
2193,DATA_20260210_140000.BIN,0.4347,5.0910,1.6769,5.0910,1.7270,1,2.423,3.989
2194,DATA_20260210_140000.BIN,0.7830,4.9414,1.5913,4.9414,1.7820,1,1.577,1.598
2195,DATA_20260210_140000.BIN,1.5913,8.6491,1.2449,8.6491,3.2010,1,2.777,2.997
2196,DATA_20260210_140000.BIN,1.5378,5.8529,2.2921,5.8529,1.7600,1,3.017,3.647
2197,DATA_20260210_140000.BIN,2.2921,6.5732,1.6971,6.5732,1.7160,1,3.598,4.171
2198,DATA_20260210_140000.BIN,1.7249,9.2052,0.3859,9.2052,1.7820,1,2.603,3.191
2199,DATA_20260210_140000.BIN,0.3859,6.5075,0.6904,6.5075,2.0570,1,1.498,3.059
2200,DATA_20260210_140000.BIN,0.5534,4.8595,1.4312,4.8595,1.6280,1,3.459,3.795
2201,DATA_20260210_140000.BIN,1.4312,15.1617,1.7345,15.1617,6.5230,1,3.868,5.226
2202,DATA_20260210_140000.BIN,1.7345,7.8555,2.3662,7.8555,3.0690,1,2.036,2.043
2203,DATA_20260210_140000.BIN,2.3662,5.3630,1.4855,5.3630,1.7600,1,4.224,4.620
2204,DATA_20260210_140000.BIN,1.4855,5.6434,1.4190,5.6434,2.0350,1,2.668,3.388
2205,DATA_20260210_140000.BIN,1.4190,5.6935,1.5291,5.6935,1.7710,1,2.217,2.494
2206,DATA_20260210_140000.BIN,1.5291,6.7764,1.8022,6.7764,2.0570,1,2.341,2.342
2207,DATA_20260210_140000.BIN,1.8022,6.4457,1.1162,6.4457,1.8700,1,3.051,3.339
2208,DATA_20260210_140000.BIN,3.1983,7.2912,0.6563,7.2912,3.0360,1,5.324,5.647
2209,DATA_20260210_140000.BIN,0.6563,5.0080,0.7814,5.0080,2.8050,1,8.350,12.255
2210,DATA_20260210_140000.BIN,0.7814,5.6304,0.9094,5.6304,1.8480,1,1.206,1.385
2211,DATA_20260210_140000.BIN,0.8441,7.0328,1.0993,7.0328,3.6740,1,2.009,2.946
2212,DATA_20260210_140000.BIN,1.0993,4.8172,1.0103,4.8172,2.3650,1,2.461,2.478
2213,DATA_20260210_140000.BIN,1.0767,6.9573,2.5958,6.9573,1.8590,1,1.903,3.231
2214,DATA_20260210_140000.BIN,2.5958,6.5320,1.1764,6.5320,1.7160,1,3.670,4.131
2215,DATA_20260210_140000.BIN,2.5117,10.0003,5.1337,10.0003,1.9470,1,9.166,11.519
2216,DATA_20260210_140000.BIN,5.1337,9.3547,0.9882,9.3547,1.6720,1,6.719,6.886
2217,DATA_20260210_140000.BIN,0.9882,7.7232,2.1734,7.7232,5.3570,1,2.039,2.801
2218,DATA_20260210_140000.BIN,2.1734,6.3319,0.9422,6.3319,5.0270,1,4.044,4.105
2219,DATA_20260210_140000.BIN,0.9422,6.0115,0.5529,6.0115,3.4540,1,5.781,7.808
2220,DATA_20260210_140000.BIN,1.8309,4.8854,1.7365,4.8854,3.6190,1,0.670,3.457
2221,DATA_20260210_140000.BIN,1.7365,5.3530,1.2789,5.3530,2.1010,1,5.664,6.559
2222,DATA_20260210_140000.BIN,1.2789,6.4430,1.9448,6.4430,3.4210,1,2.091,2.216
2223,DATA_20260210_140000.BIN,0.6572,6.1419,1.0649,6.1419,2.6840,1,1.252,1.361
2224,DATA_20260210_140000.BIN,1.7182,6.9072,1.7414,6.9072,2.0240,1,7.429,9.317
2225,DATA_20260210_140000.BIN,1.7414,11.5528,2.2560,11.5528,1.6170,1,3.033,3.078
2226,DATA_20260210_140000.BIN,2.2560,8.6817,0.5012,8.6817,2.0240,1,5.520,6.114
2227,DATA_20260210_140000.BIN,0.5012,5.1751,1.0884,5.1751,5.0270,1,2.692,3.117
2228,DATA_20260210_140000.BIN,8.2906,12.6800,1.5707,12.6800,1.7160,1,10.352,11.048
2229,DATA_20260210_140000.BIN,1.8654,10.5154,1.3092,10.5154,1.6830,1,4.072,4.869
2230,DATA_20260210_140000.BIN,1.3092,7.2364,1.0222,7.2364,1.7050,1,3.122,3.129
2231,DATA_20260210_140000.BIN,1.0222,4.9260,0.8235,4.9260,3.5640,1,3.079,4.585
2232,DATA_20260210_140000.BIN,0.8235,7.1884,1.5980,7.1884,6.1490,1,1.275,2.113
2233,DATA_20260210_140000.BIN,1.5980,7.8062,2.9889,7.8062,1.9910,1,2.844,5.695
2234,DATA_20260210_140000.BIN,2.9889,8.9376,2.3371,8.9376,3.2780,1,3.940,4.083
2235,DATA_20260210_140000.BIN,2.3371,8.8846,1.4305,8.8846,2.1230,1,2.958,3.007
2236,DATA_20260210_140000.BIN,1.4305,14.5922,1.2113,14.5922,3.5860,1,2.856,2.932
2237,DATA_20260210_140000.BIN,1.2659,16.0937,12.9163,16.0937,5.0160,1,2.622,2.960
2238,DATA_20260210_140000.BIN,2.3268,9.1717,1.6901,9.1717,1.7050,1,5.005,7.770
2239,DATA_20260210_140000.BIN,1.6901,9.6684,0.4983,9.6684,2.2990,1,2.585,3.534
2240,DATA_20260210_140000.BIN,0.4983,6.3193,0.6500,6.3193,3.3660,1,2.086,2.622
2241,DATA_20260210_140000.BIN,0.4745,7.6600,0.6014,7.6600,3.6410,1,0.690,0.859
2242,DATA_20260210_140000.BIN,0.3125,8.3142,0.9851,8.3142,3.6960,1,2.897,4.604
2243,DATA_20260210_140000.BIN,0.9851,6.3787,1.6108,6.3787,3.3880,1,4.410,5.415
2244,DATA_20260210_140000.BIN,1.6108,6.4169,0.9919,6.4169,1.6280,1,2.242,2.248
2245,DATA_20260210_140000.BIN,2.4290,8.3135,0.6753,8.3135,3.8170,1,5.194,6.086
2246,DATA_20260210_140000.BIN,0.6753,7.0624,2.0685,7.0624,2.8270,1,0.072,1.411
2247,DATA_20260210_140000.BIN,2.0685,6.1042,3.1999,6.1042,1.4630,1,1.995,2.556
2248,DATA_20260210_140000.BIN,0.0676,5.8290,1.9629,5.8290,2.2110,1,1.643,2.533
2249,DATA_20260210_140000.BIN,2.3434,7.0814,2.4909,7.0814,2.6070,1,3.625,3.774
2250,DATA_20260210_140000.BIN,2.4909,6.6686,0.4427,6.6686,1.5070,1,9.040,11.297
2251,DATA_20260210_150000.BIN,0.6167,7.8118,2.6072,7.8118,2.0130,1,0.866,0.976
2252,DATA_20260210_150000.BIN,2.6072,7.5672,2.0431,7.5672,2.3100,1,3.554,4.893
2253,DATA_20260210_150000.BIN,2.0431,8.7648,1.2555,8.7648,1.6060,1,2.187,2.996
2254,DATA_20260210_150000.BIN,1.2555,8.0102,3.8166,8.0102,3.5420,1,1.601,1.643
2255,DATA_20260210_150000.BIN,3.2033,12.0072,0.6151,12.0072,3.4980,1,3.894,5.003
2256,DATA_20260210_150000.BIN,0.6151,7.5119,0.4118,7.5119,1.7930,1,1.070,1.514
2257,DATA_20260210_150000.BIN,3.3342,7.9485,1.9554,7.9485,2.0570,1,4.003,4.072
2258,DATA_20260210_150000.BIN,1.9554,10.2214,2.9524,10.2214,3.0690,1,2.082,3.281
2259,DATA_20260210_150000.BIN,2.9524,10.7422,1.3163,10.7422,1.8590,1,2.771,2.853
2260,DATA_20260210_150000.BIN,1.3163,10.6137,1.0370,10.6137,1.4410,1,1.420,1.438
2261,DATA_20260210_150000.BIN,1.0370,13.5184,3.1427,13.5184,1.6720,1,1.621,2.157
2262,DATA_20260210_150000.BIN,3.1427,9.4389,3.1996,9.4389,1.6280,1,4.144,4.310
2263,DATA_20260210_150000.BIN,3.1996,11.3196,0.2563,11.3196,2.0900,1,3.939,4.787
2264,DATA_20260210_150000.BIN,0.2563,10.2124,0.7272,10.2124,1.7270,1,0.555,1.596
2265,DATA_20260210_150000.BIN,0.7272,9.7177,1.5992,9.7177,1.5180,1,0.946,1.331
2266,DATA_20260210_150000.BIN,1.5992,9.4294,1.2627,9.4294,1.5620,1,1.623,1.703
2267,DATA_20260210_150000.BIN,1.2627,11.6744,2.2654,11.6744,2.1010,1,1.833,1.908
2268,DATA_20260210_150000.BIN,2.2654,10.7696,2.4445,10.7696,2.6400,1,2.910,3.279
2269,DATA_20260210_150000.BIN,2.4445,9.7814,1.2067,9.7814,2.2440,1,2.730,4.776
2270,DATA_20260210_150000.BIN,2.2859,11.6110,2.1527,11.6110,2.0790,1,2.406,2.426
2271,DATA_20260210_150000.BIN,2.1527,8.9039,1.3967,8.9039,1.6170,1,2.088,2.303
2272,DATA_20260210_150000.BIN,1.3967,8.1054,2.4636,8.1054,3.2340,1,2.289,3.909
2273,DATA_20260210_150000.BIN,1.2558,5.4843,0.9014,5.4843,1.6610,1,1.021,1.559
2274,DATA_20260210_150000.BIN,0.2978,6.3386,1.5766,6.3386,1.3860,1,0.875,0.875
2275,DATA_20260210_150000.BIN,1.5766,10.2251,3.8509,10.2251,1.8810,1,1.751,2.265
2276,DATA_20260210_150000.BIN,3.8509,9.4685,1.9047,9.4685,1.7380,1,4.262,4.317
2277,DATA_20260210_150000.BIN,1.9047,9.3307,0.0494,9.3307,1.7160,1,1.469,1.503
2278,DATA_20260210_150000.BIN,3.2127,10.6702,2.0267,10.6702,1.7270,1,2.813,2.828
2279,DATA_20260210_150000.BIN,2.0267,9.8070,1.6971,9.8070,1.8810,1,1.216,1.223
2280,DATA_20260210_150000.BIN,2.9208,10.3973,1.8486,10.3973,5.4560,1,2.118,2.125
2281,DATA_20260210_150000.BIN,1.8486,9.8133,2.3801,9.8133,1.6830,1,3.484,4.418
2282,DATA_20260210_150000.BIN,3.3754,10.3142,2.2233,10.3142,1.7490,1,3.144,3.163
2283,DATA_20260210_150000.BIN,2.2233,8.9320,1.7748,8.9320,1.5290,1,1.706,1.742
2284,DATA_20260210_150000.BIN,1.7748,12.2821,6.8786,12.2821,1.7380,1,0.682,1.449
2285,DATA_20260210_150000.BIN,6.8786,13.6673,3.8235,13.6673,3.3880,1,6.471,6.500
2286,DATA_20260210_150000.BIN,3.8235,13.0992,0.1207,13.0992,3.8060,1,4.072,5.125
2287,DATA_20260210_150000.BIN,0.1207,8.4244,1.0304,8.4244,1.6940,1,2.045,2.345
2288,DATA_20260210_150000.BIN,1.0304,8.7538,4.4504,8.7538,1.7380,1,2.591,2.860
2289,DATA_20260210_150000.BIN,3.3939,11.9466,4.3138,11.9466,2.3540,1,2.258,2.260
2290,DATA_20260210_150000.BIN,3.5103,10.4113,3.7097,10.4113,1.9140,1,2.835,4.568
2291,DATA_20260210_150000.BIN,3.7097,11.4137,3.4642,11.4137,1.8260,1,2.272,2.444
2292,DATA_20260210_150000.BIN,3.4642,10.2202,3.2968,10.2202,1.3640,1,4.535,4.926
2293,DATA_20260210_150000.BIN,3.2968,13.2808,2.5422,13.2808,1.7820,1,2.129,2.175
2294,DATA_20260210_150000.BIN,2.5422,10.0258,3.6572,10.0258,3.8280,1,1.516,2.962
2295,DATA_20260210_150000.BIN,3.6572,11.3086,5.0879,11.3086,1.3530,1,4.300,4.386
2296,DATA_20260210_150000.BIN,5.0879,9.8901,0.9260,9.8901,1.9140,1,4.609,5.473
2297,DATA_20260210_150000.BIN,0.9260,10.6946,2.1980,10.6946,1.7160,1,2.220,2.619
2298,DATA_20260210_150000.BIN,2.1980,11.9436,2.2238,11.9436,2.5410,1,2.312,5.103
2299,DATA_20260210_150000.BIN,2.2238,9.2494,2.2477,9.2494,2.4090,1,1.899,1.911
2300,DATA_20260210_150000.BIN,3.1897,15.1096,2.3104,15.1096,3.5090,1,1.757,1.944
2301,DATA_20260210_150000.BIN,2.3104,11.8215,3.2922,11.8215,1.9250,1,1.588,4.540
2302,DATA_20260210_150000.BIN,1.6441,10.9008,1.3136,10.9008,3.0030,1,0.432,4.027
2303,DATA_20260210_150000.BIN,1.3136,8.5882,1.4270,8.5882,2.5520,1,0.956,1.514
2304,DATA_20260210_150000.BIN,1.9751,12.9302,1.8152,12.9302,1.6720,1,3.052,4.270
2305,DATA_20260210_150000.BIN,1.8152,8.5065,1.7776,8.5065,1.9250,1,0.957,1.699
2306,DATA_20260210_150000.BIN,1.7776,12.4213,1.4785,12.4213,1.5840,1,3.383,3.879
2307,DATA_20260210_150000.BIN,1.4785,8.0961,0.1511,8.0961,1.9690,1,1.376,2.022
2308,DATA_20260210_150000.BIN,0.1511,11.9110,2.1469,11.9110,1.6610,1,1.452,1.500
2309,DATA_20260210_150000.BIN,2.1469,12.2836,3.6992,12.2836,1.8370,1,1.143,1.374
2310,DATA_20260210_150000.BIN,3.6992,14.2921,2.2205,14.2921,2.9480,1,3.112,3.143
2311,DATA_20260210_150000.BIN,2.2205,12.1266,5.4911,12.1266,2.4310,1,3.189,4.637
2312,DATA_20260210_150000.BIN,5.4911,10.5945,3.3771,10.5945,1.1110,1,5.095,5.380
2313,DATA_20260210_150000.BIN,3.3771,13.6703,6.3320,13.6703,1.5400,1,3.555,3.565
2314,DATA_20260210_150000.BIN,3.2853,9.1502,2.8797,9.1502,1.6500,1,1.754,1.769
2315,DATA_20260210_150000.BIN,4.0507,9.7772,0.7464,9.7772,1.5620,1,3.025,3.045
2316,DATA_20260210_150000.BIN,0.7464,14.8438,4.3897,14.8438,1.8260,1,2.547,2.646
2317,DATA_20260210_150000.BIN,4.3897,11.7148,1.0397,11.7148,2.0240,1,3.548,3.806
2318,DATA_20260210_150000.BIN,1.0397,10.9719,1.2789,10.9719,3.1460,1,1.677,1.693
2319,DATA_20260210_150000.BIN,1.2789,9.5648,4.1718,9.5648,1.8700,1,2.475,2.884
2320,DATA_20260210_150000.BIN,4.1718,13.1327,3.4393,13.1327,1.6720,1,3.673,3.934
2321,DATA_20260210_150000.BIN,3.4393,11.2022,4.2516,11.2022,2.1340,1,1.811,1.870
2322,DATA_20260210_150000.BIN,4.2516,8.4087,1.8691,8.4087,2.4860,1,4.386,4.399
2323,DATA_20260210_150000.BIN,1.8691,8.8412,2.1867,8.8412,1.5840,1,4.418,4.854
2324,DATA_20260210_150000.BIN,2.1867,9.6819,0.5905,9.6819,2.2880,1,2.503,3.912
2325,DATA_20260210_150000.BIN,0.5905,15.7380,3.9001,15.7380,4.2570,1,2.340,2.385
2326,DATA_20260210_150000.BIN,3.9001,11.1420,3.4551,11.1420,1.5070,1,3.653,3.998
2327,DATA_20260210_150000.BIN,3.4551,10.7101,4.0789,10.7101,1.6060,1,2.771,3.281
2328,DATA_20260210_150000.BIN,2.5860,7.3646,0.7294,7.3646,1.1220,1,4.768,4.786
2329,DATA_20260210_150000.BIN,0.7294,8.3120,1.1593,8.3120,1.6830,1,0.720,1.288
2330,DATA_20260210_150000.BIN,1.1593,9.5643,2.7850,9.5643,5.0270,1,1.124,1.905
2331,DATA_20260210_150000.BIN,2.7850,10.8191,3.0836,10.8191,1.8040,1,2.400,2.712
2332,DATA_20260210_150000.BIN,3.0836,9.9478,2.1744,9.9478,1.4520,1,2.495,2.705
2333,DATA_20260210_150000.BIN,2.1744,10.9634,1.0989,10.9634,1.4080,1,3.842,5.115
2334,DATA_20260210_150000.BIN,1.0989,9.8246,1.2519,9.8246,1.8260,1,1.972,3.866
2335,DATA_20260210_150000.BIN,1.2519,7.6916,1.6040,7.6916,2.0570,1,0.364,4.638
2336,DATA_20260210_150000.BIN,1.6040,8.2822,0.7647,8.2822,1.8370,1,0.799,1.132
2337,DATA_20260210_150000.BIN,0.7647,7.4099,1.3594,7.4099,1.5180,1,1.691,3.807
2338,DATA_20260210_150000.BIN,1.3594,9.7687,2.5046,9.7687,3.5750,1,1.718,2.366
2339,DATA_20260210_150000.BIN,1.4767,7.1270,0.7338,7.1270,1.1330,1,1.378,1.407
2340,DATA_20260210_150000.BIN,0.7338,10.6717,3.7104,10.6717,2.2660,1,1.539,2.928
2341,DATA_20260210_150000.BIN,3.7104,9.5493,2.2417,9.5493,2.6730,1,3.491,5.601
2342,DATA_20260210_150000.BIN,2.2417,8.5639,0.6500,8.5639,1.4410,1,2.674,2.765
2343,DATA_20260210_150000.BIN,0.6500,9.6542,2.1036,9.6542,2.3650,1,1.912,3.716
2344,DATA_20260210_150000.BIN,2.1036,9.2109,0.6421,9.2109,1.5070,1,1.987,2.372
2345,DATA_20260210_150000.BIN,0.6421,9.8259,5.5682,9.8259,2.1230,1,0.576,2.044
2346,DATA_20260210_150000.BIN,5.5682,11.2992,2.0078,11.2992,1.1660,1,5.487,6.918
2347,DATA_20260210_150000.BIN,2.0078,12.0897,0.7197,12.0897,1.8040,1,1.617,2.856
2348,DATA_20260210_150000.BIN,0.7197,19.9670,1.7454,19.9670,5.5000,1,2.351,2.443
2349,DATA_20260210_150000.BIN,1.7454,8.9832,1.2500,8.9832,1.6610,1,0.687,2.354
2350,DATA_20260210_150000.BIN,1.2500,8.6660,1.4830,8.6660,2.2330,1,1.703,2.974
2351,DATA_20260210_150000.BIN,2.5175,8.0860,1.1131,8.0860,1.7930,1,3.195,4.407
2352,DATA_20260210_150000.BIN,1.1131,14.1551,5.6997,14.1551,4.0150,1,0.677,2.539
2353,DATA_20260210_150000.BIN,5.6997,11.5948,1.7285,11.5948,1.4740,1,5.617,6.221
2354,DATA_20260210_150000.BIN,1.7285,12.1030,2.0825,12.1030,1.8370,1,3.496,4.727
2355,DATA_20260210_150000.BIN,2.0825,11.1415,2.9896,11.1415,1.9910,1,3.445,6.117
2356,DATA_20260210_150000.BIN,2.9896,12.4276,1.6442,12.4276,1.5290,1,2.920,2.920
2357,DATA_20260210_150000.BIN,1.6442,11.0208,2.2977,11.0208,2.1120,1,2.389,3.129
2358,DATA_20260210_150000.BIN,4.8564,10.7402,0.0540,10.7402,1.7160,1,5.109,5.666
2359,DATA_20260210_150000.BIN,0.0540,9.1105,2.6000,9.1105,1.9360,1,1.254,2.227
2360,DATA_20260210_150000.BIN,2.6000,11.2394,2.5755,11.2394,1.8150,1,2.772,2.773
2361,DATA_20260210_150000.BIN,2.5755,9.9596,2.5280,9.9596,1.7600,1,1.893,1.893
2362,DATA_20260210_150000.BIN,2.5280,9.8406,3.3194,9.8406,1.9910,1,1.927,2.119
2363,DATA_20260210_150000.BIN,3.3194,8.9053,3.2912,8.9053,2.0460,1,2.336,2.407
2364,DATA_20260210_150000.BIN,3.2912,9.2946,0.3498,9.2946,1.5510,1,3.179,3.225
2365,DATA_20260210_150000.BIN,0.3498,8.1614,1.8906,8.1614,1.5620,1,1.475,2.265
2366,DATA_20260210_150000.BIN,1.8906,11.9000,2.5429,11.9000,1.7270,1,0.632,1.102
2367,DATA_20260210_150000.BIN,2.5429,9.8188,0.8202,9.8188,1.6940,1,2.417,2.492
2368,DATA_20260210_150000.BIN,0.8202,11.2819,2.7814,11.2819,1.8810,1,1.594,2.352
2369,DATA_20260210_150000.BIN,2.7814,9.9029,1.4835,9.9029,1.4080,1,1.910,1.913
2370,DATA_20260210_150000.BIN,1.4835,11.3258,2.2907,11.3258,2.5190,1,1.067,2.569
2371,DATA_20260210_150000.BIN,2.2907,10.2540,3.7212,10.2540,1.4740,1,1.029,1.029
2372,DATA_20260210_150000.BIN,3.7212,10.3411,2.5620,10.3411,1.8040,1,3.307,3.892
2373,DATA_20260210_150000.BIN,2.5620,9.5391,0.9068,9.5391,1.3750,1,1.142,1.885
2374,DATA_20260210_150000.BIN,0.9068,10.9400,1.8970,10.9400,1.7050,1,1.127,2.837
2375,DATA_20260210_150000.BIN,1.8970,11.0246,1.0697,11.0246,1.9140,1,1.428,1.771
2376,DATA_20260210_150000.BIN,1.0697,11.6493,1.3790,11.6493,1.6830,1,1.440,2.721
2377,DATA_20260210_150000.BIN,1.3790,11.1986,2.1129,11.1986,1.9140,1,2.469,2.903
2378,DATA_20260210_150000.BIN,2.1129,8.6430,0.9873,8.6430,1.6500,1,1.181,1.304
2379,DATA_20260210_150000.BIN,0.9873,8.2214,1.5367,8.2214,1.8700,1,1.623,2.540
2380,DATA_20260210_150000.BIN,1.5367,7.8833,3.7976,7.8833,2.0460,1,0.273,0.317
2381,DATA_20260210_150000.BIN,3.7976,7.4074,1.5536,7.4074,1.2430,1,4.260,4.372
2382,DATA_20260210_150000.BIN,1.5536,12.1459,2.4345,12.1459,2.4090,1,2.618,3.461
2383,DATA_20260210_150000.BIN,2.4345,8.7609,2.2535,8.7609,1.7380,1,2.055,2.105
2384,DATA_20260210_150000.BIN,2.2535,9.6883,1.6345,9.6883,1.9030,1,1.433,1.454
2385,DATA_20260210_150000.BIN,1.6345,10.7734,1.9903,10.7734,2.3430,1,1.585,3.158
2386,DATA_20260210_150000.BIN,1.9903,10.2439,0.5705,10.2439,1.3420,1,2.672,2.824
2387,DATA_20260210_150000.BIN,0.5705,9.7420,0.9507,9.7420,1.7050,1,1.738,2.076
2388,DATA_20260210_150000.BIN,0.9507,9.0379,0.7032,9.0379,1.6610,1,1.029,2.810
2389,DATA_20260210_150000.BIN,0.7032,9.0422,1.5212,9.0422,2.3210,1,0.583,2.288
2390,DATA_20260210_150000.BIN,1.5212,9.9075,0.8889,9.9075,1.1550,1,1.582,2.449
2391,DATA_20260210_150000.BIN,0.8889,10.5834,3.3936,10.5834,1.5290,1,0.237,2.471
2392,DATA_20260210_150000.BIN,3.3936,10.6725,2.7012,10.6725,1.6610,1,2.995,3.581
2393,DATA_20260210_150000.BIN,2.7012,11.9831,2.4302,11.9831,1.8260,1,1.811,1.850
2394,DATA_20260210_150000.BIN,2.4302,6.8618,0.2068,6.8618,1.5510,1,1.710,1.811
2395,DATA_20260210_150000.BIN,0.2068,10.8417,3.3719,10.8417,2.1010,1,1.806,2.147
2396,DATA_20260210_150000.BIN,3.3719,7.4130,1.6144,7.4130,1.4080,1,3.921,5.031
2397,DATA_20260210_150000.BIN,1.6144,9.0417,1.0330,9.0417,1.9030,1,2.562,2.586
2398,DATA_20260210_150000.BIN,1.0330,10.5046,1.1375,10.5046,1.6280,1,0.652,1.369
2399,DATA_20260210_150000.BIN,1.1375,7.6122,2.5642,7.6122,1.5950,1,0.963,2.381
2400,DATA_20260210_150000.BIN,2.5642,10.4808,3.0476,10.4808,2.2550,1,1.897,2.645
2401,DATA_20260210_150000.BIN,3.0476,9.2611,4.6245,9.2611,1.7820,1,2.285,2.607
2402,DATA_20260210_150000.BIN,4.6245,10.6988,2.1530,10.6988,1.1660,1,5.291,5.437
2403,DATA_20260210_150000.BIN,2.5062,15.8109,2.6302,15.8109,2.2770,1,2.865,2.881
2404,DATA_20260210_150000.BIN,3.7052,8.3566,1.8628,8.3566,2.2330,1,5.014,5.051
2405,DATA_20260210_150000.BIN,1.8628,11.6470,1.9333,11.6470,3.1680,1,1.723,2.149
2406,DATA_20260210_150000.BIN,1.9333,20.7344,3.4001,20.7344,4.1690,1,1.277,2.024
2407,DATA_20260210_150000.BIN,3.4001,12.2046,4.3233,12.2046,1.5950,1,4.748,5.264
2408,DATA_20260210_150000.BIN,4.3233,11.1123,2.5643,11.1123,2.4420,1,5.292,5.602
2409,DATA_20260210_150000.BIN,2.5643,9.2851,2.9556,9.2851,3.6850,1,3.634,3.646
2410,DATA_20260210_150000.BIN,2.9556,8.1529,3.2259,8.1529,2.1010,1,2.840,2.840
2411,DATA_20260210_150000.BIN,3.2259,11.2621,1.3536,11.2621,1.2100,1,2.775,3.590
2412,DATA_20260210_150000.BIN,1.3536,8.9937,2.7355,8.9937,1.6830,1,0.860,1.673
2413,DATA_20260210_150000.BIN,2.7355,8.3750,1.1566,8.3750,1.6830,1,3.042,3.048
2414,DATA_20260210_150000.BIN,1.1566,7.2798,2.7161,7.2798,1.6500,1,0.523,1.247
2415,DATA_20260210_150000.BIN,2.7161,11.3127,1.3652,11.3127,2.5080,1,2.126,2.671
2416,DATA_20260210_150000.BIN,1.3652,16.8683,4.2608,16.8683,4.6530,1,0.231,1.427
2417,DATA_20260210_150000.BIN,4.2608,9.8074,5.6158,9.8074,1.4520,1,4.151,4.151
2418,DATA_20260210_150000.BIN,1.6879,11.0739,3.5071,11.0739,2.0900,1,1.987,2.735
2419,DATA_20260210_150000.BIN,3.5071,10.4852,2.2115,10.4852,1.3420,1,3.185,3.628
2420,DATA_20260210_150000.BIN,2.2115,7.9570,2.2008,7.9570,2.1670,1,1.164,1.974
2421,DATA_20260210_150000.BIN,2.2008,9.3817,3.0011,9.3817,1.6610,1,0.914,1.859
2422,DATA_20260210_150000.BIN,3.0011,7.7122,3.7511,7.7122,1.5730,1,1.893,1.915
2423,DATA_20260210_150000.BIN,3.7511,9.1173,3.6974,9.1173,2.3650,1,3.067,4.579
2424,DATA_20260210_150000.BIN,3.6974,10.4810,3.1338,10.4810,1.2760,1,2.680,2.716
2425,DATA_20260210_150000.BIN,3.1338,10.6603,1.4638,10.6603,1.6830,1,5.627,5.913
2426,DATA_20260210_150000.BIN,1.4638,10.5199,3.3543,10.5199,2.0790,1,2.119,2.456
2427,DATA_20260210_150000.BIN,3.3543,10.0703,4.4187,10.0703,1.6060,1,2.245,2.255
2428,DATA_20260210_150000.BIN,4.4187,9.5443,1.3358,9.5443,1.2870,1,4.723,5.416
2429,DATA_20260210_150000.BIN,1.3358,10.9172,1.1317,10.9172,1.7710,1,1.633,2.558
2430,DATA_20260210_150000.BIN,1.1317,8.7001,2.7354,8.7001,1.7600,1,2.677,2.684
2431,DATA_20260210_150000.BIN,2.7354,9.4077,1.9884,9.4077,1.5730,1,4.066,4.263
2432,DATA_20260210_150000.BIN,1.9884,8.0976,1.3782,8.0976,1.9250,1,2.259,2.775
2433,DATA_20260210_150000.BIN,1.3782,9.6204,3.1551,9.6204,2.1560,1,0.488,1.670
2434,DATA_20260210_150000.BIN,3.1551,10.8808,4.2596,10.8808,1.6170,1,2.771,2.977
2435,DATA_20260210_150000.BIN,4.2596,10.3295,1.7380,10.3295,1.9580,1,4.323,4.759
2436,DATA_20260210_150000.BIN,1.7380,8.8047,0.6720,8.8047,1.3860,1,1.399,2.612
2437,DATA_20260210_150000.BIN,0.6720,11.1481,0.9571,11.1481,1.9140,1,2.320,2.688
2438,DATA_20260210_150000.BIN,0.9571,8.7352,2.1793,8.7352,1.4190,1,0.275,0.477
2439,DATA_20260210_150000.BIN,2.1793,9.9640,1.4124,9.9640,2.9810,1,1.753,2.394
2440,DATA_20260210_150000.BIN,1.4124,10.0109,4.2657,10.0109,2.2550,1,0.304,1.145
2441,DATA_20260210_150000.BIN,4.2657,10.3635,3.9459,10.3635,1.0780,1,4.946,6.073
2442,DATA_20260210_150000.BIN,3.9459,11.0667,2.0340,11.0667,2.2770,1,4.768,4.877
2443,DATA_20260210_150000.BIN,2.0340,10.1017,0.3297,10.1017,1.2540,1,1.008,1.030
2444,DATA_20260210_150000.BIN,0.3297,7.8018,0.7276,7.8018,2.0350,1,1.450,2.339
2445,DATA_20260210_150000.BIN,0.7276,6.9946,2.8962,6.9946,2.0020,1,1.846,2.789
2446,DATA_20260210_150000.BIN,2.8962,8.1158,2.3639,8.1158,1.4740,1,2.317,2.322
2447,DATA_20260210_150000.BIN,2.3639,8.4380,2.7201,8.4380,2.0130,1,1.891,1.905
2448,DATA_20260210_150000.BIN,2.7201,11.1573,2.1276,11.1573,1.6280,1,1.684,1.993
2449,DATA_20260210_150000.BIN,2.1276,11.4419,0.3715,11.4419,1.9910,1,1.275,1.276
2450,DATA_20260210_150000.BIN,0.3715,8.2704,2.4457,8.2704,1.7380,1,1.216,3.691
2451,DATA_20260210_150000.BIN,3.2672,8.4029,4.0537,8.4029,1.8700,1,2.573,2.710
2452,DATA_20260210_150000.BIN,4.0537,10.5693,3.4175,10.5693,1.9140,1,4.831,4.858
2453,DATA_20260210_150000.BIN,3.4175,10.8394,3.1281,10.8394,1.3200,1,2.374,3.012
2454,DATA_20260210_150000.BIN,3.1281,10.0607,4.9708,10.0607,3.2120,1,2.715,3.710
2455,DATA_20260210_150000.BIN,4.9708,19.2265,1.1481,19.2265,2.4200,1,7.053,13.014
2456,DATA_20260210_150000.BIN,1.1481,9.8222,3.6115,9.8222,2.0460,1,2.699,2.836
2457,DATA_20260210_150000.BIN,3.6115,12.8693,1.7395,12.8693,2.0020,1,3.071,3.538
2458,DATA_20260210_150000.BIN,1.7395,10.7792,0.3538,10.7792,1.8150,1,0.609,0.635
2459,DATA_20260210_150000.BIN,0.3538,14.6699,3.1202,14.6699,2.1560,1,1.504,2.253
2460,DATA_20260210_150000.BIN,3.1202,12.3824,3.3214,12.3824,1.6610,1,2.435,3.401
2461,DATA_20260210_150000.BIN,3.3214,8.8386,3.2795,8.8386,1.6830,1,2.400,2.819
2462,DATA_20260210_150000.BIN,3.2795,9.4391,3.0912,9.4391,3.1680,1,2.900,2.967
2463,DATA_20260210_150000.BIN,3.0912,9.8748,1.3554,9.8748,1.5510,1,2.173,2.214
2464,DATA_20260210_150000.BIN,1.3554,11.6092,2.7856,11.6092,2.1450,1,1.664,1.706
2465,DATA_20260210_150000.BIN,2.7856,11.0734,0.3214,11.0734,1.1440,1,1.546,1.560
2466,DATA_20260210_150000.BIN,0.3214,9.9645,1.6934,9.9645,1.8810,1,1.662,2.728
2467,DATA_20260210_150000.BIN,1.6934,9.3307,1.7538,9.3307,2.4750,1,0.595,3.394
2468,DATA_20260210_150000.BIN,1.7538,8.7144,1.0591,8.7144,1.6830,1,0.790,3.541
2469,DATA_20260210_150000.BIN,1.0591,8.0714,2.2466,8.0714,1.8810,1,1.026,2.340
2470,DATA_20260210_150000.BIN,2.2466,9.3098,2.1174,9.3098,1.7380,1,0.963,0.980
2471,DATA_20260210_150000.BIN,2.1174,7.2148,1.9844,7.2148,4.9280,1,0.909,0.912
2472,DATA_20260210_150000.BIN,2.0944,8.6533,1.1101,8.6533,2.7280,1,0.628,3.705
2473,DATA_20260210_150000.BIN,2.0150,7.8117,1.3684,7.8117,1.9140,1,3.240,4.583
2474,DATA_20260210_150000.BIN,2.1235,7.6207,0.6545,7.6207,1.2870,1,3.464,3.516
2475,DATA_20260210_150000.BIN,0.6545,7.4205,1.4812,7.4205,1.9360,1,2.042,5.508
2476,DATA_20260210_150000.BIN,1.4812,7.9268,1.8680,7.9268,1.7600,1,2.808,6.130
2477,DATA_20260210_150000.BIN,1.2124,6.7117,1.9544,6.7117,2.0790,1,0.826,1.148
2478,DATA_20260210_150000.BIN,1.9544,7.5097,2.1344,7.5097,1.8810,1,3.228,3.922
2479,DATA_20260210_150000.BIN,2.1344,12.2662,6.0865,12.2662,1.7160,1,2.068,2.267
2480,DATA_20260210_150000.BIN,6.0865,8.6252,5.8497,8.6252,1.6940,1,6.193,6.596
2481,DATA_20260210_150000.BIN,5.8497,13.9406,2.3259,13.9406,1.9470,1,5.285,6.341
2482,DATA_20260210_150000.BIN,2.3259,14.0010,1.6071,14.0010,3.5530,1,1.091,1.593
2483,DATA_20260210_150000.BIN,1.6071,10.1639,1.6012,10.1639,1.6720,1,1.819,2.160
2484,DATA_20260210_150000.BIN,1.6012,11.5206,6.6775,11.5206,2.1340,1,2.489,2.648
2485,DATA_20260210_150000.BIN,6.6775,11.5769,3.3774,11.5769,1.8480,1,6.478,6.670
2486,DATA_20260210_150000.BIN,3.3774,10.1414,1.7096,10.1414,2.1670,1,4.150,5.405
2487,DATA_20260210_150000.BIN,1.7096,8.0341,1.7357,8.0341,1.4080,1,2.053,2.072
2488,DATA_20260210_150000.BIN,0.8656,9.4514,2.2135,9.4514,2.1670,1,1.440,5.848
2489,DATA_20260210_150000.BIN,2.2135,9.1475,1.2334,9.1475,2.3870,1,3.817,4.693
2490,DATA_20260210_150000.BIN,1.2334,12.6274,1.8971,12.6274,2.1340,1,0.660,1.366
2491,DATA_20260210_150000.BIN,1.8971,9.9597,0.8308,9.9597,1.8810,1,1.774,1.778
2492,DATA_20260210_150000.BIN,0.8308,9.2849,3.3042,9.2849,2.7720,1,0.573,2.422
2493,DATA_20260210_150000.BIN,1.1052,6.9274,0.4646,6.9274,1.7820,1,0.502,1.241
2494,DATA_20260210_150000.BIN,0.5872,7.4405,3.0424,7.4405,1.4410,1,0.813,0.833
2495,DATA_20260210_150000.BIN,3.0424,12.7597,0.8292,12.7597,2.1780,1,2.170,2.942
2496,DATA_20260210_150000.BIN,0.8292,14.5061,5.8122,14.5061,1.9910,1,1.128,1.160
2497,DATA_20260210_150000.BIN,3.1670,13.7267,4.6839,13.7267,2.1780,1,2.482,2.741
2498,DATA_20260210_150000.BIN,4.6839,19.6211,3.3820,19.6211,4.8620,1,3.706,3.718
2499,DATA_20260210_150000.BIN,3.3820,8.3275,1.5620,8.3275,1.9580,1,3.118,3.279
2500,DATA_20260210_150000.BIN,1.5620,11.6078,2.0684,11.6078,4.0480,1,2.150,2.336
2501,DATA_20260210_150000.BIN,2.0684,9.9517,1.4349,9.9517,2.0240,1,0.622,2.243
2502,DATA_20260210_150000.BIN,1.4349,8.4030,1.6976,8.4030,2.0680,1,3.439,3.453
2503,DATA_20260210_150000.BIN,1.6976,7.2029,1.7320,7.2029,1.9140,1,3.507,3.715
2504,DATA_20260210_150000.BIN,1.7320,8.9809,0.2938,8.9809,2.2550,1,2.554,2.614
2505,DATA_20260210_150000.BIN,0.2938,7.9141,0.6384,7.9141,2.0350,1,0.897,0.897
2506,DATA_20260210_150000.BIN,0.6384,8.2469,0.3280,8.2469,3.9380,1,1.394,1.397
2507,DATA_20260210_150000.BIN,2.6670,9.1274,2.0880,9.1274,2.4200,1,4.014,4.282
2508,DATA_20260210_150000.BIN,3.8711,10.3404,0.7711,10.3404,2.2330,1,3.971,5.565
2509,DATA_20260210_150000.BIN,3.4032,12.7449,3.7110,12.7449,1.8920,1,3.049,3.071
2510,DATA_20260210_150000.BIN,3.7110,7.5852,3.4245,7.5852,1.8260,1,3.237,3.324
2511,DATA_20260210_150000.BIN,3.4245,15.7602,3.4834,15.7602,2.2110,1,2.464,2.829
2512,DATA_20260210_150000.BIN,1.9352,9.8694,1.7810,9.8694,2.5740,1,0.967,2.371
2513,DATA_20260210_150000.BIN,1.7810,15.8462,1.4201,15.8462,2.0900,1,2.928,3.026
2514,DATA_20260210_150000.BIN,3.5232,11.9681,1.8449,11.9681,1.8920,1,2.494,2.648
2515,DATA_20260210_150000.BIN,1.8449,8.8913,3.7023,8.8913,1.8480,1,1.630,2.838
2516,DATA_20260210_150000.BIN,4.9584,9.2276,2.3693,9.2276,2.0460,1,3.920,4.420
2517,DATA_20260210_150000.BIN,2.1348,11.1305,1.8967,11.1305,2.5080,1,2.836,3.078
2518,DATA_20260210_150000.BIN,5.0950,8.9554,1.5036,8.9554,1.8370,1,5.182,5.209
2519,DATA_20260210_150000.BIN,2.1566,7.7057,1.5231,7.7057,2.3430,1,3.542,4.791
2520,DATA_20260210_150000.BIN,0.3545,8.0931,3.0836,8.0931,1.6280,1,1.879,2.131
2521,DATA_20260210_150000.BIN,3.0836,9.2467,2.8665,9.2467,2.8380,1,3.521,3.751
2522,DATA_20260210_150000.BIN,2.8665,10.5287,2.5221,10.5287,1.5510,1,3.279,3.347
2523,DATA_20260210_150000.BIN,2.5221,20.6001,2.4189,20.6001,3.6520,1,3.873,4.728
2524,DATA_20260210_150000.BIN,2.4189,10.5792,1.8864,10.5792,1.5070,1,2.006,2.111
2525,DATA_20260210_150000.BIN,0.6629,7.2263,2.9971,7.2263,2.0350,1,2.156,2.454
2526,DATA_20260210_150000.BIN,2.9971,7.3322,0.7271,7.3322,3.1900,1,2.351,4.789
2527,DATA_20260210_150000.BIN,0.7271,8.8066,2.9391,8.8066,1.3200,1,1.611,1.747
2528,DATA_20260210_150000.BIN,0.9258,8.3186,3.1188,8.3186,2.4970,1,2.122,3.142
2529,DATA_20260210_150000.BIN,3.1188,7.5559,3.0648,7.5559,2.6180,1,3.037,3.264
2530,DATA_20260210_150000.BIN,3.0648,8.9265,0.6170,8.9265,1.7930,1,3.825,4.023
2531,DATA_20260210_150000.BIN,0.6170,9.4246,1.9287,9.4246,2.1120,1,0.710,0.756
2532,DATA_20260210_150000.BIN,1.9287,7.6649,0.3093,7.6649,3.2780,1,3.082,4.431
2533,DATA_20260210_150000.BIN,0.3093,8.4274,2.0861,8.4274,2.0130,1,1.080,1.949
2534,DATA_20260210_150000.BIN,0.8073,5.4507,1.6616,5.4507,1.4960,1,1.640,1.640
2535,DATA_20260210_150000.BIN,1.6616,8.2115,1.5889,8.2115,2.7720,1,1.324,1.471
2536,DATA_20260210_150000.BIN,1.5889,10.5944,1.3448,10.5944,1.6720,1,1.359,2.454
2537,DATA_20260210_150000.BIN,1.3448,9.2212,2.2627,9.2212,2.1780,1,1.656,3.415
2538,DATA_20260210_150000.BIN,2.2627,7.4018,2.7831,7.4018,1.3200,1,2.944,3.333
2539,DATA_20260210_150000.BIN,2.7831,8.1446,1.9816,8.1446,2.5300,1,2.719,5.559
2540,DATA_20260210_150000.BIN,1.9816,8.1639,2.4204,8.1639,1.4630,1,2.942,4.394
2541,DATA_20260210_150000.BIN,2.4204,10.8733,2.4113,10.8733,1.9910,1,2.220,2.220
2542,DATA_20260210_150000.BIN,2.4113,8.3207,2.2787,8.3207,1.8590,1,2.244,3.482
2543,DATA_20260210_150000.BIN,2.2787,9.3777,4.3732,9.3777,1.7930,1,3.519,4.952
2544,DATA_20260210_150000.BIN,4.3732,9.4532,4.4105,9.4532,1.5620,1,4.621,4.824
2545,DATA_20260210_150000.BIN,0.6664,8.3278,2.0551,8.3278,2.5300,1,1.439,1.888
2546,DATA_20260210_150000.BIN,2.0551,10.8525,0.3320,10.8525,1.6610,1,3.027,3.421
2547,DATA_20260210_150000.BIN,1.0208,10.2267,4.2655,10.2267,3.0910,1,1.226,1.281
2548,DATA_20260210_150000.BIN,4.2655,11.0084,1.9898,11.0084,1.7380,1,4.642,7.144
2549,DATA_20260210_150000.BIN,1.9898,9.7113,1.4323,9.7113,1.8040,1,1.482,2.439
2550,DATA_20260210_150000.BIN,1.4323,13.8470,0.9737,13.8470,3.5530,1,2.240,3.667
2551,DATA_20260210_150000.BIN,0.9737,8.5615,1.5401,8.5615,1.4740,1,1.571,1.574
2552,DATA_20260210_150000.BIN,1.5401,8.0183,1.5677,8.0183,1.1440,1,2.360,2.748
2553,DATA_20260210_150000.BIN,2.5893,7.7222,3.1356,7.7222,1.6390,1,3.274,3.671
2554,DATA_20260210_150000.BIN,2.6247,14.9215,2.6420,14.9215,5.8080,1,2.934,5.523
2555,DATA_20260210_150000.BIN,2.6420,8.8885,3.3547,8.8885,2.0900,1,3.283,3.647
2556,DATA_20260210_150000.BIN,3.3547,8.8533,0.7610,8.8533,1.4850,1,3.532,3.595
2557,DATA_20260210_150000.BIN,0.7610,14.8286,3.3017,14.8286,1.8150,1,0.550,2.444
2558,DATA_20260210_150000.BIN,3.3017,15.3601,5.3113,15.3601,3.5310,1,3.083,3.101
2559,DATA_20260210_150000.BIN,5.3113,9.0619,4.3626,9.0619,2.2880,1,6.008,6.936
2560,DATA_20260210_150000.BIN,4.3626,13.4672,3.7219,13.4672,1.5730,1,6.155,6.567
2561,DATA_20260210_150000.BIN,3.7219,12.9202,1.9100,12.9202,1.6060,1,3.977,4.887
2562,DATA_20260210_150000.BIN,1.9100,9.4815,2.4451,9.4815,1.9030,1,1.579,2.805
2563,DATA_20260210_150000.BIN,2.4451,28.8181,5.8269,28.8181,5.0490,1,3.289,3.394
2564,DATA_20260210_150000.BIN,5.8269,10.7896,2.4211,10.7896,5.8520,1,5.927,6.786
2565,DATA_20260210_150000.BIN,2.4211,11.3679,2.8288,11.3679,2.6070,1,3.171,3.240
2566,DATA_20260210_150000.BIN,2.8288,9.6397,1.7620,9.6397,3.4430,1,3.205,3.972
2567,DATA_20260210_150000.BIN,1.7620,9.9213,1.1560,9.9213,3.6520,1,2.458,2.825
2568,DATA_20260210_150000.BIN,1.1560,14.4651,5.5858,14.4651,2.0020,1,2.327,2.398
2569,DATA_20260210_150000.BIN,5.5858,13.5749,2.9624,13.5749,1.8260,1,5.564,5.871
2570,DATA_20260210_150000.BIN,2.9624,12.7359,1.6867,12.7359,3.3660,1,2.233,2.409
2571,DATA_20260210_150000.BIN,1.6867,6.3459,1.9038,6.3459,2.6290,1,1.556,3.176
2572,DATA_20260210_150000.BIN,1.9038,12.8170,3.8730,12.8170,2.5190,1,1.978,2.280
2573,DATA_20260210_150000.BIN,2.4283,11.4399,4.9254,11.4399,1.3530,1,1.631,4.805
2574,DATA_20260210_150000.BIN,4.9254,10.7394,4.1799,10.7394,1.7710,1,5.036,7.205
2575,DATA_20260210_150000.BIN,4.1799,8.9912,1.2406,8.9912,2.2550,1,3.250,3.949
2576,DATA_20260210_150000.BIN,1.2406,10.1700,1.5520,10.1700,1.5620,1,3.507,3.539
2577,DATA_20260210_150000.BIN,1.5520,9.5892,2.6843,9.5892,2.6950,1,2.690,2.722
2578,DATA_20260210_150000.BIN,1.9792,7.3761,2.8417,7.3761,3.7510,1,2.525,2.635
2579,DATA_20260210_150000.BIN,2.8417,11.8278,2.9012,11.8278,2.9810,1,2.361,2.364
2580,DATA_20260210_150000.BIN,2.9012,9.2208,2.0174,9.2208,2.1010,1,2.905,3.060
2581,DATA_20260210_150000.BIN,2.0174,8.7880,1.0731,8.7880,3.7180,1,2.643,3.330
2582,DATA_20260210_150000.BIN,1.5299,8.1783,2.6684,8.1783,2.3870,1,0.402,0.404
2583,DATA_20260210_150000.BIN,2.6684,9.2498,1.4283,9.2498,1.5070,1,4.443,4.693
2584,DATA_20260210_150000.BIN,1.4283,12.2084,2.1248,12.2084,1.8480,1,2.620,2.741
2585,DATA_20260210_150000.BIN,1.4085,8.0319,2.4598,8.0319,1.8040,1,0.837,1.562
2586,DATA_20260210_150000.BIN,2.4598,10.2116,0.5969,10.2116,1.8480,1,2.907,2.991
2587,DATA_20260210_150000.BIN,0.5969,10.1790,3.1642,10.1790,1.7820,1,0.481,0.661
2588,DATA_20260210_150000.BIN,3.1642,11.4606,6.4686,11.4606,1.9580,1,3.212,3.219
2589,DATA_20260210_150000.BIN,2.4400,9.1348,2.3324,9.1348,1.8370,1,1.965,2.216
2590,DATA_20260210_150000.BIN,2.3324,9.4261,0.8766,9.4261,2.1120,1,1.677,1.788
2591,DATA_20260210_150000.BIN,0.8766,28.5971,2.5420,28.5971,5.6870,1,1.462,1.979
2592,DATA_20260210_150000.BIN,2.5420,7.5840,1.7034,7.5840,4.5540,1,4.125,4.656
2593,DATA_20260210_150000.BIN,1.7034,12.5395,0.5107,12.5395,2.2440,1,1.444,2.124
2594,DATA_20260210_150000.BIN,2.8412,11.2609,1.4737,11.2609,3.5860,1,4.053,4.303
2595,DATA_20260210_150000.BIN,1.4737,8.0992,2.6933,8.0992,1.7270,1,2.040,4.271
2596,DATA_20260210_150000.BIN,2.6933,9.9987,3.2029,9.9987,1.9030,1,3.488,3.488
2597,DATA_20260210_150000.BIN,3.2029,8.8949,3.0108,8.8949,1.2100,1,3.705,3.736
2598,DATA_20260210_150000.BIN,3.0108,13.1150,7.9511,13.1150,2.2880,1,3.717,4.229
2599,DATA_20260210_150000.BIN,7.9511,13.4769,6.8028,13.4769,1.6720,1,9.344,9.530
2600,DATA_20260210_150000.BIN,6.8028,14.9757,9.4092,14.9757,1.8370,1,7.081,7.678
2601,DATA_20260210_150000.BIN,9.4092,21.5958,11.8593,21.5958,1.8920,1,9.402,9.636
2602,DATA_20260210_150000.BIN,11.8593,23.7722,7.4972,23.7722,2.1340,1,11.413,11.605
2603,DATA_20260210_150000.BIN,7.4972,15.8129,12.4506,15.8129,2.0130,1,5.192,5.405
2604,DATA_20260210_150000.BIN,12.4506,17.2247,10.1564,17.2247,1.5950,1,10.442,10.987
2605,DATA_20260210_150000.BIN,10.1564,22.9366,9.7929,22.9366,2.0240,1,7.101,7.256
2606,DATA_20260210_150000.BIN,9.7929,15.2488,10.3253,15.2488,1.5840,1,8.191,8.212
2607,DATA_20260210_150000.BIN,10.3253,22.5133,7.6369,22.5133,5.0050,1,5.963,7.133
2608,DATA_20260210_150000.BIN,7.6369,16.8594,4.2135,16.8594,2.1230,1,2.273,2.667
2609,DATA_20260210_150000.BIN,4.2135,9.0983,3.8124,9.0983,1.8810,1,5.630,6.950
2610,DATA_20260210_150000.BIN,3.8124,14.7070,2.8023,14.7070,2.2550,1,10.445,11.500
2611,DATA_20260210_150000.BIN,2.8023,8.3312,1.3135,8.3312,1.8590,1,7.843,7.888
2612,DATA_20260210_150000.BIN,1.3135,10.3668,1.3228,10.3668,2.2440,1,3.392,3.597
2613,DATA_20260210_150000.BIN,1.3228,10.1078,1.3905,10.1078,4.0370,1,5.344,6.429
2614,DATA_20260210_150000.BIN,1.3905,11.0777,1.3307,11.0777,1.9690,1,2.461,2.664
2615,DATA_20260210_150000.BIN,1.6273,8.5205,3.3499,8.5205,1.9470,1,4.191,4.770
2616,DATA_20260210_150000.BIN,3.3499,16.2580,1.0343,16.2580,1.5840,1,0.839,1.708
2617,DATA_20260210_150000.BIN,2.7263,8.3001,2.3000,8.3001,1.3640,1,1.200,4.562
2618,DATA_20260210_150000.BIN,2.3000,11.1463,1.0678,11.1463,1.8370,1,3.079,3.656
2619,DATA_20260210_150000.BIN,1.0678,9.9500,2.7801,9.9500,1.7050,1,2.454,2.459
2620,DATA_20260210_150000.BIN,2.7801,10.1758,3.2884,10.1758,1.7380,1,4.543,5.682
2621,DATA_20260210_150000.BIN,3.2884,12.2017,3.6809,12.2017,2.5190,1,1.567,1.587
2622,DATA_20260210_150000.BIN,3.6809,13.8401,2.7445,13.8401,1.8040,1,2.442,3.170
2623,DATA_20260210_150000.BIN,2.7445,11.3410,2.6118,11.3410,2.0240,1,5.807,6.358
2624,DATA_20260210_150000.BIN,2.6118,9.5685,0.8452,9.5685,3.9380,1,0.855,3.093
2625,DATA_20260210_150000.BIN,0.8452,8.5306,1.0447,8.5306,2.5630,1,2.155,2.667
2626,DATA_20260210_150000.BIN,1.0447,9.6124,2.0644,9.6124,1.1220,1,2.824,2.880
2627,DATA_20260210_150000.BIN,1.2820,11.8946,1.4582,11.8946,1.4520,1,1.077,1.404
2628,DATA_20260210_150000.BIN,1.4582,9.7075,3.7792,9.7075,1.1220,1,2.794,6.999
2629,DATA_20260210_150000.BIN,3.7792,12.6760,3.3987,12.6760,1.6390,1,2.843,3.589
2630,DATA_20260210_150000.BIN,3.3987,10.6805,2.3520,10.6805,1.7050,1,2.566,2.609
2631,DATA_20260210_150000.BIN,2.3520,10.0744,1.8111,10.0744,1.6720,1,1.638,2.304
2632,DATA_20260210_150000.BIN,1.8111,11.3179,2.4578,11.3179,1.6940,1,1.172,1.908
2633,DATA_20260210_150000.BIN,2.4578,17.7350,6.2536,17.7350,2.2440,1,0.877,1.345
2634,DATA_20260210_150000.BIN,6.2536,9.0006,2.2977,9.0006,3.2010,1,7.496,9.601
2635,DATA_20260210_150000.BIN,2.2977,7.3178,0.4000,7.3178,1.5840,1,3.046,3.711
2636,DATA_20260210_150000.BIN,3.8034,13.4608,2.1821,13.4608,2.2770,1,6.029,6.030
2637,DATA_20260210_150000.BIN,1.6480,7.3461,2.5450,7.3461,1.7380,1,3.159,3.257
2638,DATA_20260210_150000.BIN,2.5450,9.0349,2.7016,9.0349,2.0240,1,3.440,3.739
2639,DATA_20260210_150000.BIN,2.7016,9.4530,3.3958,9.4530,1.7930,1,2.351,2.766
2640,DATA_20260210_150000.BIN,3.3958,8.2178,0.4307,8.2178,1.8480,1,2.875,4.816
2641,DATA_20260210_150000.BIN,0.4307,7.8720,3.3893,7.8720,1.8590,1,1.528,1.658
2642,DATA_20260210_150000.BIN,3.3893,15.6215,2.0456,15.6215,2.1230,1,2.858,5.346
2643,DATA_20260210_150000.BIN,2.0456,11.4667,3.5921,11.4667,1.8700,1,1.082,2.004
2644,DATA_20260210_150000.BIN,3.4838,8.9686,0.8915,8.9686,2.0350,1,3.331,3.970
2645,DATA_20260210_150000.BIN,0.8915,11.2180,0.3644,11.2180,1.8040,1,0.586,1.031
2646,DATA_20260210_150000.BIN,0.3644,8.0732,1.0334,8.0732,1.8040,1,1.289,1.335
2647,DATA_20260210_150000.BIN,1.0334,8.8119,1.8863,8.8119,2.0680,1,0.391,1.108
2648,DATA_20260210_150000.BIN,1.8863,7.4331,2.5961,7.4331,1.9250,1,1.106,1.374
2649,DATA_20260210_150000.BIN,4.1133,17.3784,10.1711,17.3784,2.9370,1,5.113,5.225
2650,DATA_20260210_150000.BIN,10.1711,15.6195,2.0884,15.6195,1.2980,1,11.321,11.411
2651,DATA_20260210_150000.BIN,2.0884,9.1772,2.9875,9.1772,1.8370,1,2.585,2.610
2652,DATA_20260210_150000.BIN,2.9875,8.4331,2.6003,8.4331,1.9580,1,4.416,4.448
2653,DATA_20260210_150000.BIN,2.6003,10.4803,2.3985,10.4803,1.9690,1,3.740,3.753
2654,DATA_20260210_150000.BIN,2.3985,9.3016,3.4349,9.3016,1.6500,1,1.508,1.509
2655,DATA_20260210_150000.BIN,3.4349,9.9986,5.0041,9.9986,1.2980,1,4.233,4.339
2656,DATA_20260210_150000.BIN,1.5941,17.6578,2.3115,17.6578,2.1780,1,0.694,1.895
2657,DATA_20260210_150000.BIN,2.3115,10.1000,1.6112,10.1000,1.9800,1,3.018,3.804
2658,DATA_20260210_150000.BIN,1.6112,9.6144,1.8163,9.6144,2.0240,1,0.742,0.768
2659,DATA_20260210_150000.BIN,1.8163,9.3544,0.7252,9.3544,2.1670,1,0.757,0.888
2660,DATA_20260210_150000.BIN,0.7252,14.5730,1.0561,14.5730,2.6180,1,2.233,2.234
2661,DATA_20260210_150000.BIN,1.0561,8.4731,2.3380,8.4731,2.5960,1,0.829,3.097
2662,DATA_20260210_150000.BIN,2.3380,9.0367,1.5765,9.0367,1.9250,1,2.271,2.322
2663,DATA_20260210_150000.BIN,1.5765,11.5386,1.5628,11.5386,1.8590,1,0.615,0.771
2664,DATA_20260210_150000.BIN,1.5628,10.1294,1.6578,10.1294,1.0780,1,0.662,0.769
2665,DATA_20260210_150000.BIN,1.6578,10.2604,2.1016,10.2604,2.5850,1,3.231,3.251
2666,DATA_20260210_150000.BIN,2.0094,8.4492,3.1794,8.4492,2.5300,1,3.194,4.365
2667,DATA_20260210_150000.BIN,3.1794,7.8527,1.9540,7.8527,2.4530,1,2.916,5.965
2668,DATA_20260210_150000.BIN,1.9540,12.4551,3.1891,12.4551,2.0790,1,1.311,1.393
2669,DATA_20260210_150000.BIN,3.1891,9.5786,3.4404,9.5786,2.2000,1,3.921,4.128
2670,DATA_20260210_150000.BIN,3.4404,8.4581,0.1762,8.4581,2.7390,1,3.258,3.481
2671,DATA_20260210_150000.BIN,0.1762,10.5015,0.4008,10.5015,1.7930,1,1.275,2.322
2672,DATA_20260210_150000.BIN,0.4008,7.5337,1.5104,7.5337,2.6730,1,1.213,1.879
2673,DATA_20260210_150000.BIN,1.5104,8.5882,1.9033,8.5882,1.8920,1,1.988,2.141
2674,DATA_20260210_150000.BIN,0.6875,11.7809,2.0991,11.7809,4.1140,1,0.349,2.125
2675,DATA_20260210_150000.BIN,2.0991,7.7862,0.8547,7.7862,1.1880,1,2.143,2.376
2676,DATA_20260210_150000.BIN,0.8547,9.9711,2.6712,9.9711,1.6170,1,0.166,2.631
2677,DATA_20260210_150000.BIN,2.6712,10.0984,3.8784,10.0984,1.8040,1,2.351,2.355
2678,DATA_20260210_150000.BIN,3.8784,9.1652,2.5498,9.1652,1.9690,1,3.359,3.454
2679,DATA_20260210_150000.BIN,0.1161,7.7334,2.2331,7.7334,1.6060,1,1.601,2.455
2680,DATA_20260210_150000.BIN,2.2331,11.7634,2.6398,11.7634,1.7600,1,2.107,2.110
2681,DATA_20260210_150000.BIN,1.9526,7.4374,1.2737,7.4374,2.6620,1,1.573,2.818
2682,DATA_20260210_150000.BIN,1.2737,9.8133,2.3124,9.8133,4.6530,1,2.784,3.792
2683,DATA_20260210_150000.BIN,2.3124,9.6455,1.2906,9.6455,1.8590,1,1.715,1.931
2684,DATA_20260210_150000.BIN,1.2906,11.4065,4.7959,11.4065,2.5960,1,0.795,1.059
2685,DATA_20260210_150000.BIN,4.7959,13.7214,0.7933,13.7214,4.3450,1,4.636,4.705
2686,DATA_20260210_150000.BIN,0.7933,9.8738,3.5023,9.8738,1.7930,1,0.694,0.833
2687,DATA_20260210_150000.BIN,3.5023,17.4265,1.8350,17.4265,7.0400,1,2.809,3.371
2688,DATA_20260210_150000.BIN,1.8350,6.7438,1.6318,6.7438,2.3100,1,0.751,3.715
2689,DATA_20260210_150000.BIN,1.9141,8.3964,2.7112,8.3964,1.9030,1,0.737,1.003
2690,DATA_20260210_150000.BIN,2.7112,10.6755,2.8649,10.6755,1.9800,1,4.512,4.592
2691,DATA_20260210_150000.BIN,2.9311,16.7423,7.6555,16.7423,3.5970,1,2.319,2.681
2692,DATA_20260210_150000.BIN,7.6555,14.0899,8.9046,14.0899,1.6390,1,7.273,7.987
2693,DATA_20260210_150000.BIN,8.9046,14.7681,1.0590,14.7681,1.9580,1,8.005,8.326
2694,DATA_20260210_150000.BIN,1.0590,10.5987,1.9760,10.5987,1.9800,1,3.510,3.754
2695,DATA_20260210_150000.BIN,1.9760,11.2024,5.5507,11.2024,4.4110,1,4.906,6.403
2696,DATA_20260210_150000.BIN,4.1143,16.5833,4.2072,16.5833,6.5340,1,4.124,4.142
2697,DATA_20260210_150000.BIN,4.2072,16.6723,8.2771,16.6723,2.3980,1,3.830,4.287
2698,DATA_20260210_150000.BIN,8.2771,14.5145,7.8408,14.5145,2.8600,1,7.141,7.141
2699,DATA_20260210_150000.BIN,2.8225,9.7553,3.2297,9.7553,1.6830,1,6.266,6.839
2700,DATA_20260210_150000.BIN,3.2297,9.7218,1.9971,9.7218,1.6610,1,1.240,1.252
2701,DATA_20260210_150000.BIN,1.9971,14.6284,2.8427,14.6284,1.7710,1,4.922,8.713
2702,DATA_20260210_150000.BIN,2.8427,11.7081,5.0138,11.7081,1.6610,1,1.490,6.378
2703,DATA_20260210_150000.BIN,5.0138,16.6634,3.6352,16.6634,1.9030,1,4.049,4.097
2704,DATA_20260210_150000.BIN,3.6352,13.2226,2.2459,13.2226,4.0040,1,2.404,2.419
2705,DATA_20260210_150000.BIN,5.1825,12.1094,2.5066,12.1094,3.8720,1,3.340,3.536
2706,DATA_20260210_150000.BIN,2.5066,18.6348,2.3434,18.6348,2.2660,1,0.486,1.604
2707,DATA_20260210_150000.BIN,2.3434,18.3534,5.6543,18.3534,1.9800,1,1.065,2.336
2708,DATA_20260210_150000.BIN,5.6543,10.5520,3.9133,10.5520,2.9150,1,5.360,5.979
2709,DATA_20260210_150000.BIN,2.5451,7.6029,0.8988,7.6029,1.8590,1,0.132,0.270
2710,DATA_20260210_150000.BIN,0.8988,8.2028,1.2546,8.2028,1.1660,1,2.447,2.448
2711,DATA_20260210_150000.BIN,1.2546,7.9519,1.7143,7.9519,1.4850,1,1.569,7.252
2712,DATA_20260210_150000.BIN,2.8128,11.7857,1.4174,11.7857,1.1110,1,1.856,2.043
2713,DATA_20260210_150000.BIN,1.4174,8.7512,1.5163,8.7512,3.5750,1,1.627,2.635
2714,DATA_20260210_150000.BIN,1.5163,13.0488,0.5976,13.0488,2.2110,1,3.442,3.529
2715,DATA_20260210_150000.BIN,0.5976,9.3959,1.3491,9.3959,1.5070,1,2.886,3.243
2716,DATA_20260210_150000.BIN,2.7916,10.0336,0.7100,10.0336,1.8810,1,3.513,7.469
2717,DATA_20260210_150000.BIN,0.7100,9.9495,1.6990,9.9495,1.9470,1,2.024,3.590
2718,DATA_20260210_150000.BIN,1.6990,8.5122,2.9671,8.5122,1.3640,1,2.689,2.698
2719,DATA_20260210_150000.BIN,2.9671,9.3408,1.5118,9.3408,1.7160,1,1.948,1.988
2720,DATA_20260210_150000.BIN,1.5118,8.4002,3.2011,8.4002,1.9800,1,3.461,3.605
2721,DATA_20260210_150000.BIN,3.4036,9.7793,2.0448,9.7793,1.7930,1,5.187,5.204
2722,DATA_20260210_150000.BIN,2.0448,7.9932,2.6576,7.9932,1.6940,1,1.965,3.646
2723,DATA_20260210_150000.BIN,2.6576,8.4685,1.0585,8.4685,1.8700,1,2.172,2.581
2724,DATA_20260210_150000.BIN,1.6216,7.1148,2.3226,7.1148,1.6280,1,2.620,3.459
2725,DATA_20260210_150000.BIN,2.3226,10.8689,2.3167,10.8689,3.4430,1,1.783,2.497
2726,DATA_20260210_150000.BIN,2.3167,9.2664,0.9316,9.2664,1.8150,1,2.894,3.763
2727,DATA_20260210_150000.BIN,0.9316,9.1147,1.5927,9.1147,1.5840,1,0.623,0.966
2728,DATA_20260210_150000.BIN,1.5927,9.5742,2.8168,9.5742,2.1560,1,0.851,1.463
2729,DATA_20260210_150000.BIN,2.8168,19.8556,2.3955,19.8556,4.5320,1,2.194,3.749
2730,DATA_20260210_150000.BIN,2.3955,13.1613,1.4138,13.1613,1.8260,1,3.305,4.663
2731,DATA_20260210_150000.BIN,1.4138,9.2513,3.2420,9.2513,1.7930,1,1.926,5.123
2732,DATA_20260210_150000.BIN,3.2420,7.5744,2.9692,7.5744,3.1570,1,3.047,4.335
2733,DATA_20260210_150000.BIN,2.9692,7.4313,2.1214,7.4313,2.0460,1,3.500,4.038
2734,DATA_20260210_150000.BIN,3.2251,8.1887,2.3584,8.1887,2.3540,1,2.771,2.847
2735,DATA_20260210_150000.BIN,2.8380,7.4979,0.8360,7.4979,1.7820,1,1.831,3.105
2736,DATA_20260210_150000.BIN,0.8360,10.7079,4.0901,10.7079,1.9030,1,2.152,2.631
2737,DATA_20260210_150000.BIN,4.0901,8.7135,1.4185,8.7135,3.3330,1,3.328,3.661
2738,DATA_20260210_150000.BIN,0.9622,10.2474,3.2598,10.2474,1.3310,1,1.161,2.175
2739,DATA_20260210_150000.BIN,3.2598,12.6131,4.6188,12.6131,2.3100,1,2.848,3.535
2740,DATA_20260210_150000.BIN,2.3559,8.3657,0.8804,8.3657,1.8370,1,1.458,1.552
2741,DATA_20260210_150000.BIN,0.8804,7.5584,1.9518,7.5584,1.1440,1,0.772,3.007
2742,DATA_20260210_150000.BIN,1.9518,10.1962,1.3698,10.1962,2.2660,1,2.188,2.742
2743,DATA_20260210_150000.BIN,1.3698,17.6998,3.5627,17.6998,1.7710,1,1.644,3.602
2744,DATA_20260210_150000.BIN,5.4102,9.8741,1.0550,9.8741,2.2440,1,4.795,5.673
2745,DATA_20260210_150000.BIN,1.0550,10.9332,4.7317,10.9332,1.8480,1,2.691,3.587
2746,DATA_20260210_150000.BIN,4.7317,9.9876,2.5246,9.9876,1.8700,1,4.912,5.488
2747,DATA_20260210_150000.BIN,4.1414,11.1468,1.6333,11.1468,1.7490,1,3.030,3.336
2748,DATA_20260210_150000.BIN,4.5611,13.1234,0.7737,13.1234,1.9140,1,3.521,4.039
2749,DATA_20260210_150000.BIN,0.7737,10.7871,1.8980,10.7871,1.3090,1,2.421,2.483
2750,DATA_20260210_150000.BIN,6.2743,12.0138,2.6531,12.0138,1.7270,1,8.943,9.505
2751,DATA_20260210_150000.BIN,2.6531,9.8612,1.6284,9.8612,1.6940,1,3.506,3.507
2752,DATA_20260210_150000.BIN,1.6284,11.6246,2.4613,11.6246,1.4630,1,2.714,2.731
2753,DATA_20260210_150000.BIN,2.4613,11.9666,3.1045,11.9666,1.8590,1,1.730,1.807
2754,DATA_20260210_150000.BIN,3.1045,9.7624,4.6917,9.7624,1.4740,1,2.431,2.991
2755,DATA_20260210_150000.BIN,1.2801,12.5138,1.1199,12.5138,1.6280,1,2.743,2.778
2756,DATA_20260210_150000.BIN,3.7237,10.1322,0.8188,10.1322,3.5090,1,5.383,5.608
2757,DATA_20260210_150000.BIN,0.8188,9.9709,1.9852,9.9709,4.0480,1,1.662,2.020
2758,DATA_20260210_150000.BIN,1.9852,7.3668,2.0711,7.3668,1.3200,1,1.943,2.048
2759,DATA_20260210_150000.BIN,2.0711,16.6354,8.7366,16.6354,3.0690,1,2.275,2.276
2760,DATA_20260210_150000.BIN,8.7366,23.8279,4.3070,23.8279,3.9050,1,9.199,11.371
2761,DATA_20260210_150000.BIN,4.3070,13.5819,1.4521,13.5819,1.5620,1,5.644,6.365
2762,DATA_20260210_150000.BIN,1.6870,46.2447,10.4662,46.2447,8.6020,1,1.977,3.295
2763,DATA_20260210_150000.BIN,10.4662,30.0077,2.3121,30.0077,3.1350,1,11.822,11.880
2764,DATA_20260210_150000.BIN,2.3121,9.6011,0.9219,9.6011,3.4540,1,3.971,5.218
2765,DATA_20260210_150000.BIN,0.9219,9.3980,0.6265,9.3980,1.9470,1,2.412,2.609
2766,DATA_20260210_150000.BIN,0.6265,9.0600,2.4754,9.0600,1.3860,1,0.723,1.427
2767,DATA_20260210_150000.BIN,2.4754,11.7554,0.9100,11.7554,1.8040,1,2.786,3.717
2768,DATA_20260210_150000.BIN,0.9100,13.4348,3.0659,13.4348,1.7270,1,2.139,4.018
2769,DATA_20260210_150000.BIN,3.0659,12.1910,1.9240,12.1910,1.8040,1,3.898,4.669
2770,DATA_20260210_150000.BIN,1.9240,9.3969,3.1166,9.3969,2.6290,1,2.208,3.597
2771,DATA_20260210_150000.BIN,3.1166,7.8009,2.3640,7.8009,3.4540,1,4.055,4.077
2772,DATA_20260210_150000.BIN,2.3640,13.6774,1.1355,13.6774,2.2770,1,3.290,3.955
2773,DATA_20260210_150000.BIN,1.1355,12.4161,2.2667,12.4161,3.0690,1,1.518,2.507
2774,DATA_20260210_150000.BIN,2.2667,9.2012,3.8430,9.2012,2.0460,1,2.425,3.066
2775,DATA_20260210_150000.BIN,3.8430,20.3238,6.8268,20.3238,2.8050,1,4.535,7.105
2776,DATA_20260210_150000.BIN,6.8268,17.0423,7.2441,17.0423,1.8150,1,7.674,7.882
2777,DATA_20260210_150000.BIN,7.2441,18.5667,9.1805,18.5667,1.8480,1,7.380,7.463
2778,DATA_20260210_150000.BIN,9.1805,20.3290,14.8287,20.3290,1.8040,1,8.938,9.333
2779,DATA_20260210_150000.BIN,14.8287,20.4710,7.8148,20.4710,1.9250,1,14.741,16.166
2780,DATA_20260210_150000.BIN,7.8148,17.7237,9.2076,17.7237,1.8150,1,4.972,5.778
2781,DATA_20260210_150000.BIN,9.2076,14.1210,5.1247,14.1210,1.9910,1,6.342,7.319
2782,DATA_20260210_150000.BIN,5.1247,12.0260,2.2254,12.0260,1.3970,1,0.784,0.906
2783,DATA_20260210_150000.BIN,2.2254,20.2390,7.9302,20.2390,2.8710,1,6.893,8.095
2784,DATA_20260210_150000.BIN,7.9302,15.4529,9.0009,15.4529,1.6610,1,6.221,6.616
2785,DATA_20260210_150000.BIN,9.0009,16.9835,0.9423,16.9835,4.0150,1,6.577,7.908
2786,DATA_20260210_150000.BIN,0.9423,17.3738,10.2129,17.3738,2.4750,1,5.546,8.967
2787,DATA_20260210_150000.BIN,10.2129,14.0974,6.3199,14.0974,1.5180,1,7.608,8.991
2788,DATA_20260210_150000.BIN,6.3199,12.8376,4.5114,12.8376,1.4410,1,3.735,3.815
2789,DATA_20260210_150000.BIN,4.5114,12.8925,9.5734,12.8925,1.6720,1,0.557,0.637
2790,DATA_20260210_150000.BIN,9.5734,19.9142,9.1949,19.9142,1.5510,1,6.121,6.165
2791,DATA_20260210_150000.BIN,9.1949,17.8502,7.6806,17.8502,1.9360,1,4.658,5.333
2792,DATA_20260210_150000.BIN,3.2657,14.1172,6.3518,14.1172,1.9360,1,2.691,2.698
2793,DATA_20260210_150000.BIN,6.3518,21.6285,7.0562,21.6285,4.1030,1,1.288,2.481
2794,DATA_20260210_150000.BIN,7.0562,15.1716,8.2991,15.1716,1.2980,1,4.151,5.271
2795,DATA_20260210_150000.BIN,8.2991,16.5351,8.6319,16.5351,1.7050,1,4.930,5.269
2796,DATA_20260210_150000.BIN,8.6319,17.0754,9.9880,17.0754,1.9140,1,4.493,5.886
2797,DATA_20260210_150000.BIN,9.9880,22.1333,10.9709,22.1333,1.8150,1,5.336,6.543
2798,DATA_20260210_150000.BIN,10.9709,21.2322,13.0613,21.2322,1.9580,1,5.362,5.633
2799,DATA_20260210_150000.BIN,13.0613,20.5281,12.3694,20.5281,1.9470,1,7.973,8.669
2800,DATA_20260210_150000.BIN,12.3694,18.6167,12.2377,18.6167,1.8260,1,5.809,6.095
2801,DATA_20260210_150000.BIN,12.2377,22.7148,11.4416,22.7148,1.9580,1,5.106,5.378
2802,DATA_20260210_150000.BIN,11.4416,19.1960,5.5856,19.1960,1.9250,1,4.266,4.278
2803,DATA_20260210_150000.BIN,5.5856,17.7168,9.4236,17.7168,1.9470,1,3.919,4.522
2804,DATA_20260210_150000.BIN,9.4236,14.3545,8.3110,14.3545,1.8700,1,4.230,4.312
2805,DATA_20260210_150000.BIN,8.3110,12.2906,4.0769,12.2906,1.8260,1,1.338,1.338
2806,DATA_20260210_150000.BIN,4.0769,9.6790,3.4905,9.6790,1.6280,1,4.938,5.035
2807,DATA_20260210_150000.BIN,3.4905,15.5989,8.1568,15.5989,2.1890,1,5.637,5.656
2808,DATA_20260210_150000.BIN,8.1568,16.3274,7.2447,16.3274,1.6940,1,2.044,2.235
2809,DATA_20260210_150000.BIN,7.2447,17.2114,9.7920,17.2114,1.8920,1,0.675,2.701
2810,DATA_20260210_150000.BIN,9.7920,17.3604,8.8358,17.3604,1.8040,1,4.199,5.341
2811,DATA_20260210_150000.BIN,3.1718,7.7243,1.9576,7.7243,1.7600,1,5.367,5.461
2812,DATA_20260210_150000.BIN,1.9576,11.3527,6.6341,11.3527,1.9690,1,7.450,7.922
2813,DATA_20260210_150000.BIN,6.6341,15.1616,6.3593,15.1616,1.8590,1,6.700,6.776
2814,DATA_20260210_150000.BIN,6.3593,13.9157,7.2790,13.9157,1.7050,1,2.897,4.919
2815,DATA_20260210_150000.BIN,7.2790,12.9911,5.5661,12.9911,1.5950,1,2.012,2.173
2816,DATA_20260210_150000.BIN,5.5661,11.5469,2.4393,11.5469,1.7820,1,1.413,2.421
2817,DATA_20260210_150000.BIN,2.4393,11.6779,4.1160,11.6779,1.8370,1,4.531,4.682
2818,DATA_20260210_150000.BIN,4.1160,16.9723,6.6512,16.9723,1.7930,1,2.129,2.358
2819,DATA_20260210_150000.BIN,6.6512,12.2839,2.0206,12.2839,1.7820,1,3.600,3.891
2820,DATA_20260210_150000.BIN,2.0206,10.3244,3.3438,10.3244,2.1890,1,8.611,9.301
2821,DATA_20260210_150000.BIN,3.3438,10.6534,2.4764,10.6534,1.8150,1,9.528,11.290
2822,DATA_20260210_150000.BIN,2.4764,14.4446,3.5467,14.4446,1.3530,1,2.227,4.358
2823,DATA_20260210_150000.BIN,3.5467,13.7772,5.9999,13.7772,1.2430,1,2.289,2.957
2824,DATA_20260210_150000.BIN,5.9999,11.0741,0.8602,11.0741,1.3750,1,2.411,3.000
2825,DATA_20260210_150000.BIN,0.8602,8.7177,1.5744,8.7177,1.7820,1,5.130,5.350
2826,DATA_20260210_150000.BIN,1.5744,9.6366,1.0744,9.6366,2.0790,1,5.809,5.834
2827,DATA_20260210_150000.BIN,1.0744,14.3619,4.0225,14.3619,1.8480,1,4.123,4.124
2828,DATA_20260210_150000.BIN,3.4473,10.1658,3.1705,10.1658,1.7930,1,0.974,2.161
2829,DATA_20260210_150000.BIN,3.1705,11.0163,5.9004,11.0163,1.9800,1,0.290,0.705
2830,DATA_20260210_150000.BIN,5.9004,12.7520,5.1485,12.7520,1.8040,1,3.439,3.440
2831,DATA_20260210_150000.BIN,5.1485,15.5031,10.2345,15.5031,1.6940,1,2.973,3.175
2832,DATA_20260210_150000.BIN,10.2345,17.3046,5.4001,17.3046,1.9030,1,7.913,9.261
2833,DATA_20260210_150000.BIN,5.4001,17.8211,3.7019,17.8211,1.8810,1,1.648,1.855
2834,DATA_20260210_150000.BIN,3.7019,10.2109,4.9326,10.2109,1.8590,1,0.623,1.308
2835,DATA_20260210_150000.BIN,4.9326,10.8522,6.5730,10.8522,1.8260,1,0.900,1.260
2836,DATA_20260210_150000.BIN,6.5730,10.7915,1.0345,10.7915,1.7380,1,2.983,2.987
2837,DATA_20260210_150000.BIN,1.0345,11.0067,1.8622,11.0067,2.0020,1,4.371,4.448
2838,DATA_20260210_150000.BIN,1.8622,14.4050,5.7932,14.4050,1.9360,1,2.697,2.828
2839,DATA_20260210_150000.BIN,5.7932,12.1967,3.7022,12.1967,1.7050,1,2.239,2.286
2840,DATA_20260210_150000.BIN,3.7022,15.8532,6.5438,15.8532,1.8150,1,0.568,0.594
2841,DATA_20260210_150000.BIN,6.5438,12.4564,3.4590,12.4564,1.8260,1,2.941,3.084
2842,DATA_20260210_150000.BIN,3.4590,8.4163,4.3335,8.4163,1.8810,1,1.117,1.159
2843,DATA_20260210_150000.BIN,4.3335,10.9196,2.5445,10.9196,1.8150,1,3.516,3.739
2844,DATA_20260210_150000.BIN,2.5445,13.2248,3.9261,13.2248,1.7270,1,3.146,3.147
2845,DATA_20260210_150000.BIN,3.9261,10.2410,0.2031,10.2410,1.9910,1,1.176,1.203
2846,DATA_20260210_150000.BIN,0.2031,16.0484,4.2685,16.0484,3.0360,1,4.324,5.827
2847,DATA_20260210_150000.BIN,4.2685,13.2905,1.6654,13.2905,1.7710,1,2.823,3.040
2848,DATA_20260210_150000.BIN,1.6654,7.4891,1.9837,7.4891,1.6390,1,2.124,2.129
2849,DATA_20260210_150000.BIN,1.9837,9.9899,4.6068,9.9899,1.7270,1,2.144,2.351
2850,DATA_20260210_150000.BIN,4.6068,9.3504,2.2875,9.3504,1.9140,1,8.384,8.457
2851,DATA_20260210_150000.BIN,3.2231,11.9732,5.0673,11.9732,1.7710,1,0.896,1.218
2852,DATA_20260210_150000.BIN,2.6148,11.4013,3.6148,11.4013,2.8600,1,4.606,5.278
2853,DATA_20260210_150000.BIN,3.6148,10.9987,3.4907,10.9987,3.9160,1,6.352,6.642
2854,DATA_20260210_150000.BIN,3.4907,11.1531,2.3041,11.1531,1.8700,1,4.604,4.612
2855,DATA_20260210_150000.BIN,2.3041,8.6843,3.6277,8.6843,1.1660,1,3.136,3.159
2856,DATA_20260210_150000.BIN,3.6277,10.7333,0.6870,10.7333,2.9590,1,5.769,5.777
2857,DATA_20260210_150000.BIN,2.5770,9.6148,5.2329,9.6148,1.8480,1,4.017,4.656
2858,DATA_20260210_150000.BIN,5.2329,11.5008,4.8140,11.5008,2.5520,1,6.866,6.931
2859,DATA_20260210_150000.BIN,4.8140,11.8783,4.8661,11.8783,0.9790,1,5.627,5.756
2860,DATA_20260210_150000.BIN,4.8661,13.2386,1.1360,13.2386,1.6280,1,5.348,5.496
2861,DATA_20260210_150000.BIN,1.1360,12.8111,3.0709,12.8111,2.6070,1,2.130,2.138
2862,DATA_20260210_150000.BIN,3.0709,9.2470,3.2884,9.2470,3.4870,1,3.963,4.221
2863,DATA_20260210_150000.BIN,3.2884,11.9426,2.1771,11.9426,1.2540,1,3.739,4.785
2864,DATA_20260210_150000.BIN,2.1771,27.9584,5.2744,27.9584,5.4670,1,3.103,3.770
2865,DATA_20260210_150000.BIN,5.2744,20.7848,1.3562,20.7848,3.8060,1,6.260,6.308
2866,DATA_20260210_150000.BIN,1.3562,10.1084,2.3278,10.1084,3.4210,1,1.184,1.264
2867,DATA_20260210_150000.BIN,2.3278,11.1760,1.8715,11.1760,1.6940,1,2.721,2.749
2868,DATA_20260210_150000.BIN,1.8715,9.1929,3.7562,9.1929,1.7380,1,1.616,1.676
2869,DATA_20260210_150000.BIN,3.7562,11.4360,3.0613,11.4360,2.3320,1,4.373,4.373
2870,DATA_20260210_150000.BIN,3.0613,9.7233,0.9471,9.7233,1.3200,1,3.720,4.523
2871,DATA_20260210_150000.BIN,0.9471,9.2670,1.8225,9.2670,1.7820,1,1.380,2.281
2872,DATA_20260210_150000.BIN,1.8225,11.2479,3.8997,11.2479,1.7710,1,1.478,1.490
2873,DATA_20260210_150000.BIN,3.1775,10.3130,1.7255,10.3130,1.9580,1,2.864,3.052
2874,DATA_20260210_150000.BIN,1.7255,7.6053,1.5132,7.6053,1.7930,1,3.029,4.945
2875,DATA_20260210_150000.BIN,1.5132,9.1964,1.4822,9.1964,1.9690,1,1.724,2.930
2876,DATA_20260210_150000.BIN,1.4822,8.2522,2.0942,8.2522,1.7270,1,2.390,3.600
2877,DATA_20260210_150000.BIN,2.0942,10.2616,2.7411,10.2616,1.9800,1,2.767,4.367
2878,DATA_20260210_150000.BIN,2.7411,8.0340,2.3933,8.0340,1.4080,1,2.856,3.851
2879,DATA_20260210_150000.BIN,2.3933,9.4346,0.9842,9.4346,1.7270,1,2.313,2.360
2880,DATA_20260210_150000.BIN,0.9842,8.1312,1.0217,8.1312,2.4640,1,1.647,1.654
2881,DATA_20260210_150000.BIN,1.0217,11.4264,1.4065,11.4264,1.7050,1,0.544,0.816
2882,DATA_20260210_150000.BIN,1.4065,10.6735,7.1717,10.6735,5.3570,1,0.907,0.952
2883,DATA_20260210_150000.BIN,7.1717,14.1980,2.2574,14.1980,4.3010,1,7.484,7.518
2884,DATA_20260210_150000.BIN,2.2574,14.7601,7.8312,14.7601,2.0130,1,1.692,6.019
2885,DATA_20260210_150000.BIN,7.8312,15.2101,1.4353,15.2101,3.0800,1,8.690,8.786
2886,DATA_20260210_150000.BIN,1.4353,6.5681,1.4231,6.5681,1.8040,1,1.429,5.660
2887,DATA_20260210_150000.BIN,1.4231,11.1871,1.9447,11.1871,1.9140,1,3.222,4.130
2888,DATA_20260210_150000.BIN,1.9447,7.6853,1.3492,7.6853,3.2450,1,1.222,2.231
2889,DATA_20260210_150000.BIN,1.3492,7.0229,2.0828,7.0229,1.9800,1,1.409,2.812
2890,DATA_20260210_150000.BIN,2.0828,8.7366,1.8986,8.7366,1.3640,1,2.466,2.867
2891,DATA_20260210_150000.BIN,1.8986,8.8411,2.9467,8.8411,1.8920,1,0.816,2.622
2892,DATA_20260210_150000.BIN,2.9467,8.8294,3.4762,8.8294,1.9800,1,3.659,5.379
2893,DATA_20260210_150000.BIN,3.4762,8.8854,2.4399,8.8854,1.4080,1,2.781,2.867
2894,DATA_20260210_150000.BIN,2.4399,8.6061,0.6509,8.6061,3.0140,1,1.428,1.603
2895,DATA_20260210_150000.BIN,1.4575,8.3586,1.3180,8.3586,1.3530,1,2.634,3.457
2896,DATA_20260210_150000.BIN,1.3180,9.7990,0.5964,9.7990,1.8480,1,2.007,2.396
2897,DATA_20260210_150000.BIN,0.5964,8.6427,1.0172,8.6427,1.7490,1,1.363,3.618
2898,DATA_20260210_150000.BIN,1.0172,7.9497,2.6145,7.9497,1.6610,1,1.504,1.512
2899,DATA_20260210_150000.BIN,2.6145,8.8045,0.4472,8.8045,3.0690,1,1.903,3.890
2900,DATA_20260210_150000.BIN,0.4472,10.7719,3.2447,10.7719,1.7380,1,1.851,2.081
2901,DATA_20260210_150000.BIN,3.2447,9.3623,2.8704,9.3623,1.4850,1,2.685,4.356
2902,DATA_20260210_150000.BIN,2.8704,8.2946,1.4369,8.2946,3.0800,1,2.041,3.003
2903,DATA_20260210_150000.BIN,1.4369,7.3096,2.5864,7.3096,1.4740,1,0.112,2.092
2904,DATA_20260210_150000.BIN,0.7928,11.2717,3.0966,11.2717,2.1340,1,0.652,3.789
2905,DATA_20260210_150000.BIN,4.3931,10.2503,0.8689,10.2503,1.9580,1,3.608,5.503
2906,DATA_20260210_150000.BIN,0.8689,13.3910,3.4466,13.3910,2.4530,1,0.973,3.821
2907,DATA_20260210_150000.BIN,3.4466,16.7855,1.7141,16.7855,2.8050,1,2.622,12.222
2908,DATA_20260210_150000.BIN,1.7141,8.6662,2.2693,8.6662,1.4080,1,2.038,2.352
2909,DATA_20260210_150000.BIN,2.2693,9.2792,3.3610,9.2792,1.4300,1,4.261,4.270
2910,DATA_20260210_150000.BIN,3.3610,11.3430,0.9079,11.3430,1.8810,1,2.608,6.101
2911,DATA_20260210_150000.BIN,0.9079,8.3454,1.6657,8.3454,3.1240,1,2.292,6.509
2912,DATA_20260210_150000.BIN,1.6657,12.5664,1.5549,12.5664,2.4970,1,0.635,2.939
2913,DATA_20260210_150000.BIN,2.4865,7.8411,1.8748,7.8411,1.4960,1,4.067,4.068
2914,DATA_20260210_150000.BIN,1.8748,8.0439,0.9852,8.0439,1.5400,1,3.019,3.020
2915,DATA_20260210_150000.BIN,0.9852,7.1915,3.4190,7.1915,2.8490,1,1.965,2.568
2916,DATA_20260210_150000.BIN,3.4190,10.7837,3.1177,10.7837,2.0020,1,3.880,7.263
2917,DATA_20260210_150000.BIN,3.1177,14.2581,5.6374,14.2581,1.5400,1,2.876,3.528
2918,DATA_20260210_150000.BIN,5.6374,12.2137,2.8768,12.2137,1.9910,1,5.489,5.648
2919,DATA_20260210_150000.BIN,2.8768,6.6304,1.9494,6.6304,1.4850,1,3.894,4.915
2920,DATA_20260210_150000.BIN,1.9494,13.6460,3.0640,13.6460,2.9810,1,2.607,3.544
2921,DATA_20260210_150000.BIN,3.0640,8.1415,4.3505,8.1415,1.1660,1,3.974,4.269
2922,DATA_20260210_150000.BIN,4.3505,11.7724,3.2957,11.7724,1.7710,1,4.681,6.586
2923,DATA_20260210_150000.BIN,2.6950,16.1357,2.1697,16.1357,3.9820,1,3.441,7.800
2924,DATA_20260210_150000.BIN,2.1697,10.1742,2.3420,10.1742,1.3310,1,1.850,1.893
2925,DATA_20260210_150000.BIN,2.3420,10.8629,3.0872,10.8629,3.3440,1,2.254,3.772
2926,DATA_20260210_150000.BIN,3.3486,14.4760,3.3867,14.4760,1.8480,1,3.829,7.107
2927,DATA_20260210_150000.BIN,3.4866,9.7003,2.2533,9.7003,2.4640,1,3.365,4.004
2928,DATA_20260210_150000.BIN,2.2533,8.5667,1.3725,8.5667,2.5740,1,2.960,4.282
2929,DATA_20260210_150000.BIN,1.3725,9.4016,0.2531,9.4016,1.5180,1,1.331,6.577
2930,DATA_20260210_150000.BIN,0.2531,14.5613,2.8277,14.5613,3.4430,1,1.505,4.668
2931,DATA_20260210_150000.BIN,2.8277,9.1471,2.5367,9.1471,1.5620,1,2.227,3.057
2932,DATA_20260210_150000.BIN,2.7785,8.1919,0.9432,8.1919,1.8810,1,4.463,4.469
2933,DATA_20260210_150000.BIN,1.0166,9.2642,3.2405,9.2642,3.0800,1,0.794,6.296
2934,DATA_20260210_150000.BIN,3.0009,10.2654,1.4466,10.2654,1.9690,1,2.971,3.223
2935,DATA_20260210_150000.BIN,1.4466,7.9902,0.2975,7.9902,1.5070,1,0.854,4.428
2936,DATA_20260210_150000.BIN,0.2975,7.8570,2.9420,7.8570,1.4960,1,1.361,3.086
2937,DATA_20260210_150000.BIN,2.9420,9.7657,1.2633,9.7657,1.8040,1,2.557,2.800
2938,DATA_20260210_150000.BIN,1.6512,8.1568,1.3315,8.1568,1.7380,1,2.822,5.670
2939,DATA_20260210_150000.BIN,1.3315,6.8514,0.7092,6.8514,1.6060,1,2.112,5.639
2940,DATA_20260210_150000.BIN,2.4087,10.7224,4.9565,10.7224,2.4970,1,3.489,3.839
2941,DATA_20260210_150000.BIN,1.5520,9.6698,0.3861,9.6698,3.1680,1,2.086,3.091
2942,DATA_20260210_150000.BIN,0.3861,9.4450,2.2259,9.4450,1.6170,1,0.281,1.901
2943,DATA_20260210_150000.BIN,2.2259,10.6885,2.4824,10.6885,1.5950,1,2.308,2.336
2944,DATA_20260210_150000.BIN,2.4824,8.9532,3.1103,8.9532,2.2660,1,2.341,2.392
2945,DATA_20260210_150000.BIN,3.1103,8.0862,1.2889,8.0862,1.3530,1,2.954,3.000
2946,DATA_20260210_150000.BIN,1.2363,10.7820,5.5930,10.7820,1.5840,1,1.116,4.623
2947,DATA_20260210_150000.BIN,0.8013,8.9885,0.4542,8.9885,1.7380,1,1.645,1.645
2948,DATA_20260210_150000.BIN,2.8922,8.3039,1.5307,8.3039,1.7820,1,2.535,2.536
2949,DATA_20260210_150000.BIN,1.5307,7.5613,1.3730,7.5613,3.6850,1,1.375,1.375
2950,DATA_20260210_150000.BIN,1.3730,7.7532,0.1471,7.7532,1.4300,1,0.512,2.676
2951,DATA_20260210_150000.BIN,0.1471,7.3196,0.1925,7.3196,1.5400,1,1.285,2.100
2952,DATA_20260210_150000.BIN,0.1925,8.6520,1.9884,8.6520,1.8150,1,1.241,3.209
2953,DATA_20260210_150000.BIN,1.9884,9.7022,1.3265,9.7022,2.2110,1,1.432,1.434
2954,DATA_20260210_150000.BIN,1.3265,11.5801,3.5651,11.5801,2.3980,1,2.466,2.520
2955,DATA_20260210_150000.BIN,3.5651,16.3485,10.4447,16.3485,6.3250,1,4.795,4.969
2956,DATA_20260210_150000.BIN,10.4447,49.0391,1.6432,49.0391,3.7510,1,12.007,12.688
2957,DATA_20260210_150000.BIN,7.2879,24.0624,0.9914,24.0624,1.9690,1,8.969,9.538
2958,DATA_20260210_150000.BIN,0.9914,11.8037,1.8172,11.8037,7.0510,1,1.889,2.806
2959,DATA_20260210_150000.BIN,1.8172,12.7185,3.1579,12.7185,1.4190,1,2.544,3.817
2960,DATA_20260210_150000.BIN,3.1579,11.1619,3.5436,11.1619,2.0570,1,3.617,3.620
2961,DATA_20260210_150000.BIN,3.5676,14.4683,2.6933,14.4683,4.3780,1,3.606,4.966
2962,DATA_20260210_150000.BIN,6.6689,12.6750,1.0722,12.6750,7.8980,1,7.261,8.151
2963,DATA_20260210_150000.BIN,1.0722,7.7510,0.3856,7.7510,3.3990,1,1.062,4.969
2964,DATA_20260210_150000.BIN,0.3856,10.5246,0.9509,10.5246,0.9460,1,1.378,1.378
2965,DATA_20260210_150000.BIN,1.2467,17.7382,1.9168,17.7382,3.7620,1,1.722,2.335
2966,DATA_20260210_150000.BIN,1.9168,14.6168,5.3950,14.6168,5.2470,1,2.774,2.822
2967,DATA_20260210_150000.BIN,3.7652,19.7464,5.3766,19.7464,2.3320,1,3.531,5.816
2968,DATA_20260210_150000.BIN,3.4862,13.3485,4.2180,13.3485,5.2690,1,4.792,6.728
2969,DATA_20260210_150000.BIN,4.2180,7.6979,3.6367,7.6979,2.5740,1,5.480,6.223
2970,DATA_20260210_150000.BIN,3.6367,23.6268,10.8073,23.6268,9.8670,1,3.809,3.969
2971,DATA_20260210_150000.BIN,10.8073,19.7794,0.3607,19.7794,6.1160,1,11.713,11.737
2972,DATA_20260210_150000.BIN,0.3607,11.8935,2.0249,11.8935,2.5850,1,1.662,3.014
2973,DATA_20260210_150000.BIN,2.0249,13.8262,2.1913,13.8262,7.6670,1,3.962,4.512
2974,DATA_20260210_150000.BIN,0.6388,12.3774,0.8845,12.3774,2.9260,1,1.309,2.043
2975,DATA_20260210_150000.BIN,0.8845,5.9845,1.4334,5.9845,1.9140,1,2.355,2.374
2976,DATA_20260210_150000.BIN,2.1878,47.9575,1.5633,47.9575,7.0070,1,2.138,4.103
2977,DATA_20260210_150000.BIN,0.7674,12.6459,7.7643,12.6459,3.3660,1,1.188,3.730
2978,DATA_20260210_150000.BIN,7.7643,10.5806,5.0451,10.5806,6.7980,1,9.998,10.641
2979,DATA_20260210_150000.BIN,4.0296,12.7052,4.3555,12.7052,2.2990,1,4.870,6.087
2980,DATA_20260210_150000.BIN,4.8735,14.4537,5.8117,14.4537,1.9030,1,5.345,7.698
2981,DATA_20260210_150000.BIN,5.8117,10.1384,1.2706,10.1384,3.9600,1,5.939,7.378
2982,DATA_20260210_150000.BIN,0.1133,7.9762,2.3986,7.9762,2.0240,1,1.411,1.413
2983,DATA_20260210_150000.BIN,2.3986,10.3025,1.1818,10.3025,1.8260,1,3.785,6.537
2984,DATA_20260210_150000.BIN,4.2333,14.5465,2.0236,14.5465,3.4870,1,4.032,8.098
2985,DATA_20260210_150000.BIN,2.0236,14.7350,4.8240,14.7350,1.7160,1,1.942,2.797
2986,DATA_20260210_150000.BIN,4.8240,14.5458,2.4748,14.5458,6.0170,1,6.662,7.021
2987,DATA_20260210_150000.BIN,2.4748,17.5061,1.6060,17.5061,5.9290,1,3.399,4.611
2988,DATA_20260210_150000.BIN,1.6060,10.2482,2.9520,10.2482,2.1230,1,1.916,4.838
2989,DATA_20260210_150000.BIN,2.9520,22.0845,1.0298,22.0845,5.5880,1,3.604,3.967
2990,DATA_20260210_150000.BIN,4.9557,12.2767,1.6935,12.2767,2.7280,1,5.424,5.961
2991,DATA_20260210_150000.BIN,1.6935,12.7388,2.9224,12.7388,4.3560,1,2.192,2.269
2992,DATA_20260210_150000.BIN,2.9224,16.9257,8.8023,16.9257,1.8700,1,2.631,6.304
2993,DATA_20260210_150000.BIN,8.8023,14.2798,2.9621,14.2798,2.0900,1,9.488,12.082
2994,DATA_20260210_150000.BIN,15.0116,21.7349,12.0218,21.7349,3.2450,1,17.401,18.592
2995,DATA_20260210_150000.BIN,0.9360,15.7777,9.6519,15.7777,2.8930,1,2.991,3.260
2996,DATA_20260210_150000.BIN,9.6519,14.1290,1.0408,14.1290,1.4410,1,9.879,11.582
2997,DATA_20260210_150000.BIN,0.5655,12.5161,1.7831,12.5161,1.8150,1,3.380,3.380
2998,DATA_20260210_150000.BIN,2.0845,8.9135,2.4365,8.9135,1.2980,1,1.943,2.810
2999,DATA_20260210_150000.BIN,3.5696,8.5655,2.3465,8.5655,1.9360,1,5.628,6.237
3000,DATA_20260210_150000.BIN,2.3465,20.1885,5.6380,20.1885,6.9740,1,3.094,3.449
3001,DATA_20260210_150000.BIN,2.1203,13.1543,4.1194,13.1543,5.7310,1,4.095,5.035
3002,DATA_20260210_150000.BIN,5.2728,21.5735,6.2575,21.5735,4.2020,1,6.204,8.158
3003,DATA_20260210_150000.BIN,6.2575,14.9081,2.0035,14.9081,9.7900,1,6.467,8.187
3004,DATA_20260210_150000.BIN,1.4271,9.5939,1.9457,9.5939,2.5520,1,3.283,5.408
3005,DATA_20260210_150000.BIN,4.0737,19.7106,1.1064,19.7106,4.6420,1,4.047,5.846
3006,DATA_20260210_150000.BIN,1.2695,11.1526,3.2028,11.1526,2.7060,1,1.367,2.752
3007,DATA_20260210_150000.BIN,4.1349,12.6544,1.4360,12.6544,2.1230,1,4.323,4.543
3008,DATA_20260210_150000.BIN,1.4360,15.7429,2.0288,15.7429,3.4650,1,2.961,5.594
3009,DATA_20260210_150000.BIN,3.1574,18.5651,11.4977,18.5651,2.8490,1,4.043,4.582
3010,DATA_20260210_150000.BIN,0.7881,10.1441,1.3861,10.1441,0.9460,1,1.045,1.591
3011,DATA_20260210_150000.BIN,0.4634,8.6387,4.7794,8.6387,2.0680,1,0.670,0.724
3012,DATA_20260210_150000.BIN,15.3322,20.5452,14.8435,20.5452,1.2760,1,17.436,17.443
3013,DATA_20260210_150000.BIN,5.8042,15.7823,5.6662,15.7823,2.4750,1,7.287,11.156
3014,DATA_20260210_150000.BIN,1.3544,15.4393,3.9104,15.4393,4.5210,1,2.717,2.798
3015,DATA_20260210_150000.BIN,1.5457,21.0407,4.4844,21.0407,5.3680,1,2.885,6.109
3016,DATA_20260210_150000.BIN,4.4844,21.6962,12.3979,21.6962,2.2220,1,5.174,7.340
3017,DATA_20260210_150000.BIN,12.3979,18.5012,10.0450,18.5012,1.2100,1,12.824,13.841
3018,DATA_20260210_150000.BIN,2.8601,13.6908,4.6567,13.6908,2.4640,1,2.569,3.201
3019,DATA_20260210_150000.BIN,4.6567,10.2256,2.0263,10.2256,2.2440,1,3.599,5.111
3020,DATA_20260210_150000.BIN,2.0263,28.5747,24.1396,28.5747,3.4540,1,3.870,6.290
3021,DATA_20260210_150000.BIN,24.1396,30.0378,9.0446,30.0378,1.6720,1,31.298,31.301
3022,DATA_20260210_150000.BIN,9.0446,17.1509,1.6833,17.1509,3.7400,1,10.064,10.893
3023,DATA_20260210_150000.BIN,1.6833,9.7423,0.4995,9.7423,1.9580,1,2.795,3.607
3024,DATA_20260210_150000.BIN,0.4995,18.6591,8.1487,18.6591,2.9480,1,1.078,1.092
3025,DATA_20260210_150000.BIN,5.1127,11.0516,0.6604,11.0516,3.8390,1,4.518,4.652
3026,DATA_20260210_150000.BIN,0.6604,15.8518,3.0661,15.8518,2.2440,1,1.155,2.427
3027,DATA_20260210_150000.BIN,3.0661,15.6895,10.4226,15.6895,2.0680,1,3.195,4.063
3028,DATA_20260210_150000.BIN,3.4504,10.6461,4.7575,10.6461,3.7510,1,5.407,6.783
3029,DATA_20260210_150000.BIN,4.7575,12.1212,1.6145,12.1212,2.8490,1,5.199,6.727
3030,DATA_20260210_150000.BIN,11.1369,15.1270,7.8908,15.1270,2.4530,1,13.530,13.532
3031,DATA_20260210_150000.BIN,7.8908,13.0593,6.2225,13.0593,1.3750,1,8.351,8.495
3032,DATA_20260210_150000.BIN,6.2225,20.0363,10.2780,20.0363,5.6650,1,5.789,6.038
3033,DATA_20260210_150000.BIN,10.2780,15.7930,8.6588,15.7930,1.5950,1,10.551,10.608
3034,DATA_20260210_150000.BIN,8.6588,16.7868,12.6621,16.7868,2.1560,1,7.088,7.142
3035,DATA_20260210_150000.BIN,10.6194,16.4780,5.2441,16.4780,4.0260,1,8.644,8.853
3036,DATA_20260210_150000.BIN,10.5922,18.6322,1.9543,18.6322,2.4530,1,8.127,8.193
3037,DATA_20260210_150000.BIN,3.7516,9.9564,0.7452,9.9564,1.8370,1,2.722,4.528
3038,DATA_20260210_150000.BIN,0.7452,14.4378,3.9225,14.4378,3.1570,1,5.869,6.316
3039,DATA_20260210_150000.BIN,3.9225,8.5318,2.0631,8.5318,1.4630,1,6.174,8.081
3040,DATA_20260210_150000.BIN,2.0631,8.1967,2.4697,8.1967,1.5510,1,1.968,1.972
3041,DATA_20260210_150000.BIN,2.4697,10.2663,3.6861,10.2663,1.3970,1,2.308,4.251
3042,DATA_20260210_150000.BIN,1.5307,13.2751,3.0971,13.2751,1.6610,1,2.504,4.724
3043,DATA_20260210_150000.BIN,3.0971,13.1201,1.8774,13.1201,1.0780,1,6.760,6.794
3044,DATA_20260210_150000.BIN,1.8774,11.8698,3.0287,11.8698,1.4960,1,2.014,5.200
3045,DATA_20260210_150000.BIN,3.0287,10.8996,3.4194,10.8996,3.3770,1,6.169,6.278
3046,DATA_20260210_150000.BIN,3.4194,50.5151,43.0228,50.5151,4.6750,1,3.285,3.435
3047,DATA_20260210_150000.BIN,43.0228,49.8171,9.0068,49.8171,1.6500,1,125.233,125.359
3048,DATA_20260210_150000.BIN,9.0068,43.3279,5.9064,43.3279,3.4870,1,13.032,13.198
3049,DATA_20260210_150000.BIN,5.9064,20.1686,2.7548,20.1686,3.3440,1,11.598,11.682
3050,DATA_20260210_150000.BIN,2.7548,11.2850,1.9568,11.2850,1.4850,1,9.530,9.640
3051,DATA_20260210_150000.BIN,1.9568,10.0714,1.8859,10.0714,1.9030,1,8.639,9.160
3052,DATA_20260210_150000.BIN,2.8829,8.1141,2.5794,8.1141,2.7830,1,9.676,10.531
3053,DATA_20260210_150000.BIN,2.5794,9.4806,0.7933,9.4806,2.6620,1,3.752,3.778
3054,DATA_20260210_150000.BIN,0.7933,11.2587,1.6639,11.2587,3.5750,1,6.182,6.960
3055,DATA_20260210_150000.BIN,1.6639,10.9072,2.9079,10.9072,1.6170,1,3.729,3.841
3056,DATA_20260210_150000.BIN,2.9079,11.5690,1.6872,11.5690,1.4960,1,6.917,6.979
3057,DATA_20260210_150000.BIN,1.6872,27.8183,15.6712,27.8183,1.7710,1,3.503,3.554
3058,DATA_20260210_150000.BIN,15.6712,29.5500,15.8306,29.5500,1.3420,1,15.592,18.252
3059,DATA_20260210_150000.BIN,15.8306,30.0044,14.5520,30.0044,0.8580,1,13.592,16.342
3060,DATA_20260210_150000.BIN,14.5520,28.0963,8.9984,28.0963,2.5190,1,10.387,10.389
3061,DATA_20260210_150000.BIN,8.9984,28.5186,15.2408,28.5186,5.7860,1,10.385,11.638
3062,DATA_20260210_150000.BIN,15.2408,29.9996,17.2880,29.9996,1.4740,1,11.426,13.074
3063,DATA_20260210_150000.BIN,18.4739,33.5445,1.2560,33.5445,4.0370,1,13.384,16.921
3064,DATA_20260210_150000.BIN,1.2560,8.4134,0.8490,8.4134,1.4630,1,10.017,10.398
3065,DATA_20260210_150000.BIN,0.8490,21.8989,3.3277,21.8989,3.6300,1,9.375,9.767
3066,DATA_20260210_150000.BIN,3.3277,23.9541,0.5107,23.9541,4.9170,1,8.164,10.412
3067,DATA_20260210_150000.BIN,7.4906,18.7114,3.1995,18.7114,2.1560,1,4.037,5.916
3068,DATA_20260210_150000.BIN,3.1995,13.6746,1.1624,13.6746,1.1660,1,5.665,10.557
3069,DATA_20260210_150000.BIN,1.1624,17.5141,2.9416,17.5141,1.8260,1,6.350,12.605
3070,DATA_20260210_150000.BIN,2.9416,17.9677,4.9396,17.9677,2.3870,1,4.475,5.656
3071,DATA_20260210_150000.BIN,4.9396,50.6003,44.9052,50.6003,4.4660,1,6.319,13.575
3072,DATA_20260210_150000.BIN,44.9052,50.5182,40.1171,50.5182,9.5810,1,116.269,119.067
3073,DATA_20260210_150000.BIN,31.0785,50.5776,6.6339,50.5776,4.3890,1,27.000,27.330
3074,DATA_20260210_150000.BIN,6.6339,21.2996,2.7873,21.2996,1.6940,1,13.725,14.374
3075,DATA_20260210_150000.BIN,2.5047,7.6251,3.4468,7.6251,1.1550,1,15.769,15.851
3076,DATA_20260210_150000.BIN,3.3044,10.4134,5.3701,10.4134,3.5970,1,11.144,11.991
3077,DATA_20260210_150000.BIN,5.3701,13.4066,6.1241,13.4066,1.0780,1,7.919,7.922
3078,DATA_20260210_150000.BIN,6.1241,25.2703,11.6776,25.2703,3.7840,1,6.857,7.058
3079,DATA_20260210_150000.BIN,11.6776,50.3626,4.1282,50.3626,4.2570,1,2.058,2.178
3080,DATA_20260210_150000.BIN,4.1282,14.7267,8.8490,14.7267,2.0130,1,14.323,18.300
3081,DATA_20260210_150000.BIN,8.8490,50.8322,7.5664,50.8322,3.5750,1,10.977,13.962
3082,DATA_20260210_150000.BIN,7.5664,19.9865,3.2131,19.9865,1.3310,1,19.096,19.114
3083,DATA_20260210_150000.BIN,3.2131,38.9024,11.1163,38.9024,6.9520,1,8.964,10.107
3084,DATA_20260210_150000.BIN,11.1163,32.8168,1.8618,32.8168,3.1350,1,16.791,20.501
3085,DATA_20260210_150000.BIN,1.8618,27.9040,0.9988,27.9040,2.0680,1,7.608,9.034
3086,DATA_20260210_150000.BIN,0.9988,18.2763,4.3606,18.2763,1.4410,1,6.430,8.864
3087,DATA_20260210_150000.BIN,4.3606,39.8687,3.2608,39.8687,7.8210,1,10.711,10.869
3088,DATA_20260210_150000.BIN,3.2608,19.5509,2.6314,19.5509,4.2900,1,8.447,9.039
3089,DATA_20260210_150000.BIN,2.6314,21.8580,13.0444,21.8580,1.1990,1,5.831,7.919
3090,DATA_20260210_150000.BIN,13.0444,35.9449,5.9299,35.9449,7.1720,1,14.612,19.149
3091,DATA_20260210_150000.BIN,5.9299,16.6545,1.1139,16.6545,2.0020,1,7.472,7.890
3092,DATA_20260210_150000.BIN,1.1139,50.6220,28.7513,50.6220,3.0910,1,4.817,4.823
3093,DATA_20260210_150000.BIN,28.7513,50.7066,2.5869,50.7066,3.1790,1,146.746,148.088
3094,DATA_20260210_150000.BIN,2.5869,24.3358,19.3501,24.3358,3.2340,1,18.725,18.725
3095,DATA_20260210_150000.BIN,29.8079,50.1257,11.0771,50.1257,7.9530,1,131.403,131.454
3096,DATA_20260210_150000.BIN,11.0771,24.8086,4.4989,24.8086,1.7930,1,14.902,17.632
3097,DATA_20260210_150000.BIN,4.4989,15.7033,2.4915,15.7033,4.2240,1,30.667,30.697
3098,DATA_20260210_150000.BIN,2.4915,25.7271,1.1067,25.7271,5.0050,1,20.156,20.453
3099,DATA_20260210_150000.BIN,1.1067,11.8696,1.7062,11.8696,6.9520,1,21.999,23.027
3100,DATA_20260210_150000.BIN,1.7062,20.1710,4.6798,20.1710,3.7290,1,17.840,19.303
3101,DATA_20260210_150000.BIN,4.6798,16.6595,2.7531,16.6595,1.9360,1,17.697,17.697
3102,DATA_20260210_150000.BIN,2.7531,18.7583,7.7147,18.7583,2.1340,1,17.920,22.468
3103,DATA_20260210_150000.BIN,7.7147,19.1041,6.1046,19.1041,3.0690,1,20.345,21.908
3104,DATA_20260210_150000.BIN,6.1046,22.4346,5.3832,22.4346,5.2690,1,18.465,18.624
3105,DATA_20260210_150000.BIN,5.3832,21.5342,4.2069,21.5342,2.1340,1,15.682,15.835
3106,DATA_20260210_150000.BIN,4.2069,14.1411,2.2396,14.1411,1.2320,1,12.337,12.880
3107,DATA_20260210_150000.BIN,2.2396,50.8473,6.6113,50.8473,5.2580,1,5.440,5.467
3108,DATA_20260210_150000.BIN,6.6113,13.7227,0.5417,13.7227,1.1990,1,3.873,4.107
3109,DATA_20260210_150000.BIN,0.5417,18.6337,4.9909,18.6337,1.4410,1,6.551,6.552
3110,DATA_20260210_150000.BIN,4.9909,14.6233,4.9997,14.6233,1.3530,1,9.915,9.988
3111,DATA_20260210_150000.BIN,1.7263,15.9156,0.9576,15.9156,4.7190,1,5.641,5.805
3112,DATA_20260210_150000.BIN,0.9576,14.3288,3.1048,14.3288,3.4320,1,4.833,5.000
3113,DATA_20260210_150000.BIN,3.1048,11.5395,3.0342,11.5395,2.0680,1,4.408,6.148
3114,DATA_20260210_150000.BIN,3.0342,15.4942,3.0086,15.4942,1.8370,1,7.366,7.515
3115,DATA_20260210_150000.BIN,3.0086,38.0750,1.3519,38.0750,5.0270,1,1.827,1.974
3116,DATA_20260210_150000.BIN,1.3519,19.1448,4.9454,19.1448,2.0350,1,4.561,5.397
3117,DATA_20260210_150000.BIN,4.9454,14.0611,2.9316,14.0611,2.6840,1,6.770,7.518
3118,DATA_20260210_150000.BIN,2.9316,12.5702,0.6787,12.5702,1.6720,1,1.186,4.340
3119,DATA_20260210_150000.BIN,0.6787,14.6156,1.2100,14.6156,1.9140,1,3.226,4.471
3120,DATA_20260210_150000.BIN,1.2100,11.1190,3.7276,11.1190,3.1680,1,1.400,6.987
3121,DATA_20260210_150000.BIN,3.7276,10.7723,2.8690,10.7723,1.4630,1,5.879,5.938
3122,DATA_20260210_150000.BIN,2.8690,12.4142,2.6337,12.4142,3.3990,1,4.714,5.028
3123,DATA_20260210_150000.BIN,10.7056,31.7754,25.9798,31.7754,4.5980,1,13.067,13.664
3124,DATA_20260210_150000.BIN,25.9798,34.3962,9.0847,34.3962,4.4110,1,30.478,33.837
3125,DATA_20260210_150000.BIN,9.0847,18.3360,7.3374,18.3360,2.1890,1,8.649,9.114
3126,DATA_20260210_150000.BIN,7.3374,14.0973,7.1961,14.0973,2.5740,1,9.812,14.116
3127,DATA_20260210_150000.BIN,7.1961,13.7021,3.8895,13.7021,1.9140,1,4.682,4.793
3128,DATA_20260210_150000.BIN,3.8895,13.8272,2.5969,13.8272,0.9240,1,2.530,2.940
3129,DATA_20260210_150000.BIN,2.5969,20.0447,1.5077,20.0447,4.0920,1,3.908,5.414
3130,DATA_20260210_150000.BIN,1.5077,17.5229,4.3526,17.5229,1.5290,1,5.517,6.112
3131,DATA_20260210_150000.BIN,6.0178,48.9547,19.6707,48.9547,8.0190,1,3.731,3.984
3132,DATA_20260210_150000.BIN,19.6707,29.7810,4.0371,29.7810,1.5180,1,20.684,20.720
3133,DATA_20260210_150000.BIN,4.0371,16.6415,5.2614,16.6415,1.8810,1,1.774,5.422
3134,DATA_20260210_150000.BIN,5.2614,9.6572,5.3394,9.6572,1.8590,1,1.997,5.505
3135,DATA_20260210_150000.BIN,5.3394,12.8083,5.2822,12.8083,1.0560,1,2.209,3.392
3136,DATA_20260210_150000.BIN,5.2822,17.6993,1.8286,17.6993,2.6730,1,5.136,5.429
3137,DATA_20260210_150000.BIN,1.8286,10.9952,1.6561,10.9952,3.5530,1,5.188,5.955
3138,DATA_20260210_150000.BIN,1.6561,17.1688,3.6116,17.1688,1.3420,1,3.182,3.182
3139,DATA_20260210_150000.BIN,3.6116,13.9360,2.6403,13.9360,1.4960,1,5.367,7.243
3140,DATA_20260210_150000.BIN,2.6403,21.5500,2.2859,21.5500,3.7620,1,5.654,6.524
3141,DATA_20260210_150000.BIN,2.2859,13.3121,2.9071,13.3121,2.8270,1,6.140,6.880
3142,DATA_20260210_150000.BIN,2.9071,14.0073,2.9909,14.0073,1.9800,1,5.435,9.778
3143,DATA_20260210_150000.BIN,2.9909,19.0223,13.5175,19.0223,2.6840,1,5.638,6.307
3144,DATA_20260210_150000.BIN,8.0158,15.1541,2.9872,15.1541,1.8480,1,8.754,8.771
3145,DATA_20260210_150000.BIN,2.9872,14.2073,5.5492,14.2073,2.2440,1,1.709,1.750
3146,DATA_20260210_150000.BIN,5.5492,13.3135,1.3610,13.3135,1.8920,1,7.397,8.336
3147,DATA_20260210_150000.BIN,1.3610,12.7812,3.9129,12.7812,1.6060,1,2.907,3.551
3148,DATA_20260210_150000.BIN,5.3522,19.3337,9.9106,19.3337,3.2450,1,6.084,7.997
3149,DATA_20260210_150000.BIN,9.9106,14.8595,10.8057,14.8595,1.8590,1,10.264,12.240
3150,DATA_20260210_150000.BIN,10.8057,15.1983,10.9541,15.1983,3.3550,1,10.996,12.689
3151,DATA_20260210_160000.BIN,5.4940,17.8471,3.1852,17.8471,7.8870,1,5.198,7.169
3152,DATA_20260210_160000.BIN,3.1852,15.3205,2.7684,15.3205,1.6720,1,2.608,4.306
3153,DATA_20260210_160000.BIN,4.0927,15.6538,2.5243,15.6538,2.9260,1,3.494,6.302
3154,DATA_20260210_160000.BIN,2.5243,16.4981,7.8332,16.4981,4.1470,1,4.620,5.195
3155,DATA_20260210_160000.BIN,7.8332,16.4089,6.0940,16.4089,7.4140,1,12.776,12.780
3156,DATA_20260210_160000.BIN,6.0940,14.6096,3.2221,14.6096,3.0140,1,9.168,9.226
3157,DATA_20260210_160000.BIN,3.2221,22.5630,3.1084,22.5630,4.4110,1,4.221,4.521
3158,DATA_20260210_160000.BIN,3.1084,18.7961,8.0120,18.7961,3.2780,1,5.467,6.209
3159,DATA_20260210_160000.BIN,8.0120,24.9202,6.0596,24.9202,7.4470,1,11.398,12.333
3160,DATA_20260210_160000.BIN,4.1522,24.1230,8.1333,24.1230,5.5440,1,5.687,6.341
3161,DATA_20260210_160000.BIN,10.6859,18.7395,4.1678,18.7395,7.3260,1,12.319,13.398
3162,DATA_20260210_160000.BIN,3.8759,17.9739,9.2000,17.9739,1.8260,1,5.029,6.199
3163,DATA_20260210_160000.BIN,6.8010,19.6873,3.9369,19.6873,7.6560,1,9.106,9.424
3164,DATA_20260210_160000.BIN,2.0971,16.1530,2.6139,16.1530,3.4540,1,2.207,2.271
3165,DATA_20260210_160000.BIN,2.6139,22.0488,9.4045,22.0488,4.9280,1,2.845,3.360
3166,DATA_20260210_160000.BIN,6.0970,16.6947,2.3474,16.6947,2.9590,1,6.537,6.538
3167,DATA_20260210_160000.BIN,2.3474,13.9487,4.8498,13.9487,8.3050,1,2.294,3.072
3168,DATA_20260210_160000.BIN,4.8498,11.2674,1.7631,11.2674,3.8940,1,6.196,6.790
3169,DATA_20260210_160000.BIN,1.7631,54.4834,3.4063,54.4834,7.0400,1,1.408,1.901
3170,DATA_20260210_160000.BIN,3.4063,16.7583,7.9937,16.7583,1.8810,1,4.399,6.447
3171,DATA_20260210_160000.BIN,7.9937,17.7477,3.9050,17.7477,4.2130,1,8.910,8.916
3172,DATA_20260210_160000.BIN,2.9997,14.9508,4.9276,14.9508,1.5730,1,4.738,5.182
3173,DATA_20260210_160000.BIN,9.1046,20.1564,5.3164,20.1564,6.4460,1,11.244,11.334
3174,DATA_20260210_160000.BIN,5.3164,14.8559,0.6653,14.8559,1.3640,1,6.059,6.079
3175,DATA_20260210_160000.BIN,0.6653,16.2967,5.2639,16.2967,8.6130,1,0.672,1.570
3176,DATA_20260210_160000.BIN,5.2639,20.7284,3.4462,20.7284,4.3120,1,5.191,8.224
3177,DATA_20260210_160000.BIN,2.4771,23.4895,4.0690,23.4895,3.8280,1,3.773,4.721
3178,DATA_20260210_160000.BIN,4.0690,13.6639,1.5342,13.6639,3.2890,1,5.670,7.787
3179,DATA_20260210_160000.BIN,1.5342,19.5942,4.2895,19.5942,4.6090,1,1.644,1.706
3180,DATA_20260210_160000.BIN,4.2895,14.3518,1.6944,14.3518,1.3640,1,4.935,7.933
3181,DATA_20260210_160000.BIN,1.6944,12.4628,7.7372,12.4628,4.9390,1,1.809,5.449
3182,DATA_20260210_160000.BIN,2.5863,10.9218,1.5009,10.9218,1.2100,1,2.692,3.226
3183,DATA_20260210_160000.BIN,1.5009,15.3968,2.0391,15.3968,4.4550,1,1.669,6.017
3184,DATA_20260210_160000.BIN,2.0391,21.6836,13.8517,21.6836,5.6870,1,2.692,5.249
3185,DATA_20260210_160000.BIN,2.5104,17.3572,11.3120,17.3572,5.0490,1,2.356,4.618
3186,DATA_20260210_160000.BIN,11.3120,29.0393,11.7954,29.0393,7.2490,1,13.577,14.504
3187,DATA_20260210_160000.BIN,11.7954,20.7627,8.5319,20.7627,1.8810,1,13.014,13.158
3188,DATA_20260210_160000.BIN,3.3713,22.5170,1.4350,22.5170,7.4030,1,3.166,5.177
3189,DATA_20260210_160000.BIN,1.4350,25.4206,5.9480,25.4206,4.9610,1,1.443,2.500
3190,DATA_20260210_160000.BIN,5.6269,15.2216,4.8746,15.2216,2.4970,1,7.530,9.030
3191,DATA_20260210_160000.BIN,4.8746,13.6187,1.9810,13.6187,3.0030,1,6.273,7.000
3192,DATA_20260210_160000.BIN,6.4470,19.3949,2.8104,19.3949,2.3650,1,7.167,7.196
3193,DATA_20260210_160000.BIN,2.8104,44.9265,7.9012,44.9265,3.1020,1,1.335,3.464
3194,DATA_20260210_160000.BIN,7.9012,26.0351,1.8279,26.0351,1.9250,1,9.989,11.377
3195,DATA_20260210_160000.BIN,3.3310,31.3003,2.3987,31.3003,2.6070,1,4.745,4.886
3196,DATA_20260210_160000.BIN,2.3987,14.4058,6.2247,14.4058,2.6290,1,2.110,5.133
3197,DATA_20260210_160000.BIN,6.2247,14.8388,4.4401,14.8388,3.4100,1,5.945,6.060
3198,DATA_20260210_160000.BIN,4.9725,42.4313,0.8822,42.4313,2.9260,1,5.498,6.917
3199,DATA_20260210_160000.BIN,6.2112,21.6997,0.6387,21.6997,1.5840,1,5.602,5.977
3200,DATA_20260210_160000.BIN,0.6387,11.2442,1.4912,11.2442,2.3540,1,1.691,2.952
3201,DATA_20260210_160000.BIN,1.4912,53.3502,10.6089,53.3502,8.0850,1,2.111,4.058
3202,DATA_20260210_160000.BIN,5.3134,15.7691,3.4078,15.7691,1.6390,1,6.811,7.000
3203,DATA_20260210_160000.BIN,3.4078,53.2674,46.3256,53.2674,4.7190,1,4.793,4.793
3204,DATA_20260210_160000.BIN,46.3256,54.4177,35.3414,54.4177,7.8100,1,64.522,64.807
3205,DATA_20260210_160000.BIN,35.3414,54.5103,29.4143,54.5103,2.6620,1,39.038,39.297
3206,DATA_20260210_160000.BIN,29.4143,54.1005,1.5966,54.1005,5.5110,1,26.209,26.531
3207,DATA_20260210_160000.BIN,1.5966,51.8174,5.4926,51.8174,5.4560,1,9.795,9.827
3208,DATA_20260210_160000.BIN,4.1959,12.7780,5.6696,12.7780,5.9180,1,12.669,13.456
3209,DATA_20260210_160000.BIN,5.6696,17.0413,2.8976,17.0413,5.8520,1,14.222,14.341
3210,DATA_20260210_160000.BIN,5.8573,29.5954,0.8387,29.5954,4.6640,1,14.917,15.064
3211,DATA_20260210_160000.BIN,0.8387,11.5565,1.2515,11.5565,7.1280,1,7.072,7.295
3212,DATA_20260210_160000.BIN,1.2515,47.4238,7.1940,47.4238,5.6540,1,7.326,7.327
3213,DATA_20260210_160000.BIN,7.1940,21.8960,2.2167,21.8960,4.5540,1,5.989,7.678
3214,DATA_20260210_160000.BIN,2.2167,15.5546,1.1036,15.5546,2.7500,1,7.777,7.922
3215,DATA_20260210_160000.BIN,4.5345,19.6170,3.0162,19.6170,2.1780,1,9.438,9.534
3216,DATA_20260210_160000.BIN,3.0162,51.3975,4.0844,51.3975,5.4010,1,4.177,4.471
3217,DATA_20260210_160000.BIN,4.0844,17.9504,8.7959,17.9504,9.2070,1,3.634,5.252
3218,DATA_20260210_160000.BIN,1.4799,51.8516,1.2363,51.8516,3.5530,1,2.697,5.312
3219,DATA_20260210_160000.BIN,1.2363,15.7410,3.9089,15.7410,1.4410,1,3.938,4.314
3220,DATA_20260210_160000.BIN,3.9089,23.1567,8.8218,23.1567,1.4300,1,7.058,7.164
3221,DATA_20260210_160000.BIN,8.8218,53.4734,3.3697,53.4734,4.6970,1,8.523,8.977
3222,DATA_20260210_160000.BIN,3.3697,18.7273,9.5563,18.7273,5.9620,1,4.130,4.406
3223,DATA_20260210_160000.BIN,9.5563,18.0205,2.0387,18.0205,3.3770,1,9.419,11.500
3224,DATA_20260210_160000.BIN,2.0387,15.3250,1.8364,15.3250,5.3460,1,2.851,3.593
3225,DATA_20260210_160000.BIN,1.8364,15.3513,7.5908,15.3513,5.8740,1,3.926,5.295
3226,DATA_20260210_160000.BIN,7.5908,16.8382,5.5201,16.8382,2.0240,1,8.622,8.656
3227,DATA_20260210_160000.BIN,5.5201,14.7112,4.1769,14.7112,2.2770,1,5.347,5.545
3228,DATA_20260210_160000.BIN,5.5027,14.5508,6.3415,14.5508,5.0050,1,3.205,6.173
3229,DATA_20260210_160000.BIN,6.3415,16.6700,6.5272,16.6700,2.4310,1,5.617,6.451
3230,DATA_20260210_160000.BIN,1.3193,16.9182,2.4318,16.9182,8.4590,1,3.437,3.554
3231,DATA_20260210_160000.BIN,2.4318,10.8964,0.2247,10.8964,3.4210,1,4.148,5.917
3232,DATA_20260210_160000.BIN,0.2247,54.3182,2.5197,54.3182,8.8880,1,2.864,5.890
3233,DATA_20260210_160000.BIN,2.5197,13.5211,1.0013,13.5211,3.3660,1,1.203,5.984
3234,DATA_20260210_160000.BIN,2.9143,12.2814,1.7917,12.2814,2.2330,1,5.522,8.694
3235,DATA_20260210_160000.BIN,1.7917,20.4936,6.7630,20.4936,1.7600,1,3.103,3.780
3236,DATA_20260210_160000.BIN,6.7630,17.6348,6.0076,17.6348,2.1670,1,6.010,8.399
3237,DATA_20260210_160000.BIN,6.0076,16.9269,5.0787,16.9269,1.3970,1,9.262,9.561
3238,DATA_20260210_160000.BIN,5.0787,16.5265,2.2677,16.5265,5.1810,1,5.127,7.658
3239,DATA_20260210_160000.BIN,2.2677,20.9677,6.2999,20.9677,1.5840,1,2.685,3.671
3240,DATA_20260210_160000.BIN,6.2999,19.5602,2.7662,19.5602,8.2280,1,6.865,7.010
3241,DATA_20260210_160000.BIN,2.7662,10.9324,2.1190,10.9324,4.8510,1,1.765,1.814
3242,DATA_20260210_160000.BIN,2.1190,12.0839,2.5919,12.0839,6.0940,1,2.824,2.834
3243,DATA_20260210_160000.BIN,2.5919,14.2820,3.3541,14.2820,5.2580,1,2.505,3.511
3244,DATA_20260210_160000.BIN,3.3541,15.1742,2.6328,15.1742,1.6170,1,3.782,4.128
3245,DATA_20260210_160000.BIN,2.6328,25.4309,3.0536,25.4309,3.9600,1,2.756,2.843
3246,DATA_20260210_160000.BIN,5.9947,12.8782,3.5659,12.8782,3.4980,1,6.501,7.148
3247,DATA_20260210_160000.BIN,4.6482,20.7925,8.1442,20.7925,3.7730,1,5.569,6.448
3248,DATA_20260210_160000.BIN,8.1442,15.0184,1.0788,15.0184,5.7640,1,8.791,9.933
3249,DATA_20260210_160000.BIN,1.0788,24.7789,0.6043,24.7789,9.2290,1,1.696,4.651
3250,DATA_20260210_160000.BIN,0.6043,20.8008,0.8860,20.8008,5.5440,1,2.534,4.107
3251,DATA_20260210_160000.BIN,0.8860,9.9492,3.3484,9.9492,6.2370,1,1.641,1.788
3252,DATA_20260210_160000.BIN,2.4767,19.9201,5.7762,19.9201,1.3640,1,4.282,4.311
3253,DATA_20260210_160000.BIN,5.7762,16.5870,5.5310,16.5870,1.5620,1,5.689,6.937
3254,DATA_20260210_160000.BIN,3.1658,14.4648,3.2497,14.4648,3.8940,1,2.158,2.370
3255,DATA_20260210_160000.BIN,3.2497,13.9403,1.8645,13.9403,4.9720,1,3.996,4.417
3256,DATA_20260210_160000.BIN,1.8645,19.9993,2.1499,19.9993,8.2280,1,1.673,2.565
3257,DATA_20260210_160000.BIN,2.1499,13.9476,4.4491,13.9476,2.3320,1,1.953,1.964
3258,DATA_20260210_160000.BIN,4.4491,14.2811,4.3957,14.2811,1.2430,1,5.786,5.916
3259,DATA_20260210_160000.BIN,4.3957,18.0292,7.2284,18.0292,2.0790,1,5.285,5.424
3260,DATA_20260210_160000.BIN,7.2284,19.7411,6.8345,19.7411,3.7180,1,7.105,8.761
3261,DATA_20260210_160000.BIN,6.8345,16.4563,5.8203,16.4563,2.9370,1,6.037,6.421
3262,DATA_20260210_160000.BIN,2.3171,17.2869,6.5349,17.2869,6.0390,1,0.184,3.157
3263,DATA_20260210_160000.BIN,6.5349,18.5740,7.1017,18.5740,4.4110,1,5.192,6.520
3264,DATA_20260210_160000.BIN,7.1017,15.9979,6.8927,15.9979,1.8590,1,5.266,5.341
3265,DATA_20260210_160000.BIN,6.8927,27.9212,8.2555,27.9212,5.9290,1,5.812,9.071
3266,DATA_20260210_160000.BIN,3.5347,13.4036,1.0629,13.4036,4.3450,1,3.343,3.455
3267,DATA_20260210_160000.BIN,1.0629,19.4478,3.4674,19.4478,3.0360,1,2.599,8.343
3268,DATA_20260210_160000.BIN,3.4674,53.9862,43.8782,53.9862,3.1460,1,5.756,8.158
3269,DATA_20260210_160000.BIN,43.8782,54.0700,3.7757,54.0700,2.3320,1,136.239,137.465
3270,DATA_20260210_160000.BIN,1.0687,13.6660,0.2274,13.6660,5.1810,1,10.431,10.453
3271,DATA_20260210_160000.BIN,2.4592,13.6100,1.3254,13.6100,2.8600,1,9.708,9.750
3272,DATA_20260210_160000.BIN,1.3254,18.6631,3.1962,18.6631,3.5310,1,7.190,7.199
3273,DATA_20260210_160000.BIN,3.6717,27.2147,4.5331,27.2147,4.3230,1,3.778,5.277
3274,DATA_20260210_160000.BIN,4.5331,12.9637,5.5412,12.9637,2.2880,1,12.543,17.991
3275,DATA_20260210_160000.BIN,4.8578,20.9710,6.8505,20.9710,9.7460,1,11.364,11.378
3276,DATA_20260210_160000.BIN,6.8505,16.8423,6.3312,16.8423,3.3990,1,12.917,13.017
3277,DATA_20260210_160000.BIN,6.3312,20.3079,10.6319,20.3079,2.0240,1,11.388,15.248
3278,DATA_20260210_160000.BIN,10.6319,17.5012,4.1693,17.5012,4.5210,1,15.428,15.766
3279,DATA_20260210_160000.BIN,4.1693,16.4575,1.3536,16.4575,1.5180,1,3.511,7.321
3280,DATA_20260210_160000.BIN,5.6853,52.7641,9.6852,52.7641,4.5650,1,7.120,7.571
3281,DATA_20260210_160000.BIN,9.6852,17.7681,4.2533,17.7681,2.8820,1,12.733,13.277
3282,DATA_20260210_160000.BIN,1.3538,16.1351,2.9674,16.1351,2.4420,1,1.345,1.351
3283,DATA_20260210_160000.BIN,4.4003,28.2450,1.0230,28.2450,5.0710,1,4.061,5.972
3284,DATA_20260210_160000.BIN,1.0230,21.1593,2.8312,21.1593,3.8610,1,2.141,2.570
3285,DATA_20260210_160000.BIN,2.8312,14.7819,3.8158,14.7819,1.5070,1,1.858,7.251
3286,DATA_20260210_160000.BIN,3.8158,15.7519,6.4805,15.7519,2.4860,1,4.071,4.315
3287,DATA_20260210_160000.BIN,6.4805,16.1247,9.6606,16.1247,3.1240,1,8.498,8.918
3288,DATA_20260210_160000.BIN,9.6606,19.5285,1.3700,19.5285,6.5670,1,11.183,15.180
3289,DATA_20260210_160000.BIN,6.4323,24.2263,7.4954,24.2263,6.2370,1,6.814,9.390
3290,DATA_20260210_160000.BIN,5.6097,14.9285,3.0642,14.9285,5.4340,1,5.353,5.375
3291,DATA_20260210_160000.BIN,3.0642,21.2384,3.1863,21.2384,3.0250,1,4.864,4.916
3292,DATA_20260210_160000.BIN,3.1863,15.1956,0.5107,15.1956,2.7940,1,2.943,2.945
3293,DATA_20260210_160000.BIN,0.5107,15.5541,5.0224,15.5541,3.8170,1,2.092,5.646
3294,DATA_20260210_160000.BIN,3.0140,40.5263,8.8069,40.5263,3.0140,1,4.138,4.255
3295,DATA_20260210_160000.BIN,7.8821,19.1197,8.4771,19.1197,1.2980,1,7.574,8.117
3296,DATA_20260210_160000.BIN,0.4039,11.5748,4.0125,11.5748,4.3560,1,2.508,4.345
3297,DATA_20260210_160000.BIN,4.0125,15.7206,5.6985,15.7206,5.7310,1,3.334,3.449
3298,DATA_20260210_160000.BIN,5.6985,19.5822,3.7258,19.5822,3.5750,1,4.551,4.658
3299,DATA_20260210_160000.BIN,4.2210,15.1882,3.2919,15.1882,1.5070,1,5.581,7.101
3300,DATA_20260210_160000.BIN,3.2919,20.0855,4.0189,20.0855,3.6960,1,3.897,4.904
3301,DATA_20260210_160000.BIN,4.0189,15.9324,7.0167,15.9324,2.9590,1,3.280,3.682
3302,DATA_20260210_160000.BIN,7.0167,19.9588,6.7709,19.9588,4.6860,1,6.295,6.410
3303,DATA_20260210_160000.BIN,6.1415,22.2437,2.2723,22.2437,2.5630,1,4.964,8.198
3304,DATA_20260210_160000.BIN,7.8546,54.0652,3.4847,54.0652,5.4230,1,11.409,12.431
3305,DATA_20260210_160000.BIN,3.4847,16.4168,3.7793,16.4168,2.2440,1,1.741,1.963
3306,DATA_20260210_160000.BIN,3.7793,13.5063,5.2302,13.5063,3.9490,1,3.330,3.971
3307,DATA_20260210_160000.BIN,5.2302,19.0646,2.5272,19.0646,5.5220,1,4.321,5.032
3308,DATA_20260210_160000.BIN,2.5272,38.1316,26.4192,38.1316,4.0040,1,5.518,5.559
3309,DATA_20260210_160000.BIN,26.4192,53.2590,1.8359,53.2590,5.2910,1,33.825,34.292
3310,DATA_20260210_160000.BIN,1.8359,14.1297,5.0993,14.1297,1.5400,1,3.165,3.413
3311,DATA_20260210_160000.BIN,5.9423,15.9513,5.1512,15.9513,2.2220,1,6.862,8.545
3312,DATA_20260210_160000.BIN,4.8813,45.9329,2.9323,45.9329,4.5100,1,4.737,5.089
3313,DATA_20260210_160000.BIN,2.9323,19.5015,1.1376,19.5015,2.1010,1,4.468,4.514
3314,DATA_20260210_160000.BIN,8.4061,17.4291,2.7657,17.4291,1.9470,1,10.612,10.613
3315,DATA_20260210_160000.BIN,2.7657,14.0707,2.6917,14.0707,2.8380,1,3.094,6.299
3316,DATA_20260210_160000.BIN,2.6917,21.4929,6.1324,21.4929,6.9190,1,3.081,5.522
3317,DATA_20260210_160000.BIN,6.1324,13.1132,2.8802,13.1132,1.9360,1,6.409,10.037
3318,DATA_20260210_160000.BIN,2.6307,22.9951,6.9310,22.9951,7.4910,1,4.367,5.446
3319,DATA_20260210_160000.BIN,6.9310,15.9668,0.9436,15.9668,2.0460,1,7.764,9.360
3320,DATA_20260210_160000.BIN,0.9436,13.6763,2.9547,13.6763,2.9920,1,2.060,2.063
3321,DATA_20260210_160000.BIN,2.8587,17.4076,0.7038,17.4076,1.7160,1,2.919,4.664
3322,DATA_20260210_160000.BIN,4.3875,11.6200,2.9227,11.6200,1.7600,1,5.392,9.529
3323,DATA_20260210_160000.BIN,4.7476,30.9933,5.0807,30.9933,2.7610,1,5.081,6.434
3324,DATA_20260210_160000.BIN,5.0807,20.6685,5.5769,20.6685,5.5110,1,5.126,7.393
3325,DATA_20260210_160000.BIN,5.5769,21.5318,12.8809,21.5318,5.1480,1,5.237,5.379
3326,DATA_20260210_160000.BIN,5.8727,25.7113,5.8368,25.7113,3.7840,1,7.562,8.829
3327,DATA_20260210_160000.BIN,3.4555,16.0585,1.5843,16.0585,2.5740,1,2.749,4.137
3328,DATA_20260210_160000.BIN,1.5843,39.4636,9.1636,39.4636,5.1040,1,0.406,3.636
3329,DATA_20260210_160000.BIN,9.1636,18.6290,2.1306,18.6290,4.3670,1,9.228,9.982
3330,DATA_20260210_160000.BIN,2.1306,18.0095,3.9986,18.0095,2.3760,1,2.105,2.301
3331,DATA_20260210_160000.BIN,3.9986,43.3364,10.5315,43.3364,2.5080,1,2.678,3.724
3332,DATA_20260210_160000.BIN,3.7802,29.4559,3.7145,29.4559,2.1230,1,6.420,7.191
3333,DATA_20260210_160000.BIN,3.7145,14.7486,1.7582,14.7486,1.9800,1,4.102,4.152
3334,DATA_20260210_160000.BIN,1.7582,18.0423,2.6914,18.0423,3.1790,1,3.079,7.790
3335,DATA_20260210_160000.BIN,2.6914,25.7245,4.3902,25.7245,5.5000,1,1.404,2.299
3336,DATA_20260210_160000.BIN,2.1249,15.1325,1.4021,15.1325,6.1930,1,3.616,4.935
3337,DATA_20260210_160000.BIN,3.7672,17.9757,4.2026,17.9757,3.3000,1,2.890,2.890
3338,DATA_20260210_160000.BIN,4.2026,13.9626,2.0258,13.9626,3.5310,1,6.275,6.569
3339,DATA_20260210_160000.BIN,3.3154,16.6177,4.5254,16.6177,3.3110,1,2.564,3.404
3340,DATA_20260210_160000.BIN,0.7118,15.1047,1.7917,15.1047,2.1450,1,1.071,2.645
3341,DATA_20260210_160000.BIN,6.3187,18.3468,7.8425,18.3468,1.4300,1,6.722,6.725
3342,DATA_20260210_160000.BIN,7.8425,17.9871,3.0037,17.9871,2.7170,1,7.455,7.986
3343,DATA_20260210_160000.BIN,3.0037,21.1988,12.6576,21.1988,2.6950,1,5.800,5.948
3344,DATA_20260210_160000.BIN,12.6576,54.4584,6.0890,54.4584,3.6740,1,15.231,15.530
3345,DATA_20260210_160000.BIN,6.0890,32.0800,3.2938,32.0800,2.8050,1,8.347,10.348
3346,DATA_20260210_160000.BIN,2.4774,18.0163,5.0131,18.0163,1.2870,1,4.028,5.248
3347,DATA_20260210_160000.BIN,4.1847,53.8808,3.2166,53.8808,5.6210,1,4.135,4.302
3348,DATA_20260210_160000.BIN,3.2166,13.5209,3.2068,13.5209,1.1770,1,4.818,4.819
3349,DATA_20260210_160000.BIN,3.2068,19.7077,4.9122,19.7077,1.7930,1,3.604,3.643
3350,DATA_20260210_160000.BIN,3.3309,15.3214,3.5050,15.3214,3.4760,1,3.115,5.013
3351,DATA_20260210_160000.BIN,3.5050,13.4402,3.4692,13.4402,2.0130,1,4.871,4.937
3352,DATA_20260210_160000.BIN,3.4096,38.2096,4.6443,38.2096,3.6740,1,3.391,6.885
3353,DATA_20260210_160000.BIN,4.6443,18.2181,5.9490,18.2181,2.7500,1,5.514,6.557
3354,DATA_20260210_160000.BIN,5.9490,17.4219,1.6795,17.4219,5.4450,1,6.892,7.242
3355,DATA_20260210_160000.BIN,1.6795,22.6584,5.7262,22.6584,8.9540,1,1.052,3.159
3356,DATA_20260210_160000.BIN,3.3318,22.3161,2.8586,22.3161,1.5620,1,3.607,4.479
3357,DATA_20260210_160000.BIN,2.8586,24.6664,4.1162,24.6664,3.6630,1,2.243,2.244
3358,DATA_20260210_160000.BIN,4.5829,13.8139,3.1533,13.8139,1.2210,1,4.014,4.217
3359,DATA_20260210_160000.BIN,3.1533,18.3910,7.5004,18.3910,4.3670,1,3.369,3.639
3360,DATA_20260210_160000.BIN,7.5004,20.1684,2.1698,20.1684,1.3310,1,7.183,7.276
3361,DATA_20260210_160000.BIN,2.1698,54.1878,35.9566,54.1878,2.4640,1,3.312,3.628
3362,DATA_20260210_160000.BIN,35.9566,54.1229,18.8009,54.1229,2.3870,1,145.555,154.957
3363,DATA_20260210_160000.BIN,18.8009,54.5209,2.3447,54.5209,4.4880,1,26.501,28.239
3364,DATA_20260210_160000.BIN,2.3447,37.1050,2.2967,37.1050,4.2460,1,13.740,14.539
3365,DATA_20260210_160000.BIN,2.2967,17.8030,3.9068,17.8030,1.4080,1,10.319,10.331
3366,DATA_20260210_160000.BIN,2.0648,13.3386,5.9949,13.3386,7.4910,1,9.650,9.867
3367,DATA_20260210_160000.BIN,2.8251,19.1260,12.7583,19.1260,7.7330,1,8.671,9.208
3368,DATA_20260210_160000.BIN,1.4915,18.7651,4.6386,18.7651,5.4780,1,9.565,9.665
3369,DATA_20260210_160000.BIN,4.6386,12.3997,5.3565,12.3997,9.6800,1,6.202,6.210
3370,DATA_20260210_160000.BIN,0.8732,14.1714,2.6266,14.1714,2.9260,1,6.856,7.033
3371,DATA_20260210_160000.BIN,2.6266,10.7846,4.3508,10.7846,2.7060,1,9.024,9.693
3372,DATA_20260210_160000.BIN,4.3508,13.9969,5.4443,13.9969,9.3500,1,2.308,2.346
3373,DATA_20260210_160000.BIN,7.3380,19.3797,12.7601,19.3797,2.3210,1,4.355,5.023
3374,DATA_20260210_160000.BIN,1.3161,23.6177,8.3182,23.6177,4.7300,1,3.927,6.625
3375,DATA_20260210_160000.BIN,1.5001,14.0545,3.1883,14.0545,2.6620,1,3.804,3.915
3376,DATA_20260210_160000.BIN,3.1883,18.2098,1.4389,18.2098,3.5090,1,8.356,9.555
3377,DATA_20260210_160000.BIN,1.4389,9.2578,0.7716,9.2578,8.3930,1,2.165,2.165
3378,DATA_20260210_160000.BIN,0.7716,8.5949,0.5664,8.5949,2.8930,1,4.424,5.223
3379,DATA_20260210_160000.BIN,0.5664,21.9904,1.0057,21.9904,9.9000,1,3.523,4.348
3380,DATA_20260210_160000.BIN,1.0057,14.5154,1.3860,14.5154,3.9930,1,2.258,2.306
3381,DATA_20260210_160000.BIN,2.2998,11.8558,1.0054,11.8558,1.9910,1,2.897,4.315
3382,DATA_20260210_160000.BIN,1.0065,53.8852,4.7444,53.8852,4.1470,1,3.489,3.762
3383,DATA_20260210_160000.BIN,4.7444,15.9925,3.9158,15.9925,7.1830,1,7.166,10.650
3384,DATA_20260210_160000.BIN,3.9158,15.9352,8.0783,15.9352,8.4150,1,3.207,6.469
3385,DATA_20260210_160000.BIN,5.9662,13.4807,0.8966,13.4807,6.8860,1,5.289,8.153
3386,DATA_20260210_160000.BIN,5.8847,14.1989,2.4509,14.1989,3.9160,1,4.633,6.339
3387,DATA_20260210_160000.BIN,1.3363,10.3272,2.9103,10.3272,2.9810,1,3.749,4.401
3388,DATA_20260210_160000.BIN,1.2255,13.0016,1.6211,13.0016,4.1140,1,0.921,1.496
3389,DATA_20260210_160000.BIN,1.6211,39.4635,4.2072,39.4635,5.1590,1,0.467,0.497
3390,DATA_20260210_160000.BIN,4.2072,11.2260,0.4612,11.2260,3.8500,1,5.619,7.371
3391,DATA_20260210_160000.BIN,0.9579,14.3669,3.5531,14.3669,7.2050,1,0.681,4.680
3392,DATA_20260210_160000.BIN,3.5531,17.5355,3.5229,17.5355,4.1140,1,4.348,4.353
3393,DATA_20260210_160000.BIN,5.4467,18.8831,2.6502,18.8831,3.3990,1,8.013,8.013
3394,DATA_20260210_160000.BIN,2.6502,52.3663,39.7968,52.3663,5.0380,1,3.801,3.801
3395,DATA_20260210_160000.BIN,39.7968,53.4657,0.8293,53.4657,7.6890,1,50.248,52.782
3396,DATA_20260210_160000.BIN,0.8293,18.7806,3.2133,18.7806,1.4520,1,4.467,6.346
3397,DATA_20260210_160000.BIN,3.2133,20.0564,3.2779,20.0564,1.4410,1,8.527,8.601
3398,DATA_20260210_160000.BIN,3.2779,17.0340,6.1063,17.0340,1.6390,1,7.873,7.903
3399,DATA_20260210_160000.BIN,6.1063,18.1491,6.3505,18.1491,1.5950,1,10.458,10.466
3400,DATA_20260210_160000.BIN,6.3505,20.0883,3.6497,20.0883,3.6300,1,9.677,9.683
3401,DATA_20260210_160000.BIN,9.1947,19.2977,7.1485,19.2977,3.8940,1,9.545,11.097
3402,DATA_20260210_160000.BIN,2.3679,17.8991,1.2110,17.8991,2.6290,1,5.009,5.013
3403,DATA_20260210_160000.BIN,0.6581,13.7725,1.7356,13.7725,5.4560,1,1.597,2.000
3404,DATA_20260210_160000.BIN,1.7356,14.6175,2.1026,14.6175,3.3660,1,0.330,1.172
3405,DATA_20260210_160000.BIN,2.5747,17.9432,5.8740,17.9432,7.7440,1,3.704,8.648
3406,DATA_20260210_160000.BIN,3.9378,14.0483,0.5734,14.0483,2.6950,1,4.568,5.525
3407,DATA_20260210_160000.BIN,0.6501,18.5848,3.5296,18.5848,1.8150,1,0.966,2.284
3408,DATA_20260210_160000.BIN,1.1685,42.2605,1.6508,42.2605,7.0730,1,0.235,1.122
3409,DATA_20260210_160000.BIN,10.4655,18.9531,9.9530,18.9531,1.9140,1,13.356,13.375
3410,DATA_20260210_160000.BIN,9.9530,19.1410,7.8606,19.1410,1.4190,1,11.085,11.534
3411,DATA_20260210_160000.BIN,7.8606,19.5539,7.4553,19.5539,1.3200,1,7.576,7.764
3412,DATA_20260210_160000.BIN,7.4553,19.0184,6.3814,19.0184,1.3640,1,6.548,6.881
3413,DATA_20260210_160000.BIN,6.3814,16.4984,0.9947,16.4984,1.7710,1,5.863,6.001
3414,DATA_20260210_160000.BIN,0.7836,15.5233,6.3307,15.5233,3.5200,1,2.925,2.928
3415,DATA_20260210_160000.BIN,6.3307,12.1853,2.2321,12.1853,3.8170,1,5.458,6.001
3416,DATA_20260210_160000.BIN,2.9402,20.7571,6.1767,20.7571,1.2650,1,6.506,8.057
3417,DATA_20260210_160000.BIN,5.4335,20.6427,5.7504,20.6427,4.5430,1,4.069,4.941
3418,DATA_20260210_160000.BIN,11.3870,20.1267,7.1853,20.1267,1.3860,1,10.972,11.340
3419,DATA_20260210_160000.BIN,6.2061,15.8219,8.1240,15.8219,8.2500,1,3.584,3.593
3420,DATA_20260210_160000.BIN,8.1240,29.4858,19.0316,29.4858,4.9940,1,5.901,7.614
3421,DATA_20260210_160000.BIN,1.1931,14.1723,2.4466,14.1723,3.2340,1,5.712,5.917
3422,DATA_20260210_160000.BIN,1.0315,10.1909,2.4358,10.1909,3.2230,1,4.027,4.027
3423,DATA_20260210_160000.BIN,2.4358,15.4659,6.7546,15.4659,4.5100,1,1.565,4.200
3424,DATA_20260210_160000.BIN,6.7546,18.9895,0.9442,18.9895,4.8400,1,5.190,5.722
3425,DATA_20260210_160000.BIN,0.9442,49.5062,5.3682,49.5062,3.9490,1,3.176,5.226
3426,DATA_20260210_160000.BIN,5.3682,15.3258,1.1974,15.3258,2.1230,1,5.764,8.046
3427,DATA_20260210_160000.BIN,1.1974,31.1118,5.8841,31.1118,2.7170,1,4.686,6.639
3428,DATA_20260210_160000.BIN,10.7560,23.4093,7.9160,23.4093,1.2760,1,12.973,13.100
3429,DATA_20260210_160000.BIN,7.9160,27.2322,11.7929,27.2322,1.4850,1,6.226,6.839
3430,DATA_20260210_160000.BIN,11.8556,19.4797,7.6647,19.4797,1.1990,1,11.431,11.490
3431,DATA_20260210_160000.BIN,7.6647,21.5978,1.5544,21.5978,2.2990,1,4.576,4.768
3432,DATA_20260210_160000.BIN,1.5544,26.3662,7.7942,26.3662,2.9260,1,6.277,7.120
3433,DATA_20260210_160000.BIN,1.4815,19.6264,5.1477,19.6264,2.9260,1,5.551,5.564
3434,DATA_20260210_160000.BIN,14.2123,22.4587,14.2974,22.4587,5.6650,1,13.369,13.773
3435,DATA_20260210_160000.BIN,3.2517,9.8854,3.0039,9.8854,3.2010,1,6.320,7.639
3436,DATA_20260210_160000.BIN,3.0039,24.7581,1.8562,24.7581,5.7090,1,0.843,4.935
3437,DATA_20260210_160000.BIN,2.6247,17.8090,3.4171,17.8090,1.7820,1,3.312,3.397
3438,DATA_20260210_160000.BIN,3.4171,13.6763,2.7495,13.6763,3.6080,1,5.083,5.431
3439,DATA_20260210_160000.BIN,2.7495,19.3605,5.4464,19.3605,2.0570,1,6.339,6.702
3440,DATA_20260210_160000.BIN,5.4464,30.8142,6.4283,30.8142,1.8810,1,6.413,6.464
3441,DATA_20260210_160000.BIN,6.4283,26.2553,1.9333,26.2553,7.2160,1,5.252,7.478
3442,DATA_20260210_160000.BIN,1.9333,15.9740,7.7947,15.9740,1.9690,1,1.144,1.583
3443,DATA_20260210_160000.BIN,3.1435,13.1540,5.9279,13.1540,4.8290,1,1.924,1.951
3444,DATA_20260210_160000.BIN,5.9279,14.8668,4.9349,14.8668,2.9260,1,4.385,4.510
3445,DATA_20260210_160000.BIN,4.9349,52.8741,2.3059,52.8741,6.5780,1,4.758,5.121
3446,DATA_20260210_160000.BIN,2.3059,41.9298,2.4406,41.9298,4.8840,1,6.591,11.085
3447,DATA_20260210_160000.BIN,2.4406,50.0468,15.4652,50.0468,2.2880,1,5.704,5.712
3448,DATA_20260210_160000.BIN,15.4652,53.8731,39.5181,53.8731,2.2220,1,20.667,21.642
3449,DATA_20260210_160000.BIN,39.5181,53.7910,26.6709,53.7910,2.2990,1,140.059,148.095
3450,DATA_20260210_160000.BIN,26.6709,52.2123,13.1041,52.2123,1.7710,1,24.254,25.431
3451,DATA_20260210_160000.BIN,6.7871,30.8969,15.0704,30.8969,1.1110,1,9.999,10.895
3452,DATA_20260210_160000.BIN,15.0704,28.0028,9.8074,28.0028,2.7280,1,22.634,24.379
3453,DATA_20260210_160000.BIN,9.8074,50.8133,4.7970,50.8133,2.6290,1,18.738,20.727
3454,DATA_20260210_160000.BIN,4.7970,21.1943,2.6819,21.1943,2.7500,1,15.184,15.360
3455,DATA_20260210_160000.BIN,2.6819,14.5601,5.8020,14.5601,2.1560,1,13.014,13.015
3456,DATA_20260210_160000.BIN,5.8020,51.6247,7.4145,51.6247,3.0250,1,15.182,15.190
3457,DATA_20260210_160000.BIN,7.6570,34.6313,10.0382,34.6313,3.2120,1,14.169,18.706
3458,DATA_20260210_170000.BIN,2.0796,11.2790,0.9059,11.2790,1.0010,1,58.973,59.035
3459,DATA_20260210_170000.BIN,0.9059,11.2764,2.6603,11.2764,3.1570,1,119.822,120.097
3460,DATA_20260210_170000.BIN,2.6603,17.4909,8.2777,17.4909,6.5340,1,40.953,43.216
3461,DATA_20260210_170000.BIN,8.2777,15.4021,8.9738,15.4021,5.6980,1,54.956,55.057
3462,DATA_20260210_170000.BIN,2.0599,18.0817,1.1844,18.0817,3.5530,1,24.476,25.894
3463,DATA_20260210_170000.BIN,1.1844,5.5137,0.5939,5.5137,2.3870,1,25.419,25.588
3464,DATA_20260210_170000.BIN,0.5939,9.2729,0.4728,9.2729,5.5220,1,23.437,26.928
3465,DATA_20260210_170000.BIN,1.8128,7.7432,1.1019,7.7432,4.7740,1,22.859,23.114
3466,DATA_20260210_170000.BIN,0.5746,19.1700,1.0600,19.1700,2.6620,1,20.213,22.401
3467,DATA_20260210_170000.BIN,2.2915,7.7302,3.0255,7.7302,1.9250,1,14.430,15.097
3468,DATA_20260210_170000.BIN,4.6181,12.0632,3.6946,12.0632,1.5290,1,15.358,15.413
3469,DATA_20260210_170000.BIN,3.6946,10.3975,1.3438,10.3975,5.4560,1,79.198,79.205
3470,DATA_20260210_170000.BIN,1.2400,12.9040,0.1080,12.9040,5.3130,1,6.586,8.189
3471,DATA_20260210_180000.BIN,26.4014,33.8980,22.6000,33.8980,4.4660,1,15.795,26.292
3472,DATA_20260210_180000.BIN,17.9742,34.3762,19.0066,34.3762,6.8970,1,4.759,23.179
3473,DATA_20260210_180000.BIN,2.1073,22.4127,4.2543,22.4127,2.3540,1,19.244,22.312
3474,DATA_20260210_180000.BIN,4.2543,20.4256,11.0910,20.4256,1.8480,1,14.567,15.529
3475,DATA_20260210_180000.BIN,11.0910,22.4336,10.8661,22.4336,2.8490,1,14.192,14.887
3476,DATA_20260210_180000.BIN,21.6830,30.0944,21.0325,30.0944,5.5220,1,12.643,22.889
3477,DATA_20260210_180000.BIN,3.1414,13.5702,0.6437,13.5702,2.9810,1,10.573,15.028
3478,DATA_20260210_180000.BIN,15.8176,21.8614,2.0661,21.8614,3.0470,1,8.482,20.264
3479,DATA_20260210_180000.BIN,2.0661,24.4431,3.3743,24.4431,3.5530,1,13.979,16.323
3480,DATA_20260210_180000.BIN,3.3743,12.9756,3.2709,12.9756,4.8400,1,11.718,13.108
3481,DATA_20260210_180000.BIN,3.2709,13.0352,2.3700,13.0352,2.5410,1,9.333,9.464
3482,DATA_20260210_180000.BIN,3.2139,10.3887,3.4176,10.3887,1.2210,1,12.080,13.487
3483,DATA_20260210_180000.BIN,1.8067,14.5349,4.0928,14.5349,1.6500,1,10.986,11.082
3484,DATA_20260210_180000.BIN,4.4914,16.8297,4.6137,16.8297,1.5950,1,12.887,13.607
3485,DATA_20260210_180000.BIN,3.2354,13.7013,1.7351,13.7013,5.0050,1,6.698,8.914
3486,DATA_20260210_180000.BIN,1.0630,13.0365,1.6134,13.0365,4.5980,1,5.677,7.842
3487,DATA_20260210_180000.BIN,1.6134,9.3473,1.3262,9.3473,8.5140,1,7.743,8.073
3488,DATA_20260210_180000.BIN,1.6244,9.8113,2.9367,9.8113,2.3980,1,3.618,10.525
3489,DATA_20260210_180000.BIN,1.2132,11.1107,1.2771,11.1107,2.6290,1,3.294,7.315
3490,DATA_20260210_180000.BIN,1.2771,15.1707,2.5377,15.1707,3.1240,1,3.109,7.404
3491,DATA_20260210_180000.BIN,2.5377,30.2461,17.4334,30.2461,2.9700,1,5.520,6.802
3492,DATA_20260210_180000.BIN,17.4334,39.4981,25.3455,39.4981,3.8280,1,22.785,22.941
3493,DATA_20260210_180000.BIN,25.3455,33.2357,7.4273,33.2357,3.1240,1,32.282,33.208
3494,DATA_20260210_180000.BIN,11.0435,40.7419,2.3562,40.7419,8.0080,1,11.134,11.852
3495,DATA_20260210_180000.BIN,2.4868,17.3034,5.9251,17.3034,2.0790,1,4.997,5.190
3496,DATA_20260210_180000.BIN,5.9251,19.0276,6.2672,19.0276,2.0570,1,11.719,11.774
3497,DATA_20260210_180000.BIN,5.0019,10.5211,0.4876,10.5211,3.5200,1,7.073,8.182
3498,DATA_20260210_180000.BIN,0.4876,18.2126,5.0609,18.2126,3.1790,1,3.111,3.111
3499,DATA_20260210_180000.BIN,5.0609,14.9317,0.6135,14.9317,3.2120,1,5.074,5.203
3500,DATA_20260210_180000.BIN,1.8939,20.6197,6.3686,20.6197,7.4800,1,2.661,4.306
3501,DATA_20260210_180000.BIN,6.3686,16.0037,7.7093,16.0037,2.3980,1,5.546,5.584
3502,DATA_20260210_180000.BIN,4.8627,13.4085,0.9338,13.4085,3.3990,1,7.547,10.024
3503,DATA_20260210_180000.BIN,0.4140,9.4387,1.3560,9.4387,6.0610,1,0.670,5.574
3504,DATA_20260210_180000.BIN,1.3560,9.6346,4.4992,9.6346,4.7080,1,0.799,4.675
3505,DATA_20260210_180000.BIN,4.4992,13.3042,4.1641,13.3042,1.8040,1,6.295,8.972
3506,DATA_20260210_180000.BIN,4.7758,19.5459,3.0098,19.5459,2.0020,1,6.011,6.482
3507,DATA_20260210_180000.BIN,2.2216,17.4957,1.8932,17.4957,3.8940,1,3.439,3.965
3508,DATA_20260210_180000.BIN,1.8932,12.4462,5.1388,12.4462,3.0470,1,3.363,4.788
3509,DATA_20260210_180000.BIN,0.6296,13.0000,2.7327,13.0000,2.6730,1,1.828,1.950
3510,DATA_20260210_180000.BIN,10.2165,19.2774,1.1682,19.2774,3.9380,1,13.040,13.072
3511,DATA_20260210_180000.BIN,1.1682,18.8816,1.1695,18.8816,6.3140,1,1.995,4.443
3512,DATA_20260210_180000.BIN,1.1695,10.5256,0.8850,10.5256,9.0200,1,1.787,1.897
3513,DATA_20260210_180000.BIN,0.8850,8.9404,0.4484,8.9404,6.6220,1,0.803,1.751
3514,DATA_20260210_180000.BIN,0.4484,16.5008,7.2524,16.5008,3.8830,1,0.523,1.188
3515,DATA_20260210_180000.BIN,4.1466,12.8471,1.2548,12.8471,5.6760,1,5.442,6.300
3516,DATA_20260210_180000.BIN,1.2548,10.7536,0.3074,10.7536,4.2240,1,0.816,1.815
3517,DATA_20260210_180000.BIN,0.3074,12.5402,1.1252,12.5402,4.7300,1,0.577,0.578
3518,DATA_20260210_180000.BIN,0.7321,10.2970,4.3048,10.2970,9.0750,1,1.965,4.034
3519,DATA_20260210_180000.BIN,3.0342,17.6265,2.0710,17.6265,5.9290,1,3.853,3.912
3520,DATA_20260210_180000.BIN,2.0710,9.8342,0.6474,9.8342,4.5760,1,3.051,3.379
3521,DATA_20260210_180000.BIN,4.1389,17.3996,4.2432,17.3996,3.8610,1,5.215,5.352
3522,DATA_20260210_180000.BIN,4.2432,14.7065,0.6682,14.7065,5.8300,1,6.375,9.376
3523,DATA_20260210_180000.BIN,2.1965,17.8490,2.3746,17.8490,6.7320,1,3.082,4.540
3524,DATA_20260210_180000.BIN,2.3746,14.9714,2.1376,14.9714,3.3220,1,3.390,7.267
3525,DATA_20260210_180000.BIN,2.1376,14.3874,1.0540,14.3874,2.5080,1,2.453,3.177
3526,DATA_20260210_180000.BIN,3.4944,13.9023,1.1436,13.9023,1.5070,1,1.558,7.833
3527,DATA_20260210_180000.BIN,1.1436,11.5821,2.4869,11.5821,1.3750,1,1.021,2.744
3528,DATA_20260210_180000.BIN,4.1870,13.4148,1.8485,13.4148,2.8600,1,4.974,6.969
3529,DATA_20260210_180000.BIN,1.8485,14.9151,3.5595,14.9151,1.4080,1,2.348,5.413
3530,DATA_20260210_180000.BIN,3.5595,11.2513,2.3989,11.2513,2.4200,1,4.326,5.395
3531,DATA_20260210_180000.BIN,2.3989,35.6198,7.3661,35.6198,3.8830,1,2.973,3.320
3532,DATA_20260210_180000.BIN,7.3661,40.4940,6.7649,40.4940,1.8700,1,9.329,9.547
3533,DATA_20260210_180000.BIN,6.7649,26.7215,13.0225,26.7215,2.3870,1,12.576,17.745
3534,DATA_20260210_180000.BIN,13.0225,22.2438,10.3293,22.2438,1.4520,1,16.241,16.682
3535,DATA_20260210_190000.BIN,2.0630,8.1637,1.5947,8.1637,2.7060,1,59.989,62.603
3536,DATA_20260210_190000.BIN,1.5947,8.6009,0.9981,8.6009,3.3880,1,54.998,57.266
3537,DATA_20260210_190000.BIN,0.3974,6.2987,1.6683,6.2987,2.9700,1,51.881,55.373
3538,DATA_20260210_190000.BIN,1.6683,10.5760,1.8619,10.5760,4.3780,1,44.403,47.904
3539,DATA_20260210_190000.BIN,2.4606,6.3296,0.9494,6.3296,3.5970,1,41.552,44.232
3540,DATA_20260210_190000.BIN,0.9494,9.8591,2.8055,9.8591,7.8650,1,36.987,38.983
3541,DATA_20260210_190000.BIN,2.8055,21.4913,9.5101,21.4913,2.6840,1,30.085,31.131
3542,DATA_20260210_190000.BIN,8.4762,11.3433,5.9197,11.3433,3.6740,1,29.265,41.061
3543,DATA_20260210_190000.BIN,5.9197,11.9503,4.4343,11.9503,2.1340,1,27.610,29.521
3544,DATA_20260210_190000.BIN,6.0305,12.1111,4.5793,12.1111,1.1330,1,33.371,34.965
3545,DATA_20260210_190000.BIN,4.5793,11.7538,3.0395,11.7538,6.3140,1,35.803,35.805
3546,DATA_20260210_190000.BIN,3.0395,11.8027,2.0027,11.8027,4.5760,1,13.713,14.018
