cycle_idx,source_file,p0_r,p3_r,p7_r,amplitude,duration_s,validated,tilt_deg,q_error_deg
0,DATA_20260205_072528.BIN,3.3403,24.1054,6.7492,24.1054,1.4080,1,9.748,9.811
1,DATA_20260205_072528.BIN,9.3950,26.9292,4.5519,26.9292,2.9920,1,3.484,5.638
2,DATA_20260205_072528.BIN,4.5519,35.4236,0.8167,35.4236,9.7460,1,15.848,17.384
3,DATA_20260205_072528.BIN,29.4774,58.3720,12.1220,58.3720,5.8850,1,23.370,23.907
4,DATA_20260205_072528.BIN,12.1220,32.0015,7.6579,32.0015,2.4750,1,21.331,21.503
5,DATA_20260205_072528.BIN,7.6579,37.6166,6.4458,37.6166,1.6940,1,15.355,16.378
6,DATA_20260205_072528.BIN,6.4458,38.2139,2.4925,38.2139,3.0800,1,3.465,4.398
7,DATA_20260205_072528.BIN,2.4925,33.2617,4.5469,33.2617,6.3580,1,12.623,12.879
8,DATA_20260205_072528.BIN,2.5942,15.3440,3.6660,15.3440,2.9700,1,8.038,8.149
9,DATA_20260205_072528.BIN,3.6660,41.3590,1.5811,41.3590,7.5680,1,10.885,11.354
10,DATA_20260205_072528.BIN,1.5811,23.0641,0.7245,23.0641,3.2450,1,6.265,8.487
11,DATA_20260205_072528.BIN,0.7245,26.4038,5.5452,26.4038,5.8190,1,6.419,7.427
12,DATA_20260205_072528.BIN,5.5452,26.0074,4.1669,26.0074,3.0470,1,10.873,10.874
13,DATA_20260205_072528.BIN,3.6457,23.7918,6.4959,23.7918,3.7730,1,8.265,9.224
14,DATA_20260205_072528.BIN,6.4959,29.7934,4.8065,29.7934,8.8440,1,2.926,4.568
15,DATA_20260205_072528.BIN,4.8065,26.6349,2.7499,26.6349,9.0750,1,10.390,15.349
16,DATA_20260205_072528.BIN,9.2045,19.8772,3.8385,19.8772,3.1240,1,15.206,15.251
17,DATA_20260205_072528.BIN,3.8385,21.4221,3.2444,21.4221,2.6070,1,7.289,8.341
18,DATA_20260205_072528.BIN,1.2423,12.5348,1.4828,12.5348,4.4770,1,2.435,2.585
19,DATA_20260205_072528.BIN,2.3784,48.7834,1.5678,48.7834,8.8990,1,4.354,4.501
20,DATA_20260205_072528.BIN,1.5678,21.7133,2.4541,21.7133,1.6720,1,3.117,4.293
21,DATA_20260205_072528.BIN,2.4541,23.1016,1.8029,23.1016,9.4820,1,2.083,4.781
22,DATA_20260205_072528.BIN,6.9237,19.4145,7.5948,19.4145,1.9250,1,7.492,7.674
23,DATA_20260205_072528.BIN,7.5948,25.9784,12.3874,25.9784,4.1580,1,7.401,9.031
24,DATA_20260205_072528.BIN,12.3874,24.2742,6.0479,24.2742,5.1700,1,12.330,12.330
25,DATA_20260205_072528.BIN,6.0479,25.4022,10.7985,25.4022,8.1950,1,4.289,4.447
26,DATA_20260205_072528.BIN,28.1276,38.6576,24.2624,38.6576,5.8190,1,42.950,43.209
27,DATA_20260205_072528.BIN,24.2624,38.6803,20.5271,38.6803,5.7200,1,32.114,32.601
28,DATA_20260205_072528.BIN,7.1892,25.6512,5.7336,25.6512,7.0180,1,10.059,11.394
29,DATA_20260205_072528.BIN,3.3948,35.0802,10.5916,35.0802,7.6230,1,4.770,4.778
30,DATA_20260205_072528.BIN,10.5916,48.9568,3.3615,48.9568,9.3610,1,15.812,16.025
31,DATA_20260205_072528.BIN,3.1001,23.2943,6.8281,23.2943,5.1480,1,5.857,7.673
32,DATA_20260205_072528.BIN,6.8281,23.4069,4.7633,23.4069,6.4900,1,9.679,9.771
33,DATA_20260205_072528.BIN,4.7633,36.3161,2.3264,36.3161,2.1670,1,7.069,9.373
34,DATA_20260205_072528.BIN,2.3264,26.0798,3.3717,26.0798,3.6740,1,3.285,3.588
35,DATA_20260205_072528.BIN,8.7239,37.7363,3.5273,37.7363,2.9370,1,10.584,14.062
36,DATA_20260205_072528.BIN,3.5273,19.7744,1.7367,19.7744,4.7630,1,3.603,4.618
37,DATA_20260205_072528.BIN,1.7367,20.5057,4.0420,20.5057,9.0860,1,0.874,11.360
38,DATA_20260205_072528.BIN,4.0420,23.7111,0.5124,23.7111,4.7190,1,6.792,11.661
39,DATA_20260205_072528.BIN,0.5124,17.2153,2.8732,17.2153,4.5650,1,1.974,5.359
40,DATA_20260205_072528.BIN,2.8732,28.3060,8.0953,28.3060,4.5430,1,4.304,6.938
41,DATA_20260205_072528.BIN,17.9670,38.1042,10.8268,38.1042,5.2580,1,20.131,20.194
42,DATA_20260205_072528.BIN,10.8268,24.2913,7.3595,24.2913,2.3540,1,11.037,12.230
43,DATA_20260205_072528.BIN,7.3595,24.9869,7.6833,24.9869,3.4980,1,5.064,5.624
44,DATA_20260205_072528.BIN,7.6833,27.2364,10.0662,27.2364,4.3780,1,4.915,7.489
45,DATA_20260205_072528.BIN,2.6904,13.5063,5.1798,13.5063,3.3440,1,5.644,9.876
46,DATA_20260205_072528.BIN,22.1146,49.4019,5.6030,49.4019,5.7200,1,22.428,22.676
47,DATA_20260205_072528.BIN,5.6030,25.4186,9.5947,25.4186,1.9580,1,1.181,3.486
48,DATA_20260205_072528.BIN,9.5947,28.0409,7.0827,28.0409,2.8710,1,6.782,6.883
49,DATA_20260205_072528.BIN,7.0827,39.2242,7.8089,39.2242,2.0570,1,11.829,11.871
50,DATA_20260205_072528.BIN,7.8089,25.6145,14.0818,25.6145,2.0790,1,7.113,7.737
51,DATA_20260205_072528.BIN,2.0620,19.1373,4.7658,19.1373,1.4740,1,3.804,3.999
52,DATA_20260205_072528.BIN,4.7658,24.3177,11.7507,24.3177,1.6060,1,3.753,4.842
53,DATA_20260205_072528.BIN,11.7507,23.6390,10.3007,23.6390,2.3320,1,12.689,13.523
54,DATA_20260205_072528.BIN,10.2680,30.8923,9.2276,30.8923,5.0490,1,6.694,6.963
55,DATA_20260205_072528.BIN,13.2310,25.0550,9.2217,25.0550,1.6940,1,10.061,10.830
56,DATA_20260205_072528.BIN,9.2217,29.2491,7.0163,29.2491,3.2230,1,5.297,8.055
57,DATA_20260205_072528.BIN,7.0163,33.0934,18.4450,33.0934,4.5210,1,1.715,3.262
58,DATA_20260205_072528.BIN,12.7897,29.4446,5.4381,29.4446,6.6440,1,7.732,8.166
59,DATA_20260205_072528.BIN,5.4381,24.4358,11.0731,24.4358,1.7820,1,2.402,3.163
60,DATA_20260205_072528.BIN,11.0731,23.8680,12.8806,23.8680,2.7060,1,4.791,7.900
61,DATA_20260205_072528.BIN,12.8806,33.9623,12.7972,33.9623,3.7180,1,8.112,10.634
62,DATA_20260205_072528.BIN,12.7972,30.1469,2.5946,30.1469,3.5750,1,7.270,8.397
63,DATA_20260205_072528.BIN,2.5946,20.6209,3.8090,20.6209,5.9950,1,10.009,13.107
64,DATA_20260205_072528.BIN,3.8090,23.6643,13.1426,23.6643,5.9840,1,5.598,8.927
65,DATA_20260205_072528.BIN,13.1426,28.8406,5.5767,28.8406,4.1030,1,12.638,12.638
66,DATA_20260205_072528.BIN,5.5767,38.8453,9.2182,38.8453,4.3670,1,4.569,5.518
67,DATA_20260205_072528.BIN,9.2182,38.4585,12.5610,38.4585,2.3210,1,14.549,19.755
68,DATA_20260205_072528.BIN,12.5610,44.9605,8.7019,44.9605,7.2820,1,14.051,14.061
69,DATA_20260205_072528.BIN,5.5209,43.5948,16.0042,43.5948,5.4780,1,10.747,11.313
70,DATA_20260205_072528.BIN,16.0042,40.4233,7.6052,40.4233,3.9050,1,12.377,12.391
71,DATA_20260205_072528.BIN,2.0839,29.7619,4.2551,29.7619,2.0680,1,8.505,8.711
72,DATA_20260205_072528.BIN,4.2551,37.5892,26.2112,37.5892,2.5410,1,3.334,4.958
73,DATA_20260205_072528.BIN,8.9765,29.2582,10.2490,29.2582,3.4100,1,4.475,5.193
74,DATA_20260205_072528.BIN,10.2490,22.1574,0.1099,22.1574,4.3230,1,5.170,5.400
75,DATA_20260205_072528.BIN,5.6414,16.4361,2.0595,16.4361,3.5090,1,4.141,7.970
76,DATA_20260205_072528.BIN,2.0595,38.2622,4.5984,38.2622,2.9480,1,8.885,12.947
77,DATA_20260205_072528.BIN,4.5984,15.0043,0.9710,15.0043,3.8830,1,9.823,10.169
78,DATA_20260205_072528.BIN,0.9710,23.1357,4.5072,23.1357,4.7410,1,6.289,8.089
79,DATA_20260205_072528.BIN,6.8132,28.2040,1.9306,28.2040,9.4380,1,4.307,6.900
80,DATA_20260205_072528.BIN,6.2186,16.5418,5.0616,16.5418,3.2780,1,7.260,9.714
81,DATA_20260205_072528.BIN,10.4463,32.2820,11.5667,32.2820,4.8840,1,7.399,9.168
82,DATA_20260205_072528.BIN,4.7926,18.6141,0.6359,18.6141,2.7940,1,1.100,1.610
83,DATA_20260205_072528.BIN,4.1959,18.4913,4.0700,18.4913,6.0170,1,0.974,1.644
84,DATA_20260205_072528.BIN,1.6164,37.8895,2.9371,37.8895,5.6760,1,5.340,6.481
85,DATA_20260205_072528.BIN,2.9371,23.5042,1.6379,23.5042,3.7400,1,7.490,8.483
86,DATA_20260205_072528.BIN,3.4175,37.9967,6.4787,37.9967,4.7630,1,0.769,0.796
87,DATA_20260205_072528.BIN,6.4787,17.7771,7.3110,17.7771,2.5520,1,11.536,12.933
88,DATA_20260205_072528.BIN,4.0079,32.0556,2.4573,32.0556,7.7990,1,1.308,3.049
89,DATA_20260205_072528.BIN,2.4573,32.0001,6.2395,32.0001,7.8430,1,6.307,6.309
90,DATA_20260205_072528.BIN,8.3350,30.4336,1.0203,30.4336,4.4550,1,7.552,7.931
91,DATA_20260205_072528.BIN,1.0203,31.2062,6.2777,31.2062,8.7230,1,2.106,6.437
92,DATA_20260205_072528.BIN,4.4504,18.3975,4.2702,18.3975,2.0240,1,3.803,4.491
93,DATA_20260205_072528.BIN,4.2702,19.0650,6.1964,19.0650,4.3230,1,2.589,3.718
94,DATA_20260205_072528.BIN,6.1964,26.1945,7.5632,26.1945,5.0160,1,4.654,4.727
95,DATA_20260205_072528.BIN,2.4702,19.8144,4.4857,19.8144,3.0030,1,0.974,1.052
96,DATA_20260205_072528.BIN,4.4857,19.1380,7.1771,19.1380,1.6280,1,1.666,2.658
97,DATA_20260205_072528.BIN,7.1771,20.5152,5.5509,20.5152,3.6740,1,4.489,4.500
98,DATA_20260205_072528.BIN,5.5509,22.5385,9.0459,22.5385,3.0690,1,3.460,3.865
99,DATA_20260205_072528.BIN,8.2528,20.0004,4.4956,20.0004,4.9170,1,5.196,5.198
100,DATA_20260205_072528.BIN,4.4956,19.1374,2.0919,19.1374,3.4210,1,0.977,1.730
101,DATA_20260205_072528.BIN,2.0919,18.2829,5.2222,18.2829,6.3910,1,5.790,8.474
102,DATA_20260205_072528.BIN,3.3336,26.1846,4.8818,26.1846,4.3230,1,8.196,8.941
103,DATA_20260205_072528.BIN,4.8818,38.8218,26.6816,38.8218,6.9960,1,9.517,9.949
104,DATA_20260205_072528.BIN,26.6816,39.1996,5.5159,39.1996,3.3000,1,123.192,123.670
105,DATA_20260205_072528.BIN,5.5159,16.8655,5.2640,16.8655,4.8070,1,13.769,13.969
106,DATA_20260205_072528.BIN,5.2640,20.9598,1.6368,20.9598,2.1120,1,15.388,16.606
107,DATA_20260205_072528.BIN,5.3487,23.9496,3.6373,23.9496,3.5970,1,13.175,13.529
108,DATA_20260205_072528.BIN,3.6373,38.7844,29.5088,38.7844,8.1070,1,2.698,3.114
109,DATA_20260205_072528.BIN,29.5088,39.3184,6.1752,39.3184,4.8950,1,110.822,112.909
110,DATA_20260205_072528.BIN,2.1963,17.2982,1.9715,17.2982,2.0240,1,19.969,20.243
111,DATA_20260205_072528.BIN,1.9715,20.9664,7.6019,20.9664,5.4780,1,12.820,13.138
112,DATA_20260205_072528.BIN,7.6019,39.1980,24.9508,39.1980,6.1490,1,4.723,4.730
113,DATA_20260205_072528.BIN,2.8889,18.4298,3.5431,18.4298,3.5200,1,15.024,15.387
114,DATA_20260205_072528.BIN,3.5431,21.1985,6.4892,21.1985,1.5180,1,13.712,14.842
115,DATA_20260205_072528.BIN,4.1382,13.4835,0.5826,13.4835,4.2460,1,9.078,9.084
116,DATA_20260205_072528.BIN,0.5826,14.2874,1.5775,14.2874,3.3440,1,10.464,10.466
117,DATA_20260205_072528.BIN,1.2461,20.9800,4.6606,20.9800,2.8930,1,8.347,10.862
118,DATA_20260205_072528.BIN,9.3489,39.1048,2.6078,39.1048,7.0620,1,4.736,6.076
119,DATA_20260205_072528.BIN,2.6078,23.6551,9.7115,23.6551,2.8930,1,10.138,10.478
120,DATA_20260205_072528.BIN,9.5441,24.3174,6.7524,24.3174,1.8260,1,17.096,17.148
121,DATA_20260205_072528.BIN,6.7524,25.8859,2.0228,25.8859,4.8730,1,14.024,15.054
122,DATA_20260205_072528.BIN,2.4746,23.7251,3.2412,23.7251,6.3690,1,7.730,8.164
123,DATA_20260205_072528.BIN,3.2412,39.4278,24.6730,39.4278,7.0070,1,5.051,5.966
124,DATA_20260205_072528.BIN,24.6730,39.4998,2.5708,39.4998,2.7390,1,121.508,122.130
125,DATA_20260205_072528.BIN,2.5708,22.4309,5.5546,22.4309,3.3550,1,19.047,19.065
126,DATA_20260205_072528.BIN,5.5546,23.7307,5.3925,23.7307,6.1160,1,18.503,19.093
127,DATA_20260205_072528.BIN,5.3925,19.9516,3.1286,19.9516,8.0300,1,19.704,20.964
128,DATA_20260205_072528.BIN,3.1286,19.0742,1.7035,19.0742,3.4760,1,7.194,7.196
129,DATA_20260205_072528.BIN,1.7035,23.5008,2.3951,23.5008,3.7400,1,11.421,11.715
130,DATA_20260205_072528.BIN,2.3951,19.2512,1.7426,19.2512,4.4990,1,6.244,6.328
131,DATA_20260205_072528.BIN,10.6839,25.1231,5.4234,25.1231,5.1260,1,19.348,19.365
132,DATA_20260205_072528.BIN,5.4234,38.8940,0.3096,38.8940,2.7830,1,11.752,13.679
133,DATA_20260205_072528.BIN,0.3096,15.5643,2.1918,15.5643,2.3650,1,5.212,5.263
134,DATA_20260205_072528.BIN,2.1918,20.2908,3.3264,20.2908,2.2990,1,3.941,4.018
135,DATA_20260205_072528.BIN,3.3264,18.7026,6.2769,18.7026,3.0360,1,2.689,3.148
136,DATA_20260205_072528.BIN,6.2769,26.1500,8.1610,26.1500,4.6090,1,13.525,17.906
137,DATA_20260205_072528.BIN,4.6553,20.1081,1.6100,20.1081,7.0840,1,8.520,9.324
138,DATA_20260205_072528.BIN,1.6100,15.4963,2.2731,15.4963,2.7390,1,5.348,5.570
139,DATA_20260205_072528.BIN,2.6360,14.9647,1.2715,14.9647,7.1390,1,5.538,10.100
140,DATA_20260205_072528.BIN,1.2715,12.8515,3.0511,12.8515,5.6540,1,2.992,3.556
141,DATA_20260205_072528.BIN,7.8390,22.0014,2.7913,22.0014,4.4330,1,7.447,7.452
142,DATA_20260205_072528.BIN,2.7913,25.6171,2.0672,25.6171,3.9490,1,5.422,9.728
143,DATA_20260205_072528.BIN,2.0672,19.8667,0.7121,19.8667,2.4310,1,2.917,6.728
144,DATA_20260205_072528.BIN,0.7121,17.1256,1.8780,17.1256,1.6060,1,3.653,4.153
145,DATA_20260205_072528.BIN,1.8780,13.4795,1.4310,13.4795,4.8730,1,2.395,2.590
146,DATA_20260205_072528.BIN,3.9123,15.2588,6.3189,15.2588,2.1890,1,3.303,3.367
147,DATA_20260205_072528.BIN,6.3189,25.7315,13.8118,25.7315,7.3040,1,8.616,9.457
148,DATA_20260205_072528.BIN,13.8118,36.7744,4.8019,36.7744,3.6960,1,14.902,14.941
149,DATA_20260205_072528.BIN,4.8019,29.4397,1.5214,29.4397,3.5860,1,4.108,4.460
150,DATA_20260205_072528.BIN,1.5214,27.3226,4.2740,27.3226,2.3650,1,7.084,10.748
151,DATA_20260205_072528.BIN,4.2740,21.9741,2.2124,21.9741,2.8930,1,3.339,3.550
152,DATA_20260205_072528.BIN,2.2124,21.2526,4.0455,21.2526,2.8930,1,7.218,9.167
153,DATA_20260205_072528.BIN,4.0455,19.0036,2.3741,19.0036,5.4230,1,4.474,8.431
154,DATA_20260205_072528.BIN,0.7951,24.4026,4.1934,24.4026,7.2930,1,3.047,3.919
155,DATA_20260205_072528.BIN,4.1934,18.8108,5.2187,18.8108,5.5550,1,3.534,6.051
156,DATA_20260205_072528.BIN,5.2187,16.8973,3.0199,16.8973,1.8260,1,4.552,4.864
157,DATA_20260205_072528.BIN,2.3493,25.1192,5.0571,25.1192,5.0600,1,1.033,2.586
158,DATA_20260205_072528.BIN,5.0571,27.1783,6.3287,27.1783,3.4210,1,3.835,5.176
159,DATA_20260205_072528.BIN,6.3287,16.6789,0.7037,16.6789,3.3770,1,5.438,6.287
160,DATA_20260205_072528.BIN,0.7037,21.5178,3.1160,21.5178,3.9160,1,3.222,3.234
161,DATA_20260205_072528.BIN,3.1160,20.1479,3.1689,20.1479,2.9260,1,2.147,2.267
162,DATA_20260205_072528.BIN,3.1689,25.0218,0.5250,25.0218,2.7390,1,8.285,9.987
163,DATA_20260205_072528.BIN,1.2864,16.7509,0.5255,16.7509,1.5180,1,3.829,4.239
164,DATA_20260205_072528.BIN,0.5255,29.0000,4.6860,29.0000,8.1070,1,3.095,4.783
165,DATA_20260205_072528.BIN,4.6860,21.8989,4.5099,21.8989,2.5410,1,8.516,9.550
166,DATA_20260205_072528.BIN,8.9545,21.0147,2.9126,21.0147,3.9930,1,10.409,10.879
167,DATA_20260205_072528.BIN,4.6250,17.1345,4.1964,17.1345,4.0920,1,3.946,4.189
168,DATA_20260205_072528.BIN,4.1964,17.6567,3.6719,17.6567,2.8710,1,3.357,3.629
169,DATA_20260205_072528.BIN,3.6719,22.5646,4.2081,22.5646,4.3450,1,4.750,4.845
170,DATA_20260205_072528.BIN,4.2081,20.6314,2.0591,20.6314,2.4750,1,2.970,3.286
171,DATA_20260205_072528.BIN,10.4185,22.0628,6.1835,22.0628,2.8380,1,13.301,13.515
172,DATA_20260205_072528.BIN,6.1835,27.1587,0.1251,27.1587,4.1800,1,9.233,10.958
173,DATA_20260205_072528.BIN,30.8818,40.3959,28.2776,40.3959,7.0400,1,44.043,44.541
174,DATA_20260205_072528.BIN,28.2776,39.8694,26.5758,39.8694,3.2120,1,34.250,34.253
175,DATA_20260205_072528.BIN,26.5758,39.0487,19.3916,39.0487,5.8630,1,28.203,28.231
176,DATA_20260205_072528.BIN,19.3916,34.7304,19.3550,34.7304,3.8720,1,15.334,16.119
177,DATA_20260205_072528.BIN,2.8263,34.5117,24.2458,34.5117,3.8940,1,10.339,11.559
178,DATA_20260205_072528.BIN,24.2458,33.7701,15.3047,33.7701,4.6310,1,21.221,21.225
179,DATA_20260205_072528.BIN,15.3047,33.5381,6.0134,33.5381,3.3550,1,8.806,8.806
180,DATA_20260205_072528.BIN,6.0134,25.8550,5.5630,25.8550,2.8380,1,12.372,12.394
181,DATA_20260205_072528.BIN,5.5630,19.4559,2.6020,19.4559,3.1680,1,15.053,15.115
182,DATA_20260205_072528.BIN,2.6020,17.3912,5.3237,17.3912,2.9700,1,10.891,11.499
183,DATA_20260205_072528.BIN,5.3237,37.9691,4.2886,37.9691,3.8940,1,9.730,9.825
184,DATA_20260205_072528.BIN,4.2886,37.5444,1.9206,37.5444,3.5420,1,4.744,4.765
185,DATA_20260205_072528.BIN,1.9206,15.1486,3.8133,15.1486,4.1580,1,10.900,10.992
186,DATA_20260205_072528.BIN,3.8133,34.6052,1.5523,34.6052,5.1700,1,11.652,12.376
187,DATA_20260205_072528.BIN,1.5523,30.0074,7.8035,30.0074,4.5980,1,6.248,7.496
188,DATA_20260205_072528.BIN,7.8035,33.7418,3.1682,33.7418,4.7300,1,13.724,15.122
189,DATA_20260205_072528.BIN,3.1682,38.1866,6.8606,38.1866,5.0160,1,5.606,5.710
190,DATA_20260205_072528.BIN,6.8606,34.7333,5.4918,34.7333,7.2380,1,3.732,3.757
191,DATA_20260205_072528.BIN,5.4918,21.8860,2.6774,21.8860,1.9030,1,4.066,4.110
192,DATA_20260205_072528.BIN,2.6774,16.6202,2.9717,16.6202,1.3860,1,5.117,5.232
193,DATA_20260205_072528.BIN,2.9717,18.9444,4.1652,18.9444,1.8260,1,8.361,8.719
194,DATA_20260205_072528.BIN,1.1910,29.8853,7.0599,29.8853,4.6750,1,5.619,5.646
195,DATA_20260205_072528.BIN,7.0599,25.7942,5.3697,25.7942,5.5550,1,5.005,5.228
196,DATA_20260205_072528.BIN,1.1651,24.7875,5.2184,24.7875,4.8950,1,5.919,6.534
197,DATA_20260205_072528.BIN,12.1988,38.8596,8.1587,38.8596,2.6730,1,19.405,21.374
198,DATA_20260205_072528.BIN,8.1587,38.4196,6.0602,38.4196,5.4560,1,8.215,8.227
199,DATA_20260205_080000.BIN,25.6925,33.2308,13.9360,33.2308,3.0800,1,4.924,4.928
200,DATA_20260205_080000.BIN,13.9360,65.9084,6.0106,65.9084,5.7750,1,11.145,11.218
201,DATA_20260205_080000.BIN,6.0106,15.8492,4.0332,15.8492,1.5510,1,22.529,25.300
202,DATA_20260205_080000.BIN,3.7981,28.7864,19.6741,28.7864,2.7500,1,22.559,23.260
203,DATA_20260205_080000.BIN,18.1362,28.0337,7.1775,28.0337,2.6400,1,16.763,20.692
204,DATA_20260205_080000.BIN,7.1775,32.6753,2.5006,32.6753,6.0170,1,15.776,17.648
205,DATA_20260205_080000.BIN,2.5006,15.0239,1.7326,15.0239,1.3530,1,17.872,17.984
206,DATA_20260205_080000.BIN,5.9572,37.4001,6.6334,37.4001,4.3450,1,11.338,11.349
207,DATA_20260205_080000.BIN,6.6334,24.6208,2.2036,24.6208,6.0500,1,13.639,14.313
208,DATA_20260205_080000.BIN,2.2036,17.5453,2.3362,17.5453,1.9910,1,14.136,14.345
209,DATA_20260205_080000.BIN,2.3362,22.4135,10.1329,22.4135,5.8410,1,16.303,18.244
210,DATA_20260205_080000.BIN,10.1329,36.5017,7.8828,36.5017,5.3790,1,22.165,22.230
211,DATA_20260205_080000.BIN,2.1259,71.8816,64.1679,71.8816,8.5360,1,9.149,9.513
212,DATA_20260205_080000.BIN,64.1679,70.7678,4.0360,70.7678,5.4890,1,131.210,140.086
213,DATA_20260205_080000.BIN,4.0360,16.8102,6.7678,16.8102,1.4300,1,20.033,20.859
214,DATA_20260205_080000.BIN,6.8439,25.3296,12.5692,25.3296,1.5290,1,30.966,31.187
215,DATA_20260205_080000.BIN,8.2542,25.6006,11.0557,25.6006,1.1330,1,9.055,9.125
216,DATA_20260205_080000.BIN,11.0557,24.7905,3.7224,24.7905,2.0570,1,4.442,4.841
217,DATA_20260205_080000.BIN,3.7224,70.4295,58.5579,70.4295,7.4030,1,13.430,13.715
218,DATA_20260205_080000.BIN,58.5579,69.2728,4.8532,69.2728,2.3760,1,59.196,59.641
219,DATA_20260205_080000.BIN,4.8532,45.6230,9.6066,45.6230,8.8220,1,27.941,28.033
220,DATA_20260205_080000.BIN,9.6066,23.8682,5.5037,23.8682,3.4870,1,30.009,30.902
221,DATA_20260205_080000.BIN,5.5037,34.9291,8.9926,34.9291,1.4850,1,24.142,24.815
222,DATA_20260205_080000.BIN,8.9926,20.3751,10.1426,20.3751,2.5630,1,25.735,25.942
223,DATA_20260205_080000.BIN,10.1426,45.7468,10.3675,45.7468,7.4140,1,22.753,22.777
224,DATA_20260205_080000.BIN,10.3675,23.8217,6.7600,23.8217,3.1790,1,12.898,13.934
225,DATA_20260205_080000.BIN,6.7600,24.0001,7.4949,24.0001,1.5070,1,14.832,14.833
226,DATA_20260205_080000.BIN,7.4949,36.5892,9.1397,36.5892,7.0730,1,12.762,15.404
227,DATA_20260205_080000.BIN,9.1397,27.4762,14.6417,27.4762,2.5190,1,15.611,15.614
228,DATA_20260205_080000.BIN,14.6417,31.8039,8.6603,31.8039,2.0460,1,13.299,13.837
229,DATA_20260205_080000.BIN,8.6603,69.7074,8.9124,69.7074,3.5640,1,11.310,11.310
230,DATA_20260205_080000.BIN,8.9124,23.9725,3.2374,23.9725,3.7620,1,10.349,11.142
231,DATA_20260205_080000.BIN,3.2374,18.0646,2.8999,18.0646,2.3870,1,7.515,8.339
232,DATA_20260205_080000.BIN,2.8999,21.5826,3.2607,21.5826,8.8880,1,6.068,6.675
233,DATA_20260205_080000.BIN,3.2607,17.1234,3.5968,17.1234,7.3370,1,6.671,7.539
234,DATA_20260205_080000.BIN,4.1104,27.8441,9.0070,27.8441,2.9700,1,1.767,1.844
235,DATA_20260205_080000.BIN,9.0070,38.3235,4.7607,38.3235,6.5560,1,7.783,8.062
236,DATA_20260205_080000.BIN,4.7607,22.5078,8.0692,22.5078,5.0050,1,10.962,11.039
237,DATA_20260205_080000.BIN,8.0692,17.3186,3.8558,17.3186,1.7050,1,14.065,16.288
238,DATA_20260205_080000.BIN,3.8558,14.7506,4.8497,14.7506,1.4080,1,3.557,5.566
239,DATA_20260205_080000.BIN,4.8497,15.0027,0.5933,15.0027,1.3750,1,2.971,11.322
240,DATA_20260205_080000.BIN,0.5933,69.1180,22.5118,69.1180,6.7870,1,2.731,2.789
241,DATA_20260205_080000.BIN,22.5118,60.2276,13.5191,60.2276,3.5530,1,24.948,25.272
242,DATA_20260205_080000.BIN,13.5191,21.2806,1.0216,21.2806,4.5210,1,11.934,14.188
243,DATA_20260205_080000.BIN,1.0216,14.4904,3.7987,14.4904,4.7410,1,4.061,4.412
244,DATA_20260205_080000.BIN,3.7987,18.6962,0.7200,18.6962,2.7170,1,3.831,6.061
245,DATA_20260205_080000.BIN,0.7200,15.5230,5.5485,15.5230,1.7380,1,5.524,5.822
246,DATA_20260205_080000.BIN,5.5485,14.1036,2.3410,14.1036,2.8490,1,6.245,6.391
247,DATA_20260205_080000.BIN,4.3089,14.0160,1.1111,14.0160,7.0070,1,6.606,9.076
248,DATA_20260205_080000.BIN,1.1111,18.4224,5.3481,18.4224,2.4970,1,3.834,6.214
249,DATA_20260205_080000.BIN,5.3481,18.0097,6.5700,18.0097,1.2650,1,7.720,8.061
250,DATA_20260205_080000.BIN,6.5700,14.3144,5.3284,14.3144,4.6420,1,5.493,6.381
251,DATA_20260205_080000.BIN,5.3284,20.5728,2.3454,20.5728,2.5740,1,4.032,5.220
252,DATA_20260205_080000.BIN,2.3454,13.7760,0.9580,13.7760,1.3090,1,5.486,5.493
253,DATA_20260205_080000.BIN,0.9580,15.3596,3.3474,15.3596,2.2330,1,4.297,4.429
254,DATA_20260205_080000.BIN,3.3474,27.8326,4.6137,27.8326,4.0370,1,4.328,4.824
255,DATA_20260205_080000.BIN,4.6137,13.0276,3.9109,13.0276,3.2120,1,4.063,4.071
256,DATA_20260205_080000.BIN,1.2517,26.0021,3.5712,26.0021,4.5100,1,4.783,5.875
257,DATA_20260205_080000.BIN,3.5712,25.9712,9.3252,25.9712,8.4260,1,2.516,2.931
258,DATA_20260205_080000.BIN,9.3252,22.2468,12.9802,22.2468,5.1150,1,8.741,9.306
259,DATA_20260205_080000.BIN,12.9802,18.7865,0.8906,18.7865,1.6610,1,12.396,12.619
260,DATA_20260205_080000.BIN,0.8906,70.2335,5.5507,70.2335,5.7530,1,5.173,5.887
261,DATA_20260205_080000.BIN,5.5507,70.2832,6.2320,70.2832,4.1140,1,4.807,5.130
262,DATA_20260205_080000.BIN,6.2320,26.1625,7.9190,26.1625,3.3440,1,3.938,4.473
263,DATA_20260205_080000.BIN,7.9190,22.5386,6.1227,22.5386,3.4540,1,6.397,6.513
264,DATA_20260205_080000.BIN,6.9487,19.8377,1.2260,19.8377,1.6060,1,3.800,5.849
265,DATA_20260205_080000.BIN,1.2260,15.8726,2.8527,15.8726,1.7490,1,6.128,6.192
266,DATA_20260205_080000.BIN,2.8527,12.8163,1.8767,12.8163,7.2820,1,4.237,8.156
267,DATA_20260205_080000.BIN,1.8767,45.0450,1.9191,45.0450,6.3580,1,2.361,3.871
268,DATA_20260205_080000.BIN,1.0520,13.2020,4.0608,13.2020,2.3650,1,5.793,10.086
269,DATA_20260205_080000.BIN,4.0608,20.8633,4.3790,20.8633,3.1460,1,3.789,6.250
270,DATA_20260205_080000.BIN,0.8440,17.5469,6.8659,17.5469,8.3600,1,5.022,8.142
271,DATA_20260205_080000.BIN,1.5547,11.3688,4.2998,11.3688,1.6390,1,4.519,5.640
272,DATA_20260205_080000.BIN,3.4150,15.5594,2.9299,15.5594,2.3870,1,4.639,4.990
273,DATA_20260205_080000.BIN,2.9299,14.3032,1.6368,14.3032,4.4660,1,6.397,6.755
274,DATA_20260205_080000.BIN,1.6368,14.5804,5.4311,14.5804,3.2230,1,3.639,3.645
275,DATA_20260205_080000.BIN,4.4173,16.7110,10.1946,16.7110,5.2250,1,2.911,4.912
276,DATA_20260205_080000.BIN,4.6625,17.0427,0.7879,17.0427,5.9840,1,4.464,5.856
277,DATA_20260205_080000.BIN,0.7879,19.3972,1.0027,19.3972,3.5860,1,0.665,0.993
278,DATA_20260205_080000.BIN,3.9943,14.0571,5.9906,14.0571,8.6790,1,4.164,6.466
279,DATA_20260205_080000.BIN,8.9551,16.5262,7.6632,16.5262,7.5790,1,9.286,9.781
280,DATA_20260205_080000.BIN,7.6632,16.1902,6.9971,16.1902,5.1810,1,7.260,7.317
281,DATA_20260205_080000.BIN,4.7696,33.0967,3.2053,33.0967,3.4760,1,3.407,3.821
282,DATA_20260205_080000.BIN,3.2053,14.1602,1.0874,14.1602,3.2670,1,6.090,6.376
283,DATA_20260205_080000.BIN,1.0874,62.4340,0.2891,62.4340,8.0850,1,3.849,3.973
284,DATA_20260205_080000.BIN,0.2891,26.3165,5.6046,26.3165,8.3050,1,2.155,3.675
285,DATA_20260205_080000.BIN,5.6046,15.4229,1.7872,15.4229,3.9490,1,4.247,5.501
286,DATA_20260205_080000.BIN,1.7872,14.1919,4.0800,14.1919,7.0290,1,4.436,4.441
287,DATA_20260205_080000.BIN,4.0800,21.5145,1.7873,21.5145,2.7280,1,5.332,5.631
288,DATA_20260205_080000.BIN,1.7873,18.2997,2.8335,18.2997,1.2870,1,1.926,3.422
289,DATA_20260205_080000.BIN,2.8335,13.5875,2.0839,13.5875,2.1010,1,5.223,6.238
290,DATA_20260205_080000.BIN,2.0839,12.6959,4.7130,12.6959,3.4320,1,1.231,1.408
291,DATA_20260205_080000.BIN,6.3252,24.9760,5.1745,24.9760,3.2230,1,10.656,10.815
292,DATA_20260205_080000.BIN,5.1745,25.0380,2.9724,25.0380,2.8380,1,6.272,6.382
293,DATA_20260205_080000.BIN,2.9724,20.0832,3.5514,20.0832,2.2000,1,3.277,3.446
294,DATA_20260205_080000.BIN,3.5514,15.7324,2.9869,15.7324,4.1690,1,4.378,4.602
295,DATA_20260205_080000.BIN,2.9869,14.2780,3.4223,14.2780,2.3210,1,2.775,5.563
296,DATA_20260205_080000.BIN,5.8273,17.3859,4.0568,17.3859,2.0350,1,5.473,8.065
297,DATA_20260205_080000.BIN,4.0568,25.3217,7.4342,25.3217,5.6650,1,3.713,3.722
298,DATA_20260205_080000.BIN,7.4342,20.8520,2.0347,20.8520,9.9990,1,7.664,7.906
299,DATA_20260205_080000.BIN,5.3290,19.0293,3.0614,19.0293,1.9250,1,4.826,4.826
300,DATA_20260205_080000.BIN,3.0614,14.4718,5.2404,14.4718,1.5070,1,6.757,7.001
301,DATA_20260205_080000.BIN,5.2404,15.9123,6.6815,15.9123,2.1010,1,8.807,8.975
302,DATA_20260205_080000.BIN,1.0550,17.0674,3.9247,17.0674,7.4690,1,2.436,2.454
303,DATA_20260205_080000.BIN,8.0417,24.6235,1.9509,24.6235,2.9700,1,11.749,13.542
304,DATA_20260205_080000.BIN,1.9509,28.4555,5.4436,28.4555,2.4640,1,3.427,7.082
305,DATA_20260205_080000.BIN,5.4436,16.5479,1.1061,16.5479,1.4300,1,6.285,6.999
306,DATA_20260205_080000.BIN,1.1061,16.5949,1.2508,16.5949,2.6620,1,0.793,3.261
307,DATA_20260205_080000.BIN,2.1168,63.2318,3.8211,63.2318,8.8770,1,4.976,7.273
308,DATA_20260205_080000.BIN,3.8211,27.4204,4.6996,27.4204,4.8510,1,4.720,4.779
309,DATA_20260205_080000.BIN,4.6996,17.5944,3.4005,17.5944,2.2220,1,7.114,7.438
310,DATA_20260205_080000.BIN,3.4005,24.0502,18.0653,24.0502,4.3010,1,3.612,6.009
311,DATA_20260205_080000.BIN,18.8894,28.2869,3.3679,28.2869,7.5460,1,22.904,22.914
312,DATA_20260205_080000.BIN,3.3679,15.5022,3.2996,15.5022,5.5110,1,2.997,8.716
313,DATA_20260205_080000.BIN,5.4315,35.6481,17.2657,35.6481,6.1380,1,4.317,6.068
314,DATA_20260205_080000.BIN,17.2657,34.1150,3.2177,34.1150,6.1710,1,21.161,21.292
315,DATA_20260205_080000.BIN,5.2766,12.6465,4.7184,12.6465,3.6960,1,10.482,10.870
316,DATA_20260205_080000.BIN,8.2036,61.5963,4.3526,61.5963,4.9720,1,7.528,7.879
317,DATA_20260205_080000.BIN,4.3526,15.4994,6.7131,15.4994,2.3430,1,4.497,4.510
318,DATA_20260205_080000.BIN,4.4451,58.1230,9.2583,58.1230,7.8430,1,9.847,9.875
319,DATA_20260205_080000.BIN,9.2583,23.5030,8.9474,23.5030,1.9690,1,11.676,12.203
320,DATA_20260205_080000.BIN,1.6890,14.2420,1.1211,14.2420,3.6630,1,2.910,3.327
321,DATA_20260205_080000.BIN,1.1211,11.7401,2.3150,11.7401,1.8920,1,5.754,7.925
322,DATA_20260205_080000.BIN,2.3150,17.8898,2.3504,17.8898,9.7240,1,5.631,8.188
323,DATA_20260205_080000.BIN,2.3853,14.9458,3.0867,14.9458,3.5750,1,5.149,5.151
324,DATA_20260205_080000.BIN,3.0867,16.9772,5.4516,16.9772,2.2770,1,5.206,5.207
325,DATA_20260205_080000.BIN,5.4516,16.4121,1.4021,16.4121,5.4010,1,5.709,8.957
326,DATA_20260205_080000.BIN,1.4021,61.2951,5.1528,61.2951,5.2250,1,3.971,7.167
327,DATA_20260205_080000.BIN,5.1528,21.4130,5.9902,21.4130,1.4630,1,8.144,8.287
328,DATA_20260205_080000.BIN,5.9902,34.2821,9.2713,34.2821,2.9040,1,7.591,7.614
329,DATA_20260205_080000.BIN,9.2713,25.0137,4.2637,25.0137,3.3770,1,9.187,10.295
330,DATA_20260205_080000.BIN,4.2637,19.8662,3.7797,19.8662,3.9050,1,6.030,6.752
331,DATA_20260205_080000.BIN,3.7797,15.7120,1.9553,15.7120,4.3670,1,2.169,3.992
332,DATA_20260205_080000.BIN,1.9553,18.1502,3.7606,18.1502,6.0610,1,3.777,3.804
333,DATA_20260205_080000.BIN,4.6265,21.3046,3.1338,21.3046,6.1380,1,3.844,4.808
334,DATA_20260205_080000.BIN,3.1338,19.1484,1.5390,19.1484,3.2010,1,3.584,4.564
335,DATA_20260205_080000.BIN,1.5390,13.0162,4.3746,13.0162,2.2550,1,4.643,6.952
336,DATA_20260205_080000.BIN,6.5068,17.1470,8.6187,17.1470,2.1670,1,7.483,7.824
337,DATA_20260205_080000.BIN,8.6187,18.6338,3.4110,18.6338,5.3460,1,9.274,9.934
338,DATA_20260205_080000.BIN,3.4110,22.6096,7.7645,22.6096,2.1340,1,7.516,8.306
339,DATA_20260205_080000.BIN,7.7645,17.9955,2.5430,17.9955,3.5090,1,7.657,8.264
340,DATA_20260205_080000.BIN,3.7334,18.9057,8.9639,18.9057,2.3210,1,2.584,3.660
341,DATA_20260205_080000.BIN,8.9639,42.9631,4.2892,42.9631,6.3690,1,8.494,9.370
342,DATA_20260205_080000.BIN,4.2892,29.9423,9.7315,29.9423,3.0030,1,2.508,2.925
343,DATA_20260205_080000.BIN,1.8594,16.4440,2.6063,16.4440,4.4550,1,2.493,2.514
344,DATA_20260205_080000.BIN,2.6063,38.2793,2.8642,38.2793,5.6760,1,6.756,7.715
345,DATA_20260205_080000.BIN,3.0274,27.7308,1.2279,27.7308,1.9030,1,5.837,6.555
346,DATA_20260205_080000.BIN,1.2279,30.8230,1.5465,30.8230,5.2250,1,3.473,3.473
347,DATA_20260205_080000.BIN,1.5465,25.0712,6.8076,25.0712,2.5080,1,2.215,4.867
348,DATA_20260205_080000.BIN,6.8076,21.2107,2.9196,21.2107,6.3470,1,6.853,6.864
349,DATA_20260205_080000.BIN,7.8956,18.3160,6.2773,18.3160,1.9800,1,10.844,10.959
350,DATA_20260205_080000.BIN,6.2773,66.5757,6.7211,66.5757,4.3890,1,7.246,7.246
351,DATA_20260205_080000.BIN,6.7211,18.3650,6.7882,18.3650,2.2990,1,5.480,6.635
352,DATA_20260205_080000.BIN,6.7882,22.0170,5.7036,22.0170,1.1990,1,10.812,10.835
353,DATA_20260205_080000.BIN,5.2091,16.0246,1.9000,16.0246,2.9920,1,7.660,7.890
354,DATA_20260205_080000.BIN,1.9000,19.6178,1.2041,19.6178,3.2890,1,3.233,3.490
355,DATA_20260205_080000.BIN,1.2041,27.7054,3.7968,27.7054,3.9050,1,2.100,6.125
356,DATA_20260205_080000.BIN,1.4230,14.1266,2.7934,14.1266,2.1340,1,2.375,2.677
357,DATA_20260205_080000.BIN,2.7934,24.1936,3.1143,24.1936,4.8400,1,6.189,7.001
358,DATA_20260205_080000.BIN,3.1143,16.1468,1.4512,16.1468,7.8980,1,2.500,4.794
359,DATA_20260205_080000.BIN,1.4512,13.7982,0.7967,13.7982,6.6110,1,3.249,3.367
360,DATA_20260205_080000.BIN,0.7967,15.8420,3.1601,15.8420,2.7830,1,2.978,6.595
361,DATA_20260205_080000.BIN,3.1601,49.8799,8.2168,49.8799,4.6750,1,3.922,5.010
362,DATA_20260205_080000.BIN,4.4707,14.1950,6.4078,14.1950,3.8940,1,5.639,5.780
363,DATA_20260205_080000.BIN,6.4078,16.2547,3.0850,16.2547,2.0350,1,5.498,6.871
364,DATA_20260205_080000.BIN,3.0850,59.7964,11.6881,59.7964,5.7420,1,3.966,4.403
365,DATA_20260205_080000.BIN,2.6196,23.9767,3.5859,23.9767,7.6780,1,3.153,4.172
366,DATA_20260205_080000.BIN,3.5859,48.2501,5.8959,48.2501,8.0850,1,3.091,3.993
367,DATA_20260205_080000.BIN,5.8959,17.8064,0.8633,17.8064,4.7630,1,6.866,7.707
368,DATA_20260205_080000.BIN,5.5166,32.2352,4.9192,32.2352,2.8160,1,8.704,9.302
369,DATA_20260205_080000.BIN,4.9192,13.1713,5.3097,13.1713,5.7200,1,5.001,6.789
370,DATA_20260205_080000.BIN,5.3097,16.1199,3.3549,16.1199,5.6540,1,3.820,6.299
371,DATA_20260205_080000.BIN,3.3549,14.5498,1.9170,14.5498,1.2320,1,3.897,3.934
372,DATA_20260205_080000.BIN,1.9170,18.3015,5.1642,18.3015,2.3870,1,1.958,4.818
373,DATA_20260205_080000.BIN,5.1642,29.4624,15.3207,29.4624,1.2870,1,6.343,6.869
374,DATA_20260205_080000.BIN,15.3207,39.0052,23.2414,39.0052,2.2990,1,18.096,18.272
375,DATA_20260205_080000.BIN,4.4703,21.8950,8.0918,21.8950,5.5330,1,9.365,10.042
376,DATA_20260205_080000.BIN,8.0918,36.6426,2.6007,36.6426,2.1230,1,10.749,11.315
377,DATA_20260205_080000.BIN,6.2562,20.3495,3.0220,20.3495,3.6410,1,5.784,7.866
378,DATA_20260205_080000.BIN,3.0220,12.1596,3.4206,12.1596,3.0360,1,4.963,4.979
379,DATA_20260205_080000.BIN,3.4206,14.0110,3.0500,14.0110,1.6720,1,4.678,4.840
380,DATA_20260205_080000.BIN,3.0500,19.3247,0.4894,19.3247,4.2130,1,3.852,6.921
381,DATA_20260205_080000.BIN,2.8722,23.4491,4.6724,23.4491,2.7830,1,4.659,4.775
382,DATA_20260205_080000.BIN,2.3754,29.0614,3.1063,29.0614,2.9700,1,4.587,6.286
383,DATA_20260205_080000.BIN,3.1063,18.4007,2.5875,18.4007,9.4380,1,4.547,5.034
384,DATA_20260205_080000.BIN,2.5875,54.3480,3.2432,54.3480,3.0580,1,3.283,3.351
385,DATA_20260205_080000.BIN,3.8616,66.9758,5.6697,66.9758,3.5090,1,4.857,4.858
386,DATA_20260205_080000.BIN,1.7639,14.2774,1.4806,14.2774,3.0470,1,2.712,3.239
387,DATA_20260205_080000.BIN,1.4806,14.8127,4.1021,14.8127,3.9050,1,1.505,3.283
388,DATA_20260205_080000.BIN,7.0561,15.9311,3.3421,15.9311,1.4740,1,7.888,8.652
389,DATA_20260205_080000.BIN,3.3421,15.4955,2.6840,15.4955,4.4220,1,3.073,3.723
390,DATA_20260205_080000.BIN,1.0461,21.1744,2.5936,21.1744,9.7240,1,2.615,2.817
391,DATA_20260205_080000.BIN,2.5936,18.7184,4.1650,18.7184,7.9530,1,4.189,7.759
392,DATA_20260205_080000.BIN,4.1650,14.8487,4.2314,14.8487,2.3430,1,5.531,6.260
393,DATA_20260205_080000.BIN,4.2314,17.6319,7.1887,17.6319,8.6020,1,4.479,4.747
394,DATA_20260205_080000.BIN,2.2861,23.5612,3.4091,23.5612,1.7820,1,1.825,1.828
395,DATA_20260205_080000.BIN,3.4091,13.9645,4.2339,13.9645,2.6070,1,5.277,6.140
396,DATA_20260205_080000.BIN,4.2339,61.3491,12.0218,61.3491,6.6000,1,6.748,6.780
397,DATA_20260205_080000.BIN,12.1863,36.3479,4.7138,36.3479,6.5230,1,9.886,15.561
398,DATA_20260205_080000.BIN,4.7138,15.1079,3.3828,15.1079,1.8810,1,5.651,5.908
399,DATA_20260205_080000.BIN,7.8606,29.7150,7.0922,29.7150,6.9190,1,10.146,10.811
400,DATA_20260205_080000.BIN,7.0922,42.8522,5.5239,42.8522,8.3380,1,8.405,11.074
401,DATA_20260205_080000.BIN,0.7954,12.8963,0.9590,12.8963,4.9610,1,1.849,2.313
402,DATA_20260205_080000.BIN,9.5416,19.3560,11.7913,19.3560,5.9510,1,13.979,14.025
403,DATA_20260205_080000.BIN,2.5408,51.2750,7.2549,51.2750,6.5120,1,1.909,3.209
404,DATA_20260205_080000.BIN,2.6938,43.5561,4.0604,43.5561,5.3790,1,3.453,4.055
405,DATA_20260205_080000.BIN,4.0604,14.5942,6.0361,14.5942,3.7840,1,2.166,5.263
406,DATA_20260205_080000.BIN,5.3098,17.6284,2.5287,17.6284,1.6610,1,3.614,5.338
407,DATA_20260205_080000.BIN,2.5287,18.3850,2.8172,18.3850,3.5530,1,4.348,4.500
408,DATA_20260205_080000.BIN,2.8172,15.2235,2.0959,15.2235,4.6750,1,2.581,3.079
409,DATA_20260205_080000.BIN,2.0959,18.3790,5.4894,18.3790,3.5420,1,0.926,2.087
410,DATA_20260205_080000.BIN,5.4894,45.8415,37.4816,45.8415,5.6650,1,3.950,8.809
411,DATA_20260205_080000.BIN,2.3304,14.7448,5.4103,14.7448,3.4430,1,1.876,4.139
412,DATA_20260205_080000.BIN,5.4103,44.9424,21.3514,44.9424,6.6550,1,8.014,8.471
413,DATA_20260205_080000.BIN,21.3514,40.7136,24.3711,40.7136,8.3050,1,26.719,26.831
414,DATA_20260205_080000.BIN,4.3753,19.0010,2.1770,19.0010,1.3420,1,3.094,4.741
415,DATA_20260205_080000.BIN,2.1770,69.4660,4.4014,69.4660,6.3140,1,0.635,0.787
416,DATA_20260205_080000.BIN,4.4014,35.7473,2.7136,35.7473,4.4990,1,2.547,5.144
417,DATA_20260205_080000.BIN,2.7136,17.6098,3.8461,17.6098,7.7110,1,4.819,5.223
418,DATA_20260205_080000.BIN,3.8461,15.5084,3.2190,15.5084,2.1340,1,7.258,8.215
419,DATA_20260205_080000.BIN,2.0006,13.9832,2.3918,13.9832,2.4750,1,2.078,4.522
420,DATA_20260205_080000.BIN,2.3918,68.9911,5.8137,68.9911,7.8870,1,4.081,4.096
421,DATA_20260205_080000.BIN,36.1390,45.3980,3.5653,45.3980,7.2710,1,42.799,42.940
422,DATA_20260205_080000.BIN,3.5653,13.1858,3.3676,13.1858,2.9480,1,10.271,10.300
423,DATA_20260205_080000.BIN,6.1032,24.8451,2.0716,24.8451,5.3020,1,6.105,6.272
424,DATA_20260205_080000.BIN,1.7809,16.8344,3.3803,16.8344,1.2210,1,5.717,6.211
425,DATA_20260205_080000.BIN,3.3803,21.3483,0.8865,21.3483,1.2430,1,5.241,7.439
426,DATA_20260205_080000.BIN,0.8865,19.7929,1.8341,19.7929,1.3090,1,3.104,3.864
427,DATA_20260205_080000.BIN,1.8341,17.9766,5.1817,17.9766,1.2430,1,0.619,3.409
428,DATA_20260205_080000.BIN,5.1817,65.5701,4.1338,65.5701,7.1390,1,7.454,8.626
429,DATA_20260205_080000.BIN,4.9319,20.8722,3.4425,20.8722,3.4870,1,5.546,9.062
430,DATA_20260205_080000.BIN,3.4425,64.3138,4.3648,64.3138,7.7550,1,1.157,7.517
431,DATA_20260205_080000.BIN,4.3648,23.3879,8.3266,23.3879,1.7820,1,5.707,5.726
432,DATA_20260205_080000.BIN,8.3266,22.9438,1.9252,22.9438,1.4850,1,8.977,9.085
433,DATA_20260205_080000.BIN,1.9252,16.8242,3.1842,16.8242,1.4080,1,4.868,5.374
434,DATA_20260205_080000.BIN,3.1842,15.1160,4.4879,15.1160,1.2100,1,2.776,3.972
435,DATA_20260205_080000.BIN,4.4879,18.2505,3.9887,18.2505,1.4520,1,8.109,8.109
436,DATA_20260205_080000.BIN,3.9887,17.2877,1.6040,17.2877,1.5730,1,6.719,6.823
437,DATA_20260205_080000.BIN,1.6040,22.2616,2.5362,22.2616,3.2560,1,2.294,2.496
438,DATA_20260205_080000.BIN,2.5362,21.7005,5.5089,21.7005,3.2560,1,3.071,3.097
439,DATA_20260205_080000.BIN,0.6975,21.4392,3.6860,21.4392,5.1150,1,0.986,1.138
440,DATA_20260205_080000.BIN,3.6860,17.1011,2.7373,17.1011,4.3780,1,4.759,5.187
441,DATA_20260205_080000.BIN,4.5545,13.3423,3.7113,13.3423,4.1690,1,7.575,9.266
442,DATA_20260205_080000.BIN,3.7113,13.8808,2.8540,13.8808,3.2670,1,5.774,6.512
443,DATA_20260205_080000.BIN,2.7207,18.6221,2.2693,18.6221,1.9580,1,3.175,4.864
444,DATA_20260205_080000.BIN,2.2693,20.4874,1.1314,20.4874,5.2690,1,2.714,2.725
445,DATA_20260205_080000.BIN,1.6697,17.7262,6.7722,17.7262,6.1600,1,2.607,6.661
446,DATA_20260205_080000.BIN,3.4698,12.8162,1.4134,12.8162,1.2320,1,1.669,4.209
447,DATA_20260205_080000.BIN,1.4134,54.3551,4.1844,54.3551,4.9720,1,1.666,1.820
448,DATA_20260205_080000.BIN,4.1844,17.8689,5.2097,17.8689,1.5400,1,1.439,5.139
449,DATA_20260205_080000.BIN,7.6248,20.6623,8.1237,20.6623,3.9930,1,9.123,9.128
450,DATA_20260205_080000.BIN,3.0612,21.9369,6.1301,21.9369,2.6730,1,6.317,6.654
451,DATA_20260205_080000.BIN,6.1301,16.9381,6.3543,16.9381,1.6940,1,8.906,9.819
452,DATA_20260205_080000.BIN,6.3543,15.3806,3.4144,15.3806,6.5560,1,8.146,8.380
453,DATA_20260205_080000.BIN,3.4144,14.7572,0.4774,14.7572,5.9290,1,5.203,6.820
454,DATA_20260205_080000.BIN,0.4774,14.6349,2.2156,14.6349,4.8180,1,1.549,1.578
455,DATA_20260205_080000.BIN,1.4132,17.5642,5.9624,17.5642,4.5320,1,1.070,1.411
456,DATA_20260205_080000.BIN,5.9624,57.7833,3.1285,57.7833,6.9410,1,9.255,9.532
457,DATA_20260205_080000.BIN,3.1285,17.4321,3.1115,17.4321,1.5840,1,2.555,2.806
458,DATA_20260205_080000.BIN,6.8929,13.8489,1.5155,13.8489,4.3670,1,9.547,9.871
459,DATA_20260205_080000.BIN,1.5155,19.9611,3.2794,19.9611,1.5180,1,4.111,4.942
460,DATA_20260205_080000.BIN,3.2794,17.7195,0.6340,17.7195,3.4540,1,3.761,4.269
461,DATA_20260205_080000.BIN,3.1853,15.3184,2.2436,15.3184,2.1670,1,3.769,4.394
462,DATA_20260205_080000.BIN,1.9112,34.2306,6.0165,34.2306,2.2330,1,2.025,2.046
463,DATA_20260205_080000.BIN,5.4397,36.3200,3.8206,36.3200,3.0470,1,3.498,5.733
464,DATA_20260205_080000.BIN,3.8206,13.9956,1.9618,13.9956,1.3860,1,5.328,5.472
465,DATA_20260205_080000.BIN,1.9618,64.3110,6.0775,64.3110,5.9070,1,0.788,0.989
466,DATA_20260205_080000.BIN,6.0775,17.4138,1.5293,17.4138,3.1130,1,8.151,8.892
467,DATA_20260205_080000.BIN,5.0596,11.7662,1.4384,11.7662,5.6540,1,7.917,8.142
468,DATA_20260205_080000.BIN,1.4384,13.7902,4.1931,13.7902,2.6180,1,4.201,5.373
469,DATA_20260205_080000.BIN,4.1931,15.1959,4.2950,15.1959,5.6210,1,5.816,7.225
470,DATA_20260205_080000.BIN,3.6784,37.4822,8.7297,37.4822,3.8280,1,6.607,7.143
471,DATA_20260205_080000.BIN,6.7226,17.2236,5.4902,17.2236,6.4460,1,7.540,7.901
472,DATA_20260205_080000.BIN,5.4902,37.3748,3.1060,37.3748,3.2010,1,3.617,6.391
473,DATA_20260205_080000.BIN,3.1060,14.8204,3.4819,14.8204,1.3530,1,5.771,6.913
474,DATA_20260205_080000.BIN,3.4819,63.5709,41.2334,63.5709,5.5000,1,4.703,5.223
475,DATA_20260205_080000.BIN,41.2334,60.1600,26.3796,60.1600,7.3150,1,50.553,50.553
476,DATA_20260205_080000.BIN,26.3796,52.7469,3.2805,52.7469,5.1480,1,29.047,29.321
477,DATA_20260205_080000.BIN,3.2805,20.0241,11.2315,20.0241,7.9420,1,9.507,10.270
478,DATA_20260205_080000.BIN,11.2315,20.0429,2.1755,20.0429,3.2010,1,21.163,21.344
479,DATA_20260205_080000.BIN,2.9417,22.5156,8.4418,22.5156,8.4920,1,0.480,0.485
480,DATA_20260205_080000.BIN,8.4418,19.0640,12.4771,19.0640,7.6560,1,15.471,16.292
481,DATA_20260205_080000.BIN,2.7508,11.9134,2.0330,11.9134,6.0940,1,6.217,6.756
482,DATA_20260205_080000.BIN,2.0330,48.4821,2.7737,48.4821,3.8830,1,4.261,7.292
483,DATA_20260205_080000.BIN,2.7737,16.4429,2.6330,16.4429,2.1010,1,4.389,4.391
484,DATA_20260205_080000.BIN,2.6330,14.0675,4.0765,14.0675,1.4960,1,4.875,4.890
485,DATA_20260205_080000.BIN,4.0765,46.8821,1.6893,46.8821,7.4470,1,6.564,6.576
486,DATA_20260205_080000.BIN,4.8461,19.0878,3.7205,19.0878,2.3100,1,4.665,7.413
487,DATA_20260205_080000.BIN,3.7205,21.7321,3.3979,21.7321,3.4430,1,4.248,4.248
488,DATA_20260205_080000.BIN,1.9780,22.8432,3.5934,22.8432,6.3030,1,2.512,2.598
489,DATA_20260205_080000.BIN,3.5934,13.6348,6.1147,13.6348,4.2570,1,4.431,5.404
490,DATA_20260205_080000.BIN,6.1147,14.1240,4.3607,14.1240,4.6310,1,7.973,8.132
491,DATA_20260205_080000.BIN,5.8417,42.1235,4.5100,42.1235,7.0620,1,7.962,8.281
492,DATA_20260205_080000.BIN,4.5100,16.9946,2.5889,16.9946,1.1000,1,5.469,5.541
493,DATA_20260205_080000.BIN,5.0154,12.1655,2.0214,12.1655,5.1810,1,5.061,9.551
494,DATA_20260205_080000.BIN,2.0214,20.4519,4.0954,20.4519,4.1690,1,2.650,5.177
495,DATA_20260205_080000.BIN,4.0954,15.4731,2.3633,15.4731,9.7570,1,5.736,6.280
496,DATA_20260205_080000.BIN,2.3633,23.0980,2.0592,23.0980,3.7620,1,3.128,3.660
497,DATA_20260205_080000.BIN,2.0592,16.0665,8.9888,16.0665,4.7410,1,2.605,2.788
498,DATA_20260205_080000.BIN,8.9888,19.2741,6.4393,19.2741,1.8810,1,10.716,11.364
499,DATA_20260205_080000.BIN,6.4393,18.9275,3.5846,18.9275,1.9030,1,6.976,7.305
500,DATA_20260205_080000.BIN,3.5846,19.7985,7.4089,19.7985,3.3770,1,4.745,5.641
501,DATA_20260205_080000.BIN,7.4089,60.3952,12.1210,60.3952,4.1140,1,8.065,8.128
502,DATA_20260205_080000.BIN,6.8435,65.5486,47.6869,65.5486,7.7770,1,10.338,10.559
503,DATA_20260205_080000.BIN,47.6869,54.5834,23.0841,54.5834,3.4210,1,59.073,60.781
504,DATA_20260205_080000.BIN,23.0841,63.1244,46.5040,63.1244,3.8500,1,19.414,21.450
505,DATA_20260205_080000.BIN,46.5040,57.1298,33.9042,57.1298,5.3240,1,48.977,49.177
506,DATA_20260205_080000.BIN,33.9042,46.0882,33.7074,46.0882,2.3320,1,29.180,29.444
507,DATA_20260205_080000.BIN,33.7074,56.3302,7.6247,56.3302,8.1620,1,25.593,26.246
508,DATA_20260205_080000.BIN,7.6247,26.0648,11.5109,26.0648,2.7280,1,9.738,9.896
509,DATA_20260205_080000.BIN,11.5109,54.5878,2.3015,54.5878,4.3340,1,6.057,7.490
510,DATA_20260205_080000.BIN,6.0403,15.9786,7.8759,15.9786,4.2680,1,24.755,24.848
511,DATA_20260205_080000.BIN,7.6950,18.3561,1.9015,18.3561,8.7780,1,20.870,21.081
512,DATA_20260205_080000.BIN,5.5899,14.0014,2.2432,14.0014,4.5320,1,17.460,18.250
513,DATA_20260205_080000.BIN,7.9670,24.6713,11.9851,24.6713,5.9290,1,2.751,4.537
514,DATA_20260205_080000.BIN,11.9851,22.3415,7.3085,22.3415,4.6640,1,6.858,12.686
515,DATA_20260205_080000.BIN,8.0668,35.1234,7.2161,35.1234,5.3130,1,16.317,16.349
516,DATA_20260205_080000.BIN,8.8038,19.9219,6.0748,19.9219,2.2220,1,18.451,20.200
517,DATA_20260205_080000.BIN,6.0748,61.4568,5.4956,61.4568,6.1600,1,7.569,10.965
518,DATA_20260205_080000.BIN,8.0558,16.1448,8.6745,16.1448,5.8190,1,3.592,3.852
519,DATA_20260205_080000.BIN,8.6745,34.2174,6.5990,34.2174,8.8440,1,5.050,6.673
520,DATA_20260205_080000.BIN,6.5990,26.1311,2.2088,26.1311,1.8700,1,7.393,7.997
521,DATA_20260205_080000.BIN,2.2088,36.9776,2.7709,36.9776,7.2490,1,8.722,8.927
522,DATA_20260205_090000.BIN,4.4844,15.3500,8.7610,15.3500,3.7180,1,14.618,16.624
523,DATA_20260205_090000.BIN,4.3605,16.7194,1.8940,16.7194,3.6410,1,14.307,14.619
524,DATA_20260205_090000.BIN,1.8940,14.1027,3.9058,14.1027,1.4960,1,14.092,15.790
525,DATA_20260205_090000.BIN,3.9058,25.8825,3.1853,25.8825,5.2030,1,10.209,12.758
526,DATA_20260205_090000.BIN,3.1853,16.0578,2.3575,16.0578,1.4520,1,10.821,14.933
527,DATA_20260205_090000.BIN,2.3575,19.3039,5.5731,19.3039,1.7820,1,10.323,14.125
528,DATA_20260205_090000.BIN,5.5731,21.6504,7.5594,21.6504,3.5090,1,5.667,9.216
529,DATA_20260205_090000.BIN,7.5594,20.1168,11.3303,20.1168,3.4760,1,14.203,14.203
530,DATA_20260205_090000.BIN,11.3303,19.5877,8.9284,19.5877,3.1680,1,14.313,14.656
531,DATA_20260205_090000.BIN,5.4032,19.2980,6.0611,19.2980,4.3010,1,14.894,16.940
532,DATA_20260205_090000.BIN,7.6900,20.4345,5.8485,20.4345,5.2250,1,12.327,12.886
533,DATA_20260205_090000.BIN,7.1492,35.2322,0.9297,35.2322,5.9730,1,5.589,5.971
534,DATA_20260205_090000.BIN,0.9297,16.8530,7.7601,16.8530,1.6170,1,7.813,7.813
535,DATA_20260205_090000.BIN,7.7601,28.6128,7.1924,28.6128,4.8840,1,7.620,7.730
536,DATA_20260205_090000.BIN,11.3642,28.8181,15.5948,28.8181,2.1120,1,8.272,8.327
537,DATA_20260205_090000.BIN,15.5948,28.1158,5.1749,28.1158,1.4740,1,13.079,15.847
538,DATA_20260205_090000.BIN,5.1749,19.9975,4.9605,19.9975,2.9590,1,3.617,3.816
539,DATA_20260205_090000.BIN,4.9605,23.0686,3.5102,23.0686,6.9960,1,7.407,7.568
540,DATA_20260205_090000.BIN,3.5102,12.3937,2.2900,12.3937,1.7600,1,11.749,12.903
541,DATA_20260205_090000.BIN,2.2900,24.4389,3.2672,24.4389,3.5970,1,6.990,7.660
542,DATA_20260205_090000.BIN,3.2672,27.1702,14.6902,27.1702,2.7720,1,6.496,6.972
543,DATA_20260205_090000.BIN,9.1695,29.2068,2.8810,29.2068,4.2680,1,12.184,14.705
544,DATA_20260205_090000.BIN,2.8810,16.7934,7.6799,16.7934,2.4090,1,4.880,7.225
545,DATA_20260205_090000.BIN,9.7052,24.0391,2.6877,24.0391,2.8050,1,10.943,10.948
546,DATA_20260205_090000.BIN,2.6877,11.1655,1.9769,11.1655,3.0140,1,4.159,5.030
547,DATA_20260205_090000.BIN,1.9769,24.5179,4.9841,24.5179,1.9030,1,3.009,6.804
548,DATA_20260205_090000.BIN,4.9841,19.1543,13.3884,19.1543,2.1450,1,5.266,7.268
549,DATA_20260205_090000.BIN,13.3884,25.1550,15.3529,25.1550,5.4120,1,12.573,15.573
550,DATA_20260205_090000.BIN,15.3529,33.0932,1.0910,33.0932,2.4860,1,17.515,19.440
551,DATA_20260205_090000.BIN,1.0910,12.3390,2.5556,12.3390,3.1020,1,5.600,6.537
552,DATA_20260205_090000.BIN,0.6937,12.0898,2.2370,12.0898,1.5620,1,6.716,9.242
553,DATA_20260205_090000.BIN,2.2370,23.1935,12.2258,23.1935,5.5440,1,3.893,4.528
554,DATA_20260205_090000.BIN,7.1827,28.5900,1.9172,28.5900,4.4110,1,10.711,10.926
555,DATA_20260205_090000.BIN,1.9172,13.3027,2.4641,13.3027,3.0910,1,6.601,7.397
556,DATA_20260205_090000.BIN,2.4641,16.5092,4.9296,16.5092,1.5070,1,2.657,5.256
557,DATA_20260205_090000.BIN,4.9296,14.7752,2.3936,14.7752,1.5290,1,6.406,6.813
558,DATA_20260205_090000.BIN,2.3936,13.3714,4.1674,13.3714,1.5510,1,3.954,3.967
559,DATA_20260205_090000.BIN,4.1674,22.8612,2.7607,22.8612,8.8990,1,4.383,4.908
560,DATA_20260205_090000.BIN,2.7607,13.3559,2.7645,13.3559,1.6060,1,1.350,2.719
561,DATA_20260205_090000.BIN,1.7901,15.9842,1.7568,15.9842,2.1670,1,3.335,3.445
562,DATA_20260205_090000.BIN,1.7568,10.2473,0.9950,10.2473,5.8080,1,0.970,8.712
563,DATA_20260205_090000.BIN,3.2412,14.3303,7.6307,14.3303,4.3010,1,2.829,7.182
564,DATA_20260205_090000.BIN,2.5903,17.6103,3.9990,17.6103,5.9840,1,5.628,5.995
565,DATA_20260205_090000.BIN,5.1078,12.5031,2.4784,12.5031,3.6080,1,8.537,12.847
566,DATA_20260205_090000.BIN,6.0228,12.0322,1.1364,12.0322,4.1030,1,7.328,12.412
567,DATA_20260205_090000.BIN,1.1364,27.1956,4.7365,27.1956,5.6980,1,3.571,3.572
568,DATA_20260205_090000.BIN,4.7365,13.0042,3.7187,13.0042,2.6070,1,8.537,8.595
569,DATA_20260205_090000.BIN,3.7187,18.8325,2.5793,18.8325,3.1460,1,3.327,4.633
570,DATA_20260205_090000.BIN,2.5793,18.6231,2.1038,18.6231,3.4210,1,3.733,3.805
571,DATA_20260205_090000.BIN,2.1038,16.2812,7.5885,16.2812,3.4760,1,4.244,5.529
572,DATA_20260205_090000.BIN,3.0529,33.1598,5.6238,33.1598,8.6020,1,4.866,7.969
573,DATA_20260205_090000.BIN,5.2178,19.9095,11.0534,19.9095,1.7050,1,7.315,11.960
574,DATA_20260205_090000.BIN,3.4215,20.1333,2.2601,20.1333,3.6630,1,4.499,8.026
575,DATA_20260205_090000.BIN,2.2601,16.4971,2.7195,16.4971,4.6530,1,5.166,7.003
576,DATA_20260205_090000.BIN,5.8297,17.3125,4.0302,17.3125,1.9360,1,7.278,7.278
577,DATA_20260205_090000.BIN,4.0302,24.0462,3.8400,24.0462,8.2830,1,6.504,11.380
578,DATA_20260205_090000.BIN,2.4286,11.4039,0.8424,11.4039,7.1390,1,5.245,8.914
579,DATA_20260205_090000.BIN,0.8424,8.9872,2.2180,8.9872,5.6100,1,1.466,3.617
580,DATA_20260205_090000.BIN,2.2180,10.2588,2.8888,10.2588,9.3610,1,4.044,5.950
581,DATA_20260205_090000.BIN,2.8888,15.9340,2.1378,15.9340,4.2240,1,4.412,5.301
582,DATA_20260205_090000.BIN,3.4439,20.0097,4.7689,20.0097,3.2670,1,4.720,7.082
583,DATA_20260205_090000.BIN,4.7689,33.0488,1.9184,33.0488,4.6530,1,6.592,6.632
584,DATA_20260205_090000.BIN,1.9184,9.4178,1.4806,9.4178,3.8610,1,2.863,2.870
585,DATA_20260205_090000.BIN,1.1524,15.9653,6.0501,15.9653,3.8500,1,3.567,12.312
586,DATA_20260205_090000.BIN,6.0501,20.8934,8.4051,20.8934,7.5790,1,9.015,11.925
587,DATA_20260205_090000.BIN,8.4051,13.8241,2.4389,13.8241,8.6020,1,9.558,12.496
588,DATA_20260205_090000.BIN,0.8548,11.2151,0.6969,11.2151,3.5200,1,1.404,6.616
589,DATA_20260205_090000.BIN,4.1116,17.0715,0.5224,17.0715,3.2560,1,5.949,10.411
590,DATA_20260205_090000.BIN,0.5224,9.9200,1.8950,9.9200,3.6080,1,3.213,11.116
591,DATA_20260205_090000.BIN,1.8950,20.4876,11.2917,20.4876,2.8600,1,2.588,11.252
592,DATA_20260205_090000.BIN,11.2917,20.5432,5.2213,20.5432,2.8710,1,15.651,18.008
593,DATA_20260205_090000.BIN,4.0378,9.6637,4.5696,9.6637,2.5080,1,4.503,7.342
594,DATA_20260205_090000.BIN,1.3874,11.9460,5.3171,11.9460,8.0080,1,1.497,6.884
595,DATA_20260205_090000.BIN,5.3171,11.5291,5.3722,11.5291,3.5750,1,6.692,9.188
596,DATA_20260205_090000.BIN,5.3722,13.8669,2.5375,13.8669,8.3490,1,4.457,7.149
597,DATA_20260205_090000.BIN,2.5375,16.1554,2.6201,16.1554,5.3900,1,3.604,10.201
598,DATA_20260205_090000.BIN,2.6201,19.2257,9.1480,19.2257,3.3990,1,5.119,6.186
599,DATA_20260205_090000.BIN,9.1480,19.4751,2.2153,19.4751,7.2160,1,10.332,10.592
600,DATA_20260205_090000.BIN,2.2153,30.9293,2.2248,30.9293,4.9060,1,3.342,6.479
601,DATA_20260205_090000.BIN,2.2248,11.7616,0.2613,11.7616,5.9620,1,6.616,9.274
602,DATA_20260205_090000.BIN,0.2613,24.0684,7.1316,24.0684,6.1050,1,1.709,1.714
603,DATA_20260205_090000.BIN,7.1316,15.6698,4.4533,15.6698,2.5630,1,7.776,8.330
604,DATA_20260205_090000.BIN,7.2184,15.4675,5.6513,15.4675,1.4740,1,7.909,7.956
605,DATA_20260205_090000.BIN,2.3369,11.2906,1.4280,11.2906,1.3090,1,1.081,1.191
606,DATA_20260205_090000.BIN,1.4280,33.9843,5.8466,33.9843,7.7440,1,3.709,4.854
607,DATA_20260205_090000.BIN,5.8466,13.8109,6.2920,13.8109,1.4190,1,6.987,8.331
608,DATA_20260205_090000.BIN,3.6778,33.6793,24.1495,33.6793,9.7460,1,5.588,6.118
609,DATA_20260205_090000.BIN,3.6875,13.6656,4.0608,13.6656,3.1460,1,3.377,3.728
610,DATA_20260205_090000.BIN,4.0608,11.8531,4.3878,11.8531,2.4420,1,5.222,5.357
611,DATA_20260205_090000.BIN,6.3717,23.8501,10.7766,23.8501,1.5180,1,5.898,5.981
612,DATA_20260205_090000.BIN,10.7766,22.2581,5.3544,22.2581,6.2920,1,9.372,10.228
613,DATA_20260205_090000.BIN,5.3544,26.6593,5.2351,26.6593,4.6640,1,2.309,3.506
614,DATA_20260205_090000.BIN,5.2351,20.5941,5.8604,20.5941,2.7500,1,1.755,3.907
615,DATA_20260205_090000.BIN,4.4250,15.1814,4.8105,15.1814,3.2450,1,0.598,3.099
616,DATA_20260205_090000.BIN,4.8105,33.5696,4.6750,33.5696,7.9640,1,3.659,4.560
617,DATA_20260205_090000.BIN,4.6750,29.2362,1.4061,29.2362,9.0640,1,0.715,4.960
618,DATA_20260205_090000.BIN,1.4061,32.5831,16.9494,32.5831,7.2380,1,6.281,6.768
619,DATA_20260205_090000.BIN,8.5451,27.0968,3.3462,27.0968,2.3760,1,6.394,6.427
620,DATA_20260205_090000.BIN,3.3462,36.9854,5.5416,36.9854,7.2710,1,6.008,6.543
621,DATA_20260205_090000.BIN,5.5416,34.1886,4.6106,34.1886,3.9930,1,6.591,7.816
622,DATA_20260205_090000.BIN,4.6106,14.3380,3.4785,14.3380,1.3970,1,1.774,4.993
623,DATA_20260205_090000.BIN,6.1165,16.3923,3.0873,16.3923,6.4460,1,2.709,3.584
624,DATA_20260205_090000.BIN,3.0873,21.2254,6.0029,21.2254,1.6060,1,4.283,5.648
625,DATA_20260205_090000.BIN,6.0029,17.7656,8.1466,17.7656,2.8270,1,2.955,4.137
626,DATA_20260205_090000.BIN,8.1466,17.5119,8.8452,17.5119,2.4420,1,5.907,6.058
627,DATA_20260205_090000.BIN,8.8452,25.2521,10.6032,25.2521,7.7990,1,7.976,9.151
628,DATA_20260205_090000.BIN,10.6032,26.0744,2.5986,26.0744,8.4810,1,8.352,8.698
629,DATA_20260205_090000.BIN,2.5986,12.4594,4.6132,12.4594,1.3750,1,4.715,5.603
630,DATA_20260205_090000.BIN,15.7589,42.4260,38.4402,42.4260,4.5320,1,13.055,13.137
631,DATA_20260205_090000.BIN,41.3203,51.7599,15.6103,51.7599,4.1800,1,64.667,73.510
632,DATA_20260205_090000.BIN,15.6103,35.9273,11.8005,35.9273,0.9570,1,34.611,35.847
633,DATA_20260205_090000.BIN,4.8111,26.5416,4.7230,26.5416,3.3110,1,2.346,3.698
634,DATA_20260205_090000.BIN,6.4296,19.0017,6.7314,19.0017,1.3090,1,10.029,21.347
635,DATA_20260205_090000.BIN,6.7314,17.4934,4.8774,17.4934,1.2760,1,14.042,14.051
636,DATA_20260205_090000.BIN,4.8774,17.5354,4.5115,17.5354,1.2100,1,8.040,13.101
637,DATA_20260205_090000.BIN,4.5115,23.3983,16.4562,23.3983,4.5980,1,6.986,9.448
638,DATA_20260205_090000.BIN,16.4562,30.3513,18.4752,30.3513,9.3060,1,11.596,18.582
639,DATA_20260205_090000.BIN,18.4752,27.6706,15.9646,27.6706,4.4880,1,17.414,17.620
640,DATA_20260205_090000.BIN,15.9646,23.5851,14.0777,23.5851,2.5850,1,11.251,11.989
641,DATA_20260205_090000.BIN,12.0652,19.6158,8.4627,19.6158,2.5630,1,7.085,7.287
642,DATA_20260205_090000.BIN,8.4627,32.1441,6.1940,32.1441,3.9930,1,4.716,11.894
643,DATA_20260205_090000.BIN,10.3779,20.3099,13.5647,20.3099,1.5290,1,0.806,11.243
644,DATA_20260205_090000.BIN,13.5647,25.8711,15.9009,25.8711,2.8490,1,6.901,11.645
645,DATA_20260205_090000.BIN,7.9089,23.4129,17.3168,23.4129,5.5000,1,15.043,17.511
646,DATA_20260205_090000.BIN,12.4801,24.5460,10.3877,24.5460,3.3330,1,4.522,8.979
647,DATA_20260205_090000.BIN,10.3877,21.0038,8.6592,21.0038,2.3870,1,2.278,4.320
648,DATA_20260205_090000.BIN,8.6592,23.1932,11.1078,23.1932,5.3680,1,9.344,9.598
649,DATA_20260205_090000.BIN,11.1078,22.9581,9.3259,22.9581,6.8310,1,3.837,4.597
650,DATA_20260205_100000.BIN,1.3890,9.3081,1.7534,9.3081,4.7520,1,32.163,32.163
651,DATA_20260205_100000.BIN,1.7534,13.8799,6.6004,13.8799,1.9140,1,25.139,25.776
652,DATA_20260205_100000.BIN,10.1125,23.7940,2.5632,23.7940,2.1230,1,36.519,36.564
653,DATA_20260205_100000.BIN,2.5632,14.1296,5.0160,14.1296,3.8830,1,24.362,28.402
654,DATA_20260205_100000.BIN,5.0160,20.2791,6.4213,20.2791,3.0360,1,25.102,28.372
655,DATA_20260205_100000.BIN,6.4213,53.6359,33.5492,53.6359,5.9620,1,24.895,28.970
656,DATA_20260205_100000.BIN,33.5492,40.8813,32.4897,40.8813,1.3420,1,68.462,114.708
657,DATA_20260205_105819.BIN,2.0475,11.8247,2.2343,11.8247,1.3090,1,18.560,19.473
658,DATA_20260205_105819.BIN,2.2343,15.9368,7.3436,15.9368,1.3640,1,17.062,17.121
659,DATA_20260205_105819.BIN,7.3436,18.1994,8.7966,18.1994,1.3090,1,22.462,23.737
660,DATA_20260205_105819.BIN,8.7966,19.3197,4.6672,19.3197,1.2980,1,23.120,24.212
661,DATA_20260205_105819.BIN,4.6672,19.8116,3.1662,19.8116,1.4630,1,14.450,15.679
662,DATA_20260205_105819.BIN,3.1662,17.5885,3.6597,17.5885,1.1550,1,11.179,13.718
663,DATA_20260205_105819.BIN,3.6597,17.9902,4.2394,17.9902,1.1110,1,9.207,10.092
664,DATA_20260205_105819.BIN,4.2394,17.0916,2.8289,17.0916,1.2100,1,11.156,12.357
665,DATA_20260205_105819.BIN,2.8289,17.9799,5.8739,17.9799,1.1880,1,6.462,7.388
666,DATA_20260205_105819.BIN,5.8739,16.2836,7.1639,16.2836,1.2650,1,10.417,10.818
667,DATA_20260205_105819.BIN,7.1639,17.8289,6.6656,17.8289,1.1110,1,10.799,11.118
668,DATA_20260205_105819.BIN,6.6656,62.0657,1.7282,62.0657,5.3570,1,4.030,4.779
669,DATA_20260205_105819.BIN,1.7282,25.5356,4.5202,25.5356,2.0460,1,3.311,6.857
670,DATA_20260205_105819.BIN,4.5202,32.0069,8.2925,32.0069,4.0480,1,3.876,6.075
671,DATA_20260205_105819.BIN,6.2668,19.7761,2.7401,19.7761,3.2010,1,3.224,5.412
672,DATA_20260205_105819.BIN,2.7401,15.1125,6.9484,15.1125,2.0900,1,4.314,4.317
673,DATA_20260205_105819.BIN,6.9484,11.8851,4.1951,11.8851,1.5290,1,10.229,11.208
674,DATA_20260205_105819.BIN,4.1951,15.0466,2.7579,15.0466,4.7300,1,5.197,5.224
675,DATA_20260205_105819.BIN,1.6914,47.7110,4.0600,47.7110,6.8530,1,3.975,4.554
676,DATA_20260205_105819.BIN,4.0600,12.2491,2.2607,12.2491,2.9370,1,2.012,3.603
677,DATA_20260205_105819.BIN,2.2607,13.9586,3.5474,13.9586,1.6500,1,5.935,7.162
678,DATA_20260205_105819.BIN,3.5474,10.7894,4.4833,10.7894,1.3640,1,4.566,5.798
679,DATA_20260205_105819.BIN,4.4833,10.4740,1.2970,10.4740,1.5290,1,4.523,5.833
680,DATA_20260205_105819.BIN,1.2970,14.9050,2.0115,14.9050,1.5840,1,2.440,2.444
681,DATA_20260205_105819.BIN,2.0115,13.3400,3.2847,13.3400,1.4850,1,0.833,1.686
682,DATA_20260205_105819.BIN,3.2847,11.8982,3.6912,11.8982,2.4860,1,3.283,3.403
683,DATA_20260205_105819.BIN,3.6912,12.9335,3.4172,12.9335,1.6280,1,2.204,4.213
684,DATA_20260205_105819.BIN,3.4172,13.7867,2.0604,13.7867,1.6060,1,3.987,4.156
685,DATA_20260205_105819.BIN,2.0604,11.4228,1.1967,11.4228,0.9130,1,2.770,3.167
686,DATA_20260205_105819.BIN,1.1967,12.6200,3.0419,12.6200,1.7490,1,2.478,3.229
687,DATA_20260205_105819.BIN,3.0419,17.5595,0.6805,17.5595,2.3540,1,2.005,2.117
688,DATA_20260205_105819.BIN,0.6805,10.7149,2.7758,10.7149,3.1020,1,1.225,1.283
689,DATA_20260205_105819.BIN,5.9974,20.9179,4.2929,20.9179,2.5080,1,7.603,8.588
690,DATA_20260205_105819.BIN,4.2929,12.5648,1.5063,12.5648,1.3090,1,4.460,4.570
691,DATA_20260205_105819.BIN,1.5063,11.0522,5.1145,11.0522,1.5730,1,2.074,3.732
692,DATA_20260205_105819.BIN,5.1145,20.0357,2.2551,20.0357,2.2990,1,4.391,4.708
693,DATA_20260205_105819.BIN,2.2551,8.4254,1.4674,8.4254,2.1230,1,2.688,3.548
694,DATA_20260205_105819.BIN,1.4674,8.8370,0.6540,8.8370,1.6170,1,2.372,2.436
695,DATA_20260205_105819.BIN,0.6540,9.2128,1.0492,9.2128,1.4410,1,0.428,1.175
696,DATA_20260205_105819.BIN,1.0492,11.7972,6.0502,11.7972,2.8490,1,1.572,2.335
697,DATA_20260205_105819.BIN,6.0502,13.8386,2.5706,13.8386,3.6410,1,7.335,7.974
698,DATA_20260205_105819.BIN,2.5706,12.8376,5.4616,12.8376,1.7490,1,1.307,3.593
699,DATA_20260205_105819.BIN,5.4616,13.7793,2.2326,13.7793,1.4960,1,6.650,6.680
700,DATA_20260205_110000.BIN,6.9750,46.8331,10.6908,46.8331,2.9480,1,5.855,7.616
701,DATA_20260205_110000.BIN,5.3421,19.1126,6.2999,19.1126,2.8930,1,13.105,14.083
702,DATA_20260205_110000.BIN,6.2999,18.8942,7.6525,18.8942,1.6390,1,7.176,8.238
703,DATA_20260205_110000.BIN,7.6525,31.0658,12.3449,31.0658,3.2230,1,11.182,13.796
704,DATA_20260205_110000.BIN,12.3449,52.9170,3.5278,52.9170,5.9840,1,14.494,14.495
705,DATA_20260205_110000.BIN,3.5278,22.4644,6.2506,22.4644,1.1660,1,7.838,7.927
706,DATA_20260205_110000.BIN,6.2506,30.7661,4.9160,30.7661,1.3420,1,3.679,4.944
707,DATA_20260205_110000.BIN,4.9160,19.2248,6.3002,19.2248,1.2210,1,4.748,8.524
708,DATA_20260205_110000.BIN,6.3002,16.4777,3.4670,16.4777,1.3200,1,11.136,13.088
709,DATA_20260205_110000.BIN,2.8127,21.0933,2.6215,21.0933,1.2100,1,2.373,5.041
710,DATA_20260205_110000.BIN,2.6215,20.3531,7.6702,20.3531,1.2980,1,6.421,8.892
711,DATA_20260205_110000.BIN,3.3314,25.6450,7.9663,25.6450,2.4090,1,6.109,6.953
712,DATA_20260205_110000.BIN,7.9663,50.6132,7.9013,50.6132,2.9810,1,7.534,7.772
713,DATA_20260205_110000.BIN,6.4077,17.0735,0.9799,17.0735,3.1130,1,10.459,11.516
714,DATA_20260205_110000.BIN,0.9799,15.1303,2.5692,15.1303,4.3780,1,0.469,10.602
715,DATA_20260205_110000.BIN,2.5692,19.3225,5.7244,19.3225,2.4970,1,4.517,4.676
716,DATA_20260205_110000.BIN,5.7244,16.8922,3.5626,16.8922,4.6640,1,7.482,8.093
717,DATA_20260205_110000.BIN,3.5626,33.3614,13.7552,33.3614,4.4000,1,4.203,4.270
718,DATA_20260205_110000.BIN,7.9935,43.6098,11.1728,43.6098,2.2220,1,9.482,9.752
719,DATA_20260205_110000.BIN,14.5827,44.8732,11.2170,44.8732,7.1170,1,15.968,15.976
720,DATA_20260205_110000.BIN,11.2170,49.5606,10.6302,49.5606,4.7740,1,11.711,13.397
721,DATA_20260205_110000.BIN,10.6302,27.1319,1.7087,27.1319,1.3970,1,9.024,9.235
722,DATA_20260205_110000.BIN,1.7087,22.5732,0.3335,22.5732,1.1440,1,4.557,5.235
723,DATA_20260205_110000.BIN,0.3335,22.6721,0.2708,22.6721,2.5960,1,3.747,4.240
724,DATA_20260205_110000.BIN,2.9930,21.4374,1.7969,21.4374,1.4410,1,2.762,4.920
725,DATA_20260205_110000.BIN,18.7535,32.9131,8.7003,32.9131,2.0460,1,20.305,22.792
726,DATA_20260205_110000.BIN,8.7003,24.9556,10.5083,24.9556,3.6850,1,5.880,6.064
727,DATA_20260205_110000.BIN,10.5083,24.5239,9.0264,24.5239,2.5300,1,7.715,8.985
728,DATA_20260205_110000.BIN,2.7808,18.4183,2.5407,18.4183,1.8370,1,7.198,7.242
729,DATA_20260205_110000.BIN,2.5407,20.1992,3.2627,20.1992,1.5400,1,5.860,6.411
730,DATA_20260205_110000.BIN,3.2627,20.2099,0.4537,20.2099,1.3310,1,6.416,7.512
731,DATA_20260205_110000.BIN,0.4537,20.0562,1.3448,20.0562,1.3860,1,4.172,5.442
732,DATA_20260205_110000.BIN,1.3448,19.0083,3.2899,19.0083,1.2760,1,5.422,6.653
733,DATA_20260205_110000.BIN,3.2899,15.2688,1.9306,15.2688,1.1990,1,7.047,7.091
734,DATA_20260205_110000.BIN,1.9306,16.8042,4.0771,16.8042,1.3640,1,4.948,5.911
735,DATA_20260205_110000.BIN,4.0771,17.3994,3.5121,17.3994,2.4750,1,6.782,6.877
736,DATA_20260205_110000.BIN,3.5121,22.7564,7.1376,22.7564,2.8820,1,5.422,5.502
737,DATA_20260205_110000.BIN,3.9673,37.0660,13.9388,37.0660,2.8380,1,5.371,5.439
738,DATA_20260205_110000.BIN,13.9388,53.6435,24.3228,53.6435,3.8940,1,16.435,18.863
739,DATA_20260205_110000.BIN,8.4647,39.4234,7.6107,39.4234,3.9270,1,9.857,10.597
740,DATA_20260205_110000.BIN,4.1441,16.0415,1.5543,16.0415,1.4740,1,6.728,6.769
741,DATA_20260205_110000.BIN,1.5543,20.6977,6.2595,20.6977,1.2760,1,3.023,3.056
742,DATA_20260205_110000.BIN,6.2595,21.2496,4.3464,21.2496,1.3640,1,6.568,6.697
743,DATA_20260205_110000.BIN,4.3464,18.7660,3.9100,18.7660,1.4520,1,4.875,5.031
744,DATA_20260205_110000.BIN,3.9100,19.7751,2.7818,19.7751,1.3970,1,4.486,4.488
745,DATA_20260205_110000.BIN,2.7818,21.0160,0.9620,21.0160,1.3640,1,3.560,3.560
746,DATA_20260205_110000.BIN,0.9620,24.0672,7.3682,24.0672,5.3350,1,2.390,2.414
747,DATA_20260205_110000.BIN,7.3682,22.7269,4.0942,22.7269,3.5090,1,9.425,10.233
748,DATA_20260205_110000.BIN,4.0942,22.9657,0.3689,22.9657,3.1020,1,4.045,7.568
749,DATA_20260205_110000.BIN,0.3689,26.2683,3.6795,26.2683,6.8860,1,1.169,3.313
750,DATA_20260205_110000.BIN,3.6795,15.6640,2.7630,15.6640,1.6500,1,5.758,7.970
751,DATA_20260205_110000.BIN,2.7630,17.5350,1.2289,17.5350,1.8810,1,4.176,5.330
752,DATA_20260205_110000.BIN,10.6046,24.6496,3.0076,24.6496,7.5460,1,12.215,14.269
753,DATA_20260205_110000.BIN,3.0076,26.7167,1.7271,26.7167,6.2040,1,2.083,2.123
754,DATA_20260205_110000.BIN,1.9460,16.9893,1.8939,16.9893,2.1560,1,1.124,1.638
755,DATA_20260205_110000.BIN,1.8939,21.5608,5.6910,21.5608,2.1340,1,0.700,3.948
756,DATA_20260205_110000.BIN,5.6910,17.7335,3.6470,17.7335,1.8370,1,4.809,6.845
757,DATA_20260205_110000.BIN,3.6470,14.2170,3.4163,14.2170,1.7930,1,1.921,2.486
758,DATA_20260205_110000.BIN,3.4163,17.3694,3.3354,17.3694,2.0790,1,2.228,2.904
759,DATA_20260205_110000.BIN,3.3354,17.4540,8.6131,17.4540,3.6300,1,1.370,2.466
760,DATA_20260205_110000.BIN,8.6131,18.6924,8.9611,18.6924,4.5760,1,8.706,10.382
761,DATA_20260205_110000.BIN,8.9611,27.7045,3.9620,27.7045,9.8450,1,8.318,10.005
762,DATA_20260205_110000.BIN,7.1776,19.7854,6.8276,19.7854,9.4380,1,6.023,6.280
763,DATA_20260205_110000.BIN,1.5614,36.5984,13.8049,36.5984,5.2580,1,2.599,4.395
764,DATA_20260205_110000.BIN,17.3303,37.4549,28.0553,37.4549,3.3000,1,16.577,21.210
765,DATA_20260205_110000.BIN,28.0553,41.4492,23.7014,41.4492,2.4640,1,28.469,33.356
766,DATA_20260205_110000.BIN,23.7014,49.2751,29.4331,49.2751,2.0240,1,21.702,24.385
767,DATA_20260205_110000.BIN,29.4331,48.1177,27.5142,48.1177,7.2930,1,27.895,28.162
768,DATA_20260205_110000.BIN,27.5142,38.0929,23.3445,38.0929,9.8560,1,26.241,26.332
769,DATA_20260205_110000.BIN,23.3445,51.5610,32.0686,51.5610,7.7220,1,15.060,16.634
770,DATA_20260205_110000.BIN,35.3070,46.9186,38.2926,46.9186,5.3790,1,31.743,45.048
771,DATA_20260205_110000.BIN,39.0371,50.7007,24.7899,50.7007,9.8120,1,35.361,35.847
772,DATA_20260205_110000.BIN,23.1597,49.2723,10.4773,49.2723,4.4440,1,32.689,34.335
773,DATA_20260205_110000.BIN,8.0002,23.4702,4.1361,23.4702,1.2980,1,19.368,19.386
774,DATA_20260205_110000.BIN,5.8270,18.2008,0.4692,18.2008,1.3420,1,18.166,18.166
775,DATA_20260205_110000.BIN,0.4692,17.1129,2.0229,17.1129,2.6950,1,14.954,15.532
776,DATA_20260205_110000.BIN,3.4570,19.1685,2.3023,19.1685,1.5180,1,12.124,12.666
777,DATA_20260205_110000.BIN,2.3023,14.5623,3.6439,14.5623,1.2870,1,13.085,13.222
778,DATA_20260205_110000.BIN,3.6439,20.8497,3.8615,20.8497,4.5320,1,14.954,15.014
779,DATA_20260205_110000.BIN,5.4174,15.8857,3.3303,15.8857,1.4410,1,12.902,13.422
780,DATA_20260205_110000.BIN,4.3585,20.7287,8.1661,20.7287,2.1010,1,12.345,12.587
781,DATA_20260205_110000.BIN,3.1260,18.4253,5.4474,18.4253,9.1740,1,3.563,3.629
782,DATA_20260205_110000.BIN,2.5582,13.5269,0.1107,13.5269,1.5730,1,3.707,4.234
783,DATA_20260205_110000.BIN,0.1107,14.7732,2.0368,14.7732,4.4330,1,6.424,6.706
784,DATA_20260205_110000.BIN,8.1384,19.2768,1.5255,19.2768,3.3990,1,5.074,10.883
785,DATA_20260205_110000.BIN,1.5255,12.7721,5.2358,12.7721,7.6780,1,4.495,5.387
786,DATA_20260205_110000.BIN,5.2358,18.0267,2.6255,18.0267,2.0680,1,6.777,6.950
787,DATA_20260205_110000.BIN,2.6255,46.8159,12.2551,46.8159,4.1250,1,8.121,9.827
788,DATA_20260205_110000.BIN,12.2551,35.7626,16.0470,35.7626,1.8260,1,12.414,17.721
789,DATA_20260205_110000.BIN,16.0470,45.0355,29.2117,45.0355,4.0590,1,16.355,24.371
790,DATA_20260205_110000.BIN,29.2117,50.4023,33.6765,50.4023,7.2820,1,33.491,34.370
791,DATA_20260205_110000.BIN,33.6765,42.0178,30.6788,42.0178,3.9930,1,37.016,39.226
792,DATA_20260205_110000.BIN,14.7916,43.2434,19.0253,43.2434,8.2940,1,6.703,15.253
793,DATA_20260205_110000.BIN,19.0253,32.0165,20.0808,32.0165,9.8780,1,13.234,24.588
794,DATA_20260205_110000.BIN,20.0808,51.1407,18.7882,51.1407,9.2950,1,9.310,27.534
795,DATA_20260205_110000.BIN,18.7882,35.5790,4.8259,35.5790,1.6720,1,36.552,40.612
796,DATA_20260205_110000.BIN,6.0763,42.3505,5.6079,42.3505,3.4100,1,13.861,16.393
797,DATA_20260205_110000.BIN,5.6079,17.4175,4.9763,17.4175,4.7300,1,16.026,18.182
798,DATA_20260205_110000.BIN,4.9763,20.6577,9.4381,20.6577,2.1120,1,12.157,14.595
799,DATA_20260205_110000.BIN,9.4381,26.8748,11.4870,26.8748,5.8960,1,17.428,17.614
800,DATA_20260205_110000.BIN,11.4870,22.1392,7.2227,22.1392,3.5860,1,18.355,18.898
801,DATA_20260205_110000.BIN,0.8510,18.8998,2.3941,18.8998,6.3250,1,3.999,7.095
802,DATA_20260205_110000.BIN,2.3941,15.3785,3.4390,15.3785,6.8750,1,4.986,5.526
803,DATA_20260205_110000.BIN,8.8294,18.6448,3.5854,18.6448,7.6780,1,12.231,12.252
804,DATA_20260205_110000.BIN,9.4430,20.7935,0.2310,20.7935,4.0590,1,11.764,11.843
805,DATA_20260205_110000.BIN,4.8282,22.3770,9.2367,22.3770,1.4520,1,5.029,5.052
806,DATA_20260205_110000.BIN,9.2367,26.1711,1.9579,26.1711,3.3440,1,10.309,11.653
807,DATA_20260205_110000.BIN,1.8839,16.1026,2.5699,16.1026,4.9720,1,3.706,4.642
808,DATA_20260205_110000.BIN,1.5932,11.0146,2.0569,11.0146,2.4970,1,2.661,4.582
809,DATA_20260205_110000.BIN,0.5755,13.5800,3.0613,13.5800,1.5620,1,1.179,4.680
810,DATA_20260205_110000.BIN,5.5259,14.3395,0.5357,14.3395,7.9200,1,6.465,9.717
811,DATA_20260205_110000.BIN,3.5639,12.5493,2.4367,12.5493,4.4000,1,4.574,5.825
812,DATA_20260205_110000.BIN,3.6165,20.6330,3.7064,20.6330,1.7380,1,4.156,4.678
813,DATA_20260205_110000.BIN,3.7064,12.7805,1.4334,12.7805,3.8060,1,4.388,7.688
814,DATA_20260205_110000.BIN,1.4013,14.3256,2.8222,14.3256,1.6500,1,2.189,5.036
815,DATA_20260205_110000.BIN,2.8222,12.9120,1.4209,12.9120,2.2220,1,3.240,3.357
816,DATA_20260205_110000.BIN,1.4209,9.9588,1.3389,9.9588,4.1250,1,1.697,1.716
817,DATA_20260205_110000.BIN,1.3389,15.7878,3.9454,15.7878,5.5330,1,1.315,1.509
818,DATA_20260205_110000.BIN,3.9454,12.7804,3.7301,12.7804,3.3770,1,4.046,4.739
819,DATA_20260205_110000.BIN,2.2324,29.7988,12.2936,29.7988,8.1180,1,1.743,3.433
820,DATA_20260205_110000.BIN,11.2465,21.7859,5.3108,21.7859,5.1370,1,12.483,12.587
821,DATA_20260205_110000.BIN,0.4481,15.1514,3.4064,15.1514,2.8820,1,1.327,5.814
822,DATA_20260205_110000.BIN,3.4064,15.7155,3.8256,15.7155,2.4530,1,2.353,3.275
823,DATA_20260205_110000.BIN,3.8256,14.9871,4.9272,14.9871,1.4630,1,6.143,8.631
824,DATA_20260205_110000.BIN,4.9272,15.6982,4.0242,15.6982,3.0140,1,6.763,8.082
825,DATA_20260205_110000.BIN,1.3623,31.1373,3.2448,31.1373,7.1060,1,1.714,1.725
826,DATA_20260205_110000.BIN,1.5796,22.7024,2.2455,22.7024,1.2870,1,1.452,7.167
827,DATA_20260205_110000.BIN,2.2455,17.0387,5.8473,17.0387,2.6290,1,1.833,6.664
828,DATA_20260205_110000.BIN,14.5034,27.9612,1.7056,27.9612,3.2340,1,16.745,17.446
829,DATA_20260205_110000.BIN,1.7056,41.6374,4.6918,41.6374,2.1780,1,1.262,1.264
830,DATA_20260205_110000.BIN,7.1098,23.5187,4.3225,23.5187,4.1470,1,6.773,7.697
831,DATA_20260205_110000.BIN,2.6779,38.5777,0.7722,38.5777,8.7010,1,4.663,5.003
832,DATA_20260205_110000.BIN,0.7722,44.7676,4.9512,44.7676,5.5000,1,2.831,5.287
833,DATA_20260205_110000.BIN,4.9512,19.4192,8.8750,19.4192,3.2340,1,6.526,7.642
834,DATA_20260205_110000.BIN,4.1968,18.7479,4.5883,18.7479,3.4540,1,4.988,13.648
835,DATA_20260205_110000.BIN,2.8885,21.6011,1.9143,21.6011,7.1060,1,4.088,4.746
836,DATA_20260205_110000.BIN,7.5401,41.9763,6.6349,41.9763,3.3880,1,7.702,7.824
837,DATA_20260205_110000.BIN,6.6349,15.5924,0.5545,15.5924,4.5430,1,8.345,9.876
838,DATA_20260205_110000.BIN,0.4846,12.5673,2.8237,12.5673,3.5860,1,0.739,1.463
839,DATA_20260205_110000.BIN,2.8237,44.8123,8.2377,44.8123,2.8600,1,2.151,2.333
840,DATA_20260205_110000.BIN,1.2177,28.2804,4.5478,28.2804,7.6780,1,2.110,2.725
841,DATA_20260205_110000.BIN,4.5478,19.0618,6.3203,19.0618,1.1990,1,5.263,6.760
842,DATA_20260205_110000.BIN,6.3203,16.5909,0.5790,16.5909,2.3100,1,6.659,11.901
843,DATA_20260205_110000.BIN,4.4880,24.8995,16.3913,24.8995,2.6620,1,6.607,7.596
844,DATA_20260205_110000.BIN,16.3913,28.9034,3.1229,28.9034,4.4330,1,18.276,18.433
845,DATA_20260205_110000.BIN,3.1229,29.2022,11.9390,29.2022,4.5100,1,2.943,3.985
846,DATA_20260205_110000.BIN,11.9390,21.7993,1.2207,21.7993,5.1700,1,15.773,18.885
847,DATA_20260205_110000.BIN,0.8564,18.8128,1.3026,18.8128,2.9810,1,0.533,1.903
848,DATA_20260205_110000.BIN,1.3026,12.6757,3.7368,12.6757,4.1470,1,1.793,2.746
849,DATA_20260205_110000.BIN,3.7368,35.2116,7.5556,35.2116,7.6340,1,5.420,5.424
850,DATA_20260205_110000.BIN,2.8389,26.6821,4.1794,26.6821,5.5440,1,3.328,10.343
851,DATA_20260205_110000.BIN,4.1794,15.5917,1.4893,15.5917,3.2120,1,4.428,12.237
852,DATA_20260205_110000.BIN,2.9291,21.5861,2.0878,21.5861,2.5410,1,3.301,4.518
853,DATA_20260205_110000.BIN,2.0878,37.7069,9.1447,37.7069,2.9370,1,2.667,5.737
854,DATA_20260205_110000.BIN,4.3560,16.9978,1.8852,16.9978,7.6230,1,5.411,6.299
855,DATA_20260205_110000.BIN,1.8852,11.9573,1.1705,11.9573,4.1360,1,0.825,8.788
856,DATA_20260205_110000.BIN,1.1705,15.8812,2.1301,15.8812,2.4860,1,0.673,1.418
857,DATA_20260205_110000.BIN,2.1301,40.2578,5.2549,40.2578,7.9090,1,2.964,3.123
858,DATA_20260205_120000.BIN,6.9904,19.2257,5.0350,19.2257,1.6720,1,34.962,35.459
859,DATA_20260205_120000.BIN,5.0350,17.8541,1.9122,17.8541,2.7940,1,36.335,36.804
860,DATA_20260205_120000.BIN,4.8192,28.5729,3.7459,28.5729,3.7070,1,28.807,28.809
861,DATA_20260205_120000.BIN,7.7423,27.3275,11.7675,27.3275,3.4210,1,28.064,28.158
862,DATA_20260205_120000.BIN,1.3671,24.7306,12.0802,24.7306,4.3890,1,28.272,28.806
863,DATA_20260205_120000.BIN,34.0519,62.4936,38.7663,62.4936,9.7130,1,19.558,19.558
864,DATA_20260205_120000.BIN,17.7464,26.6734,9.8665,26.6734,2.9260,1,19.086,20.696
865,DATA_20260205_120000.BIN,15.9362,25.7533,17.9128,25.7533,3.3880,1,10.054,11.978
866,DATA_20260205_120000.BIN,17.9128,31.3291,11.0647,31.3291,5.8960,1,13.657,13.658
867,DATA_20260205_120000.BIN,11.0647,24.5095,2.2316,24.5095,2.9370,1,15.855,16.596
868,DATA_20260205_120000.BIN,2.2316,18.0219,6.7285,18.0219,2.1230,1,27.372,27.458
869,DATA_20260205_120000.BIN,3.0985,29.5800,18.1386,29.5800,1.7270,1,17.471,17.568
870,DATA_20260205_120000.BIN,18.1386,30.9968,12.5328,30.9968,4.5430,1,4.768,10.395
871,DATA_20260205_120000.BIN,12.5328,20.5144,14.0010,20.5144,1.6280,1,5.538,6.982
872,DATA_20260205_120000.BIN,14.0010,23.2399,13.3278,23.2399,7.9200,1,6.368,10.323
873,DATA_20260205_120000.BIN,13.3278,39.8338,19.2797,39.8338,6.9520,1,1.855,3.838
874,DATA_20260205_120000.BIN,9.7297,17.2626,3.1793,17.2626,9.9880,1,26.817,62.185
875,DATA_20260205_120000.BIN,3.1793,27.2830,4.3663,27.2830,5.6650,1,36.497,64.370
876,DATA_20260205_120000.BIN,10.2965,20.1394,3.6308,20.1394,4.5430,1,26.306,57.649
877,DATA_20260205_120000.BIN,6.2874,21.1629,7.2272,21.1629,6.0280,1,26.790,52.135
878,DATA_20260205_120000.BIN,6.5433,21.6413,4.2909,21.6413,4.4550,1,32.318,45.347
879,DATA_20260205_120000.BIN,11.7602,69.5100,4.7656,69.5100,3.5750,1,13.446,33.773
880,DATA_20260205_120000.BIN,4.7656,25.5508,10.5749,25.5508,6.1600,1,13.259,30.450
881,DATA_20260205_120000.BIN,10.5749,31.8689,16.4484,31.8689,7.7660,1,10.109,30.976
882,DATA_20260205_120000.BIN,16.4484,42.4481,8.6414,42.4481,5.0490,1,9.991,27.980
883,DATA_20260205_120000.BIN,3.7521,28.2902,6.1437,28.2902,5.1700,1,17.962,21.670
884,DATA_20260205_120000.BIN,1.5028,63.6790,1.9993,63.6790,5.5880,1,15.121,22.222
885,DATA_20260205_120000.BIN,6.0841,13.3597,4.5119,13.3597,2.1010,1,11.948,24.613
886,DATA_20260205_120000.BIN,6.3664,20.0156,1.4411,20.0156,5.3680,1,20.606,27.149
887,DATA_20260205_120000.BIN,1.4411,13.7546,1.3828,13.7546,9.8010,1,9.049,15.801
888,DATA_20260205_120000.BIN,4.6271,40.4861,21.5168,40.4861,1.8040,1,2.988,6.280
889,DATA_20260205_120000.BIN,26.0740,50.5716,15.4815,50.5716,4.6750,1,30.267,30.304
890,DATA_20260205_120000.BIN,15.4815,32.0251,2.9301,32.0251,4.4550,1,12.291,16.687
891,DATA_20260205_120000.BIN,0.2428,13.9741,1.9085,13.9741,1.2430,1,9.542,11.152
892,DATA_20260205_120000.BIN,1.0415,23.1737,6.8197,23.1737,5.1040,1,9.010,10.829
893,DATA_20260205_120000.BIN,13.9971,55.6803,2.1999,55.6803,2.9480,1,14.327,14.512
894,DATA_20260205_120000.BIN,2.1999,20.3756,4.1818,20.3756,3.5750,1,11.382,13.109
895,DATA_20260205_120000.BIN,1.8561,14.3840,2.6934,14.3840,1.2540,1,7.435,7.613
896,DATA_20260205_120000.BIN,2.5121,12.8671,1.4506,12.8671,1.2650,1,2.109,2.338
897,DATA_20260205_120000.BIN,1.4506,11.5479,2.1722,11.5479,2.4090,1,4.252,4.308
898,DATA_20260205_120000.BIN,2.1722,13.3832,2.6012,13.3832,3.7290,1,8.176,8.179
899,DATA_20260205_120000.BIN,2.5064,11.2518,0.5108,11.2518,1.2760,1,7.899,8.091
900,DATA_20260205_120000.BIN,2.7071,12.8705,4.1980,12.8705,2.5410,1,4.875,4.929
901,DATA_20260205_120000.BIN,2.0680,15.1704,3.3469,15.1704,5.4120,1,2.224,4.472
902,DATA_20260205_120000.BIN,3.3469,18.3129,1.1177,18.3129,3.8500,1,6.476,6.517
903,DATA_20260205_120000.BIN,10.0511,23.7817,6.1063,23.7817,2.4860,1,9.365,10.902
904,DATA_20260205_120000.BIN,6.1063,13.3278,3.1344,13.3278,1.9580,1,6.538,6.828
905,DATA_20260205_120000.BIN,3.1344,13.1550,2.1494,13.1550,1.1550,1,7.961,7.984
906,DATA_20260205_120000.BIN,1.0670,11.2401,3.1245,11.2401,1.3420,1,3.566,3.578
907,DATA_20260205_120000.BIN,0.3247,21.1016,2.6517,21.1016,2.9260,1,3.018,3.057
908,DATA_20260205_120000.BIN,2.6517,14.1068,3.2727,14.1068,1.1660,1,5.482,5.723
909,DATA_20260205_120000.BIN,10.6566,65.8767,7.1574,65.8767,3.7290,1,9.520,12.211
910,DATA_20260205_120000.BIN,5.6575,40.6202,4.9648,40.6202,1.4080,1,11.027,11.128
911,DATA_20260205_120000.BIN,4.9648,16.5522,4.5033,16.5522,1.4520,1,9.709,9.721
912,DATA_20260205_120000.BIN,4.5033,12.8304,1.9082,12.8304,4.6200,1,6.892,8.577
913,DATA_20260205_120000.BIN,6.1643,39.6646,26.0836,39.6646,3.8940,1,8.902,8.905
914,DATA_20260205_120000.BIN,26.0836,47.9736,29.4913,47.9736,3.8720,1,29.378,32.654
915,DATA_20260205_120000.BIN,29.4913,54.5549,36.2578,54.5549,3.3880,1,31.894,32.407
916,DATA_20260205_120000.BIN,36.2578,67.4487,25.9864,67.4487,5.5440,1,37.029,37.327
917,DATA_20260205_120000.BIN,25.9864,65.4208,10.3565,65.4208,2.3540,1,21.961,22.740
918,DATA_20260205_120000.BIN,2.7211,12.5886,4.6174,12.5886,1.5510,1,11.096,11.097
919,DATA_20260205_130000.BIN,1.5148,28.7783,5.6667,28.7783,6.2370,1,25.685,30.638
920,DATA_20260205_130000.BIN,5.6667,18.2451,3.4241,18.2451,1.5730,1,31.264,35.502
921,DATA_20260205_130000.BIN,3.1294,12.6398,3.3856,12.6398,2.5080,1,26.238,29.397
922,DATA_20260205_130000.BIN,2.2523,10.4720,1.4816,10.4720,2.2660,1,16.722,17.812
923,DATA_20260205_130000.BIN,1.4816,13.1604,3.3979,13.1604,3.6080,1,19.054,20.323
924,DATA_20260205_130000.BIN,9.1438,30.2047,20.7929,30.2047,4.4000,1,21.851,27.374
925,DATA_20260205_130000.BIN,20.7929,32.3566,25.2923,32.3566,2.2550,1,37.766,40.275
926,DATA_20260205_130000.BIN,25.2923,30.8517,19.7998,30.8517,2.4310,1,108.812,110.388
927,DATA_20260205_130000.BIN,19.7998,32.7480,14.6538,32.7480,3.5970,1,23.921,26.322
928,DATA_20260205_130000.BIN,14.6538,29.2436,21.1395,29.2436,2.1010,1,16.385,16.396
929,DATA_20260205_130000.BIN,4.1051,26.9896,11.6088,26.9896,2.1340,1,14.729,15.340
930,DATA_20260205_130000.BIN,11.6088,24.9392,13.1886,24.9392,1.8920,1,5.268,6.134
931,DATA_20260205_130000.BIN,13.1886,26.2600,8.0176,26.2600,3.0690,1,14.604,18.765
932,DATA_20260205_130000.BIN,6.6293,24.1308,1.4015,24.1308,2.1890,1,14.274,15.129
933,DATA_20260205_130000.BIN,14.4578,25.9555,3.5726,25.9555,2.9040,1,13.365,13.700
934,DATA_20260205_130000.BIN,2.0218,13.6367,2.9734,13.6367,1.6610,1,3.769,7.853
935,DATA_20260205_130000.BIN,2.6820,25.7656,6.3333,25.7656,5.6760,1,15.130,16.765
936,DATA_20260205_130000.BIN,10.6884,27.7473,16.7263,27.7473,1.7380,1,17.172,30.357
937,DATA_20260205_130000.BIN,16.7263,27.9941,14.6316,27.9941,1.2760,1,27.602,34.803
938,DATA_20260205_130000.BIN,14.6316,28.3173,18.1922,28.3173,1.6060,1,115.594,116.285
939,DATA_20260205_130000.BIN,1.3612,17.9157,2.7203,17.9157,3.0030,1,15.639,17.196
940,DATA_20260205_130000.BIN,2.7203,12.6879,1.3243,12.6879,4.2680,1,9.949,11.283
941,DATA_20260205_130000.BIN,1.1739,26.3426,0.2347,26.3426,5.6210,1,11.896,13.993
942,DATA_20260205_130000.BIN,0.2347,8.4596,0.2614,8.4596,1.9910,1,10.525,12.041
943,DATA_20260205_130000.BIN,0.2614,9.1566,1.0960,9.1566,1.6060,1,9.201,11.307
944,DATA_20260205_130000.BIN,0.8799,10.8913,2.2551,10.8913,5.5550,1,8.588,11.765
945,DATA_20260205_130000.BIN,1.3376,13.2258,2.5938,13.2258,1.4410,1,6.071,14.637
946,DATA_20260205_130000.BIN,0.2359,10.0995,2.9282,10.0995,5.6980,1,6.392,10.715
947,DATA_20260205_130000.BIN,2.9282,13.3907,2.9747,13.3907,1.6390,1,3.488,11.875
948,DATA_20260205_130000.BIN,2.2412,9.1458,2.0979,9.1458,4.0480,1,8.156,11.417
949,DATA_20260205_130000.BIN,1.2608,10.5866,1.0880,10.5866,8.4040,1,6.271,10.364
950,DATA_20260205_130000.BIN,1.0880,9.7311,1.9690,9.7311,3.3000,1,4.515,6.691
951,DATA_20260205_130000.BIN,1.9690,11.0279,2.4932,11.0279,5.4010,1,4.761,5.292
952,DATA_20260205_130000.BIN,2.3934,13.1595,0.5102,13.1595,3.2890,1,5.865,8.727
953,DATA_20260205_130000.BIN,3.2247,18.6634,1.2070,18.6634,8.4260,1,2.655,3.426
954,DATA_20260205_130000.BIN,1.2070,14.7516,1.3788,14.7516,2.3210,1,2.771,3.564
955,DATA_20260205_130000.BIN,1.6293,22.3436,2.3571,22.3436,4.1910,1,4.552,4.800
956,DATA_20260205_130000.BIN,2.3571,12.3572,3.8713,12.3572,5.3790,1,5.342,6.481
957,DATA_20260205_130000.BIN,0.6454,9.4342,2.4697,9.4342,3.9490,1,3.014,7.350
958,DATA_20260205_130000.BIN,1.1540,8.5583,2.0931,8.5583,1.8150,1,5.362,7.130
959,DATA_20260205_130000.BIN,2.0931,12.6403,2.3847,12.6403,4.9940,1,2.947,3.938
960,DATA_20260205_130000.BIN,2.4418,10.4363,1.7647,10.4363,2.6620,1,4.585,5.084
961,DATA_20260205_130000.BIN,1.7647,9.1629,0.7488,9.1629,1.7160,1,2.316,2.686
962,DATA_20260205_130000.BIN,10.6772,26.1510,8.5240,26.1510,5.0050,1,11.831,15.582
963,DATA_20260205_130000.BIN,4.6942,13.6351,2.5431,13.6351,4.0700,1,5.433,6.982
964,DATA_20260205_130000.BIN,2.5431,12.9460,1.2387,12.9460,4.6970,1,3.883,7.606
965,DATA_20260205_130000.BIN,1.2387,18.6794,1.9394,18.6794,3.3550,1,5.728,6.768
966,DATA_20260205_130000.BIN,2.2823,20.7027,3.0744,20.7027,3.4650,1,3.487,6.515
967,DATA_20260205_130000.BIN,3.0744,13.5344,2.5445,13.5344,1.4850,1,6.045,6.053
968,DATA_20260205_130000.BIN,2.5445,13.7211,1.8987,13.7211,1.6720,1,11.382,16.942
969,DATA_20260205_130000.BIN,1.8987,20.8607,3.3485,20.8607,5.3680,1,2.847,5.212
970,DATA_20260205_130000.BIN,3.3485,15.3814,2.9364,15.3814,3.9600,1,3.743,4.093
971,DATA_20260205_130000.BIN,3.8130,24.7647,17.0859,24.7647,3.9160,1,2.530,3.310
972,DATA_20260205_130000.BIN,17.0859,27.2781,2.2253,27.2781,6.3910,1,22.678,22.708
973,DATA_20260205_130000.BIN,4.6309,29.2299,2.9190,29.2299,5.2690,1,2.965,5.649
974,DATA_20260205_130000.BIN,1.3625,12.5738,6.5111,12.5738,1.9470,1,2.412,2.514
975,DATA_20260205_130000.BIN,6.5111,29.8644,11.4389,29.8644,5.1480,1,10.397,10.404
976,DATA_20260205_130000.BIN,18.7571,25.2907,14.5757,25.2907,2.1560,1,26.167,29.345
977,DATA_20260205_130000.BIN,14.5757,22.2143,3.1082,22.2143,1.6720,1,17.971,18.810
978,DATA_20260205_130000.BIN,3.1082,17.7075,4.0766,17.7075,2.8600,1,15.185,21.485
979,DATA_20260205_130000.BIN,4.0766,22.5864,7.4552,22.5864,8.8110,1,14.417,18.839
980,DATA_20260205_130000.BIN,7.4552,27.4320,4.0693,27.4320,5.8850,1,19.557,24.529
981,DATA_20260205_130000.BIN,4.0693,25.6989,13.9227,25.6989,3.6410,1,13.329,19.994
982,DATA_20260205_130000.BIN,4.3505,26.7175,7.1933,26.7175,9.0860,1,19.318,35.426
983,DATA_20260205_130000.BIN,1.9888,28.9266,4.0790,28.9266,2.5850,1,2.051,2.431
984,DATA_20260205_130000.BIN,1.5068,35.7605,11.8628,35.7605,2.2880,1,3.763,10.950
985,DATA_20260205_130000.BIN,11.8628,29.2459,10.5980,29.2459,3.0030,1,17.287,19.594
986,DATA_20260205_130000.BIN,10.5980,31.6869,0.7146,31.6869,3.3660,1,20.981,25.934
987,DATA_20260205_130000.BIN,0.7146,8.8128,2.3123,8.8128,8.8330,1,5.717,7.016
988,DATA_20260205_130000.BIN,2.3123,8.2198,0.5271,8.2198,3.9270,1,3.055,3.360
989,DATA_20260205_130000.BIN,0.5271,10.0943,2.4691,10.0943,5.0270,1,2.317,2.466
990,DATA_20260205_130000.BIN,2.4691,21.8939,1.5125,21.8939,5.1590,1,2.208,5.488
991,DATA_20260205_130000.BIN,1.5125,24.9393,4.2106,24.9393,1.6940,1,3.822,5.967
992,DATA_20260205_130000.BIN,4.2106,40.1920,13.3945,40.1920,4.8510,1,11.072,13.635
993,DATA_20260205_130000.BIN,13.3945,53.4346,18.1489,53.4346,3.4430,1,19.024,19.035
994,DATA_20260205_130000.BIN,18.1489,51.5248,21.8779,51.5248,1.7270,1,12.772,45.180
995,DATA_20260205_130000.BIN,21.8779,49.6620,35.2786,49.6620,2.6730,1,27.153,37.762
996,DATA_20260205_130000.BIN,35.2786,57.0997,30.2051,57.0997,0.8360,1,37.467,37.559
997,DATA_20260205_130000.BIN,30.2051,69.6489,61.4279,69.6489,3.0140,1,26.558,27.338
998,DATA_20260205_140000.BIN,33.2888,46.5639,42.0788,46.5639,5.9840,1,35.588,35.607
999,DATA_20260205_140000.BIN,42.0788,44.5381,41.5562,44.5381,3.9380,1,46.942,46.951
1000,DATA_20260205_140000.BIN,41.5562,48.1664,37.1525,48.1664,5.4010,1,41.316,41.317
1001,DATA_20260205_140000.BIN,37.1525,44.4431,6.9544,44.4431,6.1490,1,30.288,30.342
1002,DATA_20260205_140000.BIN,1.9198,18.3572,3.3411,18.3572,1.4520,1,20.544,20.936
1003,DATA_20260205_140000.BIN,3.3411,14.4396,3.5310,14.4396,1.4080,1,20.850,21.991
1004,DATA_20260205_140000.BIN,3.5310,12.7555,6.0657,12.7555,1.3860,1,19.145,20.590
1005,DATA_20260205_140000.BIN,6.0657,10.8704,5.8404,10.8704,1.5510,1,19.700,21.885
1006,DATA_20260205_140000.BIN,5.8404,10.5509,5.4457,10.5509,1.4080,1,16.993,19.895
1007,DATA_20260205_140000.BIN,5.4457,10.7705,5.7926,10.7705,1.4080,1,14.431,16.645
1008,DATA_20260205_140000.BIN,5.7926,10.4727,5.9642,10.4727,1.4300,1,13.623,15.439
1009,DATA_20260205_140000.BIN,5.9642,10.2295,6.2202,10.2295,1.4080,1,12.520,14.191
1010,DATA_20260205_140000.BIN,6.2202,9.9798,6.4085,9.9798,1.4190,1,11.370,12.815
1011,DATA_20260205_140000.BIN,6.4085,9.7513,6.5840,9.7513,1.4080,1,10.301,11.562
1012,DATA_20260205_140000.BIN,6.5840,9.5618,6.6741,9.5618,1.4080,1,9.377,10.463
1013,DATA_20260205_140000.BIN,6.6741,9.4207,6.7976,9.4207,1.4300,1,8.470,9.406
1014,DATA_20260205_140000.BIN,6.7976,9.3265,6.9139,9.3265,1.4300,1,7.688,8.504
1015,DATA_20260205_140000.BIN,6.9139,9.1827,6.9743,9.1827,1.4520,1,6.980,7.683
1016,DATA_20260205_140000.BIN,6.9743,9.0867,7.0766,9.0867,1.4300,1,6.299,6.918
1017,DATA_20260205_140000.BIN,7.0766,9.0247,7.1401,9.0247,1.4300,1,5.731,6.290
1018,DATA_20260205_140000.BIN,7.1401,8.9076,7.1774,8.9076,1.4190,1,5.200,5.692
1019,DATA_20260205_140000.BIN,7.1774,8.8660,7.2402,8.8660,1.4300,1,4.684,5.117
1020,DATA_20260205_140000.BIN,7.2402,8.7729,7.2818,8.7729,1.4080,1,4.244,4.636
1021,DATA_20260205_140000.BIN,7.2818,8.7399,7.3389,8.7399,1.3970,1,3.848,4.182
1022,DATA_20260205_140000.BIN,2.8694,8.5974,1.8396,8.5974,1.3420,1,3.192,11.888
1023,DATA_20260205_140000.BIN,1.8396,5.6682,2.2361,5.6682,1.4300,1,3.294,15.803
1024,DATA_20260205_140000.BIN,2.2361,4.9741,2.3060,4.9741,1.4740,1,3.702,14.382
1025,DATA_20260205_140000.BIN,2.3060,5.7131,2.4271,5.7131,1.6170,1,2.264,11.423
1026,DATA_20260205_140000.BIN,2.4271,5.8302,2.0071,5.8302,1.5290,1,1.375,8.194
1027,DATA_20260205_140000.BIN,2.0071,5.5466,2.1779,5.5466,1.5400,1,1.733,7.851
1028,DATA_20260205_140000.BIN,2.1779,5.1066,2.4042,5.1066,1.6060,1,2.040,7.979
1029,DATA_20260205_140000.BIN,2.4042,5.1397,2.3452,5.1397,1.5620,1,1.862,7.068
1030,DATA_20260205_140000.BIN,2.3452,5.0405,2.4646,5.0405,1.5730,1,1.768,6.129
1031,DATA_20260205_140000.BIN,2.4646,4.8918,2.5085,4.8918,1.5620,1,1.791,5.781
1032,DATA_20260205_140000.BIN,2.5085,4.8600,2.5297,4.8600,1.5290,1,1.716,5.136
1033,DATA_20260205_140000.BIN,2.5297,4.7637,2.6116,4.7637,1.5290,1,1.629,4.567
1034,DATA_20260205_140000.BIN,2.6116,4.6993,2.6412,4.6993,1.5290,1,1.584,4.227
1035,DATA_20260205_140000.BIN,2.6412,4.6114,2.6689,4.6114,1.5070,1,1.490,3.753
1036,DATA_20260205_140000.BIN,2.6689,4.5604,2.7457,4.5604,1.5180,1,1.418,3.408
1037,DATA_20260205_140000.BIN,2.7457,4.5341,2.8034,4.5341,1.5290,1,1.370,3.099
1038,DATA_20260205_140000.BIN,2.8034,4.4800,2.8151,4.4800,1.5400,1,1.311,2.792
1039,DATA_20260205_140000.BIN,2.8151,4.3861,2.8090,4.3861,1.5290,1,1.240,2.522
1040,DATA_20260205_140000.BIN,2.8090,4.3316,2.8725,4.3316,1.5510,1,1.153,2.271
1041,DATA_20260205_140000.BIN,2.8725,4.3169,2.8976,4.3169,1.5510,1,1.112,2.061
1042,DATA_20260205_140000.BIN,2.8976,4.2607,2.9244,4.2607,1.5620,1,1.086,1.891
1043,DATA_20260205_140000.BIN,2.9244,4.2205,2.9564,4.2205,1.5620,1,1.033,1.708
1044,DATA_20260205_140000.BIN,17.9582,46.3146,9.1039,46.3146,1.1220,1,22.816,26.113
1045,DATA_20260205_140000.BIN,9.1039,53.9524,50.6473,53.9524,2.9370,1,10.956,11.625
1046,DATA_20260205_140000.BIN,50.6473,53.7337,49.8325,53.7337,0.9460,1,69.596,123.594
1047,DATA_20260205_140000.BIN,48.7802,52.5906,45.6819,52.5906,1.4080,1,112.779,117.550
1048,DATA_20260205_150027.BIN,35.9835,83.1792,67.4998,83.1792,4.4990,1,5.658,7.839
1049,DATA_20260205_150027.BIN,67.4998,82.9782,70.3740,82.9782,2.0020,1,136.285,136.404
1050,DATA_20260205_150027.BIN,70.3740,81.2451,47.6743,81.2451,4.8070,1,34.567,34.621
1051,DATA_20260205_150027.BIN,30.1206,55.7738,43.7376,55.7738,3.0140,1,27.466,27.638
1052,DATA_20260205_150027.BIN,39.1788,66.7690,28.2884,66.7690,6.1050,1,8.537,8.576
1053,DATA_20260205_150027.BIN,5.3233,38.2463,26.2157,38.2463,1.8040,1,47.556,48.483
1054,DATA_20260205_150027.BIN,26.2157,64.4323,23.8597,64.4323,3.8940,1,16.547,19.360
1055,DATA_20260205_150027.BIN,23.8597,66.7926,54.9548,66.7926,5.2580,1,23.826,23.831
1056,DATA_20260205_150027.BIN,54.9548,69.8365,56.0970,69.8365,2.1890,1,24.051,24.515
1057,DATA_20260205_150027.BIN,59.3286,68.8366,49.6543,68.8366,1.9470,1,24.394,24.400
1058,DATA_20260205_150027.BIN,49.6543,59.3363,26.4379,59.3363,8.3710,1,9.795,9.955
1059,DATA_20260205_150027.BIN,26.4379,55.5275,31.0437,55.5275,4.8730,1,18.173,18.998
1060,DATA_20260205_150027.BIN,35.2816,64.5351,52.5445,64.5351,5.5660,1,9.443,9.901
1061,DATA_20260205_150027.BIN,52.5445,79.6335,23.4437,79.6335,6.9630,1,15.697,15.854
1062,DATA_20260205_150027.BIN,23.4437,72.5821,34.7793,72.5821,4.8290,1,24.154,24.683
1063,DATA_20260205_150027.BIN,32.3876,47.2635,33.1506,47.2635,9.7570,1,9.338,9.569
1064,DATA_20260205_150027.BIN,34.7836,52.2899,41.1254,52.2899,3.2780,1,10.956,11.271
1065,DATA_20260205_150027.BIN,41.1254,55.6123,39.6662,55.6123,2.8270,1,4.728,5.012
1066,DATA_20260205_150027.BIN,36.6257,57.3397,41.2819,57.3397,5.0490,1,7.901,8.399
1067,DATA_20260205_150027.BIN,41.2819,58.3299,44.7364,58.3299,1.3750,1,10.321,11.656
1068,DATA_20260205_150027.BIN,46.7956,77.7127,47.7265,77.7127,3.4430,1,12.273,13.060
1069,DATA_20260205_150027.BIN,39.7139,68.0729,32.6187,68.0729,7.3150,1,8.626,9.407
1070,DATA_20260205_150027.BIN,32.6187,59.2411,45.4055,59.2411,4.6640,1,10.921,16.967
1071,DATA_20260205_150027.BIN,45.4055,59.0817,38.5353,59.0817,4.0150,1,12.538,12.963
1072,DATA_20260205_150027.BIN,38.5353,55.1442,42.5504,55.1442,3.5640,1,4.038,4.182
1073,DATA_20260205_150027.BIN,42.5504,63.4607,45.7427,63.4607,3.4430,1,6.078,6.167
1074,DATA_20260205_150027.BIN,45.7427,72.6545,46.3856,72.6545,3.1460,1,9.985,9.988
1075,DATA_20260205_150027.BIN,42.4271,57.2170,41.6553,57.2170,3.6960,1,4.592,4.748
1076,DATA_20260205_150027.BIN,43.2325,66.8356,51.0966,66.8356,4.3450,1,10.335,11.463
1077,DATA_20260205_150027.BIN,51.0966,60.0905,41.5527,60.0905,1.7050,1,14.113,14.219
1078,DATA_20260205_150027.BIN,41.5527,55.6452,48.4046,55.6452,2.9480,1,2.539,5.718
1079,DATA_20260205_150027.BIN,48.4046,62.4532,27.9039,62.4532,7.2930,1,8.482,9.086
1080,DATA_20260205_150027.BIN,39.4035,55.8042,45.2929,55.8042,1.7820,1,10.827,12.850
1081,DATA_20260205_150027.BIN,41.8118,56.3684,41.3753,56.3684,5.1040,1,7.025,7.087
1082,DATA_20260205_150027.BIN,29.6556,61.4587,35.5805,61.4587,4.6420,1,16.909,16.926
1083,DATA_20260205_150027.BIN,38.0609,54.5192,36.2923,54.5192,5.9510,1,19.667,20.632
1084,DATA_20260205_150027.BIN,36.2923,67.5730,38.7304,67.5730,5.8520,1,11.895,13.337
1085,DATA_20260205_150027.BIN,37.8989,60.4825,43.2590,60.4825,8.1070,1,5.126,5.554
1086,DATA_20260205_150027.BIN,43.2590,69.6841,46.7192,69.6841,5.4560,1,8.264,9.689
1087,DATA_20260205_150027.BIN,41.0696,61.1670,40.8688,61.1670,3.3550,1,5.849,5.862
1088,DATA_20260205_150027.BIN,40.8688,63.3176,42.1835,63.3176,3.0470,1,5.691,5.755
1089,DATA_20260205_150027.BIN,34.7076,73.8048,53.6921,73.8048,5.5220,1,6.720,6.732
1090,DATA_20260205_150027.BIN,53.6921,71.8266,36.9117,71.8266,3.6740,1,17.624,17.626
1091,DATA_20260205_150027.BIN,43.9577,63.3529,40.6530,63.3529,4.1910,1,5.199,5.658
1092,DATA_20260205_150027.BIN,40.6530,51.6036,40.3106,51.6036,4.6090,1,6.209,6.344
1093,DATA_20260205_150027.BIN,48.7870,60.8297,39.9983,60.8297,3.5200,1,10.350,10.352
1094,DATA_20260205_150027.BIN,39.9983,55.2581,39.9043,55.2581,1.7710,1,8.191,8.525
1095,DATA_20260205_150027.BIN,33.3300,59.1108,33.6508,59.1108,4.3450,1,14.853,17.794
1096,DATA_20260205_150027.BIN,33.6508,42.8688,33.8181,42.8688,9.2840,1,11.472,11.482
1097,DATA_20260205_150027.BIN,33.8181,55.2139,41.4769,55.2139,3.9160,1,6.340,9.039
1098,DATA_20260205_150027.BIN,41.4769,59.1941,35.5772,59.1941,6.6330,1,16.586,19.974
1099,DATA_20260205_150027.BIN,38.3534,60.6409,41.9219,60.6409,2.2440,1,7.637,11.783
1100,DATA_20260205_150027.BIN,39.3651,54.2763,41.6819,54.2763,2.8160,1,7.331,8.513
1101,DATA_20260205_150027.BIN,40.5633,56.2497,31.3218,56.2497,5.0050,1,2.127,2.620
1102,DATA_20260205_150027.BIN,31.3218,53.6153,41.7812,53.6153,3.4430,1,9.882,12.209
1103,DATA_20260205_150027.BIN,41.3548,51.2983,42.4463,51.2983,5.7970,1,5.339,5.605
1104,DATA_20260205_150027.BIN,42.4732,50.8424,28.4951,50.8424,6.4570,1,5.058,5.975
1105,DATA_20260205_150027.BIN,28.4951,51.5115,35.0383,51.5115,6.6990,1,11.113,13.114
1106,DATA_20260205_150027.BIN,35.0383,56.4158,38.7968,56.4158,5.2250,1,10.835,10.840
1107,DATA_20260205_150027.BIN,38.6113,62.3565,40.8763,62.3565,4.0040,1,3.038,3.363
1108,DATA_20260205_150027.BIN,67.6609,83.0522,66.9713,83.0522,4.7300,1,39.248,39.286
1109,DATA_20260205_150027.BIN,43.3104,53.8621,44.1350,53.8621,3.1900,1,8.370,10.574
1110,DATA_20260205_150027.BIN,47.0247,82.6529,40.1406,82.6529,4.9500,1,6.692,8.109
1111,DATA_20260205_150027.BIN,40.1406,64.7824,17.4865,64.7824,4.9170,1,15.288,17.471
1112,DATA_20260205_150027.BIN,17.4865,32.1397,18.8086,32.1397,2.7060,1,35.764,35.859
1113,DATA_20260205_150027.BIN,15.7735,53.8595,35.5402,53.8595,3.5310,1,28.262,29.055
1114,DATA_20260205_150027.BIN,28.0756,51.9630,8.5414,51.9630,1.8700,1,14.819,17.103
1115,DATA_20260205_150027.BIN,33.9187,44.2263,23.8700,44.2263,4.8620,1,5.099,6.051
1116,DATA_20260205_150027.BIN,3.0095,18.1710,0.7905,18.1710,4.9170,1,37.048,140.808
1117,DATA_20260205_150027.BIN,0.7905,9.1654,0.5088,9.1654,8.8880,1,34.667,131.205
1118,DATA_20260205_150027.BIN,0.5088,13.3376,2.6181,13.3376,9.5810,1,30.692,115.317
1119,DATA_20260205_150027.BIN,3.1681,12.7421,2.2571,12.7421,2.8600,1,35.988,125.207
1120,DATA_20260205_160000.BIN,0.5767,9.1463,1.0142,9.1463,6.7650,1,4.730,5.211
1121,DATA_20260205_160000.BIN,1.9518,11.2691,3.3802,11.2691,9.2180,1,2.049,2.204
1122,DATA_20260205_160000.BIN,3.3802,17.8230,5.4644,17.8230,6.4570,1,6.813,6.859
1123,DATA_20260205_160000.BIN,0.2220,10.5887,1.6547,10.5887,5.2910,1,3.752,3.918
1124,DATA_20260205_160000.BIN,3.9194,12.9447,3.9262,12.9447,8.0740,1,6.308,11.785
1125,DATA_20260205_160000.BIN,1.9891,26.7505,14.6392,26.7505,2.2770,1,2.776,3.078
1126,DATA_20260205_160000.BIN,15.1130,25.6869,15.7209,25.6869,3.3000,1,17.937,18.079
1127,DATA_20260205_160000.BIN,15.7209,25.5780,13.9408,25.5780,5.7640,1,16.152,16.357
1128,DATA_20260205_160000.BIN,16.5429,26.6401,17.0802,26.6401,3.2780,1,14.908,15.702
1129,DATA_20260205_160000.BIN,11.9110,18.6426,11.1276,18.6426,6.2700,1,12.211,22.581
1130,DATA_20260205_160000.BIN,17.1049,30.4660,9.5925,30.4660,4.7300,1,15.248,21.005
1131,DATA_20260205_160000.BIN,9.5925,16.8726,0.6664,16.8726,8.0410,1,12.804,13.348
1132,DATA_20260205_160000.BIN,0.6664,16.3015,8.0991,16.3015,8.4370,1,7.606,9.823
1133,DATA_20260205_160000.BIN,4.8427,14.9983,3.8120,14.9983,9.0970,1,6.370,8.685
1134,DATA_20260205_160000.BIN,3.8120,14.1150,1.6921,14.1150,3.1240,1,2.011,9.027
1135,DATA_20260205_160000.BIN,13.5119,22.4819,5.2031,22.4819,1.8370,1,16.605,16.765
1136,DATA_20260205_160000.BIN,7.2322,17.8541,2.3502,17.8541,5.8080,1,5.269,5.290
1137,DATA_20260205_160000.BIN,2.3502,19.2788,11.6071,19.2788,6.2590,1,5.354,10.168
1138,DATA_20260205_160000.BIN,11.6071,17.4821,8.2038,17.4821,3.6740,1,8.334,9.712
1139,DATA_20260205_160000.BIN,8.2038,20.6619,11.2911,20.6619,4.9830,1,5.415,5.514
1140,DATA_20260205_160000.BIN,8.6197,24.8827,1.7842,24.8827,8.4590,1,2.828,12.308
1141,DATA_20260205_160000.BIN,1.7842,16.0625,8.0956,16.0625,4.6530,1,5.191,5.574
1142,DATA_20260205_160000.BIN,2.5341,11.7155,5.0920,11.7155,5.1370,1,3.430,4.127
1143,DATA_20260205_160000.BIN,2.5135,13.3398,3.7651,13.3398,2.4310,1,3.352,3.356
1144,DATA_20260205_160000.BIN,4.0155,14.8857,3.5410,14.8857,9.8450,1,3.186,3.406
1145,DATA_20260205_160000.BIN,3.5410,18.1811,0.5900,18.1811,9.5700,1,1.343,2.332
1146,DATA_20260205_160000.BIN,9.2886,17.8216,2.5696,17.8216,3.6410,1,13.465,13.559
1147,DATA_20260205_160000.BIN,2.5696,10.9768,3.3185,10.9768,5.5000,1,3.768,4.820
1148,DATA_20260205_160000.BIN,3.3185,11.4593,4.3477,11.4593,4.4220,1,2.505,4.616
1149,DATA_20260205_160000.BIN,4.2987,12.9217,1.7576,12.9217,6.1050,1,5.008,5.684
1150,DATA_20260205_160000.BIN,1.7576,19.3632,1.3915,19.3632,5.9510,1,1.661,1.973
1151,DATA_20260205_160000.BIN,1.3915,13.6476,4.3594,13.6476,5.9180,1,3.556,3.784
1152,DATA_20260205_160000.BIN,4.3594,9.1593,1.8689,9.1593,9.0420,1,4.759,6.038
1153,DATA_20260205_160000.BIN,2.7318,12.1564,2.8088,12.1564,7.6010,1,3.240,3.725
1154,DATA_20260205_160000.BIN,2.8088,8.7546,1.3441,8.7546,4.6640,1,0.401,2.183
1155,DATA_20260205_160000.BIN,3.6090,14.3895,1.8797,14.3895,2.8930,1,2.477,3.055
1156,DATA_20260205_160000.BIN,0.2192,18.4475,1.6518,18.4475,2.4750,1,3.316,4.282
1157,DATA_20260205_160000.BIN,1.1114,16.5204,4.8461,16.5204,3.1900,1,3.471,4.088
1158,DATA_20260205_160000.BIN,0.3595,11.8926,3.6902,11.8926,3.9600,1,2.831,3.801
1159,DATA_20260205_160000.BIN,0.7593,10.9284,3.7881,10.9284,7.9970,1,1.905,4.836
1160,DATA_20260205_160000.BIN,2.1727,12.2052,2.5376,12.2052,1.5730,1,1.556,2.373
1161,DATA_20260205_160000.BIN,1.4169,7.9906,0.7184,7.9906,2.2660,1,1.814,8.646
1162,DATA_20260205_160000.BIN,1.2107,14.6546,2.6169,14.6546,2.6620,1,1.514,2.251
1163,DATA_20260205_160000.BIN,5.6715,12.2156,2.1254,12.2156,6.4240,1,5.067,6.973
1164,DATA_20260205_160000.BIN,9.5330,17.4541,5.4694,17.4541,2.3100,1,9.025,11.616
1165,DATA_20260205_160000.BIN,7.6446,20.6847,6.6953,20.6847,8.7670,1,5.520,7.746
1166,DATA_20260205_160000.BIN,11.3952,31.7065,10.5206,31.7065,9.0860,1,9.316,19.507
1167,DATA_20260205_160000.BIN,12.5968,19.7375,3.0343,19.7375,4.9390,1,10.144,14.088
1168,DATA_20260205_160000.BIN,7.4076,12.5230,6.9456,12.5230,5.4450,1,8.931,32.269
1169,DATA_20260205_160000.BIN,11.1506,16.5542,1.6876,16.5542,7.7990,1,11.243,26.327
1170,DATA_20260205_160000.BIN,0.4154,8.4959,1.7767,8.4959,6.1050,1,3.066,26.749
1171,DATA_20260205_160000.BIN,0.6610,7.1834,1.9639,7.1834,7.6230,1,3.539,22.975
1172,DATA_20260205_160000.BIN,1.7869,10.7417,0.9191,10.7417,4.0590,1,3.669,20.718
1173,DATA_20260205_160000.BIN,2.3266,10.6630,1.0610,10.6630,5.1040,1,3.032,24.109
1174,DATA_20260205_160000.BIN,2.9619,22.1738,9.3812,22.1738,4.0370,1,3.456,28.032
1175,DATA_20260205_160000.BIN,10.2819,17.5224,8.0061,17.5224,9.6470,1,11.781,28.620
1176,DATA_20260205_160000.BIN,2.4686,20.0701,11.2163,20.0701,4.7740,1,2.719,21.755
1177,DATA_20260205_160000.BIN,3.0946,10.7162,3.5438,10.7162,2.4090,1,5.068,24.419
1178,DATA_20260205_160000.BIN,7.3951,13.5158,7.8601,13.5158,4.4440,1,6.176,34.414
1179,DATA_20260205_160000.BIN,7.8601,14.9676,7.7312,14.9676,5.2360,1,6.476,26.765
1180,DATA_20260205_160000.BIN,3.3032,11.1240,5.3865,11.1240,6.4240,1,2.519,19.432
1181,DATA_20260205_160000.BIN,5.3865,27.4519,18.3205,27.4519,3.6190,1,4.366,13.871
1182,DATA_20260205_160000.BIN,18.3205,28.0572,21.2284,28.0572,2.6620,1,19.985,23.533
1183,DATA_20260205_160000.BIN,21.2284,27.4525,18.5712,27.4525,7.4580,1,22.143,22.388
1184,DATA_20260205_160000.BIN,4.2045,17.6402,12.1472,17.6402,4.4110,1,3.640,6.969
1185,DATA_20260205_160000.BIN,9.6639,23.1599,15.6818,23.1599,7.9970,1,5.920,12.012
1186,DATA_20260205_160000.BIN,14.5606,20.4406,13.2620,20.4406,4.3890,1,10.760,13.328
1187,DATA_20260205_160000.BIN,16.0169,23.5080,16.7835,23.5080,5.9180,1,11.289,19.655
1188,DATA_20260205_160000.BIN,16.5584,27.0857,6.9438,27.0857,6.6220,1,10.988,22.130
1189,DATA_20260205_160000.BIN,6.9438,23.9154,3.3623,23.9154,4.5540,1,4.057,5.996
1190,DATA_20260205_160000.BIN,3.3623,15.7341,5.6976,15.7341,8.4150,1,10.085,27.038
1191,DATA_20260205_160000.BIN,3.8427,17.7561,1.2464,17.7561,5.6100,1,5.386,22.194
1192,DATA_20260205_160000.BIN,6.1213,16.7100,3.8051,16.7100,4.3010,1,10.743,23.201
1193,DATA_20260205_160000.BIN,3.8051,17.0139,9.2734,17.0139,9.7790,1,10.936,16.874
1194,DATA_20260205_160000.BIN,9.2734,19.2143,12.2713,19.2143,5.8300,1,3.744,13.312
1195,DATA_20260205_160000.BIN,12.2713,26.0249,16.7134,26.0249,8.9980,1,11.695,18.697
1196,DATA_20260205_160000.BIN,16.7134,25.4136,6.5179,25.4136,4.1140,1,14.028,21.129
1197,DATA_20260205_160000.BIN,6.5179,22.6236,2.3275,22.6236,6.1600,1,13.702,16.503
1198,DATA_20260205_160000.BIN,2.3275,14.5937,5.6952,14.5937,7.9420,1,10.390,14.741
1199,DATA_20260205_160000.BIN,9.1429,15.6837,5.8103,15.6837,4.9170,1,8.955,16.258
1200,DATA_20260205_160000.BIN,5.8103,19.7635,5.0715,19.7635,4.9830,1,4.887,16.066
1201,DATA_20260205_160000.BIN,10.2434,24.1950,12.7379,24.1950,5.8520,1,12.383,14.713
1202,DATA_20260205_160000.BIN,12.7379,20.3890,11.7943,20.3890,2.7170,1,9.754,14.273
1203,DATA_20260205_160000.BIN,11.7943,19.3466,12.0333,19.3466,5.2800,1,8.577,10.492
1204,DATA_20260205_160000.BIN,1.8922,21.5958,13.3531,21.5958,8.2170,1,6.387,11.343
1205,DATA_20260205_170000.BIN,9.7255,19.2664,1.3766,19.2664,2.1340,1,9.313,11.842
1206,DATA_20260205_170000.BIN,1.3766,18.4076,2.7945,18.4076,2.9480,1,5.996,8.052
1207,DATA_20260205_170000.BIN,1.7187,34.7902,5.3905,34.7902,8.2720,1,5.021,12.555
1208,DATA_20260205_170000.BIN,5.3905,13.4406,3.1533,13.4406,1.6390,1,8.017,13.260
1209,DATA_20260205_170000.BIN,3.1533,9.8246,2.8635,9.8246,3.5420,1,1.801,11.737
1210,DATA_20260205_170000.BIN,2.8635,7.4925,1.5838,7.4925,8.9980,1,7.139,10.232
1211,DATA_20260205_170000.BIN,1.5838,8.2456,2.6081,8.2456,5.3350,1,5.335,10.867
1212,DATA_20260205_170000.BIN,2.6081,11.6116,3.7109,11.6116,1.3200,1,6.508,10.975
1213,DATA_20260205_170000.BIN,3.7109,10.9306,2.8350,10.9306,1.6170,1,4.926,8.074
1214,DATA_20260205_170000.BIN,2.8350,16.5771,1.5869,16.5771,3.8830,1,4.909,9.068
1215,DATA_20260205_170000.BIN,1.5869,8.6425,1.7514,8.6425,1.2650,1,4.143,9.533
1216,DATA_20260205_170000.BIN,1.7514,14.6723,3.5866,14.6723,6.6880,1,0.664,8.512
1217,DATA_20260205_170000.BIN,3.5866,11.0144,2.6770,11.0144,3.2890,1,3.844,6.305
1218,DATA_20260205_170000.BIN,2.6770,8.8499,3.4440,8.8499,1.7160,1,2.418,2.444
1219,DATA_20260205_170000.BIN,5.9163,12.6425,6.2611,12.6425,1.5950,1,4.581,6.379
1220,DATA_20260205_170000.BIN,3.3683,22.9885,8.3054,22.9885,1.7380,1,6.325,8.095
1221,DATA_20260205_170000.BIN,4.2624,15.1014,9.0473,15.1014,2.7940,1,7.390,61.137
1222,DATA_20260205_170000.BIN,9.0473,15.3813,9.6116,15.3813,8.8220,1,7.463,49.417
1223,DATA_20260205_170000.BIN,9.6116,17.9648,12.8842,17.9648,7.0180,1,5.965,43.943
1224,DATA_20260205_170000.BIN,12.8842,19.3875,8.7356,19.3875,3.9600,1,9.051,40.734
1225,DATA_20260205_170000.BIN,10.5097,20.4968,12.4321,20.4968,8.4590,1,6.038,34.650
1226,DATA_20260205_170000.BIN,3.7957,16.0165,1.6652,16.0165,4.9170,1,2.644,27.714
1227,DATA_20260205_170000.BIN,1.6652,15.1944,6.2015,15.1944,5.8410,1,4.832,25.319
1228,DATA_20260205_170000.BIN,9.4304,22.5705,6.6595,22.5705,1.8480,1,14.145,33.139
1229,DATA_20260205_170000.BIN,6.7192,17.3132,6.5571,17.3132,3.0470,1,6.349,24.050
1230,DATA_20260205_170000.BIN,10.7209,18.0222,10.4178,18.0222,3.4210,1,6.737,23.430
1231,DATA_20260205_170000.BIN,9.5210,15.4682,0.4214,15.4682,5.5220,1,5.451,16.881
1232,DATA_20260205_170000.BIN,0.4214,11.5896,3.5580,11.5896,1.5180,1,8.680,29.961
1233,DATA_20260205_170000.BIN,8.3744,14.3828,7.7121,14.3828,3.6190,1,14.929,22.004
1234,DATA_20260205_170000.BIN,7.7121,12.8940,7.6098,12.8940,3.3770,1,13.695,18.941
1235,DATA_20260205_170000.BIN,3.6709,14.9775,10.8834,14.9775,3.2010,1,6.107,24.640
1236,DATA_20260205_170000.BIN,10.8834,16.6569,3.9407,16.6569,4.9500,1,13.532,26.206
1237,DATA_20260205_170000.BIN,3.3471,10.7741,3.4400,10.7741,6.3140,1,5.271,5.954
1238,DATA_20260205_170000.BIN,3.8403,8.0703,3.7538,8.0703,3.0250,1,6.768,14.315
1239,DATA_20260205_170000.BIN,4.5741,8.6256,0.3049,8.6256,6.1380,1,5.626,6.877
1240,DATA_20260205_170000.BIN,2.8483,10.4590,2.9726,10.4590,2.8930,1,3.416,5.676
1241,DATA_20260205_170000.BIN,4.8741,17.6585,10.9929,17.6585,2.8270,1,4.360,12.251
1242,DATA_20260205_170000.BIN,10.9929,18.1523,3.8258,18.1523,6.0170,1,10.994,15.832
1243,DATA_20260205_170000.BIN,3.8258,15.4989,6.8512,15.4989,2.1670,1,6.067,6.067
1244,DATA_20260205_170000.BIN,6.8512,17.1190,1.8670,17.1190,2.8270,1,8.161,23.915
1245,DATA_20260205_170000.BIN,1.8670,7.9413,3.0232,7.9413,2.7280,1,4.335,19.119
1246,DATA_20260205_170000.BIN,3.0232,9.4892,1.3591,9.4892,1.5730,1,5.092,14.146
1247,DATA_20260205_170000.BIN,1.3550,6.6278,0.3515,6.6278,2.2550,1,1.999,8.906
1248,DATA_20260205_170000.BIN,0.3515,23.7479,3.3691,23.7479,4.4990,1,3.411,13.564
1249,DATA_20260205_170000.BIN,3.3691,15.7191,2.2522,15.7191,4.3780,1,5.954,12.896
1250,DATA_20260205_170000.BIN,2.2522,23.4294,7.3521,23.4294,7.0180,1,4.072,6.616
1251,DATA_20260205_170000.BIN,7.3521,17.6363,1.6748,17.6363,4.4880,1,9.000,10.873
1252,DATA_20260205_170000.BIN,1.6748,9.0104,0.1403,9.0104,1.2210,1,1.380,9.492
1253,DATA_20260205_170000.BIN,0.1403,7.8121,1.4770,7.8121,1.3090,1,1.588,9.010
1254,DATA_20260205_170000.BIN,1.4770,10.1243,1.1875,10.1243,3.6630,1,1.891,8.432
1255,DATA_20260205_170000.BIN,1.1875,10.4779,1.2315,10.4779,3.8390,1,2.433,8.827
1256,DATA_20260205_170000.BIN,1.2315,15.3261,1.7243,15.3261,3.3000,1,2.262,4.135
1257,DATA_20260205_170000.BIN,1.7243,18.4918,5.3910,18.4918,4.4110,1,2.920,2.984
1258,DATA_20260205_170000.BIN,8.0577,20.5698,5.3931,20.5698,5.3130,1,9.676,9.684
1259,DATA_20260205_170000.BIN,7.8532,16.1705,0.5156,16.1705,5.5220,1,7.834,9.596
1260,DATA_20260205_170000.BIN,0.5156,7.5085,0.9098,7.5085,5.0270,1,2.401,8.180
1261,DATA_20260205_170000.BIN,2.3776,9.4094,1.6697,9.4094,2.6950,1,2.002,2.179
1262,DATA_20260205_170000.BIN,1.6697,8.3066,1.8401,8.3066,2.1560,1,2.883,2.900
1263,DATA_20260205_170000.BIN,1.8401,9.9152,3.3146,9.9152,4.2020,1,3.433,4.068
1264,DATA_20260205_170000.BIN,3.3146,24.7745,0.6946,24.7745,5.6320,1,4.720,7.826
1265,DATA_20260205_170000.BIN,0.6946,6.4090,1.6448,6.4090,2.1340,1,0.867,7.843
1266,DATA_20260205_170000.BIN,1.6448,22.6601,3.1067,22.6601,4.5980,1,1.414,2.209
1267,DATA_20260205_170000.BIN,3.0667,10.8607,1.9269,10.8607,2.4750,1,2.986,3.165
1268,DATA_20260205_170000.BIN,1.9269,7.9602,2.9186,7.9602,1.7820,1,2.050,3.249
1269,DATA_20260205_170000.BIN,2.9186,12.9086,5.4679,12.9086,1.9140,1,3.530,3.907
1270,DATA_20260205_170000.BIN,6.7371,13.7450,7.3013,13.7450,2.1780,1,8.803,9.298
1271,DATA_20260205_170000.BIN,3.8346,10.2650,3.2108,10.2650,1.2100,1,4.297,5.147
1272,DATA_20260205_170000.BIN,1.9516,10.2052,3.0757,10.2052,1.2540,1,2.024,2.278
1273,DATA_20260205_170000.BIN,2.1553,10.0595,2.4980,10.0595,1.2540,1,1.688,2.259
1274,DATA_20260205_170000.BIN,2.4980,9.7366,2.0285,9.7366,1.2760,1,2.165,2.690
1275,DATA_20260205_170000.BIN,2.0285,9.0734,1.9334,9.0734,1.2320,1,1.528,1.683
1276,DATA_20260205_170000.BIN,1.9334,9.2041,1.9737,9.2041,1.2100,1,1.407,1.995
1277,DATA_20260205_170000.BIN,3.6909,10.1587,3.8258,10.1587,1.4080,1,3.603,3.613
1278,DATA_20260205_170000.BIN,3.2830,8.2712,2.0262,8.2712,1.4190,1,2.411,2.923
1279,DATA_20260205_170000.BIN,2.4613,10.4037,3.7267,10.4037,1.3860,1,1.538,1.747
1280,DATA_20260205_170000.BIN,1.9889,10.6300,1.7011,10.6300,1.3530,1,1.248,2.064
1281,DATA_20260205_170000.BIN,1.7011,8.7458,1.4683,8.7458,1.2540,1,0.729,0.799
1282,DATA_20260205_170000.BIN,3.3052,21.4154,1.2735,21.4154,4.5980,1,3.929,3.932
1283,DATA_20260205_170000.BIN,1.2735,7.4464,2.4504,7.4464,1.4410,1,1.492,1.499
1284,DATA_20260205_170000.BIN,2.4504,11.4612,1.8776,11.4612,2.9590,1,3.525,3.734
1285,DATA_20260205_170000.BIN,1.5522,21.9513,3.9570,21.9513,5.7310,1,3.030,3.627
1286,DATA_20260205_170000.BIN,3.9570,12.6781,0.9070,12.6781,6.0720,1,3.809,3.837
1287,DATA_20260205_170000.BIN,0.9070,20.2439,2.9706,20.2439,8.0080,1,1.610,1.701
1288,DATA_20260205_170000.BIN,1.4142,8.2250,1.0074,8.2250,1.2210,1,2.530,5.626
1289,DATA_20260205_170000.BIN,0.9669,7.3783,0.8299,7.3783,2.3650,1,1.964,2.929
1290,DATA_20260205_170000.BIN,0.8299,6.9393,0.9687,6.9393,2.4090,1,0.785,2.967
1291,DATA_20260205_170000.BIN,0.9687,6.5713,0.9487,6.5713,1.2100,1,0.509,3.565
1292,DATA_20260205_170000.BIN,2.5927,11.6265,4.2877,11.6265,7.2820,1,3.390,4.230
1293,DATA_20260205_170000.BIN,4.2877,10.2553,2.0738,10.2553,1.4960,1,5.468,5.798
1294,DATA_20260205_170000.BIN,2.0738,7.1311,1.6616,7.1311,2.3430,1,2.131,2.534
1295,DATA_20260205_170000.BIN,0.7423,7.2178,1.9993,7.2178,3.0140,1,1.219,1.450
1296,DATA_20260205_170000.BIN,1.9993,9.8151,1.1625,9.8151,3.6850,1,1.778,1.791
1297,DATA_20260205_170000.BIN,1.1625,12.4533,1.7298,12.4533,8.1400,1,1.360,4.742
1298,DATA_20260205_170000.BIN,1.7298,26.3326,15.5223,26.3326,5.4890,1,2.044,2.669
1299,DATA_20260205_170000.BIN,15.5223,22.4619,2.8901,22.4619,1.9690,1,18.065,18.379
1300,DATA_20260205_170000.BIN,1.5072,12.0231,4.4413,12.0231,2.2220,1,3.688,3.997
1301,DATA_20260205_170000.BIN,9.4174,16.6276,8.8321,16.6276,5.9840,1,10.609,10.932
1302,DATA_20260205_170000.BIN,8.8321,28.9853,1.4702,28.9853,8.5250,1,9.900,10.069
1303,DATA_20260205_170000.BIN,1.4702,7.3924,1.5692,7.3924,1.2430,1,1.338,1.503
1304,DATA_20260205_170000.BIN,2.5084,8.2848,0.5033,8.2848,3.6080,1,1.929,2.702
1305,DATA_20260205_170000.BIN,0.5033,11.5509,1.3254,11.5509,5.5770,1,2.421,3.536
1306,DATA_20260205_170000.BIN,1.3254,11.5910,0.8782,11.5910,2.5850,1,2.394,3.331
1307,DATA_20260205_170000.BIN,0.8782,6.4078,1.8900,6.4078,3.7620,1,1.444,3.730
1308,DATA_20260205_170000.BIN,1.7236,14.7541,0.4172,14.7541,7.8540,1,2.732,3.631
1309,DATA_20260205_170000.BIN,0.4172,22.3411,2.1066,22.3411,3.7180,1,2.369,2.784
1310,DATA_20260205_170000.BIN,3.9519,23.9013,0.7268,23.9013,2.1560,1,3.351,3.656
1311,DATA_20260205_170000.BIN,1.4074,13.6596,6.6834,13.6596,4.4990,1,2.824,5.404
1312,DATA_20260205_170000.BIN,6.6834,16.2492,1.3524,16.2492,3.0030,1,9.307,9.747
1313,DATA_20260205_170000.BIN,5.2906,18.3695,8.6424,18.3695,4.0370,1,6.913,6.916
1314,DATA_20260205_170000.BIN,1.6057,11.4332,3.4421,11.4332,1.5180,1,1.684,1.836
1315,DATA_20260205_170000.BIN,0.5354,29.0781,23.7326,29.0781,3.9380,1,0.229,1.645
1316,DATA_20260205_170000.BIN,23.7326,27.7275,0.7847,27.7275,4.2130,1,29.039,29.211
1317,DATA_20260205_170000.BIN,1.1419,18.7592,5.2160,18.7592,3.3220,1,3.891,8.123
1318,DATA_20260205_170000.BIN,5.2160,14.0617,0.5468,14.0617,5.3350,1,3.616,7.956
1319,DATA_20260205_170000.BIN,0.5468,6.7538,2.5220,6.7538,3.8170,1,2.355,5.344
1320,DATA_20260205_170000.BIN,2.5220,11.5506,3.4279,11.5506,6.0720,1,1.271,3.706
1321,DATA_20260205_170000.BIN,3.4279,11.6853,6.2927,11.6853,6.7870,1,6.542,6.760
1322,DATA_20260205_170000.BIN,1.1148,8.1963,0.4439,8.1963,2.0570,1,2.100,2.349
1323,DATA_20260205_170000.BIN,0.4439,10.2813,1.3029,10.2813,1.7930,1,2.206,3.021
1324,DATA_20260205_170000.BIN,1.3029,22.6725,3.2316,22.6725,6.5890,1,2.527,2.997
1325,DATA_20260205_170000.BIN,3.2316,23.5132,17.4036,23.5132,6.1490,1,5.589,6.409
1326,DATA_20260205_170000.BIN,17.4036,25.8121,9.2104,25.8121,3.7290,1,21.300,21.300
1327,DATA_20260205_170000.BIN,9.2104,16.0939,0.7890,16.0939,4.4110,1,9.416,10.280
1328,DATA_20260205_170000.BIN,0.7890,13.3669,9.7291,13.3669,1.9910,1,2.124,7.581
1329,DATA_20260205_170000.BIN,9.7291,14.7100,3.3020,14.7100,2.8710,1,9.540,9.566
1330,DATA_20260205_170000.BIN,3.3020,15.3021,5.7544,15.3021,1.6060,1,3.486,3.929
1331,DATA_20260205_170000.BIN,5.7544,24.2420,18.1819,24.2420,2.7940,1,6.843,7.442
1332,DATA_20260205_170000.BIN,18.1819,23.6348,0.3750,23.6348,4.0810,1,24.430,24.756
1333,DATA_20260205_170000.BIN,0.3750,14.5062,0.5899,14.5062,7.6560,1,0.851,1.934
1334,DATA_20260205_170000.BIN,0.5899,8.4562,0.7891,8.4562,6.8090,1,1.090,4.724
1335,DATA_20260205_170000.BIN,0.7891,15.4794,5.9317,15.4794,8.9100,1,0.534,3.183
1336,DATA_20260205_170000.BIN,2.9300,12.8443,0.9830,12.8443,4.3890,1,4.363,7.556
1337,DATA_20260205_170000.BIN,3.4036,26.2678,1.6604,26.2678,6.8310,1,4.677,5.154
1338,DATA_20260205_170000.BIN,1.6604,16.3143,3.3773,16.3143,3.3990,1,1.972,3.251
1339,DATA_20260205_170000.BIN,3.3773,15.3033,9.1328,15.3033,2.1120,1,3.550,4.975
1340,DATA_20260205_170000.BIN,9.1328,13.5845,5.5239,13.5845,4.6750,1,10.344,10.688
1341,DATA_20260205_170000.BIN,5.5239,13.8066,0.2254,13.8066,3.7510,1,5.037,5.605
1342,DATA_20260205_170000.BIN,0.2254,20.7574,7.0072,20.7574,5.7970,1,1.376,6.379
1343,DATA_20260205_170000.BIN,7.0072,15.7596,3.0391,15.7596,1.6830,1,6.326,6.958
1344,DATA_20260205_170000.BIN,3.0391,10.5816,3.0481,10.5816,8.3270,1,4.901,5.290
1345,DATA_20260205_170000.BIN,3.0481,11.6208,1.9857,11.6208,4.7080,1,1.503,2.684
1346,DATA_20260205_170000.BIN,1.9857,6.4362,1.8756,6.4362,6.0170,1,2.664,5.281
1347,DATA_20260205_170000.BIN,1.8756,10.1996,2.3630,10.1996,2.0350,1,2.513,3.313
1348,DATA_20260205_170000.BIN,2.3630,15.1556,5.9597,15.1556,3.0690,1,4.781,6.433
1349,DATA_20260205_170000.BIN,26.4255,32.4976,26.7366,32.4976,3.1900,1,32.267,33.921
1350,DATA_20260205_170000.BIN,26.7366,34.3148,26.1591,34.3148,8.5580,1,29.352,30.498
1351,DATA_20260205_170000.BIN,26.1591,32.3602,8.5965,32.3602,6.3250,1,25.065,25.244
1352,DATA_20260205_170000.BIN,5.8391,12.4062,0.3889,12.4062,9.0860,1,12.853,13.592
1353,DATA_20260205_170000.BIN,0.3889,7.4990,2.4587,7.4990,3.3990,1,8.744,8.744
1354,DATA_20260205_170000.BIN,2.4587,27.3523,8.2819,27.3523,6.3140,1,5.783,7.975
1355,DATA_20260205_170000.BIN,8.2819,18.1261,1.3572,18.1261,1.8480,1,13.777,14.164
1356,DATA_20260205_170000.BIN,2.1055,7.4695,0.7049,7.4695,2.1120,1,6.223,8.595
1357,DATA_20260205_170000.BIN,2.1330,10.6482,5.7077,10.6482,2.4200,1,5.417,6.720
1358,DATA_20260205_170000.BIN,5.7077,14.4858,7.0564,14.4858,3.5420,1,9.035,11.072
1359,DATA_20260205_170000.BIN,7.0564,14.5083,0.5770,14.5083,9.6910,1,9.445,10.842
1360,DATA_20260205_170000.BIN,0.5770,6.4370,1.1645,6.4370,3.9710,1,5.047,5.588
1361,DATA_20260205_170000.BIN,1.1645,16.1663,3.5458,16.1663,6.2810,1,5.730,7.500
1362,DATA_20260205_170000.BIN,2.1647,10.1869,2.8710,10.1869,2.8490,1,2.726,4.991
1363,DATA_20260205_170000.BIN,2.8710,16.8464,2.3418,16.8464,6.3910,1,1.431,2.648
1364,DATA_20260205_170000.BIN,1.3486,32.2673,8.9009,32.2673,8.5030,1,2.332,3.793
1365,DATA_20260205_170000.BIN,8.9009,13.4763,5.3984,13.4763,9.6250,1,10.413,11.073
1366,DATA_20260205_170000.BIN,5.3984,16.2277,8.1470,16.2277,2.6510,1,4.580,7.160
1367,DATA_20260205_170000.BIN,3.9882,18.8540,1.6574,18.8540,2.2440,1,4.590,7.272
1368,DATA_20260205_170000.BIN,1.6574,6.9785,1.0510,6.9785,1.7710,1,5.801,10.191
1369,DATA_20260205_170000.BIN,1.0510,7.8639,1.2515,7.8639,4.5320,1,4.102,9.323
1370,DATA_20260205_170000.BIN,1.2515,11.2574,3.3073,11.2574,9.1410,1,1.637,6.568
1371,DATA_20260205_170000.BIN,1.6148,10.8768,4.2597,10.8768,3.2230,1,0.890,2.341
1372,DATA_20260205_170000.BIN,4.2597,8.2587,1.7164,8.2587,2.2110,1,3.333,7.001
1373,DATA_20260205_170000.BIN,1.7164,9.0065,1.6952,9.0065,1.2650,1,4.172,4.662
1374,DATA_20260205_170000.BIN,1.6952,21.7373,7.0171,21.7373,5.4120,1,2.391,3.820
1375,DATA_20260205_180000.BIN,22.8817,25.5686,22.6485,25.5686,6.1270,1,1.514,3.724
1376,DATA_20260205_200000.BIN,12.9039,17.8613,9.8105,17.8613,7.0290,1,10.572,16.217
1377,DATA_20260205_200000.BIN,10.3367,46.0080,31.9142,46.0080,4.6860,1,21.885,56.693
1378,DATA_20260205_200000.BIN,31.9142,38.0233,17.3820,38.0233,2.6070,1,46.920,60.185
1379,DATA_20260205_200000.BIN,23.2078,27.6893,26.0289,27.6893,6.4130,1,31.184,47.148
1380,DATA_20260205_210000.BIN,3.9718,14.3141,5.3500,14.3141,1.4190,1,65.023,65.506
1381,DATA_20260205_210000.BIN,6.5359,21.4796,10.8238,21.4796,2.8820,1,98.223,98.400
1382,DATA_20260205_210000.BIN,8.4388,19.6470,12.7407,19.6470,1.8590,1,53.675,54.668
1383,DATA_20260205_210000.BIN,5.1623,27.1038,16.2164,27.1038,3.0580,1,90.260,90.306
1384,DATA_20260205_210000.BIN,10.4162,59.1829,12.1521,59.1829,3.0580,1,61.990,62.017
1385,DATA_20260205_210000.BIN,12.1521,22.3269,1.5329,22.3269,1.9030,1,87.614,87.841
1386,DATA_20260205_210000.BIN,1.5329,18.3947,6.8582,18.3947,5.8080,1,69.040,70.532
1387,DATA_20260205_210000.BIN,6.8582,18.8411,3.5241,18.8411,1.5070,1,46.983,47.478
1388,DATA_20260205_210000.BIN,3.5241,24.2274,6.4637,24.2274,3.4650,1,61.274,61.600
1389,DATA_20260205_210000.BIN,6.4637,23.5904,6.7498,23.5904,4.0260,1,49.622,49.687
1390,DATA_20260205_210000.BIN,6.7498,20.8194,10.2173,20.8194,2.3100,1,48.419,48.444
1391,DATA_20260205_210000.BIN,10.2173,20.9700,8.2826,20.9700,1.2870,1,52.109,52.133
1392,DATA_20260205_210000.BIN,8.2826,21.6868,8.7333,21.6868,1.3640,1,24.078,24.116
1393,DATA_20260205_210000.BIN,8.7333,19.1475,7.4404,19.1475,1.4960,1,21.867,21.877
1394,DATA_20260205_210000.BIN,2.5266,15.5478,4.6283,15.5478,1.2760,1,28.811,30.143
1395,DATA_20260205_210000.BIN,4.6283,20.0339,9.5879,20.0339,1.3860,1,25.900,26.278
1396,DATA_20260205_210000.BIN,9.5879,19.1363,2.3226,19.1363,3.8830,1,12.544,12.665
1397,DATA_20260205_210000.BIN,7.6234,19.0708,8.5784,19.0708,1.2760,1,14.843,14.872
1398,DATA_20260205_210000.BIN,8.5784,19.1470,5.1387,19.1470,2.6840,1,26.337,26.345
1399,DATA_20260205_210000.BIN,5.1387,16.3475,5.7308,16.3475,2.3760,1,16.903,17.118
1400,DATA_20260205_210000.BIN,5.7308,19.4568,6.3520,19.4568,1.3530,1,14.737,14.842
1401,DATA_20260205_210000.BIN,9.5947,22.2552,10.8749,22.2552,1.8260,1,0.532,1.655
1402,DATA_20260205_210000.BIN,10.8749,20.4136,8.4187,20.4136,1.8260,1,13.134,13.388
1403,DATA_20260205_210000.BIN,8.4187,21.8425,8.0588,21.8425,2.0130,1,4.949,4.956
1404,DATA_20260205_210000.BIN,8.0588,21.9159,4.5343,21.9159,2.1450,1,10.648,10.648
1405,DATA_20260205_210000.BIN,4.5343,20.4894,6.7477,20.4894,1.8040,1,15.033,15.150
1406,DATA_20260205_210000.BIN,6.7477,20.7129,8.7038,20.7129,2.3760,1,11.036,11.083
1407,DATA_20260205_210000.BIN,8.7038,20.0606,10.4025,20.0606,1.2980,1,5.313,5.438
1408,DATA_20260205_210000.BIN,10.4025,21.2123,9.2953,21.2123,1.2870,1,7.654,8.004
1409,DATA_20260205_210000.BIN,9.2953,20.1053,7.5162,20.1053,1.7930,1,1.077,1.483
1410,DATA_20260205_210000.BIN,7.5162,18.6793,8.9150,18.6793,1.8810,1,0.249,1.538
1411,DATA_20260205_210000.BIN,8.9150,19.5258,2.0088,19.5258,1.4080,1,3.850,4.136
1412,DATA_20260205_210000.BIN,2.0088,20.0518,1.4213,20.0518,1.5400,1,13.505,14.558
1413,DATA_20260205_210000.BIN,1.4213,16.0448,8.8781,16.0448,2.7940,1,17.161,18.725
1414,DATA_20260205_210000.BIN,8.8781,88.0549,6.2406,88.0549,7.5350,1,17.346,17.347
1415,DATA_20260205_210000.BIN,3.1723,60.6239,15.1893,60.6239,4.3230,1,17.111,17.165
1416,DATA_20260205_210000.BIN,15.1893,25.2256,6.8696,25.2256,6.6000,1,35.444,35.487
1417,DATA_20260205_210000.BIN,9.8058,31.0208,12.0944,31.0208,4.6420,1,5.962,7.247
1418,DATA_20260205_210000.BIN,12.0944,19.2541,3.9619,19.2541,1.9470,1,12.939,13.187
1419,DATA_20260205_210000.BIN,3.9619,24.7024,13.5107,24.7024,9.1850,1,12.742,12.795
1420,DATA_20260205_210000.BIN,7.8379,15.4071,7.6867,15.4071,3.3220,1,4.782,4.784
1421,DATA_20260205_210000.BIN,7.6867,17.0100,3.5870,17.0100,5.4890,1,12.982,12.984
1422,DATA_20260205_210000.BIN,3.5870,16.9040,3.4097,16.9040,1.3200,1,7.829,7.860
1423,DATA_20260205_210000.BIN,3.4097,21.9736,9.9029,21.9736,2.1230,1,13.717,13.735
1424,DATA_20260205_210000.BIN,10.3333,21.4420,8.8567,21.4420,1.5730,1,24.929,25.192
1425,DATA_20260205_210000.BIN,8.8567,18.8615,8.9153,18.8615,1.2870,1,6.105,6.156
1426,DATA_20260205_210000.BIN,8.9153,21.1756,7.1533,21.1756,2.0680,1,8.361,8.372
1427,DATA_20260205_210000.BIN,7.1533,18.8365,3.2426,18.8365,2.2880,1,3.504,3.585
1428,DATA_20260205_210000.BIN,3.2426,21.9182,12.7157,21.9182,1.7930,1,8.138,8.385
1429,DATA_20260205_210000.BIN,12.7157,18.2804,4.0275,18.2804,2.3540,1,18.323,18.482
1430,DATA_20260205_210000.BIN,4.0275,16.5841,4.4769,16.5841,1.9800,1,9.549,10.296
1431,DATA_20260205_210000.BIN,4.4769,19.6705,9.9515,19.6705,1.6280,1,12.332,12.686
1432,DATA_20260205_210000.BIN,9.9515,24.2028,9.1024,24.2028,1.5180,1,15.539,15.879
1433,DATA_20260205_210000.BIN,9.1024,20.1727,6.1012,20.1727,1.2210,1,7.583,8.040
1434,DATA_20260205_210000.BIN,6.1012,16.4540,9.3163,16.4540,2.2440,1,2.563,2.606
1435,DATA_20260205_210000.BIN,7.9127,22.7558,10.5528,22.7558,2.1890,1,8.725,8.803
1436,DATA_20260205_210000.BIN,10.5528,21.2347,7.3556,21.2347,2.8490,1,12.341,12.408
1437,DATA_20260205_210000.BIN,7.3556,20.8009,8.4387,20.8009,1.9580,1,5.308,5.461
1438,DATA_20260205_210000.BIN,8.4387,21.7491,6.5363,21.7491,2.9700,1,4.210,4.398
1439,DATA_20260205_210000.BIN,5.9673,20.5224,7.1047,20.5224,1.5070,1,10.694,10.699
1440,DATA_20260205_210000.BIN,7.1047,20.1784,1.5764,20.1784,1.2760,1,2.576,2.762
1441,DATA_20260205_210000.BIN,1.5764,46.3774,8.9423,46.3774,6.8310,1,16.125,16.482
1442,DATA_20260205_210000.BIN,8.9423,24.0419,8.7769,24.0419,2.4640,1,7.301,7.381
1443,DATA_20260205_210000.BIN,5.6878,18.9310,6.0635,18.9310,1.5840,1,1.621,2.617
1444,DATA_20260205_210000.BIN,6.0635,15.3764,9.5043,15.3764,4.1360,1,4.285,4.914
1445,DATA_20260205_210000.BIN,9.5043,19.1004,8.5422,19.1004,1.5950,1,20.696,20.701
1446,DATA_20260205_210000.BIN,8.5422,22.1345,8.3687,22.1345,1.9470,1,6.755,6.759
1447,DATA_20260205_210000.BIN,8.3687,21.1398,7.8215,21.1398,1.4850,1,1.311,2.210
1448,DATA_20260205_210000.BIN,7.8215,18.4965,1.1793,18.4965,9.7460,1,14.500,14.500
1449,DATA_20260205_210000.BIN,1.1793,18.6634,5.2820,18.6634,5.3240,1,9.777,10.580
1450,DATA_20260205_210000.BIN,5.5851,20.5900,3.2897,20.5900,4.1140,1,8.668,8.711
1451,DATA_20260205_210000.BIN,3.2897,19.1106,3.9509,19.1106,4.5540,1,15.830,16.074
1452,DATA_20260205_210000.BIN,3.9509,17.0066,2.7944,17.0066,6.1600,1,5.737,5.743
1453,DATA_20260205_210000.BIN,2.7944,18.4125,11.5075,18.4125,9.9000,1,12.832,13.474
1454,DATA_20260205_210000.BIN,5.8340,20.8412,5.1015,20.8412,1.3200,1,3.064,3.065
1455,DATA_20260205_210000.BIN,5.1015,19.9162,3.9150,19.9162,1.2980,1,5.860,5.970
1456,DATA_20260205_210000.BIN,3.9150,18.2880,6.5087,18.2880,3.6190,1,8.500,8.508
1457,DATA_20260205_210000.BIN,6.5087,15.0919,7.3435,15.0919,4.4110,1,17.851,17.881
1458,DATA_20260205_210000.BIN,7.3435,22.9490,9.0475,22.9490,1.5730,1,5.900,6.283
1459,DATA_20260205_210000.BIN,9.0475,23.3391,6.3318,23.3391,1.4190,1,1.998,5.187
1460,DATA_20260205_210000.BIN,6.3318,20.9235,5.9739,20.9235,1.4960,1,7.065,7.470
1461,DATA_20260205_210000.BIN,1.4021,20.1603,10.8620,20.1603,2.5740,1,11.341,11.437
1462,DATA_20260205_210000.BIN,8.4601,18.7197,2.6680,18.7197,2.8600,1,17.600,17.614
1463,DATA_20260205_210000.BIN,2.6680,16.2598,1.0428,16.2598,6.3360,1,8.721,9.008
1464,DATA_20260205_210000.BIN,1.0428,20.3206,7.0579,20.3206,2.4640,1,11.406,11.599
1465,DATA_20260205_210000.BIN,7.8169,20.3516,6.4410,20.3516,1.5840,1,6.953,7.119
1466,DATA_20260205_210000.BIN,6.4410,88.7355,10.1831,88.7355,5.7310,1,5.000,5.016
1467,DATA_20260205_210000.BIN,10.1831,24.1552,11.2567,24.1552,1.2650,1,8.099,8.848
1468,DATA_20260205_210000.BIN,11.2567,22.2034,9.7385,22.2034,1.1880,1,8.967,9.736
1469,DATA_20260205_210000.BIN,9.7385,24.0507,6.6301,24.0507,1.3860,1,4.134,5.613
1470,DATA_20260205_210000.BIN,6.6301,21.5323,8.9432,21.5323,1.2870,1,5.702,5.790
1471,DATA_20260205_210000.BIN,8.9432,20.4769,4.3109,20.4769,1.2980,1,5.289,5.412
1472,DATA_20260205_210000.BIN,4.3109,25.4562,4.6726,25.4562,2.3320,1,8.649,8.655
1473,DATA_20260205_210000.BIN,8.5905,16.3996,1.6350,16.3996,1.5950,1,14.455,14.809
1474,DATA_20260205_210000.BIN,1.6350,21.7939,6.6274,21.7939,2.7170,1,7.833,9.689
1475,DATA_20260205_210000.BIN,6.6274,21.3184,8.7115,21.3184,1.4850,1,3.637,4.646
1476,DATA_20260205_210000.BIN,10.9221,21.8801,9.0158,21.8801,1.3860,1,29.758,30.056
1477,DATA_20260205_210000.BIN,9.0158,22.4047,10.9724,22.4047,1.9580,1,5.124,6.263
1478,DATA_20260205_210000.BIN,10.9724,22.8431,7.9695,22.8431,1.5180,1,8.846,10.153
1479,DATA_20260205_210000.BIN,7.9695,18.2909,4.8997,18.2909,1.9360,1,7.423,7.545
1480,DATA_20260205_210000.BIN,4.8997,14.9891,3.3357,14.9891,2.0790,1,7.712,8.053
1481,DATA_20260205_210000.BIN,8.9683,17.9545,8.2791,17.9545,1.2650,1,12.235,12.240
1482,DATA_20260205_210000.BIN,0.7089,14.3789,6.9475,14.3789,3.2230,1,9.274,10.253
1483,DATA_20260205_210000.BIN,7.6012,16.0673,3.6649,16.0673,1.9030,1,13.313,13.344
1484,DATA_20260205_210000.BIN,9.5420,16.1126,6.2668,16.1126,7.1390,1,18.894,18.965
1485,DATA_20260205_210000.BIN,7.7917,15.8675,2.4006,15.8675,5.2360,1,12.163,12.347
1486,DATA_20260205_210000.BIN,7.8219,14.8858,4.3014,14.8858,7.4470,1,22.328,22.477
1487,DATA_20260205_210000.BIN,6.5867,14.4506,7.5233,14.4506,9.5480,1,11.029,11.595
1488,DATA_20260205_210000.BIN,7.5233,16.3882,6.4559,16.3882,3.5750,1,15.463,16.132
1489,DATA_20260205_210000.BIN,6.4559,12.2551,6.1923,12.2551,7.6010,1,11.565,12.414
1490,DATA_20260205_210000.BIN,0.6031,10.7117,2.3882,10.7117,2.2990,1,8.128,9.012
1491,DATA_20260205_210000.BIN,2.3882,12.6162,3.7240,12.6162,3.1020,1,4.155,4.941
1492,DATA_20260205_210000.BIN,0.8963,15.3525,5.1193,15.3525,1.8810,1,4.352,5.689
1493,DATA_20260205_210000.BIN,5.1193,14.8854,2.9571,14.8854,2.2330,1,14.788,14.810
1494,DATA_20260205_210000.BIN,2.9571,16.0158,6.8012,16.0158,1.4960,1,3.361,4.165
1495,DATA_20260205_210000.BIN,6.8012,17.3063,8.6162,17.3063,2.4860,1,11.605,11.639
1496,DATA_20260205_210000.BIN,8.6162,17.7645,6.9162,17.7645,3.2560,1,13.875,14.052
1497,DATA_20260205_210000.BIN,6.9162,17.6729,9.3638,17.6729,1.2760,1,16.011,16.016
1498,DATA_20260205_210000.BIN,9.3638,62.0722,10.5594,62.0722,4.1030,1,8.128,8.553
1499,DATA_20260205_210000.BIN,10.5594,60.4781,16.1229,60.4781,6.6990,1,18.040,18.050
1500,DATA_20260205_210000.BIN,3.2413,16.3891,3.1508,16.3891,4.8510,1,11.041,12.528
1501,DATA_20260205_210000.BIN,3.1508,16.7999,3.8207,16.7999,1.2870,1,7.302,8.517
1502,DATA_20260205_210000.BIN,3.8207,16.0106,6.8657,16.0106,1.2760,1,8.494,8.528
1503,DATA_20260205_210000.BIN,6.8657,16.0723,5.8386,16.0723,1.2100,1,8.727,8.954
1504,DATA_20260205_210000.BIN,5.8386,16.9470,4.9118,16.9470,1.2540,1,4.481,4.551
1505,DATA_20260205_210000.BIN,4.9118,14.2704,3.7245,14.2704,1.4850,1,5.406,5.458
1506,DATA_20260205_210000.BIN,1.2537,11.2270,2.3254,11.2270,4.7410,1,3.472,5.554
1507,DATA_20260205_210000.BIN,2.3254,12.8213,5.0870,12.8213,4.9940,1,3.325,4.481
1508,DATA_20260205_210000.BIN,5.0870,14.7588,2.1140,14.7588,4.3560,1,12.778,13.006
1509,DATA_20260205_210000.BIN,2.6292,10.7026,4.7512,10.7026,3.7400,1,9.678,10.366
1510,DATA_20260205_210000.BIN,4.7023,18.5983,2.1372,18.5983,1.9140,1,4.517,4.530
1511,DATA_20260205_210000.BIN,2.1372,23.0111,3.7282,23.0111,3.6960,1,2.542,4.978
1512,DATA_20260205_210000.BIN,3.7282,16.7870,3.6877,16.7870,1.5840,1,8.329,8.336
1513,DATA_20260205_210000.BIN,3.6877,15.1500,1.0444,15.1500,1.4080,1,6.956,7.565
1514,DATA_20260205_210000.BIN,1.0444,23.0341,1.1869,23.0341,4.5760,1,10.699,11.342
1515,DATA_20260205_210000.BIN,1.1869,13.5618,3.5086,13.5618,1.6720,1,6.738,7.246
1516,DATA_20260205_210000.BIN,3.5086,15.5713,1.6449,15.5713,1.5070,1,5.758,5.933
1517,DATA_20260205_210000.BIN,1.6449,13.6662,0.2487,13.6662,5.0600,1,8.358,8.483
1518,DATA_20260205_210000.BIN,0.2487,13.5621,3.4586,13.5621,3.7290,1,6.080,6.971
1519,DATA_20260205_210000.BIN,1.6433,27.5399,1.3063,27.5399,8.1620,1,5.058,6.108
1520,DATA_20260205_210000.BIN,1.3063,12.4724,6.4327,12.4724,3.2670,1,6.422,6.631
1521,DATA_20260205_210000.BIN,6.4327,11.5012,5.3705,11.5012,4.5760,1,23.805,23.986
1522,DATA_20260205_210000.BIN,5.3705,28.9809,23.6565,28.9809,4.1250,1,8.401,8.545
1523,DATA_20260205_210000.BIN,23.6565,30.1127,3.8023,30.1127,1.9140,1,43.068,44.117
1524,DATA_20260205_210000.BIN,3.8023,14.9125,1.4194,14.9125,2.3760,1,7.830,7.918
1525,DATA_20260205_210000.BIN,2.3236,27.5140,2.7286,27.5140,4.9720,1,4.460,4.460
1526,DATA_20260205_210000.BIN,2.7286,15.5637,3.0058,15.5637,6.3580,1,8.072,8.085
1527,DATA_20260205_210000.BIN,3.0058,89.2473,5.1529,89.2473,6.7430,1,5.248,5.741
1528,DATA_20260205_210000.BIN,5.1529,73.6392,44.2003,73.6392,2.5190,1,13.844,13.844
1529,DATA_20260205_210000.BIN,44.2003,80.7365,69.2848,80.7365,2.8270,1,63.745,64.346
1530,DATA_20260205_210000.BIN,69.2848,80.2512,52.0301,80.2512,1.5620,1,129.474,164.618
1531,DATA_20260205_210000.BIN,52.0301,81.6623,21.7140,81.6623,3.2120,1,50.865,52.718
1532,DATA_20260205_210000.BIN,21.7140,86.9719,25.5336,86.9719,4.7520,1,16.679,16.975
1533,DATA_20260205_210000.BIN,25.5336,65.8177,1.8593,65.8177,4.1910,1,28.748,28.811
1534,DATA_20260205_210000.BIN,1.8593,17.7997,2.8673,17.7997,1.6390,1,29.192,30.956
1535,DATA_20260205_210000.BIN,2.8673,14.2196,3.1887,14.2196,2.0680,1,29.037,30.839
1536,DATA_20260205_210000.BIN,3.1887,12.1957,0.9312,12.1957,7.5570,1,27.073,28.409
1537,DATA_20260205_210000.BIN,0.9312,10.6532,2.5095,10.6532,6.7540,1,17.908,18.211
1538,DATA_20260205_210000.BIN,2.5095,17.5940,4.2139,17.5940,3.9710,1,23.642,23.922
1539,DATA_20260205_210000.BIN,4.2139,13.1893,3.3654,13.1893,1.6500,1,26.975,27.954
1540,DATA_20260205_210000.BIN,0.9061,29.3968,0.5892,29.3968,4.7740,1,10.117,10.327
1541,DATA_20260205_210000.BIN,2.6480,11.4976,2.9502,11.4976,2.4200,1,15.667,16.750
1542,DATA_20260205_210000.BIN,2.9502,72.1004,2.3163,72.1004,4.7300,1,4.406,5.485
1543,DATA_20260205_210000.BIN,3.0919,47.4240,1.5513,47.4240,6.8420,1,15.985,16.211
1544,DATA_20260205_210000.BIN,1.5513,11.2177,3.5254,11.2177,3.6960,1,9.308,9.331
1545,DATA_20260205_210000.BIN,3.2774,82.3094,52.2164,82.3094,8.5800,1,14.352,14.413
1546,DATA_20260205_210000.BIN,1.4622,9.0715,2.3229,9.0715,1.5840,1,5.628,5.633
1547,DATA_20260205_210000.BIN,2.3229,22.8084,2.0479,22.8084,6.2260,1,11.441,11.516
1548,DATA_20260205_210000.BIN,2.0479,10.0553,1.8979,10.0553,2.1230,1,9.892,10.255
1549,DATA_20260205_210000.BIN,0.2799,13.1496,4.0794,13.1496,3.3220,1,1.620,2.766
1550,DATA_20260205_210000.BIN,3.9840,14.4262,3.9729,14.4262,2.0350,1,6.062,6.234
1551,DATA_20260205_210000.BIN,3.9729,30.2751,1.8454,30.2751,9.2070,1,6.092,6.378
1552,DATA_20260205_210000.BIN,1.8454,7.9744,1.4047,7.9744,2.8710,1,5.726,5.744
1553,DATA_20260205_210000.BIN,1.4047,10.2971,2.8726,10.2971,9.8670,1,7.862,7.864
1554,DATA_20260205_210000.BIN,1.2929,12.4427,4.5757,12.4427,4.9940,1,10.716,10.872
1555,DATA_20260205_210000.BIN,0.1975,5.7584,0.8014,5.7584,9.2730,1,11.071,11.611
1556,DATA_20260205_210000.BIN,2.9079,10.7681,3.4679,10.7681,3.9600,1,7.525,8.275
1557,DATA_20260205_210000.BIN,6.9798,14.3586,6.5508,14.3586,2.5410,1,9.335,10.459
1558,DATA_20260205_210000.BIN,6.5508,17.7355,10.2946,17.7355,4.5540,1,6.410,7.787
1559,DATA_20260205_210000.BIN,3.5847,10.6273,4.5433,10.6273,3.7510,1,15.288,15.332
1560,DATA_20260205_210000.BIN,1.8007,74.0585,1.1462,74.0585,7.3150,1,7.980,8.013
1561,DATA_20260205_210000.BIN,2.9661,13.6348,1.7650,13.6348,2.7500,1,9.292,9.348
1562,DATA_20260205_210000.BIN,3.1838,11.2069,0.7427,11.2069,3.1350,1,8.263,8.752
1563,DATA_20260205_210000.BIN,0.7427,9.8210,1.9515,9.8210,2.5520,1,9.695,9.968
1564,DATA_20260205_210000.BIN,1.9515,8.2731,1.4339,8.2731,4.0480,1,5.585,6.829
1565,DATA_20260205_210000.BIN,3.3239,11.3861,2.6908,11.3861,1.9910,1,11.376,12.048
1566,DATA_20260205_210000.BIN,2.6908,21.7674,0.4062,21.7674,8.8770,1,5.797,6.259
1567,DATA_20260205_210000.BIN,0.4062,15.8414,2.6350,15.8414,8.4370,1,7.953,8.506
1568,DATA_20260205_210000.BIN,2.6350,24.3743,4.1537,24.3743,2.3650,1,7.444,7.486
1569,DATA_20260205_210000.BIN,4.1537,13.6421,2.6105,13.6421,9.0090,1,6.188,6.907
1570,DATA_20260205_210000.BIN,2.6105,17.4909,3.1898,17.4909,6.9190,1,7.203,8.419
1571,DATA_20260205_210000.BIN,3.1898,10.0295,1.8134,10.0295,2.3540,1,7.178,7.907
1572,DATA_20260205_210000.BIN,1.8134,10.5849,1.3454,10.5849,9.2950,1,2.705,2.806
1573,DATA_20260205_210000.BIN,2.4070,12.6886,5.0923,12.6886,3.1900,1,9.086,9.086
1574,DATA_20260205_210000.BIN,1.1471,12.1944,1.6273,12.1944,2.1230,1,6.079,6.329
1575,DATA_20260205_210000.BIN,1.6273,10.1927,1.0269,10.1927,7.0620,1,4.944,5.088
1576,DATA_20260205_210000.BIN,0.6333,9.7061,3.4124,9.7061,2.7280,1,9.232,10.216
1577,DATA_20260205_210000.BIN,1.7403,10.1438,0.6363,10.1438,5.8300,1,5.658,5.662
1578,DATA_20260205_210000.BIN,0.6363,10.6104,1.1734,10.6104,4.5430,1,0.828,1.099
1579,DATA_20260205_210000.BIN,1.1734,17.3382,2.7154,17.3382,4.0040,1,1.833,2.020
1580,DATA_20260205_210000.BIN,2.7154,10.9201,1.4371,10.9201,8.0300,1,7.747,7.748
1581,DATA_20260205_210000.BIN,1.4371,8.0545,1.2173,8.0545,6.3030,1,5.195,5.199
1582,DATA_20260205_210000.BIN,0.4785,9.2063,1.3639,9.2063,1.6720,1,5.676,6.381
1583,DATA_20260205_210000.BIN,1.3639,10.9011,4.0471,10.9011,1.8590,1,8.305,8.792
1584,DATA_20260205_210000.BIN,1.2660,11.2033,4.8086,11.2033,1.8590,1,13.029,14.646
1585,DATA_20260205_210000.BIN,4.8086,14.3191,4.7131,14.3191,5.8410,1,9.240,11.773
1586,DATA_20260205_210000.BIN,2.6133,10.2710,5.1637,10.2710,2.7720,1,9.336,9.470
1587,DATA_20260205_210000.BIN,5.1637,27.8380,2.2687,27.8380,4.8950,1,11.654,11.817
1588,DATA_20260205_210000.BIN,4.9095,13.9326,2.6477,13.9326,7.9090,1,8.451,8.900
1589,DATA_20260205_210000.BIN,2.6477,78.6725,1.2163,78.6725,4.2570,1,4.507,4.544
1590,DATA_20260205_210000.BIN,1.2163,11.4587,2.4615,11.4587,5.6210,1,2.640,3.500
1591,DATA_20260205_210000.BIN,2.4615,10.1149,1.2591,10.1149,3.4100,1,6.745,6.838
1592,DATA_20260205_210000.BIN,1.2591,12.3477,2.2707,12.3477,1.8260,1,3.026,3.048
1593,DATA_20260205_210000.BIN,4.2076,10.3780,2.5192,10.3780,2.2110,1,11.733,11.774
1594,DATA_20260205_210000.BIN,2.5192,12.0223,4.3803,12.0223,1.4960,1,7.713,8.704
1595,DATA_20260205_210000.BIN,4.3803,12.0956,0.1224,12.0956,3.0910,1,11.683,13.064
1596,DATA_20260205_210000.BIN,0.1224,31.0033,16.6277,31.0033,8.1290,1,6.517,6.571
1597,DATA_20260205_210000.BIN,16.6277,55.8065,5.5147,55.8065,6.3800,1,24.471,26.499
1598,DATA_20260205_210000.BIN,5.5147,15.2372,6.0258,15.2372,3.2670,1,9.951,11.476
1599,DATA_20260205_210000.BIN,3.7543,15.1621,5.0608,15.1621,3.3440,1,8.009,8.328
1600,DATA_20260205_210000.BIN,7.0748,15.0455,3.0112,15.0455,4.2460,1,46.653,47.228
1601,DATA_20260205_210000.BIN,4.7905,11.2876,3.9230,11.2876,1.3530,1,8.630,9.181
1602,DATA_20260205_210000.BIN,3.9230,14.2914,5.1325,14.2914,4.8950,1,3.287,3.960
1603,DATA_20260205_210000.BIN,5.1325,11.5831,4.9055,11.5831,7.9310,1,24.168,24.293
1604,DATA_20260205_210000.BIN,1.2023,12.7434,3.8391,12.7434,1.7160,1,16.489,16.494
1605,DATA_20260205_210000.BIN,3.8391,11.8549,2.9377,11.8549,1.2870,1,4.426,4.825
1606,DATA_20260205_210000.BIN,2.9377,13.6370,7.4121,13.6370,8.0300,1,4.520,5.099
1607,DATA_20260205_210000.BIN,7.4121,15.7076,7.2516,15.7076,4.7850,1,12.987,13.799
1608,DATA_20260205_210000.BIN,7.0237,16.6248,5.8935,16.6248,4.3670,1,5.079,8.901
1609,DATA_20260205_210000.BIN,5.8935,16.2707,2.7625,16.2707,2.7500,1,3.576,6.245
1610,DATA_20260205_210000.BIN,2.7625,14.0909,4.5623,14.0909,1.3420,1,3.304,3.374
1611,DATA_20260205_210000.BIN,4.5623,26.6660,17.3915,26.6660,1.8480,1,2.799,2.913
1612,DATA_20260205_210000.BIN,17.3915,28.1072,4.9045,28.1072,2.6950,1,37.944,38.238
1613,DATA_20260205_210000.BIN,2.3246,13.5086,5.2867,13.5086,1.6610,1,15.609,15.619
1614,DATA_20260205_210000.BIN,7.3078,16.5505,5.4875,16.5505,1.7930,1,7.591,8.328
1615,DATA_20260205_210000.BIN,5.4875,16.4343,1.9972,16.4343,1.9690,1,5.689,5.996
1616,DATA_20260205_210000.BIN,1.9972,16.7112,3.8037,16.7112,3.5200,1,18.106,18.183
1617,DATA_20260205_210000.BIN,3.8037,14.0572,3.9546,14.0572,1.5510,1,6.899,6.918
1618,DATA_20260205_210000.BIN,3.9546,16.8422,6.5237,16.8422,5.6320,1,9.651,9.654
1619,DATA_20260205_210000.BIN,6.5237,18.6067,2.2589,18.6067,4.5870,1,12.445,12.997
1620,DATA_20260205_210000.BIN,2.2589,15.4923,4.4589,15.4923,1.2210,1,2.191,2.925
1621,DATA_20260205_210000.BIN,4.4589,17.3960,3.8397,17.3960,4.5980,1,8.453,8.509
1622,DATA_20260205_210000.BIN,3.8397,15.7501,1.0834,15.7501,1.4960,1,8.258,8.331
1623,DATA_20260205_210000.BIN,1.0834,14.5590,8.1360,14.5590,7.3810,1,7.031,7.245
1624,DATA_20260205_210000.BIN,5.0732,19.3011,8.7185,19.3011,3.7510,1,9.271,10.930
1625,DATA_20260205_210000.BIN,8.7185,19.0954,6.7751,19.0954,3.5420,1,16.203,16.563
1626,DATA_20260205_210000.BIN,10.5928,29.7824,10.1267,29.7824,6.5780,1,11.076,12.331
1627,DATA_20260205_210000.BIN,10.1267,17.9488,2.7808,17.9488,1.3640,1,14.043,15.003
1628,DATA_20260205_210000.BIN,2.7808,80.6417,14.6032,80.6417,7.2820,1,3.350,3.388
1629,DATA_20260205_210000.BIN,4.2705,15.9934,6.2187,15.9934,3.8170,1,8.075,8.453
1630,DATA_20260205_210000.BIN,6.2187,16.8251,2.8425,16.8251,1.8590,1,15.432,15.684
1631,DATA_20260205_210000.BIN,5.4916,23.7297,2.8312,23.7297,8.7340,1,15.616,16.067
1632,DATA_20260205_210000.BIN,2.8312,23.5220,8.5741,23.5220,9.3280,1,11.570,11.718
1633,DATA_20260205_210000.BIN,13.3889,25.5136,16.4829,25.5136,9.0970,1,16.044,17.954
1634,DATA_20260205_210000.BIN,9.3641,20.5871,5.6971,20.5871,5.5550,1,3.070,5.369
1635,DATA_20260205_210000.BIN,10.3623,21.5587,5.1412,21.5587,9.0200,1,9.858,10.846
1636,DATA_20260205_210000.BIN,5.1412,16.2888,6.5022,16.2888,1.5400,1,8.166,8.273
1637,DATA_20260205_210000.BIN,6.5022,15.8678,6.7374,15.8678,1.2540,1,12.903,12.915
1638,DATA_20260205_210000.BIN,6.7374,23.7749,10.7242,23.7749,3.7180,1,13.808,13.808
1639,DATA_20260205_210000.BIN,10.7242,19.2763,6.2511,19.2763,4.6420,1,5.545,7.054
1640,DATA_20260205_210000.BIN,8.4139,21.1623,9.6110,21.1623,8.2170,1,7.566,7.845
1641,DATA_20260205_210000.BIN,9.6110,18.3325,8.4621,18.3325,1.5950,1,6.496,8.539
1642,DATA_20260205_210000.BIN,8.4621,34.7698,5.0195,34.7698,5.0380,1,11.587,11.642
1643,DATA_20260205_210000.BIN,5.0195,22.3655,8.6075,22.3655,1.4960,1,4.122,4.938
1644,DATA_20260205_210000.BIN,6.6509,16.7733,5.7870,16.7733,1.6720,1,14.631,14.681
1645,DATA_20260205_210000.BIN,5.7870,44.0104,6.6839,44.0104,3.0690,1,7.238,7.250
1646,DATA_20260205_210000.BIN,6.6839,18.9795,7.0220,18.9795,1.3310,1,5.737,5.768
1647,DATA_20260205_210000.BIN,7.0220,18.9019,10.1693,18.9019,1.4410,1,8.067,8.067
1648,DATA_20260205_210000.BIN,10.1693,28.8880,7.4756,28.8880,3.4320,1,4.195,6.349
1649,DATA_20260205_210000.BIN,7.4756,20.5577,5.8030,20.5577,1.3970,1,14.282,14.336
1650,DATA_20260205_210000.BIN,5.8030,19.9193,7.1115,19.9193,1.4080,1,6.054,6.234
1651,DATA_20260205_210000.BIN,7.1115,20.0352,8.8630,20.0352,2.5410,1,12.600,12.607
1652,DATA_20260205_210000.BIN,8.8630,18.1241,3.9789,18.1241,1.4520,1,5.469,5.869
1653,DATA_20260205_210000.BIN,3.9789,21.7567,4.0637,21.7567,6.1380,1,8.069,8.373
1654,DATA_20260205_210000.BIN,4.0637,16.7185,8.1315,16.7185,1.2760,1,4.609,5.623
1655,DATA_20260205_210000.BIN,8.1315,16.1415,6.1969,16.1415,1.4740,1,9.734,9.740
1656,DATA_20260205_210000.BIN,6.1969,16.1689,7.3998,16.1689,1.3640,1,5.017,5.383
1657,DATA_20260205_210000.BIN,7.3998,17.1544,7.3608,17.1544,1.5510,1,6.661,6.665
1658,DATA_20260205_210000.BIN,7.3608,17.8668,9.8177,17.8668,1.4630,1,4.536,4.537
1659,DATA_20260205_210000.BIN,9.8177,16.7354,6.2350,16.7354,1.7050,1,6.513,7.195
1660,DATA_20260205_210000.BIN,6.2350,17.1334,9.2605,17.1334,1.5510,1,4.708,4.725
1661,DATA_20260205_210000.BIN,9.2605,19.8464,9.1973,19.8464,1.5510,1,7.181,7.272
1662,DATA_20260205_210000.BIN,9.1973,30.4682,7.9432,30.4682,7.8210,1,7.083,7.132
1663,DATA_20260205_210000.BIN,7.9432,21.2759,5.3645,21.2759,2.6400,1,12.193,12.199
1664,DATA_20260205_210000.BIN,5.3645,27.6434,6.2687,27.6434,3.3000,1,3.126,3.560
1665,DATA_20260205_210000.BIN,6.2687,18.5081,3.6066,18.5081,1.2870,1,4.388,4.412
1666,DATA_20260205_210000.BIN,3.6066,16.0787,3.9077,16.0787,1.5400,1,2.944,4.981
1667,DATA_20260205_210000.BIN,3.9077,40.5301,4.9094,40.5301,1.7050,1,4.448,5.651
1668,DATA_20260205_210000.BIN,4.9094,22.7422,9.1390,22.7422,0.9020,1,23.156,23.168
1669,DATA_20260205_210000.BIN,9.1390,93.4398,7.4997,93.4398,7.6560,1,10.026,10.667
1670,DATA_20260205_210000.BIN,7.4997,18.3117,1.4910,18.3117,1.1880,1,16.857,16.860
1671,DATA_20260205_210000.BIN,1.4910,19.3189,5.1842,19.3189,1.1770,1,10.244,10.462
1672,DATA_20260205_210000.BIN,5.1842,36.7589,6.7837,36.7589,1.9800,1,9.006,9.019
1673,DATA_20260205_210000.BIN,6.7837,26.5314,5.6862,26.5314,3.2450,1,14.115,14.154
1674,DATA_20260205_220000.BIN,3.0068,15.1128,5.4903,15.1128,3.9160,1,8.155,8.259
1675,DATA_20260205_220000.BIN,2.3122,37.6354,10.6827,37.6354,5.0930,1,6.696,6.754
1676,DATA_20260205_220000.BIN,10.6827,19.2156,11.3965,19.2156,4.1140,1,8.716,8.782
1677,DATA_20260205_220000.BIN,8.5628,48.1154,10.4859,48.1154,2.0240,1,12.498,21.403
1678,DATA_20260205_220000.BIN,5.0040,26.8230,10.3650,26.8230,3.3440,1,11.659,39.501
1679,DATA_20260205_220000.BIN,10.3650,20.9489,15.4817,20.9489,3.0470,1,5.889,20.380
1680,DATA_20260205_230000.BIN,8.1812,52.0520,2.6810,52.0520,4.7850,1,3.844,7.301
1681,DATA_20260205_230000.BIN,4.6005,11.8558,3.8838,11.8558,2.8600,1,6.319,8.052
1682,DATA_20260205_230000.BIN,6.0566,17.9369,12.0362,17.9369,1.8370,1,10.499,11.589
