cycle_idx,source_file,p0_r,p3_r,p7_r,amplitude,duration_s,validated,tilt_deg,q_error_deg
0,DATA_20260206_000000.BIN,1.0119,30.9262,3.4056,30.9262,7.5240,1,33.924,39.892
1,DATA_20260206_000000.BIN,3.4056,29.1121,5.5601,29.1121,6.5780,1,30.500,37.979
2,DATA_20260206_000000.BIN,5.5601,21.9374,10.4517,21.9374,4.1250,1,22.774,27.113
3,DATA_20260206_000000.BIN,37.9100,66.7554,21.7698,66.7554,6.1820,1,27.743,27.744
4,DATA_20260206_000000.BIN,21.7698,71.8930,50.1483,71.8930,3.8280,1,107.752,149.305
5,DATA_20260206_000000.BIN,43.0865,58.3776,38.6111,58.3776,4.4770,1,69.800,112.129
6,DATA_20260206_000000.BIN,38.6111,52.8896,29.6615,52.8896,2.2110,1,151.639,165.720
7,DATA_20260206_084905.BIN,4.2391,47.2234,4.4708,47.2234,5.3240,1,5.353,8.453
8,DATA_20260206_084905.BIN,4.4708,19.7202,4.1568,19.7202,3.6630,1,7.383,7.444
9,DATA_20260206_084905.BIN,4.1568,22.6472,5.0263,22.6472,1.7050,1,4.975,5.078
10,DATA_20260206_084905.BIN,5.0263,18.2298,1.8331,18.2298,2.3430,1,5.968,5.968
11,DATA_20260206_084905.BIN,1.8331,26.3523,7.2261,26.3523,6.3030,1,0.497,2.105
12,DATA_20260206_084905.BIN,7.2261,17.0035,0.8571,17.0035,2.5190,1,6.553,6.919
13,DATA_20260206_084905.BIN,0.8571,16.5797,2.2063,16.5797,5.8410,1,3.115,3.317
14,DATA_20260206_084905.BIN,8.8527,34.0947,0.9222,34.0947,4.0150,1,11.713,11.736
15,DATA_20260206_084905.BIN,0.9222,27.5942,9.3509,27.5942,3.3880,1,0.732,1.917
16,DATA_20260206_084905.BIN,9.3509,20.4421,7.3746,20.4421,2.3870,1,10.272,10.313
17,DATA_20260206_084905.BIN,7.3746,45.9461,2.3475,45.9461,1.8040,1,9.493,10.216
18,DATA_20260206_084905.BIN,2.3475,19.5005,9.5185,19.5005,2.3980,1,2.808,3.313
19,DATA_20260206_084905.BIN,15.8680,35.7276,17.9420,35.7276,4.9170,1,17.193,17.270
20,DATA_20260206_084905.BIN,7.6108,22.4895,10.3531,22.4895,4.6090,1,5.785,6.048
21,DATA_20260206_084905.BIN,10.3531,20.2627,1.5949,20.2627,4.0040,1,14.374,14.958
22,DATA_20260206_084905.BIN,5.1086,44.9757,5.3722,44.9757,9.6800,1,7.893,9.148
23,DATA_20260206_084905.BIN,5.3722,43.5944,3.0028,43.5944,5.3350,1,5.317,6.874
24,DATA_20260206_084905.BIN,3.0028,17.9374,9.4127,17.9374,4.2790,1,3.293,3.398
25,DATA_20260206_084905.BIN,5.1999,47.0807,3.1438,47.0807,6.8200,1,6.456,7.796
26,DATA_20260206_084905.BIN,3.1438,21.9916,2.5414,21.9916,4.5870,1,5.697,5.891
27,DATA_20260206_084905.BIN,2.5414,17.0916,7.8768,17.0916,2.8600,1,1.251,5.681
28,DATA_20260206_084905.BIN,7.8768,32.9056,1.1398,32.9056,2.4530,1,9.047,9.055
29,DATA_20260206_084905.BIN,1.1398,21.8826,1.4312,21.8826,2.6070,1,0.633,0.674
30,DATA_20260206_084905.BIN,3.6145,14.7908,0.9584,14.7908,2.5960,1,6.222,8.500
31,DATA_20260206_084905.BIN,0.9584,30.0042,6.8752,30.0042,2.9260,1,1.675,2.567
32,DATA_20260206_084905.BIN,6.8752,17.4546,2.1784,17.4546,6.6550,1,9.091,9.891
33,DATA_20260206_084905.BIN,2.1784,15.0737,4.0898,15.0737,4.0920,1,2.524,3.011
34,DATA_20260206_084905.BIN,4.0898,28.4411,14.7886,28.4411,2.6290,1,4.163,4.362
35,DATA_20260206_084905.BIN,14.7886,36.7678,1.5258,36.7678,6.9410,1,16.622,18.411
36,DATA_20260206_084905.BIN,1.5258,33.9684,18.4110,33.9684,6.8420,1,4.198,6.040
37,DATA_20260206_084905.BIN,18.4110,29.9686,4.6168,29.9686,2.8490,1,23.106,23.115
38,DATA_20260206_084905.BIN,4.6168,17.7944,6.6308,17.7944,4.2130,1,6.490,6.494
39,DATA_20260206_084905.BIN,6.6308,45.9473,5.4093,45.9473,6.6770,1,7.591,7.747
40,DATA_20260206_084905.BIN,5.4093,43.5034,3.9481,43.5034,5.0380,1,5.245,6.541
41,DATA_20260206_084905.BIN,3.9481,25.2351,1.8120,25.2351,7.3260,1,4.534,4.578
42,DATA_20260206_084905.BIN,1.8120,16.0508,4.6180,16.0508,2.8050,1,1.100,3.746
43,DATA_20260206_084905.BIN,6.2446,16.9817,3.6964,16.9817,1.2100,1,7.235,7.360
44,DATA_20260206_084905.BIN,3.0014,18.9576,6.0547,18.9576,4.4110,1,4.079,4.408
45,DATA_20260206_084905.BIN,6.0547,20.3398,1.4426,20.3398,4.5320,1,7.151,7.246
46,DATA_20260206_084905.BIN,1.4426,16.4886,3.3693,16.4886,2.3100,1,1.555,2.816
47,DATA_20260206_084905.BIN,0.5890,47.5762,3.4738,47.5762,2.6620,1,1.774,1.900
48,DATA_20260206_084905.BIN,3.4738,26.2739,1.6905,26.2739,2.2440,1,5.169,5.185
49,DATA_20260206_084905.BIN,2.1177,41.3075,20.2317,41.3075,7.8210,1,1.744,1.989
50,DATA_20260206_084905.BIN,20.2317,31.1880,8.7996,31.1880,4.0700,1,23.916,23.963
51,DATA_20260206_084905.BIN,8.7996,42.4716,5.6026,42.4716,4.0590,1,7.377,7.697
52,DATA_20260206_084905.BIN,9.2653,41.2502,10.1708,41.2502,3.2780,1,10.680,11.121
53,DATA_20260206_084905.BIN,16.8550,26.6383,1.7067,26.6383,3.4320,1,23.095,23.107
54,DATA_20260206_084905.BIN,1.7067,39.1257,1.2186,39.1257,5.5990,1,1.728,4.327
55,DATA_20260206_084905.BIN,1.2186,25.6886,5.3217,25.6886,1.3970,1,2.670,3.025
56,DATA_20260206_084905.BIN,2.0557,40.1274,4.2393,40.1274,4.3560,1,1.211,1.790
57,DATA_20260206_084905.BIN,4.2393,16.1791,5.6260,16.1791,9.1410,1,6.147,8.522
58,DATA_20260206_090000.BIN,50.3405,60.1691,50.3105,60.1691,2.2110,1,28.800,29.003
59,DATA_20260206_090000.BIN,50.3105,57.3624,40.0831,57.3624,3.5420,1,25.774,26.102
60,DATA_20260206_090000.BIN,40.0831,68.1806,36.8999,68.1806,8.8440,1,10.711,10.755
61,DATA_20260206_090000.BIN,24.3457,39.9749,26.0353,39.9749,1.6170,1,16.460,17.100
62,DATA_20260206_090000.BIN,26.0353,38.7259,20.5805,38.7259,1.9360,1,17.199,18.123
63,DATA_20260206_090000.BIN,20.5805,47.7598,34.0629,47.7598,3.0910,1,26.306,27.514
64,DATA_20260206_090000.BIN,34.0629,60.0684,35.8240,60.0684,4.8290,1,15.506,16.671
65,DATA_20260206_090000.BIN,35.8240,77.9405,33.7767,77.9405,7.2380,1,18.317,21.910
66,DATA_20260206_090000.BIN,33.7767,62.3563,38.4934,62.3563,1.5840,1,10.065,10.999
67,DATA_20260206_090000.BIN,23.3497,70.6366,57.7878,70.6366,3.7290,1,11.782,11.783
68,DATA_20260206_090000.BIN,57.7878,80.6768,70.8149,80.6768,8.6020,1,33.583,33.657
69,DATA_20260206_090000.BIN,70.8149,80.3916,71.6712,80.3916,8.0190,1,48.914,48.970
70,DATA_20260206_090000.BIN,41.7354,66.0794,41.2224,66.0794,6.2810,1,12.122,12.203
71,DATA_20260206_090000.BIN,41.2224,66.6472,37.9143,66.6472,6.3360,1,4.139,6.269
72,DATA_20260206_090000.BIN,37.9143,58.7077,34.5019,58.7077,9.2840,1,8.661,9.484
73,DATA_20260206_090000.BIN,34.5019,72.2800,48.4239,72.2800,6.7430,1,5.552,5.568
74,DATA_20260206_090000.BIN,70.1841,80.5163,33.5897,80.5163,9.8340,1,47.176,47.369
75,DATA_20260206_090000.BIN,33.5897,55.5919,36.9570,55.5919,3.1130,1,13.700,13.701
76,DATA_20260206_090000.BIN,36.9570,81.9382,25.6951,81.9382,3.3440,1,7.801,8.607
77,DATA_20260206_090000.BIN,36.7961,46.0224,30.9058,46.0224,2.9920,1,12.685,14.482
78,DATA_20260206_090000.BIN,30.9058,41.2821,30.1370,41.2821,7.2930,1,11.321,11.326
79,DATA_20260206_090000.BIN,30.1370,49.0765,30.5455,49.0765,6.6770,1,11.014,11.527
80,DATA_20260206_090000.BIN,26.1075,76.1598,37.5762,76.1598,7.7770,1,13.630,14.206
81,DATA_20260206_090000.BIN,37.5762,76.8423,25.8785,76.8423,6.7100,1,10.305,10.309
82,DATA_20260206_090000.BIN,25.8785,59.7270,37.5442,59.7270,5.2690,1,20.137,20.158
83,DATA_20260206_090000.BIN,37.5442,49.1701,37.9073,49.1701,1.8150,1,9.612,11.329
84,DATA_20260206_090000.BIN,37.9073,72.7901,11.7677,72.7901,2.6180,1,7.255,7.372
85,DATA_20260206_090000.BIN,11.7677,28.4907,22.0221,28.4907,4.3340,1,29.615,29.998
86,DATA_20260206_090000.BIN,26.6621,76.3674,43.8808,76.3674,5.4890,1,8.457,8.463
87,DATA_20260206_090000.BIN,55.3387,62.9521,38.4991,62.9521,4.2790,1,30.736,33.527
88,DATA_20260206_090000.BIN,17.5339,68.2511,21.2279,68.2511,5.4340,1,28.236,28.633
89,DATA_20260206_090000.BIN,21.2279,55.8364,22.7966,55.8364,6.4350,1,16.572,16.576
90,DATA_20260206_090000.BIN,22.7966,61.9056,23.6478,61.9056,4.1800,1,11.296,12.254
91,DATA_20260206_090000.BIN,23.6478,48.3982,19.6698,48.3982,4.7850,1,8.945,10.518
92,DATA_20260206_090000.BIN,19.6698,60.9759,7.7874,60.9759,5.3570,1,18.590,18.625
93,DATA_20260206_090000.BIN,7.7874,39.8002,25.3147,39.8002,2.2330,1,26.049,26.308
94,DATA_20260206_090000.BIN,25.3147,35.8872,26.2658,35.8872,3.6300,1,16.325,18.292
95,DATA_20260206_090000.BIN,31.0318,56.6476,27.6959,56.6476,4.0590,1,6.071,6.123
96,DATA_20260206_090000.BIN,29.6281,50.8415,28.4373,50.8415,3.9270,1,4.828,4.831
97,DATA_20260206_090000.BIN,30.0403,43.8870,30.8659,43.8870,3.2780,1,4.918,6.457
98,DATA_20260206_090000.BIN,24.5126,35.9002,27.2687,35.9002,4.2460,1,2.299,3.702
99,DATA_20260206_090000.BIN,3.0477,15.5024,1.6299,15.5024,3.7290,1,47.111,122.502
100,DATA_20260206_090000.BIN,3.8179,17.1322,1.5131,17.1322,8.4700,1,46.776,117.870
101,DATA_20260206_090000.BIN,1.5131,14.1275,2.4005,14.1275,7.7770,1,42.158,105.403
102,DATA_20260206_090000.BIN,2.4005,13.0741,3.1895,13.0741,1.6830,1,35.806,91.767
103,DATA_20260206_090000.BIN,0.5445,10.6251,2.3259,10.6251,2.3430,1,33.623,80.268
104,DATA_20260206_090000.BIN,2.2099,20.3363,0.2522,20.3363,8.5580,1,32.507,76.710
105,DATA_20260206_090000.BIN,0.2522,15.3514,8.3144,15.3514,9.4270,1,27.257,62.903
106,DATA_20260206_090000.BIN,8.3144,17.8420,11.1704,17.8420,5.2690,1,42.239,72.118
107,DATA_20260206_090000.BIN,3.1509,24.7562,5.4034,24.7562,6.2920,1,22.581,53.191
108,DATA_20260206_090000.BIN,2.6888,13.1854,2.2923,13.1854,6.8200,1,20.861,52.325
109,DATA_20260206_090000.BIN,2.2923,17.0199,9.0101,17.0199,9.3940,1,22.382,46.064
110,DATA_20260206_090000.BIN,9.0101,17.2151,4.5604,17.2151,4.1140,1,30.625,44.495
111,DATA_20260206_090000.BIN,2.1577,18.9532,3.8682,18.9532,9.9220,1,13.369,36.620
112,DATA_20260206_090000.BIN,3.8682,18.8103,3.2443,18.8103,3.8280,1,6.942,29.212
113,DATA_20260206_090000.BIN,1.5272,11.1271,2.0250,11.1271,5.5440,1,11.495,28.528
114,DATA_20260206_090000.BIN,3.4996,10.3778,1.5537,10.3778,2.7280,1,11.834,21.689
115,DATA_20260206_090000.BIN,10.9989,19.1233,1.4857,19.1233,5.9730,1,7.223,30.460
116,DATA_20260206_090000.BIN,1.4857,10.4441,1.1382,10.4441,4.6200,1,15.088,25.923
117,DATA_20260206_090000.BIN,1.1382,11.4845,1.1963,11.4845,8.2610,1,12.397,22.318
118,DATA_20260206_090000.BIN,1.1963,15.6643,1.1692,15.6643,4.0810,1,10.772,21.920
119,DATA_20260206_090000.BIN,1.1692,11.7860,2.5076,11.7860,7.1170,1,10.008,17.907
120,DATA_20260206_090000.BIN,2.6281,16.6313,4.0072,16.6313,3.9050,1,2.349,9.848
121,DATA_20260206_090000.BIN,4.0072,16.1051,0.4037,16.1051,8.5360,1,14.764,20.570
122,DATA_20260206_090000.BIN,0.4037,10.2487,1.1233,10.2487,7.3920,1,7.427,13.756
123,DATA_20260206_090000.BIN,0.9215,12.8095,3.3719,12.8095,3.1020,1,7.019,13.874
124,DATA_20260206_090000.BIN,3.3719,12.3201,2.2696,12.3201,2.9920,1,6.839,10.845
125,DATA_20260206_090000.BIN,2.2696,10.5378,2.1204,10.5378,9.5810,1,6.083,11.383
126,DATA_20260206_090000.BIN,2.1204,18.7058,3.4555,18.7058,2.8710,1,3.148,7.202
127,DATA_20260206_090000.BIN,3.4555,18.5533,6.0624,18.5533,2.5740,1,8.801,10.631
128,DATA_20260206_090000.BIN,6.0624,14.8202,3.7248,14.8202,3.6850,1,7.570,9.378
129,DATA_20260206_090000.BIN,2.3982,19.3419,0.4150,19.3419,5.9070,1,4.613,5.016
130,DATA_20260206_090000.BIN,0.4150,10.2927,2.6392,10.2927,4.5870,1,0.420,2.256
131,DATA_20260206_090000.BIN,2.6392,20.2859,1.6448,20.2859,2.1890,1,4.425,4.774
132,DATA_20260206_090000.BIN,1.3441,19.1177,1.6601,19.1177,7.5570,1,1.876,2.716
133,DATA_20260206_090000.BIN,5.4676,17.3229,1.7090,17.3229,3.5310,1,4.394,7.149
134,DATA_20260206_090000.BIN,4.6012,16.5556,5.2981,16.5556,2.3210,1,1.923,6.067
135,DATA_20260206_090000.BIN,1.7403,17.1837,3.8277,17.1837,4.9060,1,3.073,5.870
136,DATA_20260206_090000.BIN,3.8277,13.3613,2.0360,13.3613,1.5400,1,3.045,4.642
137,DATA_20260206_090000.BIN,10.1837,18.5439,4.4949,18.5439,9.1300,1,20.631,20.758
138,DATA_20260206_090000.BIN,4.4949,14.5684,4.3230,14.5684,3.5750,1,7.848,7.905
139,DATA_20260206_090000.BIN,4.3230,21.3386,1.8331,21.3386,3.7510,1,8.652,9.072
140,DATA_20260206_090000.BIN,1.8331,13.4630,5.3076,13.4630,2.2880,1,2.736,3.208
141,DATA_20260206_090000.BIN,1.1342,13.6542,2.8763,13.6542,3.5310,1,1.666,4.673
142,DATA_20260206_090000.BIN,2.8763,12.1494,0.2189,12.1494,6.2040,1,4.659,4.694
143,DATA_20260206_090000.BIN,0.2189,12.7212,1.5983,12.7212,1.8590,1,0.913,2.267
144,DATA_20260206_090000.BIN,1.5983,13.0808,1.3366,13.0808,5.1700,1,2.055,2.055
145,DATA_20260206_090000.BIN,1.3366,10.4131,1.7595,10.4131,8.5140,1,5.347,6.962
146,DATA_20260206_090000.BIN,3.6719,13.1228,0.4124,13.1228,8.6350,1,6.334,6.336
147,DATA_20260206_100000.BIN,8.7966,18.8203,7.2192,18.8203,1.5290,1,6.878,7.898
148,DATA_20260206_100000.BIN,7.2192,14.1263,6.8620,14.1263,1.2430,1,4.927,5.211
149,DATA_20260206_100000.BIN,6.8620,13.6015,6.0943,13.6015,1.4190,1,4.116,5.209
150,DATA_20260206_100000.BIN,8.0175,15.0394,7.2177,15.0394,1.6280,1,5.980,6.393
151,DATA_20260206_100000.BIN,7.2177,16.3147,8.0046,16.3147,1.3200,1,5.196,5.471
152,DATA_20260206_100000.BIN,8.0046,28.2538,24.8537,28.2538,5.2690,1,4.608,4.719
153,DATA_20260206_100000.BIN,24.8537,31.1874,3.9986,31.1874,3.1350,1,27.067,27.165
154,DATA_20260206_100000.BIN,3.9986,16.4386,6.7973,16.4386,1.2540,1,3.217,3.695
155,DATA_20260206_100000.BIN,6.7973,16.2235,5.0703,16.2235,1.2760,1,6.635,6.639
156,DATA_20260206_100000.BIN,5.0703,13.7877,4.1803,13.7877,1.3750,1,3.425,3.634
157,DATA_20260206_100000.BIN,4.1803,13.5815,3.9415,13.5815,1.4520,1,1.614,2.203
158,DATA_20260206_100000.BIN,3.9415,12.3224,3.6418,12.3224,1.1440,1,3.623,3.791
159,DATA_20260206_100000.BIN,2.7110,36.5476,9.3386,36.5476,4.5320,1,4.824,4.944
160,DATA_20260206_100000.BIN,9.3386,19.0840,7.3679,19.0840,1.5620,1,8.717,8.720
161,DATA_20260206_100000.BIN,7.3679,15.4378,3.2052,15.4378,1.1330,1,5.554,5.846
162,DATA_20260206_100000.BIN,3.2052,18.5740,4.9112,18.5740,2.5080,1,3.651,3.977
163,DATA_20260206_100000.BIN,4.9112,9.1840,3.8425,9.1840,4.2680,1,5.985,6.419
164,DATA_20260206_100000.BIN,3.8425,11.6586,0.8737,11.6586,3.3330,1,6.971,6.984
165,DATA_20260206_100000.BIN,0.8737,13.7245,1.3039,13.7245,5.5110,1,5.296,5.496
166,DATA_20260206_100000.BIN,1.3039,10.9645,2.0541,10.9645,3.7510,1,2.892,7.303
167,DATA_20260206_100000.BIN,2.0541,10.8685,2.0349,10.8685,1.5840,1,3.021,3.227
168,DATA_20260206_100000.BIN,4.6909,16.3912,2.7777,16.3912,2.2660,1,5.949,6.063
169,DATA_20260206_100000.BIN,2.7777,15.0719,3.8466,15.0719,3.0140,1,0.528,1.966
170,DATA_20260206_100000.BIN,2.8605,17.3325,1.3946,17.3325,5.2910,1,4.319,6.942
171,DATA_20260206_100000.BIN,5.2344,12.5451,5.7560,12.5451,5.3900,1,5.220,5.977
172,DATA_20260206_100000.BIN,5.7560,14.8933,1.9090,14.8933,4.5540,1,8.281,8.347
173,DATA_20260206_100000.BIN,1.9090,25.0184,2.0423,25.0184,6.9190,1,3.832,4.072
174,DATA_20260206_100000.BIN,2.0423,8.1925,0.8266,8.1925,1.0010,1,3.999,4.186
175,DATA_20260206_100000.BIN,0.8266,11.2026,3.1632,11.2026,2.8600,1,2.398,2.648
176,DATA_20260206_100000.BIN,3.1632,11.7986,1.2420,11.7986,1.5400,1,5.340,5.572
177,DATA_20260206_100000.BIN,1.2420,11.3083,4.6481,11.3083,1.4630,1,2.577,2.610
178,DATA_20260206_100000.BIN,4.6481,14.7150,0.5761,14.7150,1.6720,1,4.967,5.089
179,DATA_20260206_100000.BIN,3.7816,11.0298,1.4956,11.0298,3.9490,1,3.885,4.170
180,DATA_20260206_100000.BIN,1.4956,16.9168,5.8753,16.9168,1.2760,1,0.383,1.704
181,DATA_20260206_100000.BIN,5.8753,17.7931,4.9186,17.7931,2.0130,1,5.394,5.705
182,DATA_20260206_100000.BIN,4.9186,14.5020,6.6061,14.5020,1.3530,1,4.129,5.479
183,DATA_20260206_100000.BIN,6.6061,12.6415,2.5742,12.6415,1.5180,1,6.307,6.864
184,DATA_20260206_100000.BIN,2.5742,8.2821,3.2501,8.2821,1.2760,1,3.628,3.756
185,DATA_20260206_100000.BIN,3.2501,12.4151,5.0376,12.4151,1.3860,1,2.997,4.318
186,DATA_20260206_100000.BIN,8.6041,30.3959,18.0953,30.3959,5.8960,1,9.857,10.087
187,DATA_20260206_100000.BIN,18.0953,31.9212,15.2239,31.9212,6.5890,1,20.028,20.179
188,DATA_20260206_100000.BIN,15.2239,25.3524,18.4456,25.3524,3.2450,1,17.066,17.706
189,DATA_20260206_100000.BIN,18.4456,27.0677,3.1297,27.0677,4.4880,1,18.606,18.832
190,DATA_20260206_100000.BIN,5.5003,26.5148,3.1432,26.5148,6.0060,1,3.352,6.016
191,DATA_20260206_100000.BIN,3.1432,11.8553,1.4329,11.8553,2.2440,1,2.262,2.702
192,DATA_20260206_100000.BIN,1.4329,9.8381,0.1223,9.8381,1.3310,1,6.891,6.982
193,DATA_20260206_100000.BIN,0.1223,9.5502,1.9449,9.5502,1.3530,1,4.480,4.803
194,DATA_20260206_100000.BIN,1.9449,11.8656,1.7052,11.8656,1.3530,1,3.885,4.931
195,DATA_20260206_100000.BIN,1.7052,14.7748,1.5097,14.7748,1.6170,1,1.993,1.995
196,DATA_20260206_100000.BIN,1.5097,12.7069,7.6849,12.7069,1.7270,1,4.717,4.718
197,DATA_20260206_100000.BIN,2.6354,9.7620,2.8984,9.7620,2.6290,1,1.178,1.277
198,DATA_20260206_100000.BIN,2.8984,12.3218,0.6005,12.3218,1.9800,1,5.351,5.373
199,DATA_20260206_100000.BIN,0.6005,13.0925,2.7605,13.0925,2.0680,1,3.510,5.849
200,DATA_20260206_100000.BIN,2.7605,8.4918,1.3563,8.4918,1.4520,1,3.076,3.076
201,DATA_20260206_100000.BIN,1.3563,27.1592,4.9337,27.1592,8.2830,1,1.982,2.410
202,DATA_20260206_100000.BIN,2.5242,29.5570,4.0386,29.5570,6.3580,1,4.744,4.926
203,DATA_20260206_100000.BIN,1.2417,7.9714,1.8092,7.9714,3.4430,1,0.318,0.394
204,DATA_20260206_100000.BIN,1.8092,7.0600,1.9697,7.0600,4.7520,1,1.591,2.285
205,DATA_20260206_100000.BIN,1.9697,30.2588,1.5551,30.2588,4.8840,1,3.118,3.543
206,DATA_20260206_100000.BIN,1.5551,11.6930,0.6393,11.6930,7.3590,1,1.135,3.046
207,DATA_20260206_100000.BIN,0.6393,14.1677,2.4625,14.1677,3.8830,1,2.135,2.147
208,DATA_20260206_100000.BIN,2.4625,12.2504,2.4502,12.2504,2.5410,1,2.432,2.435
209,DATA_20260206_100000.BIN,2.4502,6.7876,2.5091,6.7876,2.2550,1,3.560,5.425
210,DATA_20260206_100000.BIN,2.7253,14.1439,0.8509,14.1439,2.1780,1,4.151,4.694
211,DATA_20260206_100000.BIN,0.8509,8.4370,1.5674,8.4370,1.2430,1,1.016,2.963
212,DATA_20260206_100000.BIN,1.5674,34.2113,0.7342,34.2113,4.3670,1,1.986,4.052
213,DATA_20260206_100000.BIN,0.7342,9.2831,4.9684,9.2831,1.5950,1,0.750,4.512
214,DATA_20260206_100000.BIN,4.9684,10.5164,3.8224,10.5164,1.8480,1,5.221,6.368
215,DATA_20260206_100000.BIN,3.8224,9.7842,0.7874,9.7842,5.6100,1,4.435,5.282
216,DATA_20260206_100000.BIN,12.1021,16.7256,4.5910,16.7256,4.6310,1,13.416,13.418
217,DATA_20260206_100000.BIN,4.5910,16.2438,1.9572,16.2438,7.1500,1,3.323,3.358
218,DATA_20260206_100000.BIN,1.9283,12.3287,3.9434,12.3287,1.9360,1,3.046,3.465
219,DATA_20260206_100000.BIN,3.9434,11.1826,2.1644,11.1826,4.2570,1,2.764,3.945
220,DATA_20260206_100000.BIN,2.1644,15.9526,2.2600,15.9526,3.5530,1,3.619,3.766
221,DATA_20260206_100000.BIN,2.2600,13.0544,0.2496,13.0544,3.7730,1,1.049,1.510
222,DATA_20260206_100000.BIN,0.2496,9.1999,1.0567,9.1999,5.2910,1,2.558,5.090
223,DATA_20260206_100000.BIN,0.8195,8.8990,4.0978,8.8990,9.0310,1,0.963,5.441
224,DATA_20260206_100000.BIN,0.8658,8.1763,2.7684,8.1763,4.3340,1,2.534,3.170
225,DATA_20260206_100000.BIN,0.7955,9.1439,4.7786,9.1439,4.4440,1,1.373,1.460
226,DATA_20260206_100000.BIN,1.7695,15.1277,3.3299,15.1277,6.0610,1,3.208,3.801
227,DATA_20260206_100000.BIN,3.3299,16.3659,1.3050,16.3659,1.9360,1,2.492,5.196
228,DATA_20260206_100000.BIN,1.3050,7.5257,3.7139,7.5257,1.7600,1,0.303,2.805
229,DATA_20260206_100000.BIN,0.4175,12.7105,0.8614,12.7105,3.4760,1,1.455,1.513
230,DATA_20260206_100000.BIN,2.0632,10.9954,3.6858,10.9954,2.7500,1,3.449,3.915
231,DATA_20260206_100000.BIN,2.4196,13.5341,7.6037,13.5341,3.9380,1,2.869,5.603
232,DATA_20260206_100000.BIN,7.6037,20.7093,1.9516,20.7093,3.0030,1,9.589,9.608
233,DATA_20260206_100000.BIN,1.9516,13.6404,2.5885,13.6404,1.4410,1,1.971,2.170
234,DATA_20260206_100000.BIN,2.5885,13.5437,0.2807,13.5437,3.3440,1,2.852,3.578
235,DATA_20260206_100000.BIN,1.6200,10.1121,2.1067,10.1121,2.3210,1,2.275,3.289
236,DATA_20260206_100000.BIN,2.1067,10.5030,2.3609,10.5030,1.6500,1,2.337,3.346
237,DATA_20260206_100000.BIN,2.3609,35.2696,2.0757,35.2696,3.8940,1,2.531,3.159
238,DATA_20260206_100000.BIN,2.0757,11.3181,3.4868,11.3181,1.0670,1,2.215,2.349
239,DATA_20260206_100000.BIN,3.4868,11.8318,2.3602,11.8318,1.6280,1,4.097,6.364
240,DATA_20260206_100000.BIN,2.3602,12.4327,1.6997,12.4327,8.3820,1,2.687,2.815
241,DATA_20260206_100000.BIN,5.0776,22.2364,7.4705,22.2364,4.3780,1,5.389,6.758
242,DATA_20260206_100000.BIN,7.4705,15.7761,1.1946,15.7761,5.1700,1,7.404,8.424
243,DATA_20260206_100000.BIN,3.0556,9.5450,1.7217,9.5450,1.8920,1,2.632,2.723
244,DATA_20260206_100000.BIN,1.7217,9.6153,2.9213,9.6153,1.2980,1,1.350,1.545
245,DATA_20260206_100000.BIN,2.9213,11.8595,3.1829,11.8595,1.7270,1,1.927,1.933
246,DATA_20260206_100000.BIN,3.1829,12.2952,3.3358,12.2952,1.7270,1,2.273,2.439
247,DATA_20260206_100000.BIN,2.5558,23.7454,4.5159,23.7454,3.4760,1,4.898,5.111
248,DATA_20260206_100000.BIN,4.5159,35.7990,21.8327,35.7990,7.6780,1,6.516,7.132
249,DATA_20260206_100000.BIN,21.8327,29.6466,4.5828,29.6466,1.7600,1,26.484,26.844
250,DATA_20260206_100000.BIN,4.5828,22.2422,1.4570,22.2422,3.3220,1,6.885,7.882
251,DATA_20260206_100000.BIN,1.4570,24.7011,8.9219,24.7011,1.1220,1,2.011,2.728
252,DATA_20260206_100000.BIN,5.7986,18.6174,5.3578,18.6174,1.3860,1,6.096,11.509
253,DATA_20260206_100000.BIN,5.3578,11.2897,4.5324,11.2897,1.9580,1,6.278,11.277
254,DATA_20260206_100000.BIN,4.5324,10.0821,4.0201,10.0821,2.7830,1,6.493,9.818
255,DATA_20260206_100000.BIN,4.9336,19.8700,3.6696,19.8700,5.5880,1,6.329,7.545
256,DATA_20260206_100000.BIN,3.6696,9.4197,2.9281,9.4197,1.6830,1,4.034,9.535
257,DATA_20260206_100000.BIN,2.9281,9.2237,3.9157,9.2237,1.4190,1,2.978,8.282
258,DATA_20260206_100000.BIN,3.9157,12.3504,5.4589,12.3504,4.9390,1,3.963,5.117
259,DATA_20260206_100000.BIN,5.4589,23.2526,8.6516,23.2526,5.5220,1,5.382,11.875
260,DATA_20260206_100000.BIN,2.3382,20.3960,0.8182,20.3960,9.6030,1,2.105,5.271
261,DATA_20260206_100000.BIN,0.8182,10.7149,7.4810,10.7149,4.4770,1,0.574,2.337
262,DATA_20260206_100000.BIN,6.5446,12.9683,3.3519,12.9683,4.6530,1,6.904,7.758
263,DATA_20260206_100000.BIN,5.3654,13.1266,3.3732,13.1266,4.1250,1,5.108,5.116
264,DATA_20260206_100000.BIN,3.3732,9.4327,4.2637,9.4327,1.7710,1,2.321,7.567
265,DATA_20260206_100000.BIN,4.2637,28.0970,2.1448,28.0970,4.4110,1,2.341,7.741
266,DATA_20260206_100000.BIN,2.1448,13.3659,2.1077,13.3659,4.8290,1,1.555,2.626
267,DATA_20260206_100000.BIN,2.1077,19.0395,3.7623,19.0395,4.4660,1,0.931,2.861
268,DATA_20260206_100000.BIN,3.7623,8.6708,3.0668,8.6708,2.3210,1,1.885,6.972
269,DATA_20260206_100000.BIN,3.0668,8.8493,1.3529,8.8493,1.4850,1,0.976,1.355
270,DATA_20260206_100000.BIN,2.3834,11.3696,4.4047,11.3696,3.6410,1,1.007,6.589
271,DATA_20260206_100000.BIN,4.4047,40.0428,29.0918,40.0428,4.0260,1,2.640,4.724
272,DATA_20260206_100000.BIN,29.0918,35.7272,2.3233,35.7272,1.6720,1,37.603,37.648
273,DATA_20260206_100000.BIN,3.7680,17.6934,4.3116,17.6934,1.2100,1,6.783,7.701
274,DATA_20260206_100000.BIN,4.3116,23.8163,3.1197,23.8163,5.8080,1,6.710,6.993
275,DATA_20260206_100000.BIN,5.2059,14.1761,1.7803,14.1761,3.0580,1,7.217,7.605
276,DATA_20260206_100000.BIN,3.9037,18.6766,13.9843,18.6766,7.0180,1,4.250,5.760
277,DATA_20260206_100000.BIN,8.6032,19.7047,1.6713,19.7047,6.6220,1,10.087,10.088
278,DATA_20260206_100000.BIN,1.6713,40.9804,34.5782,40.9804,1.7380,1,3.103,5.428
279,DATA_20260206_100000.BIN,34.5782,40.6502,6.3361,40.6502,3.5640,1,43.002,43.021
280,DATA_20260206_100000.BIN,6.3361,10.6667,2.8863,10.6667,2.5410,1,3.911,4.188
281,DATA_20260206_100000.BIN,8.7797,19.4746,5.2518,19.4746,2.1670,1,5.558,7.717
282,DATA_20260206_100000.BIN,5.2518,10.6532,3.3194,10.6532,2.6400,1,7.871,8.056
283,DATA_20260206_100000.BIN,3.3194,7.8518,3.2998,7.8518,2.5410,1,8.169,8.482
284,DATA_20260206_100000.BIN,3.2998,31.8149,0.7261,31.8149,4.8290,1,5.607,5.621
285,DATA_20260206_100000.BIN,0.7261,7.4433,0.6215,7.4433,4.3120,1,3.654,3.863
286,DATA_20260206_100000.BIN,0.6215,12.0517,3.3380,12.0517,3.3990,1,2.866,4.613
287,DATA_20260206_100000.BIN,3.3380,8.2355,1.7390,8.2355,2.6840,1,6.906,7.015
288,DATA_20260206_100000.BIN,2.0019,11.2628,3.0605,11.2628,1.4080,1,2.635,2.837
289,DATA_20260206_100000.BIN,3.0605,11.5768,1.6772,11.5768,3.5090,1,1.132,1.142
290,DATA_20260206_100000.BIN,1.6772,11.8117,0.3090,11.8117,4.2130,1,4.850,7.830
291,DATA_20260206_100000.BIN,0.3090,8.8815,1.9209,8.8815,1.3310,1,2.390,2.722
292,DATA_20260206_100000.BIN,1.9209,10.0011,3.4137,10.0011,6.4130,1,4.009,4.035
293,DATA_20260206_100000.BIN,3.2850,7.9912,2.6933,7.9912,1.4520,1,5.181,5.272
294,DATA_20260206_100000.BIN,6.1438,9.2955,3.5433,9.2955,4.1690,1,7.227,7.608
295,DATA_20260206_100000.BIN,3.5433,7.7788,0.6231,7.7788,7.9310,1,4.423,5.846
296,DATA_20260206_100000.BIN,0.6231,9.9926,0.0652,9.9926,2.2550,1,1.838,1.957
297,DATA_20260206_100000.BIN,0.0652,7.2244,2.0988,7.2244,1.8590,1,0.963,3.488
298,DATA_20260206_100000.BIN,2.0988,28.7063,3.3394,28.7063,3.3000,1,3.122,3.834
299,DATA_20260206_100000.BIN,5.4237,9.3911,3.3223,9.3911,3.5530,1,6.019,6.051
300,DATA_20260206_100000.BIN,0.2534,7.4240,1.9838,7.4240,2.1780,1,1.243,4.782
301,DATA_20260206_100000.BIN,1.9838,7.5984,1.6743,7.5984,1.4410,1,3.040,4.309
302,DATA_20260206_100000.BIN,1.6743,6.8272,0.5722,6.8272,3.6630,1,2.373,3.362
303,DATA_20260206_100000.BIN,1.7437,10.2323,1.5796,10.2323,9.2070,1,1.787,2.511
304,DATA_20260206_100000.BIN,1.5796,7.0811,2.3995,7.0811,1.3860,1,2.122,2.267
305,DATA_20260206_100000.BIN,4.2787,12.7054,7.3123,12.7054,6.7320,1,4.561,5.922
306,DATA_20260206_100000.BIN,13.9927,18.7741,14.7688,18.7741,3.2010,1,15.327,16.049
307,DATA_20260206_100000.BIN,14.7688,20.1650,14.7708,20.1650,4.4000,1,14.687,15.512
308,DATA_20260206_100000.BIN,14.7708,20.4519,7.1658,20.4519,9.9550,1,13.461,14.740
309,DATA_20260206_100000.BIN,7.1658,12.9880,7.6501,12.9880,4.7520,1,3.250,3.308
310,DATA_20260206_100000.BIN,4.0769,25.7375,4.2839,25.7375,7.0510,1,1.691,1.735
311,DATA_20260206_100000.BIN,4.2839,10.8820,1.3384,10.8820,2.5740,1,7.123,7.796
312,DATA_20260206_100000.BIN,1.3384,6.3004,0.5321,6.3004,2.8600,1,5.874,8.620
313,DATA_20260206_100000.BIN,0.5321,7.2142,0.0984,7.2142,4.8730,1,4.467,4.884
314,DATA_20260206_100000.BIN,0.9084,10.7158,1.3875,10.7158,2.8600,1,3.114,3.819
315,DATA_20260206_100000.BIN,0.2428,6.2828,1.6679,6.2828,1.1770,1,3.671,4.037
316,DATA_20260206_100000.BIN,7.4673,10.8713,4.0306,10.8713,7.2050,1,10.707,10.707
317,DATA_20260206_100000.BIN,4.0306,15.4332,10.4684,15.4332,4.1690,1,4.820,4.958
318,DATA_20260206_100000.BIN,10.4684,19.4255,12.1130,19.4255,1.1770,1,10.603,10.639
319,DATA_20260206_100000.BIN,12.1130,42.8742,1.3557,42.8742,4.1910,1,10.877,12.110
320,DATA_20260206_100000.BIN,1.3557,42.7399,4.1797,42.7399,3.7180,1,3.396,5.075
321,DATA_20260206_100000.BIN,4.5867,10.7451,6.6889,10.7451,6.7540,1,6.694,6.698
322,DATA_20260206_100000.BIN,2.8566,7.4459,2.9338,7.4459,2.0240,1,5.558,6.882
323,DATA_20260206_100000.BIN,2.9338,7.6578,2.5369,7.6578,1.3200,1,2.469,3.620
324,DATA_20260206_100000.BIN,2.5369,9.6969,5.6861,9.6969,4.2570,1,0.315,0.468
325,DATA_20260206_100000.BIN,3.8508,10.8117,3.8124,10.8117,3.6410,1,4.163,4.245
326,DATA_20260206_100000.BIN,3.8124,11.5834,0.9494,11.5834,3.2670,1,4.532,4.670
327,DATA_20260206_100000.BIN,0.9494,7.3974,0.7056,7.3974,1.1440,1,3.654,3.666
328,DATA_20260206_100000.BIN,0.7056,8.3074,1.6071,8.3074,1.7600,1,3.022,3.044
329,DATA_20260206_100000.BIN,1.6071,45.0344,3.7871,45.0344,5.0270,1,0.211,2.938
330,DATA_20260206_100000.BIN,3.7871,9.6452,1.3122,9.6452,1.3530,1,6.346,6.848
331,DATA_20260206_100000.BIN,0.5761,11.0856,6.0702,11.0856,1.8590,1,1.685,1.741
332,DATA_20260206_100000.BIN,4.4417,8.2285,4.0476,8.2285,4.9610,1,4.882,4.903
333,DATA_20260206_100000.BIN,1.7689,12.2076,3.9624,12.2076,4.9170,1,3.488,13.275
334,DATA_20260206_100000.BIN,3.9624,9.3977,3.1924,9.3977,5.7200,1,3.980,8.805
335,DATA_20260206_100000.BIN,3.1924,32.7790,3.7716,32.7790,4.1580,1,4.347,8.269
336,DATA_20260206_100000.BIN,3.7716,8.2999,3.0677,8.2999,5.0930,1,3.243,3.262
337,DATA_20260206_100000.BIN,1.6082,10.1699,3.0694,10.1699,5.4230,1,2.961,3.564
338,DATA_20260206_100000.BIN,3.7425,10.3311,1.8692,10.3311,3.9820,1,3.715,3.722
339,DATA_20260206_100000.BIN,1.8692,8.0138,1.5162,8.0138,1.3420,1,2.291,2.640
340,DATA_20260206_100000.BIN,2.4355,7.3344,1.8208,7.3344,1.3530,1,1.666,3.587
341,DATA_20260206_100000.BIN,1.3946,10.4066,0.6392,10.4066,1.8810,1,1.364,2.144
342,DATA_20260206_100000.BIN,0.6392,12.4833,2.2891,12.4833,3.9490,1,0.677,1.667
343,DATA_20260206_100000.BIN,2.2891,9.3330,0.9909,9.3330,1.3200,1,3.406,4.786
344,DATA_20260206_100000.BIN,0.9909,42.3872,5.2975,42.3872,4.3230,1,2.621,6.765
345,DATA_20260206_100000.BIN,5.2975,17.6177,2.5302,17.6177,3.9820,1,6.234,6.477
346,DATA_20260206_100000.BIN,2.5302,43.2387,4.1011,43.2387,4.9390,1,2.372,2.586
347,DATA_20260206_100000.BIN,4.1011,40.4128,3.8640,40.4128,7.5350,1,5.604,6.541
348,DATA_20260206_100000.BIN,3.8640,9.7255,2.4512,9.7255,9.2730,1,4.069,4.585
349,DATA_20260206_100000.BIN,2.4512,11.4170,2.2199,11.4170,2.0680,1,3.807,7.443
350,DATA_20260206_100000.BIN,3.4814,10.4948,2.8124,10.4948,3.1460,1,3.870,4.363
351,DATA_20260206_100000.BIN,2.8124,10.6071,0.8303,10.6071,2.7390,1,3.083,3.331
352,DATA_20260206_100000.BIN,1.8398,8.9355,3.3921,8.9355,2.2220,1,2.752,2.934
353,DATA_20260206_100000.BIN,3.3921,8.0270,1.2185,8.0270,1.8370,1,4.194,4.837
354,DATA_20260206_100000.BIN,1.2185,28.4678,9.4925,28.4678,3.4100,1,1.598,4.118
355,DATA_20260206_100000.BIN,9.4925,25.9981,17.2066,25.9981,1.4190,1,10.584,11.202
356,DATA_20260206_100000.BIN,17.2066,31.9401,15.1354,31.9401,3.6740,1,20.293,22.952
357,DATA_20260206_100000.BIN,23.1832,39.1822,14.9000,39.1822,3.6520,1,25.070,31.556
358,DATA_20260206_100000.BIN,14.9000,26.7375,1.9041,26.7375,3.7620,1,16.588,16.660
359,DATA_20260206_100000.BIN,1.9041,11.2427,1.1426,11.2427,1.3420,1,5.941,5.967
360,DATA_20260206_100000.BIN,1.1426,8.6964,2.9123,8.6964,1.2320,1,3.821,4.266
361,DATA_20260206_100000.BIN,1.4645,8.6524,4.5716,8.6524,1.4630,1,2.057,2.619
362,DATA_20260206_100000.BIN,3.1556,9.3586,1.6673,9.3586,1.6720,1,5.803,6.311
363,DATA_20260206_100000.BIN,1.6673,14.3180,4.8436,14.3180,2.9480,1,4.672,4.833
364,DATA_20260206_100000.BIN,4.8436,10.3427,3.4771,10.3427,1.8480,1,4.090,6.163
365,DATA_20260206_100000.BIN,3.4771,24.1969,0.8644,24.1969,4.2900,1,6.570,6.605
366,DATA_20260206_100000.BIN,0.8644,10.5615,2.7463,10.5615,3.2450,1,2.576,4.087
367,DATA_20260206_100000.BIN,2.7463,11.2835,2.8572,11.2835,5.8740,1,3.134,3.789
368,DATA_20260206_100000.BIN,1.0408,7.3082,2.0750,7.3082,1.5730,1,3.007,5.403
369,DATA_20260206_100000.BIN,2.6165,9.9660,3.1944,9.9660,1.9690,1,1.906,5.994
370,DATA_20260206_100000.BIN,3.1944,10.2255,3.8981,10.2255,1.6830,1,5.092,5.176
371,DATA_20260206_100000.BIN,5.3899,9.9151,0.8839,9.9151,2.6840,1,5.778,5.977
372,DATA_20260206_100000.BIN,1.3212,8.4199,1.4117,8.4199,4.6420,1,2.457,3.319
373,DATA_20260206_100000.BIN,1.4117,21.4757,4.4845,21.4757,3.6300,1,1.121,1.744
374,DATA_20260206_100000.BIN,4.4845,32.6478,14.3967,32.6478,5.8410,1,4.679,4.942
375,DATA_20260206_100000.BIN,14.8112,26.0965,3.1776,26.0965,2.0130,1,15.546,15.752
376,DATA_20260206_100000.BIN,3.1776,14.7399,6.0431,14.7399,2.5080,1,0.589,1.318
377,DATA_20260206_100000.BIN,2.4639,8.2352,2.1159,8.2352,2.6840,1,4.594,5.806
378,DATA_20260206_100000.BIN,2.2077,7.6210,1.4328,7.6210,1.1880,1,2.650,2.691
379,DATA_20260206_100000.BIN,1.5315,38.3147,8.2735,38.3147,9.3940,1,2.120,2.366
380,DATA_20260206_100000.BIN,8.2735,19.3368,7.3871,19.3368,3.4870,1,6.980,7.898
381,DATA_20260206_100000.BIN,7.3871,29.9417,13.5988,29.9417,5.7970,1,5.621,6.246
382,DATA_20260206_100000.BIN,13.5988,17.7121,2.3896,17.7121,5.4340,1,11.912,12.580
383,DATA_20260206_100000.BIN,2.3896,6.6129,1.4165,6.6129,1.3420,1,6.383,6.384
384,DATA_20260206_100000.BIN,0.9696,7.2141,0.3824,7.2141,2.1780,1,3.523,3.631
385,DATA_20260206_100000.BIN,0.3824,7.2060,0.6345,7.2060,1.1440,1,3.742,4.053
386,DATA_20260206_100000.BIN,0.6345,7.7253,2.8001,7.7253,4.8180,1,2.878,3.136
387,DATA_20260206_100000.BIN,2.3501,8.9084,0.6121,8.9084,4.8510,1,2.815,3.579
388,DATA_20260206_100000.BIN,0.6121,9.1624,2.8557,9.1624,2.9150,1,2.498,3.173
389,DATA_20260206_100000.BIN,2.8557,9.2746,2.9148,9.2746,6.9630,1,2.020,2.086
390,DATA_20260206_100000.BIN,2.9148,8.5113,2.0864,8.5113,1.7490,1,2.021,5.337
391,DATA_20260206_100000.BIN,2.0864,9.8000,2.4626,9.8000,1.8920,1,4.874,5.509
392,DATA_20260206_100000.BIN,2.4626,20.2327,10.3330,20.2327,3.0690,1,0.801,3.058
393,DATA_20260206_100000.BIN,10.3330,29.7859,15.0696,29.7859,3.8500,1,9.576,11.048
394,DATA_20260206_100000.BIN,15.0696,25.6253,22.0119,25.6253,1.9030,1,17.217,18.972
395,DATA_20260206_100000.BIN,22.9503,38.9043,14.1466,38.9043,2.8710,1,24.903,30.533
396,DATA_20260206_100000.BIN,14.1466,28.6892,10.1446,28.6892,2.0680,1,12.921,13.357
397,DATA_20260206_100000.BIN,10.1446,22.8807,6.9208,22.8807,1.9140,1,5.878,5.886
398,DATA_20260206_100000.BIN,6.9208,14.8287,8.0373,14.8287,1.3970,1,1.338,3.916
399,DATA_20260206_100000.BIN,8.0373,13.5730,2.9238,13.5730,2.2440,1,2.905,5.115
400,DATA_20260206_100000.BIN,2.9238,10.6646,2.8209,10.6646,1.2430,1,9.023,9.060
401,DATA_20260206_100000.BIN,2.8209,11.5795,2.5503,11.5795,1.2650,1,3.368,3.478
402,DATA_20260206_100000.BIN,2.5503,10.2720,4.6926,10.2720,1.2870,1,4.570,5.178
403,DATA_20260206_100000.BIN,4.6926,11.6792,4.6711,11.6792,1.3860,1,3.854,3.882
404,DATA_20260206_100000.BIN,4.6711,11.6012,6.8795,11.6012,1.6720,1,5.758,6.072
405,DATA_20260206_100000.BIN,6.8795,26.3407,1.3842,26.3407,6.0940,1,3.728,4.038
406,DATA_20260206_100000.BIN,1.3842,7.4042,1.3309,7.4042,4.3560,1,3.699,3.736
407,DATA_20260206_100000.BIN,0.3513,8.8609,2.4047,8.8609,2.9260,1,4.958,5.495
408,DATA_20260206_100000.BIN,2.4047,12.7219,4.3414,12.7219,5.3240,1,2.585,2.589
409,DATA_20260206_100000.BIN,4.3414,12.1192,0.5964,12.1192,3.1570,1,5.084,5.757
410,DATA_20260206_100000.BIN,0.7286,7.8916,1.0203,7.8916,1.1000,1,3.520,3.865
411,DATA_20260206_100000.BIN,2.5876,25.4550,18.6613,25.4550,6.3470,1,3.201,3.328
412,DATA_20260206_100000.BIN,18.6613,23.3004,8.6422,23.3004,3.9820,1,19.737,20.803
413,DATA_20260206_100000.BIN,8.6422,24.1799,16.6252,24.1799,6.6660,1,4.982,6.160
414,DATA_20260206_100000.BIN,16.6252,21.4051,13.6388,21.4051,2.4530,1,15.565,16.659
415,DATA_20260206_100000.BIN,13.6388,17.6130,8.8099,17.6130,2.5190,1,11.358,11.972
416,DATA_20260206_100000.BIN,8.8099,17.5218,7.5940,17.5218,5.1040,1,2.938,3.726
417,DATA_20260206_100000.BIN,2.0967,26.6027,18.6092,26.6027,5.8740,1,5.036,5.452
418,DATA_20260206_100000.BIN,18.6092,27.1332,14.1170,27.1332,4.5540,1,15.119,15.814
419,DATA_20260206_100000.BIN,14.1170,22.0875,9.1643,22.0875,3.9490,1,7.855,8.813
420,DATA_20260206_100000.BIN,9.1643,20.9190,15.1621,20.9190,3.8390,1,1.305,2.738
421,DATA_20260206_100000.BIN,15.1621,21.0643,1.4517,21.0643,6.2810,1,8.547,10.121
422,DATA_20260206_100000.BIN,1.4517,8.4620,3.1568,8.4620,2.8600,1,8.937,9.327
423,DATA_20260206_100000.BIN,3.1568,14.8491,2.6551,14.8491,5.5770,1,8.573,9.232
424,DATA_20260206_100000.BIN,2.6551,7.8619,2.3536,7.8619,4.6090,1,5.500,5.882
425,DATA_20260206_100000.BIN,2.3536,14.0556,1.6648,14.0556,2.4640,1,5.347,5.968
426,DATA_20260206_100000.BIN,1.6648,6.8031,0.9148,6.8031,3.2890,1,8.093,9.000
427,DATA_20260206_100000.BIN,0.9148,15.0238,0.7300,15.0238,5.4560,1,5.637,5.787
428,DATA_20260206_100000.BIN,0.7300,13.0204,3.5866,13.0204,3.7180,1,5.839,5.931
429,DATA_20260206_100000.BIN,3.5866,9.2701,0.4033,9.2701,2.2000,1,7.450,7.597
430,DATA_20260206_100000.BIN,0.4033,8.7533,2.4755,8.7533,3.0030,1,5.357,5.376
431,DATA_20260206_100000.BIN,2.4755,12.0020,5.9015,12.0020,3.8390,1,2.603,5.501
432,DATA_20260206_100000.BIN,5.9015,13.3376,6.0969,13.3376,1.6940,1,3.869,4.587
433,DATA_20260206_100000.BIN,6.0969,18.2242,9.8204,18.2242,1.7270,1,2.597,3.278
434,DATA_20260206_100000.BIN,9.8204,16.4176,9.7305,16.4176,1.3530,1,7.164,7.738
435,DATA_20260206_100000.BIN,9.7305,15.0616,7.4070,15.0616,2.0570,1,7.648,8.092
436,DATA_20260206_100000.BIN,7.4070,20.9807,7.8256,20.9807,6.1490,1,3.020,3.740
437,DATA_20260206_100000.BIN,7.8256,22.4919,13.9783,22.4919,7.9530,1,3.866,3.943
438,DATA_20260206_100000.BIN,13.9783,24.6312,18.3193,24.6312,2.2550,1,10.849,11.164
439,DATA_20260206_100000.BIN,18.3193,26.7671,14.3565,26.7671,6.1380,1,14.583,14.781
440,DATA_20260206_100000.BIN,14.3565,25.4494,22.1460,25.4494,4.2350,1,8.804,8.844
441,DATA_20260206_100000.BIN,22.1460,30.7531,11.3695,30.7531,4.4990,1,18.828,19.126
442,DATA_20260206_100000.BIN,11.3695,32.5210,24.6433,32.5210,4.9610,1,13.504,13.768
443,DATA_20260206_100000.BIN,24.6433,35.5530,9.7581,35.5530,6.9630,1,19.466,20.163
444,DATA_20260206_100000.BIN,9.7581,25.2822,17.5975,25.2822,6.2480,1,7.069,7.091
445,DATA_20260206_100000.BIN,17.5975,24.4537,13.8964,24.4537,6.7540,1,8.779,8.834
446,DATA_20260206_100000.BIN,13.8964,27.3636,20.6851,27.3636,2.2440,1,4.685,5.285
447,DATA_20260206_100000.BIN,20.6851,38.1620,29.8803,38.1620,4.7410,1,11.614,11.760
448,DATA_20260206_100000.BIN,30.6844,38.0007,2.6349,38.0007,5.7420,1,24.406,24.880
449,DATA_20260206_100000.BIN,2.6349,21.0411,9.0646,21.0411,5.0490,1,18.922,18.938
450,DATA_20260206_100000.BIN,10.5701,14.7310,9.9689,14.7310,1.7490,1,2.254,2.970
451,DATA_20260206_100000.BIN,9.9689,17.7436,0.2281,17.7436,8.2830,1,4.283,4.325
452,DATA_20260206_100000.BIN,0.2281,24.2849,8.0021,24.2849,6.1380,1,13.350,14.576
453,DATA_20260206_100000.BIN,1.4189,7.7042,1.5140,7.7042,1.9910,1,10.779,11.524
454,DATA_20260206_100000.BIN,1.5140,11.8822,2.3120,11.8822,1.5840,1,9.946,10.005
455,DATA_20260206_100000.BIN,2.3120,10.7481,1.6266,10.7481,1.2100,1,10.560,11.130
456,DATA_20260206_100000.BIN,1.6266,9.1801,0.4550,9.1801,2.2770,1,10.965,11.895
457,DATA_20260206_100000.BIN,0.4550,8.4554,1.2251,8.4554,1.3310,1,7.897,8.234
458,DATA_20260206_100000.BIN,0.6213,9.0169,0.9058,9.0169,1.1770,1,7.023,7.123
459,DATA_20260206_100000.BIN,0.9058,8.4296,2.4409,8.4296,1.3530,1,5.864,5.940
460,DATA_20260206_100000.BIN,3.4498,12.0802,2.4657,12.0802,1.2870,1,2.327,2.993
461,DATA_20260206_100000.BIN,2.4657,10.4323,1.7326,10.4323,1.1440,1,3.770,4.172
462,DATA_20260206_100000.BIN,1.7326,10.4564,2.5558,10.4564,1.1330,1,4.287,4.381
463,DATA_20260206_100000.BIN,2.5558,11.7366,3.3156,11.7366,2.2000,1,2.805,2.812
464,DATA_20260206_100000.BIN,0.2797,7.8234,0.9982,7.8234,1.1990,1,5.253,5.310
465,DATA_20260206_100000.BIN,2.5665,10.6002,0.7565,10.6002,1.2100,1,1.647,1.674
466,DATA_20260206_100000.BIN,0.7565,8.2519,1.9591,8.2519,1.2870,1,4.446,4.447
467,DATA_20260206_100000.BIN,3.5438,10.0702,2.6946,10.0702,1.2870,1,3.162,3.166
468,DATA_20260206_100000.BIN,1.4449,20.3014,1.6637,20.3014,4.0260,1,2.327,2.840
469,DATA_20260206_100000.BIN,1.6637,8.2887,1.3314,8.2887,3.4650,1,2.069,6.707
470,DATA_20260206_100000.BIN,1.3314,6.6251,0.8519,6.6251,2.3100,1,3.328,4.704
471,DATA_20260206_100000.BIN,0.8519,8.4274,1.7246,8.4274,1.4190,1,3.678,3.879
472,DATA_20260206_100000.BIN,1.7246,9.9773,2.2714,9.9773,1.2760,1,3.863,4.020
473,DATA_20260206_100000.BIN,1.8665,8.2467,1.2400,8.2467,1.2430,1,1.415,1.981
474,DATA_20260206_100000.BIN,1.2400,8.2159,1.6254,8.2159,2.5520,1,3.406,4.294
475,DATA_20260206_100000.BIN,1.6254,8.6306,0.9294,8.6306,3.3550,1,3.189,3.854
476,DATA_20260206_100000.BIN,0.9294,8.5420,4.2829,8.5420,4.9170,1,2.684,3.418
477,DATA_20260206_100000.BIN,4.2829,10.4067,1.6601,10.4067,3.0580,1,3.489,3.492
478,DATA_20260206_100000.BIN,1.6601,6.1164,2.1344,6.1164,5.3350,1,1.673,1.718
479,DATA_20260206_100000.BIN,2.1615,8.8389,2.0666,8.8389,1.0890,1,0.885,0.955
480,DATA_20260206_100000.BIN,3.1852,8.2269,1.2896,8.2269,7.7330,1,5.418,5.431
481,DATA_20260206_100000.BIN,1.2896,7.6682,2.1816,7.6682,2.5630,1,2.669,3.110
482,DATA_20260206_100000.BIN,1.6062,6.4779,0.3679,6.4779,6.0720,1,0.802,1.038
483,DATA_20260206_100000.BIN,0.8466,16.6115,1.5596,16.6115,4.9170,1,1.899,3.225
484,DATA_20260206_100000.BIN,0.9143,8.4051,0.7075,8.4051,5.3460,1,1.775,2.898
485,DATA_20260206_100000.BIN,0.7075,6.9847,0.8656,6.9847,3.5640,1,0.107,0.107
486,DATA_20260206_100000.BIN,0.8656,8.5165,2.7090,8.5165,1.2980,1,0.575,0.874
487,DATA_20260206_100000.BIN,2.7090,9.2844,0.6640,9.2844,1.3970,1,3.460,3.976
488,DATA_20260206_100000.BIN,0.6640,7.6576,1.7850,7.6576,1.2430,1,1.058,1.647
489,DATA_20260206_100000.BIN,2.2354,7.6260,1.2477,7.6260,2.5300,1,2.166,2.222
490,DATA_20260206_100000.BIN,2.6976,25.3393,6.6398,25.3393,2.6510,1,2.892,2.935
491,DATA_20260206_100000.BIN,1.7519,14.0413,1.9097,14.0413,4.0150,1,1.429,2.728
492,DATA_20260206_100000.BIN,1.9097,7.9562,0.7099,7.9562,5.4890,1,3.240,5.963
493,DATA_20260206_100000.BIN,1.2691,6.7943,1.8202,6.7943,2.2440,1,1.963,2.012
494,DATA_20260206_100000.BIN,1.8202,8.1164,4.5361,8.1164,5.1590,1,2.116,2.609
495,DATA_20260206_100000.BIN,4.5361,9.5505,2.1431,9.5505,2.0570,1,5.489,5.948
496,DATA_20260206_100000.BIN,2.1431,7.4609,0.8727,7.4609,3.4100,1,2.773,2.780
497,DATA_20260206_100000.BIN,2.2113,9.1744,0.8835,9.1744,2.5740,1,2.731,2.746
498,DATA_20260206_100000.BIN,1.5954,28.6979,2.3252,28.6979,4.5210,1,1.691,2.907
499,DATA_20260206_100000.BIN,1.1111,9.9021,0.8551,9.9021,4.0370,1,1.211,1.263
500,DATA_20260206_100000.BIN,1.3466,14.8584,10.4631,14.8584,3.9160,1,1.142,1.667
501,DATA_20260206_100000.BIN,10.4631,25.3619,1.2519,25.3619,3.3880,1,12.347,12.425
502,DATA_20260206_100000.BIN,1.2519,8.6087,2.6858,8.6087,2.8160,1,2.336,2.900
503,DATA_20260206_100000.BIN,1.1338,27.8294,2.2990,27.8294,8.4260,1,2.089,3.013
504,DATA_20260206_100000.BIN,2.2990,7.3469,2.3806,7.3469,5.0820,1,2.010,2.809
505,DATA_20260206_100000.BIN,2.3806,8.5727,1.6397,8.5727,5.4230,1,3.627,3.652
506,DATA_20260206_100000.BIN,1.6397,37.5774,33.1739,37.5774,2.1230,1,1.995,2.305
507,DATA_20260206_100000.BIN,33.1739,39.4620,2.5359,39.4620,8.8880,1,41.552,41.798
508,DATA_20260206_100000.BIN,2.5359,8.4139,1.5680,8.4139,1.4960,1,2.249,2.443
509,DATA_20260206_100000.BIN,1.5680,13.9838,2.5003,13.9838,2.2880,1,5.398,5.404
510,DATA_20260206_100000.BIN,2.5003,8.3341,0.7164,8.3341,4.4990,1,5.423,8.174
511,DATA_20260206_100000.BIN,0.7164,7.1706,2.5450,7.1706,2.3430,1,3.954,4.174
512,DATA_20260206_100000.BIN,2.5450,11.0442,0.4370,11.0442,3.9490,1,5.443,5.447
513,DATA_20260206_100000.BIN,0.4370,9.6955,1.9708,9.6955,2.3540,1,2.008,2.889
514,DATA_20260206_100000.BIN,1.7222,39.2017,27.2612,39.2017,6.2040,1,0.523,1.922
515,DATA_20260206_100000.BIN,27.2612,38.5991,12.4218,38.5991,2.9040,1,30.625,30.931
516,DATA_20260206_100000.BIN,12.4218,34.1179,17.9481,34.1179,2.8820,1,10.888,13.151
517,DATA_20260206_100000.BIN,17.9481,36.4822,18.0405,36.4822,6.9630,1,16.117,16.138
518,DATA_20260206_100000.BIN,18.0405,36.8777,16.2814,36.8777,3.6080,1,14.386,14.583
519,DATA_20260206_100000.BIN,16.2814,38.0526,29.5098,38.0526,3.8830,1,11.559,11.766
520,DATA_20260206_100000.BIN,29.5098,36.8286,22.3886,36.8286,7.0070,1,26.983,27.095
521,DATA_20260206_100000.BIN,22.3886,38.7308,19.6609,38.7308,6.8860,1,16.085,16.608
522,DATA_20260206_100000.BIN,19.6609,33.2384,24.8317,33.2384,2.1120,1,11.805,11.925
523,DATA_20260206_100000.BIN,32.5379,43.5560,31.0715,43.5560,7.3370,1,26.228,26.237
524,DATA_20260206_100000.BIN,31.0715,36.3487,17.9159,36.3487,3.7400,1,21.872,21.912
525,DATA_20260206_100000.BIN,17.9159,41.3478,26.0239,41.3478,7.0510,1,5.248,5.844
526,DATA_20260206_100000.BIN,26.0239,37.5279,14.4562,37.5279,2.7500,1,12.324,12.414
527,DATA_20260206_100000.BIN,14.4562,38.1458,19.2390,38.1458,4.8510,1,4.482,7.980
528,DATA_20260206_100000.BIN,19.2390,37.0349,30.3561,37.0349,2.8930,1,2.970,2.973
529,DATA_20260206_100000.BIN,30.3561,37.0107,26.3085,37.0107,8.5910,1,17.236,17.558
530,DATA_20260206_110000.BIN,40.0371,47.2168,36.9219,47.2168,4.3450,1,37.884,43.638
531,DATA_20260206_110000.BIN,36.9219,45.7707,5.4916,45.7707,5.2470,1,23.191,24.917
532,DATA_20260206_110000.BIN,5.4916,12.9955,7.1241,12.9955,1.5180,1,23.842,24.008
533,DATA_20260206_110000.BIN,7.1241,15.4493,2.4014,15.4493,6.5780,1,20.162,20.189
534,DATA_20260206_110000.BIN,2.4014,13.3733,7.8420,13.3733,6.2150,1,23.816,23.840
535,DATA_20260206_110000.BIN,7.8420,16.0500,8.0219,16.0500,2.4090,1,15.620,15.672
536,DATA_20260206_110000.BIN,8.0219,12.0881,5.0756,12.0881,1.2870,1,13.792,13.943
537,DATA_20260206_110000.BIN,5.0756,9.2466,4.3361,9.2466,1.2320,1,15.054,15.238
538,DATA_20260206_110000.BIN,4.3361,11.2556,5.1824,11.2556,2.6290,1,14.159,14.472
539,DATA_20260206_110000.BIN,5.1824,24.5931,3.6540,24.5931,4.6310,1,13.677,13.718
540,DATA_20260206_110000.BIN,3.6540,7.5752,0.5654,7.5752,1.3530,1,12.420,12.465
541,DATA_20260206_110000.BIN,0.5654,8.0413,5.1342,8.0413,1.5840,1,16.276,16.309
542,DATA_20260206_110000.BIN,5.1342,8.8275,2.7717,8.8275,1.2540,1,10.493,10.510
543,DATA_20260206_110000.BIN,2.7717,9.7956,4.3623,9.7956,1.7490,1,9.999,10.011
544,DATA_20260206_110000.BIN,4.3623,10.0795,3.2508,10.0795,1.6720,1,8.037,8.040
545,DATA_20260206_110000.BIN,3.2508,9.3674,0.4556,9.3674,3.7840,1,8.367,8.434
546,DATA_20260206_110000.BIN,0.4556,5.4843,0.7682,5.4843,5.4560,1,11.211,11.271
547,DATA_20260206_110000.BIN,0.7682,9.6505,3.3450,9.6505,2.2440,1,10.126,10.128
548,DATA_20260206_110000.BIN,3.3450,9.5405,3.4049,9.5405,1.4190,1,5.044,5.182
549,DATA_20260206_110000.BIN,3.4049,10.3236,1.0474,10.3236,1.4850,1,4.587,4.660
550,DATA_20260206_110000.BIN,1.0474,4.4616,0.9652,4.4616,2.0900,1,7.118,7.122
551,DATA_20260206_110000.BIN,0.8226,5.7968,2.1178,5.7968,3.1240,1,7.333,7.518
552,DATA_20260206_110000.BIN,2.1178,8.8476,4.0356,8.8476,3.0690,1,8.556,9.281
553,DATA_20260206_110000.BIN,4.0356,7.3044,1.8039,7.3044,2.7610,1,8.011,8.866
554,DATA_20260206_110000.BIN,1.1229,9.2335,0.7521,9.2335,3.2560,1,4.391,4.441
555,DATA_20260206_110000.BIN,3.3579,7.6942,1.7603,7.6942,1.0780,1,2.503,2.615
556,DATA_20260206_110000.BIN,1.7603,10.2687,2.5078,10.2687,1.3310,1,2.849,3.185
557,DATA_20260206_110000.BIN,2.5078,13.4045,4.3094,13.4045,2.4420,1,2.803,2.849
558,DATA_20260206_110000.BIN,2.5783,26.2438,6.1006,26.2438,2.3100,1,6.942,6.950
559,DATA_20260206_110000.BIN,1.1735,41.3662,2.2578,41.3662,7.2270,1,5.163,5.668
560,DATA_20260206_110000.BIN,2.2578,7.5011,2.9679,7.5011,1.6720,1,3.001,3.038
561,DATA_20260206_110000.BIN,2.9679,14.9895,4.8663,14.9895,6.2370,1,3.103,5.193
562,DATA_20260206_110000.BIN,4.8663,16.5089,5.8143,16.5089,4.2900,1,1.911,5.859
563,DATA_20260206_110000.BIN,5.8143,24.2289,19.0007,24.2289,4.6970,1,2.796,6.108
564,DATA_20260206_110000.BIN,19.0007,26.4560,17.2702,26.4560,8.4920,1,18.811,19.585
565,DATA_20260206_110000.BIN,2.6237,12.1607,6.8342,12.1607,4.6860,1,1.375,2.468
566,DATA_20260206_110000.BIN,6.8342,21.1584,17.5133,21.1584,4.3560,1,7.590,7.657
567,DATA_20260206_110000.BIN,17.5133,26.2568,16.9514,26.2568,2.9040,1,16.211,16.465
568,DATA_20260206_110000.BIN,16.9514,26.6449,19.8338,26.6449,3.9270,1,12.131,13.974
569,DATA_20260206_110000.BIN,19.8338,23.5574,11.3622,23.5574,3.4100,1,14.980,15.877
570,DATA_20260206_110000.BIN,11.3622,15.6385,6.2441,15.6385,2.8930,1,7.191,7.717
571,DATA_20260206_110000.BIN,6.2441,22.7966,3.3453,22.7966,4.5540,1,5.856,7.226
572,DATA_20260206_110000.BIN,3.3453,8.3382,3.7319,8.3382,3.2230,1,7.886,8.179
573,DATA_20260206_110000.BIN,3.7319,7.0628,4.7250,7.0628,1.3530,1,3.626,4.251
574,DATA_20260206_110000.BIN,4.7250,7.6822,4.6595,7.6822,1.2650,1,2.292,3.343
575,DATA_20260206_110000.BIN,4.6595,26.5610,1.2057,26.5610,4.5760,1,1.809,2.136
576,DATA_20260206_110000.BIN,1.0368,29.7988,7.9059,29.7988,9.5480,1,5.280,6.315
577,DATA_20260206_110000.BIN,7.9059,25.2403,2.2288,25.2403,6.5120,1,4.463,4.497
578,DATA_20260206_110000.BIN,2.2288,6.9014,1.3557,6.9014,1.1660,1,6.051,6.328
579,DATA_20260206_110000.BIN,1.3557,10.8798,1.0082,10.8798,1.5070,1,5.037,5.045
580,DATA_20260206_110000.BIN,1.0082,20.3600,9.3743,20.3600,3.4540,1,6.518,6.584
581,DATA_20260206_110000.BIN,19.6277,29.3928,23.5894,29.3928,1.8040,1,17.858,18.231
582,DATA_20260206_110000.BIN,7.4534,12.7893,2.3318,12.7893,2.9370,1,4.007,4.008
583,DATA_20260206_110000.BIN,2.3318,11.2309,5.0870,11.2309,2.7280,1,6.066,6.544
584,DATA_20260206_110000.BIN,5.0870,29.4378,23.0793,29.4378,4.0480,1,9.251,9.268
585,DATA_20260206_110000.BIN,23.0793,32.7334,2.4542,32.7334,3.5640,1,23.156,23.160
586,DATA_20260206_110000.BIN,2.4542,9.1531,1.0292,9.1531,3.5640,1,5.739,5.760
587,DATA_20260206_110000.BIN,1.0292,11.2283,7.4016,11.2283,5.8190,1,8.279,8.447
588,DATA_20260206_110000.BIN,7.4016,12.7393,7.5921,12.7393,1.3530,1,3.138,3.631
589,DATA_20260206_110000.BIN,7.5921,15.1679,7.4950,15.1679,4.0260,1,4.263,4.266
590,DATA_20260206_110000.BIN,7.4950,12.6203,9.4804,12.6203,2.0790,1,1.892,1.931
591,DATA_20260206_110000.BIN,3.3546,13.2357,4.7042,13.2357,2.8930,1,6.300,6.380
592,DATA_20260206_110000.BIN,4.7042,10.8902,4.5253,10.8902,2.5850,1,9.403,9.432
593,DATA_20260206_110000.BIN,4.5253,11.4106,6.3882,11.4106,1.7820,1,2.366,3.164
594,DATA_20260206_110000.BIN,6.3882,10.7577,5.8627,10.7577,1.9800,1,3.424,3.784
595,DATA_20260206_110000.BIN,5.8627,17.7622,6.9275,17.7622,2.5960,1,1.216,1.361
596,DATA_20260206_110000.BIN,6.9275,18.6488,0.8462,18.6488,3.7620,1,6.469,7.151
597,DATA_20260206_110000.BIN,0.8462,6.2554,2.0879,6.2554,3.8170,1,6.059,6.144
598,DATA_20260206_110000.BIN,2.0879,7.8013,0.3206,7.8013,2.5630,1,6.582,6.631
599,DATA_20260206_110000.BIN,2.3045,20.5492,10.4715,20.5492,2.9260,1,3.851,4.362
600,DATA_20260206_110000.BIN,10.4715,22.6412,7.5034,22.6412,4.4440,1,9.629,9.762
601,DATA_20260206_110000.BIN,7.5034,11.9369,4.8807,11.9369,1.7710,1,4.165,4.646
602,DATA_20260206_110000.BIN,4.9547,15.1807,0.3383,15.1807,3.7510,1,0.932,1.871
603,DATA_20260206_110000.BIN,0.3383,5.3014,0.2402,5.3014,7.8760,1,5.713,6.084
604,DATA_20260206_110000.BIN,0.2402,10.4610,2.1533,10.4610,4.8180,1,4.204,5.090
605,DATA_20260206_110000.BIN,2.1533,6.0728,2.9682,6.0728,6.9520,1,3.764,3.765
606,DATA_20260206_110000.BIN,2.9682,8.4609,1.4144,8.4609,4.2570,1,4.154,4.310
607,DATA_20260206_110000.BIN,1.4144,9.9193,4.4910,9.9193,6.3030,1,3.958,4.509
608,DATA_20260206_110000.BIN,4.4910,10.8385,6.2991,10.8385,1.7490,1,3.945,4.470
609,DATA_20260206_110000.BIN,6.2991,10.3890,4.0909,10.3890,2.6840,1,4.987,5.015
610,DATA_20260206_110000.BIN,4.0909,6.7614,3.8513,6.7614,2.2550,1,5.602,5.961
611,DATA_20260206_110000.BIN,3.8513,6.8563,2.5565,6.8563,3.4210,1,4.927,5.001
612,DATA_20260206_110000.BIN,2.5565,10.0214,6.3004,10.0214,4.1030,1,4.642,5.013
613,DATA_20260206_110000.BIN,6.3004,12.1504,1.7604,12.1504,6.7320,1,5.965,6.109
614,DATA_20260206_110000.BIN,1.7604,11.5113,5.7927,11.5113,4.7630,1,2.114,2.195
615,DATA_20260206_110000.BIN,5.7927,9.1947,2.0358,9.1947,3.2560,1,3.776,3.787
616,DATA_20260206_110000.BIN,3.9636,21.4002,15.3709,21.4002,5.1920,1,2.586,3.111
617,DATA_20260206_110000.BIN,15.3709,21.4338,10.2431,21.4338,2.3430,1,13.314,15.337
618,DATA_20260206_110000.BIN,10.2431,21.3217,7.6080,21.3217,3.6630,1,6.506,7.420
619,DATA_20260206_110000.BIN,7.6080,21.4700,9.8916,21.4700,3.6740,1,3.503,7.315
620,DATA_20260206_110000.BIN,9.8916,21.0216,6.1153,21.0216,5.2030,1,4.151,6.381
621,DATA_20260206_110000.BIN,6.1153,15.2060,6.7605,15.2060,2.1670,1,2.446,2.601
622,DATA_20260206_110000.BIN,6.7605,14.7157,8.6008,14.7157,1.8480,1,0.864,2.362
623,DATA_20260206_110000.BIN,4.9656,11.4934,1.5198,11.4934,3.3880,1,3.465,4.683
624,DATA_20260206_110000.BIN,3.3929,7.4067,1.3243,7.4067,1.2210,1,2.890,3.048
625,DATA_20260206_110000.BIN,1.3243,5.0569,2.0944,5.0569,3.7950,1,5.934,6.860
626,DATA_20260206_110000.BIN,2.0944,4.5928,1.1868,4.5928,2.9810,1,5.560,6.049
627,DATA_20260206_110000.BIN,1.1868,8.8457,5.2793,8.8457,2.6290,1,2.001,4.851
628,DATA_20260206_110000.BIN,5.2793,9.2937,1.8856,9.2937,1.0890,1,2.863,3.714
629,DATA_20260206_110000.BIN,1.8856,8.7375,2.3463,8.7375,1.2650,1,2.933,2.947
630,DATA_20260206_110000.BIN,2.3463,10.2241,2.4016,10.2241,1.3970,1,0.964,5.976
631,DATA_20260206_110000.BIN,2.4016,26.3318,0.2475,26.3318,5.5440,1,1.420,1.934
632,DATA_20260206_110000.BIN,0.2475,7.1748,0.7154,7.1748,4.2130,1,3.088,4.902
633,DATA_20260206_110000.BIN,0.7154,9.1159,1.0282,9.1159,2.1560,1,2.473,3.433
634,DATA_20260206_110000.BIN,2.7662,6.0436,1.5776,6.0436,1.3200,1,2.057,2.132
635,DATA_20260206_110000.BIN,0.1610,11.0924,1.1782,11.0924,4.7300,1,2.562,3.207
636,DATA_20260206_110000.BIN,1.1782,6.0013,1.7818,6.0013,5.1370,1,3.435,4.341
637,DATA_20260206_110000.BIN,1.6476,40.0356,21.0011,40.0356,5.6320,1,3.681,3.820
638,DATA_20260206_110000.BIN,21.0011,39.4916,8.7333,39.4916,7.2820,1,22.607,22.853
639,DATA_20260206_110000.BIN,8.7333,12.1125,4.3913,12.1125,4.8950,1,6.349,6.946
640,DATA_20260206_110000.BIN,4.3913,38.0179,8.8658,38.0179,4.0260,1,2.377,2.377
641,DATA_20260206_110000.BIN,8.8658,39.6922,29.3261,39.6922,4.9720,1,6.884,7.561
642,DATA_20260206_110000.BIN,29.3261,40.5223,35.2994,40.5223,1.6500,1,30.453,30.457
643,DATA_20260206_110000.BIN,35.2994,46.4375,30.3834,46.4375,5.1260,1,37.338,38.230
644,DATA_20260206_110000.BIN,30.3834,44.1645,34.9956,44.1645,5.5770,1,24.969,25.166
645,DATA_20260206_110000.BIN,26.3306,41.0079,30.7628,41.0079,4.2790,1,18.267,18.289
646,DATA_20260206_110000.BIN,30.7628,35.0792,30.8750,35.0792,1.4850,1,21.822,21.826
647,DATA_20260206_110000.BIN,30.8750,45.6330,39.5406,45.6330,5.0710,1,20.081,20.295
648,DATA_20260206_110000.BIN,40.8952,46.4264,12.7813,46.4264,4.4770,1,32.744,33.785
649,DATA_20260206_110000.BIN,12.7813,36.2747,5.3934,36.2747,4.8950,1,12.333,14.575
650,DATA_20260206_110000.BIN,1.2390,13.2465,0.5284,13.2465,4.2020,1,20.546,20.546
651,DATA_20260206_110000.BIN,0.5284,13.5897,4.9606,13.5897,9.3390,1,19.468,19.468
652,DATA_20260206_110000.BIN,4.9606,14.7682,10.4296,14.7682,2.2110,1,13.740,13.745
653,DATA_20260206_110000.BIN,10.4296,18.7672,4.4349,18.7672,3.4320,1,6.235,6.443
654,DATA_20260206_110000.BIN,4.4349,13.6790,4.8690,13.6790,1.3970,1,11.276,11.568
655,DATA_20260206_110000.BIN,4.8690,11.6554,0.0512,11.6554,2.8490,1,9.700,9.700
656,DATA_20260206_110000.BIN,0.0512,11.6971,6.1361,11.6971,4.0700,1,14.164,14.173
657,DATA_20260206_110000.BIN,6.1361,11.0914,7.1447,11.0914,1.7710,1,6.848,7.745
658,DATA_20260206_110000.BIN,7.1447,40.7948,20.4148,40.7948,5.0930,1,2.995,3.295
659,DATA_20260206_110000.BIN,20.4148,37.8185,29.6627,37.8185,4.8840,1,13.439,14.319
660,DATA_20260206_110000.BIN,29.6627,45.4272,30.8803,45.4272,2.8050,1,22.619,22.622
661,DATA_20260206_110000.BIN,41.9746,46.2879,31.8938,46.2879,1.8260,1,38.987,41.463
662,DATA_20260206_110000.BIN,41.6523,47.7938,32.4125,47.7938,1.8920,1,34.132,36.047
663,DATA_20260206_110000.BIN,32.4125,45.4537,34.1161,45.4537,2.5630,1,16.625,16.760
664,DATA_20260206_110000.BIN,34.1161,49.4636,11.1359,49.4636,5.4230,1,20.417,24.068
665,DATA_20260206_110000.BIN,11.1359,38.2402,34.1627,38.2402,5.2030,1,13.553,14.884
666,DATA_20260206_110000.BIN,34.1627,37.2752,31.1572,37.2752,3.3330,1,21.262,23.419
667,DATA_20260206_110000.BIN,31.1572,34.6340,11.5008,34.6340,2.2880,1,17.122,19.618
668,DATA_20260206_110000.BIN,11.5008,16.0187,6.5329,16.0187,2.1670,1,19.075,20.686
669,DATA_20260206_110000.BIN,0.5411,13.2646,7.0293,13.2646,2.0900,1,26.315,26.766
670,DATA_20260206_110000.BIN,7.0293,11.0221,7.7143,11.0221,1.3530,1,15.620,16.171
671,DATA_20260206_110000.BIN,5.2026,10.5881,3.7809,10.5881,1.2320,1,16.218,16.575
672,DATA_20260206_110000.BIN,3.7809,24.1271,9.2800,24.1271,5.1810,1,16.713,16.758
673,DATA_20260206_110000.BIN,9.2800,18.1256,5.0608,18.1256,5.1810,1,8.209,8.797
674,DATA_20260206_110000.BIN,0.9368,6.0019,1.1429,6.0019,1.1660,1,18.373,18.597
675,DATA_20260206_110000.BIN,1.1429,9.3615,1.2303,9.3615,1.4080,1,17.573,17.888
676,DATA_20260206_110000.BIN,1.2303,9.6306,1.4300,9.6306,1.6060,1,16.200,16.220
677,DATA_20260206_110000.BIN,1.4300,9.5063,3.6988,9.5063,1.4520,1,12.028,12.180
678,DATA_20260206_110000.BIN,3.6988,10.7068,2.8562,10.7068,1.3200,1,7.992,8.258
679,DATA_20260206_110000.BIN,2.8562,10.9060,0.8109,10.9060,3.7620,1,8.105,8.141
680,DATA_20260206_110000.BIN,0.8109,10.4762,1.7040,10.4762,5.1590,1,11.280,11.284
681,DATA_20260206_110000.BIN,1.7040,7.7362,0.7710,7.7362,1.4960,1,8.500,8.802
682,DATA_20260206_110000.BIN,0.7710,4.4893,1.1042,4.4893,2.6070,1,9.825,9.931
683,DATA_20260206_110000.BIN,0.2852,16.7010,2.6926,16.7010,4.3120,1,8.125,8.197
684,DATA_20260206_110000.BIN,2.6926,10.4610,2.6915,10.4610,1.5840,1,4.722,5.939
685,DATA_20260206_110000.BIN,1.7494,20.5796,1.2009,20.5796,6.1930,1,7.578,7.628
686,DATA_20260206_110000.BIN,2.4198,9.4287,3.5559,9.4287,1.2430,1,2.689,2.693
687,DATA_20260206_110000.BIN,3.5559,7.6563,1.7855,7.6563,4.2680,1,2.527,2.829
688,DATA_20260206_110000.BIN,1.7855,5.6837,0.8491,5.6837,7.5460,1,5.990,6.926
689,DATA_20260206_110000.BIN,0.8491,20.9310,1.1697,20.9310,7.5570,1,3.368,3.392
690,DATA_20260206_110000.BIN,1.1697,5.8720,0.2900,5.8720,1.1000,1,3.119,3.263
691,DATA_20260206_110000.BIN,0.2900,5.8103,1.5552,5.8103,1.3530,1,3.268,3.780
692,DATA_20260206_110000.BIN,1.5552,4.8661,2.1562,4.8661,1.8480,1,4.347,4.418
693,DATA_20260206_110000.BIN,2.1562,7.8941,1.1143,7.8941,2.0240,1,5.051,5.247
694,DATA_20260206_110000.BIN,1.1143,9.5336,2.7779,9.5336,2.1120,1,3.495,3.654
695,DATA_20260206_110000.BIN,2.7779,12.6470,5.6912,12.6470,1.9030,1,3.094,3.163
696,DATA_20260206_110000.BIN,1.0823,8.2489,0.6657,8.2489,2.6180,1,3.431,3.459
697,DATA_20260206_110000.BIN,0.6657,11.2692,1.9045,11.2692,2.2990,1,0.994,3.142
698,DATA_20260206_110000.BIN,1.9045,8.4098,3.0445,8.4098,1.2210,1,1.399,1.399
699,DATA_20260206_110000.BIN,3.0445,7.1403,3.3903,7.1403,1.4960,1,2.381,2.392
700,DATA_20260206_110000.BIN,3.3903,5.9249,2.8712,5.9249,2.6950,1,2.822,2.939
701,DATA_20260206_110000.BIN,3.3245,7.0269,0.7448,7.0269,1.4740,1,2.576,2.590
702,DATA_20260206_110000.BIN,0.8035,6.0630,2.2108,6.0630,2.5190,1,1.514,1.531
703,DATA_20260206_110000.BIN,2.2108,6.3643,1.9569,6.3643,1.2650,1,0.558,1.126
704,DATA_20260206_110000.BIN,1.7900,33.9545,1.2371,33.9545,6.6550,1,4.680,5.310
705,DATA_20260206_110000.BIN,1.2371,8.3721,3.7858,8.3721,2.0790,1,2.259,4.475
706,DATA_20260206_110000.BIN,3.7858,6.8981,2.5559,6.8981,1.9250,1,3.135,3.138
707,DATA_20260206_110000.BIN,2.5559,7.9398,1.2534,7.9398,1.3530,1,2.954,3.089
708,DATA_20260206_110000.BIN,3.8564,10.7033,2.9030,10.7033,1.0890,1,2.345,3.175
709,DATA_20260206_110000.BIN,1.9806,9.0501,1.8232,9.0501,1.1880,1,2.977,3.518
710,DATA_20260206_110000.BIN,1.8232,8.2653,1.7649,8.2653,1.3420,1,4.053,4.281
711,DATA_20260206_110000.BIN,4.9303,13.2256,1.3782,13.2256,3.9050,1,9.126,9.283
712,DATA_20260206_110000.BIN,1.3782,26.3358,6.0757,26.3358,2.9480,1,3.487,6.094
713,DATA_20260206_110000.BIN,6.0757,30.4311,27.3283,30.4311,1.3090,1,7.544,8.037
714,DATA_20260206_110000.BIN,27.3283,32.2649,22.3309,32.2649,2.5190,1,30.802,33.473
715,DATA_20260206_110000.BIN,22.3309,37.3486,5.6832,37.3486,3.2780,1,22.758,25.009
716,DATA_20260206_110000.BIN,5.6832,31.5162,2.7312,31.5162,4.8730,1,1.906,2.013
717,DATA_20260206_110000.BIN,2.7312,29.7363,17.6397,29.7363,6.0390,1,9.659,9.873
718,DATA_20260206_110000.BIN,16.6931,29.3233,19.4023,29.3233,6.4240,1,19.636,20.143
719,DATA_20260206_110000.BIN,19.4023,23.8649,15.1686,23.8649,5.5110,1,19.867,19.932
720,DATA_20260206_110000.BIN,22.5684,32.2220,22.2647,32.2220,5.9730,1,19.753,19.949
721,DATA_20260206_110000.BIN,22.1750,37.0441,20.7578,37.0441,7.9970,1,16.533,16.963
722,DATA_20260206_110000.BIN,20.7578,29.3046,17.8320,29.3046,6.6770,1,18.607,19.330
723,DATA_20260206_110000.BIN,19.0740,28.3722,20.9192,28.3722,4.8290,1,12.801,13.038
724,DATA_20260206_110000.BIN,23.0315,26.9932,3.9406,26.9932,2.7390,1,15.593,15.602
725,DATA_20260206_110000.BIN,3.9406,39.2561,17.6984,39.2561,4.7300,1,12.954,13.187
726,DATA_20260206_110000.BIN,17.6984,31.7611,6.3136,31.7611,6.1270,1,22.908,23.726
727,DATA_20260206_110000.BIN,7.5710,14.6074,5.3182,14.6074,2.8490,1,8.798,8.798
728,DATA_20260206_110000.BIN,5.3182,15.6987,5.4714,15.6987,2.5630,1,9.402,9.402
729,DATA_20260206_110000.BIN,5.4714,12.1316,6.7901,12.1316,1.2430,1,9.561,10.551
730,DATA_20260206_110000.BIN,6.7901,12.9964,5.8814,12.9964,1.3970,1,11.680,11.799
731,DATA_20260206_110000.BIN,5.8814,13.2094,6.8733,13.2094,1.3860,1,10.293,10.323
732,DATA_20260206_110000.BIN,6.8733,11.5173,4.5606,11.5173,1.5400,1,12.900,12.909
733,DATA_20260206_110000.BIN,4.5606,10.7369,7.0484,10.7369,1.1880,1,6.768,6.829
734,DATA_20260206_110000.BIN,7.0484,15.3625,7.0526,15.3625,1.5950,1,8.118,8.230
735,DATA_20260206_110000.BIN,7.0526,12.5085,6.4314,12.5085,1.2210,1,4.508,4.537
736,DATA_20260206_110000.BIN,6.4314,14.7453,8.5267,14.7453,1.6500,1,6.818,6.955
737,DATA_20260206_110000.BIN,8.5267,12.0635,4.3269,12.0635,1.2870,1,4.071,4.145
738,DATA_20260206_110000.BIN,4.3269,11.4593,4.4553,11.4593,1.2210,1,3.989,4.075
739,DATA_20260206_110000.BIN,4.4553,13.9233,5.4931,13.9233,1.3640,1,4.337,4.339
740,DATA_20260206_110000.BIN,5.4931,11.4384,5.7360,11.4384,1.2210,1,2.429,2.431
741,DATA_20260206_110000.BIN,5.7360,11.5039,3.6669,11.5039,1.2100,1,1.252,1.268
742,DATA_20260206_110000.BIN,3.6669,13.1161,5.4717,13.1161,2.6400,1,4.207,4.552
743,DATA_20260206_110000.BIN,5.4717,12.1571,2.5804,12.1571,1.4960,1,1.933,1.978
744,DATA_20260206_110000.BIN,2.5804,10.1170,5.6045,10.1170,1.4740,1,3.250,3.807
745,DATA_20260206_110000.BIN,5.6045,9.6783,1.7468,9.6783,1.3640,1,3.013,3.762
746,DATA_20260206_110000.BIN,1.7468,10.3144,3.2942,10.3144,2.7390,1,5.076,5.226
747,DATA_20260206_110000.BIN,3.2942,10.9453,1.1669,10.9453,3.0690,1,5.065,5.661
748,DATA_20260206_110000.BIN,1.1669,12.1863,2.5257,12.1863,2.4310,1,4.685,5.953
749,DATA_20260206_110000.BIN,2.5257,11.3049,3.8518,11.3049,1.6720,1,2.476,2.683
750,DATA_20260206_110000.BIN,3.8518,7.3676,3.0062,7.3676,2.4530,1,0.703,2.385
751,DATA_20260206_110000.BIN,3.0062,15.5384,4.3785,15.5384,2.0130,1,4.539,4.562
752,DATA_20260206_110000.BIN,4.3785,11.2048,3.3926,11.2048,1.7490,1,1.624,2.527
753,DATA_20260206_110000.BIN,3.3926,7.4531,1.3369,7.4531,4.6310,1,1.690,1.747
754,DATA_20260206_110000.BIN,1.3369,9.9832,2.8064,9.9832,2.2880,1,2.821,3.278
755,DATA_20260206_110000.BIN,2.8064,11.4272,1.3976,11.4272,2.2660,1,3.941,5.898
756,DATA_20260206_110000.BIN,1.3976,7.4307,2.0255,7.4307,1.6940,1,2.679,3.496
757,DATA_20260206_110000.BIN,2.0255,7.8449,3.3440,7.8449,2.9920,1,1.951,2.663
758,DATA_20260206_110000.BIN,0.7868,8.8348,1.6901,8.8348,1.9030,1,5.493,6.596
759,DATA_20260206_110000.BIN,1.6901,9.7648,1.1195,9.7648,1.8370,1,2.192,2.659
760,DATA_20260206_110000.BIN,1.1195,8.5546,1.0428,8.5546,1.4960,1,3.936,3.956
761,DATA_20260206_110000.BIN,1.4814,8.9717,2.4197,8.9717,1.9140,1,3.026,3.621
762,DATA_20260206_110000.BIN,2.4197,8.0446,1.0702,8.0446,2.6730,1,1.484,2.257
763,DATA_20260206_110000.BIN,1.0702,6.7545,1.2818,6.7545,1.3860,1,1.912,4.225
764,DATA_20260206_110000.BIN,1.2818,7.1983,0.8656,7.1983,4.4000,1,4.158,4.663
765,DATA_20260206_110000.BIN,0.8656,7.9717,1.2574,7.9717,1.6610,1,2.230,2.914
766,DATA_20260206_110000.BIN,1.2574,8.7665,1.6622,8.7665,1.4190,1,2.590,2.644
767,DATA_20260206_110000.BIN,1.6622,7.8505,0.7854,7.8505,1.5400,1,2.109,2.115
768,DATA_20260206_110000.BIN,0.7854,8.4012,0.6067,8.4012,2.2220,1,1.564,1.633
769,DATA_20260206_110000.BIN,0.6067,5.0271,1.0073,5.0271,3.9050,1,2.014,2.065
770,DATA_20260206_110000.BIN,1.0073,11.0375,1.2171,11.0375,3.0250,1,0.923,2.049
771,DATA_20260206_110000.BIN,1.2171,7.6644,0.9423,7.6644,1.8700,1,2.271,2.294
772,DATA_20260206_110000.BIN,1.9951,6.0905,1.1266,6.0905,3.4760,1,1.826,1.827
773,DATA_20260206_110000.BIN,1.1266,8.5290,2.6634,8.5290,2.7170,1,2.031,2.037
774,DATA_20260206_110000.BIN,2.6634,8.7482,1.6909,8.7482,3.2670,1,2.989,3.240
775,DATA_20260206_110000.BIN,1.6909,7.3355,1.4150,7.3355,2.1120,1,1.741,2.509
776,DATA_20260206_110000.BIN,1.4150,6.0873,0.7452,6.0873,1.8370,1,1.762,1.886
777,DATA_20260206_110000.BIN,0.7452,8.6633,0.6799,8.6633,4.2130,1,1.588,1.592
778,DATA_20260206_110000.BIN,1.9646,6.5078,2.3364,6.5078,1.1550,1,2.278,2.578
779,DATA_20260206_110000.BIN,2.3364,6.9047,1.6532,6.9047,1.6390,1,2.058,2.617
780,DATA_20260206_110000.BIN,2.4167,6.1041,2.9497,6.1041,1.3310,1,2.129,2.276
781,DATA_20260206_110000.BIN,2.9497,9.1153,0.8745,9.1153,1.3750,1,2.269,2.679
782,DATA_20260206_110000.BIN,0.8745,11.2652,2.1924,11.2652,2.1120,1,1.892,2.059
783,DATA_20260206_110000.BIN,2.1924,6.0335,2.3129,6.0335,1.0890,1,2.999,3.393
784,DATA_20260206_110000.BIN,2.3129,5.4205,1.1998,5.4205,2.1560,1,2.572,3.014
785,DATA_20260206_110000.BIN,1.1998,8.4886,2.0718,8.4886,1.8260,1,2.021,2.073
786,DATA_20260206_110000.BIN,0.7730,5.4498,1.3164,5.4498,9.7570,1,0.848,0.859
787,DATA_20260206_110000.BIN,1.3164,12.5421,4.8979,12.5421,2.1670,1,1.652,2.594
788,DATA_20260206_110000.BIN,2.4213,6.9650,2.6480,6.9650,1.8040,1,2.044,2.521
789,DATA_20260206_110000.BIN,2.6480,6.2788,0.1737,6.2788,3.6410,1,2.168,2.768
790,DATA_20260206_110000.BIN,2.5755,15.5686,0.6274,15.5686,3.8610,1,3.139,4.252
791,DATA_20260206_110000.BIN,0.6274,7.5511,2.6453,7.5511,1.1660,1,1.785,1.960
792,DATA_20260206_110000.BIN,3.8858,7.3695,0.4122,7.3695,1.4960,1,3.910,4.878
793,DATA_20260206_110000.BIN,0.4122,8.5445,1.5055,8.5445,1.6390,1,0.605,2.096
794,DATA_20260206_110000.BIN,1.5055,7.5659,1.5823,7.5659,6.2040,1,2.396,2.476
795,DATA_20260206_110000.BIN,1.5823,9.0148,0.5626,9.0148,1.5840,1,2.707,2.709
796,DATA_20260206_110000.BIN,0.5626,7.6485,1.8786,7.6485,2.0130,1,0.690,0.847
797,DATA_20260206_110000.BIN,1.8786,5.7476,1.6574,5.7476,4.8510,1,2.892,2.939
798,DATA_20260206_110000.BIN,1.6574,8.5826,0.2207,8.5826,1.9250,1,1.747,1.961
799,DATA_20260206_110000.BIN,0.2207,7.9984,1.4410,7.9984,1.4630,1,0.443,0.452
800,DATA_20260206_110000.BIN,1.4410,8.2185,2.7886,8.2185,2.6730,1,1.600,1.639
801,DATA_20260206_110000.BIN,2.7886,6.1311,2.5073,6.1311,1.6610,1,2.506,2.751
802,DATA_20260206_110000.BIN,2.5073,9.4577,1.1160,9.4577,6.7320,1,2.099,2.196
803,DATA_20260206_110000.BIN,1.1160,8.4259,1.0410,8.4259,1.0450,1,0.815,0.816
804,DATA_20260206_110000.BIN,1.0410,4.3696,1.9836,4.3696,8.7010,1,1.225,1.419
805,DATA_20260206_110000.BIN,1.9836,12.5533,2.6802,12.5533,5.2030,1,1.454,1.879
806,DATA_20260206_110000.BIN,2.6802,6.9140,2.6784,6.9140,1.4960,1,3.961,4.260
807,DATA_20260206_110000.BIN,1.1013,5.5935,2.2165,5.5935,2.3540,1,1.532,1.996
808,DATA_20260206_110000.BIN,2.2165,7.1258,2.1848,7.1258,7.0510,1,2.440,3.234
809,DATA_20260206_110000.BIN,2.1848,6.8075,2.0089,6.8075,1.7820,1,2.100,2.228
810,DATA_20260206_110000.BIN,2.0089,6.5438,0.8980,6.5438,1.4410,1,2.092,2.099
811,DATA_20260206_110000.BIN,0.8980,7.5008,0.9604,7.5008,1.7600,1,1.212,1.228
812,DATA_20260206_110000.BIN,0.9604,6.8603,1.3948,6.8603,2.4970,1,1.560,1.581
813,DATA_20260206_110000.BIN,1.3948,7.1664,0.2893,7.1664,2.5630,1,2.500,2.503
814,DATA_20260206_110000.BIN,0.2893,8.5657,0.2427,8.5657,2.9590,1,0.395,0.409
815,DATA_20260206_110000.BIN,0.2427,7.4116,2.2883,7.4116,2.5960,1,0.174,0.473
816,DATA_20260206_110000.BIN,2.1807,6.2034,0.9930,6.2034,1.4630,1,1.596,2.683
817,DATA_20260206_110000.BIN,0.9930,6.4836,1.1890,6.4836,1.0560,1,0.905,1.034
818,DATA_20260206_110000.BIN,1.1890,6.3990,0.6657,6.3990,1.9580,1,1.583,1.584
819,DATA_20260206_110000.BIN,0.6657,5.9640,1.5691,5.9640,4.4990,1,0.358,0.472
820,DATA_20260206_110000.BIN,1.5691,8.7156,1.5689,8.7156,1.6830,1,2.101,2.115
821,DATA_20260206_110000.BIN,1.5689,7.0012,1.4053,7.0012,1.6720,1,1.267,1.373
822,DATA_20260206_110000.BIN,1.4053,7.3031,1.0481,7.3031,1.9470,1,0.953,1.003
823,DATA_20260206_110000.BIN,1.0481,6.5793,2.6177,6.5793,1.5180,1,0.529,2.465
824,DATA_20260206_110000.BIN,2.6177,6.3125,1.2246,6.3125,4.3450,1,3.028,3.058
825,DATA_20260206_110000.BIN,1.9285,6.7026,1.1262,6.7026,3.6190,1,1.735,1.877
826,DATA_20260206_110000.BIN,1.1262,7.1997,2.3821,7.1997,1.2650,1,0.513,0.515
827,DATA_20260206_110000.BIN,1.8178,6.1534,1.7782,6.1534,2.7280,1,3.393,3.664
828,DATA_20260206_110000.BIN,1.7782,8.8333,2.9126,8.8333,1.1770,1,1.914,1.964
829,DATA_20260206_110000.BIN,2.9126,7.8000,3.0346,7.8000,2.9920,1,3.285,3.362
830,DATA_20260206_110000.BIN,3.0346,7.8639,1.9065,7.8639,1.3310,1,3.919,3.959
831,DATA_20260206_110000.BIN,1.9065,10.7956,1.1417,10.7956,1.5180,1,2.268,2.502
832,DATA_20260206_110000.BIN,1.1417,9.3780,1.6118,9.3780,1.5290,1,0.320,0.528
833,DATA_20260206_110000.BIN,1.6118,9.5128,4.8003,9.5128,3.5420,1,0.782,0.827
834,DATA_20260206_110000.BIN,4.8003,8.8860,2.2266,8.8860,1.6940,1,6.993,7.265
835,DATA_20260206_110000.BIN,2.2266,7.6393,1.8594,7.6393,1.8370,1,3.316,4.548
836,DATA_20260206_110000.BIN,4.6621,13.9225,1.5007,13.9225,6.2150,1,5.640,6.312
837,DATA_20260206_110000.BIN,5.5027,9.1736,1.1406,9.1736,2.9700,1,6.774,7.292
838,DATA_20260206_110000.BIN,0.5330,7.7698,2.0227,7.7698,2.1670,1,0.996,1.150
839,DATA_20260206_110000.BIN,2.0227,8.3443,0.4499,8.3443,1.2980,1,3.057,3.073
840,DATA_20260206_110000.BIN,0.4499,7.3701,2.5465,7.3701,2.4090,1,1.012,1.659
841,DATA_20260206_110000.BIN,2.5465,8.4627,1.7365,8.4627,1.5400,1,2.474,2.758
842,DATA_20260206_110000.BIN,1.7365,7.2760,1.6188,7.2760,1.7490,1,2.527,2.567
843,DATA_20260206_110000.BIN,1.6188,8.2942,1.6406,8.2942,1.4190,1,2.016,2.126
844,DATA_20260206_110000.BIN,0.8216,6.8140,2.2811,6.8140,2.8160,1,1.785,1.901
845,DATA_20260206_110000.BIN,2.2811,6.7161,1.6274,6.7161,1.4410,1,1.836,2.318
846,DATA_20260206_110000.BIN,1.6274,9.2403,1.5199,9.2403,1.7820,1,1.763,2.070
847,DATA_20260206_110000.BIN,1.5199,7.2030,1.4735,7.2030,1.6390,1,1.000,1.129
848,DATA_20260206_110000.BIN,1.4735,7.3152,2.2691,7.3152,1.4080,1,1.592,1.741
849,DATA_20260206_110000.BIN,2.2691,5.0855,1.5689,5.0855,2.9480,1,2.682,2.718
850,DATA_20260206_110000.BIN,1.5689,6.3408,1.1402,6.3408,3.9820,1,1.334,1.560
851,DATA_20260206_110000.BIN,1.1402,5.9932,2.2233,5.9932,1.5730,1,2.721,2.721
852,DATA_20260206_110000.BIN,3.3747,6.4028,0.6539,6.4028,4.7520,1,3.527,3.623
853,DATA_20260206_110000.BIN,0.6539,5.6699,1.5592,5.6699,4.8400,1,1.013,1.926
854,DATA_20260206_110000.BIN,1.5592,5.8605,1.6295,5.8605,3.1460,1,2.728,2.852
855,DATA_20260206_110000.BIN,1.6295,7.5995,3.6085,7.5995,2.5300,1,1.638,1.753
856,DATA_20260206_110000.BIN,3.6085,8.5246,2.0351,8.5246,1.2870,1,4.934,4.935
857,DATA_20260206_110000.BIN,2.0351,7.1079,2.8666,7.1079,1.3530,1,1.210,1.998
858,DATA_20260206_110000.BIN,1.3678,9.5395,1.3618,9.5395,3.1350,1,0.898,2.621
859,DATA_20260206_110000.BIN,1.3618,7.6748,1.1890,7.6748,2.1670,1,1.371,1.409
860,DATA_20260206_110000.BIN,2.6611,5.8199,1.6243,5.8199,1.2650,1,3.102,4.181
861,DATA_20260206_110000.BIN,1.6243,7.4798,1.5416,7.4798,1.8370,1,1.496,1.496
862,DATA_20260206_110000.BIN,1.5416,9.7229,1.3392,9.7229,2.1230,1,1.601,1.982
863,DATA_20260206_110000.BIN,1.3392,6.1604,3.3104,6.1604,3.7620,1,1.431,2.379
864,DATA_20260206_110000.BIN,0.8400,7.7925,2.0510,7.7925,1.3090,1,0.553,1.572
865,DATA_20260206_110000.BIN,1.5020,9.0879,0.6780,9.0879,1.9690,1,0.255,1.984
866,DATA_20260206_110000.BIN,0.6780,6.3681,1.5348,6.3681,2.7060,1,2.126,2.469
867,DATA_20260206_110000.BIN,1.5348,6.9302,1.3444,6.9302,1.9360,1,1.827,1.906
868,DATA_20260206_110000.BIN,1.3444,5.7362,0.8294,5.7362,2.7830,1,1.080,1.098
869,DATA_20260206_110000.BIN,0.8294,7.0094,1.5365,7.0094,3.8940,1,0.908,1.816
870,DATA_20260206_110000.BIN,1.5365,7.1631,0.4009,7.1631,1.8480,1,2.377,2.389
871,DATA_20260206_110000.BIN,0.4009,5.9339,1.3458,5.9339,2.6950,1,0.548,1.021
872,DATA_20260206_110000.BIN,1.3458,6.2976,2.1080,6.2976,1.5620,1,2.095,3.536
873,DATA_20260206_110000.BIN,4.4949,9.6929,4.7851,9.6929,1.7160,1,5.551,5.879
874,DATA_20260206_110000.BIN,1.9335,8.5550,2.7529,8.5550,1.6610,1,1.502,2.585
875,DATA_20260206_110000.BIN,2.7529,10.3331,2.3215,10.3331,1.4410,1,2.546,3.292
876,DATA_20260206_110000.BIN,2.3215,7.6251,1.8523,7.6251,6.0060,1,2.101,2.387
877,DATA_20260206_110000.BIN,4.8531,8.9087,2.5271,8.9087,1.4740,1,3.853,4.765
878,DATA_20260206_110000.BIN,2.5271,5.7286,0.7061,5.7286,9.2840,1,2.785,3.829
879,DATA_20260206_110000.BIN,0.7061,18.6165,0.5633,18.6165,4.1140,1,2.166,2.198
880,DATA_20260206_110000.BIN,1.1833,18.9227,0.5076,18.9227,4.7080,1,1.060,2.151
881,DATA_20260206_110000.BIN,3.2467,6.9717,1.5319,6.9717,3.5310,1,4.047,4.095
882,DATA_20260206_110000.BIN,1.5319,5.5145,2.5318,5.5145,1.4520,1,1.647,1.648
883,DATA_20260206_110000.BIN,2.5318,8.2457,0.5836,8.2457,1.4520,1,2.359,2.373
884,DATA_20260206_110000.BIN,0.5836,9.4011,1.0508,9.4011,3.1790,1,0.417,1.048
885,DATA_20260206_110000.BIN,1.0508,6.5696,2.0787,6.5696,2.0460,1,0.545,1.505
886,DATA_20260206_110000.BIN,2.0787,7.2679,1.0395,7.2679,1.2430,1,1.408,2.471
887,DATA_20260206_110000.BIN,1.0395,5.3699,0.6759,5.3699,3.2890,1,1.004,1.385
888,DATA_20260206_110000.BIN,0.6759,7.8087,0.6282,7.8087,2.6290,1,0.795,2.117
889,DATA_20260206_110000.BIN,0.6282,7.4469,2.6358,7.4469,2.8710,1,1.337,2.193
890,DATA_20260206_110000.BIN,2.6358,5.8775,0.3709,5.8775,1.3750,1,2.667,2.686
891,DATA_20260206_110000.BIN,0.3709,6.5917,1.6624,6.5917,1.4410,1,1.150,1.884
892,DATA_20260206_110000.BIN,1.6624,6.3135,1.8708,6.3135,2.0460,1,1.530,1.576
893,DATA_20260206_110000.BIN,1.8708,32.9872,2.8295,32.9872,8.6020,1,2.125,2.907
894,DATA_20260206_110000.BIN,1.8299,6.4232,4.0538,6.4232,5.9840,1,2.589,3.419
895,DATA_20260206_110000.BIN,4.0538,15.4570,3.6981,15.4570,6.2920,1,4.251,4.433
896,DATA_20260206_110000.BIN,2.3417,5.6882,1.6221,5.6882,6.2150,1,1.635,1.635
897,DATA_20260206_110000.BIN,3.5185,15.5510,2.5349,15.5510,4.8510,1,2.869,2.890
898,DATA_20260206_110000.BIN,3.9839,7.9014,1.1329,7.9014,5.3130,1,4.194,4.352
899,DATA_20260206_110000.BIN,1.1329,6.4507,3.3432,6.4507,4.5980,1,0.955,2.987
900,DATA_20260206_110000.BIN,3.3432,7.0534,1.1862,7.0534,5.6650,1,2.507,5.619
901,DATA_20260206_110000.BIN,0.5205,42.5267,2.2372,42.5267,9.2400,1,1.585,2.871
902,DATA_20260206_110000.BIN,2.2372,9.7904,2.0208,9.7904,1.5180,1,4.025,4.206
903,DATA_20260206_110000.BIN,2.0208,8.8226,0.3191,8.8226,6.6770,1,3.709,3.829
904,DATA_20260206_110000.BIN,0.3191,9.4316,1.9242,9.4316,2.5080,1,1.549,1.819
905,DATA_20260206_110000.BIN,1.9242,5.8125,0.7195,5.8125,4.6200,1,2.216,2.300
906,DATA_20260206_110000.BIN,0.7195,11.3006,5.5922,11.3006,1.5400,1,1.422,1.866
907,DATA_20260206_110000.BIN,5.5922,16.8012,0.7026,16.8012,8.1950,1,7.144,7.161
908,DATA_20260206_110000.BIN,0.7026,8.3067,1.1674,8.3067,5.3570,1,0.683,1.564
909,DATA_20260206_110000.BIN,0.4334,9.2812,3.9074,9.2812,4.0150,1,1.010,1.049
910,DATA_20260206_110000.BIN,8.8810,12.2509,1.9748,12.2509,6.8970,1,10.712,11.482
911,DATA_20260206_110000.BIN,1.9748,5.4116,0.7996,5.4116,4.8290,1,1.384,2.438
912,DATA_20260206_110000.BIN,0.7996,10.3649,2.4567,10.3649,6.0830,1,2.009,2.183
913,DATA_20260206_110000.BIN,2.4567,6.9348,1.6992,6.9348,3.8170,1,0.776,5.832
914,DATA_20260206_110000.BIN,1.6992,5.7069,1.3184,5.7069,3.1790,1,0.958,4.335
915,DATA_20260206_110000.BIN,1.3184,8.3319,2.2333,8.3319,1.9030,1,1.669,5.107
916,DATA_20260206_110000.BIN,2.2333,12.1393,7.1149,12.1393,2.6510,1,1.762,2.510
917,DATA_20260206_110000.BIN,3.5400,9.4829,2.1720,9.4829,1.6170,1,3.091,3.485
918,DATA_20260206_110000.BIN,2.1720,10.2958,0.2542,10.2958,1.4520,1,1.998,3.446
919,DATA_20260206_110000.BIN,0.2542,9.4569,2.7206,9.4569,1.5290,1,1.268,1.538
920,DATA_20260206_110000.BIN,2.7206,8.6296,2.8361,8.6296,1.5840,1,3.143,3.208
921,DATA_20260206_110000.BIN,2.8361,6.7537,0.6512,6.7537,3.0910,1,3.051,3.210
922,DATA_20260206_110000.BIN,0.6512,6.5956,0.7647,6.5956,1.3860,1,2.027,2.097
923,DATA_20260206_110000.BIN,0.7647,6.7121,2.2626,6.7121,3.2450,1,2.899,4.105
924,DATA_20260206_110000.BIN,2.2626,9.2233,1.5009,9.2233,1.3970,1,1.312,2.170
925,DATA_20260206_110000.BIN,1.5009,11.0720,1.4411,11.0720,1.5840,1,0.835,0.883
926,DATA_20260206_110000.BIN,1.4411,8.8606,2.7980,8.8606,1.4630,1,0.758,1.953
927,DATA_20260206_110000.BIN,2.7385,8.9513,0.9770,8.9513,1.6390,1,1.637,3.252
928,DATA_20260206_110000.BIN,0.9770,24.3454,18.8029,24.3454,3.2340,1,1.468,2.800
929,DATA_20260206_110000.BIN,18.8029,24.4734,8.7235,24.4734,3.1790,1,19.714,20.763
930,DATA_20260206_110000.BIN,8.7235,17.7445,3.6770,17.7445,3.5860,1,7.821,8.035
931,DATA_20260206_110000.BIN,2.1174,6.8472,1.1642,6.8472,1.7270,1,3.695,3.713
932,DATA_20260206_110000.BIN,1.1642,6.3528,1.2140,6.3528,1.2760,1,3.173,3.267
933,DATA_20260206_110000.BIN,0.7384,39.1936,6.9042,39.1936,8.9210,1,4.534,4.538
934,DATA_20260206_110000.BIN,6.9042,11.6613,1.4870,11.6613,1.4520,1,5.187,5.527
935,DATA_20260206_110000.BIN,1.4870,9.7835,0.5229,9.7835,2.5300,1,1.755,1.795
936,DATA_20260206_110000.BIN,0.5229,13.3684,3.1351,13.3684,3.1020,1,4.615,4.706
937,DATA_20260206_110000.BIN,3.3061,11.3075,2.8543,11.3075,2.1230,1,3.079,3.780
938,DATA_20260206_110000.BIN,2.8543,10.4688,2.1733,10.4688,1.5620,1,1.776,2.074
939,DATA_20260206_110000.BIN,2.1733,9.1247,2.4966,9.1247,1.9360,1,1.256,1.407
940,DATA_20260206_110000.BIN,2.4966,10.6847,1.2480,10.6847,2.2880,1,1.385,2.452
941,DATA_20260206_110000.BIN,1.2480,9.8267,2.3268,9.8267,3.1350,1,4.056,4.280
942,DATA_20260206_110000.BIN,2.3268,8.8441,2.8890,8.8441,2.6400,1,3.150,3.207
943,DATA_20260206_110000.BIN,2.8890,7.7444,1.2161,7.7444,1.2980,1,1.036,1.651
944,DATA_20260206_110000.BIN,1.2161,31.2364,0.5324,31.2364,9.5150,1,3.739,3.891
945,DATA_20260206_110000.BIN,0.5324,28.3169,0.1785,28.3169,5.8740,1,2.142,2.574
946,DATA_20260206_110000.BIN,0.1785,5.6629,0.5923,5.6629,7.6670,1,1.984,1.986
947,DATA_20260206_110000.BIN,0.5923,10.4914,2.4144,10.4914,5.1370,1,1.808,1.871
948,DATA_20260206_110000.BIN,0.7909,5.5588,1.3815,5.5588,5.9180,1,1.562,3.316
949,DATA_20260206_110000.BIN,1.3815,6.4699,2.7226,6.4699,4.3560,1,2.564,2.917
950,DATA_20260206_110000.BIN,2.7226,14.7733,2.4192,14.7733,5.1150,1,4.087,5.584
951,DATA_20260206_110000.BIN,2.4192,7.5561,1.7903,7.5561,2.4640,1,1.532,1.929
952,DATA_20260206_110000.BIN,1.7903,6.1679,1.9452,6.1679,1.4850,1,1.651,2.326
953,DATA_20260206_110000.BIN,2.0413,5.9238,1.3160,5.9238,6.4680,1,3.205,3.543
954,DATA_20260206_110000.BIN,1.3160,33.8385,29.3826,33.8385,4.8180,1,1.039,1.042
955,DATA_20260206_110000.BIN,29.3826,36.7764,1.9666,36.7764,6.5780,1,33.488,34.177
956,DATA_20260206_110000.BIN,2.8127,5.5272,1.4669,5.5272,1.8370,1,7.257,7.603
957,DATA_20260206_110000.BIN,1.4669,7.7022,0.6853,7.7022,4.1030,1,5.032,5.113
958,DATA_20260206_110000.BIN,0.7691,5.1780,1.7187,5.1780,4.5210,1,1.655,2.839
959,DATA_20260206_110000.BIN,0.5962,6.2426,1.3439,6.2426,1.6390,1,2.478,2.491
960,DATA_20260206_110000.BIN,1.3439,7.3493,1.6017,7.3493,7.3040,1,3.620,3.640
961,DATA_20260206_110000.BIN,0.6686,5.4195,1.4950,5.4195,3.8830,1,1.900,1.916
962,DATA_20260206_110000.BIN,0.3613,6.5645,1.3681,6.5645,3.4320,1,2.315,2.437
963,DATA_20260206_110000.BIN,1.3425,4.7441,2.1933,4.7441,3.0140,1,3.591,3.606
964,DATA_20260206_110000.BIN,2.1933,6.5685,2.2884,6.5685,5.1590,1,4.073,4.084
965,DATA_20260206_110000.BIN,2.2884,6.6802,3.2703,6.6802,5.7860,1,3.794,4.022
966,DATA_20260206_110000.BIN,3.2703,6.7386,1.4307,6.7386,4.5980,1,4.468,4.685
967,DATA_20260206_110000.BIN,1.4307,5.8073,2.2841,5.8073,1.8260,1,1.901,2.660
968,DATA_20260206_110000.BIN,2.2841,8.4286,1.6415,8.4286,3.5200,1,2.984,3.293
969,DATA_20260206_110000.BIN,1.6415,5.9085,1.0917,5.9085,5.1370,1,1.747,2.099
970,DATA_20260206_110000.BIN,0.7524,5.0973,2.1895,5.0973,9.2840,1,0.891,0.949
971,DATA_20260206_110000.BIN,2.1895,11.7204,2.3442,11.7204,4.8840,1,2.556,2.772
972,DATA_20260206_110000.BIN,2.3442,6.6090,4.0112,6.6090,4.1800,1,4.049,4.112
973,DATA_20260206_110000.BIN,4.0112,16.9109,0.9377,16.9109,5.0820,1,4.638,5.378
974,DATA_20260206_110000.BIN,0.9377,13.5733,0.8598,13.5733,9.2840,1,2.212,3.749
975,DATA_20260206_110000.BIN,0.8598,8.6843,2.4877,8.6843,1.3310,1,0.372,0.573
976,DATA_20260206_110000.BIN,2.4877,6.9610,2.7294,6.9610,5.5440,1,2.777,2.849
977,DATA_20260206_110000.BIN,2.7294,4.9882,2.3064,4.9882,2.3100,1,2.624,2.833
978,DATA_20260206_110000.BIN,2.3064,10.2459,1.6775,10.2459,5.9290,1,2.900,2.928
979,DATA_20260206_110000.BIN,1.6775,9.2565,0.5870,9.2565,1.6390,1,1.474,2.023
980,DATA_20260206_110000.BIN,0.5870,10.8803,1.6905,10.8803,2.7500,1,0.932,2.238
981,DATA_20260206_110000.BIN,1.6905,11.5129,0.9925,11.5129,1.7710,1,1.309,2.129
982,DATA_20260206_110000.BIN,0.9925,8.6418,3.6498,8.6418,1.7270,1,0.196,0.365
983,DATA_20260206_110000.BIN,3.6498,8.8490,2.2577,8.8490,1.1000,1,3.840,4.087
984,DATA_20260206_110000.BIN,1.5701,8.0944,1.9169,8.0944,1.4740,1,1.370,1.370
985,DATA_20260206_110000.BIN,1.9169,7.4914,3.1557,7.4914,1.4740,1,2.404,2.505
986,DATA_20260206_110000.BIN,3.1557,11.3431,0.2924,11.3431,1.7270,1,3.416,3.668
987,DATA_20260206_110000.BIN,0.2924,8.8014,1.8811,8.8014,1.0670,1,1.078,1.122
988,DATA_20260206_110000.BIN,1.8811,5.9535,2.5405,5.9535,4.7190,1,3.223,3.233
989,DATA_20260206_110000.BIN,2.5405,8.8434,1.1902,8.8434,3.7510,1,2.177,2.338
990,DATA_20260206_110000.BIN,2.5783,10.4117,1.0506,10.4117,5.6870,1,2.552,2.614
991,DATA_20260206_110000.BIN,1.0506,5.3316,0.7419,5.3316,3.3440,1,0.411,0.663
992,DATA_20260206_110000.BIN,0.7419,8.8687,0.5213,8.8687,1.6390,1,1.749,2.046
993,DATA_20260206_110000.BIN,0.5213,6.4381,1.5508,6.4381,1.9030,1,1.866,2.153
994,DATA_20260206_110000.BIN,1.5508,7.2080,1.4496,7.2080,2.6730,1,1.053,1.783
995,DATA_20260206_110000.BIN,1.4496,5.6885,1.8438,5.6885,1.1330,1,0.392,1.635
996,DATA_20260206_110000.BIN,1.8438,5.9244,2.2962,5.9244,1.7270,1,1.863,2.516
997,DATA_20260206_110000.BIN,2.2558,9.8712,0.7559,9.8712,3.2120,1,0.937,2.534
998,DATA_20260206_110000.BIN,0.7559,5.1803,1.0240,5.1803,5.5660,1,1.558,1.611
999,DATA_20260206_110000.BIN,1.0240,10.1039,1.8304,10.1039,9.8450,1,1.830,1.881
1000,DATA_20260206_110000.BIN,0.6110,6.5664,4.4275,6.5664,7.2710,1,1.423,2.091
1001,DATA_20260206_110000.BIN,4.4275,9.9542,6.3876,9.9542,7.6120,1,4.162,5.413
1002,DATA_20260206_110000.BIN,6.3876,11.2570,9.1330,11.2570,4.9720,1,6.489,7.427
1003,DATA_20260206_110000.BIN,9.1330,11.5166,1.9749,11.5166,6.8640,1,9.742,10.868
1004,DATA_20260206_110000.BIN,2.5928,9.4659,2.0003,9.4659,1.3090,1,4.659,5.086
1005,DATA_20260206_110000.BIN,0.8190,6.5312,3.2726,6.5312,5.0160,1,2.339,2.436
1006,DATA_20260206_110000.BIN,1.2313,6.4739,0.3781,6.4739,8.4040,1,3.280,4.740
1007,DATA_20260206_110000.BIN,0.3781,5.7952,1.0047,5.7952,5.4450,1,2.011,2.037
1008,DATA_20260206_110000.BIN,1.0047,6.7074,2.0696,6.7074,3.8940,1,1.715,3.719
1009,DATA_20260206_110000.BIN,2.0696,7.5726,1.5343,7.5726,1.2210,1,3.051,3.058
1010,DATA_20260206_110000.BIN,1.5343,7.5185,3.1025,7.5185,1.9250,1,1.905,2.013
1011,DATA_20260206_110000.BIN,1.3053,8.2021,1.0226,8.2021,1.4080,1,0.078,1.373
1012,DATA_20260206_110000.BIN,1.0226,5.6008,1.6836,5.6008,1.2100,1,0.644,1.029
1013,DATA_20260206_110000.BIN,1.6836,6.4783,2.5392,6.4783,1.2650,1,0.851,1.285
1014,DATA_20260206_110000.BIN,2.5392,7.4261,1.2198,7.4261,1.9690,1,1.124,3.597
1015,DATA_20260206_110000.BIN,1.2198,5.9823,1.3890,5.9823,8.4370,1,1.238,2.870
1016,DATA_20260206_110000.BIN,0.3931,5.7999,2.2045,5.7999,2.2880,1,1.485,1.618
1017,DATA_20260206_110000.BIN,2.2045,5.1114,1.5213,5.1114,2.3650,1,1.286,2.980
1018,DATA_20260206_110000.BIN,1.5213,6.8734,1.9890,6.8734,1.1330,1,0.731,0.976
1019,DATA_20260206_110000.BIN,2.3464,8.3586,1.9586,8.3586,1.9690,1,1.941,2.289
1020,DATA_20260206_110000.BIN,2.0344,7.3471,1.5792,7.3471,1.5620,1,0.952,3.279
1021,DATA_20260206_110000.BIN,1.5792,7.0428,3.4356,7.0428,2.3760,1,3.213,3.231
1022,DATA_20260206_110000.BIN,3.4356,7.6270,1.4080,7.6270,2.4750,1,3.311,3.341
1023,DATA_20260206_110000.BIN,1.3609,8.9524,1.2803,8.9524,6.6110,1,2.412,2.488
1024,DATA_20260206_110000.BIN,1.2803,7.2264,1.2333,7.2264,1.4740,1,0.259,1.234
1025,DATA_20260206_110000.BIN,1.2333,5.7065,1.0502,5.7065,1.2430,1,0.917,1.065
1026,DATA_20260206_110000.BIN,1.0502,7.7612,2.3580,7.7612,1.6170,1,0.960,1.097
1027,DATA_20260206_110000.BIN,2.3580,7.5474,2.4899,7.5474,6.0060,1,1.702,1.983
1028,DATA_20260206_110000.BIN,2.4899,6.2991,1.1364,6.2991,2.0350,1,4.822,4.842
1029,DATA_20260206_110000.BIN,1.1364,5.4479,1.5447,5.4479,1.1330,1,2.535,2.547
1030,DATA_20260206_110000.BIN,1.5447,5.2221,1.9225,5.2221,3.3770,1,0.754,2.241
1031,DATA_20260206_110000.BIN,1.9225,7.8770,1.2365,7.8770,4.1910,1,1.747,1.756
1032,DATA_20260206_110000.BIN,1.2365,4.3820,1.7076,4.3820,1.3640,1,2.515,2.580
1033,DATA_20260206_110000.BIN,1.7076,5.2939,1.7649,5.2939,3.1020,1,1.871,2.640
1034,DATA_20260206_110000.BIN,1.7649,5.8637,0.9210,5.8637,1.1550,1,1.766,1.783
1035,DATA_20260206_110000.BIN,1.1590,5.9656,1.7293,5.9656,7.5350,1,2.601,2.742
1036,DATA_20260206_110000.BIN,1.7293,5.8569,0.8284,5.8569,1.8370,1,2.077,2.540
1037,DATA_20260206_110000.BIN,0.8284,6.7887,1.0001,6.7887,4.0370,1,1.715,1.731
1038,DATA_20260206_110000.BIN,1.0001,4.5630,1.2647,4.5630,4.4550,1,0.703,2.155
1039,DATA_20260206_110000.BIN,1.7298,8.1285,1.7249,8.1285,1.5510,1,1.898,2.296
1040,DATA_20260206_110000.BIN,1.7249,6.8834,1.5548,6.8834,1.6280,1,1.588,1.736
1041,DATA_20260206_110000.BIN,2.2010,6.5259,1.9920,6.5259,5.0710,1,2.694,3.965
1042,DATA_20260206_110000.BIN,1.9920,7.7234,1.0019,7.7234,1.2870,1,1.380,2.654
1043,DATA_20260206_110000.BIN,1.0019,10.3218,1.6008,10.3218,2.3540,1,1.324,1.479
1044,DATA_20260206_110000.BIN,1.6008,7.2928,2.5016,7.2928,1.2760,1,1.134,1.282
1045,DATA_20260206_110000.BIN,2.5016,9.4952,1.8806,9.4952,3.1790,1,2.762,2.766
1046,DATA_20260206_110000.BIN,1.8806,5.8478,0.7186,5.8478,2.7390,1,3.574,3.578
1047,DATA_20260206_110000.BIN,0.7186,4.8144,0.7678,4.8144,3.7070,1,1.661,1.794
1048,DATA_20260206_110000.BIN,0.7678,5.9058,2.7312,5.9058,3.4100,1,0.248,0.260
1049,DATA_20260206_110000.BIN,2.7312,6.6345,2.4646,6.6345,1.9470,1,3.034,3.456
1050,DATA_20260206_110000.BIN,2.4646,7.0340,1.0164,7.0340,5.1370,1,2.659,2.878
1051,DATA_20260206_110000.BIN,1.8142,6.1969,0.7996,6.1969,3.9930,1,1.743,2.221
1052,DATA_20260206_110000.BIN,0.7996,7.9213,0.6024,7.9213,2.0240,1,1.691,1.897
1053,DATA_20260206_110000.BIN,0.6024,7.9512,2.3533,7.9512,7.1940,1,0.494,1.823
1054,DATA_20260206_110000.BIN,2.3533,6.5730,0.7162,6.5730,3.4650,1,2.412,2.493
1055,DATA_20260206_110000.BIN,0.7162,6.0828,2.3139,6.0828,2.5080,1,0.969,0.970
1056,DATA_20260206_110000.BIN,2.3139,5.1841,0.4492,5.1841,1.5840,1,2.149,2.308
1057,DATA_20260206_110000.BIN,0.4492,7.8683,1.0483,7.8683,1.9800,1,2.232,3.456
1058,DATA_20260206_110000.BIN,1.0483,5.1833,1.3248,5.1833,2.4860,1,1.659,1.896
1059,DATA_20260206_110000.BIN,1.3248,6.9959,2.2673,6.9959,0.9350,1,1.286,1.736
1060,DATA_20260206_110000.BIN,2.2673,6.4153,0.8057,6.4153,5.0710,1,2.870,2.919
1061,DATA_20260206_110000.BIN,0.7303,7.5429,1.8158,7.5429,2.8380,1,0.793,0.801
1062,DATA_20260206_110000.BIN,1.8158,7.0235,1.5083,7.0235,2.3760,1,0.911,1.712
1063,DATA_20260206_110000.BIN,1.5083,6.1665,0.4036,6.1665,2.5520,1,1.613,1.621
1064,DATA_20260206_110000.BIN,0.4036,8.0618,0.9243,8.0618,4.8180,1,1.341,2.076
1065,DATA_20260206_110000.BIN,0.9243,4.9614,2.0811,4.9614,1.8920,1,1.104,1.114
1066,DATA_20260206_110000.BIN,2.0811,6.2903,0.9159,6.2903,6.7980,1,2.947,3.056
1067,DATA_20260206_110000.BIN,0.9159,7.4732,1.7931,7.4732,1.6060,1,0.470,0.961
1068,DATA_20260206_110000.BIN,1.7931,7.9378,1.4643,7.9378,3.2450,1,1.574,1.893
1069,DATA_20260206_110000.BIN,1.8848,20.0976,3.8982,20.0976,4.1360,1,1.700,1.913
1070,DATA_20260206_110000.BIN,3.8982,7.1214,1.4440,7.1214,4.3230,1,3.511,4.209
1071,DATA_20260206_110000.BIN,1.4440,5.1806,1.1076,5.1806,1.1220,1,1.026,1.028
1072,DATA_20260206_110000.BIN,1.1076,6.2932,0.4942,6.2932,1.3420,1,1.194,1.490
1073,DATA_20260206_110000.BIN,1.2558,7.2638,0.9169,7.2638,6.4680,1,1.932,2.201
1074,DATA_20260206_110000.BIN,0.9169,6.2402,1.3064,6.2402,1.1110,1,1.511,1.527
1075,DATA_20260206_110000.BIN,1.4222,6.5273,1.6139,6.5273,3.8500,1,0.915,1.300
1076,DATA_20260206_110000.BIN,1.6139,5.4250,1.2058,5.4250,4.5100,1,1.874,2.306
1077,DATA_20260206_110000.BIN,1.2058,6.6906,0.5021,6.6906,8.1840,1,1.478,1.954
1078,DATA_20260206_110000.BIN,0.5021,7.2615,1.5755,7.2615,1.2210,1,0.621,1.072
1079,DATA_20260206_110000.BIN,1.5755,5.4314,2.3277,5.4314,2.7170,1,1.922,2.026
1080,DATA_20260206_110000.BIN,2.3277,5.3447,1.4318,5.3447,1.7050,1,2.465,3.175
1081,DATA_20260206_110000.BIN,0.3882,5.7740,0.2589,5.7740,2.1340,1,0.624,1.372
1082,DATA_20260206_110000.BIN,0.2589,12.4252,2.8375,12.4252,3.8280,1,0.415,0.450
1083,DATA_20260206_110000.BIN,2.8375,12.7124,3.7580,12.7124,4.0370,1,4.204,4.369
1084,DATA_20260206_110000.BIN,1.4619,5.9112,1.5220,5.9112,2.3540,1,1.123,1.910
1085,DATA_20260206_110000.BIN,1.5220,7.0848,1.2125,7.0848,4.5100,1,2.134,2.294
1086,DATA_20260206_110000.BIN,1.2125,6.3992,1.6851,6.3992,4.9610,1,1.139,1.743
1087,DATA_20260206_110000.BIN,1.4450,6.7398,3.8340,6.7398,2.8820,1,0.604,3.759
1088,DATA_20260206_110000.BIN,3.8340,6.9190,1.5018,6.9190,1.7930,1,4.704,4.913
1089,DATA_20260206_110000.BIN,1.5018,6.5655,1.0434,6.5655,4.3010,1,0.850,2.004
1090,DATA_20260206_110000.BIN,2.3226,6.9023,2.4609,6.9023,1.6060,1,2.461,3.758
1091,DATA_20260206_110000.BIN,1.0692,7.1737,1.1710,7.1737,4.9610,1,1.531,1.536
1092,DATA_20260206_110000.BIN,1.1710,7.3095,1.5897,7.3095,4.9060,1,1.109,1.277
1093,DATA_20260206_110000.BIN,0.9903,5.8639,0.2466,5.8639,1.2430,1,0.959,1.184
1094,DATA_20260206_110000.BIN,2.3781,7.9352,1.9706,7.9352,2.8050,1,2.634,3.234
1095,DATA_20260206_110000.BIN,1.0060,5.2183,2.7288,5.2183,4.0370,1,0.896,2.028
1096,DATA_20260206_110000.BIN,2.7288,7.6456,4.0006,7.6456,5.0820,1,3.496,3.681
1097,DATA_20260206_110000.BIN,4.0006,8.0878,2.3844,8.0878,2.2770,1,3.947,4.285
1098,DATA_20260206_110000.BIN,2.3844,6.1793,2.6403,6.1793,1.5290,1,1.575,2.032
1099,DATA_20260206_110000.BIN,2.7134,8.7320,2.0995,8.7320,3.2560,1,2.177,2.191
1100,DATA_20260206_110000.BIN,2.0995,6.2992,2.4242,6.2992,1.0890,1,1.246,1.319
1101,DATA_20260206_110000.BIN,2.4242,5.9899,3.0117,5.9899,4.5100,1,1.916,2.010
1102,DATA_20260206_110000.BIN,3.0117,7.0931,1.3355,7.0931,4.0040,1,1.997,2.084
1103,DATA_20260206_110000.BIN,1.3355,8.1331,1.2720,8.1331,6.1930,1,3.500,3.839
1104,DATA_20260206_110000.BIN,1.4680,5.9045,1.1520,5.9045,1.0450,1,0.703,0.937
1105,DATA_20260206_110000.BIN,1.1520,6.6127,2.3109,6.6127,1.7600,1,0.539,1.643
1106,DATA_20260206_110000.BIN,1.8941,5.8367,1.6484,5.8367,1.8700,1,2.256,2.538
1107,DATA_20260206_110000.BIN,1.6484,5.2839,0.3347,5.2839,1.1990,1,0.580,0.865
1108,DATA_20260206_110000.BIN,0.3347,7.8003,4.9827,7.8003,8.1950,1,1.220,1.258
1109,DATA_20260206_110000.BIN,0.9288,7.0215,1.8560,7.0215,1.2870,1,1.932,2.150
1110,DATA_20260206_110000.BIN,1.8560,10.7943,1.8193,10.7943,1.7710,1,0.981,1.064
1111,DATA_20260206_110000.BIN,1.8193,5.6428,2.0788,5.6428,5.7640,1,1.732,1.937
1112,DATA_20260206_110000.BIN,2.0788,6.7063,1.7771,6.7063,1.7930,1,3.761,3.786
1113,DATA_20260206_110000.BIN,1.7771,6.8997,1.8314,6.8997,3.9600,1,3.138,3.140
1114,DATA_20260206_110000.BIN,1.8314,7.4629,1.0621,7.4629,1.7930,1,2.466,2.733
1115,DATA_20260206_110000.BIN,1.0621,4.9581,1.3153,4.9581,1.5290,1,1.937,2.234
1116,DATA_20260206_110000.BIN,1.3153,5.1614,0.1973,5.1614,3.2780,1,1.667,1.736
1117,DATA_20260206_110000.BIN,0.1973,4.6817,2.0803,4.6817,2.2330,1,0.781,0.904
1118,DATA_20260206_110000.BIN,2.0803,5.7421,0.5836,5.7421,2.2660,1,2.266,4.993
1119,DATA_20260206_110000.BIN,2.0600,7.5308,1.8350,7.5308,1.6940,1,2.204,2.255
1120,DATA_20260206_110000.BIN,1.8350,8.6367,1.9682,8.6367,1.2980,1,1.532,1.533
1121,DATA_20260206_110000.BIN,0.9956,6.5758,2.4863,6.5758,1.8260,1,2.302,2.860
1122,DATA_20260206_110000.BIN,2.4863,5.8410,2.8277,5.8410,1.5290,1,2.477,2.477
1123,DATA_20260206_110000.BIN,2.8277,5.3154,1.6226,5.3154,2.2440,1,3.275,3.525
1124,DATA_20260206_110000.BIN,1.4329,6.2342,2.2498,6.2342,1.4190,1,1.809,2.940
1125,DATA_20260206_110000.BIN,1.5943,5.4654,1.1983,5.4654,3.4320,1,1.322,1.562
1126,DATA_20260206_110000.BIN,0.8712,8.6981,0.8075,8.6981,4.2460,1,2.579,2.713
1127,DATA_20260206_110000.BIN,0.8075,9.0419,0.8580,9.0419,1.6610,1,1.814,1.883
1128,DATA_20260206_110000.BIN,2.4224,7.3320,1.7502,7.3320,1.0340,1,2.293,2.312
1129,DATA_20260206_110000.BIN,1.7502,11.1786,5.7475,11.1786,2.0570,1,1.783,1.797
1130,DATA_20260206_110000.BIN,5.7475,13.4694,8.9699,13.4694,9.6360,1,7.004,7.078
1131,DATA_20260206_110000.BIN,8.9699,12.7399,1.3347,12.7399,4.1470,1,8.385,9.886
1132,DATA_20260206_110000.BIN,1.3347,4.3459,1.0020,4.3459,1.6610,1,1.738,3.041
1133,DATA_20260206_110000.BIN,1.0020,6.8155,1.6568,6.8155,1.6940,1,2.106,2.114
1134,DATA_20260206_110000.BIN,1.6568,7.1331,1.6442,7.1331,1.2430,1,2.447,2.482
1135,DATA_20260206_110000.BIN,1.6442,6.1024,1.8316,6.1024,2.1560,1,3.296,3.353
1136,DATA_20260206_110000.BIN,1.8316,9.1065,1.1013,9.1065,1.7490,1,2.384,2.592
1137,DATA_20260206_110000.BIN,1.1013,6.5194,1.1588,6.5194,4.8730,1,1.121,1.364
1138,DATA_20260206_110000.BIN,1.1588,8.4920,3.6857,8.4920,1.4850,1,1.214,3.645
1139,DATA_20260206_110000.BIN,2.2902,6.6506,1.7237,6.6506,2.9480,1,2.784,4.123
1140,DATA_20260206_110000.BIN,1.7237,6.4466,0.4503,6.4466,2.5410,1,2.026,3.463
1141,DATA_20260206_110000.BIN,1.3357,5.1292,0.4634,5.1292,2.0680,1,1.761,1.962
1142,DATA_20260206_110000.BIN,1.0208,8.8901,1.6043,8.8901,2.5850,1,1.744,2.105
1143,DATA_20260206_110000.BIN,1.6043,4.6781,0.8646,4.6781,3.6850,1,0.337,3.851
1144,DATA_20260206_110000.BIN,1.2402,5.5958,2.0840,5.5958,7.3920,1,1.578,1.677
1145,DATA_20260206_110000.BIN,2.0840,5.3300,0.6749,5.3300,3.0800,1,2.123,2.455
1146,DATA_20260206_110000.BIN,0.6749,5.0593,1.7852,5.0593,1.8260,1,1.153,1.168
1147,DATA_20260206_110000.BIN,1.7852,6.7014,2.7742,6.7014,1.5070,1,1.243,2.097
1148,DATA_20260206_110000.BIN,1.9113,5.4022,1.4097,5.4022,3.5200,1,2.805,2.806
1149,DATA_20260206_110000.BIN,1.4097,6.0081,1.0140,6.0081,1.4960,1,1.328,1.506
1150,DATA_20260206_110000.BIN,2.0509,5.8448,2.9252,5.8448,1.2430,1,2.622,2.627
1151,DATA_20260206_110000.BIN,2.2821,4.2484,0.8871,4.2484,2.7170,1,4.067,4.659
1152,DATA_20260206_110000.BIN,0.8871,4.9262,2.2218,4.9262,1.4190,1,0.514,0.669
1153,DATA_20260206_110000.BIN,2.6417,6.6126,1.8314,6.6126,2.2220,1,2.686,2.767
1154,DATA_20260206_110000.BIN,1.8314,6.0508,1.6966,6.0508,3.1570,1,2.703,2.869
1155,DATA_20260206_110000.BIN,1.6966,7.0699,2.5282,7.0699,1.6610,1,1.837,2.172
1156,DATA_20260206_110000.BIN,2.5282,6.4185,0.2161,6.4185,1.6170,1,2.127,2.664
1157,DATA_20260206_110000.BIN,0.2161,5.5182,2.0699,5.5182,2.7060,1,0.854,1.198
1158,DATA_20260206_110000.BIN,2.0699,5.4407,0.6213,5.4407,5.6320,1,1.590,4.080
1159,DATA_20260206_120000.BIN,1.9052,9.6206,2.3829,9.6206,2.9040,1,13.932,14.778
1160,DATA_20260206_120000.BIN,2.3829,7.9986,3.6972,7.9986,1.2760,1,16.152,16.980
1161,DATA_20260206_120000.BIN,4.8360,15.1680,8.3322,15.1680,4.4550,1,16.182,17.204
1162,DATA_20260206_120000.BIN,8.3322,23.5146,11.5596,23.5146,1.5730,1,6.244,6.894
1163,DATA_20260206_120000.BIN,11.5596,18.2703,7.8117,18.2703,2.8600,1,5.411,5.527
1164,DATA_20260206_120000.BIN,7.8117,13.2397,8.4325,13.2397,2.0020,1,9.499,12.774
1165,DATA_20260206_120000.BIN,8.4325,12.8153,10.2661,12.8153,1.7270,1,4.530,4.983
1166,DATA_20260206_120000.BIN,10.2661,15.7592,8.6483,15.7592,3.5640,1,9.672,10.124
1167,DATA_20260206_120000.BIN,1.8481,8.3520,0.9231,8.3520,1.2760,1,11.020,11.808
1168,DATA_20260206_120000.BIN,3.4975,8.0406,3.3891,8.0406,1.4080,1,10.029,10.464
1169,DATA_20260206_120000.BIN,3.3891,7.3615,1.6455,7.3615,1.8370,1,8.994,9.935
1170,DATA_20260206_120000.BIN,1.6455,6.6573,0.9549,6.6573,2.1010,1,10.159,10.942
1171,DATA_20260206_120000.BIN,0.9549,15.8381,3.5063,15.8381,3.1240,1,5.750,6.225
1172,DATA_20260206_120000.BIN,3.5063,25.4399,14.3895,25.4399,3.8500,1,10.219,11.991
1173,DATA_20260206_120000.BIN,14.3895,28.1416,4.3233,28.1416,3.1020,1,22.377,22.487
1174,DATA_20260206_120000.BIN,24.3717,27.1856,23.4138,27.1856,4.0370,1,36.242,38.970
1175,DATA_20260206_120000.BIN,23.4138,27.7346,20.6522,27.7346,2.6620,1,30.797,31.950
1176,DATA_20260206_120000.BIN,20.6522,26.1471,21.1485,26.1471,4.3450,1,22.013,22.050
1177,DATA_20260206_120000.BIN,16.3182,24.2924,20.7777,24.2924,2.7060,1,14.037,22.281
1178,DATA_20260206_120000.BIN,20.7777,23.3254,19.7188,23.3254,6.2040,1,20.067,24.403
1179,DATA_20260206_120000.BIN,19.7188,23.1198,14.9571,23.1198,7.7770,1,17.046,17.611
1180,DATA_20260206_120000.BIN,20.2661,23.7718,18.0353,23.7718,2.0020,1,15.624,17.056
1181,DATA_20260206_120000.BIN,17.4506,21.7784,18.5132,21.7784,5.4890,1,10.671,18.725
1182,DATA_20260206_120000.BIN,18.5132,26.6294,10.2148,26.6294,5.2470,1,13.681,15.080
1183,DATA_20260206_120000.BIN,10.2148,27.2393,18.5124,27.2393,8.9540,1,4.604,13.331
1184,DATA_20260206_120000.BIN,18.5124,28.3354,13.3373,28.3354,7.1390,1,9.614,12.944
1185,DATA_20260206_120000.BIN,16.4592,22.6164,19.6462,22.6164,9.2400,1,6.286,7.914
1186,DATA_20260206_120000.BIN,9.3569,24.9328,17.6035,24.9328,2.3980,1,4.850,9.007
1187,DATA_20260206_120000.BIN,17.6035,30.5707,14.7763,30.5707,3.4430,1,7.446,7.454
1188,DATA_20260206_120000.BIN,14.7763,28.2168,2.8443,28.2168,3.5090,1,20.928,21.912
1189,DATA_20260206_120000.BIN,5.6416,11.9478,7.2009,11.9478,2.3100,1,8.983,8.988
1190,DATA_20260206_120000.BIN,7.2009,27.1400,3.6557,27.1400,4.4770,1,14.046,15.008
1191,DATA_20260206_120000.BIN,4.3343,7.0726,0.4396,7.0726,1.3420,1,16.584,17.387
1192,DATA_20260206_120000.BIN,0.4396,7.2110,2.4542,7.2110,1.3860,1,12.197,13.044
1193,DATA_20260206_120000.BIN,2.4542,8.5659,2.8070,8.5659,1.3420,1,8.260,9.673
1194,DATA_20260206_120000.BIN,2.8070,8.3805,2.7652,8.3805,1.2650,1,7.128,8.668
1195,DATA_20260206_120000.BIN,2.7652,10.0858,3.9920,10.0858,1.2650,1,6.143,7.259
1196,DATA_20260206_120000.BIN,3.9920,9.3395,1.2589,9.3395,1.3860,1,5.997,7.586
1197,DATA_20260206_120000.BIN,1.2589,4.9617,1.0290,4.9617,1.3970,1,8.025,8.751
1198,DATA_20260206_120000.BIN,1.0290,6.1081,0.9097,6.1081,2.6620,1,7.742,8.063
1199,DATA_20260206_120000.BIN,0.9097,6.6741,1.2973,6.6741,1.2650,1,7.728,8.018
1200,DATA_20260206_120000.BIN,1.2973,6.6331,1.4728,6.6331,1.3530,1,7.514,7.628
1201,DATA_20260206_120000.BIN,1.4728,6.0622,0.8023,6.0622,1.3530,1,7.014,7.017
1202,DATA_20260206_120000.BIN,0.8023,6.5374,0.2550,6.5374,2.8490,1,4.306,5.179
1203,DATA_20260206_120000.BIN,4.3614,6.6929,2.3615,6.6929,7.5900,1,2.550,2.650
1204,DATA_20260206_120000.BIN,2.3615,6.9681,1.3792,6.9681,1.0340,1,3.782,4.364
1205,DATA_20260206_120000.BIN,1.3792,9.5517,2.6698,9.5517,1.5840,1,2.418,3.839
1206,DATA_20260206_120000.BIN,2.6698,9.0248,0.5135,9.0248,1.5510,1,2.790,2.797
1207,DATA_20260206_120000.BIN,0.5135,7.8050,1.0149,7.8050,1.4520,1,3.461,3.663
1208,DATA_20260206_120000.BIN,1.0149,5.9268,1.8199,5.9268,1.3750,1,4.571,5.357
1209,DATA_20260206_120000.BIN,1.8199,6.1420,1.2824,6.1420,1.2760,1,3.643,3.753
1210,DATA_20260206_120000.BIN,1.2512,6.2383,2.6624,6.2383,2.1890,1,1.339,1.420
1211,DATA_20260206_120000.BIN,2.6624,7.8420,4.6575,7.8420,1.6060,1,2.642,3.391
1212,DATA_20260206_120000.BIN,4.6575,8.0295,3.1280,8.0295,2.5960,1,3.156,3.651
1213,DATA_20260206_120000.BIN,3.1280,6.3946,3.0870,6.3946,3.1130,1,2.539,2.711
1214,DATA_20260206_120000.BIN,3.0870,9.4391,2.7343,9.4391,1.3640,1,1.817,2.425
1215,DATA_20260206_120000.BIN,2.7343,6.7878,1.5348,6.7878,1.9030,1,1.761,2.009
1216,DATA_20260206_120000.BIN,1.5348,7.3583,1.1239,7.3583,2.4200,1,0.864,0.964
1217,DATA_20260206_120000.BIN,1.1239,6.3910,1.7403,6.3910,2.2330,1,3.513,3.715
1218,DATA_20260206_120000.BIN,0.4861,6.6341,0.9807,6.6341,1.8700,1,2.686,2.763
1219,DATA_20260206_120000.BIN,0.9807,8.4178,0.6980,8.4178,1.9690,1,2.107,2.285
1220,DATA_20260206_120000.BIN,0.6980,5.5177,2.0027,5.5177,1.3090,1,2.150,3.346
1221,DATA_20260206_120000.BIN,2.1197,6.4810,1.3005,6.4810,1.7600,1,1.567,1.567
1222,DATA_20260206_120000.BIN,1.3005,13.4056,1.9917,13.4056,4.6090,1,0.129,1.236
1223,DATA_20260206_120000.BIN,1.9917,7.7138,1.7602,7.7138,1.5730,1,0.918,1.033
1224,DATA_20260206_120000.BIN,1.7602,8.2333,1.9168,8.2333,2.3100,1,1.680,2.406
1225,DATA_20260206_120000.BIN,1.9168,8.2018,1.8727,8.2018,1.5730,1,0.822,2.071
1226,DATA_20260206_120000.BIN,1.8727,7.7040,0.4137,7.7040,3.0250,1,1.756,2.836
1227,DATA_20260206_120000.BIN,0.4137,5.9468,1.8486,5.9468,6.2700,1,1.453,1.932
1228,DATA_20260206_120000.BIN,1.8486,6.1835,1.5417,6.1835,1.1770,1,0.854,1.109
1229,DATA_20260206_120000.BIN,1.5417,5.1903,1.1464,5.1903,3.9710,1,0.444,1.060
1230,DATA_20260206_120000.BIN,1.1464,7.3766,2.8251,7.3766,1.6170,1,1.678,2.193
1231,DATA_20260206_120000.BIN,2.6861,5.5248,2.4795,5.5248,4.2460,1,2.446,2.725
1232,DATA_20260206_120000.BIN,1.7957,6.9400,3.0573,6.9400,2.3210,1,0.346,0.921
1233,DATA_20260206_120000.BIN,3.0573,7.5127,1.7211,7.5127,3.3990,1,1.717,1.907
1234,DATA_20260206_120000.BIN,1.9290,7.1311,0.5568,7.1311,2.8930,1,1.159,1.227
1235,DATA_20260206_120000.BIN,1.2725,18.6650,3.2272,18.6650,4.0260,1,0.765,0.881
1236,DATA_20260206_120000.BIN,0.7281,7.5045,2.1311,7.5045,1.1990,1,2.217,2.341
1237,DATA_20260206_120000.BIN,1.1555,5.2290,2.0535,5.2290,1.4300,1,2.391,4.199
1238,DATA_20260206_120000.BIN,2.0535,5.0344,0.6183,5.0344,2.9150,1,3.052,5.870
1239,DATA_20260206_120000.BIN,0.6183,6.6166,1.0841,6.6166,2.8600,1,0.190,1.476
1240,DATA_20260206_120000.BIN,1.0841,5.4487,1.2769,5.4487,1.4080,1,0.668,0.956
1241,DATA_20260206_120000.BIN,1.2769,12.3766,0.9029,12.3766,4.6200,1,2.615,2.632
1242,DATA_20260206_120000.BIN,0.9029,10.5048,1.9248,10.5048,2.9480,1,1.598,2.760
1243,DATA_20260206_120000.BIN,1.9248,8.1010,1.0092,8.1010,3.3110,1,1.906,2.435
1244,DATA_20260206_120000.BIN,1.0092,8.0996,1.7891,8.0996,2.5190,1,0.179,0.727
1245,DATA_20260206_120000.BIN,1.7891,8.7384,1.5859,8.7384,1.8590,1,1.399,1.733
1246,DATA_20260206_120000.BIN,1.5859,7.0532,1.1330,7.0532,3.4540,1,1.291,1.915
1247,DATA_20260206_120000.BIN,1.1330,4.6171,0.1185,4.6171,5.5330,1,0.673,0.688
1248,DATA_20260206_120000.BIN,0.1185,8.3978,2.4608,8.3978,2.5740,1,2.504,5.189
1249,DATA_20260206_120000.BIN,3.0661,6.0990,1.7133,6.0990,1.8370,1,3.197,4.134
1250,DATA_20260206_120000.BIN,1.7133,6.7144,1.4890,6.7144,1.3090,1,1.227,1.633
1251,DATA_20260206_120000.BIN,1.4890,4.7710,1.4945,4.7710,6.1380,1,1.817,3.030
1252,DATA_20260206_120000.BIN,1.4945,5.7259,1.3676,5.7259,4.3340,1,0.966,1.978
1253,DATA_20260206_120000.BIN,1.3676,7.8035,1.6485,7.8035,3.7290,1,1.439,1.456
1254,DATA_20260206_120000.BIN,1.6485,9.3513,1.2889,9.3513,4.2570,1,0.983,1.082
1255,DATA_20260206_120000.BIN,1.2889,5.0132,1.0608,5.0132,1.1330,1,1.260,5.241
1256,DATA_20260206_120000.BIN,1.0608,7.1548,1.4449,7.1548,2.7940,1,0.535,2.531
1257,DATA_20260206_120000.BIN,1.4449,8.5545,0.8301,8.5545,2.2770,1,1.571,1.884
1258,DATA_20260206_120000.BIN,0.8301,6.4478,1.0797,6.4478,3.8060,1,2.169,2.185
1259,DATA_20260206_120000.BIN,1.0797,4.0802,0.5293,4.0802,6.1160,1,1.217,1.292
1260,DATA_20260206_120000.BIN,0.5293,5.4385,0.9655,5.4385,1.2650,1,0.990,2.778
1261,DATA_20260206_120000.BIN,0.9655,5.8893,0.5495,5.8893,2.2660,1,1.960,2.706
1262,DATA_20260206_120000.BIN,0.5495,5.9653,1.2506,5.9653,5.0490,1,1.049,3.705
1263,DATA_20260206_120000.BIN,1.2506,4.7276,1.5694,4.7276,2.4750,1,2.767,4.397
1264,DATA_20260206_120000.BIN,0.6908,4.4897,1.7302,4.4897,5.9510,1,1.327,2.094
1265,DATA_20260206_120000.BIN,1.7302,5.5462,2.1617,5.5462,2.8270,1,1.961,2.571
1266,DATA_20260206_120000.BIN,2.1617,8.7479,1.6784,8.7479,1.7050,1,2.227,2.405
1267,DATA_20260206_120000.BIN,1.6784,8.0546,0.5599,8.0546,1.9910,1,1.347,1.360
1268,DATA_20260206_120000.BIN,0.5599,8.8290,1.0513,8.8290,2.1560,1,1.154,1.431
1269,DATA_20260206_120000.BIN,1.0513,5.7802,0.6378,5.7802,2.1450,1,0.829,0.846
1270,DATA_20260206_120000.BIN,0.6378,5.6604,1.4780,5.6604,6.1710,1,1.022,1.076
1271,DATA_20260206_120000.BIN,2.2351,27.8647,0.7715,27.8647,3.5200,1,2.193,2.199
1272,DATA_20260206_120000.BIN,0.7715,7.1119,0.2618,7.1119,5.0160,1,0.429,1.055
1273,DATA_20260206_120000.BIN,2.5882,8.3978,3.0341,8.3978,3.0030,1,3.060,3.144
1274,DATA_20260206_120000.BIN,3.0341,7.3770,0.2613,7.3770,1.9690,1,4.993,5.440
1275,DATA_20260206_120000.BIN,0.2613,5.4371,1.4485,5.4371,1.7600,1,0.460,0.581
1276,DATA_20260206_120000.BIN,1.4485,5.4054,0.2125,5.4054,1.7600,1,1.962,2.119
1277,DATA_20260206_120000.BIN,0.2125,8.5812,3.4395,8.5812,5.6100,1,0.767,1.009
1278,DATA_20260206_120000.BIN,3.4395,8.5442,1.6541,8.5442,1.3200,1,3.927,4.121
1279,DATA_20260206_120000.BIN,1.6541,6.5232,1.8268,6.5232,2.5960,1,1.353,2.202
1280,DATA_20260206_120000.BIN,1.8268,6.8619,1.1159,6.8619,6.0720,1,1.517,1.525
1281,DATA_20260206_120000.BIN,1.1159,6.7394,2.0763,6.7394,1.4630,1,0.897,0.906
1282,DATA_20260206_120000.BIN,2.0763,7.7636,1.3523,7.7636,1.6500,1,2.566,2.930
1283,DATA_20260206_120000.BIN,1.3523,9.5196,1.2205,9.5196,6.6550,1,0.959,1.164
1284,DATA_20260206_120000.BIN,1.2205,5.4836,1.1540,5.4836,4.3560,1,1.192,1.307
1285,DATA_20260206_120000.BIN,1.1540,4.0870,0.4729,4.0870,3.9050,1,0.418,2.733
1286,DATA_20260206_120000.BIN,0.4729,4.0092,0.8511,4.0092,1.4080,1,1.132,2.948
1287,DATA_20260206_120000.BIN,2.7946,4.9917,1.3363,4.9917,5.2470,1,2.872,2.951
1288,DATA_20260206_120000.BIN,0.2924,5.3412,0.8954,5.3412,2.1670,1,1.497,1.569
1289,DATA_20260206_120000.BIN,0.8954,5.1879,0.4992,5.1879,6.6110,1,2.085,2.147
1290,DATA_20260206_120000.BIN,0.4992,6.0423,2.3845,6.0423,1.6170,1,1.238,1.390
1291,DATA_20260206_120000.BIN,2.3845,5.4609,0.6985,5.4609,2.3320,1,2.898,3.256
1292,DATA_20260206_120000.BIN,0.6692,3.8417,1.0419,3.8417,2.4200,1,1.443,2.058
1293,DATA_20260206_120000.BIN,1.0419,4.4872,1.5426,4.4872,2.6400,1,1.067,2.757
1294,DATA_20260206_120000.BIN,1.5426,7.5493,3.0199,7.5493,2.3540,1,1.590,1.853
1295,DATA_20260206_120000.BIN,3.0199,7.6130,0.7087,7.6130,1.4520,1,3.894,4.234
1296,DATA_20260206_120000.BIN,0.7087,4.0858,0.4298,4.0858,3.7840,1,0.863,1.192
1297,DATA_20260206_120000.BIN,0.4298,4.4271,0.3734,4.4271,4.7190,1,0.791,0.840
1298,DATA_20260206_120000.BIN,0.3734,4.8389,1.3831,4.8389,2.0900,1,0.237,1.226
1299,DATA_20260206_120000.BIN,0.6673,12.7783,0.6746,12.7783,3.5860,1,0.442,0.494
1300,DATA_20260206_120000.BIN,0.6746,8.6625,0.7710,8.6625,3.7730,1,1.160,1.160
1301,DATA_20260206_120000.BIN,0.7710,5.3769,0.7176,5.3769,8.0190,1,1.274,1.743
1302,DATA_20260206_120000.BIN,0.9072,21.1442,1.3452,21.1442,7.2820,1,1.021,1.170
1303,DATA_20260206_120000.BIN,0.5220,3.0399,1.1807,3.0399,3.1460,1,0.823,0.960
1304,DATA_20260206_120000.BIN,1.1807,4.0358,0.8061,4.0358,3.5970,1,1.374,1.431
1305,DATA_20260206_120000.BIN,0.5811,7.0042,1.8231,7.0042,4.2350,1,2.039,5.097
1306,DATA_20260206_120000.BIN,1.8231,6.4727,1.8879,6.4727,2.2110,1,2.508,3.033
1307,DATA_20260206_120000.BIN,1.4716,5.7299,1.1879,5.7299,1.3970,1,1.927,2.413
1308,DATA_20260206_120000.BIN,1.1879,3.6484,1.4270,3.6484,2.1560,1,1.711,3.277
1309,DATA_20260206_120000.BIN,1.4270,5.6639,0.5936,5.6639,1.7930,1,1.605,1.711
1310,DATA_20260206_120000.BIN,0.5936,4.7600,0.0672,4.7600,6.8200,1,0.964,2.697
1311,DATA_20260206_120000.BIN,0.0672,4.4176,0.2223,4.4176,4.5650,1,0.309,1.801
1312,DATA_20260206_120000.BIN,0.2223,5.9977,0.6716,5.9977,3.1680,1,0.525,1.959
1313,DATA_20260206_120000.BIN,0.6716,5.3293,0.8664,5.3293,2.2660,1,0.533,0.999
1314,DATA_20260206_120000.BIN,0.8664,3.5513,1.0171,3.5513,4.9280,1,0.708,1.067
1315,DATA_20260206_120000.BIN,1.8919,4.5437,0.1394,4.5437,6.7100,1,2.739,2.739
1316,DATA_20260206_120000.BIN,0.1851,6.3344,1.1294,6.3344,5.3460,1,0.244,0.492
1317,DATA_20260206_120000.BIN,0.3407,5.9328,1.3104,5.9328,1.0780,1,0.429,0.813
1318,DATA_20260206_120000.BIN,1.3104,6.8471,1.1630,6.8471,3.6410,1,1.486,1.735
1319,DATA_20260206_120000.BIN,1.0894,5.4428,1.0436,5.4428,3.2340,1,0.593,1.202
1320,DATA_20260206_120000.BIN,1.0436,4.0338,1.0404,4.0338,3.4540,1,0.426,2.986
1321,DATA_20260206_120000.BIN,1.0404,4.2802,0.6915,4.2802,3.5750,1,2.016,3.156
1322,DATA_20260206_120000.BIN,0.6915,4.1841,0.8515,4.1841,2.5960,1,2.119,4.452
1323,DATA_20260206_120000.BIN,0.8515,4.8061,1.5013,4.8061,1.7930,1,0.447,0.728
1324,DATA_20260206_120000.BIN,1.5013,4.6553,2.0160,4.6553,4.5210,1,1.672,2.512
1325,DATA_20260206_120000.BIN,2.0160,4.6331,1.0950,4.6331,2.3430,1,2.327,2.690
1326,DATA_20260206_120000.BIN,1.0950,14.3096,2.2799,14.3096,8.6570,1,1.012,1.123
1327,DATA_20260206_120000.BIN,4.6335,14.3125,2.4743,14.3125,7.8980,1,4.665,5.903
1328,DATA_20260206_120000.BIN,1.8059,6.6484,0.7290,6.6484,3.2120,1,2.229,2.541
1329,DATA_20260206_120000.BIN,2.9010,6.2839,0.3913,6.2839,3.7070,1,2.745,3.088
1330,DATA_20260206_120000.BIN,0.3913,5.4228,2.8725,5.4228,3.9050,1,1.732,2.670
1331,DATA_20260206_120000.BIN,0.5585,7.4025,1.1424,7.4025,2.7390,1,0.989,2.719
1332,DATA_20260206_120000.BIN,0.1947,3.9848,0.9794,3.9848,3.0800,1,0.783,0.784
1333,DATA_20260206_120000.BIN,0.9794,4.3949,0.5562,4.3949,1.1550,1,1.982,1.990
1334,DATA_20260206_120000.BIN,0.5562,8.5680,0.5302,8.5680,8.6680,1,0.852,1.826
1335,DATA_20260206_120000.BIN,0.5302,10.3456,0.4468,10.3456,4.3120,1,0.140,0.179
1336,DATA_20260206_120000.BIN,0.2727,5.2244,0.9450,5.2244,1.9470,1,0.500,1.293
1337,DATA_20260206_120000.BIN,0.9450,5.2396,1.0605,5.2396,3.8940,1,0.529,0.563
1338,DATA_20260206_120000.BIN,1.0605,8.2309,2.0477,8.2309,9.6800,1,1.833,2.043
1339,DATA_20260206_120000.BIN,2.0477,6.9334,1.2755,6.9334,6.5120,1,3.505,4.694
1340,DATA_20260206_120000.BIN,1.2755,6.0731,1.1893,6.0731,1.6280,1,1.690,1.758
1341,DATA_20260206_120000.BIN,1.0731,5.1709,1.0217,5.1709,1.9470,1,1.473,1.649
1342,DATA_20260206_120000.BIN,1.0217,7.5218,0.9717,7.5218,5.2800,1,1.385,1.934
1343,DATA_20260206_120000.BIN,0.9717,6.7060,0.6058,6.7060,2.7500,1,0.947,1.047
1344,DATA_20260206_120000.BIN,0.4519,8.0299,2.5540,8.0299,1.3970,1,0.124,1.596
1345,DATA_20260206_120000.BIN,2.5540,27.2489,14.6959,27.2489,7.7000,1,3.396,3.646
1346,DATA_20260206_120000.BIN,14.6959,28.2440,1.9671,28.2440,7.9090,1,17.866,17.960
1347,DATA_20260206_120000.BIN,0.8488,7.7699,2.0459,7.7699,2.2110,1,2.192,2.224
1348,DATA_20260206_120000.BIN,1.6013,4.6676,0.2798,4.6676,2.0460,1,4.467,5.092
1349,DATA_20260206_120000.BIN,0.2798,3.6101,0.2206,3.6101,6.3580,1,2.092,2.266
1350,DATA_20260206_120000.BIN,3.2650,6.2521,2.2282,6.2521,6.9740,1,3.930,3.954
1351,DATA_20260206_120000.BIN,2.2282,5.2466,2.1088,5.2466,2.3540,1,4.185,4.276
1352,DATA_20260206_120000.BIN,0.3674,5.4072,0.4693,5.4072,5.4230,1,1.940,2.953
1353,DATA_20260206_120000.BIN,0.7194,4.1609,0.8812,4.1609,1.8590,1,1.433,1.439
1354,DATA_20260206_120000.BIN,0.8812,5.7525,0.6798,5.7525,2.8820,1,1.353,1.945
1355,DATA_20260206_120000.BIN,1.7365,5.8098,1.0458,5.8098,2.2880,1,2.144,2.672
1356,DATA_20260206_120000.BIN,1.0458,15.9718,2.0920,15.9718,7.0290,1,0.868,0.871
1357,DATA_20260206_120000.BIN,2.0920,4.3135,1.2429,4.3135,2.5080,1,3.283,3.450
1358,DATA_20260206_120000.BIN,1.2429,6.1855,2.3695,6.1855,4.7740,1,1.891,2.066
1359,DATA_20260206_120000.BIN,2.3695,6.3440,2.5525,6.3440,9.4930,1,2.688,2.700
1360,DATA_20260206_120000.BIN,1.4958,18.3834,2.8072,18.3834,3.9270,1,1.615,1.653
1361,DATA_20260206_120000.BIN,2.8072,17.9880,0.4920,17.9880,6.3360,1,4.346,6.253
1362,DATA_20260206_120000.BIN,0.4920,3.1310,0.1392,3.1310,5.7860,1,0.988,1.475
1363,DATA_20260206_120000.BIN,0.1392,6.0064,0.3432,6.0064,3.8170,1,0.497,0.610
1364,DATA_20260206_120000.BIN,0.3432,7.0870,0.2836,7.0870,7.7330,1,0.438,0.538
1365,DATA_20260206_120000.BIN,0.2836,9.1161,1.5230,9.1161,5.1700,1,0.792,1.033
1366,DATA_20260206_120000.BIN,1.5230,6.9209,0.9924,6.9209,3.7840,1,1.566,1.664
1367,DATA_20260206_120000.BIN,0.9924,4.9004,1.2306,4.9004,4.3560,1,1.741,1.763
1368,DATA_20260206_120000.BIN,1.1760,4.0525,1.3218,4.0525,2.3760,1,1.782,2.060
1369,DATA_20260206_120000.BIN,1.3218,4.8993,0.4186,4.8993,5.2360,1,2.328,2.931
1370,DATA_20260206_120000.BIN,1.8758,5.2793,1.0910,5.2793,6.9630,1,2.330,2.636
1371,DATA_20260206_120000.BIN,1.0910,16.1453,1.2050,16.1453,5.2250,1,1.427,1.449
1372,DATA_20260206_120000.BIN,0.5446,4.3690,1.8215,4.3690,3.0140,1,0.883,1.133
1373,DATA_20260206_120000.BIN,1.8215,5.6975,0.6035,5.6975,1.7600,1,2.172,2.403
1374,DATA_20260206_120000.BIN,0.6035,5.2803,2.1342,5.2803,3.4650,1,1.034,1.435
1375,DATA_20260206_120000.BIN,0.9926,6.5221,2.0110,6.5221,4.4000,1,1.484,1.816
1376,DATA_20260206_120000.BIN,1.0066,12.6113,0.6423,12.6113,7.5240,1,1.426,4.097
1377,DATA_20260206_120000.BIN,0.6423,4.9218,0.6445,4.9218,3.4760,1,2.107,7.166
1378,DATA_20260206_120000.BIN,0.7717,8.4520,2.5133,8.4520,6.4350,1,0.920,1.098
1379,DATA_20260206_120000.BIN,2.5133,9.7280,2.7163,9.7280,1.7050,1,3.147,3.680
1380,DATA_20260206_120000.BIN,2.7163,10.0797,0.7781,10.0797,2.5410,1,2.974,3.230
1381,DATA_20260206_120000.BIN,0.7781,7.2687,1.3496,7.2687,1.6060,1,0.834,3.682
1382,DATA_20260206_120000.BIN,1.3496,6.2713,2.9841,6.2713,1.3420,1,1.935,1.955
1383,DATA_20260206_120000.BIN,2.0004,8.6846,0.8292,8.6846,2.2660,1,1.627,3.763
1384,DATA_20260206_120000.BIN,0.8292,5.4706,1.5223,5.4706,1.8920,1,0.709,1.401
1385,DATA_20260206_120000.BIN,0.6176,3.4673,0.7011,3.4673,1.6940,1,1.220,1.471
1386,DATA_20260206_120000.BIN,0.7011,5.9145,0.8212,5.9145,1.4190,1,0.540,0.661
1387,DATA_20260206_120000.BIN,1.7678,5.2239,0.7873,5.2239,3.0140,1,1.943,1.950
1388,DATA_20260206_120000.BIN,0.7873,5.9058,1.3143,5.9058,2.7280,1,0.499,1.910
1389,DATA_20260206_120000.BIN,1.3143,4.6625,0.3239,4.6625,1.8150,1,1.569,1.569
1390,DATA_20260206_120000.BIN,0.3239,4.8355,1.0807,4.8355,2.4310,1,0.788,1.649
1391,DATA_20260206_120000.BIN,1.0807,6.3712,0.3143,6.3712,2.9810,1,1.025,1.281
1392,DATA_20260206_120000.BIN,0.3143,5.1785,0.8989,5.1785,2.1560,1,0.787,1.064
1393,DATA_20260206_120000.BIN,0.8989,3.7508,0.5053,3.7508,9.4380,1,0.941,0.962
1394,DATA_20260206_120000.BIN,0.5053,5.3755,0.6151,5.3755,5.6870,1,0.320,0.339
1395,DATA_20260206_120000.BIN,0.6151,4.2431,1.7519,4.2431,4.5980,1,1.351,1.644
1396,DATA_20260206_120000.BIN,1.7519,4.3081,1.0335,4.3081,1.9140,1,1.884,1.886
1397,DATA_20260206_120000.BIN,1.0335,6.0759,0.5090,6.0759,1.3860,1,0.935,1.948
1398,DATA_20260206_120000.BIN,0.5090,3.1005,0.5100,3.1005,2.8930,1,1.231,3.915
1399,DATA_20260206_120000.BIN,0.5100,7.0521,1.1390,7.0521,6.3030,1,0.827,3.082
1400,DATA_20260206_120000.BIN,1.1390,4.6130,0.8110,4.6130,6.4680,1,1.458,3.276
1401,DATA_20260206_120000.BIN,0.9348,5.0534,0.7520,5.0534,1.3090,1,0.811,3.368
1402,DATA_20260206_120000.BIN,0.7520,5.5445,0.3286,5.5445,1.6610,1,1.138,4.687
1403,DATA_20260206_120000.BIN,0.3286,3.9920,1.2199,3.9920,2.3650,1,0.548,1.495
1404,DATA_20260206_120000.BIN,1.0179,6.2278,4.0526,6.2278,3.3770,1,1.446,1.458
1405,DATA_20260206_120000.BIN,2.3889,4.9890,1.0820,4.9890,3.6960,1,2.815,3.099
1406,DATA_20260206_120000.BIN,1.0820,5.6451,2.2443,5.6451,4.9280,1,1.007,2.269
1407,DATA_20260206_120000.BIN,2.2443,4.6267,1.0655,4.6267,2.1340,1,2.411,2.758
1408,DATA_20260206_120000.BIN,1.0655,5.6866,1.5062,5.6866,3.1350,1,1.207,1.350
1409,DATA_20260206_120000.BIN,1.5062,5.5668,2.1484,5.5668,1.6610,1,1.361,3.287
1410,DATA_20260206_120000.BIN,2.1484,5.0335,1.5704,5.0335,2.8600,1,2.043,2.611
1411,DATA_20260206_120000.BIN,1.5704,5.2238,0.7082,5.2238,2.1780,1,1.598,1.721
1412,DATA_20260206_120000.BIN,0.9214,6.5165,1.7138,6.5165,3.5420,1,1.565,1.565
1413,DATA_20260206_120000.BIN,1.7138,6.5719,1.1170,6.5719,1.8040,1,1.436,2.473
1414,DATA_20260206_120000.BIN,2.1893,5.8697,0.5755,5.8697,1.7710,1,2.496,2.902
1415,DATA_20260206_120000.BIN,0.5755,4.9157,0.4751,4.9157,3.4100,1,0.365,0.367
1416,DATA_20260206_120000.BIN,0.4920,6.4850,1.6797,6.4850,2.5190,1,0.953,1.013
1417,DATA_20260206_120000.BIN,1.6797,6.9426,1.7117,6.9426,6.5890,1,1.717,1.847
1418,DATA_20260206_120000.BIN,1.7117,20.6953,5.5805,20.6953,4.2900,1,2.420,2.510
1419,DATA_20260206_120000.BIN,5.5805,12.0222,0.9158,12.0222,9.3390,1,6.539,7.473
1420,DATA_20260206_120000.BIN,0.9158,4.7891,1.4025,4.7891,7.4250,1,0.317,1.022
1421,DATA_20260206_120000.BIN,1.4025,7.1678,2.9121,7.1678,1.5290,1,1.507,1.568
1422,DATA_20260206_120000.BIN,2.9121,8.4357,3.1900,8.4357,4.2350,1,3.089,3.967
1423,DATA_20260206_120000.BIN,0.3059,4.2832,1.6732,4.2832,3.1790,1,1.089,2.526
1424,DATA_20260206_120000.BIN,1.6732,5.8923,0.8250,5.8923,1.4190,1,2.894,2.927
1425,DATA_20260206_120000.BIN,0.8250,4.5163,1.8758,4.5163,1.5510,1,1.041,2.077
1426,DATA_20260206_120000.BIN,2.1155,6.4223,0.6868,6.4223,4.9390,1,1.863,4.412
1427,DATA_20260206_120000.BIN,1.0521,6.4556,1.1367,6.4556,3.3770,1,1.341,1.552
1428,DATA_20260206_120000.BIN,1.1367,4.8658,1.3213,4.8658,1.9470,1,1.452,5.001
1429,DATA_20260206_120000.BIN,1.3213,4.4411,1.4300,4.4411,3.7840,1,2.064,3.485
1430,DATA_20260206_120000.BIN,6.8413,10.4315,3.9900,10.4315,7.4910,1,6.679,8.479
1431,DATA_20260206_120000.BIN,1.3784,4.8956,0.8610,4.8956,3.1680,1,2.982,3.416
1432,DATA_20260206_120000.BIN,3.0005,6.4728,1.1508,6.4728,4.7850,1,4.198,5.626
1433,DATA_20260206_120000.BIN,1.1508,7.1477,1.7052,7.1477,3.8500,1,1.040,2.147
1434,DATA_20260206_120000.BIN,1.7052,5.8442,0.2846,5.8442,1.1220,1,2.806,3.185
1435,DATA_20260206_120000.BIN,0.2846,4.8312,1.2494,4.8312,1.2650,1,0.853,1.585
1436,DATA_20260206_120000.BIN,1.2494,7.6263,4.3115,7.6263,2.3430,1,1.893,2.036
1437,DATA_20260206_120000.BIN,4.3115,14.3652,1.1747,14.3652,3.2120,1,4.764,5.241
1438,DATA_20260206_120000.BIN,1.1747,5.9987,1.1370,5.9987,2.6290,1,1.817,4.577
1439,DATA_20260206_120000.BIN,1.1370,5.1680,1.3372,5.1680,4.5980,1,0.983,1.472
1440,DATA_20260206_120000.BIN,1.3372,5.7923,1.3652,5.7923,1.9140,1,1.926,2.148
1441,DATA_20260206_120000.BIN,1.3652,4.2018,1.3411,4.2018,1.8370,1,1.424,2.113
1442,DATA_20260206_120000.BIN,1.3411,6.3466,1.6491,6.3466,2.2220,1,1.963,2.365
1443,DATA_20260206_120000.BIN,1.6491,8.4172,1.7821,8.4172,5.8850,1,3.965,7.732
1444,DATA_20260206_120000.BIN,0.0407,4.5579,0.8331,4.5579,1.5400,1,1.222,3.586
1445,DATA_20260206_120000.BIN,2.7487,6.6887,1.6450,6.6887,4.7080,1,2.952,2.953
1446,DATA_20260206_120000.BIN,1.6450,6.2376,1.1007,6.2376,1.5290,1,2.685,2.690
1447,DATA_20260206_120000.BIN,1.1007,6.2609,0.5140,6.2609,2.3320,1,0.795,2.087
1448,DATA_20260206_120000.BIN,0.5140,6.5732,2.0501,6.5732,1.8700,1,0.716,1.481
1449,DATA_20260206_120000.BIN,1.1830,4.4730,1.3744,4.4730,2.0020,1,1.523,1.554
1450,DATA_20260206_120000.BIN,1.3744,4.7965,1.1647,4.7965,2.9370,1,1.133,3.814
1451,DATA_20260206_120000.BIN,1.1647,5.7250,1.6268,5.7250,1.5070,1,1.381,1.406
1452,DATA_20260206_120000.BIN,1.6268,4.9448,1.1894,4.9448,1.4520,1,2.171,2.916
1453,DATA_20260206_120000.BIN,1.1894,7.1617,1.1819,7.1617,1.9360,1,1.981,2.960
1454,DATA_20260206_120000.BIN,1.0176,3.3820,0.7989,3.3820,2.3870,1,1.236,1.255
1455,DATA_20260206_120000.BIN,0.7989,4.9169,0.4187,4.9169,3.4210,1,1.238,1.238
1456,DATA_20260206_120000.BIN,3.5086,7.7472,1.1179,7.7472,2.3100,1,4.102,4.238
1457,DATA_20260206_120000.BIN,1.1179,4.8956,1.4839,4.8956,5.6980,1,1.083,1.465
1458,DATA_20260206_120000.BIN,1.4839,5.5079,2.1175,5.5079,4.1360,1,0.222,3.652
1459,DATA_20260206_120000.BIN,2.1175,4.4573,1.2594,4.4573,2.2660,1,3.308,3.332
1460,DATA_20260206_120000.BIN,1.5865,4.9541,0.9946,4.9541,5.5880,1,1.631,2.299
1461,DATA_20260206_120000.BIN,0.9946,6.2203,0.8166,6.2203,2.7170,1,1.384,3.132
1462,DATA_20260206_120000.BIN,0.8166,11.3188,3.0700,11.3188,2.4200,1,1.266,1.306
1463,DATA_20260206_120000.BIN,3.0700,6.6463,2.6837,6.6463,1.9360,1,3.992,5.221
1464,DATA_20260206_120000.BIN,2.6837,7.5749,3.0602,7.5749,3.5750,1,4.278,7.147
1465,DATA_20260206_120000.BIN,3.0602,6.8389,3.2021,6.8389,3.9050,1,3.898,3.950
1466,DATA_20260206_120000.BIN,2.9993,6.1211,2.7052,6.1211,1.3970,1,3.031,3.289
1467,DATA_20260206_120000.BIN,2.7052,7.5263,1.4395,7.5263,4.0700,1,2.272,2.550
1468,DATA_20260206_120000.BIN,1.4395,5.7600,2.4440,5.7600,1.5290,1,2.737,3.922
1469,DATA_20260206_120000.BIN,1.6614,7.0372,2.2800,7.0372,2.3760,1,2.897,4.715
1470,DATA_20260206_120000.BIN,2.2800,6.3059,3.4090,6.3059,1.9360,1,3.206,3.926
1471,DATA_20260206_120000.BIN,3.4090,19.0641,1.0297,19.0641,2.9480,1,4.507,5.730
1472,DATA_20260206_120000.BIN,1.0297,18.9281,1.2695,18.9281,7.4140,1,1.422,1.783
1473,DATA_20260206_120000.BIN,3.0616,6.2668,1.6453,6.2668,2.7500,1,2.547,3.093
1474,DATA_20260206_120000.BIN,1.6453,4.8339,0.9036,4.8339,8.7560,1,0.575,4.210
1475,DATA_20260206_120000.BIN,0.9036,4.4277,0.4171,4.4277,6.3580,1,0.272,1.002
1476,DATA_20260206_120000.BIN,2.5013,6.6684,1.6793,6.6684,7.0620,1,3.784,3.856
1477,DATA_20260206_120000.BIN,1.6793,6.4243,1.1523,6.4243,7.6670,1,1.894,2.117
1478,DATA_20260206_120000.BIN,1.1523,5.3785,1.4270,5.3785,3.3110,1,1.861,3.700
1479,DATA_20260206_120000.BIN,1.4270,7.5834,2.3291,7.5834,6.0170,1,3.539,5.436
1480,DATA_20260206_120000.BIN,2.3291,5.9562,0.1682,5.9562,3.7400,1,2.486,2.548
1481,DATA_20260206_120000.BIN,0.1682,5.1215,1.1134,5.1215,3.7950,1,1.137,5.744
1482,DATA_20260206_120000.BIN,1.1134,5.4243,0.7074,5.4243,3.4870,1,1.568,3.777
1483,DATA_20260206_120000.BIN,0.7074,4.5022,1.0573,4.5022,3.3880,1,0.599,3.567
1484,DATA_20260206_120000.BIN,1.0573,6.7838,1.3257,6.7838,7.8430,1,2.441,3.161
1485,DATA_20260206_120000.BIN,2.1723,4.8049,1.4844,4.8049,4.6310,1,2.447,3.227
1486,DATA_20260206_120000.BIN,1.4844,5.7608,1.9406,5.7608,2.6180,1,0.746,3.290
1487,DATA_20260206_120000.BIN,1.9406,7.0028,3.5507,7.0028,4.1030,1,1.352,2.498
1488,DATA_20260206_120000.BIN,2.5788,5.0816,2.1097,5.0816,5.5770,1,2.537,3.098
1489,DATA_20260206_120000.BIN,3.1507,6.4512,3.8943,6.4512,3.2780,1,2.799,2.802
1490,DATA_20260206_120000.BIN,4.4038,8.5573,0.8686,8.5573,4.2790,1,3.964,4.019
1491,DATA_20260206_120000.BIN,0.2875,6.5711,0.7223,6.5711,3.7510,1,1.081,7.319
1492,DATA_20260206_120000.BIN,2.3029,5.3306,1.2380,5.3306,2.4090,1,5.289,7.054
1493,DATA_20260206_120000.BIN,1.2380,7.9880,2.6539,7.9880,4.4660,1,0.918,2.595
1494,DATA_20260206_120000.BIN,2.6539,8.8571,0.3131,8.8571,4.1910,1,2.987,3.847
1495,DATA_20260206_120000.BIN,0.3131,4.0573,1.4669,4.0573,4.6530,1,1.495,1.519
1496,DATA_20260206_120000.BIN,0.2773,4.7370,0.5956,4.7370,2.8710,1,1.212,4.172
1497,DATA_20260206_120000.BIN,1.1832,4.7713,1.2425,4.7713,3.0360,1,0.845,1.230
1498,DATA_20260206_120000.BIN,1.2425,4.2108,0.4981,4.2108,2.5740,1,2.791,4.058
1499,DATA_20260206_120000.BIN,1.9855,6.7931,0.6214,6.7931,3.6410,1,1.811,2.739
1500,DATA_20260206_120000.BIN,0.6214,5.1036,0.5868,5.1036,2.3870,1,1.628,2.630
1501,DATA_20260206_120000.BIN,0.5868,4.7247,2.3695,4.7247,1.8040,1,1.197,3.199
1502,DATA_20260206_120000.BIN,1.5245,8.6891,1.7977,8.6891,1.5180,1,1.444,1.815
1503,DATA_20260206_120000.BIN,1.7977,7.1499,1.6994,7.1499,1.4630,1,1.356,1.736
1504,DATA_20260206_120000.BIN,1.6994,6.7735,0.5595,6.7735,1.9250,1,2.719,3.359
1505,DATA_20260206_120000.BIN,0.5595,4.7498,0.6308,4.7498,1.8700,1,1.567,2.095
1506,DATA_20260206_120000.BIN,0.6308,6.1314,0.8125,6.1314,1.5840,1,0.679,2.527
1507,DATA_20260206_120000.BIN,0.8125,4.9168,1.3568,4.9168,3.3220,1,0.546,0.614
1508,DATA_20260206_120000.BIN,0.9225,6.2043,3.2579,6.2043,3.7180,1,0.954,1.087
1509,DATA_20260206_120000.BIN,3.2579,6.0480,1.6839,6.0480,2.3210,1,3.387,3.498
1510,DATA_20260206_120000.BIN,0.4833,3.4261,0.5688,3.4261,1.4410,1,1.426,2.967
1511,DATA_20260206_120000.BIN,1.0080,32.9698,12.4798,32.9698,4.7630,1,1.596,3.022
1512,DATA_20260206_120000.BIN,12.4798,21.4251,18.8935,21.4251,3.1570,1,14.912,15.089
1513,DATA_20260206_120000.BIN,18.8935,29.0428,1.4478,29.0428,6.6440,1,21.150,21.313
1514,DATA_20260206_120000.BIN,1.4478,5.8624,0.5353,5.8624,2.2660,1,5.586,5.671
1515,DATA_20260206_120000.BIN,0.5353,5.1444,2.7109,5.1444,2.0900,1,3.348,4.135
1516,DATA_20260206_120000.BIN,2.7109,5.8005,0.2435,5.8005,4.9940,1,1.599,3.903
1517,DATA_20260206_120000.BIN,0.2435,3.9090,0.5482,3.9090,2.0350,1,2.426,3.382
1518,DATA_20260206_120000.BIN,0.5482,5.5968,2.0193,5.5968,4.3890,1,1.126,4.316
1519,DATA_20260206_120000.BIN,2.1905,8.1607,2.0137,8.1607,3.1240,1,2.312,2.442
1520,DATA_20260206_120000.BIN,2.0137,6.9644,1.7611,6.9644,2.0020,1,2.600,2.658
1521,DATA_20260206_120000.BIN,1.7611,9.1813,5.5694,9.1813,4.1360,1,1.834,2.051
1522,DATA_20260206_120000.BIN,5.5694,10.3828,2.4663,10.3828,7.5680,1,4.832,5.206
1523,DATA_20260206_120000.BIN,2.4663,8.3482,0.5303,8.3482,5.8960,1,4.149,4.712
1524,DATA_20260206_120000.BIN,0.5303,3.6862,0.8110,3.6862,1.8260,1,2.611,3.526
1525,DATA_20260206_120000.BIN,0.8110,3.6906,0.8195,3.6906,3.4650,1,4.223,6.603
1526,DATA_20260206_120000.BIN,0.8195,4.9801,0.8243,4.9801,5.7640,1,1.392,1.962
1527,DATA_20260206_120000.BIN,0.8243,4.4975,0.5889,4.4975,5.5990,1,2.977,3.104
1528,DATA_20260206_120000.BIN,0.5889,4.1390,0.0700,4.1390,2.2110,1,2.222,2.316
1529,DATA_20260206_120000.BIN,0.7728,5.8826,0.3145,5.8826,7.3260,1,2.461,3.722
1530,DATA_20260206_120000.BIN,0.3145,4.2270,0.5572,4.2270,3.8060,1,0.537,1.132
1531,DATA_20260206_120000.BIN,1.1877,5.6072,1.8283,5.6072,3.1900,1,1.988,1.996
1532,DATA_20260206_120000.BIN,0.2112,4.9980,2.0801,4.9980,2.5740,1,0.467,4.745
1533,DATA_20260206_120000.BIN,2.0801,4.8666,0.7236,4.8666,2.1010,1,3.524,3.842
1534,DATA_20260206_120000.BIN,0.7236,5.4249,3.1503,5.4249,1.5620,1,1.110,2.534
1535,DATA_20260206_120000.BIN,3.1503,7.8975,1.0972,7.8975,4.0920,1,2.874,3.525
1536,DATA_20260206_120000.BIN,1.1243,3.6075,0.7081,3.6075,2.0680,1,2.085,2.114
1537,DATA_20260206_120000.BIN,0.7081,8.2212,1.7702,8.2212,6.2480,1,1.300,1.300
1538,DATA_20260206_120000.BIN,1.8837,7.8553,2.3054,7.8553,3.0910,1,2.025,2.429
1539,DATA_20260206_120000.BIN,25.0334,29.1426,2.7611,29.1426,2.4090,1,31.204,31.256
1540,DATA_20260206_120000.BIN,1.2113,7.6149,2.9362,7.6149,3.0140,1,4.231,4.509
1541,DATA_20260206_120000.BIN,2.9362,7.2983,1.4373,7.2983,2.6620,1,5.909,5.912
1542,DATA_20260206_120000.BIN,1.4373,6.0552,0.2002,6.0552,1.5070,1,1.308,1.323
1543,DATA_20260206_120000.BIN,1.0652,7.5666,0.3294,7.5666,3.8170,1,1.947,2.400
1544,DATA_20260206_120000.BIN,15.2130,25.1526,11.0409,25.1526,4.7520,1,17.349,18.279
1545,DATA_20260206_120000.BIN,29.4190,38.9298,30.7634,38.9298,9.2840,1,32.129,32.129
1546,DATA_20260206_120000.BIN,30.7634,36.4636,2.2533,36.4636,3.5200,1,30.105,30.242
1547,DATA_20260206_120000.BIN,1.6814,5.1109,0.4227,5.1109,2.2000,1,9.325,9.898
1548,DATA_20260206_120000.BIN,2.4860,5.8440,2.3158,5.8440,1.5290,1,8.699,8.700
1549,DATA_20260206_120000.BIN,2.3158,5.7009,1.4367,5.7009,2.9920,1,7.128,7.167
1550,DATA_20260206_120000.BIN,3.5195,7.9083,2.8393,7.9083,1.1990,1,4.107,4.205
1551,DATA_20260206_120000.BIN,2.8393,7.6266,2.4581,7.6266,1.4960,1,5.351,5.351
1552,DATA_20260206_120000.BIN,2.4581,8.9105,4.0935,8.9105,1.4850,1,5.080,5.899
1553,DATA_20260206_120000.BIN,4.0935,9.7775,2.7288,9.7775,1.3420,1,7.728,7.744
1554,DATA_20260206_120000.BIN,2.7288,9.2344,3.5118,9.2344,1.3200,1,7.497,7.629
1555,DATA_20260206_120000.BIN,2.4416,6.8951,2.4920,6.8951,1.3860,1,2.848,2.909
1556,DATA_20260206_120000.BIN,2.4920,6.1811,2.9284,6.1811,1.2870,1,2.433,2.435
1557,DATA_20260206_120000.BIN,1.4681,5.7027,2.1778,5.7027,2.5300,1,4.823,4.966
1558,DATA_20260206_120000.BIN,3.1624,5.7516,1.4638,5.7516,6.5010,1,2.262,2.264
1559,DATA_20260206_120000.BIN,1.4638,6.8670,1.8918,6.8670,3.6080,1,2.725,3.232
1560,DATA_20260206_120000.BIN,1.9704,4.5863,1.8188,4.5863,3.4650,1,4.089,4.093
1561,DATA_20260206_120000.BIN,1.8188,6.3718,2.4280,6.3718,2.7060,1,2.138,2.288
1562,DATA_20260206_120000.BIN,2.4280,7.8633,1.4420,7.8633,5.4560,1,1.368,1.812
1563,DATA_20260206_120000.BIN,0.5484,5.9688,1.1713,5.9688,2.7940,1,2.653,2.927
1564,DATA_20260206_120000.BIN,1.1713,4.8021,0.9586,4.8021,3.0030,1,1.470,2.518
1565,DATA_20260206_120000.BIN,1.3415,6.9593,0.8264,6.9593,2.2110,1,5.243,6.603
1566,DATA_20260206_120000.BIN,0.3625,9.1346,5.0432,9.1346,6.1270,1,2.468,2.565
1567,DATA_20260206_120000.BIN,5.0432,11.5850,1.4770,11.5850,5.2360,1,6.024,6.652
1568,DATA_20260206_120000.BIN,1.7733,5.1006,1.6962,5.1006,3.7290,1,4.278,5.188
1569,DATA_20260206_120000.BIN,1.6657,6.2007,2.1411,6.2007,2.5960,1,0.524,1.310
1570,DATA_20260206_120000.BIN,2.3449,6.4196,4.5034,6.4196,2.6070,1,2.362,3.255
1571,DATA_20260206_120000.BIN,19.6146,31.3933,4.6412,31.3933,6.1930,1,23.659,24.117
1572,DATA_20260206_120000.BIN,4.6412,9.3398,2.9322,9.3398,2.5850,1,2.776,4.089
1573,DATA_20260206_120000.BIN,2.9322,6.8938,1.0827,6.8938,2.7170,1,6.315,6.327
1574,DATA_20260206_120000.BIN,1.0083,5.6289,2.2421,5.6289,2.5080,1,2.525,2.532
1575,DATA_20260206_120000.BIN,2.2421,5.4404,0.8399,5.4404,1.4960,1,0.354,2.820
1576,DATA_20260206_120000.BIN,0.8399,5.0360,0.1192,5.0360,1.5510,1,1.539,6.361
1577,DATA_20260206_120000.BIN,0.1192,5.2694,2.1576,5.2694,1.5840,1,1.912,4.703
1578,DATA_20260206_120000.BIN,2.1576,5.0132,2.2170,5.0132,3.4980,1,2.382,3.795
1579,DATA_20260206_120000.BIN,2.2170,5.6258,1.0254,5.6258,3.5090,1,1.285,4.171
1580,DATA_20260206_120000.BIN,1.0254,3.6007,0.9536,3.6007,3.9490,1,0.451,4.332
1581,DATA_20260206_120000.BIN,0.9536,7.9378,3.3047,7.9378,3.1680,1,3.055,3.209
1582,DATA_20260206_120000.BIN,3.3047,5.9050,3.4177,5.9050,1.6940,1,5.923,6.398
1583,DATA_20260206_120000.BIN,3.4177,7.2279,1.8531,7.2279,1.9030,1,4.313,5.147
1584,DATA_20260206_120000.BIN,1.8531,5.5424,0.8531,5.5424,5.0710,1,2.636,3.846
1585,DATA_20260206_120000.BIN,0.8531,4.0186,0.6876,4.0186,1.4850,1,1.954,3.704
1586,DATA_20260206_120000.BIN,0.6876,4.0474,0.8938,4.0474,1.6720,1,0.836,2.683
1587,DATA_20260206_120000.BIN,0.8938,4.2090,0.5041,4.2090,4.7960,1,0.884,2.881
1588,DATA_20260206_120000.BIN,1.9568,5.1492,0.6620,5.1492,3.3770,1,1.614,2.659
1589,DATA_20260206_120000.BIN,0.6620,4.9535,0.9370,4.9535,5.2580,1,0.830,4.447
1590,DATA_20260206_120000.BIN,0.9370,5.3118,0.7917,5.3118,3.6300,1,0.992,1.017
1591,DATA_20260206_120000.BIN,0.7917,5.1977,0.7893,5.1977,1.7160,1,0.926,1.016
1592,DATA_20260206_120000.BIN,0.7893,3.8980,0.6572,3.8980,2.3760,1,3.401,7.766
1593,DATA_20260206_120000.BIN,0.6572,6.6042,2.5814,6.6042,3.6850,1,0.860,1.936
1594,DATA_20260206_120000.BIN,2.5814,6.0819,0.5811,6.0819,2.5080,1,1.791,2.615
1595,DATA_20260206_120000.BIN,2.7331,7.0889,1.3759,7.0889,2.9370,1,4.634,6.517
1596,DATA_20260206_120000.BIN,1.3759,8.3009,2.2284,8.3009,4.3890,1,0.448,1.012
1597,DATA_20260206_120000.BIN,2.2284,6.1656,2.8874,6.1656,1.2320,1,1.863,2.050
1598,DATA_20260206_120000.BIN,2.8874,7.1189,3.9647,7.1189,1.3750,1,1.750,2.434
1599,DATA_20260206_120000.BIN,3.9647,8.4496,2.0063,8.4496,1.7050,1,1.944,5.231
1600,DATA_20260206_120000.BIN,2.0063,5.9224,1.8603,5.9224,1.3310,1,0.493,1.711
1601,DATA_20260206_120000.BIN,1.8603,4.6994,1.2134,4.6994,1.7490,1,0.564,0.721
1602,DATA_20260206_120000.BIN,4.0402,6.9045,3.3695,6.9045,1.3970,1,3.746,4.774
1603,DATA_20260206_120000.BIN,3.3695,6.9162,1.2132,6.9162,2.3980,1,1.978,2.069
1604,DATA_20260206_120000.BIN,1.2132,5.2025,0.6036,5.2025,1.5070,1,1.374,3.740
1605,DATA_20260206_120000.BIN,0.6036,8.6784,4.7523,8.6784,2.4750,1,1.376,2.747
1606,DATA_20260206_120000.BIN,4.7523,11.8433,1.1133,11.8433,9.7570,1,6.888,7.508
1607,DATA_20260206_120000.BIN,1.1133,3.9949,0.0627,3.9949,2.5850,1,3.614,5.075
1608,DATA_20260206_120000.BIN,0.0627,4.2377,1.2028,4.2377,3.2780,1,1.919,3.469
1609,DATA_20260206_120000.BIN,1.2028,5.6408,1.2336,5.6408,6.8970,1,0.670,0.687
1610,DATA_20260206_120000.BIN,1.2336,6.3497,3.1887,6.3497,1.7270,1,0.718,1.056
1611,DATA_20260206_120000.BIN,3.1887,7.4779,2.9768,7.4779,3.6850,1,2.540,3.410
1612,DATA_20260206_120000.BIN,1.0995,6.2310,0.9427,6.2310,4.5430,1,1.967,2.225
1613,DATA_20260206_120000.BIN,0.9586,4.7583,0.5245,4.7583,3.2340,1,0.961,3.244
1614,DATA_20260206_120000.BIN,0.5245,6.8215,0.7007,6.8215,3.2450,1,0.222,2.409
1615,DATA_20260206_120000.BIN,1.1889,4.2801,0.4761,4.2801,2.0680,1,3.276,4.299
1616,DATA_20260206_120000.BIN,2.1166,4.7438,0.9466,4.7438,2.5080,1,3.324,3.324
1617,DATA_20260206_120000.BIN,0.9466,3.8523,0.6866,3.8523,1.7930,1,1.088,1.760
1618,DATA_20260206_120000.BIN,0.6969,5.6636,1.8737,5.6636,3.2780,1,0.972,2.464
1619,DATA_20260206_120000.BIN,1.8737,6.2186,0.3768,6.2186,5.6650,1,2.546,2.596
1620,DATA_20260206_120000.BIN,0.3768,6.5826,1.4187,6.5826,3.2340,1,0.711,0.778
1621,DATA_20260206_120000.BIN,1.4187,5.7217,0.4198,5.7217,5.7750,1,1.788,2.943
1622,DATA_20260206_120000.BIN,3.1599,6.8078,1.9369,6.8078,4.0260,1,4.135,4.139
1623,DATA_20260206_120000.BIN,2.2263,5.8824,2.8753,5.8824,3.6740,1,2.506,3.356
1624,DATA_20260206_120000.BIN,2.8753,6.8541,0.9898,6.8541,2.9150,1,3.096,3.969
1625,DATA_20260206_120000.BIN,1.4383,4.0844,0.7594,4.0844,3.1900,1,1.116,1.499
1626,DATA_20260206_120000.BIN,0.9421,5.8641,0.4772,5.8641,3.0690,1,0.916,2.003
1627,DATA_20260206_120000.BIN,0.2996,3.8328,1.0263,3.8328,2.6840,1,2.062,5.903
1628,DATA_20260206_120000.BIN,3.2391,7.0260,0.4503,7.0260,4.7520,1,4.599,4.689
1629,DATA_20260206_120000.BIN,0.4503,3.5407,0.5497,3.5407,8.8440,1,0.662,2.056
1630,DATA_20260206_120000.BIN,0.5497,4.0813,0.6793,4.0813,5.8080,1,1.123,2.625
1631,DATA_20260206_120000.BIN,2.2050,6.6643,3.2197,6.6643,5.2030,1,2.570,2.585
1632,DATA_20260206_120000.BIN,3.2197,5.6918,0.3364,5.6918,6.2700,1,3.466,3.468
1633,DATA_20260206_120000.BIN,0.3364,11.2521,3.0341,11.2521,8.5360,1,2.843,6.760
1634,DATA_20260206_120000.BIN,3.0341,6.8268,2.0566,6.8268,3.1350,1,3.624,4.066
1635,DATA_20260206_120000.BIN,2.0566,4.8596,0.8881,4.8596,1.7050,1,2.584,3.640
1636,DATA_20260206_120000.BIN,2.5458,7.7482,1.6530,7.7482,2.7060,1,1.985,2.247
1637,DATA_20260206_120000.BIN,1.6530,7.8561,5.4293,7.8561,2.6180,1,1.813,3.149
1638,DATA_20260206_120000.BIN,5.4293,10.2926,0.4586,10.2926,4.1910,1,5.939,5.939
1639,DATA_20260206_120000.BIN,0.4586,32.3884,0.5516,32.3884,8.0850,1,2.390,2.953
1640,DATA_20260206_120000.BIN,0.5516,32.7791,2.3997,32.7791,4.7190,1,2.421,3.135
1641,DATA_20260206_120000.BIN,2.3997,16.3846,8.8671,16.3846,4.4330,1,2.233,2.563
1642,DATA_20260206_120000.BIN,8.8671,32.0727,5.3626,32.0727,4.3450,1,10.498,10.973
1643,DATA_20260206_120000.BIN,5.3626,20.6351,15.1130,20.6351,2.6070,1,5.236,5.271
1644,DATA_20260206_120000.BIN,15.1130,33.5012,7.5872,33.5012,3.3880,1,16.051,16.216
1645,DATA_20260206_120000.BIN,7.5872,22.6106,13.4428,22.6106,5.0930,1,5.315,5.377
1646,DATA_20260206_120000.BIN,13.4428,35.2654,7.2829,35.2654,4.6970,1,12.273,12.522
1647,DATA_20260206_120000.BIN,7.2829,20.3841,14.5503,20.3841,1.7380,1,3.283,3.298
1648,DATA_20260206_120000.BIN,14.5503,34.6978,7.0655,34.6978,3.4870,1,11.788,11.799
1649,DATA_20260206_120000.BIN,7.0655,21.1311,14.5209,21.1311,2.1340,1,2.864,3.288
1650,DATA_20260206_120000.BIN,14.5209,33.9808,7.5757,33.9808,6.4460,1,11.042,11.270
1651,DATA_20260206_120000.BIN,15.1292,17.9594,11.7529,17.9594,1.8260,1,9.845,9.927
1652,DATA_20260206_120000.BIN,11.7529,16.8239,7.5692,16.8239,1.4080,1,5.323,5.533
1653,DATA_20260206_120000.BIN,7.5692,19.4905,8.2645,19.4905,2.6620,1,3.287,3.309
1654,DATA_20260206_120000.BIN,8.2645,14.6746,8.0873,14.6746,2.8160,1,0.816,0.930
1655,DATA_20260206_120000.BIN,8.2827,15.9732,9.7138,15.9732,3.3110,1,1.649,1.736
1656,DATA_20260206_120000.BIN,9.7138,19.4886,8.6195,19.4886,6.6990,1,3.620,3.636
1657,DATA_20260206_120000.BIN,8.6195,23.0636,11.7219,23.0636,3.3770,1,1.613,1.950
1658,DATA_20260206_120000.BIN,11.7219,22.0701,10.0117,22.0701,3.5860,1,4.807,4.931
1659,DATA_20260206_120000.BIN,10.0117,22.7764,10.1155,22.7764,2.9040,1,2.110,2.448
1660,DATA_20260206_120000.BIN,10.1155,20.6746,4.3528,20.6746,4.2240,1,2.471,2.789
1661,DATA_20260206_120000.BIN,4.3528,20.2553,10.0953,20.2553,3.5750,1,5.713,5.772
1662,DATA_20260206_120000.BIN,10.0953,20.3200,9.1050,20.3200,4.7960,1,1.941,2.141
1663,DATA_20260206_120000.BIN,9.1050,15.9141,10.2015,15.9141,4.0150,1,0.918,1.032
1664,DATA_20260206_120000.BIN,10.2015,18.8517,2.2796,18.8517,3.3220,1,2.221,2.314
1665,DATA_20260206_120000.BIN,5.3658,28.3553,2.9292,28.3553,4.4110,1,14.153,14.222
1666,DATA_20260206_120000.BIN,2.9292,8.7565,0.5481,8.7565,8.5690,1,8.565,8.640
1667,DATA_20260206_120000.BIN,0.5481,15.0071,1.6939,15.0071,2.9700,1,9.952,10.576
1668,DATA_20260206_120000.BIN,8.3359,28.5641,3.9759,28.5641,4.7300,1,2.304,2.791
1669,DATA_20260206_120000.BIN,3.9759,12.1060,0.2699,12.1060,2.7060,1,4.880,5.489
1670,DATA_20260206_120000.BIN,0.2699,6.7852,1.6494,6.7852,2.6400,1,7.887,7.909
1671,DATA_20260206_120000.BIN,1.6494,5.0174,0.7340,5.0174,1.2540,1,6.909,7.233
1672,DATA_20260206_120000.BIN,0.7340,6.3425,1.1198,6.3425,1.1990,1,7.657,8.052
1673,DATA_20260206_120000.BIN,1.1198,16.9307,9.1608,16.9307,5.7200,1,6.636,7.230
1674,DATA_20260206_120000.BIN,9.1608,13.4602,10.6162,13.4602,6.2810,1,7.834,7.869
1675,DATA_20260206_120000.BIN,10.6439,14.0588,10.5913,14.0588,1.7930,1,8.935,10.097
1676,DATA_20260206_120000.BIN,10.5913,15.7964,7.9697,15.7964,3.5310,1,8.070,9.057
1677,DATA_20260206_120000.BIN,7.9697,26.5980,15.5434,26.5980,3.2890,1,4.638,5.758
1678,DATA_20260206_120000.BIN,15.5434,40.4771,25.6455,40.4771,7.3810,1,11.446,11.616
1679,DATA_20260206_120000.BIN,25.6455,38.4821,29.6307,38.4821,2.1010,1,24.138,24.380
1680,DATA_20260206_120000.BIN,29.6307,37.9748,28.1576,37.9748,2.5080,1,26.662,27.131
1681,DATA_20260206_120000.BIN,28.1576,35.6816,27.5592,35.6816,3.1130,1,22.043,22.305
1682,DATA_20260206_120000.BIN,27.5592,31.1282,23.8310,31.1282,1.8590,1,21.466,21.768
1683,DATA_20260206_120000.BIN,23.8310,31.1965,4.9407,31.1965,6.2590,1,12.741,12.786
1684,DATA_20260206_120000.BIN,4.9407,14.7637,9.6307,14.7637,5.5440,1,14.073,14.888
1685,DATA_20260206_120000.BIN,9.6307,16.3206,8.1144,16.3206,7.3260,1,4.198,7.063
1686,DATA_20260206_120000.BIN,8.1144,26.7369,3.3989,26.7369,4.0480,1,11.917,12.133
1687,DATA_20260206_120000.BIN,2.6921,7.1154,3.4712,7.1154,1.2430,1,11.830,11.923
1688,DATA_20260206_120000.BIN,3.4712,9.7979,4.0925,9.7979,1.2430,1,14.189,14.199
1689,DATA_20260206_120000.BIN,4.0925,9.1574,3.9883,9.1574,1.3420,1,12.615,12.617
1690,DATA_20260206_120000.BIN,3.9883,9.1717,3.8836,9.1717,1.2210,1,11.991,11.997
1691,DATA_20260206_120000.BIN,3.8836,10.3134,4.4011,10.3134,1.3200,1,10.530,10.550
1692,DATA_20260206_120000.BIN,4.4011,8.2075,3.0809,8.2075,1.2100,1,7.832,7.841
1693,DATA_20260206_120000.BIN,3.0809,8.4139,3.4280,8.4139,1.3310,1,5.756,5.778
1694,DATA_20260206_120000.BIN,3.4280,8.4420,2.5184,8.4420,1.2320,1,5.006,5.088
1695,DATA_20260206_120000.BIN,2.5184,7.3709,2.0006,7.3709,1.2210,1,4.922,5.033
1696,DATA_20260206_120000.BIN,2.0006,7.9706,2.4381,7.9706,1.2760,1,4.652,4.662
1697,DATA_20260206_120000.BIN,2.4381,8.1402,2.4325,8.1402,1.2100,1,3.617,3.636
1698,DATA_20260206_120000.BIN,2.4325,7.5963,2.7254,7.5963,1.2430,1,3.821,3.954
1699,DATA_20260206_120000.BIN,2.7254,6.4154,1.9219,6.4154,1.2540,1,2.908,2.930
1700,DATA_20260206_120000.BIN,1.9219,5.9423,0.5543,5.9423,1.3090,1,3.415,3.424
1701,DATA_20260206_120000.BIN,0.5543,7.3286,2.5004,7.3286,1.3970,1,5.460,5.499
1702,DATA_20260206_120000.BIN,2.5004,7.2115,3.1634,7.2115,1.1440,1,2.315,2.390
1703,DATA_20260206_120000.BIN,3.1634,8.3067,1.3173,8.3067,1.3750,1,4.173,4.174
1704,DATA_20260206_120000.BIN,1.3173,6.0266,0.8180,6.0266,1.2650,1,3.483,3.647
1705,DATA_20260206_120000.BIN,0.8180,6.6322,1.0275,6.6322,2.5630,1,3.690,4.154
1706,DATA_20260206_120000.BIN,1.0275,9.3871,3.3271,9.3871,1.5070,1,2.936,2.936
1707,DATA_20260206_120000.BIN,3.3271,8.2542,1.6317,8.2542,1.3310,1,5.883,5.901
1708,DATA_20260206_120000.BIN,1.6317,8.0380,0.5297,8.0380,1.3090,1,4.314,4.332
1709,DATA_20260206_120000.BIN,0.5297,5.6769,1.1927,5.6769,1.2870,1,2.426,2.610
1710,DATA_20260206_120000.BIN,1.1927,6.7621,0.6634,6.7621,1.2320,1,3.041,3.041
1711,DATA_20260206_120000.BIN,0.6634,8.0656,1.4950,8.0656,1.3420,1,1.785,1.785
1712,DATA_20260206_120000.BIN,1.4950,6.5873,3.2509,6.5873,2.3540,1,0.708,0.878
1713,DATA_20260206_120000.BIN,3.2509,7.4389,3.7713,7.4389,1.2320,1,2.598,2.936
1714,DATA_20260206_120000.BIN,3.7713,8.2417,2.6725,8.2417,1.2870,1,3.248,3.369
1715,DATA_20260206_120000.BIN,2.6725,7.4455,2.8490,7.4455,1.2320,1,1.092,1.126
1716,DATA_20260206_120000.BIN,2.8490,8.0122,1.7321,8.0122,1.1550,1,1.612,1.830
1717,DATA_20260206_120000.BIN,1.7321,8.2635,3.0352,8.2635,1.3090,1,0.236,1.832
1718,DATA_20260206_120000.BIN,3.0352,8.8423,2.8862,8.8423,1.4520,1,3.128,6.754
1719,DATA_20260206_120000.BIN,2.8862,9.4993,1.4303,9.4993,1.3530,1,2.821,3.124
1720,DATA_20260206_120000.BIN,2.2150,6.9953,2.0351,6.9953,3.3880,1,2.201,2.296
1721,DATA_20260206_120000.BIN,4.3450,9.9624,0.6984,9.9624,7.6120,1,4.579,5.661
1722,DATA_20260206_120000.BIN,0.6984,7.1854,0.4730,7.1854,3.3770,1,2.226,2.408
1723,DATA_20260206_120000.BIN,1.5023,4.8290,1.3966,4.8290,1.6390,1,3.072,3.144
1724,DATA_20260206_120000.BIN,1.3966,4.7465,0.5854,4.7465,1.1550,1,3.701,4.020
1725,DATA_20260206_120000.BIN,0.5854,8.4545,3.3414,8.4545,1.3200,1,1.592,2.072
1726,DATA_20260206_120000.BIN,3.3414,8.7537,1.4491,8.7537,2.9810,1,5.018,5.021
1727,DATA_20260206_120000.BIN,1.4491,9.7173,3.7618,9.7173,1.2650,1,2.563,2.934
1728,DATA_20260206_120000.BIN,3.7618,10.6346,2.0990,10.6346,1.5620,1,3.325,3.629
1729,DATA_20260206_120000.BIN,2.0990,5.6035,1.6347,5.6035,1.3530,1,2.223,2.231
1730,DATA_20260206_120000.BIN,1.1195,9.5205,0.9852,9.5205,1.7160,1,2.350,2.890
1731,DATA_20260206_120000.BIN,2.0170,18.1480,11.5583,18.1480,3.7400,1,2.528,3.665
1732,DATA_20260206_120000.BIN,11.5583,23.3534,19.9640,23.3534,3.3880,1,14.657,15.587
1733,DATA_20260206_120000.BIN,12.2429,25.5540,21.8227,25.5540,2.5410,1,14.469,16.727
1734,DATA_20260206_120000.BIN,21.8227,23.8814,9.7638,23.8814,8.3270,1,27.366,29.870
1735,DATA_20260206_120000.BIN,4.2747,23.7536,19.9109,23.7536,4.5540,1,0.537,4.139
1736,DATA_20260206_120000.BIN,19.9109,23.9847,12.9851,23.9847,2.7610,1,22.626,23.127
1737,DATA_20260206_120000.BIN,12.9851,18.8643,16.1890,18.8643,3.4870,1,8.869,20.244
1738,DATA_20260206_120000.BIN,16.1890,24.9175,20.0032,24.9175,3.7620,1,11.525,17.984
1739,DATA_20260206_120000.BIN,17.1061,21.0125,18.2728,21.0125,2.5960,1,16.274,16.758
1740,DATA_20260206_120000.BIN,18.2728,22.7871,15.3251,22.7871,6.8090,1,15.344,15.377
1741,DATA_20260206_120000.BIN,15.3251,20.4204,17.8252,20.4204,6.5560,1,7.923,13.063
1742,DATA_20260206_120000.BIN,17.8252,19.9949,14.2072,19.9949,3.7290,1,11.534,11.742
1743,DATA_20260206_120000.BIN,14.2072,21.4425,17.3617,21.4425,2.8490,1,4.402,9.551
1744,DATA_20260206_130000.BIN,14.9733,22.1454,13.7217,22.1454,3.3990,1,19.858,20.244
1745,DATA_20260206_130000.BIN,13.7217,23.2988,19.9514,23.2988,7.9750,1,11.208,11.702
1746,DATA_20260206_130000.BIN,19.9514,22.5377,16.4553,22.5377,8.1950,1,2.449,9.933
1747,DATA_20260206_130000.BIN,21.3378,24.0983,20.9062,24.0983,4.4990,1,2.856,5.987
1748,DATA_20260206_130000.BIN,14.0181,27.4023,18.2646,27.4023,2.7170,1,8.534,15.454
1749,DATA_20260206_130000.BIN,4.0637,9.1993,3.0042,9.1993,1.8590,1,26.533,30.902
1750,DATA_20260206_130000.BIN,3.0042,7.4799,2.6584,7.4799,1.2650,1,19.902,24.887
1751,DATA_20260206_130000.BIN,2.6584,9.7243,5.0127,9.7243,4.8730,1,16.461,21.466
1752,DATA_20260206_130000.BIN,5.0127,8.4588,3.4166,8.4588,3.6740,1,21.613,26.185
1753,DATA_20260206_130000.BIN,2.1208,6.4090,2.5295,6.4090,1.2650,1,17.696,21.275
1754,DATA_20260206_130000.BIN,3.2531,5.4250,2.4669,5.4250,3.3440,1,18.601,22.162
1755,DATA_20260206_130000.BIN,2.4669,8.0934,2.3696,8.0934,3.9930,1,15.334,19.184
1756,DATA_20260206_130000.BIN,2.3696,6.1432,2.4940,6.1432,2.0570,1,10.657,12.617
1757,DATA_20260206_130000.BIN,2.4940,17.7676,6.0839,17.7676,3.9710,1,13.218,16.474
1758,DATA_20260206_130000.BIN,6.0839,9.5049,3.2199,9.5049,1.6940,1,8.145,13.177
1759,DATA_20260206_130000.BIN,1.0877,5.9962,0.0857,5.9962,1.5510,1,7.358,8.882
1760,DATA_20260206_130000.BIN,2.4517,6.2892,1.6776,6.2892,1.5950,1,9.557,10.801
1761,DATA_20260206_130000.BIN,1.6776,8.8000,3.8286,8.8000,8.1840,1,7.449,8.517
1762,DATA_20260206_130000.BIN,3.8286,9.0989,4.8444,9.0989,2.3320,1,5.959,6.686
1763,DATA_20260206_130000.BIN,1.5485,5.1170,1.4886,5.1170,3.7400,1,3.340,4.101
1764,DATA_20260206_130000.BIN,3.3399,8.0665,3.2222,8.0665,1.9800,1,6.132,7.776
1765,DATA_20260206_130000.BIN,3.2222,8.4197,2.4486,8.4197,3.2560,1,3.871,5.420
1766,DATA_20260206_130000.BIN,2.4486,4.7768,0.2759,4.7768,5.8080,1,1.292,2.358
1767,DATA_20260206_130000.BIN,0.2759,8.0322,1.5784,8.0322,2.2550,1,5.627,7.715
1768,DATA_20260206_130000.BIN,1.5784,9.0043,2.6332,9.0043,1.8480,1,3.643,6.091
1769,DATA_20260206_130000.BIN,2.6332,8.3063,0.3641,8.3063,3.1680,1,3.721,5.781
1770,DATA_20260206_130000.BIN,0.3641,4.4458,1.0039,4.4458,5.2690,1,3.873,4.070
1771,DATA_20260206_130000.BIN,2.2389,7.6230,1.5652,7.6230,4.5320,1,0.810,2.787
1772,DATA_20260206_130000.BIN,1.8720,8.0010,1.5856,8.0010,3.1460,1,4.256,4.830
1773,DATA_20260206_130000.BIN,1.5856,11.0564,4.3332,11.0564,2.6290,1,1.907,3.302
1774,DATA_20260206_130000.BIN,4.3332,10.4655,2.4921,10.4655,1.4300,1,2.996,3.032
1775,DATA_20260206_130000.BIN,2.4921,6.4935,1.0026,6.4935,1.4520,1,2.806,2.847
1776,DATA_20260206_130000.BIN,1.0026,25.5026,22.7390,25.5026,6.6330,1,2.215,2.896
1777,DATA_20260206_130000.BIN,22.7390,25.3569,17.2832,25.3569,5.8520,1,31.870,32.507
1778,DATA_20260206_130000.BIN,0.6795,5.2596,2.1672,5.2596,2.7390,1,5.461,5.588
1779,DATA_20260206_130000.BIN,2.1672,4.8704,1.6081,4.8704,4.9610,1,1.261,1.290
1780,DATA_20260206_130000.BIN,2.2075,7.4426,0.1542,7.4426,3.2230,1,1.314,1.361
1781,DATA_20260206_130000.BIN,0.1542,4.4686,1.8584,4.4686,1.9580,1,3.033,3.602
1782,DATA_20260206_130000.BIN,1.8584,5.7609,1.1752,5.7609,1.9690,1,2.139,2.499
1783,DATA_20260206_130000.BIN,1.1752,13.6601,1.8620,13.6601,6.5780,1,1.990,3.167
1784,DATA_20260206_130000.BIN,0.4335,5.5054,2.1347,5.5054,5.5660,1,4.895,6.553
1785,DATA_20260206_130000.BIN,0.8502,7.3931,1.2922,7.3931,2.9480,1,1.775,2.033
1786,DATA_20260206_130000.BIN,1.2922,4.3396,1.1635,4.3396,1.7270,1,2.484,4.481
1787,DATA_20260206_130000.BIN,1.1635,4.0562,1.0841,4.0562,1.4300,1,2.312,5.505
1788,DATA_20260206_130000.BIN,1.0841,4.3122,1.0592,4.3122,3.2560,1,0.433,2.251
1789,DATA_20260206_130000.BIN,0.7934,7.0243,1.3706,7.0243,2.3320,1,3.410,4.625
1790,DATA_20260206_130000.BIN,0.3968,8.1106,0.1872,8.1106,4.9720,1,2.477,3.298
1791,DATA_20260206_130000.BIN,0.1872,11.5675,0.5171,11.5675,4.4330,1,2.205,2.759
1792,DATA_20260206_130000.BIN,0.6638,21.9947,1.9004,21.9947,8.8220,1,2.208,2.228
1793,DATA_20260206_130000.BIN,1.9004,5.0374,0.6389,5.0374,2.8600,1,2.273,2.381
1794,DATA_20260206_130000.BIN,0.6389,3.6671,0.5696,3.6671,1.7160,1,1.409,2.106
1795,DATA_20260206_130000.BIN,0.5696,6.1339,1.5255,6.1339,5.2910,1,3.322,4.812
1796,DATA_20260206_130000.BIN,1.5255,5.1828,1.0780,5.1828,1.5730,1,3.754,4.743
1797,DATA_20260206_130000.BIN,1.0780,4.3285,0.1726,4.3285,2.1670,1,1.819,3.425
1798,DATA_20260206_130000.BIN,0.1791,3.5901,0.3204,3.5901,2.3980,1,1.156,1.156
1799,DATA_20260206_130000.BIN,0.3204,5.1605,0.4390,5.1605,5.7310,1,0.166,1.428
1800,DATA_20260206_130000.BIN,0.4390,4.0280,1.5570,4.0280,1.6390,1,1.098,1.480
1801,DATA_20260206_130000.BIN,1.5570,4.1260,0.9817,4.1260,4.3670,1,3.799,4.615
1802,DATA_20260206_130000.BIN,0.9817,4.7668,1.9265,4.7668,4.3560,1,1.530,1.545
1803,DATA_20260206_130000.BIN,1.2677,3.8365,1.2619,3.8365,3.0360,1,1.600,1.601
1804,DATA_20260206_130000.BIN,1.2619,3.9256,0.8710,3.9256,4.7520,1,1.947,2.233
1805,DATA_20260206_130000.BIN,0.8710,7.4207,0.0872,7.4207,2.9810,1,1.301,1.572
1806,DATA_20260206_130000.BIN,1.2855,7.7465,1.3565,7.7465,4.5650,1,3.345,4.558
1807,DATA_20260206_130000.BIN,1.3565,4.7337,0.2880,4.7337,3.3000,1,2.085,2.441
1808,DATA_20260206_130000.BIN,0.2880,5.1963,1.6738,5.1963,7.9090,1,0.239,0.892
1809,DATA_20260206_130000.BIN,1.6738,8.5451,1.4834,8.5451,7.1390,1,3.477,4.900
1810,DATA_20260206_130000.BIN,1.4834,4.7748,0.3971,4.7748,6.2370,1,2.539,3.241
1811,DATA_20260206_130000.BIN,0.9070,3.9196,0.9322,3.9196,4.9280,1,1.391,1.436
1812,DATA_20260206_130000.BIN,0.9322,4.6910,0.4431,4.6910,5.7860,1,1.147,1.654
1813,DATA_20260206_130000.BIN,0.4431,5.3522,0.4626,5.3522,3.0690,1,0.513,1.544
1814,DATA_20260206_130000.BIN,0.4626,5.2109,1.1271,5.2109,2.7830,1,1.070,1.944
1815,DATA_20260206_130000.BIN,1.1271,5.7984,1.7594,5.7984,3.1020,1,1.898,2.455
1816,DATA_20260206_130000.BIN,5.2854,10.9229,1.8807,10.9229,5.6760,1,7.478,7.633
1817,DATA_20260206_130000.BIN,1.8807,5.4720,1.7042,5.4720,1.5730,1,2.770,3.749
1818,DATA_20260206_130000.BIN,1.7042,9.0500,5.0964,9.0500,3.6630,1,1.838,2.433
1819,DATA_20260206_130000.BIN,0.7239,9.9930,5.3614,9.9930,7.6340,1,2.451,2.679
1820,DATA_20260206_130000.BIN,5.3614,10.0915,1.2185,10.0915,3.8720,1,6.092,6.092
1821,DATA_20260206_130000.BIN,1.4001,8.0564,0.6929,8.0564,4.7190,1,4.021,4.718
1822,DATA_20260206_130000.BIN,0.7260,6.3034,0.7869,6.3034,2.8490,1,1.989,4.161
1823,DATA_20260206_130000.BIN,0.7094,4.5867,1.8062,4.5867,2.4420,1,1.639,2.652
1824,DATA_20260206_130000.BIN,1.8062,8.5129,0.2633,8.5129,4.8730,1,1.581,1.638
1825,DATA_20260206_130000.BIN,0.2633,7.6109,1.3341,7.6109,7.9090,1,0.803,3.379
1826,DATA_20260206_130000.BIN,0.7113,11.3281,1.8312,11.3281,5.4450,1,2.060,3.991
1827,DATA_20260206_130000.BIN,5.8699,11.9789,2.8879,11.9789,6.8860,1,6.956,8.025
1828,DATA_20260206_130000.BIN,2.8879,10.1488,7.8131,10.1488,7.6120,1,4.135,4.139
1829,DATA_20260206_130000.BIN,7.8131,10.6234,2.7211,10.6234,9.1850,1,8.285,8.707
1830,DATA_20260206_130000.BIN,0.4485,9.3045,3.4987,9.3045,5.0050,1,4.631,6.738
1831,DATA_20260206_130000.BIN,3.4987,7.2081,4.3330,7.2081,6.3910,1,2.804,2.881
1832,DATA_20260206_130000.BIN,4.3330,7.7399,1.3271,7.7399,5.7200,1,3.955,3.974
1833,DATA_20260206_130000.BIN,1.3271,9.5854,0.9957,9.5854,8.7890,1,2.523,2.633
1834,DATA_20260206_130000.BIN,0.9957,10.5017,5.5185,10.5017,7.8870,1,2.470,2.470
1835,DATA_20260206_130000.BIN,5.5185,8.6994,3.6905,8.6994,2.0570,1,3.797,6.084
1836,DATA_20260206_130000.BIN,3.6905,8.5375,0.1339,8.5375,4.4330,1,6.723,8.399
1837,DATA_20260206_130000.BIN,1.0457,5.8320,1.1361,5.8320,2.3650,1,3.120,3.706
1838,DATA_20260206_130000.BIN,1.1361,5.1678,0.4205,5.1678,1.8590,1,3.625,3.710
1839,DATA_20260206_130000.BIN,1.4906,6.2524,1.2502,6.2524,9.0200,1,0.885,0.905
1840,DATA_20260206_130000.BIN,24.7524,27.1653,1.7990,27.1653,6.6330,1,38.257,38.361
1841,DATA_20260206_130000.BIN,1.7990,7.1606,0.5178,7.1606,1.6060,1,6.502,7.398
1842,DATA_20260206_130000.BIN,0.5178,7.4418,1.2011,7.4418,1.4080,1,5.102,5.639
1843,DATA_20260206_130000.BIN,1.2011,6.9828,1.4468,6.9828,1.2650,1,4.840,4.870
1844,DATA_20260206_130000.BIN,1.4468,8.2136,0.8016,8.2136,1.5400,1,2.634,2.759
1845,DATA_20260206_130000.BIN,0.8016,7.6643,1.1432,7.6643,1.3970,1,2.846,2.847
1846,DATA_20260206_130000.BIN,1.1432,6.1599,1.0662,6.1599,1.5290,1,2.048,2.124
1847,DATA_20260206_130000.BIN,1.0662,4.8091,0.7201,4.8091,1.3530,1,3.718,3.909
1848,DATA_20260206_130000.BIN,0.7201,4.4725,0.5816,4.4725,1.5950,1,3.848,4.028
1849,DATA_20260206_130000.BIN,0.5816,6.2898,1.0431,6.2898,2.6290,1,1.716,1.716
1850,DATA_20260206_130000.BIN,1.0431,5.8011,1.2423,5.8011,1.1000,1,1.593,2.023
1851,DATA_20260206_130000.BIN,1.2423,6.2215,1.4212,6.2215,3.0250,1,0.910,0.997
1852,DATA_20260206_130000.BIN,1.4212,5.4872,0.9144,5.4872,1.6940,1,1.910,2.086
1853,DATA_20260206_130000.BIN,0.9144,7.2555,1.3590,7.2555,6.9520,1,1.963,2.424
1854,DATA_20260206_130000.BIN,1.3590,5.6838,0.8221,5.6838,1.3200,1,2.286,3.899
1855,DATA_20260206_130000.BIN,0.8221,8.9610,0.6097,8.9610,2.7390,1,1.873,1.882
1856,DATA_20260206_130000.BIN,0.6097,6.4034,0.8766,6.4034,1.9140,1,2.768,2.785
1857,DATA_20260206_130000.BIN,0.8766,5.3382,0.6937,5.3382,5.9840,1,2.626,4.177
1858,DATA_20260206_130000.BIN,0.6937,4.8514,1.2587,4.8514,2.4750,1,2.241,2.350
1859,DATA_20260206_130000.BIN,1.2587,5.8169,1.0162,5.8169,2.2440,1,2.621,2.631
1860,DATA_20260206_130000.BIN,1.0162,7.4998,1.5164,7.4998,1.4630,1,0.773,1.948
1861,DATA_20260206_130000.BIN,1.5164,5.9865,1.1817,5.9865,1.4190,1,1.388,2.808
1862,DATA_20260206_130000.BIN,1.1817,7.9086,1.5663,7.9086,1.3420,1,2.598,3.927
1863,DATA_20260206_130000.BIN,1.8454,9.7949,2.0680,9.7949,7.2710,1,2.888,2.912
1864,DATA_20260206_130000.BIN,2.0680,11.0721,7.9724,11.0721,3.1790,1,2.396,2.397
1865,DATA_20260206_130000.BIN,3.4768,10.0724,4.8699,10.0724,2.4860,1,5.281,5.805
1866,DATA_20260206_130000.BIN,2.9684,11.3914,8.1247,11.3914,4.3010,1,4.240,4.920
1867,DATA_20260206_130000.BIN,1.6696,15.2753,3.5025,15.2753,7.7550,1,1.377,1.497
1868,DATA_20260206_130000.BIN,3.5025,8.1831,5.6496,8.1831,2.6070,1,3.713,3.819
1869,DATA_20260206_130000.BIN,3.6237,8.6178,1.6878,8.6178,1.7490,1,4.317,5.061
1870,DATA_20260206_130000.BIN,3.9258,9.7917,2.0083,9.7917,4.7960,1,3.936,4.213
1871,DATA_20260206_130000.BIN,5.4388,10.9613,3.5395,10.9613,3.7400,1,5.265,5.267
1872,DATA_20260206_130000.BIN,3.5395,8.1704,3.0956,8.1704,1.1880,1,2.086,2.086
1873,DATA_20260206_130000.BIN,3.0956,7.4611,0.9730,7.4611,1.8700,1,3.515,4.598
1874,DATA_20260206_130000.BIN,0.9730,7.7099,1.3746,7.7099,1.5730,1,3.170,4.428
1875,DATA_20260206_130000.BIN,1.3746,6.1984,2.1854,6.1984,2.4530,1,4.025,5.958
1876,DATA_20260206_130000.BIN,2.1854,6.1455,0.6228,6.1455,1.4630,1,2.892,2.938
1877,DATA_20260206_130000.BIN,0.6228,8.7270,0.9494,8.7270,1.7050,1,1.627,1.687
1878,DATA_20260206_130000.BIN,0.9494,9.2385,1.8461,9.2385,1.7380,1,1.536,1.868
1879,DATA_20260206_130000.BIN,1.8461,4.6981,0.2794,4.6981,3.2780,1,3.288,3.318
1880,DATA_20260206_130000.BIN,0.2794,6.2237,1.2218,6.2237,2.8490,1,1.537,1.557
1881,DATA_20260206_130000.BIN,1.2218,5.4241,0.4736,5.4241,4.6420,1,2.346,2.360
1882,DATA_20260206_130000.BIN,0.9557,6.1671,0.9192,6.1671,1.7710,1,1.998,2.311
1883,DATA_20260206_130000.BIN,0.9192,6.4245,2.3248,6.4245,2.2990,1,2.372,2.562
1884,DATA_20260206_130000.BIN,2.3248,5.6533,1.7381,5.6533,1.5620,1,1.736,2.013
1885,DATA_20260206_130000.BIN,1.7381,4.6888,0.3788,4.6888,3.3880,1,2.428,2.755
1886,DATA_20260206_130000.BIN,1.7081,7.7108,0.4227,7.7108,5.1370,1,3.243,3.559
1887,DATA_20260206_130000.BIN,0.4227,4.9207,1.4371,4.9207,2.3760,1,0.639,3.784
1888,DATA_20260206_130000.BIN,1.4371,4.8373,1.2857,4.8373,2.4310,1,2.037,2.207
1889,DATA_20260206_130000.BIN,1.2857,7.7388,1.3025,7.7388,1.2210,1,1.089,1.094
1890,DATA_20260206_130000.BIN,1.3025,8.4343,3.5312,8.4343,1.6170,1,1.665,1.721
1891,DATA_20260206_130000.BIN,3.5312,7.8762,0.2715,7.8762,2.0350,1,4.445,4.536
1892,DATA_20260206_130000.BIN,0.2715,7.2247,0.9288,7.2247,1.3640,1,0.866,1.030
1893,DATA_20260206_130000.BIN,1.6642,7.3637,0.6836,7.3637,1.5180,1,1.888,2.861
1894,DATA_20260206_130000.BIN,0.6836,7.0877,1.4534,7.0877,1.5510,1,0.786,1.665
1895,DATA_20260206_130000.BIN,1.4534,5.7092,1.3226,5.7092,1.7050,1,1.353,1.466
1896,DATA_20260206_130000.BIN,1.3226,5.0025,1.1554,5.0025,1.5510,1,2.440,2.608
1897,DATA_20260206_130000.BIN,3.4530,9.7122,5.6331,9.7122,6.9190,1,4.591,4.881
1898,DATA_20260206_130000.BIN,5.6331,9.3987,0.8178,9.3987,4.6310,1,7.674,8.361
1899,DATA_20260206_130000.BIN,1.4933,5.8587,0.5331,5.8587,2.6840,1,1.349,1.441
1900,DATA_20260206_130000.BIN,4.0958,11.4772,4.1246,11.4772,3.5860,1,2.962,3.653
1901,DATA_20260206_130000.BIN,4.1246,17.3359,1.9051,17.3359,4.7520,1,3.836,3.957
1902,DATA_20260206_130000.BIN,1.9051,5.8989,1.1486,5.8989,1.9030,1,3.139,3.169
1903,DATA_20260206_130000.BIN,1.1486,15.9070,1.9749,15.9070,4.7740,1,1.128,1.136
1904,DATA_20260206_130000.BIN,1.9749,13.9267,1.0181,13.9267,8.4920,1,4.315,4.320
1905,DATA_20260206_130000.BIN,2.1164,4.4559,0.9385,4.4559,7.1500,1,2.654,2.753
1906,DATA_20260206_130000.BIN,0.9385,4.6783,0.8824,4.6783,1.3200,1,2.997,3.166
1907,DATA_20260206_130000.BIN,0.8824,3.6873,1.1365,3.6873,2.5630,1,2.316,4.839
1908,DATA_20260206_130000.BIN,1.6520,6.1042,1.0377,6.1042,1.5510,1,2.758,2.772
1909,DATA_20260206_130000.BIN,1.0377,6.2283,1.3630,6.2283,1.6500,1,2.870,3.000
1910,DATA_20260206_130000.BIN,1.4244,5.3104,0.8803,5.3104,1.8040,1,3.247,3.443
1911,DATA_20260206_130000.BIN,0.8803,6.9675,2.6052,6.9675,3.0910,1,1.873,2.154
1912,DATA_20260206_130000.BIN,0.0807,5.0030,2.3934,5.0030,3.6300,1,2.520,4.818
1913,DATA_20260206_130000.BIN,2.3934,9.0734,0.7626,9.0734,5.5550,1,2.103,4.676
1914,DATA_20260206_130000.BIN,0.7626,5.2232,0.3008,5.2232,2.0240,1,3.071,4.395
1915,DATA_20260206_130000.BIN,0.3008,5.8792,1.8392,5.8792,1.3860,1,1.213,2.047
1916,DATA_20260206_130000.BIN,1.8392,4.7622,0.5419,4.7622,2.9480,1,3.162,3.251
1917,DATA_20260206_130000.BIN,0.5419,4.3682,0.4973,4.3682,2.7500,1,0.352,1.625
1918,DATA_20260206_130000.BIN,1.6823,6.2504,0.4266,6.2504,4.3560,1,0.728,2.555
1919,DATA_20260206_130000.BIN,0.4266,4.5771,0.5591,4.5771,2.0130,1,2.258,3.667
1920,DATA_20260206_130000.BIN,0.8931,5.9227,2.0788,5.9227,9.0750,1,1.268,1.784
1921,DATA_20260206_130000.BIN,0.9972,5.2707,1.1191,5.2707,2.2330,1,1.526,1.527
1922,DATA_20260206_130000.BIN,1.1191,5.9158,0.9270,5.9158,1.1000,1,1.337,1.629
1923,DATA_20260206_130000.BIN,0.9270,6.2184,0.6310,6.2184,2.4420,1,1.452,1.616
1924,DATA_20260206_130000.BIN,2.0491,6.0704,1.2601,6.0704,1.1110,1,1.800,3.088
1925,DATA_20260206_130000.BIN,1.2601,4.0614,1.0597,4.0614,9.2510,1,1.201,1.250
1926,DATA_20260206_130000.BIN,1.0597,7.1771,0.4701,7.1771,1.6610,1,1.052,1.320
1927,DATA_20260206_130000.BIN,0.4701,5.1161,0.7637,5.1161,1.1000,1,0.916,2.251
1928,DATA_20260206_130000.BIN,0.7637,6.5936,1.8734,6.5936,2.2880,1,1.461,4.294
1929,DATA_20260206_130000.BIN,0.8033,7.6410,1.2154,7.6410,1.7600,1,0.409,0.857
1930,DATA_20260206_130000.BIN,1.2154,5.5962,0.4427,5.5962,1.2100,1,0.608,1.144
1931,DATA_20260206_130000.BIN,0.4427,6.1853,2.3946,6.1853,1.5400,1,1.438,2.352
1932,DATA_20260206_130000.BIN,2.3946,7.7385,1.3470,7.7385,1.4960,1,3.145,3.145
1933,DATA_20260206_130000.BIN,1.3470,7.1622,2.5459,7.1622,1.5950,1,1.417,1.603
1934,DATA_20260206_130000.BIN,2.5459,7.5989,1.3232,7.5989,3.1790,1,2.767,2.771
1935,DATA_20260206_130000.BIN,1.3232,5.1806,1.1718,5.1806,2.1780,1,2.254,3.239
1936,DATA_20260206_130000.BIN,1.1718,6.7412,0.2523,6.7412,1.7380,1,0.840,1.633
1937,DATA_20260206_130000.BIN,0.2523,3.7425,0.1656,3.7425,1.8920,1,1.286,2.596
1938,DATA_20260206_130000.BIN,0.1656,4.1349,0.3474,4.1349,1.3420,1,0.879,1.332
1939,DATA_20260206_130000.BIN,1.5237,7.2199,1.7061,7.2199,4.6200,1,2.194,2.335
1940,DATA_20260206_130000.BIN,1.7061,7.8503,1.4086,7.8503,3.4540,1,1.229,1.428
1941,DATA_20260206_130000.BIN,1.4086,9.4441,5.9846,9.4441,9.4490,1,1.280,1.885
1942,DATA_20260206_130000.BIN,1.7137,8.1100,5.7550,8.1100,4.7630,1,1.914,3.686
1943,DATA_20260206_130000.BIN,5.7550,8.4913,3.3982,8.4913,5.7530,1,7.874,8.044
1944,DATA_20260206_130000.BIN,0.4800,5.8153,0.9498,5.8153,2.7610,1,1.745,2.524
1945,DATA_20260206_130000.BIN,0.9498,6.4371,1.8222,6.4371,3.5090,1,2.213,2.539
1946,DATA_20260206_130000.BIN,2.1134,12.7641,1.1385,12.7641,3.6850,1,2.715,3.380
1947,DATA_20260206_130000.BIN,0.4705,4.5599,1.3571,4.5599,4.3560,1,1.734,1.842
1948,DATA_20260206_130000.BIN,1.3571,5.0772,0.5885,5.0772,1.6720,1,1.884,1.889
1949,DATA_20260206_130000.BIN,0.2043,6.2569,1.2670,6.2569,1.4300,1,0.680,1.776
1950,DATA_20260206_130000.BIN,1.2670,5.3044,0.6129,5.3044,1.3640,1,1.885,2.231
1951,DATA_20260206_130000.BIN,0.6129,5.0984,0.4779,5.0984,1.4960,1,0.760,1.266
1952,DATA_20260206_130000.BIN,0.4779,7.4143,1.3542,7.4143,5.0600,1,0.284,0.995
1953,DATA_20260206_130000.BIN,1.3542,5.6338,0.5928,5.6338,5.4450,1,2.243,4.148
1954,DATA_20260206_130000.BIN,0.5928,4.2368,1.0954,4.2368,2.5300,1,1.753,4.110
1955,DATA_20260206_130000.BIN,1.0954,5.4936,0.7801,5.4936,7.2490,1,2.129,3.549
1956,DATA_20260206_130000.BIN,0.7801,5.1158,0.8478,5.1158,2.0900,1,0.884,0.986
1957,DATA_20260206_130000.BIN,0.8478,9.1896,1.1569,9.1896,9.3390,1,0.780,0.904
1958,DATA_20260206_130000.BIN,0.6912,4.1000,0.5981,4.1000,2.5960,1,0.929,1.892
1959,DATA_20260206_130000.BIN,0.5981,8.7170,3.1812,8.7170,1.8700,1,0.539,0.947
1960,DATA_20260206_130000.BIN,3.1812,5.4577,2.2628,5.4577,3.0470,1,3.528,4.676
1961,DATA_20260206_130000.BIN,2.2628,6.1456,0.8357,6.1456,5.8850,1,3.088,3.238
1962,DATA_20260206_130000.BIN,0.9159,5.1927,0.8560,5.1927,3.1020,1,2.349,6.380
1963,DATA_20260206_130000.BIN,0.8560,5.2384,0.7694,5.2384,1.4740,1,0.324,1.018
1964,DATA_20260206_130000.BIN,2.4770,6.6309,1.1139,6.6309,1.7160,1,2.945,3.349
1965,DATA_20260206_130000.BIN,1.1139,6.1945,2.6222,6.1945,3.9820,1,0.347,3.859
1966,DATA_20260206_130000.BIN,2.5678,6.6916,0.5448,6.6916,2.7720,1,1.746,4.120
1967,DATA_20260206_130000.BIN,0.5448,5.7600,1.6568,5.7600,2.9700,1,0.110,0.222
1968,DATA_20260206_130000.BIN,1.0378,4.3400,1.2614,4.3400,2.5410,1,1.956,1.963
1969,DATA_20260206_130000.BIN,0.6726,4.9943,0.4236,4.9943,1.5070,1,1.093,1.934
1970,DATA_20260206_130000.BIN,0.4236,4.4455,2.0173,4.4455,1.5290,1,0.321,1.473
1971,DATA_20260206_130000.BIN,3.1245,6.1489,1.5971,6.1489,8.0080,1,3.107,3.417
1972,DATA_20260206_130000.BIN,1.5971,5.4813,1.7775,5.4813,5.9070,1,0.800,4.391
1973,DATA_20260206_130000.BIN,1.7775,5.1205,1.1068,5.1205,2.2110,1,1.737,1.742
1974,DATA_20260206_130000.BIN,0.3356,9.0175,2.3348,9.0175,6.6220,1,1.653,2.050
1975,DATA_20260206_130000.BIN,2.5043,6.2604,3.0001,6.2604,1.4520,1,2.525,2.574
1976,DATA_20260206_130000.BIN,3.0001,5.6116,1.2112,5.6116,4.2020,1,3.421,3.469
1977,DATA_20260206_130000.BIN,1.2112,7.3413,0.5920,7.3413,3.7070,1,1.869,2.352
1978,DATA_20260206_130000.BIN,0.5920,6.7114,1.1464,6.7114,3.1130,1,2.703,6.277
1979,DATA_20260206_130000.BIN,1.1464,6.0639,2.2269,6.0639,1.9800,1,2.304,3.999
1980,DATA_20260206_130000.BIN,2.2269,6.2059,0.7046,6.2059,8.3380,1,2.095,3.417
1981,DATA_20260206_130000.BIN,6.4800,16.0891,0.8106,16.0891,7.6230,1,8.521,8.900
1982,DATA_20260206_130000.BIN,0.8106,6.0693,2.5562,6.0693,2.7170,1,1.763,2.966
1983,DATA_20260206_130000.BIN,0.9142,4.5303,1.2432,4.5303,1.8590,1,3.939,7.139
1984,DATA_20260206_130000.BIN,1.2432,6.3565,0.5042,6.3565,5.7200,1,1.684,5.263
1985,DATA_20260206_130000.BIN,1.7271,13.9938,4.0693,13.9938,4.1030,1,2.288,4.597
1986,DATA_20260206_130000.BIN,1.2151,5.3674,1.0749,5.3674,7.3260,1,1.486,1.489
1987,DATA_20260206_130000.BIN,1.0749,5.9961,0.0673,5.9961,4.2900,1,0.539,1.780
1988,DATA_20260206_130000.BIN,0.0673,6.8708,3.4421,6.8708,2.6510,1,1.824,3.492
1989,DATA_20260206_130000.BIN,2.4912,18.6380,2.0074,18.6380,7.6010,1,2.945,3.852
1990,DATA_20260206_130000.BIN,1.3418,10.8676,1.1511,10.8676,4.1800,1,2.149,2.353
1991,DATA_20260206_130000.BIN,1.9241,7.8533,0.9680,7.8533,3.0910,1,3.566,4.420
1992,DATA_20260206_130000.BIN,1.0623,5.9028,1.4433,5.9028,2.4750,1,2.364,4.023
1993,DATA_20260206_130000.BIN,0.4191,3.7834,1.0978,3.7834,8.3050,1,1.754,4.470
1994,DATA_20260206_130000.BIN,1.0978,3.7551,0.3484,3.7551,5.2690,1,1.081,2.668
1995,DATA_20260206_130000.BIN,0.3484,4.9524,0.7624,4.9524,2.8380,1,1.779,4.864
1996,DATA_20260206_130000.BIN,0.7624,7.0965,2.0151,7.0965,9.5480,1,2.452,4.216
1997,DATA_20260206_130000.BIN,2.0151,5.1661,1.6673,5.1661,4.4660,1,2.777,2.810
1998,DATA_20260206_130000.BIN,1.6673,20.5217,0.4823,20.5217,9.2180,1,3.829,5.635
1999,DATA_20260206_130000.BIN,0.4823,4.3971,0.1665,4.3971,2.3760,1,0.488,0.719
2000,DATA_20260206_130000.BIN,0.1665,3.6525,0.7577,3.6525,7.7770,1,0.980,1.502
2001,DATA_20260206_130000.BIN,1.0001,8.5179,0.3508,8.5179,7.9970,1,1.072,2.395
2002,DATA_20260206_130000.BIN,0.3508,16.7020,1.0410,16.7020,4.0480,1,0.792,2.324
2003,DATA_20260206_130000.BIN,1.0410,3.8153,0.7715,3.8153,3.1020,1,1.871,2.164
2004,DATA_20260206_130000.BIN,1.0438,5.8920,1.4127,5.8920,7.7990,1,2.315,3.537
2005,DATA_20260206_130000.BIN,1.4127,5.6781,1.8325,5.6781,2.2440,1,1.305,2.091
2006,DATA_20260206_130000.BIN,1.8325,6.2894,1.0253,6.2894,1.9690,1,3.652,4.076
2007,DATA_20260206_130000.BIN,1.0253,9.3462,0.9244,9.3462,5.7970,1,1.191,4.800
2008,DATA_20260206_130000.BIN,3.2836,6.4445,0.5885,6.4445,9.0310,1,4.363,4.374
2009,DATA_20260206_130000.BIN,0.5885,4.6778,0.0519,4.6778,9.7570,1,0.053,0.723
2010,DATA_20260206_130000.BIN,0.0519,16.2528,1.4356,16.2528,5.8520,1,0.616,0.702
2011,DATA_20260206_130000.BIN,1.5147,6.4223,1.5002,6.4223,2.2770,1,0.754,1.990
2012,DATA_20260206_130000.BIN,1.5002,6.2188,0.4730,6.2188,2.1670,1,1.581,1.753
2013,DATA_20260206_130000.BIN,0.4730,4.9180,1.2557,4.9180,1.4740,1,1.154,2.114
2014,DATA_20260206_130000.BIN,1.2557,6.8815,2.6280,6.8815,2.5630,1,3.705,5.306
2015,DATA_20260206_130000.BIN,2.6280,5.0706,1.3134,5.0706,2.8490,1,0.842,4.394
2016,DATA_20260206_130000.BIN,1.3134,5.6215,2.5548,5.6215,3.1020,1,1.177,1.369
2017,DATA_20260206_130000.BIN,2.5548,6.3039,1.3268,6.3039,2.1560,1,4.119,5.816
2018,DATA_20260206_130000.BIN,1.3268,5.2167,1.1366,5.2167,3.2560,1,3.034,5.599
2019,DATA_20260206_130000.BIN,2.0486,13.9578,5.1566,13.9578,3.1900,1,4.654,7.388
2020,DATA_20260206_130000.BIN,5.1566,7.8027,4.6583,7.8027,1.7710,1,5.446,6.708
2021,DATA_20260206_130000.BIN,10.6129,14.2275,10.2970,14.2275,1.7270,1,12.371,12.843
2022,DATA_20260206_130000.BIN,10.8054,20.0073,4.9045,20.0073,8.5470,1,11.320,11.895
2023,DATA_20260206_130000.BIN,4.9045,12.2030,1.1985,12.2030,3.7510,1,3.887,4.027
2024,DATA_20260206_130000.BIN,0.6647,3.9737,0.1710,3.9737,1.7160,1,4.721,5.115
2025,DATA_20260206_130000.BIN,1.3161,5.3410,0.5907,5.3410,2.1670,1,2.066,2.702
2026,DATA_20260206_130000.BIN,0.4804,6.8588,0.4029,6.8588,9.5700,1,3.698,4.250
2027,DATA_20260206_130000.BIN,3.8058,7.7381,0.8691,7.7381,7.9860,1,5.874,6.201
2028,DATA_20260206_130000.BIN,0.8691,8.1793,1.4617,8.1793,3.8830,1,2.755,2.780
2029,DATA_20260206_130000.BIN,1.0772,11.9501,1.2913,11.9501,4.2020,1,0.372,3.114
2030,DATA_20260206_130000.BIN,1.3890,6.3052,0.4436,6.3052,8.7340,1,1.743,3.313
2031,DATA_20260206_130000.BIN,0.4436,4.5724,0.8640,4.5724,6.7320,1,1.224,3.228
2032,DATA_20260206_130000.BIN,0.8640,5.8251,0.8002,5.8251,9.6910,1,2.091,2.952
2033,DATA_20260206_130000.BIN,0.8002,4.2275,0.2526,4.2275,6.4240,1,3.118,4.527
2034,DATA_20260206_130000.BIN,0.3415,5.4867,2.0396,5.4867,5.8630,1,1.740,3.628
2035,DATA_20260206_130000.BIN,2.0396,8.5674,1.5606,8.5674,8.7010,1,1.828,2.809
2036,DATA_20260206_130000.BIN,1.5606,14.3770,0.8761,14.3770,3.0470,1,2.361,2.622
2037,DATA_20260206_130000.BIN,1.1636,10.5534,0.7100,10.5534,2.8710,1,1.458,1.508
2038,DATA_20260206_130000.BIN,1.1453,9.1981,5.4037,9.1981,1.8150,1,2.737,5.142
2039,DATA_20260206_130000.BIN,5.4037,9.0464,0.6848,9.0464,7.5570,1,7.677,7.718
2040,DATA_20260206_130000.BIN,0.6848,10.1845,6.7282,10.1845,3.7730,1,1.254,1.560
2041,DATA_20260206_130000.BIN,6.7282,9.7067,1.9060,9.7067,2.8930,1,8.590,8.611
2042,DATA_20260206_130000.BIN,1.9060,5.3984,2.3907,5.3984,7.8760,1,1.615,1.823
2043,DATA_20260206_130000.BIN,2.3907,6.1229,1.5234,6.1229,6.4130,1,2.233,2.557
2044,DATA_20260206_130000.BIN,0.8781,7.2343,1.0914,7.2343,3.0580,1,3.342,3.840
2045,DATA_20260206_130000.BIN,1.0914,7.0813,0.2244,7.0813,6.1160,1,2.735,4.348
2046,DATA_20260206_130000.BIN,0.2244,7.3041,4.0630,7.3041,4.2460,1,2.196,2.612
2047,DATA_20260206_130000.BIN,0.7806,10.8180,1.2011,10.8180,2.8050,1,1.317,2.679
2048,DATA_20260206_130000.BIN,0.5576,7.7103,2.7919,7.7103,1.8040,1,1.138,2.023
2049,DATA_20260206_130000.BIN,2.7919,8.2871,1.9132,8.2871,1.7930,1,2.923,3.476
2050,DATA_20260206_130000.BIN,1.9132,5.8155,2.3779,5.8155,2.5520,1,1.196,2.957
2051,DATA_20260206_130000.BIN,2.3779,6.3921,2.2719,6.3921,1.4410,1,1.304,4.978
2052,DATA_20260206_130000.BIN,2.2719,6.8936,0.8010,6.8936,1.5290,1,2.393,3.934
2053,DATA_20260206_130000.BIN,0.8010,5.2848,1.9989,5.2848,2.3540,1,1.070,1.676
2054,DATA_20260206_130000.BIN,2.9332,6.8547,1.2274,6.8547,3.3000,1,3.264,4.555
2055,DATA_20260206_130000.BIN,1.2274,6.0114,1.1726,6.0114,6.6330,1,1.118,1.394
2056,DATA_20260206_130000.BIN,1.6145,3.9122,1.0186,3.9122,1.8700,1,1.035,1.260
2057,DATA_20260206_130000.BIN,2.4133,7.1415,2.8612,7.1415,2.6950,1,4.148,4.728
2058,DATA_20260206_130000.BIN,2.8612,6.6291,0.7615,6.6291,5.6210,1,4.594,5.090
2059,DATA_20260206_130000.BIN,0.7615,5.4519,0.5309,5.4519,3.6190,1,1.854,1.856
2060,DATA_20260206_130000.BIN,0.5309,6.0806,0.3608,6.0806,1.4080,1,0.556,1.449
2061,DATA_20260206_130000.BIN,0.3608,6.7381,0.8745,6.7381,2.6400,1,0.766,0.771
2062,DATA_20260206_130000.BIN,0.8745,6.0786,1.7005,6.0786,1.5730,1,0.774,1.125
2063,DATA_20260206_130000.BIN,0.5545,4.4674,1.4158,4.4674,3.7290,1,0.826,1.288
2064,DATA_20260206_130000.BIN,1.4158,4.5695,1.5164,4.5695,5.8300,1,0.821,1.316
2065,DATA_20260206_130000.BIN,2.0714,5.9160,2.5817,5.9160,1.8920,1,2.155,2.158
2066,DATA_20260206_130000.BIN,2.5817,6.6294,0.9710,6.6294,4.2900,1,3.361,3.508
2067,DATA_20260206_130000.BIN,0.9710,5.2255,2.3268,5.2255,1.7600,1,0.814,0.986
2068,DATA_20260206_130000.BIN,0.4734,6.6863,3.3517,6.6863,4.3010,1,0.857,0.941
2069,DATA_20260206_130000.BIN,3.3517,7.7107,1.4786,7.7107,2.2000,1,5.356,5.369
2070,DATA_20260206_130000.BIN,0.2672,5.3422,0.7005,5.3422,6.5890,1,1.945,3.750
2071,DATA_20260206_130000.BIN,0.7005,5.3232,0.3677,5.3232,2.8380,1,1.857,2.904
2072,DATA_20260206_130000.BIN,0.3677,7.8621,1.9237,7.8621,5.6760,1,2.481,4.738
2073,DATA_20260206_130000.BIN,1.2353,8.3956,3.2637,8.3956,2.9370,1,0.677,1.533
2074,DATA_20260206_130000.BIN,1.8580,5.5005,0.7501,5.5005,4.0920,1,2.638,2.950
2075,DATA_20260206_130000.BIN,0.7501,5.7495,0.9963,5.7495,1.2430,1,1.472,2.782
2076,DATA_20260206_130000.BIN,3.2198,5.8904,2.2066,5.8904,2.1230,1,3.463,3.473
2077,DATA_20260206_130000.BIN,2.2066,6.7894,2.7145,6.7894,1.0890,1,2.912,3.569
2078,DATA_20260206_130000.BIN,2.7145,6.4721,1.4025,6.4721,1.6610,1,3.384,3.946
2079,DATA_20260206_130000.BIN,1.4025,6.2274,2.0874,6.2274,2.6730,1,2.280,4.197
2080,DATA_20260206_130000.BIN,2.0874,5.1551,0.8202,5.1551,6.0830,1,2.747,2.757
2081,DATA_20260206_130000.BIN,0.8202,8.5459,5.0020,8.5459,3.1900,1,0.137,0.307
2082,DATA_20260206_130000.BIN,5.0020,7.4926,0.2192,7.4926,4.9610,1,5.053,5.083
2083,DATA_20260206_130000.BIN,0.2192,5.8500,2.1361,5.8500,2.2000,1,1.899,1.902
2084,DATA_20260206_130000.BIN,2.1823,5.1481,1.1547,5.1481,3.1460,1,1.490,1.846
2085,DATA_20260206_130000.BIN,1.8208,5.4453,0.6388,5.4453,3.5530,1,4.392,4.550
2086,DATA_20260206_130000.BIN,0.5292,5.4114,0.9903,5.4114,2.0130,1,1.664,1.697
2087,DATA_20260206_130000.BIN,0.9903,4.1948,1.4265,4.1948,1.9360,1,1.649,2.397
2088,DATA_20260206_130000.BIN,1.4265,4.9322,1.4228,4.9322,5.1370,1,0.955,0.961
2089,DATA_20260206_130000.BIN,1.4228,7.5679,1.1254,7.5679,2.1780,1,1.031,3.057
2090,DATA_20260206_130000.BIN,1.1254,7.9194,1.6459,7.9194,4.0810,1,1.545,2.510
2091,DATA_20260206_130000.BIN,1.6459,5.9291,1.2749,5.9291,1.2540,1,1.926,2.458
2092,DATA_20260206_130000.BIN,1.6008,5.0993,2.1831,5.0993,2.5520,1,2.706,2.840
2093,DATA_20260206_130000.BIN,2.1831,5.8646,1.7784,5.8646,2.0350,1,1.641,3.646
2094,DATA_20260206_130000.BIN,0.4512,4.9554,2.9126,4.9554,1.9360,1,0.739,1.725
2095,DATA_20260206_130000.BIN,2.9126,7.2657,2.1299,7.2657,1.4190,1,4.696,5.949
2096,DATA_20260206_130000.BIN,2.1299,7.8237,3.7321,7.8237,4.4110,1,2.746,3.711
2097,DATA_20260206_130000.BIN,3.7321,6.9258,2.7962,6.9258,1.7490,1,4.019,4.274
2098,DATA_20260206_130000.BIN,1.8469,5.8715,0.7753,5.8715,4.1360,1,2.152,3.043
2099,DATA_20260206_130000.BIN,0.7753,5.6034,1.1166,5.6034,7.3480,1,0.584,1.058
2100,DATA_20260206_130000.BIN,1.1166,5.2665,0.7670,5.2665,1.0340,1,2.385,2.513
2101,DATA_20260206_130000.BIN,0.7670,5.5927,1.7284,5.5927,1.5730,1,1.078,1.116
2102,DATA_20260206_130000.BIN,1.7284,7.1240,1.0130,7.1240,3.3550,1,0.568,0.918
2103,DATA_20260206_130000.BIN,1.0130,7.1677,0.5890,7.1677,2.3760,1,3.431,6.645
2104,DATA_20260206_130000.BIN,0.5890,7.6150,2.5093,7.6150,2.7170,1,1.024,1.239
2105,DATA_20260206_130000.BIN,2.5093,6.1053,1.5414,6.1053,1.7710,1,2.321,2.416
2106,DATA_20260206_130000.BIN,1.7438,6.0463,1.4595,6.0463,2.5410,1,2.615,4.174
2107,DATA_20260206_130000.BIN,1.4595,6.6845,3.1206,6.6845,1.7710,1,1.528,2.223
2108,DATA_20260206_130000.BIN,2.3134,7.0978,1.3955,7.0978,1.7270,1,2.482,3.066
2109,DATA_20260206_130000.BIN,1.3955,6.7862,0.7026,6.7862,1.5510,1,2.934,3.020
2110,DATA_20260206_130000.BIN,1.0653,10.3362,0.7932,10.3362,4.7520,1,2.000,2.072
2111,DATA_20260206_130000.BIN,0.7932,8.3129,2.9693,8.3129,3.0690,1,2.769,3.262
2112,DATA_20260206_130000.BIN,2.9693,6.3901,3.1145,6.3901,2.8710,1,4.410,4.523
2113,DATA_20260206_130000.BIN,3.1145,12.7126,6.4398,12.7126,3.4210,1,4.655,4.715
2114,DATA_20260206_130000.BIN,6.4398,11.1731,5.2581,11.1731,2.2770,1,8.283,8.317
2115,DATA_20260206_130000.BIN,5.5154,11.5969,3.5820,11.5969,4.6310,1,5.651,5.977
2116,DATA_20260206_130000.BIN,3.5820,8.3249,2.4496,8.3249,3.7620,1,4.193,4.320
2117,DATA_20260206_130000.BIN,3.1082,6.1913,4.4316,6.1913,3.1460,1,5.366,5.373
2118,DATA_20260206_130000.BIN,2.8423,6.1102,1.9555,6.1102,9.1410,1,2.350,2.650
2119,DATA_20260206_130000.BIN,1.3601,5.7496,1.6308,5.7496,2.2880,1,3.263,3.299
2120,DATA_20260206_130000.BIN,1.6540,6.6796,2.7870,6.6796,6.1160,1,2.486,2.715
2121,DATA_20260206_130000.BIN,2.7870,6.1431,0.4186,6.1431,7.2270,1,4.403,5.364
2122,DATA_20260206_130000.BIN,0.4186,10.2960,1.5014,10.2960,6.4680,1,0.979,1.697
2123,DATA_20260206_130000.BIN,1.5014,6.7632,3.2838,6.7632,6.0390,1,1.279,1.687
2124,DATA_20260206_130000.BIN,3.2838,15.2992,5.5743,15.2992,8.9650,1,3.839,4.517
2125,DATA_20260206_130000.BIN,5.5743,21.2851,1.0455,21.2851,5.4230,1,6.173,6.812
2126,DATA_20260206_130000.BIN,0.5509,5.7972,0.2937,5.7972,5.6540,1,1.233,1.751
2127,DATA_20260206_130000.BIN,0.6530,7.7878,1.1509,7.7878,3.4870,1,1.307,1.632
2128,DATA_20260206_130000.BIN,1.3435,6.0225,3.1545,6.0225,2.9810,1,4.140,5.749
2129,DATA_20260206_130000.BIN,3.1545,6.6764,3.1607,6.6764,1.6170,1,2.910,5.796
2130,DATA_20260206_130000.BIN,3.1607,9.2660,3.8772,9.2660,2.6840,1,1.842,4.293
2131,DATA_20260206_130000.BIN,3.8772,6.7547,1.1548,6.7547,5.3240,1,4.871,5.236
2132,DATA_20260206_130000.BIN,1.1548,16.5846,0.5776,16.5846,9.5150,1,2.001,2.503
2133,DATA_20260206_130000.BIN,3.4617,7.6123,0.7767,7.6123,5.9290,1,4.750,5.191
2134,DATA_20260206_130000.BIN,0.7767,3.7749,0.3575,3.7749,4.2240,1,2.246,5.587
2135,DATA_20260206_130000.BIN,0.3575,6.6029,1.4375,6.6029,2.0570,1,1.152,1.372
2136,DATA_20260206_130000.BIN,0.5823,4.1858,1.7062,4.1858,1.7270,1,0.665,0.819
2137,DATA_20260206_130000.BIN,1.7062,8.1284,3.1735,8.1284,1.2210,1,1.708,1.885
2138,DATA_20260206_130000.BIN,3.1735,7.5964,2.5758,7.5964,2.3540,1,3.413,3.478
2139,DATA_20260206_130000.BIN,2.4718,6.5314,0.8859,6.5314,4.7740,1,3.285,4.415
2140,DATA_20260206_130000.BIN,0.8859,6.2548,1.2412,6.2548,1.7160,1,1.125,3.106
2141,DATA_20260206_130000.BIN,1.2412,5.8205,1.2230,5.8205,5.5770,1,1.301,4.865
2142,DATA_20260206_130000.BIN,4.7314,7.7462,1.7118,7.7462,2.3100,1,5.839,5.856
2143,DATA_20260206_130000.BIN,1.7118,5.4353,2.0203,5.4353,1.1990,1,1.858,3.032
2144,DATA_20260206_130000.BIN,2.0203,8.0434,0.1944,8.0434,1.4850,1,1.564,4.285
2145,DATA_20260206_130000.BIN,0.6708,7.2277,1.6719,7.2277,2.7940,1,1.374,1.853
2146,DATA_20260206_130000.BIN,1.6719,6.4860,1.2700,6.4860,1.3860,1,2.372,2.953
2147,DATA_20260206_130000.BIN,1.2700,5.3282,0.8514,5.3282,1.2210,1,2.194,2.336
2148,DATA_20260206_130000.BIN,2.1921,6.7658,0.2985,6.7658,3.7620,1,2.922,6.708
2149,DATA_20260206_130000.BIN,0.2985,18.8714,6.4843,18.8714,3.5420,1,1.452,1.473
2150,DATA_20260206_130000.BIN,6.4843,26.9330,20.9871,26.9330,2.5520,1,6.510,8.279
2151,DATA_20260206_130000.BIN,20.9871,30.8749,24.9520,30.8749,2.4090,1,24.109,28.529
2152,DATA_20260206_130000.BIN,24.9520,27.8076,12.3230,27.8076,2.5300,1,27.555,28.018
2153,DATA_20260206_130000.BIN,2.0583,27.7568,22.8787,27.7568,5.1480,1,7.940,8.486
2154,DATA_20260206_130000.BIN,22.8787,31.8189,25.3220,31.8189,2.5630,1,23.325,26.310
2155,DATA_20260206_130000.BIN,25.3220,33.6181,20.6493,33.6181,7.0730,1,22.894,23.968
2156,DATA_20260206_130000.BIN,20.6493,33.7492,24.6483,33.7492,4.0260,1,16.536,19.759
2157,DATA_20260206_130000.BIN,24.6483,29.6102,25.8409,29.6102,3.8390,1,18.404,19.044
2158,DATA_20260206_130000.BIN,14.9442,22.4474,15.5761,22.4474,1.0670,1,5.954,12.685
2159,DATA_20260206_130000.BIN,26.4129,30.4721,28.2754,30.4721,2.6730,1,17.929,20.407
2160,DATA_20260206_130000.BIN,29.1659,33.4590,18.5570,33.4590,2.7060,1,19.589,19.589
2161,DATA_20260206_130000.BIN,18.5570,27.0285,21.1644,27.0285,3.9710,1,7.725,10.900
2162,DATA_20260206_130000.BIN,21.0804,36.1664,27.5235,36.1664,4.9060,1,11.909,13.739
2163,DATA_20260206_130000.BIN,26.7840,32.7383,28.3657,32.7383,2.1780,1,13.537,13.537
2164,DATA_20260206_130000.BIN,25.7880,33.2198,24.1984,33.2198,3.2890,1,11.163,11.192
2165,DATA_20260206_130000.BIN,26.3656,28.7599,19.7993,28.7599,5.5110,1,10.562,10.630
2166,DATA_20260206_130000.BIN,19.7993,31.3409,26.3796,31.3409,6.4350,1,3.434,4.141
2167,DATA_20260206_130000.BIN,19.4591,26.1339,22.5564,26.1339,2.2550,1,2.724,4.563
2168,DATA_20260206_130000.BIN,23.8211,29.1051,18.4571,29.1051,4.5540,1,7.782,8.446
2169,DATA_20260206_130000.BIN,23.9759,43.6268,15.4962,43.6268,4.5430,1,6.092,7.793
2170,DATA_20260206_130000.BIN,15.4962,22.7585,2.8473,22.7585,2.6070,1,32.281,34.571
2171,DATA_20260206_130000.BIN,2.8473,8.3131,4.0927,8.3131,1.1770,1,20.414,21.875
2172,DATA_20260206_130000.BIN,4.0927,6.8332,3.3709,6.8332,1.8370,1,16.687,19.681
2173,DATA_20260206_130000.BIN,3.3709,29.9490,6.9993,29.9490,8.8220,1,14.313,16.484
2174,DATA_20260206_130000.BIN,6.9993,12.5764,6.9720,12.5764,1.2100,1,18.665,20.777
2175,DATA_20260206_130000.BIN,6.9720,11.5786,5.6066,11.5786,1.1000,1,8.921,12.733
2176,DATA_20260206_130000.BIN,5.6066,13.2121,5.7225,13.2121,2.8380,1,10.275,16.047
2177,DATA_20260206_130000.BIN,5.7225,13.4399,3.4750,13.4399,4.3450,1,12.947,15.804
2178,DATA_20260206_130000.BIN,3.4750,28.5342,0.4259,28.5342,4.9060,1,8.202,9.695
2179,DATA_20260206_130000.BIN,0.4259,17.9439,5.5099,17.9439,4.1140,1,10.911,11.092
2180,DATA_20260206_130000.BIN,5.5099,28.2732,13.6486,28.2732,4.4990,1,8.926,9.757
2181,DATA_20260206_130000.BIN,13.6486,28.5244,5.3232,28.5244,3.5200,1,13.368,14.665
2182,DATA_20260206_130000.BIN,5.3232,11.5770,4.0593,11.5770,1.2210,1,8.129,8.954
2183,DATA_20260206_130000.BIN,4.0593,11.4651,2.2341,11.4651,1.2320,1,5.227,5.800
2184,DATA_20260206_130000.BIN,2.2341,10.8603,2.0772,10.8603,1.2100,1,5.697,5.925
2185,DATA_20260206_130000.BIN,2.0772,12.2024,5.9885,12.2024,1.1880,1,5.544,5.702
2186,DATA_20260206_130000.BIN,5.9885,11.7291,7.3317,11.7291,4.2460,1,5.535,7.102
2187,DATA_20260206_130000.BIN,7.3317,30.2387,26.1565,30.2387,2.8820,1,2.139,2.244
2188,DATA_20260206_130000.BIN,26.1565,29.9749,4.1954,29.9749,4.9720,1,45.129,46.974
2189,DATA_20260206_130000.BIN,9.7758,12.9695,6.5113,12.9695,1.4960,1,5.764,6.007
2190,DATA_20260206_130000.BIN,6.5113,11.4443,8.1934,11.4443,1.4630,1,1.613,2.204
2191,DATA_20260206_130000.BIN,8.1934,13.4585,3.9564,13.4585,3.8170,1,5.661,6.417
2192,DATA_20260206_130000.BIN,16.8846,19.8550,9.7355,19.8550,9.0750,1,14.502,16.368
2193,DATA_20260206_130000.BIN,4.8054,8.9770,2.6213,8.9770,1.1660,1,7.994,8.227
2194,DATA_20260206_130000.BIN,2.6213,10.2597,2.2094,10.2597,1.3860,1,7.874,8.072
2195,DATA_20260206_130000.BIN,2.2094,7.7061,2.3080,7.7061,1.1770,1,8.541,8.569
2196,DATA_20260206_130000.BIN,2.3080,12.3127,7.9397,12.3127,1.5950,1,6.058,6.114
2197,DATA_20260206_130000.BIN,7.9397,15.3310,8.9574,15.3310,1.4080,1,2.816,4.722
2198,DATA_20260206_130000.BIN,8.9574,26.2494,8.4256,26.2494,5.0600,1,3.695,5.116
2199,DATA_20260206_130000.BIN,14.0980,29.0154,11.2153,29.0154,4.0480,1,14.167,14.923
2200,DATA_20260206_130000.BIN,11.2153,15.2108,2.8639,15.2108,1.3200,1,7.745,8.567
2201,DATA_20260206_130000.BIN,2.8639,24.4233,4.7831,24.4233,4.6200,1,5.495,6.124
2202,DATA_20260206_130000.BIN,0.4167,10.4909,4.5272,10.4909,1.3750,1,6.566,6.605
2203,DATA_20260206_130000.BIN,4.5272,26.6435,1.3501,26.6435,4.1470,1,3.674,3.858
2204,DATA_20260206_130000.BIN,1.3501,24.8699,4.0749,24.8699,3.2340,1,5.642,5.803
2205,DATA_20260206_130000.BIN,4.0749,11.4041,4.4437,11.4041,0.8800,1,1.910,2.915
2206,DATA_20260206_130000.BIN,4.4437,26.6658,5.4014,26.6658,3.4760,1,1.203,1.664
2207,DATA_20260206_130000.BIN,5.4014,16.2250,7.9346,16.2250,4.6420,1,4.035,4.048
2208,DATA_20260206_130000.BIN,7.9346,17.8049,6.1275,17.8049,8.3600,1,4.651,4.844
2209,DATA_20260206_130000.BIN,6.1275,14.8879,6.1537,14.8879,1.1440,1,4.488,4.527
2210,DATA_20260206_130000.BIN,6.1537,12.7725,6.5866,12.7725,1.1000,1,4.335,4.451
2211,DATA_20260206_130000.BIN,6.5866,27.0391,5.6152,27.0391,3.6190,1,8.267,8.768
2212,DATA_20260206_130000.BIN,5.6152,13.6846,4.0814,13.6846,1.4960,1,2.557,2.557
2213,DATA_20260206_130000.BIN,4.0814,10.0686,4.4446,10.0686,1.6610,1,2.845,2.846
2214,DATA_20260206_130000.BIN,4.4446,14.5774,6.3982,14.5774,2.2000,1,3.533,4.070
2215,DATA_20260206_130000.BIN,6.3982,10.5320,1.1942,10.5320,1.7820,1,1.625,2.170
2216,DATA_20260206_130000.BIN,1.1942,10.2989,0.8184,10.2989,1.2760,1,6.094,6.442
2217,DATA_20260206_130000.BIN,0.8184,11.9394,2.1275,11.9394,2.9810,1,4.604,4.621
2218,DATA_20260206_140000.BIN,2.4252,14.3133,3.4524,14.3133,7.0180,1,1.816,1.857
2219,DATA_20260206_140000.BIN,1.9124,8.3559,3.1669,8.3559,2.8270,1,2.653,3.043
2220,DATA_20260206_140000.BIN,3.1669,22.6090,5.8035,22.6090,4.4440,1,3.350,4.262
2221,DATA_20260206_140000.BIN,5.8035,27.3953,15.0746,27.3953,3.7730,1,8.644,9.527
2222,DATA_20260206_140000.BIN,17.9110,28.4374,19.2033,28.4374,4.9940,1,22.856,27.088
2223,DATA_20260206_140000.BIN,18.1040,30.0999,3.8925,30.0999,6.5670,1,22.166,22.510
2224,DATA_20260206_140000.BIN,3.8925,13.9112,8.5471,13.9112,1.4630,1,3.521,3.521
2225,DATA_20260206_140000.BIN,8.5471,13.8082,6.5452,13.8082,1.2540,1,8.414,8.631
2226,DATA_20260206_140000.BIN,6.5452,19.3834,3.6747,19.3834,2.3320,1,5.072,5.331
2227,DATA_20260206_140000.BIN,3.6747,9.9734,1.6102,9.9734,1.2760,1,1.294,4.390
2228,DATA_20260206_140000.BIN,1.6102,13.8459,0.4513,13.8459,1.7820,1,2.294,2.544
2229,DATA_20260206_140000.BIN,0.4513,23.5961,2.7508,23.5961,6.8640,1,3.485,3.488
2230,DATA_20260206_140000.BIN,2.7508,13.4672,7.2827,13.4672,1.3420,1,1.355,10.633
2231,DATA_20260206_140000.BIN,7.2827,14.4061,2.1001,14.4061,1.5730,1,5.939,5.997
2232,DATA_20260206_140000.BIN,2.1001,8.2469,3.5892,8.2469,1.9250,1,1.390,1.391
2233,DATA_20260206_140000.BIN,4.6793,12.3458,2.4808,12.3458,4.7960,1,7.277,7.293
2234,DATA_20260206_140000.BIN,2.4808,10.8414,0.7297,10.8414,7.3150,1,5.041,5.100
2235,DATA_20260206_140000.BIN,0.9294,10.4564,0.8521,10.4564,1.7710,1,2.738,2.771
2236,DATA_20260206_140000.BIN,0.8521,12.1604,5.0378,12.1604,3.0360,1,0.736,6.619
2237,DATA_20260206_140000.BIN,5.0378,13.7344,2.3450,13.7344,3.6190,1,7.179,7.651
2238,DATA_20260206_140000.BIN,0.9401,7.1315,1.3216,7.1315,1.3860,1,0.941,2.843
2239,DATA_20260206_140000.BIN,2.1378,8.2496,3.7918,8.2496,1.2320,1,2.552,2.958
2240,DATA_20260206_140000.BIN,3.7918,10.7074,1.3202,10.7074,1.5290,1,3.573,4.907
2241,DATA_20260206_140000.BIN,1.3202,8.6740,3.0191,8.6740,2.4200,1,1.360,2.191
2242,DATA_20260206_140000.BIN,3.0191,11.7956,2.1675,11.7956,1.5950,1,2.163,2.296
2243,DATA_20260206_140000.BIN,2.1675,10.9338,2.4267,10.9338,5.5880,1,0.904,1.706
2244,DATA_20260206_140000.BIN,0.9282,42.4675,27.5676,42.4675,4.9830,1,1.862,4.500
2245,DATA_20260206_140000.BIN,27.5676,40.6953,7.0260,40.6953,2.6510,1,32.114,32.203
2246,DATA_20260206_140000.BIN,7.0260,22.8761,15.2250,22.8761,6.0830,1,9.306,9.446
2247,DATA_20260206_140000.BIN,15.2250,30.5265,9.6375,30.5265,3.2890,1,16.223,16.224
2248,DATA_20260206_140000.BIN,9.6375,16.2504,9.4895,16.2504,2.4750,1,7.233,8.925
2249,DATA_20260206_140000.BIN,9.4895,18.7503,11.9845,18.7503,2.2110,1,5.914,6.105
2250,DATA_20260206_140000.BIN,11.9845,22.1000,6.5596,22.1000,6.7320,1,12.091,14.185
2251,DATA_20260206_140000.BIN,6.5596,11.8591,6.2391,11.8591,1.5950,1,9.344,10.393
2252,DATA_20260206_140000.BIN,9.2268,18.3738,5.3429,18.3738,2.4200,1,6.052,6.110
2253,DATA_20260206_140000.BIN,5.3429,17.9228,6.3164,17.9228,2.4090,1,2.081,2.590
2254,DATA_20260206_140000.BIN,4.5680,45.6595,1.2419,45.6595,5.4120,1,5.471,5.543
2255,DATA_20260206_140000.BIN,1.2419,11.5573,2.6159,11.5573,2.2330,1,7.047,7.219
2256,DATA_20260206_140000.BIN,2.6159,8.2292,1.9213,8.2292,2.3100,1,8.183,8.505
2257,DATA_20260206_140000.BIN,1.9213,9.4532,2.1893,9.4532,2.4640,1,6.640,6.640
2258,DATA_20260206_140000.BIN,2.1893,43.5347,5.5733,43.5347,4.4990,1,4.479,4.509
2259,DATA_20260206_140000.BIN,7.3893,12.6884,1.8415,12.6884,2.1340,1,5.761,6.906
2260,DATA_20260206_140000.BIN,9.6291,19.2757,7.4369,19.2757,2.5520,1,8.030,8.176
2261,DATA_20260206_140000.BIN,7.4369,16.5818,0.8747,16.5818,1.4080,1,6.482,6.705
2262,DATA_20260206_140000.BIN,0.8747,9.3682,0.9916,9.3682,1.4190,1,3.620,3.677
2263,DATA_20260206_140000.BIN,0.9916,7.6896,2.6988,7.6896,1.1330,1,5.507,6.024
2264,DATA_20260206_140000.BIN,2.0948,23.8515,0.7442,23.8515,8.0740,1,5.932,6.157
2265,DATA_20260206_140000.BIN,0.7442,7.5492,3.6962,7.5492,2.5850,1,4.095,4.541
2266,DATA_20260206_140000.BIN,3.6962,8.3525,2.0512,8.3525,1.6610,1,4.189,4.969
2267,DATA_20260206_140000.BIN,2.0512,8.1150,0.2252,8.1150,3.4870,1,5.019,5.039
2268,DATA_20260206_140000.BIN,0.2252,5.7690,2.4617,5.7690,3.7180,1,2.508,2.560
2269,DATA_20260206_140000.BIN,2.4617,17.6258,1.7780,17.6258,5.4560,1,3.126,3.693
2270,DATA_20260206_140000.BIN,1.7780,16.4905,1.3101,16.4905,2.3210,1,3.812,3.812
2271,DATA_20260206_140000.BIN,3.1579,7.9926,2.5415,7.9926,1.2100,1,4.979,4.992
2272,DATA_20260206_140000.BIN,1.8203,7.3842,2.2128,7.3842,5.6870,1,2.800,3.374
2273,DATA_20260206_140000.BIN,1.4155,6.7052,1.3555,6.7052,5.7310,1,2.293,4.947
2274,DATA_20260206_140000.BIN,1.2941,7.2584,1.9448,7.2584,3.5970,1,2.283,2.614
2275,DATA_20260206_140000.BIN,1.9448,7.4539,0.4072,7.4539,2.7500,1,2.705,3.299
2276,DATA_20260206_140000.BIN,0.4072,18.8520,2.4270,18.8520,4.1910,1,0.228,1.097
2277,DATA_20260206_140000.BIN,2.4270,11.0749,6.0892,11.0749,1.6060,1,2.983,3.277
2278,DATA_20260206_140000.BIN,6.0892,12.0228,3.3875,12.0228,1.9250,1,7.031,7.171
2279,DATA_20260206_140000.BIN,3.3875,8.1393,1.5404,8.1393,2.4420,1,3.357,4.349
2280,DATA_20260206_140000.BIN,0.8785,8.5248,1.1424,8.5248,3.3440,1,1.592,2.902
2281,DATA_20260206_140000.BIN,1.1424,8.2733,1.5688,8.2733,3.3880,1,1.552,3.099
2282,DATA_20260206_140000.BIN,1.5688,9.1701,2.7554,9.1701,3.2890,1,1.981,1.993
2283,DATA_20260206_140000.BIN,2.7554,8.0640,1.6140,8.0640,2.1010,1,2.980,3.033
2284,DATA_20260206_140000.BIN,3.8943,13.5831,5.4337,13.5831,2.3430,1,5.432,9.231
2285,DATA_20260206_140000.BIN,5.4337,12.2439,1.6132,12.2439,3.4760,1,6.489,8.047
2286,DATA_20260206_140000.BIN,1.6132,34.7565,2.6136,34.7565,4.0920,1,2.161,2.161
2287,DATA_20260206_140000.BIN,2.6136,24.5004,4.1085,24.5004,8.5800,1,2.768,3.245
2288,DATA_20260206_140000.BIN,4.1085,35.7104,3.7250,35.7104,3.3330,1,4.026,4.604
2289,DATA_20260206_140000.BIN,3.7250,8.0943,2.1116,8.0943,2.9260,1,5.380,5.898
2290,DATA_20260206_140000.BIN,2.1116,9.9788,1.5878,9.9788,1.3530,1,2.722,5.085
2291,DATA_20260206_140000.BIN,8.7199,15.7916,7.6804,15.7916,2.1560,1,10.458,10.530
2292,DATA_20260206_140000.BIN,7.6804,12.1255,6.5288,12.1255,2.5190,1,8.302,9.272
2293,DATA_20260206_140000.BIN,6.5288,16.1528,3.7328,16.1528,1.4850,1,6.225,6.619
2294,DATA_20260206_140000.BIN,3.7328,18.9010,1.8794,18.9010,6.2810,1,2.608,4.422
2295,DATA_20260206_140000.BIN,1.8794,12.8612,1.9990,12.8612,1.3970,1,2.362,2.805
2296,DATA_20260206_140000.BIN,1.9990,8.0950,2.6049,8.0950,1.3200,1,2.551,2.907
2297,DATA_20260206_140000.BIN,2.6049,13.2646,4.3699,13.2646,4.6420,1,4.376,4.397
2298,DATA_20260206_140000.BIN,4.3699,7.8748,2.0487,7.8748,2.1450,1,3.926,4.324
2299,DATA_20260206_140000.BIN,2.0487,13.1968,9.0163,13.1968,2.3430,1,0.650,2.662
2300,DATA_20260206_140000.BIN,9.0163,23.1474,3.4602,23.1474,5.2030,1,8.992,9.215
2301,DATA_20260206_140000.BIN,3.4602,11.7309,2.0659,11.7309,1.2100,1,2.913,2.926
2302,DATA_20260206_140000.BIN,0.2184,10.2445,3.7129,10.2445,3.1350,1,2.630,4.087
2303,DATA_20260206_140000.BIN,0.9920,7.1458,2.8935,7.1458,2.3650,1,3.692,5.422
2304,DATA_20260206_140000.BIN,2.8935,7.5525,1.3586,7.5525,2.6730,1,2.805,2.900
2305,DATA_20260206_140000.BIN,1.3586,8.3916,0.5400,8.3916,3.1790,1,0.401,2.471
2306,DATA_20260206_140000.BIN,2.7325,15.5990,1.1918,15.5990,6.0830,1,4.760,4.834
2307,DATA_20260206_140000.BIN,1.1918,10.7521,4.3397,10.7521,1.2430,1,2.221,2.247
2308,DATA_20260206_140000.BIN,4.8853,10.0323,3.0034,10.0323,3.8830,1,4.890,7.419
2309,DATA_20260206_140000.BIN,3.0034,12.8593,1.2714,12.8593,1.1770,1,1.869,5.457
2310,DATA_20260206_140000.BIN,1.2714,16.1320,2.3519,16.1320,5.1920,1,0.460,1.481
2311,DATA_20260206_140000.BIN,2.3519,10.6525,4.9171,10.6525,6.1050,1,2.407,2.596
2312,DATA_20260206_140000.BIN,4.9171,8.3080,0.7631,8.3080,5.3020,1,5.978,7.542
2313,DATA_20260206_140000.BIN,0.7631,7.7034,3.6954,7.7034,3.0360,1,2.050,2.521
2314,DATA_20260206_140000.BIN,3.6954,8.6939,3.5347,8.6939,2.1340,1,3.282,4.207
2315,DATA_20260206_140000.BIN,3.5347,11.2303,2.3565,11.2303,2.2990,1,5.106,6.254
2316,DATA_20260206_140000.BIN,2.3565,10.6554,0.3346,10.6554,2.0240,1,3.893,3.952
2317,DATA_20260206_140000.BIN,5.0001,9.2922,1.6913,9.2922,6.4130,1,4.788,5.160
2318,DATA_20260206_140000.BIN,5.0979,17.3976,3.9039,17.3976,4.4660,1,6.724,6.761
2319,DATA_20260206_140000.BIN,3.9039,11.5087,5.0690,11.5087,1.1110,1,5.615,5.868
2320,DATA_20260206_140000.BIN,5.0690,13.0144,7.0731,13.0144,1.8920,1,6.344,10.229
2321,DATA_20260206_140000.BIN,1.3624,9.7065,3.6073,9.7065,2.2660,1,2.058,3.518
2322,DATA_20260206_140000.BIN,24.2312,29.9849,24.6640,29.9849,2.0240,1,29.588,29.750
2323,DATA_20260206_140000.BIN,1.8984,7.8013,0.6737,7.8013,4.4440,1,4.781,5.469
2324,DATA_20260206_140000.BIN,0.6737,13.5977,0.9109,13.5977,1.8260,1,2.855,2.881
2325,DATA_20260206_140000.BIN,0.9109,9.9828,2.9046,9.9828,2.9040,1,2.714,3.226
2326,DATA_20260206_140000.BIN,2.9046,9.9380,2.2014,9.9380,2.2660,1,1.659,4.014
2327,DATA_20260206_140000.BIN,2.2014,11.0714,1.5376,11.0714,2.8490,1,2.427,3.629
2328,DATA_20260206_140000.BIN,1.5376,18.9572,2.8035,18.9572,4.7960,1,1.576,6.400
2329,DATA_20260206_140000.BIN,2.8035,8.7312,1.3200,8.7312,1.7930,1,2.860,8.696
2330,DATA_20260206_140000.BIN,1.3200,10.0662,2.7366,10.0662,2.0570,1,2.513,7.552
2331,DATA_20260206_140000.BIN,2.7366,8.5427,1.9011,8.5427,1.5840,1,3.732,4.890
2332,DATA_20260206_140000.BIN,1.9011,10.4298,1.3204,10.4298,2.1120,1,2.703,2.792
2333,DATA_20260206_140000.BIN,1.3204,9.0220,2.4274,9.0220,1.1880,1,2.587,2.614
2334,DATA_20260206_140000.BIN,7.7936,13.1172,5.2517,13.1172,4.8840,1,8.313,8.315
2335,DATA_20260206_140000.BIN,9.0781,16.7044,1.9402,16.7044,4.6860,1,9.117,9.852
2336,DATA_20260206_140000.BIN,1.9402,11.6331,0.1614,11.6331,1.7490,1,1.914,2.014
2337,DATA_20260206_140000.BIN,0.1614,13.4953,4.7859,13.4953,2.9810,1,2.188,2.209
2338,DATA_20260206_140000.BIN,4.7859,9.6350,0.9335,9.6350,1.8370,1,5.557,5.576
2339,DATA_20260206_140000.BIN,9.9069,21.5190,4.4008,21.5190,3.8720,1,9.721,11.602
2340,DATA_20260206_140000.BIN,4.4008,50.6299,0.7044,50.6299,8.1620,1,5.039,5.403
2341,DATA_20260206_140000.BIN,3.4827,13.7594,7.6993,13.7594,4.8620,1,3.225,3.712
2342,DATA_20260206_140000.BIN,0.7628,6.6933,0.9896,6.6933,5.8300,1,2.098,2.633
2343,DATA_20260206_140000.BIN,0.9896,6.7451,1.2392,6.7451,1.4960,1,3.572,4.327
2344,DATA_20260206_140000.BIN,1.2392,11.4261,3.0665,11.4261,1.6940,1,3.563,4.894
2345,DATA_20260206_140000.BIN,3.0665,9.1169,3.3636,9.1169,2.2110,1,5.219,6.212
2346,DATA_20260206_140000.BIN,3.3636,6.8646,2.8681,6.8646,2.7060,1,4.435,4.499
2347,DATA_20260206_140000.BIN,2.5589,10.2417,1.3797,10.2417,1.9800,1,2.507,3.137
2348,DATA_20260206_140000.BIN,1.3797,9.0056,2.0376,9.0056,1.4740,1,0.502,1.411
2349,DATA_20260206_140000.BIN,2.0376,11.1096,4.4847,11.1096,1.5180,1,2.906,4.487
2350,DATA_20260206_140000.BIN,4.4847,11.5724,2.4667,11.5724,1.2870,1,6.255,6.287
2351,DATA_20260206_140000.BIN,2.4667,12.3278,3.2054,12.3278,1.4190,1,3.518,3.817
2352,DATA_20260206_140000.BIN,3.2054,9.8571,1.1214,9.8571,1.5290,1,3.792,3.932
2353,DATA_20260206_140000.BIN,1.1214,12.8095,3.0230,12.8095,1.6610,1,0.945,0.953
2354,DATA_20260206_140000.BIN,3.0230,22.5427,5.0986,22.5427,2.1560,1,3.157,3.670
2355,DATA_20260206_140000.BIN,5.0986,16.8617,12.8685,16.8617,2.3870,1,5.081,8.811
2356,DATA_20260206_140000.BIN,12.8685,18.9989,1.6036,18.9989,5.5220,1,15.185,17.176
2357,DATA_20260206_140000.BIN,1.6036,17.2070,2.6866,17.2070,1.9800,1,3.148,5.598
2358,DATA_20260206_140000.BIN,2.6866,11.3026,4.2990,11.3026,3.9600,1,3.277,3.385
2359,DATA_20260206_140000.BIN,5.1054,11.2398,3.2957,11.2398,6.9300,1,4.630,6.271
2360,DATA_20260206_140000.BIN,5.1772,10.0855,0.5569,10.0855,1.8590,1,5.303,6.553
2361,DATA_20260206_140000.BIN,0.5569,24.4133,3.4740,24.4133,3.0910,1,2.528,4.447
2362,DATA_20260206_140000.BIN,3.4740,26.7021,18.8617,26.7021,6.2590,1,4.847,8.698
2363,DATA_20260206_140000.BIN,18.8617,31.5877,5.5292,31.5877,5.0930,1,21.711,21.916
2364,DATA_20260206_150000.BIN,9.9858,20.7342,9.9974,20.7342,1.6500,1,46.162,46.882
2365,DATA_20260206_150000.BIN,9.9974,17.9899,11.5259,17.9899,1.1990,1,41.423,44.248
2366,DATA_20260206_150000.BIN,11.5259,18.4768,4.8398,18.4768,2.3650,1,31.064,33.921
2367,DATA_20260206_150000.BIN,4.8398,11.2702,1.9673,11.2702,1.1440,1,28.863,30.437
2368,DATA_20260206_150000.BIN,1.9673,13.9480,2.9604,13.9480,3.1790,1,24.523,26.002
2369,DATA_20260206_150000.BIN,2.9604,10.2131,2.1374,10.2131,4.0040,1,26.872,28.809
2370,DATA_20260206_150000.BIN,2.1374,8.3336,3.0162,8.3336,3.2340,1,22.024,22.533
2371,DATA_20260206_150000.BIN,1.2553,8.4541,2.0022,8.4541,5.5990,1,18.174,18.541
2372,DATA_20260206_150000.BIN,4.3480,13.0149,5.0287,13.0149,2.8380,1,12.409,13.584
2373,DATA_20260206_150000.BIN,5.0287,16.4677,2.9377,16.4677,4.8950,1,25.786,27.226
2374,DATA_20260206_150000.BIN,2.9377,15.4874,6.3164,15.4874,1.7490,1,13.797,13.804
2375,DATA_20260206_150000.BIN,6.3164,12.0899,5.3160,12.0899,1.6940,1,6.227,9.680
2376,DATA_20260206_150000.BIN,5.3160,11.3519,1.5623,11.3519,4.4550,1,8.283,9.852
2377,DATA_20260206_150000.BIN,0.2783,8.5191,3.0074,8.5191,3.2780,1,14.052,17.071
2378,DATA_20260206_150000.BIN,3.0074,6.7529,0.8076,6.7529,2.5850,1,9.154,12.729
2379,DATA_20260206_150000.BIN,0.8076,9.0043,1.4478,9.0043,2.9040,1,9.938,11.409
2380,DATA_20260206_150000.BIN,1.4478,10.1789,1.2476,10.1789,2.2550,1,12.247,13.470
2381,DATA_20260206_150000.BIN,1.2476,20.1876,7.7285,20.1876,7.4250,1,8.754,8.781
2382,DATA_20260206_150000.BIN,7.7285,20.9466,1.7130,20.9466,2.5190,1,97.299,98.084
2383,DATA_20260206_150000.BIN,0.5319,10.5781,3.0088,10.5781,3.6190,1,5.517,5.950
2384,DATA_20260206_150000.BIN,3.2756,16.0276,1.4817,16.0276,2.0460,1,9.367,9.881
2385,DATA_20260206_150000.BIN,1.4817,8.3196,2.0517,8.3196,5.1700,1,2.762,3.611
2386,DATA_20260206_150000.BIN,2.9266,8.5801,0.4129,8.5801,3.7840,1,0.651,2.727
2387,DATA_20260206_150000.BIN,1.5329,13.5091,2.7309,13.5091,2.7390,1,2.366,3.052
2388,DATA_20260206_150000.BIN,2.7309,7.1193,0.7917,7.1193,6.8530,1,2.805,3.829
2389,DATA_20260206_150000.BIN,0.7917,14.2774,2.9192,14.2774,5.4120,1,2.229,3.248
2390,DATA_20260206_150000.BIN,2.9192,9.9565,0.5981,9.9565,6.5560,1,5.265,5.515
2391,DATA_20260206_150000.BIN,0.5981,19.2317,0.9029,19.2317,7.0510,1,1.977,3.937
2392,DATA_20260206_150000.BIN,0.9029,12.5675,1.3738,12.5675,2.4640,1,2.519,2.698
2393,DATA_20260206_150000.BIN,1.7478,15.1984,3.1522,15.1984,3.3110,1,7.189,12.147
2394,DATA_20260206_150000.BIN,3.1522,9.7894,2.6688,9.7894,9.1630,1,4.797,4.886
2395,DATA_20260206_150000.BIN,8.5895,13.1688,10.1641,13.1688,1.6170,1,11.281,11.764
2396,DATA_20260206_150000.BIN,10.1641,13.8339,4.7688,13.8339,2.2000,1,13.738,13.794
2397,DATA_20260206_150000.BIN,4.7688,11.7460,3.8030,11.7460,3.8940,1,4.269,4.712
2398,DATA_20260206_150000.BIN,3.8030,13.0577,3.9269,13.0577,3.4430,1,9.262,11.000
2399,DATA_20260206_150000.BIN,3.8694,14.1930,2.3747,14.1930,6.2590,1,12.002,12.862
2400,DATA_20260206_150000.BIN,2.3747,7.3996,2.7699,7.3996,2.4750,1,4.508,5.346
2401,DATA_20260206_150000.BIN,2.9829,8.4552,3.3434,8.4552,3.9380,1,5.588,6.320
2402,DATA_20260206_150000.BIN,3.3434,6.1820,0.8745,6.1820,1.8810,1,3.239,3.289
2403,DATA_20260206_150000.BIN,4.3009,12.2226,3.9751,12.2226,2.8710,1,6.574,6.793
2404,DATA_20260206_150000.BIN,3.9751,11.2006,1.7148,11.2006,1.6280,1,11.530,13.353
2405,DATA_20260206_150000.BIN,1.7148,8.0479,0.6097,8.0479,2.5740,1,4.870,6.465
2406,DATA_20260206_150000.BIN,1.2695,11.7354,0.9226,11.7354,5.2140,1,5.487,6.166
2407,DATA_20260206_150000.BIN,0.9226,12.3154,2.3019,12.3154,5.3570,1,5.482,8.456
2408,DATA_20260206_150000.BIN,4.6381,14.5059,7.0099,14.5059,2.8050,1,7.201,7.790
2409,DATA_20260206_150000.BIN,7.0099,10.5536,2.0266,10.5536,5.9400,1,8.583,8.840
2410,DATA_20260206_150000.BIN,2.0266,6.1691,2.6442,6.1691,3.5310,1,0.699,1.280
2411,DATA_20260206_150000.BIN,2.6442,22.1511,3.2512,22.1511,8.5800,1,2.474,4.228
2412,DATA_20260206_150000.BIN,3.2512,12.2389,3.2919,12.2389,9.8450,1,1.119,3.672
2413,DATA_20260206_150000.BIN,3.2919,6.7780,1.4575,6.7780,3.1460,1,3.174,3.232
2414,DATA_20260206_150000.BIN,1.4951,8.3778,3.4426,8.3778,4.0810,1,2.948,6.654
2415,DATA_20260206_150000.BIN,1.3002,6.9622,0.5956,6.9622,3.0910,1,6.224,7.599
2416,DATA_20260206_150000.BIN,0.5956,12.9000,3.0580,12.9000,4.8070,1,3.960,5.799
2417,DATA_20260206_150000.BIN,3.0580,8.5748,1.8546,8.5748,2.4310,1,4.794,5.011
2418,DATA_20260206_150000.BIN,1.4905,10.7651,2.5904,10.7651,2.2330,1,3.396,3.425
2419,DATA_20260206_150000.BIN,2.5904,13.1458,4.0160,13.1458,4.7410,1,2.746,3.007
2420,DATA_20260206_150000.BIN,4.0160,8.9898,2.6916,8.9898,3.2890,1,8.684,9.780
2421,DATA_20260206_150000.BIN,2.6916,15.4676,3.1130,15.4676,3.3880,1,3.667,4.195
2422,DATA_20260206_150000.BIN,3.1130,10.3041,3.9600,10.3041,1.4080,1,7.011,9.416
2423,DATA_20260206_150000.BIN,3.9600,11.2708,4.7672,11.2708,1.2760,1,4.485,5.553
2424,DATA_20260206_150000.BIN,4.7672,15.4656,0.6578,15.4656,4.6310,1,6.544,6.832
2425,DATA_20260206_150000.BIN,0.6578,14.4629,0.5282,14.4629,2.8380,1,2.906,3.259
2426,DATA_20260206_150000.BIN,0.5282,8.7792,1.8840,8.7792,4.4550,1,4.400,6.115
2427,DATA_20260206_150000.BIN,1.8840,6.4081,0.6465,6.4081,1.6170,1,4.497,4.525
2428,DATA_20260206_150000.BIN,0.6465,17.0976,0.9657,17.0976,3.1570,1,0.885,1.544
2429,DATA_20260206_150000.BIN,0.6433,14.8305,1.9157,14.8305,7.4910,1,3.386,4.499
2430,DATA_20260206_150000.BIN,1.7831,5.3189,1.1700,5.3189,4.1030,1,3.800,3.881
2431,DATA_20260206_150000.BIN,1.1700,17.3560,3.3032,17.3560,2.6510,1,2.263,2.295
2432,DATA_20260206_150000.BIN,0.9909,6.3042,2.1615,6.3042,1.5290,1,0.464,1.125
2433,DATA_20260206_150000.BIN,1.5419,10.5780,1.3203,10.5780,3.4760,1,3.723,4.483
2434,DATA_20260206_150000.BIN,1.3203,17.2278,2.6842,17.2278,1.7600,1,4.643,5.397
2435,DATA_20260206_150000.BIN,2.6842,15.7384,3.8129,15.7384,5.3790,1,2.006,3.030
2436,DATA_20260206_150000.BIN,3.8129,7.9644,1.4217,7.9644,1.4520,1,6.100,6.106
2437,DATA_20260206_150000.BIN,1.4217,18.5062,10.4545,18.5062,2.8270,1,1.561,2.096
2438,DATA_20260206_150000.BIN,10.4545,21.2165,9.3450,21.2165,1.5400,1,83.098,83.628
2439,DATA_20260206_150000.BIN,9.3450,18.4775,3.0005,18.4775,2.6180,1,76.766,77.245
2440,DATA_20260206_150000.BIN,3.0005,7.6537,1.5140,7.6537,1.8590,1,13.238,13.245
2441,DATA_20260206_150000.BIN,3.5364,14.3880,1.8598,14.3880,2.7940,1,10.770,11.488
2442,DATA_20260206_150000.BIN,1.8598,5.5978,1.2782,5.5978,2.1780,1,17.994,18.461
2443,DATA_20260206_150000.BIN,1.2782,9.1552,2.2813,9.1552,5.2690,1,10.664,10.676
2444,DATA_20260206_150000.BIN,2.2813,6.4610,0.7111,6.4610,2.0570,1,12.801,13.577
2445,DATA_20260206_150000.BIN,1.2707,19.1965,14.5284,19.1965,8.1290,1,13.176,14.065
2446,DATA_20260206_150000.BIN,14.5284,20.3390,8.2612,20.3390,6.2810,1,61.261,61.430
2447,DATA_20260206_150000.BIN,12.6697,20.7876,14.7094,20.7876,1.7050,1,32.153,32.493
2448,DATA_20260206_160000.BIN,0.4663,8.1540,1.0529,8.1540,7.6780,1,10.061,16.790
2449,DATA_20260206_160000.BIN,2.7388,7.4070,3.0443,7.4070,2.5080,1,6.039,10.171
2450,DATA_20260206_160000.BIN,6.0567,7.7325,5.4554,7.7325,8.6900,1,15.305,16.904
2451,DATA_20260206_160000.BIN,8.6948,10.3324,8.8401,10.3324,4.1140,1,16.986,17.024
2452,DATA_20260206_160000.BIN,2.8560,12.1906,7.8970,12.1906,1.1220,1,5.754,20.418
2453,DATA_20260206_160000.BIN,7.8970,12.7607,9.2099,12.7607,3.1790,1,8.476,11.506
2454,DATA_20260206_160000.BIN,9.2099,11.1115,9.5759,11.1115,3.3440,1,10.068,11.766
2455,DATA_20260206_160000.BIN,9.5759,11.6710,7.9709,11.6710,9.3390,1,9.655,11.066
2456,DATA_20260206_160000.BIN,7.9709,9.9970,8.7041,9.9970,9.3830,1,6.189,9.345
2457,DATA_20260206_160000.BIN,8.8603,10.3251,8.6764,10.3251,3.1350,1,6.664,9.586
2458,DATA_20260206_160000.BIN,8.6764,10.8553,8.9337,10.8553,6.0720,1,5.768,8.496
2459,DATA_20260206_160000.BIN,4.2773,41.0603,5.4293,41.0603,3.3770,1,2.233,11.879
2460,DATA_20260206_160000.BIN,5.4293,22.1752,14.9349,22.1752,1.5070,1,1.343,10.247
2461,DATA_20260206_160000.BIN,14.9349,17.7590,13.1543,17.7590,7.0290,1,13.392,14.787
2462,DATA_20260206_160000.BIN,16.6694,18.0264,16.6853,18.0264,3.0360,1,12.294,13.493
2463,DATA_20260206_160000.BIN,10.7860,13.2523,11.6352,13.2523,5.4120,1,5.089,5.100
2464,DATA_20260206_160000.BIN,11.6352,14.1975,12.5838,14.1975,3.3220,1,5.596,5.629
2465,DATA_20260206_170000.BIN,5.6072,16.5447,1.3577,16.5447,2.9370,1,49.101,56.339
2466,DATA_20260206_170000.BIN,1.3577,12.1568,4.1543,12.1568,3.6190,1,40.947,47.357
2467,DATA_20260206_170000.BIN,5.9206,15.5352,10.3811,15.5352,2.8490,1,35.600,39.588
2468,DATA_20260206_170000.BIN,10.3811,17.2048,10.1267,17.2048,5.7310,1,33.349,37.702
2469,DATA_20260206_170000.BIN,10.1267,20.0426,10.8825,20.0426,2.1230,1,31.176,32.720
2470,DATA_20260206_170000.BIN,10.8825,21.6118,15.0648,21.6118,2.4200,1,30.576,36.609
2471,DATA_20260206_170000.BIN,15.0648,19.6990,9.9791,19.6990,5.5000,1,27.376,28.689
2472,DATA_20260206_170000.BIN,11.6956,16.5341,4.1307,16.5341,5.4450,1,40.322,48.166
2473,DATA_20260206_170000.BIN,0.9138,16.0480,6.9451,16.0480,3.8720,1,22.135,23.677
2474,DATA_20260206_170000.BIN,10.4452,20.8178,12.8388,20.8178,2.5630,1,26.769,28.335
2475,DATA_20260206_170000.BIN,9.9112,16.0586,11.7985,16.0586,2.9810,1,12.682,13.270
2476,DATA_20260206_170000.BIN,10.9055,16.5692,10.4701,16.5692,6.6660,1,18.392,24.211
2477,DATA_20260206_170000.BIN,5.8069,22.7676,11.3054,22.7676,4.4770,1,15.930,18.126
2478,DATA_20260206_170000.BIN,11.3054,28.8226,18.7383,28.8226,2.4970,1,4.656,11.139
2479,DATA_20260206_170000.BIN,7.3016,14.1994,7.3614,14.1994,4.2240,1,8.882,12.433
2480,DATA_20260206_170000.BIN,7.3614,27.8729,4.0993,27.8729,3.6080,1,9.468,11.612
2481,DATA_20260206_170000.BIN,4.0993,15.2046,8.1072,15.2046,1.2210,1,8.656,11.100
2482,DATA_20260206_170000.BIN,6.6132,16.8030,9.3155,16.8030,1.4740,1,5.506,8.040
2483,DATA_20260206_170000.BIN,9.3155,15.8598,10.1279,15.8598,3.1350,1,6.777,11.027
2484,DATA_20260206_170000.BIN,10.1164,37.3103,3.4146,37.3103,1.9470,1,32.092,36.080
2485,DATA_20260206_170000.BIN,3.4146,24.6982,1.3589,24.6982,5.6320,1,5.204,10.001
2486,DATA_20260206_170000.BIN,1.3589,23.0451,6.2659,23.0451,7.7220,1,9.002,11.074
2487,DATA_20260206_170000.BIN,3.2157,12.4260,3.1578,12.4260,1.7710,1,13.778,21.364
2488,DATA_20260206_170000.BIN,3.1578,16.4179,5.9538,16.4179,1.9030,1,1.519,5.632
2489,DATA_20260206_170000.BIN,5.9538,10.5829,3.1739,10.5829,3.7840,1,5.566,12.595
2490,DATA_20260206_170000.BIN,3.1739,12.0068,4.8764,12.0068,3.9820,1,6.226,6.300
2491,DATA_20260206_170000.BIN,4.8764,12.9351,3.7614,12.9351,5.7530,1,16.908,21.228
2492,DATA_20260206_170000.BIN,5.2782,13.7111,3.6815,13.7111,5.1590,1,2.171,2.425
2493,DATA_20260206_170000.BIN,3.6815,19.7533,10.5702,19.7533,2.9370,1,4.991,5.044
2494,DATA_20260206_170000.BIN,10.5702,17.0984,8.8985,17.0984,3.9490,1,11.933,12.288
2495,DATA_20260206_170000.BIN,0.1579,16.0235,8.8684,16.0235,4.5320,1,5.121,5.826
2496,DATA_20260206_170000.BIN,8.8684,23.1173,12.4424,23.1173,8.0960,1,13.650,13.660
2497,DATA_20260206_170000.BIN,12.4424,21.6338,6.1652,21.6338,5.6760,1,12.877,13.086
2498,DATA_20260206_170000.BIN,6.1652,21.0575,5.0671,21.0575,2.6840,1,12.137,12.754
2499,DATA_20260206_170000.BIN,5.0671,14.2856,7.8360,14.2856,1.2650,1,3.184,3.564
2500,DATA_20260206_170000.BIN,7.8360,18.4606,4.6655,18.4606,1.3420,1,5.482,5.488
2501,DATA_20260206_170000.BIN,4.6655,14.0299,5.4863,14.0299,3.1790,1,3.128,3.485
2502,DATA_20260206_170000.BIN,5.4863,15.2128,2.5782,15.2128,5.5000,1,12.952,14.114
2503,DATA_20260206_170000.BIN,2.5782,18.6711,1.9158,18.6711,4.2900,1,6.752,7.431
2504,DATA_20260206_170000.BIN,1.9158,13.8101,6.4790,13.8101,2.0570,1,3.409,6.456
2505,DATA_20260206_170000.BIN,6.4790,16.2066,4.7563,16.2066,2.5740,1,7.254,7.832
2506,DATA_20260206_170000.BIN,4.7563,10.8277,2.3569,10.8277,1.3750,1,3.647,5.568
2507,DATA_20260206_170000.BIN,2.3569,14.8560,4.8120,14.8560,2.5300,1,8.085,11.414
2508,DATA_20260206_170000.BIN,4.8120,21.4798,16.3183,21.4798,5.6980,1,3.637,3.671
2509,DATA_20260206_170000.BIN,16.3183,21.8946,6.6756,21.8946,1.9140,1,17.343,17.529
2510,DATA_20260206_170000.BIN,6.6756,14.2898,7.3292,14.2898,3.3660,1,4.086,4.234
2511,DATA_20260206_170000.BIN,7.3292,19.1945,8.2928,19.1945,2.7500,1,13.793,15.048
2512,DATA_20260206_170000.BIN,8.2928,16.2888,0.9720,16.2888,1.4410,1,5.742,5.837
2513,DATA_20260206_170000.BIN,0.9720,16.0003,6.2494,16.0003,1.9690,1,5.671,6.012
2514,DATA_20260206_170000.BIN,6.2494,13.5263,5.9347,13.5263,2.6070,1,4.253,4.596
2515,DATA_20260206_170000.BIN,2.9577,11.1656,4.1900,11.1656,2.7940,1,5.107,5.740
2516,DATA_20260206_170000.BIN,7.9611,15.9819,8.8418,15.9819,1.6830,1,6.200,6.221
2517,DATA_20260206_170000.BIN,5.1396,14.1487,5.8640,14.1487,2.3210,1,2.916,4.974
2518,DATA_20260206_170000.BIN,5.8640,15.2175,7.5985,15.2175,2.8600,1,1.963,2.075
2519,DATA_20260206_170000.BIN,7.5985,13.2969,6.1896,13.2969,2.5960,1,3.642,3.671
2520,DATA_20260206_170000.BIN,5.4847,16.6512,7.1910,16.6512,2.8050,1,2.934,4.223
2521,DATA_20260206_170000.BIN,7.1910,16.0217,6.5075,16.0217,2.1230,1,4.546,4.889
2522,DATA_20260206_170000.BIN,6.5075,15.0289,5.7048,15.0289,2.8930,1,1.844,1.855
2523,DATA_20260206_170000.BIN,7.2904,15.4599,8.7991,15.4599,4.5980,1,4.327,4.975
2524,DATA_20260206_170000.BIN,11.1690,22.1122,13.0618,22.1122,1.4080,1,9.824,9.838
2525,DATA_20260206_170000.BIN,13.0618,21.6929,15.7702,21.6929,3.0470,1,11.375,12.006
2526,DATA_20260206_170000.BIN,15.7702,21.3869,14.5909,21.3869,3.5090,1,12.778,13.466
2527,DATA_20260206_170000.BIN,6.3141,23.2349,13.6389,23.2349,7.4250,1,2.221,2.648
2528,DATA_20260206_170000.BIN,13.6389,20.0229,6.8598,20.0229,3.9930,1,9.665,9.969
2529,DATA_20260206_170000.BIN,6.8598,20.6766,7.3582,20.6766,4.7630,1,3.661,5.337
2530,DATA_20260206_170000.BIN,12.4546,18.7657,9.1144,18.7657,4.5540,1,13.884,15.574
2531,DATA_20260206_170000.BIN,9.1144,17.5827,10.3595,17.5827,3.0580,1,4.232,4.232
2532,DATA_20260206_170000.BIN,3.0053,13.8476,1.6937,13.8476,3.6960,1,15.188,18.449
2533,DATA_20260206_170000.BIN,7.6945,13.9481,5.3222,13.9481,1.5840,1,8.349,9.762
2534,DATA_20260206_170000.BIN,5.3222,12.8338,6.3324,12.8338,2.8600,1,6.004,6.004
2535,DATA_20260206_170000.BIN,6.3324,17.3202,0.7158,17.3202,2.8490,1,4.529,6.311
2536,DATA_20260206_170000.BIN,0.7158,12.9328,2.8798,12.9328,9.8890,1,14.310,14.942
2537,DATA_20260206_170000.BIN,4.7477,14.8490,0.6935,14.8490,8.5250,1,3.324,4.153
2538,DATA_20260206_170000.BIN,0.6935,29.7253,2.5233,29.7253,4.0590,1,98.350,98.729
2539,DATA_20260206_170000.BIN,2.5233,12.4349,0.8505,12.4349,4.4440,1,80.857,81.005
2540,DATA_20260206_170000.BIN,0.8505,9.8654,3.3919,9.8654,3.1240,1,15.967,16.043
2541,DATA_20260206_170000.BIN,3.3919,14.4873,2.2992,14.4873,3.4870,1,15.102,15.285
2542,DATA_20260206_170000.BIN,2.9551,21.4088,14.5139,21.4088,3.8940,1,7.746,7.850
2543,DATA_20260206_170000.BIN,10.9420,21.2292,16.1177,21.2292,5.2800,1,20.568,20.874
2544,DATA_20260206_170000.BIN,16.1177,24.9028,10.6156,24.9028,3.1240,1,30.439,31.259
2545,DATA_20260206_170000.BIN,10.6156,18.2990,11.7515,18.2990,2.1670,1,17.350,18.553
2546,DATA_20260206_170000.BIN,11.7515,24.3281,6.5052,24.3281,4.6860,1,17.121,17.318
2547,DATA_20260206_170000.BIN,6.5052,21.7549,4.3559,21.7549,4.7300,1,11.822,14.193
2548,DATA_20260206_170000.BIN,4.3559,9.6306,2.0152,9.6306,6.2150,1,7.889,9.536
2549,DATA_20260206_170000.BIN,2.0152,10.3188,1.9392,10.3188,7.4140,1,8.414,8.848
2550,DATA_20260206_170000.BIN,1.9392,10.4633,2.7337,10.4633,2.3540,1,4.799,8.131
2551,DATA_20260206_170000.BIN,2.7337,8.2212,3.2683,8.2212,3.2450,1,6.430,10.601
2552,DATA_20260206_170000.BIN,3.2683,12.5772,3.1939,12.5772,4.2680,1,2.940,4.496
2553,DATA_20260206_170000.BIN,1.4406,15.5234,10.3515,15.5234,3.0910,1,4.933,6.048
2554,DATA_20260206_170000.BIN,3.1087,20.8849,3.3468,20.8849,1.7490,1,88.905,89.361
2555,DATA_20260206_170000.BIN,3.3468,13.3487,6.0113,13.3487,1.0890,1,81.573,81.873
2556,DATA_20260206_170000.BIN,4.1501,16.1601,1.9923,16.1601,1.9360,1,12.021,12.045
2557,DATA_20260206_170000.BIN,1.9923,9.4046,2.9294,9.4046,7.3480,1,21.271,22.280
2558,DATA_20260206_170000.BIN,2.9294,12.6917,4.1534,12.6917,2.8270,1,15.075,15.131
2559,DATA_20260206_170000.BIN,4.1534,12.6944,0.7552,12.6944,1.4190,1,72.134,72.159
2560,DATA_20260206_170000.BIN,0.7552,12.7740,1.6833,12.7740,1.6720,1,22.566,22.574
2561,DATA_20260206_170000.BIN,1.6833,12.5492,5.2379,12.5492,9.7460,1,17.269,18.569
2562,DATA_20260206_170000.BIN,5.2379,10.6070,3.2460,10.6070,2.7720,1,17.973,18.182
2563,DATA_20260206_170000.BIN,3.2460,7.4205,1.2836,7.4205,6.6220,1,13.223,13.257
2564,DATA_20260206_170000.BIN,1.2836,9.4498,3.2914,9.4498,3.2230,1,10.932,11.027
2565,DATA_20260206_170000.BIN,3.2914,8.5230,1.4340,8.5230,6.3910,1,11.493,11.687
2566,DATA_20260206_170000.BIN,0.6938,14.2006,3.4283,14.2006,4.2790,1,8.522,8.941
2567,DATA_20260206_170000.BIN,3.4283,9.4493,3.3137,9.4493,6.7320,1,8.978,11.536
2568,DATA_20260206_170000.BIN,1.6136,14.4753,2.1015,14.4753,5.6540,1,6.755,6.874
2569,DATA_20260206_170000.BIN,1.7799,11.8469,0.9494,11.8469,7.1830,1,8.992,9.326
2570,DATA_20260206_170000.BIN,0.9494,5.9641,2.5883,5.9641,2.1450,1,5.001,7.798
2571,DATA_20260206_170000.BIN,2.5883,8.3797,0.5190,8.3797,1.6280,1,9.765,12.440
2572,DATA_20260206_170000.BIN,0.5190,15.3568,5.7879,15.3568,2.2880,1,6.399,7.719
2573,DATA_20260206_170000.BIN,0.4267,10.4304,1.7153,10.4304,6.9300,1,9.669,10.358
2574,DATA_20260206_170000.BIN,1.7153,10.7411,0.6029,10.7411,1.9800,1,3.281,3.776
2575,DATA_20260206_170000.BIN,0.6029,12.7128,1.2460,12.7128,2.0680,1,8.545,9.127
2576,DATA_20260206_170000.BIN,1.2460,7.1657,0.9850,7.1657,1.7490,1,79.711,79.805
2577,DATA_20260206_170000.BIN,0.9850,12.7517,3.4068,12.7517,1.6610,1,73.857,73.903
2578,DATA_20260206_170000.BIN,3.4068,14.7532,1.2408,14.7532,5.8630,1,25.795,26.142
2579,DATA_20260206_170000.BIN,7.2753,12.5990,1.2927,12.5990,1.6390,1,68.258,68.468
2580,DATA_20260206_170000.BIN,1.2927,13.9923,1.5950,13.9923,3.0580,1,27.338,27.571
2581,DATA_20260206_170000.BIN,1.5950,8.5581,1.9966,8.5581,1.5730,1,23.420,23.666
2582,DATA_20260206_170000.BIN,1.6826,11.0423,4.0288,11.0423,4.1360,1,14.992,16.110
2583,DATA_20260206_170000.BIN,4.0288,15.9073,3.7182,15.9073,1.5070,1,23.012,23.041
2584,DATA_20260206_170000.BIN,3.7182,10.3933,2.9066,10.3933,2.5520,1,20.324,20.338
2585,DATA_20260206_170000.BIN,2.9066,11.6659,7.4639,11.6659,3.5310,1,12.263,12.334
2586,DATA_20260206_170000.BIN,4.3958,13.0007,3.9036,13.0007,2.1890,1,15.359,15.728
2587,DATA_20260206_170000.BIN,3.9036,11.3526,4.4014,11.3526,3.2120,1,79.022,79.149
2588,DATA_20260206_170000.BIN,4.4014,13.2820,3.6365,13.2820,1.7380,1,70.597,70.776
2589,DATA_20260206_170000.BIN,3.6365,14.4050,1.3989,14.4050,5.1810,1,20.495,20.639
2590,DATA_20260206_170000.BIN,0.8534,8.9756,3.2037,8.9756,5.1480,1,24.061,24.480
2591,DATA_20260206_170000.BIN,3.2037,10.1299,3.1150,10.1299,7.0290,1,14.412,15.053
2592,DATA_20260206_170000.BIN,3.1150,12.3350,2.0700,12.3350,9.9770,1,13.705,14.388
2593,DATA_20260206_170000.BIN,2.7384,13.2022,2.0999,13.2022,5.6760,1,18.357,18.429
2594,DATA_20260206_170000.BIN,4.2908,9.6584,2.5115,9.6584,4.5760,1,11.198,12.885
2595,DATA_20260206_170000.BIN,2.5115,11.8927,2.7247,11.8927,4.0150,1,18.501,19.083
2596,DATA_20260206_170000.BIN,7.6020,14.9141,4.6192,14.9141,3.1460,1,7.947,9.698
2597,DATA_20260206_170000.BIN,6.0210,12.2783,3.4479,12.2783,1.7710,1,21.321,21.874
2598,DATA_20260206_170000.BIN,3.4479,17.2333,4.1264,17.2333,6.6660,1,17.098,17.738
2599,DATA_20260206_170000.BIN,4.1264,8.6038,1.4940,8.6038,2.9040,1,2.706,4.485
2600,DATA_20260206_170000.BIN,1.2590,12.9255,6.4823,12.9255,3.0690,1,10.512,11.169
2601,DATA_20260206_170000.BIN,6.4823,12.8846,7.5196,12.8846,2.9590,1,18.244,18.674
2602,DATA_20260206_170000.BIN,1.7971,13.1561,5.5544,13.1561,4.7740,1,8.654,8.868
2603,DATA_20260206_170000.BIN,5.5544,18.8908,7.4651,18.8908,2.2220,1,9.903,9.908
2604,DATA_20260206_170000.BIN,7.4651,18.4858,11.4614,18.4858,2.9150,1,14.553,14.605
2605,DATA_20260206_170000.BIN,11.4614,28.0834,11.4881,28.0834,8.6350,1,23.428,24.515
2606,DATA_20260206_170000.BIN,3.7519,13.9300,7.1777,13.9300,2.8710,1,6.575,7.392
2607,DATA_20260206_170000.BIN,7.2405,14.3692,8.7841,14.3692,5.4670,1,11.952,11.962
2608,DATA_20260206_170000.BIN,5.6673,14.8519,1.6571,14.8519,4.0810,1,10.915,10.933
2609,DATA_20260206_170000.BIN,1.6571,15.7909,3.6066,15.7909,3.8060,1,6.848,7.485
2610,DATA_20260206_170000.BIN,3.6066,11.8293,4.7560,11.8293,2.5190,1,4.353,4.820
2611,DATA_20260206_170000.BIN,4.7560,15.2585,5.2329,15.2585,5.0380,1,3.357,4.955
2612,DATA_20260206_170000.BIN,10.5466,19.3128,9.1449,19.3128,1.7490,1,10.809,11.252
2613,DATA_20260206_170000.BIN,9.4996,16.5347,8.6308,16.5347,1.4630,1,11.783,11.813
2614,DATA_20260206_170000.BIN,8.6308,15.4911,8.8892,15.4911,2.9810,1,9.013,9.108
2615,DATA_20260206_170000.BIN,8.8892,21.3354,2.5822,21.3354,2.8160,1,5.685,7.181
2616,DATA_20260206_170000.BIN,2.5822,20.3459,9.4148,20.3459,6.7100,1,10.111,11.545
2617,DATA_20260206_170000.BIN,9.4148,18.2369,5.7456,18.2369,2.7500,1,8.776,8.929
2618,DATA_20260206_170000.BIN,7.0353,25.1525,15.4266,25.1525,2.4310,1,14.438,15.012
2619,DATA_20260206_170000.BIN,4.2468,12.3584,3.0708,12.3584,3.2560,1,1.282,2.521
2620,DATA_20260206_170000.BIN,3.0708,26.4678,10.9022,26.4678,5.3460,1,8.805,8.811
2621,DATA_20260206_170000.BIN,10.9022,18.6379,11.8489,18.6379,2.9480,1,19.371,22.419
2622,DATA_20260206_170000.BIN,4.9983,15.0132,7.1716,15.0132,1.6940,1,1.307,1.388
2623,DATA_20260206_170000.BIN,7.1716,21.9174,3.0785,21.9174,6.7540,1,5.576,5.592
2624,DATA_20260206_170000.BIN,9.8247,14.8350,4.3837,14.8350,8.2170,1,7.642,7.666
2625,DATA_20260206_170000.BIN,4.3837,14.8129,5.4665,14.8129,3.3110,1,10.819,16.732
2626,DATA_20260206_170000.BIN,1.1777,14.8880,3.7354,14.8880,3.7400,1,8.659,9.645
2627,DATA_20260206_170000.BIN,3.7354,17.3038,4.8173,17.3038,9.1850,1,4.026,5.065
2628,DATA_20260206_170000.BIN,5.8378,23.2461,8.5925,23.2461,1.5510,1,9.930,11.657
2629,DATA_20260206_170000.BIN,8.1277,17.7905,3.7993,17.7905,3.1460,1,2.470,7.882
2630,DATA_20260206_170000.BIN,3.7993,14.0906,7.8482,14.0906,2.9480,1,7.821,11.411
2631,DATA_20260206_170000.BIN,7.8482,16.4650,10.0580,16.4650,2.9700,1,8.138,10.337
2632,DATA_20260206_170000.BIN,10.0580,23.4645,17.7630,23.4645,6.0830,1,11.749,11.761
2633,DATA_20260206_170000.BIN,10.5965,28.3245,15.3306,28.3245,8.4040,1,9.865,9.875
2634,DATA_20260206_170000.BIN,15.3306,23.8879,5.9411,23.8879,4.4440,1,15.694,15.724
2635,DATA_20260206_170000.BIN,10.3967,15.7702,7.0271,15.7702,3.8610,1,6.776,6.851
2636,DATA_20260206_170000.BIN,7.0271,16.8182,8.9112,16.8182,2.5410,1,8.743,11.199
2637,DATA_20260206_170000.BIN,8.9112,23.8060,11.6031,23.8060,3.9270,1,5.462,6.121
2638,DATA_20260206_170000.BIN,5.6103,23.1881,16.3398,23.1881,3.7180,1,4.666,6.121
2639,DATA_20260206_170000.BIN,16.3398,23.1352,4.6613,23.1352,9.5370,1,15.727,16.101
2640,DATA_20260206_170000.BIN,4.6613,16.2576,8.8512,16.2576,4.2460,1,9.487,10.805
2641,DATA_20260206_170000.BIN,8.8512,15.8007,8.9911,15.8007,2.5740,1,3.681,3.963
2642,DATA_20260206_170000.BIN,8.9911,17.5175,9.5033,17.5175,1.4520,1,9.580,9.619
2643,DATA_20260206_170000.BIN,9.5033,20.8772,9.1011,20.8772,4.1250,1,4.151,4.255
2644,DATA_20260206_170000.BIN,9.1011,18.1263,11.5010,18.1263,2.9040,1,1.602,2.992
2645,DATA_20260206_170000.BIN,11.5010,17.5536,12.4925,17.5536,1.7490,1,6.417,6.423
2646,DATA_20260206_170000.BIN,13.8590,20.5191,11.9627,20.5191,4.4880,1,10.068,10.266
2647,DATA_20260206_170000.BIN,11.9627,20.6176,13.5109,20.6176,5.8520,1,6.185,6.396
2648,DATA_20260206_180000.BIN,0.7701,32.1470,24.4984,32.1470,3.2010,1,56.549,56.584
2649,DATA_20260206_180000.BIN,3.5491,20.7677,7.7903,20.7677,3.5640,1,58.210,58.965
2650,DATA_20260206_180000.BIN,7.8805,18.6075,1.2049,18.6075,2.2880,1,89.000,92.877
2651,DATA_20260206_180000.BIN,1.2049,11.9565,1.9425,11.9565,3.7400,1,39.168,45.075
2652,DATA_20260206_180000.BIN,1.9425,8.2055,2.9318,8.2055,1.1880,1,32.009,34.108
2653,DATA_20260206_180000.BIN,2.9318,14.5757,0.2756,14.5757,8.9540,1,28.640,31.163
2654,DATA_20260206_180000.BIN,0.2756,6.9909,1.8089,6.9909,4.7960,1,28.099,31.822
2655,DATA_20260206_180000.BIN,1.8089,16.2633,1.9915,16.2633,2.7940,1,26.784,29.397
2656,DATA_20260206_180000.BIN,3.5958,26.1057,6.0936,26.1057,9.6030,1,14.911,18.134
2657,DATA_20260206_180000.BIN,6.0936,18.4095,4.2597,18.4095,4.4880,1,9.858,14.802
2658,DATA_20260206_180000.BIN,4.2597,12.0624,3.7728,12.0624,1.6280,1,14.812,18.489
2659,DATA_20260206_180000.BIN,3.7728,13.8092,2.3580,13.8092,2.6730,1,22.974,27.154
2660,DATA_20260206_180000.BIN,2.3580,9.6096,1.8355,9.6096,1.6940,1,16.683,18.060
2661,DATA_20260206_180000.BIN,0.5816,23.1814,1.4023,23.1814,6.6990,1,14.229,14.271
2662,DATA_20260206_180000.BIN,6.0164,10.1589,4.2357,10.1589,2.0350,1,7.463,15.141
2663,DATA_20260206_180000.BIN,4.2357,12.4506,0.7869,12.4506,6.5780,1,17.379,22.990
2664,DATA_20260206_180000.BIN,1.1046,14.6478,7.8473,14.6478,2.3980,1,18.555,23.585
2665,DATA_20260206_180000.BIN,7.8473,12.6015,5.5237,12.6015,2.2660,1,5.361,7.641
2666,DATA_20260206_180000.BIN,2.3091,7.3890,2.4972,7.3890,1.3970,1,26.569,30.178
2667,DATA_20260206_180000.BIN,2.4972,8.8415,2.0572,8.8415,6.9850,1,5.481,5.500
2668,DATA_20260206_180000.BIN,2.0572,11.9468,1.2857,11.9468,4.0700,1,8.694,10.410
2669,DATA_20260206_180000.BIN,1.2857,16.4663,1.4575,16.4663,8.1730,1,11.088,12.104
2670,DATA_20260206_180000.BIN,1.4575,12.9878,0.5080,12.9878,2.7610,1,8.723,8.925
2671,DATA_20260206_180000.BIN,0.5080,22.0779,1.5020,22.0779,6.4570,1,16.087,19.480
2672,DATA_20260206_180000.BIN,1.5020,16.2048,1.2805,16.2048,4.7190,1,17.376,19.714
2673,DATA_20260206_180000.BIN,1.2805,12.5384,3.5808,12.5384,4.8070,1,8.365,10.986
2674,DATA_20260206_180000.BIN,0.3012,8.7389,2.4198,8.7389,2.5630,1,15.482,18.745
2675,DATA_20260206_180000.BIN,2.4198,12.9094,0.1112,12.9094,3.4760,1,12.000,13.089
2676,DATA_20260206_180000.BIN,0.9861,6.1687,2.0856,6.1687,4.1030,1,5.884,6.178
2677,DATA_20260206_190000.BIN,4.6407,15.1574,2.0420,15.1574,4.1800,1,7.379,8.011
2678,DATA_20260206_190000.BIN,2.0420,42.8586,5.1083,42.8586,4.3560,1,6.010,10.306
2679,DATA_20260206_190000.BIN,5.1083,19.5263,10.0134,19.5263,1.6390,1,173.356,173.436
2680,DATA_20260206_190000.BIN,10.0134,42.7632,8.3229,42.7632,6.6550,1,155.872,156.775
2681,DATA_20260206_200000.BIN,38.1839,47.0561,1.1767,47.0561,2.3430,1,14.586,38.082
2682,DATA_20260206_200000.BIN,1.1767,63.2084,3.1051,63.2084,6.7650,1,71.518,78.194
2683,DATA_20260206_200000.BIN,3.1051,9.5083,2.6790,9.5083,1.7820,1,83.091,84.934
2684,DATA_20260206_200000.BIN,2.8046,10.8191,2.6803,10.8191,1.4960,1,71.972,74.556
2685,DATA_20260206_200000.BIN,2.6803,9.3937,4.1004,9.3937,1.3310,1,71.485,72.540
2686,DATA_20260206_200000.BIN,4.1004,21.7252,4.3472,21.7252,7.7330,1,64.361,67.437
2687,DATA_20260206_200000.BIN,3.2525,9.3425,2.8663,9.3425,1.3310,1,57.581,59.541
2688,DATA_20260206_200000.BIN,2.8151,9.2324,2.9695,9.2324,1.4850,1,44.553,45.922
2689,DATA_20260206_200000.BIN,2.9695,8.2790,3.0803,8.2790,1.4740,1,44.715,45.585
2690,DATA_20260206_200000.BIN,2.4462,22.2404,3.8821,22.2404,6.7320,1,34.216,37.254
2691,DATA_20260206_200000.BIN,3.8821,13.7648,2.9512,13.7648,4.7080,1,54.145,55.506
2692,DATA_20260206_200000.BIN,2.9512,19.1634,1.6505,19.1634,4.1910,1,40.605,41.824
2693,DATA_20260206_200000.BIN,1.6505,15.6382,5.6592,15.6382,2.7940,1,41.046,41.300
2694,DATA_20260206_200000.BIN,5.6592,13.4151,5.1076,13.4151,1.4740,1,33.497,37.084
2695,DATA_20260206_200000.BIN,2.5112,19.7083,0.6632,19.7083,5.6430,1,25.913,26.481
2696,DATA_20260206_200000.BIN,0.6632,11.4953,4.9109,11.4953,3.3880,1,37.346,37.611
2697,DATA_20260206_200000.BIN,4.9109,12.0520,5.1868,12.0520,9.9220,1,42.214,42.797
2698,DATA_20260206_200000.BIN,1.4147,9.6774,3.1516,9.6774,2.9700,1,27.095,27.168
2699,DATA_20260206_200000.BIN,2.1086,8.3230,2.0128,8.3230,7.9970,1,20.866,20.888
2700,DATA_20260206_200000.BIN,3.5468,8.2232,1.5027,8.2232,4.6860,1,13.223,14.819
2701,DATA_20260206_200000.BIN,1.5027,9.1188,2.9937,9.1188,5.4560,1,28.348,28.380
2702,DATA_20260206_200000.BIN,2.9937,13.1768,5.0483,13.1768,2.2880,1,15.398,16.385
2703,DATA_20260206_200000.BIN,7.4973,14.6934,9.7584,14.6934,9.8560,1,38.472,38.628
2704,DATA_20260206_200000.BIN,9.7584,16.1842,12.0562,16.1842,7.0950,1,39.369,39.422
2705,DATA_20260206_200000.BIN,13.0436,17.5826,1.2555,17.5826,4.5320,1,40.784,40.863
2706,DATA_20260206_200000.BIN,1.2555,7.2458,2.0773,7.2458,7.9970,1,32.277,32.433
2707,DATA_20260206_200000.BIN,6.2596,14.2554,3.2174,14.2554,6.4570,1,17.029,17.865
2708,DATA_20260206_200000.BIN,3.2222,9.9256,2.8282,9.9256,1.4300,1,14.360,14.545
2709,DATA_20260206_200000.BIN,2.8282,26.1978,0.6997,26.1978,5.0380,1,9.347,9.350
2710,DATA_20260206_200000.BIN,0.6997,10.9630,2.6349,10.9630,3.5420,1,31.338,31.369
2711,DATA_20260206_200000.BIN,5.9642,11.5018,2.5244,11.5018,1.5620,1,7.125,9.137
2712,DATA_20260206_200000.BIN,3.2306,9.4381,2.0684,9.4381,1.3750,1,14.668,14.830
2713,DATA_20260206_200000.BIN,2.5305,10.4446,2.7066,10.4446,1.1550,1,6.533,6.533
2714,DATA_20260206_200000.BIN,2.7066,54.2247,4.6532,54.2247,4.3010,1,8.612,8.691
2715,DATA_20260206_200000.BIN,4.6532,20.7598,7.9567,20.7598,8.2830,1,33.997,34.033
2716,DATA_20260206_200000.BIN,6.2014,21.7262,1.0035,21.7262,4.6090,1,30.018,30.241
2717,DATA_20260206_200000.BIN,1.5075,60.8868,1.2992,60.8868,2.7940,1,16.174,16.175
2718,DATA_20260206_200000.BIN,2.3430,29.7535,2.1989,29.7535,9.4710,1,18.710,18.844
2719,DATA_20260206_200000.BIN,2.1989,11.9662,1.9117,11.9662,1.3090,1,19.196,19.196
2720,DATA_20260206_200000.BIN,4.5021,23.4626,2.6277,23.4626,1.3200,1,10.148,11.135
2721,DATA_20260206_200000.BIN,7.6657,17.1594,5.6530,17.1594,3.1350,1,28.094,28.877
2722,DATA_20260206_200000.BIN,0.7002,7.1482,2.2814,7.1482,3.4980,1,20.578,20.689
2723,DATA_20260206_200000.BIN,1.9719,10.4653,3.1471,10.4653,1.8700,1,14.446,14.486
2724,DATA_20260206_210000.BIN,4.0241,29.7083,15.0762,29.7083,2.3540,1,27.647,28.162
2725,DATA_20260206_210000.BIN,15.0762,29.2765,15.7025,29.2765,4.9390,1,39.209,39.886
2726,DATA_20260206_210000.BIN,15.7025,48.9319,38.2535,48.9319,1.7160,1,38.976,39.518
2727,DATA_20260206_210000.BIN,38.2535,50.1734,41.5144,50.1734,1.0230,1,28.056,32.713
2728,DATA_20260206_210000.BIN,41.5144,60.9351,43.8036,60.9351,1.4960,1,29.091,33.946
2729,DATA_20260206_210000.BIN,43.8036,56.5676,4.6943,56.5676,2.1780,1,29.149,36.009
2730,DATA_20260206_210000.BIN,0.7889,9.7985,3.6747,9.7985,9.8670,1,26.188,26.372
2731,DATA_20260206_210000.BIN,38.0506,55.0238,2.8251,55.0238,2.3980,1,21.777,33.861
2732,DATA_20260206_210000.BIN,11.7925,25.6588,2.8298,25.6588,3.0030,1,30.010,30.012
2733,DATA_20260206_210000.BIN,2.8298,24.6444,14.9759,24.6444,6.7650,1,21.010,24.787
2734,DATA_20260206_210000.BIN,14.9759,22.2322,8.8297,22.2322,2.0460,1,41.296,41.802
2735,DATA_20260206_210000.BIN,8.8297,16.9054,0.9389,16.9054,2.8710,1,28.995,29.021
2736,DATA_20260206_210000.BIN,0.9389,11.4699,4.0852,11.4699,1.7600,1,14.541,15.735
2737,DATA_20260206_210000.BIN,3.3769,8.3095,4.2133,8.3095,2.7720,1,9.452,11.916
2738,DATA_20260206_210000.BIN,2.6661,12.5889,0.3282,12.5889,4.4660,1,16.112,16.908
2739,DATA_20260206_210000.BIN,0.3282,14.4006,1.5703,14.4006,1.5950,1,12.146,15.750
2740,DATA_20260206_210000.BIN,1.5703,15.6950,0.6096,15.6950,4.9170,1,9.299,11.659
2741,DATA_20260206_210000.BIN,1.8190,15.6158,1.7288,15.6158,2.3210,1,10.665,10.665
2742,DATA_20260206_210000.BIN,1.7288,11.3104,0.7388,11.3104,8.7010,1,6.853,6.856
2743,DATA_20260206_210000.BIN,0.7388,12.7962,4.9860,12.7962,9.1630,1,6.721,8.285
2744,DATA_20260206_210000.BIN,4.9860,11.1061,1.7867,11.1061,6.6330,1,13.089,13.172
2745,DATA_20260206_210000.BIN,1.7867,13.0326,3.5311,13.0326,7.0730,1,7.378,7.482
2746,DATA_20260206_210000.BIN,3.5311,14.0358,1.3425,14.0358,6.4350,1,10.365,12.212
2747,DATA_20260206_210000.BIN,1.3425,14.1268,0.6609,14.1268,3.4320,1,6.257,8.463
2748,DATA_20260206_210000.BIN,0.6609,13.4757,2.6460,13.4757,1.5290,1,5.026,7.934
2749,DATA_20260206_210000.BIN,0.9660,15.8291,0.2586,15.8291,1.3530,1,5.345,11.250
2750,DATA_20260206_210000.BIN,0.2586,19.2605,8.5698,19.2605,2.5520,1,5.264,9.795
2751,DATA_20260206_210000.BIN,6.0951,23.8418,2.8296,23.8418,2.6730,1,4.488,6.567
2752,DATA_20260206_210000.BIN,4.8290,13.3749,6.0465,13.3749,1.6060,1,6.193,7.879
2753,DATA_20260206_210000.BIN,6.0465,19.1842,0.7155,19.1842,3.1130,1,7.794,9.002
2754,DATA_20260206_210000.BIN,0.7155,11.5947,3.0554,11.5947,3.7180,1,1.865,2.154
2755,DATA_20260206_210000.BIN,3.0554,11.7060,4.9668,11.7060,2.0130,1,6.852,9.922
2756,DATA_20260206_210000.BIN,4.9668,14.3533,9.1269,14.3533,8.2170,1,6.450,8.645
2757,DATA_20260206_210000.BIN,9.1269,20.9948,2.5995,20.9948,3.3550,1,13.695,15.754
2758,DATA_20260206_210000.BIN,2.5995,14.1602,3.5903,14.1602,2.9920,1,5.211,6.067
2759,DATA_20260206_210000.BIN,4.8084,11.8910,2.1738,11.8910,2.0020,1,9.439,10.729
2760,DATA_20260206_210000.BIN,2.1738,12.2078,3.1978,12.2078,2.2550,1,4.428,4.491
2761,DATA_20260206_210000.BIN,3.1978,18.6940,5.1491,18.6940,2.8930,1,1.889,5.857
2762,DATA_20260206_210000.BIN,5.1491,16.4950,7.2378,16.4950,2.2660,1,6.564,6.605
2763,DATA_20260206_210000.BIN,7.2378,26.4518,6.3586,26.4518,4.4880,1,12.386,13.126
2764,DATA_20260206_220000.BIN,1.9893,3.7777,0.1246,3.7777,4.7960,1,0.997,2.595
2765,DATA_20260206_220000.BIN,0.1040,1.8354,0.5264,1.8354,3.0360,1,3.131,5.893
2766,DATA_20260206_220000.BIN,0.7385,2.1279,0.7559,2.1279,3.1240,1,3.100,6.744
2767,DATA_20260206_220000.BIN,0.7559,2.9752,0.9783,2.9752,5.2360,1,2.766,6.270
2768,DATA_20260206_220000.BIN,0.7900,2.4415,0.8587,2.4415,7.7000,1,2.180,4.584
2769,DATA_20260206_220000.BIN,0.8587,2.9444,0.2227,2.9444,7.4140,1,2.421,5.483
2770,DATA_20260206_220000.BIN,0.0395,3.3993,0.6962,3.3993,2.8160,1,1.730,5.814
2771,DATA_20260206_220000.BIN,0.6962,2.0035,0.0825,2.0035,5.8630,1,1.003,5.036
2772,DATA_20260206_220000.BIN,1.4104,2.7794,0.1903,2.7794,5.6650,1,1.816,5.027
2773,DATA_20260206_220000.BIN,0.1903,2.7268,0.7709,2.7268,3.0030,1,1.378,3.735
2774,DATA_20260206_220000.BIN,0.7709,2.5212,0.0988,2.5212,6.4350,1,0.857,4.034
2775,DATA_20260206_220000.BIN,0.0407,4.0047,0.4315,4.0047,5.1040,1,1.269,4.324
2776,DATA_20260206_220000.BIN,0.4315,3.4262,0.9083,3.4262,4.4770,1,0.742,4.689
2777,DATA_20260206_220000.BIN,4.9820,6.1464,5.0084,6.1464,4.8730,1,6.832,10.761
2778,DATA_20260206_220000.BIN,5.0084,6.1690,5.1292,6.1690,5.6210,1,6.163,9.272
2779,DATA_20260206_220000.BIN,5.1292,7.3701,5.8573,7.3701,3.1130,1,5.730,9.002
2780,DATA_20260206_220000.BIN,5.2264,6.5642,5.0497,6.5642,3.2230,1,5.267,7.947
2781,DATA_20260206_220000.BIN,4.4250,30.2535,3.5996,30.2535,4.9830,1,3.698,4.619
2782,DATA_20260206_220000.BIN,3.1912,52.6737,42.4374,52.6737,2.2550,1,2.707,3.110
2783,DATA_20260206_220000.BIN,42.4374,52.2222,43.8413,52.2222,2.0350,1,128.852,143.224
2784,DATA_20260206_220000.BIN,43.8413,51.5273,43.7413,51.5273,3.4980,1,46.254,50.562
2785,DATA_20260206_220000.BIN,43.7413,49.1692,43.2487,49.1692,2.1230,1,41.381,44.889
2786,DATA_20260206_220000.BIN,43.2487,45.1237,20.9939,45.1237,2.1230,1,36.267,41.159
2787,DATA_20260206_220000.BIN,20.9939,25.4891,1.7144,25.4891,4.3560,1,15.969,17.124
2788,DATA_20260206_220000.BIN,1.7144,52.3244,37.2296,52.3244,2.8380,1,22.513,22.814
2789,DATA_20260206_220000.BIN,37.2296,52.2574,29.8740,52.2574,1.5950,1,39.259,50.358
2790,DATA_20260206_220000.BIN,29.8740,45.5666,31.7975,45.5666,1.4190,1,130.553,132.101
2791,DATA_20260206_220000.BIN,31.7276,36.2803,21.4014,36.2803,0.9240,1,111.794,117.743
2792,DATA_20260206_220000.BIN,21.4014,39.2703,22.1268,39.2703,0.8360,1,125.249,126.288
2793,DATA_20260206_220000.BIN,22.1268,37.5976,11.1804,37.5976,1.2320,1,103.923,105.515
2794,DATA_20260206_220000.BIN,11.1804,30.6546,4.5616,30.6546,1.0230,1,103.599,106.098
2795,DATA_20260206_220000.BIN,4.5616,24.6757,19.7481,24.6757,0.8470,1,103.443,104.911
2796,DATA_20260206_220000.BIN,19.7481,29.7185,13.7828,29.7185,1.2980,1,90.991,105.397
