cycle_idx,source_file,p0_r,p3_r,p7_r,amplitude,duration_s,validated,tilt_deg,q_error_deg
0,DATA_20260207_095434.BIN,15.1404,30.0291,6.2378,30.0291,5.9730,1,5.148,12.094
1,DATA_20260207_095434.BIN,6.2378,17.1179,7.5617,17.1179,2.0680,1,14.947,15.225
2,DATA_20260207_095434.BIN,7.5617,16.1165,2.5091,16.1165,1.4960,1,11.714,11.778
3,DATA_20260207_095434.BIN,2.5091,21.2751,7.1064,21.2751,4.5540,1,15.739,16.940
4,DATA_20260207_095434.BIN,7.4144,24.6740,7.1023,24.6740,1.4520,1,12.033,12.864
5,DATA_20260207_095434.BIN,7.1023,21.9239,6.3188,21.9239,2.6070,1,7.589,7.617
6,DATA_20260207_095434.BIN,6.3188,13.0209,4.9955,13.0209,4.0260,1,22.404,22.404
7,DATA_20260207_095434.BIN,4.9955,21.0882,5.3162,21.0882,1.8920,1,14.001,14.015
8,DATA_20260207_095434.BIN,4.1333,16.5384,1.7188,16.5384,8.0410,1,16.501,17.151
9,DATA_20260207_095434.BIN,1.7188,18.7159,3.8648,18.7159,2.3650,1,10.935,11.021
10,DATA_20260207_095434.BIN,0.2184,19.2074,5.4004,19.2074,2.5190,1,9.410,9.410
11,DATA_20260207_095434.BIN,5.4004,19.8821,4.3251,19.8821,2.2000,1,6.142,7.842
12,DATA_20260207_095434.BIN,4.3251,27.2975,7.9742,27.2975,1.4080,1,3.800,4.075
13,DATA_20260207_095434.BIN,7.3916,28.1211,6.5905,28.1211,3.1570,1,4.995,9.482
14,DATA_20260207_095434.BIN,6.5905,27.4746,16.2274,27.4746,2.9920,1,3.020,3.046
15,DATA_20260207_095434.BIN,24.4985,45.0153,11.6862,45.0153,3.3110,1,19.715,24.511
16,DATA_20260207_095434.BIN,2.8046,31.2331,8.6878,31.2331,4.9720,1,6.127,9.761
17,DATA_20260207_095434.BIN,8.6878,20.9905,10.0393,20.9905,2.4640,1,7.570,7.803
18,DATA_20260207_095434.BIN,10.0393,26.3129,17.1931,26.3129,1.5840,1,4.467,5.538
19,DATA_20260207_095434.BIN,17.1931,59.1321,0.9733,59.1321,4.9060,1,11.364,11.369
20,DATA_20260207_095434.BIN,15.5542,22.2055,1.1240,22.2055,2.9260,1,12.890,15.246
21,DATA_20260207_095434.BIN,1.1240,65.3778,3.6095,65.3778,5.3680,1,11.322,11.752
22,DATA_20260207_095434.BIN,3.6095,23.1611,10.2089,23.1611,7.7440,1,6.450,6.453
23,DATA_20260207_095434.BIN,10.2089,30.9149,8.7035,30.9149,5.2470,1,4.443,6.647
24,DATA_20260207_095434.BIN,8.7035,17.6271,4.0128,17.6271,2.5960,1,2.755,3.554
25,DATA_20260207_095434.BIN,4.0128,16.7635,6.0733,16.7635,1.8040,1,4.420,7.922
26,DATA_20260207_095434.BIN,6.0733,20.9049,4.4420,20.9049,3.1460,1,3.669,3.926
27,DATA_20260207_095434.BIN,4.4420,11.7085,4.5989,11.7085,2.2110,1,8.958,9.108
28,DATA_20260207_095434.BIN,2.4357,20.3651,3.8910,20.3651,2.2880,1,10.555,10.556
29,DATA_20260207_095434.BIN,2.8632,11.0960,3.8385,11.0960,2.1890,1,2.772,6.008
30,DATA_20260207_095434.BIN,3.8385,22.5830,2.3445,22.5830,3.3660,1,8.401,8.929
31,DATA_20260207_095434.BIN,4.8866,15.4413,0.3155,15.4413,7.3040,1,11.140,11.929
32,DATA_20260207_095434.BIN,0.3155,21.5878,3.1276,21.5878,4.0150,1,4.624,5.344
33,DATA_20260207_095434.BIN,3.1276,14.2456,4.6146,14.2456,3.0690,1,2.206,4.229
34,DATA_20260207_095434.BIN,4.6146,13.2507,3.1780,13.2507,8.1180,1,4.476,9.400
35,DATA_20260207_095434.BIN,3.1780,11.0995,2.2888,11.0995,3.4210,1,4.640,4.640
36,DATA_20260207_095434.BIN,2.2888,15.1985,3.3261,15.1985,4.5210,1,5.458,5.572
37,DATA_20260207_095434.BIN,3.3261,17.3598,8.9220,17.3598,1.4630,1,1.837,5.310
38,DATA_20260207_095434.BIN,6.3971,18.1567,0.7554,18.1567,5.6760,1,5.563,7.367
39,DATA_20260207_095434.BIN,0.7554,27.5934,18.1810,27.5934,1.9580,1,1.882,1.990
40,DATA_20260207_095434.BIN,18.1810,30.2363,2.3730,30.2363,5.3130,1,18.206,21.389
41,DATA_20260207_095434.BIN,2.3730,41.0590,18.6206,41.0590,5.2030,1,2.081,3.727
42,DATA_20260207_095434.BIN,18.6206,34.7882,23.1393,34.7882,2.4200,1,16.432,20.860
43,DATA_20260207_095434.BIN,23.1393,32.8046,8.4013,32.8046,3.4100,1,21.210,23.182
44,DATA_20260207_095434.BIN,8.4013,32.8058,19.0948,32.8058,6.0940,1,3.971,4.306
45,DATA_20260207_095434.BIN,19.0948,36.3340,15.6163,36.3340,2.4860,1,14.680,14.710
46,DATA_20260207_095434.BIN,15.6163,58.2123,50.9646,58.2123,3.2670,1,9.198,10.518
47,DATA_20260207_095434.BIN,4.6810,14.1027,3.1683,14.1027,3.0250,1,14.760,14.978
48,DATA_20260207_100000.BIN,42.4233,55.1260,41.0368,55.1260,7.8430,1,22.986,23.350
49,DATA_20260207_100000.BIN,41.0368,74.7126,60.1454,74.7126,4.6090,1,15.224,15.578
50,DATA_20260207_100000.BIN,65.2453,76.5798,39.4324,76.5798,3.7180,1,128.299,130.869
51,DATA_20260207_100000.BIN,39.4324,76.3640,18.1328,76.3640,5.9950,1,10.200,10.700
52,DATA_20260207_100000.BIN,18.1328,45.6522,9.9089,45.6522,5.2580,1,25.892,28.124
53,DATA_20260207_100000.BIN,9.9089,39.4761,1.0204,39.4761,7.6670,1,35.308,37.599
54,DATA_20260207_100000.BIN,1.0204,25.0284,2.4237,25.0284,8.9540,1,38.688,39.314
55,DATA_20260207_100000.BIN,2.4237,22.9858,3.8012,22.9858,3.0910,1,33.398,36.868
56,DATA_20260207_100000.BIN,3.8012,74.5894,5.9729,74.5894,5.0930,1,29.470,31.665
57,DATA_20260207_100000.BIN,5.0123,31.5932,3.1743,31.5932,2.6620,1,36.688,37.450
58,DATA_20260207_100000.BIN,6.1202,22.4921,8.5980,22.4921,5.9840,1,34.630,35.597
59,DATA_20260207_100000.BIN,3.5135,32.9364,9.0523,32.9364,3.0800,1,26.672,29.159
60,DATA_20260207_100000.BIN,6.5329,32.8914,8.1998,32.8914,3.8610,1,27.935,30.365
61,DATA_20260207_100000.BIN,1.2924,75.0505,2.7222,75.0505,4.9610,1,15.681,17.354
62,DATA_20260207_100000.BIN,15.5002,26.6170,6.1971,26.6170,2.9810,1,39.790,40.367
63,DATA_20260207_100000.BIN,16.8286,25.2374,4.3995,25.2374,7.9750,1,38.586,39.609
64,DATA_20260207_100000.BIN,5.1442,19.5031,8.9722,19.5031,1.2100,1,14.124,14.718
65,DATA_20260207_100000.BIN,8.9722,20.0069,2.7341,20.0069,2.5300,1,18.361,18.704
66,DATA_20260207_100000.BIN,16.3918,29.3453,5.6605,29.3453,5.7200,1,18.886,19.501
67,DATA_20260207_100000.BIN,5.6605,19.4738,2.7669,19.4738,3.3440,1,13.157,14.063
68,DATA_20260207_100000.BIN,2.7669,17.1598,2.6697,17.1598,3.5310,1,6.420,7.072
69,DATA_20260207_100000.BIN,2.6697,42.5062,28.9028,42.5062,6.8420,1,7.021,8.779
70,DATA_20260207_100000.BIN,8.7502,19.6809,11.1968,19.6809,5.3020,1,15.789,16.305
71,DATA_20260207_100000.BIN,11.1968,23.6573,8.6712,23.6573,1.4190,1,18.544,19.237
72,DATA_20260207_100000.BIN,8.6712,25.2245,4.6375,25.2245,1.4960,1,12.357,13.083
73,DATA_20260207_100000.BIN,3.7122,21.5879,6.8059,21.5879,7.2380,1,2.707,2.823
74,DATA_20260207_100000.BIN,6.8059,22.3316,9.0277,22.3316,1.7490,1,7.835,8.442
75,DATA_20260207_100000.BIN,9.0277,22.8623,3.9786,22.8623,1.8370,1,10.856,11.035
76,DATA_20260207_100000.BIN,3.9786,18.5396,5.6323,18.5396,4.5650,1,8.775,8.969
77,DATA_20260207_100000.BIN,8.1143,72.4662,2.5276,72.4662,4.0260,1,8.444,8.551
78,DATA_20260207_100000.BIN,2.5276,17.2982,5.5997,17.2982,3.1900,1,6.117,6.695
79,DATA_20260207_100000.BIN,5.2428,23.1133,4.8478,23.1133,5.2690,1,4.632,4.679
80,DATA_20260207_100000.BIN,11.9502,57.4775,11.1083,57.4775,3.8280,1,14.870,14.923
81,DATA_20260207_100000.BIN,11.1083,39.5535,5.5841,39.5535,2.2550,1,19.092,19.103
82,DATA_20260207_100000.BIN,5.5841,23.3895,7.7283,23.3895,4.9940,1,5.967,7.001
83,DATA_20260207_100000.BIN,7.7283,22.5662,11.8858,22.5662,1.2210,1,9.510,9.601
84,DATA_20260207_100000.BIN,11.7399,24.3835,9.3137,24.3835,4.8840,1,14.526,14.572
85,DATA_20260207_100000.BIN,0.6883,12.6857,2.5404,12.6857,3.3990,1,4.207,4.231
86,DATA_20260207_100000.BIN,17.9694,31.0167,1.8993,31.0167,5.5440,1,26.171,27.145
87,DATA_20260207_100000.BIN,2.5889,22.1033,2.0119,22.1033,3.6630,1,2.562,3.027
88,DATA_20260207_100000.BIN,8.3778,20.2258,0.8468,20.2258,5.1920,1,10.098,10.103
89,DATA_20260207_100000.BIN,6.0125,14.8600,1.4027,14.8600,3.6630,1,10.832,10.896
90,DATA_20260207_100000.BIN,2.9468,12.1466,4.6780,12.1466,6.0610,1,6.194,6.732
91,DATA_20260207_100000.BIN,4.0441,19.3750,5.2275,19.3750,5.0930,1,2.935,6.923
92,DATA_20260207_100000.BIN,5.2275,17.7415,2.6631,17.7415,6.4130,1,7.991,9.727
93,DATA_20260207_100000.BIN,0.8747,21.2499,3.4991,21.2499,5.7750,1,3.476,4.870
94,DATA_20260207_100000.BIN,1.0343,18.3468,6.1941,18.3468,9.7130,1,3.091,3.187
95,DATA_20260207_100000.BIN,6.1941,14.3291,2.4704,14.3291,4.0370,1,8.759,9.739
96,DATA_20260207_100000.BIN,2.4704,24.1579,2.3152,24.1579,4.8950,1,3.573,3.575
97,DATA_20260207_100000.BIN,2.3152,17.4169,4.0557,17.4169,5.5000,1,3.107,3.116
98,DATA_20260207_100000.BIN,4.2255,21.5949,7.4109,21.5949,2.6180,1,4.942,5.954
99,DATA_20260207_100000.BIN,7.4109,19.4619,1.5768,19.4619,1.4300,1,11.473,12.523
100,DATA_20260207_100000.BIN,4.4695,13.0648,2.2076,13.0648,5.3680,1,4.896,4.986
101,DATA_20260207_100000.BIN,2.6234,20.8333,9.5444,20.8333,2.3650,1,2.020,5.491
102,DATA_20260207_100000.BIN,10.2381,21.2742,8.1587,21.2742,1.9360,1,14.105,14.825
103,DATA_20260207_100000.BIN,8.1587,23.9060,15.1987,23.9060,5.3900,1,6.349,9.763
104,DATA_20260207_100000.BIN,15.1987,25.3420,6.3790,25.3420,8.5140,1,21.003,22.363
105,DATA_20260207_100000.BIN,6.3790,26.1159,16.3387,26.1159,4.8180,1,3.206,5.072
106,DATA_20260207_100000.BIN,16.6599,26.4413,6.8201,26.4413,2.0680,1,21.598,22.687
107,DATA_20260207_100000.BIN,6.8201,25.0676,10.5534,25.0676,1.4960,1,2.416,5.123
108,DATA_20260207_100000.BIN,4.4487,20.7229,5.3348,20.7229,5.3570,1,5.515,6.830
109,DATA_20260207_100000.BIN,2.2752,18.5924,6.7994,18.5924,3.3660,1,2.746,2.801
110,DATA_20260207_100000.BIN,14.4629,25.0909,6.1488,25.0909,1.4630,1,21.205,21.561
111,DATA_20260207_100000.BIN,6.1488,22.9533,11.0071,22.9533,1.4080,1,4.274,4.554
112,DATA_20260207_100000.BIN,5.9281,22.9756,9.3395,22.9756,3.1790,1,6.643,6.824
113,DATA_20260207_100000.BIN,9.3395,24.8433,11.5854,24.8433,1.1770,1,6.738,7.073
114,DATA_20260207_100000.BIN,11.5854,23.9326,6.1791,23.9326,1.8150,1,10.593,10.972
115,DATA_20260207_100000.BIN,3.9879,23.8494,8.2433,23.8494,1.9250,1,9.356,12.264
116,DATA_20260207_100000.BIN,8.2433,20.8509,3.0247,20.8509,6.2150,1,6.094,7.544
117,DATA_20260207_100000.BIN,3.0247,12.3251,2.4026,12.3251,2.1340,1,7.404,7.750
118,DATA_20260207_100000.BIN,4.1233,17.9334,6.2895,17.9334,6.1380,1,3.545,3.563
119,DATA_20260207_100000.BIN,6.2895,26.8782,1.6752,26.8782,3.2670,1,15.640,16.188
120,DATA_20260207_100000.BIN,1.6752,13.5813,5.9568,13.5813,5.9510,1,5.351,5.351
121,DATA_20260207_100000.BIN,5.9568,28.0325,9.4548,28.0325,6.0170,1,7.272,7.708
122,DATA_20260207_100000.BIN,9.4548,18.4987,4.2082,18.4987,7.1830,1,7.595,8.836
123,DATA_20260207_100000.BIN,4.2082,17.9359,5.7774,17.9359,4.3780,1,7.490,7.518
124,DATA_20260207_100000.BIN,5.7774,16.8069,2.7178,16.8069,2.6180,1,2.595,2.959
125,DATA_20260207_100000.BIN,2.9630,18.0038,8.2007,18.0038,2.9700,1,3.465,3.727
126,DATA_20260207_100000.BIN,7.7344,21.9421,8.3343,21.9421,2.7720,1,8.435,8.450
127,DATA_20260207_100000.BIN,8.3343,23.0995,3.8820,23.0995,3.7730,1,5.228,7.923
128,DATA_20260207_100000.BIN,14.3478,27.8455,6.5292,27.8455,2.8050,1,14.301,15.323
129,DATA_20260207_100000.BIN,6.5292,22.5130,8.4875,22.5130,1.2980,1,6.222,6.222
130,DATA_20260207_100000.BIN,8.4875,21.9051,2.7469,21.9051,1.2320,1,5.549,6.065
131,DATA_20260207_100000.BIN,5.1130,15.4998,6.0716,15.4998,7.3370,1,2.809,2.816
132,DATA_20260207_100000.BIN,3.9718,19.8084,1.6038,19.8084,7.9090,1,6.867,6.873
133,DATA_20260207_100000.BIN,1.6038,20.2711,7.2201,20.2711,2.7940,1,4.111,6.761
134,DATA_20260207_100000.BIN,7.2201,21.6094,5.3971,21.6094,1.5070,1,6.135,6.136
135,DATA_20260207_100000.BIN,5.3971,26.6275,8.4919,26.6275,6.9630,1,1.927,2.178
136,DATA_20260207_100000.BIN,8.4919,23.9550,6.2174,23.9550,3.0360,1,7.266,8.049
137,DATA_20260207_100000.BIN,5.9656,24.9709,6.8606,24.9709,2.6400,1,2.731,2.976
138,DATA_20260207_100000.BIN,6.8606,16.9819,3.1499,16.9819,2.1670,1,1.823,2.560
139,DATA_20260207_100000.BIN,6.1205,23.0980,11.6680,23.0980,1.3640,1,2.634,3.493
140,DATA_20260207_100000.BIN,11.6680,23.3354,7.2251,23.3354,2.3430,1,10.833,11.345
141,DATA_20260207_100000.BIN,7.2251,74.9526,11.5320,74.9526,8.5250,1,2.888,4.461
142,DATA_20260207_100000.BIN,11.5320,25.3912,1.1050,25.3912,1.4080,1,18.292,18.487
143,DATA_20260207_100000.BIN,11.6698,25.2058,10.4032,25.2058,1.3090,1,8.629,8.708
144,DATA_20260207_100000.BIN,7.4398,23.7576,9.8650,23.7576,2.1450,1,6.720,6.870
145,DATA_20260207_100000.BIN,9.8650,25.4787,9.4636,25.4787,1.3640,1,3.899,6.418
146,DATA_20260207_100000.BIN,9.4636,22.6528,2.3019,22.6528,8.0740,1,7.765,7.774
147,DATA_20260207_100000.BIN,5.3362,20.4556,4.5171,20.4556,7.1280,1,15.262,15.419
148,DATA_20260207_100000.BIN,4.5171,15.2840,3.5600,15.2840,7.5790,1,6.185,6.394
149,DATA_20260207_100000.BIN,3.5600,15.2827,6.5297,15.2827,2.0240,1,6.496,6.760
150,DATA_20260207_100000.BIN,6.5297,17.1131,1.4471,17.1131,5.9950,1,1.734,1.925
151,DATA_20260207_100000.BIN,1.4471,15.4006,5.7909,15.4006,3.2780,1,7.831,9.544
152,DATA_20260207_100000.BIN,5.7909,21.7262,8.4604,21.7262,1.4850,1,7.827,8.502
153,DATA_20260207_100000.BIN,8.4604,18.7721,8.3167,18.7721,3.0910,1,4.735,5.688
154,DATA_20260207_100000.BIN,8.3167,19.2799,7.1585,19.2799,1.2760,1,11.422,11.423
155,DATA_20260207_100000.BIN,7.1585,22.6727,5.4374,22.6727,2.2440,1,9.177,9.178
156,DATA_20260207_100000.BIN,5.4374,22.9648,8.2395,22.9648,4.9830,1,1.527,2.853
157,DATA_20260207_100000.BIN,8.2395,21.4612,12.1589,21.4612,2.1670,1,5.905,5.951
158,DATA_20260207_100000.BIN,10.2741,22.9826,6.7240,22.9826,3.2120,1,7.061,9.534
159,DATA_20260207_100000.BIN,6.7240,28.8391,9.8206,28.8391,2.4530,1,8.698,8.716
160,DATA_20260207_100000.BIN,9.8206,24.3290,4.6294,24.3290,3.2010,1,7.878,8.492
161,DATA_20260207_100000.BIN,0.8773,41.3501,1.9139,41.3501,4.8730,1,7.514,7.551
162,DATA_20260207_100000.BIN,5.2901,21.1899,6.1593,21.1899,1.3750,1,3.907,4.055
163,DATA_20260207_100000.BIN,6.1593,20.6976,7.0112,20.6976,1.5290,1,4.455,4.596
164,DATA_20260207_100000.BIN,7.0112,20.5440,9.2222,20.5440,1.2760,1,7.436,7.464
165,DATA_20260207_100000.BIN,9.2222,23.8825,9.8771,23.8825,1.2650,1,6.224,6.291
166,DATA_20260207_100000.BIN,9.8771,23.9343,7.1881,23.9343,1.1990,1,6.227,6.867
167,DATA_20260207_100000.BIN,10.9051,24.7426,9.5389,24.7426,1.5180,1,8.024,9.410
168,DATA_20260207_100000.BIN,2.3217,24.0373,11.8785,24.0373,2.8380,1,9.800,10.045
169,DATA_20260207_100000.BIN,11.8785,26.8527,12.3158,26.8527,1.4410,1,11.356,11.612
170,DATA_20260207_100000.BIN,8.6202,24.1158,9.6094,24.1158,1.3640,1,3.587,4.527
171,DATA_20260207_100000.BIN,9.6094,23.2573,10.4709,23.2573,1.3090,1,6.114,6.437
172,DATA_20260207_100000.BIN,10.4709,23.3074,11.0669,23.3074,1.4630,1,7.514,7.849
173,DATA_20260207_100000.BIN,11.0669,27.3467,7.4038,27.3467,1.5840,1,5.906,7.078
174,DATA_20260207_100000.BIN,7.4038,24.0971,10.8018,24.0971,1.1880,1,1.175,2.845
175,DATA_20260207_100000.BIN,10.8018,24.6130,9.9330,24.6130,1.4410,1,7.460,7.766
176,DATA_20260207_100000.BIN,9.9330,25.6507,8.4974,25.6507,4.4220,1,3.452,3.557
177,DATA_20260207_100000.BIN,6.4965,20.3012,7.4105,20.3012,1.9800,1,14.992,16.814
178,DATA_20260207_100000.BIN,3.6772,20.2645,7.1887,20.2645,6.0500,1,11.228,11.557
179,DATA_20260207_100000.BIN,1.2751,13.3239,2.1978,13.3239,9.9660,1,8.628,8.860
180,DATA_20260207_100000.BIN,4.1150,13.5048,2.1181,13.5048,5.1920,1,13.774,14.255
181,DATA_20260207_100000.BIN,9.2214,23.9030,11.1596,23.9030,1.4740,1,6.747,7.282
182,DATA_20260207_100000.BIN,4.4217,21.6672,12.9610,21.6672,1.7600,1,4.455,6.235
183,DATA_20260207_100000.BIN,12.9610,23.5109,6.7883,23.5109,2.6400,1,12.083,12.579
184,DATA_20260207_100000.BIN,6.7883,22.1297,9.6266,22.1297,1.8260,1,2.732,2.803
185,DATA_20260207_100000.BIN,9.6266,24.3209,12.3044,24.3209,4.2680,1,6.019,6.618
186,DATA_20260207_100000.BIN,10.3704,22.5340,9.3904,22.5340,2.1780,1,7.069,8.243
187,DATA_20260207_100000.BIN,9.3904,22.3887,7.2000,22.3887,1.1880,1,4.922,6.572
188,DATA_20260207_100000.BIN,7.2000,24.9813,5.1274,24.9813,1.7380,1,5.863,5.887
189,DATA_20260207_100000.BIN,5.1274,25.5139,2.9800,25.5139,3.8170,1,6.833,7.127
190,DATA_20260207_100000.BIN,13.5036,25.4429,4.3381,25.4429,2.2550,1,20.558,24.440
191,DATA_20260207_100000.BIN,4.3381,18.5343,1.3140,18.5343,4.3670,1,3.049,3.203
192,DATA_20260207_100000.BIN,8.1680,21.9509,8.6386,21.9509,2.7610,1,5.070,5.770
193,DATA_20260207_100000.BIN,8.6386,25.8170,0.8436,25.8170,7.3480,1,5.405,5.611
194,DATA_20260207_100000.BIN,0.8436,22.5702,2.6633,22.5702,2.7060,1,7.138,7.140
195,DATA_20260207_100000.BIN,6.3979,19.6750,4.1845,19.6750,2.6950,1,16.142,16.315
196,DATA_20260207_100000.BIN,4.1845,20.4332,2.7258,20.4332,1.2760,1,9.697,10.013
197,DATA_20260207_100000.BIN,2.7258,19.6110,7.0848,19.6110,3.9930,1,1.750,2.961
198,DATA_20260207_100000.BIN,7.0848,23.6136,6.5643,23.6136,2.1450,1,8.047,8.080
199,DATA_20260207_100000.BIN,6.5643,22.7041,9.5569,22.7041,2.2770,1,5.143,5.401
200,DATA_20260207_100000.BIN,9.5569,21.4187,6.5401,21.4187,2.5080,1,9.240,10.176
201,DATA_20260207_100000.BIN,2.8929,39.6325,1.2591,39.6325,6.0830,1,2.711,2.796
202,DATA_20260207_100000.BIN,1.2591,18.7523,0.1917,18.7523,4.2570,1,4.622,4.622
203,DATA_20260207_100000.BIN,7.6436,19.4721,4.6441,19.4721,2.0790,1,5.880,6.585
204,DATA_20260207_100000.BIN,4.2430,22.6315,8.5776,22.6315,3.5090,1,7.107,8.295
205,DATA_20260207_100000.BIN,8.5776,39.6246,3.6962,39.6246,8.2390,1,16.353,16.371
206,DATA_20260207_100000.BIN,3.6962,24.6371,1.4238,24.6371,2.4310,1,6.744,7.604
207,DATA_20260207_100000.BIN,1.4238,23.0458,6.6331,23.0458,7.2930,1,2.877,2.953
208,DATA_20260207_100000.BIN,4.9514,23.3104,3.0883,23.3104,3.0690,1,6.288,6.315
209,DATA_20260207_100000.BIN,10.1315,20.0605,8.5376,20.0605,3.3990,1,10.272,14.544
210,DATA_20260207_100000.BIN,2.9203,21.2017,3.8503,21.2017,8.4920,1,7.650,7.910
211,DATA_20260207_100000.BIN,3.8503,24.0583,12.1945,24.0583,7.2600,1,1.982,4.820
212,DATA_20260207_100000.BIN,12.1945,27.8625,7.3678,27.8625,7.8540,1,8.976,14.860
213,DATA_20260207_100000.BIN,7.3678,23.1985,11.2855,23.1985,9.6470,1,4.813,6.713
214,DATA_20260207_100000.BIN,11.2855,27.9473,12.1957,27.9473,5.1040,1,6.819,11.054
215,DATA_20260207_100000.BIN,5.1081,28.7251,3.5537,28.7251,1.4520,1,7.277,7.816
216,DATA_20260207_100000.BIN,0.3288,21.3626,9.4123,21.3626,2.0130,1,6.467,6.788
217,DATA_20260207_100000.BIN,8.4830,20.9095,1.9443,20.9095,2.5740,1,7.610,8.922
218,DATA_20260207_100000.BIN,1.9443,13.5769,1.9103,13.5769,4.2350,1,5.276,5.283
219,DATA_20260207_100000.BIN,1.9103,26.1695,8.1348,26.1695,2.3320,1,5.012,6.414
220,DATA_20260207_100000.BIN,8.1348,16.9406,3.6896,16.9406,3.0580,1,6.824,7.129
221,DATA_20260207_100000.BIN,3.6896,16.7845,2.8431,16.7845,4.8840,1,8.527,8.559
222,DATA_20260207_100000.BIN,2.8431,21.9421,2.4780,21.9421,4.4110,1,7.007,7.059
223,DATA_20260207_100000.BIN,2.4780,21.1114,3.6564,21.1114,5.2030,1,1.117,2.013
224,DATA_20260207_100000.BIN,3.6564,26.0795,5.0059,26.0795,4.8290,1,2.334,2.591
225,DATA_20260207_100000.BIN,5.0059,15.7894,1.7496,15.7894,1.3420,1,7.550,7.786
226,DATA_20260207_100000.BIN,6.8720,26.4019,7.5407,26.4019,3.0360,1,11.557,11.961
227,DATA_20260207_100000.BIN,7.5407,27.9204,2.7212,27.9204,8.3270,1,7.926,8.740
228,DATA_20260207_100000.BIN,2.7212,33.9004,6.0090,33.9004,3.5310,1,1.522,1.551
229,DATA_20260207_100000.BIN,1.5822,20.0521,2.3774,20.0521,1.2210,1,5.394,5.888
230,DATA_20260207_100000.BIN,2.3774,26.3797,11.1611,26.3797,2.9810,1,6.214,6.234
231,DATA_20260207_100000.BIN,11.1611,25.2663,8.6303,25.2663,1.2320,1,14.276,15.013
232,DATA_20260207_100000.BIN,8.6303,22.3067,12.7568,22.3067,2.7060,1,7.689,9.856
233,DATA_20260207_100000.BIN,7.8814,22.2799,12.0125,22.2799,3.2560,1,6.084,6.408
234,DATA_20260207_100000.BIN,12.0125,29.4027,8.1784,29.4027,2.7500,1,11.397,11.909
235,DATA_20260207_100000.BIN,8.1784,36.4228,6.9135,36.4228,2.6950,1,15.616,15.625
236,DATA_20260207_100000.BIN,17.2798,27.9264,11.1026,27.9264,3.0360,1,12.130,18.169
237,DATA_20260207_100000.BIN,3.6107,21.3541,9.1925,21.3541,1.5840,1,5.631,6.397
238,DATA_20260207_100000.BIN,9.1925,23.1365,1.6456,23.1365,1.9690,1,14.699,14.758
239,DATA_20260207_100000.BIN,1.6456,38.4559,5.3364,38.4559,3.4980,1,5.882,5.904
240,DATA_20260207_100000.BIN,5.3364,18.2201,3.2374,18.2201,3.5200,1,9.215,9.262
241,DATA_20260207_100000.BIN,3.2374,13.4191,2.2824,13.4191,4.5430,1,3.917,3.917
242,DATA_20260207_100000.BIN,2.2824,19.5690,4.9878,19.5690,2.7170,1,5.798,5.909
243,DATA_20260207_100000.BIN,4.9878,20.4951,6.4443,20.4951,1.4960,1,1.033,3.936
244,DATA_20260207_100000.BIN,6.4443,23.8110,1.5913,23.8110,1.6390,1,6.250,6.409
245,DATA_20260207_100000.BIN,1.5913,15.8356,1.7754,15.8356,3.3330,1,6.216,6.294
246,DATA_20260207_100000.BIN,8.3754,23.0987,0.5997,23.0987,1.5290,1,12.497,12.561
247,DATA_20260207_100000.BIN,0.5997,20.1413,4.2069,20.1413,3.7840,1,1.993,2.257
248,DATA_20260207_100000.BIN,4.2069,19.5178,9.7358,19.5178,2.1560,1,1.343,2.488
249,DATA_20260207_100000.BIN,9.7358,24.7295,4.5291,24.7295,1.3970,1,7.816,9.760
250,DATA_20260207_100000.BIN,4.5291,21.5419,2.2982,21.5419,3.0800,1,7.785,7.921
251,DATA_20260207_100000.BIN,2.2982,20.0102,4.8416,20.0102,1.0340,1,5.609,6.720
252,DATA_20260207_100000.BIN,4.8416,22.5630,10.1747,22.5630,1.8150,1,6.749,6.750
253,DATA_20260207_100000.BIN,5.2148,24.5461,7.5016,24.5461,2.8820,1,4.210,5.490
254,DATA_20260207_100000.BIN,5.3221,27.5540,10.6336,27.5540,4.9170,1,9.009,9.074
255,DATA_20260207_100000.BIN,10.6336,24.7067,5.3277,24.7067,3.1900,1,14.619,14.880
256,DATA_20260207_100000.BIN,5.3277,18.4434,4.2300,18.4434,1.1880,1,5.634,5.769
257,DATA_20260207_100000.BIN,4.2300,26.1202,5.5318,26.1202,8.5030,1,4.817,7.366
258,DATA_20260207_100000.BIN,5.5318,30.2731,0.8042,30.2731,5.9400,1,7.529,7.604
259,DATA_20260207_100000.BIN,10.6439,26.9773,15.0183,26.9773,4.9610,1,12.318,12.339
260,DATA_20260207_100000.BIN,4.7616,26.7194,4.8688,26.7194,1.7820,1,7.308,7.324
261,DATA_20260207_100000.BIN,4.8688,23.4775,9.5173,23.4775,1.7050,1,1.034,2.139
262,DATA_20260207_100000.BIN,9.5173,22.0816,6.1848,22.0816,1.3970,1,6.400,7.896
263,DATA_20260207_100000.BIN,6.1848,69.0833,2.2228,69.0833,3.6190,1,2.304,3.236
264,DATA_20260207_100000.BIN,2.2228,19.3115,4.8134,19.3115,1.0780,1,3.184,3.355
265,DATA_20260207_100000.BIN,4.8134,25.5804,2.3272,25.5804,1.4850,1,3.543,3.585
266,DATA_20260207_100000.BIN,2.3199,16.8265,0.8799,16.8265,3.3660,1,7.028,7.712
267,DATA_20260207_100000.BIN,0.8799,13.0890,1.7258,13.0890,1.8700,1,2.773,5.207
268,DATA_20260207_100000.BIN,4.8453,24.9663,10.0150,24.9663,1.6170,1,1.305,2.893
269,DATA_20260207_100000.BIN,10.0150,24.9426,12.8818,24.9426,8.1950,1,7.894,10.168
270,DATA_20260207_100000.BIN,12.8818,40.1269,6.3289,40.1269,3.8940,1,20.091,21.141
271,DATA_20260207_100000.BIN,6.3289,44.8031,4.8286,44.8031,8.2390,1,4.780,5.193
272,DATA_20260207_100000.BIN,4.8286,17.1825,0.7401,17.1825,3.6410,1,5.811,6.345
273,DATA_20260207_100000.BIN,9.4698,22.4642,5.9473,22.4642,1.6830,1,12.059,12.182
274,DATA_20260207_100000.BIN,5.9473,23.8816,1.7627,23.8816,1.9690,1,4.088,4.740
275,DATA_20260207_100000.BIN,1.7627,23.8806,3.0083,23.8806,5.5220,1,3.196,6.446
276,DATA_20260207_100000.BIN,3.0083,23.0183,4.5077,23.0183,1.6280,1,3.807,3.847
277,DATA_20260207_100000.BIN,4.5077,23.8956,9.7617,23.8956,1.4630,1,4.340,4.349
278,DATA_20260207_100000.BIN,9.7617,24.6946,6.6041,24.6946,1.3640,1,7.348,8.619
279,DATA_20260207_100000.BIN,13.7920,41.0013,10.3844,41.0013,6.9080,1,18.528,18.720
280,DATA_20260207_100000.BIN,1.1727,25.3906,4.3894,25.3906,1.1110,1,2.996,3.456
281,DATA_20260207_100000.BIN,4.3894,18.5453,5.7215,18.5453,3.2120,1,9.085,9.356
282,DATA_20260207_100000.BIN,16.0525,47.6392,6.8586,47.6392,3.0690,1,20.590,20.593
283,DATA_20260207_100000.BIN,6.8004,42.2802,5.9293,42.2802,4.8840,1,7.516,8.274
284,DATA_20260207_100000.BIN,3.8482,20.7525,5.4732,20.7525,1.2760,1,3.826,4.371
285,DATA_20260207_100000.BIN,5.4732,20.3205,6.3654,20.3205,1.1880,1,4.927,6.602
286,DATA_20260207_100000.BIN,6.3654,31.5961,10.1661,31.5961,2.4860,1,4.471,5.587
287,DATA_20260207_100000.BIN,10.1661,69.9620,7.4375,69.9620,4.1250,1,7.382,9.089
288,DATA_20260207_100000.BIN,7.4375,18.6320,4.5990,18.6320,1.3640,1,3.914,4.384
289,DATA_20260207_100000.BIN,4.5990,26.2238,2.2173,26.2238,1.4960,1,0.381,0.857
290,DATA_20260207_100000.BIN,2.2173,16.3101,2.9482,16.3101,6.7870,1,7.299,7.730
291,DATA_20260207_100000.BIN,2.9482,24.4283,11.4327,24.4283,1.7710,1,5.145,8.066
292,DATA_20260207_100000.BIN,11.4327,26.6859,10.2233,26.6859,1.2650,1,10.627,12.438
293,DATA_20260207_100000.BIN,9.8453,36.4008,0.8994,36.4008,3.3220,1,10.906,10.907
294,DATA_20260207_100000.BIN,0.8994,34.8557,6.4257,34.8557,7.5790,1,2.557,5.453
295,DATA_20260207_100000.BIN,6.4257,40.7983,13.9597,40.7983,3.0360,1,6.221,6.223
296,DATA_20260207_100000.BIN,6.2670,32.2891,3.6117,32.2891,3.8060,1,3.126,5.315
297,DATA_20260207_100000.BIN,3.6117,35.5540,5.3845,35.5540,4.0040,1,6.635,7.076
298,DATA_20260207_100000.BIN,1.9242,34.1226,16.3730,34.1226,1.5070,1,3.810,4.279
299,DATA_20260207_100000.BIN,8.0325,46.2793,2.4693,46.2793,2.9810,1,3.529,5.877
300,DATA_20260207_100000.BIN,4.1708,40.6434,7.6379,40.6434,2.2990,1,2.144,4.086
301,DATA_20260207_100000.BIN,7.6379,26.0506,2.5192,26.0506,6.6440,1,10.292,10.292
302,DATA_20260207_100000.BIN,8.9736,35.9377,12.3508,35.9377,6.6880,1,4.085,6.927
303,DATA_20260207_100000.BIN,12.3508,23.8314,6.0058,23.8314,2.3650,1,17.266,17.289
304,DATA_20260207_100000.BIN,4.7411,22.4882,1.9532,22.4882,1.4740,1,6.779,7.927
305,DATA_20260207_100000.BIN,2.3518,20.0590,2.8042,20.0590,1.8040,1,8.657,9.178
306,DATA_20260207_100000.BIN,2.8042,26.0400,3.7414,26.0400,1.8370,1,3.355,4.347
307,DATA_20260207_100000.BIN,10.1145,21.9722,7.6910,21.9722,4.0700,1,11.804,12.849
308,DATA_20260207_100000.BIN,7.6910,22.4535,2.6107,22.4535,2.7060,1,8.370,8.516
309,DATA_20260207_100000.BIN,2.6107,20.8152,3.7379,20.8152,1.5070,1,5.127,5.908
310,DATA_20260207_100000.BIN,3.7379,68.2699,8.9753,68.2699,4.8950,1,0.761,1.193
311,DATA_20260207_100000.BIN,13.3627,24.8851,16.0775,24.8851,2.1780,1,11.331,13.806
312,DATA_20260207_100000.BIN,24.0053,36.8325,25.6997,36.8325,3.7510,1,44.736,169.380
313,DATA_20260207_100000.BIN,27.2723,35.1996,15.9164,35.1996,5.6980,1,65.252,159.965
314,DATA_20260207_100000.BIN,15.9164,38.3565,26.2645,38.3565,8.5910,1,40.927,135.456
315,DATA_20260207_100000.BIN,28.4003,40.9038,28.5751,40.9038,3.1460,1,59.567,133.209
316,DATA_20260207_100000.BIN,28.5751,41.7686,30.5253,41.7686,4.9390,1,56.651,119.336
317,DATA_20260207_100000.BIN,30.5253,40.2306,28.7484,40.2306,2.3430,1,51.183,107.282
318,DATA_20260207_100000.BIN,28.7484,41.3737,29.8448,41.3737,5.3240,1,46.521,98.071
319,DATA_20260207_100000.BIN,29.8448,41.3076,28.7597,41.3076,8.7120,1,44.198,82.755
320,DATA_20260207_100000.BIN,13.2358,30.5521,21.5116,30.5521,4.4000,1,13.553,74.215
321,DATA_20260207_100000.BIN,21.7029,47.9365,32.4220,47.9365,2.6620,1,14.287,73.117
322,DATA_20260207_100000.BIN,32.7903,42.1620,21.2109,42.1620,2.9700,1,44.078,76.933
323,DATA_20260207_100000.BIN,21.2109,36.9500,26.3802,36.9500,4.3340,1,14.577,66.059
324,DATA_20260207_100000.BIN,29.9647,43.0324,33.6481,43.0324,3.1240,1,38.646,68.988
325,DATA_20260207_100000.BIN,18.4794,40.1858,28.2591,40.1858,3.5090,1,13.241,52.198
326,DATA_20260207_100000.BIN,28.2591,40.4134,30.0530,40.4134,8.6350,1,24.118,45.103
327,DATA_20260207_100000.BIN,15.4496,37.5471,27.0767,37.5471,3.4430,1,12.093,45.268
328,DATA_20260207_100000.BIN,21.3013,31.7444,22.1360,31.7444,8.9100,1,15.129,41.554
329,DATA_20260207_100000.BIN,30.0809,40.5033,27.2010,40.5033,1.8040,1,32.162,49.509
330,DATA_20260207_100000.BIN,27.2010,36.8900,28.0204,36.8900,2.5520,1,24.527,41.027
331,DATA_20260207_100000.BIN,30.5741,45.1856,29.2644,45.1856,7.0840,1,26.707,38.645
332,DATA_20260207_100000.BIN,25.0086,44.0169,25.6944,44.0169,4.6310,1,13.665,29.356
333,DATA_20260207_100000.BIN,25.6944,36.4085,19.7562,36.4085,4.6420,1,14.089,27.865
334,DATA_20260207_110000.BIN,4.1302,35.3150,14.7528,35.3150,4.3560,1,7.850,9.436
335,DATA_20260207_110000.BIN,14.7528,45.0962,10.3715,45.0962,5.8410,1,5.115,5.498
336,DATA_20260207_110000.BIN,9.7207,17.6319,4.3439,17.6319,4.2350,1,1.211,3.828
337,DATA_20260207_110000.BIN,6.6076,16.5048,6.3939,16.5048,5.3900,1,8.963,9.720
338,DATA_20260207_110000.BIN,6.3939,18.1451,8.4963,18.1451,2.4750,1,5.238,5.300
339,DATA_20260207_110000.BIN,11.0278,18.5841,11.8694,18.5841,7.0070,1,3.707,4.042
340,DATA_20260207_110000.BIN,11.8694,19.5031,6.8808,19.5031,4.7080,1,3.062,3.481
341,DATA_20260207_110000.BIN,12.3669,19.6750,10.1669,19.6750,3.0910,1,2.847,4.537
342,DATA_20260207_110000.BIN,23.5586,30.0428,11.3267,30.0428,3.1570,1,15.596,17.064
343,DATA_20260207_110000.BIN,11.5380,19.0264,10.2013,19.0264,6.6880,1,4.877,4.890
344,DATA_20260207_110000.BIN,10.2013,19.0269,9.3515,19.0269,4.7850,1,6.192,6.252
345,DATA_20260207_110000.BIN,9.3515,25.4116,9.8584,25.4116,4.6310,1,4.707,5.000
346,DATA_20260207_110000.BIN,4.0521,14.9521,7.0419,14.9521,2.4530,1,11.608,12.653
347,DATA_20260207_110000.BIN,1.6483,29.8828,11.6901,29.8828,3.1020,1,10.972,11.832
348,DATA_20260207_110000.BIN,11.6901,24.1610,14.8914,24.1610,2.8600,1,3.401,3.495
349,DATA_20260207_110000.BIN,31.4972,53.3654,27.7157,53.3654,7.6450,1,26.821,27.998
350,DATA_20260207_110000.BIN,27.7157,47.1671,8.5285,47.1671,7.2600,1,19.320,21.227
351,DATA_20260207_110000.BIN,8.5285,25.8550,10.1461,25.8550,8.8990,1,5.991,7.731
352,DATA_20260207_110000.BIN,9.4443,31.4290,8.0770,31.4290,3.8940,1,5.641,6.902
353,DATA_20260207_110000.BIN,4.7210,33.0071,15.9935,33.0071,3.5750,1,10.706,10.748
354,DATA_20260207_110000.BIN,9.5478,19.8206,7.6341,19.8206,3.8280,1,1.820,2.363
355,DATA_20260207_110000.BIN,7.6341,20.0847,6.0957,20.0847,4.0260,1,5.071,7.204
356,DATA_20260207_110000.BIN,7.2337,20.2005,5.5653,20.2005,4.1360,1,5.707,5.881
357,DATA_20260207_110000.BIN,5.5653,22.4675,0.6739,22.4675,2.5960,1,8.758,8.758
358,DATA_20260207_110000.BIN,3.1291,20.8151,10.3738,20.8151,3.0470,1,8.335,12.120
359,DATA_20260207_110000.BIN,8.5759,20.3632,8.1233,20.3632,5.6760,1,4.842,5.706
360,DATA_20260207_110000.BIN,8.1233,17.0760,3.8116,17.0760,4.0590,1,6.310,6.543
361,DATA_20260207_110000.BIN,3.8116,14.1566,6.7505,14.1566,2.2880,1,8.071,8.323
362,DATA_20260207_110000.BIN,6.7505,19.4099,8.7929,19.4099,4.1800,1,1.953,2.088
363,DATA_20260207_110000.BIN,8.7929,19.3745,7.6959,19.3745,4.2900,1,2.660,4.195
364,DATA_20260207_110000.BIN,4.8164,47.7351,38.0665,47.7351,3.8940,1,6.619,7.345
365,DATA_20260207_110000.BIN,38.0665,48.1943,5.3299,48.1943,2.4310,1,39.729,39.941
366,DATA_20260207_110000.BIN,5.3299,21.2652,1.1062,21.2652,2.7170,1,10.248,10.694
367,DATA_20260207_110000.BIN,10.3818,27.4354,1.6461,27.4354,4.5870,1,9.411,10.182
368,DATA_20260207_110000.BIN,1.6461,24.7334,16.3788,24.7334,2.8160,1,11.917,12.748
369,DATA_20260207_110000.BIN,16.3788,45.1020,6.3741,45.1020,4.1910,1,14.832,14.897
370,DATA_20260207_110000.BIN,6.3741,49.0919,4.4005,49.0919,7.5460,1,4.147,4.472
371,DATA_20260207_110000.BIN,4.4005,20.4513,9.2200,20.4513,3.2560,1,4.859,4.996
372,DATA_20260207_110000.BIN,8.8535,38.3077,7.3799,38.3077,5.1370,1,2.331,3.026
373,DATA_20260207_110000.BIN,23.6673,54.7829,1.2354,54.7829,4.5650,1,19.009,20.860
374,DATA_20260207_110000.BIN,1.2354,14.2508,2.6663,14.2508,3.7950,1,10.074,10.123
375,DATA_20260207_110000.BIN,2.6663,13.7486,2.7636,13.7486,3.3770,1,7.535,7.770
376,DATA_20260207_110000.BIN,2.7636,38.4919,18.2027,38.4919,5.4230,1,8.495,8.547
377,DATA_20260207_110000.BIN,18.2027,52.1091,20.9510,52.1091,3.5530,1,14.480,15.803
378,DATA_20260207_110000.BIN,20.9510,40.9545,1.3858,40.9545,5.5440,1,15.092,15.728
379,DATA_20260207_110000.BIN,1.3858,20.3951,8.9832,20.3951,2.6290,1,10.938,10.987
380,DATA_20260207_110000.BIN,8.9832,18.5081,11.2932,18.5081,1.4080,1,5.927,5.928
381,DATA_20260207_110000.BIN,5.7604,18.4150,11.4809,18.4150,3.4320,1,3.410,3.495
382,DATA_20260207_110000.BIN,3.5472,32.3669,3.0190,32.3669,5.6430,1,7.200,7.439
383,DATA_20260207_110000.BIN,3.0190,17.9998,3.5778,17.9998,5.3350,1,5.316,6.530
384,DATA_20260207_110000.BIN,3.5778,18.6070,8.4807,18.6070,5.0820,1,4.287,5.517
385,DATA_20260207_110000.BIN,8.4807,18.1661,8.8016,18.1661,2.4310,1,3.974,6.506
386,DATA_20260207_110000.BIN,9.9564,18.0533,8.6294,18.0533,2.3100,1,4.910,6.110
387,DATA_20260207_110000.BIN,8.6294,17.3465,2.9647,17.3465,4.8070,1,2.160,3.537
388,DATA_20260207_110000.BIN,2.9647,19.4806,3.8838,19.4806,2.6400,1,5.570,5.583
389,DATA_20260207_110000.BIN,3.8838,50.3889,6.6436,50.3889,4.4990,1,4.647,4.794
390,DATA_20260207_110000.BIN,6.6436,22.4445,10.3198,22.4445,4.5540,1,0.430,2.397
391,DATA_20260207_110000.BIN,10.3198,50.9642,17.2994,50.9642,4.3120,1,4.659,5.477
392,DATA_20260207_110000.BIN,17.2994,54.6807,6.8584,54.6807,4.7960,1,12.246,12.888
393,DATA_20260207_110000.BIN,6.8584,19.9840,10.0424,19.9840,5.7750,1,1.343,2.695
394,DATA_20260207_110000.BIN,10.0424,19.6892,10.4936,19.6892,3.5860,1,6.709,6.797
395,DATA_20260207_110000.BIN,11.0421,21.2699,11.5930,21.2699,5.4780,1,3.730,3.828
396,DATA_20260207_110000.BIN,9.0527,26.3961,8.2433,26.3961,2.9700,1,2.337,2.338
397,DATA_20260207_110000.BIN,8.2433,35.3497,11.9177,35.3497,3.6300,1,6.822,6.824
398,DATA_20260207_110000.BIN,13.1912,24.3021,4.7841,24.3021,1.8590,1,26.885,41.007
399,DATA_20260207_110000.BIN,10.0938,18.6146,5.7627,18.6146,2.5410,1,21.046,36.682
400,DATA_20260207_110000.BIN,5.7627,36.5556,7.5858,36.5556,2.6620,1,2.950,9.537
401,DATA_20260207_110000.BIN,7.5858,17.0387,5.8158,17.0387,4.4330,1,8.453,9.108
402,DATA_20260207_110000.BIN,5.8158,52.6491,13.1593,52.6491,6.0720,1,3.734,6.825
403,DATA_20260207_110000.BIN,16.0151,55.6249,7.2302,55.6249,4.1140,1,14.591,21.454
404,DATA_20260207_110000.BIN,7.2302,16.5532,6.8891,16.5532,4.1470,1,3.812,7.026
405,DATA_20260207_110000.BIN,6.8891,15.2123,7.9673,15.2123,2.5630,1,1.451,4.205
406,DATA_20260207_110000.BIN,14.0116,32.5992,11.8453,32.5992,3.6190,1,9.629,13.639
407,DATA_20260207_110000.BIN,11.8453,20.1742,2.0183,20.1742,2.3980,1,22.644,26.013
408,DATA_20260207_110000.BIN,7.4960,21.4385,8.7211,21.4385,3.3880,1,11.740,34.449
409,DATA_20260207_110000.BIN,13.4645,28.5434,1.2283,28.5434,5.1590,1,20.562,20.839
410,DATA_20260207_110000.BIN,1.2283,28.3564,9.3828,28.3564,3.3880,1,3.066,9.013
411,DATA_20260207_110000.BIN,9.3828,28.2141,1.7165,28.2141,9.7680,1,9.050,15.393
412,DATA_20260207_110000.BIN,6.5261,18.3867,2.9775,18.3867,3.0580,1,8.895,15.990
413,DATA_20260207_110000.BIN,2.9775,14.5522,4.2312,14.5522,1.3090,1,3.751,12.087
414,DATA_20260207_110000.BIN,4.2312,14.0737,4.2551,14.0737,2.1120,1,3.414,12.362
415,DATA_20260207_110000.BIN,4.2551,11.5162,3.2739,11.5162,2.2550,1,1.911,7.261
416,DATA_20260207_110000.BIN,6.7497,14.8344,2.6822,14.8344,2.3980,1,6.892,9.076
417,DATA_20260207_110000.BIN,0.3125,8.6902,1.6945,8.6902,9.6690,1,3.128,8.131
418,DATA_20260207_110000.BIN,2.3525,11.3965,2.6053,11.3965,1.2320,1,1.294,3.206
419,DATA_20260207_110000.BIN,2.1834,12.0026,3.2049,12.0026,2.0680,1,1.610,4.383
420,DATA_20260207_110000.BIN,3.2049,10.8736,3.3018,10.8736,4.5870,1,1.533,3.689
421,DATA_20260207_110000.BIN,1.7048,13.1178,0.9027,13.1178,8.5470,1,2.005,3.585
422,DATA_20260207_110000.BIN,0.9027,10.9551,0.9677,10.9551,1.0560,1,2.492,5.763
423,DATA_20260207_110000.BIN,0.9677,13.7602,2.4142,13.7602,6.8090,1,1.855,3.741
424,DATA_20260207_110000.BIN,4.8211,14.0370,4.9101,14.0370,2.3320,1,3.423,4.718
425,DATA_20260207_110000.BIN,4.9101,13.6067,5.2811,13.6067,1.1660,1,3.178,4.562
426,DATA_20260207_110000.BIN,3.7034,13.7643,1.7692,13.7643,1.2210,1,1.385,2.660
427,DATA_20260207_110000.BIN,4.5697,13.8265,2.2627,13.8265,2.9370,1,6.045,6.818
428,DATA_20260207_110000.BIN,2.2627,11.0206,3.0779,11.0206,3.3660,1,0.362,3.212
429,DATA_20260207_110000.BIN,1.8750,8.6694,1.9285,8.6694,2.0790,1,2.729,2.801
430,DATA_20260207_110000.BIN,1.9285,9.4936,0.4605,9.4936,4.3450,1,5.280,5.759
431,DATA_20260207_110000.BIN,0.4605,12.4500,1.5430,12.4500,3.6410,1,2.415,3.486
432,DATA_20260207_110000.BIN,0.4499,10.4737,0.2588,10.4737,4.5320,1,1.336,2.671
433,DATA_20260207_110000.BIN,0.9117,14.0031,0.8476,14.0031,9.4930,1,0.883,0.966
434,DATA_20260207_110000.BIN,0.8476,7.9976,2.2815,7.9976,7.9310,1,1.911,4.928
435,DATA_20260207_110000.BIN,2.2815,12.8778,2.4784,12.8778,3.1130,1,3.919,4.187
436,DATA_20260207_110000.BIN,2.4784,10.1396,3.3750,10.1396,7.3920,1,3.876,4.120
437,DATA_20260207_110000.BIN,3.3750,13.7752,4.0844,13.7752,8.0520,1,4.716,6.441
438,DATA_20260207_110000.BIN,4.0844,11.4659,0.7351,11.4659,4.4110,1,5.470,9.000
439,DATA_20260207_110000.BIN,0.7351,22.8759,11.1966,22.8759,5.7970,1,1.438,1.779
440,DATA_20260207_110000.BIN,2.7912,12.5060,2.8352,12.5060,1.2760,1,3.483,4.130
441,DATA_20260207_110000.BIN,3.3279,12.0464,2.4495,12.0464,3.2230,1,3.705,4.074
442,DATA_20260207_110000.BIN,2.3537,12.3895,1.4891,12.3895,1.1330,1,2.297,2.892
443,DATA_20260207_110000.BIN,1.4891,11.9379,1.6494,11.9379,1.1330,1,1.201,1.261
444,DATA_20260207_110000.BIN,1.6494,11.5556,2.9004,11.5556,1.1330,1,1.162,1.198
445,DATA_20260207_110000.BIN,3.1926,14.9126,4.4394,14.9126,1.1660,1,2.736,2.889
446,DATA_20260207_110000.BIN,4.4394,14.1067,4.1386,14.1067,1.1990,1,3.881,3.882
447,DATA_20260207_110000.BIN,4.1386,13.5391,4.5898,13.5391,1.1550,1,3.532,3.871
448,DATA_20260207_110000.BIN,4.0117,14.1679,3.6761,14.1679,1.1330,1,2.950,3.593
449,DATA_20260207_110000.BIN,3.6761,15.1306,6.0683,15.1306,2.3210,1,2.187,2.761
450,DATA_20260207_110000.BIN,4.7861,15.8865,4.2026,15.8865,1.2100,1,3.813,4.102
451,DATA_20260207_110000.BIN,4.2026,13.3918,4.7566,13.3918,1.1880,1,3.920,3.926
452,DATA_20260207_110000.BIN,4.7566,13.4838,5.1221,13.4838,1.1880,1,2.881,2.910
453,DATA_20260207_110000.BIN,5.1221,12.6972,4.3307,12.6972,1.2100,1,3.370,3.377
454,DATA_20260207_110000.BIN,6.1632,15.5985,6.1791,15.5985,1.1770,1,4.005,4.120
455,DATA_20260207_110000.BIN,6.1791,16.0553,5.2270,16.0553,1.1550,1,3.831,3.843
456,DATA_20260207_110000.BIN,5.2270,13.7920,4.7354,13.7920,1.1440,1,2.899,3.046
457,DATA_20260207_110000.BIN,4.7354,14.1977,4.2655,14.1977,1.1990,1,2.090,2.143
458,DATA_20260207_110000.BIN,4.9101,15.6726,6.8856,15.6726,1.1990,1,1.579,1.586
459,DATA_20260207_110000.BIN,6.8856,16.6649,7.9695,16.6649,1.1550,1,3.853,3.962
460,DATA_20260207_110000.BIN,7.9695,17.3318,6.6829,17.3318,1.1550,1,4.452,4.886
461,DATA_20260207_110000.BIN,6.6829,16.1842,6.1043,16.1842,1.1330,1,2.634,2.868
462,DATA_20260207_110000.BIN,6.1043,15.2758,5.1974,15.2758,1.2100,1,3.302,3.309
463,DATA_20260207_110000.BIN,5.1974,15.4508,5.0430,15.4508,1.2650,1,3.272,3.610
464,DATA_20260207_110000.BIN,5.1285,13.8781,4.9660,13.8781,1.2540,1,1.340,1.349
465,DATA_20260207_110000.BIN,6.9499,14.8868,4.9770,14.8868,1.2430,1,2.298,4.245
466,DATA_20260207_110000.BIN,4.9770,14.1965,1.5410,14.1965,2.3100,1,1.508,1.579
467,DATA_20260207_110000.BIN,1.5410,12.0908,3.3417,12.0908,1.3200,1,4.717,5.115
468,DATA_20260207_110000.BIN,2.5761,14.8689,5.4791,14.8689,1.2650,1,5.133,5.488
469,DATA_20260207_110000.BIN,5.4791,13.5904,4.7969,13.5904,1.1550,1,1.512,1.831
470,DATA_20260207_110000.BIN,4.2788,13.3994,4.8714,13.3994,1.2210,1,0.997,1.186
471,DATA_20260207_110000.BIN,4.9688,13.8025,4.1061,13.8025,2.5410,1,1.620,2.047
472,DATA_20260207_110000.BIN,4.1061,16.4604,5.6146,16.4604,2.5520,1,0.416,1.815
473,DATA_20260207_110000.BIN,2.5084,9.9178,1.3423,9.9178,2.6730,1,2.532,2.710
474,DATA_20260207_110000.BIN,1.3423,12.7937,3.5387,12.7937,2.2770,1,6.070,7.086
475,DATA_20260207_110000.BIN,3.5387,17.3778,9.4403,17.3778,3.2780,1,3.714,3.739
476,DATA_20260207_110000.BIN,9.4403,26.1415,11.9720,26.1415,2.2880,1,6.966,7.004
477,DATA_20260207_110000.BIN,7.6132,18.7716,6.6608,18.7716,1.3640,1,4.226,4.710
478,DATA_20260207_110000.BIN,1.0511,11.6182,1.0529,11.6182,1.3310,1,4.103,4.504
479,DATA_20260207_110000.BIN,3.0941,11.5357,3.2022,11.5357,2.5080,1,3.211,3.223
480,DATA_20260207_110000.BIN,0.5333,13.0015,2.7078,13.0015,1.3750,1,4.499,4.502
481,DATA_20260207_110000.BIN,2.6070,11.9466,2.4827,11.9466,1.2430,1,2.196,2.456
482,DATA_20260207_110000.BIN,2.4827,15.0549,4.2752,15.0549,1.3750,1,1.044,1.415
483,DATA_20260207_110000.BIN,3.9685,15.6757,3.4401,15.6757,2.7610,1,3.600,4.628
484,DATA_20260207_110000.BIN,3.4401,14.7967,4.0715,14.7967,1.2980,1,1.181,1.555
485,DATA_20260207_110000.BIN,4.0715,19.5738,6.3451,19.5738,1.9800,1,1.098,2.070
486,DATA_20260207_110000.BIN,6.3451,18.9069,1.7340,18.9069,2.4860,1,6.090,6.171
487,DATA_20260207_110000.BIN,1.2924,26.5039,0.7512,26.5039,4.9940,1,3.753,3.982
488,DATA_20260207_110000.BIN,0.7512,10.2100,0.8357,10.2100,7.5460,1,3.978,4.320
489,DATA_20260207_110000.BIN,0.8357,10.2411,3.3011,10.2411,2.4310,1,2.649,3.317
490,DATA_20260207_110000.BIN,1.1160,11.0170,0.5794,11.0170,1.7600,1,4.247,4.248
491,DATA_20260207_110000.BIN,0.5794,17.2657,0.2778,17.2657,8.8990,1,2.959,2.960
492,DATA_20260207_110000.BIN,0.2778,9.2930,0.6606,9.2930,8.5470,1,1.955,3.669
493,DATA_20260207_110000.BIN,0.6606,9.4006,2.0651,9.4006,8.5250,1,2.693,2.745
494,DATA_20260207_110000.BIN,1.2018,12.1549,3.1629,12.1549,4.6090,1,2.660,3.002
495,DATA_20260207_110000.BIN,3.1629,14.3435,2.7841,14.3435,1.8040,1,2.177,2.905
496,DATA_20260207_110000.BIN,2.7841,12.4510,0.9424,12.4510,1.9140,1,2.098,2.219
497,DATA_20260207_110000.BIN,0.9424,9.4711,2.1042,9.4711,2.5190,1,0.730,0.746
498,DATA_20260207_110000.BIN,2.1042,12.3206,2.6319,12.3206,1.4960,1,2.307,2.993
499,DATA_20260207_110000.BIN,2.6319,12.0450,0.1176,12.0450,4.2900,1,1.451,1.456
500,DATA_20260207_110000.BIN,0.1176,12.1740,0.4313,12.1740,3.1130,1,2.006,3.841
501,DATA_20260207_110000.BIN,0.4313,11.0591,0.5547,11.0591,1.4850,1,1.166,1.543
502,DATA_20260207_110000.BIN,0.5547,9.5351,0.5496,9.5351,1.3860,1,1.903,2.125
503,DATA_20260207_110000.BIN,0.5496,10.3432,2.2135,10.3432,1.5070,1,0.913,1.329
504,DATA_20260207_110000.BIN,1.0954,10.5555,1.4935,10.5555,1.2760,1,1.648,1.679
505,DATA_20260207_110000.BIN,1.4935,10.1411,1.8827,10.1411,3.8170,1,2.966,3.005
506,DATA_20260207_110000.BIN,0.2788,12.1314,1.3439,12.1314,1.3310,1,1.178,1.273
507,DATA_20260207_110000.BIN,2.3191,9.3493,0.9416,9.3493,1.5180,1,2.797,3.043
508,DATA_20260207_110000.BIN,1.3471,9.8821,0.8419,9.8821,2.2110,1,1.031,1.192
509,DATA_20260207_110000.BIN,0.8419,8.3145,1.8404,8.3145,6.6000,1,0.460,3.200
510,DATA_20260207_110000.BIN,1.4499,11.3027,2.3955,11.3027,5.0600,1,1.581,2.240
511,DATA_20260207_110000.BIN,2.3955,12.1343,2.5769,12.1343,1.4300,1,2.202,2.560
512,DATA_20260207_110000.BIN,2.5769,11.1924,1.4950,11.1924,1.2540,1,2.279,3.109
513,DATA_20260207_110000.BIN,1.4950,12.2349,3.8630,12.2349,1.3860,1,0.828,1.687
514,DATA_20260207_110000.BIN,0.8867,9.0668,1.1717,9.0668,1.4410,1,0.442,0.678
515,DATA_20260207_110000.BIN,1.1717,8.7815,1.3012,8.7815,1.3750,1,1.251,1.539
516,DATA_20260207_110000.BIN,1.3012,8.7548,1.1492,8.7548,1.5290,1,1.562,1.563
517,DATA_20260207_110000.BIN,1.1492,11.0496,2.1741,11.0496,1.3420,1,1.680,1.693
518,DATA_20260207_110000.BIN,2.1741,10.8427,1.3595,10.8427,1.3970,1,2.169,2.354
519,DATA_20260207_110000.BIN,1.5159,11.3107,1.0956,11.3107,1.5730,1,2.919,3.322
520,DATA_20260207_110000.BIN,1.0956,7.8617,0.5921,7.8617,6.4130,1,1.357,1.375
521,DATA_20260207_110000.BIN,1.9486,21.8392,1.8085,21.8392,2.6950,1,2.972,3.961
522,DATA_20260207_110000.BIN,1.8085,15.2060,2.0928,15.2060,8.0080,1,1.972,3.155
523,DATA_20260207_110000.BIN,4.4895,12.2060,1.5349,12.2060,2.6070,1,4.898,5.245
524,DATA_20260207_110000.BIN,2.9588,15.2157,3.9822,15.2157,4.7740,1,3.999,4.647
525,DATA_20260207_110000.BIN,3.9822,9.9708,1.7891,9.9708,4.6200,1,4.355,5.147
526,DATA_20260207_110000.BIN,5.2508,13.7939,5.4632,13.7939,2.2880,1,6.658,6.772
527,DATA_20260207_110000.BIN,13.9305,21.1886,1.4420,21.1886,4.6860,1,15.689,15.713
528,DATA_20260207_110000.BIN,1.3328,12.7540,2.6210,12.7540,2.4090,1,1.783,2.404
529,DATA_20260207_110000.BIN,2.6210,13.0845,3.9912,13.0845,2.4090,1,4.454,4.665
530,DATA_20260207_110000.BIN,3.9912,12.6203,2.6382,12.6203,1.2430,1,3.524,3.622
531,DATA_20260207_110000.BIN,1.5109,12.4663,3.7688,12.4663,1.3090,1,2.988,3.226
532,DATA_20260207_110000.BIN,2.2333,11.2185,1.2824,11.2185,1.2430,1,4.449,4.585
533,DATA_20260207_110000.BIN,3.5053,12.9619,3.4192,12.9619,1.2320,1,3.847,3.971
534,DATA_20260207_110000.BIN,3.4192,13.7605,5.1936,13.7605,1.2320,1,3.303,3.314
535,DATA_20260207_110000.BIN,5.1936,12.9219,4.9386,12.9219,1.2100,1,5.199,5.288
536,DATA_20260207_110000.BIN,3.6530,14.1439,3.6278,14.1439,1.2210,1,2.646,2.702
537,DATA_20260207_110000.BIN,3.6278,15.4681,3.7269,15.4681,1.3090,1,2.205,2.446
538,DATA_20260207_110000.BIN,0.5894,13.9953,1.7353,13.9953,1.2210,1,2.640,2.730
539,DATA_20260207_110000.BIN,1.7353,12.9371,1.5288,12.9371,1.1770,1,3.275,3.356
540,DATA_20260207_110000.BIN,1.5288,12.7789,1.8653,12.7789,1.1880,1,0.501,0.745
541,DATA_20260207_110000.BIN,1.8653,13.6735,0.5000,13.6735,1.2100,1,1.625,1.686
542,DATA_20260207_110000.BIN,3.9647,16.2535,2.7641,16.2535,1.2100,1,3.855,4.399
543,DATA_20260207_110000.BIN,2.7641,14.0677,3.1086,14.0677,1.2650,1,1.388,1.533
544,DATA_20260207_110000.BIN,3.1086,11.4575,3.8581,11.4575,1.3310,1,1.626,1.630
545,DATA_20260207_110000.BIN,3.8581,11.0884,2.0370,11.0884,1.6060,1,2.988,3.316
546,DATA_20260207_110000.BIN,2.0370,17.2130,8.4015,17.2130,4.1140,1,2.389,2.483
547,DATA_20260207_110000.BIN,8.4015,25.6316,1.4227,25.6316,4.6200,1,8.012,8.892
548,DATA_20260207_110000.BIN,1.4227,28.2165,2.2264,28.2165,3.9930,1,2.040,5.140
549,DATA_20260207_110000.BIN,24.0155,32.3068,7.5549,32.3068,3.5530,1,37.685,49.592
550,DATA_20260207_110000.BIN,12.0038,27.2283,20.0150,27.2283,3.2780,1,14.367,16.997
551,DATA_20260207_110000.BIN,20.0150,32.9320,18.4498,32.9320,6.3140,1,22.433,37.258
552,DATA_20260207_110000.BIN,3.2375,37.7190,0.3765,37.7190,5.6320,1,8.409,15.730
553,DATA_20260207_110000.BIN,2.5036,11.7567,1.7143,11.7567,8.9100,1,6.911,13.822
554,DATA_20260207_110000.BIN,1.8328,9.4216,0.3872,9.4216,5.3350,1,3.582,6.671
555,DATA_20260207_110000.BIN,0.8178,9.0692,0.5955,9.0692,5.0930,1,3.033,11.147
556,DATA_20260207_110000.BIN,3.1955,26.1437,2.2775,26.1437,9.8450,1,7.441,13.052
557,DATA_20260207_110000.BIN,2.2775,11.9970,1.1911,11.9970,2.4090,1,0.638,7.813
558,DATA_20260207_110000.BIN,11.7204,23.5032,4.5550,23.5032,6.0610,1,11.991,13.181
559,DATA_20260207_110000.BIN,4.5550,13.7577,0.5936,13.7577,4.9280,1,8.514,12.425
560,DATA_20260207_110000.BIN,3.1905,32.1916,20.4994,32.1916,3.1790,1,1.803,9.971
561,DATA_20260207_110000.BIN,9.4604,26.8586,12.2096,26.8586,3.1900,1,11.505,13.761
562,DATA_20260207_110000.BIN,12.2096,23.9256,13.6358,23.9256,7.0290,1,12.940,14.070
563,DATA_20260207_110000.BIN,5.9757,19.0727,2.6868,19.0727,3.6740,1,3.448,9.882
564,DATA_20260207_110000.BIN,0.7154,13.0245,0.7757,13.0245,2.0240,1,4.331,8.034
565,DATA_20260207_110000.BIN,0.7757,9.8615,3.0842,9.8615,3.1350,1,4.892,5.191
566,DATA_20260207_110000.BIN,1.6948,12.9276,2.7452,12.9276,2.5190,1,4.913,9.380
567,DATA_20260207_110000.BIN,2.6706,9.9913,0.3792,9.9913,3.1130,1,2.080,3.679
568,DATA_20260207_110000.BIN,0.3792,9.2885,1.2614,9.2885,3.0800,1,3.276,3.690
569,DATA_20260207_110000.BIN,1.2614,8.6869,1.2954,8.6869,7.0950,1,3.499,5.690
570,DATA_20260207_110000.BIN,0.7507,11.0416,3.1670,11.0416,4.9610,1,1.570,2.035
571,DATA_20260207_110000.BIN,2.3717,10.3624,2.4172,10.3624,7.6670,1,2.637,4.137
572,DATA_20260207_110000.BIN,2.5078,37.4655,2.9253,37.4655,4.5760,1,2.552,4.768
573,DATA_20260207_110000.BIN,4.1183,12.6664,2.0038,12.6664,1.3970,1,5.432,7.536
574,DATA_20260207_110000.BIN,3.6557,14.3204,1.4280,14.3204,2.6070,1,4.344,5.470
575,DATA_20260207_110000.BIN,1.4280,16.9233,0.7560,16.9233,6.2370,1,0.669,4.256
576,DATA_20260207_110000.BIN,0.8568,28.6525,8.5523,28.6525,5.5990,1,1.360,1.552
577,DATA_20260207_110000.BIN,1.9026,8.3215,2.1155,8.3215,1.5840,1,2.510,4.040
578,DATA_20260207_110000.BIN,2.1155,13.8815,3.0065,13.8815,4.0480,1,3.381,4.575
579,DATA_20260207_110000.BIN,1.7845,16.0399,2.3488,16.0399,8.5140,1,1.259,1.324
580,DATA_20260207_110000.BIN,2.3488,13.2089,1.8066,13.2089,6.8310,1,2.040,3.072
581,DATA_20260207_110000.BIN,1.8066,14.5394,2.3106,14.5394,6.1380,1,1.558,3.379
582,DATA_20260207_110000.BIN,2.3106,49.6115,1.3894,49.6115,8.1510,1,3.471,3.579
583,DATA_20260207_110000.BIN,3.0967,12.5096,1.7523,12.5096,3.8720,1,2.736,5.058
584,DATA_20260207_110000.BIN,1.7523,15.4878,1.5215,15.4878,6.2920,1,0.673,1.833
585,DATA_20260207_110000.BIN,1.2830,14.7969,1.0186,14.7969,5.1480,1,1.737,4.995
586,DATA_20260207_110000.BIN,1.0186,11.8133,3.1701,11.8133,1.9470,1,0.944,4.573
587,DATA_20260207_110000.BIN,4.4739,12.4054,4.1606,12.4054,3.0910,1,3.808,4.406
588,DATA_20260207_110000.BIN,4.1606,13.1217,1.5456,13.1217,2.9150,1,3.216,3.642
589,DATA_20260207_110000.BIN,1.5456,11.8439,1.6386,11.8439,3.7620,1,1.210,4.471
590,DATA_20260207_110000.BIN,2.3904,17.8351,9.0593,17.8351,3.1130,1,4.908,5.191
591,DATA_20260207_110000.BIN,0.8329,13.0664,2.1543,13.0664,3.2010,1,2.080,2.560
592,DATA_20260207_110000.BIN,2.1543,9.4055,2.4474,9.4055,2.0460,1,3.375,3.567
593,DATA_20260207_110000.BIN,2.4474,10.3862,0.8190,10.3862,2.1010,1,1.876,1.941
594,DATA_20260207_110000.BIN,0.8190,11.2110,3.0288,11.2110,3.5090,1,2.117,2.143
595,DATA_20260207_110000.BIN,3.0288,12.8732,1.4670,12.8732,4.6200,1,2.622,2.695
596,DATA_20260207_110000.BIN,1.4670,10.9675,2.4592,10.9675,4.9170,1,2.257,2.670
597,DATA_20260207_110000.BIN,2.4592,10.2262,2.2382,10.2262,1.6500,1,2.592,2.800
598,DATA_20260207_110000.BIN,3.2013,16.3435,5.5898,16.3435,7.4140,1,1.981,8.189
599,DATA_20260207_110000.BIN,2.0664,14.6099,2.3886,14.6099,7.5240,1,1.441,1.718
600,DATA_20260207_110000.BIN,2.3886,35.1125,0.2559,35.1125,5.8300,1,1.208,1.952
601,DATA_20260207_110000.BIN,0.2559,13.0238,3.4545,13.0238,2.5300,1,2.136,5.689
602,DATA_20260207_110000.BIN,3.4545,13.0556,3.1685,13.0556,2.8490,1,5.646,5.811
603,DATA_20260207_110000.BIN,3.1685,12.1427,3.5569,12.1427,1.3640,1,2.977,4.313
604,DATA_20260207_110000.BIN,0.4112,12.3983,5.9716,12.3983,3.2780,1,1.623,1.734
605,DATA_20260207_110000.BIN,5.9716,14.1287,0.5075,14.1287,4.9060,1,6.908,7.095
606,DATA_20260207_110000.BIN,0.5075,15.9184,1.3464,15.9184,7.3590,1,0.996,2.854
607,DATA_20260207_110000.BIN,1.3464,12.0750,4.1223,12.0750,2.3430,1,2.449,4.601
608,DATA_20260207_110000.BIN,4.1223,14.8785,1.0913,14.8785,3.1570,1,4.570,4.572
609,DATA_20260207_110000.BIN,1.8970,11.4827,2.3505,11.4827,3.7070,1,3.259,4.149
610,DATA_20260207_110000.BIN,2.3505,10.8561,1.0387,10.8561,2.7830,1,3.357,3.705
611,DATA_20260207_110000.BIN,2.1787,12.0345,4.1662,12.0345,5.9510,1,3.128,3.586
612,DATA_20260207_110000.BIN,4.3196,15.1826,6.2229,15.1826,5.3680,1,5.345,5.877
613,DATA_20260207_110000.BIN,6.2229,16.8502,4.1926,16.8502,2.7610,1,7.410,7.689
614,DATA_20260207_110000.BIN,4.1926,10.9899,2.7041,10.9899,1.8370,1,4.162,4.183
615,DATA_20260207_110000.BIN,1.3431,11.2745,1.3196,11.2745,1.7050,1,1.057,1.066
616,DATA_20260207_110000.BIN,6.1728,24.8812,4.5138,24.8812,2.3540,1,5.464,6.610
617,DATA_20260207_110000.BIN,4.5138,23.5753,1.5950,23.5753,2.7060,1,7.151,7.442
618,DATA_20260207_110000.BIN,1.5950,15.8064,5.7719,15.8064,5.0710,1,2.981,5.553
619,DATA_20260207_110000.BIN,5.7719,30.9816,1.8287,30.9816,4.6970,1,5.675,5.746
620,DATA_20260207_110000.BIN,6.7966,41.0408,25.1537,41.0408,2.0900,1,8.171,8.405
621,DATA_20260207_110000.BIN,25.1537,37.0866,3.1475,37.0866,1.8700,1,30.516,30.899
622,DATA_20260207_110000.BIN,3.1475,43.1412,4.8390,43.1412,6.0390,1,1.807,2.083
623,DATA_20260207_110000.BIN,23.3276,43.3977,9.2176,43.3977,2.1340,1,24.506,25.462
624,DATA_20260207_110000.BIN,9.2176,28.5088,1.9197,28.5088,7.1280,1,9.795,10.619
625,DATA_20260207_110000.BIN,3.5804,15.2562,6.3091,15.2562,9.7350,1,6.842,8.755
626,DATA_20260207_110000.BIN,29.4371,39.0176,0.4909,39.0176,7.2380,1,32.163,32.318
627,DATA_20260207_110000.BIN,0.4909,16.0565,7.2283,16.0565,6.0390,1,6.149,7.013
628,DATA_20260207_110000.BIN,7.2283,17.1441,2.0480,17.1441,2.6950,1,11.787,11.815
629,DATA_20260207_110000.BIN,1.2094,10.5051,1.0111,10.5051,2.5960,1,4.212,6.339
630,DATA_20260207_110000.BIN,3.8692,33.4971,1.8161,33.4971,8.6240,1,6.643,6.867
631,DATA_20260207_110000.BIN,1.8161,24.5173,0.9191,24.5173,4.4000,1,3.974,4.234
632,DATA_20260207_110000.BIN,0.9191,30.3546,1.8198,30.3546,3.2230,1,4.385,6.324
633,DATA_20260207_110000.BIN,1.8198,33.2263,19.6636,33.2263,3.8170,1,5.249,5.291
634,DATA_20260207_110000.BIN,19.6636,32.7193,16.7879,32.7193,1.1660,1,25.659,25.838
635,DATA_20260207_110000.BIN,25.5686,42.8584,10.5665,42.8584,3.2120,1,38.491,57.627
636,DATA_20260207_110000.BIN,10.5665,30.0071,14.2713,30.0071,4.8950,1,4.835,48.649
637,DATA_20260207_110000.BIN,14.2713,40.1406,32.2765,40.1406,5.0380,1,13.492,41.632
638,DATA_20260207_110000.BIN,39.0237,47.9659,36.1931,47.9659,3.0910,1,62.335,67.606
639,DATA_20260207_110000.BIN,12.6048,25.7485,9.6663,25.7485,2.3430,1,9.959,31.034
640,DATA_20260207_110000.BIN,9.6663,26.6431,14.8947,26.6431,1.5950,1,3.294,30.031
641,DATA_20260207_110000.BIN,14.8947,26.1654,14.8081,26.1654,1.4300,1,9.683,27.926
642,DATA_20260207_110000.BIN,14.8081,26.0061,11.0656,26.0061,1.3860,1,8.919,22.522
643,DATA_20260207_110000.BIN,11.0656,21.6500,6.9105,21.6500,1.2540,1,4.564,20.428
644,DATA_20260207_110000.BIN,7.7992,22.0123,8.6019,22.0123,1.2760,1,6.286,21.223
645,DATA_20260207_110000.BIN,8.6019,22.9438,11.5045,22.9438,1.2210,1,1.588,19.458
646,DATA_20260207_110000.BIN,11.5045,22.5763,6.2588,22.5763,2.5630,1,17.417,21.521
647,DATA_20260207_110000.BIN,6.2588,54.0073,4.4437,54.0073,3.0250,1,6.558,13.972
648,DATA_20260207_110000.BIN,4.4437,26.7837,4.5630,26.7837,3.2340,1,8.574,13.467
649,DATA_20260207_110000.BIN,4.5630,25.4434,6.7024,25.4434,3.3880,1,3.021,10.160
650,DATA_20260207_110000.BIN,6.7024,21.4207,7.0502,21.4207,1.2430,1,5.920,12.447
651,DATA_20260207_110000.BIN,7.0502,21.1304,9.6854,21.1304,1.1440,1,4.337,9.109
652,DATA_20260207_110000.BIN,9.6854,21.4594,11.4563,21.4594,1.2760,1,4.235,9.179
653,DATA_20260207_110000.BIN,8.9469,19.7765,8.0798,19.7765,1.2760,1,3.139,8.295
654,DATA_20260207_110000.BIN,8.0798,29.6637,7.4890,29.6637,4.8510,1,2.359,7.477
655,DATA_20260207_110000.BIN,7.4890,27.1661,12.7107,27.1661,1.4410,1,6.395,12.216
656,DATA_20260207_110000.BIN,12.7107,49.0810,10.5431,49.0810,2.6180,1,6.779,11.499
657,DATA_20260207_110000.BIN,10.5431,31.5638,17.4526,31.5638,3.0580,1,18.970,19.959
658,DATA_20260207_110000.BIN,17.4526,49.4544,6.2786,49.4544,4.0590,1,14.433,14.989
659,DATA_20260207_110000.BIN,6.2786,50.4760,15.1034,50.4760,3.1900,1,6.425,8.006
660,DATA_20260207_110000.BIN,18.6871,26.5720,9.0052,26.5720,2.2550,1,15.103,15.196
661,DATA_20260207_110000.BIN,9.0052,28.7050,8.1344,28.7050,3.1570,1,1.772,6.452
662,DATA_20260207_110000.BIN,7.3500,31.5054,14.8597,31.5054,1.6940,1,13.019,13.279
663,DATA_20260207_110000.BIN,14.8597,41.8630,30.0144,41.8630,4.6420,1,13.440,14.240
664,DATA_20260207_110000.BIN,19.2322,34.6301,16.2429,34.6301,2.9920,1,15.582,15.604
665,DATA_20260207_110000.BIN,16.2429,26.9859,13.6556,26.9859,3.7950,1,10.815,11.208
666,DATA_20260207_110000.BIN,13.6556,29.1603,18.2313,29.1603,2.3210,1,9.305,10.566
667,DATA_20260207_110000.BIN,18.2313,29.7742,22.6846,29.7742,1.7930,1,11.338,11.375
668,DATA_20260207_110000.BIN,11.1851,23.3387,8.4949,23.3387,1.4300,1,2.620,4.947
669,DATA_20260207_110000.BIN,8.4949,21.1812,8.3779,21.1812,1.8150,1,3.224,3.691
670,DATA_20260207_110000.BIN,15.0215,27.9662,9.9259,27.9662,1.3970,1,6.254,7.026
671,DATA_20260207_110000.BIN,9.9259,26.4183,12.4423,26.4183,3.8720,1,11.865,12.379
672,DATA_20260207_110000.BIN,12.4423,34.3634,7.7048,34.3634,3.1240,1,15.321,15.339
673,DATA_20260207_110000.BIN,7.7048,27.5293,16.8312,27.5293,2.9480,1,3.792,4.234
674,DATA_20260207_110000.BIN,16.8312,38.2284,15.2666,38.2284,5.4010,1,11.557,13.815
675,DATA_20260207_110000.BIN,10.2306,29.3101,12.6189,29.3101,2.2770,1,8.259,9.425
676,DATA_20260207_110000.BIN,12.6189,30.4892,16.7300,30.4892,5.8630,1,4.523,5.923
677,DATA_20260207_110000.BIN,16.7300,29.7169,12.9152,29.7169,1.5070,1,8.375,8.786
678,DATA_20260207_110000.BIN,7.9851,34.9625,13.2140,34.9625,2.6070,1,7.128,7.138
679,DATA_20260207_110000.BIN,13.2140,25.4347,13.7239,25.4347,1.4080,1,6.944,7.111
680,DATA_20260207_110000.BIN,13.7239,24.3902,13.8281,24.3902,1.2870,1,6.364,6.367
681,DATA_20260207_110000.BIN,13.8281,23.8881,9.8999,23.8881,2.5850,1,4.502,5.665
682,DATA_20260207_110000.BIN,17.2276,26.1983,11.0443,26.1983,1.9250,1,10.584,10.594
683,DATA_20260207_110000.BIN,11.0443,39.9435,4.8683,39.9435,3.7620,1,1.347,3.969
684,DATA_20260207_110000.BIN,19.3906,27.0130,12.7470,27.0130,3.5750,1,16.124,18.059
685,DATA_20260207_110000.BIN,3.8061,32.7828,10.9848,32.7828,3.1790,1,12.723,14.108
686,DATA_20260207_110000.BIN,10.9848,24.9250,8.1043,24.9250,1.3420,1,21.967,21.973
687,DATA_20260207_110000.BIN,8.1043,22.3738,11.8045,22.3738,3.1680,1,2.838,3.258
688,DATA_20260207_110000.BIN,11.8045,25.3398,10.0248,25.3398,1.6280,1,2.531,4.493
689,DATA_20260207_110000.BIN,10.0248,22.6319,11.0500,22.6319,2.5300,1,6.141,6.181
690,DATA_20260207_110000.BIN,11.0500,32.4661,12.2849,32.4661,1.4630,1,4.663,6.389
691,DATA_20260207_110000.BIN,14.6525,24.5840,13.8927,24.5840,3.0250,1,7.076,7.173
692,DATA_20260207_110000.BIN,13.8927,28.6748,14.9321,28.6748,3.9600,1,6.229,6.275
693,DATA_20260207_110000.BIN,14.9321,30.6830,10.0211,30.6830,6.1270,1,9.292,9.556
694,DATA_20260207_110000.BIN,10.0211,24.4376,8.4940,24.4376,1.4740,1,1.703,1.929
695,DATA_20260207_110000.BIN,13.9206,26.9002,2.3437,26.9002,2.1670,1,4.606,4.629
696,DATA_20260207_110000.BIN,2.3437,20.2374,9.5034,20.2374,1.1880,1,13.270,14.118
697,DATA_20260207_110000.BIN,9.5034,22.6705,12.7156,22.6705,1.1880,1,0.810,1.360
698,DATA_20260207_110000.BIN,12.7156,25.3336,9.0930,25.3336,4.0590,1,3.448,3.501
699,DATA_20260207_110000.BIN,9.0930,28.7041,14.1555,28.7041,2.9150,1,4.683,6.964
700,DATA_20260207_110000.BIN,17.9098,29.3561,17.0849,29.3561,3.2010,1,11.698,12.202
701,DATA_20260207_110000.BIN,17.0849,27.5656,7.9712,27.5656,6.1270,1,8.532,9.360
702,DATA_20260207_110000.BIN,7.9712,30.0326,10.8078,30.0326,3.2890,1,8.268,8.406
703,DATA_20260207_110000.BIN,10.8078,29.6890,22.0495,29.6890,5.6100,1,2.072,2.246
704,DATA_20260207_110000.BIN,24.1658,31.9990,13.6409,31.9990,6.1490,1,25.548,26.463
705,DATA_20260207_110000.BIN,13.6409,35.4105,19.7247,35.4105,3.5750,1,10.459,10.507
706,DATA_20260207_110000.BIN,24.8753,34.0508,24.6109,34.0508,7.9750,1,23.866,24.453
707,DATA_20260207_110000.BIN,22.3442,34.3796,18.1265,34.3796,4.3340,1,30.283,30.351
708,DATA_20260207_110000.BIN,18.1265,30.5650,18.8891,30.5650,1.6500,1,13.132,13.143
709,DATA_20260207_110000.BIN,23.5639,33.7901,20.6773,33.7901,2.5520,1,16.348,16.729
710,DATA_20260207_110000.BIN,20.6773,52.3083,45.0213,52.3083,2.3320,1,9.987,12.211
711,DATA_20260207_110000.BIN,45.0213,53.3253,10.1050,53.3253,5.4340,1,120.647,131.486
712,DATA_20260207_110000.BIN,10.1050,24.7550,8.0214,24.7550,2.9810,1,24.555,25.349
713,DATA_20260207_110000.BIN,8.0214,22.8995,2.3827,22.8995,2.5410,1,13.676,14.601
714,DATA_20260207_110000.BIN,7.5740,19.2969,5.1705,19.2969,1.4190,1,23.809,24.108
715,DATA_20260207_110000.BIN,5.1705,24.8115,9.2448,24.8115,1.5510,1,18.304,18.621
716,DATA_20260207_110000.BIN,9.2448,27.0355,10.2794,27.0355,1.5730,1,12.499,14.832
717,DATA_20260207_110000.BIN,8.6702,24.1275,13.6234,24.1275,1.3310,1,9.582,9.980
718,DATA_20260207_110000.BIN,13.6234,37.2888,10.1877,37.2888,2.5630,1,14.154,14.993
719,DATA_20260207_110000.BIN,10.1877,27.3750,15.8427,27.3750,2.0020,1,5.700,5.988
720,DATA_20260207_110000.BIN,15.8427,31.0725,14.6221,31.0725,5.3350,1,14.090,15.133
721,DATA_20260207_110000.BIN,14.6221,23.8545,13.3115,23.8545,3.8610,1,13.027,13.050
722,DATA_20260207_110000.BIN,13.3115,33.4181,11.4528,33.4181,4.9720,1,15.236,16.327
723,DATA_20260207_110000.BIN,11.4528,26.3984,9.2231,26.3984,1.5950,1,5.719,5.826
724,DATA_20260207_110000.BIN,9.2231,28.4614,17.7334,28.4614,2.7830,1,5.549,5.564
725,DATA_20260207_110000.BIN,17.7334,29.0412,15.5613,29.0412,4.2570,1,16.941,17.259
726,DATA_20260207_110000.BIN,15.5613,26.7695,11.2185,26.7695,1.5510,1,14.140,14.465
727,DATA_20260207_110000.BIN,11.2185,23.2302,15.0868,23.2302,2.2220,1,6.538,6.584
728,DATA_20260207_110000.BIN,16.9215,26.5813,16.7895,26.5813,1.5290,1,10.588,10.860
729,DATA_20260207_110000.BIN,16.7895,27.0395,14.2773,27.0395,1.6060,1,9.970,9.998
730,DATA_20260207_110000.BIN,14.6263,34.6374,23.3693,34.6374,3.0030,1,5.335,6.318
731,DATA_20260207_110000.BIN,23.3693,33.1976,11.1027,33.1976,2.8600,1,19.049,20.064
732,DATA_20260207_110000.BIN,11.1027,23.1704,13.5255,23.1704,1.3420,1,5.917,7.678
733,DATA_20260207_110000.BIN,13.5255,29.6585,12.5930,29.6585,2.4200,1,2.984,3.726
734,DATA_20260207_110000.BIN,12.5930,23.8049,12.7634,23.8049,3.1240,1,3.376,3.805
735,DATA_20260207_110000.BIN,9.9528,25.2298,14.2708,25.2298,7.6450,1,8.021,8.172
736,DATA_20260207_110000.BIN,14.2708,34.8629,9.9109,34.8629,5.7750,1,6.516,8.826
737,DATA_20260207_110000.BIN,9.9109,32.8229,7.4079,32.8229,6.3800,1,11.786,12.255
738,DATA_20260207_110000.BIN,7.4079,31.8174,20.1407,31.8174,6.9850,1,7.979,8.978
739,DATA_20260207_110000.BIN,20.1407,34.2614,17.3035,34.2614,3.4980,1,18.303,18.626
740,DATA_20260207_110000.BIN,17.3035,29.5471,13.1877,29.5471,2.1890,1,9.378,11.030
741,DATA_20260207_110000.BIN,13.1877,41.9951,11.2626,41.9951,2.7280,1,3.192,4.203
742,DATA_20260207_110000.BIN,11.2626,28.5676,19.2772,28.5676,3.0360,1,3.453,3.939
743,DATA_20260207_110000.BIN,19.2772,41.9687,11.0335,41.9687,2.2990,1,10.138,10.460
744,DATA_20260207_110000.BIN,14.8024,24.6116,13.7763,24.6116,1.4080,1,5.130,5.217
745,DATA_20260207_110000.BIN,13.7763,23.0913,13.4880,23.0913,1.2650,1,3.608,4.428
746,DATA_20260207_110000.BIN,13.9529,24.0965,10.5696,24.0965,3.9050,1,1.608,3.517
747,DATA_20260207_110000.BIN,17.7162,31.0295,18.9244,31.0295,2.9370,1,7.389,7.392
748,DATA_20260207_110000.BIN,18.9244,32.6129,15.3290,32.6129,9.3280,1,6.986,7.575
749,DATA_20260207_110000.BIN,10.6190,29.4888,12.9703,29.4888,1.6390,1,6.167,6.279
750,DATA_20260207_110000.BIN,12.9703,26.7790,16.0338,26.7790,1.5290,1,1.881,3.511
751,DATA_20260207_110000.BIN,16.0338,31.5081,13.8835,31.5081,4.4770,1,5.018,6.207
752,DATA_20260207_110000.BIN,13.8835,23.0414,15.4901,23.0414,3.2230,1,4.223,8.064
753,DATA_20260207_110000.BIN,15.4901,29.7735,17.8040,29.7735,5.0490,1,11.222,12.830
754,DATA_20260207_110000.BIN,17.8040,29.3049,15.9975,29.3049,5.7420,1,8.813,8.878
755,DATA_20260207_110000.BIN,15.9975,25.1719,11.5600,25.1719,1.4630,1,2.722,2.884
756,DATA_20260207_110000.BIN,11.5600,21.6081,14.3117,21.6081,1.4850,1,3.954,5.318
757,DATA_20260207_110000.BIN,14.3117,28.8012,13.8287,28.8012,2.0130,1,10.040,11.074
758,DATA_20260207_110000.BIN,13.8287,28.7502,21.0415,28.7502,3.7180,1,3.638,4.469
759,DATA_20260207_110000.BIN,13.2596,25.1483,17.9099,25.1483,2.6070,1,0.778,1.954
760,DATA_20260207_110000.BIN,14.7418,23.4407,12.6972,23.4407,1.5950,1,3.831,3.859
761,DATA_20260207_110000.BIN,12.6972,27.5208,8.1636,27.5208,8.5800,1,4.216,5.061
762,DATA_20260207_110000.BIN,11.4242,23.0455,12.5844,23.0455,4.0590,1,13.253,13.552
763,DATA_20260207_120000.BIN,2.5106,12.1247,3.1970,12.1247,1.6280,1,16.225,16.880
764,DATA_20260207_120000.BIN,0.5087,20.9101,1.7028,20.9101,8.1290,1,15.311,15.327
765,DATA_20260207_120000.BIN,1.7028,18.7467,4.1828,18.7467,9.8450,1,15.866,17.488
766,DATA_20260207_120000.BIN,4.1828,19.8921,1.2155,19.8921,3.4760,1,15.812,17.849
767,DATA_20260207_120000.BIN,1.2155,15.2742,1.5780,15.2742,9.0090,1,12.393,14.038
768,DATA_20260207_120000.BIN,1.5780,33.6476,0.9030,33.6476,5.0820,1,11.576,11.632
769,DATA_20260207_120000.BIN,0.9030,19.5761,4.4072,19.5761,5.9730,1,8.891,9.843
770,DATA_20260207_120000.BIN,4.4072,16.2916,4.2413,16.2916,1.6280,1,13.098,14.492
771,DATA_20260207_120000.BIN,4.2413,20.6450,10.2905,20.6450,2.5630,1,8.896,9.612
772,DATA_20260207_120000.BIN,10.2905,29.1263,4.1802,29.1263,6.0280,1,5.862,7.731
773,DATA_20260207_120000.BIN,4.1802,18.9141,6.1769,18.9141,1.3640,1,10.174,10.178
774,DATA_20260207_120000.BIN,6.1769,43.7666,34.0055,43.7666,4.0370,1,11.255,11.287
775,DATA_20260207_120000.BIN,30.8378,42.6103,7.5273,42.6103,3.0140,1,138.536,152.935
776,DATA_20260207_120000.BIN,7.5273,39.9829,6.0551,39.9829,9.3720,1,4.925,10.933
777,DATA_20260207_120000.BIN,6.0551,22.1261,10.9476,22.1261,2.0900,1,5.313,13.290
778,DATA_20260207_120000.BIN,10.9476,24.3382,2.4891,24.3382,3.0140,1,25.692,25.692
779,DATA_20260207_120000.BIN,2.4891,22.7695,4.3832,22.7695,3.9160,1,8.133,8.208
780,DATA_20260207_120000.BIN,4.3832,37.1615,3.0354,37.1615,2.7390,1,4.521,8.293
781,DATA_20260207_120000.BIN,3.0354,16.2054,3.6925,16.2054,2.3870,1,7.680,10.436
782,DATA_20260207_120000.BIN,3.6925,16.5844,2.8767,16.5844,3.9820,1,8.949,8.952
783,DATA_20260207_120000.BIN,4.5630,20.3225,4.0587,20.3225,4.3780,1,4.004,6.767
784,DATA_20260207_120000.BIN,4.0587,30.9514,9.7540,30.9514,2.6290,1,0.966,6.303
785,DATA_20260207_120000.BIN,34.2294,43.2605,3.6313,43.2605,2.7060,1,119.155,123.458
786,DATA_20260207_120000.BIN,6.0846,14.8992,4.6119,14.8992,3.0690,1,15.649,18.329
787,DATA_20260207_120000.BIN,4.6119,18.9636,2.3134,18.9636,4.6640,1,18.983,19.305
788,DATA_20260207_120000.BIN,2.3134,15.3707,1.4431,15.3707,3.4540,1,11.379,13.431
789,DATA_20260207_120000.BIN,1.4431,12.1671,5.5657,12.1671,1.9140,1,10.596,16.093
790,DATA_20260207_120000.BIN,5.5657,12.3816,1.7913,12.3816,1.7820,1,17.408,17.501
791,DATA_20260207_120000.BIN,1.7913,13.5119,6.3962,13.5119,1.8810,1,9.902,10.118
792,DATA_20260207_120000.BIN,6.7815,25.5146,6.4482,25.5146,4.3890,1,2.189,2.756
793,DATA_20260207_120000.BIN,6.4482,14.1442,5.1356,14.1442,3.2780,1,17.531,17.829
794,DATA_20260207_120000.BIN,5.1356,19.1491,5.5297,19.1491,2.4200,1,16.784,17.566
795,DATA_20260207_120000.BIN,5.5297,27.6628,3.0059,27.6628,5.0050,1,12.512,12.665
796,DATA_20260207_120000.BIN,3.2908,12.1170,0.9306,12.1170,2.2770,1,6.755,6.786
797,DATA_20260207_120000.BIN,0.9306,29.6038,20.5700,29.6038,6.6220,1,4.773,6.932
798,DATA_20260207_120000.BIN,20.5700,32.4414,3.8714,32.4414,6.8090,1,34.104,35.940
799,DATA_20260207_120000.BIN,3.8714,16.7252,6.1039,16.7252,1.9360,1,6.556,6.687
800,DATA_20260207_120000.BIN,6.1039,14.9769,4.2376,14.9769,1.8810,1,10.007,10.570
801,DATA_20260207_120000.BIN,4.2376,14.3546,1.9427,14.3546,1.7160,1,7.671,9.943
802,DATA_20260207_120000.BIN,1.9427,28.6165,3.4100,28.6165,5.9840,1,2.650,3.135
803,DATA_20260207_120000.BIN,3.4100,17.8309,2.5512,17.8309,1.7490,1,2.791,8.744
804,DATA_20260207_120000.BIN,2.5512,18.2523,3.4435,18.2523,2.2660,1,2.441,2.638
805,DATA_20260207_120000.BIN,3.4435,17.4569,5.2915,17.4569,8.6350,1,3.335,3.370
806,DATA_20260207_120000.BIN,5.2915,18.4879,1.8023,18.4879,2.7940,1,6.296,6.516
807,DATA_20260207_120000.BIN,8.8604,22.0323,2.0778,22.0323,5.0270,1,11.755,12.172
808,DATA_20260207_120000.BIN,2.0778,20.7794,5.7301,20.7794,4.3120,1,3.395,4.950
809,DATA_20260207_120000.BIN,5.7301,16.6392,6.1892,16.6392,2.1890,1,6.709,6.979
810,DATA_20260207_120000.BIN,6.1892,18.4340,6.5424,18.4340,1.3970,1,6.871,7.379
811,DATA_20260207_120000.BIN,6.5424,15.9420,4.3494,15.9420,2.1230,1,5.892,6.480
812,DATA_20260207_120000.BIN,3.5755,17.6363,1.2592,17.6363,1.6500,1,5.457,6.222
813,DATA_20260207_120000.BIN,1.2592,30.9015,4.7712,30.9015,7.3040,1,1.828,1.955
814,DATA_20260207_120000.BIN,2.8789,26.4258,14.8380,26.4258,9.8230,1,4.229,4.301
815,DATA_20260207_120000.BIN,14.8380,29.9006,17.4170,29.9006,1.4960,1,15.892,15.939
816,DATA_20260207_120000.BIN,17.4170,34.1208,8.8884,34.1208,4.3340,1,19.923,21.237
817,DATA_20260207_120000.BIN,2.5649,24.9604,4.4039,24.9604,9.2620,1,9.682,11.053
818,DATA_20260207_120000.BIN,4.4039,21.0471,0.4983,21.0471,2.9700,1,0.383,4.676
819,DATA_20260207_120000.BIN,0.4983,16.0537,0.9681,16.0537,8.8220,1,4.531,5.225
820,DATA_20260207_120000.BIN,0.9681,19.6241,6.6888,19.6241,5.2910,1,3.821,3.838
821,DATA_20260207_120000.BIN,6.6888,17.8009,5.7192,17.8009,5.0160,1,4.720,5.142
822,DATA_20260207_120000.BIN,5.7192,18.8016,4.8418,18.8016,1.6170,1,10.349,10.386
823,DATA_20260207_120000.BIN,4.8418,15.5491,5.8888,15.5491,1.4080,1,4.121,4.129
824,DATA_20260207_120000.BIN,5.8888,16.4615,3.5797,16.4615,4.2020,1,6.605,7.702
825,DATA_20260207_120000.BIN,3.5797,14.6216,0.9261,14.6216,3.2670,1,4.750,6.949
826,DATA_20260207_120000.BIN,0.9261,36.7110,7.4102,36.7110,5.1260,1,2.471,2.968
827,DATA_20260207_120000.BIN,7.4102,20.2968,7.6298,20.2968,1.4190,1,7.158,8.525
828,DATA_20260207_120000.BIN,2.6523,16.1292,5.5499,16.1292,1.4190,1,5.076,5.410
829,DATA_20260207_120000.BIN,3.5720,14.4531,4.2771,14.4531,1.2320,1,5.883,6.408
830,DATA_20260207_120000.BIN,4.2771,16.4205,4.7139,16.4205,1.2980,1,5.931,6.581
831,DATA_20260207_120000.BIN,4.7139,17.0058,5.5798,17.0058,1.2760,1,3.896,3.907
832,DATA_20260207_120000.BIN,5.5798,18.2654,1.8246,18.2654,1.4080,1,6.453,8.210
833,DATA_20260207_120000.BIN,3.1873,19.6661,7.4280,19.6661,4.4990,1,3.194,3.210
834,DATA_20260207_120000.BIN,6.7947,20.9546,4.8702,20.9546,1.4520,1,11.015,11.015
835,DATA_20260207_120000.BIN,4.8702,14.9932,2.6122,14.9932,1.7270,1,3.777,4.605
836,DATA_20260207_120000.BIN,2.6122,13.4471,4.4172,13.4471,2.1890,1,3.029,4.954
837,DATA_20260207_120000.BIN,1.7213,18.7992,3.6746,18.7992,1.0010,1,4.373,4.492
838,DATA_20260207_120000.BIN,3.6746,16.5962,1.8348,16.5962,1.6390,1,6.281,8.819
839,DATA_20260207_120000.BIN,1.8348,45.8085,15.3700,45.8085,4.6750,1,3.475,3.484
840,DATA_20260207_120000.BIN,15.3700,26.3467,1.9317,26.3467,2.0240,1,20.627,24.373
841,DATA_20260207_120000.BIN,1.9317,40.5786,18.3959,40.5786,4.5430,1,4.604,4.631
842,DATA_20260207_120000.BIN,14.7317,49.0657,36.1026,49.0657,4.3010,1,18.311,18.322
843,DATA_20260207_120000.BIN,36.1026,50.8221,38.5437,50.8221,3.8390,1,118.676,122.465
844,DATA_20260207_120000.BIN,38.5437,48.4123,32.2166,48.4123,2.1670,1,123.399,144.520
845,DATA_20260207_120000.BIN,32.2166,49.2813,28.9373,49.2813,3.5640,1,100.646,105.970
846,DATA_20260207_120000.BIN,28.9373,41.6338,31.0986,41.6338,2.8270,1,93.641,96.081
847,DATA_20260207_120000.BIN,31.0986,43.9384,35.3859,43.9384,4.4330,1,91.313,95.746
848,DATA_20260207_120000.BIN,28.2019,46.0587,34.1112,46.0587,7.2490,1,98.608,104.158
849,DATA_20260207_120000.BIN,34.8271,45.7628,5.6259,45.7628,3.6630,1,61.039,63.997
850,DATA_20260207_120000.BIN,5.6259,24.0838,3.7898,24.0838,1.8920,1,63.430,67.520
851,DATA_20260207_120000.BIN,3.7898,17.8043,1.0880,17.8043,4.1030,1,59.837,63.282
852,DATA_20260207_120000.BIN,1.0880,43.2311,21.8648,43.2311,5.6760,1,58.456,62.193
853,DATA_20260207_120000.BIN,21.8648,42.4800,5.7473,42.4800,4.5100,1,100.407,106.278
854,DATA_20260207_120000.BIN,5.7473,47.4494,6.3044,47.4494,9.2070,1,60.174,63.527
855,DATA_20260207_120000.BIN,6.3044,21.3928,6.7729,21.3928,3.3110,1,59.156,63.083
856,DATA_20260207_120000.BIN,3.0637,17.8780,2.6028,17.8780,1.4960,1,47.323,50.260
857,DATA_20260207_120000.BIN,2.6028,14.3587,3.9684,14.3587,2.2770,1,44.180,46.207
858,DATA_20260207_120000.BIN,2.0323,21.4559,8.2878,21.4559,4.8840,1,41.251,43.525
859,DATA_20260207_120000.BIN,16.2498,38.7838,10.0204,38.7838,2.8490,1,21.266,24.124
860,DATA_20260207_120000.BIN,10.0204,26.9086,4.1263,26.9086,9.9000,1,44.310,45.056
861,DATA_20260207_130000.BIN,7.4651,24.7681,4.0478,24.7681,5.0930,1,6.269,6.908
862,DATA_20260207_130000.BIN,18.1613,34.6672,12.8610,34.6672,2.5630,1,8.547,13.626
863,DATA_20260207_140000.BIN,3.1309,24.6999,3.8391,24.6999,2.5300,1,49.436,49.762
864,DATA_20260207_140000.BIN,0.8931,13.2681,0.8882,13.2681,3.0360,1,42.690,42.696
865,DATA_20260207_140000.BIN,1.8893,9.2161,3.2318,9.2161,2.1560,1,37.047,38.351
866,DATA_20260207_140000.BIN,3.1555,13.8694,5.3211,13.8694,4.9390,1,32.515,34.175
867,DATA_20260207_140000.BIN,4.2021,12.0252,6.3642,12.0252,3.7510,1,40.497,43.250
868,DATA_20260207_140000.BIN,6.3642,30.1907,3.8149,30.1907,2.7830,1,99.974,101.054
869,DATA_20260207_140000.BIN,1.4319,8.0314,2.5339,8.0314,3.8940,1,16.335,16.791
870,DATA_20260207_140000.BIN,2.5339,12.2476,2.4606,12.2476,3.1240,1,14.989,15.233
871,DATA_20260207_140000.BIN,3.3541,17.3827,11.9808,17.3827,7.9750,1,18.318,19.127
872,DATA_20260207_140000.BIN,11.9808,18.0248,0.2207,18.0248,2.4090,1,3.931,4.168
873,DATA_20260207_140000.BIN,0.2207,12.4544,5.4382,12.4544,8.3820,1,15.584,15.945
874,DATA_20260207_140000.BIN,5.4382,16.3643,2.3082,16.3643,4.4440,1,15.737,15.791
875,DATA_20260207_140000.BIN,2.3082,8.4287,2.9780,8.4287,7.2600,1,13.186,13.187
876,DATA_20260207_140000.BIN,8.9714,17.6953,3.7323,17.6953,2.8710,1,8.689,10.566
877,DATA_20260207_140000.BIN,3.7323,13.5908,4.5807,13.5908,1.4300,1,8.024,9.733
878,DATA_20260207_140000.BIN,7.2267,14.6388,7.3938,14.6388,1.4190,1,1.121,3.492
879,DATA_20260207_140000.BIN,2.5756,9.2201,0.6688,9.2201,1.9030,1,9.828,9.885
880,DATA_20260207_140000.BIN,0.6688,9.7080,1.5913,9.7080,2.2550,1,9.702,12.836
881,DATA_20260207_140000.BIN,1.5913,15.2342,5.6242,15.2342,1.5290,1,6.794,6.796
882,DATA_20260207_140000.BIN,5.6242,12.3302,3.3257,12.3302,4.1800,1,0.998,1.000
883,DATA_20260207_140000.BIN,3.1654,20.7287,3.5149,20.7287,2.1450,1,7.183,7.191
884,DATA_20260207_140000.BIN,7.3665,19.9856,3.4714,19.9856,3.3770,1,34.886,41.275
885,DATA_20260207_140000.BIN,3.4714,11.3378,2.2004,11.3378,3.5310,1,10.530,10.624
886,DATA_20260207_140000.BIN,2.2004,13.2271,2.7529,13.2271,4.7300,1,3.486,5.829
887,DATA_20260207_140000.BIN,2.7467,9.5607,2.2501,9.5607,5.0490,1,9.936,12.552
888,DATA_20260207_140000.BIN,2.2501,13.3517,3.7243,13.3517,3.5310,1,6.180,7.226
889,DATA_20260207_140000.BIN,3.7243,11.1369,4.8767,11.1369,4.5320,1,6.781,7.659
890,DATA_20260207_140000.BIN,4.8767,10.8361,4.4124,10.8361,2.5300,1,8.957,13.108
891,DATA_20260207_140000.BIN,4.4124,12.8797,5.2750,12.8797,2.8490,1,5.523,6.693
892,DATA_20260207_140000.BIN,5.2750,12.3065,2.2092,12.3065,2.2880,1,5.481,5.642
893,DATA_20260207_140000.BIN,2.2092,14.0002,5.3192,14.0002,2.3540,1,7.974,11.751
894,DATA_20260207_140000.BIN,5.3192,16.3316,3.1384,16.3316,1.5510,1,13.195,15.211
895,DATA_20260207_140000.BIN,3.1384,12.8105,4.3954,12.8105,5.5770,1,11.420,13.445
896,DATA_20260207_140000.BIN,4.3954,11.6988,1.1965,11.6988,2.7830,1,3.081,6.119
897,DATA_20260207_140000.BIN,0.8508,9.0149,2.3295,9.0149,3.1570,1,5.256,5.256
898,DATA_20260207_140000.BIN,2.3295,11.7301,0.4783,11.7301,2.7500,1,4.128,4.676
899,DATA_20260207_140000.BIN,0.4783,10.1575,3.3645,10.1575,4.0810,1,4.440,4.648
900,DATA_20260207_140000.BIN,3.3645,14.8236,1.9948,14.8236,3.8610,1,4.497,4.563
901,DATA_20260207_140000.BIN,2.1047,11.9495,6.2805,11.9495,5.3460,1,86.144,86.222
902,DATA_20260207_140000.BIN,6.2805,12.4172,4.0120,12.4172,2.7720,1,67.402,67.518
903,DATA_20260207_140000.BIN,4.0120,33.1143,7.8308,33.1143,5.5770,1,12.094,12.167
904,DATA_20260207_140000.BIN,7.3432,13.1311,3.4518,13.1311,6.4790,1,4.651,5.077
905,DATA_20260207_140000.BIN,3.4518,11.0814,2.6259,11.0814,4.3120,1,11.314,11.328
906,DATA_20260207_140000.BIN,5.2814,10.2534,1.9024,10.2534,7.0730,1,14.290,14.463
907,DATA_20260207_140000.BIN,1.9024,12.4504,2.5770,12.4504,4.7410,1,12.355,13.590
908,DATA_20260207_140000.BIN,2.1539,25.1036,11.3003,25.1036,8.4370,1,11.089,11.215
909,DATA_20260207_140000.BIN,11.3003,24.3048,2.0006,24.3048,4.2900,1,88.544,89.449
910,DATA_20260207_140000.BIN,2.0006,8.2805,2.6308,8.2805,2.2770,1,19.265,20.421
911,DATA_20260207_140000.BIN,2.6308,13.2540,4.6776,13.2540,3.8170,1,21.000,21.521
912,DATA_20260207_140000.BIN,4.6776,23.5703,1.2136,23.5703,3.4320,1,73.702,73.951
913,DATA_20260207_140000.BIN,2.3048,9.3652,0.9205,9.3652,3.3990,1,18.572,20.351
914,DATA_20260207_140000.BIN,2.4843,43.8399,4.6851,43.8399,9.0200,1,24.550,25.016
915,DATA_20260207_140000.BIN,4.9036,13.1764,6.7221,13.1764,4.0480,1,10.896,11.793
916,DATA_20260207_140000.BIN,3.5726,12.1321,4.7125,12.1321,3.2230,1,18.280,18.880
917,DATA_20260207_140000.BIN,4.2687,11.2517,6.1905,11.2517,3.6960,1,19.804,20.746
918,DATA_20260207_140000.BIN,4.2187,14.2791,7.3987,14.2791,1.4630,1,9.372,9.388
919,DATA_20260207_140000.BIN,5.1266,13.5567,4.1165,13.5567,4.2460,1,17.938,18.049
920,DATA_20260207_140000.BIN,7.6033,17.9414,5.3022,17.9414,3.2120,1,22.721,23.300
921,DATA_20260207_140000.BIN,5.3022,12.3516,6.7595,12.3516,4.4440,1,16.350,19.283
922,DATA_20260207_140000.BIN,6.7595,38.3058,2.4802,38.3058,3.5310,1,6.182,6.369
923,DATA_20260207_140000.BIN,2.4802,12.4689,5.6576,12.4689,1.5950,1,6.500,6.832
924,DATA_20260207_140000.BIN,1.7121,13.6036,1.2595,13.6036,2.6840,1,10.435,10.772
925,DATA_20260207_140000.BIN,1.1801,7.7513,1.6765,7.7513,3.5420,1,9.620,10.166
926,DATA_20260207_140000.BIN,2.1329,7.8733,1.5706,7.8733,3.1900,1,8.308,8.853
927,DATA_20260207_140000.BIN,1.5706,7.9966,1.6942,7.9966,3.0910,1,8.890,10.259
928,DATA_20260207_140000.BIN,4.3367,12.6921,1.1001,12.6921,5.4010,1,17.431,18.708
929,DATA_20260207_140000.BIN,1.3033,11.5796,2.3394,11.5796,2.7940,1,5.723,6.384
930,DATA_20260207_140000.BIN,1.4365,13.8972,1.4671,13.8972,3.2890,1,1.908,2.200
931,DATA_20260207_140000.BIN,7.1640,12.1609,0.6258,12.1609,2.4860,1,38.043,42.284
932,DATA_20260207_140000.BIN,0.6258,12.1364,0.6895,12.1364,3.8830,1,7.647,9.758
933,DATA_20260207_140000.BIN,0.6895,41.9207,7.9228,41.9207,3.1130,1,4.268,5.027
934,DATA_20260207_140000.BIN,6.1099,11.2523,1.9264,11.2523,2.4750,1,9.638,10.669
935,DATA_20260207_140000.BIN,1.9264,10.5471,2.2980,10.5471,4.7410,1,3.172,3.178
936,DATA_20260207_140000.BIN,2.2980,11.6118,1.6594,11.6118,6.9740,1,4.737,5.257
937,DATA_20260207_140000.BIN,1.6594,10.6955,4.4804,10.6955,4.7740,1,15.326,19.483
938,DATA_20260207_140000.BIN,4.4804,12.2776,2.1364,12.2776,2.7280,1,0.609,5.253
939,DATA_20260207_140000.BIN,1.4839,11.7839,0.3111,11.7839,7.8100,1,0.606,0.651
940,DATA_20260207_140000.BIN,0.3111,18.0158,1.3038,18.0158,5.5440,1,7.141,8.556
941,DATA_20260207_140000.BIN,1.3038,10.9171,2.2727,10.9171,4.4110,1,9.927,15.462
942,DATA_20260207_140000.BIN,0.6903,10.0650,0.6666,10.0650,3.0800,1,2.501,2.817
943,DATA_20260207_140000.BIN,0.6666,12.4261,4.1478,12.4261,5.1810,1,3.978,5.103
944,DATA_20260207_140000.BIN,4.1478,12.8718,4.4514,12.8718,6.6330,1,1.586,4.544
945,DATA_20260207_140000.BIN,4.4514,12.6673,1.9120,12.6673,2.4970,1,13.478,15.175
946,DATA_20260207_140000.BIN,3.5256,8.7199,3.7057,8.7199,2.0570,1,6.435,7.229
947,DATA_20260207_140000.BIN,3.7057,9.7843,2.7339,9.7843,1.7490,1,16.212,17.463
948,DATA_20260207_140000.BIN,2.7339,10.3581,4.8495,10.3581,1.6060,1,1.401,6.419
949,DATA_20260207_140000.BIN,4.8495,21.1435,1.6835,21.1435,4.1250,1,8.591,8.653
950,DATA_20260207_140000.BIN,1.6835,19.7824,2.1061,19.7824,6.1270,1,3.330,3.630
951,DATA_20260207_140000.BIN,2.1061,14.9577,0.9761,14.9577,3.1350,1,5.071,8.903
952,DATA_20260207_140000.BIN,4.0974,12.5411,2.5975,12.5411,6.6550,1,16.808,19.037
953,DATA_20260207_140000.BIN,8.6188,15.3023,8.9598,15.3023,3.1240,1,15.338,18.267
954,DATA_20260207_140000.BIN,5.0491,20.5254,1.1836,20.5254,2.6620,1,13.943,14.665
955,DATA_20260207_140000.BIN,1.1836,13.9568,2.3214,13.9568,1.8260,1,11.698,16.139
956,DATA_20260207_140000.BIN,2.3214,11.8814,5.4063,11.8814,1.9580,1,2.653,2.757
957,DATA_20260207_140000.BIN,1.7599,12.5069,4.0101,12.5069,2.4200,1,4.706,5.821
958,DATA_20260207_140000.BIN,4.0101,14.8187,0.9342,14.8187,2.5740,1,10.285,11.052
959,DATA_20260207_140000.BIN,0.9342,24.4935,2.4857,24.4935,9.4820,1,13.137,16.213
960,DATA_20260207_140000.BIN,0.6769,18.9051,8.6360,18.9051,3.0690,1,6.200,7.225
961,DATA_20260207_140000.BIN,3.9876,18.3543,12.6067,18.3543,4.9720,1,10.671,14.952
962,DATA_20260207_140000.BIN,12.6067,23.1522,5.2924,23.1522,4.4550,1,18.109,20.278
963,DATA_20260207_140000.BIN,5.2924,23.8066,11.4222,23.8066,6.4790,1,14.336,15.659
964,DATA_20260207_140000.BIN,0.7556,8.8302,0.2586,8.8302,8.7450,1,5.382,5.602
965,DATA_20260207_140000.BIN,1.7753,12.4106,3.6971,12.4106,2.6180,1,5.762,5.770
966,DATA_20260207_140000.BIN,3.6971,10.1039,1.4644,10.1039,3.1460,1,3.314,4.281
967,DATA_20260207_140000.BIN,1.4644,7.4445,0.3590,7.4445,7.7550,1,5.734,8.548
968,DATA_20260207_140000.BIN,1.7637,5.7894,1.8323,5.7894,2.2550,1,8.324,10.375
969,DATA_20260207_140000.BIN,1.8323,7.8699,0.6243,7.8699,6.1490,1,12.099,13.520
970,DATA_20260207_140000.BIN,0.6243,5.1820,0.7284,5.1820,3.3770,1,5.973,9.417
971,DATA_20260207_140000.BIN,1.3980,11.0230,1.1340,11.0230,4.9280,1,11.249,13.205
972,DATA_20260207_140000.BIN,1.9023,8.2320,0.8120,8.2320,3.4650,1,7.530,8.350
973,DATA_20260207_140000.BIN,0.8120,7.6603,1.8963,7.6603,4.2900,1,2.456,3.547
974,DATA_20260207_140000.BIN,0.9307,10.7535,2.8437,10.7535,4.5540,1,3.932,5.955
975,DATA_20260207_140000.BIN,1.0549,25.2783,2.7827,25.2783,2.9700,1,2.675,2.753
976,DATA_20260207_140000.BIN,2.7827,10.5361,1.4726,10.5361,5.3570,1,12.898,14.767
977,DATA_20260207_140000.BIN,1.4726,8.6697,2.0442,8.6697,6.1600,1,3.481,3.747
978,DATA_20260207_140000.BIN,2.0442,13.5984,5.5859,13.5984,9.3940,1,6.002,8.892
979,DATA_20260207_140000.BIN,5.5859,13.8194,0.8939,13.8194,2.7170,1,10.327,11.644
980,DATA_20260207_140000.BIN,0.2567,7.9024,2.0068,7.9024,4.5210,1,12.602,16.966
981,DATA_20260207_140000.BIN,2.0068,10.8115,2.4396,10.8115,8.2720,1,13.061,16.217
982,DATA_20260207_140000.BIN,0.3632,19.8690,0.5264,19.8690,3.8610,1,4.842,6.275
983,DATA_20260207_140000.BIN,4.6628,11.8485,3.5110,11.8485,2.5740,1,7.116,7.155
984,DATA_20260207_140000.BIN,3.5110,24.9755,10.4252,24.9755,4.9280,1,17.588,20.402
985,DATA_20260207_140000.BIN,10.4252,15.6872,1.0335,15.6872,3.1020,1,15.224,17.488
986,DATA_20260207_140000.BIN,1.0335,10.7978,2.1196,10.7978,2.8160,1,3.896,5.735
987,DATA_20260207_140000.BIN,2.4803,11.9375,4.0186,11.9375,2.0130,1,5.871,7.445
988,DATA_20260207_140000.BIN,4.0186,12.8331,5.6747,12.8331,1.5400,1,8.670,8.829
989,DATA_20260207_140000.BIN,14.3560,19.5264,1.0002,19.5264,9.7790,1,19.690,19.714
990,DATA_20260207_140000.BIN,1.0002,18.0890,1.5047,18.0890,8.3050,1,8.287,10.355
991,DATA_20260207_140000.BIN,1.5047,12.0490,7.1230,12.0490,3.1680,1,12.161,13.824
992,DATA_20260207_140000.BIN,3.2271,12.3706,4.4217,12.3706,1.5840,1,4.799,5.378
993,DATA_20260207_140000.BIN,8.8567,19.3690,5.4248,19.3690,7.3480,1,10.642,10.663
994,DATA_20260207_140000.BIN,5.4248,18.1790,7.0356,18.1790,5.1920,1,4.587,4.652
995,DATA_20260207_140000.BIN,7.0356,20.7523,11.1555,20.7523,3.7070,1,12.568,13.005
996,DATA_20260207_140000.BIN,11.1555,20.7885,4.8612,20.7885,7.5680,1,14.460,15.160
997,DATA_20260207_140000.BIN,3.7524,22.3856,1.5237,22.3856,7.7330,1,7.073,10.361
998,DATA_20260207_140000.BIN,3.0729,12.0665,3.9211,12.0665,3.2450,1,3.651,4.977
999,DATA_20260207_140000.BIN,3.9211,11.3183,5.9533,11.3183,3.0140,1,3.759,3.860
1000,DATA_20260207_140000.BIN,5.2543,18.5875,3.0832,18.5875,5.2690,1,6.121,6.378
1001,DATA_20260207_140000.BIN,2.5744,17.3218,6.1436,17.3218,3.9160,1,12.052,15.067
1002,DATA_20260207_140000.BIN,4.6318,13.5183,3.1127,13.5183,1.6500,1,5.505,6.359
1003,DATA_20260207_140000.BIN,17.9458,23.2557,7.0619,23.2557,4.8180,1,23.222,23.867
1004,DATA_20260207_140000.BIN,4.8666,16.7766,6.0205,16.7766,2.2110,1,3.429,5.404
1005,DATA_20260207_140000.BIN,6.0205,25.6886,7.0116,25.6886,5.4120,1,2.832,3.170
1006,DATA_20260207_140000.BIN,6.6307,19.5992,10.0952,19.5992,2.6400,1,6.318,7.839
1007,DATA_20260207_140000.BIN,11.0076,17.2553,2.9539,17.2553,2.5190,1,12.760,14.572
1008,DATA_20260207_140000.BIN,2.9539,14.4346,2.9241,14.4346,1.0560,1,25.793,31.832
1009,DATA_20260207_140000.BIN,2.1614,12.7828,2.5388,12.7828,3.4430,1,10.978,14.863
1010,DATA_20260207_140000.BIN,2.5388,9.8526,3.1347,9.8526,2.5740,1,16.527,18.867
1011,DATA_20260207_140000.BIN,3.1347,18.9701,1.6963,18.9701,7.3260,1,8.810,9.226
1012,DATA_20260207_140000.BIN,1.6963,13.0657,5.1622,13.0657,3.9820,1,6.253,6.456
1013,DATA_20260207_140000.BIN,5.1622,12.0549,4.2123,12.0549,3.5970,1,5.971,7.270
1014,DATA_20260207_140000.BIN,4.2123,10.4054,5.1404,10.4054,3.3770,1,19.101,27.491
1015,DATA_20260207_140000.BIN,7.4906,26.6341,9.7291,26.6341,2.4640,1,15.204,16.056
1016,DATA_20260207_140000.BIN,9.7291,16.3782,9.1558,16.3782,2.1890,1,9.714,9.732
1017,DATA_20260207_140000.BIN,3.5364,12.0974,4.9332,12.0974,1.1000,1,8.723,12.050
1018,DATA_20260207_140000.BIN,4.9332,11.0619,4.8064,11.0619,1.5400,1,4.767,5.726
1019,DATA_20260207_140000.BIN,4.8064,17.3485,8.0121,17.3485,2.6180,1,7.893,8.674
1020,DATA_20260207_140000.BIN,8.0121,21.8880,7.1228,21.8880,1.8150,1,11.504,11.860
1021,DATA_20260207_140000.BIN,7.1228,20.0600,6.6853,20.0600,5.9730,1,8.957,10.201
1022,DATA_20260207_140000.BIN,6.6853,19.6294,11.2848,19.6294,5.2580,1,6.932,7.382
1023,DATA_20260207_140000.BIN,4.8304,15.4452,7.5225,15.4452,1.9800,1,4.153,5.863
1024,DATA_20260207_140000.BIN,7.5225,19.8873,8.4169,19.8873,5.2250,1,9.689,10.488
1025,DATA_20260207_140000.BIN,9.2330,24.4027,7.1611,24.4027,6.2700,1,8.929,9.005
1026,DATA_20260207_140000.BIN,7.1611,16.4932,7.0815,16.4932,2.6400,1,2.836,2.853
1027,DATA_20260207_140000.BIN,7.0815,20.5585,7.6138,20.5585,4.0810,1,14.608,18.730
1028,DATA_20260207_150000.BIN,4.4339,20.9358,1.6694,20.9358,1.3750,1,39.435,39.577
1029,DATA_20260207_150000.BIN,1.6694,15.8639,10.3567,15.8639,2.9150,1,29.739,30.906
1030,DATA_20260207_150000.BIN,10.3567,22.2072,12.8226,22.2072,1.5180,1,13.470,14.788
1031,DATA_20260207_150000.BIN,12.8884,23.5952,6.9428,23.5952,2.7940,1,9.911,10.206
1032,DATA_20260207_150000.BIN,7.9161,23.4976,0.5380,23.4976,3.8500,1,17.664,17.854
1033,DATA_20260207_150000.BIN,0.5380,11.6036,3.5319,11.6036,3.9600,1,22.035,22.472
1034,DATA_20260207_150000.BIN,3.5319,14.4682,2.1734,14.4682,1.4410,1,18.882,20.976
1035,DATA_20260207_150000.BIN,2.1734,17.1539,3.3492,17.1539,1.4850,1,21.761,21.765
1036,DATA_20260207_150000.BIN,3.3492,26.1933,7.3479,26.1933,1.3530,1,20.661,20.690
1037,DATA_20260207_150000.BIN,7.3479,28.0003,12.0049,28.0003,2.0790,1,16.420,16.570
1038,DATA_20260207_150000.BIN,12.0049,46.5612,3.9592,46.5612,2.7830,1,30.844,30.950
1039,DATA_20260207_150000.BIN,4.7331,21.7530,6.2512,21.7530,3.3880,1,18.032,18.810
1040,DATA_20260207_150000.BIN,6.2512,29.0254,18.4849,29.0254,4.0590,1,0.810,1.875
1041,DATA_20260207_150000.BIN,18.4849,26.2800,7.3034,26.2800,3.3110,1,15.316,15.648
1042,DATA_20260207_150000.BIN,7.3034,16.3731,2.8586,16.3731,3.9710,1,0.838,4.239
1043,DATA_20260207_150000.BIN,2.8586,27.2889,17.3871,27.2889,9.7130,1,10.061,10.176
1044,DATA_20260207_150000.BIN,5.3677,15.2097,1.9116,15.2097,4.4770,1,1.833,1.954
1045,DATA_20260207_150000.BIN,1.9116,9.7498,4.0564,9.7498,5.9620,1,7.588,8.229
1046,DATA_20260207_150000.BIN,4.6097,9.2659,4.2997,9.2659,3.4650,1,15.014,15.745
1047,DATA_20260207_150000.BIN,5.3385,12.4612,6.6733,12.4612,7.6890,1,14.065,15.228
1048,DATA_20260207_150000.BIN,6.6733,11.8713,6.1131,11.8713,2.7280,1,14.390,15.271
1049,DATA_20260207_150000.BIN,4.4782,9.5679,3.6449,9.5679,7.0730,1,7.461,7.588
1050,DATA_20260207_150000.BIN,2.6920,19.3133,1.6052,19.3133,8.4480,1,4.843,7.515
1051,DATA_20260207_150000.BIN,3.0395,8.0548,3.3818,8.0548,4.1470,1,3.817,4.076
1052,DATA_20260207_150000.BIN,3.3818,18.0377,4.0782,18.0377,9.4710,1,7.086,7.833
1053,DATA_20260207_150000.BIN,1.8251,6.7341,1.5551,6.7341,9.8010,1,5.633,6.156
1054,DATA_20260207_150000.BIN,3.2439,10.6244,4.0146,10.6244,4.1580,1,4.896,6.189
1055,DATA_20260207_150000.BIN,3.9332,13.7837,1.5448,13.7837,2.5190,1,6.569,7.358
1056,DATA_20260207_150000.BIN,1.5448,23.8649,1.4441,23.8649,9.7790,1,3.986,6.609
1057,DATA_20260207_150000.BIN,1.4441,7.3236,1.4929,7.3236,9.7130,1,5.002,5.053
1058,DATA_20260207_150000.BIN,1.1587,7.8723,0.8667,7.8723,3.6300,1,2.469,2.922
1059,DATA_20260207_150000.BIN,0.8667,7.6248,0.8948,7.6248,4.4000,1,1.966,1.984
1060,DATA_20260207_150000.BIN,0.9666,11.4578,3.6024,11.4578,3.1570,1,2.665,2.746
1061,DATA_20260207_150000.BIN,3.6024,11.7103,3.8422,11.7103,8.8000,1,6.438,8.848
1062,DATA_20260207_150000.BIN,3.1403,7.9298,2.9904,7.9298,7.9640,1,3.968,4.168
1063,DATA_20260207_150000.BIN,2.9904,14.6221,6.8632,14.6221,1.8480,1,2.581,2.675
1064,DATA_20260207_150000.BIN,3.0389,12.3075,1.7972,12.3075,7.1060,1,4.134,5.278
1065,DATA_20260207_150000.BIN,1.1425,7.7153,2.7562,7.7153,2.8600,1,2.394,5.243
1066,DATA_20260207_150000.BIN,2.7562,9.6057,2.0227,9.6057,8.6240,1,5.298,8.174
1067,DATA_20260207_150000.BIN,2.0227,11.9260,3.3932,11.9260,6.0940,1,0.953,1.038
1068,DATA_20260207_150000.BIN,3.9817,19.3368,6.1041,19.3368,2.1010,1,6.782,9.653
1069,DATA_20260207_150000.BIN,6.1041,14.4042,6.6247,14.4042,1.4410,1,12.935,16.504
1070,DATA_20260207_150000.BIN,6.6247,17.1583,3.1698,17.1583,4.2900,1,9.405,10.703
1071,DATA_20260207_150000.BIN,3.1698,27.4797,3.0261,27.4797,7.0180,1,9.894,10.915
1072,DATA_20260207_150000.BIN,3.0261,14.5116,0.4077,14.5116,2.1670,1,1.185,2.974
1073,DATA_20260207_150000.BIN,2.8012,23.4605,1.4998,23.4605,4.0260,1,8.496,9.169
1074,DATA_20260207_150000.BIN,1.4998,23.9235,8.8908,23.9235,2.1890,1,1.055,4.239
1075,DATA_20260207_150000.BIN,8.8908,18.5297,9.7358,18.5297,2.9370,1,12.269,13.016
1076,DATA_20260207_150000.BIN,9.7358,19.0880,2.5215,19.0880,1.7380,1,9.304,12.011
1077,DATA_20260207_150000.BIN,2.5215,12.9434,2.2826,12.9434,1.3420,1,1.053,1.268
1078,DATA_20260207_150000.BIN,2.2826,17.9836,1.7060,17.9836,1.5400,1,0.350,0.907
1079,DATA_20260207_150000.BIN,1.7060,22.9534,4.6286,22.9534,3.1350,1,1.476,2.322
1080,DATA_20260207_150000.BIN,4.6286,10.9706,2.4820,10.9706,1.6940,1,2.569,4.552
1081,DATA_20260207_150000.BIN,2.4820,18.0451,3.2027,18.0451,1.9360,1,3.503,4.153
1082,DATA_20260207_150000.BIN,3.2027,23.1089,7.8470,23.1089,1.1880,1,7.057,9.912
1083,DATA_20260207_150000.BIN,7.8470,23.6521,13.3368,23.6521,2.5850,1,16.495,17.000
1084,DATA_20260207_150000.BIN,13.3368,23.7629,7.4750,23.7629,2.9810,1,18.435,18.993
1085,DATA_20260207_150000.BIN,7.4750,24.5055,7.9200,24.5055,3.3220,1,10.153,14.167
1086,DATA_20260207_150000.BIN,7.9200,22.9664,3.8912,22.9664,3.2890,1,14.040,15.270
1087,DATA_20260207_150000.BIN,3.8912,33.1729,26.3112,33.1729,4.4000,1,7.057,8.255
1088,DATA_20260207_150000.BIN,26.0746,32.0734,1.2897,32.0734,2.3870,1,28.830,28.898
1089,DATA_20260207_150000.BIN,1.2897,17.5462,5.4442,17.5462,1.2320,1,7.282,7.328
1090,DATA_20260207_150000.BIN,12.3942,24.7386,15.6311,24.7386,1.5290,1,11.010,11.709
1091,DATA_20260207_150000.BIN,15.6311,25.0272,13.9048,25.0272,1.3310,1,14.769,15.581
1092,DATA_20260207_150000.BIN,11.7005,20.9416,8.8333,20.9416,1.7270,1,9.059,10.493
1093,DATA_20260207_150000.BIN,8.8333,26.2270,5.2296,26.2270,2.1340,1,8.493,11.493
1094,DATA_20260207_150000.BIN,5.2296,22.5766,5.7972,22.5766,1.4740,1,13.038,14.222
1095,DATA_20260207_150000.BIN,5.7972,27.2196,12.1037,27.2196,2.3100,1,11.903,12.471
1096,DATA_20260207_150000.BIN,4.9662,16.9840,5.0934,16.9840,1.5950,1,5.702,6.185
1097,DATA_20260207_150000.BIN,5.0934,19.3760,11.2433,19.3760,1.2320,1,11.690,11.718
1098,DATA_20260207_150000.BIN,11.2433,18.8681,3.8028,18.8681,4.0920,1,9.908,11.128
1099,DATA_20260207_150000.BIN,3.8028,22.1831,3.7109,22.1831,6.3250,1,3.961,5.474
1100,DATA_20260207_150000.BIN,2.6839,12.1835,3.4929,12.1835,5.9620,1,4.408,4.536
1101,DATA_20260207_150000.BIN,3.4929,22.1159,6.5984,22.1159,2.4750,1,7.075,7.155
1102,DATA_20260207_150000.BIN,6.5984,13.5735,2.9971,13.5735,5.4450,1,10.638,12.301
1103,DATA_20260207_150000.BIN,2.9971,13.2910,1.4131,13.2910,1.4300,1,2.089,4.210
1104,DATA_20260207_150000.BIN,1.4131,10.2696,1.4936,10.2696,2.0130,1,3.995,6.688
1105,DATA_20260207_150000.BIN,1.4936,16.5048,3.7236,16.5048,2.2110,1,6.007,7.745
1106,DATA_20260207_150000.BIN,3.7236,18.6497,3.4844,18.6497,3.0030,1,8.800,12.207
1107,DATA_20260207_150000.BIN,3.4844,23.6841,5.5660,23.6841,3.0910,1,8.670,9.171
1108,DATA_20260207_150000.BIN,5.5660,31.1755,11.2022,31.1755,4.5430,1,6.728,7.193
1109,DATA_20260207_150000.BIN,11.2022,28.4897,7.8710,28.4897,6.1710,1,12.920,13.673
1110,DATA_20260207_150000.BIN,3.0115,13.7552,2.3872,13.7552,1.2100,1,7.377,7.614
1111,DATA_20260207_150000.BIN,2.3872,22.4070,6.2586,22.4070,4.2020,1,1.975,2.660
1112,DATA_20260207_150000.BIN,6.2586,19.0827,7.1356,19.0827,8.0630,1,6.490,7.214
1113,DATA_20260207_150000.BIN,4.0611,12.4665,2.7299,12.4665,2.3430,1,10.139,10.139
1114,DATA_20260207_150000.BIN,2.7299,14.9820,4.7437,14.9820,1.1220,1,9.695,10.731
1115,DATA_20260207_150000.BIN,4.7437,17.8141,0.5789,17.8141,4.6420,1,6.376,8.171
1116,DATA_20260207_150000.BIN,7.7236,20.9899,6.5277,20.9899,3.1130,1,6.858,6.975
1117,DATA_20260207_150000.BIN,6.5277,28.5091,2.6284,28.5091,2.3430,1,4.990,5.046
1118,DATA_20260207_150000.BIN,2.6284,19.1717,9.1522,19.1717,1.2540,1,2.199,3.760
1119,DATA_20260207_150000.BIN,4.5693,22.5337,16.1322,22.5337,3.1350,1,3.002,3.169
1120,DATA_20260207_150000.BIN,10.8367,21.8813,6.1992,21.8813,2.7170,1,13.395,17.013
1121,DATA_20260207_150000.BIN,6.1992,17.9029,2.4117,17.9029,2.2330,1,4.922,4.958
1122,DATA_20260207_150000.BIN,2.4117,23.3427,7.0570,23.3427,2.5850,1,9.199,9.392
1123,DATA_20260207_150000.BIN,7.0570,21.5268,6.4111,21.5268,1.5400,1,9.923,10.394
1124,DATA_20260207_150000.BIN,1.1723,20.1400,1.5419,20.1400,3.8060,1,5.527,7.166
1125,DATA_20260207_150000.BIN,1.5419,16.8837,1.8812,16.8837,2.2990,1,2.042,3.338
1126,DATA_20260207_150000.BIN,1.8812,21.5202,6.7843,21.5202,5.0710,1,7.930,9.110
1127,DATA_20260207_150000.BIN,4.8795,21.7987,8.7830,21.7987,4.0370,1,5.420,5.572
1128,DATA_20260207_150000.BIN,8.7830,22.4718,8.4428,22.4718,3.7730,1,7.839,9.541
1129,DATA_20260207_150000.BIN,10.5288,21.0886,6.5120,21.0886,1.7270,1,12.247,12.268
1130,DATA_20260207_150000.BIN,6.5120,18.7922,3.7341,18.7922,1.6170,1,8.410,8.424
1131,DATA_20260207_150000.BIN,3.7341,25.5147,3.0340,25.5147,2.3760,1,4.521,5.519
1132,DATA_20260207_150000.BIN,3.0340,26.0161,5.2298,26.0161,5.6320,1,131.029,131.250
1133,DATA_20260207_150000.BIN,6.6719,23.1443,3.9159,23.1443,2.3650,1,16.303,16.337
1134,DATA_20260207_150000.BIN,3.9159,19.7474,6.2837,19.7474,2.7060,1,12.133,12.133
1135,DATA_20260207_150000.BIN,6.2837,15.4185,2.2780,15.4185,1.5180,1,16.487,17.473
1136,DATA_20260207_150000.BIN,2.2780,23.3926,1.8893,23.3926,2.3540,1,11.490,13.640
1137,DATA_20260207_150000.BIN,1.8893,16.5392,4.6172,16.5392,2.9260,1,4.765,9.134
1138,DATA_20260207_150000.BIN,4.6172,21.2506,3.5649,21.2506,3.7400,1,7.913,7.975
1139,DATA_20260207_150000.BIN,3.5649,22.4501,12.7704,22.4501,2.1340,1,5.710,5.748
1140,DATA_20260207_150000.BIN,12.7704,25.5775,10.3753,25.5775,4.3670,1,18.839,18.957
1141,DATA_20260207_150000.BIN,10.3753,22.3367,9.6522,22.3367,4.5430,1,15.391,16.359
1142,DATA_20260207_150000.BIN,8.1190,24.4402,12.0424,24.4402,2.2110,1,9.349,10.163
1143,DATA_20260207_150000.BIN,12.0424,17.2982,4.0408,17.2982,1.5620,1,14.392,15.781
1144,DATA_20260207_150000.BIN,4.0408,17.1788,7.5135,17.1788,1.3420,1,3.821,4.573
1145,DATA_20260207_150000.BIN,7.5135,16.9975,7.7522,16.9975,1.4520,1,5.243,5.824
1146,DATA_20260207_150000.BIN,7.7522,15.0140,6.4556,15.0140,1.7820,1,6.448,8.970
1147,DATA_20260207_150000.BIN,6.4556,22.1948,5.2825,22.1948,4.1690,1,10.481,11.639
1148,DATA_20260207_150000.BIN,1.4583,18.8728,3.7935,18.8728,5.7530,1,6.960,6.979
1149,DATA_20260207_150000.BIN,3.7935,11.3161,2.4950,11.3161,1.4960,1,4.971,5.024
1150,DATA_20260207_150000.BIN,2.4950,25.4968,3.2431,25.4968,9.4270,1,3.685,4.141
1151,DATA_20260207_150000.BIN,3.2431,26.2999,4.4781,26.2999,4.1800,1,5.374,7.564
1152,DATA_20260207_150000.BIN,4.4781,15.5872,1.5141,15.5872,1.8700,1,6.352,7.138
1153,DATA_20260207_150000.BIN,1.5141,14.8539,1.5797,14.8539,1.7930,1,8.193,11.980
1154,DATA_20260207_150000.BIN,1.5797,11.3752,2.5716,11.3752,1.6720,1,5.363,5.405
1155,DATA_20260207_150000.BIN,2.5716,18.4620,7.5204,18.4620,1.3750,1,2.407,3.052
1156,DATA_20260207_150000.BIN,5.3592,21.5815,2.4030,21.5815,2.0680,1,8.619,9.939
1157,DATA_20260207_150000.BIN,2.4030,13.4740,1.6837,13.4740,0.9570,1,4.257,4.956
1158,DATA_20260207_150000.BIN,1.6837,17.5625,2.7544,17.5625,9.5480,1,6.993,11.599
1159,DATA_20260207_150000.BIN,2.7544,24.4214,2.9934,24.4214,5.8740,1,5.332,7.587
1160,DATA_20260207_150000.BIN,2.9934,16.5996,1.2491,16.5996,3.1680,1,1.297,1.326
1161,DATA_20260207_150000.BIN,0.5068,8.9577,2.8725,8.9577,4.6200,1,3.053,3.249
1162,DATA_20260207_150000.BIN,2.8725,11.6494,6.1949,11.6494,3.0360,1,4.857,5.229
1163,DATA_20260207_150000.BIN,6.1949,12.3493,3.5218,12.3493,1.8260,1,8.146,8.488
1164,DATA_20260207_150000.BIN,3.5218,16.4201,6.6244,16.4201,1.0010,1,2.081,2.171
1165,DATA_20260207_150000.BIN,3.5171,17.5818,0.7665,17.5818,2.5960,1,10.569,13.578
1166,DATA_20260207_150000.BIN,1.3915,11.6909,1.3815,11.6909,6.5560,1,3.852,3.852
1167,DATA_20260207_150000.BIN,0.3822,10.4917,1.9874,10.4917,8.6020,1,2.497,3.113
1168,DATA_20260207_150000.BIN,2.2487,10.3128,4.1481,10.3128,5.8960,1,0.970,1.148
1169,DATA_20260207_150000.BIN,4.1481,10.1902,3.4981,10.1902,8.6790,1,7.946,8.301
1170,DATA_20260207_150000.BIN,3.4981,16.1349,2.1068,16.1349,8.5140,1,5.830,6.397
1171,DATA_20260207_150000.BIN,2.1068,8.3550,1.9012,8.3550,2.5520,1,2.107,2.569
1172,DATA_20260207_150000.BIN,1.0334,7.8275,0.8225,7.8275,5.5990,1,3.503,4.878
1173,DATA_20260207_150000.BIN,0.9214,22.2541,3.0331,22.2541,7.6340,1,3.848,4.512
1174,DATA_20260207_150000.BIN,3.0331,7.0154,0.4907,7.0154,9.3500,1,5.764,6.632
1175,DATA_20260207_150000.BIN,0.4907,25.5353,1.3044,25.5353,6.3030,1,1.145,1.224
1176,DATA_20260207_150000.BIN,1.3044,8.0199,0.5802,8.0199,4.8180,1,1.057,2.550
1177,DATA_20260207_150000.BIN,0.5802,17.8060,0.8224,17.8060,7.7000,1,0.846,0.953
1178,DATA_20260207_150000.BIN,0.8224,15.7532,8.2854,15.7532,6.9520,1,2.035,2.880
1179,DATA_20260207_150000.BIN,5.3861,10.5232,4.4424,10.5232,2.9920,1,7.719,7.781
1180,DATA_20260207_150000.BIN,4.4424,11.1645,3.5979,11.1645,5.6320,1,5.849,5.968
1181,DATA_20260207_150000.BIN,1.6167,8.9401,0.7607,8.9401,3.6740,1,2.792,4.804
1182,DATA_20260207_150000.BIN,0.7607,6.6510,1.2366,6.6510,4.5100,1,2.571,4.198
1183,DATA_20260207_150000.BIN,3.7212,9.1202,0.0729,9.1202,3.7070,1,4.689,4.722
1184,DATA_20260207_150000.BIN,2.7838,10.6303,5.1308,10.6303,6.2370,1,7.427,10.895
1185,DATA_20260207_150000.BIN,1.4804,17.0892,1.8921,17.0892,5.6870,1,1.106,3.007
1186,DATA_20260207_150000.BIN,1.8921,19.8254,8.2027,19.8254,1.4080,1,7.806,11.398
1187,DATA_20260207_150000.BIN,8.2027,15.3699,7.8587,15.3699,3.5420,1,10.018,10.585
1188,DATA_20260207_150000.BIN,7.8587,15.7232,3.8403,15.7232,1.3750,1,9.487,9.497
1189,DATA_20260207_150000.BIN,3.8403,15.8453,6.9363,15.8453,2.1230,1,2.905,3.616
1190,DATA_20260207_150000.BIN,6.9363,22.8583,11.5250,22.8583,3.8170,1,10.582,10.944
1191,DATA_20260207_150000.BIN,11.5250,19.0884,3.6605,19.0884,1.1550,1,15.172,16.377
1192,DATA_20260207_150000.BIN,3.6605,23.9397,14.4671,23.9397,1.7820,1,1.811,2.042
1193,DATA_20260207_150000.BIN,11.1226,19.2106,11.7220,19.2106,1.1550,1,10.691,11.320
1194,DATA_20260207_150000.BIN,11.7220,22.5443,11.4951,22.5443,1.7160,1,12.145,13.188
1195,DATA_20260207_150000.BIN,11.4951,28.1361,6.5679,28.1361,4.8730,1,9.043,9.045
1196,DATA_20260207_150000.BIN,21.2491,25.5406,5.5530,25.5406,8.9760,1,113.711,117.518
1197,DATA_20260207_150000.BIN,5.5530,26.0323,19.8600,26.0323,4.5100,1,2.113,2.125
1198,DATA_20260207_150000.BIN,19.3969,26.1709,7.9823,26.1709,1.9030,1,93.744,94.912
1199,DATA_20260207_150000.BIN,7.9823,17.6818,0.7717,17.6818,3.3880,1,11.332,11.921
1200,DATA_20260207_150000.BIN,0.7717,16.6108,2.4219,16.6108,4.8290,1,12.760,17.893
1201,DATA_20260207_150000.BIN,2.4219,39.9314,1.6926,39.9314,3.6520,1,15.613,15.717
1202,DATA_20260207_150000.BIN,1.6926,18.5751,9.1176,18.5751,2.9370,1,14.560,14.560
1203,DATA_20260207_150000.BIN,9.1176,18.7909,8.7554,18.7909,1.1770,1,15.252,15.471
1204,DATA_20260207_150000.BIN,8.7554,22.7988,7.2592,22.7988,1.1000,1,14.763,14.806
1205,DATA_20260207_150000.BIN,7.2592,19.9865,1.9727,19.9865,1.3090,1,15.978,15.978
1206,DATA_20260207_150000.BIN,1.9727,53.0708,16.1159,53.0708,3.4980,1,11.845,13.175
1207,DATA_20260207_150000.BIN,16.1159,30.2543,8.9415,30.2543,2.3430,1,25.208,25.642
1208,DATA_20260207_150000.BIN,8.9415,18.7993,11.2410,18.7993,1.3530,1,7.200,7.428
1209,DATA_20260207_150000.BIN,11.2410,23.9848,8.5613,23.9848,4.1360,1,14.028,14.850
1210,DATA_20260207_150000.BIN,7.8354,31.2871,18.7206,31.2871,1.5620,1,12.375,12.400
1211,DATA_20260207_150000.BIN,18.7206,24.0061,9.8329,24.0061,3.2560,1,22.924,22.979
1212,DATA_20260207_150000.BIN,9.8329,48.3854,41.7869,48.3854,6.8420,1,11.443,11.481
1213,DATA_20260207_150000.BIN,41.7869,49.0774,22.8351,49.0774,4.4770,1,108.516,126.869
1214,DATA_20260207_150000.BIN,22.8351,30.5332,8.0905,30.5332,7.7770,1,93.556,96.281
1215,DATA_20260207_150000.BIN,8.0905,36.4815,7.3571,36.4815,2.9370,1,17.759,17.796
1216,DATA_20260207_150000.BIN,2.4231,10.4358,2.1056,10.4358,1.4740,1,17.412,18.611
1217,DATA_20260207_150000.BIN,2.1056,12.9162,2.2663,12.9162,1.9580,1,19.237,23.968
1218,DATA_20260207_150000.BIN,2.2663,20.2433,5.3585,20.2433,2.3870,1,19.505,20.366
1219,DATA_20260207_150000.BIN,5.3585,20.0741,10.4332,20.0741,1.3420,1,20.483,20.856
1220,DATA_20260207_150000.BIN,10.4332,18.6097,7.9493,18.6097,1.3090,1,24.150,25.034
1221,DATA_20260207_150000.BIN,7.9493,20.4239,7.9085,20.4239,1.4300,1,17.875,18.434
1222,DATA_20260207_150000.BIN,7.9085,16.1044,7.3870,16.1044,1.0890,1,16.487,17.236
1223,DATA_20260207_150000.BIN,11.4281,19.9924,8.4536,19.9924,1.3530,1,19.544,19.889
1224,DATA_20260207_150000.BIN,8.4536,16.7730,6.3040,16.7730,1.0780,1,12.605,13.376
1225,DATA_20260207_150000.BIN,6.3040,17.8570,10.9845,17.8570,1.3970,1,10.821,10.869
1226,DATA_20260207_150000.BIN,10.9845,22.3385,6.1182,22.3385,1.2100,1,10.804,10.914
1227,DATA_20260207_150000.BIN,6.1182,18.5379,6.8881,18.5379,2.0350,1,0.595,1.066
1228,DATA_20260207_150000.BIN,6.8881,28.7420,11.7771,28.7420,3.5750,1,5.300,6.857
1229,DATA_20260207_150000.BIN,11.7771,20.2977,7.4992,20.2977,2.0680,1,9.121,9.147
1230,DATA_20260207_150000.BIN,7.4992,20.8636,10.3378,20.8636,1.4630,1,8.007,8.229
1231,DATA_20260207_150000.BIN,10.3378,41.7149,6.4061,41.7149,3.7950,1,8.144,8.247
1232,DATA_20260207_150000.BIN,6.4061,18.0951,6.9859,18.0951,1.3970,1,9.569,10.436
1233,DATA_20260207_150000.BIN,6.9859,22.8090,3.3910,22.8090,2.7170,1,9.790,9.838
1234,DATA_20260207_150000.BIN,3.3910,46.5006,7.2126,46.5006,3.8390,1,5.910,7.505
1235,DATA_20260207_150000.BIN,13.1608,29.5201,5.8026,29.5201,3.6960,1,11.747,11.756
1236,DATA_20260207_150000.BIN,5.8026,28.4125,5.8474,28.4125,3.2560,1,2.876,2.906
1237,DATA_20260207_150000.BIN,10.8773,21.6446,10.5430,21.6446,1.5620,1,8.938,9.231
1238,DATA_20260207_150000.BIN,10.5430,21.8308,9.3328,21.8308,1.2760,1,7.375,7.381
1239,DATA_20260207_150000.BIN,9.3328,19.8791,9.2791,19.8791,1.3090,1,5.617,5.617
1240,DATA_20260207_150000.BIN,9.2791,23.6418,11.3834,23.6418,1.3200,1,5.478,5.482
1241,DATA_20260207_150000.BIN,11.3834,23.8940,10.4957,23.8940,1.3750,1,6.134,6.209
1242,DATA_20260207_150000.BIN,10.4957,22.4006,12.6118,22.4006,1.3090,1,4.708,4.779
1243,DATA_20260207_150000.BIN,12.6118,20.9902,8.7863,20.9902,1.3750,1,7.317,8.069
1244,DATA_20260207_150000.BIN,8.7863,23.2547,12.1631,23.2547,1.3420,1,3.439,3.737
1245,DATA_20260207_150000.BIN,12.1631,18.3266,6.0474,18.3266,1.6170,1,18.870,19.184
1246,DATA_20260207_150000.BIN,6.0474,15.2986,5.7552,15.2986,1.4960,1,12.115,12.194
1247,DATA_20260207_150000.BIN,5.7552,16.9297,6.3510,16.9297,1.1220,1,5.411,5.424
1248,DATA_20260207_150000.BIN,6.3510,15.0455,5.0532,15.0455,1.3420,1,1.068,2.977
1249,DATA_20260207_150000.BIN,5.0532,25.4258,13.9345,25.4258,4.1360,1,5.219,7.474
1250,DATA_20260207_150000.BIN,13.9345,24.7543,10.5153,24.7543,3.8720,1,7.824,8.944
1251,DATA_20260207_150000.BIN,10.5153,17.9854,7.1641,17.9854,1.3530,1,3.138,5.561
1252,DATA_20260207_150000.BIN,7.1641,22.7784,14.0028,22.7784,3.0140,1,3.204,4.874
1253,DATA_20260207_150000.BIN,14.0028,25.5663,16.2953,25.5663,2.9040,1,21.387,21.461
1254,DATA_20260207_150000.BIN,16.2953,42.4463,9.6393,42.4463,8.0300,1,23.116,24.138
1255,DATA_20260207_150000.BIN,9.6393,32.5174,6.4319,32.5174,2.5850,1,4.962,5.264
1256,DATA_20260207_150000.BIN,6.4319,17.7177,7.1751,17.7177,1.2100,1,5.601,5.612
1257,DATA_20260207_150000.BIN,7.1751,27.3306,14.6003,27.3306,2.5190,1,10.255,10.293
1258,DATA_20260207_150000.BIN,14.6003,25.3091,12.2698,25.3091,1.3200,1,9.620,10.450
1259,DATA_20260207_150000.BIN,12.2698,25.4613,8.2870,25.4613,2.2000,1,12.168,12.220
1260,DATA_20260207_150000.BIN,8.2870,21.2192,11.6099,21.2192,1.6940,1,1.999,2.704
1261,DATA_20260207_150000.BIN,11.6099,32.5472,14.9453,32.5472,2.5520,1,9.900,10.328
1262,DATA_20260207_150000.BIN,14.9453,21.7282,11.3467,21.7282,1.9800,1,14.015,14.020
1263,DATA_20260207_150000.BIN,11.3467,20.2746,11.5004,20.2746,1.4850,1,9.787,10.516
1264,DATA_20260207_150000.BIN,11.5004,23.7403,15.9844,23.7403,1.6060,1,9.848,10.158
1265,DATA_20260207_150000.BIN,15.9844,25.4633,18.3127,25.4633,1.2320,1,8.624,9.172
1266,DATA_20260207_150000.BIN,4.2365,24.6366,12.0516,24.6366,4.3560,1,8.790,9.790
1267,DATA_20260207_150000.BIN,12.0516,30.1307,16.5065,30.1307,3.8170,1,6.865,8.094
1268,DATA_20260207_150000.BIN,16.5065,29.8108,11.5299,29.8108,4.0040,1,10.011,12.145
1269,DATA_20260207_150000.BIN,11.5299,39.8777,20.2911,39.8777,3.5530,1,13.816,15.699
1270,DATA_20260207_150000.BIN,20.2911,27.3295,15.3936,27.3295,2.2110,1,14.221,14.269
1271,DATA_20260207_150000.BIN,15.3936,29.8459,14.6150,29.8459,2.5850,1,5.852,6.781
1272,DATA_20260207_150000.BIN,14.6150,24.2414,4.1669,24.2414,4.2680,1,4.433,4.540
1273,DATA_20260207_150000.BIN,4.1669,15.7483,5.4078,15.7483,1.2430,1,14.313,15.346
1274,DATA_20260207_150000.BIN,5.4078,33.0967,16.4920,33.0967,4.0150,1,5.329,6.000
1275,DATA_20260207_150000.BIN,16.4920,28.9700,8.4074,28.9700,5.7310,1,10.387,12.257
1276,DATA_20260207_150000.BIN,8.5684,20.1971,9.1009,20.1971,5.4560,1,5.079,5.103
1277,DATA_20260207_150000.BIN,9.1009,19.2900,8.9283,19.2900,2.2660,1,2.094,2.150
1278,DATA_20260207_150000.BIN,8.9283,21.0584,1.3432,21.0584,1.8150,1,5.430,6.398
1279,DATA_20260207_150000.BIN,1.3432,21.4403,15.5301,21.4403,1.9800,1,20.246,24.430
1280,DATA_20260207_150000.BIN,12.8048,18.9903,5.9088,18.9903,6.1160,1,6.035,6.747
1281,DATA_20260207_150000.BIN,5.9088,18.9479,7.0862,18.9479,2.9920,1,9.794,12.805
1282,DATA_20260207_150000.BIN,15.2096,23.7754,11.6634,23.7754,4.3010,1,9.627,11.828
1283,DATA_20260207_150000.BIN,11.6634,25.9254,14.9780,25.9254,2.5410,1,4.642,7.253
1284,DATA_20260207_150000.BIN,14.9780,23.5312,11.1102,23.5312,4.5430,1,8.071,9.001
1285,DATA_20260207_150000.BIN,11.1102,26.1712,4.4333,26.1712,4.0040,1,3.812,3.892
1286,DATA_20260207_150000.BIN,4.4333,26.5348,13.3551,26.5348,1.3200,1,14.205,14.686
1287,DATA_20260207_150000.BIN,13.3551,29.2283,19.2234,29.2283,1.5840,1,16.684,20.465
1288,DATA_20260207_160000.BIN,7.2389,21.5127,3.8593,21.5127,5.7200,1,9.242,9.716
1289,DATA_20260207_160000.BIN,21.5828,45.0636,35.8503,45.0636,6.0280,1,29.275,30.160
1290,DATA_20260207_160000.BIN,35.8503,46.4985,10.5529,46.4985,4.1690,1,53.820,54.004
1291,DATA_20260207_160000.BIN,7.0834,21.1726,5.2453,21.1726,3.8830,1,21.168,21.919
1292,DATA_20260207_160000.BIN,5.2453,20.7854,3.2117,20.7854,2.4200,1,18.416,18.472
1293,DATA_20260207_160000.BIN,3.3238,26.6102,6.8092,26.6102,2.2880,1,9.256,9.543
1294,DATA_20260207_160000.BIN,9.7705,35.7882,1.1210,35.7882,9.5920,1,9.174,9.622
1295,DATA_20260207_160000.BIN,1.1210,31.5675,2.0396,31.5675,3.1240,1,13.138,18.335
1296,DATA_20260207_160000.BIN,2.0396,30.1383,18.6921,30.1383,2.6840,1,9.328,9.355
1297,DATA_20260207_160000.BIN,18.6921,38.2109,4.6870,38.2109,3.2560,1,22.481,22.992
1298,DATA_20260207_160000.BIN,5.2295,36.2341,20.4296,36.2341,3.2670,1,8.924,9.771
1299,DATA_20260207_160000.BIN,6.3499,40.8522,7.9601,40.8522,1.7820,1,5.190,9.503
1300,DATA_20260207_160000.BIN,12.5238,46.6699,14.1188,46.6699,6.8640,1,6.980,7.924
1301,DATA_20260207_160000.BIN,14.1188,47.4431,4.3358,47.4431,6.4350,1,11.391,14.272
1302,DATA_20260207_170000.BIN,3.0669,20.5862,6.4679,20.5862,2.1780,1,21.175,22.300
1303,DATA_20260207_170000.BIN,6.4679,26.2320,2.5355,26.2320,5.1370,1,19.073,19.172
1304,DATA_20260207_170000.BIN,2.5355,18.2369,2.7272,18.2369,4.5870,1,18.159,19.323
1305,DATA_20260207_170000.BIN,0.9986,14.1762,5.2032,14.1762,3.4430,1,14.684,15.120
1306,DATA_20260207_170000.BIN,3.4657,13.7530,2.8676,13.7530,1.3750,1,11.542,11.886
1307,DATA_20260207_170000.BIN,2.8676,12.8149,4.2530,12.8149,2.8930,1,9.466,9.880
1308,DATA_20260207_170000.BIN,4.2530,16.5883,8.0720,16.5883,8.7780,1,8.437,8.491
1309,DATA_20260207_170000.BIN,8.0720,29.1167,6.4546,29.1167,4.5100,1,7.987,8.113
1310,DATA_20260207_170000.BIN,6.4546,31.4945,2.8467,31.4945,3.9050,1,17.074,17.129
1311,DATA_20260207_170000.BIN,2.8467,18.9794,1.3957,18.9794,5.9510,1,8.775,9.540
1312,DATA_20260207_170000.BIN,6.5772,31.1801,0.8918,31.1801,1.6060,1,13.352,23.200
1313,DATA_20260207_170000.BIN,0.8918,22.6509,3.1342,22.6509,2.8050,1,6.662,6.662
1314,DATA_20260207_170000.BIN,3.1342,32.4011,16.0998,32.4011,3.6410,1,9.495,10.203
1315,DATA_20260207_170000.BIN,16.0998,37.8672,15.0087,37.8672,7.7000,1,23.696,23.704
1316,DATA_20260207_170000.BIN,15.0087,31.7281,1.0549,31.7281,3.4430,1,21.129,22.002
1317,DATA_20260207_170000.BIN,7.4016,31.4315,10.6553,31.4315,2.6730,1,6.344,6.817
1318,DATA_20260207_170000.BIN,12.0245,33.3169,1.3475,33.3169,3.7290,1,12.990,14.450
1319,DATA_20260207_170000.BIN,1.3475,33.7885,1.3123,33.7885,7.5130,1,7.108,9.561
1320,DATA_20260207_170000.BIN,1.3123,24.1970,1.6288,24.1970,3.5640,1,3.678,3.724
1321,DATA_20260207_170000.BIN,1.6288,14.6035,4.9152,14.6035,3.1350,1,2.935,2.970
1322,DATA_20260207_170000.BIN,4.6084,16.8980,1.0271,16.8980,7.4030,1,4.262,5.517
1323,DATA_20260207_170000.BIN,1.0271,12.2973,1.7147,12.2973,8.9540,1,5.081,8.113
1324,DATA_20260207_170000.BIN,1.7147,13.5125,3.6923,13.5125,2.2110,1,8.162,11.269
1325,DATA_20260207_170000.BIN,3.6923,14.6954,1.6626,14.6954,2.5520,1,4.814,4.873
1326,DATA_20260207_170000.BIN,1.6626,15.0209,4.3346,15.0209,3.5860,1,4.125,6.595
1327,DATA_20260207_170000.BIN,4.3346,15.0394,2.9637,15.0394,2.9480,1,4.114,4.209
1328,DATA_20260207_170000.BIN,2.9637,30.2033,22.8721,30.2033,3.2230,1,3.623,3.892
1329,DATA_20260207_170000.BIN,22.8721,33.4805,6.5514,33.4805,2.0240,1,35.835,36.738
1330,DATA_20260207_170000.BIN,6.5514,47.8668,38.6854,47.8668,3.8170,1,7.915,7.916
1331,DATA_20260207_180000.BIN,7.8003,23.8342,5.1934,23.8342,2.6620,1,43.075,43.075
1332,DATA_20260207_180000.BIN,5.1934,17.1917,1.2823,17.1917,4.1470,1,47.394,48.200
1333,DATA_20260207_180000.BIN,9.0020,19.2602,8.3545,19.2602,3.6520,1,41.868,44.312
1334,DATA_20260207_180000.BIN,8.3545,18.6712,5.1052,18.6712,3.4870,1,26.113,26.313
1335,DATA_20260207_180000.BIN,5.1052,24.8891,6.7414,24.8891,6.7540,1,27.663,28.028
1336,DATA_20260207_180000.BIN,9.3965,22.3999,6.3279,22.3999,2.7720,1,19.742,20.155
1337,DATA_20260207_180000.BIN,6.3279,13.5421,1.6722,13.5421,3.6960,1,20.300,21.167
1338,DATA_20260207_180000.BIN,1.6722,17.0916,6.3509,17.0916,4.3230,1,31.560,33.281
1339,DATA_20260207_180000.BIN,9.0649,18.5312,6.5727,18.5312,2.6950,1,12.179,12.865
1340,DATA_20260207_180000.BIN,6.5727,22.3564,11.1651,22.3564,6.9850,1,29.788,29.837
1341,DATA_20260207_180000.BIN,11.1651,21.6335,4.3034,21.6335,3.2340,1,4.766,4.836
1342,DATA_20260207_180000.BIN,4.3034,16.6268,8.1325,16.6268,1.9580,1,13.258,13.271
1343,DATA_20260207_180000.BIN,4.0731,26.4995,2.1174,26.4995,5.0600,1,22.701,23.897
1344,DATA_20260207_180000.BIN,2.1174,14.9974,3.7564,14.9974,1.8810,1,20.139,22.227
1345,DATA_20260207_180000.BIN,3.7564,12.4486,0.5543,12.4486,1.6060,1,20.644,24.395
1346,DATA_20260207_180000.BIN,4.1408,16.2572,0.7333,16.2572,2.3760,1,9.676,10.158
1347,DATA_20260207_180000.BIN,0.7333,12.2962,3.7922,12.2962,7.3590,1,13.333,17.605
1348,DATA_20260207_180000.BIN,2.2061,18.3131,4.1448,18.3131,1.6280,1,13.227,14.083
1349,DATA_20260207_180000.BIN,2.0738,14.7265,3.2863,14.7265,3.8500,1,11.509,20.298
1350,DATA_20260207_180000.BIN,3.2863,11.5191,1.5219,11.5191,5.3570,1,12.087,14.156
1351,DATA_20260207_180000.BIN,2.3695,11.0230,0.8360,11.0230,7.6230,1,8.173,8.366
1352,DATA_20260207_180000.BIN,3.9489,11.7993,3.6889,11.7993,2.9590,1,5.752,5.768
1353,DATA_20260207_180000.BIN,3.6889,19.4899,3.4274,19.4899,3.3880,1,8.905,12.783
1354,DATA_20260207_180000.BIN,3.4274,11.5704,2.5420,11.5704,1.6940,1,8.991,9.394
1355,DATA_20260207_180000.BIN,2.5420,19.3954,2.5543,19.3954,2.5190,1,6.879,7.246
1356,DATA_20260207_180000.BIN,2.5543,17.9057,3.1354,17.9057,2.1670,1,13.185,13.715
1357,DATA_20260207_180000.BIN,9.3276,19.2545,5.1062,19.2545,4.1690,1,9.766,9.786
1358,DATA_20260207_180000.BIN,5.1062,14.6568,2.8037,14.6568,3.6190,1,3.894,6.343
1359,DATA_20260207_180000.BIN,2.8037,14.1802,2.7986,14.1802,2.5520,1,2.182,5.741
1360,DATA_20260207_180000.BIN,8.4265,17.1711,2.0769,17.1711,7.0730,1,80.478,80.987
1361,DATA_20260207_180000.BIN,0.0812,38.7614,3.9938,38.7614,9.5810,1,7.612,8.192
1362,DATA_20260207_180000.BIN,3.9938,12.7296,3.1594,12.7296,1.2430,1,2.922,8.563
1363,DATA_20260207_180000.BIN,5.8775,12.6612,2.9861,12.6612,5.6540,1,13.156,13.157
1364,DATA_20260207_180000.BIN,2.9861,10.3442,2.4029,10.3442,2.1670,1,3.456,7.124
1365,DATA_20260207_180000.BIN,2.4029,11.4444,3.9115,11.4444,4.4220,1,5.255,8.678
1366,DATA_20260207_180000.BIN,2.2739,20.8454,12.7745,20.8454,3.4100,1,4.985,5.400
1367,DATA_20260207_180000.BIN,12.7745,25.8271,4.0849,25.8271,3.3000,1,20.285,20.286
1368,DATA_20260207_180000.BIN,4.0849,23.7859,9.6153,23.7859,3.0360,1,5.835,5.835
1369,DATA_20260207_180000.BIN,9.6153,22.6515,8.3113,22.6515,2.4640,1,12.416,12.615
1370,DATA_20260207_180000.BIN,8.3113,21.3368,12.8411,21.3368,3.1460,1,11.389,11.732
1371,DATA_20260207_180000.BIN,12.8411,22.8773,8.6831,22.8773,6.2590,1,15.640,15.697
1372,DATA_20260207_180000.BIN,8.6831,18.9104,0.4461,18.9104,3.1790,1,11.046,12.492
1373,DATA_20260207_180000.BIN,7.3797,14.2933,2.6934,14.2933,3.4320,1,4.707,7.483
1374,DATA_20260207_180000.BIN,2.6934,16.6890,6.1829,16.6890,2.7170,1,9.509,12.068
1375,DATA_20260207_180000.BIN,6.1829,15.5173,6.4818,15.5173,1.6060,1,7.569,8.953
1376,DATA_20260207_180000.BIN,6.4818,18.0674,4.7572,18.0674,3.4100,1,10.256,12.946
1377,DATA_20260207_180000.BIN,4.0957,65.5053,9.0637,65.5053,6.3690,1,16.095,17.652
1378,DATA_20260207_200000.BIN,1.0235,5.0939,0.7237,5.0939,1.0340,1,86.844,88.525
1379,DATA_20260207_200000.BIN,0.7237,7.3088,3.2926,7.3088,3.8500,1,95.295,95.442
1380,DATA_20260207_200000.BIN,3.2926,5.8088,1.5029,5.8088,3.3330,1,48.622,49.297
1381,DATA_20260207_200000.BIN,1.5029,6.8067,0.7915,6.8067,3.2450,1,58.633,60.432
1382,DATA_20260207_200000.BIN,0.7915,4.5491,0.3196,4.5491,1.1770,1,51.083,52.685
1383,DATA_20260207_200000.BIN,1.5270,4.9683,1.2571,4.9683,2.2660,1,48.772,51.444
1384,DATA_20260207_200000.BIN,1.2571,4.6784,0.9873,4.6784,1.3640,1,43.034,44.470
1385,DATA_20260207_200000.BIN,0.9873,2.9194,0.4607,2.9194,1.2540,1,35.486,36.006
1386,DATA_20260207_200000.BIN,0.4607,3.7780,0.7623,3.7780,2.8600,1,30.751,31.320
1387,DATA_20260207_200000.BIN,0.7623,2.9618,1.1222,2.9618,7.5790,1,25.465,25.617
1388,DATA_20260207_200000.BIN,1.1222,2.5992,0.8586,2.5992,3.5640,1,28.254,28.508
1389,DATA_20260207_200000.BIN,0.8586,3.4523,0.5081,3.4523,2.0130,1,30.931,31.356
1390,DATA_20260207_200000.BIN,0.5081,5.2220,1.3917,5.2220,3.1790,1,26.092,27.334
1391,DATA_20260207_200000.BIN,0.7156,7.4176,0.9631,7.4176,2.8380,1,24.560,25.188
1392,DATA_20260207_200000.BIN,1.0798,3.4855,1.1495,3.4855,1.3420,1,20.046,20.737
1393,DATA_20260207_200000.BIN,1.1495,4.2328,1.6897,4.2328,1.4080,1,26.659,26.959
1394,DATA_20260207_200000.BIN,1.6897,5.4535,2.4889,5.4535,1.4300,1,19.619,19.753
1395,DATA_20260207_200000.BIN,2.4889,4.8066,2.0066,4.8066,1.4740,1,19.068,19.078
1396,DATA_20260207_200000.BIN,1.7676,5.2155,1.8465,5.2155,1.8700,1,18.877,19.014
1397,DATA_20260207_200000.BIN,1.8465,3.9595,0.7564,3.9595,2.0460,1,16.024,16.180
1398,DATA_20260207_200000.BIN,0.7564,9.1748,1.5323,9.1748,2.7830,1,24.229,24.470
1399,DATA_20260207_210000.BIN,17.7076,39.7313,31.3322,39.7313,1.7380,1,21.515,40.268
1400,DATA_20260207_210000.BIN,30.0373,42.2855,31.1626,42.2855,4.9720,1,22.807,38.223
1401,DATA_20260207_210000.BIN,2.6390,22.8284,14.8616,22.8284,4.0150,1,21.619,32.055
1402,DATA_20260207_210000.BIN,14.8616,28.9924,23.8377,28.9924,4.4660,1,14.411,42.604
1403,DATA_20260207_220000.BIN,9.1644,23.2964,11.5236,23.2964,4.7850,1,29.619,46.406
1404,DATA_20260207_220000.BIN,11.5236,24.2816,11.6850,24.2816,6.6220,1,31.902,42.259
1405,DATA_20260207_220000.BIN,11.6850,34.2206,7.4760,34.2206,6.8750,1,28.923,42.491
1406,DATA_20260207_220000.BIN,7.4760,47.1962,4.0798,47.1962,3.3880,1,14.412,15.470
