cycle_idx,source_file,p0_r,p3_r,p7_r,amplitude,duration_s,validated,tilt_deg,q_error_deg
0,DATA_20260209_091046.BIN,1.0739,18.6744,1.1533,18.6744,1.3530,1,10.406,10.650
1,DATA_20260209_091046.BIN,1.1533,43.0919,7.4241,43.0919,2.1340,1,8.934,9.065
2,DATA_20260209_091046.BIN,7.4241,28.5256,15.8826,28.5256,2.9370,1,0.733,1.113
3,DATA_20260209_091046.BIN,13.3433,28.8506,15.0903,28.8506,3.2560,1,11.327,13.288
4,DATA_20260209_091046.BIN,1.7275,7.7893,0.9198,7.7893,2.4200,1,10.502,10.502
5,DATA_20260209_091046.BIN,0.9198,27.5461,6.3503,27.5461,3.9820,1,9.257,9.270
6,DATA_20260209_091046.BIN,6.3503,39.6215,2.9893,39.6215,2.6070,1,5.158,5.358
7,DATA_20260209_091046.BIN,2.9893,15.6684,0.5517,15.6684,3.9820,1,9.285,9.889
8,DATA_20260209_091046.BIN,0.8090,40.1298,31.0340,40.1298,6.1710,1,7.186,7.187
9,DATA_20260209_091046.BIN,31.0340,39.4378,2.1105,39.4378,7.9750,1,36.186,36.307
10,DATA_20260209_091046.BIN,2.1105,16.5692,4.6628,16.5692,3.9380,1,8.887,8.935
11,DATA_20260209_091046.BIN,4.6628,19.3473,3.7453,19.3473,6.2370,1,7.225,12.750
12,DATA_20260209_091046.BIN,3.7453,14.1654,1.2620,14.1654,2.2770,1,2.911,3.834
13,DATA_20260209_091046.BIN,2.9463,14.1399,0.9775,14.1399,3.0250,1,8.345,13.382
14,DATA_20260209_091046.BIN,0.9775,21.8092,13.5178,21.8092,4.9390,1,4.585,6.995
15,DATA_20260209_091046.BIN,7.2864,25.5694,9.6362,25.5694,4.2680,1,10.018,10.477
16,DATA_20260209_091046.BIN,9.6362,18.3884,2.4573,18.3884,3.3990,1,9.972,9.975
17,DATA_20260209_091046.BIN,2.4573,21.9090,11.1426,21.9090,6.4570,1,6.847,8.080
18,DATA_20260209_091046.BIN,11.1426,21.7153,11.1939,21.7153,1.2540,1,16.421,16.448
19,DATA_20260209_091046.BIN,11.1939,22.5820,9.4940,22.5820,1.2430,1,12.088,12.834
20,DATA_20260209_091046.BIN,9.4940,24.2349,16.1227,24.2349,2.0130,1,14.237,14.292
21,DATA_20260209_091046.BIN,16.1227,44.9416,4.4178,44.9416,2.4860,1,21.126,21.126
22,DATA_20260209_091046.BIN,4.4178,27.0361,4.5117,27.0361,2.3870,1,6.236,6.618
23,DATA_20260209_091046.BIN,4.5117,29.4891,4.8556,29.4891,1.3200,1,5.181,5.660
24,DATA_20260209_091046.BIN,1.8208,24.9149,13.9873,24.9149,3.1900,1,0.985,1.109
25,DATA_20260209_091046.BIN,13.9873,25.9384,4.3704,25.9384,3.3880,1,16.194,17.433
26,DATA_20260209_091046.BIN,5.1074,17.1217,4.7694,17.1217,1.5290,1,5.007,6.016
27,DATA_20260209_091046.BIN,2.9336,14.3992,1.8296,14.3992,1.8150,1,0.993,6.779
28,DATA_20260209_091046.BIN,1.8296,17.7305,8.2577,17.7305,5.3350,1,4.983,6.049
29,DATA_20260209_091046.BIN,8.2577,17.4975,11.1242,17.4975,1.7820,1,7.354,7.358
30,DATA_20260209_091046.BIN,11.1242,23.7030,9.3587,23.7030,1.5730,1,10.092,10.214
31,DATA_20260209_091046.BIN,15.1751,23.1181,5.6678,23.1181,5.6320,1,15.164,15.356
32,DATA_20260209_091046.BIN,5.6678,20.3099,4.3360,20.3099,1.6830,1,4.041,5.782
33,DATA_20260209_091046.BIN,18.1761,43.9181,7.5039,43.9181,3.5420,1,28.581,30.519
34,DATA_20260209_091046.BIN,7.5039,29.9344,4.9744,29.9344,2.1230,1,9.613,10.434
35,DATA_20260209_091046.BIN,3.8135,34.6544,2.9430,34.6544,3.4870,1,3.372,4.114
36,DATA_20260209_091046.BIN,0.6073,16.4632,3.6122,16.4632,3.5420,1,2.673,3.154
37,DATA_20260209_091046.BIN,3.6122,23.1477,3.9536,23.1477,3.6630,1,2.975,8.443
38,DATA_20260209_091046.BIN,3.9536,22.5860,3.6118,22.5860,7.8210,1,7.559,7.947
39,DATA_20260209_091046.BIN,1.2943,14.4364,4.6036,14.4364,1.8370,1,0.480,4.703
40,DATA_20260209_091046.BIN,4.6036,21.9123,11.6556,21.9123,2.3320,1,3.952,4.702
41,DATA_20260209_091046.BIN,18.0986,30.2304,1.0079,30.2304,4.0480,1,20.713,21.229
42,DATA_20260209_091046.BIN,6.1490,45.9825,4.2581,45.9825,3.4430,1,3.659,3.730
43,DATA_20260209_091046.BIN,4.2581,13.7893,6.0903,13.7893,2.3650,1,1.344,4.037
44,DATA_20260209_091046.BIN,6.0903,28.2465,16.9253,28.2465,5.3350,1,7.763,10.526
45,DATA_20260209_091046.BIN,16.9253,29.9458,2.1378,29.9458,5.3020,1,17.892,18.090
46,DATA_20260209_091046.BIN,2.6761,19.8367,1.1643,19.8367,8.0190,1,9.495,11.276
47,DATA_20260209_091046.BIN,1.1643,15.9771,0.8352,15.9771,3.7180,1,7.293,10.263
48,DATA_20260209_091046.BIN,0.8352,14.8663,3.2234,14.8663,2.4090,1,4.349,7.505
49,DATA_20260209_091046.BIN,3.2234,11.8088,1.7937,11.8088,5.0270,1,2.792,5.348
50,DATA_20260209_091046.BIN,8.2758,45.7290,10.6994,45.7290,3.3220,1,6.956,7.514
51,DATA_20260209_091046.BIN,10.6994,20.4451,2.9123,20.4451,3.8280,1,9.006,9.035
52,DATA_20260209_091046.BIN,4.1981,23.2962,11.4111,23.2962,1.7050,1,11.040,12.917
53,DATA_20260209_091046.BIN,11.4111,30.3445,10.7069,30.3445,6.3360,1,9.144,9.491
54,DATA_20260209_091046.BIN,10.7069,17.7518,3.3434,17.7518,2.3870,1,9.014,13.356
55,DATA_20260209_091046.BIN,3.3434,16.6992,6.0947,16.6992,2.6290,1,2.757,7.790
56,DATA_20260209_091046.BIN,28.1696,39.2936,7.8841,39.2936,2.5080,1,33.274,34.660
57,DATA_20260209_091046.BIN,0.4548,33.3642,7.6432,33.3642,4.5870,1,9.978,13.339
58,DATA_20260209_091046.BIN,7.6432,39.6620,11.8337,39.6620,3.7840,1,17.685,19.535
59,DATA_20260209_091046.BIN,11.8337,29.0425,6.5983,29.0425,9.5040,1,18.703,18.759
60,DATA_20260209_091046.BIN,6.5983,27.2146,4.1142,27.2146,4.0590,1,12.555,14.844
61,DATA_20260209_091046.BIN,4.1142,23.5318,2.7480,23.5318,4.5650,1,7.591,13.676
62,DATA_20260209_091046.BIN,2.7480,42.2830,3.8484,42.2830,6.7540,1,1.960,4.085
63,DATA_20260209_091046.BIN,3.8484,29.1829,1.0508,29.1829,3.7290,1,5.920,11.033
64,DATA_20260209_091046.BIN,4.3347,16.4982,8.0801,16.4982,2.6290,1,7.177,11.187
65,DATA_20260209_091046.BIN,7.4195,42.1769,3.9458,42.1769,5.4780,1,6.364,7.918
66,DATA_20260209_091046.BIN,3.9458,40.8761,30.5301,40.8761,2.7390,1,6.202,10.487
67,DATA_20260209_091046.BIN,30.5301,42.6264,7.4022,42.6264,3.0580,1,129.466,132.556
68,DATA_20260209_091046.BIN,7.4022,21.2413,6.3892,21.2413,2.1120,1,14.629,14.878
69,DATA_20260209_091046.BIN,2.8170,40.3098,6.8559,40.3098,4.0920,1,11.436,11.553
70,DATA_20260209_091046.BIN,6.8559,25.3598,2.6717,25.3598,4.3120,1,14.857,14.872
71,DATA_20260209_091046.BIN,6.4271,20.0682,1.3720,20.0682,2.2000,1,13.370,13.405
72,DATA_20260209_091046.BIN,30.9408,40.5223,19.0302,40.5223,1.9580,1,37.502,38.151
73,DATA_20260209_091046.BIN,19.0302,45.2709,21.9830,45.2709,3.3550,1,15.509,16.484
74,DATA_20260209_091046.BIN,21.9830,40.6367,7.1158,40.6367,3.7950,1,21.893,23.043
75,DATA_20260209_091046.BIN,7.1158,21.9066,1.7420,21.9066,2.1560,1,18.333,18.902
76,DATA_20260209_091046.BIN,1.5148,11.4301,2.0536,11.4301,2.1780,1,8.733,8.749
77,DATA_20260209_091046.BIN,2.0536,9.6982,3.5499,9.6982,7.5570,1,11.283,11.285
78,DATA_20260209_091046.BIN,0.9260,32.7582,13.9865,32.7582,2.8380,1,8.293,8.320
79,DATA_20260209_091046.BIN,13.9865,24.2331,14.5286,24.2331,6.6330,1,20.528,20.553
80,DATA_20260209_091046.BIN,14.5286,37.1662,5.3632,37.1662,3.8830,1,25.014,27.807
81,DATA_20260209_091046.BIN,5.3632,43.1230,5.9004,43.1230,4.7300,1,11.133,11.304
82,DATA_20260209_091046.BIN,5.9004,32.4755,9.6208,32.4755,1.5180,1,10.658,10.945
83,DATA_20260209_091046.BIN,9.6208,20.9720,10.5078,20.9720,5.6100,1,11.540,12.538
84,DATA_20260209_091046.BIN,1.2344,14.0443,3.0746,14.0443,2.8270,1,1.763,2.432
85,DATA_20260209_091046.BIN,3.0746,37.5318,7.4592,37.5318,4.2020,1,6.831,8.524
86,DATA_20260209_091046.BIN,7.4592,19.9138,9.4562,19.9138,2.9480,1,10.194,11.506
87,DATA_20260209_091046.BIN,3.9914,37.2096,3.1651,37.2096,2.9590,1,5.943,6.387
88,DATA_20260209_091046.BIN,3.1651,19.9941,9.1828,19.9941,1.9470,1,6.010,7.333
89,DATA_20260209_091046.BIN,3.0271,38.3842,4.7886,38.3842,6.9960,1,2.295,4.690
90,DATA_20260209_091046.BIN,4.7886,36.6771,5.5020,36.6771,3.0140,1,7.170,7.294
91,DATA_20260209_091046.BIN,1.6114,12.5106,0.7789,12.5106,3.8500,1,1.753,2.647
92,DATA_20260209_091046.BIN,0.7789,12.4368,4.4159,12.4368,3.9490,1,0.800,1.808
93,DATA_20260209_091046.BIN,4.4159,15.8740,1.2460,15.8740,1.7050,1,4.456,4.631
94,DATA_20260209_091046.BIN,1.2460,35.8821,6.8140,35.8821,2.8050,1,1.186,1.225
95,DATA_20260209_091046.BIN,6.8140,14.6621,3.9102,14.6621,3.6080,1,8.561,8.776
96,DATA_20260209_091046.BIN,3.9102,14.0230,4.4226,14.0230,3.1460,1,4.649,4.957
97,DATA_20260209_091046.BIN,4.4226,22.7307,3.5046,22.7307,6.8970,1,6.196,7.578
98,DATA_20260209_091046.BIN,6.1209,41.5609,3.3119,41.5609,6.2370,1,6.598,6.635
99,DATA_20260209_091046.BIN,3.3119,43.3262,2.9476,43.3262,6.1270,1,4.610,5.027
100,DATA_20260209_091046.BIN,2.9476,41.9597,9.8259,41.9597,2.6180,1,4.723,5.171
101,DATA_20260209_091046.BIN,7.8435,21.6724,6.4586,21.6724,5.0600,1,10.213,10.918
102,DATA_20260209_091046.BIN,6.4586,43.9832,5.2652,43.9832,5.4560,1,8.415,8.823
103,DATA_20260209_091046.BIN,33.9784,43.5372,6.1430,43.5372,2.6180,1,119.851,121.585
104,DATA_20260209_091046.BIN,8.4633,25.1508,1.8282,25.1508,6.4460,1,7.021,7.441
105,DATA_20260209_091046.BIN,1.8282,21.1705,3.0019,21.1705,4.6640,1,14.337,16.325
106,DATA_20260209_091046.BIN,3.0019,29.2663,3.2091,29.2663,5.4890,1,14.130,15.053
107,DATA_20260209_091046.BIN,3.0136,11.0237,1.7647,11.0237,1.5620,1,8.297,8.349
108,DATA_20260209_091046.BIN,1.5307,24.1106,11.2504,24.1106,3.0580,1,8.883,9.024
109,DATA_20260209_091046.BIN,1.6327,37.4419,3.4882,37.4419,6.9300,1,9.253,10.627
110,DATA_20260209_091046.BIN,3.4882,22.5366,1.6905,22.5366,5.6760,1,10.026,10.103
111,DATA_20260209_091046.BIN,1.6905,37.1355,2.4236,37.1355,6.8640,1,7.741,8.002
112,DATA_20260209_091046.BIN,2.4236,14.4265,3.3585,14.4265,4.3560,1,7.585,7.589
113,DATA_20260209_091046.BIN,3.3585,32.4614,3.2638,32.4614,3.6080,1,7.769,7.782
114,DATA_20260209_091046.BIN,3.2638,43.0966,5.8837,43.0966,5.8190,1,5.435,5.521
115,DATA_20260209_091046.BIN,5.8837,29.6522,12.3997,29.6522,7.5240,1,7.621,7.674
116,DATA_20260209_091046.BIN,6.1707,36.7602,4.2506,36.7602,8.4590,1,7.900,8.775
117,DATA_20260209_091046.BIN,4.2506,43.2025,1.1862,43.2025,8.0850,1,6.370,6.372
118,DATA_20260209_091046.BIN,1.1862,15.3765,2.7790,15.3765,7.3700,1,0.930,2.055
119,DATA_20260209_091046.BIN,2.7324,14.0300,1.8865,14.0300,2.6950,1,1.915,2.024
120,DATA_20260209_091046.BIN,1.8865,15.5357,2.4130,15.5357,3.6300,1,2.041,4.878
121,DATA_20260209_091046.BIN,9.4536,21.0144,1.2399,21.0144,4.4550,1,13.503,14.022
122,DATA_20260209_091046.BIN,1.2399,43.1552,4.1452,43.1552,4.2680,1,2.344,2.811
123,DATA_20260209_091046.BIN,4.1452,32.2329,7.0742,32.2329,4.6090,1,6.141,6.852
124,DATA_20260209_091046.BIN,3.3409,43.5887,2.0192,43.5887,4.5430,1,3.399,6.253
125,DATA_20260209_091046.BIN,5.0158,16.0309,8.0678,16.0309,7.7660,1,5.808,7.388
126,DATA_20260209_091046.BIN,8.0678,15.1821,5.4695,15.1821,3.9710,1,9.905,11.685
127,DATA_20260209_091046.BIN,5.4695,32.0116,4.4786,32.0116,5.1810,1,7.602,7.751
128,DATA_20260209_091046.BIN,4.4786,13.9696,3.1534,13.9696,5.0490,1,6.156,6.863
129,DATA_20260209_091046.BIN,3.1534,20.2150,3.6762,20.2150,2.3320,1,4.234,4.613
130,DATA_20260209_091046.BIN,4.2591,15.3521,5.9066,15.3521,1.7490,1,4.870,7.859
131,DATA_20260209_091046.BIN,5.9066,15.3040,2.7108,15.3040,1.8040,1,6.404,6.930
132,DATA_20260209_091046.BIN,8.0748,25.6961,2.3841,25.6961,6.1600,1,8.768,8.773
133,DATA_20260209_091046.BIN,2.3841,11.0632,1.5474,11.0632,3.5970,1,2.811,3.945
134,DATA_20260209_091046.BIN,1.5474,39.4796,4.3914,39.4796,6.3800,1,3.013,6.469
135,DATA_20260209_091046.BIN,1.9352,19.6892,6.3170,19.6892,6.6330,1,3.195,5.295
136,DATA_20260209_091046.BIN,6.3170,14.7873,6.3344,14.7873,2.7280,1,8.279,10.634
137,DATA_20260209_091046.BIN,4.9864,20.4589,4.2717,20.4589,1.4850,1,5.903,6.417
138,DATA_20260209_091046.BIN,4.2717,15.5652,2.0353,15.5652,1.1220,1,3.659,4.572
139,DATA_20260209_091046.BIN,3.8499,27.8519,10.7360,27.8519,3.7730,1,3.296,4.383
140,DATA_20260209_091046.BIN,10.7360,38.2878,13.4219,38.2878,5.9400,1,11.930,12.748
141,DATA_20260209_091046.BIN,1.5987,15.2671,4.4350,15.2671,2.4200,1,1.613,5.972
142,DATA_20260209_091046.BIN,4.4350,13.9911,0.7925,13.9911,3.2670,1,8.130,8.921
143,DATA_20260209_091046.BIN,0.7925,20.3503,2.1408,20.3503,2.1450,1,2.940,3.930
144,DATA_20260209_091046.BIN,2.1408,13.7366,5.1292,13.7366,2.0350,1,3.984,5.747
145,DATA_20260209_091046.BIN,5.1292,34.7376,6.6618,34.7376,3.3550,1,4.998,4.999
146,DATA_20260209_091046.BIN,6.6618,47.4191,6.6149,47.4191,4.5320,1,6.657,6.966
147,DATA_20260209_091046.BIN,6.6149,23.9780,0.8053,23.9780,3.9050,1,10.769,13.643
148,DATA_20260209_091046.BIN,3.3204,13.6368,2.1563,13.6368,2.2220,1,4.648,5.912
149,DATA_20260209_091046.BIN,2.1563,17.3909,0.2997,17.3909,3.5420,1,1.399,2.130
150,DATA_20260209_091046.BIN,0.2997,17.4967,7.9235,17.4967,1.6280,1,1.660,4.024
151,DATA_20260209_091046.BIN,7.9235,19.8126,1.8327,19.8126,2.1230,1,9.992,10.150
152,DATA_20260209_091046.BIN,5.9205,17.5001,5.0820,17.5001,1.2210,1,8.932,12.125
153,DATA_20260209_091046.BIN,5.0820,13.7780,9.0986,13.7780,2.3760,1,5.655,6.154
154,DATA_20260209_091046.BIN,9.0986,19.7391,6.5217,19.7391,1.3640,1,12.222,14.541
155,DATA_20260209_091046.BIN,6.5217,30.2843,3.1833,30.2843,2.0570,1,7.295,8.120
156,DATA_20260209_091046.BIN,3.1833,21.8366,7.1036,21.8366,3.1020,1,2.210,2.944
157,DATA_20260209_091046.BIN,7.1036,34.0286,2.3101,34.0286,5.7200,1,8.668,10.199
158,DATA_20260209_091046.BIN,2.3101,17.4189,3.7102,17.4189,3.4210,1,4.187,4.505
159,DATA_20260209_091046.BIN,9.4208,21.0379,3.1027,21.0379,2.9040,1,11.269,11.319
160,DATA_20260209_091046.BIN,3.1027,13.8856,3.9140,13.8856,1.1660,1,4.123,9.618
161,DATA_20260209_091046.BIN,7.6305,20.9013,3.6926,20.9013,2.9150,1,10.365,10.390
162,DATA_20260209_091046.BIN,3.6926,22.9745,1.5562,22.9745,2.9370,1,2.876,7.822
163,DATA_20260209_091046.BIN,9.6757,20.2158,3.0061,20.2158,2.5080,1,11.379,11.739
164,DATA_20260209_091046.BIN,1.0577,21.7757,4.0317,21.7757,5.4890,1,3.020,3.123
165,DATA_20260209_091046.BIN,1.2707,21.3428,5.8130,21.3428,2.6840,1,2.855,3.163
166,DATA_20260209_091046.BIN,5.8130,16.2973,4.2603,16.2973,2.8050,1,8.047,8.303
167,DATA_20260209_091046.BIN,2.0821,15.2113,2.6737,15.2113,2.2110,1,2.555,5.812
168,DATA_20260209_091046.BIN,2.6737,22.6579,1.3378,22.6579,6.0610,1,3.133,4.805
169,DATA_20260209_091046.BIN,1.3378,14.8014,2.5206,14.8014,1.4080,1,1.108,1.596
170,DATA_20260209_091046.BIN,2.1793,17.0915,4.3493,17.0915,2.0240,1,3.448,6.609
171,DATA_20260209_091046.BIN,4.3493,43.1766,2.5773,43.1766,7.0730,1,4.733,6.254
172,DATA_20260209_091046.BIN,6.5451,44.5697,10.2015,44.5697,7.2160,1,6.880,6.889
173,DATA_20260209_091046.BIN,10.2015,23.1962,4.1194,23.1962,4.0370,1,12.035,14.048
174,DATA_20260209_091046.BIN,4.1194,13.8423,4.0844,13.8423,1.3860,1,6.261,6.728
175,DATA_20260209_091046.BIN,3.7165,17.0470,3.6933,17.0470,1.6390,1,2.215,4.310
176,DATA_20260209_091046.BIN,3.6933,18.8092,4.1598,18.8092,1.4520,1,7.000,9.886
177,DATA_20260209_091046.BIN,4.1598,29.3361,9.1763,29.3361,2.3650,1,6.829,7.665
178,DATA_20260209_091046.BIN,10.9732,25.2332,4.3675,25.2332,3.4540,1,12.507,12.621
179,DATA_20260209_091046.BIN,4.3675,21.6592,6.5872,21.6592,1.6610,1,2.790,4.536
180,DATA_20260209_091046.BIN,6.5872,20.6824,9.2458,20.6824,1.2650,1,5.741,8.314
181,DATA_20260209_091046.BIN,9.2458,44.3152,1.1527,44.3152,4.0590,1,8.138,8.719
182,DATA_20260209_091046.BIN,1.1527,32.8594,12.1185,32.8594,5.1920,1,4.152,4.411
183,DATA_20260209_091046.BIN,12.1185,44.4516,8.7598,44.4516,4.8290,1,13.576,15.179
184,DATA_20260209_091046.BIN,3.1109,33.2946,3.5342,33.2946,2.3540,1,5.240,6.506
185,DATA_20260209_091046.BIN,3.5342,13.4012,5.3487,13.4012,2.7940,1,6.716,6.920
186,DATA_20260209_091046.BIN,5.3487,30.1404,2.6852,30.1404,6.5340,1,5.820,11.779
187,DATA_20260209_091046.BIN,2.6852,14.5090,3.8256,14.5090,2.2330,1,4.583,5.544
188,DATA_20260209_091046.BIN,10.4636,21.1002,3.3923,21.1002,5.9290,1,14.511,15.892
189,DATA_20260209_091046.BIN,3.3923,17.8349,3.3629,17.8349,2.0020,1,6.795,10.586
190,DATA_20260209_091046.BIN,4.6573,33.8062,3.4036,33.8062,4.4660,1,5.901,7.620
191,DATA_20260209_091046.BIN,3.4036,27.7432,2.1726,27.7432,1.6500,1,3.974,4.019
192,DATA_20260209_091046.BIN,12.5177,18.5142,5.4573,18.5142,3.0140,1,16.065,16.393
193,DATA_20260209_091046.BIN,5.4573,13.5648,3.5806,13.5648,4.0700,1,7.575,10.786
194,DATA_20260209_091046.BIN,6.9976,19.5102,10.3900,19.5102,1.7270,1,8.458,10.156
195,DATA_20260209_091046.BIN,0.8931,15.4486,1.2566,15.4486,4.6860,1,3.530,5.871
196,DATA_20260209_091046.BIN,1.2566,40.5303,4.7058,40.5303,6.5560,1,3.058,5.216
197,DATA_20260209_091046.BIN,4.7058,17.6997,3.0381,17.6997,1.5510,1,5.690,6.775
198,DATA_20260209_091046.BIN,3.0381,20.0259,3.5391,20.0259,9.3390,1,4.020,4.080
199,DATA_20260209_091046.BIN,3.5391,19.0752,1.3030,19.0752,2.7940,1,4.824,5.588
200,DATA_20260209_091046.BIN,3.7817,39.4384,5.7677,39.4384,3.3550,1,4.789,4.958
201,DATA_20260209_091046.BIN,1.2566,15.9415,3.6559,15.9415,3.4650,1,1.047,1.835
202,DATA_20260209_091046.BIN,3.6559,17.4087,4.5562,17.4087,3.2450,1,3.533,4.126
203,DATA_20260209_091046.BIN,1.4892,21.5055,0.2441,21.5055,2.0570,1,1.888,2.989
204,DATA_20260209_091046.BIN,4.2398,26.5261,11.5851,26.5261,5.7860,1,6.022,8.130
205,DATA_20260209_091046.BIN,11.5851,41.4980,4.5703,41.4980,2.0900,1,12.618,15.584
206,DATA_20260209_091046.BIN,4.5703,30.6677,5.5736,30.6677,2.1120,1,7.309,7.312
207,DATA_20260209_100000.BIN,3.0928,24.0405,1.2095,24.0405,5.1920,1,12.591,15.585
208,DATA_20260209_100000.BIN,0.9820,6.2546,1.3886,6.2546,8.6350,1,11.726,14.793
209,DATA_20260209_100000.BIN,1.3886,6.0364,0.5272,6.0364,4.5210,1,11.325,14.034
210,DATA_20260209_100000.BIN,0.5272,9.1881,1.5657,9.1881,3.9050,1,8.139,8.254
211,DATA_20260209_100000.BIN,1.3419,10.1112,1.2757,10.1112,1.3530,1,9.352,11.045
212,DATA_20260209_100000.BIN,1.2757,18.5240,5.1730,18.5240,2.0790,1,6.601,6.719
213,DATA_20260209_100000.BIN,3.8555,26.8551,0.0465,26.8551,9.3610,1,6.721,7.906
214,DATA_20260209_100000.BIN,0.0465,10.6962,0.4220,10.6962,5.5330,1,5.801,7.119
215,DATA_20260209_100000.BIN,1.2464,13.9741,2.1446,13.9741,7.4580,1,5.879,7.556
216,DATA_20260209_100000.BIN,0.2850,9.5954,1.4879,9.5954,9.1080,1,4.938,4.945
217,DATA_20260209_100000.BIN,1.4879,29.8496,7.8589,29.8496,6.5560,1,5.726,6.559
218,DATA_20260209_100000.BIN,1.5262,7.3585,1.0141,7.3585,3.3550,1,5.320,5.330
219,DATA_20260209_100000.BIN,1.6108,13.8455,8.5469,13.8455,7.1940,1,2.147,2.211
220,DATA_20260209_100000.BIN,1.1516,9.7373,4.0109,9.7373,1.5070,1,4.174,4.345
221,DATA_20260209_100000.BIN,4.0109,8.9969,1.9846,8.9969,1.9690,1,4.990,5.282
222,DATA_20260209_100000.BIN,1.9846,11.6080,2.0661,11.6080,6.3250,1,4.218,4.662
223,DATA_20260209_100000.BIN,2.0661,8.1110,1.1492,8.1110,1.9800,1,3.096,4.206
224,DATA_20260209_100000.BIN,1.1492,8.3977,0.5894,8.3977,1.3200,1,3.117,3.285
225,DATA_20260209_100000.BIN,0.5894,9.4456,2.2291,9.4456,2.0240,1,1.890,1.924
226,DATA_20260209_100000.BIN,2.2291,10.0897,1.0537,10.0897,2.6730,1,1.209,1.211
227,DATA_20260209_100000.BIN,2.2216,9.1389,1.5150,9.1389,5.1480,1,4.435,5.327
228,DATA_20260209_100000.BIN,2.2543,6.2575,0.8801,6.2575,3.1790,1,2.041,2.100
229,DATA_20260209_100000.BIN,1.9066,6.5199,2.1126,6.5199,4.6970,1,1.556,1.556
230,DATA_20260209_100000.BIN,2.1126,8.3328,2.1791,8.3328,1.3090,1,3.680,4.081
231,DATA_20260209_100000.BIN,1.8532,10.0137,1.4782,10.0137,7.5790,1,2.974,4.152
232,DATA_20260209_100000.BIN,1.4782,9.4589,2.6398,9.4589,7.3590,1,1.992,2.264
233,DATA_20260209_100000.BIN,2.4048,18.4790,1.7468,18.4790,5.3570,1,3.372,4.556
234,DATA_20260209_100000.BIN,4.3863,23.7105,0.3358,23.7105,4.3230,1,4.452,7.080
235,DATA_20260209_100000.BIN,0.3358,7.4594,0.3865,7.4594,3.6300,1,0.997,2.667
236,DATA_20260209_100000.BIN,0.2540,7.7714,0.9178,7.7714,1.7270,1,0.932,0.941
237,DATA_20260209_100000.BIN,0.9178,11.1061,3.5068,11.1061,3.0470,1,1.009,1.013
238,DATA_20260209_100000.BIN,3.5068,37.8778,8.8359,37.8778,6.0390,1,4.561,5.181
239,DATA_20260209_100000.BIN,8.8359,16.6813,0.8742,16.6813,4.4000,1,10.275,11.291
240,DATA_20260209_100000.BIN,0.8742,7.7405,2.0381,7.7405,1.7930,1,1.436,1.453
241,DATA_20260209_100000.BIN,1.9288,8.8610,3.2828,8.8610,1.7380,1,2.266,2.522
242,DATA_20260209_100000.BIN,2.7471,9.4520,2.6186,9.4520,1.3420,1,3.358,5.645
243,DATA_20260209_100000.BIN,2.6186,10.1948,1.4009,10.1948,2.2440,1,2.799,2.804
244,DATA_20260209_100000.BIN,2.6726,19.3287,1.2574,19.3287,8.5910,1,3.896,4.113
245,DATA_20260209_100000.BIN,0.9710,8.1026,0.6912,8.1026,2.6180,1,1.445,1.778
246,DATA_20260209_100000.BIN,2.0959,25.8501,19.1348,25.8501,8.7120,1,2.460,3.947
247,DATA_20260209_100000.BIN,1.4278,6.0302,0.7913,6.0302,6.1710,1,1.673,1.711
248,DATA_20260209_100000.BIN,18.8209,25.1245,1.7498,25.1245,6.4570,1,22.456,22.696
249,DATA_20260209_100000.BIN,1.7498,18.4635,2.3204,18.4635,7.7990,1,1.840,1.840
250,DATA_20260209_100000.BIN,1.2324,9.9977,3.7394,9.9977,1.5180,1,1.517,2.262
251,DATA_20260209_100000.BIN,3.7394,13.6508,2.6973,13.6508,1.6940,1,2.171,2.502
252,DATA_20260209_100000.BIN,2.6973,12.4747,2.9201,12.4747,1.5950,1,1.471,5.106
253,DATA_20260209_100000.BIN,2.9201,11.2264,2.1753,11.2264,3.2780,1,1.779,4.275
254,DATA_20260209_100000.BIN,2.1753,9.3772,3.3370,9.3772,2.0460,1,5.640,8.498
255,DATA_20260209_100000.BIN,2.1313,12.1161,2.6698,12.1161,3.6080,1,2.888,2.916
256,DATA_20260209_100000.BIN,2.6698,10.5003,0.6625,10.5003,1.6060,1,5.964,7.680
257,DATA_20260209_100000.BIN,0.6625,8.5556,2.6700,8.5556,1.7380,1,1.207,3.392
258,DATA_20260209_100000.BIN,2.6700,12.5486,6.6212,12.5486,1.8480,1,4.282,4.832
259,DATA_20260209_100000.BIN,6.6212,16.7458,4.0631,16.7458,2.5960,1,8.235,9.213
260,DATA_20260209_100000.BIN,4.0631,10.4377,3.0830,10.4377,2.8380,1,5.349,5.431
261,DATA_20260209_100000.BIN,3.0830,10.3899,4.5880,10.3899,6.1600,1,3.660,3.978
262,DATA_20260209_100000.BIN,1.0040,13.8319,1.4344,13.8319,5.1370,1,0.544,6.680
263,DATA_20260209_100000.BIN,1.4344,9.3016,2.8074,9.3016,3.2450,1,1.109,3.218
264,DATA_20260209_100000.BIN,2.8074,10.9189,3.8297,10.9189,5.2140,1,3.089,3.090
265,DATA_20260209_100000.BIN,3.4004,7.8425,2.7944,7.8425,6.0390,1,2.987,3.868
266,DATA_20260209_100000.BIN,0.3748,8.1959,2.6487,8.1959,4.6750,1,1.080,3.069
267,DATA_20260209_100000.BIN,4.4711,12.4532,3.8838,12.4532,5.1700,1,4.437,4.439
268,DATA_20260209_100000.BIN,3.8838,12.0925,4.4927,12.0925,3.7620,1,4.499,5.124
269,DATA_20260209_100000.BIN,4.4927,10.5737,4.6577,10.5737,2.8600,1,3.054,5.059
270,DATA_20260209_100000.BIN,4.6577,25.3391,2.5664,25.3391,2.2110,1,5.370,5.871
271,DATA_20260209_100000.BIN,2.7639,7.1499,1.2430,7.1499,3.8720,1,5.100,5.100
272,DATA_20260209_100000.BIN,1.2430,18.4520,1.1012,18.4520,5.3790,1,0.896,3.816
273,DATA_20260209_100000.BIN,1.1012,12.6748,2.9368,12.6748,5.1480,1,1.300,1.663
274,DATA_20260209_100000.BIN,2.9368,14.4082,1.0604,14.4082,3.8610,1,2.078,3.078
275,DATA_20260209_100000.BIN,2.2186,9.3415,0.6709,9.3415,2.3100,1,2.428,12.178
276,DATA_20260209_100000.BIN,4.8681,14.2370,1.5358,14.2370,4.2900,1,6.912,6.919
277,DATA_20260209_100000.BIN,1.5358,9.2589,0.9537,9.2589,1.2870,1,1.893,1.964
278,DATA_20260209_100000.BIN,0.9089,12.3297,3.3020,12.3297,5.4340,1,1.726,2.008
279,DATA_20260209_100000.BIN,2.0040,28.7890,2.2827,28.7890,4.4550,1,3.421,5.512
280,DATA_20260209_100000.BIN,2.2827,6.7681,1.6913,6.7681,1.8920,1,3.673,6.202
281,DATA_20260209_100000.BIN,1.6913,19.1100,1.8020,19.1100,7.7660,1,1.982,2.652
282,DATA_20260209_100000.BIN,1.8020,7.8718,1.3792,7.8718,3.5640,1,4.040,6.947
283,DATA_20260209_100000.BIN,0.5173,9.9268,0.5667,9.9268,5.7090,1,0.485,1.156
284,DATA_20260209_100000.BIN,0.5667,16.8395,1.3738,16.8395,5.7310,1,0.693,2.213
285,DATA_20260209_100000.BIN,0.6591,21.7973,0.7473,21.7973,7.8100,1,0.595,1.785
286,DATA_20260209_100000.BIN,0.7473,8.1122,3.1162,8.1122,3.6960,1,0.812,1.955
287,DATA_20260209_100000.BIN,3.1162,9.9006,3.2397,9.9006,1.2760,1,4.351,5.526
288,DATA_20260209_100000.BIN,3.2397,10.1712,4.3922,10.1712,3.3440,1,3.987,4.862
289,DATA_20260209_100000.BIN,4.3922,9.9912,5.7818,9.9912,9.0090,1,5.288,6.588
290,DATA_20260209_100000.BIN,5.7818,10.2267,0.5301,10.2267,4.1360,1,5.358,6.180
291,DATA_20260209_100000.BIN,0.5301,7.3729,1.8667,7.3729,3.9930,1,1.483,2.566
292,DATA_20260209_100000.BIN,2.9257,12.7881,4.0930,12.7881,6.9520,1,2.045,4.358
293,DATA_20260209_100000.BIN,4.0930,19.2431,4.9911,19.2431,3.0250,1,3.904,4.528
294,DATA_20260209_100000.BIN,4.9911,10.7595,1.5121,10.7595,4.4110,1,3.754,4.125
295,DATA_20260209_100000.BIN,1.6757,34.0419,3.7398,34.0419,4.7190,1,1.110,2.598
296,DATA_20260209_100000.BIN,1.8691,11.0223,2.0800,11.0223,6.7100,1,0.909,3.557
297,DATA_20260209_100000.BIN,2.0800,9.5641,0.6103,9.5641,2.1560,1,3.138,5.245
298,DATA_20260209_100000.BIN,0.6103,10.7306,2.8951,10.7306,6.8090,1,1.315,3.039
299,DATA_20260209_100000.BIN,2.8951,7.6546,0.4429,7.6546,1.6500,1,4.256,7.117
300,DATA_20260209_100000.BIN,0.4429,24.1663,7.0017,24.1663,2.1890,1,0.457,5.741
301,DATA_20260209_100000.BIN,7.0017,30.3164,14.9153,30.3164,2.3100,1,8.830,11.295
302,DATA_20260209_100000.BIN,16.8066,25.9435,5.7356,25.9435,4.1580,1,19.908,19.917
303,DATA_20260209_100000.BIN,5.7356,19.7396,1.0500,19.7396,1.6500,1,8.266,8.384
304,DATA_20260209_100000.BIN,1.0500,10.8490,1.5705,10.8490,5.3900,1,1.480,3.121
305,DATA_20260209_100000.BIN,1.5705,25.4278,0.8050,25.4278,2.8050,1,2.435,4.448
306,DATA_20260209_100000.BIN,12.7291,39.2245,11.4260,39.2245,1.1440,1,11.579,107.172
307,DATA_20260209_100000.BIN,11.4260,34.9369,23.8136,34.9369,1.0780,1,21.389,100.639
308,DATA_20260209_100000.BIN,23.8136,43.0231,33.4175,43.0231,3.1900,1,39.519,95.745
309,DATA_20260209_100000.BIN,33.4175,43.1039,36.5137,43.1039,1.2100,1,49.696,92.922
310,DATA_20260209_100000.BIN,36.5137,46.4453,30.0797,46.4453,1.2760,1,49.040,83.919
311,DATA_20260209_100000.BIN,30.0797,37.8217,27.4396,37.8217,2.4310,1,35.873,70.840
312,DATA_20260209_100000.BIN,27.4396,35.9129,5.7596,35.9129,3.7070,1,29.052,62.940
313,DATA_20260209_100000.BIN,5.7596,50.4656,5.2645,50.4656,4.6640,1,11.264,66.195
314,DATA_20260209_100000.BIN,5.2645,35.4044,15.1488,35.4044,1.9470,1,5.718,51.541
315,DATA_20260209_100000.BIN,21.0720,27.2670,19.4927,27.2670,6.1820,1,18.608,42.775
316,DATA_20260209_100000.BIN,21.0827,31.3435,18.3830,31.3435,1.7820,1,20.917,44.166
317,DATA_20260209_100000.BIN,19.4345,26.8757,9.0266,26.8757,2.3540,1,15.318,36.264
318,DATA_20260209_100000.BIN,9.0266,55.0024,46.5159,55.0024,4.9170,1,12.192,41.237
319,DATA_20260209_100000.BIN,46.5159,54.2106,43.0907,54.2106,3.3000,1,124.463,152.495
320,DATA_20260209_100000.BIN,43.0907,54.7806,38.7889,54.7806,7.6890,1,49.355,66.601
321,DATA_20260209_100000.BIN,38.7889,53.9038,32.2984,53.9038,3.9930,1,126.600,140.657
322,DATA_20260209_100000.BIN,32.2984,54.4252,37.5784,54.4252,9.7240,1,14.773,30.291
323,DATA_20260209_100000.BIN,37.5784,53.6592,6.0543,53.6592,7.5790,1,116.609,125.877
324,DATA_20260209_100000.BIN,6.0543,22.8320,8.0350,22.8320,8.2720,1,31.266,35.488
325,DATA_20260209_100000.BIN,20.3303,54.1773,39.3229,54.1773,9.9000,1,13.107,21.080
326,DATA_20260209_100000.BIN,39.3229,53.7068,28.8002,53.7068,4.3670,1,106.522,113.491
327,DATA_20260209_100000.BIN,28.8002,53.4574,41.3355,53.4574,7.3700,1,9.934,15.970
328,DATA_20260209_100000.BIN,41.3355,53.9738,3.5282,53.9738,5.2800,1,93.217,98.710
329,DATA_20260209_100000.BIN,3.5282,21.0017,10.8214,21.0017,1.2650,1,47.372,47.413
330,DATA_20260209_100000.BIN,10.8214,24.7279,14.4603,24.7279,1.5510,1,53.871,53.875
331,DATA_20260209_100000.BIN,14.4603,23.1488,14.0310,23.1488,1.4520,1,56.803,56.999
332,DATA_20260209_100000.BIN,14.0310,28.0664,10.7278,28.0664,6.0830,1,51.075,51.301
333,DATA_20260209_100000.BIN,10.7278,32.0049,18.6675,32.0049,2.5190,1,34.891,35.245
334,DATA_20260209_100000.BIN,18.6675,37.9623,20.9900,37.9623,1.5180,1,45.823,45.917
335,DATA_20260209_100000.BIN,12.6331,32.0254,22.5347,32.0254,2.0790,1,36.484,36.583
336,DATA_20260209_100000.BIN,17.6648,29.5827,24.0559,29.5827,3.4430,1,40.281,40.339
337,DATA_20260209_100000.BIN,24.0559,38.6662,33.7972,38.6662,7.3590,1,43.329,43.637
338,DATA_20260209_100000.BIN,33.7972,41.1777,28.1354,41.1777,2.1340,1,53.138,54.022
339,DATA_20260209_100000.BIN,28.1354,40.2528,10.6709,40.2528,1.4740,1,39.568,39.844
340,DATA_20260209_100000.BIN,10.6709,41.2297,31.5615,41.2297,1.8040,1,10.787,11.184
341,DATA_20260209_100000.BIN,31.5615,48.9677,26.2142,48.9677,2.6510,1,36.746,39.834
342,DATA_20260209_100000.BIN,3.7498,23.2491,6.2140,23.2491,1.6830,1,5.234,5.371
343,DATA_20260209_100000.BIN,6.2140,16.5622,4.3666,16.5622,5.7640,1,10.116,10.157
344,DATA_20260209_100000.BIN,4.3666,33.5324,11.2524,33.5324,3.1460,1,6.243,6.486
345,DATA_20260209_100000.BIN,4.0124,12.0919,5.2941,12.0919,3.4760,1,8.949,9.084
346,DATA_20260209_100000.BIN,5.2941,30.7736,6.6458,30.7736,3.8940,1,8.808,8.948
347,DATA_20260209_100000.BIN,6.6458,38.5548,22.0572,38.5548,5.1150,1,9.277,9.283
348,DATA_20260209_100000.BIN,22.0572,40.7066,15.4273,40.7066,2.0350,1,27.323,27.716
349,DATA_20260209_100000.BIN,15.4273,30.4935,13.7770,30.4935,4.1360,1,19.824,21.438
350,DATA_20260209_100000.BIN,13.7770,48.2573,31.7073,48.2573,4.7080,1,14.734,14.737
351,DATA_20260209_100000.BIN,31.7073,50.5525,23.1922,50.5525,4.6200,1,36.090,36.745
352,DATA_20260209_100000.BIN,24.7384,38.8597,22.8627,38.8597,1.3750,1,24.992,25.001
353,DATA_20260209_100000.BIN,10.2809,29.7490,17.9134,29.7490,3.2780,1,6.782,7.499
354,DATA_20260209_100000.BIN,19.1741,40.8071,13.7380,40.8071,9.5590,1,13.704,14.755
355,DATA_20260209_100000.BIN,22.2720,37.8183,27.1725,37.8183,1.7710,1,17.106,17.121
356,DATA_20260209_100000.BIN,27.1725,36.9432,15.0620,36.9432,1.5840,1,20.522,22.196
357,DATA_20260209_100000.BIN,19.4396,32.5984,18.4795,32.5984,3.1350,1,15.305,16.423
358,DATA_20260209_100000.BIN,18.4795,36.4680,24.3117,36.4680,1.0010,1,6.779,9.330
359,DATA_20260209_100000.BIN,24.3117,37.9127,27.1304,37.9127,1.4850,1,13.139,14.395
360,DATA_20260209_100000.BIN,27.1304,39.8952,24.8816,39.8952,1.4190,1,16.364,17.478
361,DATA_20260209_100000.BIN,24.8816,36.2737,30.2364,36.2737,2.5960,1,15.099,15.424
362,DATA_20260209_100000.BIN,30.2364,41.5963,17.8951,41.5963,2.3540,1,18.411,18.565
363,DATA_20260209_100000.BIN,17.8951,37.5360,27.5103,37.5360,1.2540,1,16.781,19.030
364,DATA_20260209_100000.BIN,39.9339,47.9401,38.3100,47.9401,6.7760,1,34.759,34.862
365,DATA_20260209_100000.BIN,38.3100,44.5164,33.5854,44.5164,3.6190,1,24.631,26.793
366,DATA_20260209_100000.BIN,19.0860,45.9304,24.0505,45.9304,5.5000,1,5.469,6.418
367,DATA_20260209_100000.BIN,24.0505,41.3860,28.6762,41.3860,1.2210,1,2.953,3.211
368,DATA_20260209_100000.BIN,28.6762,42.5508,30.8112,42.5508,1.9800,1,10.792,11.242
369,DATA_20260209_100000.BIN,30.8112,40.3113,26.9594,40.3113,1.9250,1,12.650,12.661
370,DATA_20260209_100000.BIN,26.9594,33.3547,27.4439,33.3547,1.5950,1,7.576,7.872
371,DATA_20260209_100000.BIN,27.4439,44.3765,20.2769,44.3765,5.1700,1,6.260,6.455
372,DATA_20260209_100000.BIN,24.1906,38.9892,14.6864,38.9892,3.0250,1,6.728,7.322
373,DATA_20260209_100000.BIN,14.6864,34.2591,21.8055,34.2591,1.3530,1,24.076,24.077
374,DATA_20260209_100000.BIN,21.8055,27.9727,18.5145,27.9727,1.9140,1,19.310,19.793
375,DATA_20260209_100000.BIN,25.8321,38.9008,8.3128,38.9008,1.4740,1,8.740,8.785
376,DATA_20260209_100000.BIN,8.3128,45.1996,31.9557,45.1996,5.4340,1,26.463,27.051
377,DATA_20260209_100000.BIN,31.9557,42.7531,28.7466,42.7531,1.7600,1,15.953,16.284
378,DATA_20260209_100000.BIN,21.1525,44.8223,38.0498,44.8223,2.5520,1,8.627,8.751
379,DATA_20260209_100000.BIN,38.0498,47.6534,38.6998,47.6534,1.7820,1,23.662,24.934
380,DATA_20260209_100000.BIN,38.6998,49.5633,42.4058,49.5633,3.7180,1,26.940,27.157
381,DATA_20260209_100000.BIN,39.9326,45.7536,40.5870,45.7536,5.8300,1,18.956,24.340
382,DATA_20260209_100000.BIN,32.4528,48.5146,40.3914,48.5146,5.3020,1,8.357,11.630
383,DATA_20260209_100000.BIN,22.4447,32.2503,22.4888,32.2503,5.7750,1,11.750,14.278
384,DATA_20260209_100000.BIN,28.4993,35.8367,13.3535,35.8367,1.7710,1,3.238,3.268
385,DATA_20260209_100000.BIN,13.3535,47.6789,30.8960,47.6789,5.7200,1,16.006,17.753
386,DATA_20260209_100000.BIN,30.8960,42.1044,34.2026,42.1044,1.3090,1,10.610,10.751
387,DATA_20260209_100000.BIN,34.2026,38.5412,27.9054,38.5412,6.8530,1,16.107,16.214
388,DATA_20260209_100000.BIN,27.9054,37.7242,30.3644,37.7242,2.3980,1,8.691,9.568
389,DATA_20260209_100000.BIN,30.3644,41.0669,26.6218,41.0669,1.3530,1,12.508,12.593
390,DATA_20260209_100000.BIN,26.6218,43.2114,28.4287,43.2114,1.2320,1,1.039,1.231
391,DATA_20260209_100000.BIN,28.4287,40.8353,30.3431,40.8353,1.0780,1,2.227,2.343
392,DATA_20260209_100000.BIN,30.3431,43.4272,28.3581,43.4272,2.0680,1,8.566,9.966
393,DATA_20260209_100000.BIN,28.3581,40.4468,28.4025,40.4468,4.4330,1,6.708,6.922
394,DATA_20260209_100000.BIN,28.4025,39.9351,32.5748,39.9351,1.5730,1,13.147,14.326
395,DATA_20260209_100000.BIN,32.5748,40.7957,32.8981,40.7957,1.2210,1,9.844,9.880
396,DATA_20260209_110000.BIN,34.5357,54.6729,18.1711,54.6729,2.6950,1,36.237,36.407
397,DATA_20260209_110000.BIN,8.3278,37.5884,5.0081,37.5884,1.9360,1,16.659,19.636
398,DATA_20260209_120000.BIN,8.2474,33.9000,6.6544,33.9000,7.5240,1,39.210,66.934
399,DATA_20260209_120000.BIN,6.6544,13.7498,3.8623,13.7498,2.2440,1,53.206,53.305
400,DATA_20260209_120000.BIN,3.8623,9.7507,1.4614,9.7507,2.9920,1,43.854,44.198
401,DATA_20260209_120000.BIN,1.4614,12.6630,1.8029,12.6630,1.5290,1,37.919,38.016
402,DATA_20260209_120000.BIN,1.8029,11.8593,3.6776,11.8593,1.7490,1,116.409,116.537
403,DATA_20260209_120000.BIN,3.6776,8.5931,3.4350,8.5931,1.1550,1,29.429,29.643
404,DATA_20260209_120000.BIN,3.4350,8.8273,4.3951,8.8273,2.1670,1,25.328,25.381
405,DATA_20260209_120000.BIN,4.3951,9.7049,0.8910,9.7049,2.5740,1,18.722,18.841
406,DATA_20260209_120000.BIN,0.8910,7.6376,1.5347,7.6376,2.7060,1,17.430,18.765
407,DATA_20260209_120000.BIN,1.5347,8.7831,0.8681,8.7831,1.3640,1,16.171,16.691
408,DATA_20260209_120000.BIN,0.8681,8.4889,2.6179,8.4889,1.0890,1,11.253,11.398
409,DATA_20260209_120000.BIN,2.6179,8.3304,1.6164,8.3304,1.1880,1,15.842,17.156
410,DATA_20260209_120000.BIN,1.6164,11.0283,1.6181,11.0283,2.0790,1,13.768,14.988
411,DATA_20260209_120000.BIN,3.8615,10.5858,4.7062,10.5858,1.4740,1,16.177,17.926
412,DATA_20260209_120000.BIN,4.7062,12.0268,2.6856,12.0268,5.8740,1,16.690,16.757
413,DATA_20260209_120000.BIN,5.8589,8.0393,5.2506,8.0393,3.2890,1,18.687,20.080
414,DATA_20260209_120000.BIN,9.3016,13.2623,8.2631,13.2623,4.9060,1,24.841,25.313
415,DATA_20260209_120000.BIN,8.2631,11.9343,1.4397,11.9343,6.6110,1,18.924,18.976
416,DATA_20260209_120000.BIN,1.4397,9.5658,5.4439,9.5658,1.8370,1,7.328,9.380
417,DATA_20260209_120000.BIN,3.7260,13.3120,4.3954,13.3120,2.7610,1,7.003,12.946
418,DATA_20260209_120000.BIN,4.3954,10.6959,2.9062,10.6959,3.9270,1,7.929,8.021
419,DATA_20260209_120000.BIN,2.9062,13.2759,6.7958,13.2759,5.3680,1,4.254,4.258
420,DATA_20260209_120000.BIN,6.7958,13.1800,1.2550,13.1800,4.5320,1,14.187,14.515
421,DATA_20260209_120000.BIN,1.2550,10.8008,3.4433,10.8008,1.6720,1,13.140,16.761
422,DATA_20260209_120000.BIN,3.4433,8.0841,1.9886,8.0841,1.5950,1,4.797,5.443
423,DATA_20260209_120000.BIN,1.9886,6.3554,3.0298,6.3554,3.6630,1,5.026,5.033
424,DATA_20260209_120000.BIN,3.0298,10.0751,3.0408,10.0751,2.5190,1,2.766,4.878
425,DATA_20260209_120000.BIN,3.0408,11.4234,2.3427,11.4234,6.1600,1,7.812,10.286
426,DATA_20260209_120000.BIN,2.3427,17.4090,1.9853,17.4090,3.4430,1,10.965,13.666
427,DATA_20260209_120000.BIN,1.9853,10.1868,0.1117,10.1868,3.1790,1,4.818,7.310
428,DATA_20260209_120000.BIN,0.1117,7.0898,1.0568,7.0898,1.2210,1,4.437,6.374
429,DATA_20260209_120000.BIN,1.0568,7.5158,1.8191,7.5158,0.9020,1,4.610,5.870
430,DATA_20260209_120000.BIN,1.8191,10.8974,5.5425,10.8974,2.8490,1,5.098,5.781
431,DATA_20260209_120000.BIN,5.5425,12.5046,0.7659,12.5046,1.8480,1,15.348,16.394
432,DATA_20260209_120000.BIN,0.7659,11.5205,3.5183,11.5205,1.9690,1,11.422,13.622
433,DATA_20260209_120000.BIN,4.2522,13.1149,0.6146,13.1149,5.1480,1,8.932,9.657
434,DATA_20260209_120000.BIN,0.6146,7.0189,2.2018,7.0189,3.4870,1,3.112,3.417
435,DATA_20260209_120000.BIN,2.2018,9.1907,1.4012,9.1907,3.6190,1,8.701,10.261
436,DATA_20260209_120000.BIN,1.4012,9.2965,2.6228,9.2965,1.2760,1,6.899,7.107
437,DATA_20260209_120000.BIN,2.6228,6.8477,1.2236,6.8477,2.0900,1,6.157,7.590
438,DATA_20260209_120000.BIN,1.2236,9.6357,1.8535,9.6357,1.2650,1,6.119,8.049
439,DATA_20260209_120000.BIN,2.3931,9.3904,0.2341,9.3904,2.4970,1,5.015,5.032
440,DATA_20260209_120000.BIN,5.6641,9.3301,0.6227,9.3301,4.2680,1,20.788,22.135
441,DATA_20260209_120000.BIN,9.8716,13.7639,1.7626,13.7639,4.0590,1,67.198,67.198
442,DATA_20260209_120000.BIN,1.7626,9.1469,1.3768,9.1469,3.5750,1,12.244,13.943
443,DATA_20260209_120000.BIN,1.3768,11.1099,4.7287,11.1099,7.0070,1,7.594,9.024
444,DATA_20260209_120000.BIN,1.1887,15.0121,1.7542,15.0121,4.9610,1,14.481,16.825
445,DATA_20260209_120000.BIN,1.7542,9.8296,4.6278,9.8296,3.4980,1,11.324,13.572
446,DATA_20260209_120000.BIN,2.4582,14.8794,8.4373,14.8794,4.2460,1,12.509,13.791
447,DATA_20260209_120000.BIN,8.4373,19.5050,14.5510,19.5050,2.3980,1,18.108,18.110
448,DATA_20260209_120000.BIN,1.9366,9.5488,5.2569,9.5488,2.9920,1,1.847,2.972
449,DATA_20260209_120000.BIN,2.1050,8.7642,2.3712,8.7642,2.2660,1,13.986,16.321
450,DATA_20260209_120000.BIN,2.3712,11.8106,3.2964,11.8106,2.0680,1,7.589,8.336
451,DATA_20260209_120000.BIN,4.9528,30.3124,6.1597,30.3124,5.6650,1,12.434,12.819
452,DATA_20260209_120000.BIN,2.8370,13.1484,1.6379,13.1484,1.9800,1,6.747,8.308
453,DATA_20260209_120000.BIN,1.6379,9.5504,2.8397,9.5504,1.5290,1,12.953,15.866
454,DATA_20260209_120000.BIN,2.8397,7.0998,1.5458,7.0998,1.3640,1,5.171,6.996
455,DATA_20260209_120000.BIN,1.5458,6.9954,1.8874,6.9954,1.0230,1,6.688,10.016
456,DATA_20260209_120000.BIN,1.8874,9.3666,0.7498,9.3666,1.5510,1,13.134,15.654
457,DATA_20260209_120000.BIN,0.7498,18.8715,3.2066,18.8715,3.0360,1,5.523,7.279
458,DATA_20260209_120000.BIN,3.2066,9.2287,2.4969,9.2287,3.0250,1,10.285,14.080
459,DATA_20260209_120000.BIN,2.4969,7.7952,2.2084,7.7952,1.1330,1,7.429,7.842
460,DATA_20260209_120000.BIN,2.2084,10.8976,0.5543,10.8976,3.3660,1,3.829,3.830
461,DATA_20260209_120000.BIN,0.5543,8.7815,3.4640,8.7815,1.6610,1,1.446,1.450
462,DATA_20260209_120000.BIN,3.4640,16.8791,12.7110,16.8791,3.2890,1,16.639,19.555
463,DATA_20260209_120000.BIN,12.7110,15.8557,2.2575,15.8557,4.4110,1,70.534,70.646
464,DATA_20260209_120000.BIN,2.2575,49.5335,12.0928,49.5335,5.5770,1,10.596,15.509
465,DATA_20260209_120000.BIN,12.0928,17.0506,13.1124,17.0506,1.8150,1,70.523,71.711
466,DATA_20260209_120000.BIN,13.1124,17.9038,10.5498,17.9038,5.1920,1,58.857,59.922
467,DATA_20260209_120000.BIN,10.5498,28.5108,1.5462,28.5108,3.8060,1,69.052,69.963
468,DATA_20260209_120000.BIN,1.5462,6.6843,3.3358,6.6843,3.3660,1,21.805,22.864
469,DATA_20260209_120000.BIN,3.3358,7.3839,0.9535,7.3839,2.6070,1,26.304,27.910
470,DATA_20260209_120000.BIN,0.9535,8.3165,0.9850,8.3165,3.9710,1,26.504,26.771
471,DATA_20260209_120000.BIN,0.9850,6.4377,2.1456,6.4377,2.8050,1,19.101,19.105
472,DATA_20260209_120000.BIN,2.1456,8.7449,4.1544,8.7449,3.3770,1,18.978,19.060
473,DATA_20260209_120000.BIN,4.1544,10.1233,1.5839,10.1233,5.1040,1,11.497,13.075
474,DATA_20260209_120000.BIN,69.3189,74.7773,2.0272,74.7773,4.6310,1,141.356,151.901
475,DATA_20260209_120000.BIN,2.0272,30.3215,1.6708,30.3215,5.7750,1,30.251,31.731
476,DATA_20260209_120000.BIN,1.6708,7.1018,0.5774,7.1018,3.6190,1,25.817,26.131
477,DATA_20260209_120000.BIN,0.5774,8.1771,2.4641,8.1771,2.3870,1,24.139,24.172
478,DATA_20260209_120000.BIN,2.9073,8.2750,1.6088,8.2750,1.7600,1,25.012,26.064
479,DATA_20260209_120000.BIN,1.6088,11.0002,2.1280,11.0002,2.9590,1,20.320,22.011
480,DATA_20260209_120000.BIN,2.1280,9.3095,1.7234,9.3095,1.2760,1,21.276,21.489
481,DATA_20260209_120000.BIN,1.7234,10.2426,4.7151,10.2426,5.3900,1,20.058,20.221
482,DATA_20260209_120000.BIN,4.7151,23.9022,5.0774,23.9022,2.8710,1,21.001,21.140
483,DATA_20260209_120000.BIN,2.2846,15.7302,0.4454,15.7302,6.6880,1,14.732,15.054
484,DATA_20260209_120000.BIN,0.6936,8.0618,1.0468,8.0618,0.9790,1,8.341,8.772
485,DATA_20260209_120000.BIN,1.0468,6.0688,2.2302,6.0688,3.4760,1,9.518,9.520
486,DATA_20260209_120000.BIN,2.2302,42.7087,1.4760,42.7087,4.8290,1,11.337,13.457
487,DATA_20260209_120000.BIN,1.4760,7.5166,3.2787,7.5166,3.0360,1,8.478,8.574
488,DATA_20260209_120000.BIN,3.2787,8.9846,1.0366,8.9846,1.9470,1,5.803,7.527
489,DATA_20260209_120000.BIN,5.3441,8.7651,2.7767,8.7651,2.7940,1,19.230,19.493
490,DATA_20260209_120000.BIN,2.7767,32.3211,8.0075,32.3211,4.2130,1,7.095,7.318
491,DATA_20260209_120000.BIN,8.0075,12.1241,0.5611,12.1241,2.5630,1,9.039,9.344
492,DATA_20260209_120000.BIN,0.5611,6.0270,1.2556,6.0270,1.7380,1,9.693,10.238
493,DATA_20260209_120000.BIN,1.2556,22.0014,1.4087,22.0014,3.5860,1,6.824,7.011
494,DATA_20260209_120000.BIN,2.3315,18.1978,1.2624,18.1978,4.8290,1,8.838,10.086
495,DATA_20260209_120000.BIN,1.2624,6.2399,1.2910,6.2399,2.1340,1,7.828,8.076
496,DATA_20260209_120000.BIN,1.2910,7.1066,2.4101,7.1066,1.5620,1,14.756,17.565
497,DATA_20260209_120000.BIN,2.4101,42.2671,0.5605,42.2671,3.0250,1,5.310,10.211
498,DATA_20260209_120000.BIN,0.5605,12.8900,3.2537,12.8900,0.7370,1,2.463,3.602
499,DATA_20260209_120000.BIN,3.2537,14.5273,6.6495,14.5273,1.1660,1,18.253,20.146
500,DATA_20260209_120000.BIN,6.6495,10.7668,3.0561,10.7668,2.1670,1,12.834,13.478
501,DATA_20260209_120000.BIN,2.1538,7.4616,1.4937,7.4616,2.0130,1,3.138,3.227
502,DATA_20260209_120000.BIN,1.4937,43.7931,0.3935,43.7931,6.2150,1,3.752,3.800
503,DATA_20260209_120000.BIN,0.3935,6.4667,1.5480,6.4667,1.6830,1,2.768,3.902
504,DATA_20260209_120000.BIN,1.7768,32.8493,19.5631,32.8493,3.4980,1,5.303,8.174
505,DATA_20260209_120000.BIN,19.5631,28.7937,0.5843,28.7937,3.8060,1,32.224,35.187
506,DATA_20260209_120000.BIN,0.5843,5.1813,0.8483,5.1813,1.7930,1,3.820,4.150
507,DATA_20260209_120000.BIN,0.8483,10.4395,2.6058,10.4395,2.5410,1,3.478,3.533
508,DATA_20260209_120000.BIN,2.6058,22.3523,15.0496,22.3523,2.2880,1,12.799,14.481
509,DATA_20260209_120000.BIN,1.9127,8.5430,0.9278,8.5430,1.9250,1,3.353,5.801
510,DATA_20260209_120000.BIN,0.9278,6.2552,1.8186,6.2552,1.0780,1,4.618,5.723
511,DATA_20260209_120000.BIN,1.8186,10.5896,4.5651,10.5896,3.8500,1,2.019,3.281
512,DATA_20260209_120000.BIN,4.5651,10.2093,1.1260,10.2093,2.5630,1,8.569,8.977
513,DATA_20260209_120000.BIN,1.1260,7.6255,0.6250,7.6255,1.9910,1,6.254,8.262
514,DATA_20260209_120000.BIN,0.6250,9.1264,0.8105,9.1264,3.1240,1,2.467,2.607
515,DATA_20260209_120000.BIN,0.8105,5.7835,1.2691,5.7835,1.8260,1,3.094,3.481
516,DATA_20260209_120000.BIN,1.2691,14.5091,0.9447,14.5091,1.8920,1,6.157,7.680
517,DATA_20260209_120000.BIN,3.9380,13.7757,1.5127,13.7757,2.4200,1,11.937,12.246
518,DATA_20260209_120000.BIN,1.5127,13.1952,1.1692,13.1952,1.6390,1,6.236,9.983
519,DATA_20260209_120000.BIN,1.1692,13.0317,2.2023,13.0317,2.4750,1,2.775,3.151
520,DATA_20260209_120000.BIN,2.2023,45.1992,14.2589,45.1992,3.4760,1,6.199,6.514
521,DATA_20260209_120000.BIN,14.2589,34.8644,2.5176,34.8644,2.1340,1,86.070,88.469
522,DATA_20260209_120000.BIN,2.5176,21.2851,8.8700,21.2851,1.4190,1,11.489,11.743
523,DATA_20260209_120000.BIN,18.2336,22.0527,1.7374,22.0527,3.3110,1,33.419,35.648
524,DATA_20260209_120000.BIN,1.7374,15.2981,4.7395,15.2981,6.9190,1,2.094,2.500
525,DATA_20260209_120000.BIN,3.6882,19.2793,2.9388,19.2793,4.4330,1,6.471,7.814
526,DATA_20260209_120000.BIN,2.9388,15.4935,5.0303,15.4935,1.7710,1,8.871,8.943
527,DATA_20260209_120000.BIN,5.0303,12.4589,6.0624,12.4589,1.2980,1,11.708,11.729
528,DATA_20260209_120000.BIN,4.5606,16.5802,5.1781,16.5802,4.7850,1,11.028,13.013
529,DATA_20260209_120000.BIN,5.1781,11.7905,2.9027,11.7905,2.3430,1,8.167,8.187
530,DATA_20260209_120000.BIN,2.9027,13.9114,1.4755,13.9114,7.6230,1,11.069,12.506
531,DATA_20260209_120000.BIN,1.4755,43.2380,13.8624,43.2380,3.2450,1,9.296,10.397
532,DATA_20260209_120000.BIN,13.8624,53.3698,4.5508,53.3698,3.1680,1,92.908,95.364
533,DATA_20260209_120000.BIN,4.5508,9.4188,2.3716,9.4188,1.9250,1,3.333,3.796
534,DATA_20260209_120000.BIN,2.3716,7.5752,1.1839,7.5752,2.1450,1,11.690,12.558
535,DATA_20260209_120000.BIN,1.1839,9.3584,1.5404,9.3584,1.6280,1,9.562,9.940
536,DATA_20260209_120000.BIN,1.5404,9.4409,2.5610,9.4409,2.0460,1,7.952,9.761
537,DATA_20260209_120000.BIN,1.7368,12.5947,0.2010,12.5947,3.7730,1,6.510,6.551
538,DATA_20260209_120000.BIN,0.2010,6.6269,3.8343,6.6269,1.6280,1,9.413,9.423
539,DATA_20260209_120000.BIN,3.8343,12.3495,3.2232,12.3495,4.1360,1,11.294,16.688
540,DATA_20260209_120000.BIN,3.3560,8.4511,0.2291,8.4511,1.8480,1,5.224,10.222
541,DATA_20260209_120000.BIN,4.0550,6.8571,1.4002,6.8571,2.5520,1,5.732,6.483
542,DATA_20260209_120000.BIN,1.4002,7.8847,1.9817,7.8847,2.8050,1,4.747,6.295
543,DATA_20260209_120000.BIN,4.3670,18.0903,11.2176,18.0903,5.9290,1,6.625,9.291
544,DATA_20260209_120000.BIN,11.2176,14.7236,8.1982,14.7236,2.8380,1,20.922,21.162
545,DATA_20260209_120000.BIN,8.1982,12.4971,1.1305,12.4971,3.7840,1,8.396,9.527
546,DATA_20260209_120000.BIN,4.0031,9.3688,3.8678,9.3688,1.7050,1,9.229,9.407
547,DATA_20260209_120000.BIN,1.3751,6.6749,4.0819,6.6749,2.5410,1,12.424,16.191
548,DATA_20260209_120000.BIN,4.0819,6.5197,2.4391,6.5197,1.2320,1,14.872,20.634
549,DATA_20260209_120000.BIN,2.4391,7.5234,2.0465,7.5234,1.6500,1,1.944,5.106
550,DATA_20260209_120000.BIN,2.0465,11.4984,1.4510,11.4984,2.2770,1,5.579,5.993
551,DATA_20260209_120000.BIN,1.4510,14.8714,10.6695,14.8714,5.3790,1,10.591,13.389
552,DATA_20260209_120000.BIN,0.4501,5.3374,0.0484,5.3374,3.6300,1,12.547,15.918
553,DATA_20260209_120000.BIN,0.0484,5.3092,0.3492,5.3092,3.7400,1,4.194,4.745
554,DATA_20260209_120000.BIN,0.3492,9.7746,2.2401,9.7746,3.3440,1,7.989,9.351
555,DATA_20260209_120000.BIN,2.2401,7.2115,2.5690,7.2115,1.5950,1,9.778,12.637
556,DATA_20260209_120000.BIN,2.5690,9.9348,2.8453,9.9348,4.7520,1,7.277,7.973
557,DATA_20260209_120000.BIN,2.8453,15.4198,0.9337,15.4198,6.0060,1,7.135,7.144
558,DATA_20260209_120000.BIN,0.9337,12.4359,1.4247,12.4359,1.9910,1,3.398,3.484
559,DATA_20260209_120000.BIN,1.4247,7.8655,2.5053,7.8655,1.6940,1,4.071,6.058
560,DATA_20260209_120000.BIN,2.5053,7.4403,0.7933,7.4403,2.6400,1,5.898,6.407
561,DATA_20260209_120000.BIN,0.7933,6.7795,2.8524,6.7795,1.8810,1,2.053,2.107
562,DATA_20260209_120000.BIN,2.8524,12.5373,2.6524,12.5373,9.8890,1,5.424,5.547
563,DATA_20260209_120000.BIN,0.5357,9.0687,4.1056,9.0687,2.5190,1,12.181,15.279
564,DATA_20260209_120000.BIN,4.1056,10.2327,4.0915,10.2327,2.4420,1,10.608,11.477
565,DATA_20260209_120000.BIN,4.0915,13.1653,6.6120,13.1653,5.0490,1,6.285,6.285
566,DATA_20260209_120000.BIN,6.6120,65.4673,59.7690,65.4673,4.8950,1,12.280,12.379
567,DATA_20260209_120000.BIN,59.7690,65.5736,4.7803,65.5736,8.3270,1,157.499,159.892
568,DATA_20260209_120000.BIN,4.7803,10.9980,1.3768,10.9980,1.1550,1,9.723,11.088
569,DATA_20260209_120000.BIN,1.7325,7.4883,2.9176,7.4883,1.3750,1,15.310,17.895
570,DATA_20260209_120000.BIN,6.0340,50.3582,1.6607,50.3582,7.5350,1,9.703,9.704
571,DATA_20260209_120000.BIN,1.6607,10.9558,5.6292,10.9558,3.1900,1,16.778,16.851
572,DATA_20260209_120000.BIN,5.6292,12.6423,6.6238,12.6423,1.9580,1,26.962,27.127
573,DATA_20260209_120000.BIN,6.6238,13.5332,1.1333,13.5332,7.0400,1,23.420,23.420
574,DATA_20260209_120000.BIN,1.1333,7.8868,0.1652,7.8868,2.4420,1,10.367,10.562
575,DATA_20260209_120000.BIN,2.2847,12.4440,2.9344,12.4440,9.5810,1,11.393,11.397
576,DATA_20260209_120000.BIN,2.9344,34.8134,2.3965,34.8134,6.0720,1,9.826,10.638
577,DATA_20260209_120000.BIN,2.3965,8.3067,2.2309,8.3067,1.3530,1,4.684,4.734
578,DATA_20260209_120000.BIN,2.2309,64.0063,2.0268,64.0063,5.2470,1,7.764,8.254
579,DATA_20260209_120000.BIN,2.0268,8.6319,1.6001,8.6319,2.6180,1,9.740,10.955
580,DATA_20260209_120000.BIN,1.6001,7.2147,0.2774,7.2147,1.1000,1,12.981,13.797
581,DATA_20260209_120000.BIN,0.2774,6.9884,1.9581,6.9884,2.6180,1,13.181,14.907
582,DATA_20260209_120000.BIN,1.9581,9.4531,2.4761,9.4531,2.6730,1,1.495,2.394
583,DATA_20260209_120000.BIN,2.4761,8.7672,1.2274,8.7672,2.0790,1,11.670,13.638
584,DATA_20260209_120000.BIN,1.4536,8.2059,1.8252,8.2059,2.8710,1,11.151,12.924
585,DATA_20260209_120000.BIN,1.8252,10.3518,0.7768,10.3518,1.9140,1,13.448,14.820
586,DATA_20260209_120000.BIN,0.7768,12.0371,6.4179,12.0371,3.5530,1,7.190,8.704
587,DATA_20260209_120000.BIN,6.4179,25.1751,2.3931,25.1751,6.0720,1,8.586,8.709
588,DATA_20260209_120000.BIN,2.3931,6.7333,3.6794,6.7333,4.0260,1,22.553,26.185
589,DATA_20260209_120000.BIN,3.6794,8.5905,2.2683,8.5905,2.1560,1,9.618,13.810
590,DATA_20260209_120000.BIN,2.2683,29.7842,16.9137,29.7842,3.8170,1,11.863,14.032
591,DATA_20260209_120000.BIN,16.9137,33.8149,14.2389,33.8149,8.0080,1,40.118,47.217
592,DATA_20260209_120000.BIN,14.2389,51.5730,3.0982,51.5730,8.8550,1,23.883,26.163
593,DATA_20260209_120000.BIN,3.0982,16.4276,0.6878,16.4276,3.3880,1,3.763,4.022
594,DATA_20260209_120000.BIN,2.0143,11.4504,6.8129,11.4504,3.1460,1,14.887,20.751
595,DATA_20260209_120000.BIN,6.8129,10.9958,2.9684,10.9958,4.3450,1,22.668,24.189
596,DATA_20260209_120000.BIN,1.7548,11.2825,0.5003,11.2825,4.6970,1,3.502,5.286
597,DATA_20260209_120000.BIN,2.9989,8.2109,1.8975,8.2109,3.4320,1,13.112,14.896
598,DATA_20260209_120000.BIN,1.8975,6.5363,2.8095,6.5363,3.6410,1,15.498,18.951
599,DATA_20260209_120000.BIN,1.1218,17.1685,14.1442,17.1685,3.9820,1,4.185,4.752
600,DATA_20260209_120000.BIN,14.1442,18.9947,14.1660,18.9947,1.7600,1,17.895,20.132
601,DATA_20260209_120000.BIN,14.1660,18.6995,4.5009,18.6995,1.8480,1,14.578,17.189
602,DATA_20260209_120000.BIN,4.5009,15.4180,5.7282,15.4180,4.3780,1,10.561,11.205
603,DATA_20260209_120000.BIN,5.7282,10.8259,5.4653,10.8259,1.1440,1,7.932,8.685
604,DATA_20260209_120000.BIN,5.4653,14.0015,5.0389,14.0015,3.9490,1,12.747,14.590
605,DATA_20260209_120000.BIN,5.0389,12.7618,6.3425,12.7618,2.6730,1,4.665,7.001
606,DATA_20260209_120000.BIN,6.3425,11.3970,3.0002,11.3970,2.0240,1,7.015,7.812
607,DATA_20260209_120000.BIN,3.0002,8.1773,3.7810,8.1773,1.8920,1,18.248,19.836
608,DATA_20260209_120000.BIN,1.1671,12.7337,4.5511,12.7337,3.3770,1,15.655,16.443
609,DATA_20260209_120000.BIN,4.5511,18.2407,8.3649,18.2407,1.6720,1,8.637,9.528
610,DATA_20260209_120000.BIN,8.3649,38.7625,9.0910,38.7625,1.4410,1,78.633,79.172
611,DATA_20260209_120000.BIN,9.0910,16.9605,0.5660,16.9605,1.8150,1,69.504,69.870
612,DATA_20260209_120000.BIN,0.5660,10.1612,1.1834,10.1612,5.3790,1,19.849,20.509
613,DATA_20260209_120000.BIN,1.1834,7.8597,2.2205,7.8597,3.2230,1,23.123,23.133
614,DATA_20260209_120000.BIN,4.3801,8.3622,1.4575,8.3622,1.9360,1,13.873,17.105
615,DATA_20260209_120000.BIN,1.4575,11.2350,1.0477,11.2350,1.1550,1,13.135,13.681
616,DATA_20260209_120000.BIN,1.4912,14.6835,2.4950,14.6835,3.0360,1,14.932,16.239
617,DATA_20260209_120000.BIN,2.4950,9.6727,0.9294,9.6727,4.1800,1,12.601,14.215
618,DATA_20260209_120000.BIN,2.3423,58.9163,44.1974,58.9163,5.0050,1,24.131,25.013
619,DATA_20260209_120000.BIN,44.1974,61.7483,7.4072,61.7483,3.3330,1,112.304,120.008
620,DATA_20260209_120000.BIN,7.4072,10.6641,2.2366,10.6641,4.9390,1,33.611,34.365
621,DATA_20260209_120000.BIN,2.2366,9.9893,0.7994,9.9893,1.6170,1,26.770,31.887
622,DATA_20260209_120000.BIN,3.2377,8.4140,0.8360,8.4140,2.2110,1,22.572,22.573
623,DATA_20260209_120000.BIN,0.8360,17.4579,3.0625,17.4579,6.2150,1,15.566,16.939
624,DATA_20260209_120000.BIN,3.0625,8.2506,1.7117,8.2506,1.7820,1,19.523,20.734
625,DATA_20260209_120000.BIN,1.7117,15.7122,10.7544,15.7122,6.1930,1,14.946,15.428
626,DATA_20260209_120000.BIN,2.2566,15.9132,2.4434,15.9132,3.8390,1,16.024,16.499
627,DATA_20260209_120000.BIN,2.4434,59.9618,14.2171,59.9618,7.8980,1,5.844,8.636
628,DATA_20260209_120000.BIN,13.9955,16.3824,2.5703,16.3824,4.4220,1,21.692,22.718
629,DATA_20260209_120000.BIN,2.5703,7.0443,0.1288,7.0443,1.4850,1,7.525,9.224
630,DATA_20260209_120000.BIN,0.1288,11.4466,5.1113,11.4466,3.1460,1,15.830,19.934
631,DATA_20260209_120000.BIN,5.1113,10.5424,1.2605,10.5424,4.7410,1,17.835,22.034
632,DATA_20260209_120000.BIN,3.1373,10.1098,2.5587,10.1098,1.3970,1,11.948,12.860
633,DATA_20260209_120000.BIN,2.5587,12.4041,4.6790,12.4041,1.4740,1,11.686,13.170
634,DATA_20260209_120000.BIN,4.4543,16.3728,9.7513,16.3728,3.8170,1,12.118,14.270
635,DATA_20260209_120000.BIN,9.7513,16.1789,6.2722,16.1789,1.1770,1,13.629,13.682
636,DATA_20260209_120000.BIN,6.2722,14.8624,2.1926,14.8624,6.0610,1,7.738,8.225
637,DATA_20260209_120000.BIN,2.1926,4.8721,0.8085,4.8721,1.3200,1,17.078,17.275
638,DATA_20260209_120000.BIN,0.8085,8.3037,1.1620,8.3037,3.8610,1,12.201,12.315
639,DATA_20260209_120000.BIN,0.4182,18.3161,7.7918,18.3161,2.6510,1,11.490,12.103
640,DATA_20260209_120000.BIN,7.7918,22.9994,9.8274,22.9994,1.7820,1,8.693,8.696
641,DATA_20260209_120000.BIN,1.7058,17.7215,1.5997,17.7215,4.8180,1,4.318,4.707
642,DATA_20260209_120000.BIN,1.5997,16.7023,2.5118,16.7023,2.8490,1,14.463,14.913
643,DATA_20260209_120000.BIN,2.5118,8.4860,3.7801,8.4860,1.6500,1,14.099,14.363
644,DATA_20260209_120000.BIN,3.7801,14.0550,1.7711,14.0550,3.6410,1,6.509,8.793
645,DATA_20260209_120000.BIN,1.7711,12.6367,1.1470,12.6367,3.9600,1,13.387,14.210
646,DATA_20260209_120000.BIN,1.6264,9.9429,2.0048,9.9429,2.6730,1,9.311,12.768
647,DATA_20260209_120000.BIN,2.0048,10.9044,2.0559,10.9044,1.8700,1,4.370,4.856
648,DATA_20260209_120000.BIN,2.0559,13.4586,4.0145,13.4586,3.8060,1,10.497,14.989
649,DATA_20260209_120000.BIN,4.0145,7.1866,1.7909,7.1866,2.9920,1,13.391,14.251
650,DATA_20260209_120000.BIN,2.4837,12.0827,8.2235,12.0827,2.9590,1,13.460,17.023
651,DATA_20260209_120000.BIN,8.2235,15.0230,1.9298,15.0230,2.5850,1,8.825,10.310
652,DATA_20260209_120000.BIN,1.9298,12.3253,5.8528,12.3253,5.7200,1,7.969,9.568
653,DATA_20260209_120000.BIN,5.8528,12.8375,0.8025,12.8375,5.9840,1,6.078,6.356
654,DATA_20260209_120000.BIN,0.8025,12.5750,6.0125,12.5750,3.4430,1,7.683,10.196
655,DATA_20260209_120000.BIN,6.0125,14.2804,10.3185,14.2804,2.4530,1,15.443,16.718
656,DATA_20260209_120000.BIN,10.3185,16.0399,8.3295,16.0399,4.7410,1,21.391,21.601
657,DATA_20260209_120000.BIN,8.3295,57.3803,2.8434,57.3803,5.1370,1,6.311,7.866
658,DATA_20260209_120000.BIN,2.8434,11.8573,1.7775,11.8573,1.0120,1,12.884,12.910
659,DATA_20260209_120000.BIN,1.7775,6.7404,1.2500,6.7404,1.4080,1,10.350,10.414
660,DATA_20260209_120000.BIN,1.2500,4.3765,0.4141,4.3765,1.3750,1,6.623,6.624
661,DATA_20260209_120000.BIN,0.7109,7.0320,1.7596,7.0320,2.6620,1,8.124,8.397
662,DATA_20260209_120000.BIN,1.7596,4.1950,0.8220,4.1950,1.3750,1,7.183,7.188
663,DATA_20260209_120000.BIN,0.8220,8.9635,2.1736,8.9635,1.8150,1,4.871,4.872
664,DATA_20260209_120000.BIN,1.9556,4.7077,0.8698,4.7077,4.1800,1,10.510,12.512
665,DATA_20260209_120000.BIN,0.8698,9.2885,2.3475,9.2885,6.9960,1,3.169,3.603
666,DATA_20260209_120000.BIN,2.3475,25.3791,2.5048,25.3791,4.0370,1,7.954,12.602
667,DATA_20260209_120000.BIN,3.2060,5.8207,1.2434,5.8207,1.3090,1,8.096,10.277
668,DATA_20260209_120000.BIN,1.2434,8.1253,1.6303,8.1253,1.7600,1,7.211,8.236
669,DATA_20260209_120000.BIN,1.6303,9.8154,4.6172,9.8154,3.8390,1,6.808,8.654
670,DATA_20260209_120000.BIN,4.6172,9.5386,0.9016,9.5386,1.7930,1,4.493,5.237
671,DATA_20260209_120000.BIN,0.9016,6.4649,1.3602,6.4649,2.3100,1,1.592,1.635
672,DATA_20260209_120000.BIN,1.3602,6.0697,2.5519,6.0697,1.3640,1,11.148,13.010
673,DATA_20260209_120000.BIN,2.5519,7.1646,0.4356,7.1646,1.6830,1,7.941,8.451
674,DATA_20260209_120000.BIN,0.4356,10.5571,0.6944,10.5571,1.4630,1,3.029,3.548
675,DATA_20260209_120000.BIN,0.6944,5.5141,2.1547,5.5141,1.2540,1,4.181,5.002
676,DATA_20260209_120000.BIN,2.1547,7.5243,3.5106,7.5243,1.5290,1,2.033,3.245
677,DATA_20260209_120000.BIN,3.5106,9.8000,4.1008,9.8000,1.4850,1,6.791,6.936
678,DATA_20260209_120000.BIN,1.1711,7.9117,2.5961,7.9117,1.5730,1,5.100,5.897
679,DATA_20260209_120000.BIN,2.5961,5.6073,1.9413,5.6073,1.4190,1,1.533,2.074
680,DATA_20260209_120000.BIN,1.9413,5.8072,2.6556,5.8072,1.4960,1,2.651,2.708
681,DATA_20260209_120000.BIN,2.6556,5.1874,1.8745,5.1874,1.4080,1,3.530,3.601
682,DATA_20260209_120000.BIN,1.8745,6.2076,1.3769,6.2076,2.6730,1,3.010,3.017
683,DATA_20260209_120000.BIN,1.3769,6.3822,1.1311,6.3822,1.4410,1,1.091,1.523
684,DATA_20260209_120000.BIN,1.1311,6.3806,1.9338,6.3806,1.3860,1,1.106,1.501
685,DATA_20260209_120000.BIN,1.9338,4.7371,2.5945,4.7371,1.4960,1,1.298,1.346
686,DATA_20260209_120000.BIN,2.5945,7.1253,2.1290,7.1253,1.3970,1,2.292,2.292
687,DATA_20260209_120000.BIN,2.1476,5.0716,1.4448,5.0716,1.3090,1,1.440,1.445
688,DATA_20260209_120000.BIN,1.4448,6.2102,0.5808,6.2102,1.4080,1,1.314,1.772
689,DATA_20260209_120000.BIN,2.0252,6.8216,2.6130,6.8216,1.6280,1,0.953,0.953
690,DATA_20260209_120000.BIN,2.8946,10.3354,1.6448,10.3354,1.2650,1,8.328,11.840
691,DATA_20260209_120000.BIN,1.6448,10.7691,0.8868,10.7691,2.3760,1,5.344,6.527
692,DATA_20260209_120000.BIN,0.8868,6.1736,0.4304,6.1736,1.4630,1,1.714,1.815
693,DATA_20260209_120000.BIN,0.4304,6.9034,0.6440,6.9034,1.0670,1,3.157,3.330
694,DATA_20260209_120000.BIN,0.6440,5.8579,0.8447,5.8579,1.6170,1,6.336,7.478
695,DATA_20260209_120000.BIN,0.8447,6.9159,2.2766,6.9159,1.4850,1,1.640,1.779
696,DATA_20260209_120000.BIN,2.2766,5.8551,2.0824,5.8551,1.5070,1,2.753,2.871
697,DATA_20260209_120000.BIN,1.5250,5.3678,1.2061,5.3678,1.4960,1,2.231,2.617
698,DATA_20260209_120000.BIN,1.9418,6.5277,2.2925,6.5277,1.5290,1,0.647,1.631
699,DATA_20260209_120000.BIN,2.2925,5.6443,1.5391,5.6443,2.8050,1,1.729,1.750
700,DATA_20260209_120000.BIN,1.5391,5.2226,1.1917,5.2226,1.2980,1,1.950,2.162
701,DATA_20260209_120000.BIN,1.1917,8.0303,1.8134,8.0303,1.8150,1,1.808,1.991
702,DATA_20260209_120000.BIN,1.8134,9.1858,0.6818,9.1858,1.2760,1,11.177,16.151
703,DATA_20260209_120000.BIN,0.6818,10.9160,2.8653,10.9160,1.1330,1,2.060,2.513
704,DATA_20260209_120000.BIN,2.8653,8.0363,0.5393,8.0363,1.1220,1,4.586,4.901
705,DATA_20260209_120000.BIN,0.5393,8.1348,2.9857,8.1348,1.5950,1,6.300,7.619
706,DATA_20260209_120000.BIN,1.9494,5.9272,1.6917,5.9272,1.2870,1,1.132,1.768
707,DATA_20260209_120000.BIN,1.6917,6.0639,2.1239,6.0639,1.4740,1,0.769,0.850
708,DATA_20260209_120000.BIN,2.1239,6.4036,1.7511,6.4036,1.4960,1,2.428,2.675
709,DATA_20260209_120000.BIN,1.7511,5.6508,1.1442,5.6508,1.3640,1,0.541,0.918
710,DATA_20260209_120000.BIN,1.6684,9.5132,5.4750,9.5132,1.8700,1,2.713,3.498
711,DATA_20260209_120000.BIN,5.4750,10.3994,4.5859,10.3994,2.6510,1,7.442,7.442
712,DATA_20260209_120000.BIN,3.9771,9.3446,2.8703,9.3446,2.6510,1,3.048,3.526
713,DATA_20260209_120000.BIN,2.7736,6.5559,3.0202,6.5559,1.3970,1,1.137,1.415
714,DATA_20260209_120000.BIN,2.4641,6.4017,1.7804,6.4017,1.3200,1,2.052,2.966
715,DATA_20260209_120000.BIN,1.7804,6.1754,1.7485,6.1754,1.3640,1,2.819,3.451
716,DATA_20260209_120000.BIN,2.2245,6.8711,2.3594,6.8711,2.8820,1,2.136,2.613
717,DATA_20260209_120000.BIN,2.3594,6.3183,1.1180,6.3183,1.1550,1,3.966,5.143
718,DATA_20260209_120000.BIN,1.1180,5.2950,2.1232,5.2950,1.5400,1,8.446,8.999
719,DATA_20260209_120000.BIN,2.1232,7.4584,3.3774,7.4584,1.5400,1,0.857,1.152
720,DATA_20260209_120000.BIN,2.1696,6.7508,2.2557,6.7508,1.4300,1,1.087,1.145
721,DATA_20260209_120000.BIN,2.2557,6.7229,3.7137,6.7229,1.3750,1,0.247,0.864
722,DATA_20260209_120000.BIN,3.7137,7.3758,2.6108,7.3758,1.3310,1,3.440,3.442
723,DATA_20260209_120000.BIN,2.6108,7.2292,1.0287,7.2292,1.3970,1,0.611,0.836
724,DATA_20260209_120000.BIN,1.0287,5.4862,2.0094,5.4862,1.4850,1,4.244,4.329
725,DATA_20260209_120000.BIN,2.0094,5.9047,2.4849,5.9047,1.4410,1,2.637,3.457
726,DATA_20260209_120000.BIN,0.8098,8.2337,1.4363,8.2337,1.4080,1,2.862,2.980
727,DATA_20260209_120000.BIN,1.4363,7.5755,2.2161,7.5755,1.4080,1,1.763,2.043
728,DATA_20260209_120000.BIN,2.2161,6.7513,2.4043,6.7513,1.4960,1,1.527,1.702
729,DATA_20260209_120000.BIN,2.4043,6.7717,1.0685,6.7717,2.5300,1,3.419,4.132
730,DATA_20260209_120000.BIN,1.0685,7.8325,3.5772,7.8325,1.2430,1,1.639,1.704
731,DATA_20260209_120000.BIN,3.5772,8.7546,4.0647,8.7546,1.5290,1,2.135,2.601
732,DATA_20260209_120000.BIN,4.0647,10.7201,4.8787,10.7201,1.4410,1,4.487,4.554
733,DATA_20260209_120000.BIN,4.8787,10.3046,4.7634,10.3046,1.4190,1,5.699,5.810
734,DATA_20260209_120000.BIN,4.7634,8.4155,4.1372,8.4155,1.3420,1,3.447,3.502
735,DATA_20260209_120000.BIN,4.1372,9.9898,2.2106,9.9898,1.3200,1,4.071,4.077
736,DATA_20260209_120000.BIN,2.2106,8.6451,1.5809,8.6451,1.3420,1,4.103,4.280
737,DATA_20260209_120000.BIN,1.5809,7.4593,1.6946,7.4593,1.4740,1,2.469,2.584
738,DATA_20260209_120000.BIN,1.6946,5.4376,0.9501,5.4376,1.2100,1,4.925,5.548
739,DATA_20260209_120000.BIN,0.9501,6.1452,1.6374,6.1452,1.3640,1,4.383,4.758
740,DATA_20260209_120000.BIN,2.7277,7.4110,2.4871,7.4110,1.3750,1,3.885,4.308
741,DATA_20260209_120000.BIN,2.4871,8.4255,2.1619,8.4255,1.3750,1,2.344,2.423
742,DATA_20260209_120000.BIN,2.1619,7.5583,4.1045,7.5583,1.4630,1,0.887,1.104
743,DATA_20260209_120000.BIN,4.1045,8.9756,4.7030,8.9756,1.4960,1,2.209,2.456
744,DATA_20260209_120000.BIN,4.7030,10.6178,4.9938,10.6178,1.4740,1,3.528,3.812
745,DATA_20260209_120000.BIN,4.9938,10.6788,2.9327,10.6788,2.8600,1,4.976,4.976
746,DATA_20260209_120000.BIN,4.3237,8.0138,2.4021,8.0138,1.3640,1,4.445,4.473
747,DATA_20260209_120000.BIN,4.2770,12.1668,4.8038,12.1668,1.4850,1,5.697,5.964
748,DATA_20260209_120000.BIN,4.8038,13.7872,5.7085,13.7872,1.4190,1,4.839,4.872
749,DATA_20260209_120000.BIN,5.7085,11.0840,5.7229,11.0840,1.3090,1,10.073,10.884
750,DATA_20260209_120000.BIN,5.7229,12.1244,6.2385,12.1244,1.4520,1,7.245,7.459
751,DATA_20260209_120000.BIN,6.2385,12.5192,7.3626,12.5192,1.5070,1,8.032,8.271
752,DATA_20260209_120000.BIN,9.6105,13.5759,4.4456,13.5759,1.4410,1,12.120,12.124
753,DATA_20260209_120000.BIN,4.4456,10.6457,6.8869,10.6457,1.3310,1,3.156,3.673
754,DATA_20260209_120000.BIN,6.8869,13.2446,8.3582,13.2446,1.6500,1,7.462,8.118
755,DATA_20260209_120000.BIN,8.6859,13.6264,6.9485,13.6264,1.5620,1,6.022,6.492
756,DATA_20260209_120000.BIN,6.9485,12.1805,6.0217,12.1805,1.6280,1,7.002,7.452
757,DATA_20260209_120000.BIN,6.0217,12.2616,4.9982,12.2616,1.4080,1,3.526,3.845
758,DATA_20260209_120000.BIN,4.9982,9.0671,4.4220,9.0671,1.3530,1,1.463,2.129
759,DATA_20260209_120000.BIN,2.2774,6.7179,2.1752,6.7179,1.4080,1,8.933,8.967
760,DATA_20260209_120000.BIN,2.1752,9.2446,1.8158,9.2446,1.3970,1,7.868,7.881
761,DATA_20260209_120000.BIN,1.8158,5.6316,1.6607,5.6316,1.4520,1,10.977,11.247
762,DATA_20260209_120000.BIN,1.6607,11.0615,2.3080,11.0615,1.4190,1,5.914,5.919
763,DATA_20260209_120000.BIN,2.3080,8.9511,2.9337,8.9511,1.4080,1,7.155,7.156
764,DATA_20260209_120000.BIN,2.9337,9.4492,2.5391,9.4492,1.5510,1,7.689,7.706
765,DATA_20260209_120000.BIN,2.5391,8.2527,3.1286,8.2527,1.4960,1,3.068,3.178
766,DATA_20260209_120000.BIN,3.1286,7.9362,1.6418,7.9362,1.3750,1,5.073,5.146
767,DATA_20260209_120000.BIN,1.6418,8.2906,2.0892,8.2906,1.3530,1,3.824,3.835
768,DATA_20260209_120000.BIN,2.0892,10.7087,1.6908,10.7087,1.6390,1,3.267,3.547
769,DATA_20260209_120000.BIN,1.6908,7.9645,1.7224,7.9645,1.3640,1,1.101,1.372
770,DATA_20260209_120000.BIN,1.7224,7.0895,3.2513,7.0895,1.4410,1,1.246,2.502
771,DATA_20260209_120000.BIN,3.2513,8.4340,3.9709,8.4340,1.3200,1,2.041,2.079
772,DATA_20260209_120000.BIN,3.9709,10.7983,4.4653,10.7983,1.4630,1,4.911,4.974
773,DATA_20260209_120000.BIN,4.4653,9.4023,3.4789,9.4023,1.3420,1,6.382,6.488
774,DATA_20260209_120000.BIN,3.4789,6.3818,2.3097,6.3818,1.3860,1,4.594,4.891
775,DATA_20260209_120000.BIN,2.3097,10.2248,5.3629,10.2248,1.4630,1,1.416,1.762
776,DATA_20260209_120000.BIN,5.3629,9.9548,2.5667,9.9548,1.3310,1,7.195,7.250
777,DATA_20260209_120000.BIN,2.5667,9.7341,2.0004,9.7341,1.3860,1,4.166,4.419
778,DATA_20260209_120000.BIN,2.0004,6.9547,2.5559,6.9547,1.4300,1,2.917,3.102
779,DATA_20260209_120000.BIN,2.5559,9.6570,3.1619,9.6570,1.5180,1,3.625,3.844
780,DATA_20260209_120000.BIN,3.1619,8.8878,2.1498,8.8878,2.7940,1,1.462,1.539
781,DATA_20260209_120000.BIN,2.1498,7.7290,0.5576,7.7290,1.5510,1,3.707,3.811
782,DATA_20260209_120000.BIN,0.5576,6.5037,1.1028,6.5037,1.5510,1,5.547,6.457
783,DATA_20260209_120000.BIN,1.1028,5.6665,2.5853,5.6665,1.3200,1,1.652,1.655
784,DATA_20260209_120000.BIN,2.5853,5.3729,1.3600,5.3729,1.4300,1,2.472,2.539
785,DATA_20260209_120000.BIN,1.3600,6.3717,1.4037,6.3717,1.4410,1,0.950,1.179
786,DATA_20260209_120000.BIN,1.8529,7.4661,2.0110,7.4661,1.4190,1,0.827,1.711
787,DATA_20260209_120000.BIN,2.0110,7.2882,0.4616,7.2882,2.7720,1,1.056,1.546
788,DATA_20260209_120000.BIN,1.8773,5.0363,0.8327,5.0363,1.4740,1,6.608,6.897
789,DATA_20260209_120000.BIN,0.8327,7.4867,2.4328,7.4867,1.5950,1,5.236,5.710
790,DATA_20260209_120000.BIN,1.0672,6.2691,1.8958,6.2691,1.5400,1,1.377,1.727
791,DATA_20260209_120000.BIN,3.5784,7.7044,3.3553,7.7044,1.5840,1,6.908,7.414
792,DATA_20260209_120000.BIN,3.3553,9.3673,5.1710,9.3673,3.2120,1,5.731,5.732
793,DATA_20260209_120000.BIN,2.2835,6.9541,2.8526,6.9541,1.4190,1,3.258,3.330
794,DATA_20260209_120000.BIN,0.5416,5.7708,2.2255,5.7708,1.5840,1,3.185,3.700
795,DATA_20260209_120000.BIN,2.2255,5.2596,1.0539,5.2596,1.4740,1,3.119,4.251
796,DATA_20260209_120000.BIN,1.0539,5.7541,1.8582,5.7541,1.2980,1,0.861,1.047
797,DATA_20260209_120000.BIN,1.8582,7.7210,1.0963,7.7210,1.6720,1,6.712,7.033
798,DATA_20260209_120000.BIN,1.0963,8.3736,1.1753,8.3736,1.3310,1,1.567,2.091
799,DATA_20260209_120000.BIN,1.1753,6.2571,1.3889,6.2571,1.5400,1,0.685,1.039
800,DATA_20260209_120000.BIN,1.3889,7.1821,2.7335,7.1821,1.5840,1,0.768,0.768
801,DATA_20260209_120000.BIN,2.7335,7.1732,3.4150,7.1732,1.4190,1,3.110,3.161
802,DATA_20260209_120000.BIN,3.4150,6.1830,1.7347,6.1830,1.3530,1,8.631,9.164
803,DATA_20260209_120000.BIN,1.7347,6.7859,2.0227,6.7859,1.4740,1,2.831,3.112
804,DATA_20260209_120000.BIN,2.0227,4.7356,1.9786,4.7356,1.4410,1,3.846,5.592
805,DATA_20260209_120000.BIN,1.9786,5.0832,1.8385,5.0832,1.4300,1,3.673,4.832
806,DATA_20260209_120000.BIN,1.8385,6.1501,2.5716,6.1501,1.4410,1,3.757,4.361
807,DATA_20260209_120000.BIN,2.4669,7.5094,1.8460,7.5094,1.6170,1,11.078,12.175
808,DATA_20260209_120000.BIN,1.8460,5.9243,2.2739,5.9243,1.4190,1,1.560,1.658
809,DATA_20260209_120000.BIN,2.2739,7.7622,2.4607,7.7622,1.3420,1,2.097,2.125
810,DATA_20260209_120000.BIN,2.4607,8.4051,1.5952,8.4051,1.2320,1,3.878,4.187
811,DATA_20260209_120000.BIN,1.5952,9.5697,2.7884,9.5697,1.3860,1,2.499,3.505
812,DATA_20260209_120000.BIN,2.7884,10.3749,2.5209,10.3749,1.4520,1,2.768,2.893
813,DATA_20260209_120000.BIN,2.5209,9.9866,1.7825,9.9866,1.4410,1,2.036,2.116
814,DATA_20260209_120000.BIN,1.7825,8.9845,1.4718,8.9845,1.6060,1,2.726,3.337
815,DATA_20260209_120000.BIN,1.4718,8.4614,1.3063,8.4614,2.8270,1,0.351,0.984
816,DATA_20260209_120000.BIN,1.3063,5.4576,1.1266,5.4576,1.4410,1,2.502,2.651
817,DATA_20260209_120000.BIN,1.1266,5.3791,1.9421,5.3791,1.5620,1,1.160,1.407
818,DATA_20260209_120000.BIN,1.9421,5.6589,2.9838,5.6589,1.5400,1,2.793,4.003
819,DATA_20260209_120000.BIN,1.1625,7.1017,1.7533,7.1017,3.1020,1,0.375,0.430
820,DATA_20260209_120000.BIN,1.7533,7.1296,1.6496,7.1296,1.3860,1,2.176,2.187
821,DATA_20260209_120000.BIN,3.2262,8.2776,2.9084,8.2776,1.2980,1,1.681,2.483
822,DATA_20260209_120000.BIN,2.9084,10.6661,1.4131,10.6661,1.3750,1,3.159,3.247
823,DATA_20260209_120000.BIN,1.4131,9.0155,1.9409,9.0155,1.7600,1,4.255,8.657
824,DATA_20260209_120000.BIN,2.3056,9.2228,0.3360,9.2228,1.5180,1,2.798,3.243
825,DATA_20260209_120000.BIN,0.3360,11.0327,1.9775,11.0327,3.8390,1,4.917,5.682
826,DATA_20260209_120000.BIN,0.7386,7.6290,2.8625,7.6290,1.6610,1,2.977,3.073
827,DATA_20260209_120000.BIN,2.8625,6.5090,1.1164,6.5090,1.3640,1,4.016,4.027
828,DATA_20260209_120000.BIN,1.1164,6.8762,1.3579,6.8762,1.3640,1,2.140,2.353
829,DATA_20260209_120000.BIN,1.3579,7.1649,2.3866,7.1649,1.0340,1,7.228,7.638
830,DATA_20260209_120000.BIN,2.3866,8.6923,2.3791,8.6923,1.9030,1,3.146,3.178
831,DATA_20260209_120000.BIN,2.3791,8.7388,2.0304,8.7388,2.7500,1,4.043,4.364
832,DATA_20260209_120000.BIN,2.0304,12.0756,1.1992,12.0756,3.5420,1,2.369,2.378
833,DATA_20260209_120000.BIN,1.1992,11.1500,4.8847,11.1500,2.7170,1,11.651,15.724
834,DATA_20260209_120000.BIN,4.8847,9.2622,4.0021,9.2622,1.4960,1,5.336,6.339
835,DATA_20260209_120000.BIN,3.3828,8.6162,2.7423,8.6162,1.8260,1,5.006,5.041
836,DATA_20260209_120000.BIN,2.7423,8.3423,2.2419,8.3423,1.2760,1,7.243,8.437
837,DATA_20260209_120000.BIN,2.2419,7.4908,1.3284,7.4908,1.3640,1,1.697,2.041
838,DATA_20260209_120000.BIN,1.3284,6.3199,1.7746,6.3199,1.4520,1,3.915,4.160
839,DATA_20260209_120000.BIN,1.7746,6.4262,2.0000,6.4262,1.5840,1,1.794,2.093
840,DATA_20260209_120000.BIN,2.0000,6.0386,1.8137,6.0386,1.4520,1,0.841,1.343
841,DATA_20260209_120000.BIN,1.8137,7.5959,3.2800,7.5959,1.6610,1,0.956,1.189
842,DATA_20260209_120000.BIN,3.2800,8.3491,1.9705,8.3491,1.5730,1,5.919,6.415
843,DATA_20260209_120000.BIN,1.9705,10.2444,4.2595,10.2444,1.5070,1,3.956,4.607
844,DATA_20260209_120000.BIN,4.2595,7.7686,1.6417,7.7686,1.4410,1,9.601,10.389
845,DATA_20260209_120000.BIN,1.6417,6.7988,1.3915,6.7988,1.5290,1,3.608,4.945
846,DATA_20260209_120000.BIN,1.3915,5.1673,1.0825,5.1673,1.3530,1,2.378,2.697
847,DATA_20260209_120000.BIN,1.0825,6.4384,1.3546,6.4384,1.5070,1,6.099,6.587
848,DATA_20260209_120000.BIN,1.3546,6.6777,2.9829,6.6777,1.8480,1,7.132,7.892
849,DATA_20260209_120000.BIN,2.9829,7.3246,2.0715,7.3246,1.6170,1,0.789,2.124
850,DATA_20260209_120000.BIN,2.0715,6.8123,1.0729,6.8123,1.3090,1,1.302,1.341
851,DATA_20260209_120000.BIN,1.0729,7.4648,2.9925,7.4648,1.5620,1,3.412,3.466
852,DATA_20260209_120000.BIN,1.9250,9.3082,0.7057,9.3082,3.3220,1,2.959,3.647
853,DATA_20260209_120000.BIN,0.7057,5.6422,2.4502,5.6422,1.3970,1,1.575,1.603
854,DATA_20260209_120000.BIN,2.4502,5.7986,0.9307,5.7986,1.5950,1,0.642,1.680
855,DATA_20260209_120000.BIN,0.9307,7.2465,3.6775,7.2465,1.7270,1,1.988,2.002
856,DATA_20260209_120000.BIN,3.6775,8.7908,3.3924,8.7908,1.5730,1,4.932,4.937
857,DATA_20260209_120000.BIN,3.3924,9.5161,3.9715,9.5161,1.5950,1,3.562,3.567
858,DATA_20260209_120000.BIN,3.5721,10.6802,3.0191,10.6802,1.7050,1,2.599,2.967
859,DATA_20260209_120000.BIN,3.0191,8.0897,2.0676,8.0897,1.4300,1,8.435,10.038
860,DATA_20260209_120000.BIN,2.0676,7.8014,3.3629,7.8014,1.4740,1,3.357,4.388
861,DATA_20260209_120000.BIN,3.3629,8.7719,2.8204,8.7719,1.6390,1,2.819,2.846
862,DATA_20260209_120000.BIN,2.8204,8.7795,4.1298,8.7795,1.3750,1,10.941,14.540
863,DATA_20260209_120000.BIN,4.1298,9.2892,2.0190,9.2892,1.4190,1,5.103,5.168
864,DATA_20260209_120000.BIN,2.0190,8.6361,2.6884,8.6361,1.5840,1,4.469,4.857
865,DATA_20260209_120000.BIN,2.6884,7.8429,3.1490,7.8429,1.5730,1,1.007,1.748
866,DATA_20260209_120000.BIN,3.1490,10.3313,5.1402,10.3313,1.6060,1,2.249,2.445
867,DATA_20260209_120000.BIN,5.1402,8.9964,3.3343,8.9964,1.3750,1,5.004,5.143
868,DATA_20260209_120000.BIN,3.3343,6.4799,1.8728,6.4799,1.5730,1,1.839,2.483
869,DATA_20260209_120000.BIN,1.8728,7.7860,3.3677,7.7860,1.4740,1,4.424,4.458
870,DATA_20260209_120000.BIN,3.3677,6.9140,3.7393,6.9140,1.5730,1,0.768,2.082
871,DATA_20260209_120000.BIN,3.7393,8.3966,0.6048,8.3966,2.9040,1,0.558,1.469
872,DATA_20260209_120000.BIN,0.6048,6.1463,1.9270,6.1463,1.6500,1,7.766,8.444
873,DATA_20260209_120000.BIN,1.4582,5.6354,0.2141,5.6354,1.3970,1,6.148,6.655
874,DATA_20260209_120000.BIN,0.2141,6.7505,0.4453,6.7505,1.6500,1,4.895,4.937
875,DATA_20260209_120000.BIN,0.4453,4.7303,1.7185,4.7303,1.6390,1,4.491,4.541
876,DATA_20260209_120000.BIN,1.4787,7.6643,2.2066,7.6643,1.5070,1,0.911,0.914
877,DATA_20260209_120000.BIN,2.2066,7.0679,2.7103,7.0679,1.6280,1,3.820,4.270
878,DATA_20260209_120000.BIN,2.7103,6.7433,1.6354,6.7433,1.4410,1,4.412,4.992
879,DATA_20260209_120000.BIN,1.6354,7.7731,2.3146,7.7731,1.3970,1,1.012,1.012
880,DATA_20260209_120000.BIN,0.9845,6.9272,0.7794,6.9272,1.3530,1,2.333,2.468
881,DATA_20260209_120000.BIN,0.7794,8.4395,0.3506,8.4395,1.5730,1,6.633,7.294
882,DATA_20260209_120000.BIN,0.3506,5.1663,1.6433,5.1663,1.4850,1,4.682,5.111
883,DATA_20260209_120000.BIN,1.6819,6.4880,0.3805,6.4880,1.2430,1,2.996,3.690
884,DATA_20260209_120000.BIN,0.3805,6.1639,1.1293,6.1639,1.6830,1,5.813,6.259
885,DATA_20260209_120000.BIN,1.1293,6.8367,1.4029,6.8367,1.5070,1,4.086,4.134
886,DATA_20260209_120000.BIN,1.4029,5.7598,2.5202,5.7598,1.8370,1,2.309,2.368
887,DATA_20260209_120000.BIN,1.1764,6.1255,1.0507,6.1255,1.4520,1,1.655,1.886
888,DATA_20260209_120000.BIN,1.0507,5.9848,0.9464,5.9848,1.7050,1,1.519,2.407
889,DATA_20260209_120000.BIN,0.9464,8.0550,1.3625,8.0550,1.4850,1,2.943,4.153
890,DATA_20260209_120000.BIN,1.3625,7.3668,1.3596,7.3668,1.5400,1,1.231,1.282
891,DATA_20260209_120000.BIN,1.3596,7.6612,1.2284,7.6612,1.4960,1,1.659,1.931
892,DATA_20260209_120000.BIN,1.2284,6.6801,0.9948,6.6801,1.6830,1,0.840,1.037
893,DATA_20260209_120000.BIN,0.9948,5.8355,0.9257,5.8355,1.3860,1,1.393,1.434
894,DATA_20260209_120000.BIN,0.9257,7.7882,0.7890,7.7882,1.4630,1,3.577,3.695
895,DATA_20260209_120000.BIN,0.7890,4.8831,0.2786,4.8831,1.6940,1,4.724,5.089
896,DATA_20260209_120000.BIN,1.3994,8.3987,1.5879,8.3987,1.6500,1,2.412,2.750
897,DATA_20260209_120000.BIN,1.5879,6.5511,1.0652,6.5511,1.7380,1,2.511,2.541
898,DATA_20260209_120000.BIN,1.0652,5.2522,0.8855,5.2522,1.4740,1,2.046,2.047
899,DATA_20260209_120000.BIN,0.8855,4.8548,0.2174,4.8548,1.4960,1,0.495,1.169
900,DATA_20260209_120000.BIN,0.2174,7.9320,1.3534,7.9320,1.6390,1,1.398,1.575
901,DATA_20260209_120000.BIN,1.3132,6.4976,2.2152,6.4976,1.4080,1,2.506,3.149
902,DATA_20260209_120000.BIN,2.2152,5.1466,1.7021,5.1466,1.3420,1,3.169,3.494
903,DATA_20260209_120000.BIN,1.7021,4.2487,1.3023,4.2487,1.5620,1,2.433,2.484
904,DATA_20260209_120000.BIN,1.3023,6.5732,0.9709,6.5732,1.5730,1,0.966,1.391
905,DATA_20260209_120000.BIN,0.9709,5.6176,0.5622,5.6176,1.3640,1,0.646,0.991
906,DATA_20260209_120000.BIN,0.5622,6.1480,1.2836,6.1480,1.5730,1,0.519,0.607
907,DATA_20260209_120000.BIN,1.2836,6.3683,0.8641,6.3683,1.4740,1,2.159,2.220
908,DATA_20260209_120000.BIN,0.8641,5.4115,1.2125,5.4115,1.5840,1,2.700,3.172
909,DATA_20260209_120000.BIN,1.2125,6.2689,1.2548,6.2689,1.3530,1,2.630,2.680
910,DATA_20260209_120000.BIN,1.2548,6.5730,0.8435,6.5730,1.6610,1,2.940,3.140
911,DATA_20260209_120000.BIN,0.8435,6.9980,1.0736,6.9980,1.4520,1,0.585,0.622
912,DATA_20260209_120000.BIN,1.0736,5.7206,1.1439,5.7206,1.6060,1,1.204,1.355
913,DATA_20260209_120000.BIN,1.1439,6.9606,1.4379,6.9606,1.5180,1,1.857,2.070
914,DATA_20260209_120000.BIN,1.4379,8.2191,2.1540,8.2191,2.8600,1,3.416,3.426
915,DATA_20260209_120000.BIN,2.1540,7.0215,1.6897,7.0215,1.5400,1,3.592,3.943
916,DATA_20260209_120000.BIN,1.6897,9.0331,2.2293,9.0331,1.8040,1,1.583,1.608
917,DATA_20260209_120000.BIN,2.2293,5.3650,2.0614,5.3650,1.4300,1,5.464,5.484
918,DATA_20260209_120000.BIN,2.0614,5.3977,1.3568,5.3977,1.5510,1,5.452,5.511
919,DATA_20260209_120000.BIN,1.3568,6.0892,0.9564,6.0892,1.4080,1,4.281,4.534
920,DATA_20260209_120000.BIN,0.9564,7.7513,0.8246,7.7513,1.5070,1,2.764,2.900
921,DATA_20260209_120000.BIN,0.8246,9.0548,5.4132,9.0548,1.7160,1,1.068,1.117
922,DATA_20260209_120000.BIN,5.4132,9.6916,3.5229,9.6916,1.5290,1,9.999,10.007
923,DATA_20260209_120000.BIN,1.3892,6.6201,1.3904,6.6201,1.5510,1,2.712,2.994
924,DATA_20260209_120000.BIN,1.3904,5.5340,1.4492,5.5340,1.5400,1,1.737,1.799
925,DATA_20260209_120000.BIN,1.4492,4.8539,0.4702,4.8539,1.3200,1,2.392,2.604
926,DATA_20260209_120000.BIN,0.4067,7.8267,1.4847,7.8267,2.0680,1,2.869,2.901
927,DATA_20260209_120000.BIN,0.6602,9.5519,2.9039,9.5519,1.8700,1,2.366,2.443
928,DATA_20260209_120000.BIN,2.9039,6.5485,2.4519,6.5485,1.5180,1,5.034,5.086
929,DATA_20260209_120000.BIN,1.3659,5.0873,1.1973,5.0873,1.3640,1,3.776,3.778
930,DATA_20260209_120000.BIN,1.1973,7.2380,1.0119,7.2380,3.2010,1,3.608,3.618
931,DATA_20260209_120000.BIN,1.0119,5.9329,1.0177,5.9329,1.5730,1,1.412,2.060
932,DATA_20260209_120000.BIN,1.0177,6.1234,2.0245,6.1234,1.5070,1,2.401,2.619
933,DATA_20260209_120000.BIN,2.0245,6.4060,1.2675,6.4060,3.0030,1,3.129,3.580
934,DATA_20260209_120000.BIN,1.8437,5.3882,1.7010,5.3882,1.3970,1,7.253,8.173
935,DATA_20260209_120000.BIN,0.6991,7.1961,2.0415,7.1961,1.5950,1,2.679,2.809
936,DATA_20260209_120000.BIN,0.9906,6.0932,0.9625,6.0932,1.8810,1,1.709,1.829
937,DATA_20260209_120000.BIN,0.9625,6.3005,0.6227,6.3005,1.2980,1,2.189,2.194
938,DATA_20260209_120000.BIN,0.6227,6.1604,1.0820,6.1604,1.8150,1,1.518,2.133
939,DATA_20260209_120000.BIN,1.0820,4.5214,1.0935,4.5214,2.9040,1,1.815,1.865
940,DATA_20260209_120000.BIN,1.0935,5.1580,1.2296,5.1580,1.5290,1,2.403,2.446
941,DATA_20260209_120000.BIN,1.3379,7.9463,0.9749,7.9463,1.3750,1,4.571,4.921
942,DATA_20260209_120000.BIN,0.9749,6.1006,2.1456,6.1006,1.7050,1,2.267,3.239
943,DATA_20260209_120000.BIN,2.1456,5.7546,1.3987,5.7546,3.0030,1,3.531,3.542
944,DATA_20260209_120000.BIN,0.5048,4.4420,0.4974,4.4420,1.4520,1,1.887,1.988
945,DATA_20260209_120000.BIN,0.7720,7.3812,2.3790,7.3812,1.5510,1,1.390,1.390
946,DATA_20260209_120000.BIN,2.3790,6.3006,0.5508,6.3006,1.7490,1,2.617,2.843
947,DATA_20260209_120000.BIN,1.0353,5.4385,0.5155,5.4385,1.6060,1,0.740,0.992
948,DATA_20260209_120000.BIN,1.8166,5.7985,0.6485,5.7985,1.5180,1,6.844,7.481
949,DATA_20260209_120000.BIN,1.9555,7.0906,0.5990,7.0906,1.4960,1,3.820,3.820
950,DATA_20260209_120000.BIN,0.5990,7.7375,0.5097,7.7375,1.5840,1,3.041,4.065
951,DATA_20260209_120000.BIN,0.5097,4.9747,0.7017,4.9747,2.9480,1,3.365,3.918
952,DATA_20260209_120000.BIN,0.7017,5.4553,1.0495,5.4553,4.3340,1,2.812,3.308
953,DATA_20260209_120000.BIN,1.0495,6.3965,2.0628,6.3965,2.8050,1,1.765,2.167
954,DATA_20260209_120000.BIN,2.0628,5.3784,1.1240,5.3784,2.6070,1,3.936,3.960
955,DATA_20260209_120000.BIN,1.1240,6.9452,1.6107,6.9452,1.4850,1,1.764,3.083
956,DATA_20260209_120000.BIN,1.6107,7.0811,1.4307,7.0811,1.5180,1,3.155,3.157
957,DATA_20260209_120000.BIN,1.4307,8.0561,0.8046,8.0561,2.2440,1,3.086,3.146
958,DATA_20260209_120000.BIN,2.0552,5.6438,1.7410,5.6438,1.2650,1,2.918,2.993
959,DATA_20260209_120000.BIN,1.7410,7.6580,0.6877,7.6580,1.6500,1,5.993,7.038
960,DATA_20260209_120000.BIN,0.6877,7.9579,0.3390,7.9579,1.5290,1,1.396,1.451
961,DATA_20260209_120000.BIN,0.3390,8.3573,0.8140,8.3573,1.7270,1,1.607,1.734
962,DATA_20260209_120000.BIN,1.1545,10.3383,2.3200,10.3383,1.5620,1,4.344,4.660
963,DATA_20260209_120000.BIN,2.3200,8.9125,0.8817,8.9125,1.6720,1,4.716,5.248
964,DATA_20260209_120000.BIN,0.8817,7.6193,0.8944,7.6193,1.2210,1,3.053,3.317
965,DATA_20260209_120000.BIN,0.8944,7.6670,1.9526,7.6670,1.5840,1,2.989,4.796
966,DATA_20260209_120000.BIN,1.9526,5.1691,1.5718,5.1691,2.0680,1,4.834,4.954
967,DATA_20260209_120000.BIN,1.9253,6.9961,0.6759,6.9961,1.6280,1,3.257,3.277
968,DATA_20260209_120000.BIN,0.6304,6.6101,0.3863,6.6101,6.2480,1,0.764,0.799
969,DATA_20260209_120000.BIN,1.4859,7.0738,1.8965,7.0738,1.6060,1,3.042,3.079
970,DATA_20260209_120000.BIN,1.8965,19.5125,3.7546,19.5125,2.6840,1,5.430,5.721
971,DATA_20260209_120000.BIN,3.7546,11.9211,0.3802,11.9211,3.4320,1,4.413,6.451
972,DATA_20260209_120000.BIN,0.3802,6.2875,1.2277,6.2875,1.5950,1,1.919,2.193
973,DATA_20260209_120000.BIN,1.2277,7.1948,1.6876,7.1948,1.8040,1,1.537,1.726
974,DATA_20260209_120000.BIN,1.6876,5.5358,1.2533,5.5358,1.8150,1,2.991,2.996
975,DATA_20260209_120000.BIN,1.2533,6.7784,0.3801,6.7784,2.3650,1,0.423,1.928
976,DATA_20260209_120000.BIN,0.3801,4.8537,1.1680,4.8537,2.1560,1,5.434,6.430
977,DATA_20260209_120000.BIN,2.9537,5.8518,1.2150,5.8518,1.4850,1,3.384,3.640
978,DATA_20260209_120000.BIN,1.2150,6.4786,0.4015,6.4786,1.5950,1,1.923,2.267
979,DATA_20260209_120000.BIN,0.4015,8.5345,0.6266,8.5345,1.4960,1,1.649,1.664
980,DATA_20260209_120000.BIN,0.6266,5.8239,1.9167,5.8239,1.3200,1,2.830,3.145
981,DATA_20260209_120000.BIN,0.8383,7.1241,1.1814,7.1241,2.9370,1,4.270,4.810
982,DATA_20260209_120000.BIN,1.1814,9.2580,0.2945,9.2580,3.9050,1,2.924,3.392
983,DATA_20260209_120000.BIN,0.2945,5.4683,1.7747,5.4683,1.9690,1,7.169,8.932
984,DATA_20260209_120000.BIN,1.7747,9.5871,1.4530,9.5871,1.6830,1,6.053,6.525
985,DATA_20260209_120000.BIN,1.4530,7.6662,1.1445,7.6662,1.5510,1,5.181,6.206
986,DATA_20260209_120000.BIN,2.4093,7.9428,2.8609,7.9428,1.4520,1,3.658,4.331
987,DATA_20260209_120000.BIN,2.8609,7.8393,1.2327,7.8393,1.3640,1,3.848,4.108
988,DATA_20260209_120000.BIN,1.2327,6.3408,1.9064,6.3408,1.6390,1,1.727,1.826
989,DATA_20260209_120000.BIN,1.9064,8.7205,2.9507,8.7205,1.6280,1,4.364,4.963
990,DATA_20260209_120000.BIN,2.9507,7.6873,1.8458,7.6873,1.2980,1,4.015,4.257
991,DATA_20260209_120000.BIN,1.8458,6.8920,0.6280,6.8920,1.7270,1,1.749,2.309
992,DATA_20260209_120000.BIN,0.6280,7.3807,1.1465,7.3807,2.7720,1,1.761,2.295
993,DATA_20260209_120000.BIN,1.1465,5.0394,0.4431,5.0394,1.9910,1,1.523,1.533
994,DATA_20260209_120000.BIN,0.4431,5.0578,1.2360,5.0578,1.1330,1,2.466,2.603
995,DATA_20260209_120000.BIN,1.2360,8.2049,1.8544,8.2049,1.7380,1,2.834,3.431
996,DATA_20260209_120000.BIN,1.7197,7.5456,1.6152,7.5456,3.4980,1,2.729,2.754
997,DATA_20260209_120000.BIN,1.6152,7.9057,1.0956,7.9057,2.8710,1,1.798,2.298
998,DATA_20260209_120000.BIN,1.1538,6.7546,0.7231,6.7546,1.4520,1,4.751,5.213
999,DATA_20260209_120000.BIN,0.7231,12.3895,1.4185,12.3895,1.7490,1,2.210,2.414
1000,DATA_20260209_120000.BIN,1.4185,4.8055,0.2155,4.8055,3.2120,1,2.106,2.310
1001,DATA_20260209_120000.BIN,0.2155,8.0984,2.0824,8.0984,2.8490,1,1.083,1.559
1002,DATA_20260209_120000.BIN,2.7656,6.6242,1.6532,6.6242,2.5190,1,7.485,7.773
1003,DATA_20260209_120000.BIN,1.6532,10.9120,1.4120,10.9120,1.8260,1,4.064,6.110
1004,DATA_20260209_120000.BIN,1.4120,6.2598,1.9371,6.2598,2.6180,1,1.761,2.468
1005,DATA_20260209_120000.BIN,1.6823,4.4548,0.8919,4.4548,5.1920,1,5.664,6.447
1006,DATA_20260209_120000.BIN,1.5949,5.3445,0.9987,5.3445,2.9040,1,7.075,8.258
1007,DATA_20260209_120000.BIN,0.9987,5.1585,0.3886,5.1585,3.4210,1,6.695,8.350
1008,DATA_20260209_120000.BIN,0.3886,5.6620,0.6317,5.6620,2.9920,1,2.044,2.370
1009,DATA_20260209_120000.BIN,0.6317,9.4020,1.3366,9.4020,2.3320,1,1.966,2.425
1010,DATA_20260209_120000.BIN,1.3366,4.7020,1.8087,4.7020,6.2920,1,6.047,7.597
1011,DATA_20260209_120000.BIN,1.8087,5.2470,0.8956,5.2470,4.7300,1,3.409,3.457
1012,DATA_20260209_120000.BIN,0.8956,10.2643,0.3078,10.2643,1.5840,1,2.090,2.123
1013,DATA_20260209_120000.BIN,0.3078,5.4442,1.2683,5.4442,1.8260,1,2.466,3.147
1014,DATA_20260209_120000.BIN,1.2683,6.6048,0.4532,6.6048,1.5290,1,2.289,2.421
1015,DATA_20260209_120000.BIN,0.4532,7.5235,0.5891,7.5235,1.5950,1,3.990,5.357
1016,DATA_20260209_120000.BIN,0.5891,6.8207,0.4666,6.8207,1.4080,1,4.600,5.466
1017,DATA_20260209_120000.BIN,0.4666,7.7425,1.0471,7.7425,1.8700,1,3.861,4.423
1018,DATA_20260209_120000.BIN,1.0471,5.4525,1.0684,5.4525,1.1330,1,5.638,6.366
1019,DATA_20260209_120000.BIN,1.0684,7.9450,0.5767,7.9450,1.4080,1,3.750,5.549
1020,DATA_20260209_120000.BIN,0.5767,5.1261,1.3006,5.1261,1.5620,1,0.475,0.541
1021,DATA_20260209_120000.BIN,1.3006,7.1942,1.8181,7.1942,4.5320,1,2.324,2.351
1022,DATA_20260209_120000.BIN,1.8181,5.5779,0.9674,5.5779,1.4740,1,2.982,2.991
1023,DATA_20260209_120000.BIN,0.9674,8.9508,1.6731,8.9508,2.1340,1,1.210,2.265
1024,DATA_20260209_120000.BIN,1.6731,6.2916,1.4355,6.2916,1.8040,1,5.134,5.304
1025,DATA_20260209_120000.BIN,1.4355,5.4772,2.1841,5.4772,2.2550,1,0.962,2.008
1026,DATA_20260209_120000.BIN,0.8220,5.4431,0.9719,5.4431,1.9140,1,0.372,1.654
1027,DATA_20260209_120000.BIN,0.9719,5.9668,1.1234,5.9668,1.4410,1,9.929,12.999
1028,DATA_20260209_120000.BIN,1.1234,6.7744,0.9122,6.7744,3.5200,1,3.464,5.057
1029,DATA_20260209_120000.BIN,2.0784,3.5384,0.5967,3.5384,1.8590,1,7.743,9.091
1030,DATA_20260209_120000.BIN,0.5967,6.9170,2.1013,6.9170,4.3670,1,1.293,1.310
1031,DATA_20260209_120000.BIN,2.1013,4.7361,1.8228,4.7361,1.4850,1,7.479,10.057
1032,DATA_20260209_120000.BIN,1.8228,4.9699,0.3021,4.9699,1.7820,1,6.556,7.878
1033,DATA_20260209_120000.BIN,1.6379,5.8735,0.2644,5.8735,1.3090,1,6.126,8.025
1034,DATA_20260209_120000.BIN,0.2644,4.9356,1.6131,4.9356,3.0030,1,3.242,4.343
1035,DATA_20260209_120000.BIN,1.6131,6.7197,0.8931,6.7197,1.5620,1,1.710,1.842
1036,DATA_20260209_120000.BIN,0.8931,4.9682,1.1727,4.9682,3.1790,1,2.580,3.568
1037,DATA_20260209_120000.BIN,1.1727,7.6982,1.6698,7.6982,2.1010,1,4.060,4.813
1038,DATA_20260209_120000.BIN,1.6698,6.0763,0.1321,6.0763,1.5730,1,2.259,2.370
1039,DATA_20260209_120000.BIN,0.3385,5.2275,1.7892,5.2275,1.8260,1,0.689,1.375
1040,DATA_20260209_120000.BIN,1.7892,5.1699,1.9662,5.1699,2.9810,1,2.556,5.100
1041,DATA_20260209_120000.BIN,1.9662,5.7883,2.0353,5.7883,1.5400,1,2.814,3.239
1042,DATA_20260209_120000.BIN,1.7938,7.3934,0.4972,7.3934,2.8380,1,2.909,2.916
1043,DATA_20260209_120000.BIN,1.9016,4.7473,0.5039,4.7473,1.5400,1,2.786,3.590
1044,DATA_20260209_120000.BIN,0.5039,7.0508,0.9224,7.0508,3.1130,1,4.649,6.164
1045,DATA_20260209_120000.BIN,0.9224,5.9532,1.4248,5.9532,1.6940,1,2.897,4.084
1046,DATA_20260209_120000.BIN,1.5524,12.5231,1.0063,12.5231,1.6060,1,1.944,2.718
1047,DATA_20260209_120000.BIN,1.0063,8.9513,1.4870,8.9513,1.4630,1,6.892,8.089
1048,DATA_20260209_120000.BIN,2.8800,7.9156,3.1103,7.9156,1.6390,1,4.276,4.295
1049,DATA_20260209_120000.BIN,3.1103,8.7569,1.5438,8.7569,1.6060,1,4.811,4.812
1050,DATA_20260209_120000.BIN,1.5438,6.6291,0.9947,6.6291,2.7390,1,3.068,3.090
1051,DATA_20260209_120000.BIN,0.9947,14.7332,2.3468,14.7332,1.9910,1,7.411,9.618
1052,DATA_20260209_120000.BIN,2.3468,10.3263,1.6474,10.3263,1.4960,1,3.506,5.967
1053,DATA_20260209_120000.BIN,1.6474,7.8135,1.0855,7.8135,1.6170,1,3.206,3.214
1054,DATA_20260209_120000.BIN,1.0855,6.2646,2.8471,6.2646,1.3970,1,3.045,3.302
1055,DATA_20260209_120000.BIN,2.8471,6.3072,3.4554,6.3072,1.7270,1,7.785,8.272
1056,DATA_20260209_120000.BIN,2.5341,9.5404,1.9869,9.5404,1.5840,1,6.016,6.743
1057,DATA_20260209_120000.BIN,1.9869,8.7218,4.3019,8.7218,1.5730,1,6.470,6.654
1058,DATA_20260209_120000.BIN,4.3019,9.8410,1.9327,9.8410,1.3860,1,8.198,8.199
1059,DATA_20260209_120000.BIN,1.9327,8.4289,1.2627,8.4289,1.3420,1,3.129,3.129
1060,DATA_20260209_120000.BIN,1.2627,9.3490,1.7920,9.3490,1.6170,1,1.651,1.664
1061,DATA_20260209_120000.BIN,1.7920,10.0670,1.9940,10.0670,1.3420,1,6.032,6.755
1062,DATA_20260209_120000.BIN,1.9940,10.7979,2.1267,10.7979,1.3310,1,4.831,4.987
1063,DATA_20260209_120000.BIN,2.1267,9.4448,0.7655,9.4448,1.4850,1,3.395,3.443
1064,DATA_20260209_120000.BIN,0.7655,9.7588,1.3654,9.7588,1.5950,1,2.530,2.613
1065,DATA_20260209_120000.BIN,1.3654,8.6913,1.7859,8.6913,1.4740,1,5.546,6.915
1066,DATA_20260209_120000.BIN,1.7859,12.9438,2.3298,12.9438,1.3640,1,5.150,5.491
1067,DATA_20260209_120000.BIN,2.3298,12.7007,0.4382,12.7007,1.6280,1,4.916,5.042
1068,DATA_20260209_120000.BIN,0.4382,11.1908,0.9774,11.1908,1.3970,1,0.843,1.071
1069,DATA_20260209_120000.BIN,0.9774,10.4078,2.0063,10.4078,1.6610,1,3.144,3.211
1070,DATA_20260209_120000.BIN,2.0063,6.4151,1.5805,6.4151,1.4190,1,3.854,3.860
1071,DATA_20260209_120000.BIN,1.5805,8.1159,0.8838,8.1159,1.4630,1,2.369,2.424
1072,DATA_20260209_120000.BIN,0.8838,9.1638,1.8447,9.1638,1.4300,1,2.099,2.101
1073,DATA_20260209_120000.BIN,1.8447,8.7455,2.0154,8.7455,1.4300,1,3.659,3.669
1074,DATA_20260209_120000.BIN,2.0154,10.9375,0.9671,10.9375,1.6390,1,3.593,3.596
1075,DATA_20260209_120000.BIN,0.9671,10.7649,3.2299,10.7649,1.4080,1,3.478,3.901
1076,DATA_20260209_120000.BIN,3.2299,13.7445,1.2141,13.7445,1.7600,1,4.846,4.955
1077,DATA_20260209_120000.BIN,1.2141,7.5884,1.7520,7.5884,1.4740,1,2.036,2.093
1078,DATA_20260209_120000.BIN,1.7520,11.8422,0.8811,11.8422,1.6060,1,2.783,2.917
1079,DATA_20260209_120000.BIN,0.8811,10.3112,3.8233,10.3112,1.7820,1,1.307,1.309
1080,DATA_20260209_120000.BIN,3.8233,11.1731,1.6623,11.1731,1.3200,1,6.504,6.569
1081,DATA_20260209_120000.BIN,1.6623,9.4327,0.5496,9.4327,2.6840,1,3.338,3.352
1082,DATA_20260209_120000.BIN,0.5496,10.6586,0.2131,10.6586,1.5180,1,0.848,1.232
1083,DATA_20260209_120000.BIN,0.2131,12.9944,0.7296,12.9944,1.4960,1,1.389,1.393
1084,DATA_20260209_120000.BIN,0.7296,8.8603,2.0412,8.8603,1.5180,1,0.309,2.066
1085,DATA_20260209_120000.BIN,0.4807,9.1351,0.4373,9.1351,1.5290,1,0.791,1.220
1086,DATA_20260209_120000.BIN,0.4373,10.8437,2.8715,10.8437,1.4740,1,1.802,1.811
1087,DATA_20260209_120000.BIN,2.8715,11.1218,1.7876,11.1218,1.3860,1,3.955,4.087
1088,DATA_20260209_120000.BIN,1.7876,8.4614,0.7864,8.4614,1.5290,1,2.327,2.542
1089,DATA_20260209_120000.BIN,0.7864,7.2982,0.4787,7.2982,1.5840,1,1.443,2.118
1090,DATA_20260209_120000.BIN,0.4787,9.3490,1.5127,9.3490,1.4080,1,1.098,1.495
1091,DATA_20260209_120000.BIN,1.5127,9.1593,0.2214,9.1593,1.4300,1,3.479,3.504
1092,DATA_20260209_120000.BIN,0.2214,8.5010,1.7193,8.5010,1.5840,1,2.186,2.501
1093,DATA_20260209_120000.BIN,0.2823,6.0989,2.0375,6.0989,1.7050,1,1.409,1.492
1094,DATA_20260209_120000.BIN,0.9112,6.7298,0.3323,6.7298,1.5070,1,1.293,2.024
1095,DATA_20260209_120000.BIN,0.3323,8.9168,2.1838,8.9168,1.2870,1,2.962,3.912
1096,DATA_20260209_120000.BIN,2.1838,8.0346,1.8682,8.0346,0.9570,1,9.297,10.355
1097,DATA_20260209_120000.BIN,1.8682,7.9479,0.3965,7.9479,1.0010,1,3.521,4.857
1098,DATA_20260209_120000.BIN,0.3965,10.2905,0.7921,10.2905,1.6170,1,3.035,3.517
1099,DATA_20260209_120000.BIN,0.7921,7.0008,1.1642,7.0008,1.5400,1,1.149,1.397
1100,DATA_20260209_120000.BIN,1.1642,6.1843,1.5395,6.1843,1.5400,1,1.581,1.693
1101,DATA_20260209_120000.BIN,1.5395,8.1452,0.8890,8.1452,1.3530,1,3.078,3.127
1102,DATA_20260209_120000.BIN,0.8890,7.4788,1.1534,7.4788,1.6170,1,3.053,3.470
1103,DATA_20260209_120000.BIN,1.1534,6.9523,0.6033,6.9523,1.3420,1,0.454,2.064
1104,DATA_20260209_120000.BIN,0.6033,6.0994,0.6596,6.0994,1.4850,1,5.010,6.619
1105,DATA_20260209_120000.BIN,0.6596,9.7729,1.2570,9.7729,1.4630,1,2.735,3.564
1106,DATA_20260209_120000.BIN,0.9715,9.0511,2.0099,9.0511,1.4080,1,1.016,1.574
1107,DATA_20260209_120000.BIN,2.0099,7.7396,0.8349,7.7396,1.5510,1,2.706,2.872
1108,DATA_20260209_120000.BIN,0.8349,9.2479,3.6411,9.2479,1.5180,1,3.278,3.509
1109,DATA_20260209_120000.BIN,3.4713,17.1175,0.7060,17.1175,2.5960,1,2.860,4.054
1110,DATA_20260209_120000.BIN,0.7060,8.5765,3.8991,8.5765,1.7490,1,6.132,7.102
1111,DATA_20260209_120000.BIN,3.8991,10.6739,2.1915,10.6739,1.4190,1,4.380,6.009
1112,DATA_20260209_120000.BIN,2.1915,11.9881,1.0088,11.9881,1.5070,1,1.370,1.928
1113,DATA_20260209_120000.BIN,1.0088,7.6434,1.1131,7.6434,1.3310,1,2.591,2.944
1114,DATA_20260209_120000.BIN,0.6880,7.9303,1.4279,7.9303,1.5400,1,3.746,4.764
1115,DATA_20260209_120000.BIN,1.4279,7.0542,1.0537,7.0542,1.4190,1,1.322,1.324
1116,DATA_20260209_120000.BIN,1.0537,6.7144,0.2809,6.7144,1.4740,1,3.251,3.254
1117,DATA_20260209_120000.BIN,0.2809,4.1517,1.1498,4.1517,1.4520,1,4.044,4.920
1118,DATA_20260209_120000.BIN,1.1498,8.7042,1.2576,8.7042,1.5180,1,4.156,4.318
1119,DATA_20260209_120000.BIN,1.2576,7.1615,0.3737,7.1615,1.4300,1,2.116,2.249
1120,DATA_20260209_120000.BIN,0.3737,6.3418,0.4586,6.3418,1.5620,1,0.595,0.621
1121,DATA_20260209_120000.BIN,0.7743,8.0401,0.7222,8.0401,1.7160,1,2.951,4.201
1122,DATA_20260209_120000.BIN,0.7222,7.7519,3.0156,7.7519,4.7190,1,1.656,1.783
1123,DATA_20260209_120000.BIN,1.2648,8.7214,2.1473,8.7214,2.9040,1,2.045,2.618
1124,DATA_20260209_120000.BIN,2.1473,11.8104,1.2724,11.8104,1.5620,1,3.806,4.581
1125,DATA_20260209_120000.BIN,1.2724,6.3469,2.0771,6.3469,1.3310,1,3.285,3.978
1126,DATA_20260209_120000.BIN,2.0771,10.6283,2.0460,10.6283,1.6500,1,2.360,2.555
1127,DATA_20260209_120000.BIN,2.0460,11.0346,2.0162,11.0346,1.5180,1,2.865,2.962
1128,DATA_20260209_120000.BIN,2.7054,9.9155,2.7144,9.9155,1.5400,1,2.027,2.786
1129,DATA_20260209_120000.BIN,2.7144,9.6390,5.6243,9.6390,1.4410,1,3.034,3.141
1130,DATA_20260209_120000.BIN,4.4059,9.2413,1.4943,9.2413,1.4740,1,5.979,5.980
1131,DATA_20260209_120000.BIN,1.3414,9.4207,1.6447,9.4207,1.5070,1,5.203,5.459
1132,DATA_20260209_120000.BIN,1.6447,6.9802,2.9093,6.9802,1.2980,1,1.130,1.139
1133,DATA_20260209_120000.BIN,2.9093,9.2109,3.0198,9.2109,1.6060,1,2.574,3.978
1134,DATA_20260209_120000.BIN,3.0198,8.1749,0.6765,8.1749,1.4850,1,2.040,2.508
1135,DATA_20260209_120000.BIN,1.2305,4.6920,0.7959,4.6920,1.2540,1,8.018,8.610
1136,DATA_20260209_120000.BIN,0.7959,5.2814,1.1226,5.2814,1.5510,1,7.063,8.208
1137,DATA_20260209_120000.BIN,1.1226,6.6845,0.8420,6.6845,3.4430,1,6.629,8.063
1138,DATA_20260209_120000.BIN,2.1501,11.1200,1.0069,11.1200,1.9690,1,5.835,5.835
1139,DATA_20260209_120000.BIN,1.0069,10.3192,2.5253,10.3192,1.4520,1,5.447,7.901
1140,DATA_20260209_120000.BIN,2.5253,9.2217,0.7890,9.2217,1.5950,1,6.037,6.850
1141,DATA_20260209_120000.BIN,0.7890,6.8642,1.1576,6.8642,1.5180,1,3.664,5.531
1142,DATA_20260209_120000.BIN,1.1576,7.9892,2.8108,7.9892,1.5290,1,2.688,3.957
1143,DATA_20260209_120000.BIN,2.8108,10.3634,1.1675,10.3634,1.4300,1,4.950,5.167
1144,DATA_20260209_120000.BIN,1.1675,10.5434,3.9132,10.5434,1.5730,1,1.040,2.475
1145,DATA_20260209_120000.BIN,3.9132,7.2928,2.2478,7.2928,1.3200,1,7.618,7.861
1146,DATA_20260209_120000.BIN,2.2478,7.3560,0.9033,7.3560,1.4850,1,4.774,4.862
1147,DATA_20260209_120000.BIN,0.9033,9.0368,0.5239,9.0368,1.5290,1,2.387,2.629
1148,DATA_20260209_120000.BIN,0.5239,10.8279,1.1065,10.8279,1.3970,1,2.351,3.133
1149,DATA_20260209_120000.BIN,1.1065,8.1613,0.6743,8.1613,2.7940,1,1.375,1.381
1150,DATA_20260209_120000.BIN,0.6743,6.7718,2.5838,6.7718,1.5730,1,4.965,5.677
1151,DATA_20260209_120000.BIN,2.5838,9.9445,2.6479,9.9445,1.5620,1,2.093,5.334
1152,DATA_20260209_120000.BIN,2.6479,9.4793,2.2170,9.4793,1.4080,1,4.954,5.147
1153,DATA_20260209_120000.BIN,2.2170,8.0733,1.6138,8.0733,1.5510,1,3.219,3.242
1154,DATA_20260209_120000.BIN,1.6138,8.0122,0.8615,8.0122,1.3200,1,4.104,4.689
1155,DATA_20260209_120000.BIN,0.8615,9.0994,1.7984,9.0994,1.4960,1,0.278,0.328
1156,DATA_20260209_120000.BIN,1.7984,7.2523,2.1439,7.2523,1.4300,1,4.817,5.895
1157,DATA_20260209_120000.BIN,2.1439,13.2624,5.1387,13.2624,1.5400,1,4.195,5.226
1158,DATA_20260209_120000.BIN,5.1387,11.7774,2.8137,11.7774,1.6610,1,6.309,6.386
1159,DATA_20260209_120000.BIN,2.8137,7.5293,2.7876,7.5293,1.3640,1,4.105,4.637
1160,DATA_20260209_120000.BIN,2.7876,15.2644,3.3628,15.2644,1.3640,1,3.091,3.108
1161,DATA_20260209_120000.BIN,3.3628,11.4124,3.8242,11.4124,2.1450,1,3.397,3.399
1162,DATA_20260209_120000.BIN,3.8242,9.7305,2.7499,9.7305,1.1000,1,9.621,10.346
1163,DATA_20260209_120000.BIN,2.7499,9.8150,1.0242,9.8150,1.4080,1,2.271,2.412
1164,DATA_20260209_120000.BIN,1.0242,7.7688,1.1600,7.7688,1.4080,1,2.030,2.068
1165,DATA_20260209_120000.BIN,1.1600,8.7017,1.8929,8.7017,1.3310,1,2.313,2.529
1166,DATA_20260209_120000.BIN,1.8929,10.1124,2.7700,10.1124,1.7930,1,1.733,2.062
1167,DATA_20260209_120000.BIN,2.7700,10.3874,3.1912,10.3874,1.1330,1,2.280,2.374
1168,DATA_20260209_120000.BIN,3.1912,13.1950,2.5020,13.1950,1.3530,1,1.681,2.030
1169,DATA_20260209_120000.BIN,2.5020,12.8035,1.2290,12.8035,1.6280,1,1.513,1.692
1170,DATA_20260209_120000.BIN,1.2290,10.5757,1.9106,10.5757,1.3750,1,5.456,7.115
1171,DATA_20260209_120000.BIN,1.9106,8.7763,3.6535,8.7763,1.4300,1,4.555,6.206
1172,DATA_20260209_120000.BIN,3.6535,10.2078,3.3260,10.2078,1.4740,1,3.468,3.504
1173,DATA_20260209_120000.BIN,3.3260,9.3969,1.3580,9.3969,1.3200,1,2.817,2.904
1174,DATA_20260209_120000.BIN,1.3580,10.4340,1.0326,10.4340,1.5950,1,1.221,1.421
1175,DATA_20260209_120000.BIN,1.0326,9.2999,1.9424,9.2999,2.8050,1,4.593,7.326
1176,DATA_20260209_120000.BIN,1.9424,8.1222,4.0223,8.1222,1.3090,1,4.615,5.400
1177,DATA_20260209_120000.BIN,4.0223,10.1028,4.0204,10.1028,1.4740,1,5.557,5.579
1178,DATA_20260209_120000.BIN,2.4215,6.7532,2.4318,6.7532,2.8380,1,5.529,5.919
1179,DATA_20260209_120000.BIN,2.4318,11.1546,0.5859,11.1546,1.6170,1,2.645,4.116
1180,DATA_20260209_120000.BIN,0.5859,5.0738,1.0265,5.0738,2.8930,1,3.392,3.411
1181,DATA_20260209_120000.BIN,1.0265,8.6872,4.6231,8.6872,1.6170,1,8.305,9.293
1182,DATA_20260209_120000.BIN,4.6231,13.7080,6.2380,13.7080,1.3090,1,4.708,5.417
1183,DATA_20260209_120000.BIN,6.2380,10.7056,2.1719,10.7056,2.5410,1,6.881,6.989
1184,DATA_20260209_120000.BIN,2.1719,10.9470,0.7205,10.9470,3.0360,1,4.007,4.316
1185,DATA_20260209_120000.BIN,0.7205,10.2343,0.2000,10.2343,1.4630,1,5.321,5.368
1186,DATA_20260209_120000.BIN,0.2000,7.5515,1.1202,7.5515,1.4300,1,6.066,6.646
1187,DATA_20260209_120000.BIN,1.1202,7.7198,2.1453,7.7198,1.3530,1,2.033,2.125
1188,DATA_20260209_120000.BIN,2.1453,11.4786,2.8041,11.4786,1.5290,1,0.431,1.209
1189,DATA_20260209_120000.BIN,2.8041,11.6180,4.4106,11.6180,1.6280,1,3.540,3.846
1190,DATA_20260209_120000.BIN,4.4106,14.1646,4.9264,14.1646,1.4190,1,7.313,7.812
1191,DATA_20260209_120000.BIN,4.9264,11.5028,1.2938,11.5028,1.3970,1,6.661,6.831
1192,DATA_20260209_120000.BIN,1.2938,11.9680,0.0771,11.9680,1.4960,1,2.964,2.999
1193,DATA_20260209_120000.BIN,0.0771,9.6177,0.7772,9.6177,1.4850,1,2.523,2.870
1194,DATA_20260209_120000.BIN,0.7772,11.4123,1.6377,11.4123,1.4410,1,2.019,2.739
1195,DATA_20260209_120000.BIN,1.6377,11.5727,2.8439,11.5727,1.2210,1,4.131,5.343
1196,DATA_20260209_120000.BIN,2.8439,7.4125,0.8973,7.4125,1.4080,1,2.943,3.397
1197,DATA_20260209_120000.BIN,0.8973,8.9646,4.5526,8.9646,3.1020,1,3.840,3.963
1198,DATA_20260209_120000.BIN,3.7037,9.2878,2.9021,9.2878,1.6170,1,5.086,7.090
1199,DATA_20260209_120000.BIN,2.9021,9.7753,2.2309,9.7753,1.2650,1,3.097,3.556
1200,DATA_20260209_120000.BIN,2.2309,10.7505,1.5006,10.7505,1.4850,1,1.150,1.545
1201,DATA_20260209_120000.BIN,1.5006,10.1623,3.2042,10.1623,1.2760,1,2.592,2.597
1202,DATA_20260209_120000.BIN,6.7866,12.6910,1.0906,12.6910,2.1340,1,7.707,8.482
1203,DATA_20260209_120000.BIN,1.0906,10.2429,1.2644,10.2429,2.5960,1,4.457,6.093
1204,DATA_20260209_120000.BIN,4.6015,13.7850,3.8943,13.7850,3.1460,1,7.165,7.550
1205,DATA_20260209_120000.BIN,3.8943,12.2604,1.7442,12.2604,2.8600,1,5.553,5.838
1206,DATA_20260209_120000.BIN,1.7442,13.4454,2.3993,13.4454,1.5620,1,2.143,2.647
1207,DATA_20260209_120000.BIN,2.3993,10.5647,4.2215,10.5647,1.3640,1,3.009,3.773
1208,DATA_20260209_120000.BIN,4.2215,12.5067,4.8439,12.5067,1.3750,1,5.317,5.319
1209,DATA_20260209_120000.BIN,4.8439,13.3677,1.9285,13.3677,1.6940,1,5.326,5.326
1210,DATA_20260209_120000.BIN,1.9285,10.0244,1.2525,10.0244,1.1990,1,1.686,1.880
1211,DATA_20260209_120000.BIN,1.2525,7.1187,2.7104,7.1187,1.4520,1,2.187,2.249
1212,DATA_20260209_120000.BIN,2.7104,10.5166,3.8576,10.5166,1.4190,1,2.281,2.483
1213,DATA_20260209_120000.BIN,3.8576,9.5575,2.5094,9.5575,1.3970,1,2.466,2.676
1214,DATA_20260209_120000.BIN,2.5094,7.4337,0.9889,7.4337,1.5070,1,2.071,2.935
1215,DATA_20260209_120000.BIN,0.9889,12.7881,8.6292,12.7881,2.6950,1,2.699,2.810
1216,DATA_20260209_120000.BIN,8.6292,13.2884,2.0186,13.2884,2.4860,1,11.669,11.669
1217,DATA_20260209_120000.BIN,2.0186,7.5527,0.9967,7.5527,1.8700,1,3.220,3.222
1218,DATA_20260209_120000.BIN,0.9967,12.1468,6.0534,12.1468,3.3440,1,6.300,6.300
1219,DATA_20260209_120000.BIN,4.4133,12.1814,5.4476,12.1814,1.7050,1,8.210,9.429
1220,DATA_20260209_120000.BIN,1.7854,12.3328,3.2147,12.3328,2.9150,1,3.220,3.234
1221,DATA_20260209_120000.BIN,3.2147,8.5900,2.6998,8.5900,1.3200,1,3.312,4.070
1222,DATA_20260209_120000.BIN,2.6998,12.4289,4.6066,12.4289,1.6610,1,0.102,0.742
1223,DATA_20260209_120000.BIN,4.6066,10.7845,2.0693,10.7845,1.2100,1,5.836,6.107
1224,DATA_20260209_120000.BIN,2.0693,9.7541,1.9939,9.7541,1.3970,1,2.368,2.372
1225,DATA_20260209_120000.BIN,1.9939,8.4978,3.4195,8.4978,1.4740,1,1.304,1.400
1226,DATA_20260209_120000.BIN,3.4195,12.3110,2.7185,12.3110,2.8490,1,3.345,3.533
1227,DATA_20260209_120000.BIN,2.7185,9.2961,2.0711,9.2961,1.6610,1,2.779,3.603
1228,DATA_20260209_120000.BIN,2.0711,8.6319,2.5863,8.6319,1.2430,1,4.140,4.893
1229,DATA_20260209_120000.BIN,2.5863,10.6315,0.9393,10.6315,1.4850,1,3.147,3.798
1230,DATA_20260209_120000.BIN,0.9393,13.0238,2.2536,13.0238,1.4740,1,1.334,2.700
1231,DATA_20260209_120000.BIN,2.2536,11.7935,2.0265,11.7935,1.2320,1,2.941,4.123
1232,DATA_20260209_120000.BIN,2.0265,11.6181,2.4520,11.6181,2.7720,1,3.041,3.196
1233,DATA_20260209_120000.BIN,2.4520,10.7647,2.5676,10.7647,1.5730,1,2.920,4.156
1234,DATA_20260209_120000.BIN,2.5676,8.5902,4.0378,8.5902,1.6610,1,0.301,0.680
1235,DATA_20260209_120000.BIN,4.0378,8.7607,2.0297,8.7607,0.9900,1,2.866,2.907
1236,DATA_20260209_120000.BIN,2.0297,11.0712,7.0232,11.0712,2.5300,1,2.510,3.158
1237,DATA_20260209_120000.BIN,7.0232,12.5579,3.2470,12.5579,1.8480,1,4.233,7.354
1238,DATA_20260209_120000.BIN,2.6404,11.7143,1.3652,11.7143,2.8930,1,0.749,0.819
1239,DATA_20260209_120000.BIN,1.3652,12.0277,4.2879,12.0277,1.4080,1,3.432,3.575
1240,DATA_20260209_120000.BIN,4.2879,8.4366,3.3456,8.4366,1.4520,1,3.128,3.129
1241,DATA_20260209_120000.BIN,0.8114,9.5296,4.5904,9.5296,1.4740,1,6.108,6.389
1242,DATA_20260209_120000.BIN,4.5904,9.8543,1.8888,9.8543,1.4080,1,3.076,3.325
1243,DATA_20260209_120000.BIN,1.8888,9.3930,0.8218,9.3930,2.6400,1,5.577,6.746
1244,DATA_20260209_120000.BIN,0.8218,16.2566,1.1153,16.2566,3.1130,1,6.859,7.692
1245,DATA_20260209_120000.BIN,1.1153,6.2123,1.7598,6.2123,1.2760,1,0.118,2.333
1246,DATA_20260209_120000.BIN,1.7598,6.5921,0.5148,6.5921,1.1660,1,4.071,4.320
1247,DATA_20260209_120000.BIN,0.5148,9.3721,3.1137,9.3721,1.3310,1,2.693,3.175
1248,DATA_20260209_120000.BIN,3.1137,12.5089,3.8075,12.5089,1.6500,1,3.434,3.444
1249,DATA_20260209_120000.BIN,3.8075,7.1307,1.1254,7.1307,1.3310,1,9.251,10.184
1250,DATA_20260209_120000.BIN,1.1254,10.2678,4.2621,10.2678,1.3200,1,3.101,4.043
1251,DATA_20260209_120000.BIN,4.2621,10.0636,1.9663,10.0636,1.4300,1,4.248,4.502
1252,DATA_20260209_120000.BIN,1.9663,12.3878,4.5490,12.3878,1.9690,1,1.102,1.104
1253,DATA_20260209_120000.BIN,4.5490,11.0615,2.8937,11.0615,2.2220,1,6.021,6.183
1254,DATA_20260209_120000.BIN,2.7385,8.0199,1.1324,8.0199,1.3420,1,2.280,2.683
1255,DATA_20260209_120000.BIN,1.1324,13.6300,2.5879,13.6300,1.7710,1,3.544,3.610
1256,DATA_20260209_120000.BIN,1.1878,6.8284,0.8233,6.8284,1.3970,1,2.205,2.219
1257,DATA_20260209_120000.BIN,0.8233,7.8389,1.8630,7.8389,1.3970,1,1.205,2.548
1258,DATA_20260209_120000.BIN,1.8630,7.7084,0.6499,7.7084,1.3640,1,3.735,5.226
1259,DATA_20260209_120000.BIN,0.6499,8.0252,2.0675,8.0252,1.4850,1,3.708,3.741
1260,DATA_20260209_120000.BIN,2.0675,8.5594,2.0968,8.5594,1.4410,1,2.004,2.614
1261,DATA_20260209_120000.BIN,2.1987,6.3843,1.9822,6.3843,1.5180,1,6.817,7.939
1262,DATA_20260209_120000.BIN,1.9822,7.2143,0.2289,7.2143,2.5080,1,2.682,3.742
1263,DATA_20260209_120000.BIN,0.2289,10.4887,4.1716,10.4887,1.4960,1,3.491,3.656
1264,DATA_20260209_120000.BIN,4.1716,12.2346,3.1471,12.2346,2.0680,1,1.885,3.612
1265,DATA_20260209_120000.BIN,3.1471,8.4661,1.1879,8.4661,1.0890,1,10.346,11.958
1266,DATA_20260209_120000.BIN,1.1879,7.7491,1.2073,7.7491,1.2760,1,1.525,3.798
1267,DATA_20260209_120000.BIN,0.5209,5.6840,1.6159,5.6840,1.5070,1,4.617,4.949
1268,DATA_20260209_120000.BIN,1.6159,7.1202,0.1668,7.1202,1.5620,1,2.256,2.256
1269,DATA_20260209_120000.BIN,0.1668,7.9733,0.9956,7.9733,1.4410,1,0.213,2.004
1270,DATA_20260209_120000.BIN,1.3381,5.0408,0.6352,5.0408,3.1570,1,6.165,8.180
1271,DATA_20260209_120000.BIN,0.6352,9.6691,2.1548,9.6691,1.4630,1,2.997,2.999
1272,DATA_20260209_120000.BIN,2.1548,10.3492,2.6301,10.3492,1.4410,1,2.020,2.045
1273,DATA_20260209_120000.BIN,1.4971,8.6308,3.1030,8.6308,4.1910,1,2.501,2.931
1274,DATA_20260209_120000.BIN,3.1030,10.5602,3.5139,10.5602,1.5070,1,2.229,3.339
1275,DATA_20260209_120000.BIN,3.5139,10.2041,2.6843,10.2041,1.1440,1,2.826,3.023
1276,DATA_20260209_120000.BIN,2.6843,7.3251,2.5235,7.3251,1.4080,1,0.407,1.614
1277,DATA_20260209_120000.BIN,2.5220,7.6693,2.9913,7.6693,2.5520,1,4.816,4.820
1278,DATA_20260209_120000.BIN,2.9209,5.1855,2.9634,5.1855,1.4300,1,0.833,2.138
1279,DATA_20260209_120000.BIN,6.5426,14.0138,4.7347,14.0138,1.5180,1,4.351,6.139
1280,DATA_20260209_120000.BIN,4.7347,10.2350,3.9337,10.2350,1.3970,1,9.535,10.368
1281,DATA_20260209_120000.BIN,3.9337,7.4755,2.1562,7.4755,1.4300,1,2.478,2.510
1282,DATA_20260209_120000.BIN,2.6248,7.8343,2.6412,7.8343,1.4300,1,6.438,6.466
1283,DATA_20260209_120000.BIN,2.6412,11.1150,1.9585,11.1150,2.8050,1,1.745,1.829
1284,DATA_20260209_120000.BIN,1.9585,5.2400,1.8675,5.2400,1.4080,1,1.842,1.863
1285,DATA_20260209_120000.BIN,1.8675,8.7900,2.8041,8.7900,1.5400,1,0.752,0.753
1286,DATA_20260209_120000.BIN,2.8041,5.8690,2.1545,5.8690,1.4190,1,2.015,2.167
1287,DATA_20260209_120000.BIN,2.1545,5.7309,2.2731,5.7309,1.4080,1,1.106,1.136
1288,DATA_20260209_120000.BIN,2.2731,9.1383,3.2318,9.1383,1.5950,1,3.084,3.349
1289,DATA_20260209_120000.BIN,3.2318,7.3599,2.2864,7.3599,1.4080,1,5.014,5.519
1290,DATA_20260209_120000.BIN,2.2864,8.6046,2.0384,8.6046,1.4080,1,4.716,4.718
1291,DATA_20260209_120000.BIN,2.0384,8.4133,2.3050,8.4133,1.3970,1,1.393,1.884
1292,DATA_20260209_120000.BIN,2.3050,8.4086,2.3291,8.4086,1.4960,1,0.915,0.940
1293,DATA_20260209_120000.BIN,2.3291,7.2132,2.7875,7.2132,1.4300,1,0.499,0.514
1294,DATA_20260209_120000.BIN,2.7875,7.8198,1.9734,7.8198,1.3970,1,1.915,1.933
1295,DATA_20260209_120000.BIN,1.9734,7.1629,2.0659,7.1629,1.4190,1,2.065,2.301
1296,DATA_20260209_120000.BIN,2.0659,6.2563,2.6530,6.2563,1.4850,1,5.096,5.905
1297,DATA_20260209_120000.BIN,2.6530,7.6970,2.1686,7.6970,1.4300,1,1.333,2.082
1298,DATA_20260209_120000.BIN,2.1686,9.3631,3.6733,9.3631,1.6170,1,1.724,2.053
1299,DATA_20260209_120000.BIN,1.8642,10.8687,2.3862,10.8687,2.8930,1,2.607,3.110
1300,DATA_20260209_120000.BIN,2.6149,7.6505,1.9866,7.6505,1.6500,1,5.999,7.512
1301,DATA_20260209_120000.BIN,2.9710,8.8016,2.8245,8.8016,1.3750,1,6.826,7.742
1302,DATA_20260209_120000.BIN,2.8245,7.5246,3.2385,7.5246,1.4410,1,2.486,2.504
1303,DATA_20260209_120000.BIN,3.2385,11.0700,2.9230,11.0700,1.5180,1,1.686,1.694
1304,DATA_20260209_120000.BIN,2.9230,8.5386,2.9714,8.5386,1.4850,1,2.608,2.647
1305,DATA_20260209_120000.BIN,2.9108,6.0352,1.2146,6.0352,1.4850,1,4.902,4.997
1306,DATA_20260209_120000.BIN,1.2146,7.5020,2.8993,7.5020,1.4410,1,2.059,2.188
1307,DATA_20260209_120000.BIN,2.8993,9.6564,3.9986,9.6564,1.3750,1,2.594,2.631
1308,DATA_20260209_120000.BIN,3.9986,7.8381,1.6829,7.8381,1.4520,1,3.579,3.619
1309,DATA_20260209_120000.BIN,1.6829,10.3395,3.8808,10.3395,1.4080,1,1.877,1.905
1310,DATA_20260209_120000.BIN,3.8808,11.8545,1.3495,11.8545,1.3530,1,5.451,5.520
1311,DATA_20260209_120000.BIN,1.3495,7.0710,3.0516,7.0710,1.4190,1,2.097,2.098
1312,DATA_20260209_120000.BIN,3.0516,11.0075,3.3257,11.0075,1.5290,1,1.103,1.688
1313,DATA_20260209_120000.BIN,3.3257,8.1906,2.3623,8.1906,1.3090,1,3.314,3.372
1314,DATA_20260209_120000.BIN,2.3623,8.6262,2.7369,8.6262,1.4410,1,2.588,2.903
1315,DATA_20260209_120000.BIN,2.7369,7.0191,2.2059,7.0191,1.4300,1,4.496,4.601
1316,DATA_20260209_120000.BIN,2.2059,8.9186,2.8070,8.9186,1.4960,1,3.686,3.687
1317,DATA_20260209_120000.BIN,2.8070,7.5974,2.1511,7.5974,1.5840,1,3.135,4.095
1318,DATA_20260209_120000.BIN,2.1511,11.0908,3.2819,11.0908,1.4960,1,2.498,3.233
1319,DATA_20260209_120000.BIN,3.2819,8.2876,0.8370,8.2876,2.8600,1,2.590,3.708
1320,DATA_20260209_120000.BIN,0.8370,10.7010,4.1633,10.7010,1.4960,1,5.298,5.353
1321,DATA_20260209_120000.BIN,4.1633,9.0741,3.0549,9.0741,1.4410,1,4.939,4.958
1322,DATA_20260209_120000.BIN,3.0549,7.5955,2.7188,7.5955,1.4410,1,0.699,1.197
1323,DATA_20260209_120000.BIN,2.7188,7.8687,2.4863,7.8687,1.4630,1,0.699,1.152
1324,DATA_20260209_120000.BIN,2.4863,8.1407,2.5378,8.1407,1.5620,1,1.994,2.486
1325,DATA_20260209_120000.BIN,2.5378,9.9584,2.0253,9.9584,1.4630,1,2.727,2.884
1326,DATA_20260209_120000.BIN,3.5144,11.6134,1.4236,11.6134,2.8930,1,3.303,3.323
1327,DATA_20260209_120000.BIN,1.4236,9.8815,5.9084,9.8815,1.6170,1,3.414,3.551
1328,DATA_20260209_120000.BIN,5.9084,9.4089,2.5503,9.4089,1.3530,1,8.115,8.238
1329,DATA_20260209_120000.BIN,2.5503,10.8787,3.6602,10.8787,1.4520,1,2.984,3.226
1330,DATA_20260209_120000.BIN,4.1707,10.0621,2.5947,10.0621,3.0470,1,2.646,3.229
1331,DATA_20260209_120000.BIN,2.5947,10.7022,3.6315,10.7022,1.6280,1,3.321,3.468
1332,DATA_20260209_120000.BIN,3.5170,9.0665,3.3701,9.0665,1.5730,1,3.022,3.231
1333,DATA_20260209_120000.BIN,3.3701,9.6955,4.6993,9.6955,1.4080,1,3.544,3.871
1334,DATA_20260209_120000.BIN,4.6993,10.5024,3.3422,10.5024,1.4740,1,3.638,3.685
1335,DATA_20260209_120000.BIN,3.0704,7.9876,3.6071,7.9876,1.4300,1,2.892,3.150
1336,DATA_20260209_120000.BIN,3.6071,8.5897,5.0701,8.5897,1.4740,1,0.560,0.778
1337,DATA_20260209_120000.BIN,5.0701,8.9479,3.8127,8.9479,1.3530,1,3.839,3.843
1338,DATA_20260209_120000.BIN,3.8127,7.7371,1.6712,7.7371,1.3420,1,4.587,4.587
1339,DATA_20260209_120000.BIN,1.6712,11.1263,2.9297,11.1263,1.4850,1,5.294,5.532
1340,DATA_20260209_120000.BIN,2.9297,6.7064,2.8435,6.7064,1.4630,1,4.900,5.120
1341,DATA_20260209_120000.BIN,2.8435,9.1844,2.0604,9.1844,1.5290,1,2.288,2.610
1342,DATA_20260209_120000.BIN,2.0604,5.6453,2.1272,5.6453,1.3970,1,3.778,3.825
1343,DATA_20260209_120000.BIN,3.6266,10.1800,4.0559,10.1800,1.3860,1,2.228,2.336
1344,DATA_20260209_120000.BIN,4.0559,8.5137,3.1972,8.5137,1.4190,1,4.209,4.456
1345,DATA_20260209_120000.BIN,3.1972,12.0828,4.7790,12.0828,1.3860,1,1.526,2.043
1346,DATA_20260209_120000.BIN,4.7790,9.6391,4.7649,9.6391,2.7720,1,4.965,5.101
1347,DATA_20260209_120000.BIN,4.7649,11.7415,2.0654,11.7415,1.6720,1,6.400,6.701
1348,DATA_20260209_120000.BIN,2.0654,9.7655,1.7476,9.7655,1.3420,1,2.763,4.269
1349,DATA_20260209_120000.BIN,1.7476,9.2483,3.7890,9.2483,2.7720,1,1.875,5.180
1350,DATA_20260209_120000.BIN,2.7295,12.2309,3.6671,12.2309,1.7710,1,9.349,10.512
1351,DATA_20260209_120000.BIN,3.6671,11.9397,3.9748,11.9397,2.8490,1,3.994,4.169
1352,DATA_20260209_120000.BIN,3.9748,11.7591,3.5015,11.7591,1.3970,1,6.006,6.554
1353,DATA_20260209_120000.BIN,3.5015,8.3937,2.7441,8.3937,1.5510,1,1.431,1.583
1354,DATA_20260209_120000.BIN,2.7441,8.9496,3.6466,8.9496,1.3860,1,3.777,3.960
1355,DATA_20260209_120000.BIN,3.6466,10.9133,2.7725,10.9133,1.5400,1,1.943,2.356
1356,DATA_20260209_120000.BIN,2.7725,12.2086,5.0418,12.2086,1.3750,1,2.520,3.144
1357,DATA_20260209_120000.BIN,5.0418,7.9194,3.7465,7.9194,1.4300,1,5.793,5.855
1358,DATA_20260209_120000.BIN,3.7465,10.2874,3.7665,10.2874,1.4410,1,1.284,1.305
1359,DATA_20260209_120000.BIN,3.7665,12.8170,4.8167,12.8170,1.5840,1,1.235,1.774
1360,DATA_20260209_120000.BIN,4.8167,10.7475,3.7046,10.7475,1.4740,1,3.630,3.630
1361,DATA_20260209_120000.BIN,3.7046,9.3551,2.5252,9.3551,1.4300,1,3.334,3.405
1362,DATA_20260209_120000.BIN,2.5252,10.7292,4.4565,10.7292,1.5950,1,2.075,2.086
1363,DATA_20260209_120000.BIN,4.4565,10.0341,4.1599,10.0341,1.4300,1,4.173,4.375
1364,DATA_20260209_120000.BIN,4.1599,10.2599,3.9123,10.2599,1.4740,1,2.401,2.422
1365,DATA_20260209_120000.BIN,3.9123,11.1590,4.7643,11.1590,1.3860,1,0.810,1.558
1366,DATA_20260209_120000.BIN,4.7643,13.2248,6.4150,13.2248,1.4410,1,3.081,4.662
1367,DATA_20260209_120000.BIN,6.4150,9.8989,1.7563,9.8989,1.4080,1,5.114,5.824
1368,DATA_20260209_120000.BIN,2.8625,9.7431,2.5451,9.7431,1.5070,1,5.218,5.367
1369,DATA_20260209_120000.BIN,2.5451,8.0482,1.7072,8.0482,2.8490,1,7.969,7.990
1370,DATA_20260209_120000.BIN,1.7072,10.1060,2.6540,10.1060,3.3330,1,6.014,6.622
1371,DATA_20260209_120000.BIN,2.2231,8.6277,2.7044,8.6277,1.6170,1,5.132,5.372
1372,DATA_20260209_120000.BIN,2.2401,11.8676,5.5657,11.8676,1.5180,1,3.773,4.122
1373,DATA_20260209_120000.BIN,5.5657,13.2082,4.9792,13.2082,1.6500,1,3.310,3.578
1374,DATA_20260209_120000.BIN,4.9792,10.3034,5.4160,10.3034,1.7160,1,3.936,3.962
1375,DATA_20260209_120000.BIN,5.4160,10.8031,5.1323,10.8031,1.5070,1,10.599,10.606
1376,DATA_20260209_120000.BIN,5.1323,10.8411,4.5578,10.8411,1.7270,1,2.338,2.593
1377,DATA_20260209_120000.BIN,4.5578,9.2985,5.1275,9.2985,1.5290,1,5.686,6.264
1378,DATA_20260209_120000.BIN,5.1275,8.7066,4.2185,8.7066,1.5400,1,5.447,5.589
1379,DATA_20260209_120000.BIN,4.2185,7.8077,3.2946,7.8077,2.9700,1,2.470,2.642
1380,DATA_20260209_120000.BIN,3.2841,12.2491,6.5122,12.2491,1.5290,1,0.686,1.325
1381,DATA_20260209_120000.BIN,6.5122,9.9323,5.7841,9.9323,3.1680,1,6.631,6.668
1382,DATA_20260209_120000.BIN,5.7841,10.5896,5.6083,10.5896,1.7710,1,8.555,8.803
1383,DATA_20260209_120000.BIN,5.6083,15.4084,5.6937,15.4084,3.4980,1,0.573,3.034
1384,DATA_20260209_120000.BIN,5.6937,22.5498,18.8068,22.5498,5.2470,1,2.449,3.241
1385,DATA_20260209_120000.BIN,7.7279,13.7874,3.7467,13.7874,3.1020,1,1.986,4.930
1386,DATA_20260209_120000.BIN,3.7467,9.3966,5.4016,9.3966,1.7710,1,0.509,1.826
1387,DATA_20260209_120000.BIN,9.4176,22.3084,11.2796,22.3084,8.2720,1,8.220,9.157
1388,DATA_20260209_120000.BIN,11.2796,16.3975,4.8677,16.3975,6.9960,1,16.358,16.540
1389,DATA_20260209_120000.BIN,4.8677,10.5286,4.8374,10.5286,1.7380,1,10.406,10.674
1390,DATA_20260209_120000.BIN,4.8374,8.2146,4.1242,8.2146,1.6390,1,5.061,6.221
1391,DATA_20260209_120000.BIN,4.1242,8.4065,3.8225,8.4065,3.3440,1,8.062,8.101
1392,DATA_20260209_120000.BIN,3.8225,10.1061,4.8910,10.1061,1.4850,1,2.663,2.674
1393,DATA_20260209_120000.BIN,4.8910,8.2191,3.7263,8.2191,1.5400,1,2.159,2.874
1394,DATA_20260209_120000.BIN,3.7263,11.3608,5.7492,11.3608,1.6060,1,3.003,3.037
1395,DATA_20260209_120000.BIN,4.0700,7.1995,4.5995,7.1995,1.4960,1,2.716,3.000
1396,DATA_20260209_120000.BIN,4.5995,10.8161,5.6835,10.8161,1.8260,1,4.494,4.880
1397,DATA_20260209_120000.BIN,5.6835,21.1307,18.3873,21.1307,4.0700,1,2.516,2.516
1398,DATA_20260209_120000.BIN,4.6411,15.6561,4.4827,15.6561,3.2890,1,3.422,4.011
1399,DATA_20260209_120000.BIN,4.4827,9.3455,3.8469,9.3455,1.3200,1,3.739,3.802
1400,DATA_20260209_120000.BIN,3.8469,10.3035,5.5918,10.3035,1.5180,1,6.072,6.375
1401,DATA_20260209_120000.BIN,5.5918,9.6022,4.2708,9.6022,1.5290,1,3.224,3.560
1402,DATA_20260209_120000.BIN,4.2708,7.7966,3.4836,7.7966,1.5510,1,1.614,1.871
1403,DATA_20260209_120000.BIN,3.4836,7.3642,4.2842,7.3642,1.6170,1,2.201,2.229
1404,DATA_20260209_120000.BIN,4.2842,9.4200,6.1094,9.4200,2.0130,1,3.603,4.707
1405,DATA_20260209_120000.BIN,6.1094,8.8345,2.4417,8.8345,2.2330,1,2.446,2.758
1406,DATA_20260209_120000.BIN,2.4417,7.1676,3.8851,7.1676,1.6390,1,7.081,7.606
1407,DATA_20260209_120000.BIN,3.8851,9.5410,4.8792,9.5410,1.8480,1,2.849,2.938
1408,DATA_20260209_120000.BIN,4.8792,8.8925,3.5012,8.8925,1.3970,1,6.477,7.684
1409,DATA_20260209_120000.BIN,3.5012,8.2013,3.5072,8.2013,1.5180,1,4.054,5.181
1410,DATA_20260209_120000.BIN,3.5072,8.0030,2.4057,8.0030,1.6280,1,3.498,3.525
1411,DATA_20260209_120000.BIN,2.4057,7.4333,2.9238,7.4333,1.4740,1,2.053,2.549
1412,DATA_20260209_120000.BIN,2.9238,7.1140,1.7830,7.1140,1.7050,1,6.351,6.363
1413,DATA_20260209_120000.BIN,1.7830,8.7282,1.2605,8.7282,1.7270,1,5.544,5.653
1414,DATA_20260209_120000.BIN,1.2605,7.9808,2.2300,7.9808,1.6830,1,4.936,4.939
1415,DATA_20260209_120000.BIN,2.2300,10.3915,4.5606,10.3915,1.6280,1,1.571,1.587
1416,DATA_20260209_120000.BIN,4.5606,8.6821,2.8235,8.6821,1.7380,1,2.508,2.614
1417,DATA_20260209_120000.BIN,2.8235,8.5124,1.1319,8.5124,1.7710,1,2.939,3.396
1418,DATA_20260209_120000.BIN,1.1319,9.9432,0.8208,9.9432,1.7710,1,3.052,3.223
1419,DATA_20260209_120000.BIN,0.8208,9.5848,3.1551,9.5848,1.6940,1,4.190,4.208
1420,DATA_20260209_120000.BIN,3.1551,14.2075,1.1987,14.2075,2.4090,1,4.238,4.239
1421,DATA_20260209_120000.BIN,1.1987,9.3669,2.1545,9.3669,1.5510,1,3.975,5.707
1422,DATA_20260209_120000.BIN,2.1545,9.3365,3.6250,9.3365,1.5290,1,1.625,1.891
1423,DATA_20260209_120000.BIN,3.6250,9.5913,2.7375,9.5913,1.6170,1,3.755,3.756
1424,DATA_20260209_120000.BIN,2.7375,9.6925,1.8815,9.6925,1.7490,1,1.588,1.727
1425,DATA_20260209_120000.BIN,1.8815,11.5115,5.3386,11.5115,3.2010,1,3.226,4.965
1426,DATA_20260209_120000.BIN,5.3386,13.3257,7.5675,13.3257,1.6720,1,2.536,4.157
1427,DATA_20260209_120000.BIN,2.9173,10.3461,1.5119,10.3461,3.3330,1,0.816,0.834
1428,DATA_20260209_120000.BIN,1.5119,5.5035,1.3927,5.5035,1.6170,1,5.367,5.415
1429,DATA_20260209_120000.BIN,1.3927,6.4973,0.7775,6.4973,1.9030,1,4.232,4.397
1430,DATA_20260209_120000.BIN,0.7775,7.6054,3.1629,7.6054,2.9370,1,3.335,3.339
1431,DATA_20260209_120000.BIN,3.1629,8.1850,2.8714,8.1850,1.8700,1,5.139,6.498
1432,DATA_20260209_120000.BIN,2.8714,9.6194,3.5529,9.6194,2.1340,1,2.197,2.205
1433,DATA_20260209_120000.BIN,3.5529,11.6494,3.7323,11.6494,1.6830,1,6.856,6.950
1434,DATA_20260209_120000.BIN,3.7323,13.0291,3.8076,13.0291,1.7270,1,7.910,8.883
1435,DATA_20260209_120000.BIN,3.8076,12.1184,3.9598,12.1184,3.4650,1,7.646,7.861
1436,DATA_20260209_120000.BIN,3.9598,9.7859,2.2019,9.7859,1.9470,1,5.359,5.521
1437,DATA_20260209_120000.BIN,2.2019,7.5300,1.5908,7.5300,2.1010,1,1.256,1.507
1438,DATA_20260209_120000.BIN,1.5908,10.0330,3.0862,10.0330,2.2000,1,1.548,1.676
1439,DATA_20260209_120000.BIN,3.0862,22.1763,5.1370,22.1763,6.4680,1,1.665,1.731
1440,DATA_20260209_120000.BIN,2.6158,11.2650,5.6047,11.2650,1.5840,1,5.804,6.295
1441,DATA_20260209_120000.BIN,5.6047,10.5494,3.9003,10.5494,1.4850,1,7.318,7.321
1442,DATA_20260209_120000.BIN,3.9003,12.4049,3.6556,12.4049,1.6060,1,2.980,3.150
1443,DATA_20260209_120000.BIN,3.6556,8.5932,4.5880,8.5932,1.5400,1,3.645,3.650
1444,DATA_20260209_120000.BIN,4.5880,11.2909,5.1305,11.2909,6.6440,1,2.013,2.405
1445,DATA_20260209_120000.BIN,5.1305,10.7122,5.9810,10.7122,2.1890,1,7.399,7.419
1446,DATA_20260209_120000.BIN,5.9810,10.8615,3.2126,10.8615,2.1230,1,0.744,4.728
1447,DATA_20260209_120000.BIN,3.8586,18.5199,3.0881,18.5199,5.7530,1,4.934,4.942
1448,DATA_20260209_120000.BIN,3.0881,17.4634,9.4814,17.4634,2.0900,1,4.356,4.373
1449,DATA_20260209_120000.BIN,9.4814,17.8340,5.1368,17.8340,7.5460,1,12.014,12.183
1450,DATA_20260209_120000.BIN,5.1686,14.0568,2.8001,14.0568,9.0860,1,6.668,7.037
1451,DATA_20260209_120000.BIN,2.8001,11.2609,3.6810,11.2609,3.1680,1,7.599,9.204
1452,DATA_20260209_130000.BIN,2.1687,8.7300,2.1572,8.7300,1.6500,1,8.055,8.431
1453,DATA_20260209_130000.BIN,3.4947,9.9724,2.7170,9.9724,2.0790,1,6.010,8.796
1454,DATA_20260209_130000.BIN,2.7170,9.4274,0.6941,9.4274,1.4740,1,7.620,7.628
1455,DATA_20260209_130000.BIN,4.2233,16.0087,12.0419,16.0087,3.9270,1,5.369,8.920
1456,DATA_20260209_130000.BIN,12.0419,15.6769,1.5160,15.6769,2.5190,1,9.413,10.179
1457,DATA_20260209_130000.BIN,1.5160,8.8482,3.3290,8.8482,2.4640,1,4.502,4.523
1458,DATA_20260209_130000.BIN,3.3290,12.7868,4.5028,12.7868,1.6170,1,4.664,4.799
1459,DATA_20260209_130000.BIN,4.5028,11.8584,6.3038,11.8584,1.3640,1,1.499,1.506
1460,DATA_20260209_130000.BIN,6.3038,11.7735,3.1684,11.7735,1.3310,1,2.208,3.333
1461,DATA_20260209_130000.BIN,3.1684,10.4665,4.8231,10.4665,1.5620,1,2.776,2.895
1462,DATA_20260209_130000.BIN,4.8231,12.4692,4.0825,12.4692,1.6060,1,3.821,4.444
1463,DATA_20260209_130000.BIN,4.0825,15.3900,1.7317,15.3900,1.9690,1,2.775,4.348
1464,DATA_20260209_130000.BIN,1.7317,8.2731,2.7527,8.2731,1.9580,1,6.558,6.737
1465,DATA_20260209_130000.BIN,2.7849,8.8862,0.8296,8.8862,1.2650,1,1.045,1.081
1466,DATA_20260209_130000.BIN,2.4705,10.6055,3.0681,10.6055,2.2000,1,1.349,3.158
1467,DATA_20260209_130000.BIN,3.0681,12.5167,4.5814,12.5167,1.2870,1,1.496,2.466
1468,DATA_20260209_130000.BIN,4.5814,12.0553,1.2356,12.0553,1.3200,1,9.259,9.298
1469,DATA_20260209_130000.BIN,1.2356,9.8864,1.6053,9.8864,2.5080,1,2.203,2.274
1470,DATA_20260209_130000.BIN,1.6053,11.3606,2.7621,11.3606,1.7710,1,4.506,4.638
1471,DATA_20260209_130000.BIN,2.7621,9.4586,2.1844,9.4586,1.5510,1,0.907,1.804
1472,DATA_20260209_130000.BIN,2.1844,10.2973,4.7059,10.2973,1.4080,1,0.063,0.310
1473,DATA_20260209_130000.BIN,4.7059,11.9910,2.9664,11.9910,1.6830,1,3.357,3.595
1474,DATA_20260209_130000.BIN,2.9664,12.7577,0.9390,12.7577,1.5290,1,2.127,2.399
1475,DATA_20260209_130000.BIN,0.9390,10.9093,4.5699,10.9093,1.4960,1,1.962,2.851
1476,DATA_20260209_130000.BIN,4.1876,9.9696,1.5024,9.9696,3.8390,1,7.036,7.101
1477,DATA_20260209_130000.BIN,2.5466,11.9222,1.8358,11.9222,3.0690,1,4.572,5.239
1478,DATA_20260209_130000.BIN,1.8358,7.7611,2.0163,7.7611,1.7490,1,0.863,0.878
1479,DATA_20260209_130000.BIN,2.0163,8.0361,0.9568,8.0361,2.0240,1,3.286,3.658
1480,DATA_20260209_130000.BIN,0.9568,8.2813,1.2216,8.2813,1.9030,1,1.560,1.581
1481,DATA_20260209_130000.BIN,1.2216,7.3755,1.8969,7.3755,1.7270,1,2.687,3.141
1482,DATA_20260209_130000.BIN,1.8969,7.1360,1.6332,7.1360,1.7270,1,3.062,3.085
1483,DATA_20260209_130000.BIN,1.6332,15.0507,0.9339,15.0507,7.5460,1,2.254,2.287
1484,DATA_20260209_130000.BIN,0.9339,15.4945,1.8840,15.4945,2.6180,1,1.370,2.514
1485,DATA_20260209_130000.BIN,1.8840,7.7304,1.7702,7.7304,2.2550,1,1.866,1.902
1486,DATA_20260209_130000.BIN,1.7702,11.1175,1.9877,11.1175,2.0350,1,1.785,1.807
1487,DATA_20260209_130000.BIN,1.9877,17.4353,1.7465,17.4353,5.2910,1,2.443,2.505
1488,DATA_20260209_130000.BIN,1.7465,9.6232,2.9577,9.6232,5.1810,1,1.587,2.176
1489,DATA_20260209_130000.BIN,2.9577,8.4892,1.4528,8.4892,2.3650,1,2.949,3.176
1490,DATA_20260209_130000.BIN,4.7197,15.0310,0.9644,15.0310,5.4120,1,4.904,4.970
1491,DATA_20260209_130000.BIN,0.9644,9.6552,0.7004,9.6552,2.1890,1,2.153,3.096
1492,DATA_20260209_130000.BIN,0.7004,9.3829,2.8791,9.3829,2.8380,1,1.573,1.574
1493,DATA_20260209_130000.BIN,2.4587,8.5726,0.4621,8.5726,2.2220,1,2.885,3.336
1494,DATA_20260209_130000.BIN,0.4621,11.3174,1.4822,11.3174,3.3440,1,1.148,2.592
1495,DATA_20260209_130000.BIN,1.4822,10.5350,1.8934,10.5350,2.0350,1,1.070,2.756
1496,DATA_20260209_130000.BIN,1.8934,9.2281,1.1337,9.2281,1.9030,1,2.894,3.879
1497,DATA_20260209_130000.BIN,5.4053,14.5297,9.3015,14.5297,3.0140,1,7.665,9.294
1498,DATA_20260209_130000.BIN,9.3015,14.9623,2.6286,14.9623,3.2670,1,10.848,10.858
1499,DATA_20260209_130000.BIN,2.6286,9.4765,1.9057,9.4765,1.6390,1,3.959,3.990
1500,DATA_20260209_130000.BIN,1.9057,9.7275,1.3576,9.7275,2.0020,1,2.218,2.218
1501,DATA_20260209_130000.BIN,1.3576,9.1364,1.7071,9.1364,2.5630,1,1.454,1.455
1502,DATA_20260209_130000.BIN,1.7071,8.3717,2.0960,8.3717,1.9140,1,2.211,2.213
1503,DATA_20260209_130000.BIN,2.0960,8.8111,1.7110,8.8111,2.0020,1,2.866,3.045
1504,DATA_20260209_130000.BIN,1.7110,5.7244,1.4055,5.7244,2.1340,1,1.727,1.759
1505,DATA_20260209_130000.BIN,1.4055,8.3803,2.5467,8.3803,1.3640,1,1.441,2.018
1506,DATA_20260209_130000.BIN,2.5467,9.9719,1.7563,9.9719,2.7390,1,2.990,3.482
1507,DATA_20260209_130000.BIN,1.7563,10.1948,1.9404,10.1948,1.4740,1,1.907,1.908
1508,DATA_20260209_130000.BIN,1.9404,12.9672,6.3760,12.9672,5.1810,1,3.158,4.656
1509,DATA_20260209_130000.BIN,6.3760,16.3359,3.1468,16.3359,3.5860,1,7.184,8.486
1510,DATA_20260209_130000.BIN,3.1468,16.7912,6.3751,16.7912,1.4740,1,3.844,4.203
1511,DATA_20260209_130000.BIN,6.3751,12.1383,2.7982,12.1383,1.7270,1,8.801,12.664
1512,DATA_20260209_130000.BIN,2.7982,8.0171,1.5725,8.0171,2.8160,1,2.455,3.066
1513,DATA_20260209_130000.BIN,1.5725,8.2283,1.1206,8.2283,2.3760,1,2.269,2.383
1514,DATA_20260209_130000.BIN,1.1206,15.6162,1.4937,15.6162,5.7640,1,1.794,3.095
1515,DATA_20260209_130000.BIN,1.4937,12.6735,4.6871,12.6735,1.4520,1,2.528,5.204
1516,DATA_20260209_130000.BIN,4.6871,10.8491,2.9957,10.8491,1.6390,1,6.094,6.110
1517,DATA_20260209_130000.BIN,2.9957,9.8051,3.3174,9.8051,2.8710,1,2.972,3.016
1518,DATA_20260209_130000.BIN,6.0062,12.0793,2.2718,12.0793,3.1790,1,6.843,6.853
1519,DATA_20260209_130000.BIN,2.2718,9.0938,0.7655,9.0938,1.6170,1,1.691,1.711
1520,DATA_20260209_130000.BIN,0.7655,12.8954,4.5274,12.8954,1.6390,1,1.326,3.779
1521,DATA_20260209_130000.BIN,4.5274,11.1254,0.8023,11.1254,1.9800,1,4.215,4.215
1522,DATA_20260209_130000.BIN,0.8023,12.4969,3.7234,12.4969,1.9470,1,1.440,2.909
1523,DATA_20260209_130000.BIN,3.7234,10.5875,0.5988,10.5875,1.1330,1,3.289,3.854
1524,DATA_20260209_130000.BIN,0.5988,10.2674,1.9646,10.2674,1.9250,1,1.556,3.288
1525,DATA_20260209_130000.BIN,1.9646,14.4546,0.2529,14.4546,3.1020,1,0.676,0.715
1526,DATA_20260209_130000.BIN,0.2529,7.2485,2.3077,7.2485,2.3650,1,1.683,2.980
1527,DATA_20260209_130000.BIN,2.3077,15.8490,0.9895,15.8490,5.9510,1,1.581,4.190
1528,DATA_20260209_130000.BIN,0.9895,9.5682,3.0500,9.5682,2.1780,1,1.131,1.137
1529,DATA_20260209_130000.BIN,3.0500,7.9950,3.2912,7.9950,1.5290,1,3.168,3.355
1530,DATA_20260209_130000.BIN,3.2912,14.7941,0.3765,14.7941,4.8180,1,2.681,4.523
1531,DATA_20260209_130000.BIN,0.3765,13.4288,1.1491,13.4288,1.7490,1,1.416,1.678
1532,DATA_20260209_130000.BIN,1.1491,7.2605,1.8266,7.2605,1.9360,1,3.265,4.090
1533,DATA_20260209_130000.BIN,1.8266,9.3012,2.6302,9.3012,2.3870,1,2.993,4.970
1534,DATA_20260209_130000.BIN,2.6302,9.8182,1.6437,9.8182,1.3750,1,2.559,2.585
1535,DATA_20260209_130000.BIN,1.5458,8.9126,4.1640,8.9126,6.7870,1,2.814,2.819
1536,DATA_20260209_130000.BIN,4.1640,8.1061,0.9100,8.1061,1.9690,1,6.038,6.463
1537,DATA_20260209_130000.BIN,0.9100,8.9634,3.5498,8.9634,1.7160,1,1.056,2.036
1538,DATA_20260209_130000.BIN,3.5498,8.6161,4.0457,8.6161,2.1230,1,4.257,5.674
1539,DATA_20260209_130000.BIN,4.3731,17.3392,1.9192,17.3392,4.1910,1,5.294,5.439
1540,DATA_20260209_130000.BIN,1.9192,16.3735,0.9475,16.3735,8.6020,1,1.872,3.878
1541,DATA_20260209_130000.BIN,0.9475,9.7801,2.1040,9.7801,2.4310,1,1.021,1.565
1542,DATA_20260209_130000.BIN,2.1040,14.1406,1.4759,14.1406,2.3320,1,2.619,2.664
1543,DATA_20260209_130000.BIN,1.4759,14.9722,4.4031,14.9722,3.0250,1,1.764,2.550
1544,DATA_20260209_130000.BIN,4.4031,9.4679,1.2982,9.4679,2.2330,1,4.811,4.826
1545,DATA_20260209_130000.BIN,2.3152,10.8767,1.6862,10.8767,2.0680,1,3.144,7.298
1546,DATA_20260209_130000.BIN,1.6862,37.6263,4.3975,37.6263,7.8430,1,1.823,4.456
1547,DATA_20260209_130000.BIN,4.3975,12.0998,3.2767,12.0998,1.9360,1,6.001,6.407
1548,DATA_20260209_130000.BIN,3.2767,20.2075,4.8557,20.2075,7.2490,1,4.207,4.209
1549,DATA_20260209_130000.BIN,5.7948,15.8750,4.6897,15.8750,2.7720,1,6.845,6.873
1550,DATA_20260209_130000.BIN,4.6897,10.8610,5.2534,10.8610,1.4410,1,6.282,10.591
1551,DATA_20260209_130000.BIN,5.2534,13.6396,2.3482,13.6396,8.9320,1,7.335,8.185
1552,DATA_20260209_130000.BIN,2.3482,9.3767,1.6338,9.3767,2.1340,1,2.338,4.275
1553,DATA_20260209_130000.BIN,1.6338,8.5631,2.1712,8.5631,2.3650,1,2.899,7.274
1554,DATA_20260209_130000.BIN,2.1712,6.8464,0.8276,6.8464,2.2220,1,3.026,6.291
1555,DATA_20260209_130000.BIN,0.8276,7.6159,2.8189,7.6159,2.3320,1,1.265,2.986
1556,DATA_20260209_130000.BIN,2.8189,12.6513,2.5974,12.6513,6.1270,1,3.196,3.462
1557,DATA_20260209_130000.BIN,2.5974,12.1306,0.4106,12.1306,1.2760,1,3.345,3.390
1558,DATA_20260209_130000.BIN,0.4106,10.9214,1.0423,10.9214,1.0340,1,0.424,0.498
1559,DATA_20260209_130000.BIN,1.0423,13.1132,1.8497,13.1132,1.6940,1,1.165,1.188
1560,DATA_20260209_130000.BIN,1.8497,9.4583,1.8885,9.4583,2.2990,1,2.670,6.223
1561,DATA_20260209_130000.BIN,1.8885,9.1280,2.4411,9.1280,1.8480,1,2.442,5.209
1562,DATA_20260209_130000.BIN,2.4411,9.9619,4.2117,9.9619,1.9580,1,2.665,3.834
1563,DATA_20260209_130000.BIN,0.9748,7.0769,2.9540,7.0769,1.7930,1,0.872,2.718
1564,DATA_20260209_130000.BIN,2.9540,8.3764,2.0958,8.3764,1.8920,1,4.521,7.283
1565,DATA_20260209_130000.BIN,2.0958,12.7751,0.1624,12.7751,2.8710,1,2.830,5.942
1566,DATA_20260209_130000.BIN,0.1624,7.3040,2.5283,7.3040,2.6620,1,1.119,5.239
1567,DATA_20260209_130000.BIN,2.3645,8.9202,3.2680,8.9202,1.6500,1,2.437,2.572
1568,DATA_20260209_130000.BIN,3.2680,9.0969,2.5619,9.0969,1.5950,1,3.712,3.944
1569,DATA_20260209_130000.BIN,2.5619,11.8458,2.6795,11.8458,1.5510,1,2.074,2.320
1570,DATA_20260209_130000.BIN,2.6795,7.4909,1.9116,7.4909,2.0240,1,3.770,4.110
1571,DATA_20260209_130000.BIN,1.9116,9.8411,2.0542,9.8411,1.6170,1,2.741,7.074
1572,DATA_20260209_130000.BIN,2.5347,7.5201,2.8409,7.5201,2.6290,1,3.079,4.842
1573,DATA_20260209_130000.BIN,0.5926,9.2698,1.0379,9.2698,2.7280,1,0.722,4.404
1574,DATA_20260209_130000.BIN,1.0379,6.7510,0.3789,6.7510,1.1330,1,1.248,1.301
1575,DATA_20260209_130000.BIN,2.5906,9.9561,3.4051,9.9561,2.3100,1,2.867,5.616
1576,DATA_20260209_130000.BIN,3.4051,14.3540,4.6347,14.3540,9.9660,1,3.826,4.044
1577,DATA_20260209_130000.BIN,4.6347,12.8958,5.6917,12.8958,1.9690,1,4.426,4.680
1578,DATA_20260209_130000.BIN,0.4723,10.0755,4.6314,10.0755,1.9360,1,1.264,2.607
1579,DATA_20260209_130000.BIN,4.6314,10.3725,0.7455,10.3725,1.3200,1,4.312,4.604
1580,DATA_20260209_130000.BIN,0.7455,8.8810,0.8343,8.8810,1.9580,1,0.615,3.034
1581,DATA_20260209_130000.BIN,0.8343,11.9682,1.7585,11.9682,1.9800,1,2.679,4.084
1582,DATA_20260209_130000.BIN,1.7585,18.1381,11.2695,18.1381,4.2020,1,2.613,3.119
1583,DATA_20260209_130000.BIN,1.2449,8.1115,2.0078,8.1115,3.3990,1,2.320,3.572
1584,DATA_20260209_130000.BIN,2.0078,9.7995,0.9670,9.7995,1.6940,1,2.950,5.599
1585,DATA_20260209_130000.BIN,0.9670,9.7766,3.5577,9.7766,1.8920,1,1.197,3.053
1586,DATA_20260209_130000.BIN,4.1777,10.8762,2.6770,10.8762,3.0360,1,4.609,4.728
1587,DATA_20260209_130000.BIN,2.6770,14.2188,1.1117,14.2188,7.9420,1,2.486,4.575
1588,DATA_20260209_130000.BIN,1.1117,8.7973,3.2901,8.7973,3.8720,1,1.099,7.333
1589,DATA_20260209_130000.BIN,3.2901,7.2053,1.4454,7.2053,2.0460,1,4.535,4.703
1590,DATA_20260209_130000.BIN,1.4454,40.3760,4.1293,40.3760,8.5250,1,2.447,2.700
1591,DATA_20260209_130000.BIN,4.1293,15.9101,0.5513,15.9101,6.3690,1,5.174,5.197
1592,DATA_20260209_130000.BIN,0.5513,13.4963,3.4145,13.4963,1.8370,1,0.053,0.629
1593,DATA_20260209_130000.BIN,3.4145,10.4838,1.4888,10.4838,2.5410,1,4.074,6.550
1594,DATA_20260209_130000.BIN,1.4888,8.8798,0.5900,8.8798,1.8700,1,1.545,3.096
1595,DATA_20260209_130000.BIN,0.5900,12.2382,1.0868,12.2382,4.3120,1,0.902,1.266
1596,DATA_20260209_130000.BIN,3.4735,8.1990,1.7602,8.1990,2.1230,1,3.624,3.665
1597,DATA_20260209_130000.BIN,1.7602,7.2654,2.4621,7.2654,3.8610,1,3.152,3.247
1598,DATA_20260209_130000.BIN,2.4621,10.8344,2.2828,10.8344,1.5070,1,3.796,6.552
1599,DATA_20260209_130000.BIN,2.2828,11.9457,2.0651,11.9457,5.9510,1,1.588,4.703
1600,DATA_20260209_130000.BIN,2.0651,9.4230,3.2038,9.4230,1.6830,1,3.373,6.775
1601,DATA_20260209_130000.BIN,3.2038,9.8603,1.6391,9.8603,1.6610,1,3.242,3.410
1602,DATA_20260209_130000.BIN,1.6391,10.3910,0.7445,10.3910,2.0130,1,1.897,4.544
1603,DATA_20260209_130000.BIN,0.7445,8.3397,1.8588,8.3397,2.0900,1,0.730,2.673
1604,DATA_20260209_130000.BIN,1.8588,11.2810,5.7704,11.2810,1.7050,1,1.968,4.383
1605,DATA_20260209_130000.BIN,5.7704,11.1714,2.7554,11.1714,2.0130,1,7.816,8.135
1606,DATA_20260209_130000.BIN,2.7554,10.5560,4.6500,10.5560,2.1450,1,2.867,6.370
1607,DATA_20260209_130000.BIN,4.6500,7.9861,4.5335,7.9861,1.7050,1,5.958,9.365
1608,DATA_20260209_130000.BIN,4.5335,9.5522,2.8652,9.5522,2.0460,1,5.458,5.465
1609,DATA_20260209_130000.BIN,2.8652,9.9548,0.9665,9.9548,2.9150,1,3.929,5.440
1610,DATA_20260209_130000.BIN,0.9665,9.8186,1.8749,9.8186,1.9140,1,0.881,2.035
1611,DATA_20260209_130000.BIN,1.8749,10.9263,5.4992,10.9263,3.0250,1,2.160,3.208
1612,DATA_20260209_130000.BIN,1.8636,8.7352,4.5004,8.7352,2.6290,1,2.408,2.710
1613,DATA_20260209_130000.BIN,4.5004,8.5188,1.6601,8.5188,2.3870,1,5.701,6.918
1614,DATA_20260209_130000.BIN,2.0408,7.1888,1.1387,7.1888,1.6060,1,2.100,2.461
1615,DATA_20260209_130000.BIN,1.4604,9.5939,3.2218,9.5939,2.1670,1,2.684,6.310
1616,DATA_20260209_130000.BIN,2.6971,8.6796,1.7074,8.6796,3.1680,1,3.184,3.668
1617,DATA_20260209_130000.BIN,1.7074,9.1278,3.0842,9.1278,2.1670,1,2.230,3.555
1618,DATA_20260209_130000.BIN,1.4559,8.3724,2.1194,8.3724,3.0800,1,2.093,2.309
1619,DATA_20260209_130000.BIN,1.9814,12.2055,3.9181,12.2055,2.1120,1,2.322,3.853
1620,DATA_20260209_130000.BIN,3.9181,10.5474,3.8454,10.5474,2.1340,1,4.271,4.345
1621,DATA_20260209_130000.BIN,3.8454,43.8916,15.4846,43.8916,5.1260,1,3.833,4.031
1622,DATA_20260209_130000.BIN,22.5629,44.0710,20.7830,44.0710,4.6750,1,27.307,27.634
1623,DATA_20260209_130000.BIN,20.7830,40.1132,3.9910,40.1132,5.3020,1,21.546,22.666
1624,DATA_20260209_130000.BIN,3.9910,44.0712,39.4034,44.0712,2.9260,1,7.240,11.340
1625,DATA_20260209_130000.BIN,39.4034,43.7514,30.4576,43.7514,2.1230,1,109.873,117.367
1626,DATA_20260209_130000.BIN,30.4576,44.1583,40.3426,44.1583,3.0800,1,24.662,25.095
1627,DATA_20260209_130000.BIN,27.9548,44.0382,3.4764,44.0382,4.4220,1,17.920,17.920
1628,DATA_20260209_130000.BIN,3.4764,17.7551,10.5314,17.7551,2.3430,1,22.420,23.532
1629,DATA_20260209_130000.BIN,10.5314,17.3262,8.0736,17.3262,1.0450,1,6.455,7.498
1630,DATA_20260209_130000.BIN,8.0736,43.8514,24.3131,43.8514,4.3120,1,13.984,14.158
1631,DATA_20260209_130000.BIN,39.4334,44.3531,37.7564,44.3531,6.6440,1,112.127,121.628
1632,DATA_20260209_130000.BIN,31.5877,44.0285,18.6873,44.0285,2.2330,1,100.410,104.017
1633,DATA_20260209_130000.BIN,18.6873,44.0006,33.5187,44.0006,3.3330,1,42.373,46.307
1634,DATA_20260209_130000.BIN,33.5187,44.0334,29.9307,44.0334,1.4520,1,19.605,19.621
1635,DATA_20260209_130000.BIN,29.9307,43.9305,36.6132,43.9305,1.2540,1,94.982,97.793
1636,DATA_20260209_130000.BIN,36.6132,44.0175,36.6774,44.0175,2.2330,1,10.533,12.628
1637,DATA_20260209_130000.BIN,36.6774,44.0555,33.7137,44.0555,1.3200,1,12.872,12.916
1638,DATA_20260209_130000.BIN,36.7108,44.0273,38.9279,44.0273,1.4850,1,11.488,12.791
1639,DATA_20260209_130000.BIN,38.9279,44.1327,28.4265,44.1327,2.3760,1,64.415,65.819
1640,DATA_20260209_130000.BIN,28.4265,44.1638,2.3993,44.1638,2.7390,1,18.362,18.532
1641,DATA_20260209_130000.BIN,2.3993,34.4572,30.6852,34.4572,3.3440,1,114.244,114.274
1642,DATA_20260209_130000.BIN,30.6852,43.9647,32.8049,43.9647,2.1890,1,76.024,76.201
1643,DATA_20260209_130000.BIN,32.8049,44.0775,38.8153,44.0775,2.8600,1,27.318,27.454
1644,DATA_20260209_130000.BIN,38.8153,44.1252,26.2007,44.1252,4.2790,1,60.152,60.354
1645,DATA_20260209_130000.BIN,26.2007,43.9371,38.2489,43.9371,1.6500,1,40.271,40.507
1646,DATA_20260209_130000.BIN,38.2489,44.0181,35.0736,44.0181,2.7720,1,63.059,63.328
1647,DATA_20260209_130000.BIN,35.0736,39.5654,32.2367,39.5654,4.4440,1,59.222,59.855
1648,DATA_20260209_130000.BIN,32.2367,42.4283,32.0178,42.4283,5.0050,1,50.022,50.367
1649,DATA_20260209_130000.BIN,32.0178,44.0021,22.4939,44.0021,4.2900,1,49.550,50.482
1650,DATA_20260209_130000.BIN,22.4939,44.5753,3.0527,44.5753,3.0360,1,60.983,61.775
1651,DATA_20260209_130000.BIN,3.0527,44.2788,2.3094,44.2788,6.8420,1,78.356,81.836
1652,DATA_20260209_130000.BIN,2.3094,20.7548,1.1311,20.7548,8.2390,1,75.467,78.425
1653,DATA_20260209_130000.BIN,14.7776,42.1653,14.6538,42.1653,5.2360,1,48.184,48.477
1654,DATA_20260209_130000.BIN,35.5337,44.0423,34.8702,44.0423,2.6730,1,57.155,58.751
1655,DATA_20260209_130000.BIN,34.8702,44.2783,37.2157,44.2783,1.5290,1,21.223,22.296
1656,DATA_20260209_130000.BIN,37.2157,44.0431,24.2824,44.0431,2.0240,1,60.034,60.472
1657,DATA_20260209_130000.BIN,24.2824,43.3010,38.2565,43.3010,1.6390,1,39.163,39.265
1658,DATA_20260209_130000.BIN,38.2565,44.0219,2.9099,44.0219,6.4130,1,45.736,48.372
1659,DATA_20260209_130000.BIN,35.8393,43.9203,33.6953,43.9203,2.4750,1,49.294,52.154
1660,DATA_20260209_130000.BIN,33.6953,43.8713,29.1523,43.8713,1.7710,1,33.784,33.793
1661,DATA_20260209_130000.BIN,29.1523,43.8197,5.0024,43.8197,2.1890,1,58.669,61.009
1662,DATA_20260209_130000.BIN,5.0024,44.2695,8.3182,44.2695,5.7530,1,73.378,75.303
1663,DATA_20260209_130000.BIN,1.6778,44.0529,29.1496,44.0529,4.6090,1,70.341,71.329
1664,DATA_20260209_130000.BIN,29.1496,33.2017,4.0308,33.2017,3.0800,1,38.139,38.168
1665,DATA_20260209_130000.BIN,4.0308,44.0685,22.1094,44.0685,6.2810,1,59.062,60.995
1666,DATA_20260209_130000.BIN,22.1094,44.6865,18.0869,44.6865,2.6620,1,27.114,27.311
1667,DATA_20260209_130000.BIN,18.0869,43.5688,6.2676,43.5688,4.0700,1,30.715,31.693
1668,DATA_20260209_130000.BIN,10.1603,19.5177,13.6863,19.5177,2.6620,1,52.193,53.471
1669,DATA_20260209_130000.BIN,4.1272,10.1003,1.3219,10.1003,1.2650,1,44.225,44.824
1670,DATA_20260209_130000.BIN,1.3219,17.9437,6.0733,17.9437,3.0470,1,40.827,41.152
1671,DATA_20260209_130000.BIN,6.0733,15.4903,6.1462,15.4903,1.4630,1,28.000,28.060
1672,DATA_20260209_130000.BIN,5.0786,13.8631,3.6359,13.8631,1.1990,1,27.316,27.347
1673,DATA_20260209_130000.BIN,3.6359,11.2482,3.5532,11.2482,2.8160,1,25.789,25.985
1674,DATA_20260209_130000.BIN,3.5532,8.3723,4.1084,8.3723,1.4080,1,22.954,23.030
1675,DATA_20260209_130000.BIN,0.4017,10.2907,1.9217,10.2907,1.6940,1,25.249,25.644
1676,DATA_20260209_130000.BIN,1.9217,10.0887,4.1591,10.0887,4.0150,1,24.108,25.004
1677,DATA_20260209_130000.BIN,4.1591,11.0491,2.8119,11.0491,1.5840,1,14.992,15.001
1678,DATA_20260209_130000.BIN,6.9482,19.3799,9.4158,19.3799,3.0690,1,10.345,10.352
1679,DATA_20260209_130000.BIN,9.4158,15.4416,4.9119,15.4416,1.4300,1,6.173,6.437
1680,DATA_20260209_130000.BIN,4.9119,11.4631,1.1187,11.4631,1.3090,1,12.107,12.143
1681,DATA_20260209_130000.BIN,1.1187,10.9172,4.0396,10.9172,1.6500,1,14.411,14.473
1682,DATA_20260209_130000.BIN,4.0396,9.7274,2.1912,9.7274,1.6500,1,9.901,9.901
1683,DATA_20260209_130000.BIN,2.1912,10.1427,0.5549,10.1427,1.6720,1,15.643,15.981
1684,DATA_20260209_130000.BIN,0.5549,7.0444,2.8981,7.0444,1.9140,1,11.105,11.481
1685,DATA_20260209_130000.BIN,0.1811,7.7126,1.0863,7.7126,2.1340,1,10.538,10.575
1686,DATA_20260209_130000.BIN,2.1973,12.8276,1.7823,12.8276,3.8170,1,12.288,13.510
1687,DATA_20260209_130000.BIN,1.7823,16.6999,0.4860,16.6999,4.0260,1,6.137,6.263
1688,DATA_20260209_130000.BIN,0.4860,18.4657,6.8582,18.4657,3.9490,1,7.822,7.851
1689,DATA_20260209_130000.BIN,6.8582,37.2633,3.3470,37.2633,7.8430,1,1.574,1.620
1690,DATA_20260209_130000.BIN,3.3470,11.6162,2.6300,11.6162,1.3640,1,5.335,5.582
1691,DATA_20260209_130000.BIN,2.6300,8.9922,4.2787,8.9922,3.4100,1,8.872,8.931
1692,DATA_20260209_130000.BIN,1.5000,8.9326,3.0584,8.9326,3.4320,1,7.245,7.407
1693,DATA_20260209_130000.BIN,3.0584,12.1046,2.3084,12.1046,1.2100,1,6.812,6.812
1694,DATA_20260209_130000.BIN,2.3084,10.9584,3.2169,10.9584,1.9580,1,1.730,1.734
1695,DATA_20260209_130000.BIN,5.3773,15.6299,0.9713,15.6299,3.4100,1,6.313,9.839
1696,DATA_20260209_130000.BIN,0.9713,14.1999,7.9042,14.1999,3.4980,1,5.040,5.395
1697,DATA_20260209_130000.BIN,7.9042,18.5135,1.9694,18.5135,3.9600,1,11.675,11.939
1698,DATA_20260209_130000.BIN,1.9694,12.2204,1.3849,12.2204,2.8600,1,4.631,4.706
1699,DATA_20260209_130000.BIN,1.3076,10.9937,1.2830,10.9937,2.4420,1,4.239,4.942
1700,DATA_20260209_130000.BIN,1.2830,13.1719,8.6503,13.1719,2.2770,1,2.636,3.308
1701,DATA_20260209_130000.BIN,8.6503,11.5749,1.6380,11.5749,4.8730,1,11.384,12.012
1702,DATA_20260209_130000.BIN,1.6380,9.9157,3.8247,9.9157,1.4740,1,2.790,3.059
1703,DATA_20260209_130000.BIN,3.8247,9.2160,1.6078,9.2160,1.2320,1,4.334,4.365
1704,DATA_20260209_130000.BIN,2.6750,10.5550,1.1281,10.5550,2.4420,1,2.868,3.002
1705,DATA_20260209_130000.BIN,1.1281,13.8262,1.5243,13.8262,3.6080,1,0.344,0.745
1706,DATA_20260209_130000.BIN,1.5243,8.9563,2.3965,8.9563,1.5730,1,2.301,2.347
1707,DATA_20260209_130000.BIN,2.1620,8.8463,1.2877,8.8463,2.6730,1,2.372,4.455
1708,DATA_20260209_130000.BIN,1.2877,8.9840,4.2139,8.9840,1.3640,1,0.262,1.529
1709,DATA_20260209_130000.BIN,4.2139,16.6517,2.7569,16.6517,4.9170,1,4.051,4.054
1710,DATA_20260209_130000.BIN,2.7569,11.2089,3.2916,11.2089,3.0030,1,3.793,5.063
1711,DATA_20260209_130000.BIN,3.2916,9.6288,2.1883,9.6288,1.2980,1,5.141,6.173
1712,DATA_20260209_130000.BIN,2.1883,7.9616,1.3661,7.9616,3.3330,1,1.788,2.307
1713,DATA_20260209_130000.BIN,1.3661,10.8879,2.4279,10.8879,3.1790,1,1.509,1.879
1714,DATA_20260209_130000.BIN,2.8421,10.2189,2.9441,10.2189,6.6440,1,2.437,2.798
1715,DATA_20260209_130000.BIN,2.9441,11.7146,0.4774,11.7146,2.8600,1,5.092,6.119
1716,DATA_20260209_130000.BIN,0.4774,17.8231,0.9654,17.8231,5.1150,1,0.444,0.470
1717,DATA_20260209_130000.BIN,0.9654,9.2640,0.9596,9.2640,1.8480,1,1.606,2.205
1718,DATA_20260209_130000.BIN,0.9596,6.3342,1.4210,6.3342,1.8040,1,1.313,2.545
1719,DATA_20260209_130000.BIN,1.4210,7.8105,1.6860,7.8105,2.0900,1,1.482,1.484
1720,DATA_20260209_130000.BIN,1.6860,7.8967,2.0702,7.8967,1.9910,1,1.881,1.892
1721,DATA_20260209_130000.BIN,2.0702,8.3307,2.6925,8.3307,1.4520,1,1.777,1.798
1722,DATA_20260209_130000.BIN,2.6925,13.9489,3.6604,13.9489,7.0510,1,2.758,3.667
1723,DATA_20260209_130000.BIN,3.6604,7.5695,3.0605,7.5695,1.5730,1,5.571,7.504
1724,DATA_20260209_130000.BIN,2.2882,10.7862,1.0332,10.7862,2.5190,1,2.867,3.157
1725,DATA_20260209_130000.BIN,1.0332,7.9627,1.4978,7.9627,1.8480,1,0.875,1.172
1726,DATA_20260209_130000.BIN,1.4978,8.9815,1.4113,8.9815,1.8150,1,1.449,1.466
1727,DATA_20260209_130000.BIN,1.4113,8.5277,3.4888,8.5277,2.0460,1,0.968,0.969
1728,DATA_20260209_130000.BIN,3.4888,9.3700,1.9778,9.3700,1.1660,1,3.739,4.534
1729,DATA_20260209_130000.BIN,1.9778,11.9468,3.1502,11.9468,7.1720,1,1.666,3.680
1730,DATA_20260209_130000.BIN,3.1502,6.7031,2.2533,6.7031,1.4630,1,5.530,8.448
1731,DATA_20260209_130000.BIN,3.7539,9.3256,3.3567,9.3256,2.1340,1,3.542,3.659
1732,DATA_20260209_130000.BIN,3.3567,14.3361,7.5985,14.3361,8.8770,1,3.485,3.489
1733,DATA_20260209_130000.BIN,7.5985,10.8921,2.5037,10.8921,3.9930,1,9.678,9.687
1734,DATA_20260209_130000.BIN,2.5037,9.3831,1.9833,9.3831,3.4100,1,2.598,2.765
1735,DATA_20260209_130000.BIN,2.4972,10.9858,0.7273,10.9858,4.7520,1,4.229,6.052
1736,DATA_20260209_130000.BIN,0.7273,7.0485,2.0857,7.0485,2.4750,1,1.030,1.301
1737,DATA_20260209_130000.BIN,2.0857,8.9329,1.8146,8.9329,3.0690,1,2.452,2.885
1738,DATA_20260209_130000.BIN,1.8146,10.3999,2.9557,10.3999,4.5760,1,1.696,1.699
1739,DATA_20260209_130000.BIN,2.9557,8.4671,2.4917,8.4671,2.2440,1,2.936,3.158
1740,DATA_20260209_130000.BIN,2.4917,9.9639,3.4218,9.9639,1.4080,1,2.850,3.907
1741,DATA_20260209_130000.BIN,4.3105,10.6533,4.7993,10.6533,2.3980,1,4.767,5.633
1742,DATA_20260209_130000.BIN,4.7993,13.9811,3.7496,13.9811,2.1120,1,4.708,5.666
1743,DATA_20260209_130000.BIN,3.7496,11.5084,3.1701,11.5084,2.4090,1,5.353,6.460
1744,DATA_20260209_130000.BIN,3.1701,14.2070,5.1364,14.2070,7.8100,1,2.560,3.718
1745,DATA_20260209_130000.BIN,5.1364,18.3244,9.0355,18.3244,3.1570,1,3.493,7.881
1746,DATA_20260209_130000.BIN,9.0355,15.2146,5.1349,15.2146,1.7600,1,9.772,10.348
1747,DATA_20260209_130000.BIN,5.1349,11.1841,2.9595,11.1841,3.0360,1,9.271,10.942
1748,DATA_20260209_130000.BIN,2.9595,9.0340,1.5046,9.0340,2.6180,1,3.456,3.896
1749,DATA_20260209_130000.BIN,1.5046,9.1651,2.8851,9.1651,1.5400,1,1.785,2.007
1750,DATA_20260209_130000.BIN,2.8851,8.7872,3.1566,8.7872,2.8050,1,3.508,3.523
1751,DATA_20260209_130000.BIN,3.1566,10.9947,3.3067,10.9947,1.6720,1,5.312,5.358
1752,DATA_20260209_130000.BIN,3.3067,11.6912,5.5118,11.6912,2.3980,1,3.910,5.932
1753,DATA_20260209_130000.BIN,5.5118,12.6387,3.1723,12.6387,3.4540,1,5.751,6.375
1754,DATA_20260209_130000.BIN,4.0367,10.5354,4.3513,10.5354,2.0790,1,3.611,4.499
1755,DATA_20260209_130000.BIN,3.0552,8.0913,2.6500,8.0913,1.9250,1,4.192,4.444
1756,DATA_20260209_130000.BIN,2.6500,8.2254,2.3787,8.2254,2.4970,1,4.720,4.810
1757,DATA_20260209_130000.BIN,2.3787,10.8295,2.3111,10.8295,3.4540,1,1.948,2.157
1758,DATA_20260209_130000.BIN,2.3111,6.2547,2.0749,6.2547,1.8150,1,3.247,4.386
1759,DATA_20260209_130000.BIN,2.0685,8.2717,2.2008,8.2717,1.6830,1,3.405,7.794
1760,DATA_20260209_130000.BIN,2.2008,11.4515,0.6410,11.4515,1.8040,1,2.832,3.693
1761,DATA_20260209_130000.BIN,0.6410,27.7331,16.1944,27.7331,4.3450,1,0.891,2.009
1762,DATA_20260209_130000.BIN,16.1944,21.0714,2.7416,21.0714,3.8610,1,17.906,17.907
1763,DATA_20260209_130000.BIN,2.7416,8.3633,3.3089,8.3633,1.1110,1,3.231,3.259
1764,DATA_20260209_130000.BIN,1.8327,9.8588,1.3624,9.8588,1.8810,1,3.613,3.673
1765,DATA_20260209_130000.BIN,1.3624,16.7732,3.3813,16.7732,3.9600,1,1.073,7.667
1766,DATA_20260209_130000.BIN,3.3813,11.8251,1.9576,11.8251,2.9700,1,2.674,3.613
1767,DATA_20260209_130000.BIN,1.9576,7.3772,2.2515,7.3772,1.9800,1,3.012,4.122
1768,DATA_20260209_130000.BIN,0.4839,7.9916,1.2281,7.9916,2.9040,1,1.771,1.962
1769,DATA_20260209_130000.BIN,1.2281,6.9131,2.5650,6.9131,1.9140,1,3.430,3.927
1770,DATA_20260209_130000.BIN,2.5650,8.5861,3.1185,8.5861,2.7170,1,3.401,3.644
1771,DATA_20260209_130000.BIN,3.1185,9.4842,2.5556,9.4842,1.4850,1,4.024,6.102
1772,DATA_20260209_130000.BIN,3.8519,10.6262,1.0259,10.6262,2.5740,1,4.689,9.188
1773,DATA_20260209_130000.BIN,1.0259,10.6550,1.4877,10.6550,3.6630,1,1.063,1.582
1774,DATA_20260209_130000.BIN,1.4877,11.3146,0.8607,11.3146,1.9800,1,0.545,1.790
1775,DATA_20260209_130000.BIN,0.8607,10.7072,4.9721,10.7072,4.2790,1,0.187,3.120
1776,DATA_20260209_130000.BIN,4.9721,9.8179,2.3258,9.8179,3.8830,1,5.194,6.335
1777,DATA_20260209_130000.BIN,2.3258,9.5662,2.6756,9.5662,3.2890,1,1.444,3.759
1778,DATA_20260209_130000.BIN,2.6756,9.5728,2.2101,9.5728,1.8700,1,3.355,3.678
1779,DATA_20260209_130000.BIN,2.2101,10.1895,2.3804,10.1895,3.5640,1,1.532,1.578
1780,DATA_20260209_130000.BIN,2.3804,13.1319,3.1400,13.1319,5.8630,1,3.928,5.105
1781,DATA_20260209_130000.BIN,3.1400,24.2803,18.5342,24.2803,4.1910,1,2.133,3.269
1782,DATA_20260209_130000.BIN,18.5342,24.1855,1.7710,24.1855,4.1910,1,23.407,25.654
1783,DATA_20260209_130000.BIN,1.7710,12.2985,1.9963,12.2985,7.0950,1,1.073,3.723
1784,DATA_20260209_130000.BIN,1.9963,13.7548,4.4610,13.7548,2.5850,1,1.516,2.089
1785,DATA_20260209_130000.BIN,4.4610,11.6741,3.5554,11.6741,1.1220,1,7.525,8.609
1786,DATA_20260209_130000.BIN,3.5554,18.8127,0.7708,18.8127,2.5520,1,3.532,4.932
1787,DATA_20260209_130000.BIN,0.7708,9.7404,3.8428,9.7404,2.1450,1,1.767,2.420
1788,DATA_20260209_130000.BIN,3.8428,7.0209,0.4974,7.0209,1.4630,1,4.877,4.893
1789,DATA_20260209_130000.BIN,0.4974,9.2083,1.0126,9.2083,2.7610,1,1.602,6.271
1790,DATA_20260209_130000.BIN,1.5251,8.2634,1.9691,8.2634,1.1440,1,0.476,1.070
1791,DATA_20260209_130000.BIN,1.9691,8.5243,2.6858,8.5243,1.5950,1,1.088,1.170
1792,DATA_20260209_130000.BIN,0.0921,10.6528,5.3073,10.6528,2.1560,1,1.146,2.208
1793,DATA_20260209_130000.BIN,2.5979,11.1078,3.0994,11.1078,3.3000,1,2.262,2.434
1794,DATA_20260209_130000.BIN,3.0994,10.7144,2.9444,10.7144,1.5070,1,2.984,3.381
1795,DATA_20260209_130000.BIN,2.9444,9.8971,2.3635,9.8971,1.3750,1,2.877,2.974
1796,DATA_20260209_130000.BIN,2.3635,7.2823,1.8549,7.2823,3.2120,1,1.706,3.044
1797,DATA_20260209_130000.BIN,1.8549,10.6242,1.7052,10.6242,1.4740,1,1.294,2.309
1798,DATA_20260209_130000.BIN,1.7052,9.9847,3.2334,9.9847,1.9250,1,1.517,2.690
1799,DATA_20260209_130000.BIN,1.5613,7.5796,2.3682,7.5796,1.3530,1,1.583,3.127
1800,DATA_20260209_130000.BIN,2.3682,8.4399,2.7970,8.4399,1.3750,1,1.182,1.189
1801,DATA_20260209_130000.BIN,2.7970,17.3875,3.3556,17.3875,1.6280,1,2.349,2.776
1802,DATA_20260209_130000.BIN,3.3556,8.5663,1.5980,8.5663,1.7820,1,3.444,3.495
1803,DATA_20260209_130000.BIN,1.5980,9.1481,1.9546,9.1481,2.8820,1,3.372,3.380
1804,DATA_20260209_130000.BIN,1.9546,6.8782,2.2793,6.8782,1.7050,1,1.057,2.979
1805,DATA_20260209_130000.BIN,2.2793,8.8102,2.3553,8.8102,3.6080,1,3.472,3.652
1806,DATA_20260209_130000.BIN,2.3553,9.0268,2.3752,9.0268,4.1030,1,1.538,1.543
1807,DATA_20260209_130000.BIN,2.3752,9.6693,0.2819,9.6693,3.1460,1,4.692,6.422
1808,DATA_20260209_130000.BIN,0.2819,13.1637,2.6383,13.1637,3.5090,1,1.238,1.373
1809,DATA_20260209_130000.BIN,1.3724,19.5947,9.1275,19.5947,2.7060,1,2.795,2.848
1810,DATA_20260209_130000.BIN,9.1275,37.4683,6.3190,37.4683,3.2890,1,11.578,16.159
1811,DATA_20260209_130000.BIN,2.5840,9.7906,4.2138,9.7906,2.6290,1,1.425,1.736
1812,DATA_20260209_130000.BIN,4.2138,8.5817,2.7112,8.5817,2.0020,1,5.612,6.729
1813,DATA_20260209_130000.BIN,2.7112,11.0016,4.9375,11.0016,1.2430,1,1.658,1.799
1814,DATA_20260209_130000.BIN,4.9375,9.4768,0.9672,9.4768,1.1660,1,4.265,4.853
1815,DATA_20260209_130000.BIN,0.9672,12.0224,2.5276,12.0224,8.1070,1,3.421,4.397
1816,DATA_20260209_130000.BIN,3.5029,8.9034,1.0968,8.9034,1.5730,1,4.052,4.321
1817,DATA_20260209_130000.BIN,1.0968,10.1343,1.5180,10.1343,3.5640,1,0.473,1.353
1818,DATA_20260209_130000.BIN,1.5180,7.3121,1.9161,7.3121,1.5840,1,0.070,1.823
1819,DATA_20260209_130000.BIN,1.9161,8.5271,2.9632,8.5271,1.3420,1,1.036,3.613
1820,DATA_20260209_130000.BIN,2.9632,8.6742,4.7068,8.6742,1.7050,1,2.297,3.315
1821,DATA_20260209_130000.BIN,4.7068,9.4101,0.5620,9.4101,1.8480,1,3.881,3.885
1822,DATA_20260209_130000.BIN,0.5620,7.2804,2.3400,7.2804,4.0480,1,1.416,1.723
1823,DATA_20260209_130000.BIN,2.3400,9.4047,1.8205,9.4047,1.7160,1,2.381,2.383
1824,DATA_20260209_130000.BIN,1.8205,11.1559,0.8554,11.1559,2.6620,1,1.921,3.504
1825,DATA_20260209_130000.BIN,0.8554,10.1284,3.6521,10.1284,4.3780,1,3.210,7.438
1826,DATA_20260209_130000.BIN,3.6521,10.1373,1.8999,10.1373,2.3210,1,5.831,7.070
1827,DATA_20260209_130000.BIN,1.8999,8.7481,1.5231,8.7481,1.8480,1,2.721,4.731
1828,DATA_20260209_130000.BIN,1.5231,10.2917,2.4115,10.2917,1.5070,1,0.997,1.918
1829,DATA_20260209_130000.BIN,2.4115,8.6571,1.9188,8.6571,1.5510,1,2.222,2.448
1830,DATA_20260209_130000.BIN,1.2863,6.9068,1.0035,6.9068,2.6510,1,0.692,1.767
1831,DATA_20260209_130000.BIN,1.9618,8.5542,1.5719,8.5542,2.3210,1,2.217,2.219
1832,DATA_20260209_130000.BIN,0.3154,7.8989,1.3453,7.8989,1.3200,1,1.306,1.363
1833,DATA_20260209_130000.BIN,1.3453,8.6693,2.0741,8.6693,1.5840,1,2.401,5.564
1834,DATA_20260209_130000.BIN,2.0741,8.1043,1.2720,8.1043,1.8150,1,3.824,6.756
1835,DATA_20260209_130000.BIN,1.9607,7.4477,2.0302,7.4477,1.6830,1,1.997,1.998
1836,DATA_20260209_130000.BIN,2.0302,10.8643,1.7053,10.8643,2.9590,1,2.388,3.231
1837,DATA_20260209_130000.BIN,3.6213,8.9919,1.7610,8.9919,2.9040,1,3.708,3.721
1838,DATA_20260209_130000.BIN,0.4151,8.0251,1.4487,8.0251,2.0900,1,0.990,1.478
1839,DATA_20260209_130000.BIN,1.4487,8.7549,1.4658,8.7549,3.2010,1,1.018,1.529
1840,DATA_20260209_130000.BIN,2.0364,6.7998,1.1051,6.7998,2.5520,1,1.847,1.889
1841,DATA_20260209_130000.BIN,0.9626,6.7232,3.1422,6.7232,3.2120,1,0.345,0.897
1842,DATA_20260209_130000.BIN,2.0076,7.6231,2.1183,7.6231,1.6280,1,1.793,1.950
1843,DATA_20260209_130000.BIN,2.1183,7.2022,1.6153,7.2022,1.6500,1,1.727,2.067
1844,DATA_20260209_130000.BIN,0.3819,9.0859,3.7052,9.0859,2.9370,1,1.540,1.601
1845,DATA_20260209_130000.BIN,3.7052,8.9277,1.7026,8.9277,1.4850,1,4.900,6.775
1846,DATA_20260209_130000.BIN,1.7026,8.5560,0.9529,8.5560,1.9250,1,2.870,3.308
1847,DATA_20260209_130000.BIN,0.9529,8.9185,1.2578,8.9185,1.8810,1,1.459,3.375
1848,DATA_20260209_130000.BIN,2.4291,8.4008,2.4032,8.4008,1.7050,1,3.004,4.310
1849,DATA_20260209_130000.BIN,1.5845,7.0417,1.0313,7.0417,2.3870,1,1.537,2.138
1850,DATA_20260209_130000.BIN,2.1078,8.1399,1.3881,8.1399,3.2340,1,2.007,2.208
1851,DATA_20260209_130000.BIN,1.3522,6.8089,0.4788,6.8089,2.4420,1,2.136,2.207
1852,DATA_20260209_130000.BIN,2.2530,7.8352,2.6113,7.8352,1.1220,1,2.025,2.193
1853,DATA_20260209_130000.BIN,0.9924,13.7007,1.7153,13.7007,4.7740,1,0.947,1.817
1854,DATA_20260209_130000.BIN,1.7153,6.6438,2.5952,6.6438,1.6060,1,0.857,2.264
1855,DATA_20260209_130000.BIN,2.1430,8.0233,1.2369,8.0233,3.7070,1,2.622,2.821
1856,DATA_20260209_130000.BIN,1.2369,7.6183,2.1826,7.6183,1.7380,1,0.652,0.853
1857,DATA_20260209_130000.BIN,1.0932,9.2193,2.8508,9.2193,3.3220,1,0.930,1.116
1858,DATA_20260209_130000.BIN,2.8508,11.2505,3.5208,11.2505,3.6190,1,4.173,4.193
1859,DATA_20260209_130000.BIN,3.5208,7.9704,1.2705,7.9704,5.8630,1,4.843,6.282
1860,DATA_20260209_130000.BIN,1.2705,9.9148,1.1981,9.9148,6.8310,1,1.136,1.443
1861,DATA_20260209_130000.BIN,2.5921,10.7959,4.5359,10.7959,1.5180,1,4.087,7.583
1862,DATA_20260209_130000.BIN,4.5359,13.4992,1.8617,13.4992,1.3200,1,4.969,7.127
1863,DATA_20260209_130000.BIN,1.8617,8.7846,3.0868,8.7846,1.7380,1,3.010,5.054
1864,DATA_20260209_130000.BIN,1.3839,7.4097,1.2522,7.4097,3.3880,1,2.079,2.312
1865,DATA_20260209_130000.BIN,1.2522,9.6535,1.7293,9.6535,1.4080,1,1.913,2.116
1866,DATA_20260209_130000.BIN,1.7293,16.2331,1.0726,16.2331,3.9160,1,2.498,3.953
1867,DATA_20260209_130000.BIN,1.0726,9.7756,0.0923,9.7756,2.2220,1,0.905,3.214
1868,DATA_20260209_130000.BIN,0.0923,6.9026,0.7216,6.9026,6.4020,1,0.143,1.226
1869,DATA_20260209_130000.BIN,0.7216,21.7571,4.4106,21.7571,3.7070,1,0.498,3.757
1870,DATA_20260209_130000.BIN,4.4106,10.1874,2.7625,10.1874,1.4630,1,5.469,6.180
1871,DATA_20260209_130000.BIN,2.7625,7.8256,5.3415,7.8256,1.1330,1,2.704,2.714
1872,DATA_20260209_130000.BIN,5.3415,12.2740,1.9467,12.2740,1.7380,1,5.861,6.283
1873,DATA_20260209_130000.BIN,2.3187,15.3415,1.5513,15.3415,4.8950,1,3.532,3.977
1874,DATA_20260209_130000.BIN,1.5584,9.2181,0.9265,9.2181,2.4750,1,2.459,2.740
1875,DATA_20260209_130000.BIN,0.9265,7.5673,0.9513,7.5673,2.5410,1,1.711,1.724
1876,DATA_20260209_130000.BIN,0.9513,8.8130,2.2796,8.8130,3.7620,1,1.970,2.756
1877,DATA_20260209_130000.BIN,0.6297,7.1750,0.6777,7.1750,3.1680,1,1.002,2.234
1878,DATA_20260209_130000.BIN,0.6777,6.9003,0.6920,6.9003,3.0360,1,0.771,2.775
1879,DATA_20260209_130000.BIN,9.9833,15.0164,6.1733,15.0164,1.7270,1,11.747,11.810
1880,DATA_20260209_130000.BIN,31.3835,43.7565,23.1536,43.7565,2.2330,1,41.624,44.847
1881,DATA_20260209_130000.BIN,23.1536,43.9343,3.2347,43.9343,2.5630,1,139.782,145.438
1882,DATA_20260209_130000.BIN,7.6076,26.1317,1.2556,26.1317,6.5450,1,12.990,13.078
1883,DATA_20260209_130000.BIN,1.2556,41.3556,1.9772,41.3556,4.0810,1,16.490,16.491
1884,DATA_20260209_130000.BIN,1.9772,12.6161,7.9244,12.6161,1.7050,1,15.310,15.310
1885,DATA_20260209_130000.BIN,7.9244,12.9098,3.3101,12.9098,2.0900,1,5.372,5.564
1886,DATA_20260209_130000.BIN,10.7155,21.4759,1.4194,21.4759,2.5850,1,9.032,9.072
1887,DATA_20260209_130000.BIN,1.4194,8.5688,1.7064,8.5688,1.2980,1,13.183,13.889
1888,DATA_20260209_130000.BIN,1.7064,12.7369,7.5375,12.7369,1.9250,1,10.680,11.026
1889,DATA_20260209_130000.BIN,7.5375,17.1270,0.8887,17.1270,3.3110,1,3.861,4.649
1890,DATA_20260209_130000.BIN,0.8887,12.0866,0.8406,12.0866,1.3640,1,10.366,11.869
1891,DATA_20260209_130000.BIN,0.8406,13.4508,4.3795,13.4508,1.3860,1,9.903,10.770
1892,DATA_20260209_130000.BIN,4.3795,8.5752,1.0588,8.5752,1.1440,1,9.845,10.086
1893,DATA_20260209_130000.BIN,1.0588,6.7426,3.9741,6.7426,2.8380,1,9.223,9.277
1894,DATA_20260209_130000.BIN,3.9741,12.1713,4.3592,12.1713,2.6620,1,11.360,11.463
1895,DATA_20260209_130000.BIN,4.3592,12.6583,3.5734,12.6583,2.4420,1,1.483,1.490
1896,DATA_20260209_130000.BIN,3.5734,10.2763,3.5350,10.2763,1.6830,1,3.907,4.240
1897,DATA_20260209_130000.BIN,4.7643,10.2380,2.7498,10.2380,1.6830,1,2.532,2.649
1898,DATA_20260209_130000.BIN,3.4559,13.4466,7.9071,13.4466,1.9140,1,2.732,3.921
1899,DATA_20260209_130000.BIN,7.9071,20.7721,7.1179,20.7721,3.1570,1,3.988,5.080
1900,DATA_20260209_130000.BIN,7.1179,12.0863,2.8836,12.0863,1.2760,1,7.592,7.797
1901,DATA_20260209_130000.BIN,2.8836,11.1055,2.8909,11.1055,2.2000,1,7.794,8.508
1902,DATA_20260209_130000.BIN,1.0029,13.5342,5.9130,13.5342,2.6730,1,4.724,4.725
1903,DATA_20260209_130000.BIN,5.9130,13.6661,0.9999,13.6661,2.5300,1,10.745,10.959
1904,DATA_20260209_130000.BIN,0.9999,8.7284,4.2171,8.7284,7.7330,1,4.723,5.539
1905,DATA_20260209_130000.BIN,4.2171,7.9628,1.3281,7.9628,1.4740,1,7.888,9.796
1906,DATA_20260209_130000.BIN,1.3281,16.9550,2.9140,16.9550,3.1680,1,2.275,4.154
1907,DATA_20260209_130000.BIN,1.9320,7.7425,0.1891,7.7425,6.3800,1,2.195,2.718
1908,DATA_20260209_130000.BIN,0.1891,8.0848,4.0087,8.0848,2.0130,1,2.403,3.500
1909,DATA_20260209_130000.BIN,4.0087,12.0907,5.4393,12.0907,1.8260,1,5.148,6.464
1910,DATA_20260209_130000.BIN,5.4393,35.9788,22.8170,35.9788,4.8950,1,5.544,5.556
1911,DATA_20260209_130000.BIN,22.8170,43.9106,4.6965,43.9106,5.5550,1,26.795,26.808
1912,DATA_20260209_130000.BIN,4.6965,15.3282,3.4165,15.3282,4.0150,1,4.674,4.912
1913,DATA_20260209_130000.BIN,3.4165,14.3483,5.4080,14.3483,2.2000,1,3.703,3.703
1914,DATA_20260209_130000.BIN,5.4080,16.3931,5.8450,16.3931,2.2660,1,6.720,6.938
1915,DATA_20260209_130000.BIN,3.5682,15.5828,1.6403,15.5828,4.0040,1,7.681,8.488
1916,DATA_20260209_130000.BIN,1.6403,7.7123,3.1032,7.7123,2.3870,1,3.879,4.188
1917,DATA_20260209_130000.BIN,3.1032,8.5676,3.2978,8.5676,1.3310,1,0.609,1.080
1918,DATA_20260209_130000.BIN,0.9973,14.3996,8.1945,14.3996,1.5620,1,1.945,2.004
1919,DATA_20260209_130000.BIN,8.1945,16.2290,6.5221,16.2290,1.2650,1,7.040,7.483
1920,DATA_20260209_130000.BIN,6.5221,12.5126,2.1074,12.5126,1.3860,1,4.214,4.232
1921,DATA_20260209_130000.BIN,2.1074,16.1130,6.8004,16.1130,1.5400,1,1.739,1.934
1922,DATA_20260209_130000.BIN,6.8004,18.9392,10.6281,18.9392,1.2430,1,7.442,7.902
1923,DATA_20260209_130000.BIN,10.6281,21.0900,13.3631,21.0900,1.6060,1,9.118,10.191
1924,DATA_20260209_130000.BIN,13.3631,23.4264,11.5040,23.4264,1.6280,1,16.953,19.951
1925,DATA_20260209_130000.BIN,11.5040,32.0642,26.2054,32.0642,1.9690,1,18.570,26.313
1926,DATA_20260209_130000.BIN,26.2054,29.8086,25.4558,29.8086,2.8270,1,33.395,36.278
1927,DATA_20260209_130000.BIN,25.4558,39.5370,9.0183,39.5370,2.9370,1,29.198,31.617
1928,DATA_20260209_130000.BIN,9.0183,17.2081,2.7678,17.2081,3.3440,1,5.994,6.528
1929,DATA_20260209_130000.BIN,2.7678,12.5194,2.1763,12.5194,1.7160,1,10.595,10.691
1930,DATA_20260209_130000.BIN,1.1024,15.9883,4.0737,15.9883,2.8600,1,6.043,6.406
1931,DATA_20260209_130000.BIN,4.0737,11.6096,2.8452,11.6096,1.3420,1,7.319,7.353
1932,DATA_20260209_130000.BIN,3.6409,18.0797,4.9593,18.0797,1.4630,1,7.154,9.714
1933,DATA_20260209_130000.BIN,4.9593,39.6334,23.3099,39.6334,3.8720,1,8.189,8.740
1934,DATA_20260209_130000.BIN,23.3099,37.2609,19.2283,37.2609,3.8500,1,24.947,26.086
1935,DATA_20260209_130000.BIN,19.2283,38.5145,2.9859,38.5145,3.7070,1,16.187,16.701
1936,DATA_20260209_130000.BIN,5.8539,21.1382,12.3075,21.1382,2.4530,1,8.853,10.992
1937,DATA_20260209_130000.BIN,12.3075,19.7561,5.0062,19.7561,1.6610,1,6.697,6.990
1938,DATA_20260209_130000.BIN,5.0062,17.2499,7.0112,17.2499,7.6780,1,9.231,10.924
1939,DATA_20260209_130000.BIN,7.0112,30.6081,8.1658,30.6081,3.3990,1,1.679,1.977
1940,DATA_20260209_130000.BIN,8.1658,44.4241,7.7429,44.4241,3.8720,1,1.606,6.906
1941,DATA_20260209_130000.BIN,5.5019,44.1136,34.5306,44.1136,8.8990,1,8.675,8.961
1942,DATA_20260209_130000.BIN,34.5306,43.4077,33.2852,43.4077,2.0900,1,121.182,129.063
1943,DATA_20260209_130000.BIN,33.2852,42.9071,9.1238,42.9071,2.6400,1,108.386,113.079
1944,DATA_20260209_130000.BIN,7.9432,23.4156,5.5583,23.4156,3.8940,1,36.425,39.508
1945,DATA_20260209_130000.BIN,5.5583,32.6143,23.9795,32.6143,1.6280,1,32.104,35.476
1946,DATA_20260209_130000.BIN,23.9795,36.4970,2.4116,36.4970,5.9730,1,9.724,10.112
1947,DATA_20260209_130000.BIN,2.4116,15.8085,7.5478,15.8085,1.2980,1,25.816,29.401
1948,DATA_20260209_130000.BIN,36.0216,42.1538,13.6286,42.1538,5.6870,1,29.448,29.553
1949,DATA_20260209_130000.BIN,3.9339,29.9701,23.9617,29.9701,1.5290,1,21.751,23.020
1950,DATA_20260209_130000.BIN,23.9617,32.6775,4.5922,32.6775,4.3560,1,11.027,11.205
1951,DATA_20260209_130000.BIN,4.5922,44.5319,6.1305,44.5319,7.3040,1,27.427,28.424
1952,DATA_20260209_130000.BIN,6.1305,43.8504,11.2561,43.8504,3.0470,1,13.459,13.504
1953,DATA_20260209_130000.BIN,11.2561,43.9512,5.5843,43.9512,3.7510,1,144.816,146.888
1954,DATA_20260209_130000.BIN,5.5843,12.4050,3.8295,12.4050,1.9690,1,35.218,35.223
1955,DATA_20260209_130000.BIN,3.8295,44.4953,8.0727,44.4953,5.5880,1,35.078,36.024
1956,DATA_20260209_130000.BIN,8.0727,29.6447,5.5409,29.6447,3.5530,1,17.613,18.129
1957,DATA_20260209_130000.BIN,5.5409,14.6308,9.4399,14.6308,1.2760,1,18.828,19.519
1958,DATA_20260209_130000.BIN,6.9075,17.3329,1.2733,17.3329,4.4770,1,16.418,16.925
1959,DATA_20260209_130000.BIN,1.2733,21.7992,4.9278,21.7992,3.7400,1,22.787,22.813
1960,DATA_20260209_130000.BIN,4.9278,21.1042,6.7211,21.1042,6.6550,1,16.934,16.942
1961,DATA_20260209_130000.BIN,6.7211,19.0912,10.9222,19.0912,2.6180,1,20.415,20.642
1962,DATA_20260209_130000.BIN,10.9222,44.0546,4.2540,44.0546,3.8280,1,3.740,4.326
1963,DATA_20260209_130000.BIN,4.2540,11.6884,4.9353,11.6884,3.7510,1,19.598,21.097
1964,DATA_20260209_130000.BIN,4.9353,11.3354,3.8432,11.3354,2.8600,1,16.639,16.711
1965,DATA_20260209_130000.BIN,2.1742,12.7973,4.2810,12.7973,1.7600,1,12.482,12.590
1966,DATA_20260209_130000.BIN,4.2810,18.1132,0.7184,18.1132,5.0160,1,7.075,7.076
1967,DATA_20260209_130000.BIN,0.7184,24.5539,2.8217,24.5539,3.5860,1,10.993,11.279
1968,DATA_20260209_130000.BIN,2.8217,10.3791,5.2930,10.3791,1.4850,1,12.334,13.573
1969,DATA_20260209_130000.BIN,5.2930,18.0460,1.9685,18.0460,2.4970,1,8.995,10.308
1970,DATA_20260209_130000.BIN,3.7097,43.3058,4.7991,43.3058,3.2120,1,3.125,3.138
1971,DATA_20260209_130000.BIN,17.4880,29.2947,4.1047,29.2947,1.8040,1,26.621,27.128
1972,DATA_20260209_130000.BIN,4.1047,12.2860,8.3753,12.2860,2.8270,1,7.093,7.816
1973,DATA_20260209_130000.BIN,8.3753,21.4861,5.5881,21.4861,2.7720,1,6.938,10.230
1974,DATA_20260209_130000.BIN,5.5881,20.0578,7.4949,20.0578,2.2000,1,2.445,4.763
1975,DATA_20260209_130000.BIN,7.4949,19.8220,8.1738,19.8220,1.9030,1,5.082,6.053
1976,DATA_20260209_130000.BIN,8.1738,20.2979,9.8566,20.2979,2.6620,1,7.223,8.261
1977,DATA_20260209_130000.BIN,22.7177,26.5630,20.2269,26.5630,7.9750,1,23.895,25.051
1978,DATA_20260209_130000.BIN,9.3511,14.1179,0.2680,14.1179,2.7720,1,11.759,13.433
1979,DATA_20260209_130000.BIN,0.2680,12.5380,3.6690,12.5380,1.7600,1,8.030,11.785
1980,DATA_20260209_130000.BIN,3.6690,17.0437,4.1517,17.0437,1.1550,1,10.851,13.612
1981,DATA_20260209_130000.BIN,4.1517,25.2638,3.9524,25.2638,4.0040,1,5.410,6.045
1982,DATA_20260209_130000.BIN,3.9524,34.2241,4.5808,34.2241,3.2230,1,8.223,10.400
1983,DATA_20260209_130000.BIN,4.5808,11.2733,1.6010,11.2733,1.6500,1,5.978,9.428
1984,DATA_20260209_130000.BIN,1.6010,14.7933,3.3614,14.7933,2.2550,1,5.335,11.346
1985,DATA_20260209_130000.BIN,3.3614,14.5563,4.3794,14.5563,2.0570,1,1.272,1.408
1986,DATA_20260209_130000.BIN,4.3794,17.4623,5.3899,17.4623,1.3420,1,3.572,5.462
1987,DATA_20260209_130000.BIN,5.1826,20.7450,2.4721,20.7450,4.1910,1,4.158,4.344
1988,DATA_20260209_130000.BIN,2.4721,19.2630,11.9436,19.2630,5.4670,1,7.033,8.893
1989,DATA_20260209_130000.BIN,11.9436,15.6720,6.2778,15.6720,2.8050,1,15.915,16.816
1990,DATA_20260209_130000.BIN,6.2778,21.7777,4.9354,21.7777,7.2160,1,6.128,6.136
1991,DATA_20260209_130000.BIN,4.9354,19.1205,4.2535,19.1205,3.1240,1,3.742,5.118
1992,DATA_20260209_130000.BIN,4.2535,19.0768,12.0175,19.0768,1.6500,1,6.860,9.102
1993,DATA_20260209_130000.BIN,12.0175,19.2706,7.2712,19.2706,1.5070,1,11.761,11.947
1994,DATA_20260209_130000.BIN,7.2712,16.4311,3.5359,16.4311,3.1460,1,5.704,9.580
1995,DATA_20260209_130000.BIN,3.5359,13.8460,6.3260,13.8460,1.5950,1,1.909,2.332
1996,DATA_20260209_130000.BIN,6.3260,18.4750,8.6156,18.4750,4.8840,1,5.387,6.969
1997,DATA_20260209_130000.BIN,4.8912,15.4476,7.1402,15.4476,2.0130,1,2.342,3.511
1998,DATA_20260209_130000.BIN,7.1402,20.8674,10.8016,20.8674,1.1440,1,4.563,5.843
1999,DATA_20260209_130000.BIN,10.8016,35.2139,4.2303,35.2139,3.5090,1,8.167,8.702
2000,DATA_20260209_130000.BIN,4.2303,43.9576,6.3819,43.9576,2.9700,1,1.389,7.026
2001,DATA_20260209_130000.BIN,6.3819,17.9591,3.6209,17.9591,3.6960,1,12.691,12.871
2002,DATA_20260209_130000.BIN,3.6209,13.8667,4.7474,13.8667,6.0060,1,7.783,8.111
2003,DATA_20260209_130000.BIN,1.2029,16.7338,5.4407,16.7338,4.0260,1,4.832,8.544
2004,DATA_20260209_130000.BIN,5.4407,28.4786,8.5756,28.4786,1.1550,1,9.293,9.319
2005,DATA_20260209_130000.BIN,8.4400,20.9271,5.2349,20.9271,2.2110,1,9.973,10.512
2006,DATA_20260209_130000.BIN,5.2349,19.5456,3.4493,19.5456,3.7070,1,4.845,7.311
2007,DATA_20260209_130000.BIN,3.4493,14.1482,4.9465,14.1482,1.2760,1,1.732,1.908
2008,DATA_20260209_130000.BIN,7.7706,29.5844,3.5849,29.5844,3.6410,1,6.937,7.038
2009,DATA_20260209_130000.BIN,3.5849,19.4216,1.4861,19.4216,1.4190,1,0.735,3.444
2010,DATA_20260209_130000.BIN,1.4861,17.7301,5.4163,17.7301,2.3210,1,2.491,6.053
2011,DATA_20260209_130000.BIN,5.4163,23.2852,9.5064,23.2852,1.3640,1,7.195,9.599
2012,DATA_20260209_130000.BIN,23.0157,32.4809,9.4405,32.4809,4.9940,1,25.719,25.805
2013,DATA_20260209_130000.BIN,9.4405,19.1077,10.6442,19.1077,1.0560,1,6.958,10.140
2014,DATA_20260209_130000.BIN,10.6442,44.1202,16.7111,44.1202,3.3000,1,6.877,7.778
2015,DATA_20260209_130000.BIN,16.7111,35.1993,5.9770,35.1993,1.9030,1,16.537,19.464
2016,DATA_20260209_130000.BIN,5.9770,13.6789,2.6635,13.6789,2.1780,1,8.502,9.194
2017,DATA_20260209_130000.BIN,2.5383,15.4124,6.5654,15.4124,2.2990,1,4.151,4.227
2018,DATA_20260209_130000.BIN,6.5654,17.8234,2.6128,17.8234,2.2990,1,3.620,5.382
2019,DATA_20260209_130000.BIN,1.8775,43.3594,2.1679,43.3594,5.3350,1,5.411,5.782
2020,DATA_20260209_130000.BIN,2.1679,18.0569,5.9254,18.0569,3.0250,1,5.376,5.446
2021,DATA_20260209_130000.BIN,5.9254,14.0538,6.9254,14.0538,1.4850,1,3.491,4.007
2022,DATA_20260209_130000.BIN,6.9254,32.4963,9.0356,32.4963,3.5420,1,2.828,3.475
2023,DATA_20260209_130000.BIN,9.0356,16.1984,4.3298,16.1984,2.7500,1,4.519,4.810
2024,DATA_20260209_130000.BIN,4.3298,10.1422,3.0213,10.1422,1.5290,1,5.623,10.176
2025,DATA_20260209_130000.BIN,3.0213,13.4682,6.6379,13.4682,1.3640,1,2.903,3.010
2026,DATA_20260209_130000.BIN,6.6379,15.2819,6.0969,15.2819,1.2980,1,3.023,3.027
2027,DATA_20260209_130000.BIN,6.0969,15.7671,5.1617,15.7671,1.2430,1,4.140,4.142
2028,DATA_20260209_130000.BIN,5.1617,16.6966,6.2782,16.6966,0.8800,1,1.178,5.173
2029,DATA_20260209_130000.BIN,6.2782,17.3164,4.4291,17.3164,2.1120,1,11.670,12.243
2030,DATA_20260209_130000.BIN,4.4291,14.4872,0.6616,14.4872,1.8590,1,4.346,5.967
2031,DATA_20260209_130000.BIN,0.6616,19.0120,1.6555,19.0120,4.1250,1,6.344,10.034
2032,DATA_20260209_130000.BIN,1.6555,13.3854,3.7472,13.3854,1.0780,1,6.608,7.144
2033,DATA_20260209_130000.BIN,3.7472,15.3077,6.2347,15.3077,1.5730,1,6.837,8.078
2034,DATA_20260209_130000.BIN,6.2347,16.1433,1.9291,16.1433,2.6620,1,5.653,8.097
2035,DATA_20260209_130000.BIN,7.0129,27.5916,8.5365,27.5916,4.2680,1,9.322,11.795
2036,DATA_20260209_130000.BIN,17.9389,43.9305,3.5993,43.9305,2.0020,1,18.658,18.986
2037,DATA_20260209_140000.BIN,1.4323,3.1218,1.4954,3.1218,1.6500,1,2.512,2.604
2038,DATA_20260209_140000.BIN,0.7554,28.1784,4.5812,28.1784,2.3430,1,3.029,7.861
2039,DATA_20260209_140000.BIN,4.5812,10.1940,9.1749,10.1940,5.8850,1,1.926,28.835
2040,DATA_20260209_140000.BIN,8.9292,12.5704,7.1704,12.5704,4.2790,1,6.829,24.669
2041,DATA_20260209_140000.BIN,1.3794,3.8590,2.3784,3.8590,3.3220,1,4.805,9.924
2042,DATA_20260209_140000.BIN,1.2342,2.6082,1.5029,2.6082,8.6900,1,3.901,12.004
2043,DATA_20260209_150000.BIN,1.4937,15.5764,3.1837,15.5764,3.8060,1,116.556,125.955
2044,DATA_20260209_150000.BIN,3.1837,10.5188,1.9044,10.5188,5.7310,1,56.997,59.620
2045,DATA_20260209_150000.BIN,1.9044,51.4112,7.8100,51.4112,5.3570,1,49.423,66.351
2046,DATA_20260209_150000.BIN,7.8100,14.3610,8.8259,14.3610,3.4760,1,74.887,83.085
2047,DATA_20260209_150000.BIN,4.1332,13.8024,1.0516,13.8024,7.4470,1,42.406,50.106
2048,DATA_20260209_150000.BIN,6.4721,13.5025,4.3992,13.5025,4.3010,1,40.074,45.148
2049,DATA_20260209_150000.BIN,4.3992,9.4983,2.5221,9.4983,7.6560,1,37.650,49.864
2050,DATA_20260209_150000.BIN,2.5221,11.6852,6.2845,11.6852,9.5700,1,18.278,26.766
2051,DATA_20260209_150000.BIN,6.2845,9.8198,5.2018,9.8198,1.5730,1,32.103,38.403
2052,DATA_20260209_150000.BIN,5.9247,12.2706,6.4521,12.2706,3.5860,1,24.783,26.497
2053,DATA_20260209_150000.BIN,6.4521,14.1650,2.6452,14.1650,3.2560,1,46.069,52.623
2054,DATA_20260209_150000.BIN,3.7455,51.8147,3.6445,51.8147,7.5680,1,15.132,21.612
2055,DATA_20260209_150000.BIN,5.8168,11.5164,3.7216,11.5164,2.7940,1,49.426,50.422
2056,DATA_20260209_150000.BIN,4.7037,38.7740,2.5991,38.7740,8.7010,1,14.613,18.256
2057,DATA_20260209_150000.BIN,2.5991,6.5459,0.9646,6.5459,2.0790,1,6.025,9.056
2058,DATA_20260209_150000.BIN,3.9264,16.5001,3.1323,16.5001,9.0640,1,20.251,25.985
2059,DATA_20260209_150000.BIN,5.1183,11.4495,2.8459,11.4495,8.0850,1,4.389,6.965
2060,DATA_20260209_150000.BIN,3.9855,8.4668,3.4599,8.4668,2.7830,1,47.354,48.803
2061,DATA_20260209_150000.BIN,4.8511,22.8671,3.6153,22.8671,9.6910,1,11.472,14.543
2062,DATA_20260209_150000.BIN,2.8625,12.5963,2.7261,12.5963,7.3370,1,7.105,7.294
2063,DATA_20260209_150000.BIN,2.7261,19.2627,4.3679,19.2627,5.6540,1,20.285,20.336
2064,DATA_20260209_150000.BIN,4.3679,51.5756,4.0684,51.5756,6.8090,1,10.530,12.517
2065,DATA_20260209_150000.BIN,3.5924,7.7860,2.6207,7.7860,3.2780,1,8.519,8.708
2066,DATA_20260209_150000.BIN,2.6207,10.6500,1.8750,10.6500,5.6430,1,9.780,11.573
2067,DATA_20260209_150000.BIN,4.0778,8.0685,2.5552,8.0685,4.5320,1,46.598,47.389
2068,DATA_20260209_150000.BIN,2.5552,7.6870,2.2934,7.6870,7.2820,1,10.853,11.067
2069,DATA_20260209_150000.BIN,2.2934,7.5718,0.8898,7.5718,8.9210,1,5.035,5.171
2070,DATA_20260209_150000.BIN,0.8898,7.2089,1.6294,7.2089,3.2890,1,13.666,13.692
2071,DATA_20260209_150000.BIN,1.6294,8.9211,3.6870,8.9211,3.2450,1,8.461,8.540
2072,DATA_20260209_150000.BIN,3.6870,18.4845,12.7800,18.4845,4.7190,1,11.749,12.557
2073,DATA_20260209_150000.BIN,1.7112,6.9328,0.5299,6.9328,5.2360,1,16.636,20.100
2074,DATA_20260209_150000.BIN,0.5299,16.2519,4.4711,16.2519,4.4220,1,10.079,10.148
2075,DATA_20260209_150000.BIN,4.4711,9.1124,1.4775,9.1124,8.6020,1,14.145,14.985
2076,DATA_20260209_150000.BIN,1.4775,9.1522,1.3971,9.1522,2.6620,1,6.310,8.338
2077,DATA_20260209_150000.BIN,1.3971,13.0194,6.2017,13.0194,7.9420,1,17.150,19.879
2078,DATA_20260209_150000.BIN,6.2017,14.0092,2.2076,14.0092,9.2070,1,15.708,21.088
2079,DATA_20260209_150000.BIN,2.2076,11.3401,2.0929,11.3401,3.5640,1,10.951,11.854
2080,DATA_20260209_150000.BIN,0.8077,14.5043,4.8899,14.5043,4.9940,1,19.572,21.041
2081,DATA_20260209_150000.BIN,4.8899,13.4330,6.0507,13.4330,1.2760,1,21.060,22.178
2082,DATA_20260209_150000.BIN,6.0507,30.7851,3.7047,30.7851,5.6210,1,3.902,7.519
2083,DATA_20260209_150000.BIN,3.7047,8.1825,3.5692,8.1825,2.4200,1,8.128,11.988
2084,DATA_20260209_150000.BIN,1.8945,5.8117,0.9745,5.8117,2.8490,1,17.562,19.402
2085,DATA_20260209_150000.BIN,0.9745,7.8594,1.0098,7.8594,3.2450,1,4.243,6.716
2086,DATA_20260209_150000.BIN,0.7560,10.8071,1.6780,10.8071,2.7830,1,23.063,27.304
2087,DATA_20260209_150000.BIN,1.6780,10.8817,1.0341,10.8817,5.7090,1,5.586,5.669
2088,DATA_20260209_150000.BIN,1.0341,4.9975,1.6542,4.9975,4.5650,1,28.688,33.054
2089,DATA_20260209_150000.BIN,1.6542,7.5364,1.5854,7.5364,2.1560,1,14.346,16.346
2090,DATA_20260209_150000.BIN,1.5854,6.1159,2.1862,6.1159,2.6840,1,3.985,5.628
2091,DATA_20260209_150000.BIN,0.4831,6.2880,1.6655,6.2880,2.4200,1,18.197,19.729
2092,DATA_20260209_150000.BIN,1.6655,5.3525,0.8072,5.3525,4.2240,1,24.932,27.457
2093,DATA_20260209_150000.BIN,0.8072,7.4074,2.1166,7.4074,4.3780,1,22.024,24.043
2094,DATA_20260209_150000.BIN,2.1166,8.3340,3.9783,8.3340,2.0020,1,12.699,13.090
2095,DATA_20260209_150000.BIN,3.9783,15.2029,2.1715,15.2029,7.0290,1,9.282,9.348
2096,DATA_20260209_150000.BIN,2.1715,10.6723,1.4731,10.6723,2.6400,1,7.054,9.219
2097,DATA_20260209_150000.BIN,1.4731,7.0729,1.1898,7.0729,5.3460,1,7.723,8.537
2098,DATA_20260209_150000.BIN,1.1898,11.0461,5.7304,11.0461,4.1140,1,4.511,4.520
2099,DATA_20260209_150000.BIN,2.6254,7.3643,2.0065,7.3643,3.8720,1,10.826,12.961
2100,DATA_20260209_150000.BIN,1.5703,6.4677,1.9508,6.4677,2.3320,1,4.210,4.798
2101,DATA_20260209_150000.BIN,1.9508,13.7682,0.5208,13.7682,9.2290,1,8.368,10.349
2102,DATA_20260209_150000.BIN,0.5208,9.7730,2.2619,9.7730,9.1740,1,7.522,8.302
2103,DATA_20260209_150000.BIN,4.9002,9.9403,5.2049,9.9403,1.7380,1,13.071,13.084
2104,DATA_20260209_150000.BIN,0.2387,9.7374,4.1790,9.7374,5.8520,1,1.680,1.702
2105,DATA_20260209_150000.BIN,4.1790,8.9185,1.7442,8.9185,9.4820,1,10.658,12.215
2106,DATA_20260209_150000.BIN,1.7442,10.2169,3.2196,10.2169,5.0930,1,18.384,20.411
2107,DATA_20260209_150000.BIN,3.2196,12.4857,1.7560,12.4857,2.3760,1,13.040,16.950
2108,DATA_20260209_150000.BIN,7.7980,15.0858,0.8721,15.0858,4.6970,1,11.181,13.999
2109,DATA_20260209_150000.BIN,0.8721,8.3993,3.4126,8.3993,4.7960,1,16.936,19.910
2110,DATA_20260209_150000.BIN,2.2693,7.8064,2.4049,7.8064,6.9740,1,12.455,13.595
2111,DATA_20260209_150000.BIN,2.4049,7.4407,1.8247,7.4407,5.2910,1,34.911,41.233
2112,DATA_20260209_150000.BIN,1.5437,7.4849,1.2612,7.4849,3.4540,1,21.363,24.497
2113,DATA_20260209_150000.BIN,1.2612,9.6599,0.7923,9.6599,2.0680,1,11.534,13.981
2114,DATA_20260209_150000.BIN,0.7923,5.8801,1.6755,5.8801,3.4430,1,5.279,7.104
2115,DATA_20260209_150000.BIN,1.6755,16.2316,1.0805,16.2316,2.4200,1,5.546,7.922
2116,DATA_20260209_150000.BIN,1.0805,9.4795,1.6919,9.4795,1.5620,1,3.828,5.679
2117,DATA_20260209_150000.BIN,1.6919,9.1246,4.0357,9.1246,1.2760,1,9.667,12.069
2118,DATA_20260209_150000.BIN,0.8001,12.1033,5.6602,12.1033,3.4650,1,1.011,1.198
2119,DATA_20260209_150000.BIN,5.6602,12.4386,0.7314,12.4386,2.7830,1,26.326,33.034
2120,DATA_20260209_150000.BIN,2.7105,6.2170,1.4681,6.2170,3.7620,1,14.170,15.372
2121,DATA_20260209_150000.BIN,0.7035,13.0932,2.8460,13.0932,5.3790,1,9.714,11.626
2122,DATA_20260209_150000.BIN,2.7905,8.2013,1.9574,8.2013,3.5530,1,3.685,3.685
2123,DATA_20260209_150000.BIN,1.2473,12.9600,6.5647,12.9600,3.5750,1,1.762,2.085
2124,DATA_20260209_150000.BIN,6.5647,11.7631,7.0107,11.7631,1.7160,1,32.090,34.273
2125,DATA_20260209_150000.BIN,7.0107,13.2370,2.7533,13.2370,1.8920,1,38.884,39.354
2126,DATA_20260209_150000.BIN,2.7533,8.4414,2.4632,8.4414,3.0360,1,29.004,33.632
2127,DATA_20260209_150000.BIN,10.0537,20.8542,3.4694,20.8542,4.4550,1,11.502,20.059
2128,DATA_20260209_150000.BIN,4.0215,10.1231,2.2991,10.1231,8.8550,1,13.045,13.571
2129,DATA_20260209_150000.BIN,2.2991,10.3981,5.2409,10.3981,3.6300,1,7.162,7.833
2130,DATA_20260209_150000.BIN,6.2100,12.3278,7.0100,12.3278,5.3130,1,15.299,15.428
2131,DATA_20260209_150000.BIN,7.0100,13.1179,7.4276,13.1179,4.2900,1,12.625,13.039
2132,DATA_20260209_150000.BIN,4.5142,16.5156,9.8321,16.5156,4.9170,1,14.335,15.329
2133,DATA_20260209_150000.BIN,9.8321,29.4458,10.2613,29.4458,3.1900,1,28.509,35.481
2134,DATA_20260209_150000.BIN,10.2613,38.0590,31.5138,38.0590,1.3750,1,12.906,16.795
2135,DATA_20260209_150000.BIN,25.9258,50.0000,35.6437,50.0000,1.9250,1,53.060,54.348
2136,DATA_20260209_160000.BIN,8.5536,26.3711,12.8629,26.3711,8.7230,1,5.860,6.634
2137,DATA_20260209_170000.BIN,29.6991,41.5669,15.0138,41.5669,4.3670,1,20.509,23.114
2138,DATA_20260209_170000.BIN,12.5322,39.8104,0.2190,39.8104,5.1150,1,57.420,70.183
2139,DATA_20260209_170000.BIN,3.7720,21.6174,2.0925,21.6174,5.3020,1,56.115,74.946
2140,DATA_20260209_170000.BIN,1.3830,8.5326,1.2642,8.5326,6.0720,1,53.832,73.436
2141,DATA_20260209_170000.BIN,0.7246,8.5615,0.3175,8.5615,4.2240,1,47.886,56.568
2142,DATA_20260209_170000.BIN,2.4304,8.7894,2.0475,8.7894,3.5640,1,55.308,64.287
2143,DATA_20260209_170000.BIN,1.4531,10.5799,1.6752,10.5799,8.9540,1,45.375,54.458
2144,DATA_20260209_170000.BIN,1.6752,21.4952,2.5052,21.4952,8.1950,1,35.704,43.334
2145,DATA_20260209_170000.BIN,2.5052,16.2338,1.3205,16.2338,3.2230,1,40.983,46.490
2146,DATA_20260209_170000.BIN,1.5688,9.4903,0.6582,9.4903,5.5440,1,53.849,70.756
2147,DATA_20260209_170000.BIN,0.6582,17.5858,2.0218,17.5858,5.4120,1,25.432,28.471
2148,DATA_20260209_170000.BIN,2.0218,16.7353,3.4268,16.7353,1.1550,1,24.513,29.622
2149,DATA_20260209_170000.BIN,1.5330,14.3348,3.4170,14.3348,3.7180,1,14.242,16.910
2150,DATA_20260209_170000.BIN,3.4170,14.9958,6.9861,14.9958,5.8740,1,21.168,23.390
2151,DATA_20260209_170000.BIN,6.9861,18.8885,4.9780,18.8885,7.0290,1,9.518,10.202
2152,DATA_20260209_170000.BIN,5.5745,13.6732,5.5389,13.6732,8.7560,1,21.425,21.472
2153,DATA_20260209_170000.BIN,5.5389,13.0890,5.0171,13.0890,2.2440,1,28.338,30.077
2154,DATA_20260209_170000.BIN,5.9254,13.4603,4.0299,13.4603,4.8730,1,32.831,34.136
2155,DATA_20260209_170000.BIN,4.0299,18.2399,4.0184,18.2399,4.0370,1,19.110,20.338
2156,DATA_20260209_170000.BIN,4.0184,12.2590,3.7257,12.2590,3.2010,1,5.566,9.011
2157,DATA_20260209_170000.BIN,11.3484,22.5612,14.0157,22.5612,5.9290,1,2.716,7.601
2158,DATA_20260209_170000.BIN,6.0690,16.3238,8.7852,16.3238,7.5460,1,12.690,13.586
2159,DATA_20260209_170000.BIN,8.2477,20.7084,4.1760,20.7084,5.4120,1,2.100,2.168
2160,DATA_20260209_170000.BIN,6.2647,14.0757,5.2656,14.0757,4.9610,1,2.076,2.924
2161,DATA_20260209_170000.BIN,5.1418,19.6060,3.5853,19.6060,6.3360,1,17.531,18.509
2162,DATA_20260209_170000.BIN,6.1851,13.0584,3.3945,13.0584,3.0690,1,7.364,8.134
2163,DATA_20260209_170000.BIN,3.3945,28.4113,15.8777,28.4113,2.9480,1,42.713,43.312
2164,DATA_20260209_170000.BIN,9.5603,25.3531,5.1924,25.3531,3.9600,1,17.482,24.196
2165,DATA_20260209_170000.BIN,9.1161,42.0328,4.7516,42.0328,8.2280,1,10.263,17.299
2166,DATA_20260209_180000.BIN,1.7184,7.6210,0.7995,7.6210,9.8780,1,10.534,10.570
2167,DATA_20260209_180000.BIN,4.1626,14.5360,1.5787,14.5360,7.0290,1,9.330,9.340
2168,DATA_20260209_180000.BIN,1.5787,9.5406,1.5499,9.5406,4.0040,1,7.745,7.771
2169,DATA_20260209_180000.BIN,1.5499,11.0320,4.7968,11.0320,7.3480,1,7.037,7.331
2170,DATA_20260209_180000.BIN,4.7968,13.6999,2.1569,13.6999,4.3450,1,2.670,2.923
2171,DATA_20260209_180000.BIN,0.6209,8.5732,1.4658,8.5732,6.7320,1,8.503,8.652
2172,DATA_20260209_180000.BIN,3.5686,9.2303,1.7821,9.2303,5.1150,1,3.786,4.714
2173,DATA_20260209_180000.BIN,1.2467,15.7275,2.0922,15.7275,2.8930,1,5.352,5.522
2174,DATA_20260209_180000.BIN,3.9014,18.1252,1.9354,18.1252,4.2680,1,2.871,2.935
2175,DATA_20260209_180000.BIN,1.9354,21.3757,4.5368,21.3757,6.6000,1,3.703,3.929
2176,DATA_20260209_180000.BIN,4.5368,10.5035,1.2374,10.5035,7.1060,1,5.384,5.536
2177,DATA_20260209_180000.BIN,1.2374,17.9567,6.9146,17.9567,4.6420,1,6.205,6.279
2178,DATA_20260209_180000.BIN,1.3033,13.7579,2.1492,13.7579,9.3500,1,5.820,6.955
2179,DATA_20260209_180000.BIN,2.1492,11.1525,1.7210,11.1525,3.7620,1,3.046,3.826
2180,DATA_20260209_180000.BIN,1.6641,15.5339,6.2264,15.5339,4.4880,1,2.016,2.789
2181,DATA_20260209_180000.BIN,6.2264,23.7018,1.7917,23.7018,4.6750,1,10.494,10.621
2182,DATA_20260209_180000.BIN,1.7917,12.0420,2.5369,12.0420,7.5020,1,1.681,1.920
2183,DATA_20260209_180000.BIN,0.8052,9.6477,1.4570,9.6477,8.5030,1,1.693,3.470
2184,DATA_20260209_180000.BIN,1.3446,11.6485,2.5482,11.6485,8.2720,1,2.832,4.533
2185,DATA_20260209_180000.BIN,2.5482,9.2296,1.8269,9.2296,2.1890,1,1.697,3.339
2186,DATA_20260209_180000.BIN,0.6990,10.6863,2.7009,10.6863,1.1550,1,1.950,2.021
2187,DATA_20260209_180000.BIN,2.7009,8.2537,1.2756,8.2537,4.8730,1,4.777,4.778
2188,DATA_20260209_180000.BIN,1.8909,12.2979,4.5493,12.2979,4.8620,1,2.611,3.274
2189,DATA_20260209_180000.BIN,4.5493,14.5263,4.0103,14.5263,1.8590,1,6.796,6.886
2190,DATA_20260209_180000.BIN,4.0103,22.8283,11.2730,22.8283,4.3010,1,5.312,5.314
2191,DATA_20260209_180000.BIN,12.4066,25.2541,6.9007,25.2541,3.6960,1,13.436,16.326
2192,DATA_20260209_180000.BIN,6.9007,21.3002,10.1645,21.3002,3.1020,1,8.067,9.714
2193,DATA_20260209_180000.BIN,10.1645,22.0040,6.5952,22.0040,2.5850,1,11.271,11.738
2194,DATA_20260209_180000.BIN,6.5952,24.8797,4.0121,24.8797,3.0470,1,4.141,7.825
2195,DATA_20260209_180000.BIN,4.8115,35.1854,1.9346,35.1854,3.9380,1,3.119,7.040
2196,DATA_20260209_180000.BIN,1.9346,16.0210,8.6126,16.0210,5.5550,1,1.908,2.952
2197,DATA_20260209_180000.BIN,8.6126,52.2770,4.0463,52.2770,6.6990,1,12.678,12.796
2198,DATA_20260209_180000.BIN,4.0463,26.8722,4.3105,26.8722,1.2760,1,6.493,6.601
2199,DATA_20260209_180000.BIN,14.6976,32.2833,13.5819,32.2833,3.7620,1,15.365,15.872
2200,DATA_20260209_180000.BIN,13.5819,27.6145,17.3900,27.6145,1.6170,1,12.677,13.403
2201,DATA_20260209_180000.BIN,17.3900,33.3051,13.1591,33.3051,2.0240,1,17.030,17.072
2202,DATA_20260209_180000.BIN,13.1591,25.5283,6.7546,25.5283,1.8040,1,10.240,10.416
2203,DATA_20260209_180000.BIN,6.7546,18.4700,8.9597,18.4700,2.7390,1,6.464,10.245
2204,DATA_20260209_180000.BIN,8.9597,18.1439,4.8905,18.1439,2.8930,1,14.602,17.769
2205,DATA_20260209_180000.BIN,4.8905,18.7450,4.6917,18.7450,2.6400,1,3.323,3.344
2206,DATA_20260209_180000.BIN,4.6917,48.5227,4.9527,48.5227,3.6630,1,3.120,6.873
2207,DATA_20260209_180000.BIN,4.9527,29.4907,15.1055,29.4907,6.1270,1,1.249,1.912
2208,DATA_20260209_180000.BIN,15.1055,19.6396,14.0060,19.6396,9.7240,1,13.668,14.218
2209,DATA_20260209_180000.BIN,14.0060,26.4561,10.9613,26.4561,7.6230,1,10.600,11.028
2210,DATA_20260209_180000.BIN,9.6598,25.4921,3.7293,25.4921,1.7710,1,5.803,6.857
2211,DATA_20260209_180000.BIN,3.7293,51.3549,5.2084,51.3549,2.5410,1,2.605,3.334
2212,DATA_20260209_180000.BIN,5.2084,21.7686,15.1010,21.7686,1.5730,1,8.274,9.070
2213,DATA_20260209_180000.BIN,15.1010,23.7357,13.9210,23.7357,1.2210,1,13.199,13.200
2214,DATA_20260209_180000.BIN,13.9210,23.0704,14.5778,23.0704,1.3530,1,9.046,9.208
2215,DATA_20260209_180000.BIN,14.5778,32.5647,11.8780,32.5647,2.4860,1,8.990,9.274
2216,DATA_20260209_180000.BIN,11.8780,22.5910,4.9430,22.5910,1.3420,1,7.808,7.849
2217,DATA_20260209_180000.BIN,4.9430,15.7723,3.0937,15.7723,2.3430,1,5.048,5.287
2218,DATA_20260209_180000.BIN,3.0937,15.1362,4.1423,15.1362,1.9140,1,11.781,13.140
2219,DATA_20260209_180000.BIN,10.3570,22.1566,3.1704,22.1566,2.3540,1,6.939,9.320
2220,DATA_20260209_180000.BIN,3.1704,17.5777,7.9054,17.5777,1.7160,1,8.289,9.262
2221,DATA_20260209_180000.BIN,7.9054,18.6754,7.0666,18.6754,1.4410,1,11.980,13.925
2222,DATA_20260209_180000.BIN,7.0666,56.1705,6.1513,56.1705,8.4700,1,6.240,6.589
2223,DATA_20260209_180000.BIN,6.1513,15.3419,2.1578,15.3419,1.2430,1,2.938,4.005
2224,DATA_20260209_180000.BIN,5.6817,57.1594,6.3562,57.1594,6.7980,1,12.187,13.236
2225,DATA_20260209_180000.BIN,6.3562,29.0017,3.9581,29.0017,5.8630,1,9.488,9.703
2226,DATA_20260209_180000.BIN,3.9581,15.0117,8.3330,15.0117,3.5860,1,5.479,5.512
2227,DATA_20260209_180000.BIN,8.3330,25.0362,4.6768,25.0362,4.4110,1,6.634,6.756
2228,DATA_20260209_180000.BIN,4.6768,21.8225,5.4914,21.8225,4.4770,1,8.876,9.683
2229,DATA_20260209_180000.BIN,5.4914,14.9509,3.5459,14.9509,2.1890,1,2.589,4.519
2230,DATA_20260209_180000.BIN,3.5459,14.2205,0.6479,14.2205,1.7820,1,3.013,3.610
2231,DATA_20260209_180000.BIN,0.6479,26.8832,14.7200,26.8832,7.6450,1,3.967,4.393
2232,DATA_20260209_180000.BIN,14.7200,28.4431,10.1551,28.4431,3.8940,1,13.802,14.202
2233,DATA_20260209_180000.BIN,10.1551,26.3988,16.8229,26.3988,4.7190,1,6.795,7.351
2234,DATA_20260209_180000.BIN,16.8229,25.6790,16.5491,25.6790,1.2650,1,15.009,15.021
2235,DATA_20260209_180000.BIN,16.5491,26.9210,19.9305,26.9210,1.3200,1,14.728,14.805
2236,DATA_20260209_180000.BIN,19.9305,27.5870,17.5320,27.5870,1.5620,1,16.009,16.575
2237,DATA_20260209_180000.BIN,17.5320,28.7067,4.8576,28.7067,3.2890,1,12.256,12.291
2238,DATA_20260209_180000.BIN,2.9841,13.8918,0.7765,13.8918,5.3570,1,7.364,7.376
2239,DATA_20260209_180000.BIN,0.7765,12.8105,3.7992,12.8105,3.6960,1,10.282,11.062
2240,DATA_20260209_180000.BIN,3.6517,15.0615,2.2273,15.0615,4.1360,1,6.967,8.779
2241,DATA_20260209_180000.BIN,2.2273,8.3770,2.0789,8.3770,5.0710,1,9.891,10.223
2242,DATA_20260209_180000.BIN,2.0789,8.8103,2.2047,8.8103,4.1910,1,5.352,5.478
2243,DATA_20260209_180000.BIN,0.4806,15.0190,5.2562,15.0190,9.5480,1,6.725,7.022
2244,DATA_20260209_180000.BIN,2.5011,13.5480,1.9669,13.5480,5.6540,1,4.365,5.153
2245,DATA_20260209_180000.BIN,2.9404,19.6225,0.7635,19.6225,5.5110,1,5.266,6.367
2246,DATA_20260209_180000.BIN,1.7818,14.5342,9.2658,14.5342,6.0940,1,6.838,7.395
2247,DATA_20260209_180000.BIN,2.6170,15.5181,5.1055,15.5181,3.0690,1,2.824,3.130
2248,DATA_20260209_180000.BIN,5.1055,23.2723,3.3215,23.2723,4.8950,1,3.313,3.535
2249,DATA_20260209_180000.BIN,3.9348,16.2252,4.4122,16.2252,5.7640,1,7.073,9.472
2250,DATA_20260209_180000.BIN,1.7164,12.9316,2.0275,12.9316,5.6760,1,4.342,4.934
2251,DATA_20260209_180000.BIN,2.0275,15.3178,4.9776,15.3178,5.0270,1,5.539,5.551
2252,DATA_20260209_180000.BIN,6.5943,23.1638,8.9260,23.1638,1.3310,1,5.640,7.102
2253,DATA_20260209_180000.BIN,9.7488,21.5343,5.8366,21.5343,2.4090,1,8.044,11.874
2254,DATA_20260209_180000.BIN,20.2066,31.7800,13.2461,31.7800,4.5870,1,18.337,23.864
2255,DATA_20260209_180000.BIN,13.2461,30.1165,19.7333,30.1165,1.5400,1,12.038,12.047
2256,DATA_20260209_180000.BIN,19.7333,31.3014,14.9109,31.3014,1.3530,1,17.867,18.821
2257,DATA_20260209_180000.BIN,19.9628,32.7304,21.2791,32.7304,8.2940,1,16.163,16.944
2258,DATA_20260209_180000.BIN,21.4979,34.0368,23.8581,34.0368,7.5680,1,16.755,18.525
2259,DATA_20260209_180000.BIN,6.1943,39.0724,15.2103,39.0724,5.4450,1,3.657,5.108
2260,DATA_20260209_180000.BIN,15.2103,25.4048,16.0834,25.4048,1.5070,1,12.503,12.503
2261,DATA_20260209_180000.BIN,16.0834,26.2649,8.9565,26.2649,1.4410,1,8.287,8.439
2262,DATA_20260209_180000.BIN,15.1441,27.6235,18.9902,27.6235,1.7270,1,6.899,7.191
2263,DATA_20260209_180000.BIN,17.2576,34.5825,12.5188,34.5825,2.6510,1,8.576,8.676
2264,DATA_20260209_180000.BIN,12.5188,26.2147,9.1922,26.2147,1.1770,1,9.479,10.203
2265,DATA_20260209_180000.BIN,9.1922,28.8482,14.9893,28.8482,1.1550,1,7.029,7.029
2266,DATA_20260209_180000.BIN,14.9893,24.0480,13.9791,24.0480,1.8700,1,6.166,6.292
2267,DATA_20260209_180000.BIN,13.9791,24.1172,9.0728,24.1172,2.3210,1,3.673,3.693
2268,DATA_20260209_180000.BIN,9.0728,33.4184,2.8558,33.4184,3.1680,1,16.366,19.005
2269,DATA_20260209_180000.BIN,2.8558,42.3519,3.5942,42.3519,1.7490,1,12.090,12.227
2270,DATA_20260209_180000.BIN,8.0613,53.2318,10.9334,53.2318,3.1570,1,13.270,13.579
2271,DATA_20260209_180000.BIN,10.9334,51.0484,14.4279,51.0484,3.0690,1,23.395,25.752
2272,DATA_20260209_180000.BIN,14.4279,54.5354,9.1245,54.5354,3.6520,1,25.119,25.265
2273,DATA_20260209_180000.BIN,9.1245,48.4270,41.5196,48.4270,1.5070,1,15.059,21.748
2274,DATA_20260209_180000.BIN,5.5916,52.2227,31.2086,52.2227,2.1670,1,7.263,17.409
2275,DATA_20260209_180000.BIN,31.2086,38.2007,1.6433,38.2007,3.5970,1,42.087,42.102
2276,DATA_20260209_180000.BIN,1.6433,47.2886,27.7874,47.2886,3.8280,1,2.230,7.660
2277,DATA_20260209_180000.BIN,27.7874,39.4908,9.9858,39.4908,1.1110,1,33.430,33.494
2278,DATA_20260209_180000.BIN,11.4282,49.9692,4.5352,49.9692,2.9590,1,16.284,21.094
2279,DATA_20260209_180000.BIN,4.5352,30.9411,17.7157,30.9411,2.3870,1,4.259,11.696
2280,DATA_20260209_180000.BIN,17.7157,30.2352,4.5321,30.2352,1.2540,1,19.158,21.148
2281,DATA_20260209_180000.BIN,4.5321,24.5950,5.6921,24.5950,1.2540,1,7.404,10.031
2282,DATA_20260209_180000.BIN,5.6921,21.1668,4.1859,21.1668,1.0890,1,6.734,10.267
2283,DATA_20260209_180000.BIN,4.1859,25.9010,8.5374,25.9010,1.1220,1,5.330,7.729
2284,DATA_20260209_180000.BIN,12.8859,26.6262,15.9087,26.6262,4.4330,1,11.302,17.961
2285,DATA_20260209_180000.BIN,5.5785,16.4928,5.9938,16.4928,1.8810,1,3.547,9.911
2286,DATA_20260209_180000.BIN,5.9938,14.0623,5.0080,14.0623,3.1570,1,8.374,8.919
2287,DATA_20260209_180000.BIN,5.0080,14.1550,4.7874,14.1550,1.3970,1,2.410,4.042
2288,DATA_20260209_180000.BIN,4.7874,14.9016,8.5019,14.9016,3.0690,1,8.756,8.861
2289,DATA_20260209_180000.BIN,1.7684,15.9292,6.1108,15.9292,2.6400,1,2.424,4.004
2290,DATA_20260209_180000.BIN,6.1108,13.4324,4.6984,13.4324,2.4310,1,5.195,5.408
2291,DATA_20260209_180000.BIN,4.6984,12.8004,6.0529,12.8004,3.3990,1,7.894,7.894
2292,DATA_20260209_180000.BIN,6.0529,19.6778,10.4664,19.6778,8.0630,1,6.577,6.768
2293,DATA_20260209_180000.BIN,7.7406,16.7885,3.9414,16.7885,5.7420,1,10.385,10.468
2294,DATA_20260209_180000.BIN,3.9414,19.9153,10.2237,19.9153,1.6610,1,5.675,5.684
2295,DATA_20260209_180000.BIN,10.2237,22.2034,10.8631,22.2034,1.2980,1,12.759,12.835
2296,DATA_20260209_180000.BIN,10.8631,21.1809,9.1007,21.1809,1.1220,1,12.345,12.350
2297,DATA_20260209_180000.BIN,9.1007,23.1063,7.3392,23.1063,1.2980,1,9.894,10.246
2298,DATA_20260209_180000.BIN,7.3392,26.0621,7.4014,26.0621,1.2870,1,5.634,6.440
2299,DATA_20260209_180000.BIN,7.4014,22.6988,6.0052,22.6988,1.2210,1,5.492,6.036
2300,DATA_20260209_180000.BIN,6.0052,25.2086,10.3463,25.2086,1.4300,1,5.156,5.199
2301,DATA_20260209_180000.BIN,10.3463,24.6861,3.7192,24.6861,2.4310,1,8.094,8.628
2302,DATA_20260209_190000.BIN,12.4284,25.5815,6.1512,25.5815,4.0590,1,8.694,10.669
2303,DATA_20260209_190000.BIN,4.3461,28.7204,9.0390,28.7204,2.9810,1,15.249,15.297
2304,DATA_20260209_190000.BIN,8.6018,38.5121,11.7958,38.5121,3.0250,1,19.684,21.650
2305,DATA_20260209_190000.BIN,7.3529,18.2506,6.5983,18.2506,2.5410,1,9.333,30.343
2306,DATA_20260209_190000.BIN,5.5327,42.0880,2.2590,42.0880,6.4900,1,12.438,17.361
2307,DATA_20260209_190000.BIN,4.5054,52.0291,26.2006,52.0291,4.7520,1,11.341,23.096
2308,DATA_20260209_190000.BIN,26.2006,51.0180,23.1039,51.0180,5.3460,1,28.096,28.343
2309,DATA_20260209_190000.BIN,23.1039,42.0404,21.5160,42.0404,3.9490,1,22.896,25.445
2310,DATA_20260209_190000.BIN,21.5160,47.7582,34.0270,47.7582,3.0250,1,17.836,17.893
2311,DATA_20260209_190000.BIN,34.0270,52.1074,13.6859,52.1074,3.5200,1,33.073,33.074
2312,DATA_20260209_200000.BIN,8.4992,18.7470,10.3088,18.7470,1.5950,1,30.347,31.519
2313,DATA_20260209_200000.BIN,8.2038,17.8166,8.6650,17.8166,2.0790,1,33.675,35.602
2314,DATA_20260209_200000.BIN,1.2447,10.2172,3.2643,10.2172,2.3760,1,28.104,29.081
2315,DATA_20260209_200000.BIN,4.8124,13.9300,2.6508,13.9300,3.1570,1,19.435,19.682
2316,DATA_20260209_200000.BIN,4.6118,17.9190,8.6219,17.9190,5.8960,1,17.331,37.478
2317,DATA_20260209_210000.BIN,4.6578,25.1538,2.4224,25.1538,5.0600,1,13.257,15.362
2318,DATA_20260209_210000.BIN,28.5862,54.1787,21.9193,54.1787,1.1000,1,29.481,33.973
2319,DATA_20260209_210000.BIN,21.9193,51.7923,31.2218,51.7923,1.1330,1,19.494,39.402
2320,DATA_20260209_210000.BIN,31.2218,55.4588,45.9873,55.4588,1.4080,1,27.605,31.429
